t_s,left_shoulder_pitch,left_shoulder_roll,left_shoulder_yaw,left_elbow,left_wrist_roll,left_wrist_pitch,left_wrist_yaw,right_shoulder_pitch,right_shoulder_roll,right_shoulder_yaw,right_elbow,right_wrist_roll,right_wrist_pitch,right_wrist_yaw,waist_yaw
0.0000,0.310000,0.240000,-0.120000,0.670000,0.000000,0.000000,0.000000,0.300000,-0.240000,0.120000,0.690000,0.000000,0.000000,0.000000,0.000000
0.0200,0.309991,0.239995,-0.119998,0.670002,0.000000,0.000000,0.000000,0.299991,-0.239995,0.119998,0.690002,0.000000,0.000000,0.000000,0.000000
0.0400,0.309931,0.239959,-0.119985,0.670020,0.000000,0.000000,0.000000,0.299933,-0.239959,0.119985,0.690017,0.000000,0.000000,0.000000,0.000000
0.0600,0.309772,0.239863,-0.119950,0.670065,0.000000,0.000000,0.000000,0.299777,-0.239863,0.119950,0.690057,0.000000,0.000000,0.000000,0.000000
0.0800,0.309470,0.239681,-0.119884,0.670152,0.000000,0.000000,0.000000,0.299480,-0.239681,0.119884,0.690132,0.000000,0.000000,0.000000,0.000000
0.1000,0.308984,0.239387,-0.119777,0.670291,0.000000,0.000000,0.000000,0.299003,-0.239387,0.119777,0.690253,0.000000,0.000000,0.000000,0.000000
0.1200,0.308277,0.238961,-0.119621,0.670493,0.000000,0.000000,0.000000,0.298309,-0.238961,0.119621,0.690430,0.000000,0.000000,0.000000,0.000000
0.1400,0.307315,0.238380,-0.119410,0.670768,0.000000,0.000000,0.000000,0.297364,-0.238380,0.119410,0.690670,0.000000,0.000000,0.000000,0.000000
0.1600,0.306067,0.237627,-0.119135,0.671125,0.000000,0.000000,0.000000,0.296139,-0.237627,0.119135,0.690981,0.000000,0.000000,0.000000,0.000000
0.1800,0.304505,0.236685,-0.118792,0.671572,0.000000,0.000000,0.000000,0.294605,-0.236685,0.118792,0.691371,0.000000,0.000000,0.000000,0.000000
0.2000,0.302605,0.235539,-0.118375,0.672116,0.000000,0.000000,0.000000,0.292740,-0.235539,0.118375,0.691845,0.000000,0.000000,0.000000,0.000000
0.2200,0.300345,0.234176,-0.117878,0.672763,0.000000,0.000000,0.000000,0.290522,-0.234176,0.117878,0.692409,0.000000,0.000000,0.000000,0.000000
0.2400,0.297707,0.232585,-0.117298,0.673517,0.000000,0.000000,0.000000,0.287932,-0.232585,0.117298,0.693067,0.000000,0.000000,0.000000,0.000000
0.2600,0.294675,0.230756,-0.116631,0.674385,0.000000,0.000000,0.000000,0.284956,-0.230756,0.116631,0.693824,0.000000,0.000000,0.000000,0.000000
0.2800,0.291236,0.228682,-0.115875,0.675369,0.000000,0.000000,0.000000,0.281579,-0.228682,0.115875,0.694682,0.000000,0.000000,0.000000,0.000000
0.3000,0.287378,0.226355,-0.115027,0.676473,0.000000,0.000000,0.000000,0.277792,-0.226355,0.115027,0.695645,0.000000,0.000000,0.000000,0.000000
0.3200,0.283094,0.223771,-0.114086,0.677699,0.000000,0.000000,0.000000,0.273586,-0.223771,0.114086,0.696714,0.000000,0.000000,0.000000,0.000000
0.3400,0.278378,0.220926,-0.113049,0.679048,0.000000,0.000000,0.000000,0.268957,-0.220926,0.113049,0.697891,0.000000,0.000000,0.000000,0.000000
0.3600,0.273227,0.217819,-0.111917,0.680522,0.000000,0.000000,0.000000,0.263900,-0.217819,0.111917,0.699176,0.000000,0.000000,0.000000,0.000000
0.3800,0.267640,0.214449,-0.110689,0.682121,0.000000,0.000000,0.000000,0.258416,-0.214449,0.110689,0.700570,0.000000,0.000000,0.000000,0.000000
0.4000,0.261619,0.210817,-0.109365,0.683844,0.000000,0.000000,0.000000,0.252504,-0.210817,0.109365,0.702073,0.000000,0.000000,0.000000,0.000000
0.4200,0.255165,0.206924,-0.107947,0.685691,0.000000,0.000000,0.000000,0.246169,-0.206924,0.107947,0.703683,0.000000,0.000000,0.000000,0.000000
0.4400,0.248285,0.202774,-0.106434,0.687659,0.000000,0.000000,0.000000,0.239415,-0.202774,0.106434,0.705400,0.000000,0.000000,0.000000,0.000000
0.4600,0.240985,0.198371,-0.104830,0.689748,0.000000,0.000000,0.000000,0.232249,-0.198371,0.104830,0.707221,0.000000,0.000000,0.000000,0.000000
0.4800,0.233276,0.193721,-0.103135,0.691954,0.000000,0.000000,0.000000,0.224680,-0.193721,0.103135,0.709145,0.000000,0.000000,0.000000,0.000000
0.5000,0.225166,0.188829,-0.101353,0.694275,0.000000,0.000000,0.000000,0.216719,-0.188829,0.101353,0.711169,0.000000,0.000000,0.000000,0.000000
0.5200,0.216669,0.183704,-0.099485,0.696706,0.000000,0.000000,0.000000,0.208377,-0.183704,0.099485,0.713289,0.000000,0.000000,0.000000,0.000000
0.5400,0.207798,0.178353,-0.097535,0.699244,0.000000,0.000000,0.000000,0.199669,-0.178353,0.097535,0.715503,0.000000,0.000000,0.000000,0.000000
0.5600,0.198569,0.172786,-0.095506,0.701885,0.000000,0.000000,0.000000,0.190609,-0.172787,0.095506,0.717806,0.000000,0.000000,0.000000,0.000000
0.5800,0.188999,0.167014,-0.093403,0.704624,0.000000,0.000000,0.000000,0.181214,-0.167014,0.093403,0.720194,0.000000,0.000000,0.000000,0.000000
0.6000,0.179104,0.161046,-0.091228,0.707455,0.000000,0.000000,0.000000,0.171501,-0.161046,0.091228,0.722663,0.000000,0.000000,0.000000,0.000000
0.6200,0.168906,0.154894,-0.088986,0.710373,0.000000,0.000000,0.000000,0.161489,-0.154894,0.088986,0.725208,0.000000,0.000000,0.000000,0.000000
0.6400,0.158423,0.148571,-0.086682,0.713373,0.000000,0.000000,0.000000,0.151198,-0.148571,0.086682,0.727823,0.000000,0.000000,0.000000,0.000000
0.6600,0.147677,0.142089,-0.084320,0.716448,0.000000,0.000000,0.000000,0.140649,-0.142089,0.084320,0.730505,0.000000,0.000000,0.000000,0.000000
0.6800,0.136691,0.135462,-0.081905,0.719591,0.000000,0.000000,0.000000,0.129864,-0.135462,0.081905,0.733246,0.000000,0.000000,0.000000,0.000000
0.7000,0.125487,0.128704,-0.079442,0.722797,0.000000,0.000000,0.000000,0.118865,-0.128704,0.079442,0.736042,0.000000,0.000000,0.000000,0.000000
0.7200,0.114089,0.121829,-0.076937,0.726059,0.000000,0.000000,0.000000,0.107676,-0.121830,0.076937,0.738886,0.000000,0.000000,0.000000,0.000000
0.7400,0.102522,0.114852,-0.074394,0.729368,0.000000,0.000000,0.000000,0.096321,-0.114853,0.074394,0.741772,0.000000,0.000000,0.000000,0.000000
0.7600,0.090811,0.107788,-0.071820,0.732719,0.000000,0.000000,0.000000,0.084824,-0.107789,0.071820,0.744695,0.000000,0.000000,0.000000,0.000000
0.7800,0.078982,0.100653,-0.069220,0.736104,0.000000,0.000000,0.000000,0.073211,-0.100653,0.069220,0.747646,0.000000,0.000000,0.000000,0.000000
0.8000,0.067059,0.093461,-0.066599,0.739516,0.000000,0.000000,0.000000,0.061507,-0.093462,0.066599,0.750621,0.000000,0.000000,0.000000,0.000000
0.8200,0.055070,0.086230,-0.063964,0.742947,0.000000,0.000000,0.000000,0.049737,-0.086230,0.063964,0.753613,0.000000,0.000000,0.000000,0.000000
0.8400,0.043042,0.078974,-0.061320,0.746388,0.000000,0.000000,0.000000,0.037929,-0.078975,0.061320,0.756615,0.000000,0.000000,0.000000,0.000000
0.8600,0.030999,0.071711,-0.058673,0.749834,0.000000,0.000000,0.000000,0.026107,-0.071711,0.058673,0.759619,0.000000,0.000000,0.000000,0.000000
0.8800,0.018971,0.064455,-0.056029,0.753276,0.000000,0.000000,0.000000,0.014299,-0.064456,0.056029,0.762621,0.000000,0.000000,0.000000,0.000000
0.9000,0.006982,0.057224,-0.053394,0.756707,0.000000,0.000000,0.000000,0.002529,-0.057224,0.053394,0.765613,0.000000,0.000000,0.000000,0.000000
0.9200,-0.004941,0.050032,-0.050773,0.760118,0.000000,0.000000,0.000000,-0.009175,-0.050033,0.050773,0.768588,0.000000,0.000000,0.000000,0.000000
0.9400,-0.016770,0.042897,-0.048173,0.763503,0.000000,0.000000,0.000000,-0.020788,-0.042897,0.048173,0.771540,0.000000,0.000000,0.000000,0.000000
0.9600,-0.028481,0.035833,-0.045598,0.766854,0.000000,0.000000,0.000000,-0.032285,-0.035833,0.045599,0.774462,0.000000,0.000000,0.000000,0.000000
0.9800,-0.040048,0.028856,-0.043056,0.770164,0.000000,0.000000,0.000000,-0.043640,-0.028856,0.043056,0.777348,0.000000,0.000000,0.000000,0.000000
1.0000,-0.051446,0.021981,-0.040551,0.773425,0.000000,0.000000,0.000000,-0.054829,-0.021981,0.040551,0.780192,0.000000,0.000000,0.000000,0.000000
1.0200,-0.062650,0.015223,-0.038088,0.776631,0.000000,0.000000,0.000000,-0.065828,-0.015223,0.038088,0.782988,0.000000,0.000000,0.000000,0.000000
1.0400,-0.073636,0.008596,-0.035673,0.779775,0.000000,0.000000,0.000000,-0.076613,-0.008597,0.035673,0.785729,0.000000,0.000000,0.000000,0.000000
1.0600,-0.084382,0.002114,-0.033311,0.782850,0.000000,0.000000,0.000000,-0.087162,-0.002115,0.033311,0.788411,0.000000,0.000000,0.000000,0.000000
1.0800,-0.094865,-0.004209,-0.031007,0.785849,0.000000,0.000000,0.000000,-0.097453,0.004208,0.031007,0.791027,0.000000,0.000000,0.000000,0.000000
1.1000,-0.105063,-0.010360,-0.028765,0.788768,0.000000,0.000000,0.000000,-0.107465,0.010360,0.028765,0.793571,0.000000,0.000000,0.000000,0.000000
1.1200,-0.114958,-0.016328,-0.026590,0.791599,0.000000,0.000000,0.000000,-0.117178,0.016328,0.026590,0.796040,0.000000,0.000000,0.000000,0.000000
1.1400,-0.124528,-0.022101,-0.024486,0.794337,0.000000,0.000000,0.000000,-0.126573,0.022101,0.024487,0.798429,0.000000,0.000000,0.000000,0.000000
1.1600,-0.133757,-0.027668,-0.022458,0.796978,0.000000,0.000000,0.000000,-0.135633,0.027668,0.022458,0.800731,0.000000,0.000000,0.000000,0.000000
1.1800,-0.142628,-0.033019,-0.020508,0.799517,0.000000,0.000000,0.000000,-0.144341,0.033018,0.020508,0.802945,0.000000,0.000000,0.000000,0.000000
1.2000,-0.151125,-0.038144,-0.018640,0.801948,0.000000,0.000000,0.000000,-0.152683,0.038144,0.018640,0.805065,0.000000,0.000000,0.000000,0.000000
1.2200,-0.159235,-0.043036,-0.016858,0.804269,0.000000,0.000000,0.000000,-0.160644,0.043035,0.016858,0.807089,0.000000,0.000000,0.000000,0.000000
1.2400,-0.166945,-0.047686,-0.015163,0.806475,0.000000,0.000000,0.000000,-0.168213,0.047686,0.015163,0.809013,0.000000,0.000000,0.000000,0.000000
1.2600,-0.174244,-0.052089,-0.013558,0.808563,0.000000,0.000000,0.000000,-0.175379,0.052089,0.013559,0.810834,0.000000,0.000000,0.000000,0.000000
1.2800,-0.181124,-0.056239,-0.012046,0.810532,0.000000,0.000000,0.000000,-0.182133,0.056239,0.012046,0.812551,0.000000,0.000000,0.000000,0.000000
1.3000,-0.187578,-0.060132,-0.010628,0.812379,0.000000,0.000000,0.000000,-0.188468,0.060131,0.010628,0.814161,0.000000,0.000000,0.000000,0.000000
1.3200,-0.193599,-0.063764,-0.009304,0.814102,0.000000,0.000000,0.000000,-0.194380,0.063764,0.009304,0.815664,0.000000,0.000000,0.000000,0.000000
1.3400,-0.199186,-0.067134,-0.008076,0.815700,0.000000,0.000000,0.000000,-0.199864,0.067133,0.008076,0.817058,0.000000,0.000000,0.000000,0.000000
1.3600,-0.204337,-0.070241,-0.006944,0.817174,0.000000,0.000000,0.000000,-0.204921,0.070240,0.006944,0.818343,0.000000,0.000000,0.000000,0.000000
1.3800,-0.209053,-0.073085,-0.005907,0.818524,0.000000,0.000000,0.000000,-0.209550,0.073085,0.005907,0.819520,0.000000,0.000000,0.000000,0.000000
1.4000,-0.213337,-0.075669,-0.004965,0.819749,0.000000,0.000000,0.000000,-0.213756,0.075669,0.004966,0.820589,0.000000,0.000000,0.000000,0.000000
1.4200,-0.217195,-0.077996,-0.004117,0.820853,0.000000,0.000000,0.000000,-0.217543,0.077996,0.004118,0.821552,0.000000,0.000000,0.000000,0.000000
1.4400,-0.220634,-0.080071,-0.003361,0.821838,0.000000,0.000000,0.000000,-0.220920,0.080071,0.003362,0.822410,0.000000,0.000000,0.000000,0.000000
1.4600,-0.223667,-0.081900,-0.002695,0.822705,0.000000,0.000000,0.000000,-0.223896,0.081900,0.002695,0.823167,0.000000,0.000000,0.000000,0.000000
1.4800,-0.226304,-0.083491,-0.002115,0.823460,0.000000,0.000000,0.000000,-0.226486,0.083491,0.002115,0.823825,0.000000,0.000000,0.000000,0.000000
1.5000,-0.228564,-0.084854,-0.001618,0.824107,0.000000,0.000000,0.000000,-0.228704,0.084854,0.001619,0.824389,0.000000,0.000000,0.000000,0.000000
1.5200,-0.230464,-0.086000,-0.001201,0.824650,0.000000,0.000000,0.000000,-0.230569,0.086000,0.001201,0.824863,0.000000,0.000000,0.000000,0.000000
1.5400,-0.232026,-0.086942,-0.000857,0.825097,0.000000,0.000000,0.000000,-0.232103,0.086942,0.000858,0.825253,0.000000,0.000000,0.000000,0.000000
1.5600,-0.233274,-0.087695,-0.000583,0.825454,0.000000,0.000000,0.000000,-0.233328,0.087695,0.000583,0.825564,0.000000,0.000000,0.000000,0.000000
1.5800,-0.234236,-0.088276,-0.000372,0.825730,0.000000,0.000000,0.000000,-0.234273,0.088275,0.000372,0.825804,0.000000,0.000000,0.000000,0.000000
1.6000,-0.234944,-0.088702,-0.000216,0.825932,0.000000,0.000000,0.000000,-0.234967,0.088702,0.000216,0.825981,0.000000,0.000000,0.000000,0.000000
1.6200,-0.235430,-0.088995,-0.000109,0.826071,0.000000,0.000000,0.000000,-0.235444,0.088995,0.000109,0.826102,0.000000,0.000000,0.000000,0.000000
1.6400,-0.235732,-0.089178,-0.000043,0.826158,0.000000,0.000000,0.000000,-0.235741,0.089177,0.000043,0.826177,0.000000,0.000000,0.000000,0.000000
1.6600,-0.235890,-0.089273,-0.000008,0.826203,0.000000,0.000000,0.000000,-0.235897,0.089273,0.000008,0.826217,0.000000,0.000000,0.000000,0.000000
1.6800,-0.235950,-0.089310,0.000005,0.826220,0.000000,0.000000,0.000000,-0.235955,0.089309,-0.000005,0.826232,0.000000,0.000000,0.000000,0.000000
1.7000,-0.235959,-0.089315,0.000007,0.826223,0.000000,0.000000,0.000000,-0.235964,0.089314,-0.000007,0.826234,0.000000,0.000000,0.000000,0.000000
1.7200,-0.235959,-0.089315,0.000007,0.826223,0.000000,0.000000,0.000000,-0.235964,0.089314,-0.000007,0.826234,0.000000,0.000000,0.000000,0.000000
1.7400,-0.235959,-0.089315,0.000007,0.826223,0.000000,0.000000,0.000000,-0.235964,0.089314,-0.000007,0.826234,0.000000,0.000000,0.000000,0.000000
1.7600,-0.235959,-0.089315,0.000007,0.826223,0.000000,0.000000,0.000000,-0.235964,0.089314,-0.000007,0.826234,0.000000,0.000000,0.000000,0.000000
1.7800,-0.235959,-0.089315,0.000007,0.826223,0.000000,0.000000,0.000000,-0.235964,0.089314,-0.000007,0.826234,0.000000,0.000000,0.000000,0.000000
1.8000,-0.235959,-0.089315,0.000007,0.826223,0.000000,0.000000,0.000000,-0.235964,0.089314,-0.000007,0.826234,0.000000,0.000000,0.000000,0.000000
1.8200,-0.235959,-0.089315,0.000007,0.826223,0.000000,0.000000,0.000000,-0.235964,0.089314,-0.000007,0.826234,0.000000,0.000000,0.000000,0.000000
1.8400,-0.235959,-0.089315,0.000007,0.826223,0.000000,0.000000,0.000000,-0.235964,0.089314,-0.000007,0.826234,0.000000,0.000000,0.000000,0.000000
1.8600,-0.235959,-0.089315,0.000007,0.826223,0.000000,0.000000,0.000000,-0.235964,0.089314,-0.000007,0.826234,0.000000,0.000000,0.000000,0.000000
1.8800,-0.235959,-0.089315,0.000007,0.826223,0.000000,0.000000,0.000000,-0.235964,0.089314,-0.000007,0.826234,0.000000,0.000000,0.000000,0.000000
1.9000,-0.235959,-0.089315,0.000007,0.826223,0.000000,0.000000,0.000000,-0.235964,0.089314,-0.000007,0.826234,0.000000,0.000000,0.000000,0.000000
1.9200,-0.235959,-0.089315,0.000007,0.826223,0.000000,0.000000,0.000000,-0.235964,0.089314,-0.000007,0.826234,0.000000,0.000000,0.000000,0.000000
1.9400,-0.235959,-0.089315,0.000007,0.826223,0.000000,0.000000,0.000000,-0.235964,0.089314,-0.000007,0.826234,0.000000,0.000000,0.000000,0.000000
1.9600,-0.235959,-0.089315,0.000007,0.826223,0.000000,0.000000,0.000000,-0.235964,0.089314,-0.000007,0.826234,0.000000,0.000000,0.000000,0.000000
1.9800,-0.235959,-0.089315,0.000007,0.826223,0.000000,0.000000,0.000000,-0.235964,0.089314,-0.000007,0.826234,0.000000,0.000000,0.000000,0.000000
2.0000,-0.235959,-0.089315,0.000007,0.826223,0.000000,0.000000,0.000000,-0.235964,0.089314,-0.000007,0.826234,0.000000,0.000000,0.000000,0.000000
2.0200,-0.235959,-0.089315,0.000007,0.826223,0.000000,0.000000,0.000000,-0.235964,0.089314,-0.000007,0.826234,0.000000,0.000000,0.000000,0.000000
2.0400,-0.235959,-0.089315,0.000007,0.826223,0.000000,0.000000,0.000000,-0.235964,0.089314,-0.000007,0.826234,0.000000,0.000000,0.000000,0.000000
2.0600,-0.235959,-0.089315,0.000007,0.826223,0.000000,0.000000,0.000000,-0.235964,0.089314,-0.000007,0.826234,0.000000,0.000000,0.000000,0.000000
2.0800,-0.235959,-0.089315,0.000007,0.826223,0.000000,0.000000,0.000000,-0.235964,0.089314,-0.000007,0.826234,0.000000,0.000000,0.000000,0.000000
2.1000,-0.235959,-0.089315,0.000007,0.826223,0.000000,0.000000,0.000000,-0.235964,0.089314,-0.000007,0.826234,0.000000,0.000000,0.000000,0.000000
2.1200,-0.235959,-0.089315,0.000007,0.826223,0.000000,0.000000,0.000000,-0.235964,0.089314,-0.000007,0.826234,0.000000,0.000000,0.000000,0.000000
2.1400,-0.235959,-0.089315,0.000007,0.826223,0.000000,0.000000,0.000000,-0.235964,0.089314,-0.000007,0.826234,0.000000,0.000000,0.000000,0.000000
2.1600,-0.235959,-0.089315,0.000007,0.826223,0.000000,0.000000,0.000000,-0.235964,0.089314,-0.000007,0.826234,0.000000,0.000000,0.000000,0.000000
2.1800,-0.235959,-0.089315,0.000007,0.826223,0.000000,0.000000,0.000000,-0.235964,0.089314,-0.000007,0.826234,0.000000,0.000000,0.000000,0.000000
2.2000,-0.235959,-0.089315,0.000007,0.826223,0.000000,0.000000,0.000000,-0.235964,0.089314,-0.000007,0.826234,0.000000,0.000000,0.000000,0.000000
2.2200,-0.235959,-0.089315,0.000007,0.826223,0.000000,0.000000,0.000000,-0.235964,0.089314,-0.000007,0.826234,0.000000,0.000000,0.000000,0.000000
2.2400,-0.235959,-0.089315,0.000007,0.826223,0.000000,0.000000,0.000000,-0.235964,0.089314,-0.000007,0.826234,0.000000,0.000000,0.000000,0.000000
2.2600,-0.235959,-0.089315,0.000007,0.826223,0.000000,0.000000,0.000000,-0.235964,0.089314,-0.000007,0.826234,0.000000,0.000000,0.000000,0.000000
2.2800,-0.235959,-0.089315,0.000007,0.826223,0.000000,0.000000,0.000000,-0.235964,0.089314,-0.000007,0.826234,0.000000,0.000000,0.000000,0.000000
2.3000,-0.235959,-0.089315,0.000007,0.826223,0.000000,0.000000,0.000000,-0.235964,0.089314,-0.000007,0.826234,0.000000,0.000000,0.000000,0.000000
2.3200,-0.235959,-0.089315,0.000007,0.826223,0.000000,0.000000,0.000000,-0.235964,0.089314,-0.000007,0.826234,0.000000,0.000000,0.000000,0.000000
2.3400,-0.235959,-0.089315,0.000007,0.826223,0.000000,0.000000,0.000000,-0.235964,0.089314,-0.000007,0.826234,0.000000,0.000000,0.000000,0.000000
2.3600,-0.235959,-0.089315,0.000007,0.826223,0.000000,0.000000,0.000000,-0.235964,0.089314,-0.000007,0.826234,0.000000,0.000000,0.000000,0.000000
2.3800,-0.235959,-0.089315,0.000007,0.826223,0.000000,0.000000,0.000000,-0.235964,0.089314,-0.000007,0.826234,0.000000,0.000000,0.000000,0.000000
2.4000,-0.235959,-0.089315,0.000007,0.826223,0.000000,0.000000,0.000000,-0.235964,0.089314,-0.000007,0.826234,0.000000,0.000000,0.000000,0.000000
2.4200,-0.235959,-0.089315,0.000007,0.826223,0.000000,0.000000,0.000000,-0.235964,0.089314,-0.000007,0.826234,0.000000,0.000000,0.000000,0.000000
2.4400,-0.235959,-0.089315,0.000007,0.826223,0.000000,0.000000,0.000000,-0.235964,0.089314,-0.000007,0.826234,0.000000,0.000000,0.000000,0.000000
2.4600,-0.235959,-0.089315,0.000007,0.826223,0.000000,0.000000,0.000000,-0.235964,0.089314,-0.000007,0.826234,0.000000,0.000000,0.000000,0.000000
2.4800,-0.235959,-0.089315,0.000007,0.826223,0.000000,0.000000,0.000000,-0.235964,0.089314,-0.000007,0.826234,0.000000,0.000000,0.000000,0.000000
2.5000,-0.235959,-0.089315,0.000007,0.826223,0.000000,0.000000,0.000000,-0.235964,0.089314,-0.000007,0.826234,0.000000,0.000000,0.000000,0.000000
2.5200,-0.235958,-0.089315,0.000007,0.826220,0.000000,0.000000,0.000000,-0.235963,0.089314,-0.000007,0.826231,0.000000,0.000000,0.000000,0.000000
2.5400,-0.235954,-0.089317,0.000007,0.826197,0.000000,0.000000,0.000000,-0.235959,0.089316,-0.000007,0.826209,0.000000,0.000000,0.000000,0.000000
2.5600,-0.235942,-0.089322,0.000007,0.826138,0.000000,0.000000,0.000000,-0.235947,0.089322,-0.000007,0.826150,0.000000,0.000000,0.000000,0.000000
2.5800,-0.235919,-0.089332,0.000007,0.826025,0.000000,0.000000,0.000000,-0.235924,0.089332,-0.000007,0.826036,0.000000,0.000000,0.000000,0.000000
2.6000,-0.235882,-0.089348,0.000007,0.825841,0.000000,0.000000,0.000000,-0.235887,0.089348,-0.000007,0.825852,0.000000,0.000000,0.000000,0.000000
2.6200,-0.235828,-0.089372,0.000007,0.825570,0.000000,0.000000,0.000000,-0.235833,0.089372,-0.000007,0.825581,0.000000,0.000000,0.000000,0.000000
2.6400,-0.235753,-0.089405,0.000007,0.825198,0.000000,0.000000,0.000000,-0.235758,0.089404,-0.000006,0.825209,0.000000,0.000000,0.000000,0.000000
2.6600,-0.235655,-0.089448,0.000006,0.824710,0.000000,0.000000,0.000000,-0.235660,0.089447,-0.000006,0.824721,0.000000,0.000000,0.000000,0.000000
2.6800,-0.235531,-0.089502,0.000006,0.824092,0.000000,0.000000,0.000000,-0.235536,0.089502,-0.000006,0.824103,0.000000,0.000000,0.000000,0.000000
2.7000,-0.235379,-0.089569,0.000005,0.823333,0.000000,0.000000,0.000000,-0.235384,0.089569,-0.000005,0.823344,0.000000,0.000000,0.000000,0.000000
2.7200,-0.235195,-0.089650,0.000005,0.822419,0.000000,0.000000,0.000000,-0.235200,0.089649,-0.000005,0.822430,0.000000,0.000000,0.000000,0.000000
2.7400,-0.234979,-0.089745,0.000004,0.821340,0.000000,0.000000,0.000000,-0.234983,0.089744,-0.000004,0.821351,0.000000,0.000000,0.000000,0.000000
2.7600,-0.234726,-0.089855,0.000003,0.820084,0.000000,0.000000,0.000000,-0.234731,0.089855,-0.000003,0.820096,0.000000,0.000000,0.000000,0.000000
2.7800,-0.234437,-0.089982,0.000003,0.818643,0.000000,0.000000,0.000000,-0.234442,0.089982,-0.000002,0.818654,0.000000,0.000000,0.000000,0.000000
2.8000,-0.234108,-0.090126,0.000002,0.817006,0.000000,0.000000,0.000000,-0.234113,0.090126,-0.000001,0.817017,0.000000,0.000000,0.000000,0.000000
2.8200,-0.233739,-0.090288,0.000000,0.815165,0.000000,0.000000,0.000000,-0.233744,0.090288,-0.000000,0.815176,0.000000,0.000000,0.000000,0.000000
2.8400,-0.233326,-0.090469,-0.000001,0.813112,0.000000,0.000000,0.000000,-0.233331,0.090469,0.000001,0.813123,0.000000,0.000000,0.000000,0.000000
2.8600,-0.232870,-0.090669,-0.000002,0.810840,0.000000,0.000000,0.000000,-0.232875,0.090669,0.000002,0.810851,0.000000,0.000000,0.000000,0.000000
2.8800,-0.232369,-0.090889,-0.000004,0.808342,0.000000,0.000000,0.000000,-0.232373,0.090889,0.000004,0.808353,0.000000,0.000000,0.000000,0.000000
2.9000,-0.231820,-0.091130,-0.000005,0.805611,0.000000,0.000000,0.000000,-0.231825,0.091129,0.000006,0.805622,0.000000,0.000000,0.000000,0.000000
2.9200,-0.231224,-0.091391,-0.000007,0.802643,0.000000,0.000000,0.000000,-0.231229,0.091390,0.000007,0.802654,0.000000,0.000000,0.000000,0.000000
2.9400,-0.230580,-0.091674,-0.000009,0.799432,0.000000,0.000000,0.000000,-0.230584,0.091673,0.000009,0.799443,0.000000,0.000000,0.000000,0.000000
2.9600,-0.229885,-0.091978,-0.000011,0.795974,0.000000,0.000000,0.000000,-0.229890,0.091978,0.000011,0.795985,0.000000,0.000000,0.000000,0.000000
2.9800,-0.229140,-0.092305,-0.000013,0.792265,0.000000,0.000000,0.000000,-0.229145,0.092304,0.000014,0.792276,0.000000,0.000000,0.000000,0.000000
3.0000,-0.228345,-0.092654,-0.000016,0.788303,0.000000,0.000000,0.000000,-0.228349,0.092653,0.000016,0.788314,0.000000,0.000000,0.000000,0.000000
3.0200,-0.227498,-0.093025,-0.000018,0.784083,0.000000,0.000000,0.000000,-0.227502,0.093025,0.000019,0.784094,0.000000,0.000000,0.000000,0.000000
3.0400,-0.226598,-0.093420,-0.000021,0.779605,0.000000,0.000000,0.000000,-0.226603,0.093419,0.000021,0.779616,0.000000,0.000000,0.000000,0.000000
3.0600,-0.225647,-0.093837,-0.000024,0.774867,0.000000,0.000000,0.000000,-0.225651,0.093836,0.000024,0.774877,0.000000,0.000000,0.000000,0.000000
3.0800,-0.224643,-0.094277,-0.000027,0.769866,0.000000,0.000000,0.000000,-0.224647,0.094276,0.000027,0.769877,0.000000,0.000000,0.000000,0.000000
3.1000,-0.223586,-0.094740,-0.000030,0.764604,0.000000,0.000000,0.000000,-0.223591,0.094740,0.000030,0.764614,0.000000,0.000000,0.000000,0.000000
3.1200,-0.222477,-0.095227,-0.000034,0.759079,0.000000,0.000000,0.000000,-0.222481,0.095226,0.000034,0.759090,0.000000,0.000000,0.000000,0.000000
3.1400,-0.221315,-0.095736,-0.000037,0.753292,0.000000,0.000000,0.000000,-0.221319,0.095736,0.000037,0.753303,0.000000,0.000000,0.000000,0.000000
3.1600,-0.220100,-0.096269,-0.000041,0.747244,0.000000,0.000000,0.000000,-0.220105,0.096268,0.000041,0.747255,0.000000,0.000000,0.000000,0.000000
3.1800,-0.218834,-0.096824,-0.000045,0.740936,0.000000,0.000000,0.000000,-0.218838,0.096824,0.000045,0.740947,0.000000,0.000000,0.000000,0.000000
3.2000,-0.217515,-0.097403,-0.000049,0.734370,0.000000,0.000000,0.000000,-0.217520,0.097402,0.000049,0.734380,0.000000,0.000000,0.000000,0.000000
3.2200,-0.216145,-0.098003,-0.000053,0.727547,0.000000,0.000000,0.000000,-0.216150,0.098003,0.000053,0.727558,0.000000,0.000000,0.000000,0.000000
3.2400,-0.214724,-0.098626,-0.000057,0.720471,0.000000,0.000000,0.000000,-0.214729,0.098626,0.000057,0.720481,0.000000,0.000000,0.000000,0.000000
3.2600,-0.213253,-0.099271,-0.000062,0.713144,0.000000,0.000000,0.000000,-0.213257,0.099271,0.000062,0.713154,0.000000,0.000000,0.000000,0.000000
3.2800,-0.211732,-0.099938,-0.000066,0.705570,0.000000,0.000000,0.000000,-0.211736,0.099938,0.000066,0.705580,0.000000,0.000000,0.000000,0.000000
3.3000,-0.210162,-0.100627,-0.000071,0.697751,0.000000,0.000000,0.000000,-0.210166,0.100626,0.000071,0.697761,0.000000,0.000000,0.000000,0.000000
3.3200,-0.208544,-0.101336,-0.000076,0.689694,0.000000,0.000000,0.000000,-0.208548,0.101336,0.000076,0.689703,0.000000,0.000000,0.000000,0.000000
3.3400,-0.206879,-0.102067,-0.000081,0.681400,0.000000,0.000000,0.000000,-0.206883,0.102066,0.000081,0.681410,0.000000,0.000000,0.000000,0.000000
3.3600,-0.205167,-0.102817,-0.000086,0.672877,0.000000,0.000000,0.000000,-0.205171,0.102817,0.000086,0.672886,0.000000,0.000000,0.000000,0.000000
3.3800,-0.203410,-0.103587,-0.000091,0.664127,0.000000,0.000000,0.000000,-0.203414,0.103587,0.000091,0.664137,0.000000,0.000000,0.000000,0.000000
3.4000,-0.201609,-0.104377,-0.000097,0.655158,0.000000,0.000000,0.000000,-0.201613,0.104377,0.000097,0.655167,0.000000,0.000000,0.000000,0.000000
3.4200,-0.199765,-0.105186,-0.000102,0.645975,0.000000,0.000000,0.000000,-0.199769,0.105185,0.000102,0.645984,0.000000,0.000000,0.000000,0.000000
3.4400,-0.197880,-0.106013,-0.000108,0.636583,0.000000,0.000000,0.000000,-0.197883,0.106012,0.000108,0.636592,0.000000,0.000000,0.000000,0.000000
3.4600,-0.195953,-0.106857,-0.000114,0.626989,0.000000,0.000000,0.000000,-0.195957,0.106857,0.000114,0.626998,0.000000,0.000000,0.000000,0.000000
3.4800,-0.193987,-0.107719,-0.000120,0.617200,0.000000,0.000000,0.000000,-0.193991,0.107719,0.000120,0.617209,0.000000,0.000000,0.000000,0.000000
3.5000,-0.191984,-0.108598,-0.000126,0.607222,0.000000,0.000000,0.000000,-0.191988,0.108598,0.000126,0.607231,0.000000,0.000000,0.000000,0.000000
3.5200,-0.189944,-0.109492,-0.000132,0.597063,0.000000,0.000000,0.000000,-0.189948,0.109492,0.000132,0.597071,0.000000,0.000000,0.000000,0.000000
3.5400,-0.187869,-0.110402,-0.000138,0.586730,0.000000,0.000000,0.000000,-0.187873,0.110402,0.000138,0.586738,0.000000,0.000000,0.000000,0.000000
3.5600,-0.185761,-0.111327,-0.000145,0.576230,0.000000,0.000000,0.000000,-0.185764,0.111327,0.000145,0.576238,0.000000,0.000000,0.000000,0.000000
3.5800,-0.183620,-0.112265,-0.000151,0.565571,0.000000,0.000000,0.000000,-0.183624,0.112265,0.000151,0.565579,0.000000,0.000000,0.000000,0.000000
3.6000,-0.181450,-0.113217,-0.000158,0.554762,0.000000,0.000000,0.000000,-0.181453,0.113217,0.000158,0.554770,0.000000,0.000000,0.000000,0.000000
3.6200,-0.179251,-0.114181,-0.000164,0.543810,0.000000,0.000000,0.000000,-0.179254,0.114181,0.000164,0.543818,0.000000,0.000000,0.000000,0.000000
3.6400,-0.177025,-0.115158,-0.000171,0.532723,0.000000,0.000000,0.000000,-0.177028,0.115157,0.000171,0.532731,0.000000,0.000000,0.000000,0.000000
3.6600,-0.174773,-0.116145,-0.000178,0.521511,0.000000,0.000000,0.000000,-0.174777,0.116145,0.000178,0.521519,0.000000,0.000000,0.000000,0.000000
3.6800,-0.172498,-0.117142,-0.000185,0.510182,0.000000,0.000000,0.000000,-0.172502,0.117142,0.000185,0.510190,0.000000,0.000000,0.000000,0.000000
3.7000,-0.170202,-0.118149,-0.000192,0.498745,0.000000,0.000000,0.000000,-0.170205,0.118149,0.000192,0.498752,0.000000,0.000000,0.000000,0.000000
3.7200,-0.167885,-0.119165,-0.000199,0.487208,0.000000,0.000000,0.000000,-0.167888,0.119165,0.000199,0.487215,0.000000,0.000000,0.000000,0.000000
3.7400,-0.165551,-0.120189,-0.000206,0.475581,0.000000,0.000000,0.000000,-0.165554,0.120189,0.000206,0.475588,0.000000,0.000000,0.000000,0.000000
3.7600,-0.163200,-0.121220,-0.000213,0.463874,0.000000,0.000000,0.000000,-0.163203,0.121220,0.000213,0.463880,0.000000,0.000000,0.000000,0.000000
3.7800,-0.160834,-0.122257,-0.000220,0.452094,0.000000,0.000000,0.000000,-0.160837,0.122257,0.000220,0.452101,0.000000,0.000000,0.000000,0.000000
3.8000,-0.158457,-0.123300,-0.000227,0.440252,0.000000,0.000000,0.000000,-0.158459,0.123300,0.000227,0.440259,0.000000,0.000000,0.000000,0.000000
3.8200,-0.156068,-0.124347,-0.000235,0.428357,0.000000,0.000000,0.000000,-0.156071,0.124347,0.000234,0.428364,0.000000,0.000000,0.000000,0.000000
3.8400,-0.153671,-0.125398,-0.000242,0.416419,0.000000,0.000000,0.000000,-0.153674,0.125398,0.000242,0.416426,0.000000,0.000000,0.000000,0.000000
3.8600,-0.151267,-0.126452,-0.000249,0.404448,0.000000,0.000000,0.000000,-0.151270,0.126452,0.000249,0.404454,0.000000,0.000000,0.000000,0.000000
3.8800,-0.148858,-0.127509,-0.000256,0.392452,0.000000,0.000000,0.000000,-0.148861,0.127509,0.000256,0.392458,0.000000,0.000000,0.000000,0.000000
3.9000,-0.146447,-0.128566,-0.000264,0.380441,0.000000,0.000000,0.000000,-0.146449,0.128566,0.000263,0.380447,0.000000,0.000000,0.000000,0.000000
3.9200,-0.144034,-0.129624,-0.000271,0.368426,0.000000,0.000000,0.000000,-0.144036,0.129624,0.000271,0.368432,0.000000,0.000000,0.000000,0.000000
3.9400,-0.141622,-0.130682,-0.000278,0.356416,0.000000,0.000000,0.000000,-0.141625,0.130682,0.000278,0.356421,0.000000,0.000000,0.000000,0.000000
3.9600,-0.139213,-0.131738,-0.000286,0.344420,0.000000,0.000000,0.000000,-0.139216,0.131738,0.000285,0.344425,0.000000,0.000000,0.000000,0.000000
3.9800,-0.136810,-0.132792,-0.000293,0.332448,0.000000,0.000000,0.000000,-0.136812,0.132792,0.000293,0.332453,0.000000,0.000000,0.000000,0.000000
4.0000,-0.134412,-0.133843,-0.000300,0.320510,0.000000,0.000000,0.000000,-0.134414,0.133843,0.000300,0.320515,0.000000,0.000000,0.000000,0.000000
4.0200,-0.132024,-0.134891,-0.000307,0.308615,0.000000,0.000000,0.000000,-0.132026,0.134891,0.000307,0.308620,0.000000,0.000000,0.000000,0.000000
4.0400,-0.129646,-0.135933,-0.000314,0.296773,0.000000,0.000000,0.000000,-0.129648,0.135933,0.000314,0.296778,0.000000,0.000000,0.000000,0.000000
4.0600,-0.127281,-0.136970,-0.000322,0.284994,0.000000,0.000000,0.000000,-0.127283,0.136970,0.000321,0.284998,0.000000,0.000000,0.000000,0.000000
4.0800,-0.124930,-0.138001,-0.000329,0.273286,0.000000,0.000000,0.000000,-0.124932,0.138001,0.000328,0.273290,0.000000,0.000000,0.000000,0.000000
4.1000,-0.122595,-0.139025,-0.000336,0.261659,0.000000,0.000000,0.000000,-0.122597,0.139025,0.000335,0.261663,0.000000,0.000000,0.000000,0.000000
4.1200,-0.120279,-0.140041,-0.000343,0.250122,0.000000,0.000000,0.000000,-0.120280,0.140041,0.000342,0.250127,0.000000,0.000000,0.000000,0.000000
4.1400,-0.117982,-0.141048,-0.000350,0.238685,0.000000,0.000000,0.000000,-0.117984,0.141048,0.000349,0.238689,0.000000,0.000000,0.000000,0.000000
4.1600,-0.115707,-0.142045,-0.000357,0.227356,0.000000,0.000000,0.000000,-0.115709,0.142046,0.000356,0.227360,0.000000,0.000000,0.000000,0.000000
4.1800,-0.113456,-0.143033,-0.000363,0.216144,0.000000,0.000000,0.000000,-0.113457,0.143033,0.000363,0.216148,0.000000,0.000000,0.000000,0.000000
4.2000,-0.111230,-0.144009,-0.000370,0.205058,0.000000,0.000000,0.000000,-0.111231,0.144009,0.000370,0.205061,0.000000,0.000000,0.000000,0.000000
4.2200,-0.109030,-0.144973,-0.000377,0.194105,0.000000,0.000000,0.000000,-0.109032,0.144973,0.000376,0.194109,0.000000,0.000000,0.000000,0.000000
4.2400,-0.106860,-0.145925,-0.000383,0.183296,0.000000,0.000000,0.000000,-0.106861,0.145925,0.000383,0.183299,0.000000,0.000000,0.000000,0.000000
4.2600,-0.104720,-0.146863,-0.000390,0.172637,0.000000,0.000000,0.000000,-0.104721,0.146864,0.000389,0.172641,0.000000,0.000000,0.000000,0.000000
4.2800,-0.102611,-0.147788,-0.000396,0.162138,0.000000,0.000000,0.000000,-0.102613,0.147788,0.000396,0.162141,0.000000,0.000000,0.000000,0.000000
4.3000,-0.100536,-0.148698,-0.000402,0.151804,0.000000,0.000000,0.000000,-0.100538,0.148698,0.000402,0.151807,0.000000,0.000000,0.000000,0.000000
4.3200,-0.098496,-0.149592,-0.000409,0.141645,0.000000,0.000000,0.000000,-0.098498,0.149593,0.000408,0.141648,0.000000,0.000000,0.000000,0.000000
4.3400,-0.096493,-0.150471,-0.000415,0.131667,0.000000,0.000000,0.000000,-0.096494,0.150471,0.000414,0.131670,0.000000,0.000000,0.000000,0.000000
4.3600,-0.094527,-0.151333,-0.000421,0.121878,0.000000,0.000000,0.000000,-0.094528,0.151333,0.000420,0.121881,0.000000,0.000000,0.000000,0.000000
4.3800,-0.092601,-0.152178,-0.000426,0.112284,0.000000,0.000000,0.000000,-0.092602,0.152178,0.000426,0.112287,0.000000,0.000000,0.000000,0.000000
4.4000,-0.090715,-0.153005,-0.000432,0.102893,0.000000,0.000000,0.000000,-0.090716,0.153005,0.000432,0.102895,0.000000,0.000000,0.000000,0.000000
4.4200,-0.088871,-0.153813,-0.000438,0.093709,0.000000,0.000000,0.000000,-0.088872,0.153813,0.000437,0.093711,0.000000,0.000000,0.000000,0.000000
4.4400,-0.087070,-0.154603,-0.000443,0.084740,0.000000,0.000000,0.000000,-0.087071,0.154603,0.000443,0.084742,0.000000,0.000000,0.000000,0.000000
4.4600,-0.085313,-0.155373,-0.000449,0.075991,0.000000,0.000000,0.000000,-0.085314,0.155374,0.000448,0.075993,0.000000,0.000000,0.000000,0.000000
4.4800,-0.083602,-0.156124,-0.000454,0.067467,0.000000,0.000000,0.000000,-0.083602,0.156124,0.000453,0.067469,0.000000,0.000000,0.000000,0.000000
4.5000,-0.081936,-0.156854,-0.000459,0.059174,0.000000,0.000000,0.000000,-0.081937,0.156854,0.000458,0.059175,0.000000,0.000000,0.000000,0.000000
4.5200,-0.080318,-0.157564,-0.000464,0.051116,0.000000,0.000000,0.000000,-0.080319,0.157564,0.000463,0.051117,0.000000,0.000000,0.000000,0.000000
4.5400,-0.078748,-0.158252,-0.000468,0.043298,0.000000,0.000000,0.000000,-0.078749,0.158252,0.000468,0.043299,0.000000,0.000000,0.000000,0.000000
4.5600,-0.077227,-0.158919,-0.000473,0.035723,0.000000,0.000000,0.000000,-0.077228,0.158919,0.000473,0.035725,0.000000,0.000000,0.000000,0.000000
4.5800,-0.075756,-0.159564,-0.000477,0.028396,0.000000,0.000000,0.000000,-0.075757,0.159564,0.000477,0.028397,0.000000,0.000000,0.000000,0.000000
4.6000,-0.074335,-0.160187,-0.000482,0.021320,0.000000,0.000000,0.000000,-0.074336,0.160187,0.000481,0.021321,0.000000,0.000000,0.000000,0.000000
4.6200,-0.072965,-0.160788,-0.000486,0.014497,0.000000,0.000000,0.000000,-0.072966,0.160788,0.000485,0.014499,0.000000,0.000000,0.000000,0.000000
4.6400,-0.071647,-0.161366,-0.000490,0.007931,0.000000,0.000000,0.000000,-0.071647,0.161366,0.000489,0.007932,0.000000,0.000000,0.000000,0.000000
4.6600,-0.070380,-0.161921,-0.000494,0.001623,0.000000,0.000000,0.000000,-0.070381,0.161922,0.000493,0.001624,0.000000,0.000000,0.000000,0.000000
4.6800,-0.069166,-0.162454,-0.000497,-0.004425,0.000000,0.000000,0.000000,-0.069166,0.162454,0.000497,-0.004424,0.000000,0.000000,0.000000,0.000000
4.7000,-0.068004,-0.162963,-0.000501,-0.010212,0.000000,0.000000,0.000000,-0.068004,0.162964,0.000500,-0.010211,0.000000,0.000000,0.000000,0.000000
4.7200,-0.066894,-0.163450,-0.000504,-0.015737,0.000000,0.000000,0.000000,-0.066895,0.163450,0.000504,-0.015736,0.000000,0.000000,0.000000,0.000000
4.7400,-0.065838,-0.163913,-0.000507,-0.020999,0.000000,0.000000,0.000000,-0.065838,0.163914,0.000507,-0.020998,0.000000,0.000000,0.000000,0.000000
4.7600,-0.064834,-0.164354,-0.000510,-0.025999,0.000000,0.000000,0.000000,-0.064834,0.164354,0.000510,-0.025999,0.000000,0.000000,0.000000,0.000000
4.7800,-0.063882,-0.164771,-0.000513,-0.030738,0.000000,0.000000,0.000000,-0.063882,0.164771,0.000513,-0.030737,0.000000,0.000000,0.000000,0.000000
4.8000,-0.062983,-0.165165,-0.000516,-0.035216,0.000000,0.000000,0.000000,-0.062983,0.165166,0.000516,-0.035215,0.000000,0.000000,0.000000,0.000000
4.8200,-0.062136,-0.165537,-0.000519,-0.039435,0.000000,0.000000,0.000000,-0.062136,0.165537,0.000518,-0.039435,0.000000,0.000000,0.000000,0.000000
4.8400,-0.061340,-0.165886,-0.000521,-0.043398,0.000000,0.000000,0.000000,-0.061340,0.165886,0.000521,-0.043398,0.000000,0.000000,0.000000,0.000000
4.8600,-0.060595,-0.166212,-0.000523,-0.047107,0.000000,0.000000,0.000000,-0.060595,0.166213,0.000523,-0.047106,0.000000,0.000000,0.000000,0.000000
4.8800,-0.059901,-0.166517,-0.000525,-0.050565,0.000000,0.000000,0.000000,-0.059901,0.166517,0.000525,-0.050564,0.000000,0.000000,0.000000,0.000000
4.9000,-0.059256,-0.166799,-0.000527,-0.053776,0.000000,0.000000,0.000000,-0.059256,0.166800,0.000527,-0.053775,0.000000,0.000000,0.000000,0.000000
4.9200,-0.058660,-0.167061,-0.000529,-0.056744,0.000000,0.000000,0.000000,-0.058660,0.167061,0.000529,-0.056744,0.000000,0.000000,0.000000,0.000000
4.9400,-0.058112,-0.167301,-0.000531,-0.059474,0.000000,0.000000,0.000000,-0.058112,0.167302,0.000530,-0.059474,0.000000,0.000000,0.000000,0.000000
4.9600,-0.057610,-0.167521,-0.000532,-0.061973,0.000000,0.000000,0.000000,-0.057610,0.167522,0.000532,-0.061972,0.000000,0.000000,0.000000,0.000000
4.9800,-0.057154,-0.167721,-0.000534,-0.064245,0.000000,0.000000,0.000000,-0.057154,0.167722,0.000533,-0.064245,0.000000,0.000000,0.000000,0.000000
5.0000,-0.056742,-0.167902,-0.000535,-0.066298,0.000000,0.000000,0.000000,-0.056742,0.167902,0.000534,-0.066298,0.000000,0.000000,0.000000,0.000000
5.0200,-0.056372,-0.168064,-0.000536,-0.068139,0.000000,0.000000,0.000000,-0.056372,0.168064,0.000536,-0.068139,0.000000,0.000000,0.000000,0.000000
5.0400,-0.056043,-0.168208,-0.000537,-0.069776,0.000000,0.000000,0.000000,-0.056043,0.168209,0.000537,-0.069775,0.000000,0.000000,0.000000,0.000000
5.0600,-0.055754,-0.168335,-0.000538,-0.071217,0.000000,0.000000,0.000000,-0.055754,0.168335,0.000537,-0.071217,0.000000,0.000000,0.000000,0.000000
5.0800,-0.055502,-0.168446,-0.000539,-0.072472,0.000000,0.000000,0.000000,-0.055502,0.168446,0.000538,-0.072472,0.000000,0.000000,0.000000,0.000000
5.1000,-0.055285,-0.168541,-0.000539,-0.073552,0.000000,0.000000,0.000000,-0.055285,0.168541,0.000539,-0.073551,0.000000,0.000000,0.000000,0.000000
5.1200,-0.055102,-0.168621,-0.000540,-0.074465,0.000000,0.000000,0.000000,-0.055102,0.168622,0.000539,-0.074465,0.000000,0.000000,0.000000,0.000000
5.1400,-0.054949,-0.168688,-0.000540,-0.075225,0.000000,0.000000,0.000000,-0.054949,0.168688,0.000540,-0.075225,0.000000,0.000000,0.000000,0.000000
5.1600,-0.054825,-0.168742,-0.000541,-0.075842,0.000000,0.000000,0.000000,-0.054825,0.168743,0.000540,-0.075842,0.000000,0.000000,0.000000,0.000000
5.1800,-0.054727,-0.168785,-0.000541,-0.076331,0.000000,0.000000,0.000000,-0.054727,0.168786,0.000540,-0.076330,0.000000,0.000000,0.000000,0.000000
5.2000,-0.054652,-0.168818,-0.000541,-0.076703,0.000000,0.000000,0.000000,-0.054652,0.168819,0.000541,-0.076703,0.000000,0.000000,0.000000,0.000000
5.2200,-0.054598,-0.168842,-0.000541,-0.076974,0.000000,0.000000,0.000000,-0.054598,0.168842,0.000541,-0.076974,0.000000,0.000000,0.000000,0.000000
5.2400,-0.054561,-0.168858,-0.000542,-0.077158,0.000000,0.000000,0.000000,-0.054561,0.168859,0.000541,-0.077158,0.000000,0.000000,0.000000,0.000000
5.2600,-0.054538,-0.168868,-0.000542,-0.077271,0.000000,0.000000,0.000000,-0.054538,0.168869,0.000541,-0.077271,0.000000,0.000000,0.000000,0.000000
5.2800,-0.054526,-0.168873,-0.000542,-0.077330,0.000000,0.000000,0.000000,-0.054526,0.168874,0.000541,-0.077330,0.000000,0.000000,0.000000,0.000000
5.3000,-0.054522,-0.168875,-0.000542,-0.077352,0.000000,0.000000,0.000000,-0.054522,0.168876,0.000541,-0.077352,0.000000,0.000000,0.000000,0.000000
5.3200,-0.054521,-0.168875,-0.000542,-0.077355,0.000000,0.000000,0.000000,-0.054521,0.168876,0.000541,-0.077355,0.000000,0.000000,0.000000,0.000000
5.3400,-0.054522,-0.168875,-0.000542,-0.077352,0.000000,0.000000,0.000000,-0.054522,0.168876,0.000541,-0.077352,0.000000,0.000000,0.000000,0.000000
5.3600,-0.054530,-0.168873,-0.000542,-0.077328,0.000000,0.000000,0.000000,-0.054530,0.168873,0.000541,-0.077328,0.000000,0.000000,0.000000,0.000000
5.3800,-0.054549,-0.168866,-0.000542,-0.077264,0.000000,0.000000,0.000000,-0.054549,0.168866,0.000541,-0.077264,0.000000,0.000000,0.000000,0.000000
5.4000,-0.054587,-0.168853,-0.000542,-0.077141,0.000000,0.000000,0.000000,-0.054587,0.168853,0.000541,-0.077141,0.000000,0.000000,0.000000,0.000000
5.4200,-0.054648,-0.168832,-0.000541,-0.076942,0.000000,0.000000,0.000000,-0.054648,0.168832,0.000541,-0.076942,0.000000,0.000000,0.000000,0.000000
5.4400,-0.054738,-0.168800,-0.000541,-0.076649,0.000000,0.000000,0.000000,-0.054738,0.168801,0.000541,-0.076649,0.000000,0.000000,0.000000,0.000000
5.4600,-0.054861,-0.168758,-0.000541,-0.076246,0.000000,0.000000,0.000000,-0.054861,0.168758,0.000540,-0.076246,0.000000,0.000000,0.000000,0.000000
5.4800,-0.055023,-0.168702,-0.000541,-0.075718,0.000000,0.000000,0.000000,-0.055023,0.168702,0.000540,-0.075718,0.000000,0.000000,0.000000,0.000000
5.5000,-0.055227,-0.168631,-0.000540,-0.075051,0.000000,0.000000,0.000000,-0.055227,0.168631,0.000540,-0.075051,0.000000,0.000000,0.000000,0.000000
5.5200,-0.055478,-0.168544,-0.000540,-0.074231,0.000000,0.000000,0.000000,-0.055478,0.168544,0.000539,-0.074231,0.000000,0.000000,0.000000,0.000000
5.5400,-0.055780,-0.168439,-0.000539,-0.073246,0.000000,0.000000,0.000000,-0.055780,0.168440,0.000539,-0.073246,0.000000,0.000000,0.000000,0.000000
5.5600,-0.056136,-0.168316,-0.000538,-0.072083,0.000000,0.000000,0.000000,-0.056136,0.168316,0.000538,-0.072083,0.000000,0.000000,0.000000,0.000000
5.5800,-0.056550,-0.168172,-0.000538,-0.070731,0.000000,0.000000,0.000000,-0.056550,0.168173,0.000537,-0.070731,0.000000,0.000000,0.000000,0.000000
5.6000,-0.057025,-0.168008,-0.000537,-0.069180,0.000000,0.000000,0.000000,-0.057025,0.168008,0.000536,-0.069180,0.000000,0.000000,0.000000,0.000000
5.6200,-0.057564,-0.167821,-0.000536,-0.067420,0.000000,0.000000,0.000000,-0.057564,0.167821,0.000535,-0.067420,0.000000,0.000000,0.000000,0.000000
5.6400,-0.058170,-0.167611,-0.000534,-0.065442,0.000000,0.000000,0.000000,-0.058170,0.167612,0.000534,-0.065442,0.000000,0.000000,0.000000,0.000000
5.6600,-0.058845,-0.167377,-0.000533,-0.063238,0.000000,0.000000,0.000000,-0.058845,0.167378,0.000532,-0.063238,0.000000,0.000000,0.000000,0.000000
5.6800,-0.059592,-0.167119,-0.000531,-0.060801,0.000000,0.000000,0.000000,-0.059591,0.167119,0.000531,-0.060801,0.000000,0.000000,0.000000,0.000000
5.7000,-0.060412,-0.166834,-0.000530,-0.058124,0.000000,0.000000,0.000000,-0.060412,0.166835,0.000529,-0.058123,0.000000,0.000000,0.000000,0.000000
5.7200,-0.061307,-0.166524,-0.000528,-0.055200,0.000000,0.000000,0.000000,-0.061307,0.166524,0.000527,-0.055199,0.000000,0.000000,0.000000,0.000000
5.7400,-0.062280,-0.166187,-0.000526,-0.052024,0.000000,0.000000,0.000000,-0.062280,0.166187,0.000525,-0.052024,0.000000,0.000000,0.000000,0.000000
5.7600,-0.063331,-0.165823,-0.000524,-0.048591,0.000000,0.000000,0.000000,-0.063331,0.165823,0.000523,-0.048591,0.000000,0.000000,0.000000,0.000000
5.7800,-0.064462,-0.165431,-0.000522,-0.044898,0.000000,0.000000,0.000000,-0.064462,0.165431,0.000521,-0.044898,0.000000,0.000000,0.000000,0.000000
5.8000,-0.065674,-0.165011,-0.000519,-0.040941,0.000000,0.000000,0.000000,-0.065674,0.165011,0.000519,-0.040941,0.000000,0.000000,0.000000,0.000000
5.8200,-0.066968,-0.164562,-0.000516,-0.036716,0.000000,0.000000,0.000000,-0.066968,0.164563,0.000516,-0.036716,0.000000,0.000000,0.000000,0.000000
5.8400,-0.068344,-0.164085,-0.000514,-0.032223,0.000000,0.000000,0.000000,-0.068344,0.164086,0.000513,-0.032223,0.000000,0.000000,0.000000,0.000000
5.8600,-0.069804,-0.163580,-0.000511,-0.027458,0.000000,0.000000,0.000000,-0.069804,0.163580,0.000510,-0.027458,0.000000,0.000000,0.000000,0.000000
5.8800,-0.071347,-0.163045,-0.000508,-0.022420,0.000000,0.000000,0.000000,-0.071347,0.163045,0.000507,-0.022420,0.000000,0.000000,0.000000,0.000000
5.9000,-0.072973,-0.162481,-0.000504,-0.017110,0.000000,0.000000,0.000000,-0.072973,0.162482,0.000504,-0.017110,0.000000,0.000000,0.000000,0.000000
5.9200,-0.074683,-0.161889,-0.000501,-0.011528,0.000000,0.000000,0.000000,-0.074683,0.161889,0.000500,-0.011528,0.000000,0.000000,0.000000,0.000000
5.9400,-0.076476,-0.161267,-0.000497,-0.005672,0.000000,0.000000,0.000000,-0.076476,0.161268,0.000497,-0.005672,0.000000,0.000000,0.000000,0.000000
5.9600,-0.078352,-0.160617,-0.000493,0.000454,0.000000,0.000000,0.000000,-0.078352,0.160618,0.000493,0.000454,0.000000,0.000000,0.000000,0.000000
5.9800,-0.080311,-0.159938,-0.000489,0.006850,0.000000,0.000000,0.000000,-0.080311,0.159939,0.000489,0.006850,0.000000,0.000000,0.000000,0.000000
6.0000,-0.082352,-0.159231,-0.000485,0.013514,0.000000,0.000000,0.000000,-0.082352,0.159232,0.000485,0.013514,0.000000,0.000000,0.000000,0.000000
6.0200,-0.084474,-0.158496,-0.000481,0.020443,0.000000,0.000000,0.000000,-0.084474,0.158496,0.000480,0.020443,0.000000,0.000000,0.000000,0.000000
6.0400,-0.086677,-0.157733,-0.000476,0.027634,0.000000,0.000000,0.000000,-0.086677,0.157733,0.000476,0.027634,0.000000,0.000000,0.000000,0.000000
6.0600,-0.088959,-0.156942,-0.000472,0.035084,0.000000,0.000000,0.000000,-0.088959,0.156942,0.000471,0.035084,0.000000,0.000000,0.000000,0.000000
6.0800,-0.091318,-0.156124,-0.000467,0.042789,0.000000,0.000000,0.000000,-0.091318,0.156125,0.000467,0.042789,0.000000,0.000000,0.000000,0.000000
6.1000,-0.093755,-0.155280,-0.000462,0.050744,0.000000,0.000000,0.000000,-0.093755,0.155280,0.000462,0.050744,0.000000,0.000000,0.000000,0.000000
6.1200,-0.096267,-0.154409,-0.000457,0.058946,0.000000,0.000000,0.000000,-0.096267,0.154410,0.000457,0.058946,0.000000,0.000000,0.000000,0.000000
6.1400,-0.098853,-0.153513,-0.000452,0.067388,0.000000,0.000000,0.000000,-0.098853,0.153514,0.000451,0.067388,0.000000,0.000000,0.000000,0.000000
6.1600,-0.101510,-0.152592,-0.000446,0.076066,0.000000,0.000000,0.000000,-0.101510,0.152593,0.000446,0.076066,0.000000,0.000000,0.000000,0.000000
6.1800,-0.104239,-0.151647,-0.000441,0.084974,0.000000,0.000000,0.000000,-0.104239,0.151647,0.000440,0.084974,0.000000,0.000000,0.000000,0.000000
6.2000,-0.107035,-0.150678,-0.000435,0.094105,0.000000,0.000000,0.000000,-0.107035,0.150678,0.000435,0.094105,0.000000,0.000000,0.000000,0.000000
6.2200,-0.109898,-0.149686,-0.000429,0.103452,0.000000,0.000000,0.000000,-0.109898,0.149686,0.000429,0.103452,0.000000,0.000000,0.000000,0.000000
6.2400,-0.112826,-0.148671,-0.000423,0.113010,0.000000,0.000000,0.000000,-0.112825,0.148672,0.000423,0.113010,0.000000,0.000000,0.000000,0.000000
6.2600,-0.115815,-0.147635,-0.000417,0.122771,0.000000,0.000000,0.000000,-0.115815,0.147636,0.000417,0.122771,0.000000,0.000000,0.000000,0.000000
6.2800,-0.118864,-0.146579,-0.000411,0.132727,0.000000,0.000000,0.000000,-0.118864,0.146579,0.000411,0.132727,0.000000,0.000000,0.000000,0.000000
6.3000,-0.121971,-0.145502,-0.000405,0.142871,0.000000,0.000000,0.000000,-0.121971,0.145502,0.000404,0.142871,0.000000,0.000000,0.000000,0.000000
6.3200,-0.125133,-0.144406,-0.000399,0.153195,0.000000,0.000000,0.000000,-0.125133,0.144407,0.000398,0.153195,0.000000,0.000000,0.000000,0.000000
6.3400,-0.128347,-0.143292,-0.000392,0.163690,0.000000,0.000000,0.000000,-0.128347,0.143293,0.000392,0.163690,0.000000,0.000000,0.000000,0.000000
6.3600,-0.131612,-0.142161,-0.000385,0.174348,0.000000,0.000000,0.000000,-0.131612,0.142162,0.000385,0.174348,0.000000,0.000000,0.000000,0.000000
6.3800,-0.134923,-0.141014,-0.000379,0.185160,0.000000,0.000000,0.000000,-0.134923,0.141014,0.000378,0.185160,0.000000,0.000000,0.000000,0.000000
6.4000,-0.138279,-0.139851,-0.000372,0.196118,0.000000,0.000000,0.000000,-0.138279,0.139851,0.000371,0.196118,0.000000,0.000000,0.000000,0.000000
6.4200,-0.141677,-0.138673,-0.000365,0.207212,0.000000,0.000000,0.000000,-0.141677,0.138674,0.000365,0.207212,0.000000,0.000000,0.000000,0.000000
6.4400,-0.145113,-0.137482,-0.000358,0.218432,0.000000,0.000000,0.000000,-0.145113,0.137483,0.000358,0.218432,0.000000,0.000000,0.000000,0.000000
6.4600,-0.148586,-0.136279,-0.000351,0.229770,0.000000,0.000000,0.000000,-0.148586,0.136279,0.000351,0.229770,0.000000,0.000000,0.000000,0.000000
6.4800,-0.152091,-0.135064,-0.000344,0.241215,0.000000,0.000000,0.000000,-0.152091,0.135065,0.000343,0.241215,0.000000,0.000000,0.000000,0.000000
6.5000,-0.155627,-0.133839,-0.000337,0.252758,0.000000,0.000000,0.000000,-0.155627,0.133839,0.000336,0.252758,0.000000,0.000000,0.000000,0.000000
6.5200,-0.159189,-0.132605,-0.000329,0.264389,0.000000,0.000000,0.000000,-0.159189,0.132605,0.000329,0.264389,0.000000,0.000000,0.000000,0.000000
6.5400,-0.162775,-0.131362,-0.000322,0.276098,0.000000,0.000000,0.000000,-0.162775,0.131362,0.000322,0.276098,0.000000,0.000000,0.000000,0.000000
6.5600,-0.166382,-0.130112,-0.000315,0.287875,0.000000,0.000000,0.000000,-0.166382,0.130112,0.000315,0.287875,0.000000,0.000000,0.000000,0.000000
6.5800,-0.170006,-0.128856,-0.000308,0.299708,0.000000,0.000000,0.000000,-0.170006,0.128856,0.000307,0.299708,0.000000,0.000000,0.000000,0.000000
6.6000,-0.173645,-0.127595,-0.000300,0.311589,0.000000,0.000000,0.000000,-0.173645,0.127595,0.000300,0.311589,0.000000,0.000000,0.000000,0.000000
6.6200,-0.177295,-0.126330,-0.000293,0.323507,0.000000,0.000000,0.000000,-0.177295,0.126331,0.000292,0.323507,0.000000,0.000000,0.000000,0.000000
6.6400,-0.180953,-0.125063,-0.000285,0.335451,0.000000,0.000000,0.000000,-0.180953,0.125063,0.000285,0.335451,0.000000,0.000000,0.000000,0.000000
6.6600,-0.184616,-0.123793,-0.000278,0.347410,0.000000,0.000000,0.000000,-0.184616,0.123794,0.000278,0.347410,0.000000,0.000000,0.000000,0.000000
6.6800,-0.188281,-0.122523,-0.000270,0.359375,0.000000,0.000000,0.000000,-0.188281,0.122524,0.000270,0.359375,0.000000,0.000000,0.000000,0.000000
6.7000,-0.191944,-0.121254,-0.000263,0.371334,0.000000,0.000000,0.000000,-0.191944,0.121254,0.000263,0.371334,0.000000,0.000000,0.000000,0.000000
6.7200,-0.195602,-0.119986,-0.000256,0.383278,0.000000,0.000000,0.000000,-0.195602,0.119987,0.000255,0.383278,0.000000,0.000000,0.000000,0.000000
6.7400,-0.199252,-0.118722,-0.000248,0.395196,0.000000,0.000000,0.000000,-0.199252,0.118722,0.000248,0.395196,0.000000,0.000000,0.000000,0.000000
6.7600,-0.202891,-0.117461,-0.000241,0.407077,0.000000,0.000000,0.000000,-0.202891,0.117461,0.000241,0.407077,0.000000,0.000000,0.000000,0.000000
6.7800,-0.206515,-0.116205,-0.000234,0.418911,0.000000,0.000000,0.000000,-0.206515,0.116205,0.000233,0.418911,0.000000,0.000000,0.000000,0.000000
6.8000,-0.210122,-0.114955,-0.000226,0.430687,0.000000,0.000000,0.000000,-0.210122,0.114955,0.000226,0.430687,0.000000,0.000000,0.000000,0.000000
6.8200,-0.213708,-0.113712,-0.000219,0.442396,0.000000,0.000000,0.000000,-0.213708,0.113712,0.000219,0.442396,0.000000,0.000000,0.000000,0.000000
6.8400,-0.217270,-0.112478,-0.000212,0.454027,0.000000,0.000000,0.000000,-0.217270,0.112478,0.000211,0.454027,0.000000,0.000000,0.000000,0.000000
6.8600,-0.220806,-0.111253,-0.000205,0.465570,0.000000,0.000000,0.000000,-0.220806,0.111253,0.000204,0.465570,0.000000,0.000000,0.000000,0.000000
6.8800,-0.224311,-0.110038,-0.000197,0.477015,0.000000,0.000000,0.000000,-0.224311,0.110038,0.000197,0.477015,0.000000,0.000000,0.000000,0.000000
6.9000,-0.227783,-0.108834,-0.000190,0.488353,0.000000,0.000000,0.000000,-0.227783,0.108835,0.000190,0.488353,0.000000,0.000000,0.000000,0.000000
6.9200,-0.231220,-0.107644,-0.000183,0.499574,0.000000,0.000000,0.000000,-0.231220,0.107644,0.000183,0.499574,0.000000,0.000000,0.000000,0.000000
6.9400,-0.234618,-0.106466,-0.000177,0.510667,0.000000,0.000000,0.000000,-0.234618,0.106466,0.000176,0.510667,0.000000,0.000000,0.000000,0.000000
6.9600,-0.237974,-0.105303,-0.000170,0.521625,0.000000,0.000000,0.000000,-0.237974,0.105303,0.000170,0.521625,0.000000,0.000000,0.000000,0.000000
6.9800,-0.241285,-0.104156,-0.000163,0.532437,0.000000,0.000000,0.000000,-0.241285,0.104156,0.000163,0.532437,0.000000,0.000000,0.000000,0.000000
7.0000,-0.244549,-0.103024,-0.000156,0.543095,0.000000,0.000000,0.000000,-0.244549,0.103025,0.000156,0.543095,0.000000,0.000000,0.000000,0.000000
7.0200,-0.247764,-0.101911,-0.000150,0.553590,0.000000,0.000000,0.000000,-0.247764,0.101911,0.000150,0.553590,0.000000,0.000000,0.000000,0.000000
7.0400,-0.250926,-0.100815,-0.000143,0.563914,0.000000,0.000000,0.000000,-0.250926,0.100815,0.000143,0.563914,0.000000,0.000000,0.000000,0.000000
7.0600,-0.254033,-0.099738,-0.000137,0.574058,0.000000,0.000000,0.000000,-0.254033,0.099738,0.000137,0.574058,0.000000,0.000000,0.000000,0.000000
7.0800,-0.257082,-0.098682,-0.000131,0.584014,0.000000,0.000000,0.000000,-0.257082,0.098682,0.000131,0.584014,0.000000,0.000000,0.000000,0.000000
7.1000,-0.260071,-0.097646,-0.000125,0.593775,0.000000,0.000000,0.000000,-0.260071,0.097646,0.000125,0.593775,0.000000,0.000000,0.000000,0.000000
7.1200,-0.262999,-0.096631,-0.000119,0.603333,0.000000,0.000000,0.000000,-0.262999,0.096631,0.000119,0.603333,0.000000,0.000000,0.000000,0.000000
7.1400,-0.265862,-0.095639,-0.000113,0.612680,0.000000,0.000000,0.000000,-0.265862,0.095639,0.000113,0.612680,0.000000,0.000000,0.000000,0.000000
7.1600,-0.268658,-0.094670,-0.000108,0.621811,0.000000,0.000000,0.000000,-0.268658,0.094670,0.000107,0.621811,0.000000,0.000000,0.000000,0.000000
7.1800,-0.271386,-0.093725,-0.000102,0.630719,0.000000,0.000000,0.000000,-0.271386,0.093725,0.000102,0.630719,0.000000,0.000000,0.000000,0.000000
7.2000,-0.274044,-0.092804,-0.000097,0.639397,0.000000,0.000000,0.000000,-0.274044,0.092804,0.000096,0.639397,0.000000,0.000000,0.000000,0.000000
7.2200,-0.276630,-0.091908,-0.000091,0.647839,0.000000,0.000000,0.000000,-0.276630,0.091908,0.000091,0.647839,0.000000,0.000000,0.000000,0.000000
7.2400,-0.279142,-0.091037,-0.000086,0.656041,0.000000,0.000000,0.000000,-0.279142,0.091037,0.000086,0.656041,0.000000,0.000000,0.000000,0.000000
7.2600,-0.281578,-0.090193,-0.000081,0.663996,0.000000,0.000000,0.000000,-0.281578,0.090193,0.000081,0.663996,0.000000,0.000000,0.000000,0.000000
7.2800,-0.283938,-0.089375,-0.000077,0.671701,0.000000,0.000000,0.000000,-0.283938,0.089375,0.000076,0.671701,0.000000,0.000000,0.000000,0.000000
7.3000,-0.286220,-0.088584,-0.000072,0.679151,0.000000,0.000000,0.000000,-0.286220,0.088584,0.000072,0.679151,0.000000,0.000000,0.000000,0.000000
7.3200,-0.288422,-0.087821,-0.000067,0.686342,0.000000,0.000000,0.000000,-0.288422,0.087821,0.000067,0.686342,0.000000,0.000000,0.000000,0.000000
7.3400,-0.290545,-0.087086,-0.000063,0.693271,0.000000,0.000000,0.000000,-0.290545,0.087086,0.000063,0.693271,0.000000,0.000000,0.000000,0.000000
7.3600,-0.292586,-0.086378,-0.000059,0.699935,0.000000,0.000000,0.000000,-0.292586,0.086378,0.000059,0.699935,0.000000,0.000000,0.000000,0.000000
7.3800,-0.294545,-0.085700,-0.000055,0.706331,0.000000,0.000000,0.000000,-0.294544,0.085700,0.000055,0.706331,0.000000,0.000000,0.000000,0.000000
7.4000,-0.296421,-0.085049,-0.000051,0.712458,0.000000,0.000000,0.000000,-0.296421,0.085049,0.000051,0.712457,0.000000,0.000000,0.000000,0.000000
7.4200,-0.298214,-0.084428,-0.000048,0.718313,0.000000,0.000000,0.000000,-0.298214,0.084428,0.000048,0.718313,0.000000,0.000000,0.000000,0.000000
7.4400,-0.299924,-0.083835,-0.000044,0.723895,0.000000,0.000000,0.000000,-0.299924,0.083835,0.000044,0.723895,0.000000,0.000000,0.000000,0.000000
7.4600,-0.301550,-0.083272,-0.000041,0.729205,0.000000,0.000000,0.000000,-0.301550,0.083272,0.000041,0.729205,0.000000,0.000000,0.000000,0.000000
7.4800,-0.303093,-0.082737,-0.000038,0.734243,0.000000,0.000000,0.000000,-0.303093,0.082737,0.000038,0.734243,0.000000,0.000000,0.000000,0.000000
7.5000,-0.304552,-0.082231,-0.000035,0.739008,0.000000,0.000000,0.000000,-0.304552,0.082231,0.000035,0.739008,0.000000,0.000000,0.000000,0.000000
7.5200,-0.305929,-0.081754,-0.000032,0.743501,0.000000,0.000000,0.000000,-0.305929,0.081755,0.000032,0.743501,0.000000,0.000000,0.000000,0.000000
7.5400,-0.307223,-0.081306,-0.000029,0.747726,0.000000,0.000000,0.000000,-0.307223,0.081306,0.000029,0.747726,0.000000,0.000000,0.000000,0.000000
7.5600,-0.308435,-0.080886,-0.000027,0.751683,0.000000,0.000000,0.000000,-0.308435,0.080886,0.000027,0.751683,0.000000,0.000000,0.000000,0.000000
7.5800,-0.309566,-0.080494,-0.000025,0.755376,0.000000,0.000000,0.000000,-0.309566,0.080494,0.000025,0.755376,0.000000,0.000000,0.000000,0.000000
7.6000,-0.310617,-0.080130,-0.000022,0.758809,0.000000,0.000000,0.000000,-0.310617,0.080130,0.000022,0.758809,0.000000,0.000000,0.000000,0.000000
7.6200,-0.311590,-0.079793,-0.000020,0.761985,0.000000,0.000000,0.000000,-0.311590,0.079793,0.000020,0.761985,0.000000,0.000000,0.000000,0.000000
7.6400,-0.312485,-0.079482,-0.000019,0.764909,0.000000,0.000000,0.000000,-0.312485,0.079483,0.000019,0.764909,0.000000,0.000000,0.000000,0.000000
7.6600,-0.313305,-0.079198,-0.000017,0.767586,0.000000,0.000000,0.000000,-0.313305,0.079198,0.000017,0.767586,0.000000,0.000000,0.000000,0.000000
7.6800,-0.314052,-0.078940,-0.000015,0.770023,0.000000,0.000000,0.000000,-0.314052,0.078940,0.000015,0.770023,0.000000,0.000000,0.000000,0.000000
7.7000,-0.314727,-0.078706,-0.000014,0.772227,0.000000,0.000000,0.000000,-0.314727,0.078706,0.000014,0.772227,0.000000,0.000000,0.000000,0.000000
7.7200,-0.315333,-0.078496,-0.000013,0.774205,0.000000,0.000000,0.000000,-0.315333,0.078496,0.000013,0.774205,0.000000,0.000000,0.000000,0.000000
7.7400,-0.315872,-0.078309,-0.000012,0.775965,0.000000,0.000000,0.000000,-0.315872,0.078309,0.000012,0.775965,0.000000,0.000000,0.000000,0.000000
7.7600,-0.316347,-0.078144,-0.000011,0.777516,0.000000,0.000000,0.000000,-0.316347,0.078144,0.000011,0.777516,0.000000,0.000000,0.000000,0.000000
7.7800,-0.316761,-0.078001,-0.000010,0.778868,0.000000,0.000000,0.000000,-0.316761,0.078001,0.000010,0.778868,0.000000,0.000000,0.000000,0.000000
7.8000,-0.317117,-0.077877,-0.000009,0.780031,0.000000,0.000000,0.000000,-0.317117,0.077877,0.000009,0.780031,0.000000,0.000000,0.000000,0.000000
7.8200,-0.317419,-0.077773,-0.000009,0.781017,0.000000,0.000000,0.000000,-0.317419,0.077773,0.000009,0.781016,0.000000,0.000000,0.000000,0.000000
7.8400,-0.317670,-0.077686,-0.000008,0.781836,0.000000,0.000000,0.000000,-0.317670,0.077686,0.000008,0.781836,0.000000,0.000000,0.000000,0.000000
7.8600,-0.317874,-0.077615,-0.000008,0.782503,0.000000,0.000000,0.000000,-0.317874,0.077615,0.000008,0.782503,0.000000,0.000000,0.000000,0.000000
7.8800,-0.318036,-0.077559,-0.000007,0.783031,0.000000,0.000000,0.000000,-0.318036,0.077559,0.000007,0.783031,0.000000,0.000000,0.000000,0.000000
7.9000,-0.318159,-0.077516,-0.000007,0.783434,0.000000,0.000000,0.000000,-0.318159,0.077516,0.000007,0.783434,0.000000,0.000000,0.000000,0.000000
7.9200,-0.318249,-0.077485,-0.000007,0.783727,0.000000,0.000000,0.000000,-0.318249,0.077485,0.000007,0.783727,0.000000,0.000000,0.000000,0.000000
7.9400,-0.318310,-0.077464,-0.000007,0.783926,0.000000,0.000000,0.000000,-0.318310,0.077464,0.000007,0.783926,0.000000,0.000000,0.000000,0.000000
7.9600,-0.318348,-0.077451,-0.000007,0.784049,0.000000,0.000000,0.000000,-0.318348,0.077451,0.000007,0.784049,0.000000,0.000000,0.000000,0.000000
7.9800,-0.318367,-0.077444,-0.000007,0.784113,0.000000,0.000000,0.000000,-0.318367,0.077444,0.000007,0.784113,0.000000,0.000000,0.000000,0.000000
8.0000,-0.318374,-0.077442,-0.000007,0.784137,0.000000,0.000000,0.000000,-0.318374,0.077442,0.000007,0.784137,0.000000,0.000000,0.000000,0.000000
8.0200,-0.318376,-0.077441,-0.000007,0.784140,0.000000,0.000000,0.000000,-0.318376,0.077441,0.000007,0.784140,0.000000,0.000000,0.000000,0.000000
8.0400,-0.318383,-0.077441,-0.000007,0.784163,0.000000,0.000000,0.000000,-0.318383,0.077441,0.000007,0.784163,0.000000,0.000000,0.000000,0.000000
8.0600,-0.318433,-0.077435,-0.000007,0.784319,0.000000,0.000000,0.000000,-0.318433,0.077435,0.000007,0.784319,0.000000,0.000000,0.000000,0.000000
8.0800,-0.318563,-0.077421,-0.000007,0.784724,0.000000,0.000000,0.000000,-0.318563,0.077421,0.000007,0.784724,0.000000,0.000000,0.000000,0.000000
8.1000,-0.318807,-0.077394,-0.000007,0.785483,0.000000,0.000000,0.000000,-0.318807,0.077395,0.000007,0.785483,0.000000,0.000000,0.000000,0.000000
8.1200,-0.319193,-0.077353,-0.000007,0.786683,0.000000,0.000000,0.000000,-0.319193,0.077353,0.000007,0.786683,0.000000,0.000000,0.000000,0.000000
8.1400,-0.319745,-0.077293,-0.000007,0.788399,0.000000,0.000000,0.000000,-0.319745,0.077293,0.000007,0.788399,0.000000,0.000000,0.000000,0.000000
8.1600,-0.320482,-0.077213,-0.000007,0.790693,0.000000,0.000000,0.000000,-0.320482,0.077213,0.000007,0.790693,0.000000,0.000000,0.000000,0.000000
8.1800,-0.321421,-0.077111,-0.000007,0.793613,0.000000,0.000000,0.000000,-0.321421,0.077111,0.000006,0.793613,0.000000,0.000000,0.000000,0.000000
8.2000,-0.322573,-0.076986,-0.000006,0.797196,0.000000,0.000000,0.000000,-0.322573,0.076986,0.000006,0.797196,0.000000,0.000000,0.000000,0.000000
8.2200,-0.323947,-0.076837,-0.000006,0.801468,0.000000,0.000000,0.000000,-0.323947,0.076837,0.000006,0.801468,0.000000,0.000000,0.000000,0.000000
8.2400,-0.325547,-0.076663,-0.000006,0.806443,0.000000,0.000000,0.000000,-0.325547,0.076663,0.000006,0.806443,0.000000,0.000000,0.000000,0.000000
8.2600,-0.327374,-0.076465,-0.000006,0.812126,0.000000,0.000000,0.000000,-0.327374,0.076465,0.000006,0.812126,0.000000,0.000000,0.000000,0.000000
8.2800,-0.329428,-0.076242,-0.000006,0.818513,0.000000,0.000000,0.000000,-0.329428,0.076242,0.000006,0.818513,0.000000,0.000000,0.000000,0.000000
8.3000,-0.331703,-0.075996,-0.000006,0.825590,0.000000,0.000000,0.000000,-0.331703,0.075996,0.000006,0.825590,0.000000,0.000000,0.000000,0.000000
8.3200,-0.334194,-0.075725,-0.000006,0.833335,0.000000,0.000000,0.000000,-0.334194,0.075726,0.000006,0.833335,0.000000,0.000000,0.000000,0.000000
8.3400,-0.336890,-0.075433,-0.000005,0.841720,0.000000,0.000000,0.000000,-0.336890,0.075433,0.000005,0.841720,0.000000,0.000000,0.000000,0.000000
8.3600,-0.339780,-0.075120,-0.000005,0.850707,0.000000,0.000000,0.000000,-0.339780,0.075120,0.000005,0.850707,0.000000,0.000000,0.000000,0.000000
8.3800,-0.342850,-0.074787,-0.000005,0.860256,0.000000,0.000000,0.000000,-0.342850,0.074787,0.000005,0.860256,0.000000,0.000000,0.000000,0.000000
8.4000,-0.346085,-0.074436,-0.000005,0.870317,0.000000,0.000000,0.000000,-0.346085,0.074436,0.000005,0.870317,0.000000,0.000000,0.000000,0.000000
8.4200,-0.349468,-0.074069,-0.000004,0.880837,0.000000,0.000000,0.000000,-0.349468,0.074069,0.000004,0.880837,0.000000,0.000000,0.000000,0.000000
8.4400,-0.352980,-0.073688,-0.000004,0.891760,0.000000,0.000000,0.000000,-0.352980,0.073688,0.000004,0.891760,0.000000,0.000000,0.000000,0.000000
8.4600,-0.356602,-0.073295,-0.000004,0.903024,0.000000,0.000000,0.000000,-0.356602,0.073295,0.000004,0.903024,0.000000,0.000000,0.000000,0.000000
8.4800,-0.360312,-0.072892,-0.000004,0.914564,0.000000,0.000000,0.000000,-0.360312,0.072892,0.000004,0.914564,0.000000,0.000000,0.000000,0.000000
8.5000,-0.364090,-0.072483,-0.000003,0.926314,0.000000,0.000000,0.000000,-0.364090,0.072483,0.000003,0.926314,0.000000,0.000000,0.000000,0.000000
8.5200,-0.367914,-0.072068,-0.000003,0.938204,0.000000,0.000000,0.000000,-0.367914,0.072068,0.000003,0.938204,0.000000,0.000000,0.000000,0.000000
8.5400,-0.371760,-0.071651,-0.000003,0.950165,0.000000,0.000000,0.000000,-0.371760,0.071651,0.000003,0.950165,0.000000,0.000000,0.000000,0.000000
8.5600,-0.375606,-0.071233,-0.000003,0.962127,0.000000,0.000000,0.000000,-0.375606,0.071233,0.000003,0.962127,0.000000,0.000000,0.000000,0.000000
8.5800,-0.379429,-0.070819,-0.000002,0.974017,0.000000,0.000000,0.000000,-0.379429,0.070819,0.000002,0.974017,0.000000,0.000000,0.000000,0.000000
8.6000,-0.383207,-0.070409,-0.000002,0.985767,0.000000,0.000000,0.000000,-0.383207,0.070409,0.000002,0.985767,0.000000,0.000000,0.000000,0.000000
8.6200,-0.386918,-0.070006,-0.000002,0.997307,0.000000,0.000000,0.000000,-0.386918,0.070006,0.000002,0.997307,0.000000,0.000000,0.000000,0.000000
8.6400,-0.390540,-0.069614,-0.000002,1.008571,0.000000,0.000000,0.000000,-0.390540,0.069614,0.000002,1.008571,0.000000,0.000000,0.000000,0.000000
8.6600,-0.394052,-0.069233,-0.000001,1.019493,0.000000,0.000000,0.000000,-0.394052,0.069233,0.000001,1.019494,0.000000,0.000000,0.000000,0.000000
8.6800,-0.397435,-0.068866,-0.000001,1.030014,0.000000,0.000000,0.000000,-0.397435,0.068866,0.000001,1.030014,0.000000,0.000000,0.000000,0.000000
8.7000,-0.400670,-0.068515,-0.000001,1.040075,0.000000,0.000000,0.000000,-0.400670,0.068515,0.000001,1.040075,0.000000,0.000000,0.000000,0.000000
8.7200,-0.403740,-0.068182,-0.000001,1.049624,0.000000,0.000000,0.000000,-0.403740,0.068182,0.000001,1.049624,0.000000,0.000000,0.000000,0.000000
8.7400,-0.406630,-0.067868,-0.000000,1.058611,0.000000,0.000000,0.000000,-0.406630,0.067868,0.000000,1.058611,0.000000,0.000000,0.000000,0.000000
8.7600,-0.409326,-0.067576,-0.000000,1.066996,0.000000,0.000000,0.000000,-0.409326,0.067576,0.000000,1.066996,0.000000,0.000000,0.000000,0.000000
8.7800,-0.411816,-0.067306,-0.000000,1.074741,0.000000,0.000000,0.000000,-0.411816,0.067306,0.000000,1.074741,0.000000,0.000000,0.000000,0.000000
8.8000,-0.414092,-0.067059,0.000000,1.081818,0.000000,0.000000,0.000000,-0.414092,0.067059,-0.000000,1.081818,0.000000,0.000000,0.000000,0.000000
8.8200,-0.416145,-0.066836,0.000000,1.088205,0.000000,0.000000,0.000000,-0.416145,0.066836,-0.000000,1.088205,0.000000,0.000000,0.000000,0.000000
8.8400,-0.417973,-0.066638,0.000000,1.093888,0.000000,0.000000,0.000000,-0.417973,0.066638,-0.000000,1.093888,0.000000,0.000000,0.000000,0.000000
8.8600,-0.419573,-0.066464,0.000001,1.098863,0.000000,0.000000,0.000000,-0.419573,0.066464,-0.000001,1.098863,0.000000,0.000000,0.000000,0.000000
8.8800,-0.420946,-0.066315,0.000001,1.103135,0.000000,0.000000,0.000000,-0.420946,0.066315,-0.000001,1.103135,0.000000,0.000000,0.000000,0.000000
8.9000,-0.422098,-0.066190,0.000001,1.106718,0.000000,0.000000,0.000000,-0.422098,0.066190,-0.000001,1.106718,0.000000,0.000000,0.000000,0.000000
8.9200,-0.423037,-0.066089,0.000001,1.109638,0.000000,0.000000,0.000000,-0.423037,0.066088,-0.000001,1.109638,0.000000,0.000000,0.000000,0.000000
8.9400,-0.423775,-0.066009,0.000001,1.111932,0.000000,0.000000,0.000000,-0.423775,0.066008,-0.000001,1.111932,0.000000,0.000000,0.000000,0.000000
8.9600,-0.424326,-0.065949,0.000001,1.113648,0.000000,0.000000,0.000000,-0.424327,0.065949,-0.000001,1.113648,0.000000,0.000000,0.000000,0.000000
8.9800,-0.424712,-0.065907,0.000001,1.114848,0.000000,0.000000,0.000000,-0.424712,0.065907,-0.000001,1.114848,0.000000,0.000000,0.000000,0.000000
9.0000,-0.424956,-0.065880,0.000001,1.115607,0.000000,0.000000,0.000000,-0.424956,0.065880,-0.000001,1.115607,0.000000,0.000000,0.000000,0.000000
9.0200,-0.425087,-0.065866,0.000001,1.116012,0.000000,0.000000,0.000000,-0.425087,0.065866,-0.000001,1.116012,0.000000,0.000000,0.000000,0.000000
9.0400,-0.425137,-0.065861,0.000001,1.116167,0.000000,0.000000,0.000000,-0.425137,0.065861,-0.000001,1.116168,0.000000,0.000000,0.000000,0.000000
9.0600,-0.425144,-0.065860,0.000001,1.116190,0.000000,0.000000,0.000000,-0.425144,0.065860,-0.000001,1.116191,0.000000,0.000000,0.000000,0.000000
9.0800,-0.425144,-0.065860,0.000001,1.116190,0.000000,0.000000,0.000000,-0.425144,0.065860,-0.000001,1.116191,0.000000,0.000000,0.000000,0.000000
9.1000,-0.425144,-0.065860,0.000001,1.116190,0.000000,0.000000,0.000000,-0.425144,0.065860,-0.000001,1.116191,0.000000,0.000000,0.000000,0.000000
9.1200,-0.425144,-0.065860,0.000001,1.116190,0.000000,0.000000,0.000000,-0.425144,0.065860,-0.000001,1.116191,0.000000,0.000000,0.000000,0.000000
9.1400,-0.425144,-0.065860,0.000001,1.116190,0.000000,0.000000,0.000000,-0.425144,0.065860,-0.000001,1.116191,0.000000,0.000000,0.000000,0.000000
9.1600,-0.425144,-0.065860,0.000001,1.116190,0.000000,0.000000,0.000000,-0.425144,0.065860,-0.000001,1.116191,0.000000,0.000000,0.000000,0.000000
9.1800,-0.425144,-0.065860,0.000001,1.116190,0.000000,0.000000,0.000000,-0.425144,0.065860,-0.000001,1.116191,0.000000,0.000000,0.000000,0.000000
9.2000,-0.425144,-0.065860,0.000001,1.116190,0.000000,0.000000,0.000000,-0.425144,0.065860,-0.000001,1.116191,0.000000,0.000000,0.000000,0.000000
9.2200,-0.425144,-0.065860,0.000001,1.116190,0.000000,0.000000,0.000000,-0.425144,0.065860,-0.000001,1.116191,0.000000,0.000000,0.000000,0.000000
9.2400,-0.425144,-0.065860,0.000001,1.116190,0.000000,0.000000,0.000000,-0.425144,0.065860,-0.000001,1.116191,0.000000,0.000000,0.000000,0.000000
9.2600,-0.425144,-0.065860,0.000001,1.116190,0.000000,0.000000,0.000000,-0.425144,0.065860,-0.000001,1.116191,0.000000,0.000000,0.000000,0.000000
9.2800,-0.425144,-0.065860,0.000001,1.116190,0.000000,0.000000,0.000000,-0.425144,0.065860,-0.000001,1.116191,0.000000,0.000000,0.000000,0.000000
9.3000,-0.425144,-0.065860,0.000001,1.116190,0.000000,0.000000,0.000000,-0.425144,0.065860,-0.000001,1.116191,0.000000,0.000000,0.000000,0.000000
9.3200,-0.425144,-0.065860,0.000001,1.116190,0.000000,0.000000,0.000000,-0.425144,0.065860,-0.000001,1.116191,0.000000,0.000000,0.000000,0.000000
9.3400,-0.425144,-0.065860,0.000001,1.116190,0.000000,0.000000,0.000000,-0.425144,0.065860,-0.000001,1.116191,0.000000,0.000000,0.000000,0.000000
9.3600,-0.425144,-0.065860,0.000001,1.116190,0.000000,0.000000,0.000000,-0.425144,0.065860,-0.000001,1.116191,0.000000,0.000000,0.000000,0.000000
9.3800,-0.425144,-0.065860,0.000001,1.116190,0.000000,0.000000,0.000000,-0.425144,0.065860,-0.000001,1.116191,0.000000,0.000000,0.000000,0.000000
9.4000,-0.425144,-0.065860,0.000001,1.116190,0.000000,0.000000,0.000000,-0.425144,0.065860,-0.000001,1.116191,0.000000,0.000000,0.000000,0.000000
9.4200,-0.425144,-0.065860,0.000001,1.116190,0.000000,0.000000,0.000000,-0.425144,0.065860,-0.000001,1.116191,0.000000,0.000000,0.000000,0.000000
9.4400,-0.425144,-0.065860,0.000001,1.116190,0.000000,0.000000,0.000000,-0.425144,0.065860,-0.000001,1.116191,0.000000,0.000000,0.000000,0.000000
9.4600,-0.425144,-0.065860,0.000001,1.116190,0.000000,0.000000,0.000000,-0.425144,0.065860,-0.000001,1.116191,0.000000,0.000000,0.000000,0.000000
9.4800,-0.425144,-0.065860,0.000001,1.116190,0.000000,0.000000,0.000000,-0.425144,0.065860,-0.000001,1.116191,0.000000,0.000000,0.000000,0.000000
9.5000,-0.425144,-0.065860,0.000001,1.116190,0.000000,0.000000,0.000000,-0.425144,0.065860,-0.000001,1.116191,0.000000,0.000000,0.000000,0.000000
9.5200,-0.425144,-0.065860,0.000001,1.116190,0.000000,0.000000,0.000000,-0.425144,0.065860,-0.000001,1.116191,0.000000,0.000000,0.000000,0.000000
9.5400,-0.425144,-0.065860,0.000001,1.116190,0.000000,0.000000,0.000000,-0.425144,0.065860,-0.000001,1.116191,0.000000,0.000000,0.000000,0.000000
9.5600,-0.425144,-0.065860,0.000001,1.116190,0.000000,0.000000,0.000000,-0.425144,0.065860,-0.000001,1.116191,0.000000,0.000000,0.000000,0.000000
9.5800,-0.425144,-0.065860,0.000001,1.116190,0.000000,0.000000,0.000000,-0.425144,0.065860,-0.000001,1.116191,0.000000,0.000000,0.000000,0.000000
9.6000,-0.425144,-0.065860,0.000001,1.116190,0.000000,0.000000,0.000000,-0.425144,0.065860,-0.000001,1.116191,0.000000,0.000000,0.000000,0.000000
9.6200,-0.425144,-0.065860,0.000001,1.116190,0.000000,0.000000,0.000000,-0.425144,0.065860,-0.000001,1.116191,0.000000,0.000000,0.000000,0.000000
9.6400,-0.425144,-0.065860,0.000001,1.116190,0.000000,0.000000,0.000000,-0.425144,0.065860,-0.000001,1.116191,0.000000,0.000000,0.000000,0.000000
9.6600,-0.425144,-0.065860,0.000001,1.116190,0.000000,0.000000,0.000000,-0.425144,0.065860,-0.000001,1.116191,0.000000,0.000000,0.000000,0.000000
9.6800,-0.425144,-0.065860,0.000001,1.116190,0.000000,0.000000,0.000000,-0.425144,0.065860,-0.000001,1.116191,0.000000,0.000000,0.000000,0.000000
9.7000,-0.425144,-0.065860,0.000001,1.116190,0.000000,0.000000,0.000000,-0.425144,0.065860,-0.000001,1.116191,0.000000,0.000000,0.000000,0.000000
9.7200,-0.425144,-0.065860,0.000001,1.116190,0.000000,0.000000,0.000000,-0.425144,0.065860,-0.000001,1.116191,0.000000,0.000000,0.000000,0.000000
9.7400,-0.425144,-0.065860,0.000001,1.116190,0.000000,0.000000,0.000000,-0.425144,0.065860,-0.000001,1.116191,0.000000,0.000000,0.000000,0.000000
9.7600,-0.425144,-0.065860,0.000001,1.116190,0.000000,0.000000,0.000000,-0.425144,0.065860,-0.000001,1.116191,0.000000,0.000000,0.000000,0.000000
9.7800,-0.425144,-0.065860,0.000001,1.116190,0.000000,0.000000,0.000000,-0.425144,0.065860,-0.000001,1.116191,0.000000,0.000000,0.000000,0.000000
9.8000,-0.425144,-0.065860,0.000001,1.116190,0.000000,0.000000,0.000000,-0.425144,0.065860,-0.000001,1.116191,0.000000,0.000000,0.000000,0.000000
9.8200,-0.425144,-0.065860,0.000001,1.116190,0.000000,0.000000,0.000000,-0.425144,0.065860,-0.000001,1.116191,0.000000,0.000000,0.000000,0.000000
9.8400,-0.425144,-0.065860,0.000001,1.116190,0.000000,0.000000,0.000000,-0.425144,0.065860,-0.000001,1.116191,0.000000,0.000000,0.000000,0.000000
9.8600,-0.425144,-0.065860,0.000001,1.116190,0.000000,0.000000,0.000000,-0.425144,0.065860,-0.000001,1.116191,0.000000,0.000000,0.000000,0.000000
9.8800,-0.425137,-0.065861,0.000001,1.116167,0.000000,0.000000,0.000000,-0.425137,0.065861,-0.000001,1.116168,0.000000,0.000000,0.000000,0.000000
9.9000,-0.425087,-0.065866,0.000001,1.116012,0.000000,0.000000,0.000000,-0.425087,0.065866,-0.000001,1.116012,0.000000,0.000000,0.000000,0.000000
9.9200,-0.424956,-0.065880,0.000001,1.115607,0.000000,0.000000,0.000000,-0.424956,0.065880,-0.000001,1.115607,0.000000,0.000000,0.000000,0.000000
9.9400,-0.424712,-0.065907,0.000001,1.114848,0.000000,0.000000,0.000000,-0.424712,0.065907,-0.000001,1.114848,0.000000,0.000000,0.000000,0.000000
9.9600,-0.424326,-0.065949,0.000001,1.113648,0.000000,0.000000,0.000000,-0.424327,0.065949,-0.000001,1.113648,0.000000,0.000000,0.000000,0.000000
9.9800,-0.423775,-0.066009,0.000001,1.111932,0.000000,0.000000,0.000000,-0.423775,0.066008,-0.000001,1.111932,0.000000,0.000000,0.000000,0.000000
10.0000,-0.423037,-0.066089,0.000001,1.109638,0.000000,0.000000,0.000000,-0.423037,0.066088,-0.000001,1.109638,0.000000,0.000000,0.000000,0.000000
10.0200,-0.422098,-0.066190,0.000001,1.106718,0.000000,0.000000,0.000000,-0.422098,0.066190,-0.000001,1.106718,0.000000,0.000000,0.000000,0.000000
10.0400,-0.420946,-0.066315,0.000001,1.103135,0.000000,0.000000,0.000000,-0.420946,0.066315,-0.000001,1.103135,0.000000,0.000000,0.000000,0.000000
10.0600,-0.419573,-0.066464,0.000001,1.098863,0.000000,0.000000,0.000000,-0.419573,0.066464,-0.000001,1.098863,0.000000,0.000000,0.000000,0.000000
10.0800,-0.417973,-0.066638,0.000000,1.093888,0.000000,0.000000,0.000000,-0.417973,0.066638,-0.000000,1.093888,0.000000,0.000000,0.000000,0.000000
10.1000,-0.416145,-0.066836,0.000000,1.088205,0.000000,0.000000,0.000000,-0.416145,0.066836,-0.000000,1.088205,0.000000,0.000000,0.000000,0.000000
10.1200,-0.414092,-0.067059,0.000000,1.081818,0.000000,0.000000,0.000000,-0.414092,0.067059,-0.000000,1.081818,0.000000,0.000000,0.000000,0.000000
10.1400,-0.411816,-0.067306,-0.000000,1.074741,0.000000,0.000000,0.000000,-0.411816,0.067306,0.000000,1.074741,0.000000,0.000000,0.000000,0.000000
10.1600,-0.409326,-0.067576,-0.000000,1.066996,0.000000,0.000000,0.000000,-0.409326,0.067576,0.000000,1.066996,0.000000,0.000000,0.000000,0.000000
10.1800,-0.406630,-0.067868,-0.000000,1.058611,0.000000,0.000000,0.000000,-0.406630,0.067868,0.000000,1.058611,0.000000,0.000000,0.000000,0.000000
10.2000,-0.403740,-0.068182,-0.000001,1.049624,0.000000,0.000000,0.000000,-0.403740,0.068182,0.000001,1.049624,0.000000,0.000000,0.000000,0.000000
10.2200,-0.400670,-0.068515,-0.000001,1.040075,0.000000,0.000000,0.000000,-0.400670,0.068515,0.000001,1.040075,0.000000,0.000000,0.000000,0.000000
10.2400,-0.397435,-0.068866,-0.000001,1.030014,0.000000,0.000000,0.000000,-0.397435,0.068866,0.000001,1.030014,0.000000,0.000000,0.000000,0.000000
10.2600,-0.394052,-0.069233,-0.000001,1.019493,0.000000,0.000000,0.000000,-0.394052,0.069233,0.000001,1.019494,0.000000,0.000000,0.000000,0.000000
10.2800,-0.390540,-0.069614,-0.000002,1.008571,0.000000,0.000000,0.000000,-0.390540,0.069614,0.000002,1.008571,0.000000,0.000000,0.000000,0.000000
10.3000,-0.386918,-0.070006,-0.000002,0.997307,0.000000,0.000000,0.000000,-0.386918,0.070006,0.000002,0.997307,0.000000,0.000000,0.000000,0.000000
10.3200,-0.383207,-0.070409,-0.000002,0.985767,0.000000,0.000000,0.000000,-0.383207,0.070409,0.000002,0.985767,0.000000,0.000000,0.000000,0.000000
10.3400,-0.379429,-0.070819,-0.000002,0.974017,0.000000,0.000000,0.000000,-0.379429,0.070819,0.000002,0.974017,0.000000,0.000000,0.000000,0.000000
10.3600,-0.375606,-0.071233,-0.000003,0.962127,0.000000,0.000000,0.000000,-0.375606,0.071233,0.000003,0.962127,0.000000,0.000000,0.000000,0.000000
10.3800,-0.371760,-0.071651,-0.000003,0.950165,0.000000,0.000000,0.000000,-0.371760,0.071651,0.000003,0.950165,0.000000,0.000000,0.000000,0.000000
10.4000,-0.367914,-0.072068,-0.000003,0.938204,0.000000,0.000000,0.000000,-0.367914,0.072068,0.000003,0.938204,0.000000,0.000000,0.000000,0.000000
10.4200,-0.364090,-0.072483,-0.000003,0.926314,0.000000,0.000000,0.000000,-0.364090,0.072483,0.000003,0.926314,0.000000,0.000000,0.000000,0.000000
10.4400,-0.360312,-0.072892,-0.000004,0.914564,0.000000,0.000000,0.000000,-0.360312,0.072892,0.000004,0.914564,0.000000,0.000000,0.000000,0.000000
10.4600,-0.356602,-0.073295,-0.000004,0.903024,0.000000,0.000000,0.000000,-0.356602,0.073295,0.000004,0.903024,0.000000,0.000000,0.000000,0.000000
10.4800,-0.352980,-0.073688,-0.000004,0.891760,0.000000,0.000000,0.000000,-0.352980,0.073688,0.000004,0.891760,0.000000,0.000000,0.000000,0.000000
10.5000,-0.349468,-0.074069,-0.000004,0.880837,0.000000,0.000000,0.000000,-0.349468,0.074069,0.000004,0.880837,0.000000,0.000000,0.000000,0.000000
10.5200,-0.346085,-0.074436,-0.000005,0.870317,0.000000,0.000000,0.000000,-0.346085,0.074436,0.000005,0.870317,0.000000,0.000000,0.000000,0.000000
10.5400,-0.342850,-0.074787,-0.000005,0.860256,0.000000,0.000000,0.000000,-0.342850,0.074787,0.000005,0.860256,0.000000,0.000000,0.000000,0.000000
10.5600,-0.339780,-0.075120,-0.000005,0.850707,0.000000,0.000000,0.000000,-0.339780,0.075120,0.000005,0.850707,0.000000,0.000000,0.000000,0.000000
10.5800,-0.336890,-0.075433,-0.000005,0.841720,0.000000,0.000000,0.000000,-0.336890,0.075433,0.000005,0.841720,0.000000,0.000000,0.000000,0.000000
10.6000,-0.334194,-0.075725,-0.000006,0.833335,0.000000,0.000000,0.000000,-0.334194,0.075726,0.000006,0.833335,0.000000,0.000000,0.000000,0.000000
10.6200,-0.331703,-0.075996,-0.000006,0.825590,0.000000,0.000000,0.000000,-0.331703,0.075996,0.000006,0.825590,0.000000,0.000000,0.000000,0.000000
10.6400,-0.329428,-0.076242,-0.000006,0.818513,0.000000,0.000000,0.000000,-0.329428,0.076242,0.000006,0.818513,0.000000,0.000000,0.000000,0.000000
10.6600,-0.327374,-0.076465,-0.000006,0.812126,0.000000,0.000000,0.000000,-0.327374,0.076465,0.000006,0.812126,0.000000,0.000000,0.000000,0.000000
10.6800,-0.325547,-0.076663,-0.000006,0.806443,0.000000,0.000000,0.000000,-0.325547,0.076663,0.000006,0.806443,0.000000,0.000000,0.000000,0.000000
10.7000,-0.323947,-0.076837,-0.000006,0.801468,0.000000,0.000000,0.000000,-0.323947,0.076837,0.000006,0.801468,0.000000,0.000000,0.000000,0.000000
10.7200,-0.322573,-0.076986,-0.000006,0.797196,0.000000,0.000000,0.000000,-0.322573,0.076986,0.000006,0.797196,0.000000,0.000000,0.000000,0.000000
10.7400,-0.321421,-0.077111,-0.000007,0.793613,0.000000,0.000000,0.000000,-0.321421,0.077111,0.000006,0.793613,0.000000,0.000000,0.000000,0.000000
10.7600,-0.320482,-0.077213,-0.000007,0.790693,0.000000,0.000000,0.000000,-0.320482,0.077213,0.000007,0.790693,0.000000,0.000000,0.000000,0.000000
10.7800,-0.319745,-0.077293,-0.000007,0.788399,0.000000,0.000000,0.000000,-0.319745,0.077293,0.000007,0.788399,0.000000,0.000000,0.000000,0.000000
10.8000,-0.319193,-0.077353,-0.000007,0.786683,0.000000,0.000000,0.000000,-0.319193,0.077353,0.000007,0.786683,0.000000,0.000000,0.000000,0.000000
10.8200,-0.318807,-0.077394,-0.000007,0.785483,0.000000,0.000000,0.000000,-0.318807,0.077395,0.000007,0.785483,0.000000,0.000000,0.000000,0.000000
10.8400,-0.318563,-0.077421,-0.000007,0.784724,0.000000,0.000000,0.000000,-0.318563,0.077421,0.000007,0.784724,0.000000,0.000000,0.000000,0.000000
10.8600,-0.318433,-0.077435,-0.000007,0.784319,0.000000,0.000000,0.000000,-0.318433,0.077435,0.000007,0.784319,0.000000,0.000000,0.000000,0.000000
10.8800,-0.318383,-0.077441,-0.000007,0.784163,0.000000,0.000000,0.000000,-0.318383,0.077441,0.000007,0.784163,0.000000,0.000000,0.000000,0.000000
10.9000,-0.318376,-0.077441,-0.000007,0.784140,0.000000,0.000000,0.000000,-0.318376,0.077441,0.000007,0.784140,0.000000,0.000000,0.000000,0.000000
10.9200,-0.318369,-0.077438,-0.000008,0.784139,0.000000,0.000000,0.000000,-0.318369,0.077438,0.000008,0.784139,0.000000,0.000000,0.000000,0.000000
10.9400,-0.318324,-0.077415,-0.000017,0.784131,0.000000,0.000000,0.000000,-0.318325,0.077415,0.000017,0.784133,0.000000,0.000000,0.000000,0.000000
10.9600,-0.318203,-0.077354,-0.000040,0.784109,0.000000,0.000000,0.000000,-0.318206,0.077354,0.000040,0.784115,0.000000,0.000000,0.000000,0.000000
10.9800,-0.317974,-0.077238,-0.000083,0.784068,0.000000,0.000000,0.000000,-0.317980,0.077238,0.000083,0.784080,0.000000,0.000000,0.000000,0.000000
11.0000,-0.317604,-0.077051,-0.000154,0.784000,0.000000,0.000000,0.000000,-0.317616,0.077051,0.000154,0.784025,0.000000,0.000000,0.000000,0.000000
11.0200,-0.317063,-0.076778,-0.000257,0.783902,0.000000,0.000000,0.000000,-0.317083,0.076778,0.000257,0.783944,0.000000,0.000000,0.000000,0.000000
11.0400,-0.316324,-0.076405,-0.000399,0.783768,0.000000,0.000000,0.000000,-0.316357,0.076405,0.000398,0.783833,0.000000,0.000000,0.000000,0.000000
11.0600,-0.315362,-0.075919,-0.000582,0.783593,0.000000,0.000000,0.000000,-0.315410,0.075919,0.000582,0.783689,0.000000,0.000000,0.000000,0.000000
11.0800,-0.314154,-0.075309,-0.000813,0.783374,0.000000,0.000000,0.000000,-0.314221,0.075309,0.000813,0.783508,0.000000,0.000000,0.000000,0.000000
11.1000,-0.312679,-0.074564,-0.001094,0.783106,0.000000,0.000000,0.000000,-0.312770,0.074564,0.001094,0.783287,0.000000,0.000000,0.000000,0.000000
11.1200,-0.310918,-0.073674,-0.001431,0.782786,0.000000,0.000000,0.000000,-0.311037,0.073674,0.001431,0.783023,0.000000,0.000000,0.000000,0.000000
11.1400,-0.308854,-0.072631,-0.001825,0.782411,0.000000,0.000000,0.000000,-0.309005,0.072631,0.001825,0.782714,0.000000,0.000000,0.000000,0.000000
11.1600,-0.306471,-0.071428,-0.002280,0.781978,0.000000,0.000000,0.000000,-0.306661,0.071428,0.002280,0.782357,0.000000,0.000000,0.000000,0.000000
11.1800,-0.303757,-0.070056,-0.002798,0.781485,0.000000,0.000000,0.000000,-0.303990,0.070056,0.002798,0.781950,0.000000,0.000000,0.000000,0.000000
11.2000,-0.300699,-0.068512,-0.003382,0.780930,0.000000,0.000000,0.000000,-0.300981,0.068512,0.003382,0.781492,0.000000,0.000000,0.000000,0.000000
11.2200,-0.297289,-0.066789,-0.004033,0.780310,0.000000,0.000000,0.000000,-0.297624,0.066789,0.004033,0.780981,0.000000,0.000000,0.000000,0.000000
11.2400,-0.293517,-0.064883,-0.004754,0.779625,0.000000,0.000000,0.000000,-0.293913,0.064883,0.004754,0.780416,0.000000,0.000000,0.000000,0.000000
11.2600,-0.289378,-0.062792,-0.005544,0.778873,0.000000,0.000000,0.000000,-0.289840,0.062793,0.005544,0.779796,0.000000,0.000000,0.000000,0.000000
11.2800,-0.284867,-0.060513,-0.006405,0.778054,0.000000,0.000000,0.000000,-0.285400,0.060514,0.006405,0.779120,0.000000,0.000000,0.000000,0.000000
11.3000,-0.279980,-0.058045,-0.007339,0.777166,0.000000,0.000000,0.000000,-0.280591,0.058045,0.007339,0.778388,0.000000,0.000000,0.000000,0.000000
11.3200,-0.274716,-0.055385,-0.008344,0.776210,0.000000,0.000000,0.000000,-0.275411,0.055386,0.008344,0.777600,0.000000,0.000000,0.000000,0.000000
11.3400,-0.269074,-0.052535,-0.009421,0.775185,0.000000,0.000000,0.000000,-0.269859,0.052535,0.009421,0.776754,0.000000,0.000000,0.000000,0.000000
11.3600,-0.263056,-0.049495,-0.010570,0.774092,0.000000,0.000000,0.000000,-0.263937,0.049495,0.010570,0.775853,0.000000,0.000000,0.000000,0.000000
11.3800,-0.256664,-0.046266,-0.011791,0.772931,0.000000,0.000000,0.000000,-0.257646,0.046266,0.011791,0.774895,0.000000,0.000000,0.000000,0.000000
11.4000,-0.249902,-0.042850,-0.013082,0.771703,0.000000,0.000000,0.000000,-0.250991,0.042850,0.013082,0.773882,0.000000,0.000000,0.000000,0.000000
11.4200,-0.242774,-0.039249,-0.014443,0.770408,0.000000,0.000000,0.000000,-0.243977,0.039249,0.014443,0.772814,0.000000,0.000000,0.000000,0.000000
11.4400,-0.235287,-0.035467,-0.015873,0.769048,0.000000,0.000000,0.000000,-0.236609,0.035467,0.015873,0.771692,0.000000,0.000000,0.000000,0.000000
11.4600,-0.227449,-0.031507,-0.017370,0.767624,0.000000,0.000000,0.000000,-0.228896,0.031507,0.017370,0.770518,0.000000,0.000000,0.000000,0.000000
11.4800,-0.219267,-0.027374,-0.018932,0.766138,0.000000,0.000000,0.000000,-0.220844,0.027374,0.018932,0.769292,0.000000,0.000000,0.000000,0.000000
11.5000,-0.210751,-0.023072,-0.020558,0.764591,0.000000,0.000000,0.000000,-0.212464,0.023072,0.020558,0.768017,0.000000,0.000000,0.000000,0.000000
11.5200,-0.201912,-0.018607,-0.022246,0.762986,0.000000,0.000000,0.000000,-0.203766,0.018607,0.022246,0.766692,0.000000,0.000000,0.000000,0.000000
11.5400,-0.192762,-0.013984,-0.023994,0.761324,0.000000,0.000000,0.000000,-0.194761,0.013984,0.023994,0.765322,0.000000,0.000000,0.000000,0.000000
11.5600,-0.183312,-0.009210,-0.025798,0.759607,0.000000,0.000000,0.000000,-0.185461,0.009210,0.025798,0.763906,0.000000,0.000000,0.000000,0.000000
11.5800,-0.173575,-0.004292,-0.027657,0.757838,0.000000,0.000000,0.000000,-0.175880,0.004292,0.027657,0.762447,0.000000,0.000000,0.000000,0.000000
11.6000,-0.163567,0.000765,-0.029569,0.756020,0.000000,0.000000,0.000000,-0.166031,-0.000765,0.029569,0.760948,0.000000,0.000000,0.000000,0.000000
11.6200,-0.153301,0.005951,-0.031529,0.754156,0.000000,0.000000,0.000000,-0.155928,-0.005951,0.031529,0.759410,0.000000,0.000000,0.000000,0.000000
11.6400,-0.142793,0.011259,-0.033536,0.752247,0.000000,0.000000,0.000000,-0.145587,-0.011259,0.033536,0.757835,0.000000,0.000000,0.000000,0.000000
11.6600,-0.132059,0.016682,-0.035585,0.750297,0.000000,0.000000,0.000000,-0.135024,-0.016682,0.035585,0.756227,0.000000,0.000000,0.000000,0.000000
11.6800,-0.121116,0.022210,-0.037675,0.748310,0.000000,0.000000,0.000000,-0.124255,-0.022210,0.037675,0.754588,0.000000,0.000000,0.000000,0.000000
11.7000,-0.109981,0.027835,-0.039801,0.746287,0.000000,0.000000,0.000000,-0.113298,-0.027835,0.039801,0.752920,0.000000,0.000000,0.000000,0.000000
11.7200,-0.098672,0.033548,-0.041961,0.744233,0.000000,0.000000,0.000000,-0.102169,-0.033548,0.041961,0.751225,0.000000,0.000000,0.000000,0.000000
11.7400,-0.087207,0.039340,-0.044150,0.742150,0.000000,0.000000,0.000000,-0.090886,-0.039340,0.044150,0.749508,0.000000,0.000000,0.000000,0.000000
11.7600,-0.075605,0.045201,-0.046366,0.740043,0.000000,0.000000,0.000000,-0.079468,-0.045201,0.046366,0.747770,0.000000,0.000000,0.000000,0.000000
11.7800,-0.063884,0.051122,-0.048604,0.737914,0.000000,0.000000,0.000000,-0.067934,-0.051122,0.048604,0.746014,0.000000,0.000000,0.000000,0.000000
11.8000,-0.052065,0.057093,-0.050861,0.735767,0.000000,0.000000,0.000000,-0.056303,-0.057093,0.050861,0.744243,0.000000,0.000000,0.000000,0.000000
11.8200,-0.040165,0.063104,-0.053133,0.733605,0.000000,0.000000,0.000000,-0.044593,-0.063104,0.053133,0.742460,0.000000,0.000000,0.000000,0.000000
11.8400,-0.028206,0.069146,-0.055417,0.731433,0.000000,0.000000,0.000000,-0.032824,-0.069146,0.055417,0.740669,0.000000,0.000000,0.000000,0.000000
11.8600,-0.016207,0.075208,-0.057708,0.729253,0.000000,0.000000,0.000000,-0.021016,-0.075208,0.057708,0.738871,0.000000,0.000000,0.000000,0.000000
11.8800,-0.004188,0.081279,-0.060003,0.727070,0.000000,0.000000,0.000000,-0.009188,-0.081279,0.060003,0.737070,0.000000,0.000000,0.000000,0.000000
11.9000,0.007831,0.087351,-0.062299,0.724887,0.000000,0.000000,0.000000,0.002640,-0.087351,0.062298,0.735270,0.000000,0.000000,0.000000,0.000000
11.9200,0.019831,0.093413,-0.064590,0.722707,0.000000,0.000000,0.000000,0.014448,-0.093413,0.064590,0.733472,0.000000,0.000000,0.000000,0.000000
11.9400,0.031790,0.099454,-0.066874,0.720535,0.000000,0.000000,0.000000,0.026217,-0.099454,0.066874,0.731680,0.000000,0.000000,0.000000,0.000000
11.9600,0.043689,0.105466,-0.069146,0.718374,0.000000,0.000000,0.000000,0.037927,-0.105466,0.069146,0.729898,0.000000,0.000000,0.000000,0.000000
11.9800,0.055509,0.111437,-0.071403,0.716227,0.000000,0.000000,0.000000,0.049559,-0.111437,0.071403,0.728127,0.000000,0.000000,0.000000,0.000000
12.0000,0.067229,0.117358,-0.073641,0.714098,0.000000,0.000000,0.000000,0.061093,-0.117358,0.073641,0.726371,0.000000,0.000000,0.000000,0.000000
12.0200,0.078832,0.123219,-0.075857,0.711990,0.000000,0.000000,0.000000,0.072511,-0.123219,0.075857,0.724633,0.000000,0.000000,0.000000,0.000000
12.0400,0.090297,0.129011,-0.078046,0.709908,0.000000,0.000000,0.000000,0.083793,-0.129011,0.078046,0.722915,0.000000,0.000000,0.000000,0.000000
12.0600,0.101606,0.134724,-0.080205,0.707854,0.000000,0.000000,0.000000,0.094922,-0.134724,0.080205,0.721221,0.000000,0.000000,0.000000,0.000000
12.0800,0.112741,0.140349,-0.082332,0.705831,0.000000,0.000000,0.000000,0.105880,-0.140349,0.082332,0.719553,0.000000,0.000000,0.000000,0.000000
12.1000,0.123684,0.145877,-0.084421,0.703843,0.000000,0.000000,0.000000,0.116649,-0.145877,0.084421,0.717913,0.000000,0.000000,0.000000,0.000000
12.1200,0.134418,0.151300,-0.086471,0.701893,0.000000,0.000000,0.000000,0.127212,-0.151300,0.086471,0.716305,0.000000,0.000000,0.000000,0.000000
12.1400,0.144925,0.156608,-0.088478,0.699985,0.000000,0.000000,0.000000,0.137552,-0.156608,0.088478,0.714731,0.000000,0.000000,0.000000,0.000000
12.1600,0.155191,0.161794,-0.090438,0.698120,0.000000,0.000000,0.000000,0.147655,-0.161794,0.090438,0.713193,0.000000,0.000000,0.000000,0.000000
12.1800,0.165200,0.166850,-0.092349,0.696302,0.000000,0.000000,0.000000,0.157504,-0.166850,0.092349,0.711693,0.000000,0.000000,0.000000,0.000000
12.2000,0.174936,0.171769,-0.094209,0.694533,0.000000,0.000000,0.000000,0.167086,-0.171769,0.094208,0.710235,0.000000,0.000000,0.000000,0.000000
12.2200,0.184386,0.176543,-0.096013,0.692817,0.000000,0.000000,0.000000,0.176385,-0.176543,0.096013,0.708819,0.000000,0.000000,0.000000,0.000000
12.2400,0.193537,0.181165,-0.097760,0.691155,0.000000,0.000000,0.000000,0.185390,-0.181165,0.097760,0.707448,0.000000,0.000000,0.000000,0.000000
12.2600,0.202376,0.185631,-0.099448,0.689549,0.000000,0.000000,0.000000,0.194088,-0.185631,0.099448,0.706124,0.000000,0.000000,0.000000,0.000000
12.2800,0.210891,0.189932,-0.101074,0.688002,0.000000,0.000000,0.000000,0.202468,-0.189932,0.101074,0.704848,0.000000,0.000000,0.000000,0.000000
12.3000,0.219073,0.194066,-0.102637,0.686516,0.000000,0.000000,0.000000,0.210520,-0.194066,0.102637,0.703622,0.000000,0.000000,0.000000,0.000000
12.3200,0.226912,0.198026,-0.104134,0.685092,0.000000,0.000000,0.000000,0.218234,-0.198026,0.104134,0.702448,0.000000,0.000000,0.000000,0.000000
12.3400,0.234398,0.201808,-0.105563,0.683733,0.000000,0.000000,0.000000,0.225602,-0.201808,0.105563,0.701326,0.000000,0.000000,0.000000,0.000000
12.3600,0.241526,0.205409,-0.106924,0.682438,0.000000,0.000000,0.000000,0.232616,-0.205409,0.106924,0.700258,0.000000,0.000000,0.000000,0.000000
12.3800,0.248289,0.208825,-0.108216,0.681210,0.000000,0.000000,0.000000,0.239271,-0.208825,0.108216,0.699245,0.000000,0.000000,0.000000,0.000000
12.4000,0.254681,0.212054,-0.109436,0.680048,0.000000,0.000000,0.000000,0.245561,-0.212054,0.109436,0.698288,0.000000,0.000000,0.000000,0.000000
12.4200,0.260699,0.215094,-0.110586,0.678955,0.000000,0.000000,0.000000,0.251483,-0.215094,0.110586,0.697386,0.000000,0.000000,0.000000,0.000000
12.4400,0.266340,0.217944,-0.111663,0.677930,0.000000,0.000000,0.000000,0.257035,-0.217944,0.111663,0.696541,0.000000,0.000000,0.000000,0.000000
12.4600,0.271605,0.220603,-0.112668,0.676974,0.000000,0.000000,0.000000,0.262216,-0.220603,0.112668,0.695752,0.000000,0.000000,0.000000,0.000000
12.4800,0.276491,0.223072,-0.113601,0.676087,0.000000,0.000000,0.000000,0.267025,-0.223072,0.113601,0.695020,0.000000,0.000000,0.000000,0.000000
12.5000,0.281003,0.225351,-0.114463,0.675267,0.000000,0.000000,0.000000,0.271464,-0.225351,0.114463,0.694344,0.000000,0.000000,0.000000,0.000000
12.5200,0.285142,0.227442,-0.115253,0.674515,0.000000,0.000000,0.000000,0.275537,-0.227442,0.115253,0.693724,0.000000,0.000000,0.000000,0.000000
12.5400,0.288913,0.229347,-0.115973,0.673830,0.000000,0.000000,0.000000,0.279249,-0.229347,0.115973,0.693159,0.000000,0.000000,0.000000,0.000000
12.5600,0.292324,0.231070,-0.116625,0.673211,0.000000,0.000000,0.000000,0.282605,-0.231070,0.116625,0.692648,0.000000,0.000000,0.000000,0.000000
12.5800,0.295381,0.232615,-0.117208,0.672655,0.000000,0.000000,0.000000,0.285614,-0.232615,0.117208,0.692190,0.000000,0.000000,0.000000,0.000000
12.6000,0.298096,0.233986,-0.117727,0.672162,0.000000,0.000000,0.000000,0.288285,-0.233986,0.117727,0.691783,0.000000,0.000000,0.000000,0.000000
12.6200,0.300478,0.235190,-0.118182,0.671730,0.000000,0.000000,0.000000,0.290630,-0.235190,0.118182,0.691426,0.000000,0.000000,0.000000,0.000000
12.6400,0.302543,0.236233,-0.118576,0.671355,0.000000,0.000000,0.000000,0.292661,-0.236233,0.118576,0.691117,0.000000,0.000000,0.000000,0.000000
12.6600,0.304304,0.237122,-0.118912,0.671035,0.000000,0.000000,0.000000,0.294394,-0.237122,0.118912,0.690853,0.000000,0.000000,0.000000,0.000000
12.6800,0.305779,0.237868,-0.119194,0.670767,0.000000,0.000000,0.000000,0.295846,-0.237868,0.119194,0.690632,0.000000,0.000000,0.000000,0.000000
12.7000,0.306987,0.238478,-0.119425,0.670547,0.000000,0.000000,0.000000,0.297035,-0.238478,0.119425,0.690451,0.000000,0.000000,0.000000,0.000000
12.7200,0.307948,0.238964,-0.119608,0.670373,0.000000,0.000000,0.000000,0.297981,-0.238964,0.119608,0.690307,0.000000,0.000000,0.000000,0.000000
12.7400,0.308687,0.239337,-0.119749,0.670238,0.000000,0.000000,0.000000,0.298708,-0.239337,0.119749,0.690197,0.000000,0.000000,0.000000,0.000000
12.7600,0.309228,0.239610,-0.119853,0.670140,0.000000,0.000000,0.000000,0.299240,-0.239610,0.119853,0.690116,0.000000,0.000000,0.000000,0.000000
12.7800,0.309598,0.239797,-0.119923,0.670073,0.000000,0.000000,0.000000,0.299605,-0.239797,0.119923,0.690060,0.000000,0.000000,0.000000,0.000000
12.8000,0.309828,0.239913,-0.119967,0.670031,0.000000,0.000000,0.000000,0.299831,-0.239913,0.119967,0.690026,0.000000,0.000000,0.000000,0.000000
12.8200,0.309948,0.239974,-0.119990,0.670009,0.000000,0.000000,0.000000,0.299949,-0.239974,0.119990,0.690008,0.000000,0.000000,0.000000,0.000000
12.8400,0.309993,0.239997,-0.119999,0.670001,0.000000,0.000000,0.000000,0.299994,-0.239997,0.119999,0.690001,0.000000,0.000000,0.000000,0.000000
12.8600,0.310000,0.240000,-0.120000,0.670000,0.000000,0.000000,0.000000,0.300000,-0.240000,0.120000,0.690000,0.000000,0.000000,0.000000,0.000000
12.8800,0.310000,0.240000,-0.120000,0.670000,0.000000,0.000000,0.000000,0.300000,-0.240000,0.120000,0.690000,0.000000,0.000000,0.000000,0.000000
12.9000,0.310000,0.240000,-0.120000,0.670000,0.000000,0.000000,0.000000,0.300000,-0.240000,0.120000,0.690000,0.000000,0.000000,0.000000,0.000000
12.9200,0.310000,0.240000,-0.120000,0.670000,0.000000,0.000000,0.000000,0.300000,-0.240000,0.120000,0.690000,0.000000,0.000000,0.000000,0.000000
12.9400,0.310000,0.240000,-0.120000,0.670000,0.000000,0.000000,0.000000,0.300000,-0.240000,0.120000,0.690000,0.000000,0.000000,0.000000,0.000000
12.9600,0.310000,0.240000,-0.120000,0.670000,0.000000,0.000000,0.000000,0.300000,-0.240000,0.120000,0.690000,0.000000,0.000000,0.000000,0.000000
12.9800,0.310000,0.240000,-0.120000,0.670000,0.000000,0.000000,0.000000,0.300000,-0.240000,0.120000,0.690000,0.000000,0.000000,0.000000,0.000000
13.0000,0.310000,0.240000,-0.120000,0.670000,0.000000,0.000000,0.000000,0.300000,-0.240000,0.120000,0.690000,0.000000,0.000000,0.000000,0.000000
13.0200,0.310000,0.240000,-0.120000,0.670000,0.000000,0.000000,0.000000,0.300000,-0.240000,0.120000,0.690000,0.000000,0.000000,0.000000,0.000000
13.0400,0.310000,0.240000,-0.120000,0.670000,0.000000,0.000000,0.000000,0.300000,-0.240000,0.120000,0.690000,0.000000,0.000000,0.000000,0.000000
13.0600,0.310000,0.240000,-0.120000,0.670000,0.000000,0.000000,0.000000,0.300000,-0.240000,0.120000,0.690000,0.000000,0.000000,0.000000,0.000000
13.0800,0.310000,0.240000,-0.120000,0.670000,0.000000,0.000000,0.000000,0.300000,-0.240000,0.120000,0.690000,0.000000,0.000000,0.000000,0.000000
13.1000,0.310000,0.240000,-0.120000,0.670000,0.000000,0.000000,0.000000,0.300000,-0.240000,0.120000,0.690000,0.000000,0.000000,0.000000,0.000000
13.1200,0.310000,0.240000,-0.120000,0.670000,0.000000,0.000000,0.000000,0.300000,-0.240000,0.120000,0.690000,0.000000,0.000000,0.000000,0.000000
13.1400,0.310000,0.240000,-0.120000,0.670000,0.000000,0.000000,0.000000,0.300000,-0.240000,0.120000,0.690000,0.000000,0.000000,0.000000,0.000000
13.1600,0.310000,0.240000,-0.120000,0.670000,0.000000,0.000000,0.000000,0.300000,-0.240000,0.120000,0.690000,0.000000,0.000000,0.000000,0.000000
13.1800,0.310000,0.240000,-0.120000,0.670000,0.000000,0.000000,0.000000,0.300000,-0.240000,0.120000,0.690000,0.000000,0.000000,0.000000,0.000000
13.2000,0.310000,0.240000,-0.120000,0.670000,0.000000,0.000000,0.000000,0.300000,-0.240000,0.120000,0.690000,0.000000,0.000000,0.000000,0.000000
13.2200,0.310000,0.240000,-0.120000,0.670000,0.000000,0.000000,0.000000,0.300000,-0.240000,0.120000,0.690000,0.000000,0.000000,0.000000,0.000000
13.2400,0.310000,0.240000,-0.120000,0.670000,0.000000,0.000000,0.000000,0.300000,-0.240000,0.120000,0.690000,0.000000,0.000000,0.000000,0.000000
13.2600,0.310000,0.240000,-0.120000,0.670000,0.000000,0.000000,0.000000,0.300000,-0.240000,0.120000,0.690000,0.000000,0.000000,0.000000,0.000000
13.2800,0.310000,0.240000,-0.120000,0.670000,0.000000,0.000000,0.000000,0.300000,-0.240000,0.120000,0.690000,0.000000,0.000000,0.000000,0.000000
13.3000,0.310000,0.240000,-0.120000,0.670000,0.000000,0.000000,0.000000,0.300000,-0.240000,0.120000,0.690000,0.000000,0.000000,0.000000,0.000000
13.3200,0.310000,0.240000,-0.120000,0.670000,0.000000,0.000000,0.000000,0.300000,-0.240000,0.120000,0.690000,0.000000,0.000000,0.000000,0.000000
13.3400,0.310000,0.240000,-0.120000,0.670000,0.000000,0.000000,0.000000,0.300000,-0.240000,0.120000,0.690000,0.000000,0.000000,0.000000,0.000000
13.3600,0.310000,0.240000,-0.120000,0.670000,0.000000,0.000000,0.000000,0.300000,-0.240000,0.120000,0.690000,0.000000,0.000000,0.000000,0.000000
13.3800,0.310000,0.240000,-0.120000,0.670000,0.000000,0.000000,0.000000,0.300000,-0.240000,0.120000,0.690000,0.000000,0.000000,0.000000,0.000000
13.4000,0.310000,0.240000,-0.120000,0.670000,0.000000,0.000000,0.000000,0.300000,-0.240000,0.120000,0.690000,0.000000,0.000000,0.000000,0.000000
13.4200,0.310000,0.240000,-0.120000,0.670000,0.000000,0.000000,0.000000,0.300000,-0.240000,0.120000,0.690000,0.000000,0.000000,0.000000,0.000000
13.4400,0.310000,0.240000,-0.120000,0.670000,0.000000,0.000000,0.000000,0.300000,-0.240000,0.120000,0.690000,0.000000,0.000000,0.000000,0.000000
13.4600,0.310000,0.240000,-0.120000,0.670000,0.000000,0.000000,0.000000,0.300000,-0.240000,0.120000,0.690000,0.000000,0.000000,0.000000,0.000000
13.4800,0.310000,0.240000,-0.120000,0.670000,0.000000,0.000000,0.000000,0.300000,-0.240000,0.120000,0.690000,0.000000,0.000000,0.000000,0.000000
13.5000,0.310000,0.240000,-0.120000,0.670000,0.000000,0.000000,0.000000,0.300000,-0.240000,0.120000,0.690000,0.000000,0.000000,0.000000,0.000000
13.5200,0.310000,0.240000,-0.120000,0.670000,0.000000,0.000000,0.000000,0.300000,-0.240000,0.120000,0.690000,0.000000,0.000000,0.000000,0.000000
13.5400,0.310000,0.240000,-0.120000,0.670000,0.000000,0.000000,0.000000,0.300000,-0.240000,0.120000,0.690000,0.000000,0.000000,0.000000,0.000000
13.5600,0.310000,0.240000,-0.120000,0.670000,0.000000,0.000000,0.000000,0.300000,-0.240000,0.120000,0.690000,0.000000,0.000000,0.000000,0.000000
13.5800,0.310000,0.240000,-0.120000,0.670000,0.000000,0.000000,0.000000,0.300000,-0.240000,0.120000,0.690000,0.000000,0.000000,0.000000,0.000000
13.6000,0.310000,0.240000,-0.120000,0.670000,0.000000,0.000000,0.000000,0.300000,-0.240000,0.120000,0.690000,0.000000,0.000000,0.000000,0.000000
13.6200,0.310000,0.240000,-0.120000,0.670000,0.000000,0.000000,0.000000,0.300000,-0.240000,0.120000,0.690000,0.000000,0.000000,0.000000,0.000000
13.6400,0.310000,0.240000,-0.120000,0.670000,0.000000,0.000000,0.000000,0.300000,-0.240000,0.120000,0.690000,0.000000,0.000000,0.000000,0.000000
13.6600,0.310000,0.240000,-0.120000,0.670000,0.000000,0.000000,0.000000,0.300000,-0.240000,0.120000,0.690000,0.000000,0.000000,0.000000,0.000000
13.6800,0.309991,0.239995,-0.119998,0.670002,0.000000,0.000000,0.000000,0.299991,-0.239995,0.119998,0.690002,0.000000,0.000000,0.000000,0.000000
13.7000,0.309931,0.239959,-0.119985,0.670020,0.000000,0.000000,0.000000,0.299933,-0.239959,0.119985,0.690017,0.000000,0.000000,0.000000,0.000000
13.7200,0.309772,0.239863,-0.119950,0.670065,0.000000,0.000000,0.000000,0.299777,-0.239863,0.119950,0.690057,0.000000,0.000000,0.000000,0.000000
13.7400,0.309470,0.239681,-0.119884,0.670152,0.000000,0.000000,0.000000,0.299480,-0.239681,0.119884,0.690132,0.000000,0.000000,0.000000,0.000000
13.7600,0.308984,0.239387,-0.119777,0.670291,0.000000,0.000000,0.000000,0.299003,-0.239387,0.119777,0.690253,0.000000,0.000000,0.000000,0.000000
13.7800,0.308277,0.238961,-0.119621,0.670493,0.000000,0.000000,0.000000,0.298309,-0.238961,0.119621,0.690430,0.000000,0.000000,0.000000,0.000000
13.8000,0.307315,0.238380,-0.119410,0.670768,0.000000,0.000000,0.000000,0.297364,-0.238380,0.119410,0.690670,0.000000,0.000000,0.000000,0.000000
13.8200,0.306067,0.237627,-0.119135,0.671125,0.000000,0.000000,0.000000,0.296139,-0.237627,0.119135,0.690981,0.000000,0.000000,0.000000,0.000000
13.8400,0.304505,0.236685,-0.118792,0.671572,0.000000,0.000000,0.000000,0.294605,-0.236685,0.118792,0.691371,0.000000,0.000000,0.000000,0.000000
13.8600,0.302605,0.235539,-0.118375,0.672116,0.000000,0.000000,0.000000,0.292740,-0.235539,0.118375,0.691845,0.000000,0.000000,0.000000,0.000000
13.8800,0.300345,0.234176,-0.117878,0.672763,0.000000,0.000000,0.000000,0.290522,-0.234176,0.117878,0.692409,0.000000,0.000000,0.000000,0.000000
13.9000,0.297707,0.232585,-0.117298,0.673517,0.000000,0.000000,0.000000,0.287932,-0.232585,0.117298,0.693067,0.000000,0.000000,0.000000,0.000000
13.9200,0.294675,0.230756,-0.116631,0.674385,0.000000,0.000000,0.000000,0.284956,-0.230756,0.116631,0.693824,0.000000,0.000000,0.000000,0.000000
13.9400,0.291236,0.228682,-0.115875,0.675369,0.000000,0.000000,0.000000,0.281579,-0.228682,0.115875,0.694682,0.000000,0.000000,0.000000,0.000000
13.9600,0.287378,0.226355,-0.115027,0.676473,0.000000,0.000000,0.000000,0.277792,-0.226355,0.115027,0.695645,0.000000,0.000000,0.000000,0.000000
13.9800,0.283094,0.223771,-0.114086,0.677699,0.000000,0.000000,0.000000,0.273586,-0.223771,0.114086,0.696714,0.000000,0.000000,0.000000,0.000000
14.0000,0.278378,0.220926,-0.113049,0.679048,0.000000,0.000000,0.000000,0.268957,-0.220926,0.113049,0.697891,0.000000,0.000000,0.000000,0.000000
14.0200,0.273227,0.217819,-0.111917,0.680522,0.000000,0.000000,0.000000,0.263900,-0.217819,0.111917,0.699176,0.000000,0.000000,0.000000,0.000000
14.0400,0.267640,0.214449,-0.110689,0.682121,0.000000,0.000000,0.000000,0.258416,-0.214449,0.110689,0.700570,0.000000,0.000000,0.000000,0.000000
14.0600,0.261619,0.210817,-0.109365,0.683844,0.000000,0.000000,0.000000,0.252504,-0.210817,0.109365,0.702073,0.000000,0.000000,0.000000,0.000000
14.0800,0.255165,0.206924,-0.107947,0.685691,0.000000,0.000000,0.000000,0.246169,-0.206924,0.107947,0.703683,0.000000,0.000000,0.000000,0.000000
14.1000,0.248285,0.202774,-0.106434,0.687659,0.000000,0.000000,0.000000,0.239415,-0.202774,0.106434,0.705400,0.000000,0.000000,0.000000,0.000000
14.1200,0.240985,0.198371,-0.104830,0.689748,0.000000,0.000000,0.000000,0.232249,-0.198371,0.104830,0.707221,0.000000,0.000000,0.000000,0.000000
14.1400,0.233276,0.193721,-0.103135,0.691954,0.000000,0.000000,0.000000,0.224680,-0.193721,0.103135,0.709145,0.000000,0.000000,0.000000,0.000000
14.1600,0.225166,0.188829,-0.101353,0.694275,0.000000,0.000000,0.000000,0.216719,-0.188829,0.101353,0.711169,0.000000,0.000000,0.000000,0.000000
14.1800,0.216669,0.183704,-0.099485,0.696706,0.000000,0.000000,0.000000,0.208377,-0.183704,0.099485,0.713289,0.000000,0.000000,0.000000,0.000000
14.2000,0.207798,0.178353,-0.097535,0.699244,0.000000,0.000000,0.000000,0.199669,-0.178353,0.097535,0.715503,0.000000,0.000000,0.000000,0.000000
14.2200,0.198569,0.172786,-0.095506,0.701885,0.000000,0.000000,0.000000,0.190609,-0.172787,0.095506,0.717806,0.000000,0.000000,0.000000,0.000000
14.2400,0.188999,0.167014,-0.093403,0.704624,0.000000,0.000000,0.000000,0.181214,-0.167014,0.093403,0.720194,0.000000,0.000000,0.000000,0.000000
14.2600,0.179104,0.161046,-0.091228,0.707455,0.000000,0.000000,0.000000,0.171501,-0.161046,0.091228,0.722663,0.000000,0.000000,0.000000,0.000000
14.2800,0.168906,0.154894,-0.088986,0.710373,0.000000,0.000000,0.000000,0.161489,-0.154894,0.088986,0.725208,0.000000,0.000000,0.000000,0.000000
14.3000,0.158423,0.148571,-0.086682,0.713373,0.000000,0.000000,0.000000,0.151198,-0.148571,0.086682,0.727823,0.000000,0.000000,0.000000,0.000000
14.3200,0.147677,0.142089,-0.084320,0.716448,0.000000,0.000000,0.000000,0.140649,-0.142089,0.084320,0.730505,0.000000,0.000000,0.000000,0.000000
14.3400,0.136691,0.135462,-0.081905,0.719591,0.000000,0.000000,0.000000,0.129864,-0.135462,0.081905,0.733246,0.000000,0.000000,0.000000,0.000000
14.3600,0.125487,0.128704,-0.079442,0.722797,0.000000,0.000000,0.000000,0.118865,-0.128704,0.079442,0.736042,0.000000,0.000000,0.000000,0.000000
14.3800,0.114089,0.121829,-0.076937,0.726059,0.000000,0.000000,0.000000,0.107676,-0.121830,0.076937,0.738886,0.000000,0.000000,0.000000,0.000000
14.4000,0.102522,0.114852,-0.074394,0.729368,0.000000,0.000000,0.000000,0.096321,-0.114853,0.074394,0.741772,0.000000,0.000000,0.000000,0.000000
14.4200,0.090811,0.107788,-0.071820,0.732719,0.000000,0.000000,0.000000,0.084824,-0.107789,0.071820,0.744695,0.000000,0.000000,0.000000,0.000000
14.4400,0.078982,0.100653,-0.069220,0.736104,0.000000,0.000000,0.000000,0.073211,-0.100653,0.069220,0.747646,0.000000,0.000000,0.000000,0.000000
14.4600,0.067059,0.093461,-0.066599,0.739516,0.000000,0.000000,0.000000,0.061507,-0.093462,0.066599,0.750621,0.000000,0.000000,0.000000,0.000000
14.4800,0.055070,0.086230,-0.063964,0.742947,0.000000,0.000000,0.000000,0.049737,-0.086230,0.063964,0.753613,0.000000,0.000000,0.000000,0.000000
14.5000,0.043042,0.078974,-0.061320,0.746388,0.000000,0.000000,0.000000,0.037929,-0.078975,0.061320,0.756615,0.000000,0.000000,0.000000,0.000000
14.5200,0.030999,0.071711,-0.058673,0.749834,0.000000,0.000000,0.000000,0.026107,-0.071711,0.058673,0.759619,0.000000,0.000000,0.000000,0.000000
14.5400,0.018971,0.064455,-0.056029,0.753276,0.000000,0.000000,0.000000,0.014299,-0.064456,0.056029,0.762621,0.000000,0.000000,0.000000,0.000000
14.5600,0.006982,0.057224,-0.053394,0.756707,0.000000,0.000000,0.000000,0.002529,-0.057224,0.053394,0.765613,0.000000,0.000000,0.000000,0.000000
14.5800,-0.004941,0.050032,-0.050773,0.760118,0.000000,0.000000,0.000000,-0.009175,-0.050033,0.050773,0.768588,0.000000,0.000000,0.000000,0.000000
14.6000,-0.016770,0.042897,-0.048173,0.763503,0.000000,0.000000,0.000000,-0.020788,-0.042897,0.048173,0.771540,0.000000,0.000000,0.000000,0.000000
14.6200,-0.028481,0.035833,-0.045598,0.766854,0.000000,0.000000,0.000000,-0.032285,-0.035833,0.045599,0.774462,0.000000,0.000000,0.000000,0.000000
14.6400,-0.040048,0.028856,-0.043056,0.770164,0.000000,0.000000,0.000000,-0.043640,-0.028856,0.043056,0.777348,0.000000,0.000000,0.000000,0.000000
14.6600,-0.051446,0.021981,-0.040551,0.773425,0.000000,0.000000,0.000000,-0.054829,-0.021981,0.040551,0.780192,0.000000,0.000000,0.000000,0.000000
14.6800,-0.062650,0.015223,-0.038088,0.776631,0.000000,0.000000,0.000000,-0.065828,-0.015223,0.038088,0.782988,0.000000,0.000000,0.000000,0.000000
14.7000,-0.073636,0.008596,-0.035673,0.779775,0.000000,0.000000,0.000000,-0.076613,-0.008597,0.035673,0.785729,0.000000,0.000000,0.000000,0.000000
14.7200,-0.084382,0.002114,-0.033311,0.782850,0.000000,0.000000,0.000000,-0.087162,-0.002115,0.033311,0.788411,0.000000,0.000000,0.000000,0.000000
14.7400,-0.094865,-0.004209,-0.031007,0.785849,0.000000,0.000000,0.000000,-0.097453,0.004208,0.031007,0.791027,0.000000,0.000000,0.000000,0.000000
14.7600,-0.105063,-0.010360,-0.028765,0.788768,0.000000,0.000000,0.000000,-0.107465,0.010360,0.028765,0.793571,0.000000,0.000000,0.000000,0.000000
14.7800,-0.114958,-0.016328,-0.026590,0.791599,0.000000,0.000000,0.000000,-0.117178,0.016328,0.026590,0.796040,0.000000,0.000000,0.000000,0.000000
14.8000,-0.124528,-0.022101,-0.024486,0.794337,0.000000,0.000000,0.000000,-0.126573,0.022101,0.024487,0.798429,0.000000,0.000000,0.000000,0.000000
14.8200,-0.133757,-0.027668,-0.022458,0.796978,0.000000,0.000000,0.000000,-0.135633,0.027668,0.022458,0.800731,0.000000,0.000000,0.000000,0.000000
14.8400,-0.142628,-0.033019,-0.020508,0.799517,0.000000,0.000000,0.000000,-0.144341,0.033018,0.020508,0.802945,0.000000,0.000000,0.000000,0.000000
14.8600,-0.151125,-0.038144,-0.018640,0.801948,0.000000,0.000000,0.000000,-0.152683,0.038144,0.018640,0.805065,0.000000,0.000000,0.000000,0.000000
14.8800,-0.159235,-0.043036,-0.016858,0.804269,0.000000,0.000000,0.000000,-0.160644,0.043035,0.016858,0.807089,0.000000,0.000000,0.000000,0.000000
14.9000,-0.166945,-0.047686,-0.015163,0.806475,0.000000,0.000000,0.000000,-0.168213,0.047686,0.015163,0.809013,0.000000,0.000000,0.000000,0.000000
14.9200,-0.174244,-0.052089,-0.013558,0.808563,0.000000,0.000000,0.000000,-0.175379,0.052089,0.013559,0.810834,0.000000,0.000000,0.000000,0.000000
14.9400,-0.181124,-0.056239,-0.012046,0.810532,0.000000,0.000000,0.000000,-0.182133,0.056239,0.012046,0.812551,0.000000,0.000000,0.000000,0.000000
14.9600,-0.187578,-0.060132,-0.010628,0.812379,0.000000,0.000000,0.000000,-0.188468,0.060131,0.010628,0.814161,0.000000,0.000000,0.000000,0.000000
14.9800,-0.193599,-0.063764,-0.009304,0.814102,0.000000,0.000000,0.000000,-0.194380,0.063764,0.009304,0.815664,0.000000,0.000000,0.000000,0.000000
15.0000,-0.199186,-0.067134,-0.008076,0.815700,0.000000,0.000000,0.000000,-0.199864,0.067133,0.008076,0.817058,0.000000,0.000000,0.000000,0.000000
15.0200,-0.204337,-0.070241,-0.006944,0.817174,0.000000,0.000000,0.000000,-0.204921,0.070240,0.006944,0.818343,0.000000,0.000000,0.000000,0.000000
15.0400,-0.209053,-0.073085,-0.005907,0.818524,0.000000,0.000000,0.000000,-0.209550,0.073085,0.005907,0.819520,0.000000,0.000000,0.000000,0.000000
15.0600,-0.213337,-0.075669,-0.004965,0.819749,0.000000,0.000000,0.000000,-0.213756,0.075669,0.004966,0.820589,0.000000,0.000000,0.000000,0.000000
15.0800,-0.217195,-0.077996,-0.004117,0.820853,0.000000,0.000000,0.000000,-0.217543,0.077996,0.004118,0.821552,0.000000,0.000000,0.000000,0.000000
15.1000,-0.220634,-0.080071,-0.003361,0.821838,0.000000,0.000000,0.000000,-0.220920,0.080071,0.003362,0.822410,0.000000,0.000000,0.000000,0.000000
15.1200,-0.223667,-0.081900,-0.002695,0.822705,0.000000,0.000000,0.000000,-0.223896,0.081900,0.002695,0.823167,0.000000,0.000000,0.000000,0.000000
15.1400,-0.226304,-0.083491,-0.002115,0.823460,0.000000,0.000000,0.000000,-0.226486,0.083491,0.002115,0.823825,0.000000,0.000000,0.000000,0.000000
15.1600,-0.228564,-0.084854,-0.001618,0.824107,0.000000,0.000000,0.000000,-0.228704,0.084854,0.001619,0.824389,0.000000,0.000000,0.000000,0.000000
15.1800,-0.230464,-0.086000,-0.001201,0.824650,0.000000,0.000000,0.000000,-0.230569,0.086000,0.001201,0.824863,0.000000,0.000000,0.000000,0.000000
15.2000,-0.232026,-0.086942,-0.000857,0.825097,0.000000,0.000000,0.000000,-0.232103,0.086942,0.000858,0.825253,0.000000,0.000000,0.000000,0.000000
15.2200,-0.233274,-0.087695,-0.000583,0.825454,0.000000,0.000000,0.000000,-0.233328,0.087695,0.000583,0.825564,0.000000,0.000000,0.000000,0.000000
15.2400,-0.234236,-0.088276,-0.000372,0.825730,0.000000,0.000000,0.000000,-0.234273,0.088275,0.000372,0.825804,0.000000,0.000000,0.000000,0.000000
15.2600,-0.234944,-0.088702,-0.000216,0.825932,0.000000,0.000000,0.000000,-0.234967,0.088702,0.000216,0.825981,0.000000,0.000000,0.000000,0.000000
15.2800,-0.235430,-0.088995,-0.000109,0.826071,0.000000,0.000000,0.000000,-0.235444,0.088995,0.000109,0.826102,0.000000,0.000000,0.000000,0.000000
15.3000,-0.235732,-0.089178,-0.000043,0.826158,0.000000,0.000000,0.000000,-0.235741,0.089177,0.000043,0.826177,0.000000,0.000000,0.000000,0.000000
15.3200,-0.235890,-0.089273,-0.000008,0.826203,0.000000,0.000000,0.000000,-0.235897,0.089273,0.000008,0.826217,0.000000,0.000000,0.000000,0.000000
15.3400,-0.235950,-0.089310,0.000005,0.826220,0.000000,0.000000,0.000000,-0.235955,0.089309,-0.000005,0.826232,0.000000,0.000000,0.000000,0.000000
15.3600,-0.235959,-0.089315,0.000007,0.826223,0.000000,0.000000,0.000000,-0.235964,0.089314,-0.000007,0.826234,0.000000,0.000000,0.000000,0.000000
15.3800,-0.235959,-0.089315,0.000007,0.826223,0.000000,0.000000,0.000000,-0.235964,0.089314,-0.000007,0.826234,0.000000,0.000000,0.000000,0.000000
15.4000,-0.235959,-0.089315,0.000007,0.826223,0.000000,0.000000,0.000000,-0.235964,0.089314,-0.000007,0.826234,0.000000,0.000000,0.000000,0.000000
15.4200,-0.235959,-0.089315,0.000007,0.826223,0.000000,0.000000,0.000000,-0.235964,0.089314,-0.000007,0.826234,0.000000,0.000000,0.000000,0.000000
15.4400,-0.235959,-0.089315,0.000007,0.826223,0.000000,0.000000,0.000000,-0.235964,0.089314,-0.000007,0.826234,0.000000,0.000000,0.000000,0.000000
15.4600,-0.235959,-0.089315,0.000007,0.826223,0.000000,0.000000,0.000000,-0.235964,0.089314,-0.000007,0.826234,0.000000,0.000000,0.000000,0.000000
15.4800,-0.235959,-0.089315,0.000007,0.826223,0.000000,0.000000,0.000000,-0.235964,0.089314,-0.000007,0.826234,0.000000,0.000000,0.000000,0.000000
15.5000,-0.235959,-0.089315,0.000007,0.826223,0.000000,0.000000,0.000000,-0.235964,0.089314,-0.000007,0.826234,0.000000,0.000000,0.000000,0.000000
15.5200,-0.235959,-0.089315,0.000007,0.826223,0.000000,0.000000,0.000000,-0.235964,0.089314,-0.000007,0.826234,0.000000,0.000000,0.000000,0.000000
15.5400,-0.235959,-0.089315,0.000007,0.826223,0.000000,0.000000,0.000000,-0.235964,0.089314,-0.000007,0.826234,0.000000,0.000000,0.000000,0.000000
15.5600,-0.235959,-0.089315,0.000007,0.826223,0.000000,0.000000,0.000000,-0.235964,0.089314,-0.000007,0.826234,0.000000,0.000000,0.000000,0.000000
15.5800,-0.235959,-0.089315,0.000007,0.826223,0.000000,0.000000,0.000000,-0.235964,0.089314,-0.000007,0.826234,0.000000,0.000000,0.000000,0.000000
15.6000,-0.235959,-0.089315,0.000007,0.826223,0.000000,0.000000,0.000000,-0.235964,0.089314,-0.000007,0.826234,0.000000,0.000000,0.000000,0.000000
15.6200,-0.235959,-0.089315,0.000007,0.826223,0.000000,0.000000,0.000000,-0.235964,0.089314,-0.000007,0.826234,0.000000,0.000000,0.000000,0.000000
15.6400,-0.235959,-0.089315,0.000007,0.826223,0.000000,0.000000,0.000000,-0.235964,0.089314,-0.000007,0.826234,0.000000,0.000000,0.000000,0.000000
15.6600,-0.235959,-0.089315,0.000007,0.826223,0.000000,0.000000,0.000000,-0.235964,0.089314,-0.000007,0.826234,0.000000,0.000000,0.000000,0.000000
15.6800,-0.235959,-0.089315,0.000007,0.826223,0.000000,0.000000,0.000000,-0.235964,0.089314,-0.000007,0.826234,0.000000,0.000000,0.000000,0.000000
15.7000,-0.235959,-0.089315,0.000007,0.826223,0.000000,0.000000,0.000000,-0.235964,0.089314,-0.000007,0.826234,0.000000,0.000000,0.000000,0.000000
15.7200,-0.235959,-0.089315,0.000007,0.826223,0.000000,0.000000,0.000000,-0.235964,0.089314,-0.000007,0.826234,0.000000,0.000000,0.000000,0.000000
15.7400,-0.235959,-0.089315,0.000007,0.826223,0.000000,0.000000,0.000000,-0.235964,0.089314,-0.000007,0.826234,0.000000,0.000000,0.000000,0.000000
15.7600,-0.235959,-0.089315,0.000007,0.826223,0.000000,0.000000,0.000000,-0.235964,0.089314,-0.000007,0.826234,0.000000,0.000000,0.000000,0.000000
15.7800,-0.235959,-0.089315,0.000007,0.826223,0.000000,0.000000,0.000000,-0.235964,0.089314,-0.000007,0.826234,0.000000,0.000000,0.000000,0.000000
15.8000,-0.235959,-0.089315,0.000007,0.826223,0.000000,0.000000,0.000000,-0.235964,0.089314,-0.000007,0.826234,0.000000,0.000000,0.000000,0.000000
15.8200,-0.235959,-0.089315,0.000007,0.826223,0.000000,0.000000,0.000000,-0.235964,0.089314,-0.000007,0.826234,0.000000,0.000000,0.000000,0.000000
15.8400,-0.235959,-0.089315,0.000007,0.826223,0.000000,0.000000,0.000000,-0.235964,0.089314,-0.000007,0.826234,0.000000,0.000000,0.000000,0.000000
15.8600,-0.235959,-0.089315,0.000007,0.826223,0.000000,0.000000,0.000000,-0.235964,0.089314,-0.000007,0.826234,0.000000,0.000000,0.000000,0.000000
15.8800,-0.235959,-0.089315,0.000007,0.826223,0.000000,0.000000,0.000000,-0.235964,0.089314,-0.000007,0.826234,0.000000,0.000000,0.000000,0.000000
15.9000,-0.235959,-0.089315,0.000007,0.826223,0.000000,0.000000,0.000000,-0.235964,0.089314,-0.000007,0.826234,0.000000,0.000000,0.000000,0.000000
15.9200,-0.235959,-0.089315,0.000007,0.826223,0.000000,0.000000,0.000000,-0.235964,0.089314,-0.000007,0.826234,0.000000,0.000000,0.000000,0.000000
15.9400,-0.235959,-0.089315,0.000007,0.826223,0.000000,0.000000,0.000000,-0.235964,0.089314,-0.000007,0.826234,0.000000,0.000000,0.000000,0.000000
15.9600,-0.235959,-0.089315,0.000007,0.826223,0.000000,0.000000,0.000000,-0.235964,0.089314,-0.000007,0.826234,0.000000,0.000000,0.000000,0.000000
15.9800,-0.235959,-0.089315,0.000007,0.826223,0.000000,0.000000,0.000000,-0.235964,0.089314,-0.000007,0.826234,0.000000,0.000000,0.000000,0.000000
16.0000,-0.235959,-0.089315,0.000007,0.826223,0.000000,0.000000,0.000000,-0.235964,0.089314,-0.000007,0.826234,0.000000,0.000000,0.000000,0.000000
16.0200,-0.235959,-0.089315,0.000007,0.826223,0.000000,0.000000,0.000000,-0.235964,0.089314,-0.000007,0.826234,0.000000,0.000000,0.000000,0.000000
16.0400,-0.235959,-0.089315,0.000007,0.826223,0.000000,0.000000,0.000000,-0.235964,0.089314,-0.000007,0.826234,0.000000,0.000000,0.000000,0.000000
16.0600,-0.235959,-0.089315,0.000007,0.826223,0.000000,0.000000,0.000000,-0.235964,0.089314,-0.000007,0.826234,0.000000,0.000000,0.000000,0.000000
16.0800,-0.235959,-0.089315,0.000007,0.826223,0.000000,0.000000,0.000000,-0.235964,0.089314,-0.000007,0.826234,0.000000,0.000000,0.000000,0.000000
16.1000,-0.235959,-0.089315,0.000007,0.826223,0.000000,0.000000,0.000000,-0.235964,0.089314,-0.000007,0.826234,0.000000,0.000000,0.000000,0.000000
16.1200,-0.235959,-0.089315,0.000007,0.826223,0.000000,0.000000,0.000000,-0.235964,0.089314,-0.000007,0.826234,0.000000,0.000000,0.000000,0.000000
16.1400,-0.235959,-0.089315,0.000007,0.826223,0.000000,0.000000,0.000000,-0.235964,0.089314,-0.000007,0.826234,0.000000,0.000000,0.000000,0.000000
16.1600,-0.235959,-0.089315,0.000007,0.826223,0.000000,0.000000,0.000000,-0.235964,0.089314,-0.000007,0.826234,0.000000,0.000000,0.000000,0.000000
16.1800,-0.235958,-0.089315,0.000007,0.826220,0.000000,0.000000,0.000000,-0.235963,0.089314,-0.000007,0.826231,0.000000,0.000000,0.000000,0.000000
16.2000,-0.235954,-0.089317,0.000007,0.826197,0.000000,0.000000,0.000000,-0.235959,0.089316,-0.000007,0.826209,0.000000,0.000000,0.000000,0.000000
16.2200,-0.235942,-0.089322,0.000007,0.826138,0.000000,0.000000,0.000000,-0.235947,0.089322,-0.000007,0.826150,0.000000,0.000000,0.000000,0.000000
16.2400,-0.235919,-0.089332,0.000007,0.826025,0.000000,0.000000,0.000000,-0.235924,0.089332,-0.000007,0.826036,0.000000,0.000000,0.000000,0.000000
16.2600,-0.235882,-0.089348,0.000007,0.825841,0.000000,0.000000,0.000000,-0.235887,0.089348,-0.000007,0.825852,0.000000,0.000000,0.000000,0.000000
16.2800,-0.235828,-0.089372,0.000007,0.825570,0.000000,0.000000,0.000000,-0.235833,0.089372,-0.000007,0.825581,0.000000,0.000000,0.000000,0.000000
16.3000,-0.235753,-0.089405,0.000007,0.825198,0.000000,0.000000,0.000000,-0.235758,0.089404,-0.000006,0.825209,0.000000,0.000000,0.000000,0.000000
16.3200,-0.235655,-0.089448,0.000006,0.824710,0.000000,0.000000,0.000000,-0.235660,0.089447,-0.000006,0.824721,0.000000,0.000000,0.000000,0.000000
16.3400,-0.235531,-0.089502,0.000006,0.824092,0.000000,0.000000,0.000000,-0.235536,0.089502,-0.000006,0.824103,0.000000,0.000000,0.000000,0.000000
16.3600,-0.235379,-0.089569,0.000005,0.823333,0.000000,0.000000,0.000000,-0.235384,0.089569,-0.000005,0.823344,0.000000,0.000000,0.000000,0.000000
16.3800,-0.235195,-0.089650,0.000005,0.822419,0.000000,0.000000,0.000000,-0.235200,0.089649,-0.000005,0.822430,0.000000,0.000000,0.000000,0.000000
16.4000,-0.234979,-0.089745,0.000004,0.821340,0.000000,0.000000,0.000000,-0.234983,0.089744,-0.000004,0.821351,0.000000,0.000000,0.000000,0.000000
16.4200,-0.234726,-0.089855,0.000003,0.820084,0.000000,0.000000,0.000000,-0.234731,0.089855,-0.000003,0.820096,0.000000,0.000000,0.000000,0.000000
16.4400,-0.234437,-0.089982,0.000003,0.818643,0.000000,0.000000,0.000000,-0.234442,0.089982,-0.000002,0.818654,0.000000,0.000000,0.000000,0.000000
16.4600,-0.234108,-0.090126,0.000002,0.817006,0.000000,0.000000,0.000000,-0.234113,0.090126,-0.000001,0.817017,0.000000,0.000000,0.000000,0.000000
16.4800,-0.233739,-0.090288,0.000000,0.815165,0.000000,0.000000,0.000000,-0.233744,0.090288,-0.000000,0.815176,0.000000,0.000000,0.000000,0.000000
16.5000,-0.233326,-0.090469,-0.000001,0.813112,0.000000,0.000000,0.000000,-0.233331,0.090469,0.000001,0.813123,0.000000,0.000000,0.000000,0.000000
16.5200,-0.232870,-0.090669,-0.000002,0.810840,0.000000,0.000000,0.000000,-0.232875,0.090669,0.000002,0.810851,0.000000,0.000000,0.000000,0.000000
16.5400,-0.232369,-0.090889,-0.000004,0.808342,0.000000,0.000000,0.000000,-0.232373,0.090889,0.000004,0.808353,0.000000,0.000000,0.000000,0.000000
16.5600,-0.231820,-0.091130,-0.000005,0.805611,0.000000,0.000000,0.000000,-0.231825,0.091129,0.000006,0.805622,0.000000,0.000000,0.000000,0.000000
16.5800,-0.231224,-0.091391,-0.000007,0.802643,0.000000,0.000000,0.000000,-0.231229,0.091390,0.000007,0.802654,0.000000,0.000000,0.000000,0.000000
16.6000,-0.230580,-0.091674,-0.000009,0.799432,0.000000,0.000000,0.000000,-0.230584,0.091673,0.000009,0.799443,0.000000,0.000000,0.000000,0.000000
16.6200,-0.229885,-0.091978,-0.000011,0.795974,0.000000,0.000000,0.000000,-0.229890,0.091978,0.000011,0.795985,0.000000,0.000000,0.000000,0.000000
16.6400,-0.229140,-0.092305,-0.000013,0.792265,0.000000,0.000000,0.000000,-0.229145,0.092304,0.000014,0.792276,0.000000,0.000000,0.000000,0.000000
16.6600,-0.228345,-0.092654,-0.000016,0.788303,0.000000,0.000000,0.000000,-0.228349,0.092653,0.000016,0.788314,0.000000,0.000000,0.000000,0.000000
16.6800,-0.227498,-0.093025,-0.000018,0.784083,0.000000,0.000000,0.000000,-0.227502,0.093025,0.000019,0.784094,0.000000,0.000000,0.000000,0.000000
16.7000,-0.226598,-0.093420,-0.000021,0.779605,0.000000,0.000000,0.000000,-0.226603,0.093419,0.000021,0.779616,0.000000,0.000000,0.000000,0.000000
16.7200,-0.225647,-0.093837,-0.000024,0.774867,0.000000,0.000000,0.000000,-0.225651,0.093836,0.000024,0.774877,0.000000,0.000000,0.000000,0.000000
16.7400,-0.224643,-0.094277,-0.000027,0.769866,0.000000,0.000000,0.000000,-0.224647,0.094276,0.000027,0.769877,0.000000,0.000000,0.000000,0.000000
16.7600,-0.223586,-0.094740,-0.000030,0.764604,0.000000,0.000000,0.000000,-0.223591,0.094740,0.000030,0.764614,0.000000,0.000000,0.000000,0.000000
16.7800,-0.222477,-0.095227,-0.000034,0.759079,0.000000,0.000000,0.000000,-0.222481,0.095226,0.000034,0.759090,0.000000,0.000000,0.000000,0.000000
16.8000,-0.221315,-0.095736,-0.000037,0.753292,0.000000,0.000000,0.000000,-0.221319,0.095736,0.000037,0.753303,0.000000,0.000000,0.000000,0.000000
16.8200,-0.220100,-0.096269,-0.000041,0.747244,0.000000,0.000000,0.000000,-0.220105,0.096268,0.000041,0.747255,0.000000,0.000000,0.000000,0.000000
16.8400,-0.218834,-0.096824,-0.000045,0.740936,0.000000,0.000000,0.000000,-0.218838,0.096824,0.000045,0.740947,0.000000,0.000000,0.000000,0.000000
16.8600,-0.217515,-0.097403,-0.000049,0.734370,0.000000,0.000000,0.000000,-0.217520,0.097402,0.000049,0.734380,0.000000,0.000000,0.000000,0.000000
16.8800,-0.216145,-0.098003,-0.000053,0.727547,0.000000,0.000000,0.000000,-0.216150,0.098003,0.000053,0.727558,0.000000,0.000000,0.000000,0.000000
16.9000,-0.214724,-0.098626,-0.000057,0.720471,0.000000,0.000000,0.000000,-0.214729,0.098626,0.000057,0.720481,0.000000,0.000000,0.000000,0.000000
16.9200,-0.213253,-0.099271,-0.000062,0.713144,0.000000,0.000000,0.000000,-0.213257,0.099271,0.000062,0.713154,0.000000,0.000000,0.000000,0.000000
16.9400,-0.211732,-0.099938,-0.000066,0.705570,0.000000,0.000000,0.000000,-0.211736,0.099938,0.000066,0.705580,0.000000,0.000000,0.000000,0.000000
16.9600,-0.210162,-0.100627,-0.000071,0.697751,0.000000,0.000000,0.000000,-0.210166,0.100626,0.000071,0.697761,0.000000,0.000000,0.000000,0.000000
16.9800,-0.208544,-0.101336,-0.000076,0.689694,0.000000,0.000000,0.000000,-0.208548,0.101336,0.000076,0.689703,0.000000,0.000000,0.000000,0.000000
17.0000,-0.206879,-0.102067,-0.000081,0.681400,0.000000,0.000000,0.000000,-0.206883,0.102066,0.000081,0.681410,0.000000,0.000000,0.000000,0.000000
17.0200,-0.205167,-0.102817,-0.000086,0.672877,0.000000,0.000000,0.000000,-0.205171,0.102817,0.000086,0.672886,0.000000,0.000000,0.000000,0.000000
17.0400,-0.203410,-0.103587,-0.000091,0.664127,0.000000,0.000000,0.000000,-0.203414,0.103587,0.000091,0.664137,0.000000,0.000000,0.000000,0.000000
17.0600,-0.201609,-0.104377,-0.000097,0.655158,0.000000,0.000000,0.000000,-0.201613,0.104377,0.000097,0.655167,0.000000,0.000000,0.000000,0.000000
17.0800,-0.199765,-0.105186,-0.000102,0.645975,0.000000,0.000000,0.000000,-0.199769,0.105185,0.000102,0.645984,0.000000,0.000000,0.000000,0.000000
17.1000,-0.197880,-0.106013,-0.000108,0.636583,0.000000,0.000000,0.000000,-0.197883,0.106012,0.000108,0.636592,0.000000,0.000000,0.000000,0.000000
17.1200,-0.195953,-0.106857,-0.000114,0.626989,0.000000,0.000000,0.000000,-0.195957,0.106857,0.000114,0.626998,0.000000,0.000000,0.000000,0.000000
17.1400,-0.193987,-0.107719,-0.000120,0.617200,0.000000,0.000000,0.000000,-0.193991,0.107719,0.000120,0.617209,0.000000,0.000000,0.000000,0.000000
17.1600,-0.191984,-0.108598,-0.000126,0.607222,0.000000,0.000000,0.000000,-0.191988,0.108598,0.000126,0.607231,0.000000,0.000000,0.000000,0.000000
17.1800,-0.189944,-0.109492,-0.000132,0.597063,0.000000,0.000000,0.000000,-0.189948,0.109492,0.000132,0.597071,0.000000,0.000000,0.000000,0.000000
17.2000,-0.187869,-0.110402,-0.000138,0.586730,0.000000,0.000000,0.000000,-0.187873,0.110402,0.000138,0.586738,0.000000,0.000000,0.000000,0.000000
17.2200,-0.185761,-0.111327,-0.000145,0.576230,0.000000,0.000000,0.000000,-0.185764,0.111327,0.000145,0.576238,0.000000,0.000000,0.000000,0.000000
17.2400,-0.183620,-0.112265,-0.000151,0.565571,0.000000,0.000000,0.000000,-0.183624,0.112265,0.000151,0.565579,0.000000,0.000000,0.000000,0.000000
17.2600,-0.181450,-0.113217,-0.000158,0.554762,0.000000,0.000000,0.000000,-0.181453,0.113217,0.000158,0.554770,0.000000,0.000000,0.000000,0.000000
17.2800,-0.179251,-0.114181,-0.000164,0.543810,0.000000,0.000000,0.000000,-0.179254,0.114181,0.000164,0.543818,0.000000,0.000000,0.000000,0.000000
17.3000,-0.177025,-0.115158,-0.000171,0.532723,0.000000,0.000000,0.000000,-0.177028,0.115157,0.000171,0.532731,0.000000,0.000000,0.000000,0.000000
17.3200,-0.174773,-0.116145,-0.000178,0.521511,0.000000,0.000000,0.000000,-0.174777,0.116145,0.000178,0.521519,0.000000,0.000000,0.000000,0.000000
17.3400,-0.172498,-0.117142,-0.000185,0.510182,0.000000,0.000000,0.000000,-0.172502,0.117142,0.000185,0.510190,0.000000,0.000000,0.000000,0.000000
17.3600,-0.170202,-0.118149,-0.000192,0.498745,0.000000,0.000000,0.000000,-0.170205,0.118149,0.000192,0.498752,0.000000,0.000000,0.000000,0.000000
17.3800,-0.167885,-0.119165,-0.000199,0.487208,0.000000,0.000000,0.000000,-0.167888,0.119165,0.000199,0.487215,0.000000,0.000000,0.000000,0.000000
17.4000,-0.165551,-0.120189,-0.000206,0.475581,0.000000,0.000000,0.000000,-0.165554,0.120189,0.000206,0.475588,0.000000,0.000000,0.000000,0.000000
17.4200,-0.163200,-0.121220,-0.000213,0.463874,0.000000,0.000000,0.000000,-0.163203,0.121220,0.000213,0.463880,0.000000,0.000000,0.000000,0.000000
17.4400,-0.160834,-0.122257,-0.000220,0.452094,0.000000,0.000000,0.000000,-0.160837,0.122257,0.000220,0.452101,0.000000,0.000000,0.000000,0.000000
17.4600,-0.158457,-0.123300,-0.000227,0.440252,0.000000,0.000000,0.000000,-0.158459,0.123300,0.000227,0.440259,0.000000,0.000000,0.000000,0.000000
17.4800,-0.156068,-0.124347,-0.000235,0.428357,0.000000,0.000000,0.000000,-0.156071,0.124347,0.000234,0.428364,0.000000,0.000000,0.000000,0.000000
17.5000,-0.153671,-0.125398,-0.000242,0.416419,0.000000,0.000000,0.000000,-0.153674,0.125398,0.000242,0.416426,0.000000,0.000000,0.000000,0.000000
17.5200,-0.151267,-0.126452,-0.000249,0.404448,0.000000,0.000000,0.000000,-0.151270,0.126452,0.000249,0.404454,0.000000,0.000000,0.000000,0.000000
17.5400,-0.148858,-0.127509,-0.000256,0.392452,0.000000,0.000000,0.000000,-0.148861,0.127509,0.000256,0.392458,0.000000,0.000000,0.000000,0.000000
17.5600,-0.146447,-0.128566,-0.000264,0.380441,0.000000,0.000000,0.000000,-0.146449,0.128566,0.000263,0.380447,0.000000,0.000000,0.000000,0.000000
17.5800,-0.144034,-0.129624,-0.000271,0.368426,0.000000,0.000000,0.000000,-0.144036,0.129624,0.000271,0.368432,0.000000,0.000000,0.000000,0.000000
17.6000,-0.141622,-0.130682,-0.000278,0.356416,0.000000,0.000000,0.000000,-0.141625,0.130682,0.000278,0.356421,0.000000,0.000000,0.000000,0.000000
17.6200,-0.139213,-0.131738,-0.000286,0.344420,0.000000,0.000000,0.000000,-0.139216,0.131738,0.000285,0.344425,0.000000,0.000000,0.000000,0.000000
17.6400,-0.136810,-0.132792,-0.000293,0.332448,0.000000,0.000000,0.000000,-0.136812,0.132792,0.000293,0.332453,0.000000,0.000000,0.000000,0.000000
17.6600,-0.134412,-0.133843,-0.000300,0.320510,0.000000,0.000000,0.000000,-0.134414,0.133843,0.000300,0.320515,0.000000,0.000000,0.000000,0.000000
17.6800,-0.132024,-0.134891,-0.000307,0.308615,0.000000,0.000000,0.000000,-0.132026,0.134891,0.000307,0.308620,0.000000,0.000000,0.000000,0.000000
17.7000,-0.129646,-0.135933,-0.000314,0.296773,0.000000,0.000000,0.000000,-0.129648,0.135933,0.000314,0.296778,0.000000,0.000000,0.000000,0.000000
17.7200,-0.127281,-0.136970,-0.000322,0.284994,0.000000,0.000000,0.000000,-0.127283,0.136970,0.000321,0.284998,0.000000,0.000000,0.000000,0.000000
17.7400,-0.124930,-0.138001,-0.000329,0.273286,0.000000,0.000000,0.000000,-0.124932,0.138001,0.000328,0.273290,0.000000,0.000000,0.000000,0.000000
17.7600,-0.122595,-0.139025,-0.000336,0.261659,0.000000,0.000000,0.000000,-0.122597,0.139025,0.000335,0.261663,0.000000,0.000000,0.000000,0.000000
17.7800,-0.120279,-0.140041,-0.000343,0.250122,0.000000,0.000000,0.000000,-0.120280,0.140041,0.000342,0.250127,0.000000,0.000000,0.000000,0.000000
17.8000,-0.117982,-0.141048,-0.000350,0.238685,0.000000,0.000000,0.000000,-0.117984,0.141048,0.000349,0.238689,0.000000,0.000000,0.000000,0.000000
17.8200,-0.115707,-0.142045,-0.000357,0.227356,0.000000,0.000000,0.000000,-0.115709,0.142046,0.000356,0.227360,0.000000,0.000000,0.000000,0.000000
17.8400,-0.113456,-0.143033,-0.000363,0.216144,0.000000,0.000000,0.000000,-0.113457,0.143033,0.000363,0.216148,0.000000,0.000000,0.000000,0.000000
17.8600,-0.111230,-0.144009,-0.000370,0.205058,0.000000,0.000000,0.000000,-0.111231,0.144009,0.000370,0.205061,0.000000,0.000000,0.000000,0.000000
17.8800,-0.109030,-0.144973,-0.000377,0.194105,0.000000,0.000000,0.000000,-0.109032,0.144973,0.000376,0.194109,0.000000,0.000000,0.000000,0.000000
17.9000,-0.106860,-0.145925,-0.000383,0.183296,0.000000,0.000000,0.000000,-0.106861,0.145925,0.000383,0.183299,0.000000,0.000000,0.000000,0.000000
17.9200,-0.104720,-0.146863,-0.000390,0.172637,0.000000,0.000000,0.000000,-0.104721,0.146864,0.000389,0.172641,0.000000,0.000000,0.000000,0.000000
17.9400,-0.102611,-0.147788,-0.000396,0.162138,0.000000,0.000000,0.000000,-0.102613,0.147788,0.000396,0.162141,0.000000,0.000000,0.000000,0.000000
17.9600,-0.100536,-0.148698,-0.000402,0.151804,0.000000,0.000000,0.000000,-0.100538,0.148698,0.000402,0.151807,0.000000,0.000000,0.000000,0.000000
17.9800,-0.098496,-0.149592,-0.000409,0.141645,0.000000,0.000000,0.000000,-0.098498,0.149593,0.000408,0.141648,0.000000,0.000000,0.000000,0.000000
18.0000,-0.096493,-0.150471,-0.000415,0.131667,0.000000,0.000000,0.000000,-0.096494,0.150471,0.000414,0.131670,0.000000,0.000000,0.000000,0.000000
18.0200,-0.094527,-0.151333,-0.000421,0.121878,0.000000,0.000000,0.000000,-0.094528,0.151333,0.000420,0.121881,0.000000,0.000000,0.000000,0.000000
18.0400,-0.092601,-0.152178,-0.000426,0.112284,0.000000,0.000000,0.000000,-0.092602,0.152178,0.000426,0.112287,0.000000,0.000000,0.000000,0.000000
18.0600,-0.090715,-0.153005,-0.000432,0.102893,0.000000,0.000000,0.000000,-0.090716,0.153005,0.000432,0.102895,0.000000,0.000000,0.000000,0.000000
18.0800,-0.088871,-0.153813,-0.000438,0.093709,0.000000,0.000000,0.000000,-0.088872,0.153813,0.000437,0.093711,0.000000,0.000000,0.000000,0.000000
18.1000,-0.087070,-0.154603,-0.000443,0.084740,0.000000,0.000000,0.000000,-0.087071,0.154603,0.000443,0.084742,0.000000,0.000000,0.000000,0.000000
18.1200,-0.085313,-0.155373,-0.000449,0.075991,0.000000,0.000000,0.000000,-0.085314,0.155374,0.000448,0.075993,0.000000,0.000000,0.000000,0.000000
18.1400,-0.083602,-0.156124,-0.000454,0.067467,0.000000,0.000000,0.000000,-0.083602,0.156124,0.000453,0.067469,0.000000,0.000000,0.000000,0.000000
18.1600,-0.081936,-0.156854,-0.000459,0.059174,0.000000,0.000000,0.000000,-0.081937,0.156854,0.000458,0.059175,0.000000,0.000000,0.000000,0.000000
18.1800,-0.080318,-0.157564,-0.000464,0.051116,0.000000,0.000000,0.000000,-0.080319,0.157564,0.000463,0.051117,0.000000,0.000000,0.000000,0.000000
18.2000,-0.078748,-0.158252,-0.000468,0.043298,0.000000,0.000000,0.000000,-0.078749,0.158252,0.000468,0.043299,0.000000,0.000000,0.000000,0.000000
18.2200,-0.077227,-0.158919,-0.000473,0.035723,0.000000,0.000000,0.000000,-0.077228,0.158919,0.000473,0.035725,0.000000,0.000000,0.000000,0.000000
18.2400,-0.075756,-0.159564,-0.000477,0.028396,0.000000,0.000000,0.000000,-0.075757,0.159564,0.000477,0.028397,0.000000,0.000000,0.000000,0.000000
18.2600,-0.074335,-0.160187,-0.000482,0.021320,0.000000,0.000000,0.000000,-0.074336,0.160187,0.000481,0.021321,0.000000,0.000000,0.000000,0.000000
18.2800,-0.072965,-0.160788,-0.000486,0.014497,0.000000,0.000000,0.000000,-0.072966,0.160788,0.000485,0.014499,0.000000,0.000000,0.000000,0.000000
18.3000,-0.071647,-0.161366,-0.000490,0.007931,0.000000,0.000000,0.000000,-0.071647,0.161366,0.000489,0.007932,0.000000,0.000000,0.000000,0.000000
18.3200,-0.070380,-0.161921,-0.000494,0.001623,0.000000,0.000000,0.000000,-0.070381,0.161922,0.000493,0.001624,0.000000,0.000000,0.000000,0.000000
18.3400,-0.069166,-0.162454,-0.000497,-0.004425,0.000000,0.000000,0.000000,-0.069166,0.162454,0.000497,-0.004424,0.000000,0.000000,0.000000,0.000000
18.3600,-0.068004,-0.162963,-0.000501,-0.010212,0.000000,0.000000,0.000000,-0.068004,0.162964,0.000500,-0.010211,0.000000,0.000000,0.000000,0.000000
18.3800,-0.066894,-0.163450,-0.000504,-0.015737,0.000000,0.000000,0.000000,-0.066895,0.163450,0.000504,-0.015736,0.000000,0.000000,0.000000,0.000000
18.4000,-0.065838,-0.163913,-0.000507,-0.020999,0.000000,0.000000,0.000000,-0.065838,0.163914,0.000507,-0.020998,0.000000,0.000000,0.000000,0.000000
18.4200,-0.064834,-0.164354,-0.000510,-0.025999,0.000000,0.000000,0.000000,-0.064834,0.164354,0.000510,-0.025999,0.000000,0.000000,0.000000,0.000000
18.4400,-0.063882,-0.164771,-0.000513,-0.030738,0.000000,0.000000,0.000000,-0.063882,0.164771,0.000513,-0.030737,0.000000,0.000000,0.000000,0.000000
18.4600,-0.062983,-0.165165,-0.000516,-0.035216,0.000000,0.000000,0.000000,-0.062983,0.165166,0.000516,-0.035215,0.000000,0.000000,0.000000,0.000000
18.4800,-0.062136,-0.165537,-0.000519,-0.039435,0.000000,0.000000,0.000000,-0.062136,0.165537,0.000518,-0.039435,0.000000,0.000000,0.000000,0.000000
18.5000,-0.061340,-0.165886,-0.000521,-0.043398,0.000000,0.000000,0.000000,-0.061340,0.165886,0.000521,-0.043398,0.000000,0.000000,0.000000,0.000000
18.5200,-0.060595,-0.166212,-0.000523,-0.047107,0.000000,0.000000,0.000000,-0.060595,0.166213,0.000523,-0.047106,0.000000,0.000000,0.000000,0.000000
18.5400,-0.059901,-0.166517,-0.000525,-0.050565,0.000000,0.000000,0.000000,-0.059901,0.166517,0.000525,-0.050564,0.000000,0.000000,0.000000,0.000000
18.5600,-0.059256,-0.166799,-0.000527,-0.053776,0.000000,0.000000,0.000000,-0.059256,0.166800,0.000527,-0.053775,0.000000,0.000000,0.000000,0.000000
18.5800,-0.058660,-0.167061,-0.000529,-0.056744,0.000000,0.000000,0.000000,-0.058660,0.167061,0.000529,-0.056744,0.000000,0.000000,0.000000,0.000000
18.6000,-0.058112,-0.167301,-0.000531,-0.059474,0.000000,0.000000,0.000000,-0.058112,0.167302,0.000530,-0.059474,0.000000,0.000000,0.000000,0.000000
18.6200,-0.057610,-0.167521,-0.000532,-0.061973,0.000000,0.000000,0.000000,-0.057610,0.167522,0.000532,-0.061972,0.000000,0.000000,0.000000,0.000000
18.6400,-0.057154,-0.167721,-0.000534,-0.064245,0.000000,0.000000,0.000000,-0.057154,0.167722,0.000533,-0.064245,0.000000,0.000000,0.000000,0.000000
18.6600,-0.056742,-0.167902,-0.000535,-0.066298,0.000000,0.000000,0.000000,-0.056742,0.167902,0.000534,-0.066298,0.000000,0.000000,0.000000,0.000000
18.6800,-0.056372,-0.168064,-0.000536,-0.068139,0.000000,0.000000,0.000000,-0.056372,0.168064,0.000536,-0.068139,0.000000,0.000000,0.000000,0.000000
18.7000,-0.056043,-0.168208,-0.000537,-0.069776,0.000000,0.000000,0.000000,-0.056043,0.168209,0.000537,-0.069775,0.000000,0.000000,0.000000,0.000000
18.7200,-0.055754,-0.168335,-0.000538,-0.071217,0.000000,0.000000,0.000000,-0.055754,0.168335,0.000537,-0.071217,0.000000,0.000000,0.000000,0.000000
18.7400,-0.055502,-0.168446,-0.000539,-0.072472,0.000000,0.000000,0.000000,-0.055502,0.168446,0.000538,-0.072472,0.000000,0.000000,0.000000,0.000000
18.7600,-0.055285,-0.168541,-0.000539,-0.073552,0.000000,0.000000,0.000000,-0.055285,0.168541,0.000539,-0.073551,0.000000,0.000000,0.000000,0.000000
18.7800,-0.055102,-0.168621,-0.000540,-0.074465,0.000000,0.000000,0.000000,-0.055102,0.168622,0.000539,-0.074465,0.000000,0.000000,0.000000,0.000000
18.8000,-0.054949,-0.168688,-0.000540,-0.075225,0.000000,0.000000,0.000000,-0.054949,0.168688,0.000540,-0.075225,0.000000,0.000000,0.000000,0.000000
18.8200,-0.054825,-0.168742,-0.000541,-0.075842,0.000000,0.000000,0.000000,-0.054825,0.168743,0.000540,-0.075842,0.000000,0.000000,0.000000,0.000000
18.8400,-0.054727,-0.168785,-0.000541,-0.076331,0.000000,0.000000,0.000000,-0.054727,0.168786,0.000540,-0.076330,0.000000,0.000000,0.000000,0.000000
18.8600,-0.054652,-0.168818,-0.000541,-0.076703,0.000000,0.000000,0.000000,-0.054652,0.168819,0.000541,-0.076703,0.000000,0.000000,0.000000,0.000000
18.8800,-0.054598,-0.168842,-0.000541,-0.076974,0.000000,0.000000,0.000000,-0.054598,0.168842,0.000541,-0.076974,0.000000,0.000000,0.000000,0.000000
18.9000,-0.054561,-0.168858,-0.000542,-0.077158,0.000000,0.000000,0.000000,-0.054561,0.168859,0.000541,-0.077158,0.000000,0.000000,0.000000,0.000000
18.9200,-0.054538,-0.168868,-0.000542,-0.077271,0.000000,0.000000,0.000000,-0.054538,0.168869,0.000541,-0.077271,0.000000,0.000000,0.000000,0.000000
18.9400,-0.054526,-0.168873,-0.000542,-0.077330,0.000000,0.000000,0.000000,-0.054526,0.168874,0.000541,-0.077330,0.000000,0.000000,0.000000,0.000000
18.9600,-0.054522,-0.168875,-0.000542,-0.077352,0.000000,0.000000,0.000000,-0.054522,0.168876,0.000541,-0.077352,0.000000,0.000000,0.000000,0.000000
18.9800,-0.054521,-0.168875,-0.000542,-0.077355,0.000000,0.000000,0.000000,-0.054521,0.168876,0.000541,-0.077355,0.000000,0.000000,0.000000,0.000000
19.0000,-0.054592,-0.168853,-0.000541,-0.077279,0.000000,0.000000,0.000000,-0.054592,0.168854,0.000541,-0.077279,0.000000,0.000000,0.000000,0.000000
19.0200,-0.055054,-0.168709,-0.000540,-0.076778,0.000000,0.000000,0.000000,-0.055054,0.168709,0.000540,-0.076778,0.000000,0.000000,0.000000,0.000000
19.0400,-0.056218,-0.168344,-0.000537,-0.075514,0.000000,0.000000,0.000000,-0.056218,0.168344,0.000537,-0.075514,0.000000,0.000000,0.000000,0.000000
19.0600,-0.058315,-0.167687,-0.000531,-0.073240,0.000000,0.000000,0.000000,-0.058314,0.167687,0.000531,-0.073240,0.000000,0.000000,0.000000,0.000000
19.0800,-0.061496,-0.166690,-0.000523,-0.069787,0.000000,0.000000,0.000000,-0.061496,0.166690,0.000522,-0.069787,0.000000,0.000000,0.000000,0.000000
19.1000,-0.065850,-0.165325,-0.000511,-0.065064,0.000000,0.000000,0.000000,-0.065850,0.165326,0.000511,-0.065064,0.000000,0.000000,0.000000,0.000000
19.1200,-0.071399,-0.163586,-0.000496,-0.059043,0.000000,0.000000,0.000000,-0.071399,0.163587,0.000496,-0.059043,0.000000,0.000000,0.000000,0.000000
19.1400,-0.078115,-0.161482,-0.000478,-0.051757,0.000000,0.000000,0.000000,-0.078114,0.161482,0.000477,-0.051757,0.000000,0.000000,0.000000,0.000000
19.1600,-0.085918,-0.159036,-0.000457,-0.043290,0.000000,0.000000,0.000000,-0.085918,0.159037,0.000456,-0.043290,0.000000,0.000000,0.000000,0.000000
19.1800,-0.094690,-0.156287,-0.000433,-0.033772,0.000000,0.000000,0.000000,-0.094690,0.156288,0.000433,-0.033772,0.000000,0.000000,0.000000,0.000000
19.2000,-0.104279,-0.153282,-0.000407,-0.023369,0.000000,0.000000,0.000000,-0.104279,0.153283,0.000407,-0.023369,0.000000,0.000000,0.000000,0.000000
19.2200,-0.114503,-0.150078,-0.000379,-0.012275,0.000000,0.000000,0.000000,-0.114503,0.150078,0.000379,-0.012275,0.000000,0.000000,0.000000,0.000000
19.2400,-0.125164,-0.146737,-0.000351,-0.000708,0.000000,0.000000,0.000000,-0.125164,0.146738,0.000350,-0.000708,0.000000,0.000000,0.000000,0.000000
19.2600,-0.136045,-0.143327,-0.000321,0.011098,0.000000,0.000000,0.000000,-0.136045,0.143328,0.000321,0.011098,0.000000,0.000000,0.000000,0.000000
19.2800,-0.146926,-0.139917,-0.000292,0.022904,0.000000,0.000000,0.000000,-0.146926,0.139918,0.000291,0.022904,0.000000,0.000000,0.000000,0.000000
19.3000,-0.157586,-0.136577,-0.000263,0.034470,0.000000,0.000000,0.000000,-0.157586,0.136577,0.000263,0.034470,0.000000,0.000000,0.000000,0.000000
19.3200,-0.167811,-0.133372,-0.000235,0.045564,0.000000,0.000000,0.000000,-0.167811,0.133373,0.000235,0.045564,0.000000,0.000000,0.000000,0.000000
19.3400,-0.177400,-0.130367,-0.000209,0.055968,0.000000,0.000000,0.000000,-0.177399,0.130368,0.000209,0.055968,0.000000,0.000000,0.000000,0.000000
19.3600,-0.186172,-0.127618,-0.000186,0.065486,0.000000,0.000000,0.000000,-0.186172,0.127619,0.000185,0.065486,0.000000,0.000000,0.000000,0.000000
19.3800,-0.193975,-0.125173,-0.000164,0.073952,0.000000,0.000000,0.000000,-0.193975,0.125173,0.000164,0.073952,0.000000,0.000000,0.000000,0.000000
19.4000,-0.200690,-0.123069,-0.000146,0.081238,0.000000,0.000000,0.000000,-0.200690,0.123069,0.000146,0.081238,0.000000,0.000000,0.000000,0.000000
19.4200,-0.206240,-0.121329,-0.000131,0.087259,0.000000,0.000000,0.000000,-0.206240,0.121330,0.000131,0.087259,0.000000,0.000000,0.000000,0.000000
19.4400,-0.210593,-0.119965,-0.000119,0.091983,0.000000,0.000000,0.000000,-0.210593,0.119965,0.000119,0.091983,0.000000,0.000000,0.000000,0.000000
19.4600,-0.213775,-0.118968,-0.000111,0.095435,0.000000,0.000000,0.000000,-0.213775,0.118968,0.000111,0.095435,0.000000,0.000000,0.000000,0.000000
19.4800,-0.215871,-0.118311,-0.000105,0.097710,0.000000,0.000000,0.000000,-0.215871,0.118311,0.000105,0.097710,0.000000,0.000000,0.000000,0.000000
19.5000,-0.217036,-0.117946,-0.000102,0.098973,0.000000,0.000000,0.000000,-0.217036,0.117946,0.000102,0.098973,0.000000,0.000000,0.000000,0.000000
19.5200,-0.217498,-0.117801,-0.000101,0.099475,0.000000,0.000000,0.000000,-0.217498,0.117801,0.000101,0.099475,0.000000,0.000000,0.000000,0.000000
19.5400,-0.217568,-0.117779,-0.000101,0.099551,0.000000,0.000000,0.000000,-0.217568,0.117779,0.000100,0.099551,0.000000,0.000000,0.000000,0.000000
19.5600,-0.217569,-0.117771,-0.000101,0.099683,0.000000,0.000000,0.000000,-0.217569,0.117771,0.000101,0.099683,0.000000,0.000000,0.000000,0.000000
19.5800,-0.217571,-0.117716,-0.000101,0.100529,0.000000,0.000000,0.000000,-0.217571,0.117716,0.000101,0.100529,0.000000,0.000000,0.000000,0.000000
19.6000,-0.217576,-0.117582,-0.000101,0.102606,0.000000,0.000000,0.000000,-0.217576,0.117582,0.000101,0.102606,0.000000,0.000000,0.000000,0.000000
19.6200,-0.217584,-0.117349,-0.000102,0.106231,0.000000,0.000000,0.000000,-0.217584,0.117349,0.000102,0.106231,0.000000,0.000000,0.000000,0.000000
19.6400,-0.217597,-0.117006,-0.000103,0.111549,0.000000,0.000000,0.000000,-0.217597,0.117006,0.000103,0.111549,0.000000,0.000000,0.000000,0.000000
19.6600,-0.217614,-0.116554,-0.000105,0.118554,0.000000,0.000000,0.000000,-0.217614,0.116554,0.000105,0.118554,0.000000,0.000000,0.000000,0.000000
19.6800,-0.217634,-0.116002,-0.000106,0.127113,0.000000,0.000000,0.000000,-0.217634,0.116003,0.000106,0.127113,0.000000,0.000000,0.000000,0.000000
19.7000,-0.217658,-0.115366,-0.000109,0.136988,0.000000,0.000000,0.000000,-0.217658,0.115366,0.000108,0.136988,0.000000,0.000000,0.000000,0.000000
19.7200,-0.217684,-0.114665,-0.000111,0.147863,0.000000,0.000000,0.000000,-0.217684,0.114665,0.000111,0.147863,0.000000,0.000000,0.000000,0.000000
19.7400,-0.217712,-0.113923,-0.000113,0.159359,0.000000,0.000000,0.000000,-0.217712,0.113924,0.000113,0.159359,0.000000,0.000000,0.000000,0.000000
19.7600,-0.217740,-0.113169,-0.000116,0.171066,0.000000,0.000000,0.000000,-0.217740,0.113169,0.000116,0.171066,0.000000,0.000000,0.000000,0.000000
19.7800,-0.217767,-0.112428,-0.000118,0.182563,0.000000,0.000000,0.000000,-0.217767,0.112428,0.000118,0.182563,0.000000,0.000000,0.000000,0.000000
19.8000,-0.217793,-0.111726,-0.000121,0.193437,0.000000,0.000000,0.000000,-0.217793,0.111727,0.000120,0.193437,0.000000,0.000000,0.000000,0.000000
19.8200,-0.217817,-0.111090,-0.000123,0.203313,0.000000,0.000000,0.000000,-0.217817,0.111090,0.000122,0.203313,0.000000,0.000000,0.000000,0.000000
19.8400,-0.217838,-0.110538,-0.000124,0.211872,0.000000,0.000000,0.000000,-0.217838,0.110538,0.000124,0.211872,0.000000,0.000000,0.000000,0.000000
19.8600,-0.217854,-0.110086,-0.000126,0.218877,0.000000,0.000000,0.000000,-0.217854,0.110087,0.000126,0.218877,0.000000,0.000000,0.000000,0.000000
19.8800,-0.217867,-0.109744,-0.000127,0.224195,0.000000,0.000000,0.000000,-0.217867,0.109744,0.000127,0.224195,0.000000,0.000000,0.000000,0.000000
19.9000,-0.217876,-0.109510,-0.000128,0.227819,0.000000,0.000000,0.000000,-0.217876,0.109510,0.000128,0.227819,0.000000,0.000000,0.000000,0.000000
19.9200,-0.217881,-0.109376,-0.000128,0.229896,0.000000,0.000000,0.000000,-0.217881,0.109376,0.000128,0.229896,0.000000,0.000000,0.000000,0.000000
19.9400,-0.217883,-0.109321,-0.000128,0.230743,0.000000,0.000000,0.000000,-0.217883,0.109322,0.000128,0.230743,0.000000,0.000000,0.000000,0.000000
19.9600,-0.217883,-0.109313,-0.000129,0.230874,0.000000,0.000000,0.000000,-0.217883,0.109313,0.000128,0.230875,0.000000,0.000000,0.000000,0.000000
19.9800,-0.217883,-0.109313,-0.000129,0.230874,0.000000,0.000000,0.000000,-0.217883,0.109313,0.000128,0.230875,0.000000,0.000000,0.000000,0.000000
20.0000,-0.217883,-0.109313,-0.000129,0.230874,0.000000,0.000000,0.000000,-0.217883,0.109313,0.000128,0.230875,0.000000,0.000000,0.000000,0.000000
20.0200,-0.217883,-0.109313,-0.000129,0.230874,0.000000,0.000000,0.000000,-0.217883,0.109313,0.000128,0.230875,0.000000,0.000000,0.000000,0.000000
20.0400,-0.217883,-0.109313,-0.000129,0.230874,0.000000,0.000000,0.000000,-0.217883,0.109313,0.000128,0.230875,0.000000,0.000000,0.000000,0.000000
20.0600,-0.217883,-0.109313,-0.000129,0.230874,0.000000,0.000000,0.000000,-0.217883,0.109313,0.000128,0.230875,0.000000,0.000000,0.000000,0.000000
20.0800,-0.217883,-0.109313,-0.000129,0.230874,0.000000,0.000000,0.000000,-0.217883,0.109313,0.000128,0.230875,0.000000,0.000000,0.000000,0.000000
20.1000,-0.217883,-0.109313,-0.000129,0.230874,0.000000,0.000000,0.000000,-0.217883,0.109313,0.000128,0.230875,0.000000,0.000000,0.000000,0.000000
20.1200,-0.217883,-0.109313,-0.000129,0.230874,0.000000,0.000000,0.000000,-0.217883,0.109313,0.000128,0.230875,0.000000,0.000000,0.000000,0.000000
20.1400,-0.217883,-0.109313,-0.000129,0.230874,0.000000,0.000000,0.000000,-0.217883,0.109313,0.000128,0.230875,0.000000,0.000000,0.000000,0.000000
20.1600,-0.217883,-0.109313,-0.000129,0.230874,0.000000,0.000000,0.000000,-0.217883,0.109313,0.000128,0.230875,0.000000,0.000000,0.000000,0.000000
20.1800,-0.217883,-0.109313,-0.000129,0.230874,0.000000,0.000000,0.000000,-0.217883,0.109313,0.000128,0.230875,0.000000,0.000000,0.000000,0.000000
20.2000,-0.217883,-0.109313,-0.000129,0.230874,0.000000,0.000000,0.000000,-0.217883,0.109313,0.000128,0.230875,0.000000,0.000000,0.000000,0.000000
20.2200,-0.217883,-0.109313,-0.000129,0.230874,0.000000,0.000000,0.000000,-0.217883,0.109313,0.000128,0.230875,0.000000,0.000000,0.000000,0.000000
20.2400,-0.217883,-0.109313,-0.000129,0.230874,0.000000,0.000000,0.000000,-0.217883,0.109313,0.000128,0.230875,0.000000,0.000000,0.000000,0.000000
20.2600,-0.217883,-0.109313,-0.000129,0.230874,0.000000,0.000000,0.000000,-0.217883,0.109313,0.000128,0.230875,0.000000,0.000000,0.000000,0.000000
20.2800,-0.217883,-0.109313,-0.000129,0.230874,0.000000,0.000000,0.000000,-0.217883,0.109313,0.000128,0.230875,0.000000,0.000000,0.000000,0.000000
20.3000,-0.217883,-0.109313,-0.000129,0.230874,0.000000,0.000000,0.000000,-0.217883,0.109313,0.000128,0.230875,0.000000,0.000000,0.000000,0.000000
20.3200,-0.217883,-0.109313,-0.000129,0.230874,0.000000,0.000000,0.000000,-0.217883,0.109313,0.000128,0.230875,0.000000,0.000000,0.000000,0.000000
20.3400,-0.217883,-0.109313,-0.000129,0.230874,0.000000,0.000000,0.000000,-0.217883,0.109313,0.000128,0.230875,0.000000,0.000000,0.000000,0.000000
20.3600,-0.217883,-0.109313,-0.000129,0.230874,0.000000,0.000000,0.000000,-0.217883,0.109313,0.000128,0.230875,0.000000,0.000000,0.000000,0.000000
20.3800,-0.217883,-0.109313,-0.000129,0.230874,0.000000,0.000000,0.000000,-0.217883,0.109313,0.000128,0.230875,0.000000,0.000000,0.000000,0.000000
20.4000,-0.217883,-0.109313,-0.000129,0.230874,0.000000,0.000000,0.000000,-0.217883,0.109313,0.000128,0.230875,0.000000,0.000000,0.000000,0.000000
20.4200,-0.217883,-0.109313,-0.000129,0.230874,0.000000,0.000000,0.000000,-0.217883,0.109313,0.000128,0.230875,0.000000,0.000000,0.000000,0.000000
20.4400,-0.217883,-0.109313,-0.000129,0.230874,0.000000,0.000000,0.000000,-0.217883,0.109313,0.000128,0.230875,0.000000,0.000000,0.000000,0.000000
20.4600,-0.217883,-0.109313,-0.000129,0.230874,0.000000,0.000000,0.000000,-0.217883,0.109313,0.000128,0.230875,0.000000,0.000000,0.000000,0.000000
20.4800,-0.217883,-0.109313,-0.000129,0.230874,0.000000,0.000000,0.000000,-0.217883,0.109313,0.000128,0.230875,0.000000,0.000000,0.000000,0.000000
20.5000,-0.217883,-0.109313,-0.000129,0.230874,0.000000,0.000000,0.000000,-0.217883,0.109313,0.000128,0.230875,0.000000,0.000000,0.000000,0.000000
20.5200,-0.217883,-0.109313,-0.000129,0.230874,0.000000,0.000000,0.000000,-0.217883,0.109313,0.000128,0.230875,0.000000,0.000000,0.000000,0.000000
20.5400,-0.217883,-0.109313,-0.000129,0.230874,0.000000,0.000000,0.000000,-0.217883,0.109313,0.000128,0.230875,0.000000,0.000000,0.000000,0.000000
20.5600,-0.217883,-0.109313,-0.000129,0.230874,0.000000,0.000000,0.000000,-0.217883,0.109313,0.000128,0.230875,0.000000,0.000000,0.000000,0.000000
20.5800,-0.217883,-0.109313,-0.000129,0.230874,0.000000,0.000000,0.000000,-0.217883,0.109313,0.000128,0.230875,0.000000,0.000000,0.000000,0.000000
20.6000,-0.217883,-0.109313,-0.000129,0.230874,0.000000,0.000000,0.000000,-0.217883,0.109313,0.000128,0.230875,0.000000,0.000000,0.000000,0.000000
20.6200,-0.217883,-0.109313,-0.000129,0.230874,0.000000,0.000000,0.000000,-0.217883,0.109313,0.000128,0.230875,0.000000,0.000000,0.000000,0.000000
20.6400,-0.217883,-0.109313,-0.000129,0.230874,0.000000,0.000000,0.000000,-0.217883,0.109313,0.000128,0.230875,0.000000,0.000000,0.000000,0.000000
20.6600,-0.217883,-0.109313,-0.000129,0.230874,0.000000,0.000000,0.000000,-0.217883,0.109313,0.000128,0.230875,0.000000,0.000000,0.000000,0.000000
20.6800,-0.217883,-0.109313,-0.000129,0.230874,0.000000,0.000000,0.000000,-0.217883,0.109313,0.000128,0.230875,0.000000,0.000000,0.000000,0.000000
20.7000,-0.217883,-0.109313,-0.000129,0.230874,0.000000,0.000000,0.000000,-0.217883,0.109313,0.000128,0.230875,0.000000,0.000000,0.000000,0.000000
20.7200,-0.217883,-0.109313,-0.000129,0.230874,0.000000,0.000000,0.000000,-0.217883,0.109313,0.000128,0.230875,0.000000,0.000000,0.000000,0.000000
20.7400,-0.217883,-0.109313,-0.000129,0.230874,0.000000,0.000000,0.000000,-0.217883,0.109313,0.000128,0.230875,0.000000,0.000000,0.000000,0.000000
20.7600,-0.217883,-0.109313,-0.000129,0.230874,0.000000,0.000000,0.000000,-0.217883,0.109313,0.000128,0.230875,0.000000,0.000000,0.000000,0.000000
20.7800,-0.217883,-0.109321,-0.000128,0.230743,0.000000,0.000000,0.000000,-0.217883,0.109322,0.000128,0.230743,0.000000,0.000000,0.000000,0.000000
20.8000,-0.217881,-0.109376,-0.000128,0.229896,0.000000,0.000000,0.000000,-0.217881,0.109376,0.000128,0.229896,0.000000,0.000000,0.000000,0.000000
20.8200,-0.217876,-0.109510,-0.000128,0.227819,0.000000,0.000000,0.000000,-0.217876,0.109510,0.000128,0.227819,0.000000,0.000000,0.000000,0.000000
20.8400,-0.217867,-0.109744,-0.000127,0.224195,0.000000,0.000000,0.000000,-0.217867,0.109744,0.000127,0.224195,0.000000,0.000000,0.000000,0.000000
20.8600,-0.217854,-0.110086,-0.000126,0.218877,0.000000,0.000000,0.000000,-0.217854,0.110087,0.000126,0.218877,0.000000,0.000000,0.000000,0.000000
20.8800,-0.217838,-0.110538,-0.000124,0.211872,0.000000,0.000000,0.000000,-0.217838,0.110538,0.000124,0.211872,0.000000,0.000000,0.000000,0.000000
20.9000,-0.217817,-0.111090,-0.000123,0.203313,0.000000,0.000000,0.000000,-0.217817,0.111090,0.000122,0.203313,0.000000,0.000000,0.000000,0.000000
20.9200,-0.217793,-0.111726,-0.000121,0.193437,0.000000,0.000000,0.000000,-0.217793,0.111727,0.000120,0.193437,0.000000,0.000000,0.000000,0.000000
20.9400,-0.217767,-0.112428,-0.000118,0.182563,0.000000,0.000000,0.000000,-0.217767,0.112428,0.000118,0.182563,0.000000,0.000000,0.000000,0.000000
20.9600,-0.217740,-0.113169,-0.000116,0.171066,0.000000,0.000000,0.000000,-0.217740,0.113169,0.000116,0.171066,0.000000,0.000000,0.000000,0.000000
20.9800,-0.217712,-0.113923,-0.000113,0.159359,0.000000,0.000000,0.000000,-0.217712,0.113924,0.000113,0.159359,0.000000,0.000000,0.000000,0.000000
21.0000,-0.217684,-0.114665,-0.000111,0.147863,0.000000,0.000000,0.000000,-0.217684,0.114665,0.000111,0.147863,0.000000,0.000000,0.000000,0.000000
21.0200,-0.217658,-0.115366,-0.000109,0.136988,0.000000,0.000000,0.000000,-0.217658,0.115366,0.000108,0.136988,0.000000,0.000000,0.000000,0.000000
21.0400,-0.217634,-0.116002,-0.000106,0.127113,0.000000,0.000000,0.000000,-0.217634,0.116003,0.000106,0.127113,0.000000,0.000000,0.000000,0.000000
21.0600,-0.217614,-0.116554,-0.000105,0.118554,0.000000,0.000000,0.000000,-0.217614,0.116554,0.000105,0.118554,0.000000,0.000000,0.000000,0.000000
21.0800,-0.217597,-0.117006,-0.000103,0.111549,0.000000,0.000000,0.000000,-0.217597,0.117006,0.000103,0.111549,0.000000,0.000000,0.000000,0.000000
21.1000,-0.217584,-0.117349,-0.000102,0.106231,0.000000,0.000000,0.000000,-0.217584,0.117349,0.000102,0.106231,0.000000,0.000000,0.000000,0.000000
21.1200,-0.217576,-0.117582,-0.000101,0.102606,0.000000,0.000000,0.000000,-0.217576,0.117582,0.000101,0.102606,0.000000,0.000000,0.000000,0.000000
21.1400,-0.217571,-0.117716,-0.000101,0.100529,0.000000,0.000000,0.000000,-0.217571,0.117716,0.000101,0.100529,0.000000,0.000000,0.000000,0.000000
21.1600,-0.217569,-0.117771,-0.000101,0.099683,0.000000,0.000000,0.000000,-0.217569,0.117771,0.000101,0.099683,0.000000,0.000000,0.000000,0.000000
21.1800,-0.217568,-0.117779,-0.000101,0.099551,0.000000,0.000000,0.000000,-0.217568,0.117779,0.000100,0.099551,0.000000,0.000000,0.000000,0.000000
21.2000,-0.217562,-0.117775,-0.000102,0.099558,0.000000,0.000000,0.000000,-0.217562,0.117775,0.000102,0.099558,0.000000,0.000000,0.000000,0.000000
21.2200,-0.217516,-0.117744,-0.000113,0.099608,0.000000,0.000000,0.000000,-0.217517,0.117744,0.000112,0.099610,0.000000,0.000000,0.000000,0.000000
21.2400,-0.217394,-0.117661,-0.000140,0.099739,0.000000,0.000000,0.000000,-0.217397,0.117661,0.000140,0.099746,0.000000,0.000000,0.000000,0.000000
21.2600,-0.217162,-0.117504,-0.000193,0.099990,0.000000,0.000000,0.000000,-0.217170,0.117504,0.000193,0.100005,0.000000,0.000000,0.000000,0.000000
21.2800,-0.216789,-0.117251,-0.000278,0.100394,0.000000,0.000000,0.000000,-0.216804,0.117251,0.000278,0.100423,0.000000,0.000000,0.000000,0.000000
21.3000,-0.216244,-0.116881,-0.000402,0.100982,0.000000,0.000000,0.000000,-0.216269,0.116881,0.000401,0.101033,0.000000,0.000000,0.000000,0.000000
21.3200,-0.215502,-0.116378,-0.000570,0.101786,0.000000,0.000000,0.000000,-0.215541,0.116378,0.000570,0.101864,0.000000,0.000000,0.000000,0.000000
21.3400,-0.214536,-0.115723,-0.000790,0.102829,0.000000,0.000000,0.000000,-0.214594,0.115723,0.000790,0.102944,0.000000,0.000000,0.000000,0.000000
21.3600,-0.213326,-0.114902,-0.001065,0.104138,0.000000,0.000000,0.000000,-0.213406,0.114902,0.001065,0.104299,0.000000,0.000000,0.000000,0.000000
21.3800,-0.211850,-0.113901,-0.001400,0.105734,0.000000,0.000000,0.000000,-0.211958,0.113901,0.001400,0.105951,0.000000,0.000000,0.000000,0.000000
21.4000,-0.210091,-0.112708,-0.001800,0.107636,0.000000,0.000000,0.000000,-0.210232,0.112708,0.001800,0.107920,0.000000,0.000000,0.000000,0.000000
21.4200,-0.208032,-0.111312,-0.002268,0.109862,0.000000,0.000000,0.000000,-0.208213,0.111312,0.002268,0.110224,0.000000,0.000000,0.000000,0.000000
21.4400,-0.205660,-0.109703,-0.002807,0.112427,0.000000,0.000000,0.000000,-0.205886,0.109704,0.002807,0.112878,0.000000,0.000000,0.000000,0.000000
21.4600,-0.202963,-0.107874,-0.003420,0.115344,0.000000,0.000000,0.000000,-0.203239,0.107874,0.003420,0.115897,0.000000,0.000000,0.000000,0.000000
21.4800,-0.199930,-0.105817,-0.004109,0.118623,0.000000,0.000000,0.000000,-0.200264,0.105818,0.004109,0.119292,0.000000,0.000000,0.000000,0.000000
21.5000,-0.196553,-0.103528,-0.004877,0.122274,0.000000,0.000000,0.000000,-0.196952,0.103528,0.004877,0.123071,0.000000,0.000000,0.000000,0.000000
21.5200,-0.192826,-0.101000,-0.005724,0.126304,0.000000,0.000000,0.000000,-0.193295,0.101000,0.005724,0.127242,0.000000,0.000000,0.000000,0.000000
21.5400,-0.188744,-0.098232,-0.006651,0.130717,0.000000,0.000000,0.000000,-0.189291,0.098232,0.006651,0.131810,0.000000,0.000000,0.000000,0.000000
21.5600,-0.184304,-0.095221,-0.007660,0.135518,0.000000,0.000000,0.000000,-0.184935,0.095221,0.007660,0.136779,0.000000,0.000000,0.000000,0.000000
21.5800,-0.179505,-0.091966,-0.008751,0.140708,0.000000,0.000000,0.000000,-0.180226,0.091966,0.008751,0.142151,0.000000,0.000000,0.000000,0.000000
21.6000,-0.174346,-0.088467,-0.009924,0.146287,0.000000,0.000000,0.000000,-0.175165,0.088467,0.009924,0.147925,0.000000,0.000000,0.000000,0.000000
21.6200,-0.168829,-0.084726,-0.011178,0.152252,0.000000,0.000000,0.000000,-0.169752,0.084726,0.011177,0.154100,0.000000,0.000000,0.000000,0.000000
21.6400,-0.162957,-0.080744,-0.012512,0.158601,0.000000,0.000000,0.000000,-0.163992,0.080744,0.012512,0.160672,0.000000,0.000000,0.000000,0.000000
21.6600,-0.156734,-0.076524,-0.013926,0.165329,0.000000,0.000000,0.000000,-0.157887,0.076524,0.013926,0.167636,0.000000,0.000000,0.000000,0.000000
21.6800,-0.150167,-0.072070,-0.015419,0.172430,0.000000,0.000000,0.000000,-0.151445,0.072070,0.015419,0.174986,0.000000,0.000000,0.000000,0.000000
21.7000,-0.143262,-0.067387,-0.016988,0.179897,0.000000,0.000000,0.000000,-0.144670,0.067387,0.016988,0.182714,0.000000,0.000000,0.000000,0.000000
21.7200,-0.136027,-0.062481,-0.018632,0.187719,0.000000,0.000000,0.000000,-0.137573,0.062481,0.018632,0.190810,0.000000,0.000000,0.000000,0.000000
21.7400,-0.128473,-0.057358,-0.020349,0.195888,0.000000,0.000000,0.000000,-0.130162,0.057358,0.020349,0.199266,0.000000,0.000000,0.000000,0.000000
21.7600,-0.120608,-0.052024,-0.022137,0.204392,0.000000,0.000000,0.000000,-0.122446,0.052024,0.022136,0.208068,0.000000,0.000000,0.000000,0.000000
21.7800,-0.112445,-0.046488,-0.023992,0.213218,0.000000,0.000000,0.000000,-0.114438,0.046489,0.023992,0.217203,0.000000,0.000000,0.000000,0.000000
21.8000,-0.103997,-0.040759,-0.025912,0.222353,0.000000,0.000000,0.000000,-0.106150,0.040759,0.025912,0.226659,0.000000,0.000000,0.000000,0.000000
21.8200,-0.095276,-0.034845,-0.027894,0.231783,0.000000,0.000000,0.000000,-0.097594,0.034845,0.027894,0.236419,0.000000,0.000000,0.000000,0.000000
21.8400,-0.086297,-0.028755,-0.029934,0.241492,0.000000,0.000000,0.000000,-0.088785,0.028755,0.029934,0.246468,0.000000,0.000000,0.000000,0.000000
21.8600,-0.077075,-0.022501,-0.032030,0.251464,0.000000,0.000000,0.000000,-0.079738,0.022501,0.032030,0.256790,0.000000,0.000000,0.000000,0.000000
21.8800,-0.067625,-0.016093,-0.034178,0.261681,0.000000,0.000000,0.000000,-0.070468,0.016093,0.034178,0.267365,0.000000,0.000000,0.000000,0.000000
21.9000,-0.057965,-0.009542,-0.036373,0.272126,0.000000,0.000000,0.000000,-0.060991,0.009542,0.036373,0.278177,0.000000,0.000000,0.000000,0.000000
21.9200,-0.048112,-0.002859,-0.038613,0.282781,0.000000,0.000000,0.000000,-0.051324,0.002859,0.038613,0.289205,0.000000,0.000000,0.000000,0.000000
21.9400,-0.038082,0.003942,-0.040892,0.293626,0.000000,0.000000,0.000000,-0.041484,-0.003942,0.040892,0.300430,0.000000,0.000000,0.000000,0.000000
21.9600,-0.027895,0.010851,-0.043207,0.304641,0.000000,0.000000,0.000000,-0.031490,-0.010851,0.043207,0.311832,0.000000,0.000000,0.000000,0.000000
21.9800,-0.017569,0.017854,-0.045554,0.315807,0.000000,0.000000,0.000000,-0.021360,-0.017854,0.045554,0.323389,0.000000,0.000000,0.000000,0.000000
22.0000,-0.007123,0.024938,-0.047928,0.327102,0.000000,0.000000,0.000000,-0.011111,-0.024938,0.047928,0.335080,0.000000,0.000000,0.000000,0.000000
22.0200,0.003424,0.032090,-0.050325,0.338505,0.000000,0.000000,0.000000,-0.000765,-0.032090,0.050325,0.346883,0.000000,0.000000,0.000000,0.000000
22.0400,0.014051,0.039297,-0.052740,0.349996,0.000000,0.000000,0.000000,0.009661,-0.039297,0.052740,0.358777,0.000000,0.000000,0.000000,0.000000
22.0600,0.024739,0.046545,-0.055169,0.361553,0.000000,0.000000,0.000000,0.020146,-0.046545,0.055169,0.370739,0.000000,0.000000,0.000000,0.000000
22.0800,0.035467,0.053821,-0.057607,0.373153,0.000000,0.000000,0.000000,0.030671,-0.053821,0.057607,0.382746,0.000000,0.000000,0.000000,0.000000
22.1000,0.046216,0.061110,-0.060050,0.384775,0.000000,0.000000,0.000000,0.041216,-0.061110,0.060050,0.394775,0.000000,0.000000,0.000000,0.000000
22.1200,0.056965,0.068400,-0.062493,0.396398,0.000000,0.000000,0.000000,0.051761,-0.068400,0.062493,0.406805,0.000000,0.000000,0.000000,0.000000
22.1400,0.067693,0.075675,-0.064931,0.407998,0.000000,0.000000,0.000000,0.062286,-0.075675,0.064931,0.418812,0.000000,0.000000,0.000000,0.000000
22.1600,0.078381,0.082924,-0.067360,0.419555,0.000000,0.000000,0.000000,0.072771,-0.082923,0.067360,0.430774,0.000000,0.000000,0.000000,0.000000
22.1800,0.089008,0.090130,-0.069776,0.431046,0.000000,0.000000,0.000000,0.083197,-0.090130,0.069776,0.442668,0.000000,0.000000,0.000000,0.000000
22.2000,0.099554,0.097283,-0.072172,0.442449,0.000000,0.000000,0.000000,0.093543,-0.097283,0.072172,0.454471,0.000000,0.000000,0.000000,0.000000
22.2200,0.110000,0.104367,-0.074546,0.453744,0.000000,0.000000,0.000000,0.103791,-0.104367,0.074546,0.466162,0.000000,0.000000,0.000000,0.000000
22.2400,0.120327,0.111370,-0.076893,0.464910,0.000000,0.000000,0.000000,0.113922,-0.111370,0.076893,0.477719,0.000000,0.000000,0.000000,0.000000
22.2600,0.130514,0.118278,-0.079209,0.475925,0.000000,0.000000,0.000000,0.123916,-0.118278,0.079208,0.489121,0.000000,0.000000,0.000000,0.000000
22.2800,0.140543,0.125080,-0.081488,0.486770,0.000000,0.000000,0.000000,0.133755,-0.125080,0.081488,0.500346,0.000000,0.000000,0.000000,0.000000
22.3000,0.150397,0.131763,-0.083727,0.497424,0.000000,0.000000,0.000000,0.143422,-0.131763,0.083727,0.511374,0.000000,0.000000,0.000000,0.000000
22.3200,0.160057,0.138314,-0.085923,0.507870,0.000000,0.000000,0.000000,0.152899,-0.138314,0.085923,0.522185,0.000000,0.000000,0.000000,0.000000
22.3400,0.169507,0.144722,-0.088070,0.518087,0.000000,0.000000,0.000000,0.162170,-0.144722,0.088070,0.532761,0.000000,0.000000,0.000000,0.000000
22.3600,0.178729,0.150976,-0.090166,0.528059,0.000000,0.000000,0.000000,0.171217,-0.150976,0.090166,0.543082,0.000000,0.000000,0.000000,0.000000
22.3800,0.187708,0.157065,-0.092207,0.537768,0.000000,0.000000,0.000000,0.180026,-0.157065,0.092207,0.553132,0.000000,0.000000,0.000000,0.000000
22.4000,0.196429,0.162980,-0.094189,0.547198,0.000000,0.000000,0.000000,0.188581,-0.162980,0.094189,0.562892,0.000000,0.000000,0.000000,0.000000
22.4200,0.204877,0.168709,-0.096109,0.556333,0.000000,0.000000,0.000000,0.196870,-0.168709,0.096109,0.572348,0.000000,0.000000,0.000000,0.000000
22.4400,0.213040,0.174245,-0.097964,0.565159,0.000000,0.000000,0.000000,0.204878,-0.174245,0.097964,0.581483,0.000000,0.000000,0.000000,0.000000
22.4600,0.220904,0.179578,-0.099751,0.573663,0.000000,0.000000,0.000000,0.212593,-0.179578,0.099751,0.590285,0.000000,0.000000,0.000000,0.000000
22.4800,0.228459,0.184702,-0.101468,0.581832,0.000000,0.000000,0.000000,0.220005,-0.184702,0.101468,0.598740,0.000000,0.000000,0.000000,0.000000
22.5000,0.235694,0.189608,-0.103113,0.589654,0.000000,0.000000,0.000000,0.227102,-0.189608,0.103113,0.606837,0.000000,0.000000,0.000000,0.000000
22.5200,0.242599,0.194291,-0.104682,0.597120,0.000000,0.000000,0.000000,0.233876,-0.194291,0.104682,0.614565,0.000000,0.000000,0.000000,0.000000
22.5400,0.249166,0.198744,-0.106174,0.604221,0.000000,0.000000,0.000000,0.240319,-0.198744,0.106174,0.621915,0.000000,0.000000,0.000000,0.000000
22.5600,0.255388,0.202964,-0.107589,0.610950,0.000000,0.000000,0.000000,0.246424,-0.202964,0.107589,0.628879,0.000000,0.000000,0.000000,0.000000
22.5800,0.261260,0.206946,-0.108923,0.617299,0.000000,0.000000,0.000000,0.252184,-0.206946,0.108923,0.635451,0.000000,0.000000,0.000000,0.000000
22.6000,0.266777,0.210688,-0.110177,0.623264,0.000000,0.000000,0.000000,0.257597,-0.210688,0.110177,0.641626,0.000000,0.000000,0.000000,0.000000
22.6200,0.271937,0.214187,-0.111349,0.628843,0.000000,0.000000,0.000000,0.262658,-0.214187,0.111349,0.647400,0.000000,0.000000,0.000000,0.000000
22.6400,0.276736,0.217442,-0.112440,0.634032,0.000000,0.000000,0.000000,0.267367,-0.217442,0.112440,0.652771,0.000000,0.000000,0.000000,0.000000
22.6600,0.281176,0.220453,-0.113449,0.638833,0.000000,0.000000,0.000000,0.271723,-0.220453,0.113449,0.657741,0.000000,0.000000,0.000000,0.000000
22.6800,0.285258,0.223221,-0.114377,0.643247,0.000000,0.000000,0.000000,0.275727,-0.223221,0.114377,0.662309,0.000000,0.000000,0.000000,0.000000
22.7000,0.288985,0.225748,-0.115224,0.647277,0.000000,0.000000,0.000000,0.279383,-0.225748,0.115224,0.666480,0.000000,0.000000,0.000000,0.000000
22.7200,0.292362,0.228038,-0.115991,0.650928,0.000000,0.000000,0.000000,0.282696,-0.228038,0.115991,0.670259,0.000000,0.000000,0.000000,0.000000
22.7400,0.295394,0.230095,-0.116681,0.654207,0.000000,0.000000,0.000000,0.285671,-0.230095,0.116681,0.673654,0.000000,0.000000,0.000000,0.000000
22.7600,0.298092,0.231924,-0.117294,0.657124,0.000000,0.000000,0.000000,0.288317,-0.231924,0.117294,0.676672,0.000000,0.000000,0.000000,0.000000
22.7800,0.300464,0.233533,-0.117833,0.659689,0.000000,0.000000,0.000000,0.290644,-0.233533,0.117833,0.679327,0.000000,0.000000,0.000000,0.000000
22.8000,0.302522,0.234929,-0.118301,0.661915,0.000000,0.000000,0.000000,0.292664,-0.234929,0.118301,0.681631,0.000000,0.000000,0.000000,0.000000
22.8200,0.304282,0.236122,-0.118700,0.663817,0.000000,0.000000,0.000000,0.294390,-0.236122,0.118700,0.683600,0.000000,0.000000,0.000000,0.000000
22.8400,0.305757,0.237123,-0.119036,0.665413,0.000000,0.000000,0.000000,0.295838,-0.237123,0.119036,0.685252,0.000000,0.000000,0.000000,0.000000
22.8600,0.306968,0.237944,-0.119311,0.666721,0.000000,0.000000,0.000000,0.297025,-0.237944,0.119311,0.686606,0.000000,0.000000,0.000000,0.000000
22.8800,0.307933,0.238598,-0.119530,0.667765,0.000000,0.000000,0.000000,0.297972,-0.238598,0.119530,0.687687,0.000000,0.000000,0.000000,0.000000
22.9000,0.308676,0.239102,-0.119699,0.668568,0.000000,0.000000,0.000000,0.298701,-0.239102,0.119699,0.688518,0.000000,0.000000,0.000000,0.000000
22.9200,0.309221,0.239471,-0.119823,0.669157,0.000000,0.000000,0.000000,0.299235,-0.239471,0.119823,0.689128,0.000000,0.000000,0.000000,0.000000
22.9400,0.309594,0.239725,-0.119908,0.669561,0.000000,0.000000,0.000000,0.299602,-0.239725,0.119908,0.689546,0.000000,0.000000,0.000000,0.000000
22.9600,0.309826,0.239882,-0.119960,0.669812,0.000000,0.000000,0.000000,0.299829,-0.239882,0.119960,0.689805,0.000000,0.000000,0.000000,0.000000
22.9800,0.309948,0.239964,-0.119988,0.669943,0.000000,0.000000,0.000000,0.299949,-0.239964,0.119988,0.689941,0.000000,0.000000,0.000000,0.000000
23.0000,0.309993,0.239995,-0.119998,0.669993,0.000000,0.000000,0.000000,0.299993,-0.239995,0.119998,0.689993,0.000000,0.000000,0.000000,0.000000
23.0200,0.310000,0.240000,-0.120000,0.670000,0.000000,0.000000,0.000000,0.300000,-0.240000,0.120000,0.690000,0.000000,0.000000,0.000000,0.000000
23.0400,0.310000,0.240000,-0.120000,0.670000,0.000000,0.000000,0.000000,0.300000,-0.240000,0.120000,0.690000,0.000000,0.000000,0.000000,0.000000
23.0600,0.310000,0.240000,-0.120000,0.670000,0.000000,0.000000,0.000000,0.300000,-0.240000,0.120000,0.690000,0.000000,0.000000,0.000000,0.000000
23.0800,0.310000,0.240000,-0.120000,0.670000,0.000000,0.000000,0.000000,0.300000,-0.240000,0.120000,0.690000,0.000000,0.000000,0.000000,0.000000
23.1000,0.310000,0.240000,-0.120000,0.670000,0.000000,0.000000,0.000000,0.300000,-0.240000,0.120000,0.690000,0.000000,0.000000,0.000000,0.000000
23.1200,0.310000,0.240000,-0.120000,0.670000,0.000000,0.000000,0.000000,0.300000,-0.240000,0.120000,0.690000,0.000000,0.000000,0.000000,0.000000
23.1400,0.310000,0.240000,-0.120000,0.670000,0.000000,0.000000,0.000000,0.300000,-0.240000,0.120000,0.690000,0.000000,0.000000,0.000000,0.000000
23.1600,0.310000,0.240000,-0.120000,0.670000,0.000000,0.000000,0.000000,0.300000,-0.240000,0.120000,0.690000,0.000000,0.000000,0.000000,0.000000
23.1800,0.310000,0.240000,-0.120000,0.670000,0.000000,0.000000,0.000000,0.300000,-0.240000,0.120000,0.690000,0.000000,0.000000,0.000000,0.000000
23.2000,0.310000,0.240000,-0.120000,0.670000,0.000000,0.000000,0.000000,0.300000,-0.240000,0.120000,0.690000,0.000000,0.000000,0.000000,0.000000
23.2200,0.310000,0.240000,-0.120000,0.670000,0.000000,0.000000,0.000000,0.300000,-0.240000,0.120000,0.690000,0.000000,0.000000,0.000000,0.000000
23.2400,0.310000,0.240000,-0.120000,0.670000,0.000000,0.000000,0.000000,0.300000,-0.240000,0.120000,0.690000,0.000000,0.000000,0.000000,0.000000
23.2600,0.310000,0.240000,-0.120000,0.670000,0.000000,0.000000,0.000000,0.300000,-0.240000,0.120000,0.690000,0.000000,0.000000,0.000000,0.000000
23.2800,0.310000,0.240000,-0.120000,0.670000,0.000000,0.000000,0.000000,0.300000,-0.240000,0.120000,0.690000,0.000000,0.000000,0.000000,0.000000
23.3000,0.310000,0.240000,-0.120000,0.670000,0.000000,0.000000,0.000000,0.300000,-0.240000,0.120000,0.690000,0.000000,0.000000,0.000000,0.000000
23.3200,0.310000,0.240000,-0.120000,0.670000,0.000000,0.000000,0.000000,0.300000,-0.240000,0.120000,0.690000,0.000000,0.000000,0.000000,0.000000
23.3400,0.310000,0.240000,-0.120000,0.670000,0.000000,0.000000,0.000000,0.300000,-0.240000,0.120000,0.690000,0.000000,0.000000,0.000000,0.000000
23.3600,0.310000,0.240000,-0.120000,0.670000,0.000000,0.000000,0.000000,0.300000,-0.240000,0.120000,0.690000,0.000000,0.000000,0.000000,0.000000
23.3800,0.310000,0.240000,-0.120000,0.670000,0.000000,0.000000,0.000000,0.300000,-0.240000,0.120000,0.690000,0.000000,0.000000,0.000000,0.000000
23.4000,0.310000,0.240000,-0.120000,0.670000,0.000000,0.000000,0.000000,0.300000,-0.240000,0.120000,0.690000,0.000000,0.000000,0.000000,0.000000
23.4200,0.310000,0.240000,-0.120000,0.670000,0.000000,0.000000,0.000000,0.300000,-0.240000,0.120000,0.690000,0.000000,0.000000,0.000000,0.000000
23.4400,0.310000,0.240000,-0.120000,0.670000,0.000000,0.000000,0.000000,0.300000,-0.240000,0.120000,0.690000,0.000000,0.000000,0.000000,0.000000
23.4600,0.310000,0.240000,-0.120000,0.670000,0.000000,0.000000,0.000000,0.300000,-0.240000,0.120000,0.690000,0.000000,0.000000,0.000000,0.000000
23.4800,0.310000,0.240000,-0.120000,0.670000,0.000000,0.000000,0.000000,0.300000,-0.240000,0.120000,0.690000,0.000000,0.000000,0.000000,0.000000
23.5000,0.310000,0.240000,-0.120000,0.670000,0.000000,0.000000,0.000000,0.300000,-0.240000,0.120000,0.690000,0.000000,0.000000,0.000000,0.000000
23.5200,0.310000,0.240000,-0.120000,0.670000,0.000000,0.000000,0.000000,0.300000,-0.240000,0.120000,0.690000,0.000000,0.000000,0.000000,0.000000
23.5400,0.310000,0.240000,-0.120000,0.670000,0.000000,0.000000,0.000000,0.300000,-0.240000,0.120000,0.690000,0.000000,0.000000,0.000000,0.000000
23.5600,0.310000,0.240000,-0.120000,0.670000,0.000000,0.000000,0.000000,0.300000,-0.240000,0.120000,0.690000,0.000000,0.000000,0.000000,0.000000
23.5800,0.310000,0.240000,-0.120000,0.670000,0.000000,0.000000,0.000000,0.300000,-0.240000,0.120000,0.690000,0.000000,0.000000,0.000000,0.000000
23.6000,0.310000,0.240000,-0.120000,0.670000,0.000000,0.000000,0.000000,0.300000,-0.240000,0.120000,0.690000,0.000000,0.000000,0.000000,0.000000
23.6200,0.310000,0.240000,-0.120000,0.670000,0.000000,0.000000,0.000000,0.300000,-0.240000,0.120000,0.690000,0.000000,0.000000,0.000000,0.000000
23.6400,0.310000,0.240000,-0.120000,0.670000,0.000000,0.000000,0.000000,0.300000,-0.240000,0.120000,0.690000,0.000000,0.000000,0.000000,0.000000
23.6600,0.310000,0.240000,-0.120000,0.670000,0.000000,0.000000,0.000000,0.300000,-0.240000,0.120000,0.690000,0.000000,0.000000,0.000000,0.000000
23.6800,0.310000,0.240000,-0.120000,0.670000,0.000000,0.000000,0.000000,0.300000,-0.240000,0.120000,0.690000,0.000000,0.000000,0.000000,0.000000
23.7000,0.310000,0.240000,-0.120000,0.670000,0.000000,0.000000,0.000000,0.300000,-0.240000,0.120000,0.690000,0.000000,0.000000,0.000000,0.000000
23.7200,0.310000,0.240000,-0.120000,0.670000,0.000000,0.000000,0.000000,0.300000,-0.240000,0.120000,0.690000,0.000000,0.000000,0.000000,0.000000
23.7400,0.310000,0.240000,-0.120000,0.670000,0.000000,0.000000,0.000000,0.300000,-0.240000,0.120000,0.690000,0.000000,0.000000,0.000000,0.000000
23.7600,0.310000,0.240000,-0.120000,0.670000,0.000000,0.000000,0.000000,0.300000,-0.240000,0.120000,0.690000,0.000000,0.000000,0.000000,0.000000
23.7800,0.310000,0.240000,-0.120000,0.670000,0.000000,0.000000,0.000000,0.300000,-0.240000,0.120000,0.690000,0.000000,0.000000,0.000000,0.000000
23.8000,0.310000,0.240000,-0.120000,0.670000,0.000000,0.000000,0.000000,0.300000,-0.240000,0.120000,0.690000,0.000000,0.000000,0.000000,0.000000
23.8200,0.310000,0.240000,-0.120000,0.670000,0.000000,0.000000,0.000000,0.300000,-0.240000,0.120000,0.690000,0.000000,0.000000,0.000000,0.000000
23.8400,0.309991,0.239995,-0.119998,0.670002,0.000000,0.000000,0.000000,0.299991,-0.239995,0.119998,0.690002,0.000000,0.000000,0.000000,0.000000
23.8600,0.309931,0.239959,-0.119985,0.670020,0.000000,0.000000,0.000000,0.299933,-0.239959,0.119985,0.690017,0.000000,0.000000,0.000000,0.000000
23.8800,0.309772,0.239863,-0.119950,0.670065,0.000000,0.000000,0.000000,0.299777,-0.239863,0.119950,0.690057,0.000000,0.000000,0.000000,0.000000
23.9000,0.309470,0.239681,-0.119884,0.670152,0.000000,0.000000,0.000000,0.299480,-0.239681,0.119884,0.690132,0.000000,0.000000,0.000000,0.000000
23.9200,0.308984,0.239387,-0.119777,0.670291,0.000000,0.000000,0.000000,0.299003,-0.239387,0.119777,0.690253,0.000000,0.000000,0.000000,0.000000
23.9400,0.308277,0.238961,-0.119621,0.670493,0.000000,0.000000,0.000000,0.298309,-0.238961,0.119621,0.690430,0.000000,0.000000,0.000000,0.000000
23.9600,0.307315,0.238380,-0.119410,0.670768,0.000000,0.000000,0.000000,0.297364,-0.238380,0.119410,0.690670,0.000000,0.000000,0.000000,0.000000
23.9800,0.306067,0.237627,-0.119135,0.671125,0.000000,0.000000,0.000000,0.296139,-0.237627,0.119135,0.690981,0.000000,0.000000,0.000000,0.000000
24.0000,0.304505,0.236685,-0.118792,0.671572,0.000000,0.000000,0.000000,0.294605,-0.236685,0.118792,0.691371,0.000000,0.000000,0.000000,0.000000
24.0200,0.302605,0.235539,-0.118375,0.672116,0.000000,0.000000,0.000000,0.292740,-0.235539,0.118375,0.691845,0.000000,0.000000,0.000000,0.000000
24.0400,0.300345,0.234176,-0.117878,0.672763,0.000000,0.000000,0.000000,0.290522,-0.234176,0.117878,0.692409,0.000000,0.000000,0.000000,0.000000
24.0600,0.297707,0.232585,-0.117298,0.673517,0.000000,0.000000,0.000000,0.287932,-0.232585,0.117298,0.693067,0.000000,0.000000,0.000000,0.000000
24.0800,0.294675,0.230756,-0.116631,0.674385,0.000000,0.000000,0.000000,0.284956,-0.230756,0.116631,0.693824,0.000000,0.000000,0.000000,0.000000
24.1000,0.291236,0.228682,-0.115875,0.675369,0.000000,0.000000,0.000000,0.281579,-0.228682,0.115875,0.694682,0.000000,0.000000,0.000000,0.000000
24.1200,0.287378,0.226355,-0.115027,0.676473,0.000000,0.000000,0.000000,0.277792,-0.226355,0.115027,0.695645,0.000000,0.000000,0.000000,0.000000
24.1400,0.283094,0.223771,-0.114086,0.677699,0.000000,0.000000,0.000000,0.273586,-0.223771,0.114086,0.696714,0.000000,0.000000,0.000000,0.000000
24.1600,0.278378,0.220926,-0.113049,0.679048,0.000000,0.000000,0.000000,0.268957,-0.220926,0.113049,0.697891,0.000000,0.000000,0.000000,0.000000
24.1800,0.273227,0.217819,-0.111917,0.680522,0.000000,0.000000,0.000000,0.263900,-0.217819,0.111917,0.699176,0.000000,0.000000,0.000000,0.000000
24.2000,0.267640,0.214449,-0.110689,0.682121,0.000000,0.000000,0.000000,0.258416,-0.214449,0.110689,0.700570,0.000000,0.000000,0.000000,0.000000
24.2200,0.261619,0.210817,-0.109365,0.683844,0.000000,0.000000,0.000000,0.252504,-0.210817,0.109365,0.702073,0.000000,0.000000,0.000000,0.000000
24.2400,0.255165,0.206924,-0.107947,0.685691,0.000000,0.000000,0.000000,0.246169,-0.206924,0.107947,0.703683,0.000000,0.000000,0.000000,0.000000
24.2600,0.248285,0.202774,-0.106434,0.687659,0.000000,0.000000,0.000000,0.239415,-0.202774,0.106434,0.705400,0.000000,0.000000,0.000000,0.000000
24.2800,0.240985,0.198371,-0.104830,0.689748,0.000000,0.000000,0.000000,0.232249,-0.198371,0.104830,0.707221,0.000000,0.000000,0.000000,0.000000
24.3000,0.233276,0.193721,-0.103135,0.691954,0.000000,0.000000,0.000000,0.224680,-0.193721,0.103135,0.709145,0.000000,0.000000,0.000000,0.000000
24.3200,0.225166,0.188829,-0.101353,0.694275,0.000000,0.000000,0.000000,0.216719,-0.188829,0.101353,0.711169,0.000000,0.000000,0.000000,0.000000
24.3400,0.216669,0.183704,-0.099485,0.696706,0.000000,0.000000,0.000000,0.208377,-0.183704,0.099485,0.713289,0.000000,0.000000,0.000000,0.000000
24.3600,0.207798,0.178353,-0.097535,0.699244,0.000000,0.000000,0.000000,0.199669,-0.178353,0.097535,0.715503,0.000000,0.000000,0.000000,0.000000
24.3800,0.198569,0.172786,-0.095506,0.701885,0.000000,0.000000,0.000000,0.190609,-0.172787,0.095506,0.717806,0.000000,0.000000,0.000000,0.000000
24.4000,0.188999,0.167014,-0.093403,0.704624,0.000000,0.000000,0.000000,0.181214,-0.167014,0.093403,0.720194,0.000000,0.000000,0.000000,0.000000
24.4200,0.179104,0.161046,-0.091228,0.707455,0.000000,0.000000,0.000000,0.171501,-0.161046,0.091228,0.722663,0.000000,0.000000,0.000000,0.000000
24.4400,0.168906,0.154894,-0.088986,0.710373,0.000000,0.000000,0.000000,0.161489,-0.154894,0.088986,0.725208,0.000000,0.000000,0.000000,0.000000
24.4600,0.158423,0.148571,-0.086682,0.713373,0.000000,0.000000,0.000000,0.151198,-0.148571,0.086682,0.727823,0.000000,0.000000,0.000000,0.000000
24.4800,0.147677,0.142089,-0.084320,0.716448,0.000000,0.000000,0.000000,0.140649,-0.142089,0.084320,0.730505,0.000000,0.000000,0.000000,0.000000
24.5000,0.136691,0.135462,-0.081905,0.719591,0.000000,0.000000,0.000000,0.129864,-0.135462,0.081905,0.733246,0.000000,0.000000,0.000000,0.000000
24.5200,0.125487,0.128704,-0.079442,0.722797,0.000000,0.000000,0.000000,0.118865,-0.128704,0.079442,0.736042,0.000000,0.000000,0.000000,0.000000
24.5400,0.114089,0.121829,-0.076937,0.726059,0.000000,0.000000,0.000000,0.107676,-0.121830,0.076937,0.738886,0.000000,0.000000,0.000000,0.000000
24.5600,0.102522,0.114852,-0.074394,0.729368,0.000000,0.000000,0.000000,0.096321,-0.114853,0.074394,0.741772,0.000000,0.000000,0.000000,0.000000
24.5800,0.090811,0.107788,-0.071820,0.732719,0.000000,0.000000,0.000000,0.084824,-0.107789,0.071820,0.744695,0.000000,0.000000,0.000000,0.000000
24.6000,0.078982,0.100653,-0.069220,0.736104,0.000000,0.000000,0.000000,0.073211,-0.100653,0.069220,0.747646,0.000000,0.000000,0.000000,0.000000
24.6200,0.067059,0.093461,-0.066599,0.739516,0.000000,0.000000,0.000000,0.061507,-0.093462,0.066599,0.750621,0.000000,0.000000,0.000000,0.000000
24.6400,0.055070,0.086230,-0.063964,0.742947,0.000000,0.000000,0.000000,0.049737,-0.086230,0.063964,0.753613,0.000000,0.000000,0.000000,0.000000
24.6600,0.043042,0.078974,-0.061320,0.746388,0.000000,0.000000,0.000000,0.037929,-0.078975,0.061320,0.756615,0.000000,0.000000,0.000000,0.000000
24.6800,0.030999,0.071711,-0.058673,0.749834,0.000000,0.000000,0.000000,0.026107,-0.071711,0.058673,0.759619,0.000000,0.000000,0.000000,0.000000
24.7000,0.018971,0.064455,-0.056029,0.753276,0.000000,0.000000,0.000000,0.014299,-0.064456,0.056029,0.762621,0.000000,0.000000,0.000000,0.000000
24.7200,0.006982,0.057224,-0.053394,0.756707,0.000000,0.000000,0.000000,0.002529,-0.057224,0.053394,0.765613,0.000000,0.000000,0.000000,0.000000
24.7400,-0.004941,0.050032,-0.050773,0.760118,0.000000,0.000000,0.000000,-0.009175,-0.050033,0.050773,0.768588,0.000000,0.000000,0.000000,0.000000
24.7600,-0.016770,0.042897,-0.048173,0.763503,0.000000,0.000000,0.000000,-0.020788,-0.042897,0.048173,0.771540,0.000000,0.000000,0.000000,0.000000
24.7800,-0.028481,0.035833,-0.045598,0.766854,0.000000,0.000000,0.000000,-0.032285,-0.035833,0.045599,0.774462,0.000000,0.000000,0.000000,0.000000
24.8000,-0.040048,0.028856,-0.043056,0.770164,0.000000,0.000000,0.000000,-0.043640,-0.028856,0.043056,0.777348,0.000000,0.000000,0.000000,0.000000
24.8200,-0.051446,0.021981,-0.040551,0.773425,0.000000,0.000000,0.000000,-0.054829,-0.021981,0.040551,0.780192,0.000000,0.000000,0.000000,0.000000
24.8400,-0.062650,0.015223,-0.038088,0.776631,0.000000,0.000000,0.000000,-0.065828,-0.015223,0.038088,0.782988,0.000000,0.000000,0.000000,0.000000
24.8600,-0.073636,0.008596,-0.035673,0.779775,0.000000,0.000000,0.000000,-0.076613,-0.008597,0.035673,0.785729,0.000000,0.000000,0.000000,0.000000
24.8800,-0.084382,0.002114,-0.033311,0.782850,0.000000,0.000000,0.000000,-0.087162,-0.002115,0.033311,0.788411,0.000000,0.000000,0.000000,0.000000
24.9000,-0.094865,-0.004209,-0.031007,0.785849,0.000000,0.000000,0.000000,-0.097453,0.004208,0.031007,0.791027,0.000000,0.000000,0.000000,0.000000
24.9200,-0.105063,-0.010360,-0.028765,0.788768,0.000000,0.000000,0.000000,-0.107465,0.010360,0.028765,0.793571,0.000000,0.000000,0.000000,0.000000
24.9400,-0.114958,-0.016328,-0.026590,0.791599,0.000000,0.000000,0.000000,-0.117178,0.016328,0.026590,0.796040,0.000000,0.000000,0.000000,0.000000
24.9600,-0.124528,-0.022101,-0.024486,0.794337,0.000000,0.000000,0.000000,-0.126573,0.022101,0.024487,0.798429,0.000000,0.000000,0.000000,0.000000
24.9800,-0.133757,-0.027668,-0.022458,0.796978,0.000000,0.000000,0.000000,-0.135633,0.027668,0.022458,0.800731,0.000000,0.000000,0.000000,0.000000
25.0000,-0.142628,-0.033019,-0.020508,0.799517,0.000000,0.000000,0.000000,-0.144341,0.033018,0.020508,0.802945,0.000000,0.000000,0.000000,0.000000
25.0200,-0.151125,-0.038144,-0.018640,0.801948,0.000000,0.000000,0.000000,-0.152683,0.038144,0.018640,0.805065,0.000000,0.000000,0.000000,0.000000
25.0400,-0.159235,-0.043036,-0.016858,0.804269,0.000000,0.000000,0.000000,-0.160644,0.043035,0.016858,0.807089,0.000000,0.000000,0.000000,0.000000
25.0600,-0.166945,-0.047686,-0.015163,0.806475,0.000000,0.000000,0.000000,-0.168213,0.047686,0.015163,0.809013,0.000000,0.000000,0.000000,0.000000
25.0800,-0.174244,-0.052089,-0.013558,0.808563,0.000000,0.000000,0.000000,-0.175379,0.052089,0.013559,0.810834,0.000000,0.000000,0.000000,0.000000
25.1000,-0.181124,-0.056239,-0.012046,0.810532,0.000000,0.000000,0.000000,-0.182133,0.056239,0.012046,0.812551,0.000000,0.000000,0.000000,0.000000
25.1200,-0.187578,-0.060132,-0.010628,0.812379,0.000000,0.000000,0.000000,-0.188468,0.060131,0.010628,0.814161,0.000000,0.000000,0.000000,0.000000
25.1400,-0.193599,-0.063764,-0.009304,0.814102,0.000000,0.000000,0.000000,-0.194380,0.063764,0.009304,0.815664,0.000000,0.000000,0.000000,0.000000
25.1600,-0.199186,-0.067134,-0.008076,0.815700,0.000000,0.000000,0.000000,-0.199864,0.067133,0.008076,0.817058,0.000000,0.000000,0.000000,0.000000
25.1800,-0.204337,-0.070241,-0.006944,0.817174,0.000000,0.000000,0.000000,-0.204921,0.070240,0.006944,0.818343,0.000000,0.000000,0.000000,0.000000
25.2000,-0.209053,-0.073085,-0.005907,0.818524,0.000000,0.000000,0.000000,-0.209550,0.073085,0.005907,0.819520,0.000000,0.000000,0.000000,0.000000
25.2200,-0.213337,-0.075669,-0.004965,0.819749,0.000000,0.000000,0.000000,-0.213756,0.075669,0.004966,0.820589,0.000000,0.000000,0.000000,0.000000
25.2400,-0.217195,-0.077996,-0.004117,0.820853,0.000000,0.000000,0.000000,-0.217543,0.077996,0.004118,0.821552,0.000000,0.000000,0.000000,0.000000
25.2600,-0.220634,-0.080071,-0.003361,0.821838,0.000000,0.000000,0.000000,-0.220920,0.080071,0.003362,0.822410,0.000000,0.000000,0.000000,0.000000
25.2800,-0.223667,-0.081900,-0.002695,0.822705,0.000000,0.000000,0.000000,-0.223896,0.081900,0.002695,0.823167,0.000000,0.000000,0.000000,0.000000
25.3000,-0.226304,-0.083491,-0.002115,0.823460,0.000000,0.000000,0.000000,-0.226486,0.083491,0.002115,0.823825,0.000000,0.000000,0.000000,0.000000
25.3200,-0.228564,-0.084854,-0.001618,0.824107,0.000000,0.000000,0.000000,-0.228704,0.084854,0.001619,0.824389,0.000000,0.000000,0.000000,0.000000
25.3400,-0.230464,-0.086000,-0.001201,0.824650,0.000000,0.000000,0.000000,-0.230569,0.086000,0.001201,0.824863,0.000000,0.000000,0.000000,0.000000
25.3600,-0.232026,-0.086942,-0.000857,0.825097,0.000000,0.000000,0.000000,-0.232103,0.086942,0.000858,0.825253,0.000000,0.000000,0.000000,0.000000
25.3800,-0.233274,-0.087695,-0.000583,0.825454,0.000000,0.000000,0.000000,-0.233328,0.087695,0.000583,0.825564,0.000000,0.000000,0.000000,0.000000
25.4000,-0.234236,-0.088276,-0.000372,0.825730,0.000000,0.000000,0.000000,-0.234273,0.088275,0.000372,0.825804,0.000000,0.000000,0.000000,0.000000
25.4200,-0.234944,-0.088702,-0.000216,0.825932,0.000000,0.000000,0.000000,-0.234967,0.088702,0.000216,0.825981,0.000000,0.000000,0.000000,0.000000
25.4400,-0.235430,-0.088995,-0.000109,0.826071,0.000000,0.000000,0.000000,-0.235444,0.088995,0.000109,0.826102,0.000000,0.000000,0.000000,0.000000
25.4600,-0.235732,-0.089178,-0.000043,0.826158,0.000000,0.000000,0.000000,-0.235741,0.089177,0.000043,0.826177,0.000000,0.000000,0.000000,0.000000
25.4800,-0.235890,-0.089273,-0.000008,0.826203,0.000000,0.000000,0.000000,-0.235897,0.089273,0.000008,0.826217,0.000000,0.000000,0.000000,0.000000
25.5000,-0.235950,-0.089310,0.000005,0.826220,0.000000,0.000000,0.000000,-0.235955,0.089309,-0.000005,0.826232,0.000000,0.000000,0.000000,0.000000
25.5200,-0.235959,-0.089315,0.000007,0.826223,0.000000,0.000000,0.000000,-0.235964,0.089314,-0.000007,0.826234,0.000000,0.000000,0.000000,0.000000
25.5400,-0.235959,-0.089315,0.000007,0.826223,0.000000,0.000000,0.000000,-0.235964,0.089314,-0.000007,0.826234,0.000000,0.000000,0.000000,0.000000
25.5600,-0.235959,-0.089315,0.000007,0.826223,0.000000,0.000000,0.000000,-0.235964,0.089314,-0.000007,0.826234,0.000000,0.000000,0.000000,0.000000
25.5800,-0.235959,-0.089315,0.000007,0.826223,0.000000,0.000000,0.000000,-0.235964,0.089314,-0.000007,0.826234,0.000000,0.000000,0.000000,0.000000
25.6000,-0.235959,-0.089315,0.000007,0.826223,0.000000,0.000000,0.000000,-0.235964,0.089314,-0.000007,0.826234,0.000000,0.000000,0.000000,0.000000
25.6200,-0.235959,-0.089315,0.000007,0.826223,0.000000,0.000000,0.000000,-0.235964,0.089314,-0.000007,0.826234,0.000000,0.000000,0.000000,0.000000
25.6400,-0.235959,-0.089315,0.000007,0.826223,0.000000,0.000000,0.000000,-0.235964,0.089314,-0.000007,0.826234,0.000000,0.000000,0.000000,0.000000
25.6600,-0.235959,-0.089315,0.000007,0.826223,0.000000,0.000000,0.000000,-0.235964,0.089314,-0.000007,0.826234,0.000000,0.000000,0.000000,0.000000
25.6800,-0.235959,-0.089315,0.000007,0.826223,0.000000,0.000000,0.000000,-0.235964,0.089314,-0.000007,0.826234,0.000000,0.000000,0.000000,0.000000
25.7000,-0.235959,-0.089315,0.000007,0.826223,0.000000,0.000000,0.000000,-0.235964,0.089314,-0.000007,0.826234,0.000000,0.000000,0.000000,0.000000
25.7200,-0.235959,-0.089315,0.000007,0.826223,0.000000,0.000000,0.000000,-0.235964,0.089314,-0.000007,0.826234,0.000000,0.000000,0.000000,0.000000
25.7400,-0.235959,-0.089315,0.000007,0.826223,0.000000,0.000000,0.000000,-0.235964,0.089314,-0.000007,0.826234,0.000000,0.000000,0.000000,0.000000
25.7600,-0.235959,-0.089315,0.000007,0.826223,0.000000,0.000000,0.000000,-0.235964,0.089314,-0.000007,0.826234,0.000000,0.000000,0.000000,0.000000
25.7800,-0.235959,-0.089315,0.000007,0.826223,0.000000,0.000000,0.000000,-0.235964,0.089314,-0.000007,0.826234,0.000000,0.000000,0.000000,0.000000
25.8000,-0.235959,-0.089315,0.000007,0.826223,0.000000,0.000000,0.000000,-0.235964,0.089314,-0.000007,0.826234,0.000000,0.000000,0.000000,0.000000
25.8200,-0.235959,-0.089315,0.000007,0.826223,0.000000,0.000000,0.000000,-0.235964,0.089314,-0.000007,0.826234,0.000000,0.000000,0.000000,0.000000
25.8400,-0.235959,-0.089315,0.000007,0.826223,0.000000,0.000000,0.000000,-0.235964,0.089314,-0.000007,0.826234,0.000000,0.000000,0.000000,0.000000
25.8600,-0.235959,-0.089315,0.000007,0.826223,0.000000,0.000000,0.000000,-0.235964,0.089314,-0.000007,0.826234,0.000000,0.000000,0.000000,0.000000
25.8800,-0.235959,-0.089315,0.000007,0.826223,0.000000,0.000000,0.000000,-0.235964,0.089314,-0.000007,0.826234,0.000000,0.000000,0.000000,0.000000
25.9000,-0.235959,-0.089315,0.000007,0.826223,0.000000,0.000000,0.000000,-0.235964,0.089314,-0.000007,0.826234,0.000000,0.000000,0.000000,0.000000
25.9200,-0.235959,-0.089315,0.000007,0.826223,0.000000,0.000000,0.000000,-0.235964,0.089314,-0.000007,0.826234,0.000000,0.000000,0.000000,0.000000
25.9400,-0.235959,-0.089315,0.000007,0.826223,0.000000,0.000000,0.000000,-0.235964,0.089314,-0.000007,0.826234,0.000000,0.000000,0.000000,0.000000
25.9600,-0.235959,-0.089315,0.000007,0.826223,0.000000,0.000000,0.000000,-0.235964,0.089314,-0.000007,0.826234,0.000000,0.000000,0.000000,0.000000
25.9800,-0.235959,-0.089315,0.000007,0.826223,0.000000,0.000000,0.000000,-0.235964,0.089314,-0.000007,0.826234,0.000000,0.000000,0.000000,0.000000
26.0000,-0.235959,-0.089315,0.000007,0.826223,0.000000,0.000000,0.000000,-0.235964,0.089314,-0.000007,0.826234,0.000000,0.000000,0.000000,0.000000
26.0200,-0.235959,-0.089315,0.000007,0.826223,0.000000,0.000000,0.000000,-0.235964,0.089314,-0.000007,0.826234,0.000000,0.000000,0.000000,0.000000
26.0400,-0.235959,-0.089315,0.000007,0.826223,0.000000,0.000000,0.000000,-0.235964,0.089314,-0.000007,0.826234,0.000000,0.000000,0.000000,0.000000
26.0600,-0.235959,-0.089315,0.000007,0.826223,0.000000,0.000000,0.000000,-0.235964,0.089314,-0.000007,0.826234,0.000000,0.000000,0.000000,0.000000
26.0800,-0.235959,-0.089315,0.000007,0.826223,0.000000,0.000000,0.000000,-0.235964,0.089314,-0.000007,0.826234,0.000000,0.000000,0.000000,0.000000
26.1000,-0.235959,-0.089315,0.000007,0.826223,0.000000,0.000000,0.000000,-0.235964,0.089314,-0.000007,0.826234,0.000000,0.000000,0.000000,0.000000
26.1200,-0.235959,-0.089315,0.000007,0.826223,0.000000,0.000000,0.000000,-0.235964,0.089314,-0.000007,0.826234,0.000000,0.000000,0.000000,0.000000
26.1400,-0.235959,-0.089315,0.000007,0.826223,0.000000,0.000000,0.000000,-0.235964,0.089314,-0.000007,0.826234,0.000000,0.000000,0.000000,0.000000
26.1600,-0.235959,-0.089315,0.000007,0.826223,0.000000,0.000000,0.000000,-0.235964,0.089314,-0.000007,0.826234,0.000000,0.000000,0.000000,0.000000
26.1800,-0.235959,-0.089315,0.000007,0.826223,0.000000,0.000000,0.000000,-0.235964,0.089314,-0.000007,0.826234,0.000000,0.000000,0.000000,0.000000
26.2000,-0.235959,-0.089315,0.000007,0.826223,0.000000,0.000000,0.000000,-0.235964,0.089314,-0.000007,0.826234,0.000000,0.000000,0.000000,0.000000
26.2200,-0.235959,-0.089315,0.000007,0.826223,0.000000,0.000000,0.000000,-0.235964,0.089314,-0.000007,0.826234,0.000000,0.000000,0.000000,0.000000
26.2400,-0.235959,-0.089315,0.000007,0.826223,0.000000,0.000000,0.000000,-0.235964,0.089314,-0.000007,0.826234,0.000000,0.000000,0.000000,0.000000
26.2600,-0.235959,-0.089315,0.000007,0.826223,0.000000,0.000000,0.000000,-0.235964,0.089314,-0.000007,0.826234,0.000000,0.000000,0.000000,0.000000
26.2800,-0.235959,-0.089315,0.000007,0.826223,0.000000,0.000000,0.000000,-0.235964,0.089314,-0.000007,0.826234,0.000000,0.000000,0.000000,0.000000
26.3000,-0.235959,-0.089315,0.000007,0.826223,0.000000,0.000000,0.000000,-0.235964,0.089314,-0.000007,0.826234,0.000000,0.000000,0.000000,0.000000
26.3200,-0.235959,-0.089315,0.000007,0.826223,0.000000,0.000000,0.000000,-0.235964,0.089314,-0.000007,0.826234,0.000000,0.000000,0.000000,0.000000
26.3400,-0.235958,-0.089315,0.000007,0.826220,0.000000,0.000000,0.000000,-0.235963,0.089314,-0.000007,0.826231,0.000000,0.000000,0.000000,0.000000
26.3600,-0.235954,-0.089317,0.000007,0.826197,0.000000,0.000000,0.000000,-0.235959,0.089316,-0.000007,0.826209,0.000000,0.000000,0.000000,0.000000
26.3800,-0.235942,-0.089322,0.000007,0.826138,0.000000,0.000000,0.000000,-0.235947,0.089322,-0.000007,0.826150,0.000000,0.000000,0.000000,0.000000
26.4000,-0.235919,-0.089332,0.000007,0.826025,0.000000,0.000000,0.000000,-0.235924,0.089332,-0.000007,0.826036,0.000000,0.000000,0.000000,0.000000
26.4200,-0.235882,-0.089348,0.000007,0.825841,0.000000,0.000000,0.000000,-0.235887,0.089348,-0.000007,0.825852,0.000000,0.000000,0.000000,0.000000
26.4400,-0.235828,-0.089372,0.000007,0.825570,0.000000,0.000000,0.000000,-0.235833,0.089372,-0.000007,0.825581,0.000000,0.000000,0.000000,0.000000
26.4600,-0.235753,-0.089405,0.000007,0.825198,0.000000,0.000000,0.000000,-0.235758,0.089404,-0.000006,0.825209,0.000000,0.000000,0.000000,0.000000
26.4800,-0.235655,-0.089448,0.000006,0.824710,0.000000,0.000000,0.000000,-0.235660,0.089447,-0.000006,0.824721,0.000000,0.000000,0.000000,0.000000
26.5000,-0.235531,-0.089502,0.000006,0.824092,0.000000,0.000000,0.000000,-0.235536,0.089502,-0.000006,0.824103,0.000000,0.000000,0.000000,0.000000
26.5200,-0.235379,-0.089569,0.000005,0.823333,0.000000,0.000000,0.000000,-0.235384,0.089569,-0.000005,0.823344,0.000000,0.000000,0.000000,0.000000
26.5400,-0.235195,-0.089650,0.000005,0.822419,0.000000,0.000000,0.000000,-0.235200,0.089649,-0.000005,0.822430,0.000000,0.000000,0.000000,0.000000
26.5600,-0.234979,-0.089745,0.000004,0.821340,0.000000,0.000000,0.000000,-0.234983,0.089744,-0.000004,0.821351,0.000000,0.000000,0.000000,0.000000
26.5800,-0.234726,-0.089855,0.000003,0.820084,0.000000,0.000000,0.000000,-0.234731,0.089855,-0.000003,0.820096,0.000000,0.000000,0.000000,0.000000
26.6000,-0.234437,-0.089982,0.000003,0.818643,0.000000,0.000000,0.000000,-0.234442,0.089982,-0.000002,0.818654,0.000000,0.000000,0.000000,0.000000
26.6200,-0.234108,-0.090126,0.000002,0.817006,0.000000,0.000000,0.000000,-0.234113,0.090126,-0.000001,0.817017,0.000000,0.000000,0.000000,0.000000
26.6400,-0.233739,-0.090288,0.000000,0.815165,0.000000,0.000000,0.000000,-0.233744,0.090288,-0.000000,0.815176,0.000000,0.000000,0.000000,0.000000
26.6600,-0.233326,-0.090469,-0.000001,0.813112,0.000000,0.000000,0.000000,-0.233331,0.090469,0.000001,0.813123,0.000000,0.000000,0.000000,0.000000
26.6800,-0.232870,-0.090669,-0.000002,0.810840,0.000000,0.000000,0.000000,-0.232875,0.090669,0.000002,0.810851,0.000000,0.000000,0.000000,0.000000
26.7000,-0.232369,-0.090889,-0.000004,0.808342,0.000000,0.000000,0.000000,-0.232373,0.090889,0.000004,0.808353,0.000000,0.000000,0.000000,0.000000
26.7200,-0.231820,-0.091130,-0.000005,0.805611,0.000000,0.000000,0.000000,-0.231825,0.091129,0.000006,0.805622,0.000000,0.000000,0.000000,0.000000
26.7400,-0.231224,-0.091391,-0.000007,0.802643,0.000000,0.000000,0.000000,-0.231229,0.091390,0.000007,0.802654,0.000000,0.000000,0.000000,0.000000
26.7600,-0.230580,-0.091674,-0.000009,0.799432,0.000000,0.000000,0.000000,-0.230584,0.091673,0.000009,0.799443,0.000000,0.000000,0.000000,0.000000
26.7800,-0.229885,-0.091978,-0.000011,0.795974,0.000000,0.000000,0.000000,-0.229890,0.091978,0.000011,0.795985,0.000000,0.000000,0.000000,0.000000
26.8000,-0.229140,-0.092305,-0.000013,0.792265,0.000000,0.000000,0.000000,-0.229145,0.092304,0.000014,0.792276,0.000000,0.000000,0.000000,0.000000
26.8200,-0.228345,-0.092654,-0.000016,0.788303,0.000000,0.000000,0.000000,-0.228349,0.092653,0.000016,0.788314,0.000000,0.000000,0.000000,0.000000
26.8400,-0.227498,-0.093025,-0.000018,0.784083,0.000000,0.000000,0.000000,-0.227502,0.093025,0.000019,0.784094,0.000000,0.000000,0.000000,0.000000
26.8600,-0.226598,-0.093420,-0.000021,0.779605,0.000000,0.000000,0.000000,-0.226603,0.093419,0.000021,0.779616,0.000000,0.000000,0.000000,0.000000
26.8800,-0.225647,-0.093837,-0.000024,0.774867,0.000000,0.000000,0.000000,-0.225651,0.093836,0.000024,0.774877,0.000000,0.000000,0.000000,0.000000
26.9000,-0.224643,-0.094277,-0.000027,0.769866,0.000000,0.000000,0.000000,-0.224647,0.094276,0.000027,0.769877,0.000000,0.000000,0.000000,0.000000
26.9200,-0.223586,-0.094740,-0.000030,0.764604,0.000000,0.000000,0.000000,-0.223591,0.094740,0.000030,0.764614,0.000000,0.000000,0.000000,0.000000
26.9400,-0.222477,-0.095227,-0.000034,0.759079,0.000000,0.000000,0.000000,-0.222481,0.095226,0.000034,0.759090,0.000000,0.000000,0.000000,0.000000
26.9600,-0.221315,-0.095736,-0.000037,0.753292,0.000000,0.000000,0.000000,-0.221319,0.095736,0.000037,0.753303,0.000000,0.000000,0.000000,0.000000
26.9800,-0.220100,-0.096269,-0.000041,0.747244,0.000000,0.000000,0.000000,-0.220105,0.096268,0.000041,0.747255,0.000000,0.000000,0.000000,0.000000
27.0000,-0.218834,-0.096824,-0.000045,0.740936,0.000000,0.000000,0.000000,-0.218838,0.096824,0.000045,0.740947,0.000000,0.000000,0.000000,0.000000
27.0200,-0.217515,-0.097403,-0.000049,0.734370,0.000000,0.000000,0.000000,-0.217520,0.097402,0.000049,0.734380,0.000000,0.000000,0.000000,0.000000
27.0400,-0.216145,-0.098003,-0.000053,0.727547,0.000000,0.000000,0.000000,-0.216150,0.098003,0.000053,0.727558,0.000000,0.000000,0.000000,0.000000
27.0600,-0.214724,-0.098626,-0.000057,0.720471,0.000000,0.000000,0.000000,-0.214729,0.098626,0.000057,0.720481,0.000000,0.000000,0.000000,0.000000
27.0800,-0.213253,-0.099271,-0.000062,0.713144,0.000000,0.000000,0.000000,-0.213257,0.099271,0.000062,0.713154,0.000000,0.000000,0.000000,0.000000
27.1000,-0.211732,-0.099938,-0.000066,0.705570,0.000000,0.000000,0.000000,-0.211736,0.099938,0.000066,0.705580,0.000000,0.000000,0.000000,0.000000
27.1200,-0.210162,-0.100627,-0.000071,0.697751,0.000000,0.000000,0.000000,-0.210166,0.100626,0.000071,0.697761,0.000000,0.000000,0.000000,0.000000
27.1400,-0.208544,-0.101336,-0.000076,0.689694,0.000000,0.000000,0.000000,-0.208548,0.101336,0.000076,0.689703,0.000000,0.000000,0.000000,0.000000
27.1600,-0.206879,-0.102067,-0.000081,0.681400,0.000000,0.000000,0.000000,-0.206883,0.102066,0.000081,0.681410,0.000000,0.000000,0.000000,0.000000
27.1800,-0.205167,-0.102817,-0.000086,0.672877,0.000000,0.000000,0.000000,-0.205171,0.102817,0.000086,0.672886,0.000000,0.000000,0.000000,0.000000
27.2000,-0.203410,-0.103587,-0.000091,0.664127,0.000000,0.000000,0.000000,-0.203414,0.103587,0.000091,0.664137,0.000000,0.000000,0.000000,0.000000
27.2200,-0.201609,-0.104377,-0.000097,0.655158,0.000000,0.000000,0.000000,-0.201613,0.104377,0.000097,0.655167,0.000000,0.000000,0.000000,0.000000
27.2400,-0.199765,-0.105186,-0.000102,0.645975,0.000000,0.000000,0.000000,-0.199769,0.105185,0.000102,0.645984,0.000000,0.000000,0.000000,0.000000
27.2600,-0.197880,-0.106013,-0.000108,0.636583,0.000000,0.000000,0.000000,-0.197883,0.106012,0.000108,0.636592,0.000000,0.000000,0.000000,0.000000
27.2800,-0.195953,-0.106857,-0.000114,0.626989,0.000000,0.000000,0.000000,-0.195957,0.106857,0.000114,0.626998,0.000000,0.000000,0.000000,0.000000
27.3000,-0.193987,-0.107719,-0.000120,0.617200,0.000000,0.000000,0.000000,-0.193991,0.107719,0.000120,0.617209,0.000000,0.000000,0.000000,0.000000
27.3200,-0.191984,-0.108598,-0.000126,0.607222,0.000000,0.000000,0.000000,-0.191988,0.108598,0.000126,0.607231,0.000000,0.000000,0.000000,0.000000
27.3400,-0.189944,-0.109492,-0.000132,0.597063,0.000000,0.000000,0.000000,-0.189948,0.109492,0.000132,0.597071,0.000000,0.000000,0.000000,0.000000
27.3600,-0.187869,-0.110402,-0.000138,0.586730,0.000000,0.000000,0.000000,-0.187873,0.110402,0.000138,0.586738,0.000000,0.000000,0.000000,0.000000
27.3800,-0.185761,-0.111327,-0.000145,0.576230,0.000000,0.000000,0.000000,-0.185764,0.111327,0.000145,0.576238,0.000000,0.000000,0.000000,0.000000
27.4000,-0.183620,-0.112265,-0.000151,0.565571,0.000000,0.000000,0.000000,-0.183624,0.112265,0.000151,0.565579,0.000000,0.000000,0.000000,0.000000
27.4200,-0.181450,-0.113217,-0.000158,0.554762,0.000000,0.000000,0.000000,-0.181453,0.113217,0.000158,0.554770,0.000000,0.000000,0.000000,0.000000
27.4400,-0.179251,-0.114181,-0.000164,0.543810,0.000000,0.000000,0.000000,-0.179254,0.114181,0.000164,0.543818,0.000000,0.000000,0.000000,0.000000
27.4600,-0.177025,-0.115158,-0.000171,0.532723,0.000000,0.000000,0.000000,-0.177028,0.115157,0.000171,0.532731,0.000000,0.000000,0.000000,0.000000
27.4800,-0.174773,-0.116145,-0.000178,0.521511,0.000000,0.000000,0.000000,-0.174777,0.116145,0.000178,0.521519,0.000000,0.000000,0.000000,0.000000
27.5000,-0.172498,-0.117142,-0.000185,0.510182,0.000000,0.000000,0.000000,-0.172502,0.117142,0.000185,0.510190,0.000000,0.000000,0.000000,0.000000
27.5200,-0.170202,-0.118149,-0.000192,0.498745,0.000000,0.000000,0.000000,-0.170205,0.118149,0.000192,0.498752,0.000000,0.000000,0.000000,0.000000
27.5400,-0.167885,-0.119165,-0.000199,0.487208,0.000000,0.000000,0.000000,-0.167888,0.119165,0.000199,0.487215,0.000000,0.000000,0.000000,0.000000
27.5600,-0.165551,-0.120189,-0.000206,0.475581,0.000000,0.000000,0.000000,-0.165554,0.120189,0.000206,0.475588,0.000000,0.000000,0.000000,0.000000
27.5800,-0.163200,-0.121220,-0.000213,0.463874,0.000000,0.000000,0.000000,-0.163203,0.121220,0.000213,0.463880,0.000000,0.000000,0.000000,0.000000
27.6000,-0.160834,-0.122257,-0.000220,0.452094,0.000000,0.000000,0.000000,-0.160837,0.122257,0.000220,0.452101,0.000000,0.000000,0.000000,0.000000
27.6200,-0.158457,-0.123300,-0.000227,0.440252,0.000000,0.000000,0.000000,-0.158459,0.123300,0.000227,0.440259,0.000000,0.000000,0.000000,0.000000
27.6400,-0.156068,-0.124347,-0.000235,0.428357,0.000000,0.000000,0.000000,-0.156071,0.124347,0.000234,0.428364,0.000000,0.000000,0.000000,0.000000
27.6600,-0.153671,-0.125398,-0.000242,0.416419,0.000000,0.000000,0.000000,-0.153674,0.125398,0.000242,0.416426,0.000000,0.000000,0.000000,0.000000
27.6800,-0.151267,-0.126452,-0.000249,0.404448,0.000000,0.000000,0.000000,-0.151270,0.126452,0.000249,0.404454,0.000000,0.000000,0.000000,0.000000
27.7000,-0.148858,-0.127509,-0.000256,0.392452,0.000000,0.000000,0.000000,-0.148861,0.127509,0.000256,0.392458,0.000000,0.000000,0.000000,0.000000
27.7200,-0.146447,-0.128566,-0.000264,0.380441,0.000000,0.000000,0.000000,-0.146449,0.128566,0.000263,0.380447,0.000000,0.000000,0.000000,0.000000
27.7400,-0.144034,-0.129624,-0.000271,0.368426,0.000000,0.000000,0.000000,-0.144036,0.129624,0.000271,0.368432,0.000000,0.000000,0.000000,0.000000
27.7600,-0.141622,-0.130682,-0.000278,0.356416,0.000000,0.000000,0.000000,-0.141625,0.130682,0.000278,0.356421,0.000000,0.000000,0.000000,0.000000
27.7800,-0.139213,-0.131738,-0.000286,0.344420,0.000000,0.000000,0.000000,-0.139216,0.131738,0.000285,0.344425,0.000000,0.000000,0.000000,0.000000
27.8000,-0.136810,-0.132792,-0.000293,0.332448,0.000000,0.000000,0.000000,-0.136812,0.132792,0.000293,0.332453,0.000000,0.000000,0.000000,0.000000
27.8200,-0.134412,-0.133843,-0.000300,0.320510,0.000000,0.000000,0.000000,-0.134414,0.133843,0.000300,0.320515,0.000000,0.000000,0.000000,0.000000
27.8400,-0.132024,-0.134891,-0.000307,0.308615,0.000000,0.000000,0.000000,-0.132026,0.134891,0.000307,0.308620,0.000000,0.000000,0.000000,0.000000
27.8600,-0.129646,-0.135933,-0.000314,0.296773,0.000000,0.000000,0.000000,-0.129648,0.135933,0.000314,0.296778,0.000000,0.000000,0.000000,0.000000
27.8800,-0.127281,-0.136970,-0.000322,0.284994,0.000000,0.000000,0.000000,-0.127283,0.136970,0.000321,0.284998,0.000000,0.000000,0.000000,0.000000
27.9000,-0.124930,-0.138001,-0.000329,0.273286,0.000000,0.000000,0.000000,-0.124932,0.138001,0.000328,0.273290,0.000000,0.000000,0.000000,0.000000
27.9200,-0.122595,-0.139025,-0.000336,0.261659,0.000000,0.000000,0.000000,-0.122597,0.139025,0.000335,0.261663,0.000000,0.000000,0.000000,0.000000
27.9400,-0.120279,-0.140041,-0.000343,0.250122,0.000000,0.000000,0.000000,-0.120280,0.140041,0.000342,0.250127,0.000000,0.000000,0.000000,0.000000
27.9600,-0.117982,-0.141048,-0.000350,0.238685,0.000000,0.000000,0.000000,-0.117984,0.141048,0.000349,0.238689,0.000000,0.000000,0.000000,0.000000
27.9800,-0.115707,-0.142045,-0.000357,0.227356,0.000000,0.000000,0.000000,-0.115709,0.142046,0.000356,0.227360,0.000000,0.000000,0.000000,0.000000
28.0000,-0.113456,-0.143033,-0.000363,0.216144,0.000000,0.000000,0.000000,-0.113457,0.143033,0.000363,0.216148,0.000000,0.000000,0.000000,0.000000
28.0200,-0.111230,-0.144009,-0.000370,0.205058,0.000000,0.000000,0.000000,-0.111231,0.144009,0.000370,0.205061,0.000000,0.000000,0.000000,0.000000
28.0400,-0.109030,-0.144973,-0.000377,0.194105,0.000000,0.000000,0.000000,-0.109032,0.144973,0.000376,0.194109,0.000000,0.000000,0.000000,0.000000
28.0600,-0.106860,-0.145925,-0.000383,0.183296,0.000000,0.000000,0.000000,-0.106861,0.145925,0.000383,0.183299,0.000000,0.000000,0.000000,0.000000
28.0800,-0.104720,-0.146863,-0.000390,0.172637,0.000000,0.000000,0.000000,-0.104721,0.146864,0.000389,0.172641,0.000000,0.000000,0.000000,0.000000
28.1000,-0.102611,-0.147788,-0.000396,0.162138,0.000000,0.000000,0.000000,-0.102613,0.147788,0.000396,0.162141,0.000000,0.000000,0.000000,0.000000
28.1200,-0.100536,-0.148698,-0.000402,0.151804,0.000000,0.000000,0.000000,-0.100538,0.148698,0.000402,0.151807,0.000000,0.000000,0.000000,0.000000
28.1400,-0.098496,-0.149592,-0.000409,0.141645,0.000000,0.000000,0.000000,-0.098498,0.149593,0.000408,0.141648,0.000000,0.000000,0.000000,0.000000
28.1600,-0.096493,-0.150471,-0.000415,0.131667,0.000000,0.000000,0.000000,-0.096494,0.150471,0.000414,0.131670,0.000000,0.000000,0.000000,0.000000
28.1800,-0.094527,-0.151333,-0.000421,0.121878,0.000000,0.000000,0.000000,-0.094528,0.151333,0.000420,0.121881,0.000000,0.000000,0.000000,0.000000
28.2000,-0.092601,-0.152178,-0.000426,0.112284,0.000000,0.000000,0.000000,-0.092602,0.152178,0.000426,0.112287,0.000000,0.000000,0.000000,0.000000
28.2200,-0.090715,-0.153005,-0.000432,0.102893,0.000000,0.000000,0.000000,-0.090716,0.153005,0.000432,0.102895,0.000000,0.000000,0.000000,0.000000
28.2400,-0.088871,-0.153813,-0.000438,0.093709,0.000000,0.000000,0.000000,-0.088872,0.153813,0.000437,0.093711,0.000000,0.000000,0.000000,0.000000
28.2600,-0.087070,-0.154603,-0.000443,0.084740,0.000000,0.000000,0.000000,-0.087071,0.154603,0.000443,0.084742,0.000000,0.000000,0.000000,0.000000
28.2800,-0.085313,-0.155373,-0.000449,0.075991,0.000000,0.000000,0.000000,-0.085314,0.155374,0.000448,0.075993,0.000000,0.000000,0.000000,0.000000
28.3000,-0.083602,-0.156124,-0.000454,0.067467,0.000000,0.000000,0.000000,-0.083602,0.156124,0.000453,0.067469,0.000000,0.000000,0.000000,0.000000
28.3200,-0.081936,-0.156854,-0.000459,0.059174,0.000000,0.000000,0.000000,-0.081937,0.156854,0.000458,0.059175,0.000000,0.000000,0.000000,0.000000
28.3400,-0.080318,-0.157564,-0.000464,0.051116,0.000000,0.000000,0.000000,-0.080319,0.157564,0.000463,0.051117,0.000000,0.000000,0.000000,0.000000
28.3600,-0.078748,-0.158252,-0.000468,0.043298,0.000000,0.000000,0.000000,-0.078749,0.158252,0.000468,0.043299,0.000000,0.000000,0.000000,0.000000
28.3800,-0.077227,-0.158919,-0.000473,0.035723,0.000000,0.000000,0.000000,-0.077228,0.158919,0.000473,0.035725,0.000000,0.000000,0.000000,0.000000
28.4000,-0.075756,-0.159564,-0.000477,0.028396,0.000000,0.000000,0.000000,-0.075757,0.159564,0.000477,0.028397,0.000000,0.000000,0.000000,0.000000
28.4200,-0.074335,-0.160187,-0.000482,0.021320,0.000000,0.000000,0.000000,-0.074336,0.160187,0.000481,0.021321,0.000000,0.000000,0.000000,0.000000
28.4400,-0.072965,-0.160788,-0.000486,0.014497,0.000000,0.000000,0.000000,-0.072966,0.160788,0.000485,0.014499,0.000000,0.000000,0.000000,0.000000
28.4600,-0.071647,-0.161366,-0.000490,0.007931,0.000000,0.000000,0.000000,-0.071647,0.161366,0.000489,0.007932,0.000000,0.000000,0.000000,0.000000
28.4800,-0.070380,-0.161921,-0.000494,0.001623,0.000000,0.000000,0.000000,-0.070381,0.161922,0.000493,0.001624,0.000000,0.000000,0.000000,0.000000
28.5000,-0.069166,-0.162454,-0.000497,-0.004425,0.000000,0.000000,0.000000,-0.069166,0.162454,0.000497,-0.004424,0.000000,0.000000,0.000000,0.000000
28.5200,-0.068004,-0.162963,-0.000501,-0.010212,0.000000,0.000000,0.000000,-0.068004,0.162964,0.000500,-0.010211,0.000000,0.000000,0.000000,0.000000
28.5400,-0.066894,-0.163450,-0.000504,-0.015737,0.000000,0.000000,0.000000,-0.066895,0.163450,0.000504,-0.015736,0.000000,0.000000,0.000000,0.000000
28.5600,-0.065838,-0.163913,-0.000507,-0.020999,0.000000,0.000000,0.000000,-0.065838,0.163914,0.000507,-0.020998,0.000000,0.000000,0.000000,0.000000
28.5800,-0.064834,-0.164354,-0.000510,-0.025999,0.000000,0.000000,0.000000,-0.064834,0.164354,0.000510,-0.025999,0.000000,0.000000,0.000000,0.000000
28.6000,-0.063882,-0.164771,-0.000513,-0.030738,0.000000,0.000000,0.000000,-0.063882,0.164771,0.000513,-0.030737,0.000000,0.000000,0.000000,0.000000
28.6200,-0.062983,-0.165165,-0.000516,-0.035216,0.000000,0.000000,0.000000,-0.062983,0.165166,0.000516,-0.035215,0.000000,0.000000,0.000000,0.000000
28.6400,-0.062136,-0.165537,-0.000519,-0.039435,0.000000,0.000000,0.000000,-0.062136,0.165537,0.000518,-0.039435,0.000000,0.000000,0.000000,0.000000
28.6600,-0.061340,-0.165886,-0.000521,-0.043398,0.000000,0.000000,0.000000,-0.061340,0.165886,0.000521,-0.043398,0.000000,0.000000,0.000000,0.000000
28.6800,-0.060595,-0.166212,-0.000523,-0.047107,0.000000,0.000000,0.000000,-0.060595,0.166213,0.000523,-0.047106,0.000000,0.000000,0.000000,0.000000
28.7000,-0.059901,-0.166517,-0.000525,-0.050565,0.000000,0.000000,0.000000,-0.059901,0.166517,0.000525,-0.050564,0.000000,0.000000,0.000000,0.000000
28.7200,-0.059256,-0.166799,-0.000527,-0.053776,0.000000,0.000000,0.000000,-0.059256,0.166800,0.000527,-0.053775,0.000000,0.000000,0.000000,0.000000
28.7400,-0.058660,-0.167061,-0.000529,-0.056744,0.000000,0.000000,0.000000,-0.058660,0.167061,0.000529,-0.056744,0.000000,0.000000,0.000000,0.000000
28.7600,-0.058112,-0.167301,-0.000531,-0.059474,0.000000,0.000000,0.000000,-0.058112,0.167302,0.000530,-0.059474,0.000000,0.000000,0.000000,0.000000
28.7800,-0.057610,-0.167521,-0.000532,-0.061973,0.000000,0.000000,0.000000,-0.057610,0.167522,0.000532,-0.061972,0.000000,0.000000,0.000000,0.000000
28.8000,-0.057154,-0.167721,-0.000534,-0.064245,0.000000,0.000000,0.000000,-0.057154,0.167722,0.000533,-0.064245,0.000000,0.000000,0.000000,0.000000
28.8200,-0.056742,-0.167902,-0.000535,-0.066298,0.000000,0.000000,0.000000,-0.056742,0.167902,0.000534,-0.066298,0.000000,0.000000,0.000000,0.000000
28.8400,-0.056372,-0.168064,-0.000536,-0.068139,0.000000,0.000000,0.000000,-0.056372,0.168064,0.000536,-0.068139,0.000000,0.000000,0.000000,0.000000
28.8600,-0.056043,-0.168208,-0.000537,-0.069776,0.000000,0.000000,0.000000,-0.056043,0.168209,0.000537,-0.069775,0.000000,0.000000,0.000000,0.000000
28.8800,-0.055754,-0.168335,-0.000538,-0.071217,0.000000,0.000000,0.000000,-0.055754,0.168335,0.000537,-0.071217,0.000000,0.000000,0.000000,0.000000
28.9000,-0.055502,-0.168446,-0.000539,-0.072472,0.000000,0.000000,0.000000,-0.055502,0.168446,0.000538,-0.072472,0.000000,0.000000,0.000000,0.000000
28.9200,-0.055285,-0.168541,-0.000539,-0.073552,0.000000,0.000000,0.000000,-0.055285,0.168541,0.000539,-0.073551,0.000000,0.000000,0.000000,0.000000
28.9400,-0.055102,-0.168621,-0.000540,-0.074465,0.000000,0.000000,0.000000,-0.055102,0.168622,0.000539,-0.074465,0.000000,0.000000,0.000000,0.000000
28.9600,-0.054949,-0.168688,-0.000540,-0.075225,0.000000,0.000000,0.000000,-0.054949,0.168688,0.000540,-0.075225,0.000000,0.000000,0.000000,0.000000
28.9800,-0.054825,-0.168742,-0.000541,-0.075842,0.000000,0.000000,0.000000,-0.054825,0.168743,0.000540,-0.075842,0.000000,0.000000,0.000000,0.000000
29.0000,-0.054727,-0.168785,-0.000541,-0.076331,0.000000,0.000000,0.000000,-0.054727,0.168786,0.000540,-0.076330,0.000000,0.000000,0.000000,0.000000
29.0200,-0.054652,-0.168818,-0.000541,-0.076703,0.000000,0.000000,0.000000,-0.054652,0.168819,0.000541,-0.076703,0.000000,0.000000,0.000000,0.000000
29.0400,-0.054598,-0.168842,-0.000541,-0.076974,0.000000,0.000000,0.000000,-0.054598,0.168842,0.000541,-0.076974,0.000000,0.000000,0.000000,0.000000
29.0600,-0.054561,-0.168858,-0.000542,-0.077158,0.000000,0.000000,0.000000,-0.054561,0.168859,0.000541,-0.077158,0.000000,0.000000,0.000000,0.000000
29.0800,-0.054538,-0.168868,-0.000542,-0.077271,0.000000,0.000000,0.000000,-0.054538,0.168869,0.000541,-0.077271,0.000000,0.000000,0.000000,0.000000
29.1000,-0.054526,-0.168873,-0.000542,-0.077330,0.000000,0.000000,0.000000,-0.054526,0.168874,0.000541,-0.077330,0.000000,0.000000,0.000000,0.000000
29.1200,-0.054522,-0.168875,-0.000542,-0.077352,0.000000,0.000000,0.000000,-0.054522,0.168876,0.000541,-0.077352,0.000000,0.000000,0.000000,0.000000
29.1400,-0.054521,-0.168875,-0.000542,-0.077355,0.000000,0.000000,0.000000,-0.054521,0.168876,0.000541,-0.077355,0.000000,0.000000,0.000000,0.000000
29.1600,-0.054552,-0.168871,-0.000542,-0.077379,0.000000,0.000000,0.000000,-0.054552,0.168871,0.000541,-0.077379,0.000000,0.000000,0.000000,0.000000
29.1800,-0.054756,-0.168840,-0.000541,-0.077536,0.000000,0.000000,0.000000,-0.054756,0.168841,0.000540,-0.077536,0.000000,0.000000,0.000000,0.000000
29.2000,-0.055286,-0.168761,-0.000539,-0.077944,0.000000,0.000000,0.000000,-0.055286,0.168762,0.000539,-0.077944,0.000000,0.000000,0.000000,0.000000
29.2200,-0.056271,-0.168614,-0.000536,-0.078702,0.000000,0.000000,0.000000,-0.056271,0.168615,0.000536,-0.078702,0.000000,0.000000,0.000000,0.000000
29.2400,-0.057819,-0.168383,-0.000532,-0.079894,0.000000,0.000000,0.000000,-0.057819,0.168383,0.000531,-0.079894,0.000000,0.000000,0.000000,0.000000
29.2600,-0.060015,-0.168055,-0.000525,-0.081585,0.000000,0.000000,0.000000,-0.060015,0.168055,0.000525,-0.081585,0.000000,0.000000,0.000000,0.000000
29.2800,-0.062928,-0.167620,-0.000517,-0.083827,0.000000,0.000000,0.000000,-0.062928,0.167620,0.000516,-0.083827,0.000000,0.000000,0.000000,0.000000
29.3000,-0.066606,-0.167070,-0.000506,-0.086659,0.000000,0.000000,0.000000,-0.066606,0.167071,0.000505,-0.086659,0.000000,0.000000,0.000000,0.000000
29.3200,-0.071081,-0.166402,-0.000492,-0.090103,0.000000,0.000000,0.000000,-0.071081,0.166403,0.000492,-0.090103,0.000000,0.000000,0.000000,0.000000
29.3400,-0.076368,-0.165612,-0.000477,-0.094173,0.000000,0.000000,0.000000,-0.076368,0.165613,0.000476,-0.094173,0.000000,0.000000,0.000000,0.000000
29.3600,-0.082467,-0.164701,-0.000459,-0.098868,0.000000,0.000000,0.000000,-0.082467,0.164702,0.000458,-0.098868,0.000000,0.000000,0.000000,0.000000
29.3800,-0.089364,-0.163671,-0.000438,-0.104178,0.000000,0.000000,0.000000,-0.089364,0.163672,0.000437,-0.104178,0.000000,0.000000,0.000000,0.000000
29.4000,-0.097034,-0.162526,-0.000415,-0.110082,0.000000,0.000000,0.000000,-0.097034,0.162526,0.000415,-0.110082,0.000000,0.000000,0.000000,0.000000
29.4200,-0.105438,-0.161271,-0.000390,-0.116551,0.000000,0.000000,0.000000,-0.105438,0.161271,0.000390,-0.116551,0.000000,0.000000,0.000000,0.000000
29.4400,-0.114526,-0.159913,-0.000363,-0.123548,0.000000,0.000000,0.000000,-0.114526,0.159914,0.000363,-0.123548,0.000000,0.000000,0.000000,0.000000
29.4600,-0.124242,-0.158462,-0.000334,-0.131027,0.000000,0.000000,0.000000,-0.124242,0.158462,0.000334,-0.131027,0.000000,0.000000,0.000000,0.000000
29.4800,-0.134517,-0.156927,-0.000304,-0.138937,0.000000,0.000000,0.000000,-0.134517,0.156928,0.000303,-0.138937,0.000000,0.000000,0.000000,0.000000
29.5000,-0.145279,-0.155320,-0.000272,-0.147222,0.000000,0.000000,0.000000,-0.145279,0.155320,0.000271,-0.147222,0.000000,0.000000,0.000000,0.000000
29.5200,-0.156447,-0.153652,-0.000238,-0.155819,0.000000,0.000000,0.000000,-0.156447,0.153652,0.000238,-0.155819,0.000000,0.000000,0.000000,0.000000
29.5400,-0.167937,-0.151936,-0.000204,-0.164664,0.000000,0.000000,0.000000,-0.167937,0.151936,0.000204,-0.164664,0.000000,0.000000,0.000000,0.000000
29.5600,-0.179658,-0.150185,-0.000169,-0.173687,0.000000,0.000000,0.000000,-0.179658,0.150185,0.000169,-0.173687,0.000000,0.000000,0.000000,0.000000
29.5800,-0.191520,-0.148413,-0.000134,-0.182819,0.000000,0.000000,0.000000,-0.191520,0.148414,0.000133,-0.182819,0.000000,0.000000,0.000000,0.000000
29.6000,-0.203429,-0.146634,-0.000099,-0.191986,0.000000,0.000000,0.000000,-0.203429,0.146635,0.000098,-0.191986,0.000000,0.000000,0.000000,0.000000
29.6200,-0.215291,-0.144863,-0.000063,-0.201118,0.000000,0.000000,0.000000,-0.215291,0.144863,0.000063,-0.201118,0.000000,0.000000,0.000000,0.000000
29.6400,-0.227012,-0.143112,-0.000028,-0.210141,0.000000,0.000000,0.000000,-0.227012,0.143112,0.000028,-0.210141,0.000000,0.000000,0.000000,0.000000
29.6600,-0.238501,-0.141396,0.000006,-0.218985,0.000000,0.000000,0.000000,-0.238501,0.141396,-0.000006,-0.218985,0.000000,0.000000,0.000000,0.000000
29.6800,-0.249669,-0.139728,0.000039,-0.227583,0.000000,0.000000,0.000000,-0.249669,0.139728,-0.000040,-0.227583,0.000000,0.000000,0.000000,0.000000
29.7000,-0.260431,-0.138120,0.000071,-0.235867,0.000000,0.000000,0.000000,-0.260431,0.138121,-0.000072,-0.235867,0.000000,0.000000,0.000000,0.000000
29.7200,-0.270707,-0.136586,0.000102,-0.243778,0.000000,0.000000,0.000000,-0.270707,0.136586,-0.000102,-0.243778,0.000000,0.000000,0.000000,0.000000
29.7400,-0.280422,-0.135134,0.000130,-0.251257,0.000000,0.000000,0.000000,-0.280422,0.135135,-0.000131,-0.251257,0.000000,0.000000,0.000000,0.000000
29.7600,-0.289511,-0.133777,0.000158,-0.258253,0.000000,0.000000,0.000000,-0.289511,0.133778,-0.000158,-0.258253,0.000000,0.000000,0.000000,0.000000
29.7800,-0.297915,-0.132522,0.000183,-0.264723,0.000000,0.000000,0.000000,-0.297915,0.132522,-0.000183,-0.264723,0.000000,0.000000,0.000000,0.000000
29.8000,-0.305584,-0.131376,0.000205,-0.270627,0.000000,0.000000,0.000000,-0.305584,0.131377,-0.000206,-0.270627,0.000000,0.000000,0.000000,0.000000
29.8200,-0.312482,-0.130346,0.000226,-0.275937,0.000000,0.000000,0.000000,-0.312482,0.130347,-0.000226,-0.275937,0.000000,0.000000,0.000000,0.000000
29.8400,-0.318581,-0.129435,0.000244,-0.280632,0.000000,0.000000,0.000000,-0.318581,0.129436,-0.000245,-0.280632,0.000000,0.000000,0.000000,0.000000
29.8600,-0.323868,-0.128645,0.000260,-0.284702,0.000000,0.000000,0.000000,-0.323868,0.128646,-0.000260,-0.284702,0.000000,0.000000,0.000000,0.000000
29.8800,-0.328342,-0.127977,0.000273,-0.288146,0.000000,0.000000,0.000000,-0.328342,0.127978,-0.000274,-0.288146,0.000000,0.000000,0.000000,0.000000
29.9000,-0.332021,-0.127428,0.000284,-0.290978,0.000000,0.000000,0.000000,-0.332021,0.127428,-0.000285,-0.290978,0.000000,0.000000,0.000000,0.000000
29.9200,-0.334933,-0.126992,0.000293,-0.293220,0.000000,0.000000,0.000000,-0.334933,0.126993,-0.000293,-0.293220,0.000000,0.000000,0.000000,0.000000
29.9400,-0.337130,-0.126664,0.000299,-0.294911,0.000000,0.000000,0.000000,-0.337130,0.126665,-0.000300,-0.294911,0.000000,0.000000,0.000000,0.000000
29.9600,-0.338678,-0.126433,0.000304,-0.296102,0.000000,0.000000,0.000000,-0.338678,0.126434,-0.000304,-0.296102,0.000000,0.000000,0.000000,0.000000
29.9800,-0.339663,-0.126286,0.000307,-0.296861,0.000000,0.000000,0.000000,-0.339663,0.126287,-0.000307,-0.296861,0.000000,0.000000,0.000000,0.000000
30.0000,-0.340193,-0.126207,0.000308,-0.297269,0.000000,0.000000,0.000000,-0.340193,0.126208,-0.000309,-0.297269,0.000000,0.000000,0.000000,0.000000
30.0200,-0.340397,-0.126176,0.000309,-0.297426,0.000000,0.000000,0.000000,-0.340397,0.126177,-0.000310,-0.297426,0.000000,0.000000,0.000000,0.000000
30.0400,-0.340427,-0.126172,0.000309,-0.297449,0.000000,0.000000,0.000000,-0.340427,0.126173,-0.000310,-0.297449,0.000000,0.000000,0.000000,0.000000
30.0600,-0.340351,-0.126177,0.000309,-0.297322,0.000000,0.000000,0.000000,-0.340351,0.126178,-0.000309,-0.297322,0.000000,0.000000,0.000000,0.000000
30.0800,-0.339867,-0.126209,0.000307,-0.296516,0.000000,0.000000,0.000000,-0.339867,0.126210,-0.000308,-0.296516,0.000000,0.000000,0.000000,0.000000
30.1000,-0.338703,-0.126287,0.000303,-0.294576,0.000000,0.000000,0.000000,-0.338703,0.126287,-0.000304,-0.294576,0.000000,0.000000,0.000000,0.000000
30.1200,-0.336715,-0.126419,0.000297,-0.291264,0.000000,0.000000,0.000000,-0.336715,0.126420,-0.000298,-0.291264,0.000000,0.000000,0.000000,0.000000
30.1400,-0.333871,-0.126608,0.000288,-0.286525,0.000000,0.000000,0.000000,-0.333871,0.126609,-0.000289,-0.286525,0.000000,0.000000,0.000000,0.000000
30.1600,-0.330231,-0.126850,0.000276,-0.280459,0.000000,0.000000,0.000000,-0.330231,0.126851,-0.000277,-0.280459,0.000000,0.000000,0.000000,0.000000
30.1800,-0.325929,-0.127136,0.000263,-0.273291,0.000000,0.000000,0.000000,-0.325929,0.127137,-0.000264,-0.273291,0.000000,0.000000,0.000000,0.000000
30.2000,-0.321155,-0.127454,0.000247,-0.265336,0.000000,0.000000,0.000000,-0.321155,0.127455,-0.000249,-0.265337,0.000000,0.000000,0.000000,0.000000
30.2200,-0.316136,-0.127788,0.000231,-0.256973,0.000000,0.000000,0.000000,-0.316136,0.127789,-0.000233,-0.256973,0.000000,0.000000,0.000000,0.000000
30.2400,-0.311117,-0.128122,0.000215,-0.248610,0.000000,0.000000,0.000000,-0.311117,0.128123,-0.000217,-0.248610,0.000000,0.000000,0.000000,0.000000
30.2600,-0.306343,-0.128439,0.000200,-0.240655,0.000000,0.000000,0.000000,-0.306343,0.128441,-0.000202,-0.240655,0.000000,0.000000,0.000000,0.000000
30.2800,-0.302041,-0.128725,0.000186,-0.233487,0.000000,0.000000,0.000000,-0.302041,0.128727,-0.000188,-0.233487,0.000000,0.000000,0.000000,0.000000
30.3000,-0.298401,-0.128967,0.000175,-0.227421,0.000000,0.000000,0.000000,-0.298401,0.128969,-0.000177,-0.227421,0.000000,0.000000,0.000000,0.000000
30.3200,-0.295557,-0.129157,0.000166,-0.222682,0.000000,0.000000,0.000000,-0.295557,0.129158,-0.000168,-0.222682,0.000000,0.000000,0.000000,0.000000
30.3400,-0.293569,-0.129289,0.000159,-0.219370,0.000000,0.000000,0.000000,-0.293569,0.129291,-0.000161,-0.219370,0.000000,0.000000,0.000000,0.000000
30.3600,-0.292405,-0.129366,0.000156,-0.217430,0.000000,0.000000,0.000000,-0.292405,0.129368,-0.000158,-0.217430,0.000000,0.000000,0.000000,0.000000
30.3800,-0.291922,-0.129399,0.000154,-0.216624,0.000000,0.000000,0.000000,-0.291922,0.129400,-0.000156,-0.216624,0.000000,0.000000,0.000000,0.000000
30.4000,-0.291845,-0.129404,0.000154,-0.216497,0.000000,0.000000,0.000000,-0.291845,0.129405,-0.000156,-0.216497,0.000000,0.000000,0.000000,0.000000
30.4200,-0.291845,-0.129404,0.000154,-0.216497,0.000000,0.000000,0.000000,-0.291845,0.129405,-0.000156,-0.216497,0.000000,0.000000,0.000000,0.000000
30.4400,-0.291845,-0.129404,0.000154,-0.216497,0.000000,0.000000,0.000000,-0.291845,0.129405,-0.000156,-0.216497,0.000000,0.000000,0.000000,0.000000
30.4600,-0.291845,-0.129404,0.000154,-0.216497,0.000000,0.000000,0.000000,-0.291845,0.129405,-0.000156,-0.216497,0.000000,0.000000,0.000000,0.000000
30.4800,-0.291845,-0.129404,0.000154,-0.216497,0.000000,0.000000,0.000000,-0.291845,0.129405,-0.000156,-0.216497,0.000000,0.000000,0.000000,0.000000
30.5000,-0.291845,-0.129404,0.000154,-0.216497,0.000000,0.000000,0.000000,-0.291845,0.129405,-0.000156,-0.216497,0.000000,0.000000,0.000000,0.000000
30.5200,-0.291845,-0.129404,0.000154,-0.216497,0.000000,0.000000,0.000000,-0.291845,0.129405,-0.000156,-0.216497,0.000000,0.000000,0.000000,0.000000
30.5400,-0.291845,-0.129404,0.000154,-0.216497,0.000000,0.000000,0.000000,-0.291845,0.129405,-0.000156,-0.216497,0.000000,0.000000,0.000000,0.000000
30.5600,-0.291845,-0.129404,0.000154,-0.216497,0.000000,0.000000,0.000000,-0.291845,0.129405,-0.000156,-0.216497,0.000000,0.000000,0.000000,0.000000
30.5800,-0.291845,-0.129404,0.000154,-0.216497,0.000000,0.000000,0.000000,-0.291845,0.129405,-0.000156,-0.216497,0.000000,0.000000,0.000000,0.000000
30.6000,-0.291845,-0.129404,0.000154,-0.216497,0.000000,0.000000,0.000000,-0.291845,0.129405,-0.000156,-0.216497,0.000000,0.000000,0.000000,0.000000
30.6200,-0.291845,-0.129404,0.000154,-0.216497,0.000000,0.000000,0.000000,-0.291845,0.129405,-0.000156,-0.216497,0.000000,0.000000,0.000000,0.000000
30.6400,-0.291845,-0.129404,0.000154,-0.216497,0.000000,0.000000,0.000000,-0.291845,0.129405,-0.000156,-0.216497,0.000000,0.000000,0.000000,0.000000
30.6600,-0.291845,-0.129404,0.000154,-0.216497,0.000000,0.000000,0.000000,-0.291845,0.129405,-0.000156,-0.216497,0.000000,0.000000,0.000000,0.000000
30.6800,-0.291845,-0.129404,0.000154,-0.216497,0.000000,0.000000,0.000000,-0.291845,0.129405,-0.000156,-0.216497,0.000000,0.000000,0.000000,0.000000
30.7000,-0.291845,-0.129404,0.000154,-0.216497,0.000000,0.000000,0.000000,-0.291845,0.129405,-0.000156,-0.216497,0.000000,0.000000,0.000000,0.000000
30.7200,-0.291845,-0.129404,0.000154,-0.216497,0.000000,0.000000,0.000000,-0.291845,0.129405,-0.000156,-0.216497,0.000000,0.000000,0.000000,0.000000
30.7400,-0.291845,-0.129404,0.000154,-0.216497,0.000000,0.000000,0.000000,-0.291845,0.129405,-0.000156,-0.216497,0.000000,0.000000,0.000000,0.000000
30.7600,-0.291845,-0.129404,0.000154,-0.216497,0.000000,0.000000,0.000000,-0.291845,0.129405,-0.000156,-0.216497,0.000000,0.000000,0.000000,0.000000
30.7800,-0.291845,-0.129404,0.000154,-0.216497,0.000000,0.000000,0.000000,-0.291845,0.129405,-0.000156,-0.216497,0.000000,0.000000,0.000000,0.000000
30.8000,-0.291845,-0.129404,0.000154,-0.216497,0.000000,0.000000,0.000000,-0.291845,0.129405,-0.000156,-0.216497,0.000000,0.000000,0.000000,0.000000
30.8200,-0.291845,-0.129404,0.000154,-0.216497,0.000000,0.000000,0.000000,-0.291845,0.129405,-0.000156,-0.216497,0.000000,0.000000,0.000000,0.000000
30.8400,-0.291845,-0.129404,0.000154,-0.216497,0.000000,0.000000,0.000000,-0.291845,0.129405,-0.000156,-0.216497,0.000000,0.000000,0.000000,0.000000
30.8600,-0.291845,-0.129404,0.000154,-0.216497,0.000000,0.000000,0.000000,-0.291845,0.129405,-0.000156,-0.216497,0.000000,0.000000,0.000000,0.000000
30.8800,-0.291845,-0.129404,0.000154,-0.216497,0.000000,0.000000,0.000000,-0.291845,0.129405,-0.000156,-0.216497,0.000000,0.000000,0.000000,0.000000
30.9000,-0.291845,-0.129404,0.000154,-0.216497,0.000000,0.000000,0.000000,-0.291845,0.129405,-0.000156,-0.216497,0.000000,0.000000,0.000000,0.000000
30.9200,-0.291845,-0.129404,0.000154,-0.216497,0.000000,0.000000,0.000000,-0.291845,0.129405,-0.000156,-0.216497,0.000000,0.000000,0.000000,0.000000
30.9400,-0.291845,-0.129404,0.000154,-0.216497,0.000000,0.000000,0.000000,-0.291845,0.129405,-0.000156,-0.216497,0.000000,0.000000,0.000000,0.000000
30.9600,-0.291845,-0.129404,0.000154,-0.216497,0.000000,0.000000,0.000000,-0.291845,0.129405,-0.000156,-0.216497,0.000000,0.000000,0.000000,0.000000
30.9800,-0.291845,-0.129404,0.000154,-0.216497,0.000000,0.000000,0.000000,-0.291845,0.129405,-0.000156,-0.216497,0.000000,0.000000,0.000000,0.000000
31.0000,-0.291845,-0.129404,0.000154,-0.216497,0.000000,0.000000,0.000000,-0.291845,0.129405,-0.000156,-0.216497,0.000000,0.000000,0.000000,0.000000
31.0200,-0.291845,-0.129404,0.000154,-0.216497,0.000000,0.000000,0.000000,-0.291845,0.129405,-0.000156,-0.216497,0.000000,0.000000,0.000000,0.000000
31.0400,-0.291845,-0.129404,0.000154,-0.216497,0.000000,0.000000,0.000000,-0.291845,0.129405,-0.000156,-0.216497,0.000000,0.000000,0.000000,0.000000
31.0600,-0.291845,-0.129404,0.000154,-0.216497,0.000000,0.000000,0.000000,-0.291845,0.129405,-0.000156,-0.216497,0.000000,0.000000,0.000000,0.000000
31.0800,-0.291845,-0.129404,0.000154,-0.216497,0.000000,0.000000,0.000000,-0.291845,0.129405,-0.000156,-0.216497,0.000000,0.000000,0.000000,0.000000
31.1000,-0.291845,-0.129404,0.000154,-0.216497,0.000000,0.000000,0.000000,-0.291845,0.129405,-0.000156,-0.216497,0.000000,0.000000,0.000000,0.000000
31.1200,-0.291845,-0.129404,0.000154,-0.216497,0.000000,0.000000,0.000000,-0.291845,0.129405,-0.000156,-0.216497,0.000000,0.000000,0.000000,0.000000
31.1400,-0.291845,-0.129404,0.000154,-0.216497,0.000000,0.000000,0.000000,-0.291845,0.129405,-0.000156,-0.216497,0.000000,0.000000,0.000000,0.000000
31.1600,-0.291845,-0.129404,0.000154,-0.216497,0.000000,0.000000,0.000000,-0.291845,0.129405,-0.000156,-0.216497,0.000000,0.000000,0.000000,0.000000
31.1800,-0.291845,-0.129404,0.000154,-0.216497,0.000000,0.000000,0.000000,-0.291845,0.129405,-0.000156,-0.216497,0.000000,0.000000,0.000000,0.000000
31.2000,-0.291845,-0.129404,0.000154,-0.216497,0.000000,0.000000,0.000000,-0.291845,0.129405,-0.000156,-0.216497,0.000000,0.000000,0.000000,0.000000
31.2200,-0.291922,-0.129399,0.000154,-0.216624,0.000000,0.000000,0.000000,-0.291922,0.129400,-0.000156,-0.216624,0.000000,0.000000,0.000000,0.000000
31.2400,-0.292405,-0.129366,0.000156,-0.217430,0.000000,0.000000,0.000000,-0.292405,0.129368,-0.000158,-0.217430,0.000000,0.000000,0.000000,0.000000
31.2600,-0.293569,-0.129289,0.000159,-0.219370,0.000000,0.000000,0.000000,-0.293569,0.129291,-0.000161,-0.219370,0.000000,0.000000,0.000000,0.000000
31.2800,-0.295557,-0.129157,0.000166,-0.222682,0.000000,0.000000,0.000000,-0.295557,0.129158,-0.000168,-0.222682,0.000000,0.000000,0.000000,0.000000
31.3000,-0.298401,-0.128967,0.000175,-0.227421,0.000000,0.000000,0.000000,-0.298401,0.128969,-0.000177,-0.227421,0.000000,0.000000,0.000000,0.000000
31.3200,-0.302041,-0.128725,0.000186,-0.233487,0.000000,0.000000,0.000000,-0.302041,0.128727,-0.000188,-0.233487,0.000000,0.000000,0.000000,0.000000
31.3400,-0.306343,-0.128439,0.000200,-0.240655,0.000000,0.000000,0.000000,-0.306343,0.128441,-0.000202,-0.240655,0.000000,0.000000,0.000000,0.000000
31.3600,-0.311117,-0.128122,0.000215,-0.248610,0.000000,0.000000,0.000000,-0.311117,0.128123,-0.000217,-0.248610,0.000000,0.000000,0.000000,0.000000
31.3800,-0.316136,-0.127788,0.000231,-0.256973,0.000000,0.000000,0.000000,-0.316136,0.127789,-0.000233,-0.256973,0.000000,0.000000,0.000000,0.000000
31.4000,-0.321155,-0.127454,0.000247,-0.265336,0.000000,0.000000,0.000000,-0.321155,0.127455,-0.000249,-0.265337,0.000000,0.000000,0.000000,0.000000
31.4200,-0.325929,-0.127136,0.000263,-0.273291,0.000000,0.000000,0.000000,-0.325929,0.127137,-0.000264,-0.273291,0.000000,0.000000,0.000000,0.000000
31.4400,-0.330231,-0.126850,0.000276,-0.280459,0.000000,0.000000,0.000000,-0.330231,0.126851,-0.000277,-0.280459,0.000000,0.000000,0.000000,0.000000
31.4600,-0.333871,-0.126608,0.000288,-0.286525,0.000000,0.000000,0.000000,-0.333871,0.126609,-0.000289,-0.286525,0.000000,0.000000,0.000000,0.000000
31.4800,-0.336715,-0.126419,0.000297,-0.291264,0.000000,0.000000,0.000000,-0.336715,0.126420,-0.000298,-0.291264,0.000000,0.000000,0.000000,0.000000
31.5000,-0.338703,-0.126287,0.000303,-0.294576,0.000000,0.000000,0.000000,-0.338703,0.126287,-0.000304,-0.294576,0.000000,0.000000,0.000000,0.000000
31.5200,-0.339867,-0.126209,0.000307,-0.296516,0.000000,0.000000,0.000000,-0.339867,0.126210,-0.000308,-0.296516,0.000000,0.000000,0.000000,0.000000
31.5400,-0.340351,-0.126177,0.000309,-0.297322,0.000000,0.000000,0.000000,-0.340351,0.126178,-0.000309,-0.297322,0.000000,0.000000,0.000000,0.000000
31.5600,-0.340427,-0.126172,0.000309,-0.297449,0.000000,0.000000,0.000000,-0.340427,0.126173,-0.000310,-0.297449,0.000000,0.000000,0.000000,0.000000
31.5800,-0.340426,-0.126171,0.000309,-0.297447,0.000000,0.000000,0.000000,-0.340426,0.126172,-0.000309,-0.297447,0.000000,0.000000,0.000000,0.000000
31.6000,-0.340413,-0.126164,0.000306,-0.297429,0.000000,0.000000,0.000000,-0.340414,0.126165,-0.000307,-0.297428,0.000000,0.000000,0.000000,0.000000
31.6200,-0.340381,-0.126146,0.000300,-0.297380,0.000000,0.000000,0.000000,-0.340381,0.126146,-0.000301,-0.297379,0.000000,0.000000,0.000000,0.000000
31.6400,-0.340318,-0.126110,0.000289,-0.297286,0.000000,0.000000,0.000000,-0.340319,0.126111,-0.000289,-0.297283,0.000000,0.000000,0.000000,0.000000
31.6600,-0.340215,-0.126053,0.000270,-0.297134,0.000000,0.000000,0.000000,-0.340219,0.126053,-0.000270,-0.297128,0.000000,0.000000,0.000000,0.000000
31.6800,-0.340065,-0.125968,0.000242,-0.296910,0.000000,0.000000,0.000000,-0.340070,0.125968,-0.000243,-0.296899,0.000000,0.000000,0.000000,0.000000
31.7000,-0.339857,-0.125851,0.000204,-0.296602,0.000000,0.000000,0.000000,-0.339866,0.125852,-0.000204,-0.296584,0.000000,0.000000,0.000000,0.000000
31.7200,-0.339585,-0.125698,0.000153,-0.296197,0.000000,0.000000,0.000000,-0.339598,0.125698,-0.000154,-0.296171,0.000000,0.000000,0.000000,0.000000
31.7400,-0.339240,-0.125504,0.000089,-0.295684,0.000000,0.000000,0.000000,-0.339258,0.125504,-0.000090,-0.295647,0.000000,0.000000,0.000000,0.000000
31.7600,-0.338815,-0.125264,0.000011,-0.295052,0.000000,0.000000,0.000000,-0.338840,0.125265,-0.000011,-0.295002,0.000000,0.000000,0.000000,0.000000
31.7800,-0.338304,-0.124976,-0.000084,-0.294291,0.000000,0.000000,0.000000,-0.338336,0.124977,0.000083,-0.294225,0.000000,0.000000,0.000000,0.000000
31.8000,-0.337698,-0.124636,-0.000196,-0.293390,0.000000,0.000000,0.000000,-0.337740,0.124636,0.000195,-0.293307,0.000000,0.000000,0.000000,0.000000
31.8200,-0.336993,-0.124239,-0.000326,-0.292342,0.000000,0.000000,0.000000,-0.337046,0.124239,0.000326,-0.292236,0.000000,0.000000,0.000000,0.000000
31.8400,-0.336183,-0.123782,-0.000476,-0.291136,0.000000,0.000000,0.000000,-0.336248,0.123783,0.000475,-0.291005,0.000000,0.000000,0.000000,0.000000
31.8600,-0.335261,-0.123263,-0.000647,-0.289765,0.000000,0.000000,0.000000,-0.335340,0.123264,0.000646,-0.289606,0.000000,0.000000,0.000000,0.000000
31.8800,-0.334222,-0.122679,-0.000839,-0.288220,0.000000,0.000000,0.000000,-0.334318,0.122679,0.000838,-0.288029,0.000000,0.000000,0.000000,0.000000
31.9000,-0.333063,-0.122026,-0.001053,-0.286495,0.000000,0.000000,0.000000,-0.333176,0.122026,0.001053,-0.286269,0.000000,0.000000,0.000000,0.000000
31.9200,-0.331777,-0.121302,-0.001291,-0.284583,0.000000,0.000000,0.000000,-0.331910,0.121303,0.001290,-0.284317,0.000000,0.000000,0.000000,0.000000
31.9400,-0.330361,-0.120505,-0.001553,-0.282477,0.000000,0.000000,0.000000,-0.330516,0.120506,0.001552,-0.282168,0.000000,0.000000,0.000000,0.000000
31.9600,-0.328812,-0.119633,-0.001840,-0.280172,0.000000,0.000000,0.000000,-0.328990,0.119633,0.001839,-0.279815,0.000000,0.000000,0.000000,0.000000
31.9800,-0.327124,-0.118683,-0.002152,-0.277662,0.000000,0.000000,0.000000,-0.327329,0.118683,0.002151,-0.277253,0.000000,0.000000,0.000000,0.000000
32.0000,-0.325296,-0.117653,-0.002490,-0.274942,0.000000,0.000000,0.000000,-0.325528,0.117654,0.002489,-0.274477,0.000000,0.000000,0.000000,0.000000
32.0200,-0.323324,-0.116543,-0.002855,-0.272009,0.000000,0.000000,0.000000,-0.323586,0.116544,0.002854,-0.271483,0.000000,0.000000,0.000000,0.000000
32.0400,-0.321205,-0.115350,-0.003247,-0.268857,0.000000,0.000000,0.000000,-0.321500,0.115351,0.003246,-0.268266,0.000000,0.000000,0.000000,0.000000
32.0600,-0.318937,-0.114073,-0.003666,-0.265484,0.000000,0.000000,0.000000,-0.319267,0.114074,0.003665,-0.264824,0.000000,0.000000,0.000000,0.000000
32.0800,-0.316518,-0.112712,-0.004113,-0.261886,0.000000,0.000000,0.000000,-0.316886,0.112712,0.004113,-0.261151,0.000000,0.000000,0.000000,0.000000
32.1000,-0.313946,-0.111264,-0.004589,-0.258061,0.000000,0.000000,0.000000,-0.314353,0.111264,0.004589,-0.257247,0.000000,0.000000,0.000000,0.000000
32.1200,-0.311220,-0.109729,-0.005093,-0.254006,0.000000,0.000000,0.000000,-0.311669,0.109730,0.005093,-0.253108,0.000000,0.000000,0.000000,0.000000
32.1400,-0.308338,-0.108106,-0.005627,-0.249719,0.000000,0.000000,0.000000,-0.308831,0.108107,0.005626,-0.248733,0.000000,0.000000,0.000000,0.000000
32.1600,-0.305299,-0.106396,-0.006189,-0.245199,0.000000,0.000000,0.000000,-0.305839,0.106396,0.006188,-0.244119,0.000000,0.000000,0.000000,0.000000
32.1800,-0.302103,-0.104596,-0.006780,-0.240445,0.000000,0.000000,0.000000,-0.302692,0.104597,0.006779,-0.239267,0.000000,0.000000,0.000000,0.000000
32.2000,-0.298748,-0.102708,-0.007400,-0.235456,0.000000,0.000000,0.000000,-0.299389,0.102708,0.007400,-0.234174,0.000000,0.000000,0.000000,0.000000
32.2200,-0.295236,-0.100730,-0.008050,-0.230231,0.000000,0.000000,0.000000,-0.295930,0.100731,0.008049,-0.228841,0.000000,0.000000,0.000000,0.000000
32.2400,-0.291565,-0.098664,-0.008729,-0.224771,0.000000,0.000000,0.000000,-0.292316,0.098664,0.008728,-0.223268,0.000000,0.000000,0.000000,0.000000
32.2600,-0.287736,-0.096508,-0.009437,-0.219075,0.000000,0.000000,0.000000,-0.288546,0.096509,0.009437,-0.217455,0.000000,0.000000,0.000000,0.000000
32.2800,-0.283749,-0.094264,-0.010175,-0.213146,0.000000,0.000000,0.000000,-0.284620,0.094264,0.010174,-0.211403,0.000000,0.000000,0.000000,0.000000
32.3000,-0.279606,-0.091931,-0.010941,-0.206983,0.000000,0.000000,0.000000,-0.280541,0.091932,0.010941,-0.205112,0.000000,0.000000,0.000000,0.000000
32.3200,-0.275306,-0.089510,-0.011736,-0.200587,0.000000,0.000000,0.000000,-0.276307,0.089511,0.011736,-0.198585,0.000000,0.000000,0.000000,0.000000
32.3400,-0.270851,-0.087003,-0.012560,-0.193962,0.000000,0.000000,0.000000,-0.271921,0.087003,0.012560,-0.191822,0.000000,0.000000,0.000000,0.000000
32.3600,-0.266243,-0.084408,-0.013413,-0.187108,0.000000,0.000000,0.000000,-0.267384,0.084409,0.013412,-0.184827,0.000000,0.000000,0.000000,0.000000
32.3800,-0.261483,-0.081729,-0.014293,-0.180028,0.000000,0.000000,0.000000,-0.262697,0.081729,0.014293,-0.177600,0.000000,0.000000,0.000000,0.000000
32.4000,-0.256573,-0.078964,-0.015201,-0.172724,0.000000,0.000000,0.000000,-0.257862,0.078965,0.015201,-0.170146,0.000000,0.000000,0.000000,0.000000
32.4200,-0.251514,-0.076116,-0.016137,-0.165200,0.000000,0.000000,0.000000,-0.252881,0.076117,0.016137,-0.162466,0.000000,0.000000,0.000000,0.000000
32.4400,-0.246309,-0.073186,-0.017100,-0.157458,0.000000,0.000000,0.000000,-0.247756,0.073187,0.017099,-0.154564,0.000000,0.000000,0.000000,0.000000
32.4600,-0.240961,-0.070175,-0.018089,-0.149502,0.000000,0.000000,0.000000,-0.242490,0.070176,0.018089,-0.146444,0.000000,0.000000,0.000000,0.000000
32.4800,-0.235470,-0.067084,-0.019105,-0.141336,0.000000,0.000000,0.000000,-0.237084,0.067085,0.019104,-0.138109,0.000000,0.000000,0.000000,0.000000
32.5000,-0.229841,-0.063915,-0.020146,-0.132963,0.000000,0.000000,0.000000,-0.231542,0.063916,0.020145,-0.129563,0.000000,0.000000,0.000000,0.000000
32.5200,-0.224077,-0.060670,-0.021212,-0.124388,0.000000,0.000000,0.000000,-0.225865,0.060670,0.021212,-0.120811,0.000000,0.000000,0.000000,0.000000
32.5400,-0.218179,-0.057349,-0.022303,-0.115616,0.000000,0.000000,0.000000,-0.220058,0.057350,0.022303,-0.111857,0.000000,0.000000,0.000000,0.000000
32.5600,-0.212151,-0.053956,-0.023418,-0.106650,0.000000,0.000000,0.000000,-0.214123,0.053957,0.023418,-0.102706,0.000000,0.000000,0.000000,0.000000
32.5800,-0.205997,-0.050491,-0.024557,-0.097497,0.000000,0.000000,0.000000,-0.208064,0.050492,0.024556,-0.093363,0.000000,0.000000,0.000000,0.000000
32.6000,-0.199720,-0.046957,-0.025718,-0.088160,0.000000,0.000000,0.000000,-0.201883,0.046958,0.025717,-0.083833,0.000000,0.000000,0.000000,0.000000
32.6200,-0.193323,-0.043356,-0.026901,-0.078645,0.000000,0.000000,0.000000,-0.195585,0.043357,0.026900,-0.074122,0.000000,0.000000,0.000000,0.000000
32.6400,-0.186810,-0.039690,-0.028105,-0.068959,0.000000,0.000000,0.000000,-0.189172,0.039690,0.028105,-0.064235,0.000000,0.000000,0.000000,0.000000
32.6600,-0.180186,-0.035961,-0.029331,-0.059106,0.000000,0.000000,0.000000,-0.182650,0.035961,0.029330,-0.054178,0.000000,0.000000,0.000000,0.000000
32.6800,-0.173454,-0.032171,-0.030576,-0.049092,0.000000,0.000000,0.000000,-0.176021,0.032171,0.030575,-0.043958,0.000000,0.000000,0.000000,0.000000
32.7000,-0.166618,-0.028322,-0.031840,-0.038924,0.000000,0.000000,0.000000,-0.169290,0.028322,0.031840,-0.033579,0.000000,0.000000,0.000000,0.000000
32.7200,-0.159682,-0.024417,-0.033123,-0.028607,0.000000,0.000000,0.000000,-0.162461,0.024418,0.033123,-0.023050,0.000000,0.000000,0.000000,0.000000
32.7400,-0.152651,-0.020459,-0.034424,-0.018149,0.000000,0.000000,0.000000,-0.155538,0.020460,0.034423,-0.012375,0.000000,0.000000,0.000000,0.000000
32.7600,-0.145529,-0.016450,-0.035741,-0.007556,0.000000,0.000000,0.000000,-0.148525,0.016450,0.035741,-0.001563,0.000000,0.000000,0.000000,0.000000
32.7800,-0.138320,-0.012391,-0.037075,0.003166,0.000000,0.000000,0.000000,-0.141428,0.012392,0.037074,0.009380,0.000000,0.000000,0.000000,0.000000
32.8000,-0.131030,-0.008287,-0.038423,0.014009,0.000000,0.000000,0.000000,-0.134249,0.008288,0.038423,0.020448,0.000000,0.000000,0.000000,0.000000
32.8200,-0.123663,-0.004140,-0.039786,0.024967,0.000000,0.000000,0.000000,-0.126995,0.004140,0.039785,0.031633,0.000000,0.000000,0.000000,0.000000
32.8400,-0.116223,0.000049,-0.041162,0.036033,0.000000,0.000000,0.000000,-0.119670,-0.000048,0.041161,0.042927,0.000000,0.000000,0.000000,0.000000
32.8600,-0.108716,0.004275,-0.042550,0.047199,0.000000,0.000000,0.000000,-0.112279,-0.004274,0.042550,0.054324,0.000000,0.000000,0.000000,0.000000
32.8800,-0.101147,0.008536,-0.043951,0.058458,0.000000,0.000000,0.000000,-0.104825,-0.008536,0.043950,0.065816,0.000000,0.000000,0.000000,0.000000
32.9000,-0.093519,0.012830,-0.045361,0.069803,0.000000,0.000000,0.000000,-0.097315,-0.012830,0.045361,0.077395,0.000000,0.000000,0.000000,0.000000
32.9200,-0.085840,0.017154,-0.046782,0.081226,0.000000,0.000000,0.000000,-0.089754,-0.017153,0.046781,0.089054,0.000000,0.000000,0.000000,0.000000
32.9400,-0.078113,0.021504,-0.048211,0.092719,0.000000,0.000000,0.000000,-0.082146,-0.021503,0.048211,0.100785,0.000000,0.000000,0.000000,0.000000
32.9600,-0.070343,0.025878,-0.049648,0.104275,0.000000,0.000000,0.000000,-0.074496,-0.025877,0.049648,0.112580,0.000000,0.000000,0.000000,0.000000
32.9800,-0.062537,0.030273,-0.051092,0.115887,0.000000,0.000000,0.000000,-0.066809,-0.030272,0.051092,0.124432,0.000000,0.000000,0.000000,0.000000
33.0000,-0.054698,0.034685,-0.052542,0.127546,0.000000,0.000000,0.000000,-0.059091,-0.034685,0.052542,0.136331,0.000000,0.000000,0.000000,0.000000
33.0200,-0.046833,0.039113,-0.053997,0.139244,0.000000,0.000000,0.000000,-0.051347,-0.039113,0.053996,0.148272,0.000000,0.000000,0.000000,0.000000
33.0400,-0.038947,0.043553,-0.055456,0.150974,0.000000,0.000000,0.000000,-0.043582,-0.043552,0.055455,0.160244,0.000000,0.000000,0.000000,0.000000
33.0600,-0.031045,0.048002,-0.056917,0.162728,0.000000,0.000000,0.000000,-0.035801,-0.048001,0.056917,0.172241,0.000000,0.000000,0.000000,0.000000
33.0800,-0.023132,0.052456,-0.058381,0.174498,0.000000,0.000000,0.000000,-0.028010,-0.052456,0.058381,0.184254,0.000000,0.000000,0.000000,0.000000
33.1000,-0.015214,0.056914,-0.059846,0.186275,0.000000,0.000000,0.000000,-0.020214,-0.056914,0.059845,0.196275,0.000000,0.000000,0.000000,0.000000
33.1200,-0.007295,0.061372,-0.061310,0.198053,0.000000,0.000000,0.000000,-0.012417,-0.061371,0.061310,0.208296,0.000000,0.000000,0.000000,0.000000
33.1400,0.000618,0.065827,-0.062774,0.209823,0.000000,0.000000,0.000000,-0.004626,-0.065826,0.062773,0.220310,0.000000,0.000000,0.000000,0.000000
33.1600,0.008520,0.070275,-0.064235,0.221577,0.000000,0.000000,0.000000,0.003155,-0.070275,0.064235,0.232306,0.000000,0.000000,0.000000,0.000000
33.1800,0.016406,0.074715,-0.065694,0.233307,0.000000,0.000000,0.000000,0.010920,-0.074715,0.065694,0.244279,0.000000,0.000000,0.000000,0.000000
33.2000,0.024271,0.079143,-0.067149,0.245005,0.000000,0.000000,0.000000,0.018664,-0.079142,0.067149,0.256219,0.000000,0.000000,0.000000,0.000000
33.2200,0.032109,0.083556,-0.068599,0.256664,0.000000,0.000000,0.000000,0.026382,-0.083555,0.068599,0.268119,0.000000,0.000000,0.000000,0.000000
33.2400,0.039916,0.087950,-0.070043,0.268275,0.000000,0.000000,0.000000,0.034068,-0.087950,0.070042,0.279970,0.000000,0.000000,0.000000,0.000000
33.2600,0.047685,0.092324,-0.071480,0.279831,0.000000,0.000000,0.000000,0.041718,-0.092324,0.071480,0.291766,0.000000,0.000000,0.000000,0.000000
33.2800,0.055412,0.096674,-0.072909,0.291325,0.000000,0.000000,0.000000,0.049326,-0.096674,0.072909,0.303496,0.000000,0.000000,0.000000,0.000000
33.3000,0.063092,0.100998,-0.074330,0.302748,0.000000,0.000000,0.000000,0.056888,-0.100998,0.074329,0.315155,0.000000,0.000000,0.000000,0.000000
33.3200,0.070719,0.105292,-0.075740,0.314092,0.000000,0.000000,0.000000,0.064398,-0.105292,0.075740,0.326735,0.000000,0.000000,0.000000,0.000000
33.3400,0.078289,0.109553,-0.077141,0.325351,0.000000,0.000000,0.000000,0.071851,-0.109553,0.077140,0.338227,0.000000,0.000000,0.000000,0.000000
33.3600,0.085796,0.113780,-0.078529,0.336518,0.000000,0.000000,0.000000,0.079243,-0.113779,0.078529,0.349623,0.000000,0.000000,0.000000,0.000000
33.3800,0.093235,0.117968,-0.079905,0.347583,0.000000,0.000000,0.000000,0.086568,-0.117968,0.079905,0.360918,0.000000,0.000000,0.000000,0.000000
33.4000,0.100603,0.122115,-0.081268,0.358541,0.000000,0.000000,0.000000,0.093822,-0.122115,0.081268,0.372103,0.000000,0.000000,0.000000,0.000000
33.4200,0.107893,0.126220,-0.082616,0.369385,0.000000,0.000000,0.000000,0.101000,-0.126219,0.082616,0.383170,0.000000,0.000000,0.000000,0.000000
33.4400,0.115101,0.130278,-0.083950,0.380107,0.000000,0.000000,0.000000,0.108098,-0.130277,0.083950,0.394114,0.000000,0.000000,0.000000,0.000000
33.4600,0.122223,0.134287,-0.085267,0.390700,0.000000,0.000000,0.000000,0.115110,-0.134287,0.085267,0.404926,0.000000,0.000000,0.000000,0.000000
33.4800,0.129254,0.138245,-0.086568,0.401158,0.000000,0.000000,0.000000,0.122033,-0.138245,0.086567,0.415600,0.000000,0.000000,0.000000,0.000000
33.5000,0.136190,0.142150,-0.087851,0.411474,0.000000,0.000000,0.000000,0.128862,-0.142150,0.087850,0.426130,0.000000,0.000000,0.000000,0.000000
33.5200,0.143026,0.145999,-0.089115,0.421642,0.000000,0.000000,0.000000,0.135594,-0.145998,0.089115,0.436508,0.000000,0.000000,0.000000,0.000000
33.5400,0.149759,0.149789,-0.090360,0.431656,0.000000,0.000000,0.000000,0.142222,-0.149789,0.090360,0.446729,0.000000,0.000000,0.000000,0.000000
33.5600,0.156383,0.153518,-0.091586,0.441509,0.000000,0.000000,0.000000,0.148745,-0.153518,0.091585,0.456786,0.000000,0.000000,0.000000,0.000000
33.5800,0.162896,0.157184,-0.092790,0.451196,0.000000,0.000000,0.000000,0.155157,-0.157184,0.092790,0.466673,0.000000,0.000000,0.000000,0.000000
33.6000,0.169292,0.160786,-0.093973,0.460710,0.000000,0.000000,0.000000,0.161456,-0.160785,0.093973,0.476384,0.000000,0.000000,0.000000,0.000000
33.6200,0.175569,0.164319,-0.095134,0.470047,0.000000,0.000000,0.000000,0.167636,-0.164319,0.095134,0.485914,0.000000,0.000000,0.000000,0.000000
33.6400,0.181724,0.167784,-0.096273,0.479201,0.000000,0.000000,0.000000,0.173696,-0.167784,0.096273,0.495257,0.000000,0.000000,0.000000,0.000000
33.6600,0.187751,0.171178,-0.097388,0.488167,0.000000,0.000000,0.000000,0.179631,-0.171177,0.097388,0.504408,0.000000,0.000000,0.000000,0.000000
33.6800,0.193649,0.174498,-0.098479,0.496939,0.000000,0.000000,0.000000,0.185438,-0.174498,0.098479,0.513361,0.000000,0.000000,0.000000,0.000000
33.7000,0.199414,0.177743,-0.099545,0.505514,0.000000,0.000000,0.000000,0.191114,-0.177743,0.099545,0.522113,0.000000,0.000000,0.000000,0.000000
33.7200,0.205043,0.180912,-0.100586,0.513886,0.000000,0.000000,0.000000,0.196657,-0.180912,0.100586,0.530659,0.000000,0.000000,0.000000,0.000000
33.7400,0.210533,0.184003,-0.101602,0.522053,0.000000,0.000000,0.000000,0.202063,-0.184003,0.101602,0.538994,0.000000,0.000000,0.000000,0.000000
33.7600,0.215882,0.187014,-0.102591,0.530009,0.000000,0.000000,0.000000,0.207329,-0.187014,0.102591,0.547114,0.000000,0.000000,0.000000,0.000000
33.7800,0.221087,0.189945,-0.103554,0.537750,0.000000,0.000000,0.000000,0.212454,-0.189944,0.103554,0.555016,0.000000,0.000000,0.000000,0.000000
33.8000,0.226146,0.192792,-0.104490,0.545275,0.000000,0.000000,0.000000,0.217435,-0.192792,0.104489,0.562696,0.000000,0.000000,0.000000,0.000000
33.8200,0.231056,0.195557,-0.105398,0.552578,0.000000,0.000000,0.000000,0.222270,-0.195557,0.105398,0.570151,0.000000,0.000000,0.000000,0.000000
33.8400,0.235816,0.198237,-0.106278,0.559658,0.000000,0.000000,0.000000,0.226957,-0.198236,0.106278,0.577377,0.000000,0.000000,0.000000,0.000000
33.8600,0.240424,0.200831,-0.107131,0.566512,0.000000,0.000000,0.000000,0.231494,-0.200831,0.107131,0.584373,0.000000,0.000000,0.000000,0.000000
33.8800,0.244879,0.203339,-0.107955,0.573138,0.000000,0.000000,0.000000,0.235880,-0.203338,0.107954,0.591136,0.000000,0.000000,0.000000,0.000000
33.9000,0.249178,0.205759,-0.108750,0.579533,0.000000,0.000000,0.000000,0.240113,-0.205759,0.108750,0.597663,0.000000,0.000000,0.000000,0.000000
33.9200,0.253322,0.208092,-0.109516,0.585696,0.000000,0.000000,0.000000,0.244193,-0.208092,0.109516,0.603954,0.000000,0.000000,0.000000,0.000000
33.9400,0.257308,0.210336,-0.110254,0.591626,0.000000,0.000000,0.000000,0.248118,-0.210336,0.110254,0.610006,0.000000,0.000000,0.000000,0.000000
33.9600,0.261137,0.212492,-0.110962,0.597321,0.000000,0.000000,0.000000,0.251889,-0.212492,0.110962,0.615819,0.000000,0.000000,0.000000,0.000000
33.9800,0.264808,0.214558,-0.111641,0.602782,0.000000,0.000000,0.000000,0.255503,-0.214558,0.111641,0.621392,0.000000,0.000000,0.000000,0.000000
34.0000,0.268321,0.216536,-0.112291,0.608006,0.000000,0.000000,0.000000,0.258962,-0.216536,0.112291,0.626725,0.000000,0.000000,0.000000,0.000000
34.0200,0.271675,0.218424,-0.112911,0.612996,0.000000,0.000000,0.000000,0.262265,-0.218424,0.112911,0.631817,0.000000,0.000000,0.000000,0.000000
34.0400,0.274872,0.220224,-0.113502,0.617750,0.000000,0.000000,0.000000,0.265412,-0.220224,0.113502,0.636670,0.000000,0.000000,0.000000,0.000000
34.0600,0.277910,0.221935,-0.114064,0.622270,0.000000,0.000000,0.000000,0.268404,-0.221935,0.114064,0.641283,0.000000,0.000000,0.000000,0.000000
34.0800,0.280793,0.223557,-0.114598,0.626557,0.000000,0.000000,0.000000,0.271242,-0.223557,0.114597,0.645659,0.000000,0.000000,0.000000,0.000000
34.1000,0.283519,0.225092,-0.115102,0.630612,0.000000,0.000000,0.000000,0.273926,-0.225092,0.115102,0.649797,0.000000,0.000000,0.000000,0.000000
34.1200,0.286091,0.226540,-0.115578,0.634437,0.000000,0.000000,0.000000,0.276458,-0.226540,0.115577,0.653702,0.000000,0.000000,0.000000,0.000000
34.1400,0.288510,0.227901,-0.116025,0.638035,0.000000,0.000000,0.000000,0.278840,-0.227901,0.116025,0.657374,0.000000,0.000000,0.000000,0.000000
34.1600,0.290777,0.229178,-0.116444,0.641408,0.000000,0.000000,0.000000,0.281073,-0.229178,0.116444,0.660817,0.000000,0.000000,0.000000,0.000000
34.1800,0.292896,0.230371,-0.116836,0.644560,0.000000,0.000000,0.000000,0.283159,-0.230371,0.116836,0.664034,0.000000,0.000000,0.000000,0.000000
34.2000,0.294868,0.231481,-0.117201,0.647493,0.000000,0.000000,0.000000,0.285101,-0.231481,0.117201,0.667028,0.000000,0.000000,0.000000,0.000000
34.2200,0.296697,0.232511,-0.117539,0.650213,0.000000,0.000000,0.000000,0.286901,-0.232511,0.117539,0.669804,0.000000,0.000000,0.000000,0.000000
34.2400,0.298384,0.233461,-0.117851,0.652722,0.000000,0.000000,0.000000,0.288563,-0.233461,0.117851,0.672365,0.000000,0.000000,0.000000,0.000000
34.2600,0.299934,0.234333,-0.118138,0.655028,0.000000,0.000000,0.000000,0.290089,-0.234333,0.118138,0.674718,0.000000,0.000000,0.000000,0.000000
34.2800,0.301350,0.235130,-0.118400,0.657133,0.000000,0.000000,0.000000,0.291483,-0.235130,0.118400,0.676867,0.000000,0.000000,0.000000,0.000000
34.3000,0.302635,0.235854,-0.118638,0.659046,0.000000,0.000000,0.000000,0.292749,-0.235854,0.118638,0.678819,0.000000,0.000000,0.000000,0.000000
34.3200,0.303795,0.236507,-0.118852,0.660771,0.000000,0.000000,0.000000,0.293890,-0.236507,0.118852,0.680580,0.000000,0.000000,0.000000,0.000000
34.3400,0.304833,0.237091,-0.119044,0.662315,0.000000,0.000000,0.000000,0.294913,-0.237091,0.119044,0.682156,0.000000,0.000000,0.000000,0.000000
34.3600,0.305755,0.237610,-0.119215,0.663687,0.000000,0.000000,0.000000,0.295821,-0.237610,0.119215,0.683556,0.000000,0.000000,0.000000,0.000000
34.3800,0.306566,0.238067,-0.119365,0.664892,0.000000,0.000000,0.000000,0.296619,-0.238067,0.119365,0.684787,0.000000,0.000000,0.000000,0.000000
34.4000,0.307271,0.238464,-0.119495,0.665941,0.000000,0.000000,0.000000,0.297313,-0.238464,0.119495,0.685857,0.000000,0.000000,0.000000,0.000000
34.4200,0.307876,0.238804,-0.119607,0.666841,0.000000,0.000000,0.000000,0.297909,-0.238804,0.119607,0.686776,0.000000,0.000000,0.000000,0.000000
34.4400,0.308388,0.239093,-0.119702,0.667602,0.000000,0.000000,0.000000,0.298413,-0.239093,0.119702,0.687553,0.000000,0.000000,0.000000,0.000000
34.4600,0.308813,0.239332,-0.119780,0.668234,0.000000,0.000000,0.000000,0.298831,-0.239332,0.119780,0.688198,0.000000,0.000000,0.000000,0.000000
34.4800,0.309158,0.239526,-0.119844,0.668747,0.000000,0.000000,0.000000,0.299171,-0.239526,0.119844,0.688721,0.000000,0.000000,0.000000,0.000000
34.5000,0.309430,0.239679,-0.119895,0.669152,0.000000,0.000000,0.000000,0.299439,-0.239679,0.119895,0.689135,0.000000,0.000000,0.000000,0.000000
34.5200,0.309637,0.239796,-0.119933,0.669461,0.000000,0.000000,0.000000,0.299643,-0.239796,0.119933,0.689450,0.000000,0.000000,0.000000,0.000000
34.5400,0.309788,0.239881,-0.119961,0.669685,0.000000,0.000000,0.000000,0.299791,-0.239881,0.119961,0.689678,0.000000,0.000000,0.000000,0.000000
34.5600,0.309890,0.239938,-0.119980,0.669837,0.000000,0.000000,0.000000,0.299892,-0.239938,0.119980,0.689834,0.000000,0.000000,0.000000,0.000000
34.5800,0.309953,0.239974,-0.119991,0.669931,0.000000,0.000000,0.000000,0.299954,-0.239974,0.119991,0.689929,0.000000,0.000000,0.000000,0.000000
34.6000,0.309986,0.239992,-0.119997,0.669979,0.000000,0.000000,0.000000,0.299986,-0.239992,0.119997,0.689979,0.000000,0.000000,0.000000,0.000000
34.6200,0.309998,0.239999,-0.120000,0.669997,0.000000,0.000000,0.000000,0.299998,-0.239999,0.120000,0.689997,0.000000,0.000000,0.000000,0.000000
34.6400,0.310000,0.240000,-0.120000,0.670000,0.000000,0.000000,0.000000,0.300000,-0.240000,0.120000,0.690000,0.000000,0.000000,0.000000,0.000000
