t_s,q_pitch,q_roll,q_yaw,q_elbow,target_x,target_y,target_z
8.1833,-2.164015,1.088043,-0.985594,0.205586,0.312579,0.285672,0.754009
8.2000,-2.159454,1.088677,-0.976954,0.204807,0.266133,0.272810,0.798841
8.2167,-2.154044,1.087559,-0.971136,0.206944,0.267223,0.273443,0.798317
8.2333,-2.144073,1.076953,-0.952008,0.215750,0.269290,0.272507,0.798533
8.2500,-2.115824,1.048665,-0.894719,0.231600,0.273370,0.269550,0.798407
8.2667,-2.083471,1.007843,-0.824961,0.252886,0.279834,0.264346,0.798347
8.2833,-2.063100,0.969681,-0.766896,0.272836,0.284855,0.258858,0.799633
8.3000,-2.036927,0.921027,-0.695346,0.289850,0.290384,0.251089,0.799323
8.3167,-2.025397,0.886387,-0.678430,0.311522,0.299634,0.243150,0.797558
8.3333,-2.023320,0.856301,-0.686185,0.344696,0.310384,0.235175,0.796055
8.3500,-2.023304,0.850850,-0.689178,0.359407,0.313795,0.234862,0.796030
8.3667,-2.028851,0.846247,-0.705651,0.378707,0.318006,0.233714,0.796386
8.3833,-2.028440,0.842769,-0.708263,0.395888,0.321348,0.234749,0.796335
8.4000,-2.025494,0.837668,-0.691089,0.408532,0.322360,0.236711,0.797495
8.4167,-2.016425,0.825677,-0.649369,0.411020,0.321166,0.237442,0.798630
8.4333,-2.009575,0.816441,-0.617246,0.412054,0.320440,0.238068,0.799499
8.4833,-2.026642,0.726751,-0.309109,0.431205,0.290803,0.246081,0.826176
8.5000,-2.028031,0.713226,-0.247109,0.413305,0.281936,0.249256,0.829425
8.5167,-2.030779,0.721502,-0.226470,0.397311,0.274703,0.254376,0.831364
8.5333,-2.039007,0.737639,-0.245868,0.384758,0.269404,0.255531,0.833016
8.5500,-2.048411,0.762929,-0.287291,0.379176,0.266221,0.257257,0.834109
8.5667,-2.051952,0.786261,-0.327398,0.368167,0.264284,0.258304,0.833175
8.5833,-2.054797,0.808798,-0.366919,0.362376,0.264079,0.259971,0.832065
8.6000,-2.054449,0.828664,-0.400250,0.352139,0.263929,0.261328,0.830059
8.6167,-2.052325,0.842454,-0.432130,0.339952,0.264959,0.260418,0.827265
8.6333,-2.049950,0.847300,-0.459400,0.329208,0.267080,0.256914,0.824334
8.6500,-2.051300,0.835548,-0.468938,0.331215,0.269866,0.250935,0.823582
8.6667,-2.058945,0.853139,-0.501038,0.324482,0.268545,0.251883,0.823460
8.6833,-2.065407,0.865674,-0.523888,0.326716,0.268277,0.253597,0.823799
8.7000,-2.066801,0.873020,-0.534268,0.332767,0.269183,0.255947,0.823778
8.7167,-2.070725,0.872928,-0.560993,0.346049,0.274029,0.254070,0.823163
8.7333,-2.081538,0.871154,-0.602696,0.361703,0.279325,0.249593,0.823027
8.7500,-2.091150,0.868620,-0.639538,0.375086,0.283716,0.245391,0.822645
8.7667,-2.095249,0.860271,-0.650525,0.384315,0.286063,0.241681,0.822664
8.7833,-2.094277,0.852020,-0.643336,0.390052,0.287012,0.239999,0.822897
8.8000,-2.088545,0.842056,-0.619099,0.394156,0.287186,0.239778,0.823281
8.8167,-2.082418,0.830599,-0.587360,0.395222,0.286351,0.239543,0.824054
8.8333,-2.075714,0.821403,-0.556309,0.392519,0.285036,0.239838,0.824482
8.8500,-2.068640,0.810452,-0.519646,0.390023,0.283408,0.240411,0.825133
8.8667,-2.070193,0.820341,-0.515674,0.382478,0.280190,0.243915,0.826202
8.8833,-2.074677,0.840309,-0.519357,0.369021,0.274467,0.249410,0.827454
8.9000,-2.081576,0.869540,-0.533976,0.350794,0.267424,0.256240,0.828406
8.9167,-2.089882,0.896937,-0.548658,0.331178,0.259863,0.261870,0.829286
8.9333,-2.097486,0.921715,-0.563606,0.314181,0.253355,0.266766,0.829748
8.9500,-2.111414,0.949269,-0.603326,0.296344,0.248414,0.269071,0.829612
8.9667,-2.122416,0.972975,-0.637213,0.283826,0.244835,0.271748,0.829059
8.9833,-2.125584,0.994720,-0.657070,0.267060,0.241357,0.275166,0.827278
9.0000,-2.128540,1.017024,-0.677463,0.248780,0.238133,0.278493,0.825269
9.0167,-2.130938,1.038115,-0.700276,0.233291,0.236192,0.281596,0.822956
9.0333,-2.126040,1.050194,-0.704229,0.221376,0.235015,0.284169,0.820624
9.0500,-2.124822,1.059131,-0.715679,0.221004,0.236278,0.286497,0.819429
9.0667,-2.118910,1.065328,-0.722230,0.222564,0.238633,0.288902,0.817580
9.0833,-2.108116,1.064179,-0.710848,0.223009,0.240325,0.290307,0.816074
9.1000,-2.100972,1.055178,-0.704962,0.229923,0.244109,0.289044,0.815385
9.1167,-2.095993,1.045937,-0.703384,0.240463,0.248401,0.287745,0.814975
9.1333,-2.092072,1.033052,-0.702697,0.250866,0.252981,0.284815,0.814591
9.1500,-2.090472,1.019798,-0.707342,0.262051,0.257889,0.281140,0.814254
9.1667,-2.087978,1.006636,-0.710967,0.273469,0.262801,0.277656,0.813690
9.1833,-2.086058,0.987976,-0.709415,0.285333,0.267483,0.272464,0.813611
9.2000,-2.080516,0.968286,-0.700335,0.295471,0.271879,0.267544,0.813069
9.2167,-2.077770,0.946283,-0.691313,0.306362,0.275936,0.261549,0.813194
9.2333,-2.074853,0.919968,-0.674978,0.316780,0.279218,0.254476,0.813672
9.2500,-2.073567,0.892307,-0.658628,0.326766,0.282055,0.246634,0.814396
9.2667,-2.071849,0.873401,-0.651428,0.332783,0.284692,0.240730,0.814122
9.2833,-2.068174,0.863622,-0.650353,0.335695,0.287329,0.237528,0.812879
9.3000,-2.066318,0.859438,-0.654264,0.341014,0.289943,0.236276,0.812038
9.3167,-2.066557,0.850528,-0.652804,0.347685,0.291736,0.233720,0.812144
9.3333,-2.064193,0.839724,-0.643648,0.351239,0.292858,0.231016,0.811995
9.3500,-2.057364,0.836380,-0.632121,0.354925,0.294414,0.232116,0.811203
9.3667,-2.057029,0.846041,-0.634061,0.358208,0.294545,0.236457,0.811657
9.3833,-2.064700,0.871508,-0.660871,0.355780,0.292839,0.242987,0.812337
9.4000,-2.064201,0.882794,-0.657809,0.352057,0.290337,0.247504,0.812752
9.4167,-2.061896,0.897420,-0.649727,0.340306,0.286253,0.252823,0.812999
9.4333,-2.060842,0.922382,-0.644819,0.319671,0.279569,0.260414,0.813203
9.4500,-2.062997,0.955822,-0.644948,0.292859,0.270439,0.269406,0.813534
9.4667,-2.060602,0.985515,-0.633091,0.267529,0.261205,0.278535,0.813387
9.4833,-2.046625,0.992278,-0.607414,0.245640,0.257070,0.281488,0.811002
9.5000,-2.048006,1.027084,-0.620516,0.218709,0.250239,0.288747,0.809440
9.5167,-2.065379,1.064698,-0.671786,0.197502,0.245291,0.292744,0.808278
9.5333,-2.071577,1.071214,-0.705800,0.194898,0.247608,0.290961,0.806271
9.5500,-2.065128,1.054909,-0.712954,0.208659,0.254886,0.286817,0.804518
9.5667,-2.055154,1.032041,-0.707505,0.222915,0.262424,0.281621,0.802997
9.5833,-2.044384,1.008219,-0.697856,0.239540,0.270056,0.276865,0.801648
9.6000,-2.033960,0.980640,-0.683940,0.261504,0.278208,0.271872,0.800792
9.6167,-2.028031,0.945016,-0.669272,0.285591,0.286330,0.263651,0.800775
9.6333,-2.022358,0.899132,-0.641580,0.314024,0.294153,0.253235,0.801537
9.6500,-2.020152,0.862739,-0.625576,0.342971,0.301647,0.244924,0.802108
9.6667,-2.023597,0.825815,-0.610613,0.370053,0.307134,0.235253,0.803778
9.6833,-2.029304,0.792900,-0.595034,0.392693,0.310375,0.226257,0.805955
9.7000,-2.035290,0.776276,-0.582697,0.398702,0.309345,0.221192,0.808182
9.7167,-2.040663,0.770981,-0.573916,0.394762,0.306111,0.219114,0.810202
9.7333,-2.039739,0.761118,-0.554135,0.389223,0.303618,0.216907,0.811020
9.7500,-2.037625,0.748326,-0.530768,0.384175,0.301646,0.214237,0.811687
9.7667,-2.033971,0.736785,-0.510165,0.378787,0.300416,0.211917,0.811666
9.7833,-2.025719,0.734037,-0.496102,0.372208,0.300544,0.212633,0.810177
9.8000,-2.016177,0.738739,-0.490580,0.363254,0.301155,0.215006,0.807939
9.8167,-2.015339,0.753510,-0.513694,0.368049,0.304157,0.218482,0.806696
9.8333,-2.021514,0.777498,-0.544167,0.367316,0.303661,0.223593,0.807066
9.8500,-2.030304,0.812339,-0.580431,0.356155,0.300020,0.230946,0.807671
9.8667,-2.034718,0.839956,-0.607335,0.342331,0.296783,0.236555,0.807097
9.8833,-2.043467,0.887635,-0.646637,0.313648,0.289630,0.246328,0.806601
9.9000,-2.053862,0.934145,-0.684336,0.283366,0.281682,0.255361,0.805901
9.9167,-2.060409,0.974916,-0.712453,0.250262,0.273840,0.262851,0.804124
9.9333,-2.052565,0.988298,-0.710775,0.233299,0.271483,0.266087,0.801420
9.9500,-2.033059,0.991668,-0.687225,0.215732,0.270602,0.268353,0.797674
9.9667,-2.028292,0.999057,-0.688371,0.207128,0.270641,0.270014,0.796162
9.9833,-2.031858,1.001572,-0.710032,0.213125,0.273964,0.269493,0.795310
10.0000,-2.055843,1.008330,-0.774179,0.235021,0.279859,0.267925,0.796373
10.0167,-2.066688,0.997177,-0.813324,0.263379,0.287733,0.264020,0.796041
10.0333,-2.067404,0.975449,-0.829479,0.291210,0.296312,0.258461,0.795060
10.0500,-2.059465,0.946586,-0.818620,0.315618,0.303716,0.252158,0.794152
10.0667,-2.057206,0.910289,-0.797281,0.339706,0.308892,0.242998,0.795684
10.0833,-2.054122,0.879348,-0.770183,0.358724,0.311942,0.235822,0.797325
10.1000,-2.054423,0.849189,-0.744850,0.375067,0.313811,0.228092,0.799495
10.1167,-2.050284,0.819801,-0.705484,0.386699,0.314154,0.221869,0.801476
10.1333,-2.050844,0.793260,-0.676171,0.401306,0.314933,0.215976,0.803915
10.1500,-2.047363,0.772896,-0.638458,0.409045,0.314100,0.213160,0.805913
10.1667,-2.040300,0.763247,-0.603201,0.408063,0.312590,0.213898,0.806846
10.1833,-2.034883,0.761792,-0.578995,0.408185,0.311635,0.216907,0.807679
10.2000,-2.029473,0.757440,-0.549395,0.404607,0.309572,0.218965,0.808658
10.2167,-2.023582,0.752257,-0.524402,0.401213,0.308420,0.220246,0.808928
10.2500,-2.055967,0.831469,-0.621880,0.370886,0.298097,0.233884,0.812820
10.2667,-2.081957,0.879512,-0.689207,0.353123,0.290355,0.241378,0.814719
10.2833,-2.131712,0.957559,-0.804948,0.319937,0.278089,0.253271,0.817533
10.3000,-2.200628,1.049329,-0.944246,0.271692,0.261288,0.267589,0.819154
10.3167,-2.292449,1.136398,-1.101701,0.223733,0.243222,0.281168,0.820443
10.3333,-2.384369,1.200903,-1.252589,0.176107,0.228659,0.289878,0.818506
10.3500,-2.468644,1.232244,-1.392592,0.147540,0.221511,0.292403,0.816369
10.3667,-2.515996,1.237926,-1.481738,0.134929,0.220548,0.291164,0.813414
10.3833,-2.512201,1.228850,-1.487903,0.136821,0.222786,0.288355,0.811248
10.4000,-2.448262,1.189499,-1.415086,0.167898,0.234880,0.280338,0.809434
10.4167,-2.395959,1.154358,-1.348704,0.199105,0.246245,0.273777,0.809888
10.4500,-2.267039,1.078394,-1.150918,0.265707,0.265557,0.265083,0.807872
10.4667,-2.206340,1.034091,-1.048724,0.296756,0.278370,0.259616,0.807850
10.4833,-2.132797,0.971814,-0.914721,0.333111,0.291776,0.252803,0.804651
10.5000,-2.071792,0.917169,-0.797433,0.359550,0.304025,0.248227,0.800612
10.5167,-2.031800,0.881323,-0.728126,0.374119,0.314051,0.245329,0.795960
10.5333,-2.000484,0.857554,-0.680420,0.384282,0.322221,0.244584,0.791022
10.5500,-1.980359,0.830432,-0.636999,0.390046,0.327243,0.240656,0.788316
10.5667,-1.972142,0.804725,-0.602892,0.391731,0.328932,0.234871,0.788045
10.5833,-1.968772,0.785276,-0.577802,0.389564,0.328666,0.229815,0.788441
10.6000,-1.970815,0.778184,-0.572246,0.388146,0.327980,0.227178,0.789239
10.6167,-1.977527,0.780973,-0.581031,0.384524,0.326134,0.226111,0.790547
10.6333,-1.983650,0.784028,-0.590569,0.375394,0.323408,0.224306,0.791365
10.6500,-2.002551,0.805746,-0.639882,0.360968,0.319496,0.223550,0.792792
10.6667,-2.034885,0.832683,-0.715624,0.362493,0.317170,0.223760,0.795821
10.6833,-2.067359,0.861534,-0.787973,0.359764,0.313362,0.225551,0.798614
10.7000,-2.100660,0.892916,-0.861256,0.351903,0.308853,0.228471,0.800920
10.7167,-2.126936,0.928954,-0.922030,0.327657,0.302275,0.233095,0.801228
10.7333,-2.153938,0.972408,-0.991592,0.290436,0.295332,0.238679,0.799319
10.7500,-2.179974,1.015303,-1.060244,0.249642,0.288879,0.244288,0.795870
10.7667,-2.202800,1.047132,-1.118099,0.214866,0.284026,0.247651,0.792193
10.7833,-2.238541,1.069373,-1.189145,0.195689,0.280916,0.248958,0.791117
10.8000,-2.260359,1.080362,-1.238834,0.188295,0.280329,0.249835,0.789395
10.8167,-2.263913,1.081361,-1.251515,0.189881,0.280922,0.250168,0.788463
10.8333,-2.259013,1.076335,-1.244991,0.191752,0.281788,0.248829,0.787968
10.8500,-2.258521,1.071453,-1.245588,0.208093,0.284302,0.249618,0.789438
10.8667,-2.261953,1.067395,-1.250414,0.229808,0.286682,0.251388,0.791942
10.8833,-2.274005,1.066065,-1.274355,0.246851,0.288922,0.252669,0.793815
10.9000,-2.258293,1.065061,-1.241746,0.259262,0.288848,0.256163,0.794741
10.9167,-2.249047,1.065254,-1.226057,0.260592,0.289472,0.257406,0.794586
10.9333,-2.237520,1.065827,-1.205263,0.259742,0.289434,0.258759,0.794139
10.9500,-2.227415,1.056291,-1.184720,0.263621,0.290670,0.256539,0.794279
10.9667,-2.220267,1.051285,-1.170814,0.265599,0.291459,0.255608,0.794277
10.9833,-2.212190,1.049122,-1.154697,0.266215,0.291606,0.255842,0.794197
11.0000,-2.202598,1.048139,-1.134183,0.266270,0.291285,0.256784,0.794259
11.0167,-2.192333,1.048843,-1.110676,0.265019,0.290362,0.258437,0.794474
11.0333,-2.183213,1.051046,-1.089918,0.263329,0.289365,0.260536,0.794662
11.0500,-2.175158,1.046202,-1.067643,0.265146,0.288950,0.260311,0.795420
11.0667,-2.170835,1.037923,-1.049059,0.265836,0.288319,0.258053,0.796538
11.0833,-2.168020,1.029892,-1.036638,0.267795,0.288304,0.255789,0.797319
11.1000,-2.172658,1.026102,-1.036856,0.267620,0.287449,0.253768,0.798551
11.1167,-2.181583,1.027380,-1.047866,0.266663,0.286255,0.252933,0.799610
11.1333,-2.188328,1.031943,-1.055017,0.268041,0.284802,0.254297,0.800768
11.1500,-2.193197,1.033642,-1.053907,0.270724,0.283007,0.255201,0.802499
11.1667,-2.200855,1.035879,-1.058422,0.273443,0.281340,0.255871,0.804350
11.1833,-2.216075,1.042589,-1.070543,0.261872,0.276506,0.254988,0.806188
11.2000,-2.229555,1.048356,-1.081089,0.251782,0.271980,0.254232,0.807627
11.2167,-2.252167,1.045614,-1.113730,0.262796,0.271812,0.252076,0.810566
11.2333,-2.276361,1.043347,-1.155001,0.274446,0.272305,0.250024,0.812800
11.2500,-2.303412,1.049617,-1.209401,0.278869,0.272510,0.250146,0.813639
11.2667,-2.326853,1.079991,-1.256700,0.258575,0.267804,0.257240,0.812117
11.2833,-2.344587,1.109747,-1.296219,0.248171,0.264674,0.266692,0.810709
11.3000,-2.361856,1.137167,-1.335669,0.244568,0.262654,0.276647,0.809669
11.3167,-2.361519,1.157127,-1.343329,0.246132,0.261445,0.285735,0.808293
11.3333,-2.349652,1.176154,-1.328388,0.240113,0.259570,0.293649,0.806181
11.3500,-2.323565,1.187730,-1.286294,0.239056,0.258450,0.300313,0.804536
11.3667,-2.290976,1.179525,-1.225382,0.239626,0.258875,0.299704,0.804217
11.3833,-2.258022,1.158021,-1.158655,0.244535,0.260744,0.295044,0.804960
11.4000,-2.226016,1.126703,-1.087854,0.253060,0.263420,0.287806,0.806384
11.4167,-2.195416,1.086134,-1.011460,0.263542,0.266301,0.278159,0.808350
11.4333,-2.162489,1.037033,-0.923021,0.279682,0.269796,0.268056,0.810576
11.4500,-2.141046,1.004287,-0.864612,0.287333,0.272427,0.261501,0.811564
11.4667,-2.127753,0.989210,-0.832933,0.288579,0.273900,0.258972,0.811401
11.4833,-2.103078,0.979408,-0.776896,0.281904,0.272842,0.260554,0.810164
11.5000,-2.072563,0.970575,-0.708697,0.272025,0.271435,0.264236,0.808438
11.5167,-2.044632,0.960521,-0.644501,0.261878,0.270307,0.267553,0.806794
11.5333,-2.027252,0.955154,-0.605880,0.251272,0.269423,0.269500,0.805418
11.5500,-2.023831,0.967804,-0.611982,0.244231,0.269264,0.272826,0.804138
11.5667,-2.034869,0.989830,-0.657718,0.244402,0.270581,0.275445,0.803338
11.5833,-2.046921,1.003608,-0.697116,0.251164,0.272205,0.276925,0.803245
11.6000,-2.058676,1.014906,-0.733786,0.256758,0.273660,0.277858,0.803102
11.6167,-2.072171,1.025033,-0.773331,0.260863,0.275108,0.277968,0.802912
11.6333,-2.093264,1.042447,-0.831795,0.258284,0.275696,0.278066,0.802304
11.6500,-2.118600,1.057417,-0.893528,0.251000,0.275278,0.276410,0.801720
11.6667,-2.139262,1.068347,-0.941641,0.244231,0.274505,0.275027,0.801078
11.6833,-2.146730,1.072929,-0.957310,0.231782,0.272329,0.273197,0.800054
11.7000,-2.154488,1.071776,-0.968657,0.228366,0.271553,0.270890,0.800390
11.7167,-2.156915,1.076440,-0.979153,0.217319,0.270604,0.270080,0.798832
11.7333,-2.150235,1.077736,-0.976748,0.209969,0.271068,0.269926,0.796658
11.7500,-2.139444,1.075431,-0.966762,0.209225,0.272886,0.270190,0.794901
11.7667,-2.130227,1.073191,-0.953552,0.206199,0.273512,0.270161,0.793843
11.7833,-2.127924,1.071061,-0.952641,0.214764,0.275616,0.271019,0.794095
11.8000,-2.131418,1.069233,-0.962108,0.227249,0.278051,0.271680,0.794877
11.8167,-2.137743,1.065159,-0.977107,0.247346,0.281575,0.272300,0.796212
11.8333,-2.138980,1.062616,-0.978592,0.260187,0.283053,0.273409,0.797216
11.8500,-2.133678,1.058022,-0.966011,0.268981,0.283985,0.274215,0.797808
11.8667,-2.123646,1.047710,-0.940476,0.275699,0.284835,0.273418,0.798402
11.8833,-2.116348,1.035498,-0.914077,0.283692,0.285348,0.272018,0.799915
11.9000,-2.104433,1.011641,-0.873629,0.296360,0.286947,0.268109,0.801597
11.9167,-2.091472,0.987249,-0.821430,0.305068,0.286779,0.264615,0.803891
11.9333,-2.083025,0.963629,-0.772186,0.311485,0.285562,0.260939,0.806768
11.9667,-2.061733,0.893704,-0.593622,0.351205,0.279100,0.259678,0.818341
12.0000,-2.093439,0.883138,-0.647693,0.380540,0.283978,0.251213,0.823605
12.0167,-2.114614,0.890712,-0.700486,0.388005,0.284214,0.248120,0.824789
12.0333,-2.133352,0.903120,-0.751673,0.382671,0.283026,0.245777,0.824916
12.0500,-2.154089,0.922183,-0.811740,0.374972,0.281853,0.245372,0.824585
12.0667,-2.177749,0.945603,-0.883192,0.362259,0.280740,0.245475,0.823294
12.0833,-2.207273,0.971450,-0.968994,0.351715,0.280542,0.246527,0.821728
12.1000,-2.233693,0.996467,-1.049569,0.337414,0.280446,0.248356,0.818916
12.1167,-2.255494,1.017560,-1.114138,0.317954,0.279474,0.249608,0.815726
12.1333,-2.264883,1.026061,-1.143624,0.307802,0.279021,0.249765,0.813642
12.1500,-2.257673,1.024858,-1.128641,0.300649,0.277772,0.249034,0.812611
12.1667,-2.250114,1.018927,-1.110455,0.300930,0.277847,0.247725,0.812727
12.1833,-2.234790,1.008449,-1.081780,0.303781,0.279336,0.246005,0.812012
12.2000,-2.212278,0.991770,-1.036231,0.317799,0.282400,0.245118,0.812115
12.2167,-2.188997,0.972875,-0.988215,0.335472,0.286422,0.244474,0.812358
12.2333,-2.164756,0.957946,-0.936496,0.348768,0.289480,0.245513,0.812284
12.2500,-2.129020,0.929274,-0.858507,0.371260,0.295013,0.245664,0.811540
12.2667,-2.097972,0.885316,-0.779571,0.397592,0.302330,0.240543,0.811102
12.2833,-2.067972,0.828929,-0.684956,0.422723,0.308990,0.232426,0.810753
12.3000,-2.049346,0.795271,-0.617376,0.424562,0.310542,0.227623,0.810534
12.3167,-2.032381,0.760145,-0.553541,0.419604,0.311004,0.221438,0.809571
12.3333,-2.015532,0.733499,-0.491141,0.399318,0.308223,0.217471,0.808295
12.3500,-1.999465,0.733150,-0.444478,0.363303,0.301729,0.220974,0.806900
12.3667,-1.994016,0.738754,-0.412697,0.339959,0.295292,0.225758,0.807896
12.3833,-1.994079,0.754372,-0.397416,0.326614,0.289479,0.232864,0.809752
12.4000,-1.992248,0.746074,-0.342662,0.319065,0.282907,0.237779,0.812765
12.4167,-1.996325,0.743509,-0.316613,0.323440,0.279827,0.241452,0.815836
12.4333,-2.004018,0.740602,-0.310079,0.333377,0.278770,0.242047,0.818586
12.4500,-2.010446,0.748347,-0.326995,0.345086,0.279772,0.243194,0.819940
12.4667,-2.017551,0.766379,-0.365265,0.346320,0.279927,0.243710,0.820115
12.4833,-2.018881,0.770232,-0.388563,0.349809,0.282272,0.241816,0.818979
12.5000,-2.015821,0.771503,-0.412767,0.349278,0.285975,0.238645,0.816257
12.5167,-2.018762,0.779898,-0.452520,0.346857,0.288793,0.235368,0.814205
12.5333,-2.020831,0.797925,-0.508779,0.332710,0.290914,0.232331,0.810190
12.5500,-2.026240,0.825046,-0.588846,0.313394,0.293970,0.229242,0.804522
12.5667,-2.025677,0.854031,-0.646982,0.286057,0.294755,0.229720,0.798260
12.5833,-2.022438,0.866479,-0.677869,0.279208,0.297909,0.230310,0.794090
12.6000,-2.023853,0.882964,-0.706829,0.278265,0.300092,0.233497,0.792021
12.6167,-2.027316,0.891987,-0.726480,0.291004,0.303010,0.236788,0.791908
12.6333,-2.034055,0.889054,-0.749060,0.314628,0.308236,0.236466,0.792312
12.6500,-2.038563,0.884403,-0.766234,0.333397,0.312566,0.235475,0.792244
12.6667,-2.039235,0.862593,-0.755734,0.352441,0.315760,0.230300,0.793325
12.6833,-2.034803,0.840921,-0.734951,0.367868,0.318609,0.226046,0.793801
12.7000,-2.033128,0.816054,-0.714682,0.381824,0.321002,0.219897,0.794721
12.7167,-2.030537,0.790160,-0.689857,0.393593,0.322715,0.213561,0.795539
12.7333,-2.024411,0.763671,-0.655998,0.401936,0.323887,0.207883,0.795935
12.7500,-2.014995,0.735986,-0.611615,0.408462,0.324781,0.203217,0.796146
12.7667,-1.998427,0.715395,-0.561693,0.407723,0.325725,0.202305,0.794792
12.7833,-1.983786,0.689990,-0.505193,0.408088,0.326402,0.200716,0.794227
12.8000,-1.970233,0.663344,-0.447077,0.407142,0.326722,0.199168,0.793715
12.8167,-1.959861,0.637863,-0.395591,0.403592,0.326471,0.197059,0.793324
12.8333,-1.943001,0.633146,-0.364247,0.390897,0.326898,0.200316,0.790355
12.8500,-1.933798,0.636355,-0.359514,0.379988,0.327461,0.202055,0.788112
12.8667,-1.925961,0.650575,-0.375248,0.369964,0.328577,0.204883,0.785236
12.8833,-1.918186,0.662479,-0.389916,0.362827,0.330238,0.207217,0.782231
12.9000,-1.913832,0.671894,-0.406530,0.358344,0.331829,0.208232,0.779931
12.9167,-1.919594,0.686467,-0.450499,0.361652,0.334407,0.207194,0.778606
12.9333,-1.923320,0.703223,-0.488369,0.354811,0.334572,0.207184,0.776967
12.9500,-1.924066,0.726356,-0.515667,0.339679,0.332571,0.210694,0.775663
12.9667,-1.931304,0.757301,-0.560795,0.326456,0.330833,0.214681,0.774900
12.9833,-1.937121,0.784889,-0.586844,0.308990,0.326578,0.219537,0.775149
13.0000,-1.948666,0.822339,-0.621112,0.290317,0.320842,0.226732,0.776645
13.0167,-1.950742,0.846745,-0.633262,0.267006,0.315116,0.231474,0.776356
13.0333,-1.953196,0.867038,-0.649838,0.256006,0.312786,0.235771,0.775872
13.0500,-1.966492,0.881338,-0.694690,0.264208,0.315335,0.236562,0.775722
13.0667,-2.002177,0.908238,-0.782549,0.277724,0.317174,0.237746,0.777846
13.0833,-2.018415,0.903639,-0.817887,0.296316,0.319840,0.234255,0.778709
13.1000,-2.035274,0.899344,-0.847514,0.310520,0.321409,0.230804,0.780500
13.1167,-2.050714,0.896056,-0.870680,0.319964,0.321525,0.227763,0.782493
13.1333,-2.055718,0.885437,-0.868726,0.329970,0.321658,0.224627,0.784112
13.1500,-2.052565,0.867746,-0.841848,0.341600,0.321717,0.221488,0.786144
13.1667,-2.045517,0.853679,-0.812388,0.352627,0.322529,0.220489,0.787445
13.1833,-2.037941,0.842903,-0.785891,0.360781,0.323438,0.220329,0.788187
13.2000,-2.026060,0.829700,-0.747969,0.367318,0.324093,0.220514,0.788627
13.2167,-2.001058,0.798410,-0.657092,0.378511,0.324223,0.221089,0.789934
13.2333,-1.979208,0.770883,-0.578956,0.378714,0.324151,0.221105,0.790124
13.2500,-1.963654,0.744057,-0.510569,0.378457,0.323671,0.220519,0.790753
13.2667,-1.962292,0.726176,-0.485285,0.374449,0.322644,0.216334,0.791711
13.2833,-1.965153,0.715667,-0.474716,0.370454,0.320828,0.212789,0.792863
13.3000,-1.978921,0.713560,-0.496879,0.372636,0.319714,0.207757,0.794879
13.3167,-1.994131,0.717867,-0.534704,0.373183,0.318746,0.202894,0.795969
13.3333,-2.007221,0.730063,-0.580760,0.375974,0.319277,0.200940,0.795988
13.3500,-2.007208,0.745266,-0.605454,0.363592,0.318472,0.202387,0.793779
13.3667,-2.004232,0.768893,-0.632573,0.341117,0.317051,0.205943,0.790576
13.3833,-2.000496,0.801626,-0.663887,0.310734,0.314552,0.211684,0.786702
13.4000,-1.994122,0.837499,-0.690715,0.280879,0.312167,0.219455,0.782433
13.4167,-1.986173,0.870867,-0.709142,0.258233,0.310512,0.228223,0.778675
13.4333,-1.989459,0.906432,-0.745782,0.249693,0.310388,0.237173,0.776793
13.4500,-1.997017,0.909266,-0.770991,0.272308,0.315095,0.238807,0.777268
13.4667,-2.008457,0.900351,-0.794775,0.296201,0.319693,0.235794,0.778450
13.4833,-2.021019,0.894594,-0.814951,0.317101,0.322406,0.233920,0.780455
13.5000,-2.029570,0.877901,-0.822976,0.336508,0.325208,0.228600,0.781993
13.5167,-2.031496,0.851927,-0.815488,0.358445,0.328978,0.221577,0.782914
13.5333,-2.028712,0.825236,-0.795432,0.377343,0.332141,0.215219,0.783633
13.5500,-2.029166,0.807752,-0.778388,0.393131,0.333697,0.211765,0.785449
13.5667,-2.030056,0.792610,-0.759503,0.404512,0.333909,0.208786,0.787496
13.5833,-2.030167,0.780297,-0.740142,0.416115,0.334133,0.207230,0.789478
13.6000,-2.026931,0.769838,-0.718160,0.425300,0.334582,0.206728,0.790643
13.6167,-2.022857,0.759608,-0.695014,0.432614,0.335000,0.206297,0.791575
13.6333,-2.023423,0.760002,-0.688317,0.431993,0.334004,0.207093,0.792630
13.6500,-2.021497,0.758508,-0.679369,0.428813,0.333028,0.207156,0.792834
13.6667,-2.018037,0.754233,-0.672725,0.424142,0.332881,0.205661,0.792024
13.6833,-2.012354,0.751387,-0.668759,0.419119,0.333623,0.204634,0.790273
13.7000,-2.001970,0.747984,-0.662075,0.409204,0.334714,0.203387,0.787106
13.7167,-1.987248,0.744472,-0.642043,0.393708,0.334592,0.203317,0.783960
13.7500,-1.989607,0.799108,-0.676144,0.338816,0.325009,0.214184,0.782953
13.7667,-1.989619,0.827989,-0.691611,0.308594,0.319411,0.219915,0.781713
13.7833,-1.982897,0.853131,-0.689713,0.275924,0.313343,0.226101,0.779918
13.8000,-1.980270,0.879384,-0.693599,0.244620,0.307220,0.231765,0.778682
13.8167,-1.986911,0.907174,-0.716913,0.223202,0.302672,0.236532,0.778219
13.8333,-1.997320,0.922702,-0.744153,0.219897,0.301536,0.238553,0.778516
13.8500,-1.998016,0.924559,-0.747323,0.221225,0.301452,0.239119,0.778399
13.8667,-2.007413,0.929446,-0.772462,0.229380,0.303431,0.239155,0.778795
13.8833,-2.022058,0.932032,-0.807133,0.244991,0.306434,0.238305,0.779779
13.9000,-2.036402,0.930775,-0.837140,0.265978,0.309715,0.237419,0.781348
13.9167,-2.047387,0.926818,-0.854393,0.285792,0.311989,0.236709,0.783346
13.9333,-2.047316,0.910036,-0.847733,0.307333,0.315387,0.233799,0.784440
13.9500,-2.041426,0.885370,-0.824788,0.330085,0.319398,0.229581,0.785406
13.9667,-2.034230,0.851906,-0.788873,0.354844,0.323359,0.223250,0.786952
13.9833,-2.031678,0.804699,-0.742885,0.390580,0.327721,0.213430,0.790363
14.0000,-2.025321,0.747171,-0.669923,0.421720,0.329968,0.201869,0.793968
14.0167,-2.009903,0.697495,-0.580771,0.436850,0.330573,0.194955,0.795586
14.0333,-1.988371,0.657860,-0.486169,0.438325,0.330567,0.193159,0.795458
14.0500,-1.972772,0.616326,-0.389346,0.433285,0.328596,0.191117,0.796406
14.0667,-1.957803,0.590534,-0.316334,0.418649,0.326282,0.192200,0.795887
14.0833,-1.947928,0.573568,-0.270119,0.399893,0.323498,0.192330,0.795138
14.1000,-1.943385,0.567621,-0.255594,0.382336,0.320936,0.191347,0.794356
14.1167,-1.944215,0.572761,-0.269836,0.369677,0.319003,0.189703,0.793879
14.1500,-1.956833,0.674691,-0.380165,0.352861,0.314115,0.209557,0.796177
14.1667,-1.962885,0.716707,-0.423210,0.342841,0.310605,0.217978,0.796672
14.1833,-1.976635,0.762510,-0.484065,0.342393,0.308906,0.226189,0.798073
14.2000,-1.982233,0.819200,-0.533819,0.319043,0.302974,0.238475,0.797371
14.2167,-1.986867,0.883154,-0.587762,0.291167,0.296812,0.252586,0.795469
14.2333,-1.994129,0.940237,-0.640958,0.262388,0.290739,0.263767,0.793174
14.2500,-2.000686,0.990381,-0.692720,0.230527,0.285375,0.272091,0.789560
14.2667,-2.007854,1.028129,-0.734644,0.209442,0.281813,0.278527,0.786798
14.2833,-2.017072,1.054021,-0.769189,0.197944,0.279587,0.282759,0.785345
14.3000,-2.028789,1.066543,-0.793186,0.195790,0.278029,0.284335,0.785878
14.3167,-2.040640,1.073868,-0.807212,0.205015,0.276840,0.286807,0.788201
14.3333,-2.048075,1.065196,-0.810034,0.220120,0.278009,0.285324,0.790594
14.3500,-2.047320,1.056341,-0.802385,0.234432,0.279760,0.285054,0.791904
14.3667,-2.030120,1.031194,-0.769243,0.251552,0.284929,0.282198,0.791230
14.3833,-2.011348,1.001078,-0.730724,0.266962,0.290897,0.277848,0.790305
14.4000,-1.997065,0.974955,-0.704434,0.280403,0.296970,0.273407,0.789009
14.4167,-1.982906,0.934670,-0.666474,0.298728,0.303755,0.265395,0.788303
14.4333,-1.971661,0.884536,-0.622819,0.323663,0.311306,0.255005,0.788356
14.4500,-1.966414,0.820598,-0.569838,0.350557,0.317819,0.239968,0.789794
14.4667,-1.966866,0.755949,-0.516718,0.375597,0.322239,0.223934,0.792024
14.4833,-1.976141,0.724468,-0.491947,0.393016,0.322665,0.215908,0.795702
14.5000,-1.981329,0.694279,-0.467244,0.403145,0.322498,0.207737,0.797724
14.5167,-1.980838,0.696267,-0.466114,0.394760,0.320648,0.207769,0.797651
14.5333,-1.977315,0.687040,-0.455269,0.388045,0.320039,0.205002,0.796760
14.5500,-1.971866,0.691677,-0.469981,0.386353,0.322825,0.204974,0.793940
14.5667,-1.969527,0.691394,-0.486268,0.388001,0.325873,0.202800,0.791582
14.5833,-1.966289,0.701042,-0.509144,0.391998,0.329496,0.204294,0.788995
14.6000,-1.969262,0.702665,-0.529332,0.396963,0.331771,0.202459,0.788044
14.6167,-1.969896,0.713407,-0.554482,0.400755,0.334221,0.203974,0.786398
14.6333,-1.968404,0.739186,-0.578357,0.395427,0.334380,0.211124,0.785112
14.6500,-1.963930,0.769415,-0.586314,0.380015,0.331277,0.221061,0.784620
14.6667,-1.972109,0.823194,-0.626357,0.355736,0.324771,0.234287,0.785759
14.6833,-1.981115,0.881446,-0.665830,0.326579,0.316144,0.248495,0.786476
14.7000,-1.997789,0.943855,-0.711710,0.291316,0.304815,0.261936,0.787846
14.7167,-2.024193,0.996585,-0.766659,0.268657,0.295183,0.272012,0.790130
14.7333,-2.031375,1.021315,-0.775247,0.250785,0.287721,0.277495,0.790772
14.7500,-2.027659,1.022868,-0.766861,0.248914,0.286644,0.278815,0.790554
14.7667,-2.022043,1.020111,-0.755877,0.247941,0.286793,0.278961,0.790116
14.7833,-2.021830,1.020126,-0.754195,0.246987,0.286639,0.278970,0.790257
14.8000,-2.011667,1.007142,-0.740743,0.252789,0.289945,0.276843,0.788773
14.8167,-2.003473,0.992847,-0.736479,0.260419,0.295008,0.273501,0.786859
14.8333,-1.999708,0.976600,-0.736371,0.269748,0.299890,0.268887,0.785650
14.8500,-1.998458,0.958690,-0.738056,0.279741,0.304450,0.263289,0.784812
14.8667,-1.999610,0.940934,-0.743580,0.291202,0.308959,0.257358,0.784217
14.8833,-2.001811,0.922975,-0.750801,0.302994,0.313322,0.251064,0.783643
14.9000,-2.005023,0.897219,-0.751579,0.315865,0.317307,0.242157,0.783709
14.9167,-2.015439,0.888566,-0.767812,0.326689,0.319175,0.237850,0.784952
14.9333,-2.028660,0.877203,-0.782885,0.335423,0.319664,0.231919,0.786880
14.9500,-2.039438,0.867261,-0.799317,0.341293,0.320311,0.226193,0.787761
14.9667,-2.048359,0.854255,-0.813368,0.347104,0.321425,0.219509,0.788144
14.9833,-2.061701,0.851609,-0.840255,0.349106,0.321596,0.215136,0.788754
15.0000,-2.093321,0.861374,-0.897091,0.346952,0.318880,0.211583,0.791728
15.0167,-2.110324,0.870369,-0.944285,0.348187,0.319211,0.210786,0.791111
15.0333,-2.131875,0.895581,-1.007428,0.347986,0.319709,0.215941,0.790787
15.0500,-2.154863,0.929036,-1.071382,0.344750,0.318762,0.224893,0.790758
15.0667,-2.145241,0.959888,-1.054565,0.327239,0.313138,0.237059,0.790001
15.0833,-2.123081,0.980525,-0.999885,0.312268,0.307165,0.248023,0.790546
15.1000,-2.104614,0.996880,-0.950952,0.302406,0.302213,0.257627,0.791697
15.1167,-2.082866,1.011915,-0.894184,0.287274,0.296011,0.266740,0.792271
15.1333,-2.056005,1.021854,-0.828003,0.270029,0.289917,0.274813,0.792087
15.1500,-2.028428,1.026365,-0.762322,0.254991,0.285080,0.281613,0.791485
15.1667,-2.004684,1.026414,-0.707020,0.243070,0.281859,0.286472,0.790659
15.1833,-2.001799,1.035727,-0.698503,0.234806,0.279539,0.289707,0.790882
15.2000,-2.004820,1.045121,-0.708792,0.232571,0.278795,0.291744,0.790777
15.2167,-2.021278,1.048342,-0.744825,0.246812,0.281605,0.290969,0.792236
15.2333,-2.035909,1.042113,-0.771955,0.262386,0.284466,0.287796,0.793829
15.2500,-2.046285,1.024902,-0.779788,0.275359,0.286516,0.281747,0.795967
15.2667,-2.054884,1.011528,-0.788410,0.281910,0.287873,0.276105,0.797295
15.2833,-2.060698,0.994718,-0.791595,0.286860,0.289360,0.269400,0.798229
15.3000,-2.065618,0.969758,-0.787390,0.298924,0.291904,0.261222,0.799860
15.3167,-2.072891,0.937426,-0.789418,0.314379,0.295991,0.249664,0.801250
15.3333,-2.078373,0.901142,-0.789020,0.332337,0.300650,0.236991,0.802127
15.3500,-2.082694,0.864255,-0.786783,0.350048,0.305136,0.224032,0.802602
15.3667,-2.079077,0.824511,-0.760407,0.373041,0.309377,0.213531,0.803355
15.3833,-2.072996,0.795336,-0.731780,0.389627,0.312479,0.207012,0.803761
15.4000,-2.062044,0.766115,-0.691010,0.400678,0.314766,0.201490,0.803560
15.4167,-2.055793,0.747747,-0.673097,0.408492,0.317534,0.197292,0.802749
15.4333,-2.053172,0.763933,-0.695677,0.412001,0.320954,0.202455,0.800758
15.4500,-2.045217,0.786292,-0.709137,0.405078,0.322354,0.210288,0.797992
15.4667,-2.035820,0.809421,-0.710124,0.396891,0.322271,0.219719,0.796209
15.4833,-2.028900,0.828352,-0.708877,0.388142,0.321316,0.227207,0.795137
15.5000,-2.026544,0.842652,-0.707990,0.379671,0.319351,0.232268,0.795127
15.5167,-2.026717,0.855945,-0.708751,0.371575,0.316816,0.236535,0.795596
15.5333,-2.031666,0.877808,-0.721192,0.364950,0.313700,0.243016,0.796684
15.5500,-2.040715,0.908758,-0.745997,0.356668,0.309670,0.251480,0.797826
15.5667,-2.054560,0.946836,-0.784118,0.344279,0.304624,0.260686,0.798702
15.5833,-2.076737,0.987931,-0.844962,0.331494,0.300239,0.268797,0.798990
15.6000,-2.095684,1.017889,-0.886656,0.306901,0.293629,0.272311,0.798865
15.6167,-2.128896,1.046980,-0.960678,0.294308,0.290332,0.274862,0.799235
15.6333,-2.170692,1.077893,-1.045411,0.279477,0.285784,0.277644,0.799796
15.6500,-2.188900,1.091934,-1.085645,0.269383,0.283192,0.278759,0.798688
15.6667,-2.185611,1.080733,-1.072455,0.267513,0.282502,0.274454,0.798810
15.6833,-2.194134,1.079091,-1.083688,0.273917,0.282919,0.273848,0.800360
15.7000,-2.202546,1.070928,-1.085976,0.282558,0.282427,0.271258,0.802911
15.7167,-2.216677,1.063931,-1.106919,0.286627,0.282836,0.267163,0.804360
15.7333,-2.232465,1.056779,-1.136007,0.287817,0.283641,0.262117,0.804876
15.7500,-2.240283,1.043372,-1.155457,0.290741,0.285957,0.255653,0.804273
15.7667,-2.231948,1.025672,-1.159350,0.298366,0.291648,0.249862,0.801335
15.7833,-2.213571,1.005147,-1.149177,0.308309,0.298978,0.244399,0.797472
15.8000,-2.199622,1.004277,-1.136752,0.310995,0.302074,0.245976,0.795399
15.8167,-2.182257,0.996274,-1.118499,0.316883,0.306177,0.245541,0.792942
15.8333,-2.175297,0.996265,-1.116649,0.317625,0.308591,0.246262,0.791353
15.8500,-2.173273,0.990326,-1.113859,0.319829,0.309821,0.244295,0.791132
15.8667,-2.164678,0.981804,-1.104796,0.324023,0.312312,0.242361,0.789682
15.8833,-2.153160,0.977460,-1.080621,0.322941,0.312391,0.242177,0.789257
15.9000,-2.131527,0.966046,-1.034856,0.325095,0.313196,0.241486,0.788555
15.9167,-2.113734,0.955773,-0.982885,0.320560,0.311316,0.240514,0.789524
15.9333,-2.116224,0.966303,-0.979524,0.310079,0.308213,0.243185,0.790782
15.9500,-2.126392,0.983143,-0.993796,0.302051,0.304632,0.247353,0.792169
15.9667,-2.143989,0.997659,-1.022587,0.300950,0.302092,0.250433,0.794093
15.9833,-2.168905,1.018955,-1.068285,0.298305,0.299044,0.255005,0.795890
16.0000,-2.199169,1.044519,-1.125836,0.291607,0.295323,0.260286,0.797155
16.0167,-2.228457,1.063695,-1.180064,0.289679,0.292484,0.264474,0.798432
16.0333,-2.247178,1.076143,-1.215599,0.286748,0.290362,0.267226,0.798698
16.0500,-2.261090,1.081668,-1.246585,0.290222,0.290642,0.268785,0.798713
16.0667,-2.266543,1.092958,-1.268546,0.289852,0.291017,0.273052,0.797228
16.0833,-2.270680,1.095854,-1.287395,0.293421,0.292819,0.274558,0.796135
16.1000,-2.272212,1.096993,-1.297405,0.293339,0.293811,0.274888,0.795135
16.1167,-2.274207,1.091236,-1.303140,0.296377,0.295085,0.272752,0.795114
16.1333,-2.272288,1.081077,-1.292282,0.298914,0.295138,0.268953,0.796095
16.1500,-2.276214,1.075866,-1.294079,0.300922,0.295094,0.266693,0.797164
16.1667,-2.276407,1.073656,-1.286600,0.297411,0.293588,0.265099,0.797813
16.1833,-2.280941,1.083931,-1.295569,0.289012,0.291886,0.267642,0.797298
16.2000,-2.287028,1.096712,-1.310696,0.282631,0.290539,0.271548,0.796502
16.2167,-2.290762,1.104814,-1.320060,0.278174,0.289554,0.273982,0.795861
16.2333,-2.286935,1.116155,-1.315067,0.271508,0.287830,0.278011,0.794815
16.2500,-2.281405,1.127048,-1.304520,0.264752,0.285869,0.281910,0.794147
16.2667,-2.276392,1.136326,-1.293457,0.258789,0.283933,0.285196,0.793790
16.2833,-2.275515,1.144882,-1.289183,0.251402,0.281910,0.287542,0.793536
16.3000,-2.277927,1.151239,-1.290369,0.246542,0.280239,0.289155,0.793628
16.3167,-2.282680,1.153759,-1.295067,0.246154,0.279257,0.289796,0.794268
16.3333,-2.290545,1.155685,-1.304130,0.244916,0.278081,0.289787,0.795069
16.3500,-2.300923,1.156726,-1.317455,0.243219,0.276908,0.289146,0.795895
16.3667,-2.309959,1.155117,-1.329388,0.245741,0.276456,0.288307,0.796903
16.3833,-2.322021,1.153197,-1.349267,0.249068,0.276639,0.287299,0.797794
16.4000,-2.332318,1.154544,-1.369419,0.248526,0.276598,0.287177,0.797682
16.4167,-2.339040,1.161727,-1.385818,0.244379,0.276035,0.289189,0.796680
16.4333,-2.348477,1.174641,-1.411410,0.241706,0.275795,0.293912,0.795302
16.4500,-2.353118,1.188471,-1.433980,0.240445,0.276297,0.299726,0.792974
16.4667,-2.353319,1.198706,-1.450089,0.239524,0.277526,0.304302,0.790395
16.4833,-2.349351,1.205652,-1.460716,0.245597,0.279918,0.309033,0.788213
16.5000,-2.348561,1.208583,-1.473419,0.248820,0.282205,0.311284,0.786490
16.5167,-2.346912,1.202195,-1.476406,0.252541,0.284267,0.309456,0.786102
16.5333,-2.343919,1.190434,-1.470756,0.260032,0.286205,0.305905,0.787053
16.5500,-2.347446,1.178573,-1.471291,0.263141,0.287112,0.301060,0.788576
16.5667,-2.350725,1.169444,-1.470515,0.263714,0.287138,0.296919,0.789767
16.5833,-2.351113,1.159911,-1.463862,0.263443,0.286975,0.292519,0.790842
16.6000,-2.349347,1.150026,-1.452419,0.263474,0.286736,0.288078,0.792020
16.6167,-2.344557,1.143046,-1.437165,0.262575,0.286356,0.284910,0.792742
16.6333,-2.337291,1.138165,-1.418878,0.261821,0.286013,0.282861,0.793211
16.6500,-2.328635,1.128559,-1.393026,0.261131,0.285392,0.278814,0.794361
16.6667,-2.323300,1.122972,-1.375761,0.259291,0.284739,0.276223,0.795163
16.6833,-2.317444,1.112442,-1.354773,0.258513,0.284123,0.271758,0.796319
16.7000,-2.314790,1.100116,-1.336616,0.257813,0.283226,0.266350,0.797962
16.7167,-2.310364,1.089615,-1.315303,0.258067,0.282053,0.262143,0.799532
16.7333,-2.308156,1.079182,-1.294856,0.258280,0.280364,0.257856,0.801605
16.7500,-2.305418,1.077574,-1.284263,0.260623,0.279765,0.257864,0.802505
16.7667,-2.307952,1.081041,-1.287501,0.262313,0.279422,0.259462,0.803088
16.7833,-2.307539,1.092256,-1.285622,0.257577,0.277519,0.263555,0.802864
16.8000,-2.310557,1.102240,-1.294037,0.260798,0.277273,0.268226,0.803061
16.8167,-2.314797,1.106911,-1.303507,0.261439,0.277102,0.270027,0.803058
16.8333,-2.327106,1.116398,-1.325585,0.257620,0.275774,0.272483,0.803203
16.8500,-2.339781,1.124223,-1.345287,0.255168,0.273984,0.274554,0.803705
16.8667,-2.345680,1.130312,-1.356564,0.255074,0.273130,0.276850,0.803622
16.8833,-2.340324,1.133585,-1.349900,0.254285,0.272961,0.278540,0.802810
16.9000,-2.327639,1.132884,-1.331785,0.254729,0.273840,0.279214,0.801803
16.9167,-2.310293,1.127482,-1.305965,0.259911,0.275885,0.279129,0.801099
16.9333,-2.287450,1.114660,-1.267766,0.269422,0.278803,0.277247,0.800880
16.9500,-2.265609,1.096834,-1.228902,0.283316,0.282546,0.274175,0.801323
16.9667,-2.236679,1.063554,-1.165272,0.298854,0.286235,0.266087,0.802557
16.9833,-2.204027,1.024740,-1.092881,0.312493,0.290469,0.256555,0.803075
17.0000,-2.174384,0.999874,-1.040420,0.319926,0.295301,0.251680,0.801355
17.0167,-2.156261,0.988702,-1.015004,0.322252,0.299055,0.249928,0.799407
17.0333,-2.151699,0.995827,-1.020081,0.319643,0.300777,0.252604,0.797711
17.0500,-2.149360,1.009830,-1.033452,0.318273,0.302085,0.257924,0.795720
17.0667,-2.148965,1.026368,-1.047730,0.314878,0.302301,0.263803,0.794049
17.0833,-2.153046,1.042725,-1.067191,0.314309,0.302284,0.269587,0.793160
17.1000,-2.159642,1.063327,-1.094076,0.312341,0.301899,0.276556,0.791901
17.1167,-2.167142,1.086048,-1.122304,0.305374,0.300573,0.283507,0.790227
17.1333,-2.167999,1.104263,-1.134300,0.298369,0.298945,0.289593,0.788524
17.1500,-2.177248,1.114621,-1.160537,0.298613,0.299323,0.292695,0.787859
17.1667,-2.183679,1.122489,-1.173060,0.293137,0.297735,0.294244,0.787595
17.1833,-2.192752,1.125557,-1.192447,0.294220,0.297932,0.294703,0.787656
17.2000,-2.206214,1.129425,-1.216989,0.294331,0.297480,0.294959,0.788195
17.2167,-2.217046,1.133001,-1.231980,0.291381,0.295793,0.294914,0.788934
17.2333,-2.228625,1.137243,-1.245818,0.285751,0.293481,0.294616,0.789847
17.2500,-2.240884,1.140306,-1.259223,0.280645,0.291092,0.293900,0.791013
17.2667,-2.249191,1.139492,-1.265946,0.278164,0.289400,0.292407,0.792116
17.2833,-2.258880,1.138972,-1.275744,0.277307,0.288044,0.291226,0.793399
17.3000,-2.262014,1.141203,-1.275965,0.273402,0.286274,0.291227,0.793779
17.3167,-2.262641,1.141538,-1.274317,0.269406,0.285349,0.290572,0.793773
17.3333,-2.258743,1.140219,-1.265626,0.267204,0.284942,0.289939,0.793619
17.3500,-2.248859,1.138402,-1.250082,0.268128,0.285527,0.290218,0.793018
17.3667,-2.236480,1.134920,-1.230696,0.269253,0.286583,0.290074,0.792313
17.3833,-2.221636,1.128288,-1.205548,0.272675,0.288048,0.289358,0.791867
17.4000,-2.204141,1.117796,-1.177527,0.280425,0.290787,0.288187,0.791336
17.4167,-2.188201,1.105272,-1.152538,0.290920,0.294270,0.286603,0.790977
17.4333,-2.173862,1.092575,-1.131169,0.301493,0.297962,0.284843,0.790451
17.4500,-2.166362,1.083189,-1.122241,0.307727,0.300931,0.282821,0.789904
17.4667,-2.163440,1.071028,-1.116345,0.312907,0.303148,0.278954,0.790048
17.4833,-2.161465,1.059883,-1.111757,0.315924,0.304799,0.275000,0.790061
17.5000,-2.159742,1.051562,-1.105129,0.316582,0.305385,0.271871,0.790288
17.5167,-2.160475,1.041626,-1.099647,0.320037,0.305915,0.268331,0.791260
17.5333,-2.161451,1.039339,-1.097077,0.319424,0.305399,0.267238,0.791789
17.5500,-2.158218,1.039486,-1.084186,0.315182,0.303693,0.267259,0.792219
17.5667,-2.157420,1.046777,-1.081318,0.310383,0.302139,0.269690,0.792270
17.5833,-2.166944,1.056417,-1.102394,0.307521,0.301428,0.271770,0.792382
17.6000,-2.175247,1.065902,-1.117630,0.302267,0.299536,0.273718,0.792525
17.6167,-2.181964,1.069552,-1.123988,0.297641,0.297458,0.273698,0.793286
17.6333,-2.194306,1.067997,-1.137066,0.297432,0.296026,0.271616,0.795072
17.6500,-2.212700,1.061949,-1.158086,0.300409,0.294809,0.267515,0.797666
17.6667,-2.231259,1.065554,-1.184484,0.300012,0.292738,0.266934,0.799408
17.6833,-2.249987,1.073108,-1.210475,0.296297,0.289765,0.267574,0.800989
17.7000,-2.262356,1.076190,-1.220319,0.290732,0.286276,0.266792,0.802544
17.7167,-2.272860,1.078641,-1.225527,0.285969,0.282886,0.266113,0.804299
17.7333,-2.270299,1.081384,-1.213653,0.279719,0.280370,0.266602,0.804407
17.7500,-2.258453,1.081950,-1.193058,0.276236,0.280037,0.267528,0.803443
17.7667,-2.254474,1.086695,-1.187744,0.272110,0.279727,0.269197,0.802900
17.7833,-2.250652,1.089821,-1.181570,0.265702,0.278942,0.269774,0.802142
17.8000,-2.250049,1.093907,-1.183908,0.263371,0.278953,0.271081,0.801573
17.8167,-2.251970,1.096553,-1.190044,0.262933,0.279125,0.271854,0.801319
17.8333,-2.254543,1.099767,-1.198432,0.264296,0.279521,0.273129,0.801083
17.8500,-2.257580,1.104255,-1.208441,0.266734,0.279981,0.275108,0.800863
17.8667,-2.260161,1.108509,-1.216958,0.270543,0.280438,0.277329,0.800817
17.8833,-2.261243,1.113283,-1.222673,0.273677,0.280725,0.279824,0.800655
17.9000,-2.259502,1.120193,-1.223779,0.273243,0.280495,0.282854,0.800001
17.9167,-2.254575,1.126934,-1.217460,0.270615,0.279798,0.285730,0.799261
17.9333,-2.244175,1.121852,-1.191838,0.270097,0.279101,0.284673,0.799689
17.9500,-2.232988,1.109538,-1.157513,0.271139,0.278340,0.281181,0.801164
17.9667,-2.224123,1.094079,-1.123132,0.272180,0.277301,0.276387,0.803188
17.9833,-2.224454,1.085406,-1.111438,0.270993,0.276369,0.272796,0.804701
18.0000,-2.225871,1.083987,-1.105524,0.265503,0.274499,0.271278,0.805349
18.0167,-2.234757,1.087635,-1.119212,0.261984,0.273406,0.271051,0.805831
18.0333,-2.240761,1.093692,-1.127366,0.257198,0.271549,0.272064,0.805981
18.0500,-2.255086,1.099473,-1.154855,0.256270,0.271161,0.272493,0.806362
18.0667,-2.265446,1.101188,-1.170629,0.255137,0.270083,0.271874,0.806895
18.0833,-2.269209,1.102340,-1.171382,0.251699,0.268283,0.271470,0.807349
18.1000,-2.263419,1.103237,-1.153760,0.248237,0.266298,0.272129,0.807603
18.1167,-2.258703,1.104452,-1.141217,0.248115,0.265474,0.273321,0.807993
18.1333,-2.258050,1.105115,-1.135449,0.247549,0.264627,0.273709,0.808572
18.1500,-2.261322,1.106608,-1.137865,0.247623,0.263905,0.274046,0.809196
18.1667,-2.264691,1.107417,-1.142700,0.245889,0.263390,0.273690,0.809299
18.1833,-2.269545,1.112957,-1.156690,0.242272,0.263350,0.274637,0.808519
18.2000,-2.274465,1.118177,-1.172503,0.236929,0.263473,0.275112,0.807310
18.2167,-2.273609,1.123599,-1.181831,0.233065,0.264289,0.276557,0.805470
18.2333,-2.266921,1.123137,-1.179098,0.231264,0.265742,0.276569,0.803827
18.2500,-2.263381,1.122200,-1.180557,0.229310,0.267223,0.276006,0.802587
18.2667,-2.260670,1.122305,-1.182677,0.229994,0.268588,0.276313,0.801691
18.2833,-2.263075,1.124882,-1.195105,0.232663,0.270140,0.277451,0.801061
18.3000,-2.267698,1.125230,-1.208942,0.238067,0.271631,0.278007,0.801012
18.3167,-2.272425,1.122542,-1.221312,0.246177,0.273352,0.277826,0.801384
18.3333,-2.273745,1.115903,-1.225582,0.255233,0.275183,0.276520,0.801923
18.3500,-2.273478,1.110990,-1.227192,0.261042,0.276617,0.275490,0.802121
18.3667,-2.269973,1.101977,-1.219083,0.264993,0.277671,0.272729,0.802480
18.3833,-2.268055,1.093718,-1.213190,0.268109,0.278570,0.269971,0.802962
18.4000,-2.269366,1.091275,-1.217570,0.270844,0.279545,0.269234,0.803018
18.4167,-2.271362,1.091155,-1.221970,0.270660,0.279676,0.268921,0.802965
18.4333,-2.275428,1.089440,-1.229381,0.272606,0.280066,0.268108,0.803275
18.4500,-2.280682,1.091932,-1.241514,0.274437,0.280366,0.268965,0.803313
18.4667,-2.286199,1.089147,-1.252913,0.279993,0.281346,0.268230,0.803790
18.4833,-2.289833,1.080609,-1.259825,0.290630,0.283178,0.266132,0.804728
18.5000,-2.293495,1.069027,-1.264941,0.298900,0.284848,0.262239,0.805658
18.5167,-2.297357,1.060911,-1.275087,0.306845,0.286887,0.259730,0.805993
18.5333,-2.303013,1.056193,-1.291719,0.315446,0.289144,0.258661,0.806113
18.5500,-2.305238,1.050437,-1.301642,0.323565,0.291290,0.257389,0.806014
18.5667,-2.313058,1.054194,-1.327549,0.325863,0.293025,0.258789,0.805115
18.5833,-2.320296,1.062555,-1.355722,0.324774,0.294380,0.261816,0.803353
18.6000,-2.321792,1.072343,-1.359455,0.315299,0.292554,0.264342,0.802361
18.6167,-2.319648,1.079304,-1.350100,0.303054,0.289856,0.265285,0.801840
18.6333,-2.313810,1.083692,-1.331504,0.293178,0.287226,0.265805,0.801758
18.6500,-2.305810,1.086598,-1.310525,0.284667,0.285175,0.266133,0.801557
18.6667,-2.296460,1.093920,-1.292505,0.271963,0.283221,0.267755,0.800252
18.6833,-2.286495,1.103869,-1.275751,0.255378,0.281008,0.269853,0.798286
18.7000,-2.277201,1.112226,-1.266519,0.247165,0.280773,0.272700,0.796326
18.7167,-2.263167,1.118534,-1.252651,0.243414,0.281677,0.275900,0.794041
18.7333,-2.246403,1.120536,-1.232355,0.236774,0.282596,0.276996,0.791610
18.7500,-2.246176,1.122763,-1.243717,0.237821,0.285001,0.277960,0.790376
18.7667,-2.252729,1.118301,-1.261777,0.245249,0.287472,0.276742,0.790427
18.7833,-2.260191,1.108548,-1.279906,0.257385,0.290479,0.274106,0.791013
18.8000,-2.263912,1.097557,-1.289471,0.269364,0.293140,0.271250,0.791642
18.8167,-2.270096,1.089535,-1.301463,0.277026,0.294849,0.268644,0.792352
18.8333,-2.274320,1.082433,-1.309048,0.283917,0.296102,0.266475,0.792995
18.8500,-2.270086,1.078602,-1.299392,0.287516,0.296320,0.265854,0.793282
18.8667,-2.262007,1.076980,-1.280969,0.289699,0.296074,0.266289,0.793681
18.8833,-2.249280,1.076103,-1.252785,0.291732,0.295559,0.267543,0.794091
18.9000,-2.233462,1.076902,-1.217201,0.293603,0.294617,0.269980,0.794665
18.9167,-2.212039,1.069948,-1.163270,0.297559,0.293408,0.270504,0.796078
18.9333,-2.192939,1.067118,-1.114319,0.296888,0.291608,0.272056,0.797192
18.9500,-2.176776,1.065537,-1.070992,0.293226,0.289358,0.273516,0.798105
18.9667,-2.157063,1.063278,-1.018000,0.289173,0.286404,0.275662,0.799064
18.9833,-2.133075,1.054281,-0.948489,0.284377,0.282756,0.276579,0.800567
19.0000,-2.115809,1.053082,-0.902741,0.278050,0.280164,0.279118,0.801073
19.0167,-2.112674,1.059032,-0.892087,0.275629,0.278708,0.282076,0.801674
19.0333,-2.100886,1.062510,-0.864407,0.272029,0.276530,0.285666,0.801484
19.0500,-2.094135,1.064976,-0.849892,0.272534,0.276085,0.288315,0.801519
19.0667,-2.093621,1.062860,-0.844820,0.274358,0.276113,0.288199,0.802120
19.0833,-2.112659,1.066773,-0.880564,0.276429,0.276441,0.286190,0.803542
19.1000,-2.136409,1.070210,-0.924737,0.274900,0.275825,0.282651,0.804704
19.1167,-2.156146,1.074571,-0.965217,0.273415,0.275505,0.280323,0.805028
19.1333,-2.170126,1.078648,-0.998692,0.268249,0.275481,0.278238,0.804263
19.1500,-2.180012,1.082481,-1.029612,0.263118,0.276507,0.276654,0.802660
19.1667,-2.184032,1.075692,-1.048475,0.266073,0.279526,0.273184,0.801375
19.1833,-2.185593,1.061250,-1.061054,0.279104,0.284349,0.268786,0.800899
19.2000,-2.188974,1.048083,-1.082851,0.300808,0.290987,0.265983,0.800465
19.2167,-2.189316,1.030411,-1.095632,0.319724,0.297065,0.261293,0.799842
19.2333,-2.179974,1.009464,-1.082146,0.333853,0.301546,0.256031,0.799209
19.2500,-2.166711,0.988958,-1.055243,0.343637,0.304799,0.251065,0.798822
19.2667,-2.152593,0.977783,-1.035589,0.351190,0.308400,0.249619,0.797345
19.2833,-2.138405,0.979933,-1.025642,0.349776,0.311114,0.251955,0.794426
19.3000,-2.124765,0.979120,-1.010458,0.350583,0.313372,0.253642,0.792377
19.3167,-2.105210,0.957043,-0.974013,0.365089,0.318071,0.250302,0.791141
19.3333,-2.089510,0.946547,-0.948835,0.370278,0.321259,0.249510,0.789510
19.3500,-2.077738,0.941288,-0.930706,0.369125,0.322889,0.249173,0.787983
19.3667,-2.063620,0.938677,-0.909412,0.365415,0.323945,0.250027,0.786041
19.3833,-2.042526,0.935313,-0.875122,0.360214,0.324976,0.251944,0.783448
19.4000,-2.018469,0.926724,-0.830891,0.357528,0.326529,0.253340,0.781065
19.4167,-1.994998,0.902281,-0.776148,0.368974,0.330435,0.251714,0.779786
19.4333,-1.984087,0.889254,-0.754427,0.372320,0.333256,0.249743,0.778541
19.4500,-1.987329,0.886787,-0.763949,0.369009,0.333910,0.246935,0.778241
19.4667,-1.996700,0.894860,-0.789637,0.361778,0.332885,0.245932,0.778211
19.4833,-2.008048,0.900382,-0.817208,0.357471,0.332119,0.244107,0.778403
19.5000,-2.019527,0.905670,-0.839490,0.348091,0.329820,0.241861,0.778982
19.5167,-2.043894,0.913604,-0.894399,0.346412,0.329602,0.238540,0.779837
19.5333,-2.071319,0.929040,-0.963182,0.341794,0.329119,0.237337,0.779688
19.5500,-2.100410,0.943866,-1.032790,0.326323,0.327105,0.234609,0.778814
19.5667,-2.129108,0.965840,-1.104518,0.312030,0.325273,0.236051,0.777525
19.5833,-2.148035,0.993530,-1.166061,0.300441,0.324646,0.242553,0.774665
19.6000,-2.163956,1.019273,-1.231216,0.301895,0.327408,0.251486,0.771092
19.6167,-2.179341,1.057789,-1.285788,0.291720,0.326049,0.264774,0.768149
19.6333,-2.177553,1.078134,-1.287706,0.278535,0.322733,0.271405,0.766518
19.6500,-2.172745,1.071508,-1.273454,0.277458,0.322501,0.268770,0.766878
19.6667,-2.155379,1.052439,-1.224935,0.282638,0.322330,0.263355,0.768550
19.6833,-2.146257,1.032048,-1.193133,0.293731,0.323751,0.257782,0.770810
19.7000,-2.141085,1.013502,-1.171315,0.306497,0.325398,0.252924,0.772798
19.7167,-2.138192,1.000741,-1.160578,0.320054,0.327512,0.250328,0.774043
19.7333,-2.134967,0.992429,-1.153281,0.332481,0.329599,0.249431,0.774694
19.7500,-2.131668,0.984678,-1.145307,0.342098,0.331258,0.248290,0.775193
19.7667,-2.125531,0.975354,-1.129829,0.350052,0.332557,0.246639,0.775612
19.7833,-2.116944,0.968677,-1.110989,0.355894,0.333634,0.246144,0.775680
19.8000,-2.106532,0.963114,-1.089452,0.359814,0.334586,0.246116,0.775444
19.8167,-2.085806,0.949376,-1.038873,0.364782,0.335104,0.244982,0.775547
19.8333,-2.073964,0.941068,-1.009321,0.366414,0.335760,0.244134,0.775714
19.8500,-2.067303,0.928671,-0.984483,0.366688,0.335650,0.240683,0.776458
19.8667,-2.064070,0.917194,-0.967036,0.364366,0.335068,0.236551,0.777100
19.8833,-2.059678,0.908827,-0.951975,0.359654,0.334404,0.233393,0.777003
19.9000,-2.051316,0.901485,-0.931866,0.351399,0.333553,0.230826,0.776149
19.9167,-2.039385,0.892119,-0.905497,0.342264,0.332964,0.228112,0.774842
19.9333,-2.036404,0.904542,-0.898869,0.315178,0.328242,0.229605,0.774153
19.9500,-2.043272,0.930767,-0.918291,0.289719,0.323252,0.234463,0.773733
19.9667,-2.041839,0.949783,-0.921232,0.265616,0.318623,0.238319,0.772302
19.9833,-2.023709,0.951141,-0.905414,0.251897,0.319184,0.239217,0.767950
20.0000,-2.002467,0.939512,-0.877532,0.251926,0.322490,0.238235,0.764632
20.0167,-1.995644,0.927301,-0.868938,0.262386,0.326522,0.236135,0.763757
20.0333,-1.996281,0.927869,-0.872292,0.260961,0.326837,0.235812,0.763496
20.0500,-2.003006,0.932454,-0.885982,0.261231,0.326650,0.236137,0.764005
20.0667,-2.014445,0.937845,-0.906502,0.266479,0.326636,0.236778,0.765353
20.0833,-2.020002,0.940110,-0.915939,0.273257,0.326876,0.237734,0.766252
20.1000,-2.025258,0.934175,-0.920620,0.289096,0.328747,0.237149,0.767869
20.1167,-2.031490,0.929279,-0.929735,0.304048,0.330783,0.236469,0.769176
20.1333,-2.037389,0.913280,-0.936896,0.333410,0.335606,0.233671,0.770798
20.1500,-2.036390,0.896840,-0.929062,0.360557,0.339833,0.231877,0.771989
20.1667,-2.028107,0.884108,-0.909180,0.382950,0.343636,0.232367,0.772311
20.1833,-2.010650,0.861936,-0.874441,0.409827,0.349853,0.231501,0.770914
20.2000,-1.987032,0.833311,-0.827063,0.438568,0.357555,0.229883,0.768256
20.2167,-1.969214,0.816579,-0.788728,0.456947,0.362687,0.230683,0.766513
20.2333,-1.961862,0.809165,-0.758946,0.461327,0.362963,0.231622,0.767480
20.2500,-1.963413,0.806055,-0.737820,0.458173,0.359969,0.231640,0.770528
20.2667,-1.965361,0.787256,-0.705908,0.457916,0.357175,0.226407,0.773795
20.2833,-1.966501,0.757009,-0.663997,0.459465,0.354717,0.217851,0.776990
20.3000,-1.965438,0.717308,-0.607893,0.462848,0.352375,0.207727,0.780076
20.3167,-1.968831,0.703426,-0.585114,0.451871,0.348061,0.202688,0.782622
20.3333,-1.965402,0.705375,-0.563869,0.429639,0.342441,0.203560,0.783680
20.3500,-1.959403,0.701334,-0.545618,0.412018,0.339413,0.202447,0.783119
20.3667,-1.948981,0.694890,-0.525439,0.391791,0.337226,0.200777,0.781048
20.3833,-1.934521,0.698057,-0.511492,0.364182,0.334918,0.201822,0.777625
20.4000,-1.917997,0.702186,-0.498401,0.348729,0.335549,0.204927,0.773758
20.4167,-1.898580,0.708130,-0.484761,0.331802,0.336489,0.208949,0.769126
20.4333,-1.880773,0.713789,-0.471354,0.323286,0.338589,0.213749,0.765135
20.4500,-1.865745,0.713965,-0.456976,0.323804,0.341848,0.217394,0.761830
20.4667,-1.854861,0.718364,-0.449236,0.325737,0.344468,0.221574,0.759477
20.4833,-1.847911,0.719752,-0.443079,0.331738,0.347052,0.224468,0.758014
20.5000,-1.839783,0.724178,-0.441309,0.331004,0.348721,0.227170,0.755828
20.5167,-1.835712,0.721538,-0.438509,0.327722,0.349412,0.226475,0.754542
20.5333,-1.838464,0.730523,-0.455821,0.325520,0.349498,0.226938,0.754296
20.5500,-1.843799,0.733971,-0.470945,0.328761,0.349941,0.226002,0.754699
20.5667,-1.849255,0.736160,-0.488048,0.335254,0.351223,0.224743,0.754821
20.5833,-1.853317,0.733598,-0.501369,0.346748,0.353791,0.222944,0.754537
20.6000,-1.856473,0.729380,-0.513261,0.355367,0.356096,0.220392,0.753934
20.6167,-1.859015,0.720861,-0.525625,0.363780,0.358960,0.216031,0.752678
20.6333,-1.861641,0.720437,-0.544219,0.369214,0.361255,0.213778,0.751338
20.6500,-1.863873,0.718120,-0.558385,0.372318,0.362867,0.211089,0.750180
20.6667,-1.866368,0.725502,-0.568971,0.368697,0.362042,0.212017,0.750334
20.6833,-1.867900,0.735965,-0.579075,0.363377,0.360873,0.214165,0.750432
20.7000,-1.868341,0.746833,-0.585852,0.355569,0.359170,0.216661,0.750543
20.7167,-1.867416,0.759470,-0.590305,0.348226,0.357517,0.220371,0.750602
20.7333,-1.869488,0.770972,-0.595665,0.343018,0.355693,0.223503,0.751509
20.7500,-1.872618,0.779598,-0.599061,0.342287,0.354273,0.226244,0.752838
20.7667,-1.874204,0.778639,-0.592848,0.345258,0.353581,0.226922,0.754129
20.7833,-1.877351,0.780026,-0.592594,0.348138,0.353039,0.227671,0.755407
20.8000,-1.878802,0.775792,-0.583422,0.353143,0.352694,0.227691,0.756779
20.8167,-1.884936,0.768166,-0.582747,0.366183,0.353935,0.225962,0.758573
20.8333,-1.885019,0.761174,-0.573894,0.374107,0.354682,0.225340,0.759198
20.8500,-1.880519,0.754009,-0.549574,0.378778,0.354523,0.226644,0.760027
20.8667,-1.876475,0.751435,-0.530304,0.376834,0.353457,0.228286,0.760698
20.8833,-1.872336,0.756369,-0.521260,0.369982,0.351979,0.230998,0.760680
20.9000,-1.868149,0.763646,-0.517656,0.363625,0.350967,0.233988,0.760193
20.9167,-1.867801,0.767380,-0.515098,0.363645,0.350520,0.235914,0.760676
20.9333,-1.869250,0.775346,-0.520883,0.363238,0.349926,0.238215,0.761124
20.9500,-1.875319,0.766967,-0.529614,0.379309,0.353000,0.235331,0.761691
20.9667,-1.880817,0.758521,-0.536548,0.391513,0.355128,0.232132,0.762193
20.9833,-1.889349,0.749590,-0.554258,0.406536,0.358211,0.227406,0.762474
21.0000,-1.893490,0.752142,-0.570018,0.408596,0.358710,0.226340,0.762239
21.0167,-1.892177,0.752981,-0.576583,0.407730,0.359433,0.225835,0.761024
21.0333,-1.891058,0.759715,-0.588677,0.404361,0.359969,0.226757,0.759694
21.0500,-1.891840,0.767343,-0.601186,0.401362,0.360015,0.227896,0.759029
21.0667,-1.894475,0.775863,-0.614617,0.399087,0.359659,0.229263,0.758947
21.0833,-1.899282,0.785600,-0.630410,0.398056,0.359049,0.230884,0.759410
21.1000,-1.901031,0.791069,-0.636791,0.396362,0.358345,0.232019,0.759593
21.1167,-1.903191,0.796534,-0.645349,0.395271,0.358028,0.232967,0.759671
21.1333,-1.904154,0.798241,-0.646269,0.395386,0.357640,0.233508,0.760008
21.1500,-1.913975,0.808074,-0.663489,0.393747,0.355863,0.234550,0.761990
21.1667,-1.916767,0.808216,-0.655779,0.391252,0.353331,0.234822,0.763829
21.1833,-1.916846,0.797415,-0.632151,0.393253,0.351658,0.233297,0.765999
21.2000,-1.917963,0.780155,-0.602134,0.399126,0.350365,0.230430,0.768815
21.2167,-1.923577,0.769361,-0.579112,0.398523,0.346943,0.228181,0.772629
21.2333,-1.940234,0.774153,-0.592361,0.390909,0.341912,0.225916,0.776958
21.2500,-1.942654,0.762334,-0.562270,0.390164,0.337889,0.224501,0.780177
21.2833,-1.972486,0.795078,-0.627242,0.372474,0.331212,0.224858,0.784562
21.3000,-1.970165,0.800430,-0.616514,0.353915,0.325663,0.225835,0.784568
21.3167,-1.955981,0.798577,-0.579224,0.332602,0.321480,0.227915,0.783489
21.3333,-1.933965,0.789648,-0.521417,0.314832,0.318629,0.231447,0.781862
21.3500,-1.916551,0.794489,-0.493410,0.299061,0.317535,0.236671,0.779436
21.3667,-1.904661,0.809013,-0.487882,0.288549,0.317349,0.242772,0.777082
21.3833,-1.898621,0.813537,-0.485251,0.288577,0.318605,0.245433,0.775834
21.4000,-1.895114,0.815624,-0.488612,0.292625,0.320719,0.246639,0.774657
21.4167,-1.900765,0.817989,-0.506826,0.311833,0.324768,0.247284,0.775160
21.4333,-1.908949,0.820037,-0.532162,0.330464,0.328598,0.246658,0.775566
21.4500,-1.916916,0.821981,-0.557936,0.347665,0.332167,0.245903,0.775746
21.4667,-1.924750,0.815242,-0.573563,0.360844,0.334710,0.242401,0.776320
21.4833,-1.931927,0.809246,-0.593060,0.372524,0.337579,0.238580,0.776246
21.5000,-1.938213,0.807864,-0.615187,0.381974,0.340140,0.236152,0.775815
21.5167,-1.943100,0.820570,-0.635722,0.381086,0.339690,0.238465,0.775832
21.5333,-1.938230,0.822874,-0.628821,0.379606,0.339450,0.240438,0.775094
21.5500,-1.936452,0.824929,-0.630952,0.380749,0.340371,0.241391,0.774451
21.5667,-1.930957,0.827859,-0.628426,0.377476,0.340769,0.242892,0.773047
21.5833,-1.924540,0.830861,-0.624217,0.372554,0.341043,0.244441,0.771533
21.6000,-1.918549,0.825221,-0.615358,0.375831,0.342931,0.244185,0.770291
21.6167,-1.917384,0.824069,-0.617292,0.380138,0.344566,0.244257,0.769712
21.6333,-1.919438,0.820226,-0.620452,0.384222,0.345552,0.242720,0.769841
21.6500,-1.915978,0.804763,-0.603124,0.389005,0.346691,0.239361,0.769683
21.6667,-1.915970,0.796785,-0.596003,0.394165,0.347667,0.237685,0.770054
21.6833,-1.912088,0.795780,-0.585695,0.391170,0.347058,0.238448,0.769823
21.7000,-1.903649,0.786728,-0.561342,0.384708,0.346370,0.237551,0.769041
21.7167,-1.894766,0.766946,-0.530377,0.379880,0.346614,0.233510,0.768071
21.7333,-1.889249,0.760189,-0.523533,0.370653,0.346741,0.230838,0.766425
21.7500,-1.890052,0.760062,-0.532288,0.368475,0.347401,0.229206,0.765703
21.7667,-1.888143,0.761712,-0.539558,0.365078,0.347988,0.228584,0.764289
21.7833,-1.880351,0.761338,-0.532786,0.357686,0.348074,0.228995,0.762295
21.8000,-1.875876,0.769566,-0.533881,0.347619,0.347090,0.231207,0.761191
21.8167,-1.873818,0.780953,-0.537960,0.339098,0.345625,0.234279,0.760783
21.8333,-1.875249,0.789199,-0.544961,0.339892,0.345449,0.236690,0.761087
21.8500,-1.880827,0.797893,-0.561620,0.341778,0.345384,0.237820,0.761675
21.8667,-1.892544,0.806562,-0.589256,0.351531,0.346263,0.238241,0.763111
21.8833,-1.901517,0.814846,-0.612346,0.355707,0.346172,0.238628,0.763959
21.9000,-1.918681,0.829483,-0.654373,0.360172,0.345838,0.238903,0.765676
21.9167,-1.940854,0.844850,-0.709575,0.365603,0.345754,0.238151,0.767290
21.9333,-1.952499,0.857668,-0.747980,0.367528,0.345904,0.238919,0.767009
21.9500,-1.956732,0.861559,-0.766923,0.373785,0.347438,0.239390,0.766305
21.9667,-1.949223,0.863965,-0.754636,0.371248,0.346976,0.241842,0.765409
21.9833,-1.939213,0.861381,-0.729033,0.367512,0.346159,0.243555,0.765132
22.0000,-1.930952,0.857113,-0.702734,0.364307,0.345156,0.244685,0.765432
22.0167,-1.929335,0.866137,-0.693933,0.356785,0.342510,0.248327,0.766494
22.0333,-1.928579,0.882611,-0.693934,0.346068,0.339181,0.253503,0.767038
22.0500,-1.922588,0.894519,-0.684782,0.336575,0.336606,0.258349,0.766686
22.0667,-1.913143,0.888230,-0.664966,0.339990,0.337866,0.259288,0.765775
22.0833,-1.905894,0.880762,-0.648780,0.339333,0.338727,0.258547,0.764946
22.1000,-1.901236,0.870357,-0.635653,0.336464,0.339264,0.255718,0.764316
22.1167,-1.895877,0.865167,-0.626841,0.328829,0.339074,0.253870,0.763119
22.1333,-1.891999,0.869186,-0.627540,0.318120,0.338190,0.254062,0.761778
22.1500,-1.887307,0.859989,-0.620236,0.318378,0.339707,0.251633,0.760526
22.1667,-1.880606,0.843940,-0.607685,0.322209,0.342462,0.247810,0.758844
22.1833,-1.872527,0.827097,-0.595359,0.323063,0.345259,0.243328,0.756497
22.2000,-1.863530,0.814795,-0.587427,0.321115,0.347900,0.239838,0.753523
22.2167,-1.855790,0.805987,-0.583657,0.315535,0.349730,0.236604,0.750620
22.2333,-1.854383,0.815862,-0.596277,0.302763,0.348763,0.237236,0.749072
22.2500,-1.849030,0.825996,-0.596543,0.288600,0.346710,0.239630,0.747670
22.2667,-1.844866,0.825861,-0.591634,0.288548,0.347321,0.240552,0.746899
22.2833,-1.843437,0.818407,-0.587518,0.299903,0.350040,0.239910,0.746629
22.3000,-1.844138,0.804399,-0.583735,0.314723,0.353449,0.236880,0.746545
22.3167,-1.848260,0.801517,-0.590198,0.324616,0.355187,0.235994,0.747083
22.3333,-1.851696,0.808416,-0.600568,0.326733,0.355105,0.237518,0.747505
22.3500,-1.855748,0.820045,-0.614198,0.324812,0.354117,0.239933,0.748001
22.3667,-1.861144,0.835270,-0.631790,0.321060,0.352586,0.242974,0.748639
22.3833,-1.868437,0.853497,-0.654269,0.316627,0.350736,0.246457,0.749417
22.4000,-1.874995,0.866092,-0.677194,0.316416,0.350402,0.248424,0.749481
22.4167,-1.883921,0.879342,-0.701765,0.316880,0.349769,0.250497,0.750143
22.4333,-1.882976,0.878922,-0.707920,0.321776,0.351314,0.250565,0.749028
22.4500,-1.888592,0.882764,-0.724255,0.326749,0.352472,0.250804,0.749139
22.4667,-1.892396,0.889322,-0.740435,0.330307,0.353294,0.252173,0.748747
22.4833,-1.887517,0.880807,-0.729964,0.335538,0.354717,0.250971,0.748012
22.5000,-1.884562,0.863956,-0.718897,0.345350,0.357574,0.246968,0.747558
22.5167,-1.884811,0.857749,-0.715282,0.351389,0.358774,0.245724,0.747847
22.5333,-1.887100,0.852020,-0.711956,0.354059,0.358794,0.243892,0.748739
22.5500,-1.887448,0.841144,-0.694101,0.354529,0.357531,0.241248,0.750461
22.5667,-1.887472,0.820448,-0.664329,0.357053,0.356255,0.236257,0.752911
22.5833,-1.882483,0.811442,-0.636908,0.350645,0.353964,0.235146,0.753946
22.6000,-1.877225,0.814114,-0.615241,0.338573,0.350494,0.237489,0.754916
22.6167,-1.870319,0.805312,-0.587095,0.333352,0.348973,0.237209,0.755352
22.6333,-1.862731,0.790275,-0.558321,0.333125,0.349174,0.235446,0.755187
22.6500,-1.861356,0.785412,-0.556891,0.335317,0.350563,0.234121,0.754603
22.6667,-1.862607,0.796942,-0.569393,0.326328,0.349090,0.235764,0.754257
22.6833,-1.864049,0.797373,-0.566953,0.314127,0.346170,0.234318,0.754837
22.7000,-1.864714,0.798319,-0.566317,0.303315,0.343885,0.233154,0.754982
22.7167,-1.861693,0.799630,-0.560603,0.289977,0.341460,0.232780,0.754467
22.7333,-1.855016,0.799845,-0.549283,0.277193,0.339607,0.233147,0.753361
22.7500,-1.850752,0.793491,-0.534953,0.269334,0.338396,0.231851,0.753056
22.7667,-1.853900,0.792764,-0.542007,0.274725,0.339677,0.231090,0.753344
22.7833,-1.859190,0.789155,-0.548108,0.281049,0.340417,0.229239,0.754215
22.8000,-1.864041,0.790564,-0.557855,0.286126,0.340938,0.228772,0.754841
22.8167,-1.868779,0.794030,-0.565220,0.289049,0.340609,0.229168,0.755822
22.8333,-1.871020,0.793330,-0.563339,0.292576,0.340285,0.229434,0.756808
22.8500,-1.871316,0.798157,-0.566023,0.295325,0.340481,0.231394,0.757004
22.8667,-1.873119,0.801895,-0.569736,0.297648,0.340492,0.232583,0.757485
22.8833,-1.875035,0.801467,-0.569929,0.299331,0.340274,0.232455,0.758098
22.9000,-1.875648,0.794912,-0.563674,0.301997,0.340369,0.230964,0.758628
22.9167,-1.874323,0.783721,-0.554214,0.306839,0.341479,0.228520,0.758596
22.9333,-1.869739,0.769268,-0.540721,0.313063,0.343604,0.225793,0.757710
22.9500,-1.867075,0.763948,-0.533332,0.314056,0.344285,0.225042,0.757331
22.9667,-1.864401,0.751113,-0.521295,0.316122,0.345229,0.222048,0.756898
22.9833,-1.863660,0.733986,-0.509698,0.318805,0.346205,0.217185,0.756701
23.0000,-1.864524,0.712974,-0.496496,0.322634,0.346996,0.210993,0.756880
23.0167,-1.865225,0.692716,-0.476676,0.322352,0.346155,0.205615,0.757712
23.0333,-1.866186,0.687430,-0.463706,0.314505,0.343398,0.204416,0.758970
23.0500,-1.867115,0.679529,-0.453357,0.312606,0.342250,0.202524,0.759758
23.0667,-1.864422,0.677322,-0.443650,0.311868,0.341973,0.203315,0.759747
23.0833,-1.865809,0.677317,-0.447433,0.311749,0.342085,0.202590,0.759809
23.1000,-1.866136,0.677272,-0.445733,0.310814,0.341578,0.202696,0.760080
23.1167,-1.864681,0.686379,-0.443943,0.307438,0.340430,0.206374,0.760507
23.1333,-1.860753,0.690067,-0.434803,0.304553,0.339725,0.209294,0.760474
23.1500,-1.858552,0.697624,-0.428937,0.301148,0.338564,0.213034,0.760971
23.1667,-1.854810,0.700112,-0.412757,0.298029,0.337090,0.216556,0.761630
23.1833,-1.850169,0.690781,-0.384753,0.306108,0.337907,0.218761,0.762376
23.2000,-1.849526,0.688122,-0.371440,0.315771,0.339033,0.221107,0.763413
23.2167,-1.855399,0.691498,-0.382944,0.328924,0.340942,0.221623,0.764601
23.2333,-1.860203,0.699903,-0.402153,0.336141,0.342053,0.222353,0.764958
23.2500,-1.863841,0.712001,-0.419453,0.335978,0.341550,0.224148,0.765317
23.2667,-1.864482,0.719030,-0.426492,0.334125,0.340961,0.225583,0.765304
23.2833,-1.862404,0.717520,-0.416073,0.331444,0.339966,0.226434,0.765536
23.3000,-1.859792,0.710267,-0.403138,0.328956,0.339580,0.225487,0.765420
23.3167,-1.856533,0.702231,-0.391221,0.327039,0.339704,0.224234,0.764916
23.3333,-1.853724,0.697159,-0.384807,0.324215,0.339864,0.223158,0.764228
23.3500,-1.854780,0.691855,-0.380994,0.324718,0.339876,0.221625,0.764560
23.3667,-1.857234,0.681270,-0.367412,0.325714,0.338912,0.219520,0.765878
23.3833,-1.859150,0.671309,-0.355869,0.325541,0.338005,0.217281,0.766836
23.4000,-1.861064,0.661593,-0.336958,0.326177,0.336515,0.216505,0.768486
23.4167,-1.863732,0.653285,-0.316147,0.326333,0.334459,0.216568,0.770611
23.4333,-1.871797,0.673065,-0.327096,0.318724,0.329876,0.221056,0.773734
23.4500,-1.877964,0.694787,-0.343052,0.318537,0.327332,0.226418,0.775864
23.4667,-1.884395,0.714303,-0.371718,0.316850,0.326084,0.228652,0.776655
23.4833,-1.887677,0.719466,-0.387695,0.315755,0.325918,0.227666,0.776497
23.5000,-1.892668,0.716854,-0.396435,0.321205,0.326635,0.225437,0.777122
23.5167,-1.893428,0.710464,-0.398570,0.324292,0.327683,0.222840,0.776705
23.5333,-1.898827,0.711080,-0.422999,0.330826,0.330045,0.219541,0.776182
23.5500,-1.901775,0.719095,-0.456306,0.331974,0.332236,0.217504,0.774297
23.5667,-1.896019,0.718432,-0.466749,0.328001,0.334213,0.215616,0.771131
23.5833,-1.885225,0.712915,-0.461478,0.323900,0.336542,0.214588,0.767663
23.6000,-1.872338,0.706588,-0.447729,0.321076,0.338990,0.214913,0.764394
23.6167,-1.862515,0.710942,-0.448947,0.318674,0.341473,0.217060,0.761378
23.6333,-1.857595,0.716627,-0.456095,0.317968,0.343316,0.218601,0.759433
23.6500,-1.857827,0.723502,-0.468636,0.318481,0.344305,0.219513,0.758687
23.6667,-1.862828,0.740389,-0.497694,0.319896,0.345001,0.221787,0.758427
23.6833,-1.866909,0.751028,-0.513434,0.315543,0.343741,0.222858,0.758701
23.7000,-1.862344,0.742315,-0.497908,0.312966,0.343287,0.221608,0.758207
23.7167,-1.860237,0.727498,-0.478012,0.317562,0.343933,0.219348,0.758693
23.7333,-1.874992,0.726313,-0.502437,0.330502,0.345357,0.215676,0.760993
23.7500,-1.882695,0.718320,-0.504587,0.341392,0.345625,0.212814,0.762775
23.7667,-1.902534,0.717189,-0.541715,0.363307,0.348226,0.208209,0.765399
23.7833,-1.926904,0.715242,-0.595013,0.392958,0.352267,0.202048,0.767573
23.8000,-1.942360,0.718425,-0.635350,0.415529,0.355383,0.200077,0.768462
23.8167,-1.945217,0.724818,-0.647666,0.424891,0.356568,0.202442,0.768512
23.8333,-1.941557,0.730485,-0.640429,0.427616,0.356679,0.206516,0.768627
23.8500,-1.939662,0.741062,-0.644208,0.425403,0.356576,0.210508,0.768381
23.8667,-1.930094,0.747906,-0.630955,0.415750,0.355522,0.214506,0.767086
23.8833,-1.923253,0.763139,-0.633289,0.404625,0.354831,0.219737,0.765543
23.9000,-1.913276,0.768976,-0.614588,0.388593,0.352266,0.223001,0.764620
23.9167,-1.904214,0.773128,-0.599558,0.374905,0.350546,0.225424,0.763503
23.9333,-1.894737,0.770382,-0.574450,0.361385,0.348308,0.226366,0.762913
23.9500,-1.886231,0.768202,-0.554253,0.346964,0.346203,0.226832,0.762089
23.9667,-1.878305,0.767280,-0.539242,0.332946,0.344452,0.227218,0.760932
23.9833,-1.872430,0.769446,-0.535037,0.316037,0.342592,0.226841,0.759360
24.0000,-1.864634,0.767391,-0.531569,0.302973,0.342317,0.225373,0.756769
24.0167,-1.860687,0.760687,-0.527918,0.299477,0.343196,0.223052,0.755320
24.0333,-1.859471,0.753557,-0.519640,0.309168,0.345090,0.222769,0.755536
24.0500,-1.858286,0.749395,-0.516140,0.318693,0.347172,0.222990,0.755387
24.0667,-1.856235,0.746534,-0.512299,0.321472,0.348086,0.222941,0.754963
24.0833,-1.859380,0.755325,-0.533312,0.329446,0.350448,0.224396,0.754369
24.1000,-1.864689,0.763672,-0.553310,0.342738,0.352869,0.226470,0.754604
24.1167,-1.879170,0.766716,-0.582110,0.366276,0.356107,0.226008,0.756622
24.1333,-1.891144,0.764568,-0.606588,0.384859,0.358707,0.223628,0.757761
24.1500,-1.894371,0.754468,-0.607750,0.395444,0.360260,0.220461,0.757977
24.1667,-1.906154,0.742645,-0.623226,0.413021,0.362834,0.215002,0.759420
24.1833,-1.896058,0.727292,-0.589257,0.415404,0.362942,0.213961,0.758670
24.2000,-1.888382,0.713924,-0.554580,0.417135,0.362987,0.213761,0.759061
24.2167,-1.888296,0.707288,-0.531994,0.413072,0.360683,0.213448,0.761163
24.2333,-1.893632,0.703944,-0.516365,0.407559,0.356819,0.212958,0.764544
24.2500,-1.899253,0.702543,-0.496766,0.399888,0.351648,0.213610,0.768516
24.2667,-1.903634,0.701189,-0.474036,0.390499,0.346124,0.214734,0.772293
24.2833,-1.903679,0.707241,-0.457278,0.378768,0.341416,0.218254,0.774458
24.3000,-1.901979,0.717140,-0.460690,0.369877,0.339740,0.220863,0.774236
24.3167,-1.901148,0.720373,-0.468199,0.362627,0.339225,0.220201,0.773344
24.3333,-1.896266,0.726078,-0.472528,0.351788,0.338569,0.220911,0.771557
24.3500,-1.891449,0.724399,-0.475052,0.345900,0.339435,0.219495,0.769491
24.3667,-1.886691,0.728058,-0.484360,0.342654,0.341064,0.219611,0.767148
24.3833,-1.882805,0.733267,-0.494411,0.341012,0.342674,0.220392,0.765130
24.4000,-1.875381,0.737362,-0.497788,0.335598,0.343850,0.221506,0.762508
24.4167,-1.867482,0.743910,-0.500171,0.327640,0.344460,0.223461,0.760008
24.4333,-1.860836,0.748927,-0.500188,0.319665,0.344588,0.225003,0.758076
24.4500,-1.856160,0.745206,-0.492168,0.315413,0.344697,0.224499,0.757094
24.4667,-1.854770,0.746722,-0.491356,0.312181,0.344414,0.224926,0.756817
24.4833,-1.859116,0.744778,-0.492164,0.310995,0.343356,0.223476,0.758018
24.5000,-1.864360,0.743770,-0.494150,0.311504,0.342210,0.222382,0.759457
24.5167,-1.869825,0.744012,-0.498200,0.312919,0.341258,0.221595,0.760839
24.5333,-1.872363,0.737623,-0.486780,0.316122,0.340200,0.220877,0.762510
24.5500,-1.874730,0.734867,-0.479419,0.319274,0.339464,0.221067,0.763959
24.5667,-1.876229,0.719627,-0.458187,0.324896,0.338978,0.218686,0.765677
24.5833,-1.880152,0.695632,-0.434939,0.333379,0.339011,0.213274,0.767685
24.6000,-1.882035,0.665293,-0.403157,0.341089,0.339036,0.206770,0.769225
24.6167,-1.884088,0.654088,-0.409674,0.343209,0.340418,0.201249,0.768350
24.6333,-1.881996,0.639779,-0.399343,0.344014,0.341098,0.197356,0.767492
24.6500,-1.881736,0.621948,-0.380475,0.346518,0.341186,0.193491,0.767826
24.6667,-1.886141,0.606972,-0.380972,0.356957,0.343110,0.187997,0.768020
24.6833,-1.887137,0.594496,-0.376377,0.360278,0.343685,0.183891,0.767696
24.7000,-1.885162,0.585416,-0.368409,0.357566,0.343495,0.181408,0.766997
24.7167,-1.878726,0.578946,-0.360063,0.357121,0.344985,0.180711,0.765088
24.7333,-1.871131,0.578137,-0.358358,0.355567,0.346980,0.181206,0.762646
24.7500,-1.868562,0.582510,-0.362088,0.350235,0.346955,0.182063,0.761825
24.7667,-1.865832,0.590997,-0.363389,0.339594,0.345249,0.184490,0.761519
24.7833,-1.862027,0.607448,-0.369625,0.324860,0.342967,0.188953,0.761010
24.8000,-1.857359,0.625300,-0.377224,0.310272,0.340983,0.193752,0.760127
24.8167,-1.850852,0.643125,-0.382772,0.296516,0.339464,0.199048,0.758790
24.8333,-1.839347,0.661193,-0.385081,0.283367,0.339091,0.205398,0.756126
24.8500,-1.828444,0.674809,-0.384754,0.272627,0.339184,0.210562,0.753587
24.8667,-1.819397,0.681366,-0.384636,0.274513,0.341794,0.214157,0.751195
24.8833,-1.809028,0.688813,-0.382315,0.275764,0.344199,0.218516,0.748631
24.9000,-1.805511,0.687306,-0.385616,0.287840,0.348327,0.219107,0.747082
24.9167,-1.806737,0.690353,-0.401225,0.297607,0.351392,0.218818,0.746125
24.9333,-1.811174,0.686181,-0.410468,0.304335,0.352792,0.216062,0.746292
24.9500,-1.817757,0.680169,-0.416707,0.309549,0.353061,0.212678,0.747354
24.9667,-1.826816,0.671997,-0.423801,0.317784,0.353421,0.208415,0.748992
24.9833,-1.836500,0.658365,-0.427169,0.330314,0.354335,0.202952,0.750788
25.0000,-1.844276,0.651096,-0.433369,0.337079,0.354367,0.199088,0.752135
25.0167,-1.848358,0.639462,-0.432277,0.343918,0.355005,0.194916,0.752622
25.0333,-1.850626,0.626269,-0.426946,0.350606,0.355907,0.190902,0.752809
25.0500,-1.852354,0.610962,-0.417935,0.357942,0.356914,0.186704,0.753001
25.0667,-1.856270,0.596303,-0.407651,0.367434,0.357611,0.182983,0.754116
25.0833,-1.859995,0.588759,-0.404874,0.371068,0.357367,0.180360,0.754993
25.1000,-1.867499,0.584966,-0.403721,0.374904,0.356028,0.178682,0.757355
25.1167,-1.875823,0.585580,-0.404746,0.375325,0.353571,0.178050,0.760160
25.1333,-1.882429,0.586125,-0.405330,0.371689,0.350688,0.177201,0.762382
25.1500,-1.887403,0.587801,-0.405803,0.364945,0.347619,0.176671,0.764133
25.1667,-1.890497,0.601947,-0.421215,0.351347,0.344467,0.178303,0.764723
25.1833,-1.892654,0.611867,-0.432750,0.339869,0.341945,0.179093,0.764947
25.2000,-1.894722,0.636848,-0.456725,0.323824,0.339012,0.183552,0.764969
25.2167,-1.890419,0.651807,-0.461019,0.309617,0.336851,0.187729,0.764083
25.2333,-1.880597,0.663457,-0.456588,0.298605,0.336394,0.192738,0.762151
25.2500,-1.868000,0.669111,-0.444970,0.289527,0.336868,0.196909,0.759660
25.2667,-1.855532,0.669363,-0.430153,0.283666,0.338037,0.199807,0.757176
25.2833,-1.844355,0.666879,-0.414825,0.280832,0.339575,0.201973,0.754973
25.3000,-1.841398,0.668539,-0.420851,0.284116,0.341954,0.202297,0.753567
25.3167,-1.843867,0.676978,-0.443965,0.294028,0.345125,0.202887,0.752662
25.3333,-1.845683,0.688568,-0.472297,0.303674,0.348534,0.204119,0.751104
25.3500,-1.854751,0.703668,-0.514341,0.306345,0.349981,0.203445,0.750475
25.3667,-1.860022,0.697296,-0.523350,0.308705,0.350060,0.199328,0.750585
25.3833,-1.861344,0.683959,-0.512623,0.311377,0.349738,0.195668,0.751196
25.4000,-1.863554,0.672872,-0.503102,0.316204,0.349743,0.192957,0.752205
25.4167,-1.860726,0.668573,-0.489931,0.314325,0.348974,0.193222,0.752411
25.4333,-1.854728,0.662418,-0.472053,0.311733,0.348754,0.193694,0.751925
25.4500,-1.847538,0.660182,-0.453573,0.305542,0.347978,0.195603,0.751396
25.4667,-1.846471,0.659620,-0.448320,0.305667,0.348082,0.196325,0.751632
25.4833,-1.848859,0.659533,-0.450039,0.310179,0.348554,0.196329,0.752300
25.5000,-1.852833,0.659783,-0.453503,0.316179,0.348904,0.196224,0.753335
25.5167,-1.855457,0.660357,-0.457787,0.319079,0.349014,0.195889,0.753803
25.5333,-1.857187,0.662671,-0.460394,0.321808,0.349088,0.196586,0.754314
25.5500,-1.860187,0.663128,-0.461930,0.325234,0.348999,0.196664,0.755230
25.5667,-1.867041,0.664424,-0.471164,0.330333,0.348874,0.195756,0.756665
25.5833,-1.875371,0.666325,-0.484303,0.334365,0.348345,0.194259,0.758164
25.6000,-1.884851,0.667015,-0.499730,0.338324,0.347740,0.191841,0.759655
25.6167,-1.889916,0.669046,-0.514966,0.337413,0.347282,0.189851,0.759680
25.6333,-1.885510,0.674195,-0.512884,0.322923,0.344974,0.190898,0.758595
25.6500,-1.879726,0.674344,-0.500316,0.311086,0.343090,0.191913,0.757957
25.6667,-1.875316,0.673966,-0.489488,0.305411,0.342299,0.193114,0.757656
25.6833,-1.867925,0.671781,-0.475731,0.302789,0.342677,0.194687,0.756582
25.7000,-1.863856,0.673151,-0.473833,0.304792,0.344178,0.196141,0.755634
25.7167,-1.861431,0.669363,-0.472423,0.310915,0.346283,0.195766,0.754763
25.7333,-1.862625,0.665764,-0.476708,0.320234,0.348544,0.194645,0.754492
25.7500,-1.861065,0.664869,-0.479194,0.324754,0.350115,0.194581,0.753638
25.7667,-1.857982,0.666985,-0.480182,0.323350,0.350692,0.195405,0.752641
25.7833,-1.850207,0.673870,-0.471886,0.311680,0.349301,0.198774,0.751435
25.8000,-1.843158,0.675375,-0.457180,0.301749,0.347902,0.201105,0.750793
25.8167,-1.832713,0.666841,-0.434214,0.298843,0.348626,0.201906,0.749140
25.8333,-1.818458,0.651125,-0.404566,0.301000,0.351390,0.201964,0.746292
25.8500,-1.804699,0.630539,-0.373844,0.306274,0.355129,0.200705,0.743162
25.8667,-1.793609,0.610751,-0.349756,0.311847,0.358861,0.198539,0.740129
25.8833,-1.785277,0.589614,-0.325070,0.316132,0.361603,0.195610,0.737847
25.9000,-1.780845,0.572788,-0.309700,0.320438,0.363785,0.192451,0.736268
25.9167,-1.779368,0.563900,-0.304137,0.324030,0.365198,0.190375,0.735441
25.9333,-1.780095,0.557487,-0.301539,0.326479,0.365758,0.188431,0.735323
25.9500,-1.780701,0.554756,-0.299847,0.327276,0.365777,0.187656,0.735436
25.9667,-1.780420,0.554887,-0.299471,0.325888,0.365507,0.187677,0.735407
25.9833,-1.779208,0.556661,-0.295207,0.320915,0.364370,0.188812,0.735638
26.0000,-1.777035,0.563978,-0.290694,0.317027,0.363396,0.192398,0.736062
26.0167,-1.776837,0.568149,-0.284325,0.319479,0.363295,0.195458,0.736976
26.0333,-1.775788,0.579925,-0.278708,0.311902,0.360792,0.200549,0.738334
26.0500,-1.776693,0.577678,-0.270105,0.310395,0.359771,0.201001,0.739282
26.0667,-1.778087,0.581476,-0.267572,0.300646,0.356907,0.201937,0.740455
26.0833,-1.779314,0.591227,-0.270301,0.289501,0.353750,0.204115,0.741583
26.1000,-1.778828,0.602478,-0.272998,0.278291,0.350886,0.206992,0.742210
26.1167,-1.783147,0.615728,-0.288877,0.271327,0.348703,0.208186,0.743335
26.1333,-1.787829,0.617594,-0.297308,0.271779,0.347994,0.206997,0.744247
26.1500,-1.791442,0.613222,-0.300138,0.275415,0.348196,0.204813,0.744801
26.1667,-1.795798,0.615304,-0.312116,0.278368,0.348444,0.203383,0.745273
26.1833,-1.799234,0.624136,-0.331639,0.279368,0.348688,0.203175,0.745233
26.2000,-1.799966,0.615200,-0.334580,0.288282,0.351049,0.199970,0.744388
26.2167,-1.796940,0.606444,-0.330409,0.292938,0.352989,0.197989,0.742995
26.2333,-1.794430,0.594552,-0.325966,0.300345,0.355682,0.195031,0.741502
26.2500,-1.796156,0.580821,-0.329410,0.314391,0.359365,0.190172,0.740420
26.2667,-1.803241,0.561726,-0.336733,0.336491,0.363664,0.182662,0.740161
26.2833,-1.812749,0.547591,-0.343808,0.358726,0.366743,0.176880,0.741162
26.3000,-1.818679,0.550624,-0.356642,0.366599,0.367286,0.176113,0.742102
26.3167,-1.823476,0.563550,-0.374790,0.365759,0.366409,0.177827,0.743126
26.3333,-1.823352,0.569218,-0.377313,0.360553,0.365089,0.179215,0.743382
26.3500,-1.819724,0.573651,-0.373810,0.354335,0.364271,0.181338,0.742952
26.3667,-1.815484,0.573192,-0.368045,0.351675,0.364537,0.182257,0.742059
26.3833,-1.812435,0.567318,-0.360466,0.352350,0.365333,0.181498,0.741230
26.4000,-1.810420,0.556840,-0.350982,0.355989,0.366516,0.179381,0.740476
26.4167,-1.810170,0.542060,-0.338812,0.363667,0.368043,0.176176,0.740127
26.4333,-1.816016,0.535253,-0.339967,0.375094,0.369298,0.173692,0.741268
26.4500,-1.819664,0.524708,-0.334821,0.384748,0.370205,0.170757,0.741884
26.4667,-1.820906,0.519270,-0.328013,0.385384,0.369636,0.169624,0.742464
26.4833,-1.823080,0.522437,-0.335368,0.384448,0.369222,0.169377,0.742831
26.5000,-1.819332,0.529709,-0.335983,0.376846,0.368291,0.171943,0.742261
26.5167,-1.816605,0.538786,-0.337473,0.368220,0.367064,0.174890,0.742169
26.5333,-1.815529,0.551066,-0.343177,0.359262,0.365438,0.178207,0.742520
26.5500,-1.813872,0.560231,-0.345108,0.353960,0.364497,0.181271,0.742677
26.5667,-1.808764,0.564308,-0.340879,0.349305,0.364393,0.183696,0.741751
26.5833,-1.803359,0.573174,-0.338146,0.340100,0.363400,0.187389,0.741078
26.6000,-1.797263,0.580109,-0.331728,0.326677,0.361500,0.190565,0.740385
26.6167,-1.787248,0.576990,-0.309726,0.310260,0.359339,0.192552,0.738981
26.6333,-1.786473,0.581803,-0.308047,0.301321,0.357658,0.194004,0.739422
26.6500,-1.791444,0.602544,-0.329964,0.294890,0.355582,0.197251,0.740838
26.6667,-1.789774,0.605297,-0.329478,0.292201,0.355004,0.198287,0.740544
26.6833,-1.788506,0.606247,-0.333019,0.291251,0.355442,0.198064,0.739832
26.7000,-1.787664,0.614199,-0.344518,0.287611,0.355430,0.198906,0.739063
26.7167,-1.788764,0.613557,-0.354983,0.293090,0.357237,0.197296,0.738257
26.7333,-1.789339,0.610019,-0.361366,0.297367,0.358689,0.195178,0.737428
26.7500,-1.790542,0.607029,-0.367260,0.302997,0.360195,0.193447,0.736910
26.7667,-1.791826,0.605793,-0.373095,0.308252,0.361464,0.192384,0.736581
26.7833,-1.790431,0.597667,-0.372641,0.317753,0.364135,0.190313,0.735327
26.8000,-1.797060,0.588239,-0.375455,0.334668,0.366698,0.187149,0.736355
26.8167,-1.799789,0.582181,-0.372702,0.342917,0.367539,0.185736,0.736963
26.8333,-1.798319,0.571221,-0.365270,0.350970,0.369450,0.183479,0.736097
26.8500,-1.793758,0.570097,-0.359868,0.351668,0.370467,0.184450,0.734933
26.8667,-1.787217,0.566129,-0.352213,0.353937,0.372383,0.184992,0.732990
26.8833,-1.781753,0.568739,-0.349126,0.353543,0.373557,0.187080,0.731619
26.9000,-1.777714,0.562604,-0.340770,0.355659,0.374892,0.186608,0.730416
26.9167,-1.774258,0.555110,-0.333216,0.360466,0.376735,0.185661,0.729135
26.9333,-1.772124,0.545474,-0.326155,0.366870,0.378703,0.183768,0.728008
26.9500,-1.773541,0.535543,-0.324228,0.375095,0.380484,0.180668,0.727549
26.9667,-1.776810,0.527080,-0.326660,0.383773,0.381965,0.177246,0.727429
26.9833,-1.778851,0.516797,-0.321156,0.388968,0.382470,0.174215,0.727565
27.0000,-1.782351,0.500606,-0.308134,0.390976,0.381732,0.169603,0.728477
27.0167,-1.787426,0.485384,-0.293049,0.394424,0.380680,0.165748,0.730197
27.0333,-1.790106,0.488855,-0.283415,0.383827,0.376917,0.167777,0.732783
27.0500,-1.791076,0.501031,-0.277582,0.367049,0.372219,0.172369,0.735351
27.0667,-1.790711,0.517975,-0.274693,0.349678,0.367685,0.178393,0.737539
27.0833,-1.790109,0.536837,-0.275282,0.331815,0.363180,0.184439,0.739391
27.1000,-1.788389,0.536501,-0.268350,0.325674,0.361877,0.185205,0.739501
27.1167,-1.787408,0.522686,-0.256821,0.329330,0.362916,0.182199,0.738874
27.1333,-1.785081,0.504547,-0.243008,0.332417,0.364232,0.177968,0.737537
27.1500,-1.780131,0.486094,-0.229776,0.333551,0.365898,0.173612,0.735177
27.1667,-1.778494,0.491966,-0.239214,0.324398,0.364886,0.173670,0.734506
27.1833,-1.779458,0.511823,-0.260720,0.313385,0.362803,0.176618,0.734939
27.2000,-1.775510,0.526783,-0.277272,0.303909,0.362137,0.179081,0.733501
27.2167,-1.769742,0.535756,-0.287582,0.298057,0.362757,0.180778,0.731375
27.2333,-1.764829,0.538235,-0.292031,0.297795,0.364316,0.181375,0.729436
27.2500,-1.764189,0.527880,-0.291283,0.308975,0.367428,0.178416,0.728131
27.2667,-1.762684,0.520857,-0.290764,0.319938,0.370423,0.176783,0.726780
27.2833,-1.760431,0.510679,-0.287936,0.332653,0.373968,0.174500,0.724998
27.3000,-1.755901,0.508623,-0.283692,0.338453,0.376217,0.175370,0.723449
27.3167,-1.753209,0.522306,-0.287170,0.335976,0.376161,0.180315,0.723547
27.3333,-1.758626,0.551130,-0.318826,0.339045,0.376357,0.186062,0.725045
27.3500,-1.763228,0.569430,-0.342532,0.342058,0.376373,0.189169,0.725916
27.3667,-1.764963,0.577508,-0.354396,0.345331,0.376867,0.190563,0.725976
27.3833,-1.770843,0.597717,-0.381241,0.348482,0.376972,0.194043,0.727057
27.4000,-1.776419,0.622784,-0.409240,0.347491,0.375977,0.199036,0.728310
27.4167,-1.780530,0.649077,-0.432062,0.342592,0.374046,0.205154,0.729662
27.4333,-1.781381,0.661406,-0.438707,0.338514,0.372587,0.208543,0.730347
27.4500,-1.783466,0.669359,-0.440152,0.333224,0.370550,0.210695,0.731688
27.4667,-1.787621,0.679414,-0.442053,0.324751,0.367223,0.213028,0.733895
27.4833,-1.793360,0.687486,-0.442585,0.315902,0.363352,0.214557,0.736592
27.5000,-1.794073,0.676048,-0.423714,0.312837,0.361376,0.212467,0.738003
27.5167,-1.793802,0.675029,-0.404736,0.303934,0.357900,0.214066,0.739975
27.5333,-1.791378,0.677896,-0.386539,0.291419,0.354042,0.216927,0.741388
27.5500,-1.788457,0.674430,-0.365879,0.282709,0.351407,0.218260,0.742309
27.5667,-1.787860,0.670930,-0.346465,0.272844,0.348109,0.219129,0.743829
27.5833,-1.790378,0.667681,-0.334644,0.267433,0.345554,0.219089,0.745602
27.6000,-1.794935,0.651602,-0.324887,0.271919,0.345641,0.214639,0.746786
27.6167,-1.794313,0.632202,-0.314872,0.279279,0.347798,0.209687,0.745939
27.6333,-1.790231,0.615251,-0.309674,0.287417,0.351402,0.205187,0.743601
27.6500,-1.787807,0.609239,-0.313269,0.294879,0.354474,0.203161,0.741872
27.6667,-1.787675,0.591587,-0.315412,0.312692,0.359646,0.197565,0.739913
27.6833,-1.788913,0.564780,-0.318608,0.342233,0.367333,0.188986,0.737190
27.7000,-1.789490,0.551877,-0.329479,0.364153,0.373190,0.183881,0.734672
27.7167,-1.790940,0.537153,-0.342370,0.389841,0.379714,0.177913,0.731849
27.7333,-1.792571,0.535211,-0.360643,0.406158,0.383942,0.175445,0.729908
27.7500,-1.793946,0.538252,-0.376442,0.416303,0.386548,0.174977,0.728747
27.7667,-1.794258,0.539569,-0.382591,0.421041,0.387723,0.174969,0.728188
27.7833,-1.802928,0.556643,-0.415745,0.424820,0.387988,0.176414,0.729410
27.8000,-1.808381,0.572260,-0.437414,0.423135,0.386873,0.178908,0.730575
27.8167,-1.806005,0.594750,-0.450731,0.412457,0.385122,0.185408,0.730585
27.8333,-1.803160,0.625157,-0.472468,0.403353,0.384305,0.194176,0.730101
27.8500,-1.800797,0.661117,-0.498836,0.394156,0.383305,0.204532,0.729607
27.8667,-1.798718,0.695409,-0.521956,0.384367,0.381757,0.214538,0.729274
27.8833,-1.795161,0.725496,-0.535113,0.371601,0.379189,0.223839,0.729127
27.9000,-1.789837,0.744574,-0.535508,0.360726,0.376927,0.230642,0.728875
27.9167,-1.783449,0.755327,-0.524804,0.351134,0.374707,0.235743,0.728890
27.9333,-1.776511,0.759630,-0.506730,0.343614,0.372806,0.239566,0.729054
27.9500,-1.769682,0.755333,-0.484850,0.341311,0.372291,0.241230,0.728937
27.9667,-1.765355,0.760602,-0.471374,0.335404,0.370472,0.244871,0.729515
27.9833,-1.764634,0.753390,-0.449978,0.329791,0.368200,0.244375,0.731219
28.0000,-1.765622,0.742102,-0.431021,0.326349,0.366527,0.242146,0.732838
28.0167,-1.763627,0.734118,-0.410971,0.322196,0.364909,0.241674,0.733757
28.0333,-1.761402,0.725143,-0.389522,0.316084,0.363061,0.240892,0.734633
28.0500,-1.759017,0.698325,-0.358825,0.321462,0.364370,0.236143,0.734753
28.0667,-1.758703,0.667106,-0.334350,0.331029,0.367113,0.229021,0.734357
28.0833,-1.756538,0.625893,-0.308011,0.346053,0.371988,0.218953,0.732290
28.1000,-1.757173,0.580988,-0.287258,0.368514,0.378336,0.206723,0.729860
28.1167,-1.756289,0.572682,-0.288803,0.368739,0.379343,0.203200,0.728602
28.1333,-1.755484,0.582836,-0.301908,0.358491,0.377790,0.204086,0.728255
28.1500,-1.756030,0.603423,-0.324135,0.348917,0.376036,0.207524,0.728368
28.1667,-1.756950,0.620981,-0.341710,0.341509,0.374429,0.210709,0.728649
28.1833,-1.758475,0.636876,-0.357074,0.335368,0.372885,0.213681,0.729131
28.2000,-1.761940,0.654232,-0.373837,0.332143,0.371452,0.217167,0.730189
28.2167,-1.767541,0.667518,-0.389250,0.329378,0.369739,0.219116,0.731724
28.2333,-1.771226,0.680514,-0.401846,0.328202,0.368493,0.221806,0.732799
28.2500,-1.771798,0.683146,-0.404621,0.330806,0.368739,0.222674,0.732893
28.2667,-1.773314,0.690617,-0.418769,0.334040,0.369719,0.223719,0.732473
28.2833,-1.774920,0.703514,-0.445016,0.339944,0.371884,0.225496,0.731108
28.3000,-1.772078,0.726670,-0.473157,0.344893,0.374168,0.231634,0.728735
28.3167,-1.770789,0.744354,-0.495759,0.346879,0.375584,0.235967,0.727037
28.3333,-1.765059,0.752180,-0.494325,0.339835,0.374716,0.238874,0.725849
28.3500,-1.763117,0.750722,-0.489394,0.336425,0.374367,0.238684,0.725652
28.3667,-1.758164,0.743588,-0.469816,0.331441,0.373282,0.238390,0.725667
28.3833,-1.757553,0.737372,-0.458715,0.328117,0.372459,0.237135,0.726280
28.4000,-1.756584,0.731154,-0.444462,0.324966,0.371243,0.236431,0.727114
28.4167,-1.754142,0.724497,-0.428327,0.321024,0.370098,0.235930,0.727585
28.4333,-1.752148,0.719676,-0.413333,0.315561,0.368566,0.235805,0.728233
28.4500,-1.749878,0.714316,-0.397681,0.309991,0.367051,0.235640,0.728785
28.4667,-1.751571,0.711975,-0.391359,0.305568,0.365499,0.235013,0.729931
28.4833,-1.756497,0.698330,-0.387875,0.309872,0.366064,0.230264,0.730844
28.5000,-1.762144,0.678345,-0.387883,0.320595,0.368436,0.223108,0.730996
28.5167,-1.765284,0.649145,-0.379168,0.334723,0.371845,0.214193,0.730287
28.5333,-1.766849,0.610536,-0.361956,0.351595,0.376047,0.203167,0.728883
28.5500,-1.770318,0.604318,-0.371771,0.354412,0.376995,0.198992,0.728448
28.5667,-1.775512,0.615235,-0.397312,0.351634,0.376500,0.198442,0.728573
28.5833,-1.782619,0.644281,-0.435448,0.347813,0.375259,0.203101,0.729534
28.6000,-1.788757,0.657433,-0.461615,0.352258,0.375825,0.204381,0.729812
28.6167,-1.793964,0.653900,-0.472192,0.362568,0.377491,0.202075,0.729991
28.6333,-1.794988,0.647580,-0.473975,0.373327,0.379679,0.200416,0.729436
28.6500,-1.794283,0.653959,-0.475992,0.375241,0.379939,0.203080,0.729519
28.6667,-1.794085,0.667842,-0.481990,0.371999,0.378989,0.207575,0.730062
28.6833,-1.792970,0.688177,-0.491400,0.362841,0.376932,0.213544,0.730463
28.7000,-1.793040,0.710080,-0.503322,0.352725,0.374504,0.219499,0.731063
28.7167,-1.791132,0.731200,-0.510032,0.338902,0.371286,0.225486,0.731446
28.7333,-1.786763,0.747533,-0.508371,0.325630,0.368288,0.230923,0.731510
28.7500,-1.786032,0.764557,-0.516875,0.316731,0.366323,0.235428,0.731633
28.7667,-1.790870,0.774909,-0.531090,0.315678,0.365586,0.237034,0.732422
28.7833,-1.790976,0.780608,-0.530674,0.312632,0.364191,0.238915,0.732956
28.8000,-1.789015,0.780705,-0.521250,0.309177,0.362927,0.239918,0.733441
28.8167,-1.785195,0.779153,-0.507860,0.303811,0.361565,0.240739,0.733621
28.8333,-1.780148,0.775028,-0.491587,0.297646,0.360361,0.240991,0.733500
28.8500,-1.773589,0.764379,-0.469661,0.293758,0.360016,0.240015,0.732986
28.8667,-1.767574,0.749437,-0.445520,0.291721,0.360165,0.238003,0.732524
28.8833,-1.762700,0.733952,-0.424123,0.289952,0.360467,0.235422,0.732028
28.9000,-1.761007,0.717494,-0.407050,0.288259,0.360549,0.231595,0.732006
28.9167,-1.759741,0.702394,-0.391754,0.286048,0.360354,0.227980,0.732004
28.9333,-1.759063,0.687665,-0.379872,0.283834,0.360298,0.223959,0.731828
28.9500,-1.762901,0.678636,-0.379817,0.283809,0.360195,0.220090,0.732392
28.9667,-1.764764,0.676754,-0.384360,0.279981,0.359469,0.217989,0.732374
28.9833,-1.766202,0.679163,-0.392388,0.276098,0.358883,0.217028,0.732180
29.0000,-1.766477,0.686281,-0.403482,0.270393,0.358164,0.217306,0.731623
29.0167,-1.766043,0.687659,-0.408815,0.269814,0.358552,0.216945,0.730970
29.0333,-1.765731,0.685337,-0.410216,0.271934,0.359377,0.216086,0.730497
29.0500,-1.766380,0.680627,-0.409383,0.276699,0.360453,0.214877,0.730410
29.0667,-1.765967,0.675463,-0.406324,0.283979,0.362062,0.214238,0.730162
29.0833,-1.766450,0.672918,-0.405691,0.291663,0.363608,0.214200,0.730170
29.1000,-1.766525,0.672817,-0.406304,0.297784,0.364838,0.214781,0.730100
29.1167,-1.766007,0.673931,-0.405608,0.302779,0.365774,0.215977,0.730078
29.1333,-1.768077,0.679169,-0.414818,0.308260,0.366837,0.217060,0.730200
29.1500,-1.768821,0.673869,-0.416586,0.317799,0.369013,0.215739,0.729724
29.1667,-1.772378,0.664747,-0.418785,0.332837,0.371964,0.213201,0.729801
29.1833,-1.773191,0.647669,-0.410139,0.347962,0.375057,0.209372,0.729347
29.2000,-1.769014,0.630567,-0.392489,0.357991,0.377679,0.206811,0.728076
29.2167,-1.762535,0.612940,-0.369043,0.364255,0.379891,0.204787,0.726515
29.2333,-1.757653,0.592266,-0.343040,0.367957,0.381360,0.201564,0.725458
29.2500,-1.751036,0.573096,-0.315932,0.368746,0.382493,0.199106,0.723970
29.2667,-1.744656,0.554899,-0.288562,0.368137,0.383335,0.197048,0.722613
29.2833,-1.740165,0.546547,-0.253709,0.352501,0.379551,0.198903,0.723973
29.3000,-1.741321,0.561432,-0.252814,0.333794,0.374598,0.203250,0.726432
29.3167,-1.742455,0.572568,-0.259262,0.320413,0.371218,0.205153,0.727593
29.3333,-1.741259,0.572783,-0.254075,0.307516,0.368366,0.205091,0.727930
29.3500,-1.740191,0.571310,-0.256728,0.292388,0.365840,0.202742,0.727432
29.3667,-1.741930,0.565224,-0.262269,0.292014,0.366193,0.199138,0.726956
29.3833,-1.744611,0.563136,-0.274827,0.292759,0.366694,0.195823,0.726471
29.4000,-1.748706,0.554482,-0.286072,0.300458,0.368518,0.190658,0.725861
29.4167,-1.754697,0.544230,-0.299755,0.313682,0.371179,0.184721,0.725402
29.4333,-1.760290,0.538834,-0.315979,0.324528,0.373238,0.180088,0.725002
29.4500,-1.769432,0.535395,-0.337480,0.340735,0.375781,0.175498,0.725378
29.4667,-1.776191,0.532826,-0.355375,0.355650,0.378183,0.172072,0.725335
29.4833,-1.780523,0.527295,-0.369741,0.373408,0.381697,0.168601,0.724394
29.5000,-1.784824,0.525331,-0.382617,0.391564,0.385126,0.166953,0.723924
29.5167,-1.783664,0.526722,-0.387465,0.399938,0.387234,0.167671,0.722873
29.5333,-1.778406,0.531264,-0.388736,0.403012,0.389124,0.170205,0.721146
29.5500,-1.774169,0.534887,-0.386806,0.405312,0.390544,0.172703,0.720088
29.5667,-1.773125,0.545043,-0.399939,0.408365,0.392109,0.175269,0.719180
29.5833,-1.773925,0.560325,-0.423368,0.412514,0.393842,0.178345,0.718239
29.6000,-1.770359,0.575271,-0.430495,0.405895,0.393182,0.183144,0.717738
29.6167,-1.766769,0.576256,-0.423505,0.406994,0.393773,0.185135,0.717269
29.6333,-1.763025,0.580457,-0.415557,0.401221,0.392845,0.187888,0.717362
29.6500,-1.761015,0.578990,-0.409417,0.399397,0.392712,0.188251,0.717218
29.6667,-1.757848,0.572540,-0.395792,0.397979,0.392553,0.187898,0.716970
29.6833,-1.753987,0.563675,-0.376504,0.395226,0.392070,0.187434,0.716871
29.7000,-1.749039,0.559911,-0.354844,0.385516,0.390081,0.188954,0.717308
29.7167,-1.744355,0.558528,-0.331654,0.370627,0.386794,0.191279,0.718352
29.7333,-1.742374,0.565934,-0.319599,0.352825,0.382559,0.194819,0.720116
29.7500,-1.744591,0.571152,-0.312564,0.338745,0.378406,0.196553,0.722518
29.7667,-1.747263,0.581335,-0.313082,0.323889,0.374063,0.198828,0.724723
29.7833,-1.752330,0.574295,-0.311031,0.322828,0.372793,0.195778,0.726110
29.8000,-1.759669,0.597787,-0.341483,0.315900,0.370380,0.198468,0.727881
29.8167,-1.764821,0.613933,-0.370486,0.311930,0.369401,0.199049,0.728097
29.8333,-1.765683,0.618487,-0.385617,0.303878,0.368352,0.197360,0.727171
29.8500,-1.764311,0.630118,-0.397060,0.286611,0.365445,0.198326,0.726530
29.8667,-1.759912,0.627353,-0.395561,0.274615,0.364166,0.196585,0.724916
29.8833,-1.758417,0.624396,-0.400657,0.268518,0.364099,0.194068,0.723525
29.9000,-1.763017,0.626863,-0.414682,0.270124,0.364469,0.192460,0.723700
29.9167,-1.765225,0.618400,-0.418537,0.278437,0.366229,0.189157,0.723202
29.9333,-1.768598,0.607988,-0.421816,0.292884,0.369068,0.185703,0.722976
29.9500,-1.775427,0.598614,-0.427773,0.312703,0.372238,0.182434,0.723703
29.9667,-1.782658,0.593331,-0.439219,0.334205,0.375743,0.180071,0.724255
29.9833,-1.788482,0.594639,-0.455073,0.356612,0.379774,0.180013,0.724358
30.0000,-1.793713,0.600445,-0.474462,0.376067,0.383459,0.181146,0.724251
30.0167,-1.796256,0.620754,-0.502253,0.385266,0.385826,0.186366,0.723631
30.0333,-1.795614,0.643998,-0.524135,0.385198,0.386546,0.193040,0.722886
30.0500,-1.791781,0.662467,-0.534342,0.380433,0.386405,0.199124,0.721971
30.0667,-1.788777,0.676060,-0.536433,0.372629,0.385104,0.203787,0.721953
30.0833,-1.784107,0.667032,-0.514139,0.371660,0.384577,0.203474,0.722235
30.1000,-1.786674,0.675853,-0.512048,0.359704,0.381131,0.205643,0.724414
30.1167,-1.782708,0.661434,-0.492522,0.359768,0.381102,0.202889,0.724044
30.1333,-1.780975,0.646402,-0.476440,0.362134,0.381621,0.199527,0.723960
30.1500,-1.777945,0.623054,-0.454731,0.366086,0.382675,0.193934,0.723195
30.1667,-1.775864,0.595618,-0.431755,0.370671,0.383778,0.186886,0.722422
30.1833,-1.776641,0.595730,-0.435782,0.361337,0.382202,0.185191,0.722399
30.2000,-1.779970,0.609280,-0.453439,0.349898,0.379909,0.186390,0.722964
30.2167,-1.786634,0.630752,-0.480190,0.340336,0.377497,0.189341,0.724248
30.2333,-1.797808,0.661433,-0.517938,0.331280,0.374552,0.194150,0.726449
30.2500,-1.809141,0.698168,-0.560034,0.320076,0.371172,0.200736,0.728370
30.2667,-1.816444,0.728043,-0.592983,0.307378,0.368088,0.206121,0.729085
30.2833,-1.815757,0.740697,-0.607328,0.298975,0.367115,0.208313,0.727840
30.3000,-1.814817,0.740022,-0.612381,0.300399,0.368217,0.207665,0.726750
30.3167,-1.817247,0.732736,-0.616439,0.310662,0.370471,0.205352,0.726539
30.3333,-1.825767,0.718191,-0.627078,0.335076,0.374853,0.200571,0.727092
30.3500,-1.834929,0.700936,-0.638038,0.366947,0.380272,0.195529,0.727572
30.3667,-1.842162,0.680217,-0.643737,0.399832,0.385825,0.189904,0.727621
30.3833,-1.845910,0.666886,-0.647522,0.421320,0.389570,0.186348,0.727209
30.4000,-1.841907,0.658633,-0.635238,0.426926,0.390642,0.185454,0.726538
30.4167,-1.838927,0.648664,-0.624509,0.432275,0.391967,0.183501,0.725868
30.4333,-1.834081,0.633909,-0.605199,0.437928,0.393202,0.180790,0.725108
30.4500,-1.833280,0.622138,-0.591536,0.443112,0.393837,0.178216,0.725400
30.4667,-1.834520,0.613667,-0.581673,0.446864,0.393755,0.176194,0.726275
30.4833,-1.837462,0.607418,-0.570927,0.451166,0.393101,0.175162,0.728116
30.5000,-1.836433,0.603982,-0.555501,0.449997,0.391851,0.175702,0.729373
30.5167,-1.833415,0.602066,-0.536714,0.445410,0.390264,0.177179,0.730491
30.5333,-1.828671,0.602939,-0.517775,0.437686,0.388463,0.179735,0.731286
30.5500,-1.815909,0.597916,-0.467501,0.421140,0.384656,0.184188,0.732369
30.5667,-1.801832,0.600323,-0.415916,0.394875,0.379142,0.191524,0.733867
30.5833,-1.793068,0.598930,-0.366177,0.373577,0.373642,0.197532,0.736409
30.6000,-1.786890,0.597818,-0.330107,0.354765,0.368917,0.201798,0.738180
30.6167,-1.781082,0.612664,-0.312756,0.331945,0.363524,0.208995,0.739573
30.6333,-1.775065,0.624303,-0.295910,0.309819,0.358409,0.214856,0.740411
30.6500,-1.767982,0.637150,-0.283340,0.290556,0.354315,0.220790,0.740457
30.6667,-1.765196,0.656030,-0.288342,0.269278,0.349741,0.225230,0.740753
30.6833,-1.766199,0.670393,-0.297317,0.257175,0.346652,0.227744,0.741436
30.7000,-1.770933,0.672425,-0.306117,0.260975,0.346840,0.226954,0.742339
30.7167,-1.773364,0.668848,-0.312131,0.268874,0.348550,0.225168,0.742270
30.7333,-1.770092,0.671063,-0.312870,0.273728,0.350113,0.226717,0.741266
30.7500,-1.771141,0.671205,-0.317555,0.284132,0.352483,0.227023,0.741154
30.7667,-1.771712,0.668232,-0.321901,0.292936,0.354748,0.226048,0.740631
30.7833,-1.767071,0.663494,-0.320088,0.297264,0.357005,0.225416,0.738780
30.8000,-1.761916,0.659806,-0.316489,0.299015,0.358798,0.225268,0.737027
30.8167,-1.760373,0.666644,-0.333662,0.306764,0.361924,0.226045,0.735289
30.8333,-1.763862,0.693046,-0.370211,0.312296,0.363286,0.230701,0.734922
30.8500,-1.777045,0.733579,-0.425667,0.315841,0.362339,0.237191,0.736861
30.8667,-1.788515,0.759530,-0.470421,0.317364,0.361536,0.239934,0.737825
30.8833,-1.797609,0.770952,-0.501232,0.318875,0.361444,0.239428,0.738223
30.9000,-1.809596,0.778729,-0.527425,0.323057,0.361124,0.238391,0.739840
30.9167,-1.813864,0.781573,-0.530277,0.321986,0.359446,0.238570,0.741161
30.9333,-1.808073,0.780723,-0.509267,0.312856,0.356691,0.240325,0.741562
30.9500,-1.797979,0.778071,-0.480016,0.301663,0.354233,0.242755,0.741307
30.9667,-1.786717,0.772530,-0.447818,0.290630,0.352224,0.244793,0.740717
30.9833,-1.777848,0.758398,-0.415504,0.286993,0.352003,0.244503,0.740222
31.0000,-1.768405,0.744661,-0.384158,0.280407,0.351427,0.244105,0.739332
31.0167,-1.760944,0.743232,-0.363018,0.267457,0.348994,0.246005,0.738934
31.0333,-1.755348,0.750180,-0.352000,0.248677,0.345068,0.248594,0.738712
31.0500,-1.754892,0.751629,-0.354769,0.244347,0.344726,0.248200,0.738376
31.0667,-1.753246,0.747780,-0.359767,0.243606,0.345998,0.245987,0.736993
31.0833,-1.750532,0.739356,-0.361488,0.247821,0.348629,0.243289,0.735239
31.1000,-1.743942,0.727089,-0.359455,0.249995,0.351812,0.239834,0.732227
31.1167,-1.732433,0.710254,-0.353559,0.251969,0.356264,0.235704,0.727515
