t_s,q_pitch,q_roll,q_yaw,q_elbow,target_x,target_y,target_z
7.6167,0.169467,-0.153192,-0.273429,1.327901,-0.040584,0.121548,-0.109914
7.6333,0.187447,-0.133578,-0.397125,1.282608,-0.039644,0.119959,-0.105004
7.6500,0.198994,-0.116074,-0.474518,1.257190,-0.042286,0.121635,-0.105406
7.6667,0.210952,-0.094169,-0.523652,1.235740,-0.046046,0.127630,-0.105808
7.6833,0.224675,-0.068531,-0.556263,1.215424,-0.050970,0.136697,-0.106186
7.7000,0.234536,-0.041996,-0.571890,1.201627,-0.054974,0.148038,-0.107062
7.7167,0.240869,-0.015018,-0.577435,1.188659,-0.057064,0.160496,-0.107900
7.7333,0.244563,0.012087,-0.583492,1.173848,-0.057435,0.172927,-0.108393
7.7500,0.249919,0.040591,-0.591635,1.148316,-0.056686,0.184594,-0.108053
7.7667,0.252475,0.066656,-0.595549,1.123458,-0.054412,0.195278,-0.107708
7.7833,0.251883,0.088350,-0.597148,1.103434,-0.051134,0.204393,-0.107362
7.8000,0.249435,0.101012,-0.598770,1.083818,-0.046637,0.208712,-0.106856
7.8167,0.247736,0.113126,-0.596610,1.065382,-0.042508,0.213127,-0.106199
7.8333,0.241798,0.121262,-0.592218,1.055513,-0.037570,0.216750,-0.106133
7.8500,0.236306,0.122377,-0.580081,1.050143,-0.033026,0.217810,-0.106149
7.8667,0.229326,0.115326,-0.576992,1.032496,-0.025673,0.212415,-0.105563
7.8833,0.225132,0.106569,-0.587873,1.004572,-0.018606,0.203546,-0.103916
7.9000,0.220765,0.104420,-0.617893,0.966499,-0.011233,0.194946,-0.101304
7.9167,0.208770,0.090815,-0.649135,0.942090,-0.002624,0.181645,-0.099326
7.9333,0.182278,0.055030,-0.679758,0.951133,0.007902,0.160994,-0.098793
7.9500,0.143940,0.001572,-0.703696,0.991306,0.020028,0.135744,-0.098605
7.9667,0.102000,-0.057633,-0.720480,1.032994,0.034107,0.108373,-0.096043
7.9833,0.062830,-0.117628,-0.743198,1.058432,0.048343,0.078236,-0.089525
8.0000,0.011256,-0.212150,-0.705847,1.143954,0.062194,0.041958,-0.082741
8.0167,-0.038195,-0.279925,-0.670599,1.191294,0.078359,0.014514,-0.072684
8.0500,-0.103569,-0.262456,-0.604920,1.057286,0.132003,0.011252,-0.054172
8.0667,-0.135283,-0.250952,-0.532596,0.999824,0.159543,0.016785,-0.043470
8.0833,-0.162614,-0.242797,-0.461060,0.960340,0.181996,0.023935,-0.035293
8.1000,-0.192791,-0.240820,-0.428392,0.947163,0.198142,0.026404,-0.028613
8.1167,-0.220497,-0.244250,-0.406356,0.941383,0.211231,0.025410,-0.021881
8.1333,-0.241293,-0.250010,-0.384083,0.938193,0.220953,0.023700,-0.016176
8.1500,-0.253987,-0.247800,-0.364955,0.923350,0.229280,0.025438,-0.011217
8.1667,-0.268709,-0.243692,-0.344926,0.911495,0.238175,0.028371,-0.006828
8.1833,-0.278553,-0.234961,-0.319919,0.898648,0.245959,0.034409,-0.003778
8.2000,-0.284346,-0.226887,-0.300132,0.887545,0.251415,0.039985,-0.001732
8.2167,-0.284457,-0.225516,-0.302036,0.884932,0.251534,0.040369,-0.001239
8.2333,-0.283221,-0.224046,-0.311872,0.889778,0.249864,0.040141,-0.002458
8.2500,-0.281970,-0.226999,-0.309604,0.892754,0.249035,0.039122,-0.002897
8.2667,-0.276047,-0.227363,-0.300082,0.883304,0.248594,0.040094,-0.002512
8.2833,-0.269501,-0.232261,-0.277618,0.873250,0.248504,0.040625,-0.001881
8.3000,-0.262475,-0.235953,-0.260857,0.866929,0.247281,0.041326,-0.002196
8.3167,-0.257316,-0.240154,-0.249255,0.864358,0.245945,0.041136,-0.002666
8.3333,-0.254966,-0.243515,-0.241876,0.857952,0.246025,0.040556,-0.001824
8.3500,-0.253692,-0.242888,-0.257968,0.845355,0.246050,0.038623,0.000416
8.3667,-0.244274,-0.240585,-0.291750,0.816186,0.244046,0.034996,0.004342
8.3833,-0.225906,-0.234367,-0.340382,0.762035,0.240537,0.030670,0.010845
8.4000,-0.209011,-0.223772,-0.408951,0.701134,0.235936,0.024613,0.018622
8.4167,-0.198405,-0.207907,-0.473147,0.628492,0.234027,0.020066,0.029302
8.4333,-0.196770,-0.190868,-0.532329,0.553285,0.233987,0.015602,0.042323
8.4500,-0.197357,-0.173776,-0.581216,0.474199,0.234104,0.012120,0.056901
8.4667,-0.203289,-0.147839,-0.654178,0.384159,0.230840,0.007457,0.073308
8.5167,-0.295625,-0.042186,-1.010552,0.098321,0.192728,-0.015347,0.121771
8.5333,-0.323058,-0.023716,-1.079480,0.016109,0.185226,-0.018268,0.140745
8.5500,-0.345940,-0.009240,-1.091596,-0.040055,0.185856,-0.015811,0.153727
8.5667,-0.345067,0.010539,-1.053127,-0.087349,0.192554,-0.005911,0.163734
8.5833,-0.338082,0.033993,-1.002576,-0.127447,0.200492,0.007151,0.170609
8.6000,-0.321279,0.059055,-0.951044,-0.162140,0.206436,0.021772,0.174418
8.6167,-0.307185,0.079029,-0.907164,-0.185381,0.211429,0.034197,0.176258
8.6333,-0.288299,0.091371,-0.863138,-0.206421,0.214713,0.044888,0.178102
8.6500,-0.271549,0.106183,-0.836447,-0.231823,0.214519,0.054070,0.179462
8.6667,-0.260200,0.124715,-0.830835,-0.250944,0.212254,0.061066,0.178735
8.6833,-0.251450,0.142205,-0.830248,-0.261901,0.210435,0.066896,0.176958
8.7000,-0.246103,0.157073,-0.832080,-0.269125,0.209092,0.071410,0.175329
8.7167,-0.246752,0.165902,-0.838599,-0.270979,0.208347,0.073135,0.174128
8.7333,-0.247366,0.170253,-0.843038,-0.271314,0.207931,0.073812,0.173524
8.7500,-0.250503,0.169418,-0.850842,-0.269969,0.207277,0.072324,0.173325
8.7667,-0.258587,0.163265,-0.854968,-0.261722,0.208796,0.069545,0.173538
8.7833,-0.267910,0.155741,-0.855987,-0.251744,0.211184,0.066656,0.174170
8.8000,-0.276149,0.147210,-0.854496,-0.240748,0.213775,0.063818,0.174777
8.8167,-0.281714,0.139783,-0.848960,-0.231085,0.216445,0.061999,0.175353
8.8333,-0.287960,0.133544,-0.843989,-0.221117,0.219196,0.060423,0.175695
8.8500,-0.291235,0.128795,-0.836304,-0.209496,0.222051,0.059842,0.175227
8.8667,-0.294475,0.124992,-0.830333,-0.197426,0.224632,0.059328,0.174292
8.8833,-0.296341,0.120033,-0.824322,-0.184222,0.226946,0.058557,0.173027
8.9000,-0.296892,0.115257,-0.817485,-0.171406,0.229082,0.058058,0.171585
8.9167,-0.297354,0.108787,-0.810499,-0.156395,0.231266,0.057086,0.169829
8.9333,-0.295108,0.100625,-0.799754,-0.140438,0.233465,0.056314,0.167827
8.9500,-0.288779,0.100749,-0.788738,-0.137985,0.234161,0.058367,0.166726
8.9667,-0.282703,0.106383,-0.780886,-0.140943,0.234240,0.061681,0.165759
8.9833,-0.279097,0.111195,-0.781179,-0.142503,0.233462,0.063348,0.164531
9.0000,-0.276395,0.117155,-0.787179,-0.138039,0.232470,0.064539,0.161784
9.0167,-0.274019,0.117159,-0.787968,-0.120713,0.233176,0.064843,0.157515
9.0333,-0.276369,0.106782,-0.783783,-0.084573,0.236513,0.062614,0.151694
9.0500,-0.279867,0.088469,-0.764649,-0.026267,0.243498,0.060533,0.143386
9.0667,-0.282430,0.066957,-0.732347,0.045979,0.252336,0.060058,0.132870
9.0833,-0.286174,0.049942,-0.712200,0.111963,0.258297,0.059135,0.122360
9.1000,-0.292531,0.034795,-0.695820,0.175094,0.263744,0.058277,0.112610
9.1167,-0.298225,0.022353,-0.684282,0.233709,0.267671,0.057656,0.103193
9.1333,-0.303245,0.010041,-0.662675,0.295915,0.272510,0.059182,0.093306
9.1500,-0.304730,-0.002282,-0.636227,0.359923,0.276095,0.061958,0.082311
9.1667,-0.297852,-0.017827,-0.609696,0.411776,0.275924,0.063287,0.072190
9.1833,-0.291559,-0.029445,-0.613209,0.450902,0.271569,0.060607,0.063148
9.2000,-0.290258,-0.033225,-0.631929,0.482721,0.267466,0.058286,0.055610
9.2167,-0.290246,-0.033724,-0.633301,0.514017,0.266446,0.060122,0.048943
9.2333,-0.293506,-0.036485,-0.626353,0.544977,0.267220,0.062059,0.043674
9.2500,-0.301396,-0.039982,-0.618532,0.582150,0.269170,0.064023,0.038402
9.2667,-0.312646,-0.042512,-0.611523,0.620581,0.272023,0.066245,0.033744
9.2833,-0.320921,-0.046593,-0.601458,0.660151,0.273804,0.068504,0.028657
9.3000,-0.330285,-0.055687,-0.598962,0.702404,0.274284,0.067647,0.023616
9.3167,-0.340152,-0.067826,-0.586256,0.749161,0.275372,0.067050,0.018575
9.3333,-0.350650,-0.079743,-0.571509,0.792426,0.276730,0.066403,0.014496
9.3500,-0.357301,-0.087112,-0.556870,0.822903,0.277650,0.066925,0.011590
9.3667,-0.354587,-0.091970,-0.537825,0.833282,0.277083,0.067887,0.010041
9.3833,-0.352709,-0.096237,-0.524074,0.849286,0.275831,0.069046,0.007118
9.4000,-0.348892,-0.102136,-0.509674,0.857092,0.274396,0.068801,0.005516
9.4167,-0.342298,-0.105470,-0.504172,0.853412,0.272300,0.067979,0.004981
9.4333,-0.330301,-0.110548,-0.497084,0.844258,0.268691,0.066360,0.004406
9.4500,-0.323897,-0.112817,-0.489048,0.839285,0.267231,0.066321,0.003845
9.4667,-0.318213,-0.118751,-0.486729,0.837455,0.264887,0.063983,0.003399
9.4833,-0.317784,-0.120058,-0.485932,0.836788,0.264760,0.063473,0.003397
9.5000,-0.317786,-0.116651,-0.491458,0.833812,0.264808,0.064241,0.003504
9.5167,-0.318825,-0.111148,-0.501538,0.830541,0.265069,0.065364,0.003631
9.5333,-0.320310,-0.105350,-0.515663,0.827292,0.265150,0.066090,0.003804
9.5500,-0.321771,-0.098367,-0.535432,0.824554,0.264720,0.066751,0.003663
9.5667,-0.321076,-0.091462,-0.548715,0.820981,0.264154,0.068185,0.003290
9.5833,-0.319588,-0.086324,-0.553957,0.819787,0.263672,0.070013,0.002528
9.6000,-0.316776,-0.082131,-0.559263,0.820214,0.262387,0.071639,0.001236
9.6167,-0.309847,-0.073532,-0.573313,0.815074,0.259413,0.074120,-0.000574
9.6333,-0.289852,-0.063437,-0.582205,0.796895,0.253006,0.077410,-0.002901
9.6500,-0.264331,-0.055691,-0.610852,0.783034,0.241633,0.077941,-0.007574
9.6667,-0.237146,-0.048178,-0.661585,0.780739,0.225978,0.076922,-0.014961
9.6833,-0.198213,-0.033234,-0.740622,0.772059,0.202659,0.076226,-0.024185
9.7000,-0.152204,-0.035377,-0.816553,0.798365,0.172154,0.072439,-0.037676
9.7167,-0.105086,-0.045201,-0.886262,0.857677,0.138022,0.070780,-0.053643
9.7333,-0.061594,-0.069855,-0.897868,0.954562,0.107456,0.072604,-0.069832
9.7500,-0.016235,-0.111773,-0.829255,1.076351,0.077832,0.074706,-0.084004
9.7667,0.049590,-0.106927,-0.774409,1.101190,0.047016,0.085592,-0.091051
9.7833,0.109358,-0.093643,-0.709165,1.115420,0.019619,0.099598,-0.096949
9.8000,0.147970,-0.101149,-0.613532,1.177649,-0.005614,0.109809,-0.103161
9.8167,0.160774,-0.112997,-0.489097,1.271970,-0.026231,0.120332,-0.109144
9.8333,0.169626,-0.105125,-0.371966,1.341613,-0.043546,0.135467,-0.112638
9.8500,0.192414,-0.079450,-0.305469,1.353387,-0.057905,0.153629,-0.112782
9.8667,0.221582,-0.040213,-0.333832,1.319406,-0.067239,0.173829,-0.110751
9.8833,0.256234,0.020588,-0.470153,1.232887,-0.071385,0.193041,-0.107496
9.9000,0.285446,0.097619,-0.637802,1.120885,-0.073506,0.209040,-0.103485
9.9167,0.299032,0.151267,-0.721959,1.046501,-0.074232,0.219644,-0.100550
9.9333,0.331055,0.199459,-0.741404,0.977316,-0.081836,0.232241,-0.094459
9.9500,0.312618,0.227868,-0.782142,0.957690,-0.073739,0.241238,-0.095362
9.9667,0.296125,0.257926,-0.823960,0.926334,-0.064474,0.248366,-0.093740
9.9833,0.276264,0.278382,-0.849095,0.909779,-0.054433,0.254234,-0.093297
10.0000,0.250957,0.286379,-0.863047,0.914552,-0.043390,0.258238,-0.094521
10.0167,0.228842,0.281745,-0.859741,0.930947,-0.033617,0.259027,-0.096323
10.0333,0.208112,0.261584,-0.842733,0.963609,-0.025426,0.255547,-0.099417
10.0500,0.195977,0.237369,-0.809140,0.997069,-0.020585,0.251099,-0.102027
10.0667,0.186811,0.212219,-0.768578,1.027497,-0.016804,0.246012,-0.104397
10.0833,0.180503,0.193142,-0.734936,1.046865,-0.013773,0.241673,-0.105816
10.1000,0.172761,0.176629,-0.709927,1.068577,-0.011283,0.238246,-0.107318
10.1167,0.169149,0.167647,-0.696904,1.080502,-0.010313,0.236298,-0.107897
10.1333,0.166157,0.164544,-0.689827,1.086297,-0.009189,0.236088,-0.108189
10.1500,0.159882,0.161373,-0.687605,1.092080,-0.006649,0.235482,-0.108630
10.1667,0.152172,0.160666,-0.696989,1.090148,-0.002723,0.234200,-0.108589
10.1833,0.142499,0.151798,-0.708611,1.088983,0.002035,0.228406,-0.108784
10.2000,0.138791,0.159746,-0.765298,1.043121,0.007583,0.221383,-0.105968
10.2167,0.122863,0.146472,-0.815458,1.020883,0.015479,0.206725,-0.104950
10.2333,0.095517,0.101971,-0.843731,1.031778,0.026254,0.182420,-0.104867
10.2500,0.066282,0.022472,-0.858442,1.074959,0.034866,0.145763,-0.103686
10.2667,0.042353,-0.073450,-0.862710,1.120124,0.041028,0.101528,-0.098130
10.2833,0.000209,-0.195737,-0.780242,1.216223,0.052681,0.055415,-0.090736
10.3000,-0.067513,-0.320833,-0.606047,1.344264,0.068309,0.012132,-0.079959
10.3500,-0.147504,-0.326083,-0.454089,1.168539,0.139258,-0.002286,-0.054393
10.3667,-0.178082,-0.331266,-0.336845,1.124608,0.164496,-0.000288,-0.043802
10.3833,-0.211416,-0.338878,-0.229176,1.094125,0.187410,0.002311,-0.035166
10.4000,-0.248007,-0.348269,-0.121061,1.073103,0.209073,0.005210,-0.026577
10.4167,-0.279099,-0.356194,-0.024566,1.057300,0.226184,0.008865,-0.019292
10.4333,-0.299431,-0.360749,0.050389,1.044072,0.237414,0.013207,-0.014423
10.4500,-0.309443,-0.360209,0.091266,1.026215,0.244543,0.017929,-0.010881
10.4667,-0.303182,-0.359098,0.094989,1.005923,0.244984,0.020362,-0.009193
10.4833,-0.296124,-0.357041,0.077667,0.994643,0.243659,0.020615,-0.008767
10.5000,-0.288329,-0.354311,0.052438,0.986020,0.241691,0.020066,-0.008640
10.5167,-0.288230,-0.349691,0.024801,0.986718,0.241325,0.019338,-0.008661
10.5333,-0.294181,-0.341483,-0.000393,0.991568,0.242975,0.020108,-0.008593
10.5500,-0.294334,-0.337511,-0.020187,0.992518,0.242747,0.019752,-0.008410
10.5667,-0.292888,-0.332479,-0.037553,0.984340,0.243457,0.020503,-0.007548
10.5833,-0.293466,-0.328712,-0.048725,0.976736,0.244954,0.021144,-0.006423
10.6000,-0.295395,-0.328215,-0.047116,0.972325,0.246658,0.021425,-0.005384
10.6167,-0.296109,-0.328013,-0.043240,0.964173,0.248360,0.022028,-0.003981
10.6333,-0.295998,-0.327808,-0.045474,0.954438,0.249670,0.022082,-0.002312
10.6500,-0.293838,-0.326908,-0.055777,0.945579,0.249817,0.021629,-0.001049
10.6667,-0.286273,-0.325243,-0.074848,0.932631,0.248251,0.020833,-0.000063
10.6833,-0.280276,-0.318862,-0.104710,0.916804,0.247612,0.020888,0.001212
10.7000,-0.276521,-0.311870,-0.133626,0.903841,0.247490,0.020963,0.002401
10.7167,-0.274444,-0.304572,-0.171208,0.882346,0.248507,0.019860,0.005757
10.7333,-0.262591,-0.293818,-0.225530,0.837339,0.247902,0.018234,0.011478
10.7500,-0.250302,-0.281398,-0.303283,0.788465,0.245230,0.013438,0.018052
10.7667,-0.235006,-0.269195,-0.413046,0.726436,0.238462,0.002835,0.027441
10.7833,-0.220684,-0.256920,-0.549923,0.652749,0.227024,-0.013098,0.039651
10.8000,-0.213233,-0.234640,-0.686662,0.567691,0.214702,-0.026043,0.052908
10.8167,-0.202338,-0.216413,-0.765440,0.461944,0.206286,-0.033428,0.070441
10.8333,-0.198195,-0.189473,-0.824884,0.351060,0.199904,-0.034653,0.088036
10.8500,-0.198912,-0.139537,-0.875794,0.227229,0.194726,-0.026243,0.104314
10.8833,-0.252863,-0.069003,-0.989380,0.078300,0.186360,-0.020342,0.127364
10.9000,-0.279438,-0.044734,-1.017331,0.021763,0.187185,-0.016999,0.139712
10.9167,-0.294519,-0.017446,-1.000749,-0.033549,0.193613,-0.007134,0.150719
10.9333,-0.294251,0.011092,-0.950159,-0.086044,0.203030,0.007923,0.160416
10.9500,-0.286690,0.038317,-0.892492,-0.128495,0.211708,0.024344,0.167114
10.9667,-0.282341,0.062066,-0.851266,-0.162043,0.217374,0.037684,0.171956
10.9833,-0.280665,0.082722,-0.826819,-0.186371,0.220642,0.047640,0.175097
11.0000,-0.280964,0.097350,-0.817530,-0.205262,0.221501,0.053431,0.177575
11.0167,-0.290681,0.107898,-0.831277,-0.220605,0.220152,0.054120,0.180087
11.0333,-0.295362,0.117387,-0.858359,-0.240963,0.214793,0.052988,0.182256
11.0500,-0.295385,0.128721,-0.875275,-0.258847,0.210897,0.054309,0.183488
11.0667,-0.293625,0.134002,-0.882532,-0.269464,0.208657,0.055180,0.184232
11.0833,-0.296251,0.135419,-0.899058,-0.277941,0.205305,0.053431,0.184896
11.1000,-0.294392,0.136676,-0.905445,-0.283382,0.203415,0.053197,0.185237
11.1167,-0.290970,0.142733,-0.913112,-0.289564,0.201060,0.054271,0.184516
11.1333,-0.289183,0.152100,-0.927367,-0.296042,0.197926,0.055453,0.183114
11.1500,-0.286727,0.163826,-0.937826,-0.302293,0.195663,0.057891,0.181672
11.1667,-0.287429,0.169468,-0.947217,-0.302205,0.194451,0.058474,0.180255
11.1833,-0.287159,0.170671,-0.951681,-0.298647,0.194049,0.058326,0.179053
11.2000,-0.286895,0.170122,-0.953950,-0.292752,0.194136,0.057884,0.177709
11.2167,-0.289563,0.164353,-0.954857,-0.283024,0.195128,0.055886,0.176806
11.2333,-0.292070,0.156902,-0.954369,-0.272791,0.196259,0.053514,0.176210
11.2500,-0.295330,0.149807,-0.951700,-0.262278,0.198019,0.051463,0.175804
11.2667,-0.296790,0.147933,-0.951365,-0.255556,0.198866,0.050789,0.175016
11.2833,-0.299229,0.147559,-0.952431,-0.249440,0.199726,0.050397,0.174149
11.3000,-0.301142,0.145892,-0.951314,-0.241942,0.200973,0.049893,0.173311
11.3167,-0.302536,0.142100,-0.946709,-0.232807,0.202791,0.049175,0.172596
11.3333,-0.306833,0.132887,-0.944291,-0.216736,0.204994,0.046370,0.171438
11.3500,-0.313785,0.121304,-0.943394,-0.193882,0.207899,0.042500,0.169649
11.3667,-0.317541,0.113415,-0.941160,-0.176694,0.210100,0.040075,0.168220
11.3833,-0.315416,0.111258,-0.936943,-0.160964,0.211674,0.040008,0.165325
11.4000,-0.312706,0.109958,-0.926896,-0.143134,0.214517,0.041076,0.162006
11.4167,-0.311200,0.101236,-0.911554,-0.104295,0.219714,0.040647,0.155816
11.4333,-0.311612,0.083344,-0.888978,-0.048371,0.227059,0.038496,0.148082
11.4500,-0.315260,0.056400,-0.850068,0.029854,0.238499,0.036140,0.138468
11.4667,-0.317577,0.030353,-0.799313,0.115426,0.250908,0.036601,0.127289
11.4833,-0.321644,0.009185,-0.734889,0.199405,0.264739,0.041500,0.116308
11.5000,-0.331806,-0.012208,-0.673248,0.282601,0.277628,0.046037,0.106170
11.5167,-0.332866,-0.026976,-0.609334,0.353160,0.286685,0.053879,0.095633
11.5333,-0.325722,-0.035183,-0.566781,0.409608,0.289068,0.060925,0.083798
11.5500,-0.316036,-0.040402,-0.575244,0.452228,0.283415,0.060303,0.071983
11.5667,-0.310903,-0.048441,-0.604701,0.495576,0.276165,0.055235,0.061045
11.5833,-0.310474,-0.057273,-0.624741,0.538252,0.271547,0.051326,0.052183
11.6000,-0.308710,-0.066770,-0.636866,0.576662,0.267292,0.048276,0.044548
11.6167,-0.301936,-0.078883,-0.655479,0.609422,0.260154,0.043189,0.037270
11.6333,-0.295766,-0.098359,-0.661802,0.649650,0.253758,0.037153,0.030027
11.6500,-0.291709,-0.123187,-0.651415,0.695259,0.249084,0.031128,0.023533
11.6667,-0.287143,-0.147510,-0.630984,0.732173,0.245442,0.025742,0.019017
11.6833,-0.277979,-0.167730,-0.603324,0.755445,0.241832,0.022155,0.015786
11.7000,-0.269870,-0.181097,-0.564005,0.769936,0.240859,0.022430,0.013258
11.7167,-0.268923,-0.197466,-0.528319,0.789432,0.240978,0.020766,0.011542
11.7333,-0.268159,-0.210959,-0.492580,0.805900,0.241374,0.020064,0.010142
11.7500,-0.271761,-0.210444,-0.461776,0.818644,0.244143,0.024808,0.008013
11.7667,-0.274129,-0.200610,-0.434818,0.825409,0.247326,0.033165,0.005533
11.7833,-0.275436,-0.185823,-0.404391,0.822850,0.251716,0.043949,0.003968
11.8000,-0.278208,-0.170520,-0.374866,0.823936,0.256043,0.055119,0.002093
11.8167,-0.283941,-0.160190,-0.348449,0.832886,0.259872,0.063764,0.000228
11.8333,-0.289606,-0.150057,-0.338633,0.848562,0.261529,0.070476,-0.002595
11.8500,-0.289987,-0.145525,-0.350180,0.862777,0.259372,0.071954,-0.005484
11.8667,-0.283506,-0.142193,-0.376417,0.868595,0.254438,0.070997,-0.008248
11.8833,-0.275448,-0.133181,-0.408350,0.865319,0.249961,0.071724,-0.010523
11.9000,-0.265552,-0.116912,-0.446103,0.849386,0.246082,0.074492,-0.011768
11.9167,-0.254237,-0.094885,-0.493983,0.830108,0.241180,0.078498,-0.013491
11.9333,-0.232865,-0.079892,-0.539869,0.809183,0.231649,0.079468,-0.016187
11.9500,-0.201102,-0.075001,-0.597546,0.801769,0.214179,0.075753,-0.022368
11.9667,-0.143720,-0.076659,-0.644352,0.788504,0.187016,0.070637,-0.030335
12.0000,0.008906,-0.111710,-0.732323,0.867354,0.101976,0.056689,-0.055825
12.0167,0.066279,-0.118630,-0.744192,0.916034,0.068693,0.059305,-0.069475
12.0333,0.127072,-0.096732,-0.745401,0.906768,0.041834,0.069878,-0.074612
12.0500,0.170966,-0.064935,-0.754293,0.883000,0.023107,0.082719,-0.077687
12.0667,0.201212,-0.015541,-0.774600,0.852705,0.009530,0.102048,-0.080363
12.0833,0.216845,0.034861,-0.804401,0.837466,-0.000835,0.122471,-0.083421
12.1000,0.215529,0.070757,-0.839113,0.858825,-0.008527,0.140106,-0.088354
12.1167,0.206584,0.092656,-0.874513,0.892835,-0.013456,0.152961,-0.092799
12.1333,0.203247,0.111716,-0.907468,0.916200,-0.018879,0.163464,-0.095289
12.1500,0.202975,0.136827,-0.940090,0.927872,-0.024287,0.175695,-0.096765
12.1667,0.204263,0.160670,-0.965242,0.932350,-0.028715,0.186878,-0.097445
12.1833,0.208461,0.185235,-0.978447,0.922605,-0.031616,0.196940,-0.096861
12.2000,0.210023,0.211130,-0.993828,0.902243,-0.032231,0.205718,-0.095510
12.2167,0.211373,0.232195,-1.001365,0.884609,-0.032140,0.212951,-0.094186
12.2333,0.208943,0.249557,-1.012922,0.867871,-0.030666,0.218127,-0.092983
12.2500,0.205033,0.264857,-1.022728,0.850984,-0.028209,0.222267,-0.091698
12.2667,0.197912,0.275016,-1.030121,0.842453,-0.024710,0.225458,-0.091178
12.2833,0.191764,0.282582,-1.032763,0.835847,-0.021256,0.227973,-0.090668
12.3000,0.188019,0.286754,-1.032684,0.831411,-0.018866,0.229317,-0.090261
12.3167,0.183811,0.289781,-1.031981,0.830402,-0.016541,0.230776,-0.090215
12.3333,0.179810,0.292682,-1.030841,0.830477,-0.014371,0.232397,-0.090215
12.3500,0.176175,0.290897,-1.030695,0.835667,-0.012995,0.232457,-0.090680
12.3667,0.174944,0.286081,-1.030635,0.843706,-0.013117,0.231439,-0.091324
12.3833,0.172989,0.278994,-1.029410,0.851777,-0.012734,0.229360,-0.092116
12.4000,0.169637,0.271038,-1.026271,0.861845,-0.011610,0.227346,-0.093094
12.4167,0.166362,0.261056,-1.020160,0.874094,-0.010378,0.224880,-0.094198
12.4333,0.162465,0.251438,-1.016677,0.879655,-0.008424,0.221171,-0.094780
12.4500,0.156715,0.236039,-1.016546,0.883516,-0.005659,0.213872,-0.095268
12.4667,0.147365,0.216854,-1.024015,0.882112,-0.001323,0.203067,-0.095227
12.4833,0.129647,0.182975,-1.030581,0.896110,0.005880,0.187434,-0.096099
12.5000,0.105013,0.121424,-1.029152,0.939033,0.014784,0.162910,-0.097731
12.5167,0.078853,0.042699,-1.019129,0.994081,0.024029,0.131755,-0.097520
12.5333,0.054854,-0.022182,-0.992371,1.018067,0.036423,0.103267,-0.093354
12.5500,0.027128,-0.085889,-0.967498,1.038339,0.049989,0.074778,-0.086982
12.5667,-0.000443,-0.167666,-0.910210,1.089631,0.061622,0.043668,-0.079781
12.5833,-0.039433,-0.251823,-0.808023,1.152197,0.077645,0.014898,-0.071303
12.6000,-0.078256,-0.298702,-0.693355,1.168984,0.098139,-0.001033,-0.062403
12.6167,-0.108497,-0.304607,-0.578588,1.122080,0.124740,-0.002540,-0.053517
12.6333,-0.154030,-0.315827,-0.471929,1.111250,0.150899,-0.002573,-0.046243
12.6500,-0.213845,-0.329959,-0.359854,1.129982,0.177208,-0.002380,-0.039391
12.6667,-0.264567,-0.337815,-0.257744,1.148762,0.198252,-0.000249,-0.033264
12.6833,-0.313936,-0.337349,-0.175126,1.170425,0.217140,0.004211,-0.028351
12.7000,-0.364161,-0.330626,-0.083275,1.207074,0.234391,0.011232,-0.025751
12.7167,-0.405113,-0.325638,0.003572,1.252051,0.245268,0.016293,-0.024779
12.7333,-0.422446,-0.322928,0.058334,1.263820,0.250843,0.019802,-0.023006
12.7500,-0.432361,-0.319577,0.089797,1.263742,0.255359,0.022980,-0.021494
12.7667,-0.435430,-0.317997,0.105010,1.248084,0.259546,0.025090,-0.018947
12.7833,-0.432596,-0.319199,0.098595,1.229133,0.261160,0.025179,-0.016591
12.8000,-0.426012,-0.326736,0.077072,1.209776,0.260426,0.021109,-0.013866
12.8167,-0.411526,-0.335375,0.041021,1.187572,0.256624,0.015835,-0.011917
12.8333,-0.397527,-0.339651,0.001607,1.166380,0.253442,0.012044,-0.010622
12.8500,-0.383270,-0.342738,-0.027935,1.144541,0.250734,0.009101,-0.009516
12.8667,-0.371571,-0.342779,-0.047069,1.125622,0.249087,0.008195,-0.008979
12.8833,-0.354627,-0.342584,-0.067055,1.096189,0.246895,0.007645,-0.007757
12.9000,-0.339921,-0.336441,-0.088990,1.063508,0.246554,0.009625,-0.006523
12.9167,-0.330928,-0.323366,-0.117534,1.029541,0.248768,0.013837,-0.004643
12.9333,-0.324764,-0.308945,-0.169525,1.001374,0.249741,0.015859,-0.002422
12.9500,-0.307563,-0.293962,-0.237019,0.963638,0.246687,0.016136,-0.000354
12.9667,-0.289621,-0.276746,-0.300574,0.913242,0.244826,0.016679,0.003139
12.9833,-0.262901,-0.254501,-0.371665,0.832281,0.241888,0.017026,0.010073
13.0000,-0.234037,-0.233921,-0.443703,0.737569,0.237338,0.014687,0.019801
13.0167,-0.215933,-0.216648,-0.511584,0.641422,0.234339,0.009756,0.032943
13.0333,-0.204187,-0.194706,-0.580087,0.537757,0.231315,0.005369,0.048817
13.0500,-0.193124,-0.170171,-0.640551,0.437959,0.226517,0.002999,0.063904
13.0667,-0.181078,-0.139158,-0.700741,0.329397,0.219222,0.002884,0.079605
13.0833,-0.168733,-0.101519,-0.779426,0.212695,0.205896,0.002299,0.095496
13.1333,-0.228317,-0.018973,-1.018936,-0.023623,0.171295,-0.006855,0.133423
13.1500,-0.246310,0.005029,-1.072813,-0.090362,0.164648,-0.005029,0.146010
13.1667,-0.257045,0.035713,-1.085465,-0.144236,0.163677,0.003469,0.153296
13.1833,-0.259966,0.063136,-1.068236,-0.187810,0.167257,0.013936,0.159585
13.2000,-0.254376,0.088633,-1.035782,-0.229149,0.171566,0.025650,0.165475
13.2167,-0.238134,0.109047,-0.986063,-0.257905,0.177321,0.038193,0.169050
13.2333,-0.219966,0.122573,-0.934351,-0.278998,0.182550,0.049393,0.171457
13.2500,-0.200712,0.141666,-0.889528,-0.294963,0.186322,0.061753,0.171299
13.2667,-0.182183,0.156546,-0.852417,-0.308388,0.188407,0.072087,0.170861
13.2833,-0.164385,0.161638,-0.819618,-0.316508,0.189675,0.079118,0.170432
13.3000,-0.151665,0.166128,-0.794772,-0.319480,0.190866,0.084697,0.169275
13.3167,-0.144632,0.168998,-0.776441,-0.320309,0.192278,0.088645,0.168531
13.3333,-0.141297,0.163810,-0.764374,-0.317053,0.193519,0.089134,0.168234
13.3500,-0.139774,0.157220,-0.750517,-0.312062,0.195657,0.089494,0.168241
13.3667,-0.137998,0.143870,-0.726376,-0.297865,0.199977,0.089645,0.167548
13.3833,-0.136065,0.132673,-0.705872,-0.283450,0.203472,0.089799,0.166217
13.4000,-0.136900,0.123716,-0.687577,-0.266289,0.207462,0.090196,0.164350
13.4167,-0.140359,0.114843,-0.677053,-0.250583,0.210626,0.089131,0.162938
13.4333,-0.140750,0.106275,-0.663898,-0.236930,0.213436,0.088850,0.161657
13.4500,-0.148432,0.098733,-0.658421,-0.221994,0.216741,0.087121,0.160775
13.4667,-0.156306,0.094814,-0.659417,-0.210096,0.219032,0.085264,0.160199
13.4833,-0.163188,0.093040,-0.658132,-0.204362,0.221209,0.084579,0.160712
13.5000,-0.167929,0.095516,-0.665101,-0.201755,0.221426,0.083739,0.160612
13.5167,-0.168541,0.099575,-0.668699,-0.194343,0.221700,0.084326,0.158671
13.5333,-0.170720,0.102319,-0.670716,-0.184762,0.222656,0.084766,0.156606
13.5500,-0.177872,0.102319,-0.680021,-0.173056,0.223597,0.082786,0.154967
13.5667,-0.185718,0.102022,-0.692730,-0.157963,0.224402,0.080145,0.152774
13.5833,-0.205227,0.097510,-0.718314,-0.129625,0.226463,0.073545,0.149667
13.6000,-0.233639,0.087780,-0.744767,-0.079544,0.231644,0.065138,0.144540
13.6167,-0.258313,0.074160,-0.748065,-0.016602,0.240380,0.059883,0.138172
13.6333,-0.275949,0.064040,-0.733060,0.048766,0.250348,0.059457,0.130415
13.6500,-0.294619,0.057146,-0.715942,0.114203,0.260569,0.060823,0.122379
13.6667,-0.309641,0.050323,-0.689233,0.177402,0.270823,0.064316,0.114759
13.6833,-0.321366,0.041962,-0.664325,0.238233,0.278982,0.067323,0.106864
13.7000,-0.325890,0.030417,-0.648199,0.298378,0.282803,0.068273,0.097162
13.7167,-0.324473,0.013250,-0.633504,0.361247,0.283574,0.067451,0.085750
13.7333,-0.317716,-0.009159,-0.625942,0.420801,0.280399,0.063459,0.073886
13.7500,-0.306957,-0.032779,-0.621950,0.473767,0.274685,0.058178,0.062558
13.7667,-0.301045,-0.045500,-0.617285,0.516068,0.271208,0.056701,0.053440
13.7833,-0.299196,-0.051029,-0.618958,0.545829,0.268865,0.056288,0.047099
13.8000,-0.307770,-0.052025,-0.635182,0.579550,0.268290,0.055532,0.041503
13.8167,-0.318908,-0.050545,-0.646253,0.612782,0.269584,0.056620,0.036908
13.8333,-0.327953,-0.046480,-0.644261,0.643648,0.272090,0.060789,0.032607
13.8500,-0.338488,-0.043739,-0.641316,0.674931,0.274973,0.064587,0.028773
13.8667,-0.347007,-0.045957,-0.631330,0.704663,0.277529,0.067015,0.025713
13.8833,-0.352689,-0.050202,-0.619066,0.728303,0.279287,0.068397,0.023454
13.9000,-0.354502,-0.055037,-0.599409,0.745496,0.280639,0.070042,0.021739
13.9167,-0.350812,-0.064689,-0.586328,0.759252,0.278835,0.068595,0.019549
13.9333,-0.341702,-0.079040,-0.590543,0.771251,0.272803,0.062935,0.016392
13.9500,-0.335351,-0.087491,-0.601876,0.779864,0.267895,0.058772,0.013693
13.9667,-0.327374,-0.096642,-0.615218,0.787657,0.262149,0.054036,0.011041
13.9833,-0.329145,-0.103796,-0.638760,0.804265,0.258507,0.049450,0.008416
14.0000,-0.337233,-0.107731,-0.672834,0.823920,0.256181,0.045319,0.006316
14.0167,-0.344491,-0.104653,-0.712903,0.831976,0.254333,0.042983,0.005351
14.0333,-0.350279,-0.095457,-0.743547,0.830187,0.254205,0.043691,0.005215
14.0500,-0.357658,-0.085948,-0.778432,0.826343,0.254181,0.043959,0.005485
14.0667,-0.368110,-0.076049,-0.811290,0.825130,0.255410,0.044839,0.005893
14.0833,-0.375451,-0.069274,-0.832911,0.823827,0.256429,0.045437,0.006468
14.1000,-0.377559,-0.063425,-0.838034,0.822225,0.257347,0.047370,0.006555
14.1167,-0.376086,-0.064374,-0.821923,0.827659,0.258478,0.049067,0.006031
14.1333,-0.374044,-0.068977,-0.803618,0.835872,0.259009,0.049685,0.005242
14.1500,-0.367383,-0.074677,-0.782501,0.842126,0.257988,0.050058,0.003973
14.1667,-0.360075,-0.079131,-0.757252,0.848657,0.257238,0.051563,0.002285
14.1833,-0.344320,-0.082487,-0.731126,0.847609,0.253732,0.053313,-0.000021
14.2000,-0.328380,-0.080633,-0.711537,0.842066,0.250167,0.056614,-0.002640
14.2167,-0.301589,-0.071442,-0.701309,0.815856,0.243328,0.060830,-0.004760
14.2333,-0.265734,-0.065288,-0.693677,0.787510,0.232572,0.063660,-0.008079
14.2500,-0.208027,-0.056928,-0.711678,0.747959,0.210935,0.064529,-0.013807
14.2667,-0.128688,-0.049725,-0.740097,0.715316,0.178349,0.064938,-0.023338
14.2833,-0.051467,-0.028384,-0.798902,0.689713,0.141601,0.068543,-0.034041
14.3000,0.023620,-0.004914,-0.847252,0.681555,0.104257,0.075521,-0.044804
14.3167,0.084711,-0.001038,-0.875698,0.718799,0.069682,0.080103,-0.056691
14.3333,0.131188,0.012448,-0.890487,0.762417,0.041325,0.091418,-0.067577
14.3667,0.155885,-0.003974,-0.924970,1.000464,-0.004596,0.114932,-0.094006
14.3833,0.161584,0.010928,-0.933651,1.088278,-0.020383,0.136703,-0.102768
14.4000,0.157893,0.019434,-0.893431,1.176031,-0.028124,0.158483,-0.109386
14.4167,0.143317,0.023399,-0.804830,1.270028,-0.030312,0.180774,-0.114535
14.4333,0.140105,0.049190,-0.761105,1.295715,-0.030850,0.201756,-0.114698
14.4500,0.138440,0.080076,-0.761925,1.288282,-0.028802,0.218072,-0.113989
14.4667,0.149509,0.149530,-0.879943,1.190520,-0.025763,0.233802,-0.109932
14.4833,0.150849,0.220454,-1.005006,1.086653,-0.023071,0.245346,-0.105740
14.5000,0.146317,0.263489,-1.056838,1.022224,-0.019200,0.252362,-0.102566
14.5167,0.141105,0.282293,-1.064761,0.991748,-0.014486,0.255706,-0.100807
14.5333,0.138186,0.293471,-1.057199,0.970250,-0.010102,0.257783,-0.099327
14.5500,0.136644,0.297744,-1.048168,0.955560,-0.006846,0.257721,-0.098357
14.5667,0.133393,0.293628,-1.037470,0.953392,-0.003747,0.255842,-0.098477
14.5833,0.132388,0.291796,-1.031662,0.945784,-0.001744,0.253786,-0.098042
14.6000,0.129258,0.293772,-1.032482,0.935674,0.000869,0.252855,-0.097446
14.6167,0.125110,0.298235,-1.041602,0.922962,0.003345,0.252147,-0.096564
14.6333,0.121524,0.301478,-1.050122,0.911250,0.005425,0.250981,-0.095742
14.6500,0.116644,0.303252,-1.058834,0.902426,0.007823,0.249601,-0.095181
14.6667,0.111316,0.301225,-1.066051,0.900242,0.009984,0.247609,-0.095134
14.6833,0.105988,0.299148,-1.069514,0.899430,0.012449,0.246103,-0.095131
14.7000,0.103215,0.291197,-1.068585,0.890662,0.014875,0.240245,-0.094687
14.7167,0.098209,0.279697,-1.069413,0.882349,0.018190,0.232556,-0.094375
14.7333,0.088090,0.267206,-1.079113,0.870319,0.023363,0.223049,-0.093655
14.7500,0.074028,0.244535,-1.086022,0.867154,0.030066,0.210046,-0.093340
14.7667,0.054148,0.196170,-1.088250,0.891588,0.037919,0.189063,-0.094546
14.7833,0.036961,0.138611,-1.080188,0.915200,0.045617,0.163543,-0.094054
14.8000,0.019217,0.070938,-1.066019,0.944972,0.053397,0.134132,-0.092123
14.8167,0.005159,-0.032230,-1.039392,1.023241,0.055555,0.095340,-0.089993
14.8333,-0.018330,-0.164448,-0.949277,1.150043,0.060146,0.052253,-0.085644
14.8500,-0.048286,-0.268360,-0.839792,1.243563,0.067492,0.018120,-0.077049
14.8667,-0.071887,-0.302114,-0.797285,1.215329,0.082743,-0.000940,-0.065483
14.9000,-0.140239,-0.279252,-0.648656,1.086987,0.140116,0.000467,-0.049820
14.9167,-0.173297,-0.291697,-0.520189,1.063089,0.165102,0.000732,-0.039710
14.9333,-0.211553,-0.302344,-0.382317,1.051737,0.190077,0.004923,-0.032139
14.9500,-0.260948,-0.305016,-0.255086,1.048388,0.216602,0.012897,-0.024628
14.9667,-0.313662,-0.298775,-0.150276,1.050192,0.241924,0.023256,-0.016956
14.9833,-0.356473,-0.287486,-0.072711,1.051457,0.261956,0.033922,-0.010100
15.0000,-0.386719,-0.275237,-0.018476,1.055279,0.275643,0.043472,-0.005541
15.0167,-0.380889,-0.267341,-0.013060,1.046737,0.274793,0.048685,-0.005725
15.0333,-0.365622,-0.258649,-0.043595,1.029038,0.271029,0.051362,-0.006848
15.0500,-0.346789,-0.259354,-0.092867,1.013621,0.264119,0.047176,-0.007754
15.0667,-0.337536,-0.252457,-0.145703,1.002588,0.260863,0.045530,-0.008250
15.0833,-0.324940,-0.247708,-0.197470,0.986590,0.256514,0.042671,-0.008092
15.1000,-0.309431,-0.243647,-0.234622,0.964025,0.252419,0.040740,-0.007669
15.1167,-0.299487,-0.231450,-0.259792,0.936301,0.252270,0.043535,-0.006559
15.1333,-0.293946,-0.217041,-0.274545,0.909987,0.254125,0.048242,-0.004996
15.1500,-0.288729,-0.211350,-0.299837,0.896712,0.252690,0.047791,-0.004254
15.1667,-0.275991,-0.208771,-0.334472,0.871482,0.248836,0.044425,-0.002301
15.1833,-0.259456,-0.212501,-0.355610,0.830030,0.245914,0.039061,0.002542
15.2000,-0.238650,-0.220536,-0.400357,0.770209,0.240647,0.028017,0.011235
15.2167,-0.223753,-0.211342,-0.500807,0.702499,0.232950,0.016063,0.020891
15.2333,-0.223766,-0.189180,-0.594878,0.626763,0.230370,0.008695,0.032871
15.2500,-0.224752,-0.163232,-0.689066,0.539958,0.225394,0.001614,0.046708
15.2667,-0.234394,-0.138582,-0.761983,0.455363,0.222744,-0.003460,0.061604
15.2833,-0.243110,-0.116555,-0.828286,0.359855,0.217545,-0.008993,0.079121
15.3333,-0.337118,-0.074883,-1.148065,0.114473,0.171729,-0.039969,0.124520
15.3500,-0.367651,-0.063592,-1.202759,0.047071,0.166723,-0.042258,0.141417
15.3667,-0.395342,-0.045442,-1.213220,-0.012711,0.168346,-0.038196,0.154217
15.3833,-0.406846,-0.017897,-1.191508,-0.064527,0.174593,-0.028520,0.163891
15.4000,-0.407500,0.017166,-1.164069,-0.117745,0.179816,-0.015407,0.171042
15.4167,-0.397916,0.059868,-1.130147,-0.171034,0.184673,0.001188,0.176022
15.4333,-0.380835,0.092658,-1.080666,-0.218636,0.190228,0.016587,0.181913
15.4500,-0.369684,0.119292,-1.046299,-0.260351,0.192946,0.028832,0.186858
15.4667,-0.356577,0.135938,-1.006536,-0.290901,0.196458,0.038763,0.191633
15.4833,-0.344080,0.147969,-0.969071,-0.313243,0.199729,0.047199,0.195166
15.5000,-0.329169,0.153550,-0.929665,-0.326077,0.203231,0.054214,0.197415
15.5167,-0.316328,0.161153,-0.898985,-0.333306,0.205962,0.060804,0.197668
15.5333,-0.314128,0.167615,-0.887756,-0.333245,0.207769,0.064107,0.196805
15.5500,-0.309237,0.174536,-0.876298,-0.330180,0.209629,0.067731,0.195386
15.5667,-0.303609,0.178402,-0.860956,-0.321456,0.212454,0.071055,0.193315
15.5833,-0.296252,0.180414,-0.842284,-0.310067,0.215589,0.074444,0.190821
15.6000,-0.289724,0.186248,-0.828518,-0.301948,0.217753,0.078333,0.188174
15.6167,-0.283278,0.191962,-0.818674,-0.296098,0.218965,0.081717,0.185744
15.6333,-0.278708,0.197915,-0.816414,-0.293290,0.218908,0.084026,0.183636
15.6500,-0.272490,0.203017,-0.813745,-0.292328,0.218398,0.086268,0.181865
15.6667,-0.273167,0.198140,-0.812207,-0.282834,0.219490,0.085083,0.180443
15.6833,-0.274929,0.187640,-0.807590,-0.268816,0.221488,0.082580,0.179371
15.7000,-0.282156,0.176465,-0.805884,-0.253311,0.224196,0.079128,0.178847
15.7167,-0.288150,0.167746,-0.805254,-0.241703,0.226187,0.076254,0.178784
15.7333,-0.298246,0.156238,-0.808252,-0.224431,0.228771,0.071801,0.178328
15.7500,-0.308818,0.143264,-0.811067,-0.202100,0.231845,0.066884,0.177319
15.7667,-0.317705,0.129852,-0.809884,-0.175127,0.235607,0.062512,0.175478
15.7833,-0.323334,0.121643,-0.813547,-0.152449,0.237597,0.059171,0.172824
15.8000,-0.327156,0.118762,-0.823210,-0.138974,0.237648,0.056721,0.170529
15.8167,-0.322555,0.118757,-0.824318,-0.125502,0.237667,0.056988,0.166902
15.8333,-0.322757,0.121283,-0.834566,-0.107729,0.237505,0.056624,0.161902
15.8500,-0.327584,0.122439,-0.847538,-0.078971,0.238746,0.055513,0.155636
15.8667,-0.331513,0.110932,-0.845124,-0.028236,0.243334,0.053045,0.147526
15.8833,-0.333629,0.091646,-0.825773,0.039734,0.250674,0.051101,0.137496
15.9000,-0.329586,0.067117,-0.782438,0.120538,0.260041,0.051992,0.125415
15.9167,-0.330992,0.035322,-0.734326,0.214291,0.269816,0.051604,0.112057
15.9333,-0.336943,0.011384,-0.692248,0.306479,0.278396,0.053252,0.098438
15.9500,-0.344479,-0.007641,-0.674305,0.389930,0.282321,0.052725,0.085238
15.9667,-0.345406,-0.026547,-0.660571,0.463502,0.282594,0.051618,0.072611
15.9833,-0.341369,-0.039959,-0.675448,0.515039,0.277086,0.047624,0.061603
16.0000,-0.326932,-0.048994,-0.697097,0.542535,0.267900,0.043687,0.052678
16.0167,-0.309137,-0.058521,-0.717145,0.561129,0.257860,0.039436,0.044997
16.0333,-0.296140,-0.075909,-0.731181,0.591396,0.249114,0.033262,0.037444
16.0500,-0.291938,-0.088222,-0.739978,0.627632,0.244119,0.030102,0.030298
16.0667,-0.286901,-0.104182,-0.748654,0.660618,0.238390,0.025074,0.024690
16.0833,-0.294853,-0.123561,-0.740451,0.711696,0.238286,0.021505,0.019089
16.1000,-0.304710,-0.141536,-0.719119,0.763910,0.240018,0.019941,0.014237
16.1167,-0.321342,-0.148670,-0.687227,0.811811,0.246142,0.023745,0.010210
16.1333,-0.339194,-0.147574,-0.650566,0.844897,0.254469,0.030329,0.008496
16.1500,-0.355917,-0.143110,-0.617738,0.867827,0.262653,0.037154,0.008169
16.1667,-0.367855,-0.135681,-0.592171,0.879280,0.269309,0.043808,0.008596
16.1833,-0.377089,-0.128120,-0.572138,0.889766,0.274460,0.050046,0.008474
16.2000,-0.377939,-0.120885,-0.565100,0.890709,0.275912,0.054389,0.008029
16.2167,-0.373086,-0.112229,-0.569809,0.886375,0.274758,0.058075,0.006653
16.2333,-0.365351,-0.105824,-0.575865,0.879217,0.272459,0.060388,0.005216
16.2500,-0.360006,-0.104173,-0.587739,0.879295,0.269471,0.060339,0.003330
16.2667,-0.352884,-0.100909,-0.593910,0.873459,0.266986,0.061132,0.002157
16.2833,-0.346358,-0.097982,-0.596919,0.868997,0.264856,0.062229,0.000908
16.3000,-0.341472,-0.097339,-0.599941,0.868955,0.262759,0.062558,-0.000509
16.3167,-0.338416,-0.099507,-0.601052,0.874198,0.260860,0.062122,-0.002078
16.3333,-0.335687,-0.102349,-0.597722,0.880073,0.259380,0.061852,-0.003468
16.3500,-0.335802,-0.110106,-0.590837,0.896931,0.257913,0.060486,-0.005604
16.3667,-0.333778,-0.112924,-0.601073,0.903796,0.255213,0.058925,-0.007103
16.3833,-0.324462,-0.105646,-0.617921,0.892586,0.251578,0.060161,-0.008230
16.4000,-0.310212,-0.092609,-0.630780,0.872117,0.247636,0.063910,-0.009547
16.4167,-0.288545,-0.080040,-0.643585,0.844855,0.241087,0.067081,-0.011169
16.4333,-0.261094,-0.068197,-0.659967,0.825344,0.230919,0.070605,-0.015372
16.4500,-0.208372,-0.053996,-0.690111,0.794541,0.209680,0.073587,-0.022393
16.4667,-0.136539,-0.043299,-0.736286,0.780334,0.176266,0.075405,-0.034519
16.4833,-0.059967,-0.040629,-0.788889,0.792247,0.136137,0.075346,-0.048518
16.5000,0.008777,-0.050929,-0.827089,0.852260,0.094502,0.075869,-0.064189
16.5167,0.076312,-0.043238,-0.865296,0.905627,0.052822,0.084588,-0.076908
16.5333,0.122855,-0.028795,-0.900821,0.959109,0.019956,0.097277,-0.086735
16.5500,0.146797,-0.030312,-0.902535,1.046987,-0.003736,0.109995,-0.096116
16.5667,0.166635,-0.015663,-0.889164,1.118305,-0.023011,0.130058,-0.102911
16.5833,0.177330,0.002565,-0.863733,1.189891,-0.037801,0.153221,-0.108226
16.6000,0.187574,0.047270,-0.894645,1.203965,-0.047495,0.178798,-0.109309
16.6167,0.193003,0.077419,-0.926262,1.228473,-0.055739,0.198179,-0.109856
16.6333,0.197723,0.107048,-0.955881,1.230915,-0.060541,0.213345,-0.109440
16.6500,0.199321,0.149978,-1.012629,1.191532,-0.060555,0.226577,-0.108000
16.6667,0.201179,0.213117,-1.083235,1.105598,-0.058436,0.240089,-0.104416
16.6833,0.202178,0.260865,-1.094834,1.036721,-0.054217,0.250937,-0.101090
16.7000,0.211715,0.288958,-1.059802,0.987214,-0.051258,0.257777,-0.097798
16.7167,0.225656,0.302756,-1.004385,0.951986,-0.049191,0.261752,-0.095228
16.7333,0.240740,0.309699,-0.951131,0.926836,-0.048585,0.264600,-0.093181
16.7500,0.245740,0.304368,-0.914869,0.922435,-0.046910,0.264087,-0.093369
16.7667,0.237706,0.295629,-0.902022,0.929897,-0.042349,0.262201,-0.094861
16.7833,0.222370,0.282318,-0.891786,0.948544,-0.035657,0.259577,-0.097183
16.8000,0.202887,0.265622,-0.883326,0.975143,-0.027969,0.256331,-0.099897
16.8167,0.190307,0.250719,-0.875712,0.986314,-0.021830,0.251041,-0.101128
16.8333,0.177676,0.227667,-0.862963,1.002878,-0.016010,0.242737,-0.102993
16.8500,0.166138,0.202017,-0.856484,1.009819,-0.009926,0.230867,-0.104098
16.8667,0.151851,0.169856,-0.859920,1.012820,-0.002640,0.214095,-0.104778
16.8833,0.131850,0.132286,-0.860216,1.023844,0.006761,0.195931,-0.105412
16.9000,0.104050,0.083757,-0.840403,1.052647,0.019317,0.176125,-0.106236
16.9167,0.072668,0.028977,-0.818406,1.079139,0.033894,0.152514,-0.105079
16.9333,0.038828,-0.011298,-0.808738,1.084828,0.051135,0.132376,-0.101475
16.9500,0.010479,-0.032554,-0.808228,1.065353,0.067998,0.117742,-0.095991
16.9667,-0.009056,-0.040775,-0.802570,1.025458,0.083354,0.107382,-0.089310
16.9833,-0.024210,-0.040569,-0.804231,0.978798,0.096520,0.100246,-0.082356
17.0000,-0.032570,-0.042556,-0.771134,0.932774,0.109467,0.095357,-0.075306
17.0167,-0.031660,-0.043157,-0.716136,0.884047,0.120657,0.094209,-0.068424
17.0333,-0.035432,-0.052603,-0.689024,0.855963,0.128327,0.089168,-0.062947
17.0500,-0.040473,-0.069639,-0.686267,0.852915,0.130860,0.080564,-0.059783
17.0667,-0.045540,-0.084136,-0.688258,0.850148,0.133012,0.072688,-0.056793
17.0833,-0.046353,-0.102906,-0.682078,0.847990,0.133989,0.063786,-0.053642
17.1000,-0.048289,-0.127869,-0.671414,0.853175,0.134768,0.053172,-0.050633
17.1167,-0.052087,-0.146276,-0.654970,0.859869,0.136775,0.046525,-0.048566
17.1333,-0.053031,-0.170249,-0.580988,0.866835,0.142867,0.043649,-0.046711
17.1500,-0.060356,-0.184968,-0.504625,0.872609,0.151023,0.045772,-0.045820
17.1667,-0.074912,-0.203342,-0.441417,0.883098,0.159650,0.044712,-0.043911
17.1833,-0.090681,-0.215150,-0.400278,0.894515,0.166752,0.044043,-0.042321
17.2000,-0.123438,-0.220708,-0.381185,0.916893,0.177844,0.043515,-0.040569
17.2167,-0.168185,-0.225174,-0.350836,0.947995,0.193538,0.044226,-0.037897
17.2333,-0.222136,-0.231584,-0.339168,0.999397,0.208280,0.042243,-0.035295
17.2500,-0.275496,-0.241012,-0.328092,1.057381,0.221420,0.038753,-0.032286
17.2667,-0.314282,-0.253486,-0.313314,1.100388,0.230377,0.033769,-0.028543
17.2833,-0.345430,-0.268760,-0.300091,1.135576,0.236641,0.027217,-0.024728
17.3000,-0.355488,-0.280082,-0.296071,1.137363,0.239157,0.021224,-0.020334
17.3167,-0.353549,-0.285250,-0.295489,1.120824,0.240258,0.017790,-0.016934
17.3333,-0.341602,-0.276548,-0.282729,1.068309,0.244985,0.021057,-0.012267
17.3500,-0.326342,-0.266599,-0.253742,1.005487,0.250759,0.027050,-0.007028
17.3667,-0.337092,-0.284120,-0.149593,0.990212,0.261325,0.028083,-0.001964
17.3833,-0.355023,-0.302959,-0.034469,0.983485,0.271860,0.030335,0.003178
17.4000,-0.375438,-0.319505,0.054242,0.973996,0.281490,0.031242,0.009429
17.4167,-0.389358,-0.331565,0.107708,0.961731,0.287843,0.031145,0.015037
17.4333,-0.398035,-0.338913,0.131825,0.950828,0.291782,0.030402,0.019388
17.4500,-0.397347,-0.345379,0.138876,0.935580,0.292791,0.028953,0.022645
17.4667,-0.393036,-0.352484,0.141935,0.913400,0.293524,0.027383,0.026240
17.4833,-0.392807,-0.350974,0.117695,0.898841,0.294700,0.026060,0.029447
17.5000,-0.388677,-0.346912,0.085651,0.880159,0.295250,0.025102,0.032674
17.5167,-0.378649,-0.338559,0.046469,0.854828,0.294660,0.025690,0.035274
17.5333,-0.366335,-0.324577,0.000616,0.824523,0.293962,0.027981,0.037596
17.5500,-0.353635,-0.307203,-0.051757,0.792738,0.292916,0.030443,0.039860
17.5667,-0.337381,-0.291195,-0.101290,0.758106,0.290483,0.032331,0.041907
17.5833,-0.326090,-0.284892,-0.139085,0.732586,0.288137,0.030618,0.044227
17.6000,-0.313539,-0.280076,-0.174660,0.707424,0.284859,0.028377,0.046455
17.6167,-0.301054,-0.276288,-0.215785,0.685589,0.280454,0.024567,0.048303
17.6333,-0.279639,-0.274083,-0.257590,0.642791,0.274507,0.020302,0.052770
17.6500,-0.252216,-0.272322,-0.306782,0.601380,0.265327,0.014761,0.055796
17.6667,-0.229555,-0.257917,-0.354807,0.562284,0.258082,0.014255,0.057212
17.6833,-0.207910,-0.237289,-0.410115,0.520935,0.250192,0.014562,0.058617
17.7000,-0.195219,-0.213134,-0.474307,0.477857,0.243527,0.013808,0.061754
17.7167,-0.194586,-0.187120,-0.539665,0.437140,0.239329,0.012584,0.066471
17.7333,-0.200516,-0.163267,-0.591656,0.394836,0.237756,0.012072,0.073142
17.7500,-0.201137,-0.147286,-0.624105,0.340851,0.236223,0.011505,0.082779
17.7667,-0.198654,-0.120964,-0.654635,0.268182,0.233836,0.014899,0.093889
17.7833,-0.202423,-0.086869,-0.704073,0.186473,0.229003,0.017372,0.106387
17.8667,-0.416780,0.014203,-1.159473,-0.114393,0.176502,-0.015266,0.162004
17.8833,-0.439626,0.069948,-1.195556,-0.199024,0.176700,-0.001213,0.179452
17.9000,-0.449412,0.119056,-1.159932,-0.258354,0.185986,0.016310,0.189604
17.9167,-0.452633,0.156868,-1.121701,-0.297189,0.193781,0.030592,0.196492
17.9333,-0.445763,0.191206,-1.078891,-0.324028,0.201007,0.044610,0.200746
17.9500,-0.439434,0.211889,-1.048182,-0.341026,0.205314,0.053708,0.203389
17.9667,-0.422636,0.229360,-1.016097,-0.354958,0.207827,0.062611,0.204455
17.9833,-0.403384,0.243133,-0.986999,-0.364395,0.209357,0.070455,0.203975
18.0000,-0.390747,0.250363,-0.967510,-0.367801,0.210487,0.075203,0.203007
18.0167,-0.384284,0.251632,-0.954547,-0.365884,0.211836,0.077254,0.202248
18.0333,-0.382536,0.247153,-0.941949,-0.361106,0.214013,0.077385,0.202537
18.0500,-0.381540,0.240908,-0.933020,-0.356823,0.215411,0.076545,0.202974
18.0667,-0.379953,0.237506,-0.927637,-0.353248,0.216186,0.076184,0.202824
18.0833,-0.378842,0.234020,-0.925142,-0.349652,0.216555,0.075471,0.202462
18.1000,-0.383694,0.230845,-0.928685,-0.345120,0.217152,0.073866,0.202334
18.1167,-0.388999,0.225088,-0.934497,-0.340047,0.217302,0.071204,0.202463
18.1333,-0.402781,0.213407,-0.956127,-0.332535,0.215912,0.064620,0.202574
18.1500,-0.415096,0.198944,-0.978323,-0.321197,0.214365,0.057294,0.202394
18.1667,-0.426617,0.183022,-0.997775,-0.303877,0.213675,0.049865,0.201415
18.1833,-0.434582,0.168137,-1.009157,-0.280658,0.214557,0.043654,0.199471
18.2000,-0.434289,0.161132,-1.011822,-0.257731,0.216133,0.041052,0.195958
18.2167,-0.432235,0.155222,-1.006811,-0.234591,0.218936,0.039706,0.192432
18.2333,-0.427285,0.152648,-1.001469,-0.209564,0.221607,0.039621,0.187453
18.2500,-0.417027,0.154079,-1.000230,-0.181618,0.222945,0.040799,0.179803
18.2667,-0.407017,0.150264,-0.998541,-0.139775,0.225266,0.040734,0.169901
18.2833,-0.393322,0.137326,-0.975188,-0.076953,0.231928,0.040902,0.158256
18.3000,-0.379706,0.119227,-0.942256,0.001269,0.240301,0.041499,0.144316
18.3167,-0.367027,0.099120,-0.892041,0.085931,0.251130,0.044658,0.130343
18.3333,-0.356648,0.082680,-0.841933,0.163795,0.260532,0.049722,0.117016
18.3500,-0.346741,0.069364,-0.801920,0.234841,0.266544,0.054954,0.103605
18.3667,-0.338439,0.044730,-0.791899,0.320122,0.265917,0.052718,0.086584
18.3833,-0.323602,0.012733,-0.759296,0.418794,0.264995,0.052302,0.067709
18.4000,-0.315631,-0.027549,-0.707888,0.511267,0.265833,0.050005,0.053186
18.4167,-0.319039,-0.060806,-0.685255,0.592019,0.264807,0.044786,0.041753
18.4333,-0.322078,-0.084120,-0.666818,0.655641,0.263544,0.041820,0.033014
18.4500,-0.331636,-0.102410,-0.644488,0.715591,0.264932,0.040842,0.026044
18.4667,-0.341377,-0.112073,-0.623220,0.764268,0.266981,0.042618,0.020518
18.4833,-0.350271,-0.116203,-0.599195,0.799839,0.269981,0.046143,0.016816
18.5000,-0.354534,-0.115935,-0.586660,0.823473,0.271002,0.049630,0.013635
18.5167,-0.365275,-0.126772,-0.589735,0.864770,0.270406,0.047313,0.009580
18.5333,-0.383700,-0.143524,-0.590545,0.918167,0.271282,0.043088,0.006205
18.5500,-0.400512,-0.159463,-0.591448,0.962411,0.272065,0.038508,0.004536
18.5667,-0.410040,-0.182980,-0.581027,0.999182,0.270595,0.030849,0.003813
18.5833,-0.411409,-0.197662,-0.570301,1.013023,0.268877,0.025774,0.004042
18.6000,-0.410281,-0.204221,-0.560583,1.017369,0.267977,0.023873,0.004038
18.6167,-0.405692,-0.202120,-0.553062,1.006139,0.268110,0.024753,0.004747
18.6333,-0.395760,-0.203453,-0.541525,0.988977,0.266776,0.024088,0.005751
18.6500,-0.387216,-0.200350,-0.527183,0.968060,0.267134,0.025629,0.006996
18.6667,-0.379517,-0.198416,-0.501334,0.947090,0.268692,0.027814,0.008741
18.6833,-0.371084,-0.195663,-0.476212,0.924857,0.270056,0.030621,0.010449
18.7000,-0.359921,-0.194510,-0.449248,0.900914,0.270595,0.033182,0.012065
18.7167,-0.348644,-0.196460,-0.423209,0.878204,0.270605,0.034588,0.013739
18.7333,-0.340676,-0.202229,-0.401369,0.866401,0.270022,0.034368,0.014559
18.7500,-0.336391,-0.206740,-0.387741,0.858705,0.269817,0.033845,0.015359
18.7667,-0.334423,-0.211772,-0.370923,0.854042,0.270429,0.033461,0.016278
18.7833,-0.332233,-0.219166,-0.347130,0.850307,0.271159,0.032916,0.017290
18.8000,-0.329217,-0.227095,-0.325175,0.847258,0.271206,0.032065,0.017998
18.8167,-0.325195,-0.234964,-0.297190,0.845113,0.271250,0.032159,0.018143
18.8333,-0.319967,-0.242388,-0.265398,0.841337,0.271236,0.033092,0.018077
18.8500,-0.314365,-0.249856,-0.243991,0.841775,0.269710,0.032860,0.017161
18.8667,-0.308970,-0.254161,-0.223571,0.842389,0.268506,0.033967,0.015797
18.8833,-0.301230,-0.258621,-0.205934,0.843023,0.266181,0.034775,0.013965
18.9000,-0.293328,-0.260390,-0.208078,0.847143,0.262269,0.034313,0.011432
18.9167,-0.286988,-0.261800,-0.220115,0.856918,0.257798,0.032639,0.008435
18.9333,-0.279312,-0.261923,-0.236961,0.866759,0.252657,0.031035,0.005176
18.9500,-0.267907,-0.258959,-0.263755,0.870911,0.246400,0.029804,0.001952
18.9667,-0.244009,-0.245579,-0.307649,0.857290,0.237215,0.031584,-0.001819
18.9833,-0.216090,-0.232453,-0.342378,0.845801,0.226723,0.034511,-0.007138
19.0000,-0.183699,-0.211867,-0.381318,0.830026,0.214633,0.040380,-0.013474
19.0167,-0.142456,-0.188077,-0.430292,0.813112,0.197882,0.046548,-0.021150
19.0333,-0.084027,-0.163752,-0.482794,0.788501,0.174017,0.052358,-0.029549
19.0500,-0.025308,-0.138343,-0.523694,0.776404,0.148289,0.060583,-0.039711
19.0667,0.025233,-0.124654,-0.538764,0.805357,0.121268,0.068939,-0.052951
19.0833,0.047180,-0.128861,-0.539564,0.891890,0.097763,0.074134,-0.068289
19.1000,0.059636,-0.147474,-0.511140,1.023792,0.071370,0.078715,-0.084091
19.1333,0.095046,-0.123330,-0.476908,1.222095,0.017622,0.112130,-0.104930
19.1500,0.103945,-0.111097,-0.414751,1.308220,-0.003258,0.129777,-0.111724
19.1667,0.111102,-0.091832,-0.361490,1.361592,-0.017720,0.147345,-0.114583
19.1833,0.116833,-0.064087,-0.328108,1.388573,-0.026587,0.166742,-0.115797
19.2000,0.124050,-0.034261,-0.316472,1.397366,-0.032552,0.185217,-0.115757
19.2167,0.133826,-0.002772,-0.338570,1.383822,-0.035303,0.201841,-0.114886
19.2333,0.155756,0.037258,-0.437635,1.322956,-0.035754,0.215146,-0.112787
19.2500,0.186110,0.106202,-0.604919,1.212959,-0.036001,0.230096,-0.109758
19.2667,0.205372,0.169956,-0.736314,1.115539,-0.037066,0.240552,-0.106495
19.2833,0.217215,0.213071,-0.804340,1.044519,-0.037730,0.246543,-0.103085
19.3000,0.223328,0.232307,-0.816982,1.008188,-0.037035,0.249460,-0.101200
19.3167,0.217955,0.227546,-0.801041,1.015534,-0.034189,0.249449,-0.102350
19.3333,0.210438,0.215356,-0.776632,1.030430,-0.030485,0.247408,-0.103753
19.3500,0.201638,0.198329,-0.751308,1.043595,-0.025786,0.242554,-0.105160
19.3667,0.192722,0.182869,-0.734719,1.047501,-0.020222,0.236386,-0.105940
19.3833,0.186758,0.174165,-0.752867,1.019915,-0.013630,0.226248,-0.104641
19.4000,0.171280,0.155095,-0.779532,1.007562,-0.005323,0.212100,-0.104483
19.4167,0.149462,0.123860,-0.827722,0.984891,0.005984,0.188039,-0.102606
19.4333,0.120038,0.073914,-0.887700,0.974822,0.017831,0.155121,-0.099379
19.4500,0.086170,0.003640,-0.937903,0.975419,0.030798,0.114254,-0.093065
19.5000,-0.022542,-0.199034,-0.829536,1.044818,0.082996,0.026551,-0.070948
19.5500,-0.099507,-0.206436,-0.511020,0.942046,0.158223,0.037049,-0.049749
19.5667,-0.122594,-0.223548,-0.375332,0.924047,0.177832,0.042472,-0.041199
19.5833,-0.138582,-0.229312,-0.298075,0.902070,0.191543,0.047715,-0.035475
19.6000,-0.146925,-0.230456,-0.256280,0.879085,0.200298,0.051604,-0.030756
19.6167,-0.150917,-0.230698,-0.235944,0.862594,0.205213,0.053717,-0.027580
19.6333,-0.157620,-0.228582,-0.237742,0.855848,0.208732,0.054138,-0.025457
19.6500,-0.167739,-0.222269,-0.254752,0.856101,0.212094,0.054439,-0.024038
19.6667,-0.172852,-0.215958,-0.290317,0.858514,0.212017,0.052538,-0.023318
19.6833,-0.180313,-0.208564,-0.322413,0.862172,0.213071,0.051598,-0.022884
19.7000,-0.184924,-0.206647,-0.343490,0.865223,0.213428,0.049573,-0.022234
19.7167,-0.189609,-0.204700,-0.357288,0.864416,0.214728,0.048408,-0.021152
19.7333,-0.195230,-0.199862,-0.367436,0.860933,0.217102,0.048966,-0.019925
19.7500,-0.202163,-0.192558,-0.377505,0.855265,0.220378,0.050555,-0.018392
19.7667,-0.199018,-0.182385,-0.388776,0.835083,0.221502,0.053093,-0.016370
19.7833,-0.188494,-0.177286,-0.397222,0.806739,0.220560,0.053525,-0.013786
19.8000,-0.184211,-0.176392,-0.400028,0.787168,0.221165,0.052900,-0.011364
19.8167,-0.176999,-0.176919,-0.395553,0.766045,0.221264,0.052680,-0.008830
19.8333,-0.172911,-0.175105,-0.400529,0.746076,0.221645,0.052219,-0.006227
19.8500,-0.159356,-0.170049,-0.421668,0.713894,0.218450,0.050754,-0.003066
19.8667,-0.151507,-0.166422,-0.449569,0.679613,0.216876,0.047181,0.001621
19.8833,-0.137430,-0.160932,-0.480091,0.627410,0.214258,0.043350,0.008849
19.9000,-0.132724,-0.159201,-0.504446,0.582608,0.214389,0.038671,0.016731
19.9167,-0.132565,-0.154965,-0.543068,0.541061,0.213639,0.032585,0.024937
19.9333,-0.137807,-0.149556,-0.589177,0.500244,0.213123,0.025483,0.034008
19.9833,-0.171068,-0.091811,-0.905407,0.255271,0.181329,-0.010603,0.080256
20.0000,-0.191151,-0.075296,-1.020217,0.161823,0.166679,-0.021729,0.099547
20.0167,-0.225331,-0.079902,-1.141804,0.096138,0.146910,-0.037283,0.115783
20.0333,-0.256851,-0.093054,-1.209496,0.048300,0.136691,-0.047919,0.131098
20.0500,-0.282732,-0.115570,-1.260162,0.019362,0.127328,-0.058654,0.143835
20.0667,-0.306327,-0.099655,-1.276611,-0.035614,0.127103,-0.054461,0.154066
20.0833,-0.314593,-0.049444,-1.266025,-0.111468,0.131288,-0.037584,0.161073
20.1000,-0.310252,0.006738,-1.214508,-0.186128,0.142203,-0.016149,0.168519
20.1167,-0.303251,0.046855,-1.147376,-0.238689,0.154879,0.001836,0.175552
20.1333,-0.300234,0.067879,-1.081680,-0.270461,0.167078,0.014329,0.182290
20.1500,-0.302095,0.073727,-1.021733,-0.287807,0.178460,0.022103,0.189087
20.1667,-0.306237,0.071661,-0.960455,-0.293371,0.190678,0.028052,0.195391
20.1833,-0.311709,0.069150,-0.907169,-0.290437,0.201845,0.033240,0.199705
20.2000,-0.317833,0.065847,-0.867119,-0.283495,0.210647,0.036803,0.202568
20.2167,-0.320474,0.069897,-0.839443,-0.278119,0.216794,0.041250,0.203318
20.2333,-0.316568,0.083855,-0.828958,-0.275620,0.218936,0.046649,0.200855
20.2500,-0.313038,0.100044,-0.823865,-0.272870,0.220535,0.052133,0.197691
20.2667,-0.311438,0.115177,-0.821813,-0.270046,0.221902,0.056869,0.194891
20.2833,-0.312184,0.127263,-0.821953,-0.266920,0.223164,0.060325,0.192808
20.3000,-0.307886,0.138608,-0.814489,-0.264621,0.224675,0.064973,0.190818
20.3167,-0.304121,0.148668,-0.815898,-0.258732,0.224805,0.067905,0.187428
20.3333,-0.298077,0.155618,-0.815612,-0.250565,0.224865,0.070373,0.183752
20.3500,-0.296280,0.158793,-0.816794,-0.245784,0.224950,0.071306,0.181777
20.3667,-0.302353,0.159193,-0.826319,-0.237385,0.225367,0.069770,0.180277
20.3833,-0.312734,0.154017,-0.842055,-0.221070,0.226016,0.065462,0.178380
20.4000,-0.326069,0.143719,-0.864737,-0.200847,0.225984,0.058519,0.176432
20.4167,-0.342319,0.126674,-0.898069,-0.171700,0.224745,0.048046,0.173278
20.4333,-0.365200,0.101837,-0.939883,-0.135211,0.223056,0.033983,0.170373
20.4500,-0.390184,0.077784,-0.989771,-0.096893,0.219954,0.019500,0.166995
20.4667,-0.405027,0.059755,-1.030934,-0.067170,0.215899,0.008818,0.163607
20.4833,-0.410462,0.044005,-1.064075,-0.035665,0.211580,0.000515,0.158227
20.5000,-0.407776,0.042585,-1.081852,-0.009244,0.209751,-0.001029,0.151232
20.5167,-0.400466,0.038511,-1.084684,0.024966,0.210207,-0.001624,0.143297
20.5333,-0.390860,0.030066,-1.062533,0.074059,0.215833,-0.000815,0.134518
20.5500,-0.374552,0.023406,-1.016338,0.128998,0.224614,0.004005,0.124506
20.5667,-0.360381,0.018833,-0.964441,0.185952,0.234177,0.011171,0.113654
20.5833,-0.345362,0.008381,-0.897899,0.250304,0.244709,0.019279,0.102434
20.6000,-0.332813,0.003205,-0.838457,0.309014,0.253000,0.029154,0.090849
20.6167,-0.322575,-0.009158,-0.776191,0.372660,0.260273,0.037462,0.079427
20.6333,-0.308807,-0.012839,-0.754280,0.411127,0.258877,0.042538,0.069135
20.6500,-0.300633,-0.013310,-0.763648,0.440058,0.254398,0.043768,0.060272
20.6667,-0.297765,-0.020829,-0.782354,0.478772,0.249532,0.041358,0.051424
20.6833,-0.289075,-0.028936,-0.790088,0.508647,0.244386,0.039864,0.044145
20.7000,-0.285557,-0.034005,-0.784172,0.539247,0.243138,0.041362,0.037744
20.7167,-0.283643,-0.037267,-0.765846,0.569929,0.244120,0.045168,0.032020
20.7333,-0.277297,-0.036192,-0.747087,0.592706,0.243771,0.050539,0.026469
20.7500,-0.271613,-0.033663,-0.727013,0.616066,0.243655,0.056861,0.020653
20.7667,-0.265240,-0.038732,-0.702561,0.641897,0.242876,0.060543,0.015334
20.7833,-0.262821,-0.046658,-0.681133,0.667437,0.242627,0.062253,0.011084
20.8000,-0.268551,-0.058577,-0.667590,0.697329,0.243669,0.060969,0.008054
20.8167,-0.273759,-0.064117,-0.659855,0.720516,0.244559,0.061233,0.005620
20.8333,-0.276687,-0.070797,-0.655955,0.734550,0.244622,0.059705,0.004575
20.8500,-0.275609,-0.069744,-0.654526,0.741191,0.243948,0.061070,0.003065
20.8667,-0.274088,-0.067635,-0.662119,0.742239,0.242528,0.061362,0.002099
20.8833,-0.269694,-0.070463,-0.664481,0.747266,0.240029,0.060458,0.000524
20.9000,-0.263251,-0.079409,-0.662413,0.758647,0.236300,0.057924,-0.001876
20.9167,-0.258991,-0.085674,-0.661122,0.764539,0.233889,0.055940,-0.003198
20.9333,-0.257146,-0.086020,-0.664972,0.765343,0.232629,0.055539,-0.003865
20.9500,-0.259982,-0.082098,-0.668249,0.765652,0.233646,0.056931,-0.004008
20.9667,-0.260842,-0.077343,-0.661744,0.769809,0.234785,0.060315,-0.005029
20.9833,-0.257612,-0.071940,-0.651099,0.773476,0.234781,0.064714,-0.006815
21.0000,-0.261658,-0.059711,-0.640830,0.773467,0.238343,0.071690,-0.007424
21.0167,-0.262138,-0.043897,-0.627993,0.768094,0.241399,0.080323,-0.007721
21.0333,-0.254922,-0.029234,-0.619213,0.756999,0.241238,0.087811,-0.008438
21.0500,-0.239347,-0.019048,-0.617070,0.742726,0.236927,0.092490,-0.010079
21.0667,-0.224793,-0.015437,-0.619299,0.733501,0.231752,0.093923,-0.012099
21.0833,-0.208120,-0.017371,-0.637766,0.728566,0.223188,0.091089,-0.014949
21.1000,-0.190610,-0.026836,-0.660982,0.739122,0.212031,0.085629,-0.019923
21.1167,-0.170789,-0.041805,-0.700908,0.763845,0.196325,0.077193,-0.027032
21.1500,-0.099410,-0.041509,-0.871503,0.799436,0.141960,0.066301,-0.044708
21.1667,-0.071471,-0.024120,-0.966396,0.810389,0.117769,0.068895,-0.054466
21.1833,-0.048767,-0.010987,-1.028428,0.828095,0.098670,0.073684,-0.061855
21.2000,-0.028545,0.018814,-1.063156,0.822856,0.085921,0.085654,-0.067001
21.2167,-0.012862,0.047112,-1.066871,0.823873,0.078564,0.100131,-0.071894
21.2333,0.001332,0.074265,-1.037537,0.817472,0.076646,0.115279,-0.074828
21.2500,0.007065,0.096984,-1.013530,0.819521,0.076973,0.129293,-0.077639
21.2667,0.007835,0.132359,-1.012743,0.810044,0.077642,0.145989,-0.079149
21.2833,0.005893,0.170823,-1.031045,0.793822,0.077699,0.161482,-0.079400
21.3000,-0.006669,0.216744,-1.073167,0.782966,0.079191,0.179777,-0.079850
21.3167,-0.029141,0.261996,-1.153182,0.775227,0.079836,0.195888,-0.079913
21.3333,-0.048916,0.289787,-1.237098,0.781411,0.077461,0.206418,-0.080862
21.3500,-0.058599,0.308626,-1.293484,0.785689,0.074047,0.214249,-0.081437
21.3667,-0.062386,0.322448,-1.319130,0.791050,0.072162,0.221395,-0.081956
21.3833,-0.060217,0.326729,-1.322762,0.799923,0.070356,0.225283,-0.082779
21.4000,-0.063050,0.339725,-1.330813,0.792001,0.070969,0.230111,-0.081950
21.4167,-0.066644,0.342140,-1.341367,0.790320,0.071274,0.230618,-0.081738
21.4333,-0.070441,0.343191,-1.351424,0.787637,0.071740,0.230229,-0.081439
21.4500,-0.074062,0.344462,-1.359570,0.781121,0.072457,0.229220,-0.080766
21.4667,-0.078014,0.348024,-1.366909,0.766595,0.073589,0.227762,-0.079300
21.4833,-0.079213,0.348541,-1.368640,0.755688,0.074072,0.225667,-0.078181
21.5000,-0.078552,0.350391,-1.362704,0.744357,0.074862,0.224436,-0.076972
21.5167,-0.077346,0.351268,-1.356352,0.732802,0.075455,0.222718,-0.075781
21.5333,-0.076337,0.351427,-1.349589,0.721849,0.076213,0.220791,-0.074632
21.5500,-0.076045,0.335801,-1.339011,0.733605,0.077308,0.215512,-0.075779
21.5667,-0.074378,0.305938,-1.319585,0.763940,0.078421,0.206952,-0.078594
21.5833,-0.072612,0.240731,-1.295517,0.831335,0.078233,0.187612,-0.084326
21.6000,-0.066104,0.121964,-1.244575,0.953360,0.075066,0.151653,-0.091596
21.6167,-0.057359,-0.029267,-1.144675,1.104793,0.069778,0.105227,-0.094481
21.6333,-0.058101,-0.116272,-1.089021,1.146062,0.069907,0.069806,-0.088088
21.6500,-0.063965,-0.243458,-0.944441,1.271359,0.066977,0.030781,-0.081728
21.6667,-0.086141,-0.334724,-0.786984,1.344239,0.071531,0.000545,-0.071842
21.6833,-0.107149,-0.376998,-0.684312,1.346936,0.081565,-0.016660,-0.062185
21.7000,-0.109234,-0.356179,-0.691500,1.247128,0.097181,-0.018778,-0.054798
21.7167,-0.113262,-0.311352,-0.686406,1.130399,0.117832,-0.011364,-0.049700
21.7333,-0.123932,-0.274879,-0.609113,1.048658,0.141324,0.002646,-0.045883
21.7500,-0.148252,-0.255293,-0.519473,1.006779,0.164793,0.015689,-0.041703
21.7667,-0.173000,-0.232806,-0.461523,0.975318,0.184467,0.029359,-0.037519
21.7833,-0.190633,-0.209776,-0.443893,0.949590,0.197559,0.040211,-0.033835
21.8000,-0.205577,-0.190361,-0.447321,0.935185,0.206454,0.047778,-0.031325
21.8167,-0.214606,-0.172661,-0.472142,0.920207,0.211294,0.052245,-0.029089
21.8333,-0.215175,-0.162899,-0.510586,0.902976,0.211259,0.051331,-0.026868
21.8500,-0.218500,-0.150093,-0.556481,0.888169,0.211368,0.051072,-0.025370
21.8667,-0.221787,-0.134449,-0.588050,0.870404,0.213035,0.053333,-0.023761
21.8833,-0.225485,-0.122451,-0.607759,0.857892,0.214915,0.055552,-0.022498
21.9000,-0.231602,-0.111441,-0.626755,0.851100,0.217014,0.057819,-0.021685
21.9167,-0.239078,-0.103903,-0.654840,0.845039,0.218316,0.057393,-0.020315
21.9333,-0.246398,-0.094028,-0.688723,0.835364,0.219322,0.057091,-0.018719
21.9500,-0.250988,-0.085197,-0.724474,0.823009,0.218973,0.055912,-0.017118
21.9667,-0.253358,-0.072947,-0.750426,0.805005,0.219332,0.056867,-0.015361
21.9833,-0.253512,-0.062788,-0.752030,0.787277,0.221364,0.059464,-0.013384
22.0000,-0.257417,-0.056279,-0.745379,0.773913,0.225158,0.061584,-0.010915
22.0167,-0.259583,-0.054358,-0.728641,0.758746,0.229222,0.062496,-0.007452
22.0333,-0.255877,-0.054496,-0.723006,0.731561,0.230173,0.060306,-0.002848
22.0500,-0.251966,-0.059817,-0.731558,0.700105,0.229145,0.053716,0.002805
22.0667,-0.247830,-0.063599,-0.743884,0.656060,0.228248,0.046273,0.010765
22.0833,-0.233288,-0.072676,-0.744910,0.602410,0.224981,0.037743,0.020048
22.1000,-0.219100,-0.078195,-0.749814,0.541840,0.221631,0.030399,0.030246
22.1167,-0.204583,-0.080693,-0.772830,0.472562,0.215516,0.021868,0.041807
22.1333,-0.198901,-0.072101,-0.806961,0.391556,0.210775,0.015865,0.055676
22.1500,-0.203776,-0.056941,-0.875366,0.304518,0.201946,0.007591,0.070953
22.1667,-0.209322,-0.039106,-0.950731,0.209936,0.189684,0.000195,0.087280
22.1833,-0.212528,-0.014130,-1.032758,0.106245,0.172847,-0.003807,0.103038
22.2000,-0.216741,-0.002420,-1.088812,0.026648,0.159969,-0.007219,0.116748
22.2167,-0.246846,-0.015975,-1.142598,-0.012259,0.152731,-0.017790,0.129244
22.2333,-0.282198,-0.027263,-1.152894,-0.040773,0.156642,-0.023551,0.142604
22.2500,-0.309872,-0.031998,-1.138416,-0.070037,0.163756,-0.024884,0.155471
22.2667,-0.322362,-0.026605,-1.097266,-0.097737,0.174052,-0.020109,0.165627
22.2833,-0.322042,-0.006622,-1.060483,-0.135732,0.180545,-0.010161,0.172505
22.3000,-0.318300,0.014550,-1.035037,-0.171191,0.183885,-0.000520,0.177067
22.3167,-0.315716,0.034208,-1.024342,-0.200545,0.184527,0.007113,0.179798
22.3333,-0.311318,0.056595,-1.022678,-0.231316,0.182980,0.014742,0.181660
22.3500,-0.305883,0.082259,-1.027269,-0.259754,0.180334,0.022683,0.182000
22.3667,-0.296933,0.104849,-1.023973,-0.281469,0.179024,0.030514,0.181731
22.3833,-0.288758,0.121089,-1.014712,-0.295535,0.179177,0.036888,0.181395
22.4000,-0.281186,0.132870,-1.003302,-0.304366,0.179908,0.042028,0.180949
22.4167,-0.273725,0.140506,-0.988555,-0.309064,0.181378,0.046255,0.180563
22.4333,-0.272679,0.141381,-0.973668,-0.306624,0.184368,0.048186,0.180574
22.4500,-0.273599,0.136756,-0.963451,-0.301029,0.186693,0.047823,0.180847
22.4667,-0.274338,0.133542,-0.952037,-0.294252,0.189489,0.048039,0.180838
22.4833,-0.270900,0.132060,-0.935093,-0.290195,0.192360,0.049688,0.180912
22.5000,-0.266174,0.125427,-0.917993,-0.285805,0.194591,0.049970,0.181236
22.5167,-0.256641,0.116624,-0.896121,-0.279235,0.196809,0.050508,0.180904
22.5333,-0.247169,0.108656,-0.873260,-0.271240,0.199310,0.051536,0.179949
22.5500,-0.241448,0.102083,-0.856724,-0.261901,0.201485,0.051997,0.178609
22.5667,-0.233535,0.095622,-0.833530,-0.250583,0.204696,0.053635,0.177002
22.5833,-0.228198,0.087831,-0.803559,-0.232896,0.210019,0.055857,0.174837
22.6000,-0.228208,0.083516,-0.776731,-0.213202,0.216004,0.058491,0.172434
22.6167,-0.233553,0.082145,-0.765246,-0.189405,0.220734,0.059371,0.168979
22.6333,-0.235908,0.085093,-0.772957,-0.175497,0.220893,0.058752,0.165683
22.6500,-0.237778,0.089171,-0.789976,-0.161275,0.219522,0.057254,0.161518
22.6667,-0.241898,0.093256,-0.819613,-0.146946,0.216334,0.053892,0.156941
22.6833,-0.242135,0.095643,-0.841451,-0.123018,0.214353,0.051703,0.150413
22.7000,-0.239882,0.092989,-0.851985,-0.086813,0.214234,0.049986,0.141987
22.7167,-0.238939,0.084173,-0.863346,-0.033004,0.214525,0.046550,0.130579
22.7333,-0.239709,0.071797,-0.869186,0.034751,0.216356,0.043334,0.117278
22.7500,-0.236469,0.055230,-0.857521,0.107825,0.219677,0.041891,0.103721
22.7667,-0.230276,0.038043,-0.822455,0.182912,0.225389,0.044258,0.090170
22.7833,-0.224223,0.014284,-0.770488,0.263168,0.232081,0.047311,0.076742
22.8000,-0.215621,-0.008305,-0.732708,0.326411,0.233717,0.048051,0.065458
22.8167,-0.209725,-0.031236,-0.716635,0.382076,0.231785,0.044746,0.055586
22.8333,-0.200584,-0.048343,-0.705770,0.426167,0.228099,0.042485,0.046880
22.8500,-0.192893,-0.057959,-0.701213,0.465382,0.224091,0.042087,0.038253
22.8667,-0.189823,-0.059659,-0.706786,0.499616,0.220537,0.043120,0.030320
22.8833,-0.183495,-0.056441,-0.720207,0.525661,0.215221,0.044883,0.022933
22.9000,-0.184309,-0.055176,-0.731753,0.557413,0.212315,0.046417,0.015948
22.9167,-0.190085,-0.059582,-0.745539,0.595478,0.210150,0.045603,0.009675
22.9333,-0.196149,-0.064393,-0.752896,0.629517,0.209192,0.045249,0.004713
22.9500,-0.200295,-0.069136,-0.752584,0.660678,0.208648,0.045832,0.000210
22.9667,-0.206971,-0.082432,-0.748550,0.701936,0.208211,0.043851,-0.004470
22.9833,-0.210666,-0.099935,-0.752173,0.740611,0.205280,0.038912,-0.008389
23.0000,-0.216130,-0.109637,-0.753343,0.774227,0.204157,0.037418,-0.012176
23.0167,-0.223003,-0.102630,-0.760447,0.785281,0.205611,0.040863,-0.014074
23.0333,-0.231849,-0.094812,-0.772204,0.792676,0.207680,0.043763,-0.015064
23.0500,-0.239541,-0.089497,-0.782427,0.796028,0.209661,0.045221,-0.015024
23.0667,-0.250169,-0.089197,-0.788068,0.806365,0.212550,0.045439,-0.014969
23.0833,-0.262622,-0.088908,-0.786609,0.821320,0.216715,0.046818,-0.015158
23.1000,-0.276471,-0.096446,-0.797573,0.844609,0.218706,0.044216,-0.015606
23.1167,-0.284911,-0.100704,-0.801053,0.858327,0.220426,0.042969,-0.015528
23.1333,-0.288031,-0.102636,-0.796172,0.864941,0.221638,0.043046,-0.015482
23.1500,-0.287349,-0.094770,-0.794825,0.861920,0.222347,0.046670,-0.016045
23.1667,-0.288291,-0.097942,-0.802923,0.877951,0.220429,0.046425,-0.018427
23.1833,-0.285357,-0.100162,-0.825481,0.888853,0.215754,0.044974,-0.020931
23.2000,-0.281724,-0.085253,-0.854873,0.873313,0.213190,0.047948,-0.021684
23.2167,-0.269175,-0.060848,-0.875313,0.841290,0.209584,0.054411,-0.022259
23.2333,-0.257774,-0.039842,-0.887273,0.813881,0.206657,0.060520,-0.022946
23.2500,-0.241829,-0.031112,-0.895962,0.805261,0.200132,0.063640,-0.025796
23.2667,-0.213139,-0.035448,-0.909448,0.808825,0.185985,0.062149,-0.031082
23.2833,-0.173292,-0.047543,-0.944605,0.829747,0.162626,0.057930,-0.039900
23.3000,-0.115457,-0.079513,-0.980268,0.891288,0.127576,0.050320,-0.052845
23.3167,-0.052639,-0.107989,-1.004051,0.967327,0.090181,0.047723,-0.065974
23.3333,0.009770,-0.132040,-0.977881,1.041245,0.057248,0.049788,-0.076546
23.3500,0.058626,-0.153879,-0.918469,1.122184,0.030114,0.055379,-0.085565
23.3667,0.102498,-0.126276,-0.899968,1.142912,0.007427,0.074776,-0.092514
23.3833,0.121457,-0.118109,-0.825917,1.209794,-0.007480,0.093404,-0.100785
23.4167,0.100063,-0.114412,-0.591155,1.416020,-0.026600,0.129703,-0.115517
23.4333,0.101509,-0.087289,-0.591155,1.454644,-0.036202,0.146904,-0.118374
23.4500,0.106834,-0.059651,-0.591155,1.477964,-0.044827,0.163567,-0.119868
23.4667,0.127972,-0.022267,-0.591155,1.463991,-0.053759,0.182659,-0.119617
23.4833,0.147120,0.003259,-0.417561,1.453731,-0.059542,0.200910,-0.118190
23.5000,0.163175,0.029862,-0.321428,1.427502,-0.061718,0.218459,-0.116279
23.5167,0.179995,0.056000,-0.312698,1.378846,-0.060226,0.232237,-0.113643
23.5333,0.194746,0.083826,-0.383726,1.317631,-0.056140,0.241009,-0.111605
23.5500,0.213184,0.122828,-0.507937,1.235315,-0.052454,0.247128,-0.109278
23.5667,0.220174,0.156938,-0.613491,1.165542,-0.047593,0.249406,-0.107934
23.5833,0.220370,0.181367,-0.683895,1.115165,-0.042838,0.249998,-0.106598
23.6000,0.214317,0.194998,-0.731244,1.083200,-0.037363,0.248814,-0.105814
23.6167,0.202585,0.198700,-0.762859,1.073398,-0.031705,0.246865,-0.106016
23.6333,0.186947,0.194729,-0.786772,1.080335,-0.026012,0.244144,-0.106974
23.6500,0.172727,0.193572,-0.811945,1.086284,-0.020940,0.242756,-0.107476
23.6667,0.158891,0.189733,-0.829762,1.098920,-0.016551,0.241597,-0.108305
23.6833,0.145207,0.184213,-0.844209,1.113729,-0.012231,0.240240,-0.109166
23.7000,0.131444,0.177766,-0.858221,1.128728,-0.007773,0.238538,-0.109965
23.7167,0.116602,0.170516,-0.871338,1.146361,-0.002962,0.237000,-0.110811
23.7333,0.105151,0.166758,-0.891094,1.150322,0.001553,0.234578,-0.110869
23.7500,0.094141,0.163846,-0.921403,1.142367,0.006608,0.229893,-0.110551
23.7667,0.084222,0.164533,-0.960108,1.117679,0.012215,0.223460,-0.109471
23.7833,0.065644,0.146916,-1.005942,1.102360,0.020306,0.208514,-0.108855
23.8000,0.047643,0.114604,-1.042855,1.095531,0.027481,0.187625,-0.107729
23.8167,0.030545,0.092870,-1.085502,1.062640,0.035637,0.167175,-0.104266
23.8333,0.014244,0.086724,-1.127988,0.995123,0.045135,0.148381,-0.097766
23.8500,-0.001865,0.068820,-1.144178,0.937263,0.055322,0.126806,-0.090015
23.8667,-0.016006,0.034590,-1.135694,0.904767,0.065080,0.103254,-0.082171
23.8833,-0.022277,-0.012640,-1.099741,0.898934,0.072421,0.079882,-0.075196
23.9000,-0.029780,-0.068244,-1.032826,0.921444,0.081457,0.059398,-0.070125
23.9167,-0.037771,-0.106771,-0.960897,0.929685,0.091887,0.046156,-0.064893
23.9333,-0.043647,-0.138999,-0.870136,0.937908,0.102891,0.038034,-0.060727
23.9500,-0.047991,-0.170986,-0.756692,0.951972,0.113756,0.033382,-0.057985
23.9667,-0.049487,-0.198453,-0.633287,0.961887,0.123260,0.032263,-0.056217
23.9833,-0.049711,-0.214422,-0.544440,0.960340,0.129750,0.033368,-0.054775
24.0000,-0.056775,-0.226478,-0.495546,0.965142,0.134774,0.032942,-0.053724
24.0167,-0.064346,-0.227767,-0.499931,0.961621,0.137767,0.031673,-0.051859
24.0333,-0.076239,-0.224774,-0.532072,0.959640,0.140751,0.029415,-0.049929
24.0500,-0.089343,-0.222546,-0.578620,0.962579,0.142412,0.025622,-0.048116
24.0667,-0.105467,-0.226719,-0.636207,0.977929,0.142337,0.018918,-0.046621
24.0833,-0.123071,-0.224195,-0.678692,0.985353,0.145510,0.016299,-0.045260
24.1000,-0.144070,-0.217802,-0.713407,0.991206,0.150995,0.016239,-0.044099
24.1167,-0.169315,-0.214502,-0.732895,1.004934,0.158540,0.016762,-0.043092
24.1333,-0.192121,-0.214708,-0.741405,1.021984,0.165468,0.016985,-0.042047
24.1500,-0.214079,-0.214208,-0.739539,1.039068,0.172993,0.018445,-0.041205
24.1667,-0.233184,-0.212025,-0.745027,1.051426,0.179277,0.019867,-0.040147
24.1833,-0.250734,-0.209407,-0.745103,1.065155,0.185367,0.022072,-0.039582
24.2000,-0.266023,-0.206567,-0.737341,1.079004,0.191172,0.025032,-0.039326
24.2167,-0.278459,-0.206810,-0.721045,1.094682,0.195951,0.027364,-0.039237
24.2333,-0.288182,-0.209505,-0.701931,1.107859,0.199731,0.028461,-0.038824
24.2500,-0.297131,-0.213246,-0.687737,1.121840,0.202539,0.028910,-0.038542
24.2667,-0.302464,-0.210283,-0.692818,1.116797,0.205113,0.029317,-0.037042
24.2833,-0.303066,-0.201710,-0.692243,1.101224,0.207868,0.031506,-0.035731
24.3000,-0.295160,-0.178339,-0.721124,1.053969,0.209197,0.035693,-0.033330
24.3167,-0.284656,-0.159340,-0.751545,1.008712,0.208256,0.037529,-0.031212
24.3333,-0.269743,-0.147662,-0.778184,0.965095,0.204506,0.036232,-0.028928
24.3500,-0.258182,-0.141744,-0.782863,0.929632,0.202917,0.034714,-0.026339
24.3667,-0.247094,-0.137357,-0.769754,0.895065,0.203103,0.034250,-0.023138
24.3833,-0.237324,-0.135888,-0.738847,0.863764,0.205339,0.034713,-0.019528
24.4000,-0.229707,-0.141305,-0.711271,0.834958,0.207362,0.032229,-0.014854
24.4167,-0.223695,-0.148654,-0.682712,0.802365,0.210461,0.028920,-0.008743
24.4333,-0.212348,-0.152241,-0.661926,0.754318,0.212256,0.025929,-0.001084
24.4500,-0.202574,-0.144159,-0.674596,0.690082,0.212524,0.023412,0.008009
24.4667,-0.193602,-0.131277,-0.698423,0.622544,0.211739,0.021411,0.017448
24.4833,-0.179026,-0.104480,-0.729137,0.529216,0.209346,0.023022,0.029182
24.5000,-0.164124,-0.085375,-0.738859,0.440001,0.208156,0.024804,0.041848
24.5167,-0.159470,-0.073177,-0.744931,0.362325,0.209021,0.024931,0.055317
24.5333,-0.157180,-0.065053,-0.754643,0.294575,0.208670,0.023616,0.068225
24.5500,-0.159624,-0.044689,-0.757905,0.217842,0.210798,0.027866,0.082195
24.5667,-0.171204,-0.004048,-0.801710,0.133509,0.207784,0.032661,0.095262
24.6000,-0.219568,0.065258,-0.933579,-0.014260,0.194371,0.032159,0.119533
24.6167,-0.248086,0.084488,-0.989194,-0.068184,0.189760,0.029696,0.131544
24.6333,-0.273180,0.093837,-1.027961,-0.109548,0.186087,0.026890,0.141330
24.6500,-0.293993,0.093138,-1.050160,-0.135691,0.184592,0.023297,0.149498
24.6667,-0.309190,0.094298,-1.057057,-0.157886,0.185105,0.022254,0.156517
24.6833,-0.311127,0.096964,-1.043263,-0.172068,0.187622,0.024300,0.161014
24.7000,-0.323477,0.098823,-1.059164,-0.186263,0.185589,0.022833,0.164184
24.7167,-0.321502,0.101557,-1.036887,-0.196657,0.189491,0.025968,0.167994
24.7333,-0.312091,0.104291,-1.003214,-0.203686,0.193966,0.030717,0.170148
24.7500,-0.297362,0.104823,-0.952470,-0.203352,0.201094,0.037297,0.171154
24.7667,-0.280809,0.104634,-0.897722,-0.200855,0.208241,0.044839,0.171233
24.7833,-0.265224,0.105843,-0.847013,-0.196908,0.214568,0.052852,0.170284
24.8000,-0.264496,0.115432,-0.839500,-0.203425,0.215282,0.056753,0.169938
24.8167,-0.260834,0.122287,-0.831337,-0.210331,0.215770,0.060199,0.170371
24.8333,-0.256256,0.126611,-0.822841,-0.215839,0.216057,0.062988,0.170607
24.8500,-0.251923,0.130170,-0.814679,-0.214291,0.216864,0.065506,0.169439
24.8667,-0.248582,0.130811,-0.807482,-0.208065,0.217921,0.066964,0.167757
24.8833,-0.248247,0.130917,-0.804577,-0.199555,0.219008,0.067478,0.165921
24.9000,-0.249570,0.130249,-0.804642,-0.190629,0.219949,0.067232,0.164306
24.9167,-0.251501,0.128586,-0.805948,-0.182845,0.220677,0.066459,0.163152
24.9333,-0.257081,0.125761,-0.812544,-0.174181,0.221270,0.064346,0.162269
24.9500,-0.261092,0.123833,-0.820203,-0.166924,0.221282,0.062431,0.161373
24.9667,-0.263947,0.123528,-0.828419,-0.159709,0.221018,0.061042,0.159984
24.9833,-0.266442,0.123910,-0.837151,-0.153005,0.220573,0.059842,0.158472
25.0000,-0.267555,0.127384,-0.848094,-0.148863,0.219363,0.059383,0.156685
25.0167,-0.268019,0.133819,-0.863585,-0.146354,0.217186,0.059306,0.154368
25.0333,-0.270591,0.141281,-0.884007,-0.140525,0.214900,0.058937,0.151191
25.0500,-0.266995,0.150452,-0.896114,-0.132220,0.213074,0.060709,0.146906
25.0667,-0.263138,0.151403,-0.893510,-0.113065,0.214260,0.062070,0.142165
25.0833,-0.254739,0.144167,-0.868354,-0.082578,0.218720,0.064319,0.136761
25.1000,-0.246431,0.130070,-0.828285,-0.035257,0.226075,0.067109,0.129146
25.1167,-0.240315,0.109634,-0.780970,0.027372,0.234830,0.069646,0.119394
25.1333,-0.236476,0.086986,-0.731459,0.094989,0.243414,0.072294,0.108957
25.1500,-0.236985,0.065883,-0.685837,0.165475,0.251385,0.075130,0.098010
25.1667,-0.232394,0.056794,-0.675154,0.239588,0.251619,0.077393,0.082049
25.1833,-0.217765,0.046925,-0.700433,0.291322,0.242212,0.073144,0.067517
25.2000,-0.200937,0.035883,-0.721989,0.332735,0.232355,0.068975,0.055289
25.2167,-0.184802,0.021991,-0.736804,0.375529,0.223065,0.064894,0.043819
25.2333,-0.179517,0.004432,-0.762227,0.423394,0.214970,0.057662,0.033779
25.2500,-0.171317,-0.021819,-0.789159,0.481840,0.204433,0.047660,0.023112
25.2667,-0.171400,-0.040354,-0.805322,0.535148,0.198815,0.042027,0.014406
25.2833,-0.182353,-0.064259,-0.809443,0.609266,0.197324,0.037157,0.004925
25.3000,-0.194587,-0.080433,-0.807540,0.668144,0.197958,0.035167,-0.001730
25.3167,-0.202631,-0.088592,-0.797014,0.703122,0.199853,0.035711,-0.005324
25.3333,-0.211640,-0.096881,-0.787661,0.739671,0.201594,0.036265,-0.009114
25.3500,-0.221782,-0.100565,-0.778247,0.769799,0.204385,0.038288,-0.012098
25.3667,-0.229267,-0.104238,-0.765060,0.794027,0.206922,0.040180,-0.014255
25.3833,-0.236012,-0.102957,-0.752334,0.813987,0.209640,0.044004,-0.016540
25.4000,-0.245223,-0.097049,-0.742118,0.833386,0.213355,0.049677,-0.018949
25.4167,-0.248514,-0.090301,-0.745698,0.837801,0.214317,0.052939,-0.019853
25.4333,-0.248889,-0.084114,-0.755230,0.835286,0.214012,0.054677,-0.020225
25.4500,-0.250442,-0.077128,-0.764417,0.832717,0.214321,0.056789,-0.020580
25.4667,-0.250311,-0.072116,-0.773530,0.829196,0.213861,0.057895,-0.020756
25.4833,-0.252587,-0.066436,-0.779584,0.827313,0.214667,0.059732,-0.020890
25.5000,-0.255329,-0.068289,-0.776805,0.837514,0.215272,0.060186,-0.021830
25.5167,-0.255539,-0.075231,-0.773087,0.850599,0.214290,0.058725,-0.023015
25.5333,-0.256658,-0.081673,-0.769603,0.863688,0.213656,0.057466,-0.024178
25.5500,-0.258017,-0.086286,-0.766924,0.873986,0.213351,0.056662,-0.025029
25.5667,-0.259458,-0.090763,-0.767789,0.883333,0.212756,0.055476,-0.025759
25.5833,-0.260051,-0.090977,-0.773731,0.887818,0.211968,0.055369,-0.026441
25.6000,-0.259784,-0.088620,-0.782566,0.887081,0.211138,0.055652,-0.026799
25.6167,-0.259971,-0.083945,-0.795012,0.885284,0.210355,0.056614,-0.027302
25.6333,-0.258754,-0.080851,-0.801181,0.883714,0.209568,0.057414,-0.027755
25.6500,-0.249625,-0.076862,-0.806987,0.872219,0.206300,0.057771,-0.028009
25.6667,-0.241394,-0.074218,-0.818706,0.861957,0.202513,0.057125,-0.028483
25.6833,-0.231442,-0.073067,-0.821355,0.853306,0.198865,0.056781,-0.029086
25.7000,-0.215935,-0.075565,-0.822393,0.840732,0.193108,0.054549,-0.029362
25.7167,-0.200240,-0.074560,-0.824210,0.828073,0.187427,0.054025,-0.030235
25.7333,-0.186005,-0.075172,-0.836164,0.824838,0.180263,0.052894,-0.032328
25.7500,-0.171756,-0.080053,-0.865717,0.836460,0.169516,0.049960,-0.036343
25.7667,-0.151114,-0.092791,-0.883418,0.867784,0.155653,0.047071,-0.042809
25.7833,-0.111860,-0.108100,-0.908488,0.903825,0.132220,0.043691,-0.051098
25.8000,-0.061023,-0.126781,-0.930188,0.961178,0.101776,0.042334,-0.061964
25.8167,-0.010269,-0.124604,-0.950050,1.006913,0.072471,0.050046,-0.072680
25.8333,0.037049,-0.106577,-0.947824,1.028363,0.048705,0.063389,-0.081045
25.8500,0.078111,-0.091163,-0.901492,1.062079,0.029113,0.079902,-0.089367
25.8667,0.112849,-0.067217,-0.835695,1.083000,0.013984,0.100221,-0.096146
25.8833,0.132869,-0.051348,-0.761450,1.121010,0.002617,0.119405,-0.102467
25.9000,0.152216,-0.026601,-0.700488,1.137709,-0.007131,0.139269,-0.106232
25.9167,0.165493,-0.004886,-0.649395,1.158660,-0.015733,0.157353,-0.109254
25.9333,0.178341,0.012543,-0.605647,1.181993,-0.025259,0.172689,-0.111162
25.9500,0.188760,0.027107,-0.556239,1.208150,-0.034300,0.186789,-0.112665
25.9667,0.189699,0.040326,-0.508670,1.241917,-0.040408,0.200765,-0.114169
25.9833,0.196550,0.062696,-0.507382,1.246770,-0.045285,0.214202,-0.113284
26.0000,0.207726,0.100365,-0.581585,1.211364,-0.047127,0.226849,-0.110752
26.0167,0.216480,0.152329,-0.713030,1.146063,-0.046577,0.237450,-0.107517
26.0333,0.211459,0.207175,-0.857921,1.077152,-0.043098,0.245596,-0.104473
26.0500,0.202384,0.255731,-0.955761,1.018502,-0.039212,0.253853,-0.101252
26.0667,0.194144,0.292167,-1.006048,0.978130,-0.035340,0.261921,-0.098410
26.0833,0.187643,0.310384,-1.024189,0.959870,-0.031960,0.266703,-0.096962
26.1000,0.179353,0.305915,-1.008465,0.973893,-0.027623,0.268085,-0.098209
26.1167,0.170761,0.289503,-0.975412,0.997534,-0.022479,0.266163,-0.100314
26.1333,0.162739,0.270152,-0.940099,1.024979,-0.018144,0.263475,-0.102480
26.1500,0.156203,0.252229,-0.908624,1.047992,-0.014720,0.260338,-0.104198
26.1667,0.152241,0.242390,-0.895263,1.051319,-0.011743,0.256696,-0.104632
26.1833,0.144977,0.234515,-0.891282,1.052267,-0.007574,0.253036,-0.105128
26.2000,0.133985,0.221236,-0.891049,1.058418,-0.002387,0.247124,-0.106049
26.2167,0.125131,0.217028,-0.920018,1.035420,0.003112,0.238863,-0.105008
26.2500,0.083130,0.131963,-0.967327,1.024157,0.022728,0.188396,-0.105069
26.2833,0.026351,-0.057271,-0.958873,1.094839,0.044578,0.100101,-0.097279
26.3000,-0.005713,-0.115133,-0.965531,1.071377,0.061852,0.064951,-0.084875
26.3167,-0.034942,-0.138767,-0.961875,1.011165,0.081547,0.042809,-0.071731
26.3500,-0.070518,-0.136627,-0.761169,0.875189,0.133687,0.040472,-0.050318
26.3667,-0.083714,-0.149688,-0.613852,0.829475,0.158952,0.045359,-0.039353
26.3833,-0.104324,-0.154739,-0.527119,0.798233,0.178756,0.050784,-0.031108
26.4000,-0.118069,-0.159620,-0.477215,0.785372,0.189844,0.053684,-0.026104
26.4167,-0.126715,-0.160837,-0.446111,0.781350,0.196214,0.056728,-0.023878
26.4333,-0.132912,-0.156255,-0.438068,0.776669,0.199939,0.059502,-0.022550
26.4500,-0.148793,-0.141426,-0.454961,0.776913,0.205389,0.063561,-0.021688
26.4667,-0.166042,-0.129020,-0.474773,0.777823,0.211192,0.065919,-0.019936
26.4833,-0.182354,-0.117617,-0.477201,0.779492,0.218124,0.070223,-0.018278
26.5000,-0.190377,-0.109672,-0.481121,0.780164,0.221362,0.073038,-0.017403
26.5167,-0.196779,-0.107080,-0.483056,0.782058,0.223733,0.073773,-0.016636
26.5333,-0.199964,-0.106842,-0.485795,0.782108,0.224787,0.073308,-0.015876
26.5500,-0.200075,-0.107490,-0.489178,0.780667,0.224656,0.072401,-0.015403
26.5667,-0.199627,-0.110294,-0.490750,0.781770,0.224081,0.070931,-0.015340
26.5833,-0.197645,-0.111732,-0.494393,0.777495,0.223336,0.069545,-0.014742
26.6000,-0.193431,-0.112940,-0.496126,0.771539,0.222087,0.068520,-0.014308
26.6167,-0.188328,-0.113246,-0.496779,0.762455,0.220960,0.067925,-0.013631
26.6333,-0.184884,-0.113357,-0.501481,0.754323,0.219997,0.066875,-0.012876
26.6500,-0.181411,-0.112546,-0.510510,0.744316,0.218855,0.065515,-0.011822
26.6667,-0.179760,-0.107137,-0.527238,0.729919,0.218326,0.064853,-0.010207
26.6833,-0.175601,-0.102784,-0.548352,0.716409,0.216150,0.063195,-0.009008
26.7000,-0.173485,-0.095860,-0.580429,0.701269,0.213736,0.060994,-0.007616
26.7167,-0.166569,-0.091904,-0.605955,0.675984,0.210824,0.057648,-0.004606
26.7333,-0.161804,-0.091986,-0.625171,0.646989,0.209343,0.052935,-0.000020
26.7500,-0.154105,-0.101967,-0.638176,0.616774,0.206912,0.044656,0.006005
26.7667,-0.147796,-0.114127,-0.654873,0.585054,0.204324,0.034919,0.013038
26.7833,-0.142624,-0.120566,-0.675218,0.538839,0.202704,0.026405,0.022613
26.8000,-0.136284,-0.126005,-0.690522,0.478498,0.201891,0.018636,0.035156
26.8167,-0.142293,-0.121949,-0.722358,0.412715,0.202473,0.011964,0.049373
26.8333,-0.155134,-0.119413,-0.797665,0.346990,0.196267,-0.001751,0.065238
26.8500,-0.169213,-0.096020,-0.884468,0.260544,0.187368,-0.008879,0.081352
26.8667,-0.189986,-0.068278,-0.982062,0.168275,0.174986,-0.014721,0.097520
26.9000,-0.270126,-0.095965,-1.175135,0.087490,0.147551,-0.046587,0.124454
26.9167,-0.303547,-0.126799,-1.251532,0.064886,0.135172,-0.062750,0.139430
26.9333,-0.331813,-0.139338,-1.282712,0.034501,0.131285,-0.068816,0.151240
26.9500,-0.348542,-0.115684,-1.266870,-0.021494,0.137617,-0.060660,0.161335
26.9667,-0.355140,-0.069814,-1.224417,-0.093230,0.148474,-0.043493,0.170377
26.9833,-0.346227,-0.022611,-1.158905,-0.153954,0.161514,-0.023577,0.177151
27.0000,-0.337965,0.014075,-1.100924,-0.200115,0.171853,-0.006729,0.182363
27.0167,-0.327352,0.053504,-1.054612,-0.241321,0.179099,0.010407,0.185317
27.0333,-0.318540,0.078160,-1.016830,-0.264673,0.184801,0.022228,0.187060
27.0500,-0.298102,0.098667,-0.967474,-0.278685,0.190891,0.034706,0.186988
27.0667,-0.273089,0.113088,-0.919786,-0.288039,0.195060,0.045867,0.185508
27.0833,-0.251381,0.126578,-0.882085,-0.295319,0.197627,0.055737,0.183284
27.1000,-0.236810,0.132642,-0.855371,-0.294370,0.199710,0.061779,0.180836
27.1167,-0.237846,0.137047,-0.846652,-0.290815,0.201830,0.064164,0.179620
27.1333,-0.246821,0.136096,-0.844596,-0.283093,0.204687,0.063642,0.179711
27.1500,-0.254795,0.130260,-0.845881,-0.270205,0.206954,0.061172,0.179287
27.1667,-0.261786,0.122639,-0.847404,-0.256682,0.208943,0.058204,0.178796
27.1833,-0.265103,0.120546,-0.846898,-0.252195,0.210038,0.057417,0.178975
27.2000,-0.273309,0.115217,-0.849859,-0.239176,0.212064,0.054892,0.178255
27.2167,-0.280914,0.110093,-0.854669,-0.226789,0.213570,0.052174,0.177607
27.2333,-0.289299,0.105444,-0.863955,-0.214236,0.214418,0.048951,0.176671
27.2500,-0.294777,0.101161,-0.872655,-0.202156,0.214767,0.046098,0.175382
27.2667,-0.297563,0.097213,-0.877646,-0.188148,0.215441,0.044017,0.173352
27.2833,-0.296923,0.096254,-0.881320,-0.175685,0.215643,0.043226,0.170607
27.3000,-0.292581,0.098169,-0.883278,-0.163657,0.215500,0.043795,0.166896
27.3167,-0.287213,0.102919,-0.885999,-0.151519,0.215123,0.045272,0.162384
27.3333,-0.281064,0.107393,-0.884258,-0.132258,0.215948,0.047446,0.156547
27.3500,-0.272530,0.105800,-0.865015,-0.101667,0.219917,0.050456,0.149861
27.3667,-0.266378,0.096538,-0.830919,-0.055866,0.227341,0.053458,0.142039
27.3833,-0.262859,0.082633,-0.794036,0.006996,0.235836,0.055971,0.131499
27.4000,-0.261930,0.067224,-0.756619,0.078842,0.244430,0.058719,0.119472
27.4167,-0.259177,0.060081,-0.727466,0.142884,0.250180,0.063476,0.107097
27.4333,-0.257770,0.056494,-0.721608,0.199858,0.251630,0.065854,0.094753
27.4500,-0.259445,0.053341,-0.738227,0.253581,0.249902,0.064927,0.082739
27.4667,-0.257858,0.042853,-0.762378,0.304949,0.245175,0.060425,0.071411
27.4833,-0.251336,0.036347,-0.800133,0.341500,0.236448,0.055269,0.061249
27.5000,-0.242069,0.031839,-0.840722,0.372410,0.226263,0.050823,0.051489
27.5167,-0.231949,0.024744,-0.877966,0.402700,0.215940,0.046185,0.042411
27.5333,-0.223121,0.016797,-0.901033,0.431991,0.208288,0.043096,0.034728
27.5500,-0.215528,0.006478,-0.923166,0.465789,0.200723,0.039631,0.026948
27.5667,-0.215012,-0.003210,-0.950122,0.502449,0.194683,0.036145,0.019694
27.5833,-0.222887,-0.016714,-0.969979,0.550289,0.192471,0.032802,0.012780
27.6000,-0.229699,-0.031440,-0.969590,0.595312,0.193190,0.030802,0.007621
27.6167,-0.234524,-0.046741,-0.966454,0.634299,0.193396,0.028307,0.003596
27.6333,-0.235727,-0.050637,-0.950567,0.656478,0.195444,0.030489,0.000794
27.6500,-0.238711,-0.053831,-0.911142,0.678363,0.201619,0.035200,-0.001234
27.6667,-0.242020,-0.055559,-0.864104,0.696052,0.208759,0.041007,-0.002437
27.6833,-0.243881,-0.059111,-0.817302,0.710789,0.214835,0.045847,-0.003134
27.7000,-0.246443,-0.062304,-0.781332,0.726798,0.219279,0.049948,-0.004393
27.7167,-0.250983,-0.061341,-0.765098,0.739893,0.222206,0.053470,-0.005759
27.7333,-0.255126,-0.059519,-0.753899,0.750737,0.224595,0.056572,-0.006889
27.7500,-0.260834,-0.057664,-0.747765,0.760648,0.227026,0.058955,-0.007655
27.7667,-0.262066,-0.057786,-0.746863,0.766814,0.227151,0.059598,-0.008348
27.7833,-0.258464,-0.058717,-0.747503,0.767424,0.225522,0.059319,-0.008982
27.8000,-0.251084,-0.061025,-0.748566,0.765935,0.222404,0.058314,-0.009900
27.8167,-0.240435,-0.062304,-0.748069,0.760731,0.218524,0.057740,-0.010917
27.8333,-0.227965,-0.062175,-0.746834,0.752199,0.214342,0.057669,-0.011880
27.8500,-0.217266,-0.059544,-0.744820,0.742606,0.211204,0.058708,-0.012678
27.8667,-0.207717,-0.056781,-0.739645,0.733677,0.208876,0.060181,-0.013279
27.8833,-0.199647,-0.054033,-0.731285,0.724750,0.207521,0.061965,-0.013523
27.9000,-0.190751,-0.048019,-0.724878,0.711208,0.206093,0.064650,-0.013444
27.9167,-0.179821,-0.041449,-0.721821,0.695146,0.203642,0.067050,-0.013347
27.9333,-0.170090,-0.033441,-0.719965,0.678286,0.201655,0.069873,-0.013132
27.9500,-0.164539,-0.027258,-0.713680,0.665703,0.201498,0.072645,-0.012666
27.9667,-0.160079,-0.023519,-0.708399,0.656144,0.201263,0.074381,-0.012150
27.9833,-0.155053,-0.023350,-0.697223,0.648155,0.201305,0.075403,-0.011440
28.0000,-0.150177,-0.026073,-0.678260,0.641755,0.202130,0.076323,-0.010567
28.0167,-0.148507,-0.029263,-0.662041,0.638303,0.203550,0.076862,-0.009745
28.0333,-0.149347,-0.033745,-0.647542,0.638903,0.205366,0.076825,-0.009059
28.0500,-0.151836,-0.038791,-0.635309,0.643549,0.207176,0.076480,-0.008762
28.0667,-0.154622,-0.044175,-0.623396,0.649800,0.208899,0.076038,-0.008635
28.0833,-0.155014,-0.046988,-0.617908,0.652680,0.209263,0.075706,-0.008640
28.1000,-0.155903,-0.049076,-0.614734,0.654915,0.209674,0.075325,-0.008623
28.1167,-0.150802,-0.048321,-0.608826,0.649933,0.208799,0.076327,-0.008532
28.1333,-0.151182,-0.043691,-0.614757,0.645764,0.208742,0.077329,-0.008468
28.1500,-0.149041,-0.036692,-0.630144,0.635901,0.207185,0.077658,-0.007925
28.1667,-0.151671,-0.028729,-0.642865,0.631666,0.207440,0.079094,-0.007845
28.1833,-0.153187,-0.025409,-0.650344,0.633934,0.207153,0.079696,-0.008428
28.2000,-0.154583,-0.024428,-0.646088,0.640593,0.207798,0.081268,-0.009472
28.2167,-0.153919,-0.024775,-0.638060,0.649545,0.207734,0.083053,-0.011101
28.2333,-0.152355,-0.023711,-0.637102,0.656372,0.206622,0.084388,-0.012802
28.2500,-0.146252,-0.024585,-0.639900,0.667000,0.202834,0.084849,-0.015801
28.2667,-0.126762,-0.026656,-0.649893,0.670460,0.193279,0.083701,-0.019598
28.2833,-0.089778,-0.029161,-0.662829,0.670366,0.176418,0.082350,-0.025395
28.3000,-0.038563,-0.035276,-0.679087,0.675033,0.152433,0.079731,-0.033165
28.3167,0.008978,-0.048577,-0.704177,0.712216,0.124802,0.075370,-0.044213
28.3333,0.059502,-0.069304,-0.710299,0.767968,0.095181,0.071488,-0.055588
28.3500,0.091063,-0.084493,-0.721069,0.845385,0.069162,0.071606,-0.067768
28.3667,0.113574,-0.105650,-0.692946,0.940948,0.047247,0.074582,-0.079374
28.3833,0.131898,-0.100901,-0.672193,1.017223,0.027282,0.087721,-0.089505
28.4000,0.139376,-0.102038,-0.619286,1.109749,0.010518,0.101921,-0.099092
28.4167,0.131364,-0.120202,-0.485440,1.237206,-0.004153,0.113508,-0.108265
28.4333,0.106488,-0.128029,-0.321360,1.373172,-0.016973,0.125427,-0.115595
28.4500,0.108190,-0.100645,-0.201227,1.449464,-0.034439,0.144963,-0.118882
28.4833,0.216773,-0.025878,-0.151124,1.302392,-0.059097,0.186029,-0.112072
28.5000,0.248648,0.017700,-0.189134,1.240927,-0.064977,0.207914,-0.111369
28.5167,0.263784,0.064482,-0.261848,1.189456,-0.064112,0.226357,-0.109413
28.5333,0.277469,0.107361,-0.329943,1.131926,-0.061385,0.240110,-0.106661
28.5500,0.283138,0.141200,-0.375982,1.088658,-0.057420,0.250576,-0.104575
28.5667,0.291454,0.161587,-0.390394,1.049985,-0.054677,0.256453,-0.102272
28.5833,0.295088,0.173795,-0.388940,1.021050,-0.050874,0.260530,-0.100731
28.6000,0.294404,0.183297,-0.400407,1.001010,-0.047082,0.262713,-0.099646
28.6167,0.293797,0.193866,-0.427198,0.984217,-0.044698,0.263870,-0.098518
28.6333,0.284524,0.195419,-0.450864,0.988233,-0.041825,0.262594,-0.099397
28.6500,0.265546,0.190359,-0.466180,1.011851,-0.037172,0.260857,-0.101762
28.6667,0.247070,0.179376,-0.477677,1.036934,-0.032562,0.256593,-0.103971
28.6833,0.230391,0.166847,-0.484004,1.058872,-0.027966,0.251705,-0.105856
28.7000,0.216408,0.156160,-0.497525,1.072689,-0.023530,0.246355,-0.107068
28.7167,0.204371,0.149198,-0.522633,1.078321,-0.019139,0.241136,-0.107692
28.7333,0.190105,0.139619,-0.553346,1.081811,-0.013470,0.233837,-0.108387
28.7500,0.176687,0.134272,-0.625868,1.058487,-0.005764,0.222027,-0.107280
28.7667,0.153632,0.111168,-0.699077,1.044572,0.004539,0.201524,-0.106735
28.7833,0.128808,0.085768,-0.767921,1.018225,0.017149,0.178190,-0.104015
28.8000,0.099511,0.027626,-0.826895,1.018543,0.028195,0.142421,-0.100291
28.8167,0.066662,-0.048171,-0.836776,1.040542,0.041528,0.104578,-0.094840
28.8333,0.031725,-0.138117,-0.805055,1.088057,0.054711,0.066220,-0.087465
28.8500,0.004207,-0.202486,-0.779330,1.110789,0.065983,0.037558,-0.078287
28.8667,-0.014650,-0.231230,-0.786898,1.088236,0.076704,0.019379,-0.068555
28.8833,-0.032010,-0.240448,-0.767543,1.040019,0.092333,0.009503,-0.059344
28.9000,-0.046851,-0.233823,-0.703876,0.975066,0.113235,0.010103,-0.050975
28.9167,-0.052338,-0.220521,-0.639315,0.911509,0.130212,0.016601,-0.044068
28.9333,-0.050127,-0.199209,-0.594091,0.847535,0.142389,0.026830,-0.038612
28.9500,-0.043256,-0.186603,-0.567613,0.805293,0.147741,0.033341,-0.035126
28.9667,-0.043355,-0.170556,-0.552065,0.773902,0.153532,0.040963,-0.033022
28.9833,-0.061035,-0.149342,-0.588232,0.765018,0.158465,0.045150,-0.032236
29.0000,-0.073705,-0.138960,-0.605167,0.758797,0.163236,0.046763,-0.030433
29.0167,-0.083586,-0.136565,-0.607345,0.755137,0.167718,0.046849,-0.028460
29.0333,-0.089472,-0.136638,-0.602093,0.749462,0.171394,0.046756,-0.026386
29.0500,-0.089100,-0.143123,-0.589233,0.742602,0.173228,0.044840,-0.024109
29.0667,-0.085971,-0.153583,-0.574228,0.734917,0.174081,0.041529,-0.021644
29.0833,-0.082155,-0.161872,-0.566397,0.725364,0.174146,0.038284,-0.019262
29.1000,-0.078348,-0.169001,-0.559620,0.714512,0.174368,0.035417,-0.016811
29.1167,-0.079839,-0.176255,-0.565884,0.709658,0.174548,0.030902,-0.014479
29.1333,-0.084264,-0.178336,-0.578570,0.701896,0.175733,0.027542,-0.011778
29.1500,-0.084553,-0.170067,-0.590080,0.673684,0.177992,0.027941,-0.007487
29.1667,-0.084977,-0.166719,-0.598184,0.643714,0.180524,0.026508,-0.002073
29.1833,-0.081618,-0.160708,-0.601279,0.597377,0.183699,0.026286,0.005608
29.2000,-0.077959,-0.161325,-0.604918,0.553685,0.185905,0.023437,0.013970
29.2167,-0.073520,-0.156242,-0.627732,0.510549,0.185070,0.020244,0.021529
29.2333,-0.069384,-0.141552,-0.692871,0.457001,0.178793,0.013945,0.030203
29.2500,-0.073418,-0.129899,-0.777389,0.403132,0.170824,0.003349,0.040766
29.2667,-0.084594,-0.121330,-0.868956,0.345404,0.161802,-0.009192,0.053668
29.2833,-0.103394,-0.115696,-0.972726,0.278760,0.149968,-0.023639,0.069689
29.3000,-0.131899,-0.082695,-1.063756,0.190410,0.141681,-0.025536,0.084727
29.3167,-0.178192,-0.077016,-1.168381,0.113600,0.130159,-0.036236,0.103608
29.3333,-0.223655,-0.092763,-1.265775,0.066898,0.116640,-0.049745,0.119674
29.3500,-0.256012,-0.067572,-1.283867,-0.008784,0.119403,-0.043533,0.133908
29.3667,-0.269008,-0.024126,-1.237640,-0.083167,0.133034,-0.027367,0.145397
29.3833,-0.258386,0.025903,-1.160166,-0.145989,0.148273,-0.005706,0.152628
29.4000,-0.242871,0.061093,-1.081346,-0.195630,0.160924,0.013000,0.159098
29.4167,-0.226755,0.080537,-1.008580,-0.228152,0.171259,0.027373,0.164190
29.4333,-0.212931,0.091030,-0.946260,-0.248107,0.179606,0.038587,0.167648
29.4500,-0.201682,0.096221,-0.892821,-0.258157,0.186767,0.047567,0.169645
29.4667,-0.193782,0.101922,-0.852310,-0.260807,0.192417,0.055137,0.169789
29.4833,-0.188539,0.105298,-0.824098,-0.258317,0.196508,0.060339,0.169034
29.5000,-0.186311,0.103817,-0.800826,-0.248986,0.200692,0.063368,0.167805
29.5167,-0.190909,0.098946,-0.793294,-0.235286,0.203631,0.062650,0.166450
29.5333,-0.195654,0.097138,-0.797136,-0.225457,0.204519,0.061126,0.165255
29.5500,-0.198625,0.092939,-0.801627,-0.217933,0.204747,0.058963,0.164628
29.5667,-0.200407,0.093402,-0.808629,-0.212125,0.204324,0.057901,0.163347
29.5833,-0.201326,0.095401,-0.816259,-0.209206,0.203474,0.057304,0.162271
29.6000,-0.202246,0.098566,-0.823622,-0.206317,0.202734,0.057132,0.161024
29.6167,-0.205749,0.097350,-0.827909,-0.200327,0.203184,0.055980,0.160298
29.6333,-0.210294,0.094995,-0.829931,-0.194301,0.204211,0.054736,0.160093
29.6500,-0.210301,0.097242,-0.830049,-0.187702,0.204800,0.055380,0.158512
29.6667,-0.207180,0.102240,-0.830163,-0.180927,0.204778,0.057064,0.155837
29.6833,-0.206482,0.109670,-0.836258,-0.171567,0.204450,0.058569,0.152217
29.7000,-0.205054,0.116520,-0.842013,-0.158260,0.204298,0.060088,0.147834
29.7167,-0.203521,0.119592,-0.848110,-0.140349,0.204110,0.060485,0.142884
29.7333,-0.201689,0.119585,-0.853645,-0.117958,0.204009,0.060132,0.137339
29.7500,-0.202222,0.114361,-0.849786,-0.088857,0.206380,0.059548,0.131939
29.7667,-0.203657,0.104918,-0.838854,-0.053950,0.210205,0.058702,0.126402
29.7833,-0.206994,0.094710,-0.822970,-0.012094,0.215490,0.058515,0.120003
29.8000,-0.213359,0.081471,-0.814059,0.037812,0.220107,0.056415,0.112406
29.8167,-0.218336,0.068265,-0.806634,0.087976,0.223812,0.054331,0.104566
29.8333,-0.221712,0.056223,-0.797418,0.134872,0.227033,0.053055,0.097063
29.8500,-0.225505,0.042611,-0.783595,0.185916,0.230829,0.052205,0.089107
29.8667,-0.225939,0.031175,-0.769774,0.239337,0.233243,0.052623,0.079682
29.8833,-0.224792,0.020631,-0.756166,0.294890,0.234618,0.053788,0.069252
29.9000,-0.225140,0.009184,-0.744148,0.346496,0.235580,0.054206,0.060019
29.9167,-0.222201,-0.005505,-0.728857,0.391457,0.235386,0.053564,0.052250
29.9333,-0.225173,-0.026898,-0.718517,0.448226,0.235161,0.049867,0.043801
29.9500,-0.225485,-0.048420,-0.720801,0.517462,0.231028,0.045337,0.032297
29.9667,-0.230211,-0.055273,-0.737596,0.570007,0.227512,0.044077,0.022880
29.9833,-0.241302,-0.064012,-0.757129,0.617707,0.225975,0.041296,0.016238
30.0000,-0.252257,-0.063330,-0.776115,0.652162,0.225795,0.041994,0.011212
30.0167,-0.260342,-0.067857,-0.790553,0.683818,0.224985,0.040975,0.007173
30.0333,-0.258992,-0.074631,-0.813768,0.700306,0.219932,0.037010,0.004437
30.0500,-0.260732,-0.082584,-0.823866,0.725473,0.217459,0.034889,0.000863
30.0667,-0.265823,-0.095889,-0.830781,0.759913,0.215655,0.031559,-0.002804
30.0833,-0.270717,-0.110412,-0.836334,0.795567,0.213679,0.028017,-0.006264
30.1000,-0.275890,-0.123604,-0.838342,0.827563,0.212494,0.025076,-0.009016
30.1167,-0.282782,-0.135387,-0.841554,0.858765,0.211892,0.022612,-0.011464
30.1333,-0.287654,-0.144849,-0.839599,0.885918,0.211522,0.021321,-0.013671
30.1500,-0.289323,-0.156476,-0.831674,0.906597,0.210693,0.018821,-0.014840
30.1667,-0.286808,-0.167200,-0.827167,0.918041,0.208410,0.015547,-0.015364
30.1833,-0.283120,-0.164315,-0.830970,0.912938,0.207111,0.016220,-0.015710
30.2000,-0.284055,-0.160792,-0.839576,0.911276,0.206956,0.017034,-0.016098
30.2167,-0.288042,-0.157184,-0.844639,0.911142,0.208334,0.018160,-0.016052
30.2333,-0.291452,-0.153142,-0.842277,0.910109,0.210413,0.019959,-0.015793
30.2500,-0.294643,-0.149508,-0.837513,0.909768,0.212558,0.021887,-0.015590
30.2667,-0.295389,-0.148176,-0.824928,0.914024,0.214103,0.024020,-0.016110
30.2833,-0.294899,-0.147950,-0.807224,0.920036,0.215438,0.026363,-0.016982
30.3000,-0.293343,-0.144960,-0.793121,0.918398,0.216669,0.028907,-0.017247
30.3167,-0.290857,-0.141260,-0.780239,0.915132,0.217590,0.031560,-0.017553
30.3333,-0.287088,-0.136988,-0.767964,0.910274,0.218104,0.034341,-0.017932
30.3500,-0.282620,-0.133745,-0.752200,0.907152,0.218495,0.037202,-0.018577
30.3667,-0.280174,-0.134054,-0.734341,0.909668,0.219126,0.039139,-0.019330
30.3833,-0.277830,-0.135579,-0.713674,0.917083,0.219501,0.041305,-0.020663
30.4000,-0.276596,-0.138271,-0.699470,0.927527,0.219189,0.042636,-0.022241
30.4167,-0.275608,-0.142311,-0.686300,0.943640,0.218193,0.043790,-0.024530
30.4333,-0.272919,-0.145289,-0.678813,0.958738,0.216037,0.044917,-0.027118
30.4500,-0.266968,-0.140347,-0.686223,0.956324,0.213463,0.046822,-0.028589
30.4667,-0.253786,-0.127559,-0.710763,0.938207,0.208387,0.049555,-0.029990
30.4833,-0.239385,-0.109510,-0.749976,0.917893,0.201739,0.053284,-0.032296
30.5000,-0.223351,-0.098044,-0.817256,0.912823,0.189237,0.053302,-0.036787
30.5167,-0.195139,-0.095750,-0.876720,0.927428,0.169969,0.052747,-0.044619
30.5333,-0.145491,-0.108509,-0.905537,0.971070,0.141232,0.052195,-0.056366
30.5500,-0.085966,-0.123526,-0.911436,1.027914,0.108287,0.054488,-0.068929
30.5667,-0.020368,-0.124082,-0.926814,1.061726,0.073362,0.060060,-0.078518
30.5833,0.055201,-0.113386,-0.931250,1.117990,0.031095,0.075348,-0.089520
30.6000,0.097281,-0.122050,-0.855460,1.214579,0.002505,0.090420,-0.099542
30.6333,0.126703,-0.110625,-0.613858,1.428991,-0.042711,0.132263,-0.113335
30.6500,0.136039,-0.081370,-0.613858,1.464854,-0.056584,0.150644,-0.116852
30.6667,0.136330,-0.055352,-0.613858,1.481838,-0.061669,0.165674,-0.118626
30.6833,0.151768,-0.019925,-0.613858,1.442368,-0.063053,0.179754,-0.118802
30.7000,0.170884,-0.001247,-0.401381,1.405441,-0.062108,0.192605,-0.118064
30.7167,0.190587,0.012835,-0.278494,1.355878,-0.060330,0.203499,-0.116775
30.7333,0.202262,0.025219,-0.227637,1.314902,-0.057385,0.212155,-0.115707
30.7500,0.206147,0.037581,-0.217001,1.283743,-0.052879,0.218932,-0.115110
30.7667,0.208545,0.048473,-0.226694,1.256273,-0.048461,0.223423,-0.114443
30.7833,0.205430,0.054699,-0.224736,1.242682,-0.043950,0.226155,-0.114666
30.8000,0.198577,0.057302,-0.209633,1.241310,-0.039867,0.228323,-0.115196
30.8167,0.187737,0.056659,-0.189239,1.250968,-0.035977,0.229654,-0.116009
30.8333,0.180299,0.057337,-0.174111,1.254314,-0.032539,0.231177,-0.116178
30.8500,0.171063,0.057699,-0.164294,1.259585,-0.028666,0.232318,-0.116557
30.8667,0.162640,0.057514,-0.156420,1.264718,-0.025171,0.232929,-0.116847
30.8833,0.155378,0.054764,-0.145990,1.270500,-0.022378,0.232176,-0.117216
30.9000,0.147003,0.051261,-0.135013,1.278467,-0.019494,0.231130,-0.117697
30.9167,0.128280,0.046088,-0.104653,1.310967,-0.016440,0.230292,-0.119478
30.9333,0.110618,0.041347,-0.068177,1.340343,-0.013205,0.229451,-0.120642
30.9500,0.086536,0.035849,-0.025652,1.378770,-0.008591,0.227601,-0.122395
30.9667,0.070578,0.028868,0.010951,1.395792,-0.003473,0.224383,-0.122959
30.9833,0.061994,0.017674,0.031422,1.394529,0.001613,0.219230,-0.122656
31.0000,0.056195,0.005240,0.029456,1.385137,0.006810,0.213451,-0.121804
31.0167,0.051602,-0.009306,-0.005282,1.371872,0.012066,0.205971,-0.120222
31.0333,0.040639,-0.035067,-0.059671,1.366433,0.019028,0.191045,-0.118727
31.0500,0.029395,-0.068472,-0.141307,1.355741,0.027083,0.170879,-0.115665
31.0667,0.015809,-0.112583,-0.229927,1.346913,0.035583,0.143606,-0.111532
31.0833,-0.008190,-0.169126,-0.288716,1.360788,0.044230,0.111425,-0.106257
31.1000,-0.040218,-0.236519,-0.287370,1.387247,0.054046,0.075214,-0.099155
31.1167,-0.061038,-0.291204,-0.308023,1.379641,0.064200,0.045882,-0.088327
31.1333,-0.053377,-0.311319,-0.447783,1.293506,0.074068,0.024862,-0.075689
31.1500,-0.042701,-0.276596,-0.669628,1.137796,0.087383,0.012405,-0.063868
31.1667,-0.058217,-0.240166,-0.753999,1.021399,0.106381,0.008569,-0.054237
31.1833,-0.078778,-0.224888,-0.720215,0.959742,0.127232,0.010644,-0.046560
31.2000,-0.100977,-0.221924,-0.639721,0.931693,0.147708,0.015972,-0.041066
31.2167,-0.123127,-0.219509,-0.562723,0.915247,0.165618,0.022913,-0.036707
31.2333,-0.140823,-0.213307,-0.513237,0.902887,0.178558,0.029811,-0.033453
31.2500,-0.148914,-0.215552,-0.473731,0.896354,0.185609,0.032420,-0.030888
31.2667,-0.144327,-0.210707,-0.447566,0.873626,0.188924,0.036711,-0.028686
31.2833,-0.146264,-0.209711,-0.440156,0.865473,0.191235,0.037693,-0.027453
31.3000,-0.153812,-0.206269,-0.446661,0.864162,0.194018,0.038206,-0.026458
31.3167,-0.167130,-0.200422,-0.469041,0.867247,0.197442,0.037906,-0.025263
31.3333,-0.184961,-0.191885,-0.492016,0.874291,0.202401,0.038855,-0.024264
31.3500,-0.204308,-0.182979,-0.519697,0.884111,0.207243,0.039664,-0.023346
31.3667,-0.219725,-0.172248,-0.558010,0.887759,0.210394,0.040018,-0.022181
31.3833,-0.229989,-0.160856,-0.597443,0.883807,0.212225,0.040262,-0.020860
31.4000,-0.236524,-0.151997,-0.632371,0.875501,0.213105,0.039590,-0.019290
31.4167,-0.240252,-0.145939,-0.659311,0.861757,0.213790,0.038012,-0.016973
31.4333,-0.240998,-0.142197,-0.668292,0.847693,0.214885,0.037297,-0.014775
31.4500,-0.239162,-0.140075,-0.666251,0.833165,0.215924,0.037130,-0.012715
31.4667,-0.233399,-0.138198,-0.653939,0.814308,0.216860,0.037838,-0.010508
31.4833,-0.226322,-0.135514,-0.630487,0.791805,0.218879,0.040147,-0.008026
31.5000,-0.216678,-0.136278,-0.597108,0.763981,0.221224,0.042040,-0.004475
31.5167,-0.209660,-0.136496,-0.576308,0.727423,0.223955,0.042292,0.001038
31.5333,-0.204985,-0.130650,-0.594744,0.683506,0.224031,0.039664,0.007641
31.5500,-0.198074,-0.121579,-0.618146,0.628774,0.223563,0.037049,0.015780
31.5667,-0.196845,-0.103830,-0.674037,0.567368,0.220905,0.032860,0.024764
