t_s,q_pitch,q_roll,q_yaw,q_elbow,target_x,target_y,target_z
7.6667,-0.324676,-0.296092,-0.306244,1.183483,0.218739,0.014857,-0.031581
7.6833,-0.247386,-0.273398,-0.388294,0.938944,0.222592,0.010512,-0.010339
7.7000,-0.256409,-0.263978,-0.424687,0.956472,0.222149,0.011315,-0.012693
7.7167,-0.255539,-0.254384,-0.453813,0.946627,0.221780,0.012353,-0.012246
7.7333,-0.254320,-0.241140,-0.485368,0.933338,0.221738,0.014559,-0.012061
7.7500,-0.252651,-0.226829,-0.515175,0.918437,0.221708,0.017307,-0.011898
7.7667,-0.247669,-0.217430,-0.540902,0.907893,0.219643,0.018550,-0.012440
7.7833,-0.243687,-0.206782,-0.560693,0.900663,0.218042,0.021209,-0.013642
7.8000,-0.233838,-0.192778,-0.587383,0.887424,0.214364,0.024533,-0.015546
7.8167,-0.214608,-0.179076,-0.614658,0.871641,0.206949,0.027881,-0.018775
7.8333,-0.191116,-0.167703,-0.638370,0.865017,0.196758,0.031414,-0.023978
7.8667,-0.095384,-0.158655,-0.674675,0.871969,0.153460,0.036806,-0.042692
7.8833,-0.057978,-0.142965,-0.694396,0.910122,0.131041,0.047488,-0.056495
7.9000,-0.027697,-0.121447,-0.704456,0.948900,0.111586,0.062307,-0.068986
7.9167,-0.004666,-0.104072,-0.705390,0.995876,0.094133,0.076973,-0.080030
7.9333,0.024146,-0.083794,-0.702173,1.020820,0.076869,0.091300,-0.088057
7.9500,0.051646,-0.070630,-0.694393,1.049174,0.059461,0.102726,-0.094561
7.9667,0.082388,-0.050917,-0.687709,1.054751,0.043531,0.114778,-0.098541
7.9833,0.111422,-0.021489,-0.675900,1.050485,0.029915,0.131097,-0.101852
8.0000,0.159862,0.030808,-0.671116,0.974386,0.017534,0.150323,-0.099836
8.0167,0.187250,0.066008,-0.673869,0.930615,0.009880,0.163340,-0.098081
8.0333,0.203230,0.088619,-0.679109,0.903695,0.005207,0.171334,-0.096665
8.0500,0.206721,0.095722,-0.682238,0.901625,0.003283,0.174419,-0.096742
8.0667,0.211367,0.105417,-0.687049,0.890687,0.002052,0.177576,-0.096058
8.0833,0.214545,0.114448,-0.690975,0.881885,0.001283,0.180726,-0.095499
8.1000,0.214320,0.119271,-0.694247,0.877326,0.001724,0.182280,-0.095223
8.1167,0.208882,0.121942,-0.697443,0.885259,0.002799,0.184269,-0.096120
8.1333,0.201738,0.121635,-0.700016,0.892181,0.005076,0.184683,-0.096695
8.1500,0.196335,0.121839,-0.701532,0.895458,0.007155,0.185028,-0.096948
8.1667,0.193101,0.124975,-0.701422,0.896118,0.008614,0.186748,-0.097032
8.1833,0.187829,0.129213,-0.701406,0.900805,0.010412,0.189533,-0.097521
8.2000,0.183276,0.131207,-0.701545,0.904893,0.012002,0.191068,-0.097868
8.2167,0.182819,0.136574,-0.701982,0.897307,0.013299,0.192839,-0.097139
8.2333,0.180806,0.136968,-0.702728,0.893925,0.014819,0.192517,-0.096821
8.2500,0.177969,0.130275,-0.704554,0.891740,0.016670,0.188538,-0.096544
8.2667,0.175012,0.120340,-0.707210,0.888115,0.018824,0.182614,-0.095890
8.2833,0.170705,0.107902,-0.710392,0.883720,0.021813,0.175236,-0.095012
8.3000,0.161618,0.087476,-0.716962,0.884563,0.026284,0.164000,-0.094080
8.3167,0.142565,0.052377,-0.725600,0.905903,0.032652,0.147441,-0.093781
8.3333,0.111532,-0.000418,-0.730453,0.956669,0.040927,0.125577,-0.094094
8.3500,0.074115,-0.070271,-0.725009,1.028603,0.049658,0.098103,-0.093287
8.3667,0.040212,-0.151895,-0.707136,1.099421,0.056860,0.065053,-0.088842
8.3833,-0.002749,-0.266107,-0.634444,1.234350,0.058361,0.025184,-0.082519
8.4000,-0.037684,-0.340339,-0.545316,1.290734,0.066601,-0.003200,-0.072493
8.4167,-0.061068,-0.364291,-0.512841,1.263062,0.082493,-0.016486,-0.063193
8.4333,-0.089013,-0.352488,-0.496622,1.199651,0.106811,-0.015392,-0.056484
8.4500,-0.116883,-0.325197,-0.505231,1.124710,0.132046,-0.008933,-0.049442
8.4667,-0.153540,-0.292777,-0.519527,1.062380,0.157891,-0.000078,-0.041762
8.4833,-0.189960,-0.260256,-0.537238,1.006871,0.181542,0.008506,-0.033111
8.5000,-0.213234,-0.228267,-0.559029,0.952849,0.198464,0.016662,-0.025345
8.5167,-0.233201,-0.193945,-0.580122,0.907741,0.212384,0.026471,-0.019185
8.5333,-0.245509,-0.165838,-0.601320,0.871589,0.221251,0.034073,-0.014530
8.5500,-0.253530,-0.142393,-0.620556,0.845892,0.226822,0.040563,-0.011681
8.5667,-0.255984,-0.132092,-0.636369,0.831888,0.228277,0.042347,-0.010127
8.5833,-0.250434,-0.128200,-0.655047,0.820249,0.225568,0.041335,-0.009891
8.6000,-0.242005,-0.123957,-0.673908,0.807316,0.221752,0.040496,-0.010071
8.6167,-0.237157,-0.118399,-0.691173,0.797111,0.219277,0.040488,-0.010202
8.6333,-0.236162,-0.116379,-0.701227,0.794243,0.218169,0.040092,-0.010278
8.6500,-0.236848,-0.117594,-0.708113,0.795331,0.217568,0.038751,-0.010331
8.6667,-0.235025,-0.121775,-0.716109,0.797097,0.215558,0.036114,-0.010499
8.6833,-0.233185,-0.125012,-0.723597,0.799179,0.213624,0.034039,-0.010841
8.7000,-0.232187,-0.127105,-0.730315,0.800542,0.212224,0.032500,-0.011012
8.7167,-0.231938,-0.128097,-0.733529,0.800491,0.211659,0.031672,-0.010884
8.7333,-0.231686,-0.129687,-0.736851,0.800272,0.211095,0.030530,-0.010666
8.7500,-0.231928,-0.132081,-0.740218,0.799982,0.210693,0.028951,-0.010224
8.7667,-0.234189,-0.137033,-0.748997,0.802070,0.210113,0.025766,-0.009467
8.7833,-0.241447,-0.145153,-0.761154,0.810569,0.210288,0.021077,-0.008345
8.8000,-0.241179,-0.155749,-0.768399,0.809915,0.208646,0.015213,-0.006521
8.8167,-0.240573,-0.156801,-0.780467,0.792390,0.208157,0.011806,-0.003083
8.8333,-0.240091,-0.153581,-0.795658,0.758535,0.208715,0.008390,0.002630
8.8500,-0.258789,-0.156885,-0.802810,0.742261,0.215436,0.003485,0.010169
8.8667,-0.280632,-0.155493,-0.811728,0.713732,0.223721,-0.000759,0.020138
8.8833,-0.301274,-0.156482,-0.823655,0.671970,0.230923,-0.007477,0.033209
8.9000,-0.314727,-0.142541,-0.841187,0.603022,0.236284,-0.009890,0.047630
8.9167,-0.328450,-0.127709,-0.862371,0.528671,0.239993,-0.012485,0.063253
8.9333,-0.327097,-0.124631,-0.892543,0.442024,0.235026,-0.020364,0.080226
8.9500,-0.326180,-0.111719,-0.924174,0.346623,0.229272,-0.023981,0.097294
8.9667,-0.330635,-0.112113,-0.961883,0.266585,0.221266,-0.031916,0.114520
8.9833,-0.333851,-0.102046,-0.998810,0.177387,0.212355,-0.034827,0.131173
9.0000,-0.333632,-0.107565,-1.037561,0.101334,0.200066,-0.041531,0.147225
9.0167,-0.340577,-0.117360,-1.074472,0.040522,0.189292,-0.048373,0.162098
9.0333,-0.349848,-0.113744,-1.103653,-0.018282,0.181459,-0.049283,0.174043
9.0500,-0.377178,-0.083689,-1.104801,-0.073587,0.185445,-0.040228,0.183995
9.0667,-0.406064,-0.047975,-1.091405,-0.116079,0.193817,-0.028627,0.191804
9.0833,-0.437697,-0.000785,-1.069412,-0.149833,0.206110,-0.013404,0.197689
9.1000,-0.466362,0.048120,-1.047694,-0.168457,0.219186,0.002073,0.200984
9.1167,-0.493570,0.089805,-1.029012,-0.180926,0.230988,0.015124,0.204905
9.1333,-0.518350,0.124113,-1.014199,-0.189057,0.241085,0.025673,0.209057
9.1500,-0.536320,0.146384,-1.002990,-0.190633,0.248647,0.032581,0.212131
9.1667,-0.550260,0.159142,-0.998476,-0.191854,0.253173,0.036091,0.214782
9.1833,-0.558495,0.167869,-0.999210,-0.194844,0.255066,0.038227,0.216297
9.2000,-0.563936,0.172159,-1.003320,-0.200049,0.255085,0.038827,0.217627
9.2167,-0.570168,0.171499,-1.008626,-0.199375,0.255290,0.037662,0.218420
9.2333,-0.571005,0.172832,-1.016210,-0.199781,0.254216,0.037336,0.217609
9.2500,-0.571267,0.179649,-1.021118,-0.200823,0.254085,0.039032,0.216514
9.2667,-0.569849,0.187277,-1.026193,-0.203487,0.253501,0.041079,0.215202
9.2833,-0.565100,0.194462,-1.033146,-0.202659,0.252446,0.043024,0.212224
9.3000,-0.560343,0.198521,-1.040756,-0.199996,0.251126,0.043946,0.209168
9.3167,-0.556288,0.201885,-1.047528,-0.195239,0.250250,0.044708,0.206079
9.3333,-0.552514,0.203331,-1.054290,-0.190646,0.249145,0.044865,0.203302
9.3500,-0.551434,0.201383,-1.060054,-0.184225,0.248567,0.043852,0.201311
9.3667,-0.552282,0.198544,-1.064412,-0.175990,0.248716,0.042575,0.199719
9.3833,-0.555075,0.190982,-1.070458,-0.162874,0.248951,0.039599,0.198022
9.4000,-0.557160,0.183823,-1.076129,-0.149256,0.249232,0.036810,0.196042
9.4167,-0.556518,0.178402,-1.082294,-0.136741,0.248939,0.034728,0.193363
9.4333,-0.555149,0.172204,-1.088544,-0.123567,0.248451,0.032447,0.190466
9.4500,-0.554164,0.166053,-1.093776,-0.105378,0.248820,0.030324,0.186826
9.4667,-0.548896,0.166192,-1.098799,-0.091416,0.248572,0.030589,0.182252
9.4833,-0.541855,0.168984,-1.103169,-0.075457,0.248594,0.032011,0.176613
9.5000,-0.532855,0.168339,-1.109146,-0.057744,0.247598,0.032373,0.170364
9.5167,-0.523627,0.166466,-1.114678,-0.030798,0.247422,0.032712,0.162440
9.5333,-0.514210,0.150083,-1.123109,0.009217,0.246091,0.028319,0.153372
9.5500,-0.511981,0.135561,-1.124574,0.062714,0.249115,0.025347,0.143911
9.5667,-0.512961,0.125778,-1.120584,0.128378,0.255422,0.025355,0.132811
9.5833,-0.517485,0.122295,-1.107819,0.215337,0.266543,0.030477,0.118661
9.6000,-0.512961,0.114956,-1.098575,0.295791,0.272807,0.035130,0.103627
9.6167,-0.517023,0.101536,-1.084233,0.375855,0.280771,0.037903,0.092275
9.6333,-0.519615,0.086219,-1.069050,0.460598,0.287683,0.041290,0.080054
9.6500,-0.521652,0.062311,-1.051012,0.535015,0.292220,0.040534,0.070990
9.6667,-0.514426,0.040712,-1.036033,0.584778,0.291745,0.038481,0.063372
9.6833,-0.501195,0.023810,-1.026470,0.613085,0.287848,0.035955,0.057084
9.7000,-0.487947,0.009255,-1.020508,0.630222,0.283127,0.032798,0.052393
9.7167,-0.472574,0.006397,-1.019857,0.635116,0.277892,0.033267,0.047714
9.7333,-0.457797,0.008908,-1.017880,0.640612,0.273639,0.036360,0.042594
9.7500,-0.438357,0.001107,-1.016731,0.648797,0.266438,0.035196,0.037030
9.7667,-0.417957,-0.021367,-1.013145,0.674599,0.257649,0.029642,0.030220
9.7833,-0.403420,-0.050943,-1.005311,0.720683,0.250519,0.023224,0.022599
9.8000,-0.395476,-0.077813,-0.989975,0.773710,0.246495,0.019101,0.015548
9.8167,-0.391945,-0.097865,-0.967449,0.822490,0.245191,0.017908,0.009746
9.8333,-0.387855,-0.117414,-0.948309,0.858379,0.243062,0.014954,0.005950
9.8500,-0.380145,-0.133281,-0.930126,0.882443,0.239867,0.012321,0.002924
9.8667,-0.375459,-0.144702,-0.911371,0.901911,0.238308,0.011040,0.000731
9.8833,-0.371855,-0.149494,-0.897993,0.911921,0.237539,0.011235,-0.000770
9.9000,-0.369929,-0.153600,-0.884924,0.918711,0.237500,0.011228,-0.001404
9.9167,-0.367245,-0.155879,-0.880393,0.920220,0.236670,0.010815,-0.001807
9.9333,-0.361543,-0.156428,-0.871562,0.917389,0.235516,0.011251,-0.002178
9.9500,-0.361957,-0.150296,-0.865391,0.917448,0.237003,0.014707,-0.002934
9.9667,-0.358615,-0.146972,-0.854537,0.912011,0.237561,0.016675,-0.002991
9.9833,-0.354679,-0.145334,-0.847274,0.907724,0.237258,0.017755,-0.003188
10.0000,-0.350770,-0.147048,-0.843132,0.905834,0.236170,0.017243,-0.003387
10.0167,-0.345508,-0.153203,-0.840567,0.908193,0.233758,0.015011,-0.004066
10.0333,-0.337205,-0.154584,-0.838020,0.907420,0.230728,0.015004,-0.005396
10.0500,-0.327847,-0.146118,-0.830386,0.899489,0.229304,0.019337,-0.007259
10.0667,-0.311867,-0.132150,-0.824005,0.884985,0.226061,0.025858,-0.010235
10.0833,-0.288421,-0.107809,-0.819415,0.859544,0.221161,0.036409,-0.014349
10.1000,-0.254186,-0.093961,-0.822394,0.843382,0.209364,0.042850,-0.020678
10.1167,-0.210729,-0.091376,-0.831420,0.838697,0.191205,0.044944,-0.028793
10.1333,-0.152771,-0.105063,-0.847377,0.857578,0.163064,0.041655,-0.040137
10.1500,-0.084253,-0.125949,-0.861048,0.907639,0.126663,0.038917,-0.054556
10.1667,-0.020609,-0.135459,-0.862351,0.959505,0.092429,0.042497,-0.067504
10.1833,0.037273,-0.143638,-0.842949,1.033609,0.058181,0.050718,-0.080460
10.2000,0.090329,-0.132929,-0.818411,1.072017,0.029484,0.063737,-0.089109
10.2167,0.140854,-0.106509,-0.798536,1.080339,0.004616,0.080311,-0.094567
10.2333,0.170339,-0.076808,-0.792535,1.093452,-0.012682,0.098061,-0.099207
10.2500,0.171550,-0.086686,-0.709711,1.194161,-0.025716,0.111493,-0.106519
10.2667,0.184333,-0.061531,-0.670450,1.210190,-0.034373,0.129359,-0.109645
10.2833,0.196041,-0.024957,-0.621666,1.208402,-0.039444,0.151933,-0.111903
10.3000,0.207809,0.012125,-0.573914,1.191106,-0.041681,0.173204,-0.112846
10.3167,0.216247,0.048682,-0.539009,1.170458,-0.041922,0.193298,-0.112892
10.3333,0.221512,0.082702,-0.515321,1.142996,-0.039335,0.210726,-0.112032
10.3500,0.230736,0.112553,-0.503734,1.100783,-0.036130,0.223510,-0.109889
10.3667,0.236506,0.134761,-0.500335,1.070550,-0.033596,0.232668,-0.108031
10.3833,0.241668,0.154965,-0.501990,1.036862,-0.030232,0.239853,-0.105829
10.4000,0.233513,0.160245,-0.501953,1.036782,-0.025986,0.242717,-0.106050
10.4167,0.223618,0.162073,-0.503207,1.039409,-0.021310,0.243890,-0.106365
10.4333,0.212885,0.160889,-0.505173,1.044255,-0.016582,0.243616,-0.106824
10.4500,0.201580,0.156653,-0.506882,1.049989,-0.011635,0.241832,-0.107432
10.4667,0.196281,0.153759,-0.507415,1.046281,-0.008027,0.239859,-0.107209
10.4833,0.192690,0.152686,-0.507900,1.043315,-0.005524,0.238940,-0.107090
10.5000,0.192994,0.155736,-0.510343,1.032406,-0.003749,0.239179,-0.106415
10.5167,0.190252,0.157974,-0.511689,1.027722,-0.001488,0.239741,-0.106092
10.5333,0.186513,0.159230,-0.512725,1.024327,0.001090,0.239944,-0.105878
10.5500,0.181784,0.159838,-0.512683,1.022875,0.003982,0.240133,-0.105869
10.5667,0.176748,0.161284,-0.513062,1.020444,0.007008,0.240579,-0.105575
10.5833,0.177415,0.169574,-0.516967,1.005316,0.009177,0.242943,-0.104379
10.6000,0.180103,0.179594,-0.522108,0.986958,0.010754,0.245702,-0.102914
10.6167,0.182329,0.188349,-0.527646,0.971534,0.011987,0.248017,-0.101634
10.6333,0.182710,0.194733,-0.534299,0.957582,0.013871,0.249080,-0.100525
10.6500,0.181875,0.197545,-0.539664,0.949953,0.015341,0.249090,-0.099913
10.6667,0.181307,0.198497,-0.543126,0.947149,0.015921,0.248879,-0.099709
10.6833,0.183012,0.200735,-0.547762,0.943506,0.015344,0.249117,-0.099438
10.7000,0.183963,0.203626,-0.550908,0.941465,0.014954,0.250039,-0.099222
10.7167,0.182823,0.204231,-0.551854,0.941576,0.015491,0.250271,-0.099333
10.7333,0.181347,0.205890,-0.552504,0.941899,0.016149,0.251116,-0.099288
10.7500,0.181338,0.207326,-0.553367,0.942372,0.015957,0.251814,-0.099233
10.7667,0.180207,0.208124,-0.554189,0.942339,0.016516,0.252117,-0.099191
10.7833,0.171534,0.201421,-0.560944,0.954932,0.018478,0.249288,-0.100337
10.8000,0.165825,0.194473,-0.566123,0.961773,0.020042,0.245861,-0.101024
10.8167,0.156370,0.185616,-0.570763,0.976140,0.022302,0.242360,-0.102186
10.8333,0.144658,0.172100,-0.573707,0.997703,0.024646,0.237416,-0.103873
10.8500,0.129009,0.153277,-0.572784,1.030956,0.027266,0.231366,-0.106214
10.8667,0.113552,0.137606,-0.566507,1.060079,0.030753,0.226916,-0.107976
10.8833,0.095883,0.119782,-0.554138,1.095838,0.034462,0.222470,-0.109933
10.9000,0.087148,0.105262,-0.544969,1.105452,0.037967,0.216456,-0.110341
10.9167,0.088668,0.098293,-0.538590,1.091291,0.040195,0.211688,-0.109270
10.9333,0.096276,0.094866,-0.535531,1.068195,0.040684,0.207662,-0.107921
10.9500,0.102186,0.091500,-0.536172,1.052185,0.040564,0.204126,-0.106946
10.9667,0.105099,0.091023,-0.538167,1.036982,0.041752,0.202069,-0.105882
10.9833,0.113724,0.092846,-0.545562,1.000315,0.043525,0.198436,-0.103290
11.0000,0.121152,0.091584,-0.559424,0.959046,0.046290,0.191931,-0.100010
11.0167,0.115212,0.072411,-0.567581,0.949109,0.050937,0.179851,-0.098315
11.0333,0.100208,0.034131,-0.587102,0.965938,0.055052,0.159275,-0.097758
11.0500,0.078192,-0.010920,-0.604942,0.985680,0.062273,0.135613,-0.095615
11.0667,0.060273,-0.060136,-0.621754,0.999177,0.068411,0.109384,-0.091478
11.0833,0.044178,-0.119639,-0.639282,1.017448,0.072649,0.078498,-0.085333
11.1000,0.011527,-0.213171,-0.645119,1.103310,0.073805,0.038144,-0.078728
11.1167,-0.021071,-0.319894,-0.614954,1.204208,0.072458,-0.004520,-0.067850
11.1333,-0.048827,-0.377263,-0.578017,1.231121,0.080462,-0.029017,-0.056608
11.1500,-0.078379,-0.377558,-0.558935,1.193171,0.100111,-0.031913,-0.049677
11.1667,-0.112357,-0.357226,-0.553673,1.142544,0.123465,-0.026730,-0.044292
11.2167,-0.250613,-0.268404,-0.534217,1.084525,0.195007,0.008046,-0.033299
11.2333,-0.255095,-0.232687,-0.553183,0.997182,0.209721,0.016491,-0.023989
11.2500,-0.264904,-0.211462,-0.567234,0.971103,0.217361,0.022837,-0.020960
11.2667,-0.275797,-0.195969,-0.574956,0.961144,0.223451,0.028225,-0.019386
11.2833,-0.274056,-0.187998,-0.588278,0.951493,0.223404,0.030061,-0.019316
11.3000,-0.264293,-0.183673,-0.605833,0.939188,0.219760,0.029853,-0.019924
11.3167,-0.254345,-0.185265,-0.619854,0.934937,0.214948,0.027820,-0.021007
11.3333,-0.243227,-0.190098,-0.634596,0.929581,0.209467,0.024074,-0.021535
11.3500,-0.240649,-0.198630,-0.647902,0.936435,0.205984,0.019301,-0.021945
11.3667,-0.241785,-0.206911,-0.660555,0.946749,0.203601,0.014956,-0.022089
11.3833,-0.246510,-0.217257,-0.672738,0.964113,0.201752,0.010226,-0.022339
11.4000,-0.247568,-0.224288,-0.679559,0.969752,0.200438,0.006671,-0.021844
11.4167,-0.245301,-0.226841,-0.682575,0.968781,0.199118,0.005237,-0.021498
11.4333,-0.242548,-0.227394,-0.684246,0.969842,0.197708,0.005018,-0.022204
11.4500,-0.237409,-0.223197,-0.690364,0.961256,0.196392,0.005966,-0.022335
11.4667,-0.230193,-0.217992,-0.698541,0.946710,0.194719,0.006651,-0.022097
11.4833,-0.222492,-0.213573,-0.708291,0.929691,0.192854,0.006564,-0.021336
11.5000,-0.218674,-0.212716,-0.717502,0.919529,0.191573,0.005274,-0.020396
11.5167,-0.216790,-0.214156,-0.724209,0.913744,0.190654,0.003468,-0.019406
11.5333,-0.214822,-0.214372,-0.732258,0.907048,0.189749,0.002016,-0.018532
11.5500,-0.215212,-0.213172,-0.738075,0.900798,0.189994,0.001405,-0.017533
11.5667,-0.216132,-0.214670,-0.741312,0.901882,0.189886,0.000367,-0.017413
11.5833,-0.220605,-0.217815,-0.747631,0.910212,0.189967,-0.001112,-0.017489
11.6000,-0.220018,-0.217657,-0.753869,0.902732,0.189757,-0.002280,-0.016133
11.6167,-0.217997,-0.214036,-0.763309,0.883050,0.190061,-0.003338,-0.013622
11.6333,-0.209120,-0.204570,-0.778293,0.841419,0.189341,-0.004017,-0.009399
11.6500,-0.211227,-0.194580,-0.791888,0.804200,0.192271,-0.004420,-0.003961
11.6667,-0.217115,-0.177190,-0.806311,0.753326,0.197608,-0.002979,0.003517
11.6833,-0.232960,-0.165596,-0.819481,0.704974,0.205495,-0.004345,0.013858
11.7000,-0.244062,-0.148489,-0.837064,0.630600,0.211959,-0.005665,0.027773
11.7167,-0.261233,-0.125944,-0.855525,0.549854,0.219553,-0.005349,0.043631
11.7333,-0.274046,-0.115583,-0.878131,0.465462,0.222406,-0.010334,0.062041
11.7500,-0.282682,-0.106607,-0.907363,0.375682,0.220970,-0.016007,0.080972
11.7833,-0.273352,-0.059260,-0.940793,0.158897,0.211861,-0.010023,0.116830
11.8000,-0.291308,-0.007825,-0.948956,0.067558,0.215061,0.004293,0.130848
11.8167,-0.310362,0.033786,-0.958885,-0.002443,0.217157,0.015253,0.142425
11.8333,-0.326902,0.063801,-0.973304,-0.056676,0.217014,0.022112,0.151818
11.8500,-0.345614,0.093944,-0.974563,-0.088302,0.221065,0.030650,0.157854
11.8667,-0.365992,0.120671,-0.974491,-0.113020,0.225811,0.038049,0.163631
11.8833,-0.384909,0.149456,-0.972639,-0.135022,0.230770,0.046360,0.168697
11.9000,-0.401776,0.177350,-0.970762,-0.152380,0.235488,0.054477,0.172784
11.9167,-0.416464,0.201682,-0.970249,-0.167863,0.239246,0.061372,0.176555
11.9333,-0.426925,0.221561,-0.967013,-0.173999,0.243094,0.067533,0.178464
11.9500,-0.436097,0.237362,-0.965699,-0.175637,0.246477,0.072239,0.179485
11.9667,-0.442197,0.252802,-0.965723,-0.176149,0.249022,0.076943,0.179571
11.9833,-0.449461,0.262522,-0.966840,-0.174761,0.251388,0.079602,0.180030
12.0000,-0.454858,0.272161,-0.968487,-0.172440,0.253344,0.082362,0.179855
12.0167,-0.459835,0.278944,-0.971002,-0.169601,0.254893,0.084128,0.179649
12.0333,-0.464152,0.284408,-0.973906,-0.166995,0.256095,0.085467,0.179413
12.0500,-0.468231,0.288513,-0.977003,-0.164847,0.257050,0.086338,0.179304
12.0667,-0.473684,0.290524,-0.979672,-0.160343,0.258506,0.086529,0.179291
12.0833,-0.480033,0.292100,-0.981532,-0.156697,0.260141,0.086587,0.179832
12.1000,-0.485038,0.295404,-0.983089,-0.154327,0.261521,0.087320,0.180199
12.1167,-0.488317,0.299561,-0.984944,-0.150175,0.262779,0.088493,0.179679
12.1333,-0.492781,0.299135,-0.989891,-0.139414,0.264149,0.087992,0.178173
12.1500,-0.497332,0.297311,-0.994482,-0.126625,0.265728,0.087144,0.176448
12.1667,-0.501217,0.295548,-0.998628,-0.114454,0.267158,0.086406,0.174731
12.1833,-0.500296,0.300601,-1.000615,-0.108100,0.267812,0.088352,0.172640
12.2000,-0.500934,0.301155,-1.003055,-0.099551,0.268603,0.088668,0.170801
12.2167,-0.502675,0.298370,-1.006967,-0.086887,0.269502,0.087852,0.168573
12.2333,-0.502594,0.294901,-1.011566,-0.072266,0.270041,0.086953,0.165423
12.2500,-0.498652,0.291327,-1.017796,-0.058940,0.269196,0.086090,0.161319
12.2667,-0.490563,0.281790,-1.027879,-0.031980,0.267561,0.083778,0.153469
12.2833,-0.484149,0.262529,-1.039502,0.005798,0.266000,0.078356,0.144649
12.3000,-0.480362,0.233754,-1.051274,0.057654,0.265229,0.070058,0.134647
12.3167,-0.477470,0.205377,-1.060411,0.114569,0.265177,0.062471,0.124346
12.3333,-0.471695,0.180465,-1.068071,0.166799,0.264074,0.056309,0.114232
12.3500,-0.462420,0.163132,-1.073449,0.213640,0.262344,0.053302,0.103872
12.3667,-0.454767,0.149653,-1.074911,0.267308,0.262278,0.052863,0.092622
12.3833,-0.440335,0.136812,-1.077934,0.311317,0.258855,0.052369,0.081446
12.4000,-0.424805,0.119493,-1.081191,0.357189,0.254229,0.050334,0.070247
12.4167,-0.413043,0.102904,-1.078160,0.411055,0.251829,0.049883,0.059077
12.4333,-0.397616,0.089449,-1.074453,0.458131,0.247832,0.050516,0.048117
12.4500,-0.377650,0.064800,-1.074522,0.498549,0.239821,0.045410,0.038676
12.4667,-0.362285,0.034728,-1.072782,0.548942,0.232962,0.038839,0.029556
12.4833,-0.352490,0.011373,-1.062744,0.599632,0.229528,0.035717,0.021567
12.5000,-0.347024,-0.023257,-1.052259,0.658219,0.226163,0.028121,0.014854
12.5167,-0.349248,-0.052121,-1.033106,0.714958,0.226812,0.023200,0.010029
12.5333,-0.354959,-0.066147,-1.009516,0.757044,0.230432,0.023510,0.006676
12.5500,-0.357347,-0.070056,-0.988853,0.783972,0.233314,0.026644,0.003700
12.5667,-0.356211,-0.075389,-0.970202,0.806505,0.234315,0.028604,0.000876
12.5833,-0.350998,-0.076661,-0.958975,0.816428,0.233408,0.030502,-0.001505
12.6000,-0.342391,-0.076673,-0.955051,0.820161,0.230495,0.031835,-0.003943
12.6167,-0.331320,-0.082637,-0.947206,0.828007,0.226421,0.031258,-0.006649
12.6333,-0.320713,-0.087618,-0.942380,0.832613,0.222299,0.030449,-0.008867
12.6500,-0.313234,-0.093275,-0.934438,0.841110,0.219540,0.029879,-0.010904
12.6667,-0.306755,-0.104838,-0.925288,0.852962,0.216584,0.026913,-0.012341
12.6833,-0.301419,-0.114749,-0.916180,0.861597,0.214309,0.024250,-0.013174
12.7000,-0.299482,-0.125698,-0.904621,0.876113,0.213216,0.021838,-0.014133
12.7167,-0.297736,-0.128840,-0.896407,0.882986,0.212849,0.021944,-0.015041
12.7333,-0.293770,-0.125527,-0.892189,0.883182,0.211978,0.024219,-0.016186
12.7500,-0.283763,-0.118988,-0.881681,0.872201,0.210465,0.027383,-0.017116
12.7667,-0.273716,-0.112933,-0.873483,0.861164,0.208620,0.030158,-0.017981
12.7833,-0.264713,-0.107732,-0.868112,0.853163,0.206579,0.032635,-0.019058
12.8000,-0.252840,-0.106305,-0.865607,0.843233,0.202899,0.032933,-0.019800
12.8167,-0.242355,-0.101658,-0.862877,0.830341,0.200240,0.034374,-0.020236
12.8333,-0.230039,-0.096394,-0.862103,0.818157,0.196586,0.036135,-0.021224
12.8500,-0.217079,-0.090780,-0.862648,0.812154,0.192078,0.038732,-0.023461
12.8667,-0.201289,-0.089122,-0.865631,0.812614,0.185373,0.040094,-0.026710
12.8833,-0.175400,-0.091251,-0.872408,0.819086,0.173364,0.040383,-0.032195
12.9000,-0.134446,-0.080892,-0.878856,0.812477,0.156508,0.045800,-0.039185
12.9167,-0.088416,-0.070329,-0.887186,0.818718,0.135667,0.052716,-0.048420
12.9333,-0.043972,-0.055738,-0.894759,0.832208,0.114286,0.062355,-0.058287
12.9500,0.004642,-0.054058,-0.898038,0.871791,0.087817,0.069384,-0.069265
12.9667,0.047028,-0.043939,-0.891517,0.911568,0.064114,0.081340,-0.079282
12.9833,0.095160,-0.009366,-0.882435,0.907579,0.042152,0.099961,-0.085328
13.0000,0.133838,0.037614,-0.869702,0.897950,0.024817,0.124277,-0.090168
13.0167,0.156597,0.060798,-0.860682,0.918273,0.010889,0.140110,-0.094782
13.0333,0.171063,0.079539,-0.838664,0.964424,-0.001778,0.158665,-0.100458
13.0500,0.174947,0.094709,-0.812257,0.999558,-0.007390,0.174152,-0.104113
13.0667,0.175697,0.107252,-0.781227,1.033480,-0.011110,0.188427,-0.107003
13.0833,0.177174,0.127985,-0.771955,1.039446,-0.012722,0.201161,-0.107642
13.1000,0.177603,0.144180,-0.754366,1.038736,-0.011932,0.211181,-0.107550
13.1167,0.172881,0.149920,-0.733074,1.047583,-0.009500,0.217332,-0.108244
13.1333,0.167706,0.157044,-0.725534,1.047493,-0.006353,0.221784,-0.108106
13.1500,0.161873,0.160569,-0.715939,1.048871,-0.002877,0.224683,-0.108257
13.1667,0.159619,0.163768,-0.700363,1.041922,0.000529,0.226757,-0.107595
13.1833,0.152911,0.164907,-0.694530,1.041048,0.004651,0.227752,-0.107644
13.2000,0.149162,0.166376,-0.685043,1.036422,0.008065,0.228725,-0.107116
13.2167,0.144927,0.170604,-0.672347,1.028826,0.012438,0.231070,-0.106477
13.2333,0.145692,0.176409,-0.659316,1.013710,0.015454,0.233330,-0.105320
13.2500,0.144909,0.179305,-0.652175,1.007628,0.017378,0.234729,-0.104786
13.2667,0.143585,0.177766,-0.647412,1.011176,0.017835,0.234833,-0.105191
13.2833,0.141605,0.173489,-0.639424,1.021968,0.017613,0.234721,-0.105902
13.3000,0.138647,0.168275,-0.629901,1.034618,0.017667,0.234461,-0.106711
13.3167,0.135946,0.163662,-0.621352,1.043327,0.018177,0.233892,-0.107269
13.3333,0.134564,0.159821,-0.614148,1.048592,0.018481,0.233161,-0.107605
13.3500,0.136831,0.160383,-0.607321,1.042493,0.018770,0.233330,-0.107048
13.3667,0.136163,0.159445,-0.605216,1.040857,0.019568,0.232818,-0.106941
13.3833,0.135136,0.156986,-0.603470,1.038955,0.020608,0.231428,-0.106858
13.4000,0.139500,0.159229,-0.597670,1.018467,0.022306,0.230679,-0.105495
13.4167,0.139000,0.154253,-0.596166,1.008808,0.024492,0.227008,-0.104902
13.4333,0.138622,0.146794,-0.596720,0.994270,0.027395,0.221246,-0.103944
13.4500,0.134098,0.130890,-0.599401,0.990772,0.030527,0.212111,-0.103812
13.4667,0.120691,0.100359,-0.603148,1.012757,0.033951,0.198064,-0.104982
13.4833,0.101004,0.057701,-0.604164,1.045539,0.039051,0.178940,-0.105993
13.5000,0.072746,-0.000321,-0.597057,1.097306,0.045667,0.154207,-0.106532
13.5167,0.047705,-0.055547,-0.585593,1.128789,0.054007,0.128764,-0.104246
13.5333,0.025481,-0.110259,-0.572073,1.152418,0.061930,0.102803,-0.100033
13.5500,0.014363,-0.168196,-0.564455,1.160111,0.066590,0.073312,-0.093091
13.5667,-0.012146,-0.231995,-0.546070,1.196832,0.073217,0.044253,-0.085528
13.5833,-0.020635,-0.304291,-0.526160,1.225952,0.072114,0.010701,-0.075034
13.6000,-0.051377,-0.363432,-0.489280,1.265344,0.078734,-0.014516,-0.064977
13.6167,-0.070321,-0.380000,-0.480117,1.225431,0.094112,-0.027209,-0.054873
13.6500,-0.167947,-0.353472,-0.471242,1.169847,0.145765,-0.018982,-0.043322
13.6667,-0.202074,-0.328220,-0.485427,1.110272,0.170066,-0.013263,-0.034672
13.6833,-0.262087,-0.298863,-0.490661,1.102716,0.197163,-0.002673,-0.028808
13.7000,-0.309077,-0.267532,-0.487918,1.086965,0.220941,0.009347,-0.022500
13.7167,-0.342536,-0.239240,-0.487311,1.070356,0.238992,0.020257,-0.016818
13.7333,-0.355335,-0.212837,-0.498379,1.042169,0.249396,0.029338,-0.012905
13.7500,-0.353633,-0.200520,-0.515432,1.018206,0.251605,0.031971,-0.010911
13.7667,-0.343772,-0.200761,-0.535270,1.000947,0.248275,0.029095,-0.010224
13.7833,-0.328595,-0.206411,-0.555878,0.985541,0.241997,0.023918,-0.010221
13.8000,-0.315140,-0.213173,-0.574947,0.974881,0.235839,0.018623,-0.010351
13.8167,-0.294205,-0.214154,-0.599967,0.948617,0.228441,0.014605,-0.010139
13.8333,-0.278684,-0.217781,-0.621044,0.935469,0.221727,0.010479,-0.010478
13.8500,-0.267234,-0.221345,-0.639027,0.927555,0.216262,0.006901,-0.010805
13.8667,-0.265096,-0.229547,-0.653026,0.935794,0.212734,0.002373,-0.011359
13.8833,-0.267077,-0.228387,-0.658852,0.937827,0.212841,0.002464,-0.011509
13.9000,-0.268636,-0.230844,-0.666933,0.941123,0.212164,0.000732,-0.011324
13.9167,-0.276597,-0.231274,-0.674124,0.945685,0.214054,-0.000156,-0.010438
13.9333,-0.277252,-0.231769,-0.684248,0.931924,0.214575,-0.002632,-0.007557
13.9500,-0.270309,-0.225082,-0.700472,0.896637,0.214233,-0.003963,-0.003727
13.9667,-0.279916,-0.215405,-0.716291,0.857350,0.220344,-0.005179,0.003838
13.9833,-0.286203,-0.204903,-0.737398,0.802968,0.225277,-0.007773,0.013680
14.0000,-0.292951,-0.191175,-0.759683,0.736315,0.230355,-0.010078,0.025750
14.0167,-0.291246,-0.175750,-0.790530,0.653163,0.231164,-0.013328,0.039192
14.0333,-0.292360,-0.156062,-0.819665,0.568283,0.231950,-0.014543,0.053133
14.0500,-0.290315,-0.147540,-0.860115,0.470992,0.227461,-0.022006,0.071222
14.0833,-0.253042,-0.138660,-0.934950,0.237729,0.203550,-0.035053,0.111832
14.1000,-0.264092,-0.104661,-0.970466,0.140789,0.199608,-0.029434,0.127283
14.1167,-0.291251,-0.069743,-0.982197,0.072047,0.203702,-0.020844,0.140138
14.1333,-0.326296,-0.025264,-0.981782,0.008568,0.212026,-0.008073,0.152454
14.1500,-0.360528,0.012696,-0.982071,-0.041830,0.219376,0.002400,0.163616
14.1667,-0.384731,0.042416,-0.981010,-0.084988,0.223926,0.010854,0.173106
14.1833,-0.402011,0.063466,-0.987393,-0.120783,0.225042,0.015993,0.180470
14.2000,-0.410505,0.074057,-1.003381,-0.150761,0.221851,0.017336,0.185485
14.2167,-0.415309,0.088479,-1.018501,-0.178816,0.218530,0.020285,0.188718
14.2333,-0.413363,0.117700,-1.029593,-0.205795,0.216105,0.028614,0.188488
14.2500,-0.414719,0.129993,-1.037276,-0.210319,0.215618,0.031642,0.187221
14.2667,-0.415472,0.138453,-1.046052,-0.210180,0.214954,0.033355,0.185310
14.2833,-0.421693,0.143723,-1.051180,-0.203156,0.216534,0.034084,0.183929
14.3000,-0.428909,0.147337,-1.055372,-0.196720,0.218238,0.034401,0.183242
14.3167,-0.436455,0.149684,-1.059064,-0.189075,0.220132,0.034355,0.182606
14.3333,-0.441598,0.153952,-1.062925,-0.181926,0.221639,0.035084,0.181306
14.3500,-0.447467,0.157416,-1.065843,-0.174564,0.223444,0.035611,0.180327
14.3667,-0.453558,0.160014,-1.068289,-0.167385,0.225287,0.035909,0.179611
14.3833,-0.459556,0.161874,-1.070502,-0.160586,0.227047,0.036010,0.179086
14.4000,-0.465132,0.164632,-1.072117,-0.155029,0.228792,0.036493,0.178684
14.4167,-0.469838,0.168870,-1.073256,-0.150310,0.230517,0.037557,0.178131
14.4333,-0.473216,0.169727,-1.076179,-0.144654,0.231401,0.037437,0.177320
14.4500,-0.476593,0.170657,-1.078616,-0.138164,0.232480,0.037413,0.176396
14.4667,-0.480629,0.170147,-1.080713,-0.129648,0.233849,0.036928,0.175430
14.4833,-0.482165,0.175149,-1.081983,-0.121078,0.235422,0.038555,0.173321
14.5000,-0.486824,0.180161,-1.082141,-0.106084,0.238578,0.040259,0.170810
14.5167,-0.493910,0.185519,-1.079560,-0.085729,0.243456,0.042354,0.168082
14.5333,-0.497740,0.192577,-1.077557,-0.065225,0.247714,0.045345,0.164361
14.5500,-0.496673,0.204551,-1.075473,-0.052700,0.250559,0.050241,0.160510
14.5667,-0.493832,0.206329,-1.077832,-0.031643,0.251893,0.051732,0.155232
14.5833,-0.492569,0.197628,-1.081772,0.002783,0.253525,0.049922,0.148625
14.6000,-0.498029,0.179240,-1.083142,0.063603,0.258728,0.045807,0.139800
14.6167,-0.508510,0.161062,-1.079273,0.139788,0.267310,0.043191,0.129873
14.6333,-0.518684,0.147087,-1.070455,0.218718,0.276956,0.043539,0.119631
14.6500,-0.523209,0.138112,-1.060822,0.290524,0.284741,0.046513,0.108926
14.6667,-0.521575,0.134080,-1.051071,0.345786,0.289618,0.051088,0.099305
14.6833,-0.499040,0.134189,-1.048170,0.398141,0.286870,0.058634,0.083322
14.7000,-0.479434,0.116115,-1.046788,0.454473,0.282029,0.058628,0.069156
14.7167,-0.459097,0.098860,-1.044072,0.499093,0.275945,0.057897,0.057259
14.7333,-0.441001,0.078122,-1.040238,0.544659,0.269853,0.055658,0.046436
14.7500,-0.429328,0.049160,-1.031132,0.604410,0.265645,0.051430,0.036191
14.7667,-0.422682,0.016178,-1.019607,0.665481,0.262427,0.045325,0.027836
14.7833,-0.414019,-0.025078,-1.005890,0.725624,0.257093,0.035437,0.020664
14.8000,-0.406477,-0.072714,-0.987847,0.796610,0.251093,0.024079,0.013326
14.8167,-0.406974,-0.116381,-0.960541,0.871421,0.248396,0.015161,0.007527
14.8333,-0.407041,-0.152989,-0.927182,0.933549,0.246119,0.008214,0.003298
14.8500,-0.412294,-0.179611,-0.886996,0.989119,0.246806,0.005187,0.000126
14.8667,-0.416738,-0.191420,-0.846608,1.022713,0.249186,0.006340,-0.001823
14.8833,-0.419871,-0.190215,-0.817254,1.036545,0.252378,0.010544,-0.003043
14.9000,-0.424564,-0.189331,-0.786376,1.054385,0.255793,0.015129,-0.004504
14.9167,-0.415192,-0.183581,-0.765921,1.048065,0.254992,0.019255,-0.006051
14.9333,-0.395228,-0.180081,-0.745792,1.028641,0.250907,0.021252,-0.007742
14.9500,-0.381823,-0.184442,-0.737241,1.024726,0.246303,0.020084,-0.009493
14.9667,-0.368917,-0.189274,-0.730506,1.018778,0.241851,0.018279,-0.010645
14.9833,-0.358269,-0.187106,-0.722061,1.006397,0.239736,0.019191,-0.011193
15.0000,-0.351605,-0.188919,-0.717745,1.000343,0.237864,0.018333,-0.011331
15.0167,-0.342518,-0.185579,-0.713614,0.985843,0.236295,0.019204,-0.011326
15.0333,-0.339609,-0.188327,-0.714135,0.986060,0.234786,0.017936,-0.011658
15.0500,-0.339111,-0.194415,-0.712832,0.991706,0.233734,0.015708,-0.011849
15.0667,-0.339247,-0.198584,-0.710819,0.997049,0.233073,0.014417,-0.012060
15.0833,-0.330926,-0.194453,-0.708366,0.987664,0.231235,0.016162,-0.012780
15.1000,-0.323734,-0.190016,-0.707055,0.978940,0.229776,0.017908,-0.013555
15.1167,-0.312034,-0.186682,-0.708179,0.968063,0.226406,0.018937,-0.014744
15.1333,-0.297034,-0.181126,-0.711409,0.952882,0.222129,0.020574,-0.016242
15.1500,-0.274890,-0.176438,-0.718708,0.932081,0.215036,0.021194,-0.018031
15.1667,-0.254972,-0.170312,-0.726621,0.915744,0.208384,0.022781,-0.020255
15.1833,-0.230784,-0.164002,-0.736656,0.901577,0.199543,0.024655,-0.023626
15.2000,-0.199389,-0.164232,-0.749219,0.896827,0.186091,0.024390,-0.028648
15.2167,-0.170129,-0.170581,-0.760748,0.913803,0.170988,0.023338,-0.035676
15.2333,-0.134477,-0.169234,-0.769703,0.928667,0.153737,0.026337,-0.043956
15.2500,-0.097363,-0.160278,-0.775069,0.950634,0.135177,0.034193,-0.054178
15.2667,-0.061284,-0.144064,-0.774451,0.978519,0.116294,0.046848,-0.065453
15.2833,-0.022203,-0.132670,-0.763772,1.029335,0.092686,0.060829,-0.078192
15.3000,0.019379,-0.112355,-0.747112,1.066592,0.068939,0.078211,-0.088955
15.3167,0.050075,-0.099134,-0.708541,1.130219,0.046308,0.096535,-0.099212
15.3333,0.100586,-0.060816,-0.675691,1.121878,0.023849,0.118776,-0.104274
15.3500,0.132613,-0.028409,-0.669828,1.136193,0.004568,0.138429,-0.108463
15.3667,0.159445,-0.003015,-0.652760,1.153356,-0.012222,0.155377,-0.111309
15.3833,0.163707,0.012058,-0.603843,1.190642,-0.019668,0.171390,-0.114112
15.4000,0.170921,0.033396,-0.595808,1.197045,-0.024982,0.184257,-0.114804
15.4167,0.194695,0.059035,-0.556354,1.157299,-0.028908,0.196410,-0.113210
15.4333,0.208982,0.083901,-0.535083,1.130018,-0.030917,0.208548,-0.111917
15.4500,0.205178,0.099332,-0.527643,1.134041,-0.029807,0.217939,-0.112313
15.4667,0.205067,0.111111,-0.518016,1.130299,-0.028894,0.224703,-0.111841
15.4833,0.213116,0.125437,-0.507208,1.108225,-0.028690,0.231018,-0.110494
15.5000,0.215541,0.134884,-0.501630,1.098346,-0.028000,0.235566,-0.109793
15.5167,0.219096,0.141876,-0.498699,1.082012,-0.026673,0.237906,-0.108827
15.5333,0.214575,0.142983,-0.497819,1.077396,-0.023305,0.238144,-0.108705
15.5500,0.214382,0.147768,-0.498203,1.060450,-0.019951,0.238953,-0.107798
15.5667,0.208993,0.147296,-0.498275,1.058166,-0.016594,0.238493,-0.107880
15.5833,0.195629,0.143265,-0.498712,1.072866,-0.012270,0.237846,-0.108993
15.6000,0.187589,0.141413,-0.498084,1.077446,-0.008787,0.237403,-0.109344
15.6167,0.176428,0.138294,-0.495738,1.090446,-0.005188,0.237296,-0.110134
15.6333,0.166693,0.135910,-0.492227,1.100810,-0.001794,0.237399,-0.110733
15.6500,0.160895,0.137177,-0.489447,1.102894,0.001018,0.238539,-0.110779
15.6667,0.157977,0.138882,-0.488058,1.101346,0.002926,0.239414,-0.110487
15.6833,0.156468,0.141362,-0.486018,1.098725,0.004304,0.240656,-0.110250
15.7000,0.160045,0.144444,-0.483876,1.088408,0.004460,0.241458,-0.109631
15.7167,0.159668,0.144923,-0.483472,1.087288,0.004895,0.241638,-0.109550
15.7333,0.158177,0.142724,-0.483586,1.086470,0.005925,0.240331,-0.109678
15.7500,0.162549,0.145936,-0.484131,1.070075,0.006695,0.240382,-0.108621
15.7667,0.165471,0.145579,-0.486706,1.057720,0.007440,0.238701,-0.107962
15.7833,0.163876,0.139502,-0.488424,1.056777,0.008519,0.235198,-0.108220
15.8000,0.161232,0.132486,-0.491026,1.058083,0.009688,0.231335,-0.108486
15.8167,0.159041,0.123635,-0.493248,1.054949,0.011530,0.226069,-0.108314
15.8333,0.153955,0.108332,-0.496596,1.049707,0.015405,0.217037,-0.108139
15.8500,0.146621,0.082034,-0.503657,1.044109,0.020574,0.201746,-0.107710
15.8667,0.131363,0.043891,-0.516530,1.046761,0.028232,0.180337,-0.106796
15.8833,0.108182,-0.010423,-0.531592,1.066750,0.036800,0.151764,-0.105205
15.9000,0.086748,-0.057687,-0.544065,1.062246,0.048790,0.124882,-0.100418
15.9167,0.058536,-0.102315,-0.557397,1.058962,0.063345,0.099471,-0.094029
15.9333,0.026995,-0.154132,-0.572145,1.070837,0.076109,0.071705,-0.086525
15.9500,0.013885,-0.204750,-0.586880,1.063549,0.082910,0.043472,-0.076714
15.9667,-0.011384,-0.240511,-0.599793,1.058495,0.094343,0.023241,-0.067355
15.9833,-0.038297,-0.269283,-0.603898,1.039372,0.108704,0.006196,-0.056475
16.0000,-0.062248,-0.308263,-0.622996,1.037232,0.117103,-0.015411,-0.044854
16.0167,-0.095764,-0.305942,-0.630980,1.008958,0.134369,-0.018329,-0.036678
16.0333,-0.129586,-0.302623,-0.629099,0.994322,0.150257,-0.019057,-0.030583
16.0500,-0.164777,-0.285836,-0.624469,0.980947,0.167099,-0.013098,-0.026676
16.0667,-0.192821,-0.270505,-0.621454,0.971223,0.180477,-0.007518,-0.023558
16.0833,-0.216340,-0.245618,-0.624505,0.956619,0.192766,0.001862,-0.021590
16.1000,-0.237014,-0.228439,-0.622151,0.951452,0.202962,0.008875,-0.020081
16.1167,-0.254553,-0.214719,-0.623238,0.949043,0.211043,0.014279,-0.018625
16.1333,-0.266966,-0.202960,-0.623082,0.945308,0.217211,0.019068,-0.017320
16.1500,-0.275925,-0.193770,-0.623962,0.942168,0.221704,0.022694,-0.016369
16.1667,-0.279367,-0.185285,-0.632159,0.933023,0.223951,0.024983,-0.015362
16.1833,-0.277120,-0.177837,-0.645764,0.918344,0.223942,0.025977,-0.014470
16.2000,-0.273708,-0.176064,-0.656708,0.910970,0.222458,0.025228,-0.014187
16.2167,-0.268344,-0.170618,-0.671582,0.894294,0.220991,0.025041,-0.013268
16.2333,-0.263539,-0.169480,-0.685501,0.882859,0.218915,0.023318,-0.012455
16.2500,-0.254630,-0.164839,-0.702263,0.862249,0.215982,0.022298,-0.011392
16.2667,-0.246502,-0.156292,-0.718816,0.840293,0.213645,0.022956,-0.010540
16.2833,-0.239366,-0.151069,-0.734141,0.823064,0.211041,0.022523,-0.009762
16.3000,-0.237432,-0.148246,-0.743943,0.815947,0.209979,0.022235,-0.009361
16.3167,-0.235058,-0.143783,-0.755610,0.806547,0.208816,0.022303,-0.008949
16.3333,-0.230695,-0.140322,-0.767818,0.796408,0.206752,0.021867,-0.008609
16.3500,-0.228454,-0.138560,-0.777391,0.790189,0.205357,0.021182,-0.008269
16.3667,-0.226646,-0.135686,-0.786302,0.784204,0.204242,0.021089,-0.008077
16.3833,-0.226193,-0.135821,-0.788757,0.783485,0.203787,0.020711,-0.008017
16.4000,-0.227018,-0.136155,-0.793105,0.781426,0.203739,0.019846,-0.007469
16.4167,-0.227942,-0.136929,-0.799613,0.777409,0.203540,0.018336,-0.006462
16.4333,-0.228069,-0.140931,-0.802770,0.775976,0.203013,0.015867,-0.005496
16.4500,-0.228928,-0.145311,-0.808031,0.773526,0.202591,0.013044,-0.004155
16.4667,-0.229318,-0.137418,-0.816974,0.755910,0.203330,0.014024,-0.002161
16.4833,-0.227484,-0.121709,-0.827990,0.722544,0.204401,0.016900,0.001022
16.5000,-0.235212,-0.104270,-0.837095,0.688442,0.209194,0.020156,0.006079
16.5167,-0.246335,-0.089442,-0.844220,0.654005,0.215017,0.022182,0.012585
16.5333,-0.260633,-0.082461,-0.853567,0.623283,0.220633,0.020514,0.020379
16.5500,-0.273869,-0.080351,-0.866011,0.586658,0.224807,0.015858,0.030041
16.5667,-0.285639,-0.084152,-0.882517,0.546357,0.226903,0.008039,0.041169
16.5833,-0.304155,-0.078555,-0.895342,0.497773,0.231980,0.003883,0.054141
16.6000,-0.322197,-0.065564,-0.908375,0.429174,0.236558,0.001601,0.070150
16.6167,-0.322451,-0.058545,-0.935212,0.337768,0.231234,-0.004542,0.087648
16.6667,-0.258635,-0.128855,-1.040668,0.135564,0.182135,-0.045139,0.130411
16.6833,-0.251470,-0.125714,-1.084604,0.076222,0.169362,-0.048128,0.140211
16.7000,-0.258513,-0.116350,-1.114082,0.026234,0.163200,-0.047705,0.149128
16.7167,-0.285910,-0.084004,-1.115126,-0.014956,0.169372,-0.038263,0.155108
16.7333,-0.319345,-0.047605,-1.098981,-0.054862,0.180498,-0.026344,0.162501
16.7500,-0.354459,-0.004254,-1.077607,-0.087476,0.193876,-0.012124,0.168584
16.7667,-0.382413,0.045351,-1.057906,-0.113017,0.206326,0.004140,0.171917
16.7833,-0.403612,0.093528,-1.042328,-0.138712,0.216124,0.019913,0.175136
16.8000,-0.416906,0.134409,-1.033963,-0.162903,0.222039,0.033043,0.177749
16.8167,-0.428034,0.161871,-1.031387,-0.182339,0.225421,0.041376,0.180676
16.8333,-0.434217,0.183310,-1.033405,-0.195223,0.226957,0.047614,0.181712
16.8500,-0.438463,0.191865,-1.036451,-0.199814,0.227560,0.049809,0.182222
16.8667,-0.439979,0.197943,-1.041837,-0.201923,0.227224,0.051136,0.181667
16.8833,-0.444164,0.192851,-1.049469,-0.194647,0.227086,0.048528,0.180866
16.9000,-0.452416,0.182329,-1.059604,-0.183613,0.227100,0.043862,0.180711
16.9167,-0.459930,0.172215,-1.069062,-0.176669,0.226642,0.039379,0.181229
16.9333,-0.465444,0.162430,-1.075790,-0.171143,0.226154,0.035301,0.181829
16.9500,-0.469416,0.160845,-1.079981,-0.170239,0.226072,0.034260,0.182309
16.9667,-0.470591,0.164405,-1.080842,-0.170167,0.226535,0.035368,0.182009
16.9833,-0.471851,0.172757,-1.082375,-0.170105,0.227373,0.037804,0.181045
17.0000,-0.475017,0.179090,-1.082851,-0.168148,0.228840,0.039633,0.180498
17.0167,-0.481051,0.181823,-1.082284,-0.159772,0.231485,0.040250,0.179871
17.0333,-0.487291,0.182229,-1.082093,-0.150796,0.233894,0.040120,0.179470
17.0500,-0.493461,0.182488,-1.083443,-0.140409,0.236103,0.039900,0.178679
17.0667,-0.498106,0.182747,-1.085083,-0.126820,0.238368,0.039785,0.176850
17.0833,-0.502021,0.179759,-1.087652,-0.109870,0.240338,0.038645,0.174480
17.1000,-0.503371,0.176626,-1.091235,-0.094413,0.241367,0.037546,0.171715
17.1167,-0.501760,0.175017,-1.095489,-0.080957,0.241557,0.037087,0.168391
17.1333,-0.495804,0.174529,-1.101020,-0.072079,0.240167,0.037060,0.164629
17.1500,-0.490950,0.179304,-1.103701,-0.058265,0.240592,0.039254,0.159914
17.1667,-0.486903,0.178927,-1.106717,-0.034951,0.241558,0.039918,0.154016
17.1833,-0.484885,0.171506,-1.109792,-0.000715,0.243250,0.038472,0.147240
17.2000,-0.485904,0.154650,-1.112140,0.048879,0.246067,0.034346,0.139413
17.2167,-0.491649,0.134583,-1.110433,0.127545,0.252967,0.030830,0.127739
17.2333,-0.497128,0.129809,-1.101751,0.202487,0.262091,0.034334,0.115711
17.2500,-0.508198,0.124400,-1.085529,0.287116,0.274285,0.039605,0.104355
17.2667,-0.516235,0.118204,-1.069039,0.367977,0.284663,0.045489,0.093306
17.2833,-0.512111,0.118217,-1.055121,0.427615,0.289621,0.053370,0.082244
17.3000,-0.502950,0.112509,-1.043713,0.479582,0.290842,0.058515,0.071589
17.3167,-0.488828,0.077367,-1.041049,0.530458,0.285016,0.050032,0.061927
17.3333,-0.473023,0.046560,-1.037363,0.575105,0.278475,0.042895,0.052969
17.3500,-0.455593,0.020473,-1.033035,0.607337,0.271208,0.036477,0.045746
17.3667,-0.437110,0.005532,-1.030177,0.622964,0.264020,0.033018,0.040119
17.3833,-0.422518,0.003565,-1.026460,0.629737,0.259470,0.034249,0.035676
17.4000,-0.407921,-0.009432,-1.022514,0.645180,0.253796,0.031409,0.031101
17.4167,-0.395565,-0.026956,-1.016123,0.668170,0.248690,0.027445,0.026583
17.4333,-0.388320,-0.054097,-1.006639,0.712183,0.244624,0.021508,0.020993
17.4500,-0.385124,-0.084317,-0.991828,0.768085,0.241847,0.015778,0.015068
17.4667,-0.378866,-0.115295,-0.973445,0.821815,0.237705,0.009823,0.009333
17.4833,-0.374674,-0.131435,-0.954252,0.857573,0.235924,0.008461,0.005097
17.5000,-0.367505,-0.143568,-0.935419,0.883898,0.233357,0.007917,0.001285
17.5167,-0.357117,-0.157148,-0.918632,0.903508,0.229195,0.005788,-0.001829
17.5333,-0.347387,-0.163466,-0.907118,0.913794,0.225729,0.005483,-0.004471
17.5500,-0.340606,-0.167590,-0.897977,0.918868,0.223510,0.005218,-0.005921
17.5667,-0.335314,-0.169951,-0.894080,0.918814,0.221651,0.004703,-0.006466
17.5833,-0.332859,-0.171965,-0.889692,0.917031,0.221081,0.003983,-0.006184
17.6000,-0.332467,-0.172495,-0.887289,0.916224,0.221198,0.003821,-0.005974
17.6167,-0.333859,-0.170962,-0.881723,0.915252,0.222570,0.004767,-0.005697
17.6333,-0.328928,-0.167079,-0.869663,0.904880,0.223000,0.006560,-0.005285
17.6500,-0.323479,-0.162117,-0.859874,0.893754,0.223159,0.008672,-0.005089
17.6667,-0.317723,-0.157262,-0.852315,0.882519,0.222956,0.010591,-0.004956
17.6833,-0.311792,-0.155267,-0.847956,0.876196,0.221769,0.011493,-0.005325
17.7000,-0.304552,-0.152740,-0.844778,0.870468,0.219964,0.012708,-0.006188
17.7167,-0.295648,-0.145773,-0.841975,0.862050,0.218019,0.015824,-0.007628
17.7333,-0.284361,-0.133065,-0.839119,0.849369,0.215905,0.021333,-0.009742
17.7500,-0.268010,-0.116733,-0.838035,0.834052,0.211973,0.028419,-0.012935
17.7667,-0.245088,-0.095873,-0.838910,0.815925,0.205579,0.037510,-0.017571
17.7833,-0.223016,-0.076766,-0.840506,0.807522,0.198352,0.046794,-0.023267
17.8000,-0.182369,-0.064500,-0.849568,0.789025,0.182661,0.051651,-0.029373
17.8333,-0.042854,-0.087877,-0.893928,0.805760,0.116205,0.043319,-0.049143
17.8667,0.056957,-0.117277,-0.892445,0.993482,0.049855,0.055279,-0.079967
17.8833,0.094352,-0.102093,-0.853596,1.061042,0.025769,0.075726,-0.091850
17.9000,0.137365,-0.047879,-0.815983,1.046119,0.008486,0.105094,-0.097922
17.9167,0.165442,0.002854,-0.786321,1.035294,-0.003227,0.132775,-0.101977
17.9333,0.191744,0.048583,-0.759884,1.016029,-0.013014,0.156569,-0.103483
17.9500,0.198989,0.076163,-0.745764,1.029409,-0.018935,0.174219,-0.105784
17.9667,0.203134,0.104384,-0.737190,1.036288,-0.022587,0.190949,-0.106805
17.9833,0.202158,0.113965,-0.716837,1.052884,-0.023828,0.200078,-0.108121
18.0000,0.201276,0.129407,-0.704517,1.059779,-0.024192,0.210341,-0.108603
18.0167,0.200739,0.143343,-0.697268,1.062693,-0.024318,0.218833,-0.108582
18.0333,0.197944,0.153399,-0.690320,1.064153,-0.022888,0.225025,-0.108595
18.0500,0.198705,0.155378,-0.674904,1.054247,-0.020578,0.226072,-0.107966
18.0667,0.196117,0.151069,-0.665335,1.057230,-0.019011,0.225015,-0.108419
18.0833,0.195309,0.155196,-0.658711,1.055844,-0.018008,0.227625,-0.108112
18.1000,0.192961,0.158000,-0.652327,1.057582,-0.016730,0.229927,-0.108338
18.1167,0.188293,0.155912,-0.637921,1.067922,-0.015178,0.231426,-0.108948
18.1333,0.184785,0.158628,-0.635200,1.067602,-0.013069,0.233150,-0.108861
18.1500,0.181396,0.159889,-0.632751,1.066895,-0.011002,0.233931,-0.108815
18.1667,0.176203,0.159092,-0.623749,1.069172,-0.008143,0.234565,-0.109025
18.1833,0.169288,0.156466,-0.613707,1.073010,-0.004494,0.234532,-0.109305
18.2000,0.161561,0.150559,-0.600077,1.082451,-0.001201,0.233724,-0.109884
18.2167,0.155141,0.145381,-0.586737,1.092262,0.001247,0.233284,-0.110456
18.2333,0.154205,0.146293,-0.579246,1.087431,0.003037,0.233836,-0.109970
18.2500,0.150451,0.148090,-0.575785,1.087131,0.005273,0.235068,-0.110029
18.2667,0.147280,0.151390,-0.570953,1.084708,0.007628,0.236961,-0.109631
18.2833,0.142032,0.155509,-0.567183,1.084196,0.010692,0.239435,-0.109550
18.3000,0.134428,0.154732,-0.555721,1.093784,0.013595,0.241117,-0.109968
18.3167,0.125591,0.152997,-0.542818,1.106240,0.016676,0.242695,-0.110473
18.3333,0.117727,0.149740,-0.528683,1.119607,0.019093,0.243610,-0.111036
18.3500,0.112246,0.151015,-0.520200,1.122353,0.021908,0.245278,-0.110964
18.3667,0.107565,0.153009,-0.515591,1.122855,0.024534,0.246762,-0.110793
18.3833,0.108612,0.157298,-0.504862,1.110572,0.026764,0.248620,-0.109737
18.4000,0.107325,0.160133,-0.499215,1.104787,0.028804,0.249991,-0.109207
18.4167,0.108850,0.161221,-0.494012,1.096374,0.029833,0.250138,-0.108698
18.4333,0.107027,0.162113,-0.491106,1.091510,0.031881,0.250340,-0.108287
18.4500,0.105786,0.159102,-0.491019,1.090506,0.032814,0.248569,-0.108405
18.4667,0.108814,0.149248,-0.490973,1.078486,0.033580,0.242101,-0.108012
18.4833,0.105164,0.130834,-0.492586,1.085010,0.034447,0.232753,-0.108996
18.5000,0.099809,0.107205,-0.495078,1.088254,0.036869,0.220139,-0.109406
18.5167,0.092957,0.072530,-0.499725,1.092677,0.039905,0.201485,-0.109498
18.5333,0.076694,0.027829,-0.503008,1.113875,0.044840,0.179118,-0.109460
18.5500,0.054396,-0.029130,-0.502581,1.144389,0.051256,0.151215,-0.108174
18.5667,0.039332,-0.083655,-0.502474,1.155033,0.057422,0.122752,-0.104253
18.5833,0.029030,-0.133321,-0.506266,1.149844,0.063766,0.095370,-0.098149
18.6000,0.028834,-0.185753,-0.513963,1.135915,0.066518,0.065987,-0.089797
18.6167,0.001877,-0.245743,-0.516788,1.175567,0.071862,0.037507,-0.082548
18.6333,-0.013823,-0.303413,-0.516421,1.193419,0.075530,0.009186,-0.072552
18.6500,-0.040888,-0.339077,-0.512846,1.198453,0.086230,-0.008712,-0.063612
18.6667,-0.061443,-0.362105,-0.513551,1.180961,0.097639,-0.021936,-0.054436
18.6833,-0.091940,-0.356816,-0.518728,1.140873,0.117194,-0.023504,-0.047309
18.7000,-0.131556,-0.329077,-0.528377,1.090282,0.142297,-0.015724,-0.041304
18.7167,-0.169790,-0.295972,-0.541108,1.039446,0.166420,-0.005952,-0.034631
18.7333,-0.200501,-0.270753,-0.555046,1.004118,0.184249,0.000969,-0.028526
18.7500,-0.230078,-0.253650,-0.555586,0.990306,0.198931,0.006715,-0.023970
18.7667,-0.251180,-0.236679,-0.565537,0.975255,0.209638,0.011707,-0.020216
18.7833,-0.261224,-0.219045,-0.582357,0.952977,0.216230,0.016242,-0.017214
18.8000,-0.284501,-0.211128,-0.595999,0.965799,0.223494,0.018537,-0.015982
18.8167,-0.295157,-0.213368,-0.608264,0.976731,0.225274,0.016654,-0.015251
18.8333,-0.318322,-0.215385,-0.616832,1.005921,0.230305,0.016332,-0.015002
18.8500,-0.340416,-0.212994,-0.619239,1.019611,0.237496,0.017351,-0.012814
18.8667,-0.349154,-0.208344,-0.619483,1.012805,0.241934,0.018469,-0.010188
18.8833,-0.358185,-0.205683,-0.618938,1.009158,0.246123,0.018874,-0.007872
18.9000,-0.364646,-0.209321,-0.620110,1.006505,0.248402,0.016250,-0.005351
18.9167,-0.375701,-0.217276,-0.624394,1.013913,0.250683,0.011969,-0.002828
18.9333,-0.380695,-0.223486,-0.627348,1.007139,0.252162,0.007703,0.000731
18.9500,-0.380073,-0.227207,-0.635455,0.985310,0.252789,0.003031,0.005172
18.9667,-0.380551,-0.234584,-0.647427,0.959474,0.253267,-0.004189,0.011306
18.9833,-0.391830,-0.239306,-0.657946,0.938488,0.257402,-0.010183,0.018840
19.0000,-0.397262,-0.227762,-0.673825,0.890432,0.262547,-0.011074,0.027397
19.0167,-0.419349,-0.207341,-0.682653,0.851107,0.273979,-0.007484,0.037332
19.0333,-0.451727,-0.181074,-0.686650,0.812108,0.289412,-0.001531,0.049711
19.0500,-0.478726,-0.168801,-0.697295,0.770988,0.299803,-0.002757,0.063686
19.0667,-0.497547,-0.159365,-0.717706,0.710443,0.305533,-0.007445,0.079749
19.0833,-0.510644,-0.147803,-0.738869,0.639711,0.308422,-0.011460,0.096096
19.1000,-0.513392,-0.135705,-0.768627,0.545756,0.305523,-0.016786,0.113861
19.1167,-0.515320,-0.109042,-0.799476,0.436627,0.301772,-0.016397,0.132144
19.1333,-0.517260,-0.076048,-0.824865,0.323931,0.297132,-0.012284,0.150269
19.1500,-0.530023,-0.052074,-0.850938,0.238235,0.293112,-0.010822,0.166568
19.1667,-0.542169,-0.031588,-0.870431,0.167043,0.289238,-0.008777,0.180265
19.1833,-0.544199,-0.018560,-0.898659,0.103111,0.280611,-0.009109,0.189543
19.2000,-0.544817,-0.018295,-0.933193,0.052786,0.269548,-0.013690,0.196653
19.2167,-0.548305,-0.015390,-0.955279,0.018265,0.262868,-0.015519,0.201930
19.2333,-0.560269,-0.006571,-0.967842,-0.002553,0.261612,-0.014810,0.206454
19.2500,-0.574429,0.010032,-0.973616,-0.018250,0.263552,-0.010962,0.210011
19.2667,-0.585596,0.031597,-0.977318,-0.031241,0.266342,-0.005089,0.211866
19.2833,-0.594496,0.057576,-0.978685,-0.043840,0.269787,0.002616,0.212882
19.3000,-0.599458,0.081869,-0.981771,-0.060469,0.271424,0.009851,0.213843
19.3167,-0.601913,0.107752,-0.984363,-0.084682,0.271837,0.017763,0.215573
19.3333,-0.604780,0.126024,-0.988875,-0.102202,0.271722,0.022955,0.216889
19.3500,-0.607448,0.141996,-0.993402,-0.118889,0.271288,0.027410,0.218303
19.3667,-0.610102,0.154989,-0.998213,-0.132472,0.270781,0.030880,0.219451
19.3833,-0.611360,0.161460,-1.002253,-0.140288,0.270042,0.032486,0.220013
19.4000,-0.611268,0.166418,-1.007432,-0.145813,0.269047,0.033558,0.219776
19.4167,-0.610620,0.170900,-1.012724,-0.147185,0.268462,0.034532,0.218671
19.4333,-0.611807,0.168623,-1.019204,-0.140920,0.268203,0.033108,0.217176
19.4500,-0.614585,0.165523,-1.026997,-0.129805,0.268456,0.031333,0.215189
19.4667,-0.614905,0.164701,-1.032154,-0.122187,0.268600,0.030635,0.213257
19.4833,-0.613555,0.165528,-1.037219,-0.114233,0.268693,0.030660,0.210690
19.5000,-0.610316,0.165226,-1.043465,-0.106734,0.268020,0.030351,0.207675
19.5167,-0.609559,0.160295,-1.050888,-0.094716,0.267539,0.028335,0.204840
19.5333,-0.608893,0.150896,-1.059057,-0.072417,0.267701,0.024909,0.200485
19.5500,-0.606248,0.135427,-1.069705,-0.040696,0.267346,0.019582,0.194240
19.5667,-0.604084,0.116275,-1.080300,-0.000546,0.267375,0.013276,0.187064
19.5833,-0.601840,0.097355,-1.088667,0.049202,0.268770,0.007579,0.178303
19.6000,-0.600885,0.088426,-1.090278,0.104371,0.273463,0.006370,0.168403
19.6167,-0.602938,0.081032,-1.087068,0.168781,0.280638,0.006819,0.157881
19.6333,-0.605940,0.070487,-1.080207,0.239368,0.288425,0.007334,0.147297
19.6500,-0.607107,0.066536,-1.069764,0.310640,0.297006,0.011664,0.135666
19.6667,-0.602689,0.068112,-1.058193,0.377394,0.304175,0.019302,0.122802
19.6833,-0.595733,0.071470,-1.045292,0.436974,0.309804,0.028160,0.110541
19.7000,-0.588809,0.074252,-1.031034,0.489076,0.314291,0.036736,0.099937
19.7167,-0.579641,0.072663,-1.018091,0.529527,0.315963,0.042522,0.091117
19.7333,-0.568869,0.061497,-1.007871,0.567408,0.314858,0.043746,0.082885
19.7500,-0.559732,0.049860,-0.996911,0.603697,0.313829,0.044558,0.075535
19.7667,-0.547785,0.037392,-0.987067,0.636242,0.311138,0.044692,0.068002
19.7833,-0.536619,0.024034,-0.973804,0.671027,0.308754,0.044946,0.060689
19.8000,-0.517045,0.017744,-0.968649,0.683418,0.302566,0.045571,0.053655
19.8167,-0.503200,0.006112,-0.959889,0.708455,0.298139,0.045162,0.046867
19.8333,-0.487095,-0.000769,-0.954027,0.723402,0.292782,0.045587,0.040653
19.8500,-0.469450,-0.004302,-0.951139,0.730379,0.286662,0.046406,0.035033
19.8667,-0.456894,-0.011736,-0.941998,0.747072,0.282609,0.046761,0.029907
19.8833,-0.446376,-0.029782,-0.931928,0.775013,0.277943,0.043419,0.024596
19.9000,-0.437526,-0.050172,-0.918278,0.817074,0.273558,0.040987,0.017729
19.9167,-0.428586,-0.071904,-0.904116,0.854497,0.268683,0.037243,0.011981
19.9333,-0.415826,-0.090671,-0.890506,0.878150,0.262684,0.033218,0.007476
19.9500,-0.407161,-0.103458,-0.878128,0.894409,0.258833,0.030679,0.004547
19.9667,-0.399294,-0.123493,-0.864857,0.916515,0.254176,0.025339,0.001889
19.9833,-0.395027,-0.135947,-0.849842,0.933979,0.251945,0.022966,-0.000017
20.0000,-0.390237,-0.146500,-0.837840,0.944858,0.249646,0.020425,-0.001236
20.0167,-0.384753,-0.154908,-0.828737,0.950337,0.247260,0.018050,-0.002017
20.0333,-0.380100,-0.160471,-0.819461,0.958865,0.245340,0.017408,-0.003603
20.0500,-0.380536,-0.162047,-0.806592,0.968837,0.245988,0.018880,-0.004743
20.0667,-0.379766,-0.161510,-0.802274,0.970887,0.246052,0.019786,-0.005294
20.0833,-0.374326,-0.162644,-0.793737,0.966100,0.244913,0.019687,-0.005249
20.1000,-0.369137,-0.162789,-0.786367,0.959228,0.244084,0.019673,-0.005060
20.1167,-0.362095,-0.159757,-0.778114,0.946484,0.243407,0.020699,-0.004758
20.1333,-0.354982,-0.157596,-0.773308,0.934937,0.242180,0.021216,-0.004566
20.1500,-0.348734,-0.156162,-0.770076,0.926478,0.240868,0.021562,-0.004673
20.1667,-0.340382,-0.149869,-0.767620,0.915789,0.239290,0.024122,-0.005577
20.1833,-0.326337,-0.138561,-0.766650,0.900099,0.236186,0.028767,-0.007665
20.2000,-0.309446,-0.122008,-0.766957,0.881834,0.232392,0.035743,-0.010641
20.2167,-0.284069,-0.104191,-0.770733,0.860080,0.225066,0.043082,-0.014961
20.2333,-0.250242,-0.090171,-0.779024,0.840981,0.213114,0.048823,-0.020841
20.2667,-0.124704,-0.114968,-0.817082,0.857016,0.154315,0.040727,-0.042633
20.2833,-0.061273,-0.134467,-0.832026,0.924388,0.117636,0.040033,-0.058578
20.3000,0.001227,-0.159322,-0.822401,1.028297,0.077227,0.042957,-0.075144
20.3167,0.058468,-0.172335,-0.776207,1.132169,0.038858,0.053792,-0.089024
20.3333,0.116439,-0.137580,-0.772165,1.154242,0.006966,0.075493,-0.097424
20.3500,0.144947,-0.136388,-0.669788,1.242884,-0.017755,0.093339,-0.105153
20.3667,0.134094,-0.141579,-0.464925,1.381873,-0.034311,0.114485,-0.112163
20.3833,0.154547,-0.105986,-0.352103,1.383615,-0.044835,0.137849,-0.114795
20.4000,0.215351,-0.045808,-0.307224,1.274376,-0.054038,0.165764,-0.114291
20.4167,0.240478,-0.007299,-0.300354,1.238011,-0.060603,0.184977,-0.113584
20.4333,0.287845,0.043816,-0.325844,1.112250,-0.060436,0.203161,-0.108508
20.4500,0.325637,0.096298,-0.363253,0.989560,-0.056998,0.219180,-0.101336
20.4667,0.347249,0.142513,-0.399393,0.904124,-0.053547,0.232547,-0.094893
20.4833,0.352597,0.176338,-0.427127,0.864775,-0.050830,0.243054,-0.091324
20.5000,0.347054,0.188643,-0.432545,0.863893,-0.048469,0.248593,-0.091141
20.5167,0.328710,0.190362,-0.457534,0.885347,-0.044644,0.248237,-0.093417
20.5333,0.304862,0.184613,-0.481105,0.916691,-0.039539,0.245440,-0.096564
20.5500,0.285675,0.178090,-0.499684,0.942581,-0.035423,0.242505,-0.099039
20.5667,0.270516,0.172490,-0.513825,0.964643,-0.032401,0.240293,-0.100990
20.5833,0.250270,0.162930,-0.524786,0.999943,-0.028935,0.237865,-0.103790
20.6000,0.223742,0.150517,-0.528370,1.045160,-0.023521,0.235858,-0.107081
20.6167,0.199770,0.139858,-0.524276,1.082601,-0.017567,0.234655,-0.109576
20.6333,0.183147,0.133758,-0.516644,1.102611,-0.012078,0.234246,-0.110844
20.6500,0.170706,0.130588,-0.508713,1.113815,-0.007166,0.234437,-0.111527
20.6667,0.161565,0.129804,-0.502597,1.117105,-0.002603,0.234892,-0.111712
20.6833,0.155312,0.128693,-0.496796,1.121041,0.000262,0.235196,-0.111905
20.7000,0.151877,0.128530,-0.495704,1.119882,0.002458,0.235081,-0.111783
20.7167,0.150168,0.129734,-0.494574,1.119807,0.003390,0.235842,-0.111775
20.7333,0.148486,0.134314,-0.492134,1.120555,0.004147,0.238567,-0.111654
20.7500,0.149508,0.140468,-0.486928,1.116684,0.004477,0.241919,-0.111118
20.7667,0.156470,0.147368,-0.481294,1.102325,0.003695,0.244664,-0.110203
20.7833,0.160471,0.152297,-0.478414,1.095617,0.002910,0.246889,-0.109693
20.8000,0.157495,0.155156,-0.476622,1.097598,0.004164,0.248789,-0.109822
20.8167,0.155819,0.158100,-0.475418,1.096720,0.005246,0.250377,-0.109503
20.8333,0.151016,0.150770,-0.474451,1.100438,0.007269,0.246908,-0.110079
20.8500,0.151755,0.143477,-0.474952,1.086272,0.009768,0.241528,-0.109433
20.8667,0.142867,0.120218,-0.478495,1.090998,0.013858,0.229188,-0.110365
20.9000,0.058655,-0.016110,-0.441431,1.254234,0.029281,0.172931,-0.116218
20.9167,0.022819,-0.093685,-0.386714,1.300513,0.040377,0.137153,-0.113395
20.9333,-0.020595,-0.180211,-0.306570,1.362783,0.050655,0.097561,-0.107323
20.9500,-0.090316,-0.289408,-0.181355,1.486089,0.057323,0.047122,-0.096726
20.9667,-0.090182,-0.380000,-0.099930,1.488606,0.054043,-0.004956,-0.078558
20.9833,-0.078565,-0.380000,-0.183107,1.415140,0.063389,-0.039376,-0.063780
21.0500,-0.316286,-0.350650,-0.199354,1.299735,0.192524,-0.000270,-0.041227
21.0667,-0.291528,-0.315522,-0.271023,1.113324,0.216313,0.006482,-0.024894
21.0833,-0.321926,-0.296012,-0.274117,1.098391,0.232452,0.013577,-0.019318
21.1000,-0.331903,-0.278349,-0.314758,1.067880,0.240775,0.016725,-0.014166
21.1167,-0.328741,-0.264382,-0.357214,1.038292,0.242944,0.018294,-0.011521
21.1333,-0.323599,-0.263845,-0.390305,1.026214,0.240795,0.014961,-0.010306
21.1500,-0.315144,-0.265961,-0.419381,1.017618,0.236739,0.011069,-0.010054
21.1667,-0.313057,-0.267223,-0.423968,1.018251,0.235422,0.010105,-0.010442
21.1833,-0.310252,-0.271772,-0.433158,1.020268,0.233188,0.007261,-0.010616
21.2000,-0.314713,-0.267943,-0.446529,1.023129,0.234057,0.007773,-0.010645
21.2167,-0.315353,-0.262290,-0.452350,1.022305,0.234491,0.009980,-0.011121
21.2333,-0.316841,-0.254277,-0.463822,1.019394,0.235458,0.012534,-0.011538
21.2500,-0.318344,-0.236758,-0.488233,0.998465,0.238634,0.017183,-0.010227
21.2667,-0.318065,-0.221842,-0.513673,0.973857,0.240984,0.020121,-0.008176
21.2833,-0.318660,-0.205555,-0.536252,0.947282,0.243928,0.023655,-0.005717
21.3000,-0.320268,-0.196254,-0.557515,0.926382,0.245864,0.024157,-0.002944
21.3167,-0.325582,-0.184590,-0.577757,0.905351,0.249310,0.025565,0.000381
21.3333,-0.326643,-0.170805,-0.602730,0.869626,0.251990,0.026366,0.005160
21.3500,-0.327809,-0.158695,-0.631239,0.819874,0.254818,0.024548,0.012979
21.3667,-0.331204,-0.157790,-0.662133,0.767446,0.256492,0.016659,0.023745
21.3833,-0.334479,-0.146421,-0.694646,0.700085,0.258736,0.012212,0.035973
21.4000,-0.341458,-0.123728,-0.721654,0.621833,0.263013,0.012456,0.049879
21.4167,-0.360884,-0.097428,-0.746779,0.546788,0.270144,0.013837,0.065950
21.4333,-0.372449,-0.077566,-0.772833,0.458428,0.272258,0.012013,0.084069
21.5167,-0.280956,-0.197166,-0.925637,0.164068,0.204933,-0.056166,0.147873
21.5333,-0.280181,-0.181000,-0.978551,0.097031,0.193324,-0.056393,0.157474
21.5500,-0.290655,-0.146103,-1.011895,0.019656,0.188154,-0.048296,0.167172
21.5667,-0.308814,-0.098056,-1.028917,-0.051041,0.188429,-0.034680,0.174373
21.5833,-0.336249,-0.048359,-1.032904,-0.106751,0.193584,-0.020057,0.180816
21.6000,-0.359645,-0.007087,-1.028977,-0.148963,0.199276,-0.007346,0.186524
21.6167,-0.382984,0.031199,-1.024121,-0.178604,0.205667,0.004082,0.190787
21.6333,-0.401994,0.061919,-1.023942,-0.200712,0.210119,0.012763,0.194065
21.6500,-0.420186,0.086897,-1.024818,-0.214622,0.214389,0.019444,0.196641
21.6667,-0.434576,0.103316,-1.022745,-0.221670,0.218333,0.023955,0.198851
21.6833,-0.448076,0.112050,-1.024108,-0.222858,0.221354,0.025658,0.200542
21.7000,-0.460932,0.116993,-1.026886,-0.224003,0.223573,0.026154,0.202561
21.7167,-0.472335,0.121170,-1.030323,-0.223659,0.225493,0.026416,0.204034
21.7333,-0.483042,0.126662,-1.032888,-0.222242,0.227715,0.027193,0.205086
21.7500,-0.491782,0.132393,-1.036018,-0.219570,0.229664,0.028092,0.205395
21.7667,-0.497481,0.138896,-1.040227,-0.216181,0.231051,0.029321,0.204695
21.7833,-0.497228,0.148322,-1.046629,-0.215171,0.230978,0.031678,0.202533
21.8000,-0.496432,0.156656,-1.052989,-0.214344,0.230689,0.033735,0.200429
21.8167,-0.495743,0.163759,-1.058965,-0.213623,0.230335,0.035459,0.198575
21.8333,-0.498237,0.167917,-1.063136,-0.207604,0.231268,0.036192,0.196952
21.8500,-0.504816,0.167709,-1.068641,-0.193193,0.233230,0.035250,0.195051
21.8667,-0.511314,0.166397,-1.073374,-0.177380,0.235384,0.034062,0.193077
21.8833,-0.515315,0.167957,-1.077526,-0.163762,0.237223,0.034040,0.190682
21.9000,-0.518646,0.167085,-1.081962,-0.146605,0.239039,0.033314,0.187706
21.9167,-0.520280,0.170381,-1.084838,-0.131335,0.241046,0.034241,0.184385
21.9333,-0.519380,0.173454,-1.088480,-0.116570,0.242303,0.035253,0.180502
21.9500,-0.517953,0.175155,-1.091933,-0.097747,0.243783,0.035999,0.175878
21.9667,-0.512682,0.163789,-1.101845,-0.080215,0.241520,0.032061,0.171417
21.9833,-0.507898,0.150930,-1.111017,-0.052563,0.240366,0.027886,0.165389
22.0000,-0.506698,0.134497,-1.117544,-0.005507,0.241968,0.023109,0.157186
22.0167,-0.513506,0.115187,-1.117396,0.067411,0.248769,0.018472,0.146838
22.0333,-0.520707,0.096494,-1.114160,0.151103,0.256972,0.015417,0.134772
22.0500,-0.526843,0.088765,-1.103649,0.231500,0.266829,0.017948,0.122583
22.0667,-0.531315,0.094115,-1.088050,0.295393,0.277003,0.025957,0.112210
22.0833,-0.532183,0.108978,-1.072830,0.344070,0.285718,0.037668,0.102874
22.1000,-0.532174,0.118444,-1.055434,0.394757,0.293474,0.048302,0.094065
22.1167,-0.521678,0.114886,-1.048754,0.431492,0.293433,0.052103,0.085153
22.1333,-0.508421,0.100621,-1.042532,0.467191,0.290695,0.051382,0.076753
22.1500,-0.495991,0.081045,-1.037254,0.501191,0.287032,0.047938,0.069387
22.1667,-0.482480,0.059657,-1.032951,0.532144,0.282209,0.043288,0.062534
22.1833,-0.463195,0.059037,-1.034891,0.535437,0.275653,0.044663,0.056649
22.2000,-0.444360,0.055582,-1.034498,0.545082,0.269467,0.045589,0.050250
22.2167,-0.422283,0.043809,-1.034722,0.559797,0.261106,0.043497,0.043200
22.2333,-0.398254,0.026449,-1.037203,0.578303,0.251030,0.039170,0.035742
22.2500,-0.375950,0.016447,-1.037367,0.591731,0.242376,0.037634,0.029209
22.2667,-0.358245,0.009982,-1.035118,0.603787,0.235925,0.037415,0.023840
22.2833,-0.346066,0.001406,-1.031386,0.619227,0.231400,0.036382,0.019532
22.3000,-0.334812,-0.012414,-1.026147,0.638703,0.226826,0.033480,0.015612
22.3167,-0.325046,-0.029004,-1.021148,0.660079,0.222392,0.029372,0.012126
22.3333,-0.317135,-0.041764,-1.014819,0.677575,0.219106,0.026556,0.009361
22.3500,-0.314390,-0.054645,-1.006746,0.699409,0.217830,0.024046,0.006979
22.3667,-0.314933,-0.070706,-0.995560,0.729586,0.217627,0.021160,0.004408
22.3833,-0.314303,-0.081061,-0.985818,0.749783,0.217374,0.019627,0.002492
22.4000,-0.313376,-0.086721,-0.975261,0.765689,0.217545,0.019873,0.000622
22.4167,-0.313048,-0.090991,-0.964513,0.778251,0.218116,0.020333,-0.000727
22.4333,-0.314209,-0.095583,-0.953741,0.790453,0.219181,0.020505,-0.001661
22.4500,-0.317245,-0.093881,-0.943551,0.798732,0.221544,0.023036,-0.002512
22.4667,-0.322856,-0.101382,-0.930368,0.817113,0.223988,0.022555,-0.003082
22.4833,-0.327373,-0.108983,-0.917527,0.836450,0.225827,0.022163,-0.004068
22.5000,-0.329164,-0.117154,-0.905641,0.853147,0.226458,0.021226,-0.005087
22.5167,-0.326828,-0.118990,-0.902256,0.855133,0.225711,0.020999,-0.005579
22.5333,-0.319524,-0.118141,-0.895942,0.852306,0.223830,0.022042,-0.006503
22.5500,-0.308551,-0.113779,-0.889315,0.842639,0.221284,0.024117,-0.007600
22.5667,-0.293732,-0.105487,-0.883385,0.828365,0.217759,0.027673,-0.009317
22.5833,-0.283415,-0.102882,-0.880996,0.824512,0.214471,0.029240,-0.011116
22.6000,-0.271567,-0.097014,-0.878065,0.817366,0.211077,0.032099,-0.013109
22.6167,-0.258730,-0.088668,-0.876248,0.814265,0.207043,0.036629,-0.016372
22.6333,-0.236817,-0.077058,-0.875424,0.803232,0.199905,0.042110,-0.020460
22.6500,-0.210382,-0.075348,-0.880950,0.809601,0.188202,0.044550,-0.026963
22.6667,-0.165605,-0.071495,-0.889099,0.813331,0.168625,0.048243,-0.035988
22.6833,-0.112430,-0.063687,-0.899133,0.821412,0.144479,0.054355,-0.046679
22.7000,-0.049630,-0.058036,-0.908645,0.844290,0.113916,0.061346,-0.059224
22.7167,0.007618,-0.066064,-0.903951,0.917936,0.080480,0.069171,-0.074314
22.7333,0.056219,-0.069490,-0.883606,0.991287,0.050580,0.080180,-0.086579
22.7500,0.097108,-0.047224,-0.851318,1.037647,0.026734,0.101299,-0.096191
22.7667,0.139648,-0.005613,-0.822811,1.039537,0.006519,0.125917,-0.101211
22.7833,0.172448,0.028919,-0.789758,1.073466,-0.014203,0.151630,-0.106661
22.8000,0.195810,0.050884,-0.741697,1.122737,-0.032282,0.173807,-0.110515
22.8167,0.173961,0.011351,-0.575485,1.306787,-0.046742,0.185863,-0.117331
22.8333,0.176317,0.038990,-0.563674,1.312517,-0.049564,0.202274,-0.117527
22.8500,0.186577,0.066775,-0.467484,1.279043,-0.046499,0.218885,-0.116789
22.8667,0.193748,0.092116,-0.416031,1.245390,-0.042629,0.232777,-0.115580
22.8833,0.209736,0.117986,-0.395462,1.182849,-0.038078,0.243022,-0.112927
22.9000,0.219005,0.133194,-0.392918,1.142357,-0.034786,0.248116,-0.110922
22.9167,0.224296,0.143764,-0.396975,1.114395,-0.032121,0.251139,-0.109456
22.9333,0.226892,0.151013,-0.403235,1.094152,-0.029658,0.252758,-0.108364
22.9500,0.234829,0.160983,-0.413995,1.062208,-0.027919,0.254281,-0.106501
22.9667,0.239363,0.167043,-0.425734,1.041349,-0.026671,0.254469,-0.105285
22.9833,0.241133,0.169915,-0.435013,1.030118,-0.025787,0.254014,-0.104639
23.0000,0.243768,0.174322,-0.446121,1.015265,-0.024781,0.253800,-0.103755
23.0167,0.248266,0.181917,-0.457764,0.996468,-0.024127,0.254756,-0.102433
23.0333,0.250208,0.188045,-0.468403,0.985332,-0.023614,0.255722,-0.101628
23.0500,0.252709,0.195686,-0.478954,0.973600,-0.023348,0.257379,-0.100668
23.0667,0.252223,0.199087,-0.481698,0.972891,-0.023174,0.258783,-0.100508
23.0833,0.248928,0.201262,-0.488811,0.977966,-0.022853,0.259663,-0.100940
23.1000,0.242329,0.202583,-0.496894,0.988357,-0.021840,0.260569,-0.101626
23.1167,0.234509,0.200036,-0.504426,1.001624,-0.020612,0.259849,-0.102652
23.1333,0.226386,0.195143,-0.510133,1.014860,-0.019053,0.258114,-0.103762
23.1500,0.212973,0.183995,-0.514120,1.038892,-0.016529,0.254436,-0.105719
23.1667,0.202781,0.173470,-0.515605,1.053252,-0.013717,0.250274,-0.107014
23.1833,0.190018,0.156744,-0.516040,1.069027,-0.009619,0.243038,-0.108538
23.2000,0.180831,0.137013,-0.518026,1.066245,-0.003826,0.232033,-0.109018
23.2167,0.168959,0.110542,-0.521741,1.064327,0.003283,0.217334,-0.109307
23.2500,0.080517,-0.030987,-0.502491,1.204396,0.026090,0.156337,-0.113162
23.2667,0.047249,-0.096942,-0.475324,1.227691,0.040379,0.124325,-0.109144
23.2833,0.031372,-0.146052,-0.474416,1.207133,0.052858,0.096035,-0.101865
23.3000,0.016970,-0.208225,-0.471038,1.208335,0.060148,0.063164,-0.093300
23.3167,-0.038406,-0.303346,-0.403744,1.323373,0.064733,0.025028,-0.084609
23.3333,-0.047427,-0.360903,-0.387760,1.313756,0.070266,-0.004672,-0.072065
23.3500,-0.065219,-0.380000,-0.386493,1.286772,0.082902,-0.020490,-0.062609
23.3667,-0.090653,-0.380000,-0.423570,1.234822,0.102663,-0.025956,-0.054347
23.4000,-0.143013,-0.335651,-0.451883,1.094784,0.150048,-0.012761,-0.040631
23.4167,-0.164060,-0.305371,-0.486011,1.021629,0.169783,-0.006450,-0.031899
23.4333,-0.183817,-0.280812,-0.516989,0.973391,0.183946,-0.001634,-0.024979
23.4500,-0.211298,-0.253433,-0.540299,0.936498,0.199581,0.005264,-0.018460
23.4667,-0.225180,-0.237974,-0.564442,0.911804,0.207069,0.007602,-0.013927
23.4833,-0.229355,-0.233267,-0.583959,0.901447,0.208532,0.006753,-0.011890
23.5000,-0.235241,-0.232761,-0.595317,0.902916,0.209742,0.005501,-0.011115
23.5167,-0.244132,-0.236080,-0.616169,0.915483,0.209666,0.002260,-0.010858
23.5333,-0.241407,-0.239044,-0.627533,0.913164,0.207554,-0.000298,-0.010210
23.5500,-0.238542,-0.245150,-0.636185,0.914316,0.205145,-0.003910,-0.009870
23.5667,-0.234604,-0.246178,-0.652922,0.907767,0.202670,-0.006375,-0.009023
23.5833,-0.229106,-0.243034,-0.671792,0.893878,0.200455,-0.007685,-0.008024
23.6000,-0.231474,-0.237147,-0.685064,0.885867,0.201285,-0.007069,-0.007197
23.6167,-0.238175,-0.237098,-0.695142,0.888281,0.202622,-0.008252,-0.006419
23.6333,-0.251549,-0.235642,-0.704702,0.892524,0.206378,-0.008830,-0.004843
23.6500,-0.258447,-0.233844,-0.710087,0.886664,0.209006,-0.009346,-0.002579
23.6667,-0.260551,-0.221465,-0.724679,0.856467,0.211892,-0.007865,0.001132
23.6833,-0.268553,-0.221686,-0.743881,0.819456,0.215573,-0.013739,0.009937
23.7000,-0.279898,-0.216471,-0.765185,0.765126,0.221183,-0.018959,0.022006
23.7167,-0.298308,-0.195436,-0.785141,0.695218,0.230564,-0.018537,0.035939
23.7333,-0.318125,-0.165601,-0.801180,0.619745,0.240498,-0.014301,0.050241
23.7500,-0.341629,-0.130804,-0.816587,0.548719,0.250573,-0.007837,0.064096
23.8333,-0.324688,-0.215353,-0.911136,0.219380,0.216988,-0.063014,0.149074
23.8500,-0.343191,-0.196489,-0.947194,0.141607,0.212588,-0.061632,0.164661
23.8667,-0.375928,-0.163881,-0.964855,0.066121,0.214726,-0.054031,0.179744
23.9000,-0.444720,-0.087599,-0.931597,-0.044537,0.233778,-0.028361,0.204462
23.9167,-0.478869,-0.062002,-0.934807,-0.094485,0.236967,-0.021746,0.217531
23.9333,-0.509339,-0.034968,-0.937903,-0.136910,0.239885,-0.014716,0.228048
23.9500,-0.543542,-0.008985,-0.936283,-0.156318,0.246293,-0.008517,0.235792
23.9667,-0.569697,0.005875,-0.932859,-0.161037,0.252022,-0.005335,0.241104
23.9833,-0.588917,0.025395,-0.941716,-0.176581,0.253698,-0.001396,0.244924
24.0000,-0.599914,0.044088,-0.954338,-0.195457,0.253035,0.002556,0.247077
24.0167,-0.608052,0.062260,-0.966729,-0.212332,0.252189,0.006525,0.248249
24.0333,-0.615261,0.077472,-0.978889,-0.226350,0.251214,0.009660,0.249084
24.0500,-0.619125,0.087864,-0.986440,-0.234962,0.250617,0.011983,0.249338
24.0667,-0.622860,0.096296,-0.994073,-0.239867,0.250307,0.013570,0.249106
24.0833,-0.625007,0.100015,-0.997643,-0.240284,0.250464,0.014211,0.248776
24.1000,-0.631255,0.100443,-1.005882,-0.236321,0.250593,0.012954,0.248497
24.1167,-0.638490,0.107357,-1.014581,-0.217951,0.253755,0.013270,0.245125
24.1333,-0.640725,0.113241,-1.025063,-0.201255,0.255560,0.013609,0.240696
24.1500,-0.637037,0.122720,-1.032178,-0.189096,0.256961,0.015893,0.235561
24.1667,-0.630057,0.132041,-1.040574,-0.175948,0.257677,0.018363,0.229294
24.1833,-0.621818,0.141047,-1.048832,-0.163440,0.257976,0.020964,0.222872
24.2000,-0.611876,0.148907,-1.057698,-0.154283,0.257138,0.023389,0.216682
24.2167,-0.601901,0.147527,-1.069460,-0.143735,0.254659,0.022635,0.210885
24.2333,-0.596142,0.136725,-1.082571,-0.122499,0.252692,0.018590,0.205170
24.2500,-0.590666,0.113375,-1.099009,-0.091241,0.249606,0.010220,0.198801
24.2667,-0.584763,0.098234,-1.111133,-0.058640,0.248278,0.004977,0.191681
24.2833,-0.582285,0.083046,-1.119149,-0.011613,0.249872,0.000131,0.183190
24.3000,-0.584216,0.077785,-1.118246,0.041742,0.256020,-0.000560,0.174191
24.3167,-0.586463,0.073460,-1.114523,0.102992,0.263609,0.000057,0.163918
24.3333,-0.584948,0.070222,-1.110663,0.161556,0.269979,0.001901,0.153046
24.3500,-0.586978,0.063687,-1.103434,0.232121,0.278174,0.003838,0.141582
24.3667,-0.584941,0.063959,-1.091666,0.303175,0.286693,0.010073,0.128639
24.3833,-0.579661,0.072458,-1.077186,0.363750,0.294475,0.020229,0.116126
24.4000,-0.571722,0.082507,-1.061947,0.417992,0.300630,0.031599,0.104073
24.4167,-0.563104,0.083911,-1.048361,0.461716,0.303684,0.038652,0.094615
24.4333,-0.553747,0.083027,-1.035261,0.499600,0.305270,0.044372,0.086197
24.4500,-0.541424,0.080562,-1.027045,0.527766,0.304080,0.048242,0.078340
24.4667,-0.532785,0.068353,-1.016045,0.566548,0.303366,0.049029,0.070847
24.4833,-0.525769,0.051771,-1.005258,0.606064,0.302258,0.047793,0.064071
24.5000,-0.515228,0.034551,-0.992413,0.644670,0.299770,0.046627,0.056719
24.5167,-0.502564,0.009036,-0.981835,0.691996,0.295003,0.042657,0.047858
24.5333,-0.484530,-0.011096,-0.971548,0.726611,0.288284,0.039896,0.039387
24.5500,-0.463042,-0.031595,-0.962220,0.762169,0.279755,0.037192,0.029961
24.5667,-0.447232,-0.064585,-0.946021,0.817772,0.271909,0.031247,0.020652
24.5833,-0.430582,-0.092728,-0.928611,0.859164,0.263944,0.025712,0.013417
24.6000,-0.412321,-0.113530,-0.914148,0.883119,0.255874,0.021139,0.008026
24.6167,-0.398971,-0.130096,-0.898567,0.904056,0.250083,0.017910,0.003986
24.6333,-0.389928,-0.139947,-0.884441,0.919668,0.246534,0.016808,0.000930
24.6500,-0.384164,-0.136808,-0.876219,0.925516,0.245352,0.020115,-0.001729
24.6667,-0.382575,-0.128698,-0.869137,0.929438,0.246206,0.025288,-0.003802
24.6833,-0.377680,-0.120581,-0.854954,0.925311,0.246853,0.030187,-0.004904
24.7000,-0.373343,-0.114872,-0.842557,0.920872,0.247338,0.033666,-0.005626
24.7167,-0.371807,-0.112019,-0.837671,0.920555,0.247571,0.035531,-0.006195
24.7333,-0.370111,-0.110859,-0.835533,0.921792,0.247240,0.036533,-0.007048
24.7500,-0.367864,-0.113240,-0.827746,0.926296,0.246711,0.036680,-0.007836
24.7667,-0.367972,-0.118924,-0.814236,0.940830,0.246695,0.036853,-0.009237
24.7833,-0.367497,-0.126128,-0.801415,0.955238,0.246148,0.036208,-0.010578
24.8000,-0.362510,-0.130058,-0.793036,0.963799,0.244052,0.036343,-0.012532
24.8167,-0.347257,-0.126470,-0.782977,0.955667,0.239870,0.038907,-0.014839
24.8333,-0.318119,-0.110286,-0.775718,0.919883,0.233116,0.044849,-0.017323
24.8500,-0.285399,-0.095705,-0.774935,0.895328,0.223109,0.051056,-0.022212
24.8667,-0.244450,-0.088654,-0.781835,0.865784,0.208564,0.052575,-0.026675
24.8833,-0.192076,-0.093655,-0.797145,0.848233,0.186472,0.049190,-0.033093
24.9000,-0.126985,-0.103544,-0.817134,0.846855,0.156629,0.045104,-0.042257
24.9167,-0.052428,-0.120320,-0.840577,0.864659,0.119899,0.039323,-0.052514
24.9333,0.021849,-0.132549,-0.859606,0.897823,0.081473,0.037427,-0.062594
24.9500,0.060479,-0.159216,-0.846778,1.017038,0.049775,0.040660,-0.076998
24.9667,0.098966,-0.157156,-0.809808,1.095531,0.023020,0.054950,-0.088302
24.9833,0.136351,-0.124576,-0.774331,1.127659,0.001223,0.078702,-0.096982
25.0000,0.163600,-0.084312,-0.765392,1.142790,-0.015708,0.102582,-0.102704
25.0167,0.178807,-0.066798,-0.688766,1.201601,-0.030563,0.124372,-0.108760
25.0333,0.191947,-0.053119,-0.616029,1.238073,-0.041779,0.140415,-0.111714
25.0667,0.243127,0.058000,-0.568221,1.123185,-0.048244,0.190774,-0.110015
25.0833,0.256982,0.105379,-0.552102,1.080333,-0.048022,0.212922,-0.108026
25.1000,0.270726,0.149300,-0.547841,1.020253,-0.044673,0.230203,-0.104245
25.1167,0.270016,0.174231,-0.548218,0.994039,-0.039938,0.240523,-0.102359
25.1333,0.263269,0.188127,-0.549020,0.983968,-0.034825,0.246712,-0.101629
25.1500,0.257991,0.195746,-0.548380,0.982270,-0.031839,0.250646,-0.101418
25.1667,0.252685,0.202107,-0.547925,0.982337,-0.029150,0.254089,-0.101417
25.1833,0.247352,0.206818,-0.547722,0.981389,-0.026214,0.256511,-0.101253
25.2000,0.241344,0.206614,-0.550418,0.989328,-0.024685,0.257054,-0.101916
25.2167,0.234036,0.204814,-0.552385,1.000511,-0.022991,0.257216,-0.102744
25.2333,0.223760,0.199311,-0.552734,1.020682,-0.021245,0.256635,-0.104205
25.2500,0.219238,0.197866,-0.552094,1.023994,-0.019382,0.256337,-0.104507
25.2667,0.211396,0.191060,-0.550327,1.039949,-0.017986,0.254762,-0.105707
25.2833,0.209548,0.190953,-0.549802,1.039077,-0.016756,0.254657,-0.105583
25.3000,0.208088,0.191683,-0.549187,1.038805,-0.015907,0.255099,-0.105601
25.3167,0.208080,0.190759,-0.549037,1.038096,-0.015763,0.254502,-0.105514
25.3333,0.207839,0.191532,-0.548573,1.037803,-0.015563,0.254959,-0.105486
25.3500,0.209904,0.192599,-0.547312,1.031863,-0.015491,0.254949,-0.105096
25.3667,0.213275,0.195289,-0.546575,1.023850,-0.015779,0.255524,-0.104529
25.3833,0.215645,0.198485,-0.546405,1.016543,-0.015706,0.256391,-0.103963
25.4000,0.215647,0.198010,-0.546578,1.016932,-0.015784,0.256170,-0.104172
25.4167,0.214480,0.195670,-0.547103,1.021162,-0.015948,0.255373,-0.104515
25.4333,0.215629,0.194279,-0.547529,1.019923,-0.016326,0.254437,-0.104336
25.4500,0.212536,0.189326,-0.547864,1.028688,-0.016261,0.252799,-0.105208
25.4667,0.208553,0.183488,-0.547107,1.039404,-0.016017,0.251004,-0.106029
25.4833,0.205850,0.178431,-0.545787,1.046802,-0.015812,0.249289,-0.106625
25.5000,0.203710,0.175027,-0.544515,1.050358,-0.015207,0.248008,-0.106960
25.5167,0.204712,0.173823,-0.543358,1.045833,-0.014785,0.246960,-0.106600
25.5333,0.205523,0.172781,-0.542788,1.041976,-0.014423,0.246027,-0.106416
25.5500,0.205290,0.171278,-0.542861,1.041368,-0.014146,0.245130,-0.106510
25.5667,0.199363,0.167236,-0.541082,1.052228,-0.012882,0.244413,-0.107378
25.5833,0.197771,0.166130,-0.540798,1.051864,-0.011890,0.243798,-0.107400
25.6000,0.191846,0.161239,-0.539313,1.055713,-0.009296,0.241793,-0.107824
25.6167,0.181512,0.152530,-0.537175,1.062595,-0.004783,0.238127,-0.108497
25.6333,0.176777,0.141692,-0.537396,1.049198,0.000542,0.230854,-0.107880
25.6500,0.164850,0.115401,-0.541147,1.048375,0.007427,0.216376,-0.108325
25.6667,0.142273,0.069655,-0.546509,1.068055,0.016338,0.193476,-0.109118
25.6833,0.103777,-0.002571,-0.544557,1.124100,0.027376,0.160570,-0.109790
25.7000,0.070111,-0.072878,-0.536432,1.156577,0.040032,0.126459,-0.106463
25.7167,0.032186,-0.155137,-0.514193,1.211344,0.050327,0.088883,-0.100909
25.7500,-0.110932,-0.370031,-0.312058,1.495472,0.061891,0.002981,-0.081756
25.7667,-0.091530,-0.380000,-0.301640,1.390894,0.073872,-0.026675,-0.066348
25.8167,-0.161313,-0.367022,-0.336604,1.186144,0.144732,-0.015049,-0.046294
25.8333,-0.187312,-0.342880,-0.380410,1.104281,0.169414,-0.011601,-0.035306
25.8500,-0.229234,-0.333552,-0.402911,1.095903,0.187111,-0.011377,-0.028404
25.8667,-0.268226,-0.330124,-0.429781,1.110448,0.199083,-0.012986,-0.023623
25.8833,-0.314590,-0.337620,-0.446973,1.166154,0.207225,-0.016520,-0.021605
25.9000,-0.334692,-0.338075,-0.452302,1.175418,0.213323,-0.017497,-0.018840
25.9167,-0.354646,-0.340100,-0.451579,1.198352,0.217493,-0.017754,-0.017946
25.9333,-0.363300,-0.339560,-0.449484,1.201511,0.220513,-0.017590,-0.016740
25.9500,-0.363499,-0.334952,-0.448877,1.188425,0.222939,-0.016248,-0.015340
25.9667,-0.365726,-0.332328,-0.449351,1.183467,0.224776,-0.015505,-0.014558
25.9833,-0.345668,-0.321038,-0.462680,1.138067,0.224042,-0.013244,-0.013481
26.0000,-0.330958,-0.299588,-0.482091,1.093033,0.225695,-0.006794,-0.012958
26.0167,-0.314380,-0.281288,-0.505709,1.048354,0.225479,-0.002284,-0.012043
26.0333,-0.291749,-0.252853,-0.536297,0.978947,0.225785,0.004689,-0.009628
26.0500,-0.285676,-0.239298,-0.570903,0.916283,0.228884,0.003204,-0.001719
26.0667,-0.274130,-0.229855,-0.613133,0.837159,0.229356,-0.002271,0.009284
26.0833,-0.272365,-0.218998,-0.655168,0.770746,0.230864,-0.006901,0.020086
26.1000,-0.276256,-0.201765,-0.694192,0.692804,0.234475,-0.009577,0.033568
26.1167,-0.281633,-0.164149,-0.732440,0.592715,0.239559,-0.004922,0.048458
26.1333,-0.299467,-0.123000,-0.759872,0.515330,0.247306,0.003057,0.061353
26.1500,-0.309826,-0.105010,-0.792379,0.433232,0.248195,0.000663,0.077782
26.1667,-0.315194,-0.093399,-0.832279,0.347444,0.243995,-0.004760,0.094640
26.2167,-0.262622,-0.171491,-0.939550,0.183140,0.200996,-0.048269,0.133538
26.2333,-0.264075,-0.164688,-0.988619,0.135330,0.190817,-0.051794,0.141641
26.2500,-0.275099,-0.141720,-1.021265,0.074855,0.186180,-0.048034,0.150707
26.2667,-0.301682,-0.113057,-1.036650,0.020909,0.188431,-0.041189,0.160266
26.2833,-0.323460,-0.050868,-1.036933,-0.054898,0.193806,-0.021671,0.167547
26.3000,-0.347526,0.018104,-1.028105,-0.118877,0.202002,0.000411,0.173265
26.3167,-0.370600,0.081756,-1.018146,-0.164290,0.210500,0.020543,0.177498
26.3333,-0.389070,0.120306,-1.011810,-0.189855,0.216480,0.032421,0.181388
26.3500,-0.393171,0.164255,-1.011071,-0.218395,0.218405,0.046119,0.182179
26.3667,-0.397983,0.186469,-1.017681,-0.235061,0.218330,0.052126,0.183122
26.3833,-0.402237,0.186708,-1.027094,-0.238296,0.217156,0.051024,0.183718
26.4000,-0.405476,0.181111,-1.039120,-0.236816,0.215297,0.047908,0.183593
26.4167,-0.416967,0.166252,-1.053847,-0.226142,0.214716,0.041250,0.184309
26.4333,-0.423160,0.158436,-1.063074,-0.221930,0.213974,0.037587,0.184855
26.4500,-0.431751,0.147801,-1.071163,-0.217755,0.213604,0.033055,0.186428
26.4667,-0.444567,0.135305,-1.080918,-0.207140,0.214164,0.027590,0.187731
26.4833,-0.453634,0.129097,-1.089625,-0.198925,0.214530,0.024365,0.187967
26.5000,-0.459317,0.125276,-1.094956,-0.193807,0.214801,0.022347,0.188102
26.5167,-0.464825,0.127345,-1.097517,-0.189892,0.216035,0.022472,0.187922
26.5333,-0.476047,0.128045,-1.099004,-0.177721,0.219376,0.021868,0.187614
26.5500,-0.483575,0.128481,-1.102196,-0.161546,0.222129,0.021263,0.185605
26.5667,-0.488064,0.127103,-1.107104,-0.145407,0.223750,0.020174,0.183031
26.5833,-0.491081,0.127137,-1.111337,-0.129161,0.225383,0.019730,0.179993
26.6000,-0.492970,0.130224,-1.114081,-0.113963,0.227308,0.020524,0.176655
26.6167,-0.494361,0.132907,-1.116275,-0.099993,0.229050,0.021309,0.173569
26.6333,-0.484641,0.119962,-1.130686,-0.065192,0.226495,0.016925,0.164659
26.6833,-0.512127,0.088686,-1.117779,0.171974,0.255105,0.013945,0.129160
26.7000,-0.512800,0.082013,-1.109601,0.243254,0.262222,0.016626,0.116924
26.7167,-0.508992,0.077786,-1.100861,0.307182,0.267444,0.020838,0.104747
26.7333,-0.499282,0.074458,-1.095942,0.355370,0.268754,0.024741,0.093631
26.7500,-0.479573,0.062629,-1.097110,0.392030,0.263717,0.024501,0.082804
26.7667,-0.466044,0.045719,-1.092482,0.437501,0.260974,0.023069,0.073159
26.7833,-0.450983,0.034201,-1.086465,0.476134,0.257868,0.023574,0.063902
26.8000,-0.427685,0.034528,-1.084181,0.492576,0.251543,0.027234,0.055093
26.8167,-0.407244,0.031625,-1.081224,0.513318,0.245747,0.029811,0.046744
26.8333,-0.393053,0.031565,-1.074534,0.538305,0.242801,0.034095,0.039008
26.8500,-0.384372,0.029100,-1.062368,0.572117,0.242272,0.038553,0.031641
26.8667,-0.378354,0.010375,-1.049211,0.615334,0.240985,0.036695,0.025394
26.8833,-0.379580,-0.004994,-1.032268,0.657334,0.242810,0.036121,0.020851
26.9000,-0.381647,-0.023078,-1.015620,0.696097,0.244241,0.033806,0.017494
26.9167,-0.384919,-0.042520,-0.998718,0.736717,0.245645,0.031028,0.014300
26.9333,-0.388494,-0.059663,-0.978236,0.771798,0.247554,0.028874,0.012119
26.9500,-0.388025,-0.073502,-0.962220,0.795510,0.247648,0.026650,0.010332
26.9667,-0.385782,-0.083571,-0.949779,0.809153,0.247073,0.024720,0.009272
26.9833,-0.387686,-0.086759,-0.935292,0.824132,0.248915,0.026181,0.008020
27.0000,-0.392820,-0.082836,-0.918878,0.836986,0.252921,0.030771,0.007012
27.0167,-0.399327,-0.081964,-0.900207,0.857770,0.257050,0.035055,0.005446
27.0333,-0.400001,-0.082265,-0.886501,0.867160,0.258537,0.037234,0.004497
27.0500,-0.402354,-0.084277,-0.870670,0.882080,0.260450,0.039376,0.003251
27.0667,-0.402000,-0.081275,-0.867527,0.883128,0.260943,0.041363,0.002736
27.0833,-0.398697,-0.086452,-0.859320,0.888772,0.259828,0.040363,0.001813
27.1000,-0.392379,-0.092284,-0.857068,0.890908,0.256965,0.038364,0.000684
27.1167,-0.387079,-0.103762,-0.846967,0.903010,0.254271,0.035487,-0.000900
27.1333,-0.380192,-0.117409,-0.835983,0.919328,0.250546,0.032236,-0.003276
27.1500,-0.371892,-0.121464,-0.832096,0.923899,0.247113,0.031669,-0.005422
27.1667,-0.353997,-0.116108,-0.822213,0.911331,0.242445,0.034678,-0.007798
27.1833,-0.325656,-0.104867,-0.816167,0.885692,0.234689,0.039215,-0.011199
27.2000,-0.291248,-0.092410,-0.815477,0.861480,0.223823,0.044411,-0.016251
27.2167,-0.252547,-0.081548,-0.820685,0.829443,0.210760,0.047477,-0.020298
27.2333,-0.210060,-0.072272,-0.830693,0.803919,0.194789,0.050171,-0.025564
27.2500,-0.157134,-0.066906,-0.845894,0.789513,0.172512,0.052059,-0.033396
27.2667,-0.094303,-0.060370,-0.863561,0.786779,0.144289,0.055723,-0.043659
27.2833,-0.033077,-0.061656,-0.880793,0.815730,0.112810,0.058958,-0.056002
27.3000,0.022672,-0.060325,-0.890193,0.859957,0.081901,0.065787,-0.068184
27.3167,0.062515,-0.067752,-0.878839,0.956588,0.052653,0.076694,-0.082945
27.3333,0.101455,-0.048070,-0.856321,1.002143,0.029387,0.095461,-0.092472
27.3500,0.126065,-0.028889,-0.819611,1.058504,0.011293,0.116484,-0.100920
27.3667,0.152457,-0.020997,-0.770830,1.116346,-0.008217,0.132394,-0.106758
27.3833,0.179678,-0.013134,-0.695559,1.189272,-0.031072,0.151374,-0.111770
27.4000,0.173481,-0.029966,-0.535583,1.321019,-0.047069,0.166544,-0.116503
27.4167,0.176530,-0.020344,-0.389807,1.370602,-0.056690,0.182391,-0.117686
27.4333,0.141278,-0.018644,-0.225483,1.483599,-0.061672,0.194913,-0.120069
27.4500,0.134981,0.004454,-0.110593,1.487405,-0.059277,0.209634,-0.119350
27.4667,0.126814,0.030622,-0.041273,1.475124,-0.052434,0.225223,-0.119326
27.4833,0.143684,0.056017,-0.026641,1.395973,-0.043999,0.239391,-0.118447
27.5000,0.152608,0.079701,-0.049707,1.337209,-0.035904,0.251295,-0.117610
27.5167,0.152037,0.097133,-0.074240,1.304389,-0.028420,0.259312,-0.116553
27.5333,0.168525,0.116652,-0.112140,1.232538,-0.021650,0.266228,-0.113879
27.5500,0.180155,0.132565,-0.148460,1.181319,-0.017053,0.270647,-0.111496
27.5667,0.184534,0.144578,-0.179058,1.150458,-0.013122,0.273422,-0.109872
27.5833,0.197028,0.158533,-0.214531,1.100889,-0.009817,0.275419,-0.107164
27.6000,0.196011,0.167326,-0.238572,1.081303,-0.005622,0.276725,-0.105955
27.6167,0.200579,0.179472,-0.268583,1.047282,-0.001706,0.278090,-0.103804
27.6333,0.205305,0.192412,-0.295242,1.013958,0.001819,0.279835,-0.101421
27.6500,0.204429,0.197937,-0.314964,1.002701,0.003913,0.279722,-0.100695
27.6667,0.198960,0.199751,-0.326021,1.004692,0.006047,0.279579,-0.100991
27.6833,0.194557,0.202050,-0.333732,1.005447,0.007957,0.279964,-0.100959
27.7000,0.186943,0.204576,-0.350010,1.013821,0.009704,0.280119,-0.101470
27.7167,0.182610,0.206809,-0.358508,1.016375,0.011168,0.280558,-0.101567
27.7333,0.182945,0.208919,-0.364793,1.014452,0.011094,0.280801,-0.101236
27.7500,0.184975,0.210806,-0.373166,1.012075,0.010117,0.280684,-0.101123
27.7667,0.187689,0.212866,-0.383337,1.007558,0.009114,0.280269,-0.100886
27.7833,0.190309,0.215279,-0.393213,1.002379,0.008286,0.279997,-0.100580
27.8000,0.194077,0.218734,-0.404775,0.993994,0.007373,0.279777,-0.100048
27.8167,0.194674,0.217412,-0.407185,0.994368,0.006874,0.278839,-0.100352
27.8333,0.194317,0.216141,-0.409472,0.994216,0.007026,0.277905,-0.100434
27.8500,0.194269,0.216058,-0.413500,0.992994,0.007103,0.277322,-0.100323
27.8667,0.195623,0.218047,-0.422844,0.987201,0.007054,0.276782,-0.099977
27.8833,0.197387,0.220647,-0.433833,0.979513,0.007051,0.276181,-0.099527
27.9000,0.203077,0.224591,-0.446964,0.965204,0.006073,0.275358,-0.098602
27.9167,0.208191,0.230078,-0.460067,0.951416,0.005229,0.275330,-0.097613
27.9333,0.210859,0.230372,-0.468334,0.947848,0.004023,0.274163,-0.097502
27.9500,0.206350,0.227599,-0.479306,0.957115,0.004076,0.272430,-0.098560
27.9667,0.196287,0.219277,-0.491033,0.978852,0.004749,0.269059,-0.100527
27.9833,0.183785,0.207905,-0.500183,1.003444,0.006401,0.264725,-0.102671
28.0000,0.171024,0.192322,-0.506940,1.025631,0.008874,0.258178,-0.104716
28.0167,0.151067,0.169456,-0.509410,1.061650,0.012910,0.249636,-0.107588
28.0333,0.140535,0.142935,-0.512189,1.067341,0.017753,0.235789,-0.108624
28.0500,0.128278,0.104910,-0.517519,1.070058,0.024149,0.215174,-0.109155
28.0667,0.110998,0.052663,-0.524845,1.082686,0.031422,0.187703,-0.109100
28.0833,0.092459,-0.010881,-0.533542,1.096302,0.039180,0.154115,-0.106973
28.1000,0.074345,-0.068731,-0.542651,1.095737,0.049030,0.122237,-0.101918
28.1167,0.054319,-0.108737,-0.549838,1.085097,0.061141,0.099181,-0.095798
28.1333,0.024309,-0.159613,-0.558397,1.108020,0.071526,0.073457,-0.089774
28.1500,-0.025945,-0.237557,-0.543760,1.193289,0.080320,0.040913,-0.083259
28.1667,-0.066197,-0.304823,-0.505970,1.250083,0.088665,0.012723,-0.074179
28.1833,-0.088547,-0.323390,-0.491087,1.217839,0.104427,0.000976,-0.064968
28.2000,-0.094520,-0.305774,-0.499770,1.131570,0.122407,0.002391,-0.057252
28.2167,-0.113987,-0.278301,-0.519738,1.060910,0.142279,0.008484,-0.050162
28.2333,-0.131936,-0.249577,-0.544415,0.996625,0.159241,0.014842,-0.042924
28.2500,-0.155617,-0.230808,-0.566185,0.956834,0.173931,0.017777,-0.035844
28.2667,-0.184697,-0.211271,-0.577908,0.934118,0.188865,0.022941,-0.030268
28.2833,-0.203693,-0.193193,-0.595322,0.906384,0.199516,0.026664,-0.024850
28.3000,-0.223677,-0.181233,-0.606983,0.890704,0.209014,0.028831,-0.020059
28.3167,-0.251789,-0.178059,-0.623020,0.904884,0.217473,0.028320,-0.017466
28.3333,-0.281901,-0.182669,-0.638572,0.934766,0.224492,0.025591,-0.015711
28.3500,-0.302688,-0.197321,-0.651040,0.963749,0.227370,0.018852,-0.014055
28.3667,-0.313272,-0.211858,-0.660026,0.984995,0.227260,0.012435,-0.013126
28.3833,-0.315037,-0.220116,-0.665094,0.991690,0.226067,0.008517,-0.012542
28.4000,-0.309675,-0.220086,-0.670735,0.977503,0.224825,0.006958,-0.011055
28.4167,-0.306049,-0.218543,-0.677220,0.963307,0.224371,0.005889,-0.009585
28.4333,-0.302464,-0.213416,-0.684278,0.947151,0.224347,0.006312,-0.008357
28.4500,-0.295617,-0.203873,-0.694594,0.918454,0.224240,0.007476,-0.006307
28.4667,-0.291613,-0.194688,-0.704771,0.897625,0.224357,0.009073,-0.004987
28.4833,-0.285489,-0.183004,-0.716749,0.868261,0.224280,0.010933,-0.002927
28.5000,-0.280512,-0.167816,-0.730326,0.830531,0.225202,0.013352,0.000403
28.5167,-0.279394,-0.155456,-0.746008,0.796575,0.226517,0.014281,0.004378
28.5333,-0.278333,-0.142923,-0.764289,0.753211,0.227818,0.014050,0.010235
28.5500,-0.281144,-0.124423,-0.783122,0.699713,0.230986,0.015292,0.018049
28.5667,-0.297463,-0.117355,-0.795290,0.670107,0.237096,0.013426,0.026311
28.5833,-0.310367,-0.104890,-0.812089,0.625721,0.241949,0.012314,0.035887
28.6000,-0.318327,-0.095870,-0.829347,0.572481,0.244255,0.009229,0.046893
28.6167,-0.322749,-0.092833,-0.852269,0.517011,0.243274,0.003090,0.058418
28.6333,-0.331684,-0.084633,-0.874113,0.456697,0.243478,-0.001031,0.071236
28.6500,-0.333608,-0.075158,-0.901654,0.374924,0.239462,-0.005813,0.086647
28.7167,-0.231611,-0.178136,-1.036981,0.123176,0.172384,-0.059775,0.140705
28.7833,-0.304029,-0.035418,-0.970248,-0.082845,0.202563,-0.008091,0.170536
28.8000,-0.331258,0.000202,-0.971942,-0.129131,0.207277,0.002075,0.179183
28.8167,-0.348690,0.029818,-0.981394,-0.160810,0.208840,0.009671,0.183590
28.8333,-0.364262,0.062952,-0.987478,-0.186035,0.211383,0.018662,0.186128
28.8500,-0.383188,0.073166,-0.989832,-0.195286,0.214664,0.020633,0.190166
28.8667,-0.395264,0.085674,-0.995072,-0.199259,0.216762,0.023246,0.191131
28.8833,-0.401416,0.101092,-1.001983,-0.205131,0.217466,0.026982,0.190747
28.9000,-0.407227,0.111080,-1.010497,-0.208437,0.217607,0.028847,0.190417
28.9167,-0.410992,0.112411,-1.015509,-0.207140,0.217725,0.028425,0.190238
28.9333,-0.416047,0.122676,-1.022726,-0.210264,0.217940,0.030706,0.189871
28.9500,-0.425253,0.122687,-1.030582,-0.203316,0.219075,0.029268,0.189610
28.9667,-0.433102,0.119790,-1.039754,-0.197071,0.219258,0.026988,0.189545
28.9833,-0.445059,0.113035,-1.052494,-0.180398,0.220261,0.022912,0.188472
29.0000,-0.453754,0.110423,-1.063748,-0.167645,0.220915,0.020504,0.187029
29.0167,-0.457628,0.113776,-1.069548,-0.158876,0.221914,0.020762,0.184998
29.0333,-0.459212,0.122075,-1.074053,-0.152738,0.222918,0.022943,0.182478
29.0500,-0.456502,0.133230,-1.079607,-0.149973,0.222784,0.026240,0.179219
29.0667,-0.450383,0.146489,-1.085859,-0.146970,0.222043,0.030383,0.174824
29.0833,-0.443492,0.159806,-1.091674,-0.139924,0.221605,0.034699,0.169499
29.1000,-0.439760,0.163639,-1.099932,-0.120030,0.221667,0.035759,0.163301
29.1167,-0.438614,0.158994,-1.107808,-0.087890,0.222682,0.034213,0.156288
29.1333,-0.445024,0.150851,-1.110895,-0.040888,0.227319,0.032030,0.148883
29.1500,-0.457063,0.139297,-1.108890,0.025490,0.235689,0.029700,0.139773
29.1667,-0.469031,0.128834,-1.104211,0.092783,0.244572,0.028617,0.130738
29.1833,-0.471301,0.122157,-1.102147,0.149251,0.249726,0.029354,0.120936
29.2000,-0.473189,0.108020,-1.100495,0.210436,0.253935,0.027931,0.111060
29.2167,-0.479465,0.100665,-1.092405,0.270509,0.260909,0.029813,0.102339
29.2333,-0.476086,0.099744,-1.086163,0.316149,0.264211,0.034113,0.093153
29.2500,-0.466575,0.085613,-1.082584,0.373664,0.264035,0.034539,0.081504
29.2667,-0.449250,0.060856,-1.084014,0.422768,0.258318,0.029887,0.070532
29.2833,-0.426332,0.039826,-1.086139,0.457322,0.249937,0.025677,0.060799
29.3000,-0.402657,0.033413,-1.087162,0.481801,0.242358,0.026909,0.051151
29.3167,-0.383466,0.013616,-1.085879,0.516889,0.235181,0.023284,0.042817
29.3333,-0.371752,-0.020332,-1.080185,0.578292,0.229974,0.016163,0.033728
29.3500,-0.361137,-0.055389,-1.072492,0.637510,0.224651,0.008378,0.025987
29.3667,-0.348470,-0.086850,-1.063397,0.689577,0.218544,0.001601,0.019041
29.3833,-0.337294,-0.111356,-1.047845,0.737480,0.214103,-0.002086,0.012578
29.4000,-0.335891,-0.130183,-1.026671,0.788336,0.213980,-0.002902,0.006837
29.4167,-0.331933,-0.143016,-1.005048,0.824127,0.213353,-0.002603,0.002386
29.4333,-0.322174,-0.148943,-0.991764,0.834810,0.210589,-0.002555,-0.000108
29.4500,-0.316196,-0.150919,-0.980706,0.842061,0.209372,-0.001444,-0.002005
29.4667,-0.313191,-0.150593,-0.968960,0.848461,0.209549,0.000558,-0.003543
29.4833,-0.311753,-0.149982,-0.957230,0.856475,0.210241,0.002819,-0.005145
29.5000,-0.309696,-0.143558,-0.947916,0.854922,0.211226,0.006583,-0.006054
29.5167,-0.310713,-0.140734,-0.938871,0.858134,0.212921,0.008925,-0.006825
29.5333,-0.312269,-0.139125,-0.932790,0.860154,0.214335,0.010331,-0.007027
29.5500,-0.315849,-0.133412,-0.925493,0.861855,0.217034,0.013694,-0.007354
29.5667,-0.313365,-0.122304,-0.912348,0.851406,0.219130,0.018947,-0.007373
29.5833,-0.311762,-0.112839,-0.900869,0.843781,0.221151,0.023565,-0.007584
29.6000,-0.310457,-0.105417,-0.892541,0.839390,0.222539,0.027374,-0.008012
29.6167,-0.308611,-0.095807,-0.884589,0.834087,0.223893,0.032155,-0.008699
29.6333,-0.298473,-0.084360,-0.877079,0.819676,0.222593,0.037115,-0.009796
29.6500,-0.284046,-0.069071,-0.871873,0.801797,0.219756,0.043584,-0.011702
29.6667,-0.264568,-0.051494,-0.869128,0.786305,0.214545,0.051528,-0.015383
29.6833,-0.249717,-0.037417,-0.867548,0.773831,0.210454,0.057783,-0.018027
29.7333,-0.088476,-0.066207,-0.911784,0.822911,0.132440,0.052962,-0.049953
29.7500,-0.036157,-0.081166,-0.912072,0.895843,0.101904,0.056795,-0.065050
29.7667,0.017636,-0.080922,-0.902005,0.949243,0.072369,0.066318,-0.077237
29.7833,0.068437,-0.057570,-0.881909,0.990713,0.044797,0.086551,-0.088593
29.8000,0.103898,-0.032922,-0.843773,1.047524,0.022200,0.110857,-0.098886
29.8167,0.117162,-0.031888,-0.769006,1.148357,0.004813,0.131145,-0.108233
29.8333,0.137855,-0.024640,-0.679664,1.216700,-0.013298,0.149893,-0.113454
29.8500,0.163602,-0.001526,-0.642215,1.234096,-0.029059,0.166753,-0.115076
29.8667,0.187876,0.006295,-0.596927,1.234430,-0.040402,0.173555,-0.114674
29.8833,0.218752,0.016081,-0.545908,1.200282,-0.048354,0.178133,-0.112991
29.9000,0.233481,0.036070,-0.516030,1.182970,-0.052269,0.189204,-0.112425
29.9167,0.249246,0.066755,-0.496539,1.143090,-0.052834,0.203320,-0.110869
29.9333,0.265056,0.102423,-0.490035,1.093125,-0.051958,0.218188,-0.108318
29.9500,0.276267,0.136167,-0.492047,1.044764,-0.049253,0.231291,-0.105354
29.9667,0.276870,0.162469,-0.496456,1.014661,-0.044507,0.241849,-0.103306
29.9833,0.266752,0.178177,-0.497634,1.006998,-0.038069,0.249358,-0.102785
30.0000,0.266692,0.200910,-0.506134,0.969337,-0.031606,0.256526,-0.100025
30.0167,0.267756,0.220317,-0.517214,0.932321,-0.026068,0.261457,-0.097113
30.0333,0.268921,0.235846,-0.530150,0.895382,-0.020794,0.263912,-0.094168
30.0500,0.256101,0.235543,-0.538918,0.899131,-0.015294,0.263178,-0.094893
30.0667,0.240487,0.231741,-0.549660,0.914978,-0.010631,0.261782,-0.096421
30.0833,0.221873,0.220511,-0.559594,0.948714,-0.007463,0.258751,-0.099353
30.1000,0.208657,0.210678,-0.565283,0.974654,-0.005424,0.256043,-0.101505
30.1167,0.195642,0.198898,-0.567171,1.004928,-0.004008,0.253225,-0.103847
30.1333,0.190962,0.191378,-0.566923,1.018255,-0.003840,0.250848,-0.104919
30.1500,0.190685,0.187861,-0.566376,1.022304,-0.004354,0.249515,-0.105271
30.1667,0.192108,0.187308,-0.566377,1.022084,-0.005093,0.249174,-0.105110
30.1833,0.194100,0.186479,-0.566508,1.022184,-0.006183,0.248727,-0.105167
30.2000,0.197585,0.186703,-0.565864,1.018155,-0.007225,0.248449,-0.104894
30.2167,0.199945,0.187310,-0.565700,1.017684,-0.008405,0.248727,-0.104815
30.2333,0.207698,0.194511,-0.565330,1.000722,-0.009485,0.250575,-0.103525
30.2500,0.217152,0.203536,-0.567405,0.979275,-0.010827,0.252584,-0.101889
30.2667,0.227563,0.214144,-0.572016,0.954103,-0.012201,0.254661,-0.099880
30.2833,0.235974,0.222873,-0.578199,0.932692,-0.013312,0.255964,-0.098131
30.3000,0.245357,0.234827,-0.585996,0.905067,-0.014024,0.257933,-0.095773
30.3167,0.251115,0.244769,-0.593978,0.885541,-0.014328,0.259737,-0.094013
30.3333,0.250039,0.245799,-0.596428,0.887464,-0.014314,0.260225,-0.094296
30.3500,0.243175,0.243933,-0.602571,0.903096,-0.013938,0.260491,-0.095552
30.3667,0.236783,0.240454,-0.607291,0.917730,-0.013475,0.259991,-0.096779
30.3833,0.232705,0.236370,-0.610993,0.929253,-0.013582,0.258909,-0.097759
30.4000,0.228561,0.231307,-0.613599,0.941666,-0.013710,0.257560,-0.098838
30.4167,0.222748,0.223084,-0.615253,0.958363,-0.013587,0.255206,-0.100287
30.4333,0.218514,0.215750,-0.615652,0.969075,-0.013150,0.252680,-0.101257
30.4500,0.209835,0.205382,-0.614183,0.989068,-0.011839,0.249916,-0.102939
30.4667,0.204100,0.198091,-0.611645,0.999964,-0.010443,0.247702,-0.103864
30.4833,0.197952,0.190833,-0.608300,1.010721,-0.008757,0.245548,-0.104768
30.5000,0.190236,0.180546,-0.604081,1.021928,-0.006208,0.241906,-0.105753
30.5167,0.177169,0.166484,-0.597298,1.040496,-0.001938,0.237362,-0.107214
30.5333,0.168475,0.151985,-0.594191,1.041362,0.003030,0.230034,-0.107596
30.5500,0.154373,0.125459,-0.591327,1.047223,0.010168,0.216829,-0.108203
30.5667,0.131214,0.080943,-0.588115,1.069415,0.019410,0.195824,-0.109173
30.5833,0.099326,0.015651,-0.580387,1.110846,0.030088,0.165949,-0.109423
30.6000,0.068010,-0.059221,-0.566266,1.152926,0.040258,0.131129,-0.106979
30.6167,0.036106,-0.132522,-0.542555,1.194635,0.050304,0.097490,-0.102082
30.6333,0.007967,-0.197446,-0.515204,1.222119,0.060204,0.067029,-0.094911
30.6500,-0.018824,-0.257097,-0.488925,1.241259,0.069997,0.038578,-0.085945
30.6667,-0.054505,-0.321060,-0.451868,1.276299,0.079887,0.009724,-0.075371
30.6833,-0.070350,-0.352452,-0.446144,1.259893,0.089485,-0.007429,-0.065910
30.7000,-0.062879,-0.354772,-0.455154,1.180945,0.100794,-0.014395,-0.057306
30.7167,-0.074808,-0.337482,-0.480588,1.107818,0.118270,-0.012840,-0.050174
30.7333,-0.097690,-0.308795,-0.510601,1.038882,0.138538,-0.006654,-0.043158
30.7500,-0.117943,-0.274578,-0.540207,0.973128,0.156260,0.001916,-0.036549
30.7667,-0.136261,-0.240548,-0.567521,0.917924,0.170791,0.010834,-0.030702
30.7833,-0.158962,-0.214140,-0.588053,0.890169,0.183028,0.018200,-0.026672
30.8000,-0.186183,-0.204355,-0.605187,0.895735,0.192327,0.020109,-0.024420
30.8167,-0.216120,-0.198354,-0.621609,0.912351,0.201259,0.021163,-0.022638
30.8333,-0.242252,-0.189243,-0.633393,0.923698,0.209956,0.024052,-0.020968
30.8500,-0.271706,-0.184045,-0.642688,0.943321,0.219129,0.025932,-0.019227
30.8667,-0.289688,-0.180677,-0.648314,0.948568,0.225470,0.026543,-0.016856
30.8833,-0.299483,-0.174451,-0.651199,0.941396,0.230224,0.028092,-0.014281
30.9000,-0.301961,-0.175316,-0.657017,0.935206,0.231186,0.026329,-0.012512
30.9167,-0.299933,-0.181436,-0.661858,0.932747,0.229648,0.022727,-0.011566
30.9333,-0.297024,-0.192913,-0.668124,0.932487,0.227041,0.016584,-0.010450
30.9500,-0.292631,-0.203069,-0.674403,0.932503,0.223859,0.011305,-0.009684
30.9667,-0.287560,-0.209265,-0.684750,0.926067,0.220964,0.007018,-0.008458
30.9833,-0.278791,-0.209640,-0.698451,0.909690,0.217776,0.004409,-0.007274
31.0000,-0.268475,-0.201378,-0.714432,0.879851,0.215605,0.004464,-0.005447
31.0167,-0.264761,-0.192341,-0.728960,0.851344,0.215809,0.004755,-0.002560
31.0333,-0.262694,-0.181134,-0.745321,0.812045,0.217203,0.004705,0.002379
31.0500,-0.263918,-0.165434,-0.763107,0.763729,0.220219,0.005521,0.009045
31.0667,-0.274045,-0.147809,-0.777370,0.716493,0.226366,0.007163,0.017309
31.0833,-0.279439,-0.130123,-0.795930,0.658216,0.230171,0.007579,0.026896
31.1000,-0.284620,-0.107035,-0.816526,0.586802,0.233632,0.009076,0.038375
31.1167,-0.293747,-0.082319,-0.838445,0.512226,0.237176,0.010687,0.051330
31.1333,-0.308278,-0.058970,-0.854977,0.444017,0.241761,0.012629,0.064818
31.1500,-0.321046,-0.047914,-0.878615,0.372601,0.242291,0.008648,0.080452
31.2000,-0.242534,-0.073077,-0.975757,0.111172,0.194711,-0.018361,0.122944
31.2167,-0.241434,-0.041675,-1.007135,0.027614,0.187179,-0.011928,0.133824
31.2333,-0.263561,0.000598,-1.015837,-0.043830,0.190021,-0.000139,0.145029
31.2500,-0.301103,0.016454,-1.013022,-0.080976,0.197893,0.003540,0.157438
31.2667,-0.336689,0.039530,-1.007167,-0.120051,0.205682,0.009923,0.169113
31.2833,-0.366882,0.067981,-1.001279,-0.151584,0.212885,0.018121,0.177618
31.3000,-0.389734,0.087785,-1.003141,-0.171962,0.217049,0.023001,0.183363
31.3167,-0.404560,0.107118,-1.009102,-0.191306,0.218743,0.027727,0.187070
31.3333,-0.416103,0.122393,-1.017327,-0.203527,0.219656,0.031067,0.189058
31.3500,-0.419178,0.148220,-1.024587,-0.218176,0.219772,0.038289,0.188447
31.3667,-0.423791,0.166525,-1.032035,-0.226790,0.220080,0.043025,0.188021
31.3833,-0.428150,0.175429,-1.036645,-0.230134,0.220546,0.045141,0.188034
31.4000,-0.431229,0.192603,-1.037717,-0.232711,0.222255,0.050252,0.186980
31.4167,-0.436712,0.201356,-1.039899,-0.230539,0.224048,0.052438,0.186428
31.4333,-0.445193,0.203679,-1.042035,-0.222725,0.226532,0.052459,0.186190
31.4500,-0.450331,0.207552,-1.045218,-0.216659,0.228037,0.053144,0.185337
31.4667,-0.454685,0.212424,-1.047882,-0.211580,0.229479,0.054247,0.184455
31.4833,-0.455759,0.222857,-1.049877,-0.209137,0.230571,0.057413,0.182843
31.5000,-0.457128,0.230014,-1.052369,-0.206114,0.231424,0.059449,0.181485
31.5167,-0.460803,0.232669,-1.054567,-0.201521,0.232594,0.059939,0.180858
31.5333,-0.467347,0.235512,-1.054295,-0.193316,0.235272,0.060605,0.180436
31.5500,-0.475025,0.239599,-1.052354,-0.184460,0.238676,0.061806,0.180256
31.5667,-0.484564,0.239689,-1.052462,-0.174937,0.241760,0.061450,0.180625
31.5833,-0.494722,0.236526,-1.052835,-0.160970,0.245193,0.060024,0.180574
31.6000,-0.503923,0.230646,-1.054256,-0.140195,0.248768,0.057830,0.179165
31.6167,-0.507266,0.227313,-1.057756,-0.122663,0.250572,0.056658,0.176498
31.6333,-0.505310,0.226980,-1.062717,-0.109659,0.250729,0.056641,0.172941
31.6500,-0.499735,0.220978,-1.071290,-0.092021,0.249347,0.054762,0.167737
31.6667,-0.492696,0.207174,-1.082761,-0.069626,0.246708,0.050198,0.161766
31.6833,-0.487176,0.192132,-1.092704,-0.033968,0.245786,0.045771,0.153958
31.7000,-0.485349,0.172360,-1.099769,0.027983,0.248216,0.040865,0.142678
31.7167,-0.487078,0.151366,-1.102175,0.109144,0.253620,0.037087,0.129123
31.7333,-0.494516,0.130865,-1.096374,0.199478,0.262219,0.035153,0.116137
31.7500,-0.494411,0.114200,-1.090846,0.276140,0.267389,0.034975,0.103543
31.7667,-0.489712,0.097337,-1.085324,0.346366,0.270066,0.035061,0.091119
31.7833,-0.476308,0.077253,-1.083247,0.399140,0.267372,0.032783,0.079991
31.8000,-0.454966,0.056615,-1.084104,0.437040,0.260299,0.029144,0.069721
31.8167,-0.434122,0.040866,-1.082743,0.473638,0.253824,0.027639,0.059604
31.8333,-0.408008,0.021676,-1.084070,0.504586,0.244132,0.024122,0.049861
31.8500,-0.387792,-0.002913,-1.083474,0.543283,0.235975,0.018771,0.041267
31.8667,-0.366706,-0.025705,-1.081841,0.585240,0.227537,0.014702,0.031993
31.8833,-0.346724,-0.049860,-1.075567,0.632484,0.219646,0.010921,0.022802
31.9000,-0.332090,-0.075984,-1.066095,0.685285,0.213421,0.006821,0.014432
31.9167,-0.319888,-0.096225,-1.053506,0.726691,0.208629,0.004151,0.008117
31.9333,-0.312536,-0.104491,-1.036791,0.754218,0.207169,0.005377,0.003536
31.9500,-0.306428,-0.108595,-1.022627,0.773774,0.206135,0.007295,-0.000164
31.9667,-0.307797,-0.105813,-1.001778,0.794936,0.209217,0.012847,-0.003608
31.9833,-0.315307,-0.103845,-0.979452,0.820780,0.214428,0.018456,-0.006462
32.0000,-0.318817,-0.111295,-0.957700,0.844614,0.216989,0.019496,-0.008153
32.0167,-0.326876,-0.116145,-0.934896,0.868526,0.221463,0.021614,-0.009322
32.0333,-0.332547,-0.114533,-0.918141,0.879342,0.225330,0.024799,-0.009836
32.0500,-0.333632,-0.113687,-0.914700,0.879745,0.226241,0.025505,-0.009670
32.0667,-0.329772,-0.117387,-0.910632,0.878313,0.224843,0.024059,-0.009480
32.0833,-0.318731,-0.122761,-0.902139,0.869652,0.221500,0.021598,-0.009222
32.1000,-0.311189,-0.128357,-0.900613,0.868589,0.218312,0.019279,-0.009698
32.1167,-0.298423,-0.131249,-0.894710,0.860951,0.214243,0.018091,-0.010359
32.1333,-0.287187,-0.134042,-0.891378,0.857327,0.210265,0.017170,-0.011466
32.1500,-0.276267,-0.134672,-0.888298,0.854588,0.206515,0.017365,-0.013002
32.1667,-0.261548,-0.131454,-0.884134,0.844303,0.202172,0.018772,-0.014515
32.1833,-0.249449,-0.123436,-0.880696,0.834933,0.199031,0.022434,-0.016426
32.2000,-0.238940,-0.112214,-0.877047,0.826981,0.196648,0.027743,-0.018809
32.2167,-0.224007,-0.095413,-0.873699,0.814238,0.193072,0.035371,-0.021994
32.2333,-0.207933,-0.083363,-0.872712,0.811456,0.187630,0.041766,-0.026331
32.2500,-0.188819,-0.074068,-0.874098,0.815132,0.179858,0.047552,-0.031797
32.2667,-0.153979,-0.069115,-0.880288,0.820277,0.164373,0.051616,-0.039295
32.2833,-0.113532,-0.064489,-0.885384,0.838805,0.145084,0.057394,-0.049298
32.3000,-0.066439,-0.062021,-0.889073,0.867643,0.121248,0.063713,-0.060350
32.3167,-0.021697,-0.074753,-0.881869,0.934162,0.094347,0.068182,-0.072992
32.3333,0.024460,-0.089285,-0.860381,1.011409,0.065236,0.074114,-0.084813
32.3500,0.059694,-0.095931,-0.820842,1.081455,0.041787,0.083836,-0.094058
32.3667,0.088246,-0.094110,-0.760119,1.149221,0.021186,0.098474,-0.102141
32.3833,0.109483,-0.092330,-0.664194,1.230752,0.001142,0.115945,-0.109371
32.4000,0.126260,-0.081071,-0.548579,1.294473,-0.015932,0.135545,-0.114256
32.4167,0.108986,-0.093872,-0.373761,1.402715,-0.025894,0.145498,-0.117504
32.4333,0.173079,-0.057918,-0.309524,1.297213,-0.036533,0.160728,-0.115976
32.4500,0.210176,-0.018624,-0.297201,1.248230,-0.046387,0.179953,-0.115071
32.4667,0.238880,0.020478,-0.304254,1.194971,-0.051342,0.197598,-0.113265
32.4833,0.243845,0.047836,-0.308272,1.186878,-0.053235,0.211627,-0.112857
32.5000,0.239786,0.065738,-0.309150,1.190262,-0.052413,0.221522,-0.113141
32.5167,0.245560,0.088922,-0.318635,1.158141,-0.049360,0.231342,-0.111497
32.5333,0.249454,0.110255,-0.331111,1.128919,-0.046001,0.239885,-0.109961
32.5500,0.259558,0.135032,-0.349837,1.080251,-0.042146,0.248014,-0.107129
32.5667,0.254639,0.144372,-0.358134,1.072714,-0.038390,0.251680,-0.106683
32.5833,0.259269,0.156053,-0.376765,1.039912,-0.034868,0.253482,-0.104796
32.6000,0.263675,0.167193,-0.396173,1.010122,-0.032030,0.254881,-0.102939
32.6167,0.261276,0.172085,-0.410922,0.995664,-0.028501,0.254635,-0.102178
32.6333,0.256611,0.168877,-0.418213,0.996091,-0.026339,0.252216,-0.102700
32.6500,0.252678,0.167161,-0.422812,0.995665,-0.024311,0.250788,-0.102868
32.6667,0.247899,0.165382,-0.433342,0.999679,-0.023015,0.249064,-0.103329
32.6833,0.246506,0.163405,-0.439694,1.001132,-0.022813,0.247461,-0.103548
32.7000,0.244468,0.160916,-0.449229,1.006032,-0.023105,0.245562,-0.104003
32.7167,0.244910,0.158639,-0.453301,1.007089,-0.023692,0.244012,-0.104147
32.7333,0.243183,0.155965,-0.463088,1.013662,-0.024498,0.242167,-0.104658
32.7500,0.242892,0.153574,-0.469288,1.017395,-0.025333,0.240598,-0.104978
32.7667,0.240959,0.152381,-0.476757,1.023740,-0.025910,0.239796,-0.105390
32.7833,0.239889,0.150538,-0.481496,1.027022,-0.026181,0.238651,-0.105669
32.8000,0.241421,0.148344,-0.483166,1.027309,-0.027111,0.237285,-0.105643
32.8167,0.242644,0.146447,-0.484738,1.027534,-0.027829,0.236136,-0.105678
32.8333,0.233679,0.141955,-0.491978,1.047219,-0.027198,0.235039,-0.107055
32.8500,0.220570,0.137379,-0.494750,1.071160,-0.024995,0.234783,-0.108617
32.8667,0.213335,0.134289,-0.494995,1.082109,-0.023244,0.234243,-0.109344
32.8833,0.210038,0.133981,-0.494708,1.080911,-0.021152,0.233999,-0.109300
32.9000,0.200201,0.129481,-0.494426,1.084609,-0.016553,0.232038,-0.109829
32.9167,0.191068,0.120965,-0.495033,1.079287,-0.010418,0.226916,-0.109771
32.9333,0.177618,0.100949,-0.498238,1.074250,-0.001913,0.215429,-0.109921
32.9500,0.149698,0.055039,-0.504198,1.099702,0.008682,0.192748,-0.111053
32.9667,0.112612,-0.015698,-0.505831,1.142059,0.021285,0.158508,-0.110779
32.9833,0.079806,-0.091449,-0.501918,1.174212,0.033429,0.120870,-0.106843
33.0000,0.041752,-0.161825,-0.488657,1.208191,0.047219,0.086856,-0.100595
33.0167,-0.005173,-0.245487,-0.458814,1.258996,0.061151,0.048087,-0.090719
33.0333,-0.029079,-0.305541,-0.440012,1.262300,0.071753,0.017779,-0.079166
33.0500,-0.032002,-0.326081,-0.442016,1.202834,0.084319,0.003034,-0.068903
33.0667,-0.029019,-0.313753,-0.473138,1.101716,0.100803,0.000392,-0.059513
33.0833,-0.051807,-0.294808,-0.507259,1.021389,0.122927,0.000914,-0.049421
33.1000,-0.093475,-0.270028,-0.536991,0.958007,0.148921,0.004390,-0.038746
33.1167,-0.132815,-0.237685,-0.561049,0.900455,0.172389,0.011841,-0.028952
33.1333,-0.164922,-0.209002,-0.583564,0.859806,0.189762,0.018610,-0.021193
33.1500,-0.195082,-0.189846,-0.583284,0.847010,0.204227,0.025345,-0.016491
33.1667,-0.218166,-0.180469,-0.604470,0.855512,0.211007,0.026757,-0.015022
33.1833,-0.240279,-0.177182,-0.625932,0.876366,0.215707,0.026508,-0.014823
33.2000,-0.259213,-0.184191,-0.646273,0.908514,0.217444,0.022839,-0.015596
33.2167,-0.272411,-0.192750,-0.661241,0.935468,0.217857,0.019040,-0.016292
33.2333,-0.280426,-0.200169,-0.671106,0.952201,0.217824,0.015696,-0.016381
33.2500,-0.280015,-0.201302,-0.672671,0.951714,0.217389,0.015003,-0.016063
33.2667,-0.279774,-0.201025,-0.675118,0.950336,0.217238,0.014823,-0.015899
33.2833,-0.279551,-0.199660,-0.678486,0.947851,0.217205,0.014937,-0.015747
33.3000,-0.280107,-0.199776,-0.680818,0.946338,0.217354,0.014472,-0.015359
33.3167,-0.280815,-0.199359,-0.685350,0.942246,0.217645,0.013794,-0.014567
