t_s,q_pitch,q_roll,q_yaw,q_elbow,target_x,target_y,target_z
7.6667,-0.061309,-0.214979,-0.405784,0.561996,0.200286,0.034220,0.013114
7.6833,-0.069573,-0.189760,-0.471860,0.497361,0.204229,0.032159,0.025749
7.7000,-0.076255,-0.172951,-0.509901,0.492158,0.203601,0.032179,0.026172
7.7167,-0.083622,-0.155173,-0.545161,0.486256,0.203315,0.033126,0.026526
7.7333,-0.090942,-0.136172,-0.577736,0.478099,0.203297,0.035043,0.026974
7.7500,-0.097886,-0.116892,-0.608213,0.468857,0.203290,0.037444,0.027399
7.7667,-0.101054,-0.101303,-0.639416,0.461515,0.201445,0.038488,0.027190
7.7833,-0.104921,-0.084097,-0.667628,0.455926,0.199997,0.040816,0.026369
7.8000,-0.103301,-0.066194,-0.695338,0.447691,0.196680,0.043747,0.024915
7.8167,-0.095634,-0.045394,-0.732193,0.437010,0.189973,0.046698,0.022243
7.8333,-0.079964,-0.028901,-0.761354,0.431409,0.180736,0.049797,0.017887
7.8667,0.004148,-0.008593,-0.812903,0.432590,0.141633,0.054605,0.001203
7.8833,0.041144,0.016750,-0.842374,0.451593,0.121119,0.064210,-0.011130
7.9000,0.071405,0.047609,-0.863931,0.471463,0.103442,0.077593,-0.022476
7.9167,0.095038,0.076778,-0.885137,0.494605,0.087591,0.090837,-0.032502
7.9333,0.123055,0.104205,-0.896599,0.506265,0.071935,0.103773,-0.039789
7.9500,0.150612,0.125817,-0.908369,0.518235,0.056140,0.114085,-0.045676
7.9667,0.176358,0.151100,-0.920440,0.520353,0.041677,0.124966,-0.049300
7.9833,0.198256,0.185286,-0.929896,0.517323,0.029348,0.139648,-0.052169
8.0000,0.224306,0.234015,-0.938501,0.481129,0.018185,0.156922,-0.050159
8.0167,0.239527,0.268465,-0.946790,0.454630,0.011426,0.168489,-0.047974
8.0333,0.248139,0.290247,-0.953382,0.438393,0.007307,0.175606,-0.046385
8.0500,0.250412,0.297659,-0.956784,0.436284,0.005636,0.178339,-0.046272
8.0667,0.251910,0.306881,-0.961256,0.429971,0.004538,0.181176,-0.045630
8.0833,0.252482,0.315676,-0.965179,0.424455,0.003879,0.183992,-0.045045
8.1000,0.251027,0.320051,-0.967367,0.421779,0.004305,0.185373,-0.044728
8.1167,0.247239,0.323149,-0.968820,0.425738,0.005291,0.187157,-0.045503
8.1333,0.240883,0.323349,-0.971389,0.430113,0.007332,0.187543,-0.046061
8.1500,0.235991,0.323825,-0.972548,0.431842,0.009211,0.187856,-0.046296
8.1667,0.233047,0.326778,-0.972166,0.432375,0.010533,0.189408,-0.046375
8.1833,0.228596,0.331498,-0.972042,0.434990,0.012155,0.191917,-0.046817
8.2000,0.224687,0.333933,-0.972509,0.437245,0.013589,0.193304,-0.047141
8.2167,0.222527,0.338628,-0.972880,0.433434,0.014763,0.194901,-0.046493
8.2333,0.219630,0.339106,-0.974048,0.430916,0.016157,0.194597,-0.046152
8.2500,0.215749,0.332537,-0.976717,0.429605,0.017843,0.191004,-0.045869
8.2667,0.211410,0.322689,-0.980144,0.427226,0.019805,0.185655,-0.045239
8.2833,0.205564,0.310172,-0.983829,0.424538,0.022523,0.178993,-0.044396
8.3000,0.195817,0.289786,-0.989706,0.424936,0.026579,0.168852,-0.043496
8.3167,0.179960,0.256662,-0.998099,0.436108,0.032338,0.153918,-0.043182
8.3333,0.157404,0.209718,-1.008288,0.462485,0.039785,0.134230,-0.043515
8.3500,0.132445,0.150440,-1.019626,0.497231,0.047612,0.109526,-0.042965
8.3667,0.110079,0.082264,-1.034260,0.528785,0.054051,0.079834,-0.039230
8.3833,0.097863,0.003136,-1.054973,0.559678,0.055293,0.044612,-0.032091
8.4000,0.079093,-0.047630,-1.065714,0.559764,0.062411,0.020242,-0.021837
8.4167,0.043831,-0.074536,-1.064402,0.563051,0.076705,0.008043,-0.014827
8.4333,-0.007600,-0.076312,-1.048494,0.565213,0.099042,0.007796,-0.010716
8.4500,-0.055351,-0.058528,-1.030351,0.537068,0.122039,0.013377,-0.003487
8.4667,-0.104316,-0.035446,-1.011134,0.509650,0.145517,0.021140,0.004146
8.4833,-0.149670,-0.012464,-0.994066,0.484065,0.166954,0.028719,0.012421
8.5000,-0.181851,0.010437,-0.983082,0.457528,0.182283,0.035937,0.019782
8.5167,-0.207620,0.036232,-0.974027,0.433772,0.194870,0.044661,0.025652
8.5333,-0.224347,0.057139,-0.970154,0.413905,0.202886,0.051431,0.030054
8.5500,-0.235070,0.074821,-0.969453,0.399277,0.207919,0.057221,0.032761
8.5667,-0.239134,0.081502,-0.972428,0.391073,0.209238,0.058793,0.034238
8.5833,-0.235900,0.082431,-0.980178,0.384190,0.206797,0.057855,0.034483
8.6000,-0.230211,0.083766,-0.988696,0.376455,0.203355,0.057073,0.034351
8.6167,-0.226906,0.086347,-0.995522,0.370328,0.201120,0.057040,0.034270
8.6333,-0.226112,0.086810,-0.999677,0.368535,0.200118,0.056666,0.034211
8.6500,-0.226835,0.084902,-1.003679,0.369536,0.199575,0.055452,0.034152
8.6667,-0.225323,0.080352,-1.009327,0.370587,0.197763,0.053073,0.033994
8.6833,-0.223661,0.076796,-1.014577,0.371797,0.196021,0.051201,0.033681
8.7000,-0.222759,0.074341,-1.018965,0.372503,0.194760,0.049814,0.033519
8.7167,-0.222620,0.073159,-1.020946,0.372293,0.194252,0.049068,0.033626
8.7333,-0.222555,0.071348,-1.023044,0.372049,0.193745,0.048038,0.033822
8.7500,-0.222992,0.068683,-1.025128,0.371853,0.193382,0.046612,0.034222
8.7667,-0.224505,0.062712,-1.029129,0.373172,0.192857,0.043738,0.034907
8.7833,-0.229069,0.053366,-1.033910,0.378347,0.193015,0.039515,0.035889
8.8000,-0.229704,0.042454,-1.039491,0.378327,0.191539,0.034243,0.037450
8.8167,-0.231806,0.038541,-1.043890,0.367793,0.191096,0.031160,0.040573
8.8333,-0.236540,0.037006,-1.048418,0.347306,0.191595,0.028052,0.045797
8.8500,-0.254666,0.029715,-1.044897,0.337171,0.197644,0.023581,0.052746
8.8667,-0.277430,0.025600,-1.040667,0.319908,0.205112,0.019741,0.061762
8.8833,-0.300992,0.017888,-1.038048,0.293563,0.211600,0.013655,0.073632
8.9000,-0.320905,0.022539,-1.037687,0.248063,0.216419,0.011429,0.086780
8.9167,-0.340241,0.027112,-1.039260,0.196650,0.219727,0.009011,0.101099
8.9333,-0.348486,0.020492,-1.053191,0.134039,0.215210,0.001837,0.116605
8.9500,-0.355750,0.022211,-1.067039,0.062757,0.209970,-0.001517,0.132279
8.9667,-0.364976,0.010866,-1.086490,0.001208,0.202705,-0.008750,0.148050
8.9833,-0.371758,0.009154,-1.105578,-0.068652,0.194634,-0.011427,0.163208
9.0000,-0.376848,-0.005375,-1.132291,-0.129699,0.183526,-0.017510,0.177782
9.0167,-0.383411,-0.024935,-1.154286,-0.178848,0.173777,-0.023728,0.191348
9.0333,-0.390516,-0.030139,-1.170660,-0.226753,0.166705,-0.024553,0.202108
9.0500,-0.412337,-0.007531,-1.161711,-0.271915,0.170303,-0.016378,0.211025
9.0667,-0.438392,0.024252,-1.144384,-0.307057,0.177846,-0.005892,0.217962
9.0833,-0.466443,0.068066,-1.119314,-0.334900,0.188904,0.007838,0.223262
9.1000,-0.491149,0.114658,-1.095048,-0.350124,0.200672,0.021801,0.226212
9.1167,-0.514699,0.154423,-1.073774,-0.360149,0.211305,0.033581,0.229706
9.1333,-0.536237,0.187063,-1.056374,-0.366567,0.220404,0.043105,0.233413
9.1500,-0.551854,0.208456,-1.043554,-0.367544,0.227219,0.049342,0.236154
9.1667,-0.564043,0.220384,-1.037312,-0.368332,0.231299,0.052513,0.238523
9.1833,-0.571135,0.228196,-1.036382,-0.370758,0.233005,0.054443,0.239873
9.2000,-0.575868,0.231464,-1.038848,-0.375110,0.233023,0.054987,0.241060
9.2167,-0.581181,0.230165,-1.042585,-0.374427,0.233209,0.053937,0.241766
9.2333,-0.581433,0.230880,-1.048786,-0.374800,0.232243,0.053647,0.241022
9.2500,-0.581057,0.237095,-1.052478,-0.375670,0.232133,0.055180,0.240018
9.2667,-0.579173,0.244073,-1.056416,-0.377929,0.231616,0.057031,0.238814
9.2833,-0.573975,0.250876,-1.062368,-0.377245,0.230674,0.058791,0.236108
9.3000,-0.568737,0.254727,-1.069026,-0.374982,0.229498,0.059630,0.233323
9.3167,-0.564085,0.258056,-1.074923,-0.370926,0.228722,0.060325,0.230507
9.3333,-0.559766,0.259502,-1.080853,-0.367020,0.227741,0.060475,0.227971
9.3500,-0.558007,0.257693,-1.085803,-0.361517,0.227234,0.059569,0.226146
9.3667,-0.558037,0.255136,-1.089408,-0.354473,0.227379,0.058424,0.224684
9.3833,-0.559641,0.248119,-1.094438,-0.343378,0.227600,0.055747,0.223130
9.4000,-0.560626,0.241618,-1.099272,-0.331830,0.227865,0.053239,0.221315
9.4167,-0.558757,0.236832,-1.104328,-0.321625,0.227613,0.051369,0.218870
9.4333,-0.556672,0.231309,-1.110125,-0.310145,0.227190,0.049323,0.216215
9.4500,-0.554735,0.226359,-1.115046,-0.294870,0.227535,0.047416,0.212906
9.4667,-0.548767,0.227552,-1.119792,-0.283556,0.227325,0.047663,0.208748
9.4833,-0.541148,0.231556,-1.124225,-0.270292,0.227361,0.048956,0.203624
9.5000,-0.531674,0.232197,-1.130355,-0.255219,0.226479,0.049293,0.197948
9.5167,-0.521573,0.232458,-1.136223,-0.232895,0.226336,0.049610,0.190759
9.5333,-0.511312,0.219681,-1.145864,-0.200318,0.225156,0.045664,0.182525
9.5500,-0.507291,0.209828,-1.149023,-0.156655,0.227904,0.042998,0.173937
9.5667,-0.505113,0.205424,-1.146467,-0.103102,0.233614,0.043023,0.163863
9.5833,-0.505596,0.210038,-1.137443,-0.034051,0.243678,0.047668,0.151007
9.6000,-0.497980,0.210844,-1.133107,0.028665,0.249368,0.051895,0.137339
9.6167,-0.498091,0.205812,-1.124298,0.089747,0.256587,0.054427,0.126993
9.6333,-0.496136,0.199918,-1.115838,0.152559,0.262860,0.057512,0.115865
9.6500,-0.495061,0.185769,-1.108439,0.205772,0.266997,0.056868,0.107561
9.6667,-0.486816,0.171706,-1.104643,0.240415,0.266599,0.055042,0.100611
9.6833,-0.474450,0.160202,-1.105330,0.259304,0.263094,0.052780,0.094895
9.7000,-0.461902,0.148914,-1.106220,0.270841,0.258827,0.049939,0.090657
9.7167,-0.447429,0.147312,-1.108536,0.273989,0.254100,0.050368,0.086423
9.7333,-0.433225,0.151101,-1.109342,0.277437,0.250258,0.053164,0.081785
9.7500,-0.415721,0.145830,-1.114271,0.282315,0.243761,0.052121,0.076739
9.7667,-0.395522,0.127990,-1.118687,0.298814,0.235819,0.047115,0.070600
9.7833,-0.379225,0.106142,-1.122190,0.327730,0.229387,0.041346,0.063672
9.8000,-0.368277,0.088442,-1.121561,0.360135,0.225767,0.037658,0.057218
9.8167,-0.361615,0.077518,-1.116767,0.388998,0.224605,0.036620,0.051877
9.8333,-0.354833,0.064843,-1.112512,0.409863,0.222698,0.033991,0.048361
9.8500,-0.345965,0.054491,-1.109086,0.423240,0.219827,0.031648,0.045549
9.8667,-0.340722,0.048250,-1.105743,0.433369,0.218420,0.030516,0.043528
9.8833,-0.336456,0.045943,-1.101263,0.439023,0.217721,0.030705,0.042162
9.9000,-0.334694,0.044397,-1.097934,0.442227,0.217685,0.030711,0.041571
9.9167,-0.332477,0.042971,-1.097098,0.442947,0.216932,0.030343,0.041223
9.9333,-0.328270,0.043178,-1.094782,0.441236,0.215888,0.030736,0.040901
9.9500,-0.327771,0.049290,-1.089491,0.440984,0.217215,0.033845,0.040261
9.9667,-0.326362,0.052958,-1.085384,0.438597,0.217725,0.035628,0.040186
9.9833,-0.323688,0.054942,-1.082501,0.435818,0.217439,0.036591,0.040074
10.0000,-0.320362,0.053577,-1.080991,0.434343,0.216449,0.036124,0.039932
10.0167,-0.315379,0.048219,-1.081475,0.435668,0.214269,0.034112,0.039331
10.0333,-0.308028,0.047502,-1.082057,0.434827,0.211533,0.034107,0.038127
10.0500,-0.300885,0.055893,-1.078980,0.430679,0.210239,0.038010,0.036457
10.0667,-0.288884,0.069260,-1.077114,0.422773,0.207300,0.043874,0.033825
10.0833,-0.270939,0.091800,-1.074669,0.407957,0.202860,0.053361,0.030204
10.1000,-0.241844,0.105142,-1.080047,0.397604,0.192199,0.059133,0.024608
10.1167,-0.203429,0.108814,-1.093553,0.393877,0.175808,0.061001,0.017349
10.1333,-0.148945,0.099467,-1.117737,0.402886,0.150426,0.058029,0.007144
10.1500,-0.080127,0.087588,-1.146660,0.428461,0.117605,0.055585,-0.005938
10.1667,-0.015103,0.088358,-1.168796,0.454372,0.086728,0.058879,-0.017847
10.1833,0.049296,0.095597,-1.183964,0.488547,0.055820,0.066365,-0.029771
10.2000,0.102610,0.117109,-1.194926,0.505360,0.029869,0.078214,-0.037930
10.2167,0.149660,0.148499,-1.200122,0.508496,0.007406,0.093202,-0.042980
10.2333,0.182328,0.180784,-1.198274,0.512926,-0.008202,0.109210,-0.047172
10.2500,0.205286,0.198222,-1.190510,0.537584,-0.019881,0.121635,-0.052544
10.2667,0.222674,0.229762,-1.181183,0.540824,-0.027810,0.137988,-0.055107
10.2833,0.233756,0.268510,-1.167870,0.543711,-0.032503,0.158215,-0.057706
10.3000,0.240319,0.304284,-1.153099,0.546259,-0.034661,0.177216,-0.059492
10.3167,0.245501,0.338798,-1.134536,0.543841,-0.034924,0.195198,-0.060038
10.3333,0.247200,0.370962,-1.115734,0.533851,-0.032567,0.210841,-0.059125
10.3500,0.248849,0.397149,-1.098995,0.517565,-0.029642,0.222297,-0.057064
10.3667,0.250773,0.416184,-1.084803,0.503861,-0.027275,0.230468,-0.055176
10.3833,0.251288,0.432202,-1.071769,0.489105,-0.024201,0.236896,-0.053100
10.4000,0.245814,0.435885,-1.064243,0.489145,-0.020320,0.239444,-0.053189
10.4167,0.239378,0.436062,-1.057257,0.490681,-0.016132,0.240519,-0.053538
10.4333,0.233115,0.432768,-1.049159,0.493666,-0.011905,0.240298,-0.054039
10.4500,0.226199,0.426582,-1.041818,0.497281,-0.007492,0.238727,-0.054704
10.4667,0.221714,0.422419,-1.037167,0.495842,-0.004279,0.236982,-0.054618
10.4833,0.218474,0.420544,-1.034495,0.494745,-0.002025,0.236159,-0.054526
10.5000,0.217214,0.421347,-1.030300,0.490953,-0.000422,0.236373,-0.053923
10.5167,0.214988,0.422307,-1.025933,0.488442,0.001634,0.236867,-0.053596
10.5333,0.211622,0.422475,-1.023045,0.487221,0.003954,0.237054,-0.053418
10.5500,0.207697,0.421963,-1.018664,0.487028,0.006561,0.237226,-0.053417
10.5667,0.203841,0.422251,-1.014268,0.485869,0.009285,0.237631,-0.053169
10.5833,0.202840,0.427671,-1.008606,0.479598,0.011231,0.239762,-0.052121
10.6000,0.203128,0.434713,-1.003410,0.471033,0.012670,0.242232,-0.050767
10.6167,0.203689,0.440788,-0.998917,0.463275,0.013804,0.244298,-0.049565
10.6333,0.202817,0.444281,-0.994876,0.456417,0.015513,0.245244,-0.048540
10.6500,0.201611,0.445054,-0.992490,0.452674,0.016847,0.245247,-0.047969
10.6667,0.201154,0.444888,-0.991528,0.451402,0.017374,0.245058,-0.047786
10.6833,0.202953,0.445749,-0.990431,0.449445,0.016853,0.245275,-0.047553
10.7000,0.204338,0.447547,-0.989036,0.448425,0.016496,0.246110,-0.047378
10.7167,0.203648,0.447586,-0.988059,0.448947,0.016970,0.246327,-0.047503
10.7333,0.202753,0.448679,-0.986756,0.449496,0.017558,0.247091,-0.047477
10.7500,0.203236,0.449731,-0.985972,0.449837,0.017381,0.247725,-0.047444
10.7667,0.202591,0.450093,-0.984942,0.449902,0.017879,0.248004,-0.047424
10.7833,0.198506,0.442149,-0.983386,0.456193,0.019641,0.245463,-0.048470
10.8000,0.195445,0.433868,-0.982355,0.460696,0.021007,0.242417,-0.049222
10.8167,0.190627,0.424403,-0.981041,0.468063,0.023018,0.239290,-0.050347
10.8333,0.184961,0.410834,-0.979796,0.479650,0.025091,0.234880,-0.051995
10.8500,0.177935,0.393774,-0.978794,0.495863,0.027403,0.229485,-0.054268
10.8667,0.170021,0.380208,-0.976421,0.510232,0.030478,0.225547,-0.056081
10.8833,0.161442,0.366111,-0.973740,0.526237,0.033771,0.221602,-0.058029
10.9000,0.155031,0.352666,-0.971715,0.532088,0.036875,0.216250,-0.058612
10.9167,0.152465,0.345540,-0.971135,0.526384,0.038885,0.211962,-0.057679
10.9333,0.153689,0.341202,-0.971102,0.516128,0.039372,0.208296,-0.056322
10.9500,0.155440,0.337247,-0.971709,0.507780,0.039319,0.205057,-0.055252
10.9667,0.154826,0.335643,-0.971335,0.500269,0.040424,0.203171,-0.054178
10.9833,0.154730,0.334314,-0.971739,0.483044,0.042056,0.199864,-0.051742
11.0000,0.152969,0.328987,-0.973710,0.461887,0.044620,0.193930,-0.048547
11.0167,0.145035,0.309052,-0.976966,0.454439,0.048884,0.182981,-0.046773
11.0333,0.133765,0.269394,-0.986188,0.463148,0.052612,0.164437,-0.046199
11.0500,0.116103,0.223714,-0.995776,0.473779,0.059096,0.143158,-0.044370
11.0667,0.100268,0.174587,-1.007584,0.480813,0.064619,0.119564,-0.040741
11.0833,0.086507,0.116613,-1.023351,0.489208,0.068447,0.091758,-0.035237
11.1000,0.072088,0.034258,-1.046147,0.525028,0.069495,0.055439,-0.029334
11.1167,0.062979,-0.051655,-1.071103,0.557330,0.068158,0.017391,-0.019510
11.1333,0.042510,-0.097123,-1.080398,0.558475,0.075156,-0.003915,-0.008909
11.1500,-0.000422,-0.105396,-1.069348,0.561031,0.093045,-0.007227,-0.004306
11.1667,-0.046176,-0.092523,-1.050768,0.543111,0.114286,-0.002700,0.001110
11.2167,-0.180840,-0.020955,-0.981976,0.522247,0.178950,0.028519,0.011510
11.2333,-0.207865,0.005388,-0.973356,0.483880,0.192536,0.036039,0.020202
11.2500,-0.222241,0.022414,-0.970639,0.467859,0.199425,0.041539,0.023652
11.2667,-0.233943,0.035212,-0.967918,0.462530,0.204925,0.046342,0.025221
11.2833,-0.234518,0.040948,-0.971644,0.457697,0.204896,0.047970,0.025330
11.3000,-0.228409,0.042947,-0.979061,0.451327,0.201612,0.047755,0.024830
11.3167,-0.220435,0.040223,-0.986808,0.448669,0.197262,0.045886,0.023915
11.3333,-0.211802,0.034364,-0.995709,0.445501,0.192315,0.042496,0.023451
11.3500,-0.208694,0.025546,-1.004580,0.448984,0.189161,0.038174,0.023107
11.3667,-0.207813,0.017060,-1.011946,0.454225,0.187010,0.034261,0.022933
11.3833,-0.208321,0.007044,-1.018631,0.462822,0.185345,0.030010,0.022625
11.4000,-0.208964,0.000126,-1.023934,0.466761,0.184168,0.026833,0.022929
11.4167,-0.207466,-0.002208,-1.026415,0.465857,0.182977,0.025537,0.023223
11.4333,-0.205096,-0.002595,-1.028773,0.466456,0.181699,0.025330,0.022602
11.4500,-0.202652,0.000757,-1.032227,0.461937,0.180509,0.026180,0.022487
11.4667,-0.199471,0.004218,-1.035919,0.454501,0.178996,0.026772,0.022768
11.4833,-0.196155,0.006534,-1.040056,0.445351,0.177306,0.026658,0.023554
11.5000,-0.194847,0.005891,-1.044171,0.439364,0.176142,0.025457,0.024509
11.5167,-0.194394,0.003458,-1.047295,0.435955,0.175309,0.023805,0.025460
11.5333,-0.193812,0.001741,-1.050317,0.432496,0.174490,0.022481,0.026281
11.5500,-0.195206,0.001693,-1.051962,0.428950,0.174708,0.021915,0.027210
11.5667,-0.195780,-0.000026,-1.053314,0.429468,0.174609,0.020967,0.027344
11.5833,-0.198202,-0.003372,-1.056273,0.434280,0.174681,0.019636,0.027261
11.6000,-0.198949,-0.004576,-1.058251,0.430440,0.174496,0.018594,0.028421
11.6167,-0.200633,-0.003938,-1.060479,0.419901,0.174771,0.017626,0.030719
11.6333,-0.200006,0.000290,-1.064655,0.396419,0.174122,0.016976,0.034632
11.6500,-0.207474,0.004805,-1.065588,0.374116,0.176760,0.016542,0.039761
11.6667,-0.219437,0.014668,-1.063663,0.343543,0.181574,0.017786,0.046670
11.6833,-0.239503,0.018847,-1.060323,0.313055,0.188681,0.016489,0.056192
11.7000,-0.258250,0.026040,-1.058370,0.264903,0.194500,0.015241,0.068910
11.7167,-0.281115,0.037349,-1.054612,0.209923,0.201327,0.015441,0.083473
11.7333,-0.301104,0.037349,-1.058221,0.149790,0.203869,0.010874,0.100288
11.7500,-0.316577,0.034983,-1.067553,0.083635,0.202533,0.005676,0.117609
11.7833,-0.324490,0.062404,-1.075157,-0.083386,0.194268,0.010983,0.150169
11.8000,-0.343702,0.103649,-1.070158,-0.158128,0.197088,0.023738,0.163314
11.8167,-0.361579,0.136422,-1.068255,-0.215075,0.198934,0.033592,0.173835
11.8333,-0.373658,0.157084,-1.068575,-0.259246,0.198769,0.039769,0.182309
11.8500,-0.389241,0.182675,-1.063156,-0.285269,0.202421,0.047494,0.187636
11.8667,-0.406253,0.205248,-1.056839,-0.305453,0.206686,0.054178,0.192792
11.8833,-0.421840,0.230283,-1.049391,-0.323477,0.211144,0.061686,0.197305
11.9000,-0.435451,0.254880,-1.042426,-0.337671,0.215390,0.069019,0.200932
11.9167,-0.447221,0.276154,-1.037130,-0.350339,0.218775,0.075252,0.204272
11.9333,-0.455390,0.294383,-1.031088,-0.355221,0.222246,0.080821,0.205937
11.9500,-0.462310,0.308845,-1.027051,-0.356308,0.225299,0.085076,0.206812
11.9667,-0.466376,0.323093,-1.024567,-0.356516,0.227601,0.089331,0.206841
11.9833,-0.471646,0.331771,-1.023150,-0.355068,0.229746,0.091741,0.207204
12.0000,-0.475187,0.340499,-1.022459,-0.352897,0.231519,0.094242,0.207001
12.0167,-0.478441,0.346464,-1.022715,-0.350288,0.232926,0.095847,0.206769
12.0333,-0.481188,0.351158,-1.023475,-0.347904,0.234021,0.097066,0.206513
12.0500,-0.483832,0.354522,-1.024526,-0.345918,0.234893,0.097862,0.206375
12.0667,-0.487751,0.355985,-1.025232,-0.341912,0.236215,0.098044,0.206327
12.0833,-0.492637,0.357018,-1.025219,-0.338647,0.237698,0.098106,0.206779
12.1000,-0.496352,0.359762,-1.025059,-0.336505,0.238950,0.098774,0.207081
12.1167,-0.498374,0.363530,-1.025365,-0.332868,0.240092,0.099839,0.206584
12.1333,-0.500374,0.362683,-1.027343,-0.323973,0.241338,0.099396,0.205194
12.1500,-0.502600,0.360702,-1.029369,-0.313028,0.242784,0.098650,0.203570
12.1667,-0.504450,0.358874,-1.031308,-0.302560,0.244095,0.098001,0.201958
12.1833,-0.502738,0.363918,-1.032505,-0.296703,0.244704,0.099771,0.200017
12.2000,-0.502464,0.364733,-1.034157,-0.289408,0.245428,0.100064,0.198330
12.2167,-0.502609,0.362375,-1.036571,-0.279144,0.246248,0.099335,0.196293
12.2333,-0.501416,0.359492,-1.040360,-0.266473,0.246751,0.098537,0.193405
12.2500,-0.496446,0.356686,-1.045714,-0.255735,0.246002,0.097769,0.189667
12.2667,-0.487263,0.348868,-1.055564,-0.233019,0.244544,0.095697,0.182542
12.2833,-0.479227,0.332491,-1.067142,-0.202222,0.243156,0.090824,0.174525
12.3000,-0.473344,0.307637,-1.079329,-0.159501,0.242484,0.083360,0.165433
12.3167,-0.468113,0.283947,-1.089429,-0.113377,0.242462,0.076540,0.156063
12.3333,-0.460466,0.263685,-1.098600,-0.071563,0.241494,0.071006,0.146858
12.3500,-0.449739,0.250828,-1.105952,-0.034547,0.239956,0.068316,0.137437
12.3667,-0.440024,0.242547,-1.109822,0.007391,0.239915,0.067941,0.127215
12.3833,-0.424550,0.234462,-1.115842,0.041233,0.236851,0.067520,0.117046
12.4000,-0.408015,0.222303,-1.122620,0.075998,0.232694,0.065706,0.106867
12.4167,-0.395077,0.212367,-1.125477,0.115835,0.230543,0.065323,0.096712
12.4333,-0.379039,0.205096,-1.128274,0.150208,0.226949,0.065914,0.086755
12.4500,-0.359455,0.186355,-1.135563,0.179030,0.219731,0.061329,0.078175
12.4667,-0.343266,0.163362,-1.141554,0.214276,0.213543,0.055419,0.069901
12.4833,-0.332487,0.147806,-1.141977,0.248760,0.210451,0.052626,0.062624
12.5000,-0.324815,0.122083,-1.142855,0.287664,0.207418,0.045794,0.056515
12.5167,-0.324278,0.102556,-1.138030,0.324050,0.208011,0.041383,0.052083
12.5333,-0.327271,0.095793,-1.128154,0.350540,0.211285,0.041687,0.048991
12.5500,-0.328282,0.097240,-1.119825,0.366889,0.213894,0.044534,0.046255
12.5667,-0.326345,0.096729,-1.113488,0.380295,0.214799,0.046313,0.043687
12.5833,-0.321533,0.098124,-1.110593,0.386130,0.213980,0.048034,0.041527
12.6000,-0.313082,0.099011,-1.109634,0.388416,0.211346,0.049237,0.039335
12.6167,-0.303249,0.095836,-1.110436,0.392449,0.207666,0.048723,0.036874
12.6333,-0.293600,0.092522,-1.111288,0.394920,0.203936,0.047993,0.034888
12.6500,-0.286613,0.089412,-1.110941,0.399359,0.201438,0.047482,0.033055
12.6667,-0.279916,0.080700,-1.109867,0.405976,0.198765,0.044811,0.031761
12.6833,-0.274550,0.073176,-1.108239,0.410671,0.196709,0.042420,0.030992
12.7000,-0.271633,0.065605,-1.105791,0.418413,0.195719,0.040254,0.030120
12.7167,-0.269566,0.064258,-1.103429,0.422261,0.195389,0.040362,0.029276
12.7333,-0.265451,0.067927,-1.100908,0.422020,0.194604,0.042419,0.028237
12.7500,-0.258754,0.074386,-1.097448,0.416309,0.193240,0.045277,0.027384
12.7667,-0.251706,0.080309,-1.094711,0.409706,0.191560,0.047758,0.026694
12.7833,-0.244625,0.085411,-1.092591,0.404541,0.189706,0.049973,0.025800
12.8000,-0.235441,0.086497,-1.092872,0.398533,0.186380,0.050232,0.025172
12.8167,-0.227891,0.090241,-1.092144,0.391100,0.183973,0.051517,0.024834
12.8333,-0.218364,0.094676,-1.092574,0.383647,0.180671,0.053087,0.024011
12.8500,-0.207027,0.100066,-1.093877,0.379513,0.176601,0.055413,0.022048
12.8667,-0.192573,0.102322,-1.098446,0.379337,0.170555,0.056639,0.019131
12.8833,-0.168384,0.101767,-1.108326,0.382716,0.159726,0.056901,0.014178
12.9000,-0.132459,0.112885,-1.119641,0.378325,0.144528,0.061790,0.007845
12.9167,-0.090251,0.125890,-1.134533,0.380713,0.125741,0.068016,-0.000450
12.9333,-0.047640,0.143349,-1.148049,0.387770,0.106469,0.076711,-0.009371
12.9500,0.002856,0.151828,-1.162213,0.408827,0.082605,0.083072,-0.019358
12.9667,0.047962,0.169342,-1.170110,0.430046,0.061207,0.093909,-0.028608
12.9833,0.091177,0.205893,-1.174658,0.428310,0.041368,0.110752,-0.034273
13.0000,0.127193,0.253598,-1.170438,0.421997,0.025752,0.132664,-0.038617
13.0167,0.152071,0.280609,-1.170472,0.432672,0.013196,0.146942,-0.042802
13.0333,0.175082,0.307225,-1.162634,0.455970,0.001731,0.163702,-0.048048
13.0500,0.185665,0.329009,-1.152987,0.474128,-0.003444,0.177740,-0.051631
13.0667,0.193197,0.348442,-1.142076,0.490629,-0.006889,0.190657,-0.054424
13.0833,0.197884,0.369149,-1.133073,0.495209,-0.008431,0.202178,-0.055171
13.1000,0.200381,0.385807,-1.120579,0.494881,-0.007768,0.211230,-0.055185
13.1167,0.198074,0.394004,-1.111403,0.499480,-0.005607,0.216785,-0.055855
13.1333,0.195173,0.400515,-1.102445,0.499830,-0.002794,0.220805,-0.055762
13.1500,0.191418,0.403811,-1.093992,0.501349,0.000317,0.223430,-0.055949
13.1667,0.188396,0.407203,-1.086024,0.498391,0.003370,0.225308,-0.055391
13.1833,0.183560,0.407608,-1.078260,0.498160,0.007095,0.226189,-0.055382
13.2000,0.180170,0.408835,-1.071132,0.495894,0.010159,0.227074,-0.054943
13.2167,0.175288,0.412684,-1.063173,0.492971,0.014098,0.229182,-0.054356
13.2333,0.173970,0.417583,-1.054236,0.485918,0.016827,0.231201,-0.053264
13.2500,0.172872,0.420145,-1.048613,0.482708,0.018581,0.232438,-0.052703
13.2667,0.173219,0.418859,-1.044582,0.484491,0.018998,0.232527,-0.053047
13.2833,0.174696,0.415754,-1.039449,0.489638,0.018781,0.232440,-0.053731
13.3000,0.175473,0.412065,-1.034413,0.495806,0.018794,0.232232,-0.054553
13.3167,0.175655,0.408333,-1.029392,0.500465,0.019216,0.231747,-0.055150
13.3333,0.175890,0.405445,-1.026283,0.502990,0.019460,0.231109,-0.055523
13.3500,0.177002,0.405854,-1.022896,0.500607,0.019703,0.231269,-0.055057
13.3667,0.176428,0.404891,-1.021108,0.499530,0.020430,0.230795,-0.054920
13.3833,0.175366,0.402376,-1.019548,0.498454,0.021368,0.229543,-0.054843
13.4000,0.175429,0.402786,-1.014805,0.489834,0.022899,0.228862,-0.053609
13.4167,0.173319,0.397124,-1.012524,0.484487,0.024908,0.225518,-0.052943
13.4333,0.170088,0.388236,-1.010938,0.477493,0.027540,0.220311,-0.052025
13.4500,0.165449,0.371405,-1.010232,0.475527,0.030394,0.212061,-0.051815
13.4667,0.157942,0.341828,-1.011287,0.485497,0.033492,0.199412,-0.052856
13.4833,0.146351,0.301299,-1.013335,0.501437,0.038051,0.182238,-0.053917
13.5000,0.130498,0.249004,-1.017164,0.523971,0.043972,0.160031,-0.054600
13.5167,0.112779,0.198226,-1.020686,0.538235,0.051428,0.137210,-0.052835
13.5333,0.095860,0.148129,-1.025466,0.547568,0.058561,0.113882,-0.049173
13.5500,0.084730,0.093679,-1.035058,0.550437,0.062772,0.087363,-0.042990
13.5667,0.067664,0.037409,-1.044132,0.561348,0.068779,0.061202,-0.036116
13.5833,0.066616,-0.021807,-1.062265,0.556623,0.067667,0.031692,-0.025273
13.6000,0.049271,-0.068668,-1.072387,0.558757,0.073486,0.009570,-0.015471
13.6167,0.013800,-0.095080,-1.070347,0.562364,0.087423,-0.002313,-0.007982
13.6500,-0.090540,-0.079805,-1.028683,0.552260,0.134272,0.004380,0.001939
13.6667,-0.138396,-0.064143,-1.009348,0.530879,0.156489,0.009380,0.010237
13.6833,-0.191769,-0.041779,-0.986025,0.526531,0.181023,0.018757,0.016038
13.7000,-0.237589,-0.016234,-0.965117,0.522547,0.202582,0.029587,0.021663
13.7167,-0.270937,0.007231,-0.948268,0.515880,0.218950,0.039381,0.026890
13.7333,-0.289221,0.028317,-0.939770,0.504761,0.228396,0.047524,0.030515
13.7500,-0.293670,0.037309,-0.941792,0.493027,0.230401,0.049825,0.032505
13.7667,-0.289116,0.034561,-0.949301,0.484294,0.227385,0.047172,0.033288
13.7833,-0.279583,0.027263,-0.960354,0.475961,0.221705,0.042461,0.033399
13.8000,-0.270579,0.019280,-0.971563,0.469803,0.216127,0.037648,0.033385
13.8167,-0.258460,0.015564,-0.984745,0.456241,0.209445,0.033994,0.033653
13.8333,-0.247752,0.010003,-0.996323,0.448364,0.203360,0.030208,0.033533
13.8500,-0.239117,0.004502,-1.005301,0.443935,0.198420,0.026951,0.033316
13.8667,-0.235949,-0.003999,-1.014262,0.447916,0.195230,0.022852,0.032844
13.8833,-0.236731,-0.003637,-1.015426,0.448911,0.195328,0.022940,0.032649
13.9000,-0.237474,-0.006752,-1.019017,0.450906,0.194721,0.021384,0.032771
13.9167,-0.243088,-0.008288,-1.019748,0.453370,0.196425,0.020585,0.033535
13.9333,-0.246425,-0.011388,-1.021887,0.447067,0.196906,0.018361,0.036068
13.9500,-0.247571,-0.008970,-1.026839,0.428108,0.196595,0.017128,0.039597
13.9667,-0.262906,-0.005619,-1.025594,0.406161,0.202085,0.015958,0.046641
13.9833,-0.277348,-0.003208,-1.026141,0.374818,0.206524,0.013549,0.055708
14.0000,-0.293367,0.001390,-1.026705,0.334014,0.211081,0.011380,0.066848
14.0167,-0.302859,0.005774,-1.032539,0.280454,0.211782,0.008349,0.079263
14.0333,-0.313500,0.014485,-1.038260,0.222530,0.212455,0.007142,0.092156
14.0500,-0.321485,0.010055,-1.052397,0.153572,0.208368,0.000316,0.108747
14.0833,-0.310576,-0.004854,-1.089047,-0.021685,0.186755,-0.011558,0.145647
14.1000,-0.322516,0.014393,-1.101157,-0.099985,0.183153,-0.006707,0.160268
14.1167,-0.347923,0.040233,-1.099363,-0.154954,0.186822,0.001017,0.171889
14.1333,-0.376108,0.074810,-1.083618,-0.205700,0.194278,0.012524,0.183004
14.1500,-0.403193,0.104299,-1.070302,-0.246369,0.200874,0.021998,0.192935
14.1667,-0.424923,0.128980,-1.062536,-0.281795,0.204960,0.029657,0.201347
14.1833,-0.440398,0.145113,-1.062553,-0.311442,0.205938,0.034293,0.207972
14.2000,-0.447779,0.151058,-1.072446,-0.336525,0.203042,0.035506,0.212478
14.2167,-0.451425,0.161182,-1.082173,-0.360131,0.200042,0.038168,0.215373
14.2333,-0.448178,0.186538,-1.089018,-0.382996,0.197860,0.045684,0.215135
14.2500,-0.447867,0.197181,-1.093983,-0.386691,0.197439,0.048428,0.213939
14.2667,-0.446868,0.204371,-1.100163,-0.386436,0.196855,0.049987,0.212162
14.2833,-0.450741,0.208969,-1.102815,-0.380198,0.198297,0.050659,0.210859
14.3000,-0.455710,0.211997,-1.104634,-0.374510,0.199845,0.050961,0.210179
14.3167,-0.461060,0.213917,-1.106100,-0.367807,0.201562,0.050934,0.209551
14.3333,-0.464234,0.217819,-1.107975,-0.361595,0.202930,0.051605,0.208328
14.3500,-0.468187,0.221015,-1.109022,-0.355172,0.204570,0.052092,0.207395
14.3667,-0.472466,0.223399,-1.109706,-0.348918,0.206242,0.052374,0.206704
14.3833,-0.476781,0.225076,-1.110268,-0.343003,0.207839,0.052476,0.206188
14.4000,-0.480821,0.227625,-1.110357,-0.338163,0.209421,0.052921,0.205788
14.4167,-0.484122,0.231650,-1.110109,-0.334048,0.210985,0.053889,0.205255
14.4333,-0.486266,0.232395,-1.111710,-0.329159,0.211790,0.053790,0.204492
14.4500,-0.488419,0.233314,-1.112941,-0.323575,0.212772,0.053776,0.203628
14.4667,-0.491174,0.232973,-1.113924,-0.316272,0.214014,0.053346,0.202727
14.4833,-0.491503,0.238209,-1.114290,-0.308995,0.215442,0.054822,0.200795
14.5000,-0.493796,0.243705,-1.112701,-0.296671,0.218300,0.056368,0.198496
14.5167,-0.498743,0.250031,-1.109157,-0.278995,0.222719,0.058273,0.195973
14.5333,-0.500619,0.258243,-1.106437,-0.261720,0.226574,0.060983,0.192571
14.5500,-0.498402,0.270938,-1.104049,-0.251091,0.229157,0.065412,0.189047
14.5667,-0.494171,0.274127,-1.106020,-0.233641,0.230374,0.066767,0.184247
14.5833,-0.491026,0.268015,-1.109897,-0.205435,0.231865,0.065150,0.178235
14.6000,-0.493106,0.254112,-1.111559,-0.155283,0.236579,0.061456,0.170212
14.6167,-0.499091,0.241957,-1.108652,-0.093462,0.244350,0.059121,0.161169
14.6333,-0.504992,0.235052,-1.102618,-0.030797,0.253089,0.059465,0.151824
14.6500,-0.505920,0.232959,-1.096737,0.025354,0.260148,0.062175,0.142070
14.6667,-0.501884,0.234762,-1.091397,0.067821,0.264583,0.066328,0.133298
14.6833,-0.478480,0.241270,-1.094382,0.106924,0.262132,0.073154,0.118807
14.7000,-0.457698,0.230312,-1.099718,0.148206,0.257784,0.073176,0.105934
14.7167,-0.436890,0.219254,-1.104142,0.180250,0.252315,0.072544,0.095108
14.7333,-0.417941,0.204966,-1.107872,0.212260,0.246828,0.070547,0.085270
14.7500,-0.404437,0.184842,-1.109717,0.252940,0.243040,0.066759,0.075949
14.7667,-0.395011,0.160994,-1.109882,0.293549,0.240149,0.061281,0.068326
14.7833,-0.384330,0.130045,-1.112211,0.331708,0.235356,0.052396,0.061757
14.8000,-0.372683,0.094544,-1.113149,0.374964,0.229952,0.042183,0.055060
14.8167,-0.367040,0.064480,-1.109511,0.417862,0.227539,0.034191,0.049690
14.8333,-0.361714,0.040593,-1.104227,0.451353,0.225516,0.027987,0.045704
14.8500,-0.361403,0.026578,-1.096963,0.478894,0.226156,0.025313,0.042703
14.8667,-0.362275,0.023328,-1.086790,0.495258,0.228322,0.026407,0.040828
14.8833,-0.363812,0.028745,-1.077145,0.501947,0.231206,0.030232,0.039674
14.9000,-0.365746,0.034591,-1.067452,0.509752,0.234282,0.034383,0.038351
14.9167,-0.359096,0.041616,-1.061502,0.506731,0.233569,0.038126,0.036924
14.9333,-0.345910,0.045516,-1.057740,0.497445,0.229850,0.039913,0.035486
14.9500,-0.335378,0.042644,-1.059069,0.494552,0.225628,0.038823,0.034092
14.9667,-0.325603,0.038880,-1.060580,0.491082,0.221584,0.037187,0.033120
14.9833,-0.318558,0.040920,-1.058222,0.484786,0.219648,0.037993,0.032700
15.0000,-0.313905,0.039265,-1.057659,0.481421,0.217932,0.037198,0.032671
15.0167,-0.308372,0.041675,-1.055488,0.474153,0.216503,0.037971,0.032728
15.0333,-0.305492,0.039112,-1.056159,0.473598,0.215120,0.036806,0.032522
15.0500,-0.303556,0.033720,-1.056045,0.476199,0.214171,0.034804,0.032341
15.0667,-0.302246,0.030147,-1.055291,0.478955,0.213582,0.033655,0.032103
15.0833,-0.296304,0.033625,-1.053896,0.474604,0.211934,0.035239,0.031411
15.1000,-0.291055,0.037285,-1.052450,0.470135,0.210603,0.036797,0.030767
15.1167,-0.282317,0.039775,-1.053157,0.464483,0.207554,0.037712,0.029737
15.1333,-0.271421,0.043903,-1.054732,0.456762,0.203682,0.039168,0.028446
15.1500,-0.254973,0.046850,-1.058990,0.445150,0.197270,0.039698,0.026916
15.1667,-0.239613,0.051240,-1.063370,0.436160,0.191255,0.041093,0.025019
15.1833,-0.219852,0.056111,-1.069898,0.427990,0.183275,0.042756,0.022057
15.2000,-0.192234,0.055919,-1.081513,0.424282,0.171144,0.042496,0.017587
15.2167,-0.162621,0.051654,-1.094907,0.432770,0.157527,0.041543,0.011262
15.2333,-0.127974,0.055766,-1.108796,0.440020,0.141980,0.044276,0.003680
15.2500,-0.090198,0.068627,-1.121449,0.450423,0.125253,0.051381,-0.005623
15.2667,-0.051379,0.089461,-1.130138,0.464247,0.108225,0.062826,-0.015932
15.2833,-0.005167,0.109851,-1.138476,0.487509,0.086920,0.075487,-0.027619
15.3000,0.040211,0.138310,-1.145183,0.504386,0.065454,0.091252,-0.037661
15.3167,0.082124,0.164980,-1.146166,0.529559,0.044990,0.107841,-0.047131
15.3333,0.126465,0.206426,-1.144080,0.527989,0.024627,0.127998,-0.052081
15.3500,0.162264,0.241439,-1.142363,0.531794,0.007238,0.145687,-0.055747
15.3667,0.191631,0.270491,-1.141982,0.539776,-0.007985,0.161011,-0.058519
15.3833,0.205194,0.297163,-1.135497,0.546286,-0.014701,0.175531,-0.060373
15.4000,0.217249,0.318986,-1.125689,0.547669,-0.019573,0.187178,-0.061031
15.4167,0.229023,0.340644,-1.112898,0.543395,-0.023296,0.198103,-0.060725
15.4333,0.238290,0.364787,-1.099583,0.530893,-0.024999,0.208920,-0.059177
15.4500,0.238088,0.379817,-1.090742,0.532560,-0.023977,0.217330,-0.059381
15.4667,0.239832,0.391168,-1.080630,0.530601,-0.023208,0.223439,-0.059048
15.4833,0.244432,0.403474,-1.069356,0.522797,-0.023059,0.229128,-0.057880
15.5000,0.246498,0.411769,-1.061061,0.518420,-0.022414,0.233190,-0.057151
15.5167,0.247720,0.416849,-1.053620,0.512031,-0.021215,0.235288,-0.056274
15.5333,0.243928,0.416876,-1.047943,0.509588,-0.018149,0.235483,-0.056104
15.5500,0.241495,0.419121,-1.040679,0.503041,-0.015120,0.236210,-0.055302
15.5667,0.237246,0.417552,-1.035787,0.501845,-0.012056,0.235780,-0.055315
15.5833,0.230423,0.412587,-1.029190,0.508406,-0.008162,0.235211,-0.056342
15.6000,0.225594,0.409249,-1.023161,0.512040,-0.005082,0.234863,-0.056832
15.6167,0.220024,0.405720,-1.017108,0.517909,-0.001861,0.234794,-0.057625
15.6333,0.214863,0.402793,-1.011212,0.523398,0.001151,0.234931,-0.058310
15.6500,0.210912,0.403337,-1.006601,0.525247,0.003651,0.235990,-0.058466
15.6667,0.208479,0.404537,-1.003940,0.524707,0.005363,0.236788,-0.058244
15.6833,0.207234,0.406437,-1.000118,0.523701,0.006610,0.237909,-0.058039
15.7000,0.209011,0.408412,-0.996162,0.519787,0.006754,0.238630,-0.057486
15.7167,0.208829,0.408630,-0.994720,0.519086,0.007163,0.238780,-0.057365
15.7333,0.207556,0.406150,-0.993549,0.518708,0.008091,0.237605,-0.057487
15.7500,0.208512,0.407560,-0.990055,0.512322,0.008788,0.237648,-0.056539
15.7667,0.209224,0.405842,-0.987648,0.506319,0.009489,0.236106,-0.055855
15.7833,0.207851,0.399203,-0.986896,0.505853,0.010477,0.232937,-0.056034
15.8000,0.206069,0.391602,-0.986392,0.506477,0.011529,0.229462,-0.056279
15.8167,0.203514,0.382246,-0.986204,0.504716,0.013182,0.224727,-0.056148
15.8333,0.197437,0.365872,-0.986217,0.502777,0.016680,0.216591,-0.055975
15.8500,0.188719,0.338404,-0.988621,0.500434,0.021358,0.202815,-0.055546
15.8667,0.174540,0.298769,-0.992851,0.501466,0.028288,0.183530,-0.054665
15.8833,0.156520,0.244154,-1.000683,0.510335,0.036020,0.157814,-0.053241
15.9000,0.134022,0.195340,-1.006328,0.509184,0.046816,0.133645,-0.049046
15.9167,0.105865,0.148928,-1.010590,0.507522,0.059990,0.110746,-0.043213
15.9333,0.077700,0.096698,-1.018629,0.512726,0.071545,0.085729,-0.036396
15.9500,0.060877,0.045730,-1.030775,0.509599,0.077708,0.060313,-0.027595
15.9667,0.034628,0.008601,-1.036543,0.506850,0.088066,0.042052,-0.019020
15.9833,0.002243,-0.021728,-1.038944,0.498708,0.101065,0.026670,-0.009128
16.0000,-0.022255,-0.062011,-1.048466,0.496239,0.108710,0.007141,0.001600
16.0167,-0.058041,-0.065506,-1.038042,0.483312,0.124312,0.004478,0.009033
16.0333,-0.093373,-0.064977,-1.029969,0.477295,0.138693,0.003768,0.014680
16.0500,-0.127277,-0.051654,-1.016098,0.470921,0.153924,0.009090,0.018357
16.0667,-0.154402,-0.039074,-1.005617,0.466731,0.166021,0.014094,0.021233
16.0833,-0.178144,-0.017863,-0.996650,0.459653,0.177134,0.022526,0.023064
16.1000,-0.197719,-0.002860,-0.988509,0.457952,0.186355,0.028819,0.024493
16.1167,-0.213612,0.008857,-0.982737,0.457186,0.193667,0.033682,0.025834
16.1333,-0.225636,0.019517,-0.978739,0.455287,0.199255,0.037999,0.027006
16.1500,-0.234576,0.027839,-0.976547,0.453678,0.203325,0.041262,0.027887
16.1667,-0.239811,0.034590,-0.978092,0.448918,0.205365,0.043319,0.028821
16.1833,-0.240717,0.039244,-0.981883,0.441498,0.205365,0.044194,0.029683
16.2000,-0.239014,0.039375,-0.986229,0.437330,0.204024,0.043489,0.030013
16.2167,-0.237267,0.042051,-0.991570,0.428308,0.202701,0.043305,0.030871
16.2333,-0.235199,0.041239,-0.998037,0.421502,0.200822,0.041719,0.031684
16.2500,-0.230818,0.042635,-1.004895,0.410151,0.198175,0.040772,0.032698
16.2667,-0.226785,0.047554,-1.010628,0.397467,0.196056,0.041323,0.033564
16.2833,-0.222902,0.049945,-1.017075,0.386936,0.193701,0.040896,0.034351
16.3000,-0.221913,0.050975,-1.020779,0.382511,0.192735,0.040607,0.034777
16.3167,-0.220972,0.053404,-1.025638,0.376799,0.191684,0.040656,0.035160
16.3333,-0.218430,0.054813,-1.031372,0.370693,0.189822,0.040248,0.035490
16.3500,-0.216944,0.054834,-1.035292,0.367026,0.188563,0.039615,0.035828
16.3667,-0.215688,0.056018,-1.038687,0.363486,0.187559,0.039524,0.036006
16.3833,-0.215484,0.055803,-1.040393,0.362735,0.187151,0.039179,0.036061
16.4000,-0.216271,0.054687,-1.041840,0.361603,0.187108,0.038398,0.036559
16.4167,-0.217132,0.052446,-1.043558,0.359535,0.186930,0.037037,0.037463
16.4333,-0.218305,0.048397,-1.047173,0.358287,0.186457,0.034811,0.038326
16.4500,-0.219956,0.043714,-1.050695,0.356635,0.186076,0.032257,0.039569
16.4667,-0.222361,0.048563,-1.052560,0.346173,0.186743,0.033131,0.041391
16.4833,-0.224706,0.059629,-1.054317,0.325447,0.187708,0.035700,0.044318
16.5000,-0.234913,0.071651,-1.052109,0.303771,0.192026,0.038596,0.048996
16.5167,-0.248407,0.081449,-1.049264,0.281249,0.197273,0.040390,0.054955
16.5333,-0.263601,0.082842,-1.046687,0.261341,0.202329,0.038852,0.062086
16.5500,-0.278499,0.078914,-1.046612,0.236870,0.206085,0.034631,0.070857
16.5667,-0.292424,0.068667,-1.050018,0.209204,0.207964,0.027552,0.080972
16.5833,-0.312303,0.066651,-1.048404,0.175352,0.212529,0.023772,0.092759
16.6000,-0.334248,0.071262,-1.048024,0.125727,0.216641,0.021683,0.107280
16.6167,-0.342093,0.068235,-1.060673,0.057406,0.211808,0.016090,0.123229
16.6667,-0.301985,-0.022869,-1.139212,-0.101079,0.167482,-0.020589,0.162020
16.6833,-0.295933,-0.029780,-1.168881,-0.150228,0.155949,-0.023447,0.171387
16.7000,-0.300451,-0.028527,-1.185971,-0.190722,0.150405,-0.023072,0.179422
16.7167,-0.321574,-0.002459,-1.177394,-0.223907,0.155973,-0.014543,0.184739
16.7333,-0.351701,0.030231,-1.157250,-0.256364,0.165993,-0.003763,0.191277
16.7500,-0.383096,0.070235,-1.132488,-0.282926,0.178024,0.009062,0.196757
16.7667,-0.407586,0.117036,-1.109970,-0.303828,0.189221,0.023732,0.199749
16.7833,-0.426141,0.162414,-1.091652,-0.324996,0.198040,0.037963,0.202625
16.8000,-0.437635,0.200566,-1.080569,-0.345106,0.203365,0.049809,0.204960
16.8167,-0.447294,0.225579,-1.075180,-0.361294,0.206411,0.057328,0.207581
16.8333,-0.452154,0.245038,-1.074597,-0.372081,0.207794,0.062958,0.208498
16.8500,-0.455434,0.252567,-1.075934,-0.375866,0.208341,0.064943,0.208932
16.8667,-0.456106,0.257814,-1.079714,-0.377596,0.208042,0.066145,0.208411
16.8833,-0.459079,0.252526,-1.085706,-0.371263,0.207924,0.063800,0.207664
16.9000,-0.465574,0.241854,-1.093578,-0.361842,0.207942,0.059599,0.207495
16.9167,-0.470528,0.231032,-1.099541,-0.356145,0.207536,0.055565,0.207928
16.9333,-0.475251,0.221113,-1.105112,-0.350928,0.207112,0.051904,0.208406
16.9500,-0.478606,0.219212,-1.108278,-0.350156,0.207040,0.050967,0.208828
16.9667,-0.479453,0.222569,-1.108718,-0.350091,0.207459,0.051969,0.208549
16.9833,-0.480112,0.230636,-1.109447,-0.350013,0.208216,0.054168,0.207673
17.0000,-0.482531,0.236808,-1.109155,-0.348254,0.209545,0.055821,0.207163
17.0167,-0.487451,0.239826,-1.107874,-0.341004,0.211934,0.056381,0.206583
17.0333,-0.492610,0.240604,-1.107016,-0.333304,0.214111,0.056268,0.206203
17.0500,-0.496900,0.241060,-1.106703,-0.324792,0.216107,0.056075,0.205474
17.0667,-0.499819,0.241825,-1.107029,-0.313281,0.218163,0.055982,0.203782
17.0833,-0.502666,0.239805,-1.109213,-0.298546,0.219954,0.054965,0.201603
17.1000,-0.503160,0.237707,-1.112545,-0.285579,0.220890,0.053980,0.199088
17.1167,-0.500637,0.237035,-1.116284,-0.274700,0.221069,0.053572,0.196066
17.1333,-0.494629,0.237151,-1.121886,-0.266930,0.219828,0.053557,0.192639
17.1500,-0.489147,0.243031,-1.124554,-0.255803,0.220218,0.055541,0.188366
17.1667,-0.484229,0.244399,-1.127855,-0.236126,0.221101,0.056149,0.183012
17.1833,-0.480842,0.239685,-1.131405,-0.207785,0.222640,0.054856,0.176860
17.2000,-0.479997,0.227174,-1.135042,-0.167548,0.225197,0.051149,0.169751
17.2167,-0.482089,0.213530,-1.134943,-0.103405,0.231438,0.047993,0.159168
17.2333,-0.483619,0.215303,-1.128367,-0.043457,0.239700,0.051180,0.148223
17.2500,-0.490345,0.218101,-1.116496,0.022620,0.250734,0.055964,0.137876
17.2667,-0.494198,0.220179,-1.105321,0.084549,0.260132,0.061298,0.127815
17.2833,-0.487660,0.227084,-1.097598,0.129190,0.264645,0.068434,0.117738
17.3000,-0.476769,0.227954,-1.093144,0.167124,0.265772,0.073099,0.108045
17.3167,-0.461863,0.199984,-1.098775,0.203208,0.260536,0.065473,0.099252
17.3333,-0.445567,0.175932,-1.103808,0.234058,0.254646,0.059057,0.091108
17.3500,-0.428527,0.155386,-1.108268,0.255781,0.248097,0.053289,0.084533
17.3667,-0.411634,0.143981,-1.112815,0.265939,0.241611,0.050183,0.079420
17.3833,-0.398694,0.144122,-1.114723,0.270106,0.237493,0.051296,0.075409
17.4000,-0.384999,0.134324,-1.117337,0.280009,0.232362,0.048734,0.071293
17.4167,-0.373283,0.121456,-1.119869,0.294434,0.227748,0.045165,0.067205
17.4333,-0.363941,0.101345,-1.120707,0.322508,0.224074,0.039818,0.062152
17.4500,-0.357228,0.080488,-1.120054,0.356865,0.221579,0.034678,0.056726
17.4667,-0.348171,0.059608,-1.120179,0.388579,0.217860,0.029346,0.051443
17.4833,-0.341511,0.050377,-1.116044,0.409426,0.216261,0.028152,0.047530
17.5000,-0.332930,0.044101,-1.112256,0.424041,0.213953,0.027691,0.044017
17.5167,-0.322940,0.036121,-1.112064,0.434107,0.210198,0.025794,0.041158
17.5333,-0.314218,0.033296,-1.112384,0.439231,0.207059,0.025529,0.038775
17.5500,-0.308160,0.031168,-1.111335,0.441820,0.205044,0.025293,0.037484
17.5667,-0.303039,0.029301,-1.109946,0.441305,0.203358,0.024830,0.037006
17.5833,-0.301539,0.027724,-1.108961,0.440317,0.202840,0.024186,0.037253
17.6000,-0.301035,0.027150,-1.107343,0.439644,0.202939,0.024034,0.037472
17.6167,-0.302497,0.028708,-1.104342,0.439444,0.204177,0.024889,0.037718
17.6333,-0.300402,0.032547,-1.099125,0.433967,0.204565,0.026503,0.038103
17.6500,-0.297583,0.037169,-1.094611,0.427605,0.204691,0.028388,0.038372
17.6667,-0.294313,0.041510,-1.090894,0.421141,0.204493,0.030100,0.038572
17.6833,-0.290320,0.043427,-1.089755,0.417561,0.203408,0.030897,0.038311
17.7000,-0.284379,0.045923,-1.088473,0.413655,0.201770,0.031979,0.037584
17.7167,-0.277295,0.052363,-1.087010,0.408742,0.200011,0.034782,0.036309
17.7333,-0.268656,0.063984,-1.085152,0.401708,0.198099,0.039740,0.034438
17.7500,-0.255186,0.079069,-1.083942,0.392241,0.194548,0.046113,0.031613
17.7667,-0.236103,0.098270,-1.084462,0.381609,0.188779,0.054296,0.027477
17.7833,-0.216285,0.116766,-1.086321,0.376377,0.182259,0.062650,0.022394
17.8000,-0.181431,0.128113,-1.096159,0.364349,0.168113,0.067024,0.016890
17.8333,-0.055970,0.111048,-1.156395,0.370801,0.108204,0.059497,-0.000883
17.8667,0.062651,0.112448,-1.198940,0.466032,0.048422,0.070288,-0.028693
17.8833,0.107181,0.142433,-1.200496,0.500363,0.026554,0.088978,-0.040326
17.9000,0.143511,0.198454,-1.192185,0.495402,0.010885,0.115540,-0.046091
17.9167,0.169386,0.250625,-1.179678,0.489230,0.000354,0.140456,-0.049611
17.9333,0.192020,0.296236,-1.166984,0.480372,-0.008471,0.161888,-0.050945
17.9500,0.203323,0.326035,-1.159282,0.486625,-0.013793,0.177773,-0.052949
17.9667,0.212709,0.354445,-1.147286,0.489660,-0.017151,0.192876,-0.054000
17.9833,0.216043,0.367393,-1.139182,0.497817,-0.018355,0.201145,-0.055355
18.0000,0.218501,0.383405,-1.130117,0.502321,-0.018745,0.210417,-0.055890
18.0167,0.220999,0.397181,-1.121492,0.503914,-0.018910,0.218088,-0.055956
18.0333,0.220924,0.406739,-1.112773,0.505134,-0.017670,0.223688,-0.056054
18.0500,0.220019,0.408651,-1.105393,0.501393,-0.015628,0.224648,-0.055556
18.0667,0.219256,0.405167,-1.099441,0.502297,-0.014199,0.223677,-0.055890
18.0833,0.219788,0.409005,-1.092807,0.501612,-0.013314,0.226036,-0.055650
18.1000,0.218573,0.411894,-1.088806,0.503032,-0.012178,0.228119,-0.055886
18.1167,0.217912,0.411459,-1.080063,0.507734,-0.010790,0.229476,-0.056455
18.1333,0.215514,0.413587,-1.075921,0.508249,-0.008934,0.231052,-0.056467
18.1500,0.213057,0.414356,-1.072071,0.508194,-0.007080,0.231762,-0.056448
18.1667,0.209724,0.413824,-1.065596,0.509513,-0.004509,0.232338,-0.056656
18.1833,0.205032,0.411803,-1.059134,0.511344,-0.001235,0.232317,-0.056939
18.2000,0.201078,0.407174,-1.051331,0.515666,0.001720,0.231601,-0.057496
18.2167,0.198382,0.403276,-1.044189,0.520315,0.003897,0.231227,-0.058087
18.2333,0.197214,0.403898,-1.039125,0.518562,0.005481,0.231744,-0.057727
18.2500,0.194329,0.405271,-1.035602,0.518864,0.007501,0.232847,-0.057760
18.2667,0.191935,0.408118,-1.029893,0.517683,0.009621,0.234554,-0.057416
18.2833,0.188169,0.411271,-1.023781,0.518280,0.012379,0.236785,-0.057355
18.3000,0.184487,0.411445,-1.016561,0.522489,0.014989,0.238309,-0.057763
18.3167,0.180225,0.410995,-1.009457,0.528068,0.017737,0.239756,-0.058304
18.3333,0.176907,0.409362,-1.003102,0.533935,0.019881,0.240611,-0.058910
18.3500,0.173143,0.410731,-0.997841,0.535920,0.022384,0.242139,-0.058944
18.3667,0.169809,0.412164,-0.992805,0.536773,0.024741,0.243483,-0.058817
18.3833,0.168674,0.416015,-0.986507,0.531839,0.026742,0.245158,-0.057893
18.4000,0.166826,0.418542,-0.982122,0.529112,0.028595,0.246367,-0.057333
18.4167,0.166625,0.419235,-0.978895,0.525827,0.029530,0.246489,-0.056845
18.4333,0.164558,0.419701,-0.975267,0.523236,0.031386,0.246653,-0.056417
18.4500,0.163460,0.416497,-0.974281,0.522604,0.032231,0.245055,-0.056507
18.4667,0.163288,0.405917,-0.974251,0.517697,0.032922,0.239229,-0.056153
18.4833,0.161569,0.387639,-0.974916,0.520057,0.033734,0.230791,-0.056942
18.5000,0.157253,0.363579,-0.975799,0.522043,0.035910,0.219450,-0.057362
18.5167,0.151278,0.328979,-0.979584,0.523861,0.038657,0.202665,-0.057460
18.5333,0.140477,0.285733,-0.984371,0.532191,0.043120,0.182539,-0.057435
18.5500,0.125862,0.231853,-0.991460,0.544124,0.048893,0.157467,-0.056402
18.5667,0.112452,0.179308,-0.999894,0.549057,0.054433,0.131899,-0.053040
18.5833,0.099430,0.130542,-1.008679,0.546731,0.060176,0.107254,-0.047539
18.6000,0.092616,0.079284,-1.022107,0.539716,0.062714,0.080773,-0.039893
18.6167,0.076397,0.024099,-1.035043,0.552464,0.067591,0.055090,-0.033150
18.6333,0.063644,-0.029534,-1.049679,0.559568,0.070878,0.029682,-0.024412
18.6500,0.038649,-0.063663,-1.053607,0.561000,0.080542,0.013592,-0.016395
18.6667,0.012623,-0.087430,-1.055353,0.554494,0.090886,0.001688,-0.008105
18.6833,-0.026270,-0.088481,-1.042307,0.540588,0.108606,0.000205,-0.001440
18.7000,-0.075253,-0.069689,-1.022509,0.521427,0.131366,0.007099,0.004321
18.7167,-0.121435,-0.045935,-1.003052,0.499718,0.153241,0.015767,0.010732
18.7333,-0.156481,-0.028060,-0.990375,0.483077,0.169403,0.021882,0.016576
18.7500,-0.185565,-0.014592,-0.978960,0.476045,0.182693,0.026984,0.020882
18.7667,-0.206945,-0.002503,-0.971294,0.469620,0.192392,0.031463,0.024335
18.7833,-0.220374,0.010150,-0.969283,0.459042,0.198377,0.035531,0.027090
18.8000,-0.237242,0.015178,-0.967554,0.465020,0.204934,0.037558,0.028307
18.8167,-0.244711,0.011844,-0.971666,0.471527,0.206581,0.035895,0.028797
18.8333,-0.259107,0.010029,-0.973132,0.486158,0.211135,0.035624,0.028927
18.8500,-0.275954,0.011897,-0.970039,0.493848,0.217670,0.036599,0.030668
18.8667,-0.285784,0.015389,-0.967723,0.491404,0.221722,0.037630,0.032929
18.8833,-0.295309,0.017379,-0.965916,0.489825,0.225505,0.037974,0.035082
18.9000,-0.302543,0.013468,-0.966734,0.488709,0.227569,0.035596,0.037401
18.9167,-0.311584,0.005748,-0.969168,0.492079,0.229629,0.031728,0.039721
18.9333,-0.318237,-0.000889,-0.970898,0.488535,0.230990,0.027893,0.042896
18.9500,-0.323630,-0.006764,-0.974573,0.478347,0.231559,0.023665,0.046969
18.9667,-0.330540,-0.016889,-0.979347,0.464886,0.231966,0.017108,0.052685
18.9833,-0.344877,-0.025316,-0.979036,0.453761,0.235663,0.011644,0.059674
19.0000,-0.359652,-0.020032,-0.979084,0.428395,0.240297,0.010790,0.067512
19.0167,-0.386190,-0.005941,-0.971509,0.405764,0.250550,0.013923,0.076767
19.0333,-0.420452,0.012751,-0.956824,0.383751,0.264439,0.019216,0.088127
19.0500,-0.450503,0.017672,-0.949131,0.359564,0.273794,0.018048,0.100875
19.0667,-0.476375,0.018415,-0.948740,0.322086,0.278932,0.013755,0.115521
19.0833,-0.498150,0.021295,-0.950874,0.275670,0.281467,0.010040,0.130513
19.1000,-0.512481,0.022819,-0.959098,0.211248,0.278755,0.005134,0.146817
19.1167,-0.524592,0.036792,-0.965794,0.132635,0.275250,0.005367,0.163639
19.1333,-0.535826,0.058126,-0.971637,0.047789,0.270959,0.008975,0.180270
19.1500,-0.552207,0.070933,-0.978800,-0.018662,0.267232,0.010208,0.195233
19.1667,-0.568008,0.083518,-0.986454,-0.074972,0.263682,0.012008,0.207704
19.1833,-0.573651,0.088858,-1.003685,-0.126373,0.255838,0.011665,0.216199
19.2000,-0.574414,0.080440,-1.024511,-0.167066,0.245817,0.007502,0.222708
19.2167,-0.578671,0.078549,-1.039546,-0.195472,0.239801,0.005850,0.227450
19.2333,-0.589185,0.083400,-1.045922,-0.212394,0.238657,0.006481,0.231552
19.2500,-0.600918,0.096697,-1.046396,-0.225067,0.240406,0.009954,0.234739
19.2667,-0.609578,0.115405,-1.045522,-0.235539,0.242929,0.015259,0.236370
19.2833,-0.616063,0.138784,-1.042841,-0.245696,0.246052,0.022220,0.237235
19.3000,-0.619346,0.160371,-1.042083,-0.259266,0.247548,0.028757,0.238049
19.3167,-0.620817,0.183186,-1.040990,-0.279238,0.247939,0.035902,0.239568
19.3333,-0.622527,0.198831,-1.041969,-0.293699,0.247848,0.040590,0.240729
19.3500,-0.624101,0.212328,-1.043162,-0.307514,0.247471,0.044616,0.241973
19.3667,-0.625611,0.223127,-1.044852,-0.318765,0.247027,0.047752,0.242979
19.3833,-0.626131,0.228275,-1.046907,-0.325260,0.246375,0.049207,0.243454
19.4000,-0.625336,0.232083,-1.050220,-0.329835,0.245488,0.050179,0.243220
19.4167,-0.623819,0.235733,-1.053810,-0.330905,0.244973,0.051063,0.242199
19.4333,-0.623794,0.233158,-1.058651,-0.325476,0.244754,0.049787,0.240821
19.4500,-0.624007,0.229633,-1.063386,-0.316378,0.244999,0.048196,0.238994
19.4667,-0.623239,0.228740,-1.067348,-0.309423,0.245164,0.047585,0.237177
19.4833,-0.620878,0.229661,-1.071344,-0.302680,0.245264,0.047616,0.234829
19.5000,-0.616827,0.229501,-1.076623,-0.296371,0.244675,0.047346,0.232074
19.5167,-0.614381,0.224836,-1.082199,-0.286647,0.244259,0.045538,0.229482
19.5333,-0.612125,0.216476,-1.089375,-0.267569,0.244433,0.042462,0.225499
19.5500,-0.607726,0.203011,-1.099355,-0.241165,0.244137,0.037672,0.219815
19.5667,-0.603339,0.186737,-1.109464,-0.208354,0.244194,0.032002,0.213281
19.5833,-0.598724,0.171652,-1.118159,-0.167615,0.245487,0.026884,0.205304
19.6000,-0.594827,0.166952,-1.120459,-0.122383,0.249757,0.025815,0.196296
19.6167,-0.593148,0.164865,-1.118509,-0.070550,0.256271,0.026245,0.186714
19.6333,-0.592606,0.160935,-1.114789,-0.014919,0.263344,0.026739,0.177063
19.6500,-0.590132,0.163963,-1.108396,0.040425,0.271129,0.030672,0.166477
19.6667,-0.582462,0.172591,-1.101812,0.091205,0.277643,0.037589,0.154773
19.6833,-0.572596,0.182690,-1.094601,0.135611,0.282767,0.045608,0.143606
19.7000,-0.562969,0.191710,-1.086486,0.173674,0.286856,0.053373,0.133937
19.7167,-0.551999,0.195447,-1.080078,0.202659,0.288401,0.058620,0.125883
19.7333,-0.539775,0.189616,-1.076925,0.229167,0.287430,0.059748,0.118380
19.7500,-0.528945,0.183193,-1.073176,0.254089,0.286522,0.060503,0.111678
19.7667,-0.515727,0.175753,-1.070971,0.275985,0.284115,0.060648,0.104809
19.7833,-0.503542,0.168406,-1.068253,0.298641,0.281979,0.060899,0.098142
19.8000,-0.485109,0.165102,-1.070220,0.306667,0.276408,0.061482,0.091741
19.8167,-0.471114,0.158413,-1.071014,0.322142,0.272403,0.061121,0.085596
19.8333,-0.455306,0.154580,-1.071910,0.331698,0.267569,0.061518,0.079951
19.8500,-0.439046,0.153309,-1.074954,0.335726,0.262045,0.062269,0.074845
19.8667,-0.426537,0.149582,-1.074389,0.345656,0.258375,0.062593,0.070212
19.8833,-0.414443,0.136539,-1.073852,0.362564,0.254162,0.059592,0.065392
19.9000,-0.402384,0.123556,-1.073289,0.387247,0.250215,0.057425,0.059124
19.9167,-0.390590,0.108774,-1.072970,0.408870,0.245837,0.054089,0.053823
19.9333,-0.376990,0.095432,-1.073306,0.422076,0.240441,0.050496,0.049655
19.9500,-0.367936,0.086836,-1.072898,0.430719,0.236961,0.048229,0.046961
19.9667,-0.358470,0.071698,-1.072562,0.442407,0.232755,0.043430,0.044538
19.9833,-0.353090,0.063752,-1.070916,0.451187,0.230743,0.041316,0.042758
20.0000,-0.347830,0.056210,-1.069372,0.456865,0.228668,0.039043,0.041629
20.0167,-0.342924,0.050197,-1.069375,0.459246,0.226512,0.036914,0.040909
20.0333,-0.338034,0.047151,-1.068777,0.463325,0.224771,0.036339,0.039494
20.0500,-0.337352,0.048249,-1.065303,0.468091,0.225350,0.037676,0.038456
20.0667,-0.336418,0.049265,-1.063720,0.469461,0.225412,0.038506,0.037942
20.0833,-0.332978,0.048864,-1.061969,0.466919,0.224386,0.038420,0.037981
20.1000,-0.330019,0.048970,-1.060122,0.463163,0.223622,0.038397,0.038212
20.1167,-0.326224,0.051618,-1.056973,0.456345,0.222995,0.039308,0.038551
20.1333,-0.321794,0.053251,-1.054895,0.449723,0.221866,0.039753,0.038820
20.1500,-0.317496,0.054223,-1.053391,0.444985,0.220666,0.040047,0.038795
20.1667,-0.311505,0.059725,-1.051813,0.439133,0.219230,0.042342,0.038028
20.1833,-0.301214,0.069734,-1.051248,0.430767,0.216418,0.046512,0.036200
20.2000,-0.287968,0.084700,-1.050176,0.419986,0.212977,0.052774,0.033596
20.2167,-0.267656,0.100636,-1.052307,0.407432,0.206357,0.059367,0.029765
20.2333,-0.239259,0.113240,-1.059231,0.395842,0.195565,0.064514,0.024544
20.2667,-0.126203,0.095002,-1.113014,0.401785,0.142550,0.057198,0.004957
20.2833,-0.057421,0.085299,-1.141102,0.436119,0.109477,0.056576,-0.009432
20.3000,0.016310,0.079254,-1.166407,0.485514,0.073022,0.059326,-0.024761
20.3167,0.086321,0.089541,-1.181966,0.528441,0.038332,0.069273,-0.037775
20.3333,0.146352,0.132158,-1.190739,0.530418,0.009486,0.089263,-0.044810
20.3500,0.191589,0.167221,-1.193601,0.533261,-0.012584,0.106035,-0.049014
20.3667,0.221493,0.206530,-1.188692,0.537181,-0.027240,0.125647,-0.052709
20.3833,0.241730,0.247962,-1.178941,0.540435,-0.036965,0.146747,-0.055648
20.4000,0.259912,0.296122,-1.166766,0.542242,-0.045587,0.171218,-0.057656
20.4167,0.273406,0.327902,-1.155285,0.544361,-0.051489,0.187843,-0.058379
20.4333,0.283312,0.366718,-1.135311,0.518079,-0.051611,0.203945,-0.055509
20.4500,0.291800,0.412921,-1.116434,0.459734,-0.048104,0.218032,-0.048142
20.4667,0.297689,0.451361,-1.100686,0.412777,-0.044611,0.229836,-0.041707
20.4833,0.299698,0.477145,-1.089108,0.389966,-0.041931,0.239195,-0.038214
20.5000,0.297079,0.486514,-1.082756,0.389800,-0.039750,0.244184,-0.038052
20.5167,0.290618,0.479637,-1.075264,0.402207,-0.036347,0.243896,-0.040188
20.5333,0.280897,0.465807,-1.068060,0.421384,-0.031940,0.241495,-0.043373
20.5500,0.273320,0.453003,-1.061537,0.437798,-0.028438,0.238980,-0.046005
20.5667,0.267971,0.442725,-1.055430,0.451413,-0.025875,0.237092,-0.048099
20.5833,0.260796,0.430157,-1.049132,0.470264,-0.022882,0.234998,-0.050907
20.6000,0.249702,0.416692,-1.041387,0.493305,-0.018169,0.233306,-0.054238
20.6167,0.238541,0.406060,-1.032857,0.512398,-0.012977,0.232346,-0.056896
20.6333,0.229625,0.399762,-1.024266,0.523333,-0.008155,0.232074,-0.058367
20.6500,0.221995,0.396648,-1.017262,0.529187,-0.003790,0.232300,-0.059169
20.6667,0.215110,0.395633,-1.011803,0.531282,0.000294,0.232741,-0.059442
20.6833,0.210931,0.394567,-1.007405,0.533298,0.002880,0.233028,-0.059654
20.7000,0.207925,0.393915,-1.004930,0.533073,0.004859,0.232936,-0.059585
20.7167,0.206694,0.394672,-1.002802,0.533516,0.005713,0.233626,-0.059583
20.7333,0.205839,0.398769,-1.000080,0.534310,0.006404,0.236085,-0.059486
20.7500,0.206640,0.404918,-0.995979,0.532582,0.006707,0.239109,-0.059024
20.7667,0.210425,0.411039,-0.991682,0.526984,0.006014,0.241576,-0.058190
20.7833,0.213651,0.415526,-0.987880,0.523465,0.005337,0.243556,-0.057642
20.8000,0.211926,0.418040,-0.985455,0.524537,0.006467,0.245262,-0.057743
20.8167,0.210640,0.420608,-0.983161,0.524339,0.007436,0.246700,-0.057486
20.8333,0.207720,0.412972,-0.980392,0.526115,0.009255,0.243581,-0.058011
20.8500,0.205037,0.404587,-0.979243,0.520488,0.011498,0.238748,-0.057475
20.8667,0.198120,0.380782,-0.979115,0.522130,0.015219,0.227613,-0.058206
20.9000,0.160774,0.262916,-0.990703,0.572076,0.029077,0.177046,-0.063103
20.9167,0.142504,0.201385,-0.997438,0.566950,0.038747,0.145628,-0.058724
20.9333,0.123160,0.131790,-1.008392,0.565891,0.047839,0.110727,-0.052012
20.9500,0.108859,0.044759,-1.028556,0.562523,0.053595,0.066991,-0.040009
20.9667,0.112115,-0.044757,-1.059813,0.555804,0.050497,0.022172,-0.023590
20.9833,0.088707,-0.108529,-1.075882,0.559299,0.058629,-0.007620,-0.009704
21.0500,-0.175244,-0.057821,-0.960571,0.599635,0.175760,0.022295,0.001884
21.0667,-0.221240,-0.030579,-0.945513,0.540177,0.198557,0.027892,0.018023
21.0833,-0.252474,-0.012960,-0.934819,0.523739,0.212979,0.033606,0.025122
21.1000,-0.269783,-0.002369,-0.931759,0.510833,0.220536,0.036402,0.029878
21.1167,-0.275458,0.005448,-0.936365,0.497416,0.222512,0.037706,0.032434
21.1333,-0.274446,0.001744,-0.944727,0.491075,0.220566,0.034600,0.033710
21.1500,-0.269167,-0.004092,-0.953179,0.487042,0.216909,0.031040,0.033985
21.1667,-0.267637,-0.005427,-0.956491,0.487076,0.215711,0.030128,0.033653
21.1833,-0.265802,-0.010231,-0.963044,0.488244,0.213694,0.027555,0.033501
21.2000,-0.268875,-0.008635,-0.965407,0.489718,0.214466,0.027996,0.033486
21.2167,-0.269965,-0.003520,-0.967310,0.489125,0.214867,0.029973,0.032998
21.2333,-0.271757,0.002373,-0.968445,0.488029,0.215736,0.032257,0.032630
21.2500,-0.277069,0.014307,-0.967793,0.479083,0.218601,0.036421,0.033806
21.2667,-0.281803,0.023974,-0.969545,0.466966,0.220718,0.039011,0.035732
21.2833,-0.287487,0.035028,-0.970378,0.453498,0.223362,0.042126,0.038060
21.3000,-0.292486,0.039329,-0.971883,0.442740,0.225098,0.042516,0.040683
21.3167,-0.300249,0.045570,-0.971672,0.431809,0.228198,0.043738,0.043755
21.3333,-0.307145,0.052833,-0.973456,0.412527,0.230618,0.044421,0.048120
21.3500,-0.316326,0.056909,-0.975904,0.384315,0.233154,0.042716,0.055318
21.3667,-0.328083,0.049800,-0.981915,0.352601,0.234641,0.035525,0.065240
21.3833,-0.340580,0.051156,-0.986324,0.310497,0.236635,0.031428,0.076500
21.4000,-0.356533,0.063421,-0.986850,0.258937,0.240452,0.031548,0.089300
21.4167,-0.380695,0.077947,-0.983551,0.207608,0.246829,0.032694,0.104061
21.4333,-0.400085,0.086951,-0.986113,0.144734,0.248683,0.030970,0.120569
21.5167,-0.364277,-0.057561,-1.092895,-0.080281,0.187856,-0.030617,0.178349
21.5333,-0.367361,-0.055965,-1.125044,-0.137375,0.177244,-0.031259,0.188442
21.5500,-0.376710,-0.033424,-1.140918,-0.200049,0.172572,-0.023999,0.197274
21.5667,-0.390110,0.004121,-1.144080,-0.257886,0.172802,-0.011724,0.203735
21.5833,-0.407278,0.043935,-1.133293,-0.303279,0.177432,0.001487,0.209424
21.6000,-0.425080,0.079994,-1.122140,-0.338108,0.182565,0.013017,0.214301
21.6167,-0.442696,0.113686,-1.110775,-0.362531,0.188309,0.023352,0.218024
21.6333,-0.456575,0.140239,-1.104349,-0.380745,0.192312,0.031212,0.220854
21.6500,-0.469770,0.161706,-1.099357,-0.392047,0.196162,0.037267,0.223059
21.6667,-0.480645,0.176148,-1.093655,-0.397584,0.199724,0.041365,0.224937
21.6833,-0.490827,0.183182,-1.091306,-0.398204,0.202450,0.042920,0.226386
21.7000,-0.500690,0.186481,-1.090429,-0.398842,0.204456,0.043386,0.228134
21.7167,-0.509290,0.189185,-1.090464,-0.398256,0.206191,0.043639,0.229399
21.7333,-0.517274,0.193407,-1.089936,-0.396771,0.208203,0.044355,0.230287
21.7500,-0.523471,0.198048,-1.090233,-0.394253,0.209969,0.045182,0.230506
21.7667,-0.526879,0.203601,-1.091874,-0.391179,0.211232,0.046305,0.229816
21.7833,-0.524866,0.212013,-1.096004,-0.390242,0.211183,0.048445,0.227807
21.8000,-0.522463,0.219411,-1.100201,-0.389415,0.210945,0.050316,0.225850
21.8167,-0.520271,0.225647,-1.104112,-0.388674,0.210648,0.051884,0.224123
21.8333,-0.520929,0.229360,-1.106315,-0.383347,0.211509,0.052559,0.222607
21.8500,-0.523842,0.228728,-1.108106,-0.371299,0.213295,0.051723,0.220839
21.8667,-0.527725,0.227477,-1.110506,-0.357187,0.215272,0.050678,0.218959
21.8833,-0.528849,0.229006,-1.111943,-0.345805,0.216951,0.050676,0.216733
21.9000,-0.530059,0.228594,-1.114713,-0.330741,0.218617,0.050042,0.213968
21.9167,-0.529386,0.232350,-1.115752,-0.318087,0.220448,0.050893,0.210914
21.9333,-0.526655,0.235936,-1.117951,-0.305516,0.221609,0.051824,0.207343
21.9500,-0.523650,0.238552,-1.120537,-0.289246,0.222967,0.052513,0.203111
21.9667,-0.517427,0.228221,-1.129674,-0.274578,0.220948,0.048977,0.199033
21.9833,-0.511302,0.217225,-1.138365,-0.251550,0.219925,0.045224,0.193549
22.0000,-0.507756,0.204422,-1.144933,-0.212979,0.221392,0.040932,0.186093
22.0167,-0.510553,0.190614,-1.145313,-0.152788,0.227554,0.036771,0.176683
22.0333,-0.513144,0.178812,-1.143439,-0.085064,0.234990,0.034046,0.165695
22.0500,-0.515237,0.178608,-1.136306,-0.021472,0.243926,0.036362,0.154581
22.0667,-0.516341,0.190215,-1.124606,0.028499,0.253142,0.043614,0.145121
22.0833,-0.513780,0.209557,-1.111681,0.066310,0.261036,0.054200,0.136614
22.1000,-0.511052,0.224664,-1.099220,0.104485,0.268070,0.063819,0.128568
22.1167,-0.499803,0.225838,-1.097733,0.131665,0.268062,0.067270,0.120451
22.1333,-0.486149,0.216474,-1.097746,0.157646,0.265605,0.066636,0.112822
22.1500,-0.473326,0.201762,-1.098863,0.181925,0.262309,0.063546,0.106129
22.1667,-0.459673,0.185058,-1.101149,0.203657,0.257967,0.059367,0.099900
22.1833,-0.441783,0.185610,-1.105763,0.205760,0.252059,0.060620,0.094550
22.2000,-0.424657,0.184541,-1.110407,0.212112,0.246473,0.061462,0.088762
22.2167,-0.404137,0.175817,-1.116477,0.221930,0.238922,0.059577,0.082401
22.2333,-0.381640,0.162025,-1.125033,0.234200,0.229827,0.055682,0.075657
22.2500,-0.360892,0.154904,-1.130888,0.242984,0.222015,0.054304,0.069739
22.2667,-0.344224,0.150956,-1.133772,0.250863,0.216191,0.054112,0.064879
22.2833,-0.332182,0.145079,-1.134765,0.261087,0.212106,0.053187,0.060974
22.3000,-0.321283,0.134973,-1.136345,0.273612,0.207980,0.050581,0.057408
22.3167,-0.311534,0.122208,-1.138107,0.287426,0.203979,0.046885,0.054245
22.3333,-0.303632,0.112710,-1.138200,0.298717,0.201015,0.044354,0.051727
22.3500,-0.299721,0.103459,-1.136271,0.312642,0.199863,0.042099,0.049559
22.3667,-0.297610,0.091973,-1.132055,0.331883,0.199682,0.039511,0.047200
22.3833,-0.295520,0.085135,-1.128844,0.344537,0.199464,0.038154,0.045395
22.4000,-0.293469,0.082415,-1.124705,0.354398,0.199621,0.038390,0.043667
22.4167,-0.292219,0.080635,-1.120086,0.362084,0.200138,0.038817,0.042420
22.4333,-0.292243,0.078408,-1.115149,0.369466,0.201099,0.038982,0.041555
22.4500,-0.294306,0.081826,-1.109702,0.374413,0.203232,0.041274,0.040763
22.4667,-0.297742,0.077657,-1.103828,0.385142,0.205438,0.040847,0.040235
22.4833,-0.299985,0.073519,-1.098667,0.396479,0.207104,0.040511,0.039304
22.5000,-0.300126,0.068617,-1.094828,0.406137,0.207680,0.039684,0.038338
22.5167,-0.298182,0.067593,-1.094358,0.407342,0.207011,0.039494,0.037858
22.5333,-0.292610,0.069109,-1.093440,0.405733,0.205311,0.040433,0.037035
22.5500,-0.284411,0.073500,-1.091805,0.399733,0.203004,0.042295,0.036087
22.5667,-0.273578,0.081311,-1.090953,0.391408,0.199811,0.045485,0.034603
22.5833,-0.264492,0.084224,-1.090839,0.388162,0.196826,0.046876,0.033073
22.6000,-0.254728,0.089927,-1.090566,0.383987,0.193760,0.049451,0.031287
22.6167,-0.243021,0.098501,-1.090596,0.381635,0.190116,0.053527,0.028379
22.6333,-0.224760,0.109760,-1.093093,0.375345,0.183678,0.058469,0.024691
22.6500,-0.199843,0.113226,-1.101883,0.378066,0.173116,0.060655,0.018881
22.6667,-0.159565,0.119497,-1.117101,0.379410,0.155462,0.063993,0.010705
22.6833,-0.110736,0.130428,-1.135001,0.382605,0.133685,0.069501,0.001069
22.7000,-0.050915,0.141235,-1.155611,0.394593,0.106127,0.075811,-0.010274
22.7167,0.011852,0.146157,-1.172055,0.433197,0.075975,0.082897,-0.023987
22.7333,0.067317,0.157087,-1.180673,0.470126,0.048962,0.092926,-0.035399
22.7500,0.112039,0.190595,-1.180977,0.492092,0.027377,0.112067,-0.044412
22.7667,0.150830,0.236268,-1.178695,0.493451,0.009080,0.134319,-0.049141
22.7833,0.186527,0.280473,-1.178313,0.506474,-0.009613,0.157491,-0.054022
22.8000,0.217762,0.314960,-1.172807,0.525723,-0.025994,0.177519,-0.057632
22.8167,0.242364,0.332722,-1.166893,0.539373,-0.038454,0.188708,-0.059110
22.8333,0.249261,0.359552,-1.156634,0.545644,-0.041450,0.203677,-0.059944
22.8500,0.246693,0.386053,-1.142759,0.549597,-0.038972,0.218512,-0.060559
22.8667,0.242991,0.408131,-1.129209,0.551467,-0.035593,0.230824,-0.060634
22.8833,0.240239,0.424745,-1.113128,0.549504,-0.031687,0.239999,-0.060199
22.9000,0.242380,0.437401,-1.096896,0.531522,-0.028496,0.244406,-0.057827
22.9167,0.244152,0.444488,-1.083088,0.519917,-0.026000,0.247060,-0.056326
22.9333,0.244371,0.448428,-1.073359,0.511948,-0.023724,0.248488,-0.055276
22.9500,0.247305,0.453898,-1.062634,0.498742,-0.022111,0.249838,-0.053562
22.9667,0.249140,0.456054,-1.055587,0.489598,-0.020918,0.249976,-0.052376
22.9833,0.250708,0.455894,-1.049587,0.484123,-0.020086,0.249558,-0.051761
23.0000,0.252109,0.456511,-1.043934,0.477974,-0.019178,0.249371,-0.050993
23.0167,0.254393,0.460167,-1.038501,0.469606,-0.018578,0.250227,-0.049806
23.0333,0.256163,0.462849,-1.033589,0.464250,-0.018094,0.251090,-0.049061
23.0500,0.258291,0.466891,-1.028909,0.458992,-0.017860,0.252587,-0.048228
23.0667,0.258570,0.469082,-1.027055,0.458984,-0.017708,0.253859,-0.048110
23.0833,0.258479,0.469229,-1.024123,0.461733,-0.017434,0.254663,-0.048529
23.1000,0.257119,0.467907,-1.019711,0.467587,-0.016570,0.255512,-0.049253
23.1167,0.255020,0.463109,-1.015886,0.474910,-0.015535,0.254913,-0.050340
23.1333,0.252255,0.456407,-1.012329,0.482365,-0.014205,0.253405,-0.051512
23.1500,0.247177,0.444138,-1.007986,0.494599,-0.011998,0.250144,-0.053429
23.1667,0.242393,0.432517,-1.003799,0.502805,-0.009562,0.246465,-0.054825
23.1833,0.235218,0.415406,-1.000387,0.510625,-0.005929,0.239995,-0.056342
23.2000,0.226160,0.394418,-0.998828,0.510512,-0.000761,0.230125,-0.056913
23.2167,0.214694,0.366706,-0.997962,0.510031,0.005662,0.216888,-0.057154
23.2500,0.165111,0.238976,-1.007051,0.560584,0.026212,0.162002,-0.060598
23.2667,0.139014,0.179269,-1.010403,0.567291,0.038864,0.133600,-0.057071
23.2833,0.115892,0.127742,-1.014795,0.566212,0.050148,0.108075,-0.051257
23.3000,0.100628,0.068898,-1.026071,0.563245,0.056820,0.078503,-0.043006
23.3167,0.089129,0.002329,-1.043129,0.560599,0.060796,0.045399,-0.031818
23.3333,0.074854,-0.050790,-1.057682,0.559689,0.065505,0.019529,-0.021096
23.3500,0.045763,-0.082209,-1.059759,0.561855,0.076941,0.004977,-0.013292
23.3667,0.001613,-0.096208,-1.051162,0.565503,0.095058,-0.001018,-0.007526
23.4000,-0.088467,-0.065656,-1.010486,0.526389,0.138168,0.010059,0.004283
23.4167,-0.126820,-0.045446,-0.998855,0.490243,0.156278,0.015325,0.013460
23.4333,-0.155734,-0.029380,-0.992949,0.465543,0.169123,0.019459,0.020253
23.4500,-0.186764,-0.010810,-0.982419,0.447035,0.183260,0.025555,0.026424
23.4667,-0.203476,-0.001830,-0.981144,0.434039,0.190037,0.027589,0.030655
23.4833,-0.208704,-0.001150,-0.984497,0.428430,0.191368,0.026773,0.032577
23.5000,-0.213871,-0.002341,-0.988296,0.429405,0.192462,0.025625,0.033284
23.5167,-0.218742,-0.008094,-0.995828,0.436042,0.192400,0.022707,0.033490
23.5333,-0.217462,-0.011788,-1.002537,0.434951,0.190516,0.020424,0.033933
23.5500,-0.216010,-0.017941,-1.009876,0.435814,0.188346,0.017159,0.034262
23.5667,-0.213664,-0.021217,-1.016619,0.432127,0.186116,0.014927,0.035055
23.5833,-0.211654,-0.020916,-1.024333,0.424540,0.184122,0.013729,0.035970
23.6000,-0.214503,-0.018040,-1.026598,0.420366,0.184869,0.014251,0.036785
23.6167,-0.219464,-0.019543,-1.028972,0.421608,0.186077,0.013176,0.037486
23.6333,-0.230183,-0.019925,-1.029949,0.424555,0.189469,0.012661,0.038853
23.6500,-0.237399,-0.019538,-1.030195,0.421363,0.191850,0.012204,0.040832
23.6667,-0.244795,-0.011853,-1.032096,0.405107,0.194456,0.013524,0.044203
23.6833,-0.257927,-0.018530,-1.033952,0.384175,0.197765,0.008173,0.052301
23.7000,-0.276777,-0.021290,-1.035439,0.351598,0.202816,0.003407,0.063350
23.7167,-0.302104,-0.010847,-1.030909,0.308064,0.211257,0.003700,0.076167
23.7333,-0.328141,0.008455,-1.024311,0.258458,0.220187,0.007430,0.089317
23.7500,-0.354749,0.032343,-1.016558,0.210031,0.229234,0.013177,0.102049
23.8333,-0.382086,-0.080488,-1.061168,-0.034293,0.198878,-0.036636,0.178819
23.8500,-0.405107,-0.074050,-1.079190,-0.098752,0.194671,-0.035785,0.194186
23.8667,-0.436721,-0.051928,-1.081329,-0.159264,0.196526,-0.028991,0.207959
23.9000,-0.499593,0.013970,-1.034866,-0.248748,0.213637,-0.005864,0.230287
23.9167,-0.530574,0.032703,-1.028740,-0.290074,0.216384,0.000102,0.242065
23.9333,-0.557756,0.053531,-1.023609,-0.325198,0.218963,0.006442,0.251528
23.9500,-0.586804,0.074938,-1.015187,-0.341039,0.224704,0.012038,0.258477
23.9667,-0.608810,0.087413,-1.007659,-0.344538,0.229851,0.014927,0.263189
23.9833,-0.624690,0.102946,-1.010605,-0.357434,0.231356,0.018496,0.266568
24.0000,-0.633374,0.117680,-1.017806,-0.373234,0.230762,0.022072,0.268449
24.0167,-0.639370,0.132251,-1.025278,-0.387396,0.230011,0.025661,0.269456
24.0333,-0.644483,0.144260,-1.032891,-0.399152,0.229148,0.028500,0.270159
24.0500,-0.646958,0.152710,-1.037650,-0.406384,0.228628,0.030606,0.270336
24.0667,-0.649218,0.159487,-1.042650,-0.410438,0.228363,0.032044,0.270091
24.0833,-0.650496,0.162540,-1.044984,-0.410677,0.228520,0.032632,0.269756
24.1000,-0.654908,0.161982,-1.050719,-0.407145,0.228645,0.031503,0.269482
24.1167,-0.658761,0.168498,-1.056504,-0.391402,0.231514,0.031798,0.266399
24.1333,-0.656834,0.173541,-1.062769,-0.377405,0.233183,0.032127,0.262320
24.1500,-0.651529,0.183134,-1.068649,-0.366417,0.234512,0.034217,0.257565
24.1667,-0.643162,0.192754,-1.075928,-0.355230,0.235191,0.036460,0.251854
24.1833,-0.633694,0.202117,-1.083180,-0.344632,0.235498,0.038822,0.246001
24.2000,-0.622874,0.210192,-1.091098,-0.336921,0.234778,0.041025,0.240357
24.2167,-0.612215,0.209158,-1.101880,-0.328029,0.232574,0.040359,0.235072
24.2333,-0.604911,0.199297,-1.113590,-0.310215,0.230829,0.036725,0.229868
24.2500,-0.597805,0.177757,-1.128875,-0.284011,0.228079,0.029193,0.224058
24.2667,-0.590198,0.164731,-1.140282,-0.256837,0.226914,0.024483,0.217568
24.2833,-0.585141,0.153039,-1.148063,-0.218246,0.228386,0.020131,0.209840
24.3000,-0.584008,0.151911,-1.147724,-0.174304,0.233971,0.019532,0.201638
24.3167,-0.582555,0.152267,-1.144686,-0.124012,0.240855,0.020112,0.192285
24.3333,-0.577720,0.153957,-1.142057,-0.076826,0.246648,0.021804,0.182374
24.3500,-0.575560,0.153570,-1.136680,-0.020775,0.254085,0.023581,0.171929
24.3667,-0.570172,0.161074,-1.129304,0.034250,0.261823,0.029237,0.160136
24.3833,-0.562061,0.176049,-1.119799,0.080546,0.268887,0.038425,0.148746
24.4000,-0.551572,0.192259,-1.110079,0.121210,0.274479,0.048708,0.137777
24.4167,-0.541100,0.199039,-1.102365,0.153442,0.277269,0.055098,0.129148
24.4333,-0.531238,0.203832,-1.097450,0.180428,0.278726,0.060280,0.121477
24.4500,-0.518321,0.205292,-1.094821,0.200658,0.277662,0.063782,0.114353
24.4667,-0.507675,0.198279,-1.090234,0.227741,0.277029,0.064509,0.107543
24.4833,-0.498364,0.187110,-1.086248,0.254938,0.276053,0.063420,0.101346
24.5000,-0.486561,0.176193,-1.083581,0.280596,0.273835,0.062394,0.094628
24.5167,-0.471870,0.158245,-1.084259,0.311273,0.269546,0.058836,0.086572
24.5333,-0.453202,0.144485,-1.085707,0.333179,0.263505,0.056376,0.078838
24.5500,-0.431016,0.130741,-1.088850,0.354895,0.255818,0.053961,0.070269
24.5667,-0.412697,0.108436,-1.092121,0.387215,0.248742,0.048630,0.061790
24.5833,-0.394705,0.089071,-1.094279,0.410824,0.241572,0.043680,0.055153
24.6000,-0.376407,0.074153,-1.095726,0.424077,0.234293,0.039588,0.050215
24.6167,-0.363208,0.063391,-1.096716,0.434728,0.229060,0.036698,0.046528
24.6333,-0.353675,0.057544,-1.095016,0.443003,0.225848,0.035720,0.043753
24.6500,-0.347427,0.062061,-1.091880,0.446378,0.224776,0.038716,0.041326
24.6667,-0.344395,0.070604,-1.086325,0.448663,0.225543,0.043390,0.039431
24.6833,-0.340333,0.079348,-1.079013,0.446082,0.226132,0.047820,0.038390
24.7000,-0.337737,0.085613,-1.074178,0.444045,0.226558,0.050954,0.037764
24.7167,-0.335520,0.088603,-1.070172,0.443123,0.226750,0.052624,0.037309
24.7333,-0.333511,0.089818,-1.068706,0.444225,0.226453,0.053535,0.036515
24.7500,-0.330871,0.088795,-1.066121,0.446558,0.225976,0.053672,0.035790
24.7667,-0.328861,0.086249,-1.061876,0.453850,0.225959,0.053836,0.034515
24.7833,-0.326339,0.082127,-1.058440,0.461285,0.225471,0.053277,0.033254
24.8000,-0.320780,0.080476,-1.057644,0.465638,0.223588,0.053419,0.031441
24.8167,-0.308949,0.084835,-1.056461,0.461518,0.219814,0.055739,0.029338
24.8333,-0.289105,0.098867,-1.055448,0.442642,0.213696,0.061075,0.027177
24.8500,-0.263195,0.112413,-1.058080,0.427856,0.204619,0.066609,0.022992
24.8667,-0.230916,0.117818,-1.066524,0.410534,0.191474,0.067943,0.019092
24.8833,-0.187071,0.112765,-1.084787,0.399115,0.171530,0.064848,0.013456
24.9000,-0.129956,0.105277,-1.111416,0.395806,0.144618,0.061134,0.005298
24.9167,-0.060782,0.092362,-1.142882,0.404258,0.111516,0.055912,-0.003908
24.9333,0.010904,0.086177,-1.173018,0.420612,0.076891,0.054222,-0.013077
24.9500,0.066629,0.079005,-1.190269,0.477956,0.048316,0.057189,-0.026237
24.9667,0.115995,0.097395,-1.195302,0.514088,0.024054,0.070263,-0.037085
24.9833,0.154878,0.139664,-1.198630,0.527661,0.004270,0.091799,-0.045320
25.0000,0.186585,0.182625,-1.193959,0.533247,-0.011050,0.113361,-0.050576
25.0167,0.213939,0.222090,-1.187334,0.537823,-0.024297,0.133385,-0.054221
25.0333,0.235574,0.250848,-1.179836,0.539969,-0.034359,0.148050,-0.055948
25.0667,0.252407,0.342864,-1.155618,0.530361,-0.040770,0.193007,-0.057816
25.0833,0.261097,0.388121,-1.133359,0.505875,-0.040194,0.212663,-0.055028
25.1000,0.265330,0.425812,-1.112580,0.479594,-0.037129,0.228162,-0.051494
25.1167,0.263652,0.446792,-1.096762,0.466129,-0.032753,0.237376,-0.049559
25.1333,0.258805,0.457660,-1.084960,0.461607,-0.028133,0.242940,-0.048887
25.1500,0.255776,0.463692,-1.077592,0.461317,-0.025458,0.246494,-0.048748
25.1667,0.252924,0.468387,-1.070703,0.462460,-0.023059,0.249611,-0.048807
25.1833,0.249788,0.471609,-1.064142,0.462483,-0.020441,0.251809,-0.048724
25.2000,0.248653,0.469614,-1.057421,0.466949,-0.019083,0.252316,-0.049379
25.2167,0.246865,0.466329,-1.050984,0.473216,-0.017616,0.252505,-0.050268
25.2333,0.244676,0.459796,-1.043291,0.483831,-0.016107,0.252032,-0.051742
25.2500,0.242494,0.457350,-1.038941,0.486736,-0.014522,0.251827,-0.052241
25.2667,0.240504,0.450529,-1.033822,0.494373,-0.013287,0.250431,-0.053383
25.2833,0.239203,0.449807,-1.031550,0.494684,-0.012242,0.250380,-0.053431
25.3000,0.238319,0.449946,-1.029283,0.495159,-0.011479,0.250782,-0.053460
25.3167,0.238677,0.448727,-1.027790,0.494722,-0.011352,0.250248,-0.053397
25.3333,0.238920,0.449087,-1.025962,0.494844,-0.011174,0.250664,-0.053385
25.3500,0.240305,0.449222,-1.022904,0.492657,-0.011113,0.250658,-0.053049
25.3667,0.242470,0.450853,-1.019980,0.489333,-0.011363,0.251170,-0.052524
25.3833,0.244585,0.452953,-1.015659,0.485345,-0.011286,0.251942,-0.051989
25.4000,0.245044,0.452093,-1.014534,0.485921,-0.011357,0.251745,-0.052179
25.4167,0.245762,0.449409,-1.012537,0.487936,-0.011511,0.251032,-0.052503
25.4333,0.246903,0.447806,-1.011892,0.487325,-0.011875,0.250205,-0.052400
25.4500,0.247044,0.442413,-1.009192,0.491869,-0.011819,0.248735,-0.053189
25.4667,0.246713,0.436579,-1.006561,0.497211,-0.011639,0.247147,-0.054022
25.4833,0.246652,0.431365,-1.004016,0.501331,-0.011494,0.245634,-0.054661
25.5000,0.245972,0.427867,-1.002160,0.503310,-0.010978,0.244502,-0.055037
25.5167,0.245939,0.426324,-1.001303,0.501739,-0.010610,0.243567,-0.054751
25.5333,0.246380,0.424888,-0.999577,0.499421,-0.010269,0.242719,-0.054554
25.5500,0.246273,0.423203,-0.998867,0.499075,-0.010013,0.241910,-0.054629
25.5667,0.243960,0.419275,-0.995957,0.504357,-0.008873,0.241269,-0.055415
25.5833,0.242640,0.417825,-0.994815,0.504684,-0.008011,0.240743,-0.055530
25.6000,0.238575,0.412524,-0.991796,0.506899,-0.005672,0.238941,-0.055916
25.6167,0.231073,0.403783,-0.988578,0.510062,-0.001618,0.235654,-0.056563
25.6333,0.223536,0.391752,-0.987176,0.504247,0.003167,0.229117,-0.056063
25.6500,0.211853,0.364460,-0.987511,0.504257,0.009417,0.216056,-0.056363
25.6667,0.194574,0.319482,-0.990849,0.512590,0.017468,0.195438,-0.057053
25.6833,0.170335,0.252646,-0.997922,0.535069,0.027393,0.165853,-0.057765
25.7000,0.144501,0.186661,-1.005154,0.549206,0.038724,0.135242,-0.055097
25.7167,0.120973,0.114106,-1.016291,0.566248,0.047998,0.101509,-0.050048
25.7500,0.094931,-0.036199,-1.051174,0.562623,0.057960,0.027350,-0.025718
25.7667,0.068114,-0.087559,-1.061929,0.561561,0.068093,0.002812,-0.013624
25.8167,-0.079573,-0.078917,-1.007776,0.568100,0.132906,0.008728,-0.002717
25.8333,-0.128660,-0.064315,-0.992612,0.527222,0.155901,0.011043,0.009815
25.8500,-0.167505,-0.061486,-0.982846,0.520979,0.171961,0.010987,0.016759
25.8667,-0.197747,-0.063680,-0.980255,0.527660,0.182821,0.009519,0.021030
25.8833,-0.222722,-0.072382,-0.982039,0.549508,0.190226,0.006374,0.022608
25.9000,-0.239530,-0.073745,-0.982031,0.556770,0.195852,0.005632,0.024503
25.9167,-0.251453,-0.074432,-0.982905,0.564697,0.199658,0.005407,0.025253
25.9333,-0.258696,-0.073284,-0.982174,0.565472,0.202380,0.005680,0.026304
25.9500,-0.264159,-0.069776,-0.981432,0.562802,0.204656,0.006812,0.027399
25.9667,-0.268251,-0.067317,-0.981486,0.560275,0.206290,0.007429,0.028281
25.9833,-0.265627,-0.058861,-0.985180,0.544667,0.205630,0.009432,0.029327
26.0000,-0.265479,-0.041648,-0.985732,0.525076,0.207027,0.015081,0.030288
26.0167,-0.262643,-0.027832,-0.988686,0.504320,0.206781,0.019008,0.031508
26.0333,-0.259550,-0.006076,-0.991732,0.470713,0.207016,0.025155,0.034044
26.0500,-0.267626,-0.000838,-0.994159,0.437287,0.209752,0.023644,0.041689
26.0667,-0.273417,-0.001263,-1.001120,0.392819,0.210155,0.018567,0.051992
26.0833,-0.282934,-0.000985,-1.007912,0.352262,0.211474,0.014228,0.062191
26.1000,-0.297841,0.004493,-1.012038,0.303331,0.214702,0.011691,0.074642
26.1167,-0.313509,0.027429,-1.011603,0.237280,0.219253,0.015761,0.088379
26.1333,-0.334441,0.055571,-1.007176,0.183252,0.226199,0.022839,0.100295
26.1500,-0.351314,0.062020,-1.013799,0.124370,0.226965,0.020626,0.115214
26.1667,-0.363024,0.061006,-1.027697,0.060615,0.223129,0.015660,0.130615
26.2167,-0.338971,-0.035535,-1.101594,-0.066963,0.184293,-0.023638,0.165864
26.2333,-0.338818,-0.042086,-1.128338,-0.106055,0.175092,-0.027038,0.173871
26.2500,-0.348741,-0.029201,-1.145343,-0.154388,0.170924,-0.023641,0.181959
26.2667,-0.367536,-0.010894,-1.143598,-0.197355,0.172935,-0.017472,0.190551
26.2833,-0.385091,0.042893,-1.133893,-0.259322,0.177765,0.000172,0.196922
26.3000,-0.401267,0.103157,-1.113841,-0.311743,0.185132,0.020101,0.201996
26.3167,-0.416452,0.160023,-1.094205,-0.349188,0.192798,0.038304,0.205619
26.3333,-0.430879,0.195142,-1.082957,-0.370269,0.198205,0.049067,0.208930
26.3500,-0.432389,0.235288,-1.078020,-0.394273,0.199938,0.061440,0.209563
26.3667,-0.434661,0.254276,-1.079993,-0.408165,0.199887,0.066877,0.210338
26.3833,-0.437108,0.252802,-1.086043,-0.410667,0.198842,0.065902,0.210801
26.4000,-0.438578,0.245796,-1.094780,-0.409234,0.197175,0.063105,0.210638
26.4167,-0.446909,0.229612,-1.104860,-0.399892,0.196661,0.057114,0.211230
26.4333,-0.451253,0.220953,-1.111299,-0.396056,0.196001,0.053830,0.211648
26.4500,-0.458055,0.209532,-1.116664,-0.392291,0.195675,0.049756,0.213022
26.4667,-0.468117,0.196333,-1.122907,-0.383098,0.196182,0.044836,0.214161
26.4833,-0.473538,0.189077,-1.127194,-0.376221,0.196519,0.041942,0.214319
26.5000,-0.477836,0.184909,-1.130856,-0.371263,0.196786,0.040147,0.214346
26.5167,-0.481968,0.186674,-1.131960,-0.367819,0.197905,0.040267,0.214155
26.5333,-0.489764,0.187095,-1.130298,-0.357656,0.200924,0.039730,0.213848
26.5500,-0.495240,0.188021,-1.131983,-0.343374,0.203427,0.039205,0.211958
26.5667,-0.497970,0.187299,-1.135614,-0.329645,0.204901,0.038234,0.209592
26.5833,-0.499386,0.188103,-1.138803,-0.315871,0.206387,0.037846,0.206808
26.6000,-0.499284,0.191848,-1.140104,-0.303371,0.208137,0.038572,0.203755
26.6167,-0.499044,0.195155,-1.141178,-0.291494,0.209728,0.039296,0.200913
26.6333,-0.488244,0.184627,-1.155423,-0.262177,0.207441,0.035355,0.192829
26.6833,-0.502566,0.172209,-1.145530,-0.069129,0.233267,0.032686,0.160749
26.7000,-0.500241,0.172673,-1.141246,-0.012175,0.239802,0.035194,0.149385
26.7167,-0.494160,0.175143,-1.137123,0.037396,0.244544,0.039017,0.138314
26.7333,-0.482524,0.176836,-1.135416,0.074401,0.245752,0.042561,0.128209
26.7500,-0.463417,0.170154,-1.142131,0.101374,0.241235,0.042369,0.118354
26.7667,-0.449389,0.159120,-1.143814,0.134808,0.238764,0.041091,0.109615
26.7833,-0.434083,0.152965,-1.144331,0.162712,0.235973,0.041563,0.101211
26.8000,-0.412545,0.156489,-1.148018,0.174264,0.230276,0.044879,0.093215
26.8167,-0.393167,0.157139,-1.150895,0.188657,0.225042,0.047208,0.085670
26.8333,-0.378850,0.160882,-1.149737,0.206074,0.222383,0.051081,0.078665
26.8500,-0.369507,0.163771,-1.145642,0.229138,0.221910,0.055115,0.071976
26.8667,-0.361740,0.151423,-1.141497,0.258610,0.220753,0.053454,0.066300
26.8833,-0.360106,0.142230,-1.133369,0.286693,0.222408,0.052958,0.062135
26.9000,-0.359314,0.130071,-1.125853,0.312074,0.223713,0.050895,0.059029
26.9167,-0.359128,0.116904,-1.118610,0.337971,0.224994,0.048416,0.056073
26.9333,-0.360113,0.106032,-1.110567,0.359597,0.226734,0.046504,0.054017
26.9500,-0.357825,0.096525,-1.104320,0.374180,0.226832,0.044521,0.052349
26.9667,-0.355099,0.089589,-1.100444,0.382233,0.226321,0.042800,0.051346
26.9833,-0.355497,0.089337,-1.093663,0.391045,0.227981,0.044126,0.050205
27.0000,-0.358666,0.095633,-1.084091,0.398697,0.231600,0.048278,0.049266
27.0167,-0.362344,0.100348,-1.074795,0.410490,0.235332,0.052154,0.047820
27.0333,-0.362629,0.102647,-1.069863,0.415775,0.236689,0.054140,0.046910
27.0500,-0.363238,0.103685,-1.063142,0.424196,0.238412,0.056076,0.045791
27.0667,-0.362468,0.106733,-1.060672,0.425084,0.238864,0.057882,0.045295
27.0833,-0.359225,0.103442,-1.058998,0.427985,0.237861,0.056986,0.044449
27.1000,-0.353088,0.098260,-1.059273,0.429254,0.235275,0.055188,0.043433
27.1167,-0.347261,0.090009,-1.058648,0.435298,0.232840,0.052600,0.041991
27.1333,-0.339650,0.080514,-1.059364,0.443520,0.229477,0.049682,0.039828
27.1500,-0.331699,0.077824,-1.060256,0.446186,0.226376,0.049186,0.037863
27.1667,-0.318523,0.083728,-1.059864,0.439337,0.222160,0.051901,0.035711
27.1833,-0.297478,0.094147,-1.061015,0.424505,0.215131,0.055964,0.032756
27.2000,-0.270285,0.105789,-1.065379,0.409924,0.205290,0.060608,0.028360
27.2167,-0.240180,0.114697,-1.072645,0.390665,0.193479,0.063336,0.024843
27.2333,-0.205180,0.122533,-1.083338,0.374200,0.179055,0.065720,0.020253
27.2500,-0.159526,0.127777,-1.101076,0.364348,0.158961,0.067386,0.013295
27.2667,-0.103098,0.135766,-1.123371,0.360755,0.133520,0.070667,0.004102
27.2833,-0.042881,0.138754,-1.146679,0.376508,0.105157,0.073581,-0.007031
27.3000,0.014984,0.146775,-1.165733,0.400891,0.077294,0.079782,-0.018195
27.3167,0.067236,0.154756,-1.176474,0.451177,0.050898,0.089687,-0.031761
27.3333,0.110459,0.183997,-1.178633,0.475007,0.029806,0.106747,-0.040863
27.3500,0.143373,0.215381,-1.173970,0.500552,0.013414,0.125766,-0.048707
27.3667,0.178089,0.237314,-1.170302,0.524584,-0.004287,0.140198,-0.054256
27.3833,0.216822,0.270455,-1.172648,0.535626,-0.024802,0.157600,-0.057193
27.4000,0.245600,0.297864,-1.167645,0.539250,-0.038793,0.171653,-0.057934
27.4167,0.264484,0.325310,-1.158723,0.542560,-0.047567,0.186096,-0.058481
27.4333,0.275127,0.345831,-1.147905,0.545567,-0.051850,0.197397,-0.058849
27.4500,0.273588,0.369318,-1.135777,0.549900,-0.050288,0.210695,-0.059684
27.4667,0.264519,0.393377,-1.120722,0.553222,-0.044394,0.224464,-0.060436
27.4833,0.253234,0.415182,-1.105268,0.555372,-0.037039,0.236990,-0.060754
27.5000,0.242276,0.433120,-1.090692,0.556754,-0.029719,0.247397,-0.060721
27.5167,0.232380,0.444777,-1.077773,0.557624,-0.022957,0.254479,-0.060607
27.5333,0.223934,0.455064,-1.065781,0.558456,-0.017009,0.260786,-0.060328
27.5500,0.222741,0.465048,-1.050426,0.544857,-0.012665,0.264631,-0.058302
27.5667,0.222040,0.471847,-1.037195,0.532779,-0.008997,0.267041,-0.056597
27.5833,0.223207,0.479802,-1.025728,0.514797,-0.005975,0.268801,-0.054118
27.6000,0.220088,0.483617,-1.016898,0.505682,-0.002093,0.269913,-0.052825
27.6167,0.218862,0.489186,-1.007178,0.491834,0.001451,0.271133,-0.050898
27.6333,0.218150,0.496074,-0.998410,0.476757,0.004682,0.272673,-0.048681
27.6500,0.217078,0.496667,-0.993217,0.471283,0.006625,0.272556,-0.047952
27.6667,0.214135,0.494988,-0.989617,0.472980,0.008548,0.272450,-0.048265
27.6833,0.211694,0.494500,-0.986008,0.474257,0.010240,0.272827,-0.048331
27.7000,0.209248,0.492211,-0.981564,0.478677,0.011792,0.272993,-0.048863
27.7167,0.207303,0.491495,-0.978345,0.481235,0.013053,0.273445,-0.049134
27.7333,0.207955,0.491882,-0.977137,0.480809,0.012963,0.273690,-0.048923
27.7500,0.210031,0.491794,-0.976571,0.480173,0.012078,0.273594,-0.048849
27.7667,0.212876,0.491424,-0.975154,0.478094,0.011171,0.273230,-0.048665
27.7833,0.215365,0.491349,-0.973686,0.475968,0.010417,0.272997,-0.048427
27.8000,0.218208,0.491871,-0.972342,0.472540,0.009590,0.272808,-0.047978
27.8167,0.219206,0.489993,-0.972085,0.472753,0.009146,0.271972,-0.048263
27.8333,0.219235,0.488096,-0.971516,0.472703,0.009280,0.271137,-0.048356
27.8500,0.219472,0.487029,-0.970850,0.472099,0.009348,0.270618,-0.048273
27.8667,0.220547,0.486509,-0.969466,0.469679,0.009305,0.270137,-0.047981
27.8833,0.221668,0.486229,-0.968176,0.466445,0.009306,0.269602,-0.047595
27.9000,0.225298,0.486887,-0.967011,0.459459,0.008431,0.268865,-0.046775
27.9167,0.228630,0.488963,-0.965733,0.452659,0.007685,0.268835,-0.045870
27.9333,0.231249,0.487463,-0.965889,0.450656,0.006614,0.267786,-0.045761
27.9500,0.230472,0.482139,-0.965334,0.455799,0.006658,0.266239,-0.046737
27.9667,0.227446,0.471404,-0.964712,0.467468,0.007220,0.263250,-0.048634
27.9833,0.222535,0.458356,-0.963835,0.480609,0.008631,0.259418,-0.050779
28.0000,0.216411,0.441784,-0.963335,0.492306,0.010782,0.253594,-0.052840
28.0167,0.206496,0.419711,-0.962792,0.509294,0.014358,0.245966,-0.055611
28.0333,0.197360,0.392485,-0.964075,0.513990,0.018642,0.233574,-0.056806
28.0500,0.185519,0.354274,-0.968003,0.515314,0.024414,0.215021,-0.057298
28.0667,0.170720,0.302840,-0.975298,0.520545,0.030993,0.190290,-0.057228
28.0833,0.154311,0.240805,-0.986198,0.526092,0.037999,0.160065,-0.055344
28.1000,0.134682,0.183363,-0.996455,0.526081,0.046900,0.131372,-0.050807
28.1167,0.111598,0.142599,-1.001790,0.521184,0.057876,0.110587,-0.045200
28.1333,0.087541,0.093806,-1.010881,0.529250,0.067312,0.087392,-0.039628
28.1500,0.060777,0.027189,-1.024305,0.559459,0.075250,0.058141,-0.033878
28.1667,0.039732,-0.023830,-1.035199,0.563294,0.082521,0.033636,-0.024510
28.1833,0.004880,-0.047172,-1.032533,0.565900,0.096818,0.022785,-0.017789
28.2000,-0.029401,-0.039855,-1.023227,0.541938,0.113281,0.023673,-0.010927
28.2167,-0.065897,-0.021194,-1.011048,0.509971,0.131380,0.028888,-0.003606
28.2333,-0.097360,-0.001538,-1.001473,0.479195,0.146799,0.034431,0.003490
28.2500,-0.127138,0.010003,-0.995270,0.458228,0.160129,0.036938,0.010314
28.2667,-0.156981,0.023645,-0.985831,0.446447,0.173636,0.041510,0.015566
28.2833,-0.178661,0.035236,-0.980557,0.432582,0.183272,0.044830,0.020534
28.3000,-0.198345,0.042161,-0.974943,0.424361,0.191846,0.046730,0.024962
28.3167,-0.219126,0.041578,-0.973399,0.431954,0.199473,0.046243,0.027324
28.3333,-0.239394,0.035032,-0.975030,0.448962,0.205821,0.043817,0.028714
28.3500,-0.252633,0.020691,-0.980739,0.465142,0.208458,0.037801,0.029945
28.3667,-0.258854,0.007521,-0.988026,0.476608,0.208399,0.032065,0.030581
28.3833,-0.260199,0.000156,-0.993700,0.480451,0.207348,0.028561,0.030988
28.4000,-0.259446,-0.000627,-0.998245,0.473325,0.206232,0.027154,0.032317
28.4167,-0.259958,-0.000333,-1.002002,0.465757,0.205803,0.026151,0.033773
28.4333,-0.260571,0.003050,-1.004880,0.457189,0.205767,0.026494,0.034999
28.4500,-0.260728,0.009620,-1.008579,0.441805,0.205659,0.027503,0.036966
28.4667,-0.261034,0.015856,-1.010987,0.430221,0.205743,0.028881,0.038353
28.4833,-0.261052,0.024147,-1.014552,0.413409,0.205665,0.030517,0.040325
28.5000,-0.262977,0.034529,-1.016941,0.391664,0.206481,0.032640,0.043495
28.5167,-0.266973,0.041787,-1.019662,0.371329,0.207651,0.033415,0.047272
28.5333,-0.271979,0.047994,-1.022800,0.344976,0.208818,0.033158,0.052696
28.5500,-0.280747,0.058578,-1.023579,0.311367,0.211663,0.034218,0.059914
28.5667,-0.297938,0.059865,-1.021345,0.291969,0.217156,0.032476,0.067539
28.5833,-0.313774,0.065049,-1.021643,0.262982,0.221525,0.031447,0.076234
28.6000,-0.326970,0.067161,-1.025206,0.226681,0.223589,0.028622,0.086271
28.6167,-0.336949,0.062822,-1.033816,0.187764,0.222674,0.023027,0.096839
28.6333,-0.350305,0.062779,-1.040219,0.144470,0.222827,0.019253,0.108570
28.6500,-0.358815,0.062330,-1.051170,0.084192,0.219175,0.014888,0.122616
28.7167,-0.298722,-0.063176,-1.157392,-0.112959,0.158628,-0.033837,0.171558
28.7833,-0.369059,0.064119,-1.077515,-0.281553,0.185846,0.012466,0.199462
28.8000,-0.392308,0.093018,-1.070739,-0.320629,0.189919,0.021593,0.207419
28.8167,-0.405971,0.116931,-1.072587,-0.347000,0.191287,0.028455,0.211334
28.8333,-0.417441,0.145222,-1.072152,-0.367972,0.193568,0.036581,0.213539
28.8500,-0.432936,0.152770,-1.069794,-0.375304,0.196523,0.038383,0.217084
28.8667,-0.441857,0.162960,-1.070984,-0.378426,0.198401,0.040755,0.217891
28.8833,-0.445437,0.176115,-1.074280,-0.383254,0.199036,0.044142,0.217472
28.9000,-0.448831,0.184056,-1.079169,-0.385835,0.199175,0.045841,0.217104
28.9167,-0.451249,0.184581,-1.082322,-0.384491,0.199290,0.045477,0.216875
28.9333,-0.454081,0.193005,-1.086281,-0.387076,0.199489,0.047542,0.216509
28.9500,-0.460554,0.191890,-1.090799,-0.380849,0.200524,0.046260,0.216212
28.9667,-0.465987,0.187943,-1.096771,-0.375336,0.200696,0.044221,0.216087
28.9833,-0.474225,0.180327,-1.105251,-0.361020,0.201610,0.040560,0.215060
29.0000,-0.479737,0.176975,-1.112856,-0.349989,0.202215,0.038411,0.213667
29.0167,-0.481552,0.180027,-1.116618,-0.342327,0.203135,0.038665,0.211754
29.0333,-0.481349,0.187965,-1.119350,-0.337044,0.204055,0.040646,0.209425
29.0500,-0.477316,0.198616,-1.123327,-0.334679,0.203951,0.043634,0.206431
29.0667,-0.470080,0.211451,-1.128206,-0.332127,0.203302,0.047383,0.202415
29.0833,-0.461944,0.224690,-1.132821,-0.326128,0.202930,0.051289,0.197558
29.1000,-0.455927,0.229161,-1.139207,-0.309337,0.203009,0.052262,0.191905
29.1167,-0.452052,0.226174,-1.145498,-0.282237,0.203954,0.050891,0.185494
29.1333,-0.454338,0.220912,-1.146846,-0.243224,0.208164,0.048947,0.178722
29.1500,-0.461435,0.213801,-1.144015,-0.187829,0.215744,0.046877,0.170392
29.1667,-0.468549,0.208298,-1.139205,-0.132621,0.223789,0.045933,0.162121
29.1833,-0.467283,0.206156,-1.137704,-0.086953,0.228473,0.046630,0.153163
29.2000,-0.465661,0.197247,-1.137251,-0.038170,0.232302,0.045376,0.144150
29.2167,-0.467995,0.195202,-1.130787,0.009114,0.238625,0.047101,0.136180
29.2333,-0.462104,0.198753,-1.126773,0.044442,0.241638,0.051008,0.127792
29.2500,-0.450838,0.191221,-1.128259,0.087708,0.241505,0.051417,0.117197
29.2667,-0.433174,0.172737,-1.135732,0.124022,0.236370,0.047246,0.107219
29.2833,-0.411239,0.156826,-1.144286,0.148981,0.228821,0.043468,0.098377
29.3000,-0.388908,0.154424,-1.151090,0.166262,0.221986,0.044591,0.089637
29.3167,-0.369977,0.139786,-1.156333,0.190936,0.215510,0.041332,0.082091
29.3333,-0.356736,0.114638,-1.160499,0.233140,0.210816,0.034925,0.073843
29.3500,-0.344386,0.088465,-1.163711,0.272967,0.206026,0.027931,0.066781
29.3667,-0.330391,0.065469,-1.166528,0.306857,0.200527,0.021846,0.060434
29.3833,-0.318285,0.049721,-1.166153,0.336746,0.196526,0.018546,0.054529
29.4000,-0.313588,0.039785,-1.160059,0.367659,0.196415,0.017831,0.049298
29.4167,-0.307652,0.033988,-1.153595,0.388917,0.195860,0.018135,0.045188
29.4333,-0.299727,0.031840,-1.152795,0.394696,0.193372,0.018203,0.042879
29.4500,-0.294525,0.032143,-1.150117,0.398774,0.192262,0.019200,0.041211
29.4667,-0.291743,0.034488,-1.145852,0.402288,0.192415,0.021006,0.039842
29.4833,-0.289935,0.037218,-1.141121,0.406710,0.193036,0.023047,0.038406
29.5000,-0.288094,0.044012,-1.135582,0.405696,0.193924,0.026448,0.037581
29.5167,-0.288371,0.047549,-1.129924,0.407803,0.195451,0.028561,0.036894
29.5333,-0.289494,0.049669,-1.126573,0.408999,0.196729,0.029836,0.036698
29.5500,-0.291655,0.055450,-1.119692,0.410231,0.199164,0.032871,0.036399
29.5667,-0.290685,0.066112,-1.111362,0.404178,0.201060,0.037616,0.036352
29.5833,-0.290037,0.075215,-1.103726,0.399773,0.202873,0.041768,0.036215
29.6000,-0.289459,0.082541,-1.098585,0.397423,0.204117,0.045195,0.035865
29.6167,-0.287639,0.091836,-1.092057,0.393879,0.205332,0.049498,0.035273
29.6333,-0.280510,0.102301,-1.088099,0.386013,0.204159,0.053970,0.034285
29.6500,-0.269036,0.116252,-1.084353,0.374764,0.201588,0.059783,0.032641
29.6667,-0.252495,0.132666,-1.082777,0.365154,0.196879,0.066929,0.029377
29.6833,-0.239887,0.145690,-1.081673,0.357493,0.193181,0.072557,0.027030
29.7333,-0.089901,0.128789,-1.149258,0.382369,0.122845,0.068206,-0.001732
29.7500,-0.031850,0.125703,-1.166679,0.422092,0.095296,0.071703,-0.015509
29.7667,0.024189,0.136950,-1.179919,0.449925,0.068627,0.080389,-0.026849
29.7833,0.077015,0.169980,-1.185164,0.470197,0.043723,0.098695,-0.037315
29.8000,0.119035,0.207849,-1.182610,0.495743,0.023293,0.120667,-0.046792
29.8167,0.150128,0.231628,-1.172098,0.535947,0.007522,0.139047,-0.055486
29.8333,0.184177,0.266059,-1.167753,0.538227,-0.008747,0.156430,-0.057807
29.8500,0.214049,0.296351,-1.162295,0.539738,-0.022962,0.171706,-0.058951
29.8667,0.235114,0.308102,-1.160521,0.542108,-0.033258,0.177811,-0.059094
29.8833,0.250826,0.315557,-1.157504,0.543608,-0.040598,0.181789,-0.058992
29.9000,0.259147,0.333450,-1.149976,0.546370,-0.044184,0.191533,-0.059456
29.9167,0.266793,0.361498,-1.133622,0.532302,-0.044636,0.204164,-0.057958
29.9333,0.273868,0.392744,-1.114791,0.511760,-0.043760,0.217460,-0.055429
29.9500,0.276837,0.421484,-1.099139,0.490819,-0.041225,0.229171,-0.052545
29.9667,0.275103,0.443395,-1.084051,0.476089,-0.036861,0.238603,-0.050506
29.9833,0.267718,0.456135,-1.071583,0.472494,-0.031051,0.245342,-0.049992
30.0000,0.263349,0.472799,-1.057959,0.455995,-0.025276,0.251797,-0.047575
30.0167,0.260317,0.486444,-1.046520,0.437310,-0.020235,0.256198,-0.044856
30.0333,0.257366,0.496100,-1.037085,0.417813,-0.015431,0.258377,-0.042121
30.0500,0.248761,0.492770,-1.031723,0.419391,-0.010423,0.257700,-0.042689
30.0667,0.240572,0.485443,-1.026244,0.428744,-0.006272,0.256483,-0.044176
30.0833,0.233409,0.471719,-1.021297,0.447710,-0.003506,0.253825,-0.047023
30.1000,0.228923,0.460210,-1.016777,0.462946,-0.001802,0.251485,-0.049283
30.1167,0.225207,0.448278,-1.012594,0.479060,-0.000624,0.249025,-0.051639
30.1333,0.224715,0.440526,-1.010019,0.486962,-0.000571,0.246961,-0.052863
30.1500,0.225876,0.436786,-1.008545,0.489648,-0.001076,0.245795,-0.053299
30.1667,0.227501,0.436097,-1.007925,0.489498,-0.001758,0.245499,-0.053198
30.1833,0.229643,0.435146,-1.007585,0.489625,-0.002744,0.245101,-0.053260
30.2000,0.232491,0.434806,-1.006145,0.488098,-0.003686,0.244853,-0.053025
30.2167,0.234809,0.435287,-1.005638,0.487849,-0.004747,0.245101,-0.052943
30.2333,0.239335,0.440809,-1.002568,0.480223,-0.005721,0.246763,-0.051788
30.2500,0.244974,0.447621,-0.999127,0.469415,-0.006899,0.248547,-0.050240
30.2667,0.250873,0.455407,-0.996224,0.456612,-0.008102,0.250389,-0.048348
30.2833,0.255831,0.461437,-0.994047,0.445074,-0.009059,0.251533,-0.046678
30.3000,0.260648,0.469904,-0.991860,0.430376,-0.009668,0.253284,-0.044488
30.3167,0.263691,0.476766,-0.990232,0.419687,-0.009895,0.254880,-0.042810
30.3333,0.263601,0.477267,-0.989781,0.420471,-0.009857,0.255309,-0.043017
30.3500,0.261641,0.474585,-0.988723,0.428862,-0.009534,0.255561,-0.044181
30.3667,0.259561,0.470380,-0.987812,0.437558,-0.009181,0.255154,-0.045429
30.3833,0.258778,0.465818,-0.987331,0.444396,-0.009332,0.254217,-0.046435
30.4000,0.257968,0.460662,-0.986889,0.451463,-0.009489,0.253031,-0.047504
30.4167,0.256336,0.453009,-0.986660,0.460310,-0.009421,0.250941,-0.048905
30.4333,0.254767,0.445978,-0.986230,0.466408,-0.009075,0.248699,-0.049894
30.4500,0.250979,0.436732,-0.984923,0.476923,-0.007924,0.246234,-0.051479
30.4667,0.247936,0.430246,-0.983705,0.482773,-0.006715,0.244276,-0.052438
30.4833,0.244428,0.423911,-0.982283,0.488320,-0.005220,0.242355,-0.053315
30.5000,0.239416,0.414847,-0.981021,0.493744,-0.002944,0.239093,-0.054261
30.5167,0.230910,0.402661,-0.978783,0.502720,0.000885,0.235019,-0.055631
30.5333,0.222513,0.388259,-0.977833,0.503852,0.005333,0.228445,-0.056069
30.5500,0.209741,0.362575,-0.978244,0.506485,0.011782,0.216547,-0.056594
30.5667,0.191467,0.320713,-0.981266,0.516145,0.020127,0.197634,-0.057460
30.5833,0.168708,0.261211,-0.987901,0.533002,0.029747,0.170762,-0.057761
30.6000,0.146328,0.193654,-0.997535,0.549425,0.038893,0.139468,-0.055734
30.6167,0.123895,0.128934,-1.007309,0.564012,0.047940,0.109242,-0.051479
30.6333,0.103398,0.073945,-1.016735,0.565281,0.056820,0.082137,-0.044248
30.6500,0.082175,0.022898,-1.026546,0.564381,0.065595,0.056881,-0.035542
30.6667,0.059052,-0.029054,-1.037452,0.563515,0.074422,0.031456,-0.025060
30.6833,0.036372,-0.060817,-1.042728,0.562550,0.083089,0.016044,-0.017184
30.7000,0.010932,-0.075323,-1.041095,0.558307,0.093630,0.008732,-0.011352
30.7167,-0.022540,-0.066326,-1.033096,0.528391,0.109583,0.009823,-0.003879
30.7333,-0.061261,-0.047587,-1.021135,0.497486,0.128026,0.015170,0.003130
30.7500,-0.094621,-0.023383,-1.010594,0.465567,0.144134,0.022708,0.009606
30.7667,-0.122030,0.001414,-1.002737,0.436567,0.157309,0.030585,0.015303
30.7833,-0.145818,0.020089,-0.995180,0.421432,0.168376,0.037106,0.019231
30.8000,-0.167181,0.024950,-0.992413,0.424578,0.176769,0.038790,0.021317
30.8167,-0.189425,0.027133,-0.991563,0.434818,0.184830,0.039767,0.022774
30.8333,-0.208854,0.032886,-0.987714,0.441870,0.192693,0.042412,0.024083
30.8500,-0.230463,0.035923,-0.984648,0.453560,0.200987,0.044143,0.025484
30.8667,-0.245368,0.037643,-0.982537,0.457551,0.206744,0.044735,0.027433
30.8833,-0.255479,0.042109,-0.979931,0.454241,0.211056,0.046139,0.029699
30.9000,-0.259255,0.040176,-0.981881,0.450927,0.211932,0.044534,0.031329
30.9167,-0.258805,0.034329,-0.986807,0.449021,0.210542,0.041268,0.032224
30.9333,-0.257543,0.023187,-0.993638,0.449051,0.208183,0.035718,0.033271
30.9500,-0.254750,0.013613,-1.000694,0.448641,0.205304,0.030945,0.034002
30.9667,-0.251915,0.006543,-1.007060,0.444923,0.202684,0.027067,0.035142
30.9833,-0.247756,0.004074,-1.014352,0.436221,0.199801,0.024695,0.036255
31.0000,-0.244486,0.008765,-1.020952,0.419644,0.197832,0.024704,0.038009
31.0167,-0.246342,0.013958,-1.025270,0.403002,0.197999,0.024905,0.040792
31.0333,-0.251033,0.019766,-1.028520,0.380126,0.199246,0.024806,0.045398
31.0500,-0.259091,0.028547,-1.029970,0.351017,0.201956,0.025477,0.051604
31.0667,-0.274169,0.039219,-1.028087,0.321294,0.207488,0.026889,0.059259
31.0833,-0.286017,0.048814,-1.029047,0.283783,0.210908,0.027205,0.068076
31.1000,-0.298004,0.062270,-1.029828,0.235940,0.214010,0.028486,0.078631
31.1167,-0.312154,0.076420,-1.030385,0.183990,0.217182,0.029865,0.090524
31.1333,-0.330312,0.090636,-1.029595,0.134816,0.221291,0.031558,0.102849
31.1500,-0.346944,0.091952,-1.035402,0.082176,0.221737,0.027919,0.117088
31.2000,-0.302050,0.044149,-1.105203,-0.121593,0.178787,0.003502,0.155546
31.2167,-0.304076,0.064240,-1.122636,-0.191718,0.171975,0.009063,0.166164
31.2333,-0.323705,0.097415,-1.119438,-0.250169,0.174531,0.019664,0.176347
31.2500,-0.356633,0.107815,-1.107554,-0.280309,0.181589,0.022985,0.187510
31.2667,-0.387847,0.125663,-1.093822,-0.312317,0.188552,0.028752,0.197991
31.2833,-0.413698,0.149556,-1.081311,-0.338295,0.194997,0.036154,0.205618
31.3000,-0.432663,0.165413,-1.077017,-0.355065,0.198718,0.040569,0.210740
31.3167,-0.444379,0.181006,-1.077435,-0.371124,0.200230,0.044846,0.214016
31.3333,-0.450830,0.191831,-1.077968,-0.380858,0.201051,0.047875,0.215744
31.3500,-0.451518,0.215028,-1.081281,-0.393250,0.201183,0.054422,0.215054
31.3667,-0.452134,0.229931,-1.082806,-0.400027,0.201480,0.058711,0.214597
31.3833,-0.454793,0.237808,-1.085070,-0.402755,0.201931,0.060651,0.214487
31.4000,-0.456203,0.253903,-1.084205,-0.404806,0.203482,0.065272,0.213492
31.4167,-0.459886,0.261924,-1.084352,-0.402718,0.205111,0.067255,0.212947
31.4333,-0.466317,0.263918,-1.084462,-0.395795,0.207359,0.067285,0.212688
31.4500,-0.469732,0.267424,-1.085825,-0.390496,0.208724,0.067914,0.211876
31.4667,-0.472514,0.271937,-1.086813,-0.386030,0.210034,0.068920,0.211039
31.4833,-0.472284,0.281915,-1.087369,-0.383872,0.211028,0.071785,0.209546
31.5000,-0.472425,0.288699,-1.088448,-0.381169,0.211809,0.073632,0.208282
31.5167,-0.474815,0.291113,-1.089232,-0.377098,0.212876,0.074083,0.207679
31.5333,-0.479796,0.293988,-1.087653,-0.369925,0.215299,0.074692,0.207267
31.5500,-0.485852,0.298201,-1.084515,-0.362213,0.218376,0.075784,0.207073
31.5667,-0.492903,0.298096,-1.082178,-0.354268,0.221164,0.075471,0.207376
31.5833,-0.501215,0.295268,-1.081103,-0.341900,0.224274,0.074199,0.207278
31.6000,-0.508395,0.290343,-1.081340,-0.324203,0.227506,0.072228,0.205978
31.6167,-0.510231,0.287887,-1.083930,-0.309369,0.229144,0.071181,0.203536
31.6333,-0.506978,0.288182,-1.087787,-0.298749,0.229300,0.071176,0.200289
31.6500,-0.500615,0.283210,-1.095923,-0.283650,0.228071,0.069494,0.195547
31.6667,-0.492827,0.270986,-1.107126,-0.265013,0.225706,0.065389,0.190119
31.6833,-0.485836,0.258679,-1.117025,-0.235754,0.224891,0.061410,0.183031
31.7000,-0.481314,0.243625,-1.124645,-0.184479,0.227104,0.057002,0.172793
31.7167,-0.479226,0.229253,-1.128344,-0.118377,0.232008,0.053621,0.160476
31.7333,-0.482472,0.216952,-1.125714,-0.046344,0.239800,0.051908,0.148650
31.7500,-0.479371,0.207868,-1.124423,0.013746,0.244501,0.051777,0.137184
31.7667,-0.472246,0.198559,-1.124126,0.067545,0.246945,0.051881,0.125888
31.7833,-0.458107,0.184973,-1.128132,0.107073,0.244542,0.049851,0.115764
31.8000,-0.437563,0.169781,-1.135615,0.134751,0.238175,0.046588,0.106439
31.8167,-0.417271,0.159386,-1.141004,0.160987,0.232336,0.045243,0.097275
31.8333,-0.393476,0.145817,-1.151188,0.182307,0.223596,0.042086,0.088442
31.8500,-0.373466,0.126834,-1.157683,0.209441,0.216228,0.037264,0.080687
31.8667,-0.352174,0.110357,-1.163801,0.238116,0.208622,0.033611,0.072268
31.8833,-0.332114,0.093982,-1.168577,0.269417,0.201510,0.030224,0.063909
31.9000,-0.316010,0.076350,-1.170796,0.303722,0.195898,0.026547,0.056301
31.9167,-0.302624,0.063311,-1.170032,0.329989,0.191582,0.024167,0.050518
31.9333,-0.295238,0.060895,-1.166213,0.346667,0.190269,0.025296,0.046319
31.9500,-0.288649,0.060718,-1.161451,0.358736,0.189334,0.027036,0.042971
31.9667,-0.288551,0.067924,-1.151640,0.371270,0.192111,0.032053,0.039841
31.9833,-0.292921,0.074590,-1.139723,0.386573,0.196812,0.037125,0.037239
32.0000,-0.294633,0.072313,-1.131406,0.400248,0.199131,0.038087,0.035653
32.0167,-0.299828,0.072255,-1.121094,0.413829,0.203168,0.040013,0.034570
32.0333,-0.303368,0.075765,-1.111043,0.420652,0.206663,0.042904,0.034060
32.0500,-0.303909,0.076602,-1.108122,0.421081,0.207494,0.043557,0.034173
32.0667,-0.301176,0.073640,-1.107710,0.419965,0.206235,0.042257,0.034331
32.0833,-0.293866,0.068748,-1.107880,0.415135,0.203213,0.040032,0.034594
32.1000,-0.286906,0.063652,-1.108330,0.413417,0.200316,0.037920,0.034265
32.1167,-0.277768,0.061207,-1.109485,0.409480,0.196642,0.036850,0.033665
32.1333,-0.268662,0.059138,-1.110823,0.406644,0.193035,0.035998,0.032755
32.1500,-0.259578,0.059136,-1.111870,0.404712,0.189643,0.036165,0.031409
32.1667,-0.248054,0.062225,-1.112036,0.398589,0.185719,0.037426,0.030076
32.1833,-0.238067,0.069830,-1.110713,0.392612,0.182876,0.040711,0.028417
32.2000,-0.229029,0.080512,-1.108387,0.387828,0.180722,0.045489,0.026304
32.2167,-0.216689,0.096293,-1.106503,0.380541,0.177497,0.052360,0.023451
32.2333,-0.201578,0.108517,-1.106833,0.378255,0.172586,0.058114,0.019581
32.2500,-0.183208,0.118761,-1.110449,0.380134,0.165579,0.063335,0.014633
32.2667,-0.150944,0.125614,-1.121292,0.382357,0.151619,0.067008,0.007835
32.2833,-0.111258,0.133811,-1.133182,0.392384,0.134226,0.072224,-0.001214
32.3000,-0.064381,0.141910,-1.147558,0.407668,0.112733,0.077950,-0.011285
32.3167,-0.014219,0.141215,-1.161398,0.441905,0.088468,0.082023,-0.022828
32.3333,0.039674,0.141816,-1.171375,0.479842,0.062178,0.087466,-0.033793
32.3500,0.082602,0.151388,-1.175604,0.510723,0.040953,0.096347,-0.042493
32.3667,0.120541,0.171069,-1.174132,0.535874,0.022289,0.109683,-0.049904
32.3833,0.158495,0.204414,-1.172883,0.537072,0.004296,0.126101,-0.053481
32.4000,0.190582,0.240471,-1.168420,0.538786,-0.011011,0.144070,-0.056330
32.4167,0.208847,0.257971,-1.165178,0.542425,-0.019886,0.153313,-0.057656
32.4333,0.230665,0.285121,-1.157886,0.542275,-0.029835,0.166926,-0.058501
32.4500,0.249850,0.317405,-1.148654,0.543737,-0.038668,0.183486,-0.059236
32.4667,0.261139,0.346446,-1.136924,0.546659,-0.043376,0.199026,-0.059809
32.4833,0.269169,0.371243,-1.121593,0.541431,-0.044933,0.211504,-0.059130
32.5000,0.269419,0.386587,-1.112120,0.544873,-0.044264,0.220433,-0.059519
32.5167,0.270455,0.405394,-1.096270,0.534736,-0.041586,0.229280,-0.058173
32.5333,0.270627,0.422080,-1.081535,0.524091,-0.038516,0.236921,-0.056707
32.5500,0.271206,0.441016,-1.067644,0.505605,-0.035001,0.244192,-0.054109
32.5667,0.268091,0.447453,-1.058078,0.500828,-0.031497,0.247433,-0.053512
32.5833,0.267537,0.453418,-1.048209,0.487887,-0.028333,0.249062,-0.051888
32.6000,0.267748,0.459064,-1.039787,0.474279,-0.025708,0.250290,-0.050132
32.6167,0.264707,0.459628,-1.033664,0.467394,-0.022480,0.250052,-0.049389
32.6333,0.261791,0.454093,-1.030800,0.468154,-0.020520,0.247886,-0.049873
32.6500,0.259199,0.450526,-1.027778,0.468637,-0.018709,0.246621,-0.050084
32.6667,0.257445,0.446017,-1.025421,0.470626,-0.017551,0.245086,-0.050541
32.6833,0.257583,0.442077,-1.023746,0.472261,-0.017403,0.243677,-0.050844
32.7000,0.258273,0.437344,-1.022560,0.474821,-0.017682,0.241990,-0.051313
32.7167,0.259688,0.433704,-1.021480,0.476309,-0.018244,0.240627,-0.051544
32.7333,0.261094,0.429050,-1.020720,0.479242,-0.018980,0.238984,-0.052045
32.7500,0.262637,0.425020,-1.019932,0.481992,-0.019775,0.237608,-0.052448
32.7667,0.263646,0.422168,-1.018734,0.485196,-0.020319,0.236910,-0.052889
32.7833,0.264295,0.418939,-1.017531,0.487661,-0.020603,0.235910,-0.053243
32.8000,0.266049,0.416451,-1.017655,0.487886,-0.021461,0.234700,-0.053281
32.8167,0.267492,0.414218,-1.017641,0.488093,-0.022111,0.233672,-0.053328
32.8333,0.265610,0.408483,-1.015239,0.496876,-0.021549,0.232695,-0.054580
32.8500,0.260911,0.402840,-1.010657,0.509059,-0.019659,0.232529,-0.056196
32.8667,0.257867,0.399028,-1.007254,0.515254,-0.018180,0.232108,-0.057083
32.8833,0.254920,0.398171,-1.005326,0.515257,-0.016341,0.231918,-0.057156
32.9000,0.247514,0.392615,-1.000981,0.517634,-0.012195,0.230155,-0.057635
32.9167,0.238212,0.383113,-0.998030,0.515244,-0.006680,0.225558,-0.057634
32.9333,0.224493,0.361476,-0.996060,0.513835,0.001000,0.215207,-0.057740
32.9500,0.204490,0.315850,-0.997428,0.524219,0.010567,0.194784,-0.058717
32.9667,0.179151,0.248089,-1.003431,0.541245,0.021873,0.164019,-0.058645
32.9833,0.154701,0.176127,-1.012144,0.554117,0.032759,0.130219,-0.055361
33.0000,0.126578,0.110870,-1.019228,0.565786,0.045175,0.099658,-0.049890
33.0167,0.098618,0.041111,-1.029546,0.565383,0.057641,0.065386,-0.039407
33.0333,0.075392,-0.013435,-1.039988,0.563327,0.067091,0.038584,-0.028849
33.0500,0.047271,-0.042997,-1.041724,0.563731,0.078644,0.024497,-0.021664
33.0667,0.017658,-0.040612,-1.036429,0.527139,0.093728,0.021803,-0.012526
33.0833,-0.024062,-0.031740,-1.025957,0.488638,0.113895,0.021955,-0.002443
33.1000,-0.075372,-0.018036,-1.010948,0.456767,0.137481,0.024878,0.007787
33.1167,-0.121723,0.003876,-0.996309,0.426734,0.158727,0.031450,0.016986
33.1333,-0.156189,0.022787,-0.984762,0.404795,0.174433,0.037435,0.024274
33.1500,-0.184741,0.038493,-0.973471,0.397464,0.187485,0.043441,0.028633
33.1667,-0.201799,0.042496,-0.973877,0.402617,0.193597,0.044698,0.029989
33.1833,-0.216451,0.042055,-0.978252,0.415445,0.197841,0.044500,0.029993
33.2000,-0.226366,0.033489,-0.985495,0.433792,0.199423,0.041239,0.029076
33.2167,-0.232903,0.024812,-0.992638,0.449319,0.199823,0.037878,0.028173
33.2333,-0.236879,0.017667,-0.997795,0.458643,0.199819,0.034912,0.027891
33.2500,-0.236996,0.016707,-0.999523,0.458617,0.199448,0.034315,0.028056
33.2667,-0.237300,0.016701,-1.000866,0.458066,0.199311,0.034148,0.028218
33.2833,-0.237657,0.017365,-1.001965,0.457098,0.199282,0.034246,0.028370
33.3000,-0.238570,0.017044,-1.003068,0.456132,0.199416,0.033821,0.028733
33.3167,-0.239925,0.016396,-1.004046,0.454384,0.199681,0.033206,0.029458
