t_s,left_shoulder_pitch,left_shoulder_roll,left_shoulder_yaw,left_elbow,left_wrist_roll,left_wrist_pitch,left_wrist_yaw,right_shoulder_pitch,right_shoulder_roll,right_shoulder_yaw,right_elbow,right_wrist_roll,right_wrist_pitch,right_wrist_yaw,waist_yaw
0.0000,0.310000,0.240000,-0.120000,0.670000,0.000000,0.000000,0.000000,0.300000,-0.240000,0.120000,0.690000,0.000000,0.000000,0.000000,0.000000
0.0200,0.309991,0.239995,-0.119998,0.670002,0.000000,0.000000,0.000000,0.299991,-0.239995,0.119998,0.690002,0.000000,0.000000,0.000000,0.000000
0.0400,0.309931,0.239959,-0.119985,0.670020,0.000000,0.000000,0.000000,0.299933,-0.239959,0.119985,0.690017,0.000000,0.000000,0.000000,0.000000
0.0600,0.309772,0.239863,-0.119950,0.670065,0.000000,0.000000,0.000000,0.299777,-0.239863,0.119950,0.690057,0.000000,0.000000,0.000000,0.000000
0.0800,0.309470,0.239681,-0.119884,0.670152,0.000000,0.000000,0.000000,0.299480,-0.239681,0.119884,0.690132,0.000000,0.000000,0.000000,0.000000
0.1000,0.308984,0.239387,-0.119777,0.670291,0.000000,0.000000,0.000000,0.299003,-0.239387,0.119777,0.690253,0.000000,0.000000,0.000000,0.000000
0.1200,0.308277,0.238961,-0.119621,0.670493,0.000000,0.000000,0.000000,0.298309,-0.238961,0.119621,0.690430,0.000000,0.000000,0.000000,0.000000
0.1400,0.307315,0.238380,-0.119410,0.670768,0.000000,0.000000,0.000000,0.297364,-0.238380,0.119410,0.690670,0.000000,0.000000,0.000000,0.000000
0.1600,0.306067,0.237627,-0.119135,0.671125,0.000000,0.000000,0.000000,0.296139,-0.237627,0.119135,0.690981,0.000000,0.000000,0.000000,0.000000
0.1800,0.304505,0.236685,-0.118792,0.671572,0.000000,0.000000,0.000000,0.294605,-0.236685,0.118792,0.691371,0.000000,0.000000,0.000000,0.000000
0.2000,0.302605,0.235539,-0.118375,0.672116,0.000000,0.000000,0.000000,0.292740,-0.235539,0.118375,0.691845,0.000000,0.000000,0.000000,0.000000
0.2200,0.300345,0.234176,-0.117878,0.672763,0.000000,0.000000,0.000000,0.290522,-0.234176,0.117878,0.692409,0.000000,0.000000,0.000000,0.000000
0.2400,0.297707,0.232585,-0.117298,0.673517,0.000000,0.000000,0.000000,0.287932,-0.232585,0.117298,0.693067,0.000000,0.000000,0.000000,0.000000
0.2600,0.294675,0.230756,-0.116631,0.674385,0.000000,0.000000,0.000000,0.284956,-0.230756,0.116631,0.693824,0.000000,0.000000,0.000000,0.000000
0.2800,0.291236,0.228682,-0.115875,0.675369,0.000000,0.000000,0.000000,0.281579,-0.228682,0.115875,0.694682,0.000000,0.000000,0.000000,0.000000
0.3000,0.287378,0.226355,-0.115027,0.676473,0.000000,0.000000,0.000000,0.277792,-0.226355,0.115027,0.695645,0.000000,0.000000,0.000000,0.000000
0.3200,0.283094,0.223771,-0.114086,0.677699,0.000000,0.000000,0.000000,0.273586,-0.223771,0.114086,0.696714,0.000000,0.000000,0.000000,0.000000
0.3400,0.278378,0.220926,-0.113049,0.679048,0.000000,0.000000,0.000000,0.268957,-0.220926,0.113049,0.697891,0.000000,0.000000,0.000000,0.000000
0.3600,0.273227,0.217819,-0.111917,0.680522,0.000000,0.000000,0.000000,0.263900,-0.217819,0.111917,0.699176,0.000000,0.000000,0.000000,0.000000
0.3800,0.267640,0.214449,-0.110689,0.682121,0.000000,0.000000,0.000000,0.258416,-0.214449,0.110689,0.700570,0.000000,0.000000,0.000000,0.000000
0.4000,0.261619,0.210817,-0.109365,0.683844,0.000000,0.000000,0.000000,0.252504,-0.210817,0.109365,0.702073,0.000000,0.000000,0.000000,0.000000
0.4200,0.255165,0.206924,-0.107947,0.685691,0.000000,0.000000,0.000000,0.246169,-0.206924,0.107947,0.703683,0.000000,0.000000,0.000000,0.000000
0.4400,0.248285,0.202774,-0.106434,0.687659,0.000000,0.000000,0.000000,0.239415,-0.202774,0.106434,0.705400,0.000000,0.000000,0.000000,0.000000
0.4600,0.240985,0.198371,-0.104830,0.689748,0.000000,0.000000,0.000000,0.232249,-0.198371,0.104830,0.707221,0.000000,0.000000,0.000000,0.000000
0.4800,0.233276,0.193721,-0.103135,0.691954,0.000000,0.000000,0.000000,0.224680,-0.193721,0.103135,0.709145,0.000000,0.000000,0.000000,0.000000
0.5000,0.225166,0.188829,-0.101353,0.694275,0.000000,0.000000,0.000000,0.216719,-0.188829,0.101353,0.711169,0.000000,0.000000,0.000000,0.000000
0.5200,0.216669,0.183704,-0.099485,0.696706,0.000000,0.000000,0.000000,0.208377,-0.183704,0.099485,0.713289,0.000000,0.000000,0.000000,0.000000
0.5400,0.207798,0.178353,-0.097535,0.699244,0.000000,0.000000,0.000000,0.199669,-0.178353,0.097535,0.715503,0.000000,0.000000,0.000000,0.000000
0.5600,0.198569,0.172786,-0.095506,0.701885,0.000000,0.000000,0.000000,0.190609,-0.172787,0.095506,0.717806,0.000000,0.000000,0.000000,0.000000
0.5800,0.188999,0.167014,-0.093403,0.704624,0.000000,0.000000,0.000000,0.181214,-0.167014,0.093403,0.720194,0.000000,0.000000,0.000000,0.000000
0.6000,0.179104,0.161046,-0.091228,0.707455,0.000000,0.000000,0.000000,0.171501,-0.161046,0.091228,0.722663,0.000000,0.000000,0.000000,0.000000
0.6200,0.168906,0.154894,-0.088986,0.710373,0.000000,0.000000,0.000000,0.161489,-0.154894,0.088986,0.725208,0.000000,0.000000,0.000000,0.000000
0.6400,0.158423,0.148571,-0.086682,0.713373,0.000000,0.000000,0.000000,0.151198,-0.148571,0.086682,0.727823,0.000000,0.000000,0.000000,0.000000
0.6600,0.147677,0.142089,-0.084320,0.716448,0.000000,0.000000,0.000000,0.140649,-0.142089,0.084320,0.730505,0.000000,0.000000,0.000000,0.000000
0.6800,0.136691,0.135462,-0.081905,0.719591,0.000000,0.000000,0.000000,0.129864,-0.135462,0.081905,0.733246,0.000000,0.000000,0.000000,0.000000
0.7000,0.125487,0.128704,-0.079442,0.722797,0.000000,0.000000,0.000000,0.118865,-0.128704,0.079442,0.736042,0.000000,0.000000,0.000000,0.000000
0.7200,0.114089,0.121829,-0.076937,0.726059,0.000000,0.000000,0.000000,0.107676,-0.121830,0.076937,0.738886,0.000000,0.000000,0.000000,0.000000
0.7400,0.102522,0.114852,-0.074394,0.729368,0.000000,0.000000,0.000000,0.096321,-0.114853,0.074394,0.741772,0.000000,0.000000,0.000000,0.000000
0.7600,0.090811,0.107788,-0.071820,0.732719,0.000000,0.000000,0.000000,0.084824,-0.107789,0.071820,0.744695,0.000000,0.000000,0.000000,0.000000
0.7800,0.078982,0.100653,-0.069220,0.736104,0.000000,0.000000,0.000000,0.073211,-0.100653,0.069220,0.747646,0.000000,0.000000,0.000000,0.000000
0.8000,0.067059,0.093461,-0.066599,0.739516,0.000000,0.000000,0.000000,0.061507,-0.093462,0.066599,0.750621,0.000000,0.000000,0.000000,0.000000
0.8200,0.055070,0.086230,-0.063964,0.742947,0.000000,0.000000,0.000000,0.049737,-0.086230,0.063964,0.753613,0.000000,0.000000,0.000000,0.000000
0.8400,0.043042,0.078974,-0.061320,0.746388,0.000000,0.000000,0.000000,0.037929,-0.078975,0.061320,0.756615,0.000000,0.000000,0.000000,0.000000
0.8600,0.030999,0.071711,-0.058673,0.749834,0.000000,0.000000,0.000000,0.026107,-0.071711,0.058673,0.759619,0.000000,0.000000,0.000000,0.000000
0.8800,0.018971,0.064455,-0.056029,0.753276,0.000000,0.000000,0.000000,0.014299,-0.064456,0.056029,0.762621,0.000000,0.000000,0.000000,0.000000
0.9000,0.006982,0.057224,-0.053394,0.756707,0.000000,0.000000,0.000000,0.002529,-0.057224,0.053394,0.765613,0.000000,0.000000,0.000000,0.000000
0.9200,-0.004941,0.050032,-0.050773,0.760118,0.000000,0.000000,0.000000,-0.009175,-0.050033,0.050773,0.768588,0.000000,0.000000,0.000000,0.000000
0.9400,-0.016770,0.042897,-0.048173,0.763503,0.000000,0.000000,0.000000,-0.020788,-0.042897,0.048173,0.771540,0.000000,0.000000,0.000000,0.000000
0.9600,-0.028481,0.035833,-0.045598,0.766854,0.000000,0.000000,0.000000,-0.032285,-0.035833,0.045599,0.774462,0.000000,0.000000,0.000000,0.000000
0.9800,-0.040048,0.028856,-0.043056,0.770164,0.000000,0.000000,0.000000,-0.043640,-0.028856,0.043056,0.777348,0.000000,0.000000,0.000000,0.000000
1.0000,-0.051446,0.021981,-0.040551,0.773425,0.000000,0.000000,0.000000,-0.054829,-0.021981,0.040551,0.780192,0.000000,0.000000,0.000000,0.000000
1.0200,-0.062650,0.015223,-0.038088,0.776631,0.000000,0.000000,0.000000,-0.065828,-0.015223,0.038088,0.782988,0.000000,0.000000,0.000000,0.000000
1.0400,-0.073636,0.008596,-0.035673,0.779775,0.000000,0.000000,0.000000,-0.076613,-0.008597,0.035673,0.785729,0.000000,0.000000,0.000000,0.000000
1.0600,-0.084382,0.002114,-0.033311,0.782850,0.000000,0.000000,0.000000,-0.087162,-0.002115,0.033311,0.788411,0.000000,0.000000,0.000000,0.000000
1.0800,-0.094865,-0.004209,-0.031007,0.785849,0.000000,0.000000,0.000000,-0.097453,0.004208,0.031007,0.791027,0.000000,0.000000,0.000000,0.000000
1.1000,-0.105063,-0.010360,-0.028765,0.788768,0.000000,0.000000,0.000000,-0.107465,0.010360,0.028765,0.793571,0.000000,0.000000,0.000000,0.000000
1.1200,-0.114958,-0.016328,-0.026590,0.791599,0.000000,0.000000,0.000000,-0.117178,0.016328,0.026590,0.796040,0.000000,0.000000,0.000000,0.000000
1.1400,-0.124528,-0.022101,-0.024486,0.794337,0.000000,0.000000,0.000000,-0.126573,0.022101,0.024487,0.798429,0.000000,0.000000,0.000000,0.000000
1.1600,-0.133757,-0.027668,-0.022458,0.796978,0.000000,0.000000,0.000000,-0.135633,0.027668,0.022458,0.800731,0.000000,0.000000,0.000000,0.000000
1.1800,-0.142628,-0.033019,-0.020508,0.799517,0.000000,0.000000,0.000000,-0.144341,0.033018,0.020508,0.802945,0.000000,0.000000,0.000000,0.000000
1.2000,-0.151125,-0.038144,-0.018640,0.801948,0.000000,0.000000,0.000000,-0.152683,0.038144,0.018640,0.805065,0.000000,0.000000,0.000000,0.000000
1.2200,-0.159235,-0.043036,-0.016858,0.804269,0.000000,0.000000,0.000000,-0.160644,0.043035,0.016858,0.807089,0.000000,0.000000,0.000000,0.000000
1.2400,-0.166945,-0.047686,-0.015163,0.806475,0.000000,0.000000,0.000000,-0.168213,0.047686,0.015163,0.809013,0.000000,0.000000,0.000000,0.000000
1.2600,-0.174244,-0.052089,-0.013558,0.808563,0.000000,0.000000,0.000000,-0.175379,0.052089,0.013559,0.810834,0.000000,0.000000,0.000000,0.000000
1.2800,-0.181124,-0.056239,-0.012046,0.810532,0.000000,0.000000,0.000000,-0.182133,0.056239,0.012046,0.812551,0.000000,0.000000,0.000000,0.000000
1.3000,-0.187578,-0.060132,-0.010628,0.812379,0.000000,0.000000,0.000000,-0.188468,0.060131,0.010628,0.814161,0.000000,0.000000,0.000000,0.000000
1.3200,-0.193599,-0.063764,-0.009304,0.814102,0.000000,0.000000,0.000000,-0.194380,0.063764,0.009304,0.815664,0.000000,0.000000,0.000000,0.000000
1.3400,-0.199186,-0.067134,-0.008076,0.815700,0.000000,0.000000,0.000000,-0.199864,0.067133,0.008076,0.817058,0.000000,0.000000,0.000000,0.000000
1.3600,-0.204337,-0.070241,-0.006944,0.817174,0.000000,0.000000,0.000000,-0.204921,0.070240,0.006944,0.818343,0.000000,0.000000,0.000000,0.000000
1.3800,-0.209053,-0.073085,-0.005907,0.818524,0.000000,0.000000,0.000000,-0.209550,0.073085,0.005907,0.819520,0.000000,0.000000,0.000000,0.000000
1.4000,-0.213337,-0.075669,-0.004965,0.819749,0.000000,0.000000,0.000000,-0.213756,0.075669,0.004966,0.820589,0.000000,0.000000,0.000000,0.000000
1.4200,-0.217195,-0.077996,-0.004117,0.820853,0.000000,0.000000,0.000000,-0.217543,0.077996,0.004118,0.821552,0.000000,0.000000,0.000000,0.000000
1.4400,-0.220634,-0.080071,-0.003361,0.821838,0.000000,0.000000,0.000000,-0.220920,0.080071,0.003362,0.822410,0.000000,0.000000,0.000000,0.000000
1.4600,-0.223667,-0.081900,-0.002695,0.822705,0.000000,0.000000,0.000000,-0.223896,0.081900,0.002695,0.823167,0.000000,0.000000,0.000000,0.000000
1.4800,-0.226304,-0.083491,-0.002115,0.823460,0.000000,0.000000,0.000000,-0.226486,0.083491,0.002115,0.823825,0.000000,0.000000,0.000000,0.000000
1.5000,-0.228564,-0.084854,-0.001618,0.824107,0.000000,0.000000,0.000000,-0.228704,0.084854,0.001619,0.824389,0.000000,0.000000,0.000000,0.000000
1.5200,-0.230464,-0.086000,-0.001201,0.824650,0.000000,0.000000,0.000000,-0.230569,0.086000,0.001201,0.824863,0.000000,0.000000,0.000000,0.000000
1.5400,-0.232026,-0.086942,-0.000857,0.825097,0.000000,0.000000,0.000000,-0.232103,0.086942,0.000858,0.825253,0.000000,0.000000,0.000000,0.000000
1.5600,-0.233274,-0.087695,-0.000583,0.825454,0.000000,0.000000,0.000000,-0.233328,0.087695,0.000583,0.825564,0.000000,0.000000,0.000000,0.000000
1.5800,-0.234236,-0.088276,-0.000372,0.825730,0.000000,0.000000,0.000000,-0.234273,0.088275,0.000372,0.825804,0.000000,0.000000,0.000000,0.000000
1.6000,-0.234944,-0.088702,-0.000216,0.825932,0.000000,0.000000,0.000000,-0.234967,0.088702,0.000216,0.825981,0.000000,0.000000,0.000000,0.000000
1.6200,-0.235430,-0.088995,-0.000109,0.826071,0.000000,0.000000,0.000000,-0.235444,0.088995,0.000109,0.826102,0.000000,0.000000,0.000000,0.000000
1.6400,-0.235732,-0.089178,-0.000043,0.826158,0.000000,0.000000,0.000000,-0.235741,0.089177,0.000043,0.826177,0.000000,0.000000,0.000000,0.000000
1.6600,-0.235890,-0.089273,-0.000008,0.826203,0.000000,0.000000,0.000000,-0.235897,0.089273,0.000008,0.826217,0.000000,0.000000,0.000000,0.000000
1.6800,-0.235950,-0.089310,0.000005,0.826220,0.000000,0.000000,0.000000,-0.235955,0.089309,-0.000005,0.826232,0.000000,0.000000,0.000000,0.000000
1.7000,-0.235959,-0.089315,0.000007,0.826223,0.000000,0.000000,0.000000,-0.235964,0.089314,-0.000007,0.826234,0.000000,0.000000,0.000000,0.000000
1.7200,-0.235959,-0.089315,0.000007,0.826223,0.000000,0.000000,0.000000,-0.235964,0.089314,-0.000007,0.826234,0.000000,0.000000,0.000000,0.000000
1.7400,-0.235959,-0.089315,0.000007,0.826223,0.000000,0.000000,0.000000,-0.235964,0.089314,-0.000007,0.826234,0.000000,0.000000,0.000000,0.000000
1.7600,-0.235959,-0.089315,0.000007,0.826223,0.000000,0.000000,0.000000,-0.235964,0.089314,-0.000007,0.826234,0.000000,0.000000,0.000000,0.000000
1.7800,-0.235959,-0.089315,0.000007,0.826223,0.000000,0.000000,0.000000,-0.235964,0.089314,-0.000007,0.826234,0.000000,0.000000,0.000000,0.000000
1.8000,-0.235959,-0.089315,0.000007,0.826223,0.000000,0.000000,0.000000,-0.235964,0.089314,-0.000007,0.826234,0.000000,0.000000,0.000000,0.000000
1.8200,-0.235959,-0.089315,0.000007,0.826223,0.000000,0.000000,0.000000,-0.235964,0.089314,-0.000007,0.826234,0.000000,0.000000,0.000000,0.000000
1.8400,-0.235959,-0.089315,0.000007,0.826223,0.000000,0.000000,0.000000,-0.235964,0.089314,-0.000007,0.826234,0.000000,0.000000,0.000000,0.000000
1.8600,-0.235959,-0.089315,0.000007,0.826223,0.000000,0.000000,0.000000,-0.235964,0.089314,-0.000007,0.826234,0.000000,0.000000,0.000000,0.000000
1.8800,-0.235959,-0.089315,0.000007,0.826223,0.000000,0.000000,0.000000,-0.235964,0.089314,-0.000007,0.826234,0.000000,0.000000,0.000000,0.000000
1.9000,-0.235959,-0.089315,0.000007,0.826223,0.000000,0.000000,0.000000,-0.235964,0.089314,-0.000007,0.826234,0.000000,0.000000,0.000000,0.000000
1.9200,-0.235959,-0.089315,0.000007,0.826223,0.000000,0.000000,0.000000,-0.235964,0.089314,-0.000007,0.826234,0.000000,0.000000,0.000000,0.000000
1.9400,-0.235959,-0.089315,0.000007,0.826223,0.000000,0.000000,0.000000,-0.235964,0.089314,-0.000007,0.826234,0.000000,0.000000,0.000000,0.000000
1.9600,-0.235959,-0.089315,0.000007,0.826223,0.000000,0.000000,0.000000,-0.235964,0.089314,-0.000007,0.826234,0.000000,0.000000,0.000000,0.000000
1.9800,-0.235959,-0.089315,0.000007,0.826223,0.000000,0.000000,0.000000,-0.235964,0.089314,-0.000007,0.826234,0.000000,0.000000,0.000000,0.000000
2.0000,-0.235959,-0.089315,0.000007,0.826223,0.000000,0.000000,0.000000,-0.235964,0.089314,-0.000007,0.826234,0.000000,0.000000,0.000000,0.000000
2.0200,-0.235979,-0.089312,0.000007,0.826253,0.000000,0.000000,0.000000,-0.235984,0.089312,-0.000007,0.826265,0.000000,0.000000,0.000000,0.000000
2.0400,-0.236114,-0.089296,0.000007,0.826461,0.000000,0.000000,0.000000,-0.236119,0.089295,-0.000007,0.826472,0.000000,0.000000,0.000000,0.000000
2.0600,-0.236465,-0.089252,0.000007,0.826998,0.000000,0.000000,0.000000,-0.236470,0.089251,-0.000007,0.827010,0.000000,0.000000,0.000000,0.000000
2.0800,-0.237117,-0.089171,0.000007,0.827997,0.000000,0.000000,0.000000,-0.237122,0.089171,-0.000007,0.828009,0.000000,0.000000,0.000000,0.000000
2.1000,-0.238141,-0.089044,0.000007,0.829567,0.000000,0.000000,0.000000,-0.238146,0.089044,-0.000007,0.829578,0.000000,0.000000,0.000000,0.000000
2.1200,-0.239594,-0.088864,0.000007,0.831795,0.000000,0.000000,0.000000,-0.239599,0.088864,-0.000007,0.831806,0.000000,0.000000,0.000000,0.000000
2.1400,-0.241522,-0.088625,0.000007,0.834749,0.000000,0.000000,0.000000,-0.241527,0.088625,-0.000007,0.834760,0.000000,0.000000,0.000000,0.000000
2.1600,-0.243956,-0.088323,0.000007,0.838479,0.000000,0.000000,0.000000,-0.243960,0.088323,-0.000007,0.838490,0.000000,0.000000,0.000000,0.000000
2.1800,-0.246917,-0.087956,0.000007,0.843018,0.000000,0.000000,0.000000,-0.246921,0.087956,-0.000007,0.843028,0.000000,0.000000,0.000000,0.000000
2.2000,-0.250415,-0.087523,0.000007,0.848379,0.000000,0.000000,0.000000,-0.250419,0.087522,-0.000007,0.848390,0.000000,0.000000,0.000000,0.000000
2.2200,-0.254451,-0.087022,0.000007,0.854565,0.000000,0.000000,0.000000,-0.254455,0.087022,-0.000006,0.854575,0.000000,0.000000,0.000000,0.000000
2.2400,-0.259015,-0.086456,0.000006,0.861561,0.000000,0.000000,0.000000,-0.259019,0.086456,-0.000006,0.861571,0.000000,0.000000,0.000000,0.000000
2.2600,-0.264090,-0.085827,0.000006,0.869339,0.000000,0.000000,0.000000,-0.264094,0.085827,-0.000006,0.869349,0.000000,0.000000,0.000000,0.000000
2.2800,-0.269651,-0.085138,0.000006,0.877862,0.000000,0.000000,0.000000,-0.269655,0.085137,-0.000006,0.877872,0.000000,0.000000,0.000000,0.000000
2.3000,-0.275665,-0.084392,0.000006,0.887080,0.000000,0.000000,0.000000,-0.275668,0.084392,-0.000006,0.887089,0.000000,0.000000,0.000000,0.000000
2.3200,-0.282093,-0.083595,0.000006,0.896934,0.000000,0.000000,0.000000,-0.282097,0.083595,-0.000005,0.896942,0.000000,0.000000,0.000000,0.000000
2.3400,-0.288893,-0.082752,0.000005,0.907355,0.000000,0.000000,0.000000,-0.288896,0.082752,-0.000005,0.907363,0.000000,0.000000,0.000000,0.000000
2.3600,-0.296014,-0.081869,0.000005,0.918270,0.000000,0.000000,0.000000,-0.296017,0.081869,-0.000005,0.918278,0.000000,0.000000,0.000000,0.000000
2.3800,-0.303404,-0.080953,0.000005,0.929597,0.000000,0.000000,0.000000,-0.303407,0.080953,-0.000005,0.929604,0.000000,0.000000,0.000000,0.000000
2.4000,-0.311006,-0.080011,0.000005,0.941249,0.000000,0.000000,0.000000,-0.311009,0.080010,-0.000005,0.941256,0.000000,0.000000,0.000000,0.000000
2.4200,-0.318762,-0.079049,0.000004,0.953137,0.000000,0.000000,0.000000,-0.318765,0.079049,-0.000004,0.953144,0.000000,0.000000,0.000000,0.000000
2.4400,-0.326611,-0.078076,0.000004,0.965168,0.000000,0.000000,0.000000,-0.326614,0.078076,-0.000004,0.965174,0.000000,0.000000,0.000000,0.000000
2.4600,-0.334492,-0.077099,0.000004,0.977246,0.000000,0.000000,0.000000,-0.334494,0.077099,-0.000004,0.977251,0.000000,0.000000,0.000000,0.000000
2.4800,-0.342341,-0.076126,0.000004,0.989276,0.000000,0.000000,0.000000,-0.342343,0.076126,-0.000004,0.989281,0.000000,0.000000,0.000000,0.000000
2.5000,-0.350097,-0.075164,0.000003,1.001164,0.000000,0.000000,0.000000,-0.350099,0.075164,-0.000003,1.001168,0.000000,0.000000,0.000000,0.000000
2.5200,-0.357699,-0.074222,0.000003,1.012816,0.000000,0.000000,0.000000,-0.357701,0.074221,-0.000003,1.012820,0.000000,0.000000,0.000000,0.000000
2.5400,-0.365089,-0.073305,0.000003,1.024143,0.000000,0.000000,0.000000,-0.365091,0.073305,-0.000003,1.024147,0.000000,0.000000,0.000000,0.000000
2.5600,-0.372210,-0.072423,0.000003,1.035058,0.000000,0.000000,0.000000,-0.372212,0.072422,-0.000003,1.035061,0.000000,0.000000,0.000000,0.000000
2.5800,-0.379010,-0.071580,0.000002,1.045479,0.000000,0.000000,0.000000,-0.379011,0.071579,-0.000002,1.045482,0.000000,0.000000,0.000000,0.000000
2.6000,-0.385439,-0.070783,0.000002,1.055333,0.000000,0.000000,0.000000,-0.385440,0.070782,-0.000002,1.055335,0.000000,0.000000,0.000000,0.000000
2.6200,-0.391453,-0.070037,0.000002,1.064551,0.000000,0.000000,0.000000,-0.391453,0.070037,-0.000002,1.064553,0.000000,0.000000,0.000000,0.000000
2.6400,-0.397013,-0.069348,0.000002,1.073074,0.000000,0.000000,0.000000,-0.397014,0.069347,-0.000002,1.073076,0.000000,0.000000,0.000000,0.000000
2.6600,-0.402088,-0.068718,0.000002,1.080852,0.000000,0.000000,0.000000,-0.402089,0.068718,-0.000002,1.080854,0.000000,0.000000,0.000000,0.000000
2.6800,-0.406652,-0.068153,0.000002,1.087848,0.000000,0.000000,0.000000,-0.406653,0.068152,-0.000002,1.087849,0.000000,0.000000,0.000000,0.000000
2.7000,-0.410688,-0.067652,0.000001,1.094034,0.000000,0.000000,0.000000,-0.410689,0.067652,-0.000001,1.094035,0.000000,0.000000,0.000000,0.000000
2.7200,-0.414186,-0.067218,0.000001,1.099395,0.000000,0.000000,0.000000,-0.414187,0.067218,-0.000001,1.099396,0.000000,0.000000,0.000000,0.000000
2.7400,-0.417147,-0.066851,0.000001,1.103934,0.000000,0.000000,0.000000,-0.417148,0.066851,-0.000001,1.103934,0.000000,0.000000,0.000000,0.000000
2.7600,-0.419581,-0.066550,0.000001,1.107664,0.000000,0.000000,0.000000,-0.419581,0.066550,-0.000001,1.107665,0.000000,0.000000,0.000000,0.000000
2.7800,-0.421509,-0.066311,0.000001,1.110618,0.000000,0.000000,0.000000,-0.421509,0.066311,-0.000001,1.110619,0.000000,0.000000,0.000000,0.000000
2.8000,-0.422962,-0.066130,0.000001,1.112846,0.000000,0.000000,0.000000,-0.422962,0.066130,-0.000001,1.112847,0.000000,0.000000,0.000000,0.000000
2.8200,-0.423986,-0.066004,0.000001,1.114416,0.000000,0.000000,0.000000,-0.423986,0.066003,-0.000001,1.114416,0.000000,0.000000,0.000000,0.000000
2.8400,-0.424638,-0.065923,0.000001,1.115415,0.000000,0.000000,0.000000,-0.424638,0.065923,-0.000001,1.115415,0.000000,0.000000,0.000000,0.000000
2.8600,-0.424989,-0.065879,0.000001,1.115952,0.000000,0.000000,0.000000,-0.424989,0.065879,-0.000001,1.115953,0.000000,0.000000,0.000000,0.000000
2.8800,-0.425124,-0.065862,0.000001,1.116160,0.000000,0.000000,0.000000,-0.425124,0.065862,-0.000001,1.116160,0.000000,0.000000,0.000000,0.000000
2.9000,-0.425144,-0.065860,0.000001,1.116190,0.000000,0.000000,0.000000,-0.425144,0.065860,-0.000001,1.116191,0.000000,0.000000,0.000000,0.000000
2.9200,-0.425144,-0.065860,0.000001,1.116190,0.000000,0.000000,0.000000,-0.425144,0.065860,-0.000001,1.116191,0.000000,0.000000,0.000000,0.000000
2.9400,-0.425144,-0.065860,0.000001,1.116190,0.000000,0.000000,0.000000,-0.425144,0.065860,-0.000001,1.116191,0.000000,0.000000,0.000000,0.000000
2.9600,-0.425144,-0.065860,0.000001,1.116190,0.000000,0.000000,0.000000,-0.425144,0.065860,-0.000001,1.116191,0.000000,0.000000,0.000000,0.000000
2.9800,-0.425144,-0.065860,0.000001,1.116190,0.000000,0.000000,0.000000,-0.425144,0.065860,-0.000001,1.116191,0.000000,0.000000,0.000000,0.000000
3.0000,-0.425144,-0.065860,0.000001,1.116190,0.000000,0.000000,0.000000,-0.425144,0.065860,-0.000001,1.116191,0.000000,0.000000,0.000000,0.000000
3.0200,-0.425144,-0.065860,0.000001,1.116190,0.000000,0.000000,0.000000,-0.425144,0.065860,-0.000001,1.116191,0.000000,0.000000,0.000000,0.000000
3.0400,-0.425144,-0.065860,0.000001,1.116190,0.000000,0.000000,0.000000,-0.425144,0.065860,-0.000001,1.116191,0.000000,0.000000,0.000000,0.000000
3.0600,-0.425144,-0.065860,0.000001,1.116190,0.000000,0.000000,0.000000,-0.425144,0.065860,-0.000001,1.116191,0.000000,0.000000,0.000000,0.000000
3.0800,-0.425144,-0.065860,0.000001,1.116190,0.000000,0.000000,0.000000,-0.425144,0.065860,-0.000001,1.116191,0.000000,0.000000,0.000000,0.000000
3.1000,-0.425144,-0.065860,0.000001,1.116190,0.000000,0.000000,0.000000,-0.425144,0.065860,-0.000001,1.116191,0.000000,0.000000,0.000000,0.000000
3.1200,-0.425144,-0.065860,0.000001,1.116190,0.000000,0.000000,0.000000,-0.425144,0.065860,-0.000001,1.116191,0.000000,0.000000,0.000000,0.000000
3.1400,-0.425144,-0.065860,0.000001,1.116190,0.000000,0.000000,0.000000,-0.425144,0.065860,-0.000001,1.116191,0.000000,0.000000,0.000000,0.000000
3.1600,-0.425144,-0.065860,0.000001,1.116190,0.000000,0.000000,0.000000,-0.425144,0.065860,-0.000001,1.116191,0.000000,0.000000,0.000000,0.000000
3.1800,-0.425144,-0.065860,0.000001,1.116190,0.000000,0.000000,0.000000,-0.425144,0.065860,-0.000001,1.116191,0.000000,0.000000,0.000000,0.000000
3.2000,-0.425144,-0.065860,0.000001,1.116190,0.000000,0.000000,0.000000,-0.425144,0.065860,-0.000001,1.116191,0.000000,0.000000,0.000000,0.000000
3.2200,-0.425124,-0.065862,0.000001,1.116160,0.000000,0.000000,0.000000,-0.425124,0.065862,-0.000001,1.116160,0.000000,0.000000,0.000000,0.000000
3.2400,-0.424989,-0.065879,0.000001,1.115952,0.000000,0.000000,0.000000,-0.424989,0.065879,-0.000001,1.115953,0.000000,0.000000,0.000000,0.000000
3.2600,-0.424638,-0.065923,0.000001,1.115415,0.000000,0.000000,0.000000,-0.424638,0.065923,-0.000001,1.115415,0.000000,0.000000,0.000000,0.000000
3.2800,-0.423986,-0.066004,0.000001,1.114416,0.000000,0.000000,0.000000,-0.423986,0.066003,-0.000001,1.114416,0.000000,0.000000,0.000000,0.000000
3.3000,-0.422962,-0.066130,0.000001,1.112846,0.000000,0.000000,0.000000,-0.422962,0.066130,-0.000001,1.112847,0.000000,0.000000,0.000000,0.000000
3.3200,-0.421509,-0.066311,0.000001,1.110618,0.000000,0.000000,0.000000,-0.421509,0.066311,-0.000001,1.110619,0.000000,0.000000,0.000000,0.000000
3.3400,-0.419581,-0.066550,0.000001,1.107664,0.000000,0.000000,0.000000,-0.419581,0.066550,-0.000001,1.107665,0.000000,0.000000,0.000000,0.000000
3.3600,-0.417147,-0.066851,0.000001,1.103934,0.000000,0.000000,0.000000,-0.417148,0.066851,-0.000001,1.103934,0.000000,0.000000,0.000000,0.000000
3.3800,-0.414186,-0.067218,0.000001,1.099395,0.000000,0.000000,0.000000,-0.414187,0.067218,-0.000001,1.099396,0.000000,0.000000,0.000000,0.000000
3.4000,-0.410688,-0.067652,0.000001,1.094034,0.000000,0.000000,0.000000,-0.410689,0.067652,-0.000001,1.094035,0.000000,0.000000,0.000000,0.000000
3.4200,-0.406652,-0.068153,0.000002,1.087848,0.000000,0.000000,0.000000,-0.406653,0.068152,-0.000002,1.087849,0.000000,0.000000,0.000000,0.000000
3.4400,-0.402088,-0.068718,0.000002,1.080852,0.000000,0.000000,0.000000,-0.402089,0.068718,-0.000002,1.080854,0.000000,0.000000,0.000000,0.000000
3.4600,-0.397013,-0.069348,0.000002,1.073074,0.000000,0.000000,0.000000,-0.397014,0.069347,-0.000002,1.073076,0.000000,0.000000,0.000000,0.000000
3.4800,-0.391453,-0.070037,0.000002,1.064551,0.000000,0.000000,0.000000,-0.391453,0.070037,-0.000002,1.064553,0.000000,0.000000,0.000000,0.000000
3.5000,-0.385439,-0.070783,0.000002,1.055333,0.000000,0.000000,0.000000,-0.385440,0.070782,-0.000002,1.055335,0.000000,0.000000,0.000000,0.000000
3.5200,-0.379010,-0.071580,0.000002,1.045479,0.000000,0.000000,0.000000,-0.379011,0.071579,-0.000002,1.045482,0.000000,0.000000,0.000000,0.000000
3.5400,-0.372210,-0.072423,0.000003,1.035058,0.000000,0.000000,0.000000,-0.372212,0.072422,-0.000003,1.035061,0.000000,0.000000,0.000000,0.000000
3.5600,-0.365089,-0.073305,0.000003,1.024143,0.000000,0.000000,0.000000,-0.365091,0.073305,-0.000003,1.024147,0.000000,0.000000,0.000000,0.000000
3.5800,-0.357699,-0.074222,0.000003,1.012816,0.000000,0.000000,0.000000,-0.357701,0.074221,-0.000003,1.012820,0.000000,0.000000,0.000000,0.000000
3.6000,-0.350097,-0.075164,0.000003,1.001164,0.000000,0.000000,0.000000,-0.350099,0.075164,-0.000003,1.001168,0.000000,0.000000,0.000000,0.000000
3.6200,-0.342341,-0.076126,0.000004,0.989276,0.000000,0.000000,0.000000,-0.342343,0.076126,-0.000004,0.989281,0.000000,0.000000,0.000000,0.000000
3.6400,-0.334492,-0.077099,0.000004,0.977246,0.000000,0.000000,0.000000,-0.334494,0.077099,-0.000004,0.977251,0.000000,0.000000,0.000000,0.000000
3.6600,-0.326611,-0.078076,0.000004,0.965168,0.000000,0.000000,0.000000,-0.326614,0.078076,-0.000004,0.965174,0.000000,0.000000,0.000000,0.000000
3.6800,-0.318762,-0.079049,0.000004,0.953137,0.000000,0.000000,0.000000,-0.318765,0.079049,-0.000004,0.953144,0.000000,0.000000,0.000000,0.000000
3.7000,-0.311006,-0.080011,0.000005,0.941249,0.000000,0.000000,0.000000,-0.311009,0.080010,-0.000005,0.941256,0.000000,0.000000,0.000000,0.000000
3.7200,-0.303404,-0.080953,0.000005,0.929597,0.000000,0.000000,0.000000,-0.303407,0.080953,-0.000005,0.929604,0.000000,0.000000,0.000000,0.000000
3.7400,-0.296014,-0.081869,0.000005,0.918270,0.000000,0.000000,0.000000,-0.296017,0.081869,-0.000005,0.918278,0.000000,0.000000,0.000000,0.000000
3.7600,-0.288893,-0.082752,0.000005,0.907355,0.000000,0.000000,0.000000,-0.288896,0.082752,-0.000005,0.907363,0.000000,0.000000,0.000000,0.000000
3.7800,-0.282093,-0.083595,0.000006,0.896934,0.000000,0.000000,0.000000,-0.282097,0.083595,-0.000005,0.896942,0.000000,0.000000,0.000000,0.000000
3.8000,-0.275665,-0.084392,0.000006,0.887080,0.000000,0.000000,0.000000,-0.275668,0.084392,-0.000006,0.887089,0.000000,0.000000,0.000000,0.000000
3.8200,-0.269651,-0.085138,0.000006,0.877862,0.000000,0.000000,0.000000,-0.269655,0.085137,-0.000006,0.877872,0.000000,0.000000,0.000000,0.000000
3.8400,-0.264090,-0.085827,0.000006,0.869339,0.000000,0.000000,0.000000,-0.264094,0.085827,-0.000006,0.869349,0.000000,0.000000,0.000000,0.000000
3.8600,-0.259015,-0.086456,0.000006,0.861561,0.000000,0.000000,0.000000,-0.259019,0.086456,-0.000006,0.861571,0.000000,0.000000,0.000000,0.000000
3.8800,-0.254451,-0.087022,0.000007,0.854565,0.000000,0.000000,0.000000,-0.254455,0.087022,-0.000006,0.854575,0.000000,0.000000,0.000000,0.000000
3.9000,-0.250415,-0.087523,0.000007,0.848379,0.000000,0.000000,0.000000,-0.250419,0.087522,-0.000007,0.848390,0.000000,0.000000,0.000000,0.000000
3.9200,-0.246917,-0.087956,0.000007,0.843018,0.000000,0.000000,0.000000,-0.246921,0.087956,-0.000007,0.843028,0.000000,0.000000,0.000000,0.000000
3.9400,-0.243956,-0.088323,0.000007,0.838479,0.000000,0.000000,0.000000,-0.243960,0.088323,-0.000007,0.838490,0.000000,0.000000,0.000000,0.000000
3.9600,-0.241522,-0.088625,0.000007,0.834749,0.000000,0.000000,0.000000,-0.241527,0.088625,-0.000007,0.834760,0.000000,0.000000,0.000000,0.000000
3.9800,-0.239594,-0.088864,0.000007,0.831795,0.000000,0.000000,0.000000,-0.239599,0.088864,-0.000007,0.831806,0.000000,0.000000,0.000000,0.000000
4.0000,-0.238141,-0.089044,0.000007,0.829567,0.000000,0.000000,0.000000,-0.238146,0.089044,-0.000007,0.829578,0.000000,0.000000,0.000000,0.000000
4.0200,-0.237117,-0.089171,0.000007,0.827997,0.000000,0.000000,0.000000,-0.237122,0.089171,-0.000007,0.828009,0.000000,0.000000,0.000000,0.000000
4.0400,-0.236465,-0.089252,0.000007,0.826998,0.000000,0.000000,0.000000,-0.236470,0.089251,-0.000007,0.827010,0.000000,0.000000,0.000000,0.000000
4.0600,-0.236114,-0.089296,0.000007,0.826461,0.000000,0.000000,0.000000,-0.236119,0.089295,-0.000007,0.826472,0.000000,0.000000,0.000000,0.000000
4.0800,-0.235979,-0.089312,0.000007,0.826253,0.000000,0.000000,0.000000,-0.235984,0.089312,-0.000007,0.826265,0.000000,0.000000,0.000000,0.000000
4.1000,-0.235959,-0.089315,0.000007,0.826223,0.000000,0.000000,0.000000,-0.235964,0.089314,-0.000007,0.826234,0.000000,0.000000,0.000000,0.000000
4.1200,-0.235959,-0.089315,0.000007,0.826223,0.000000,0.000000,0.000000,-0.235964,0.089314,-0.000007,0.826234,0.000000,0.000000,0.000000,0.000000
4.1400,-0.235959,-0.089315,0.000007,0.826223,0.000000,0.000000,0.000000,-0.235964,0.089314,-0.000007,0.826234,0.000000,0.000000,0.000000,0.000000
4.1600,-0.235959,-0.089315,0.000007,0.826223,0.000000,0.000000,0.000000,-0.235964,0.089314,-0.000007,0.826234,0.000000,0.000000,0.000000,0.000000
4.1800,-0.235959,-0.089315,0.000007,0.826223,0.000000,0.000000,0.000000,-0.235964,0.089314,-0.000007,0.826234,0.000000,0.000000,0.000000,0.000000
4.2000,-0.235959,-0.089315,0.000007,0.826223,0.000000,0.000000,0.000000,-0.235964,0.089314,-0.000007,0.826234,0.000000,0.000000,0.000000,0.000000
4.2200,-0.235959,-0.089315,0.000007,0.826223,0.000000,0.000000,0.000000,-0.235964,0.089314,-0.000007,0.826234,0.000000,0.000000,0.000000,0.000000
4.2400,-0.235959,-0.089315,0.000007,0.826223,0.000000,0.000000,0.000000,-0.235964,0.089314,-0.000007,0.826234,0.000000,0.000000,0.000000,0.000000
4.2600,-0.235959,-0.089315,0.000007,0.826223,0.000000,0.000000,0.000000,-0.235964,0.089314,-0.000007,0.826234,0.000000,0.000000,0.000000,0.000000
4.2800,-0.235959,-0.089315,0.000007,0.826223,0.000000,0.000000,0.000000,-0.235964,0.089314,-0.000007,0.826234,0.000000,0.000000,0.000000,0.000000
4.3000,-0.235959,-0.089315,0.000007,0.826223,0.000000,0.000000,0.000000,-0.235964,0.089314,-0.000007,0.826234,0.000000,0.000000,0.000000,0.000000
4.3200,-0.235959,-0.089315,0.000007,0.826223,0.000000,0.000000,0.000000,-0.235964,0.089314,-0.000007,0.826234,0.000000,0.000000,0.000000,0.000000
4.3400,-0.235959,-0.089315,0.000007,0.826223,0.000000,0.000000,0.000000,-0.235964,0.089314,-0.000007,0.826234,0.000000,0.000000,0.000000,0.000000
4.3600,-0.235959,-0.089315,0.000007,0.826223,0.000000,0.000000,0.000000,-0.235964,0.089314,-0.000007,0.826234,0.000000,0.000000,0.000000,0.000000
4.3800,-0.235959,-0.089315,0.000007,0.826223,0.000000,0.000000,0.000000,-0.235964,0.089314,-0.000007,0.826234,0.000000,0.000000,0.000000,0.000000
4.4000,-0.235959,-0.089315,0.000007,0.826223,0.000000,0.000000,0.000000,-0.235964,0.089314,-0.000007,0.826234,0.000000,0.000000,0.000000,0.000000
4.4200,-0.235959,-0.089315,0.000007,0.826215,0.000000,0.000000,0.000000,-0.235964,0.089314,-0.000007,0.826227,0.000000,0.000000,0.000000,0.000000
4.4400,-0.235957,-0.089317,0.000007,0.826165,0.000000,0.000000,0.000000,-0.235962,0.089316,-0.000007,0.826177,0.000000,0.000000,0.000000,0.000000
4.4600,-0.235953,-0.089321,0.000007,0.826032,0.000000,0.000000,0.000000,-0.235958,0.089321,-0.000007,0.826044,0.000000,0.000000,0.000000,0.000000
4.4800,-0.235946,-0.089330,0.000007,0.825779,0.000000,0.000000,0.000000,-0.235950,0.089329,-0.000007,0.825790,0.000000,0.000000,0.000000,0.000000
4.5000,-0.235933,-0.089343,0.000007,0.825371,0.000000,0.000000,0.000000,-0.235938,0.089343,-0.000007,0.825382,0.000000,0.000000,0.000000,0.000000
4.5200,-0.235915,-0.089363,0.000007,0.824775,0.000000,0.000000,0.000000,-0.235920,0.089363,-0.000007,0.824786,0.000000,0.000000,0.000000,0.000000
4.5400,-0.235890,-0.089391,0.000007,0.823962,0.000000,0.000000,0.000000,-0.235895,0.089390,-0.000006,0.823973,0.000000,0.000000,0.000000,0.000000
4.5600,-0.235858,-0.089426,0.000006,0.822905,0.000000,0.000000,0.000000,-0.235863,0.089426,-0.000006,0.822917,0.000000,0.000000,0.000000,0.000000
4.5800,-0.235818,-0.089471,0.000006,0.821580,0.000000,0.000000,0.000000,-0.235823,0.089470,-0.000006,0.821591,0.000000,0.000000,0.000000,0.000000
4.6000,-0.235769,-0.089525,0.000006,0.819964,0.000000,0.000000,0.000000,-0.235774,0.089524,-0.000006,0.819975,0.000000,0.000000,0.000000,0.000000
4.6200,-0.235711,-0.089590,0.000005,0.818036,0.000000,0.000000,0.000000,-0.235715,0.089589,-0.000005,0.818048,0.000000,0.000000,0.000000,0.000000
4.6400,-0.235642,-0.089666,0.000005,0.815781,0.000000,0.000000,0.000000,-0.235647,0.089665,-0.000005,0.815792,0.000000,0.000000,0.000000,0.000000
4.6600,-0.235563,-0.089753,0.000004,0.813180,0.000000,0.000000,0.000000,-0.235568,0.089752,-0.000004,0.813192,0.000000,0.000000,0.000000,0.000000
4.6800,-0.235473,-0.089852,0.000003,0.810223,0.000000,0.000000,0.000000,-0.235478,0.089852,-0.000003,0.810234,0.000000,0.000000,0.000000,0.000000
4.7000,-0.235372,-0.089964,0.000003,0.806896,0.000000,0.000000,0.000000,-0.235377,0.089963,-0.000003,0.806907,0.000000,0.000000,0.000000,0.000000
4.7200,-0.235260,-0.090088,0.000002,0.803191,0.000000,0.000000,0.000000,-0.235264,0.090088,-0.000002,0.803202,0.000000,0.000000,0.000000,0.000000
4.7400,-0.235136,-0.090226,0.000001,0.799101,0.000000,0.000000,0.000000,-0.235140,0.090225,-0.000001,0.799111,0.000000,0.000000,0.000000,0.000000
4.7600,-0.235000,-0.090376,-0.000000,0.794619,0.000000,0.000000,0.000000,-0.235004,0.090376,0.000000,0.794629,0.000000,0.000000,0.000000,0.000000
4.7800,-0.234851,-0.090540,-0.000001,0.789742,0.000000,0.000000,0.000000,-0.234856,0.090540,0.000001,0.789752,0.000000,0.000000,0.000000,0.000000
4.8000,-0.234691,-0.090717,-0.000002,0.784468,0.000000,0.000000,0.000000,-0.234696,0.090717,0.000003,0.784479,0.000000,0.000000,0.000000,0.000000
4.8200,-0.234519,-0.090908,-0.000004,0.778797,0.000000,0.000000,0.000000,-0.234524,0.090907,0.000004,0.778808,0.000000,0.000000,0.000000,0.000000
4.8400,-0.234335,-0.091112,-0.000005,0.772730,0.000000,0.000000,0.000000,-0.234339,0.091111,0.000005,0.772741,0.000000,0.000000,0.000000,0.000000
4.8600,-0.234139,-0.091329,-0.000007,0.766271,0.000000,0.000000,0.000000,-0.234143,0.091328,0.000007,0.766281,0.000000,0.000000,0.000000,0.000000
4.8800,-0.233931,-0.091559,-0.000008,0.759423,0.000000,0.000000,0.000000,-0.233935,0.091558,0.000008,0.759433,0.000000,0.000000,0.000000,0.000000
4.9000,-0.233711,-0.091802,-0.000010,0.752192,0.000000,0.000000,0.000000,-0.233716,0.091801,0.000010,0.752202,0.000000,0.000000,0.000000,0.000000
4.9200,-0.233480,-0.092057,-0.000011,0.744586,0.000000,0.000000,0.000000,-0.233485,0.092057,0.000012,0.744596,0.000000,0.000000,0.000000,0.000000
4.9400,-0.233238,-0.092325,-0.000013,0.736614,0.000000,0.000000,0.000000,-0.233243,0.092324,0.000013,0.736623,0.000000,0.000000,0.000000,0.000000
4.9600,-0.232985,-0.092605,-0.000015,0.728285,0.000000,0.000000,0.000000,-0.232990,0.092604,0.000015,0.728294,0.000000,0.000000,0.000000,0.000000
4.9800,-0.232722,-0.092896,-0.000017,0.719610,0.000000,0.000000,0.000000,-0.232726,0.092896,0.000017,0.719619,0.000000,0.000000,0.000000,0.000000
5.0000,-0.232449,-0.093199,-0.000019,0.710602,0.000000,0.000000,0.000000,-0.232453,0.093198,0.000019,0.710611,0.000000,0.000000,0.000000,0.000000
5.0200,-0.232165,-0.093512,-0.000021,0.701273,0.000000,0.000000,0.000000,-0.232169,0.093512,0.000021,0.701282,0.000000,0.000000,0.000000,0.000000
5.0400,-0.231873,-0.093836,-0.000024,0.691639,0.000000,0.000000,0.000000,-0.231877,0.093835,0.000024,0.691648,0.000000,0.000000,0.000000,0.000000
5.0600,-0.231572,-0.094169,-0.000026,0.681714,0.000000,0.000000,0.000000,-0.231575,0.094169,0.000026,0.681722,0.000000,0.000000,0.000000,0.000000
5.0800,-0.231262,-0.094512,-0.000028,0.671515,0.000000,0.000000,0.000000,-0.231265,0.094511,0.000028,0.671523,0.000000,0.000000,0.000000,0.000000
5.1000,-0.230944,-0.094863,-0.000031,0.661058,0.000000,0.000000,0.000000,-0.230948,0.094862,0.000031,0.661066,0.000000,0.000000,0.000000,0.000000
5.1200,-0.230620,-0.095222,-0.000033,0.650361,0.000000,0.000000,0.000000,-0.230623,0.095222,0.000033,0.650369,0.000000,0.000000,0.000000,0.000000
5.1400,-0.230288,-0.095589,-0.000035,0.639444,0.000000,0.000000,0.000000,-0.230291,0.095588,0.000035,0.639452,0.000000,0.000000,0.000000,0.000000
5.1600,-0.229951,-0.095962,-0.000038,0.628324,0.000000,0.000000,0.000000,-0.229954,0.095962,0.000038,0.628332,0.000000,0.000000,0.000000,0.000000
5.1800,-0.229607,-0.096342,-0.000041,0.617022,0.000000,0.000000,0.000000,-0.229611,0.096342,0.000041,0.617029,0.000000,0.000000,0.000000,0.000000
5.2000,-0.229259,-0.096727,-0.000043,0.605558,0.000000,0.000000,0.000000,-0.229262,0.096727,0.000043,0.605565,0.000000,0.000000,0.000000,0.000000
5.2200,-0.228907,-0.097117,-0.000046,0.593952,0.000000,0.000000,0.000000,-0.228910,0.097117,0.000046,0.593959,0.000000,0.000000,0.000000,0.000000
5.2400,-0.228551,-0.097511,-0.000048,0.582226,0.000000,0.000000,0.000000,-0.228554,0.097511,0.000048,0.582232,0.000000,0.000000,0.000000,0.000000
5.2600,-0.228192,-0.097908,-0.000051,0.570401,0.000000,0.000000,0.000000,-0.228195,0.097908,0.000051,0.570407,0.000000,0.000000,0.000000,0.000000
5.2800,-0.227830,-0.098308,-0.000054,0.558498,0.000000,0.000000,0.000000,-0.227833,0.098308,0.000054,0.558505,0.000000,0.000000,0.000000,0.000000
5.3000,-0.227467,-0.098710,-0.000057,0.546541,0.000000,0.000000,0.000000,-0.227470,0.098709,0.000057,0.546547,0.000000,0.000000,0.000000,0.000000
5.3200,-0.227103,-0.099112,-0.000059,0.534550,0.000000,0.000000,0.000000,-0.227106,0.099112,0.000059,0.534555,0.000000,0.000000,0.000000,0.000000
5.3400,-0.226739,-0.099515,-0.000062,0.522548,0.000000,0.000000,0.000000,-0.226741,0.099515,0.000062,0.522553,0.000000,0.000000,0.000000,0.000000
5.3600,-0.226375,-0.099918,-0.000065,0.510557,0.000000,0.000000,0.000000,-0.226377,0.099918,0.000065,0.510562,0.000000,0.000000,0.000000,0.000000
5.3800,-0.226012,-0.100320,-0.000068,0.498599,0.000000,0.000000,0.000000,-0.226014,0.100320,0.000067,0.498604,0.000000,0.000000,0.000000,0.000000
5.4000,-0.225650,-0.100720,-0.000070,0.486697,0.000000,0.000000,0.000000,-0.225653,0.100720,0.000070,0.486701,0.000000,0.000000,0.000000,0.000000
5.4200,-0.225291,-0.101117,-0.000073,0.474871,0.000000,0.000000,0.000000,-0.225293,0.101117,0.000073,0.474876,0.000000,0.000000,0.000000,0.000000
5.4400,-0.224935,-0.101511,-0.000076,0.463145,0.000000,0.000000,0.000000,-0.224937,0.101511,0.000075,0.463150,0.000000,0.000000,0.000000,0.000000
5.4600,-0.224583,-0.101901,-0.000078,0.451540,0.000000,0.000000,0.000000,-0.224585,0.101901,0.000078,0.451544,0.000000,0.000000,0.000000,0.000000
5.4800,-0.224235,-0.102286,-0.000081,0.440075,0.000000,0.000000,0.000000,-0.224237,0.102286,0.000081,0.440079,0.000000,0.000000,0.000000,0.000000
5.5000,-0.223892,-0.102665,-0.000083,0.428773,0.000000,0.000000,0.000000,-0.223893,0.102665,0.000083,0.428777,0.000000,0.000000,0.000000,0.000000
5.5200,-0.223554,-0.103039,-0.000086,0.417653,0.000000,0.000000,0.000000,-0.223556,0.103039,0.000086,0.417657,0.000000,0.000000,0.000000,0.000000
5.5400,-0.223223,-0.103406,-0.000088,0.406736,0.000000,0.000000,0.000000,-0.223224,0.103406,0.000088,0.406739,0.000000,0.000000,0.000000,0.000000
5.5600,-0.222898,-0.103765,-0.000091,0.396039,0.000000,0.000000,0.000000,-0.222899,0.103765,0.000091,0.396043,0.000000,0.000000,0.000000,0.000000
5.5800,-0.222580,-0.104116,-0.000093,0.385583,0.000000,0.000000,0.000000,-0.222582,0.104116,0.000093,0.385586,0.000000,0.000000,0.000000,0.000000
5.6000,-0.222271,-0.104459,-0.000096,0.375383,0.000000,0.000000,0.000000,-0.222272,0.104459,0.000095,0.375386,0.000000,0.000000,0.000000,0.000000
5.6200,-0.221969,-0.104792,-0.000098,0.365458,0.000000,0.000000,0.000000,-0.221971,0.104792,0.000098,0.365461,0.000000,0.000000,0.000000,0.000000
5.6400,-0.221677,-0.105116,-0.000100,0.355824,0.000000,0.000000,0.000000,-0.221678,0.105116,0.000100,0.355827,0.000000,0.000000,0.000000,0.000000
5.6600,-0.221394,-0.105429,-0.000102,0.346496,0.000000,0.000000,0.000000,-0.221395,0.105429,0.000102,0.346498,0.000000,0.000000,0.000000,0.000000
5.6800,-0.221120,-0.105732,-0.000104,0.337487,0.000000,0.000000,0.000000,-0.221121,0.105732,0.000104,0.337489,0.000000,0.000000,0.000000,0.000000
5.7000,-0.220857,-0.106023,-0.000106,0.328813,0.000000,0.000000,0.000000,-0.220858,0.106023,0.000106,0.328814,0.000000,0.000000,0.000000,0.000000
5.7200,-0.220604,-0.106303,-0.000108,0.320483,0.000000,0.000000,0.000000,-0.220605,0.106303,0.000108,0.320485,0.000000,0.000000,0.000000,0.000000
5.7400,-0.220362,-0.106571,-0.000110,0.312511,0.000000,0.000000,0.000000,-0.220363,0.106571,0.000110,0.312513,0.000000,0.000000,0.000000,0.000000
5.7600,-0.220131,-0.106826,-0.000112,0.304905,0.000000,0.000000,0.000000,-0.220132,0.106826,0.000111,0.304907,0.000000,0.000000,0.000000,0.000000
5.7800,-0.219911,-0.107069,-0.000113,0.297675,0.000000,0.000000,0.000000,-0.219912,0.107069,0.000113,0.297676,0.000000,0.000000,0.000000,0.000000
5.8000,-0.219703,-0.107299,-0.000115,0.290827,0.000000,0.000000,0.000000,-0.219704,0.107299,0.000115,0.290828,0.000000,0.000000,0.000000,0.000000
5.8200,-0.219507,-0.107516,-0.000116,0.284367,0.000000,0.000000,0.000000,-0.219508,0.107516,0.000116,0.284368,0.000000,0.000000,0.000000,0.000000
5.8400,-0.219323,-0.107720,-0.000118,0.278300,0.000000,0.000000,0.000000,-0.219324,0.107720,0.000117,0.278301,0.000000,0.000000,0.000000,0.000000
5.8600,-0.219151,-0.107910,-0.000119,0.272629,0.000000,0.000000,0.000000,-0.219151,0.107911,0.000119,0.272630,0.000000,0.000000,0.000000,0.000000
5.8800,-0.218991,-0.108088,-0.000120,0.267355,0.000000,0.000000,0.000000,-0.218991,0.108088,0.000120,0.267356,0.000000,0.000000,0.000000,0.000000
5.9000,-0.218843,-0.108251,-0.000121,0.262479,0.000000,0.000000,0.000000,-0.218843,0.108252,0.000121,0.262479,0.000000,0.000000,0.000000,0.000000
5.9200,-0.218707,-0.108402,-0.000122,0.257997,0.000000,0.000000,0.000000,-0.218707,0.108402,0.000122,0.257997,0.000000,0.000000,0.000000,0.000000
5.9400,-0.218582,-0.108539,-0.000123,0.253906,0.000000,0.000000,0.000000,-0.218583,0.108539,0.000123,0.253906,0.000000,0.000000,0.000000,0.000000
5.9600,-0.218470,-0.108664,-0.000124,0.250201,0.000000,0.000000,0.000000,-0.218470,0.108664,0.000124,0.250201,0.000000,0.000000,0.000000,0.000000
5.9800,-0.218369,-0.108775,-0.000125,0.246874,0.000000,0.000000,0.000000,-0.218369,0.108776,0.000125,0.246875,0.000000,0.000000,0.000000,0.000000
6.0000,-0.218279,-0.108875,-0.000126,0.243917,0.000000,0.000000,0.000000,-0.218279,0.108875,0.000125,0.243917,0.000000,0.000000,0.000000,0.000000
6.0200,-0.218200,-0.108962,-0.000126,0.241317,0.000000,0.000000,0.000000,-0.218200,0.108962,0.000126,0.241317,0.000000,0.000000,0.000000,0.000000
6.0400,-0.218132,-0.109038,-0.000127,0.239061,0.000000,0.000000,0.000000,-0.218132,0.109038,0.000126,0.239061,0.000000,0.000000,0.000000,0.000000
6.0600,-0.218073,-0.109103,-0.000127,0.237134,0.000000,0.000000,0.000000,-0.218073,0.109103,0.000127,0.237134,0.000000,0.000000,0.000000,0.000000
6.0800,-0.218024,-0.109157,-0.000127,0.235517,0.000000,0.000000,0.000000,-0.218024,0.109157,0.000127,0.235517,0.000000,0.000000,0.000000,0.000000
6.1000,-0.217984,-0.109201,-0.000128,0.234192,0.000000,0.000000,0.000000,-0.217984,0.109202,0.000127,0.234192,0.000000,0.000000,0.000000,0.000000
6.1200,-0.217952,-0.109237,-0.000128,0.233135,0.000000,0.000000,0.000000,-0.217952,0.109237,0.000128,0.233135,0.000000,0.000000,0.000000,0.000000
6.1400,-0.217927,-0.109264,-0.000128,0.232323,0.000000,0.000000,0.000000,-0.217927,0.109265,0.000128,0.232323,0.000000,0.000000,0.000000,0.000000
6.1600,-0.217909,-0.109284,-0.000128,0.231727,0.000000,0.000000,0.000000,-0.217909,0.109285,0.000128,0.231727,0.000000,0.000000,0.000000,0.000000
6.1800,-0.217897,-0.109298,-0.000128,0.231318,0.000000,0.000000,0.000000,-0.217897,0.109298,0.000128,0.231318,0.000000,0.000000,0.000000,0.000000
6.2000,-0.217889,-0.109307,-0.000128,0.231065,0.000000,0.000000,0.000000,-0.217889,0.109307,0.000128,0.231065,0.000000,0.000000,0.000000,0.000000
6.2200,-0.217885,-0.109311,-0.000129,0.230932,0.000000,0.000000,0.000000,-0.217885,0.109311,0.000128,0.230932,0.000000,0.000000,0.000000,0.000000
6.2400,-0.217883,-0.109313,-0.000129,0.230882,0.000000,0.000000,0.000000,-0.217883,0.109313,0.000128,0.230882,0.000000,0.000000,0.000000,0.000000
6.2600,-0.217883,-0.109313,-0.000129,0.230874,0.000000,0.000000,0.000000,-0.217883,0.109313,0.000128,0.230875,0.000000,0.000000,0.000000,0.000000
6.2800,-0.217883,-0.109313,-0.000129,0.230874,0.000000,0.000000,0.000000,-0.217883,0.109313,0.000128,0.230875,0.000000,0.000000,0.000000,0.000000
6.3000,-0.217883,-0.109313,-0.000129,0.230874,0.000000,0.000000,0.000000,-0.217883,0.109313,0.000128,0.230875,0.000000,0.000000,0.000000,0.000000
6.3200,-0.217883,-0.109313,-0.000129,0.230874,0.000000,0.000000,0.000000,-0.217883,0.109313,0.000128,0.230875,0.000000,0.000000,0.000000,0.000000
6.3400,-0.217883,-0.109313,-0.000129,0.230874,0.000000,0.000000,0.000000,-0.217883,0.109313,0.000128,0.230875,0.000000,0.000000,0.000000,0.000000
6.3600,-0.217883,-0.109313,-0.000129,0.230874,0.000000,0.000000,0.000000,-0.217883,0.109313,0.000128,0.230875,0.000000,0.000000,0.000000,0.000000
6.3800,-0.217883,-0.109313,-0.000129,0.230874,0.000000,0.000000,0.000000,-0.217883,0.109313,0.000128,0.230875,0.000000,0.000000,0.000000,0.000000
6.4000,-0.217883,-0.109313,-0.000129,0.230874,0.000000,0.000000,0.000000,-0.217883,0.109313,0.000128,0.230875,0.000000,0.000000,0.000000,0.000000
6.4200,-0.217883,-0.109313,-0.000129,0.230874,0.000000,0.000000,0.000000,-0.217883,0.109313,0.000128,0.230875,0.000000,0.000000,0.000000,0.000000
6.4400,-0.217883,-0.109313,-0.000129,0.230874,0.000000,0.000000,0.000000,-0.217883,0.109313,0.000128,0.230875,0.000000,0.000000,0.000000,0.000000
6.4600,-0.217883,-0.109313,-0.000129,0.230874,0.000000,0.000000,0.000000,-0.217883,0.109313,0.000128,0.230875,0.000000,0.000000,0.000000,0.000000
6.4800,-0.217883,-0.109313,-0.000129,0.230874,0.000000,0.000000,0.000000,-0.217883,0.109313,0.000128,0.230875,0.000000,0.000000,0.000000,0.000000
6.5000,-0.217883,-0.109313,-0.000129,0.230874,0.000000,0.000000,0.000000,-0.217883,0.109313,0.000128,0.230875,0.000000,0.000000,0.000000,0.000000
6.5200,-0.217883,-0.109313,-0.000129,0.230874,0.000000,0.000000,0.000000,-0.217883,0.109313,0.000128,0.230875,0.000000,0.000000,0.000000,0.000000
6.5400,-0.217883,-0.109313,-0.000129,0.230874,0.000000,0.000000,0.000000,-0.217883,0.109313,0.000128,0.230875,0.000000,0.000000,0.000000,0.000000
6.5600,-0.217883,-0.109313,-0.000129,0.230874,0.000000,0.000000,0.000000,-0.217883,0.109313,0.000128,0.230875,0.000000,0.000000,0.000000,0.000000
6.5800,-0.217883,-0.109313,-0.000129,0.230882,0.000000,0.000000,0.000000,-0.217883,0.109313,0.000128,0.230882,0.000000,0.000000,0.000000,0.000000
6.6000,-0.217885,-0.109311,-0.000129,0.230932,0.000000,0.000000,0.000000,-0.217885,0.109311,0.000128,0.230932,0.000000,0.000000,0.000000,0.000000
6.6200,-0.217889,-0.109307,-0.000128,0.231065,0.000000,0.000000,0.000000,-0.217889,0.109307,0.000128,0.231065,0.000000,0.000000,0.000000,0.000000
6.6400,-0.217897,-0.109298,-0.000128,0.231318,0.000000,0.000000,0.000000,-0.217897,0.109298,0.000128,0.231318,0.000000,0.000000,0.000000,0.000000
6.6600,-0.217909,-0.109284,-0.000128,0.231727,0.000000,0.000000,0.000000,-0.217909,0.109285,0.000128,0.231727,0.000000,0.000000,0.000000,0.000000
6.6800,-0.217927,-0.109264,-0.000128,0.232323,0.000000,0.000000,0.000000,-0.217927,0.109265,0.000128,0.232323,0.000000,0.000000,0.000000,0.000000
6.7000,-0.217952,-0.109237,-0.000128,0.233135,0.000000,0.000000,0.000000,-0.217952,0.109237,0.000128,0.233135,0.000000,0.000000,0.000000,0.000000
6.7200,-0.217984,-0.109201,-0.000128,0.234192,0.000000,0.000000,0.000000,-0.217984,0.109202,0.000127,0.234192,0.000000,0.000000,0.000000,0.000000
6.7400,-0.218024,-0.109157,-0.000127,0.235517,0.000000,0.000000,0.000000,-0.218024,0.109157,0.000127,0.235517,0.000000,0.000000,0.000000,0.000000
6.7600,-0.218073,-0.109103,-0.000127,0.237134,0.000000,0.000000,0.000000,-0.218073,0.109103,0.000127,0.237134,0.000000,0.000000,0.000000,0.000000
6.7800,-0.218132,-0.109038,-0.000127,0.239061,0.000000,0.000000,0.000000,-0.218132,0.109038,0.000126,0.239061,0.000000,0.000000,0.000000,0.000000
6.8000,-0.218200,-0.108962,-0.000126,0.241317,0.000000,0.000000,0.000000,-0.218200,0.108962,0.000126,0.241317,0.000000,0.000000,0.000000,0.000000
6.8200,-0.218279,-0.108875,-0.000126,0.243917,0.000000,0.000000,0.000000,-0.218279,0.108875,0.000125,0.243917,0.000000,0.000000,0.000000,0.000000
6.8400,-0.218369,-0.108775,-0.000125,0.246874,0.000000,0.000000,0.000000,-0.218369,0.108776,0.000125,0.246875,0.000000,0.000000,0.000000,0.000000
6.8600,-0.218470,-0.108664,-0.000124,0.250201,0.000000,0.000000,0.000000,-0.218470,0.108664,0.000124,0.250201,0.000000,0.000000,0.000000,0.000000
6.8800,-0.218582,-0.108539,-0.000123,0.253906,0.000000,0.000000,0.000000,-0.218583,0.108539,0.000123,0.253906,0.000000,0.000000,0.000000,0.000000
6.9000,-0.218707,-0.108402,-0.000122,0.257997,0.000000,0.000000,0.000000,-0.218707,0.108402,0.000122,0.257997,0.000000,0.000000,0.000000,0.000000
6.9200,-0.218843,-0.108251,-0.000121,0.262479,0.000000,0.000000,0.000000,-0.218843,0.108252,0.000121,0.262479,0.000000,0.000000,0.000000,0.000000
6.9400,-0.218991,-0.108088,-0.000120,0.267355,0.000000,0.000000,0.000000,-0.218991,0.108088,0.000120,0.267356,0.000000,0.000000,0.000000,0.000000
6.9600,-0.219151,-0.107910,-0.000119,0.272629,0.000000,0.000000,0.000000,-0.219151,0.107911,0.000119,0.272630,0.000000,0.000000,0.000000,0.000000
6.9800,-0.219323,-0.107720,-0.000118,0.278300,0.000000,0.000000,0.000000,-0.219324,0.107720,0.000117,0.278301,0.000000,0.000000,0.000000,0.000000
7.0000,-0.219507,-0.107516,-0.000116,0.284367,0.000000,0.000000,0.000000,-0.219508,0.107516,0.000116,0.284368,0.000000,0.000000,0.000000,0.000000
7.0200,-0.219703,-0.107299,-0.000115,0.290827,0.000000,0.000000,0.000000,-0.219704,0.107299,0.000115,0.290828,0.000000,0.000000,0.000000,0.000000
7.0400,-0.219911,-0.107069,-0.000113,0.297675,0.000000,0.000000,0.000000,-0.219912,0.107069,0.000113,0.297676,0.000000,0.000000,0.000000,0.000000
7.0600,-0.220131,-0.106826,-0.000112,0.304905,0.000000,0.000000,0.000000,-0.220132,0.106826,0.000111,0.304907,0.000000,0.000000,0.000000,0.000000
7.0800,-0.220362,-0.106571,-0.000110,0.312511,0.000000,0.000000,0.000000,-0.220363,0.106571,0.000110,0.312513,0.000000,0.000000,0.000000,0.000000
7.1000,-0.220604,-0.106303,-0.000108,0.320483,0.000000,0.000000,0.000000,-0.220605,0.106303,0.000108,0.320485,0.000000,0.000000,0.000000,0.000000
7.1200,-0.220857,-0.106023,-0.000106,0.328813,0.000000,0.000000,0.000000,-0.220858,0.106023,0.000106,0.328814,0.000000,0.000000,0.000000,0.000000
7.1400,-0.221120,-0.105732,-0.000104,0.337487,0.000000,0.000000,0.000000,-0.221121,0.105732,0.000104,0.337489,0.000000,0.000000,0.000000,0.000000
7.1600,-0.221394,-0.105429,-0.000102,0.346496,0.000000,0.000000,0.000000,-0.221395,0.105429,0.000102,0.346498,0.000000,0.000000,0.000000,0.000000
7.1800,-0.221677,-0.105116,-0.000100,0.355824,0.000000,0.000000,0.000000,-0.221678,0.105116,0.000100,0.355827,0.000000,0.000000,0.000000,0.000000
7.2000,-0.221969,-0.104792,-0.000098,0.365458,0.000000,0.000000,0.000000,-0.221971,0.104792,0.000098,0.365461,0.000000,0.000000,0.000000,0.000000
7.2200,-0.222271,-0.104459,-0.000096,0.375383,0.000000,0.000000,0.000000,-0.222272,0.104459,0.000095,0.375386,0.000000,0.000000,0.000000,0.000000
7.2400,-0.222580,-0.104116,-0.000093,0.385583,0.000000,0.000000,0.000000,-0.222582,0.104116,0.000093,0.385586,0.000000,0.000000,0.000000,0.000000
7.2600,-0.222898,-0.103765,-0.000091,0.396039,0.000000,0.000000,0.000000,-0.222899,0.103765,0.000091,0.396043,0.000000,0.000000,0.000000,0.000000
7.2800,-0.223223,-0.103406,-0.000088,0.406736,0.000000,0.000000,0.000000,-0.223224,0.103406,0.000088,0.406739,0.000000,0.000000,0.000000,0.000000
7.3000,-0.223554,-0.103039,-0.000086,0.417653,0.000000,0.000000,0.000000,-0.223556,0.103039,0.000086,0.417657,0.000000,0.000000,0.000000,0.000000
7.3200,-0.223892,-0.102665,-0.000083,0.428773,0.000000,0.000000,0.000000,-0.223893,0.102665,0.000083,0.428777,0.000000,0.000000,0.000000,0.000000
7.3400,-0.224235,-0.102286,-0.000081,0.440075,0.000000,0.000000,0.000000,-0.224237,0.102286,0.000081,0.440079,0.000000,0.000000,0.000000,0.000000
7.3600,-0.224583,-0.101901,-0.000078,0.451540,0.000000,0.000000,0.000000,-0.224585,0.101901,0.000078,0.451544,0.000000,0.000000,0.000000,0.000000
7.3800,-0.224935,-0.101511,-0.000076,0.463145,0.000000,0.000000,0.000000,-0.224937,0.101511,0.000075,0.463150,0.000000,0.000000,0.000000,0.000000
7.4000,-0.225291,-0.101117,-0.000073,0.474871,0.000000,0.000000,0.000000,-0.225293,0.101117,0.000073,0.474876,0.000000,0.000000,0.000000,0.000000
7.4200,-0.225650,-0.100720,-0.000070,0.486697,0.000000,0.000000,0.000000,-0.225653,0.100720,0.000070,0.486701,0.000000,0.000000,0.000000,0.000000
7.4400,-0.226012,-0.100320,-0.000068,0.498599,0.000000,0.000000,0.000000,-0.226014,0.100320,0.000067,0.498604,0.000000,0.000000,0.000000,0.000000
7.4600,-0.226375,-0.099918,-0.000065,0.510557,0.000000,0.000000,0.000000,-0.226377,0.099918,0.000065,0.510562,0.000000,0.000000,0.000000,0.000000
7.4800,-0.226739,-0.099515,-0.000062,0.522548,0.000000,0.000000,0.000000,-0.226741,0.099515,0.000062,0.522553,0.000000,0.000000,0.000000,0.000000
7.5000,-0.227103,-0.099112,-0.000059,0.534550,0.000000,0.000000,0.000000,-0.227106,0.099112,0.000059,0.534555,0.000000,0.000000,0.000000,0.000000
7.5200,-0.227467,-0.098710,-0.000057,0.546541,0.000000,0.000000,0.000000,-0.227470,0.098709,0.000057,0.546547,0.000000,0.000000,0.000000,0.000000
7.5400,-0.227830,-0.098308,-0.000054,0.558498,0.000000,0.000000,0.000000,-0.227833,0.098308,0.000054,0.558505,0.000000,0.000000,0.000000,0.000000
7.5600,-0.228192,-0.097908,-0.000051,0.570401,0.000000,0.000000,0.000000,-0.228195,0.097908,0.000051,0.570407,0.000000,0.000000,0.000000,0.000000
7.5800,-0.228551,-0.097511,-0.000048,0.582226,0.000000,0.000000,0.000000,-0.228554,0.097511,0.000048,0.582232,0.000000,0.000000,0.000000,0.000000
7.6000,-0.228907,-0.097117,-0.000046,0.593952,0.000000,0.000000,0.000000,-0.228910,0.097117,0.000046,0.593959,0.000000,0.000000,0.000000,0.000000
7.6200,-0.229259,-0.096727,-0.000043,0.605558,0.000000,0.000000,0.000000,-0.229262,0.096727,0.000043,0.605565,0.000000,0.000000,0.000000,0.000000
7.6400,-0.229607,-0.096342,-0.000041,0.617022,0.000000,0.000000,0.000000,-0.229611,0.096342,0.000041,0.617029,0.000000,0.000000,0.000000,0.000000
7.6600,-0.229951,-0.095962,-0.000038,0.628324,0.000000,0.000000,0.000000,-0.229954,0.095962,0.000038,0.628332,0.000000,0.000000,0.000000,0.000000
7.6800,-0.230288,-0.095589,-0.000035,0.639444,0.000000,0.000000,0.000000,-0.230291,0.095588,0.000035,0.639452,0.000000,0.000000,0.000000,0.000000
7.7000,-0.230620,-0.095222,-0.000033,0.650361,0.000000,0.000000,0.000000,-0.230623,0.095222,0.000033,0.650369,0.000000,0.000000,0.000000,0.000000
7.7200,-0.230944,-0.094863,-0.000031,0.661058,0.000000,0.000000,0.000000,-0.230948,0.094862,0.000031,0.661066,0.000000,0.000000,0.000000,0.000000
7.7400,-0.231262,-0.094512,-0.000028,0.671515,0.000000,0.000000,0.000000,-0.231265,0.094511,0.000028,0.671523,0.000000,0.000000,0.000000,0.000000
7.7600,-0.231572,-0.094169,-0.000026,0.681714,0.000000,0.000000,0.000000,-0.231575,0.094169,0.000026,0.681722,0.000000,0.000000,0.000000,0.000000
7.7800,-0.231873,-0.093836,-0.000024,0.691639,0.000000,0.000000,0.000000,-0.231877,0.093835,0.000024,0.691648,0.000000,0.000000,0.000000,0.000000
7.8000,-0.232165,-0.093512,-0.000021,0.701273,0.000000,0.000000,0.000000,-0.232169,0.093512,0.000021,0.701282,0.000000,0.000000,0.000000,0.000000
7.8200,-0.232449,-0.093199,-0.000019,0.710602,0.000000,0.000000,0.000000,-0.232453,0.093198,0.000019,0.710611,0.000000,0.000000,0.000000,0.000000
7.8400,-0.232722,-0.092896,-0.000017,0.719610,0.000000,0.000000,0.000000,-0.232726,0.092896,0.000017,0.719619,0.000000,0.000000,0.000000,0.000000
7.8600,-0.232985,-0.092605,-0.000015,0.728285,0.000000,0.000000,0.000000,-0.232990,0.092604,0.000015,0.728294,0.000000,0.000000,0.000000,0.000000
7.8800,-0.233238,-0.092325,-0.000013,0.736614,0.000000,0.000000,0.000000,-0.233243,0.092324,0.000013,0.736623,0.000000,0.000000,0.000000,0.000000
7.9000,-0.233480,-0.092057,-0.000011,0.744586,0.000000,0.000000,0.000000,-0.233485,0.092057,0.000012,0.744596,0.000000,0.000000,0.000000,0.000000
7.9200,-0.233711,-0.091802,-0.000010,0.752192,0.000000,0.000000,0.000000,-0.233716,0.091801,0.000010,0.752202,0.000000,0.000000,0.000000,0.000000
7.9400,-0.233931,-0.091559,-0.000008,0.759423,0.000000,0.000000,0.000000,-0.233935,0.091558,0.000008,0.759433,0.000000,0.000000,0.000000,0.000000
7.9600,-0.234139,-0.091329,-0.000007,0.766271,0.000000,0.000000,0.000000,-0.234143,0.091328,0.000007,0.766281,0.000000,0.000000,0.000000,0.000000
7.9800,-0.234335,-0.091112,-0.000005,0.772730,0.000000,0.000000,0.000000,-0.234339,0.091111,0.000005,0.772741,0.000000,0.000000,0.000000,0.000000
8.0000,-0.234519,-0.090908,-0.000004,0.778797,0.000000,0.000000,0.000000,-0.234524,0.090907,0.000004,0.778808,0.000000,0.000000,0.000000,0.000000
8.0200,-0.234691,-0.090717,-0.000002,0.784468,0.000000,0.000000,0.000000,-0.234696,0.090717,0.000003,0.784479,0.000000,0.000000,0.000000,0.000000
8.0400,-0.234851,-0.090540,-0.000001,0.789742,0.000000,0.000000,0.000000,-0.234856,0.090540,0.000001,0.789752,0.000000,0.000000,0.000000,0.000000
8.0600,-0.235000,-0.090376,-0.000000,0.794619,0.000000,0.000000,0.000000,-0.235004,0.090376,0.000000,0.794629,0.000000,0.000000,0.000000,0.000000
8.0800,-0.235136,-0.090226,0.000001,0.799101,0.000000,0.000000,0.000000,-0.235140,0.090225,-0.000001,0.799111,0.000000,0.000000,0.000000,0.000000
8.1000,-0.235260,-0.090088,0.000002,0.803191,0.000000,0.000000,0.000000,-0.235264,0.090088,-0.000002,0.803202,0.000000,0.000000,0.000000,0.000000
8.1200,-0.235372,-0.089964,0.000003,0.806896,0.000000,0.000000,0.000000,-0.235377,0.089963,-0.000003,0.806907,0.000000,0.000000,0.000000,0.000000
8.1400,-0.235473,-0.089852,0.000003,0.810223,0.000000,0.000000,0.000000,-0.235478,0.089852,-0.000003,0.810234,0.000000,0.000000,0.000000,0.000000
8.1600,-0.235563,-0.089753,0.000004,0.813180,0.000000,0.000000,0.000000,-0.235568,0.089752,-0.000004,0.813192,0.000000,0.000000,0.000000,0.000000
8.1800,-0.235642,-0.089666,0.000005,0.815781,0.000000,0.000000,0.000000,-0.235647,0.089665,-0.000005,0.815792,0.000000,0.000000,0.000000,0.000000
8.2000,-0.235711,-0.089590,0.000005,0.818036,0.000000,0.000000,0.000000,-0.235715,0.089589,-0.000005,0.818048,0.000000,0.000000,0.000000,0.000000
8.2200,-0.235769,-0.089525,0.000006,0.819964,0.000000,0.000000,0.000000,-0.235774,0.089524,-0.000006,0.819975,0.000000,0.000000,0.000000,0.000000
8.2400,-0.235818,-0.089471,0.000006,0.821580,0.000000,0.000000,0.000000,-0.235823,0.089470,-0.000006,0.821591,0.000000,0.000000,0.000000,0.000000
8.2600,-0.235858,-0.089426,0.000006,0.822905,0.000000,0.000000,0.000000,-0.235863,0.089426,-0.000006,0.822917,0.000000,0.000000,0.000000,0.000000
8.2800,-0.235890,-0.089391,0.000007,0.823962,0.000000,0.000000,0.000000,-0.235895,0.089390,-0.000006,0.823973,0.000000,0.000000,0.000000,0.000000
8.3000,-0.235915,-0.089363,0.000007,0.824775,0.000000,0.000000,0.000000,-0.235920,0.089363,-0.000007,0.824786,0.000000,0.000000,0.000000,0.000000
8.3200,-0.235933,-0.089343,0.000007,0.825371,0.000000,0.000000,0.000000,-0.235938,0.089343,-0.000007,0.825382,0.000000,0.000000,0.000000,0.000000
8.3400,-0.235946,-0.089330,0.000007,0.825779,0.000000,0.000000,0.000000,-0.235950,0.089329,-0.000007,0.825790,0.000000,0.000000,0.000000,0.000000
8.3600,-0.235953,-0.089321,0.000007,0.826032,0.000000,0.000000,0.000000,-0.235958,0.089321,-0.000007,0.826044,0.000000,0.000000,0.000000,0.000000
8.3800,-0.235957,-0.089317,0.000007,0.826165,0.000000,0.000000,0.000000,-0.235962,0.089316,-0.000007,0.826177,0.000000,0.000000,0.000000,0.000000
8.4000,-0.235959,-0.089315,0.000007,0.826215,0.000000,0.000000,0.000000,-0.235964,0.089314,-0.000007,0.826227,0.000000,0.000000,0.000000,0.000000
8.4200,-0.235959,-0.089315,0.000007,0.826223,0.000000,0.000000,0.000000,-0.235964,0.089314,-0.000007,0.826234,0.000000,0.000000,0.000000,0.000000
8.4400,-0.235959,-0.089315,0.000007,0.826223,0.000000,0.000000,0.000000,-0.235964,0.089314,-0.000007,0.826234,0.000000,0.000000,0.000000,0.000000
8.4600,-0.235959,-0.089315,0.000007,0.826223,0.000000,0.000000,0.000000,-0.235964,0.089314,-0.000007,0.826234,0.000000,0.000000,0.000000,0.000000
8.4800,-0.235959,-0.089315,0.000007,0.826223,0.000000,0.000000,0.000000,-0.235964,0.089314,-0.000007,0.826234,0.000000,0.000000,0.000000,0.000000
8.5000,-0.235959,-0.089315,0.000007,0.826223,0.000000,0.000000,0.000000,-0.235964,0.089314,-0.000007,0.826234,0.000000,0.000000,0.000000,0.000000
8.5200,-0.235959,-0.089315,0.000007,0.826223,0.000000,0.000000,0.000000,-0.235964,0.089314,-0.000007,0.826234,0.000000,0.000000,0.000000,0.000000
8.5400,-0.235959,-0.089315,0.000007,0.826223,0.000000,0.000000,0.000000,-0.235964,0.089314,-0.000007,0.826234,0.000000,0.000000,0.000000,0.000000
8.5600,-0.235959,-0.089315,0.000007,0.826223,0.000000,0.000000,0.000000,-0.235964,0.089314,-0.000007,0.826234,0.000000,0.000000,0.000000,0.000000
8.5800,-0.235959,-0.089315,0.000007,0.826223,0.000000,0.000000,0.000000,-0.235964,0.089314,-0.000007,0.826234,0.000000,0.000000,0.000000,0.000000
8.6000,-0.235959,-0.089315,0.000007,0.826223,0.000000,0.000000,0.000000,-0.235964,0.089314,-0.000007,0.826234,0.000000,0.000000,0.000000,0.000000
8.6200,-0.235959,-0.089315,0.000007,0.826223,0.000000,0.000000,0.000000,-0.235964,0.089314,-0.000007,0.826234,0.000000,0.000000,0.000000,0.000000
8.6400,-0.235959,-0.089315,0.000007,0.826223,0.000000,0.000000,0.000000,-0.235964,0.089314,-0.000007,0.826234,0.000000,0.000000,0.000000,0.000000
8.6600,-0.235959,-0.089315,0.000007,0.826223,0.000000,0.000000,0.000000,-0.235964,0.089314,-0.000007,0.826234,0.000000,0.000000,0.000000,0.000000
8.6800,-0.235959,-0.089315,0.000007,0.826223,0.000000,0.000000,0.000000,-0.235964,0.089314,-0.000007,0.826234,0.000000,0.000000,0.000000,0.000000
8.7000,-0.235959,-0.089315,0.000007,0.826223,0.000000,0.000000,0.000000,-0.235964,0.089314,-0.000007,0.826234,0.000000,0.000000,0.000000,0.000000
8.7200,-0.235959,-0.089315,0.000007,0.826223,0.000000,0.000000,0.000000,-0.235964,0.089314,-0.000007,0.826234,0.000000,0.000000,0.000000,0.000000
8.7400,-0.235959,-0.089315,0.000007,0.826220,0.000000,0.000000,0.000000,-0.235964,0.089314,-0.000007,0.826232,0.000000,0.000000,0.000000,0.000000
8.7600,-0.235960,-0.089316,0.000007,0.826204,0.000000,0.000000,0.000000,-0.235965,0.089315,-0.000007,0.826215,0.000000,0.000000,0.000000,0.000000
8.7800,-0.235962,-0.089317,0.000007,0.826159,0.000000,0.000000,0.000000,-0.235967,0.089317,-0.000007,0.826171,0.000000,0.000000,0.000000,0.000000
8.8000,-0.235967,-0.089321,0.000007,0.826074,0.000000,0.000000,0.000000,-0.235972,0.089320,-0.000007,0.826086,0.000000,0.000000,0.000000,0.000000
8.8200,-0.235974,-0.089326,0.000007,0.825935,0.000000,0.000000,0.000000,-0.235979,0.089325,-0.000007,0.825947,0.000000,0.000000,0.000000,0.000000
8.8400,-0.235985,-0.089334,0.000007,0.825731,0.000000,0.000000,0.000000,-0.235990,0.089333,-0.000007,0.825742,0.000000,0.000000,0.000000,0.000000
8.8600,-0.236001,-0.089345,0.000007,0.825449,0.000000,0.000000,0.000000,-0.236005,0.089344,-0.000007,0.825460,0.000000,0.000000,0.000000,0.000000
8.8800,-0.236020,-0.089359,0.000007,0.825079,0.000000,0.000000,0.000000,-0.236025,0.089358,-0.000007,0.825090,0.000000,0.000000,0.000000,0.000000
8.9000,-0.236046,-0.089377,0.000007,0.824610,0.000000,0.000000,0.000000,-0.236050,0.089376,-0.000007,0.824621,0.000000,0.000000,0.000000,0.000000
8.9200,-0.236077,-0.089399,0.000007,0.824031,0.000000,0.000000,0.000000,-0.236081,0.089398,-0.000007,0.824042,0.000000,0.000000,0.000000,0.000000
8.9400,-0.236114,-0.089426,0.000008,0.823334,0.000000,0.000000,0.000000,-0.236119,0.089425,-0.000007,0.823345,0.000000,0.000000,0.000000,0.000000
8.9600,-0.236158,-0.089458,0.000008,0.822508,0.000000,0.000000,0.000000,-0.236163,0.089457,-0.000008,0.822519,0.000000,0.000000,0.000000,0.000000
8.9800,-0.236210,-0.089495,0.000008,0.821546,0.000000,0.000000,0.000000,-0.236215,0.089494,-0.000008,0.821557,0.000000,0.000000,0.000000,0.000000
9.0000,-0.236269,-0.089537,0.000008,0.820438,0.000000,0.000000,0.000000,-0.236274,0.089537,-0.000008,0.820449,0.000000,0.000000,0.000000,0.000000
9.0200,-0.236337,-0.089586,0.000008,0.819177,0.000000,0.000000,0.000000,-0.236342,0.089585,-0.000008,0.819188,0.000000,0.000000,0.000000,0.000000
9.0400,-0.236413,-0.089640,0.000008,0.817756,0.000000,0.000000,0.000000,-0.236418,0.089640,-0.000008,0.817767,0.000000,0.000000,0.000000,0.000000
9.0600,-0.236498,-0.089701,0.000009,0.816167,0.000000,0.000000,0.000000,-0.236503,0.089701,-0.000008,0.816178,0.000000,0.000000,0.000000,0.000000
9.0800,-0.236592,-0.089769,0.000009,0.814404,0.000000,0.000000,0.000000,-0.236597,0.089769,-0.000009,0.814415,0.000000,0.000000,0.000000,0.000000
9.1000,-0.236697,-0.089844,0.000009,0.812461,0.000000,0.000000,0.000000,-0.236701,0.089843,-0.000009,0.812472,0.000000,0.000000,0.000000,0.000000
9.1200,-0.236811,-0.089926,0.000009,0.810332,0.000000,0.000000,0.000000,-0.236816,0.089925,-0.000009,0.810343,0.000000,0.000000,0.000000,0.000000
9.1400,-0.236935,-0.090015,0.000010,0.808012,0.000000,0.000000,0.000000,-0.236940,0.090014,-0.000010,0.808023,0.000000,0.000000,0.000000,0.000000
9.1600,-0.237070,-0.090112,0.000010,0.805496,0.000000,0.000000,0.000000,-0.237075,0.090111,-0.000010,0.805507,0.000000,0.000000,0.000000,0.000000
9.1800,-0.237216,-0.090216,0.000010,0.802779,0.000000,0.000000,0.000000,-0.237220,0.090216,-0.000010,0.802790,0.000000,0.000000,0.000000,0.000000
9.2000,-0.237372,-0.090328,0.000011,0.799857,0.000000,0.000000,0.000000,-0.237377,0.090328,-0.000011,0.799868,0.000000,0.000000,0.000000,0.000000
9.2200,-0.237540,-0.090449,0.000011,0.796726,0.000000,0.000000,0.000000,-0.237545,0.090448,-0.000011,0.796737,0.000000,0.000000,0.000000,0.000000
9.2400,-0.237719,-0.090577,0.000012,0.793384,0.000000,0.000000,0.000000,-0.237724,0.090577,-0.000012,0.793395,0.000000,0.000000,0.000000,0.000000
9.2600,-0.237910,-0.090714,0.000012,0.789827,0.000000,0.000000,0.000000,-0.237914,0.090714,-0.000012,0.789838,0.000000,0.000000,0.000000,0.000000
9.2800,-0.238112,-0.090859,0.000013,0.786052,0.000000,0.000000,0.000000,-0.238117,0.090859,-0.000013,0.786063,0.000000,0.000000,0.000000,0.000000
9.3000,-0.238326,-0.091013,0.000013,0.782057,0.000000,0.000000,0.000000,-0.238331,0.091012,-0.000013,0.782068,0.000000,0.000000,0.000000,0.000000
9.3200,-0.238552,-0.091175,0.000014,0.777840,0.000000,0.000000,0.000000,-0.238557,0.091174,-0.000014,0.777851,0.000000,0.000000,0.000000,0.000000
9.3400,-0.238790,-0.091346,0.000015,0.773400,0.000000,0.000000,0.000000,-0.238795,0.091345,-0.000015,0.773411,0.000000,0.000000,0.000000,0.000000
9.3600,-0.239040,-0.091525,0.000015,0.768736,0.000000,0.000000,0.000000,-0.239045,0.091525,-0.000015,0.768746,0.000000,0.000000,0.000000,0.000000
9.3800,-0.239302,-0.091713,0.000016,0.763845,0.000000,0.000000,0.000000,-0.239307,0.091713,-0.000016,0.763856,0.000000,0.000000,0.000000,0.000000
9.4000,-0.239577,-0.091910,0.000017,0.758729,0.000000,0.000000,0.000000,-0.239581,0.091909,-0.000017,0.758739,0.000000,0.000000,0.000000,0.000000
9.4200,-0.239863,-0.092115,0.000017,0.753385,0.000000,0.000000,0.000000,-0.239867,0.092115,-0.000017,0.753396,0.000000,0.000000,0.000000,0.000000
9.4400,-0.240161,-0.092329,0.000018,0.747816,0.000000,0.000000,0.000000,-0.240166,0.092329,-0.000018,0.747826,0.000000,0.000000,0.000000,0.000000
9.4600,-0.240472,-0.092552,0.000019,0.742020,0.000000,0.000000,0.000000,-0.240477,0.092552,-0.000019,0.742030,0.000000,0.000000,0.000000,0.000000
9.4800,-0.240795,-0.092784,0.000020,0.735999,0.000000,0.000000,0.000000,-0.240799,0.092783,-0.000020,0.736009,0.000000,0.000000,0.000000,0.000000
9.5000,-0.241130,-0.093024,0.000021,0.729752,0.000000,0.000000,0.000000,-0.241134,0.093023,-0.000021,0.729763,0.000000,0.000000,0.000000,0.000000
9.5200,-0.241476,-0.093272,0.000022,0.723283,0.000000,0.000000,0.000000,-0.241481,0.093272,-0.000022,0.723293,0.000000,0.000000,0.000000,0.000000
9.5400,-0.241835,-0.093530,0.000023,0.716591,0.000000,0.000000,0.000000,-0.241839,0.093529,-0.000023,0.716601,0.000000,0.000000,0.000000,0.000000
9.5600,-0.242205,-0.093795,0.000024,0.709680,0.000000,0.000000,0.000000,-0.242210,0.093795,-0.000024,0.709690,0.000000,0.000000,0.000000,0.000000
9.5800,-0.242588,-0.094070,0.000025,0.702549,0.000000,0.000000,0.000000,-0.242592,0.094069,-0.000025,0.702559,0.000000,0.000000,0.000000,0.000000
9.6000,-0.242981,-0.094352,0.000026,0.695203,0.000000,0.000000,0.000000,-0.242986,0.094352,-0.000026,0.695213,0.000000,0.000000,0.000000,0.000000
9.6200,-0.243386,-0.094643,0.000027,0.687644,0.000000,0.000000,0.000000,-0.243391,0.094642,-0.000027,0.687653,0.000000,0.000000,0.000000,0.000000
9.6400,-0.243803,-0.094941,0.000028,0.679873,0.000000,0.000000,0.000000,-0.243807,0.094941,-0.000028,0.679883,0.000000,0.000000,0.000000,0.000000
9.6600,-0.244230,-0.095248,0.000029,0.671895,0.000000,0.000000,0.000000,-0.244235,0.095248,-0.000029,0.671905,0.000000,0.000000,0.000000,0.000000
9.6800,-0.244669,-0.095563,0.000030,0.663712,0.000000,0.000000,0.000000,-0.244673,0.095563,-0.000030,0.663722,0.000000,0.000000,0.000000,0.000000
9.7000,-0.245118,-0.095885,0.000031,0.655329,0.000000,0.000000,0.000000,-0.245122,0.095885,-0.000031,0.655338,0.000000,0.000000,0.000000,0.000000
9.7200,-0.245578,-0.096215,0.000032,0.646748,0.000000,0.000000,0.000000,-0.245582,0.096215,-0.000033,0.646757,0.000000,0.000000,0.000000,0.000000
9.7400,-0.246049,-0.096552,0.000034,0.637973,0.000000,0.000000,0.000000,-0.246053,0.096552,-0.000034,0.637982,0.000000,0.000000,0.000000,0.000000
9.7600,-0.246529,-0.096897,0.000035,0.629009,0.000000,0.000000,0.000000,-0.246533,0.096897,-0.000035,0.629018,0.000000,0.000000,0.000000,0.000000
9.7800,-0.247019,-0.097249,0.000036,0.619860,0.000000,0.000000,0.000000,-0.247023,0.097249,-0.000036,0.619869,0.000000,0.000000,0.000000,0.000000
9.8000,-0.247519,-0.097607,0.000037,0.610530,0.000000,0.000000,0.000000,-0.247523,0.097607,-0.000038,0.610539,0.000000,0.000000,0.000000,0.000000
9.8200,-0.248029,-0.097973,0.000039,0.601024,0.000000,0.000000,0.000000,-0.248033,0.097973,-0.000039,0.601033,0.000000,0.000000,0.000000,0.000000
9.8400,-0.248548,-0.098345,0.000040,0.591347,0.000000,0.000000,0.000000,-0.248551,0.098345,-0.000040,0.591355,0.000000,0.000000,0.000000,0.000000
9.8600,-0.249075,-0.098723,0.000042,0.581503,0.000000,0.000000,0.000000,-0.249079,0.098723,-0.000042,0.581512,0.000000,0.000000,0.000000,0.000000
9.8800,-0.249611,-0.099108,0.000043,0.571499,0.000000,0.000000,0.000000,-0.249615,0.099108,-0.000043,0.571508,0.000000,0.000000,0.000000,0.000000
9.9000,-0.250156,-0.099499,0.000044,0.561339,0.000000,0.000000,0.000000,-0.250159,0.099499,-0.000045,0.561348,0.000000,0.000000,0.000000,0.000000
9.9200,-0.250708,-0.099895,0.000046,0.551030,0.000000,0.000000,0.000000,-0.250712,0.099895,-0.000046,0.551038,0.000000,0.000000,0.000000,0.000000
9.9400,-0.251269,-0.100297,0.000047,0.540575,0.000000,0.000000,0.000000,-0.251272,0.100297,-0.000048,0.540583,0.000000,0.000000,0.000000,0.000000
9.9600,-0.251837,-0.100704,0.000049,0.529982,0.000000,0.000000,0.000000,-0.251840,0.100704,-0.000049,0.529990,0.000000,0.000000,0.000000,0.000000
9.9800,-0.252411,-0.101117,0.000050,0.519256,0.000000,0.000000,0.000000,-0.252415,0.101117,-0.000051,0.519264,0.000000,0.000000,0.000000,0.000000
10.0000,-0.252993,-0.101534,0.000052,0.508404,0.000000,0.000000,0.000000,-0.252996,0.101534,-0.000052,0.508411,0.000000,0.000000,0.000000,0.000000
10.0200,-0.253581,-0.101956,0.000053,0.497430,0.000000,0.000000,0.000000,-0.253584,0.101956,-0.000054,0.497438,0.000000,0.000000,0.000000,0.000000
10.0400,-0.254175,-0.102382,0.000055,0.486343,0.000000,0.000000,0.000000,-0.254179,0.102382,-0.000055,0.486351,0.000000,0.000000,0.000000,0.000000
10.0600,-0.254775,-0.102812,0.000057,0.475148,0.000000,0.000000,0.000000,-0.254779,0.102813,-0.000057,0.475155,0.000000,0.000000,0.000000,0.000000
10.0800,-0.255381,-0.103247,0.000058,0.463851,0.000000,0.000000,0.000000,-0.255384,0.103247,-0.000059,0.463858,0.000000,0.000000,0.000000,0.000000
10.1000,-0.255991,-0.103685,0.000060,0.452459,0.000000,0.000000,0.000000,-0.255995,0.103685,-0.000060,0.452466,0.000000,0.000000,0.000000,0.000000
10.1200,-0.256607,-0.104126,0.000061,0.440979,0.000000,0.000000,0.000000,-0.256610,0.104126,-0.000062,0.440987,0.000000,0.000000,0.000000,0.000000
10.1400,-0.257226,-0.104571,0.000063,0.429418,0.000000,0.000000,0.000000,-0.257229,0.104571,-0.000064,0.429425,0.000000,0.000000,0.000000,0.000000
10.1600,-0.257850,-0.105018,0.000065,0.417783,0.000000,0.000000,0.000000,-0.257853,0.105018,-0.000065,0.417789,0.000000,0.000000,0.000000,0.000000
10.1800,-0.258477,-0.105468,0.000066,0.406079,0.000000,0.000000,0.000000,-0.258480,0.105468,-0.000067,0.406086,0.000000,0.000000,0.000000,0.000000
10.2000,-0.259108,-0.105920,0.000068,0.394315,0.000000,0.000000,0.000000,-0.259111,0.105920,-0.000069,0.394322,0.000000,0.000000,0.000000,0.000000
10.2200,-0.259741,-0.106374,0.000070,0.382497,0.000000,0.000000,0.000000,-0.259744,0.106375,-0.000070,0.382504,0.000000,0.000000,0.000000,0.000000
10.2400,-0.260377,-0.106831,0.000071,0.370633,0.000000,0.000000,0.000000,-0.260380,0.106831,-0.000072,0.370639,0.000000,0.000000,0.000000,0.000000
10.2600,-0.261015,-0.107288,0.000073,0.358729,0.000000,0.000000,0.000000,-0.261018,0.107289,-0.000074,0.358735,0.000000,0.000000,0.000000,0.000000
10.2800,-0.261655,-0.107747,0.000075,0.346792,0.000000,0.000000,0.000000,-0.261657,0.107748,-0.000075,0.346798,0.000000,0.000000,0.000000,0.000000
10.3000,-0.262296,-0.108207,0.000076,0.334830,0.000000,0.000000,0.000000,-0.262298,0.108208,-0.000077,0.334836,0.000000,0.000000,0.000000,0.000000
10.3200,-0.262938,-0.108668,0.000078,0.322851,0.000000,0.000000,0.000000,-0.262941,0.108668,-0.000079,0.322856,0.000000,0.000000,0.000000,0.000000
10.3400,-0.263581,-0.109129,0.000080,0.310860,0.000000,0.000000,0.000000,-0.263583,0.109129,-0.000081,0.310866,0.000000,0.000000,0.000000,0.000000
10.3600,-0.264224,-0.109590,0.000081,0.298866,0.000000,0.000000,0.000000,-0.264226,0.109590,-0.000082,0.298871,0.000000,0.000000,0.000000,0.000000
10.3800,-0.264866,-0.110051,0.000083,0.286875,0.000000,0.000000,0.000000,-0.264868,0.110051,-0.000084,0.286881,0.000000,0.000000,0.000000,0.000000
10.4000,-0.265508,-0.110511,0.000085,0.274896,0.000000,0.000000,0.000000,-0.265510,0.110512,-0.000086,0.274901,0.000000,0.000000,0.000000,0.000000
10.4200,-0.266149,-0.110971,0.000086,0.262934,0.000000,0.000000,0.000000,-0.266152,0.110972,-0.000087,0.262939,0.000000,0.000000,0.000000,0.000000
10.4400,-0.266789,-0.111430,0.000088,0.250997,0.000000,0.000000,0.000000,-0.266791,0.111431,-0.000089,0.251003,0.000000,0.000000,0.000000,0.000000
10.4600,-0.267427,-0.111888,0.000090,0.239093,0.000000,0.000000,0.000000,-0.267429,0.111889,-0.000091,0.239098,0.000000,0.000000,0.000000,0.000000
10.4800,-0.268063,-0.112344,0.000091,0.227229,0.000000,0.000000,0.000000,-0.268065,0.112345,-0.000092,0.227234,0.000000,0.000000,0.000000,0.000000
10.5000,-0.268696,-0.112798,0.000093,0.215411,0.000000,0.000000,0.000000,-0.268698,0.112799,-0.000094,0.215416,0.000000,0.000000,0.000000,0.000000
10.5200,-0.269327,-0.113251,0.000095,0.203647,0.000000,0.000000,0.000000,-0.269329,0.113251,-0.000096,0.203651,0.000000,0.000000,0.000000,0.000000
10.5400,-0.269954,-0.113701,0.000096,0.191943,0.000000,0.000000,0.000000,-0.269956,0.113701,-0.000098,0.191948,0.000000,0.000000,0.000000,0.000000
10.5600,-0.270578,-0.114148,0.000098,0.180308,0.000000,0.000000,0.000000,-0.270580,0.114149,-0.000099,0.180312,0.000000,0.000000,0.000000,0.000000
10.5800,-0.271197,-0.114592,0.000100,0.168747,0.000000,0.000000,0.000000,-0.271199,0.114593,-0.000101,0.168751,0.000000,0.000000,0.000000,0.000000
10.6000,-0.271813,-0.115034,0.000101,0.157267,0.000000,0.000000,0.000000,-0.271814,0.115035,-0.000102,0.157271,0.000000,0.000000,0.000000,0.000000
10.6200,-0.272423,-0.115472,0.000103,0.145875,0.000000,0.000000,0.000000,-0.272425,0.115473,-0.000104,0.145879,0.000000,0.000000,0.000000,0.000000
10.6400,-0.273029,-0.115906,0.000104,0.134578,0.000000,0.000000,0.000000,-0.273030,0.115907,-0.000106,0.134582,0.000000,0.000000,0.000000,0.000000
10.6600,-0.273629,-0.116336,0.000106,0.123383,0.000000,0.000000,0.000000,-0.273630,0.116337,-0.000107,0.123387,0.000000,0.000000,0.000000,0.000000
10.6800,-0.274223,-0.116763,0.000108,0.112296,0.000000,0.000000,0.000000,-0.274224,0.116764,-0.000109,0.112299,0.000000,0.000000,0.000000,0.000000
10.7000,-0.274811,-0.117185,0.000109,0.101322,0.000000,0.000000,0.000000,-0.274813,0.117186,-0.000110,0.101326,0.000000,0.000000,0.000000,0.000000
10.7200,-0.275393,-0.117602,0.000111,0.090470,0.000000,0.000000,0.000000,-0.275394,0.117603,-0.000112,0.090473,0.000000,0.000000,0.000000,0.000000
10.7400,-0.275968,-0.118014,0.000112,0.079744,0.000000,0.000000,0.000000,-0.275969,0.118015,-0.000114,0.079747,0.000000,0.000000,0.000000,0.000000
10.7600,-0.276535,-0.118422,0.000114,0.069151,0.000000,0.000000,0.000000,-0.276537,0.118423,-0.000115,0.069154,0.000000,0.000000,0.000000,0.000000
10.7800,-0.277096,-0.118823,0.000115,0.058696,0.000000,0.000000,0.000000,-0.277097,0.118825,-0.000117,0.058699,0.000000,0.000000,0.000000,0.000000
10.8000,-0.277648,-0.119220,0.000117,0.048387,0.000000,0.000000,0.000000,-0.277649,0.119221,-0.000118,0.048389,0.000000,0.000000,0.000000,0.000000
10.8200,-0.278193,-0.119610,0.000118,0.038227,0.000000,0.000000,0.000000,-0.278194,0.119612,-0.000119,0.038229,0.000000,0.000000,0.000000,0.000000
10.8400,-0.278729,-0.119995,0.000119,0.028223,0.000000,0.000000,0.000000,-0.278730,0.119996,-0.000121,0.028225,0.000000,0.000000,0.000000,0.000000
10.8600,-0.279257,-0.120373,0.000121,0.018379,0.000000,0.000000,0.000000,-0.279258,0.120375,-0.000122,0.018382,0.000000,0.000000,0.000000,0.000000
10.8800,-0.279775,-0.120746,0.000122,0.008702,0.000000,0.000000,0.000000,-0.279776,0.120747,-0.000124,0.008705,0.000000,0.000000,0.000000,0.000000
10.9000,-0.280285,-0.121111,0.000124,-0.000804,0.000000,0.000000,0.000000,-0.280286,0.121112,-0.000125,-0.000801,0.000000,0.000000,0.000000,0.000000
10.9200,-0.280785,-0.121470,0.000125,-0.010134,0.000000,0.000000,0.000000,-0.280786,0.121471,-0.000126,-0.010131,0.000000,0.000000,0.000000,0.000000
10.9400,-0.281275,-0.121821,0.000126,-0.019283,0.000000,0.000000,0.000000,-0.281276,0.121823,-0.000128,-0.019281,0.000000,0.000000,0.000000,0.000000
10.9600,-0.281756,-0.122166,0.000127,-0.028247,0.000000,0.000000,0.000000,-0.281756,0.122167,-0.000129,-0.028245,0.000000,0.000000,0.000000,0.000000
10.9800,-0.282226,-0.122503,0.000129,-0.037022,0.000000,0.000000,0.000000,-0.282227,0.122505,-0.000130,-0.037020,0.000000,0.000000,0.000000,0.000000
11.0000,-0.282686,-0.122833,0.000130,-0.045603,0.000000,0.000000,0.000000,-0.282687,0.122835,-0.000131,-0.045601,0.000000,0.000000,0.000000,0.000000
11.0200,-0.283135,-0.123156,0.000131,-0.053986,0.000000,0.000000,0.000000,-0.283136,0.123157,-0.000133,-0.053985,0.000000,0.000000,0.000000,0.000000
11.0400,-0.283574,-0.123470,0.000132,-0.062169,0.000000,0.000000,0.000000,-0.283574,0.123472,-0.000134,-0.062167,0.000000,0.000000,0.000000,0.000000
11.0600,-0.284001,-0.123777,0.000133,-0.070147,0.000000,0.000000,0.000000,-0.284002,0.123778,-0.000135,-0.070146,0.000000,0.000000,0.000000,0.000000
11.0800,-0.284418,-0.124076,0.000134,-0.077918,0.000000,0.000000,0.000000,-0.284418,0.124077,-0.000136,-0.077916,0.000000,0.000000,0.000000,0.000000
11.1000,-0.284823,-0.124366,0.000135,-0.085477,0.000000,0.000000,0.000000,-0.284823,0.124368,-0.000137,-0.085476,0.000000,0.000000,0.000000,0.000000
11.1200,-0.285217,-0.124649,0.000137,-0.092823,0.000000,0.000000,0.000000,-0.285217,0.124650,-0.000138,-0.092822,0.000000,0.000000,0.000000,0.000000
11.1400,-0.285599,-0.124923,0.000138,-0.099953,0.000000,0.000000,0.000000,-0.285599,0.124924,-0.000139,-0.099952,0.000000,0.000000,0.000000,0.000000
11.1600,-0.285969,-0.125189,0.000138,-0.106865,0.000000,0.000000,0.000000,-0.285970,0.125190,-0.000140,-0.106864,0.000000,0.000000,0.000000,0.000000
11.1800,-0.286328,-0.125446,0.000139,-0.113557,0.000000,0.000000,0.000000,-0.286328,0.125447,-0.000141,-0.113556,0.000000,0.000000,0.000000,0.000000
11.2000,-0.286675,-0.125695,0.000140,-0.120026,0.000000,0.000000,0.000000,-0.286675,0.125696,-0.000142,-0.120026,0.000000,0.000000,0.000000,0.000000
11.2200,-0.287009,-0.125935,0.000141,-0.126273,0.000000,0.000000,0.000000,-0.287010,0.125936,-0.000143,-0.126272,0.000000,0.000000,0.000000,0.000000
11.2400,-0.287332,-0.126166,0.000142,-0.132294,0.000000,0.000000,0.000000,-0.287332,0.126168,-0.000144,-0.132293,0.000000,0.000000,0.000000,0.000000
11.2600,-0.287643,-0.126389,0.000143,-0.138090,0.000000,0.000000,0.000000,-0.287643,0.126391,-0.000145,-0.138089,0.000000,0.000000,0.000000,0.000000
11.2800,-0.287941,-0.126603,0.000144,-0.143659,0.000000,0.000000,0.000000,-0.287942,0.126605,-0.000145,-0.143659,0.000000,0.000000,0.000000,0.000000
11.3000,-0.288228,-0.126809,0.000144,-0.149003,0.000000,0.000000,0.000000,-0.288228,0.126810,-0.000146,-0.149002,0.000000,0.000000,0.000000,0.000000
11.3200,-0.288502,-0.127005,0.000145,-0.154119,0.000000,0.000000,0.000000,-0.288502,0.127007,-0.000147,-0.154119,0.000000,0.000000,0.000000,0.000000
11.3400,-0.288764,-0.127193,0.000146,-0.159009,0.000000,0.000000,0.000000,-0.288764,0.127195,-0.000148,-0.159009,0.000000,0.000000,0.000000,0.000000
11.3600,-0.289014,-0.127373,0.000146,-0.163674,0.000000,0.000000,0.000000,-0.289014,0.127374,-0.000148,-0.163674,0.000000,0.000000,0.000000,0.000000
11.3800,-0.289252,-0.127543,0.000147,-0.168114,0.000000,0.000000,0.000000,-0.289252,0.127545,-0.000149,-0.168114,0.000000,0.000000,0.000000,0.000000
11.4000,-0.289478,-0.127706,0.000148,-0.172331,0.000000,0.000000,0.000000,-0.289478,0.127707,-0.000150,-0.172331,0.000000,0.000000,0.000000,0.000000
11.4200,-0.289692,-0.127859,0.000148,-0.176326,0.000000,0.000000,0.000000,-0.289692,0.127861,-0.000150,-0.176325,0.000000,0.000000,0.000000,0.000000
11.4400,-0.289894,-0.128004,0.000149,-0.180101,0.000000,0.000000,0.000000,-0.289894,0.128006,-0.000151,-0.180100,0.000000,0.000000,0.000000,0.000000
11.4600,-0.290085,-0.128141,0.000149,-0.183658,0.000000,0.000000,0.000000,-0.290085,0.128143,-0.000151,-0.183658,0.000000,0.000000,0.000000,0.000000
11.4800,-0.290264,-0.128270,0.000150,-0.187000,0.000000,0.000000,0.000000,-0.290264,0.128271,-0.000152,-0.187000,0.000000,0.000000,0.000000,0.000000
11.5000,-0.290432,-0.128390,0.000150,-0.190131,0.000000,0.000000,0.000000,-0.290432,0.128392,-0.000152,-0.190130,0.000000,0.000000,0.000000,0.000000
11.5200,-0.290589,-0.128502,0.000151,-0.193052,0.000000,0.000000,0.000000,-0.290589,0.128504,-0.000152,-0.193052,0.000000,0.000000,0.000000,0.000000
11.5400,-0.290734,-0.128607,0.000151,-0.195770,0.000000,0.000000,0.000000,-0.290734,0.128608,-0.000153,-0.195769,0.000000,0.000000,0.000000,0.000000
11.5600,-0.290869,-0.128703,0.000151,-0.198286,0.000000,0.000000,0.000000,-0.290869,0.128705,-0.000153,-0.198286,0.000000,0.000000,0.000000,0.000000
11.5800,-0.290993,-0.128793,0.000152,-0.200606,0.000000,0.000000,0.000000,-0.290993,0.128794,-0.000154,-0.200606,0.000000,0.000000,0.000000,0.000000
11.6000,-0.291108,-0.128875,0.000152,-0.202735,0.000000,0.000000,0.000000,-0.291108,0.128876,-0.000154,-0.202735,0.000000,0.000000,0.000000,0.000000
11.6200,-0.291212,-0.128949,0.000152,-0.204678,0.000000,0.000000,0.000000,-0.291212,0.128951,-0.000154,-0.204678,0.000000,0.000000,0.000000,0.000000
11.6400,-0.291306,-0.129017,0.000153,-0.206441,0.000000,0.000000,0.000000,-0.291306,0.129019,-0.000154,-0.206441,0.000000,0.000000,0.000000,0.000000
11.6600,-0.291391,-0.129078,0.000153,-0.208030,0.000000,0.000000,0.000000,-0.291391,0.129080,-0.000155,-0.208030,0.000000,0.000000,0.000000,0.000000
11.6800,-0.291467,-0.129133,0.000153,-0.209451,0.000000,0.000000,0.000000,-0.291467,0.129134,-0.000155,-0.209451,0.000000,0.000000,0.000000,0.000000
11.7000,-0.291535,-0.129181,0.000153,-0.210712,0.000000,0.000000,0.000000,-0.291535,0.129183,-0.000155,-0.210712,0.000000,0.000000,0.000000,0.000000
11.7200,-0.291594,-0.129224,0.000153,-0.211820,0.000000,0.000000,0.000000,-0.291594,0.129226,-0.000155,-0.211820,0.000000,0.000000,0.000000,0.000000
11.7400,-0.291646,-0.129261,0.000153,-0.212782,0.000000,0.000000,0.000000,-0.291646,0.129263,-0.000155,-0.212782,0.000000,0.000000,0.000000,0.000000
11.7600,-0.291690,-0.129293,0.000154,-0.213608,0.000000,0.000000,0.000000,-0.291690,0.129294,-0.000155,-0.213608,0.000000,0.000000,0.000000,0.000000
11.7800,-0.291728,-0.129319,0.000154,-0.214305,0.000000,0.000000,0.000000,-0.291728,0.129321,-0.000155,-0.214305,0.000000,0.000000,0.000000,0.000000
11.8000,-0.291759,-0.129342,0.000154,-0.214884,0.000000,0.000000,0.000000,-0.291759,0.129343,-0.000156,-0.214884,0.000000,0.000000,0.000000,0.000000
11.8200,-0.291784,-0.129360,0.000154,-0.215353,0.000000,0.000000,0.000000,-0.291784,0.129361,-0.000156,-0.215353,0.000000,0.000000,0.000000,0.000000
11.8400,-0.291804,-0.129374,0.000154,-0.215723,0.000000,0.000000,0.000000,-0.291804,0.129376,-0.000156,-0.215723,0.000000,0.000000,0.000000,0.000000
11.8600,-0.291819,-0.129385,0.000154,-0.216005,0.000000,0.000000,0.000000,-0.291819,0.129386,-0.000156,-0.216005,0.000000,0.000000,0.000000,0.000000
11.8800,-0.291830,-0.129393,0.000154,-0.216209,0.000000,0.000000,0.000000,-0.291830,0.129394,-0.000156,-0.216210,0.000000,0.000000,0.000000,0.000000
11.9000,-0.291837,-0.129398,0.000154,-0.216348,0.000000,0.000000,0.000000,-0.291837,0.129400,-0.000156,-0.216348,0.000000,0.000000,0.000000,0.000000
11.9200,-0.291842,-0.129401,0.000154,-0.216433,0.000000,0.000000,0.000000,-0.291842,0.129403,-0.000156,-0.216434,0.000000,0.000000,0.000000,0.000000
11.9400,-0.291844,-0.129403,0.000154,-0.216478,0.000000,0.000000,0.000000,-0.291844,0.129405,-0.000156,-0.216478,0.000000,0.000000,0.000000,0.000000
11.9600,-0.291845,-0.129404,0.000154,-0.216494,0.000000,0.000000,0.000000,-0.291845,0.129405,-0.000156,-0.216494,0.000000,0.000000,0.000000,0.000000
11.9800,-0.291845,-0.129404,0.000154,-0.216497,0.000000,0.000000,0.000000,-0.291845,0.129405,-0.000156,-0.216497,0.000000,0.000000,0.000000,0.000000
12.0000,-0.291845,-0.129404,0.000154,-0.216497,0.000000,0.000000,0.000000,-0.291845,0.129405,-0.000156,-0.216497,0.000000,0.000000,0.000000,0.000000
12.0200,-0.291845,-0.129404,0.000154,-0.216497,0.000000,0.000000,0.000000,-0.291845,0.129405,-0.000156,-0.216497,0.000000,0.000000,0.000000,0.000000
12.0400,-0.291845,-0.129404,0.000154,-0.216497,0.000000,0.000000,0.000000,-0.291845,0.129405,-0.000156,-0.216497,0.000000,0.000000,0.000000,0.000000
12.0600,-0.291845,-0.129404,0.000154,-0.216497,0.000000,0.000000,0.000000,-0.291845,0.129405,-0.000156,-0.216497,0.000000,0.000000,0.000000,0.000000
12.0800,-0.291845,-0.129404,0.000154,-0.216497,0.000000,0.000000,0.000000,-0.291845,0.129405,-0.000156,-0.216497,0.000000,0.000000,0.000000,0.000000
12.1000,-0.291845,-0.129404,0.000154,-0.216497,0.000000,0.000000,0.000000,-0.291845,0.129405,-0.000156,-0.216497,0.000000,0.000000,0.000000,0.000000
12.1200,-0.291845,-0.129404,0.000154,-0.216497,0.000000,0.000000,0.000000,-0.291845,0.129405,-0.000156,-0.216497,0.000000,0.000000,0.000000,0.000000
12.1400,-0.291845,-0.129404,0.000154,-0.216497,0.000000,0.000000,0.000000,-0.291845,0.129405,-0.000156,-0.216497,0.000000,0.000000,0.000000,0.000000
12.1600,-0.291845,-0.129404,0.000154,-0.216497,0.000000,0.000000,0.000000,-0.291845,0.129405,-0.000156,-0.216497,0.000000,0.000000,0.000000,0.000000
12.1800,-0.291845,-0.129404,0.000154,-0.216497,0.000000,0.000000,0.000000,-0.291845,0.129405,-0.000156,-0.216497,0.000000,0.000000,0.000000,0.000000
12.2000,-0.291845,-0.129404,0.000154,-0.216497,0.000000,0.000000,0.000000,-0.291845,0.129405,-0.000156,-0.216497,0.000000,0.000000,0.000000,0.000000
12.2200,-0.291845,-0.129404,0.000154,-0.216497,0.000000,0.000000,0.000000,-0.291845,0.129405,-0.000156,-0.216497,0.000000,0.000000,0.000000,0.000000
12.2400,-0.291845,-0.129404,0.000154,-0.216497,0.000000,0.000000,0.000000,-0.291845,0.129405,-0.000156,-0.216497,0.000000,0.000000,0.000000,0.000000
12.2600,-0.291845,-0.129404,0.000154,-0.216497,0.000000,0.000000,0.000000,-0.291845,0.129405,-0.000156,-0.216497,0.000000,0.000000,0.000000,0.000000
12.2800,-0.291845,-0.129404,0.000154,-0.216497,0.000000,0.000000,0.000000,-0.291845,0.129405,-0.000156,-0.216497,0.000000,0.000000,0.000000,0.000000
12.3000,-0.291843,-0.129402,0.000154,-0.216494,0.000000,0.000000,0.000000,-0.291843,0.129404,-0.000155,-0.216494,0.000000,0.000000,0.000000,0.000000
12.3200,-0.291829,-0.129394,0.000151,-0.216472,0.000000,0.000000,0.000000,-0.291829,0.129395,-0.000153,-0.216472,0.000000,0.000000,0.000000,0.000000
12.3400,-0.291790,-0.129370,0.000143,-0.216416,0.000000,0.000000,0.000000,-0.291791,0.129372,-0.000145,-0.216414,0.000000,0.000000,0.000000,0.000000
12.3600,-0.291716,-0.129325,0.000128,-0.216307,0.000000,0.000000,0.000000,-0.291718,0.129326,-0.000130,-0.216303,0.000000,0.000000,0.000000,0.000000
12.3800,-0.291596,-0.129251,0.000104,-0.216130,0.000000,0.000000,0.000000,-0.291600,0.129253,-0.000106,-0.216122,0.000000,0.000000,0.000000,0.000000
12.4000,-0.291419,-0.129142,0.000069,-0.215870,0.000000,0.000000,0.000000,-0.291426,0.129144,-0.000071,-0.215856,0.000000,0.000000,0.000000,0.000000
12.4200,-0.291176,-0.128993,0.000020,-0.215512,0.000000,0.000000,0.000000,-0.291187,0.128995,-0.000022,-0.215490,0.000000,0.000000,0.000000,0.000000
12.4400,-0.290858,-0.128798,-0.000043,-0.215042,0.000000,0.000000,0.000000,-0.290874,0.128799,0.000041,-0.215010,0.000000,0.000000,0.000000,0.000000
12.4600,-0.290455,-0.128550,-0.000124,-0.214449,0.000000,0.000000,0.000000,-0.290478,0.128552,0.000122,-0.214403,0.000000,0.000000,0.000000,0.000000
12.4800,-0.289959,-0.128246,-0.000223,-0.213718,0.000000,0.000000,0.000000,-0.289990,0.128248,0.000221,-0.213656,0.000000,0.000000,0.000000,0.000000
12.5000,-0.289362,-0.127880,-0.000342,-0.212840,0.000000,0.000000,0.000000,-0.289404,0.127882,0.000340,-0.212757,0.000000,0.000000,0.000000,0.000000
12.5200,-0.288658,-0.127447,-0.000482,-0.211802,0.000000,0.000000,0.000000,-0.288711,0.127449,0.000481,-0.211696,0.000000,0.000000,0.000000,0.000000
12.5400,-0.287838,-0.126944,-0.000646,-0.210594,0.000000,0.000000,0.000000,-0.287905,0.126946,0.000644,-0.210461,0.000000,0.000000,0.000000,0.000000
12.5600,-0.286897,-0.126366,-0.000834,-0.209208,0.000000,0.000000,0.000000,-0.286979,0.126368,0.000832,-0.209044,0.000000,0.000000,0.000000,0.000000
12.5800,-0.285828,-0.125710,-0.001047,-0.207633,0.000000,0.000000,0.000000,-0.285928,0.125712,0.001046,-0.207433,0.000000,0.000000,0.000000,0.000000
12.6000,-0.284625,-0.124972,-0.001288,-0.205862,0.000000,0.000000,0.000000,-0.284745,0.124974,0.001286,-0.205622,0.000000,0.000000,0.000000,0.000000
12.6200,-0.283284,-0.124149,-0.001555,-0.203886,0.000000,0.000000,0.000000,-0.283426,0.124151,0.001553,-0.203602,0.000000,0.000000,0.000000,0.000000
12.6400,-0.281799,-0.123238,-0.001852,-0.201700,0.000000,0.000000,0.000000,-0.281966,0.123239,0.001850,-0.201366,0.000000,0.000000,0.000000,0.000000
12.6600,-0.280167,-0.122236,-0.002178,-0.199295,0.000000,0.000000,0.000000,-0.280361,0.122237,0.002176,-0.198907,0.000000,0.000000,0.000000,0.000000
12.6800,-0.278382,-0.121140,-0.002534,-0.196666,0.000000,0.000000,0.000000,-0.278606,0.121142,0.002532,-0.196219,0.000000,0.000000,0.000000,0.000000
12.7000,-0.276442,-0.119949,-0.002921,-0.193808,0.000000,0.000000,0.000000,-0.276698,0.119951,0.002919,-0.193296,0.000000,0.000000,0.000000,0.000000
12.7200,-0.274343,-0.118661,-0.003340,-0.190716,0.000000,0.000000,0.000000,-0.274633,0.118663,0.003338,-0.190135,0.000000,0.000000,0.000000,0.000000
12.7400,-0.272082,-0.117273,-0.003792,-0.187386,0.000000,0.000000,0.000000,-0.272410,0.117275,0.003790,-0.186729,0.000000,0.000000,0.000000,0.000000
12.7600,-0.269657,-0.115785,-0.004276,-0.183814,0.000000,0.000000,0.000000,-0.270025,0.115786,0.004274,-0.183076,0.000000,0.000000,0.000000,0.000000
12.7800,-0.267065,-0.114194,-0.004793,-0.179996,0.000000,0.000000,0.000000,-0.267476,0.114196,0.004791,-0.179173,0.000000,0.000000,0.000000,0.000000
12.8000,-0.264305,-0.112500,-0.005344,-0.175931,0.000000,0.000000,0.000000,-0.264762,0.112501,0.005342,-0.175016,0.000000,0.000000,0.000000,0.000000
12.8200,-0.261375,-0.110702,-0.005929,-0.171615,0.000000,0.000000,0.000000,-0.261881,0.110703,0.005927,-0.170603,0.000000,0.000000,0.000000,0.000000
12.8400,-0.258275,-0.108798,-0.006548,-0.167048,0.000000,0.000000,0.000000,-0.258832,0.108800,0.006546,-0.165933,0.000000,0.000000,0.000000,0.000000
12.8600,-0.255002,-0.106790,-0.007201,-0.162228,0.000000,0.000000,0.000000,-0.255614,0.106792,0.007200,-0.161004,0.000000,0.000000,0.000000,0.000000
12.8800,-0.251558,-0.104676,-0.007889,-0.157155,0.000000,0.000000,0.000000,-0.252227,0.104678,0.007887,-0.155816,0.000000,0.000000,0.000000,0.000000
12.9000,-0.247941,-0.102456,-0.008611,-0.151828,0.000000,0.000000,0.000000,-0.248671,0.102458,0.008609,-0.150369,0.000000,0.000000,0.000000,0.000000
12.9200,-0.244152,-0.100130,-0.009368,-0.146247,0.000000,0.000000,0.000000,-0.244945,0.100132,0.009366,-0.144662,0.000000,0.000000,0.000000,0.000000
12.9400,-0.240192,-0.097700,-0.010158,-0.140413,0.000000,0.000000,0.000000,-0.241050,0.097701,0.010157,-0.138697,0.000000,0.000000,0.000000,0.000000
12.9600,-0.236060,-0.095164,-0.010983,-0.134328,0.000000,0.000000,0.000000,-0.236987,0.095165,0.010981,-0.132474,0.000000,0.000000,0.000000,0.000000
12.9800,-0.231759,-0.092524,-0.011842,-0.127992,0.000000,0.000000,0.000000,-0.232757,0.092525,0.011840,-0.125995,0.000000,0.000000,0.000000,0.000000
13.0000,-0.227289,-0.089780,-0.012734,-0.121407,0.000000,0.000000,0.000000,-0.228361,0.089781,0.012733,-0.119262,0.000000,0.000000,0.000000,0.000000
13.0200,-0.222652,-0.086934,-0.013660,-0.114577,0.000000,0.000000,0.000000,-0.223801,0.086935,0.013658,-0.112278,0.000000,0.000000,0.000000,0.000000
13.0400,-0.217849,-0.083986,-0.014619,-0.107503,0.000000,0.000000,0.000000,-0.219079,0.083988,0.014617,-0.105045,0.000000,0.000000,0.000000,0.000000
13.0600,-0.212884,-0.080938,-0.015610,-0.100190,0.000000,0.000000,0.000000,-0.214196,0.080940,0.015608,-0.097566,0.000000,0.000000,0.000000,0.000000
13.0800,-0.207758,-0.077792,-0.016634,-0.092639,0.000000,0.000000,0.000000,-0.209155,0.077793,0.016632,-0.089845,0.000000,0.000000,0.000000,0.000000
13.1000,-0.202473,-0.074548,-0.017689,-0.084855,0.000000,0.000000,0.000000,-0.203958,0.074550,0.017687,-0.081885,0.000000,0.000000,0.000000,0.000000
13.1200,-0.197033,-0.071210,-0.018775,-0.076842,0.000000,0.000000,0.000000,-0.198609,0.071211,0.018773,-0.073692,0.000000,0.000000,0.000000,0.000000
13.1400,-0.191441,-0.067777,-0.019891,-0.068605,0.000000,0.000000,0.000000,-0.193109,0.067779,0.019889,-0.065269,0.000000,0.000000,0.000000,0.000000
13.1600,-0.185700,-0.064253,-0.021037,-0.060149,0.000000,0.000000,0.000000,-0.187464,0.064255,0.021036,-0.056622,0.000000,0.000000,0.000000,0.000000
13.1800,-0.179813,-0.060640,-0.022212,-0.051478,0.000000,0.000000,0.000000,-0.181675,0.060642,0.022211,-0.047755,0.000000,0.000000,0.000000,0.000000
13.2000,-0.173784,-0.056940,-0.023416,-0.042597,0.000000,0.000000,0.000000,-0.175746,0.056941,0.023415,-0.038674,0.000000,0.000000,0.000000,0.000000
13.2200,-0.167618,-0.053155,-0.024647,-0.033514,0.000000,0.000000,0.000000,-0.169682,0.053156,0.024646,-0.029386,0.000000,0.000000,0.000000,0.000000
13.2400,-0.161317,-0.049287,-0.025905,-0.024233,0.000000,0.000000,0.000000,-0.163485,0.049289,0.025904,-0.019895,0.000000,0.000000,0.000000,0.000000
13.2600,-0.154886,-0.045340,-0.027189,-0.014761,0.000000,0.000000,0.000000,-0.157162,0.045341,0.027188,-0.010209,0.000000,0.000000,0.000000,0.000000
13.2800,-0.148330,-0.041316,-0.028498,-0.005104,0.000000,0.000000,0.000000,-0.150714,0.041317,0.028496,-0.000335,0.000000,0.000000,0.000000,0.000000
13.3000,-0.141653,-0.037218,-0.029831,0.004731,0.000000,0.000000,0.000000,-0.144148,0.037219,0.029829,0.009722,0.000000,0.000000,0.000000,0.000000
13.3200,-0.134860,-0.033048,-0.031187,0.014737,0.000000,0.000000,0.000000,-0.137468,0.033050,0.031186,0.019954,0.000000,0.000000,0.000000,0.000000
13.3400,-0.127956,-0.028811,-0.032565,0.024907,0.000000,0.000000,0.000000,-0.130679,0.028812,0.032564,0.030353,0.000000,0.000000,0.000000,0.000000
13.3600,-0.120945,-0.024508,-0.033965,0.035233,0.000000,0.000000,0.000000,-0.123785,0.024509,0.033964,0.040912,0.000000,0.000000,0.000000,0.000000
13.3800,-0.113834,-0.020143,-0.035385,0.045708,0.000000,0.000000,0.000000,-0.116791,0.020144,0.035383,0.051623,0.000000,0.000000,0.000000,0.000000
13.4000,-0.106626,-0.015719,-0.036824,0.056324,0.000000,0.000000,0.000000,-0.109704,0.015720,0.036822,0.062479,0.000000,0.000000,0.000000,0.000000
13.4200,-0.099329,-0.011240,-0.038281,0.067073,0.000000,0.000000,0.000000,-0.102528,0.011241,0.038279,0.073470,0.000000,0.000000,0.000000,0.000000
13.4400,-0.091946,-0.006709,-0.039754,0.077947,0.000000,0.000000,0.000000,-0.095268,0.006710,0.039753,0.084590,0.000000,0.000000,0.000000,0.000000
13.4600,-0.084485,-0.002129,-0.041244,0.088938,0.000000,0.000000,0.000000,-0.087930,0.002130,0.041243,0.095828,0.000000,0.000000,0.000000,0.000000
13.4800,-0.076950,0.002496,-0.042748,0.100037,0.000000,0.000000,0.000000,-0.080520,-0.002495,0.042747,0.107178,0.000000,0.000000,0.000000,0.000000
13.5000,-0.069347,0.007163,-0.044266,0.111235,0.000000,0.000000,0.000000,-0.073044,-0.007161,0.044265,0.118629,0.000000,0.000000,0.000000,0.000000
13.5200,-0.061682,0.011867,-0.045796,0.122525,0.000000,0.000000,0.000000,-0.065506,-0.011866,0.045795,0.130174,0.000000,0.000000,0.000000,0.000000
13.5400,-0.053962,0.016606,-0.047338,0.133897,0.000000,0.000000,0.000000,-0.057914,-0.016605,0.047337,0.141802,0.000000,0.000000,0.000000,0.000000
13.5600,-0.046191,0.021375,-0.048889,0.145343,0.000000,0.000000,0.000000,-0.050273,-0.021374,0.048888,0.153506,0.000000,0.000000,0.000000,0.000000
13.5800,-0.038377,0.026171,-0.050449,0.156852,0.000000,0.000000,0.000000,-0.042589,-0.026170,0.050448,0.165275,0.000000,0.000000,0.000000,0.000000
13.6000,-0.030526,0.030990,-0.052017,0.168417,0.000000,0.000000,0.000000,-0.034868,-0.030989,0.052015,0.177101,0.000000,0.000000,0.000000,0.000000
13.6200,-0.022643,0.035829,-0.053590,0.180029,0.000000,0.000000,0.000000,-0.027116,-0.035828,0.053589,0.188974,0.000000,0.000000,0.000000,0.000000
13.6400,-0.014735,0.040683,-0.055169,0.191677,0.000000,0.000000,0.000000,-0.019339,-0.040682,0.055168,0.200886,0.000000,0.000000,0.000000,0.000000
13.6600,-0.006808,0.045548,-0.056752,0.203353,0.000000,0.000000,0.000000,-0.011544,-0.045547,0.056751,0.212825,0.000000,0.000000,0.000000,0.000000
13.6800,0.001132,0.050421,-0.058337,0.215048,0.000000,0.000000,0.000000,-0.003736,-0.050420,0.058336,0.224784,0.000000,0.000000,0.000000,0.000000
13.7000,0.009077,0.055298,-0.059923,0.226752,0.000000,0.000000,0.000000,0.004077,-0.055297,0.059922,0.236752,0.000000,0.000000,0.000000,0.000000
13.7200,0.017023,0.060175,-0.061509,0.238456,0.000000,0.000000,0.000000,0.011891,-0.060174,0.061508,0.248720,0.000000,0.000000,0.000000,0.000000
13.7400,0.024963,0.065048,-0.063094,0.250150,0.000000,0.000000,0.000000,0.019699,-0.065048,0.063094,0.260678,0.000000,0.000000,0.000000,0.000000
13.7600,0.032890,0.069914,-0.064677,0.261826,0.000000,0.000000,0.000000,0.027494,-0.069913,0.064676,0.272618,0.000000,0.000000,0.000000,0.000000
13.7800,0.040798,0.074768,-0.066256,0.273475,0.000000,0.000000,0.000000,0.035271,-0.074767,0.066255,0.284529,0.000000,0.000000,0.000000,0.000000
13.8000,0.048681,0.079606,-0.067830,0.285086,0.000000,0.000000,0.000000,0.043023,-0.079605,0.067829,0.296402,0.000000,0.000000,0.000000,0.000000
13.8200,0.056532,0.084425,-0.069397,0.296651,0.000000,0.000000,0.000000,0.050744,-0.084425,0.069396,0.308228,0.000000,0.000000,0.000000,0.000000
13.8400,0.064346,0.089221,-0.070957,0.308161,0.000000,0.000000,0.000000,0.058428,-0.089221,0.070956,0.319997,0.000000,0.000000,0.000000,0.000000
13.8600,0.072117,0.093991,-0.072508,0.319606,0.000000,0.000000,0.000000,0.066069,-0.093990,0.072508,0.331701,0.000000,0.000000,0.000000,0.000000
13.8800,0.079837,0.098729,-0.074050,0.330978,0.000000,0.000000,0.000000,0.073661,-0.098729,0.074049,0.343329,0.000000,0.000000,0.000000,0.000000
13.9000,0.087502,0.103434,-0.075580,0.342268,0.000000,0.000000,0.000000,0.081199,-0.103433,0.075579,0.354874,0.000000,0.000000,0.000000,0.000000
13.9200,0.095105,0.108100,-0.077098,0.353467,0.000000,0.000000,0.000000,0.088675,-0.108100,0.077097,0.366325,0.000000,0.000000,0.000000,0.000000
13.9400,0.102640,0.112725,-0.078602,0.364566,0.000000,0.000000,0.000000,0.096085,-0.112725,0.078601,0.377675,0.000000,0.000000,0.000000,0.000000
13.9600,0.110101,0.117305,-0.080092,0.375556,0.000000,0.000000,0.000000,0.103423,-0.117305,0.080091,0.388913,0.000000,0.000000,0.000000,0.000000
13.9800,0.117484,0.121836,-0.081566,0.386430,0.000000,0.000000,0.000000,0.110683,-0.121836,0.081565,0.400033,0.000000,0.000000,0.000000,0.000000
14.0000,0.124781,0.126316,-0.083022,0.397180,0.000000,0.000000,0.000000,0.117859,-0.126315,0.083022,0.411024,0.000000,0.000000,0.000000,0.000000
14.0200,0.131989,0.130739,-0.084461,0.407796,0.000000,0.000000,0.000000,0.124946,-0.130739,0.084461,0.421880,0.000000,0.000000,0.000000,0.000000
14.0400,0.139100,0.135104,-0.085881,0.418270,0.000000,0.000000,0.000000,0.131940,-0.135104,0.085881,0.432591,0.000000,0.000000,0.000000,0.000000
14.0600,0.146111,0.139407,-0.087281,0.428597,0.000000,0.000000,0.000000,0.138834,-0.139407,0.087280,0.443150,0.000000,0.000000,0.000000,0.000000
14.0800,0.153015,0.143645,-0.088659,0.438766,0.000000,0.000000,0.000000,0.145623,-0.143644,0.088659,0.453549,0.000000,0.000000,0.000000,0.000000
14.1000,0.159808,0.147814,-0.090015,0.448772,0.000000,0.000000,0.000000,0.152303,-0.147814,0.090015,0.463781,0.000000,0.000000,0.000000,0.000000
14.1200,0.166485,0.151912,-0.091348,0.458607,0.000000,0.000000,0.000000,0.158869,-0.151912,0.091348,0.473838,0.000000,0.000000,0.000000,0.000000
14.1400,0.173041,0.155936,-0.092657,0.468264,0.000000,0.000000,0.000000,0.165317,-0.155936,0.092657,0.483713,0.000000,0.000000,0.000000,0.000000
14.1600,0.179472,0.159884,-0.093941,0.477736,0.000000,0.000000,0.000000,0.171640,-0.159883,0.093941,0.493399,0.000000,0.000000,0.000000,0.000000
14.1800,0.185772,0.163751,-0.095199,0.487017,0.000000,0.000000,0.000000,0.177837,-0.163751,0.095198,0.502889,0.000000,0.000000,0.000000,0.000000
14.2000,0.191939,0.167536,-0.096430,0.496101,0.000000,0.000000,0.000000,0.183901,-0.167536,0.096430,0.512177,0.000000,0.000000,0.000000,0.000000
14.2200,0.197968,0.171236,-0.097634,0.504981,0.000000,0.000000,0.000000,0.189830,-0.171236,0.097633,0.521258,0.000000,0.000000,0.000000,0.000000
14.2400,0.203855,0.174850,-0.098809,0.513652,0.000000,0.000000,0.000000,0.195619,-0.174849,0.098809,0.530125,0.000000,0.000000,0.000000,0.000000
14.2600,0.209596,0.178374,-0.099955,0.522109,0.000000,0.000000,0.000000,0.201264,-0.178373,0.099955,0.538772,0.000000,0.000000,0.000000,0.000000
14.2800,0.215188,0.181806,-0.101072,0.530346,0.000000,0.000000,0.000000,0.206764,-0.181806,0.101071,0.547195,0.000000,0.000000,0.000000,0.000000
14.3000,0.220628,0.185145,-0.102158,0.538358,0.000000,0.000000,0.000000,0.212113,-0.185145,0.102157,0.555388,0.000000,0.000000,0.000000,0.000000
14.3200,0.225913,0.188388,-0.103213,0.546142,0.000000,0.000000,0.000000,0.217310,-0.188388,0.103212,0.563348,0.000000,0.000000,0.000000,0.000000
14.3400,0.231039,0.191535,-0.104236,0.553693,0.000000,0.000000,0.000000,0.222351,-0.191535,0.104236,0.571069,0.000000,0.000000,0.000000,0.000000
14.3600,0.236004,0.194582,-0.105227,0.561007,0.000000,0.000000,0.000000,0.227234,-0.194582,0.105227,0.578548,0.000000,0.000000,0.000000,0.000000
14.3800,0.240806,0.197530,-0.106186,0.568080,0.000000,0.000000,0.000000,0.231956,-0.197530,0.106186,0.585781,0.000000,0.000000,0.000000,0.000000
14.4000,0.245444,0.200376,-0.107112,0.574911,0.000000,0.000000,0.000000,0.236516,-0.200376,0.107112,0.592765,0.000000,0.000000,0.000000,0.000000
14.4200,0.249914,0.203120,-0.108004,0.581495,0.000000,0.000000,0.000000,0.240912,-0.203120,0.108004,0.599498,0.000000,0.000000,0.000000,0.000000
14.4400,0.254215,0.205760,-0.108863,0.587831,0.000000,0.000000,0.000000,0.245142,-0.205760,0.108863,0.605977,0.000000,0.000000,0.000000,0.000000
14.4600,0.258347,0.208296,-0.109688,0.593916,0.000000,0.000000,0.000000,0.249205,-0.208296,0.109688,0.612200,0.000000,0.000000,0.000000,0.000000
14.4800,0.262307,0.210727,-0.110478,0.599750,0.000000,0.000000,0.000000,0.253100,-0.210727,0.110478,0.618165,0.000000,0.000000,0.000000,0.000000
14.5000,0.266096,0.213052,-0.111235,0.605331,0.000000,0.000000,0.000000,0.256826,-0.213052,0.111235,0.623872,0.000000,0.000000,0.000000,0.000000
14.5200,0.269713,0.215272,-0.111957,0.610658,0.000000,0.000000,0.000000,0.260382,-0.215272,0.111957,0.629319,0.000000,0.000000,0.000000,0.000000
14.5400,0.273157,0.217386,-0.112645,0.615732,0.000000,0.000000,0.000000,0.263769,-0.217386,0.112644,0.634507,0.000000,0.000000,0.000000,0.000000
14.5600,0.276429,0.219395,-0.113298,0.620552,0.000000,0.000000,0.000000,0.266987,-0.219395,0.113298,0.639436,0.000000,0.000000,0.000000,0.000000
14.5800,0.279530,0.221298,-0.113917,0.625119,0.000000,0.000000,0.000000,0.270036,-0.221298,0.113917,0.644106,0.000000,0.000000,0.000000,0.000000
14.6000,0.282460,0.223096,-0.114502,0.629434,0.000000,0.000000,0.000000,0.272917,-0.223096,0.114502,0.648519,0.000000,0.000000,0.000000,0.000000
14.6200,0.285220,0.224790,-0.115053,0.633499,0.000000,0.000000,0.000000,0.275631,-0.224790,0.115053,0.652676,0.000000,0.000000,0.000000,0.000000
14.6400,0.287811,0.226381,-0.115570,0.637317,0.000000,0.000000,0.000000,0.278180,-0.226381,0.115570,0.656580,0.000000,0.000000,0.000000,0.000000
14.6600,0.290237,0.227870,-0.116054,0.640889,0.000000,0.000000,0.000000,0.280565,-0.227869,0.116054,0.660232,0.000000,0.000000,0.000000,0.000000
14.6800,0.292498,0.229257,-0.116506,0.644220,0.000000,0.000000,0.000000,0.282788,-0.229257,0.116506,0.663638,0.000000,0.000000,0.000000,0.000000
14.7000,0.294597,0.230546,-0.116925,0.647311,0.000000,0.000000,0.000000,0.284853,-0.230546,0.116925,0.666800,0.000000,0.000000,0.000000,0.000000
14.7200,0.296537,0.231737,-0.117312,0.650169,0.000000,0.000000,0.000000,0.286761,-0.231737,0.117312,0.669722,0.000000,0.000000,0.000000,0.000000
14.7400,0.298322,0.232832,-0.117668,0.652798,0.000000,0.000000,0.000000,0.288516,-0.232832,0.117668,0.672410,0.000000,0.000000,0.000000,0.000000
14.7600,0.299954,0.233834,-0.117994,0.655203,0.000000,0.000000,0.000000,0.290121,-0.233834,0.117994,0.674869,0.000000,0.000000,0.000000,0.000000
14.7800,0.301439,0.234745,-0.118291,0.657390,0.000000,0.000000,0.000000,0.291581,-0.234745,0.118291,0.677105,0.000000,0.000000,0.000000,0.000000
14.8000,0.302780,0.235568,-0.118559,0.659365,0.000000,0.000000,0.000000,0.292900,-0.235568,0.118559,0.679125,0.000000,0.000000,0.000000,0.000000
14.8200,0.303983,0.236307,-0.118799,0.661136,0.000000,0.000000,0.000000,0.294083,-0.236307,0.118799,0.680936,0.000000,0.000000,0.000000,0.000000
14.8400,0.305052,0.236963,-0.119012,0.662711,0.000000,0.000000,0.000000,0.295134,-0.236963,0.119012,0.682547,0.000000,0.000000,0.000000,0.000000
14.8600,0.305993,0.237541,-0.119200,0.664098,0.000000,0.000000,0.000000,0.296060,-0.237541,0.119200,0.683965,0.000000,0.000000,0.000000,0.000000
14.8800,0.306813,0.238044,-0.119364,0.665305,0.000000,0.000000,0.000000,0.296866,-0.238044,0.119364,0.685199,0.000000,0.000000,0.000000,0.000000
14.9000,0.307517,0.238476,-0.119504,0.666343,0.000000,0.000000,0.000000,0.297559,-0.238476,0.119504,0.686261,0.000000,0.000000,0.000000,0.000000
14.9200,0.308114,0.238842,-0.119623,0.667222,0.000000,0.000000,0.000000,0.298145,-0.238842,0.119623,0.687159,0.000000,0.000000,0.000000,0.000000
14.9400,0.308610,0.239147,-0.119722,0.667952,0.000000,0.000000,0.000000,0.298633,-0.239147,0.119722,0.687906,0.000000,0.000000,0.000000,0.000000
14.9600,0.309013,0.239394,-0.119803,0.668546,0.000000,0.000000,0.000000,0.299029,-0.239394,0.119803,0.688513,0.000000,0.000000,0.000000,0.000000
14.9800,0.309331,0.239590,-0.119866,0.669015,0.000000,0.000000,0.000000,0.299342,-0.239590,0.119866,0.688993,0.000000,0.000000,0.000000,0.000000
15.0000,0.309574,0.239739,-0.119915,0.669373,0.000000,0.000000,0.000000,0.299581,-0.239739,0.119915,0.689359,0.000000,0.000000,0.000000,0.000000
15.0200,0.309751,0.239847,-0.119950,0.669633,0.000000,0.000000,0.000000,0.299755,-0.239847,0.119950,0.689625,0.000000,0.000000,0.000000,0.000000
15.0400,0.309871,0.239921,-0.119974,0.669810,0.000000,0.000000,0.000000,0.299873,-0.239921,0.119974,0.689806,0.000000,0.000000,0.000000,0.000000
15.0600,0.309945,0.239966,-0.119989,0.669919,0.000000,0.000000,0.000000,0.299946,-0.239966,0.119989,0.689917,0.000000,0.000000,0.000000,0.000000
15.0800,0.309984,0.239990,-0.119997,0.669976,0.000000,0.000000,0.000000,0.299984,-0.239990,0.119997,0.689975,0.000000,0.000000,0.000000,0.000000
15.1000,0.309998,0.239999,-0.120000,0.669997,0.000000,0.000000,0.000000,0.299998,-0.239999,0.120000,0.689997,0.000000,0.000000,0.000000,0.000000
15.1200,0.310000,0.240000,-0.120000,0.670000,0.000000,0.000000,0.000000,0.300000,-0.240000,0.120000,0.690000,0.000000,0.000000,0.000000,0.000000
