t_s,left_shoulder_pitch,left_shoulder_roll,left_shoulder_yaw,left_elbow,left_wrist_roll,left_wrist_pitch,left_wrist_yaw,right_shoulder_pitch,right_shoulder_roll,right_shoulder_yaw,right_elbow,right_wrist_roll,right_wrist_pitch,right_wrist_yaw,waist_yaw
7.6167,0.177496,-0.111387,-0.272695,1.328814,0.000000,0.000000,0.000000,0.028393,-0.536241,0.093294,1.641599,0.000000,0.000000,0.000000,0.000000
7.6333,0.188451,-0.092068,-0.316086,1.305050,0.000000,0.000000,0.000000,0.003111,-0.470130,0.229675,1.721892,0.000000,0.000000,0.000000,0.000000
7.7833,0.199115,-0.072611,-0.358589,1.281183,0.000000,0.000000,0.000000,-0.019517,-0.408640,0.352874,1.791039,0.000000,0.000000,0.000000,0.000000
7.8000,0.209230,-0.053163,-0.399256,1.257484,0.000000,0.000000,0.000000,-0.038051,-0.355045,0.458425,1.843599,0.000000,0.000000,0.000000,0.000000
7.8167,0.218537,-0.033911,-0.437336,1.234184,0.000000,0.000000,0.000000,-0.051414,-0.311834,0.542726,1.875285,0.000000,0.000000,0.000000,0.000000
7.8333,0.226781,-0.015093,-0.472308,1.211471,0.000000,0.000000,0.000000,-0.059010,-0.280429,0.603378,1.883461,0.000000,0.000000,0.000000,0.000000
7.8500,0.233718,0.003006,-0.503868,1.189502,0.000000,0.000000,0.000000,-0.060731,-0.261175,0.639220,1.867307,0.000000,0.000000,0.000000,0.000000
7.9500,0.239118,0.020062,-0.531903,1.168416,0.000000,0.000000,0.000000,-0.056919,-0.253438,0.650292,1.827795,0.000000,0.000000,0.000000,0.000000
7.9667,0.242762,0.035724,-0.556443,1.148346,0.000000,0.000000,0.000000,-0.048276,-0.255800,0.637898,1.767448,0.000000,0.000000,0.000000,0.000000
7.9833,0.244445,0.049628,-0.577628,1.129427,0.000000,0.000000,0.000000,-0.035743,-0.266360,0.604782,1.689877,0.000000,0.000000,0.000000,0.000000
8.0333,0.243977,0.061421,-0.595662,1.111791,0.000000,0.000000,0.000000,-0.020381,-0.283043,0.555197,1.599371,0.000000,0.000000,0.000000,0.000000
8.0500,0.241181,0.070783,-0.610788,1.095563,0.000000,0.000000,0.000000,-0.003281,-0.303847,0.494468,1.500550,0.000000,0.000000,0.000000,0.000000
8.0667,0.235896,0.077437,-0.623254,1.080851,0.000000,0.000000,0.000000,0.014537,-0.327035,0.428034,1.397926,0.000000,0.000000,0.000000,0.000000
8.0833,0.227982,0.081170,-0.633281,1.067739,0.000000,0.000000,0.000000,0.032194,-0.351215,0.360539,1.295439,0.000000,0.000000,0.000000,0.000000
8.1000,0.217318,0.081834,-0.641042,1.056288,0.000000,0.000000,0.000000,0.048985,-0.375331,0.295481,1.196220,0.000000,0.000000,0.000000,0.000000
8.1167,0.203814,0.079360,-0.646622,1.046534,0.000000,0.000000,0.000000,0.064388,-0.398614,0.235289,1.102565,0.000000,0.000000,0.000000,0.000000
8.1333,0.187420,0.073749,-0.650002,1.038494,0.000000,0.000000,0.000000,0.078061,-0.420529,0.181514,1.016009,0.000000,0.000000,0.000000,0.000000
8.1500,0.168140,0.065079,-0.651038,1.032140,0.000000,0.000000,0.000000,0.089830,-0.440733,0.135006,0.937398,0.000000,0.000000,0.000000,0.000000
8.1667,0.146053,0.053500,-0.649485,1.027373,0.000000,0.000000,0.000000,0.099662,-0.459025,0.096053,0.866993,0.000000,0.000000,0.000000,0.000000
8.1833,0.121337,0.039245,-0.645040,1.023977,0.000000,0.000000,0.000000,0.107638,-0.475298,0.064500,0.804565,0.000000,0.000000,0.000000,0.000000
8.2000,0.094280,0.022636,-0.637400,1.021596,0.000000,0.000000,0.000000,0.113913,-0.489499,0.039859,0.749479,0.000000,0.000000,0.000000,0.000000
8.2167,0.065283,0.004082,-0.626326,1.019760,0.000000,0.000000,0.000000,0.118677,-0.501596,0.021410,0.700798,0.000000,0.000000,0.000000,0.000000
8.2333,0.034842,-0.015954,-0.611707,1.017941,0.000000,0.000000,0.000000,0.122106,-0.511554,0.008309,0.657367,0.000000,0.000000,0.000000,0.000000
8.2500,0.003523,-0.036984,-0.593618,1.015632,0.000000,0.000000,0.000000,0.124332,-0.519312,-0.000326,0.617909,0.000000,0.000000,0.000000,0.000000
8.2667,-0.028057,-0.058530,-0.572347,1.012445,0.000000,0.000000,0.000000,0.125413,-0.524776,-0.005347,0.581105,0.000000,0.000000,0.000000,0.000000
8.2833,-0.059270,-0.080140,-0.548397,1.008198,0.000000,0.000000,0.000000,0.125322,-0.527810,-0.007531,0.545668,0.000000,0.000000,0.000000,0.000000
8.3000,-0.089515,-0.101397,-0.522443,1.002934,0.000000,0.000000,0.000000,0.123948,-0.528233,-0.007551,0.510406,0.000000,0.000000,0.000000,0.000000
8.3167,-0.118254,-0.121925,-0.495263,0.996826,0.000000,0.000000,0.000000,0.121100,-0.525828,-0.005950,0.474275,0.000000,0.000000,0.000000,0.000000
8.3333,-0.145035,-0.141392,-0.467660,0.990070,0.000000,0.000000,0.000000,0.116521,-0.520347,-0.003124,0.436417,0.000000,0.000000,0.000000,0.000000
8.3500,-0.169495,-0.159513,-0.440401,0.982811,0.000000,0.000000,0.000000,0.109904,-0.511528,0.000693,0.396192,0.000000,0.000000,0.000000,0.000000
8.3667,-0.191362,-0.176056,-0.414189,0.975122,0.000000,0.000000,0.000000,0.100915,-0.499109,0.005424,0.353208,0.000000,0.000000,0.000000,0.000000
8.3833,-0.210463,-0.190844,-0.389661,0.966997,0.000000,0.000000,0.000000,0.089235,-0.482858,0.011116,0.307346,0.000000,0.000000,0.000000,0.000000
8.4000,-0.226717,-0.203765,-0.367394,0.958348,0.000000,0.000000,0.000000,0.074606,-0.462617,0.017884,0.258777,0.000000,0.000000,0.000000,0.000000
8.4167,-0.240131,-0.214766,-0.347917,0.949006,0.000000,0.000000,0.000000,0.056884,-0.438351,0.025855,0.207978,0.000000,0.000000,0.000000,0.000000
8.4333,-0.250791,-0.223841,-0.331706,0.938708,0.000000,0.000000,0.000000,0.036087,-0.410213,0.035122,0.155731,0.000000,0.000000,0.000000,0.000000
8.4500,-0.258861,-0.231010,-0.319186,0.927100,0.000000,0.000000,0.000000,0.012425,-0.378599,0.045723,0.103100,0.000000,0.000000,0.000000,0.000000
8.4667,-0.264563,-0.236295,-0.310736,0.913732,0.000000,0.000000,0.000000,-0.013661,-0.344213,0.057607,0.051389,0.000000,0.000000,0.000000,0.000000
8.5500,-0.268174,-0.239708,-0.306702,0.898082,0.000000,0.000000,0.000000,-0.041458,-0.308099,0.070602,0.002027,0.000000,0.000000,0.000000,0.000000
8.6000,-0.270006,-0.241239,-0.307421,0.879582,0.000000,0.000000,0.000000,-0.070015,-0.271586,0.084424,-0.043689,0.000000,0.000000,0.000000,0.000000
8.6167,-0.270397,-0.240856,-0.313221,0.857647,0.000000,0.000000,0.000000,-0.098305,-0.236138,0.098761,-0.084878,0.000000,0.000000,0.000000,0.000000
8.6500,-0.269696,-0.238504,-0.324402,0.831699,0.000000,0.000000,0.000000,-0.125411,-0.203207,0.113393,-0.121152,0.000000,0.000000,0.000000,0.000000
8.6833,-0.268254,-0.234111,-0.341193,0.801199,0.000000,0.000000,0.000000,-0.150628,-0.174120,0.128235,-0.152480,0.000000,0.000000,0.000000,0.000000
8.7000,-0.266408,-0.227604,-0.363698,0.765685,0.000000,0.000000,0.000000,-0.173483,-0.149976,0.143271,-0.179012,0.000000,0.000000,0.000000,0.000000
8.7167,-0.264476,-0.218919,-0.391842,0.724818,0.000000,0.000000,0.000000,-0.193698,-0.131535,0.158446,-0.200946,0.000000,0.000000,0.000000,0.000000
8.7833,-0.262755,-0.208018,-0.425326,0.678438,0.000000,0.000000,0.000000,-0.211129,-0.119172,0.173580,-0.218455,0.000000,0.000000,0.000000,0.000000
8.8333,-0.261514,-0.194902,-0.463605,0.626612,0.000000,0.000000,0.000000,-0.225719,-0.112912,0.188357,-0.231656,0.000000,0.000000,0.000000,0.000000
8.8833,-0.260978,-0.179626,-0.505880,0.569656,0.000000,0.000000,0.000000,-0.237452,-0.112535,0.202383,-0.240612,0.000000,0.000000,0.000000,0.000000
8.9000,-0.261302,-0.162305,-0.551126,0.508149,0.000000,0.000000,0.000000,-0.246337,-0.117678,0.215269,-0.245343,0.000000,0.000000,0.000000,0.000000
8.9167,-0.262545,-0.143117,-0.598125,0.442921,0.000000,0.000000,0.000000,-0.252412,-0.127915,0.226698,-0.245846,0.000000,0.000000,0.000000,0.000000
8.9333,-0.264649,-0.122314,-0.645496,0.375035,0.000000,0.000000,0.000000,-0.255758,-0.142790,0.236453,-0.242097,0.000000,0.000000,0.000000,0.000000
8.9500,-0.267432,-0.100233,-0.691729,0.305771,0.000000,0.000000,0.000000,-0.256488,-0.161812,0.244419,-0.234066,0.000000,0.000000,0.000000,0.000000
8.9667,-0.270592,-0.077284,-0.735236,0.236568,0.000000,0.000000,0.000000,-0.254741,-0.184436,0.250574,-0.221737,0.000000,0.000000,0.000000,0.000000
8.9833,-0.273761,-0.053923,-0.774537,0.168899,0.000000,0.000000,0.000000,-0.250667,-0.210049,0.254964,-0.205136,0.000000,0.000000,0.000000,0.000000
9.0000,-0.276578,-0.030584,-0.808508,0.104097,0.000000,0.000000,0.000000,-0.244425,-0.237962,0.257690,-0.184354,0.000000,0.000000,0.000000,0.000000
9.0167,-0.278769,-0.007658,-0.836546,0.043234,0.000000,0.000000,0.000000,-0.236176,-0.267433,0.258883,-0.159583,0.000000,0.000000,0.000000,0.000000
9.0333,-0.280173,0.014512,-0.858558,-0.012889,0.000000,0.000000,0.000000,-0.226103,-0.297690,0.258700,-0.131125,0.000000,0.000000,0.000000,0.000000
9.0500,-0.280754,0.035623,-0.874866,-0.063725,0.000000,0.000000,0.000000,-0.214424,-0.327969,0.257326,-0.099389,0.000000,0.000000,0.000000,0.000000
9.0667,-0.280581,0.055411,-0.886077,-0.108949,0.000000,0.000000,0.000000,-0.201432,-0.357543,0.254989,-0.064869,0.000000,0.000000,0.000000,0.000000
9.0833,-0.279802,0.073657,-0.892958,-0.148426,0.000000,0.000000,0.000000,-0.187515,-0.385741,0.251970,-0.028108,0.000000,0.000000,0.000000,0.000000
9.1000,-0.278617,0.090180,-0.896324,-0.182170,0.000000,0.000000,0.000000,-0.173159,-0.411965,0.248614,0.010329,0.000000,0.000000,0.000000,0.000000
9.1167,-0.277242,0.104840,-0.896949,-0.210320,0.000000,0.000000,0.000000,-0.158903,-0.435718,0.245295,0.049857,0.000000,0.000000,0.000000,0.000000
9.1333,-0.275885,0.117531,-0.895514,-0.233108,0.000000,0.000000,0.000000,-0.145250,-0.456640,0.242362,0.089865,0.000000,0.000000,0.000000,0.000000
9.1500,-0.274725,0.128187,-0.892576,-0.250848,0.000000,0.000000,0.000000,-0.132578,-0.474533,0.240078,0.129713,0.000000,0.000000,0.000000,0.000000
9.1667,-0.273895,0.136791,-0.888571,-0.263908,0.000000,0.000000,0.000000,-0.121073,-0.489374,0.238571,0.168748,0.000000,0.000000,0.000000,0.000000
9.1833,-0.273477,0.143378,-0.883821,-0.272691,0.000000,0.000000,0.000000,-0.110743,-0.501290,0.237841,0.206348,0.000000,0.000000,0.000000,0.000000
9.2000,-0.273501,0.148037,-0.878551,-0.277618,0.000000,0.000000,0.000000,-0.101459,-0.510535,0.237801,0.241953,0.000000,0.000000,0.000000,0.000000
9.2167,-0.273948,0.150907,-0.872909,-0.279107,0.000000,0.000000,0.000000,-0.093019,-0.517445,0.238326,0.275094,0.000000,0.000000,0.000000,0.000000
9.2333,-0.274756,0.152165,-0.866985,-0.277561,0.000000,0.000000,0.000000,-0.085209,-0.522397,0.239306,0.305401,0.000000,0.000000,0.000000,0.000000
9.2500,-0.275837,0.152012,-0.860832,-0.273349,0.000000,0.000000,0.000000,-0.077848,-0.525774,0.240679,0.332620,0.000000,0.000000,0.000000,0.000000
9.2667,-0.277087,0.150658,-0.854480,-0.266789,0.000000,0.000000,0.000000,-0.070825,-0.527942,0.242435,0.356618,0.000000,0.000000,0.000000,0.000000
9.2833,-0.278399,0.148304,-0.847943,-0.258143,0.000000,0.000000,0.000000,-0.064094,-0.529233,0.244590,0.377386,0.000000,0.000000,0.000000,0.000000
9.3000,-0.279678,0.145133,-0.841222,-0.247601,0.000000,0.000000,0.000000,-0.057663,-0.529941,0.247140,0.395027,0.000000,0.000000,0.000000,0.000000
9.3167,-0.280842,0.141300,-0.834312,-0.235284,0.000000,0.000000,0.000000,-0.051566,-0.530316,0.250026,0.409745,0.000000,0.000000,0.000000,0.000000
9.3333,-0.281834,0.136931,-0.827199,-0.221237,0.000000,0.000000,0.000000,-0.045842,-0.530564,0.253117,0.421812,0.000000,0.000000,0.000000,0.000000
9.3500,-0.282622,0.132118,-0.819858,-0.205435,0.000000,0.000000,0.000000,-0.040513,-0.530848,0.256207,0.431549,0.000000,0.000000,0.000000,0.000000
9.3667,-0.283199,0.126924,-0.812263,-0.187780,0.000000,0.000000,0.000000,-0.035568,-0.531290,0.259034,0.439303,0.000000,0.000000,0.000000,0.000000
9.3833,-0.283590,0.121373,-0.804379,-0.168109,0.000000,0.000000,0.000000,-0.030961,-0.531980,0.261307,0.445438,0.000000,0.000000,0.000000,0.000000
9.4000,-0.283840,0.115458,-0.796167,-0.146200,0.000000,0.000000,0.000000,-0.026620,-0.532967,0.262728,0.450333,0.000000,0.000000,0.000000,0.000000
9.4167,-0.284018,0.109135,-0.787579,-0.121788,0.000000,0.000000,0.000000,-0.022452,-0.534254,0.263018,0.454388,0.000000,0.000000,0.000000,0.000000
9.4333,-0.284200,0.102339,-0.778555,-0.094604,0.000000,0.000000,0.000000,-0.018358,-0.535789,0.261927,0.458039,0.000000,0.000000,0.000000,0.000000
9.4500,-0.284462,0.094999,-0.769031,-0.064413,0.000000,0.000000,0.000000,-0.014243,-0.537467,0.259243,0.461767,0.000000,0.000000,0.000000,0.000000
9.4667,-0.284872,0.087062,-0.758951,-0.031073,0.000000,0.000000,0.000000,-0.010020,-0.539136,0.254805,0.466115,0.000000,0.000000,0.000000,0.000000
9.4833,-0.285481,0.078514,-0.748293,0.005423,0.000000,0.000000,0.000000,-0.005617,-0.540613,0.248506,0.471698,0.000000,0.000000,0.000000,0.000000
9.5000,-0.286323,0.069391,-0.737086,0.044923,0.000000,0.000000,0.000000,-0.000975,-0.541698,0.240312,0.479202,0.000000,0.000000,0.000000,0.000000
9.5167,-0.287418,0.059775,-0.725415,0.087118,0.000000,0.000000,0.000000,0.003951,-0.542189,0.230265,0.489388,0.000000,0.000000,0.000000,0.000000
9.5333,-0.288768,0.049788,-0.713409,0.131566,0.000000,0.000000,0.000000,0.009190,-0.541891,0.218501,0.503080,0.000000,0.000000,0.000000,0.000000
9.5500,-0.290370,0.039563,-0.701221,0.177744,0.000000,0.000000,0.000000,0.014762,-0.540624,0.205253,0.521150,0.000000,0.000000,0.000000,0.000000
9.5667,-0.292215,0.029242,-0.689003,0.225080,0.000000,0.000000,0.000000,0.020675,-0.538223,0.190872,0.544488,0.000000,0.000000,0.000000,0.000000
9.5833,-0.294300,0.018955,-0.676901,0.272997,0.000000,0.000000,0.000000,0.026928,-0.534548,0.175831,0.573967,0.000000,0.000000,0.000000,0.000000
9.6000,-0.296631,0.008823,-0.665046,0.320936,0.000000,0.000000,0.000000,0.033506,-0.529485,0.160753,0.610397,0.000000,0.000000,0.000000,0.000000
9.6167,-0.299227,-0.001055,-0.653533,0.368380,0.000000,0.000000,0.000000,0.040371,-0.522950,0.146424,0.654466,0.000000,0.000000,0.000000,0.000000
9.6333,-0.302119,-0.010600,-0.642406,0.414881,0.000000,0.000000,0.000000,0.047453,-0.514895,0.133807,0.706682,0.000000,0.000000,0.000000,0.000000
9.6500,-0.305331,-0.019764,-0.631645,0.460065,0.000000,0.000000,0.000000,0.054646,-0.505315,0.124052,0.767299,0.000000,0.000000,0.000000,0.000000
9.6667,-0.308873,-0.028531,-0.621187,0.503622,0.000000,0.000000,0.000000,0.061801,-0.494258,0.118485,0.836230,0.000000,0.000000,0.000000,0.000000
9.6833,-0.312727,-0.036907,-0.610957,0.545286,0.000000,0.000000,0.000000,0.068754,-0.481830,0.118581,0.912950,0.000000,0.000000,0.000000,0.000000
9.7000,-0.316839,-0.044910,-0.600893,0.584814,0.000000,0.000000,0.000000,0.075361,-0.468198,0.125894,0.996394,0.000000,0.000000,0.000000,0.000000
9.7167,-0.321124,-0.052559,-0.590965,0.621969,0.000000,0.000000,0.000000,0.081551,-0.453585,0.141944,1.084871,0.000000,0.000000,0.000000,0.000000
9.7667,-0.325468,-0.059862,-0.581174,0.656514,0.000000,0.000000,0.000000,0.087360,-0.438264,0.168052,1.176086,0.000000,0.000000,0.000000,0.000000
9.7833,-0.329739,-0.066811,-0.571562,0.688212,0.000000,0.000000,0.000000,0.092916,-0.422552,0.205081,1.267352,0.000000,0.000000,0.000000,0.000000
9.8000,-0.333798,-0.073376,-0.562213,0.716839,0.000000,0.000000,0.000000,0.098369,-0.406820,0.253122,1.355930,0.000000,0.000000,0.000000,0.000000
9.8167,-0.337506,-0.079507,-0.553259,0.742204,0.000000,0.000000,0.000000,0.103849,-0.391523,0.311237,1.439260,0.000000,0.000000,0.000000,0.000000
9.8333,-0.340737,-0.085145,-0.544874,0.764179,0.000000,0.000000,0.000000,0.109470,-0.377252,0.377292,1.515001,0.000000,0.000000,0.000000,0.000000
9.9500,-0.343389,-0.090229,-0.537268,0.782728,0.000000,0.000000,0.000000,0.115350,-0.364747,0.447966,1.581045,0.000000,0.000000,0.000000,0.000000
9.9667,-0.345383,-0.094697,-0.530670,0.797912,0.000000,0.000000,0.000000,0.121544,-0.354752,0.519181,1.635693,0.000000,0.000000,0.000000,0.000000
10.0333,-0.346664,-0.098493,-0.525312,0.809900,0.000000,0.000000,0.000000,0.127941,-0.347763,0.586886,1.677928,0.000000,0.000000,0.000000,0.000000
10.0500,-0.347190,-0.101565,-0.521415,0.818955,0.000000,0.000000,0.000000,0.134254,-0.343897,0.647636,1.707463,0.000000,0.000000,0.000000,0.000000
10.0667,-0.346919,-0.103867,-0.519173,0.825423,0.000000,0.000000,0.000000,0.140142,-0.342998,0.698733,1.724505,0.000000,0.000000,0.000000,0.000000
10.0833,-0.345800,-0.105362,-0.518744,0.829720,0.000000,0.000000,0.000000,0.145326,-0.344785,0.738153,1.729506,0.000000,0.000000,0.000000,0.000000
10.1000,-0.343751,-0.106024,-0.520242,0.832299,0.000000,0.000000,0.000000,0.149624,-0.348931,0.764446,1.723024,0.000000,0.000000,0.000000,0.000000
10.1167,-0.340652,-0.105848,-0.523725,0.833639,0.000000,0.000000,0.000000,0.152950,-0.355100,0.776660,1.705658,0.000000,0.000000,0.000000,0.000000
10.1333,-0.336338,-0.104846,-0.529186,0.834230,0.000000,0.000000,0.000000,0.155302,-0.362961,0.774293,1.678021,0.000000,0.000000,0.000000,0.000000
10.1500,-0.330599,-0.103060,-0.536548,0.834568,0.000000,0.000000,0.000000,0.156759,-0.372189,0.757267,1.640743,0.000000,0.000000,0.000000,0.000000
10.1667,-0.323194,-0.100548,-0.545664,0.835147,0.000000,0.000000,0.000000,0.157468,-0.382475,0.725935,1.594502,0.000000,0.000000,0.000000,0.000000
10.1833,-0.313860,-0.097389,-0.556318,0.836454,0.000000,0.000000,0.000000,0.157643,-0.393523,0.681110,1.540081,0.000000,0.000000,0.000000,0.000000
10.2000,-0.302331,-0.093667,-0.568242,0.838959,0.000000,0.000000,0.000000,0.157549,-0.405050,0.624131,1.478437,0.000000,0.000000,0.000000,0.000000
10.2167,-0.288355,-0.089470,-0.581117,0.843109,0.000000,0.000000,0.000000,0.157464,-0.416785,0.556945,1.410802,0.000000,0.000000,0.000000,0.000000
10.2333,-0.271719,-0.084885,-0.594581,0.849315,0.000000,0.000000,0.000000,0.157630,-0.428458,0.482218,1.338777,0.000000,0.000000,0.000000,0.000000
10.3000,-0.252273,-0.079993,-0.608218,0.857941,0.000000,0.000000,0.000000,0.158203,-0.439814,0.403341,1.264371,0.000000,0.000000,0.000000,0.000000
10.3167,-0.229951,-0.074864,-0.621548,0.869287,0.000000,0.000000,0.000000,0.159232,-0.450647,0.324068,1.189829,0.000000,0.000000,0.000000,0.000000
10.3333,-0.204793,-0.069557,-0.634022,0.883557,0.000000,0.000000,0.000000,0.160686,-0.460824,0.247814,1.117288,0.000000,0.000000,0.000000,0.000000
10.3500,-0.176951,-0.064108,-0.645034,0.900814,0.000000,0.000000,0.000000,0.162481,-0.470272,0.177138,1.048518,0.000000,0.000000,0.000000,0.000000
10.3667,-0.146696,-0.058515,-0.653955,0.920929,0.000000,0.000000,0.000000,0.164499,-0.478943,0.113674,0.984846,0.000000,0.000000,0.000000,0.000000
10.3833,-0.114405,-0.052725,-0.660213,0.943537,0.000000,0.000000,0.000000,0.166613,-0.486809,0.058299,0.927133,0.000000,0.000000,0.000000,0.000000
10.4000,-0.080554,-0.046612,-0.663408,0.968011,0.000000,0.000000,0.000000,0.168704,-0.493857,0.011344,0.875790,0.000000,0.000000,0.000000,0.000000
10.4167,-0.045692,-0.039976,-0.663437,0.993468,0.000000,0.000000,0.000000,0.170687,-0.500087,-0.027263,0.830821,0.000000,0.000000,0.000000,0.000000
10.4333,-0.010418,-0.032555,-0.660582,1.018846,0.000000,0.000000,0.000000,0.172511,-0.505510,-0.057897,0.791903,0.000000,0.000000,0.000000,0.000000
10.4500,0.024639,-0.024045,-0.655521,1.043018,0.000000,0.000000,0.000000,0.174157,-0.510134,-0.081174,0.758479,0.000000,0.000000,0.000000,0.000000
10.4667,0.058854,-0.014134,-0.649263,1.064899,0.000000,0.000000,0.000000,0.175628,-0.513959,-0.097890,0.729844,0.000000,0.000000,0.000000,0.000000
10.4833,0.091648,-0.002532,-0.643040,1.083510,0.000000,0.000000,0.000000,0.176944,-0.516977,-0.108959,0.705203,0.000000,0.000000,0.000000,0.000000
10.5000,0.122521,0.010990,-0.638174,1.098006,0.000000,0.000000,0.000000,0.178138,-0.519160,-0.115358,0.683696,0.000000,0.000000,0.000000,0.000000
10.5167,0.151064,0.026546,-0.635904,1.107762,0.000000,0.000000,0.000000,0.179254,-0.520463,-0.118078,0.664426,0.000000,0.000000,0.000000,0.000000
10.5333,0.176940,0.044083,-0.637185,1.112472,0.000000,0.000000,0.000000,0.180343,-0.520813,-0.118085,0.646469,0.000000,0.000000,0.000000,0.000000
10.5500,0.199863,0.063348,-0.642500,1.112242,0.000000,0.000000,0.000000,0.181446,-0.520104,-0.116279,0.628889,0.000000,0.000000,0.000000,0.000000
10.5667,0.219584,0.083885,-0.651772,1.107607,0.000000,0.000000,0.000000,0.182579,-0.518189,-0.113469,0.610767,0.000000,0.000000,0.000000,0.000000
10.5833,0.235907,0.105073,-0.664411,1.099461,0.000000,0.000000,0.000000,0.183710,-0.514881,-0.110344,0.591229,0.000000,0.000000,0.000000,0.000000
10.6000,0.248703,0.126182,-0.679493,1.088929,0.000000,0.000000,0.000000,0.184747,-0.509952,-0.107454,0.569478,0.000000,0.000000,0.000000,0.000000
10.6167,0.257935,0.146457,-0.695978,1.077202,0.000000,0.000000,0.000000,0.185523,-0.503147,-0.105196,0.544828,0.000000,0.000000,0.000000,0.000000
10.6333,0.263672,0.165181,-0.712850,1.065407,0.000000,0.000000,0.000000,0.185789,-0.494189,-0.103799,0.516720,0.000000,0.000000,0.000000,0.000000
10.6500,0.266096,0.181729,-0.729190,1.054507,0.000000,0.000000,0.000000,0.185221,-0.482794,-0.103331,0.484736,0.000000,0.000000,0.000000,0.000000
10.6667,0.265482,0.195596,-0.744217,1.045258,0.000000,0.000000,0.000000,0.183427,-0.468684,-0.103704,0.448615,0.000000,0.000000,0.000000,0.000000
10.6833,0.262163,0.206422,-0.757321,1.038174,0.000000,0.000000,0.000000,0.179976,-0.451600,-0.104705,0.408262,0.000000,0.000000,0.000000,0.000000
10.7000,0.256492,0.213999,-0.768087,1.033520,0.000000,0.000000,0.000000,0.174420,-0.431318,-0.106015,0.363755,0.000000,0.000000,0.000000,0.000000
10.7167,0.248805,0.218266,-0.776295,1.031332,0.000000,0.000000,0.000000,0.166328,-0.407672,-0.107242,0.315377,0.000000,0.000000,0.000000,0.000000
10.7333,0.239388,0.219282,-0.781888,1.031457,0.000000,0.000000,0.000000,0.155319,-0.380578,-0.107961,0.263642,0.000000,0.000000,0.000000,0.000000
10.7667,0.228456,0.217193,-0.784932,1.033609,0.000000,0.000000,0.000000,0.141103,-0.350082,-0.107770,0.209324,0.000000,0.000000,0.000000,0.000000
10.7833,0.216145,0.212179,-0.785537,1.037429,0.000000,0.000000,0.000000,0.123530,-0.316419,-0.106337,0.153468,0.000000,0.000000,0.000000,0.000000
10.8000,0.202512,0.204420,-0.783793,1.042537,0.000000,0.000000,0.000000,0.102645,-0.280108,-0.103433,0.097353,0.000000,0.000000,0.000000,0.000000
10.8167,0.187547,0.194063,-0.779700,1.048569,0.000000,0.000000,0.000000,0.078763,-0.242041,-0.098969,0.042466,0.000000,0.000000,0.000000,0.000000
10.9167,0.171184,0.181212,-0.773127,1.055204,0.000000,0.000000,0.000000,0.052519,-0.203518,-0.093036,-0.009584,0.000000,0.000000,0.000000,0.000000
10.9333,0.153325,0.165926,-0.763790,1.062175,0.000000,0.000000,0.000000,0.024792,-0.166144,-0.085833,-0.057242,0.000000,0.000000,0.000000,0.000000
10.9500,0.133860,0.148234,-0.751252,1.069277,0.000000,0.000000,0.000000,-0.003499,-0.131595,-0.077517,-0.099234,0.000000,0.000000,0.000000,0.000000
10.9667,0.112694,0.128162,-0.734937,1.076354,0.000000,0.000000,0.000000,-0.031562,-0.101427,-0.068074,-0.134658,0.000000,0.000000,0.000000,0.000000
10.9833,0.089764,0.105757,-0.714179,1.083289,0.000000,0.000000,0.000000,-0.058782,-0.076977,-0.057307,-0.162921,0.000000,0.000000,0.000000,0.000000
11.0000,0.065075,0.081129,-0.688294,1.089956,0.000000,0.000000,0.000000,-0.084706,-0.059334,-0.044880,-0.183657,0.000000,0.000000,0.000000,0.000000
11.0667,0.038715,0.054497,-0.656703,1.096169,0.000000,0.000000,0.000000,-0.108985,-0.049304,-0.030405,-0.196683,0.000000,0.000000,0.000000,0.000000
11.1333,0.010879,0.026229,-0.619062,1.101638,0.000000,0.000000,0.000000,-0.131307,-0.047370,-0.013596,-0.202026,0.000000,0.000000,0.000000,0.000000
11.1667,-0.018128,-0.003162,-0.575384,1.105978,0.000000,0.000000,0.000000,-0.151368,-0.053628,0.005603,-0.199948,0.000000,0.000000,0.000000,0.000000
11.3000,-0.047891,-0.033057,-0.526134,1.108760,0.000000,0.000000,0.000000,-0.168872,-0.067757,0.026966,-0.190922,0.000000,0.000000,0.000000,0.000000
11.3833,-0.077891,-0.062808,-0.472269,1.109631,0.000000,0.000000,0.000000,-0.183519,-0.089014,0.049982,-0.175590,0.000000,0.000000,0.000000,0.000000
11.4000,-0.107539,-0.091799,-0.415173,1.108438,0.000000,0.000000,0.000000,-0.195007,-0.116287,0.073874,-0.154727,0.000000,0.000000,0.000000,0.000000
11.4167,-0.136230,-0.119486,-0.356499,1.105287,0.000000,0.000000,0.000000,-0.203081,-0.148228,0.097748,-0.129159,0.000000,0.000000,0.000000,0.000000
11.4333,-0.163405,-0.145424,-0.298012,1.100466,0.000000,0.000000,0.000000,-0.207602,-0.183408,0.120762,-0.099706,0.000000,0.000000,0.000000,0.000000
11.4500,-0.188585,-0.169269,-0.241446,1.094327,0.000000,0.000000,0.000000,-0.208567,-0.220438,0.142236,-0.067158,0.000000,0.000000,0.000000,0.000000
11.4667,-0.211388,-0.190785,-0.188403,1.087221,0.000000,0.000000,0.000000,-0.206111,-0.258049,0.161691,-0.032281,0.000000,0.000000,0.000000,0.000000
11.4833,-0.231544,-0.209833,-0.140257,1.079464,0.000000,0.000000,0.000000,-0.200476,-0.295153,0.178840,0.004190,0.000000,0.000000,0.000000,0.000000
11.5000,-0.248910,-0.226367,-0.098078,1.071317,0.000000,0.000000,0.000000,-0.191979,-0.330866,0.193552,0.041543,0.000000,0.000000,0.000000,0.000000
11.5167,-0.263468,-0.240419,-0.062591,1.062967,0.000000,0.000000,0.000000,-0.180955,-0.364525,0.205800,0.079079,0.000000,0.000000,0.000000,0.000000
11.5333,-0.275305,-0.252087,-0.034179,1.054513,0.000000,0.000000,0.000000,-0.167726,-0.395677,0.215623,0.116117,0.000000,0.000000,0.000000,0.000000
11.5500,-0.284587,-0.261512,-0.012930,1.045949,0.000000,0.000000,0.000000,-0.152602,-0.424060,0.223105,0.152006,0.000000,0.000000,0.000000,0.000000
11.5667,-0.291523,-0.268855,0.001283,1.037157,0.000000,0.000000,0.000000,-0.135899,-0.449561,0.228381,0.186156,0.000000,0.000000,0.000000,0.000000
11.5833,-0.296340,-0.274279,0.008721,1.027910,0.000000,0.000000,0.000000,-0.117969,-0.472180,0.231645,0.218062,0.000000,0.000000,0.000000,0.000000
11.6000,-0.299263,-0.277930,0.009698,1.017886,0.000000,0.000000,0.000000,-0.099211,-0.491994,0.233150,0.247329,0.000000,0.000000,0.000000,0.000000
11.6167,-0.300510,-0.279931,0.004522,1.006690,0.000000,0.000000,0.000000,-0.080073,-0.509127,0.233200,0.273678,0.000000,0.000000,0.000000,0.000000
11.6333,-0.300292,-0.280373,-0.006549,0.993869,0.000000,0.000000,0.000000,-0.061028,-0.523740,0.232108,0.296970,0.000000,0.000000,0.000000,0.000000
11.6500,-0.298808,-0.279309,-0.023326,0.978932,0.000000,0.000000,0.000000,-0.042544,-0.536007,0.230149,0.317222,0.000000,0.000000,0.000000,0.000000
11.6667,-0.296242,-0.276756,-0.045687,0.961355,0.000000,0.000000,0.000000,-0.025033,-0.546116,0.227499,0.334622,0.000000,0.000000,0.000000,0.000000
11.6833,-0.292777,-0.272696,-0.073548,0.940604,0.000000,0.000000,0.000000,-0.008813,-0.554259,0.224206,0.349525,0.000000,0.000000,0.000000,0.000000
11.7000,-0.288593,-0.267091,-0.106821,0.916148,0.000000,0.000000,0.000000,0.005915,-0.560629,0.220196,0.362449,0.000000,0.000000,0.000000,0.000000
11.7167,-0.283873,-0.259886,-0.145365,0.887492,0.000000,0.000000,0.000000,0.019068,-0.565404,0.215310,0.374061,0.000000,0.000000,0.000000,0.000000
11.7333,-0.278809,-0.251022,-0.188943,0.854194,0.000000,0.000000,0.000000,0.030665,-0.568747,0.209343,0.385174,0.000000,0.000000,0.000000,0.000000
11.7500,-0.273600,-0.240448,-0.237183,0.815906,0.000000,0.000000,0.000000,0.040796,-0.570790,0.202098,0.396728,0.000000,0.000000,0.000000,0.000000
11.7667,-0.268447,-0.228130,-0.289549,0.772406,0.000000,0.000000,0.000000,0.049590,-0.571629,0.193419,0.409793,0.000000,0.000000,0.000000,0.000000
11.7833,-0.263558,-0.214068,-0.345303,0.723642,0.000000,0.000000,0.000000,0.057181,-0.571309,0.183220,0.425548,0.000000,0.000000,0.000000,0.000000
11.8000,-0.259147,-0.198308,-0.403492,0.669760,0.000000,0.000000,0.000000,0.063679,-0.569806,0.171516,0.445264,0.000000,0.000000,0.000000,0.000000
11.8167,-0.255421,-0.180945,-0.462949,0.611128,0.000000,0.000000,0.000000,0.069134,-0.567011,0.158442,0.470279,0.000000,0.000000,0.000000,0.000000
11.8333,-0.252570,-0.162131,-0.522338,0.548338,0.000000,0.000000,0.000000,0.073524,-0.562726,0.144292,0.501961,0.000000,0.000000,0.000000,0.000000
11.8500,-0.250742,-0.142075,-0.580252,0.482201,0.000000,0.000000,0.000000,0.076738,-0.556664,0.129540,0.541647,0.000000,0.000000,0.000000,0.000000
11.8667,-0.250027,-0.121042,-0.635334,0.413720,0.000000,0.000000,0.000000,0.078590,-0.548462,0.114868,0.590573,0.000000,0.000000,0.000000,0.000000
11.8833,-0.250442,-0.099337,-0.686392,0.344053,0.000000,0.000000,0.000000,0.078834,-0.537710,0.101166,0.649794,0.000000,0.000000,0.000000,0.000000
11.9000,-0.251911,-0.077285,-0.732472,0.274443,0.000000,0.000000,0.000000,0.077194,-0.523979,0.089514,0.720103,0.000000,0.000000,0.000000,0.000000
11.9167,-0.254270,-0.055209,-0.772892,0.206136,0.000000,0.000000,0.000000,0.073393,-0.506851,0.081165,0.801944,0.000000,0.000000,0.000000,0.000000
11.9333,-0.257284,-0.033409,-0.807291,0.140274,0.000000,0.000000,0.000000,0.067172,-0.485952,0.077512,0.895311,0.000000,0.000000,0.000000,0.000000
11.9500,-0.260700,-0.012149,-0.835675,0.077811,0.000000,0.000000,0.000000,0.058319,-0.460974,0.080059,0.999628,0.000000,0.000000,0.000000,0.000000
11.9667,-0.264295,0.008347,-0.858421,0.019482,0.000000,0.000000,0.000000,0.046715,-0.431724,0.090373,1.113605,0.000000,0.000000,0.000000,0.000000
12.0500,-0.267899,0.027891,-0.876199,-0.034200,0.000000,0.000000,0.000000,0.032396,-0.398163,0.109978,1.235166,0.000000,0.000000,0.000000,0.000000
12.0667,-0.271391,0.046324,-0.889858,-0.082920,0.000000,0.000000,0.000000,0.015571,-0.360465,0.140141,1.361630,0.000000,0.000000,0.000000,0.000000
12.0833,-0.274693,0.063521,-0.900297,-0.126545,0.000000,0.000000,0.000000,-0.003404,-0.319060,0.181574,1.490108,0.000000,0.000000,0.000000,0.000000
12.1000,-0.277746,0.079387,-0.908356,-0.165093,0.000000,0.000000,0.000000,-0.024032,-0.274706,0.234216,1.617730,0.000000,0.000000,0.000000,0.000000
12.1167,-0.280510,0.093863,-0.914752,-0.198698,0.000000,0.000000,0.000000,-0.045626,-0.228555,0.297113,1.741620,0.000000,0.000000,0.000000,0.000000
12.1333,-0.282955,0.106922,-0.920047,-0.227575,0.000000,0.000000,0.000000,-0.067251,-0.182228,0.368316,1.858749,0.000000,0.000000,0.000000,0.000000
12.2000,-0.285070,0.118564,-0.924650,-0.251988,0.000000,0.000000,0.000000,-0.087706,-0.137798,0.444893,1.965866,0.000000,0.000000,0.000000,0.000000
12.2167,-0.286864,0.128813,-0.928845,-0.272231,0.000000,0.000000,0.000000,-0.105656,-0.097576,0.523344,2.059710,0.000000,0.000000,0.000000,0.000000
12.2333,-0.288366,0.137709,-0.932813,-0.288608,0.000000,0.000000,0.000000,-0.119871,-0.063715,0.600311,2.137445,0.000000,0.000000,0.000000,0.000000
12.2500,-0.289617,0.145300,-0.936649,-0.301420,0.000000,0.000000,0.000000,-0.129399,-0.037920,0.673038,2.196987,0.000000,0.000000,0.000000,0.000000
12.2667,-0.290676,0.151628,-0.940376,-0.310947,0.000000,0.000000,0.000000,-0.133628,-0.021332,0.739406,2.237092,0.000000,0.000000,0.000000,0.000000
12.2833,-0.291607,0.156728,-0.943955,-0.317439,0.000000,0.000000,0.000000,-0.132305,-0.014528,0.797794,2.257329,0.000000,0.000000,0.000000,0.000000
12.3000,-0.292475,0.160618,-0.947301,-0.321106,0.000000,0.000000,0.000000,-0.125530,-0.017536,0.846958,2.258023,0.000000,0.000000,0.000000,0.000000
12.3167,-0.293343,0.163313,-0.950294,-0.322117,0.000000,0.000000,0.000000,-0.113732,-0.029887,0.885940,2.240173,0.000000,0.000000,0.000000,0.000000
12.3333,-0.294262,0.164828,-0.952793,-0.320605,0.000000,0.000000,0.000000,-0.097621,-0.050667,0.913997,2.205354,0.000000,0.000000,0.000000,0.000000
12.3667,-0.295274,0.165188,-0.954649,-0.316660,0.000000,0.000000,0.000000,-0.078131,-0.078594,0.930568,2.155596,0.000000,0.000000,0.000000,0.000000
12.3833,-0.296405,0.164428,-0.955708,-0.310330,0.000000,0.000000,0.000000,-0.056321,-0.112147,0.935264,2.093189,0.000000,0.000000,0.000000,0.000000
12.4000,-0.297668,0.162590,-0.955813,-0.301617,0.000000,0.000000,0.000000,-0.033247,-0.149716,0.927889,2.020438,0.000000,0.000000,0.000000,0.000000
12.4167,-0.299062,0.159714,-0.954807,-0.290469,0.000000,0.000000,0.000000,-0.009870,-0.189736,0.908463,1.939476,0.000000,0.000000,0.000000,0.000000
12.4333,-0.300575,0.155832,-0.952529,-0.276780,0.000000,0.000000,0.000000,0.013012,-0.230773,0.877230,1.852187,0.000000,0.000000,0.000000,0.000000
12.4500,-0.302189,0.150960,-0.948815,-0.260397,0.000000,0.000000,0.000000,0.034788,-0.271578,0.834681,1.760216,0.000000,0.000000,0.000000,0.000000
12.4667,-0.303875,0.145103,-0.943500,-0.241125,0.000000,0.000000,0.000000,0.055047,-0.311120,0.781603,1.665030,0.000000,0.000000,0.000000,0.000000
12.4833,-0.305600,0.138257,-0.936426,-0.218754,0.000000,0.000000,0.000000,0.073561,-0.348598,0.719157,1.568024,0.000000,0.000000,0.000000,0.000000
12.5000,-0.307327,0.130421,-0.927451,-0.193073,0.000000,0.000000,0.000000,0.090245,-0.383425,0.648979,1.470659,0.000000,0.000000,0.000000,0.000000
12.5167,-0.309012,0.121596,-0.916455,-0.163895,0.000000,0.000000,0.000000,0.105097,-0.415203,0.573305,1.374613,0.000000,0.000000,0.000000,0.000000
12.6000,-0.310615,0.111786,-0.903355,-0.131081,0.000000,0.000000,0.000000,0.118141,-0.443686,0.494985,1.281846,0.000000,0.000000,0.000000,0.000000
12.6167,-0.312101,0.101002,-0.888119,-0.094555,0.000000,0.000000,0.000000,0.129405,-0.468776,0.417145,1.194411,0.000000,0.000000,0.000000,0.000000
12.6333,-0.313444,0.089259,-0.870792,-0.054335,0.000000,0.000000,0.000000,0.138947,-0.490510,0.342565,1.114030,0.000000,0.000000,0.000000,0.000000
12.6500,-0.314624,0.076598,-0.851510,-0.010570,0.000000,0.000000,0.000000,0.146891,-0.509030,0.273266,1.041806,0.000000,0.000000,0.000000,0.000000
12.6667,-0.315621,0.063092,-0.830514,0.036433,0.000000,0.000000,0.000000,0.153426,-0.524539,0.210484,0.978185,0.000000,0.000000,0.000000,0.000000
12.6833,-0.316410,0.048855,-0.808156,0.086199,0.000000,0.000000,0.000000,0.158793,-0.537288,0.154817,0.923047,0.000000,0.000000,0.000000,0.000000
12.7000,-0.316961,0.034035,-0.784891,0.138104,0.000000,0.000000,0.000000,0.163270,-0.547562,0.106373,0.875818,0.000000,0.000000,0.000000,0.000000
12.7167,-0.317241,0.018792,-0.761243,0.191418,0.000000,0.000000,0.000000,0.167153,-0.555670,0.064901,0.835598,0.000000,0.000000,0.000000,0.000000
12.7333,-0.317222,0.003287,-0.737753,0.245367,0.000000,0.000000,0.000000,0.170729,-0.561920,0.029896,0.801281,0.000000,0.000000,0.000000,0.000000
12.7500,-0.316886,-0.012340,-0.714912,0.299188,0.000000,0.000000,0.000000,0.174261,-0.566594,0.000693,0.771649,0.000000,0.000000,0.000000,0.000000
12.7667,-0.316240,-0.027970,-0.693084,0.352183,0.000000,0.000000,0.000000,0.177956,-0.569924,-0.023449,0.745457,0.000000,0.000000,0.000000,0.000000
12.7833,-0.315311,-0.043509,-0.672449,0.403742,0.000000,0.000000,0.000000,0.181948,-0.572076,-0.043272,0.721481,0.000000,0.000000,0.000000,0.000000
12.8000,-0.314147,-0.058875,-0.652980,0.453361,0.000000,0.000000,0.000000,0.186281,-0.573130,-0.059476,0.698574,0.000000,0.000000,0.000000,0.000000
12.8167,-0.312797,-0.073979,-0.634481,0.500628,0.000000,0.000000,0.000000,0.190895,-0.573080,-0.072698,0.675697,0.000000,0.000000,0.000000,0.000000
12.8333,-0.311311,-0.088716,-0.616656,0.545217,0.000000,0.000000,0.000000,0.195642,-0.571837,-0.083500,0.651932,0.000000,0.000000,0.000000,0.000000
12.8500,-0.309732,-0.102948,-0.599181,0.586873,0.000000,0.000000,0.000000,0.200294,-0.569236,-0.092369,0.626473,0.000000,0.000000,0.000000,0.000000
12.8667,-0.308095,-0.116498,-0.581776,0.625402,0.000000,0.000000,0.000000,0.204567,-0.565042,-0.099705,0.598615,0.000000,0.000000,0.000000,0.000000
12.8833,-0.306418,-0.129148,-0.564258,0.660663,0.000000,0.000000,0.000000,0.208122,-0.558969,-0.105806,0.567754,0.000000,0.000000,0.000000,0.000000
12.9000,-0.304699,-0.140651,-0.546588,0.692567,0.000000,0.000000,0.000000,0.210563,-0.550686,-0.110855,0.533413,0.000000,0.000000,0.000000,0.000000
12.9167,-0.302906,-0.150751,-0.528884,0.721093,0.000000,0.000000,0.000000,0.211436,-0.539835,-0.114906,0.495285,0.000000,0.000000,0.000000,0.000000
12.9333,-0.300968,-0.159200,-0.511424,0.746283,0.000000,0.000000,0.000000,0.210232,-0.526043,-0.117883,0.453268,0.000000,0.000000,0.000000,0.000000
12.9500,-0.298768,-0.165782,-0.494619,0.768246,0.000000,0.000000,0.000000,0.206401,-0.508937,-0.119593,0.407514,0.000000,0.000000,0.000000,0.000000
12.9667,-0.296135,-0.170323,-0.478987,0.787140,0.000000,0.000000,0.000000,0.199379,-0.488156,-0.119751,0.358444,0.000000,0.000000,0.000000,0.000000
12.9833,-0.292838,-0.172715,-0.465108,0.803168,0.000000,0.000000,0.000000,0.188626,-0.463375,-0.118030,0.306771,0.000000,0.000000,0.000000,0.000000
13.0167,-0.288599,-0.172914,-0.453593,0.816565,0.000000,0.000000,0.000000,0.173676,-0.434336,-0.114130,0.253501,0.000000,0.000000,0.000000,0.000000
13.0333,-0.283097,-0.170946,-0.445047,0.827596,0.000000,0.000000,0.000000,0.154182,-0.400886,-0.107844,0.199892,0.000000,0.000000,0.000000,0.000000
13.0500,-0.275985,-0.166888,-0.440033,0.836538,0.000000,0.000000,0.000000,0.129969,-0.363040,-0.099115,0.147362,0.000000,0.000000,0.000000,0.000000
13.0667,-0.266902,-0.160847,-0.439031,0.843660,0.000000,0.000000,0.000000,0.101111,-0.321049,-0.088075,0.097383,0.000000,0.000000,0.000000,0.000000
13.0833,-0.255496,-0.152943,-0.442397,0.849220,0.000000,0.000000,0.000000,0.068034,-0.275475,-0.075093,0.051372,0.000000,0.000000,0.000000,0.000000
13.1667,-0.241451,-0.143298,-0.450317,0.853459,0.000000,0.000000,0.000000,0.031615,-0.227249,-0.060786,0.010556,0.000000,0.000000,0.000000,0.000000
13.1833,-0.224515,-0.132033,-0.462793,0.856618,0.000000,0.000000,0.000000,-0.006901,-0.177638,-0.045881,-0.024202,0.000000,0.000000,0.000000,0.000000
13.2000,-0.204529,-0.119278,-0.479640,0.858948,0.000000,0.000000,0.000000,-0.046149,-0.128114,-0.030985,-0.052541,0.000000,0.000000,0.000000,0.000000
13.2167,-0.181447,-0.105179,-0.500506,0.860719,0.000000,0.000000,0.000000,-0.084871,-0.080210,-0.016417,-0.074611,0.000000,0.000000,0.000000,0.000000
13.2333,-0.155366,-0.089900,-0.524902,0.862198,0.000000,0.000000,0.000000,-0.122009,-0.035407,-0.002217,-0.090945,0.000000,0.000000,0.000000,0.000000
13.2500,-0.126545,-0.073619,-0.552239,0.863630,0.000000,0.000000,0.000000,-0.156732,0.004955,0.011775,-0.102322,0.000000,0.000000,0.000000,0.000000
13.2667,-0.095431,-0.056505,-0.581865,0.865196,0.000000,0.000000,0.000000,-0.188437,0.039742,0.025825,-0.109628,0.000000,0.000000,0.000000,0.000000
13.2833,-0.062670,-0.038699,-0.613107,0.866979,0.000000,0.000000,0.000000,-0.216730,0.068051,0.040235,-0.113768,0.000000,0.000000,0.000000,0.000000
13.3000,-0.029082,-0.020316,-0.645323,0.868948,0.000000,0.000000,0.000000,-0.241398,0.089208,0.055290,-0.115596,0.000000,0.000000,0.000000,0.000000
13.3167,0.004413,-0.001446,-0.677947,0.870979,0.000000,0.000000,0.000000,-0.262366,0.102761,0.071218,-0.115874,0.000000,0.000000,0.000000,0.000000
13.3333,0.036913,0.017837,-0.710533,0.872931,0.000000,0.000000,0.000000,-0.279660,0.108492,0.088144,-0.115237,0.000000,0.000000,0.000000,0.000000
13.3500,0.067627,0.037464,-0.742747,0.874699,0.000000,0.000000,0.000000,-0.293369,0.106414,0.106054,-0.114185,0.000000,0.000000,0.000000,0.000000
13.3833,0.095926,0.057357,-0.774329,0.876228,0.000000,0.000000,0.000000,-0.303607,0.096787,0.124762,-0.113056,0.000000,0.000000,0.000000,0.000000
13.4333,0.121373,0.077413,-0.805054,0.877475,0.000000,0.000000,0.000000,-0.310496,0.080111,0.143901,-0.112002,0.000000,0.000000,0.000000,0.000000
13.4500,0.143725,0.097511,-0.834706,0.878365,0.000000,0.000000,0.000000,-0.314158,0.057095,0.162959,-0.110964,0.000000,0.000000,0.000000,0.000000
13.4833,0.162912,0.117516,-0.863074,0.878776,0.000000,0.000000,0.000000,-0.314715,0.028580,0.181371,-0.109678,0.000000,0.000000,0.000000,0.000000
13.5000,0.179002,0.137286,-0.889958,0.878559,0.000000,0.000000,0.000000,-0.312303,-0.004531,0.198596,-0.107709,0.000000,0.000000,0.000000,0.000000
13.5167,0.192153,0.156666,-0.915178,0.877589,0.000000,0.000000,0.000000,-0.307080,-0.041328,0.214175,-0.104502,0.000000,0.000000,0.000000,0.000000
13.5333,0.202578,0.175467,-0.938592,0.875802,0.000000,0.000000,0.000000,-0.299235,-0.080910,0.227755,-0.099445,0.000000,0.000000,0.000000,0.000000
13.5500,0.210514,0.193473,-0.960099,0.873224,0.000000,0.000000,0.000000,-0.288996,-0.122380,0.239094,-0.091915,0.000000,0.000000,0.000000,0.000000
13.5667,0.216208,0.210438,-0.979642,0.869981,0.000000,0.000000,0.000000,-0.276636,-0.164841,0.248069,-0.081342,0.000000,0.000000,0.000000,0.000000
13.5833,0.219900,0.226105,-0.997203,0.866286,0.000000,0.000000,0.000000,-0.262481,-0.207403,0.254676,-0.067266,0.000000,0.000000,0.000000,0.000000
13.6167,0.221823,0.240214,-1.012788,0.862418,0.000000,0.000000,0.000000,-0.246907,-0.249198,0.259027,-0.049399,0.000000,0.000000,0.000000,0.000000
13.6333,0.222190,0.252513,-1.026412,0.858690,0.000000,0.000000,0.000000,-0.230322,-0.289432,0.261323,-0.027659,0.000000,0.000000,0.000000,0.000000
13.6500,0.221188,0.262772,-1.038096,0.855428,0.000000,0.000000,0.000000,-0.213123,-0.327446,0.261815,-0.002177,0.000000,0.000000,0.000000,0.000000
13.6667,0.218970,0.270778,-1.047849,0.852951,0.000000,0.000000,0.000000,-0.195656,-0.362745,0.260771,0.026716,0.000000,0.000000,0.000000,0.000000
13.6833,0.215646,0.276344,-1.055664,0.851550,0.000000,0.000000,0.000000,-0.178198,-0.395003,0.258453,0.058513,0.000000,0.000000,0.000000,0.000000
13.7000,0.211276,0.279306,-1.061504,0.851488,0.000000,0.000000,0.000000,-0.160958,-0.424040,0.255106,0.092555,0.000000,0.000000,0.000000,0.000000
13.7167,0.205864,0.279519,-1.065288,0.852988,0.000000,0.000000,0.000000,-0.144090,-0.449793,0.250962,0.128070,0.000000,0.000000,0.000000,0.000000
13.7333,0.199366,0.276862,-1.066879,0.856232,0.000000,0.000000,0.000000,-0.127709,-0.472292,0.246248,0.164219,0.000000,0.000000,0.000000,0.000000
13.7500,0.191686,0.271238,-1.066074,0.861362,0.000000,0.000000,0.000000,-0.111902,-0.491638,0.241190,0.200149,0.000000,0.000000,0.000000,0.000000
13.7667,0.182686,0.262579,-1.062605,0.868481,0.000000,0.000000,0.000000,-0.096731,-0.507991,0.236009,0.235041,0.000000,0.000000,0.000000,0.000000
13.7833,0.172196,0.250844,-1.056133,0.877654,0.000000,0.000000,0.000000,-0.082230,-0.521563,0.230916,0.268161,0.000000,0.000000,0.000000,0.000000
13.8000,0.160029,0.236028,-1.046259,0.888914,0.000000,0.000000,0.000000,-0.068418,-0.532601,0.226103,0.298896,0.000000,0.000000,0.000000,0.000000
13.8167,0.145992,0.218166,-1.032522,0.902264,0.000000,0.000000,0.000000,-0.055299,-0.541381,0.221716,0.326786,0.000000,0.000000,0.000000,0.000000
13.8333,0.129908,0.197345,-1.014420,0.917668,0.000000,0.000000,0.000000,-0.042861,-0.548196,0.217817,0.351536,0.000000,0.000000,0.000000,0.000000
13.8500,0.111630,0.173714,-0.991427,0.935044,0.000000,0.000000,0.000000,-0.031062,-0.553348,0.214353,0.373017,0.000000,0.000000,0.000000,0.000000
13.8667,0.091063,0.147501,-0.963030,0.954237,0.000000,0.000000,0.000000,-0.019835,-0.557135,0.211151,0.391263,0.000000,0.000000,0.000000,0.000000
13.8833,0.068177,0.119018,-0.928786,0.975003,0.000000,0.000000,0.000000,-0.009098,-0.559836,0.207941,0.406453,0.000000,0.000000,0.000000,0.000000
13.9000,0.043012,0.088661,-0.888382,0.997007,0.000000,0.000000,0.000000,0.001227,-0.561698,0.204398,0.418887,0.000000,0.000000,0.000000,0.000000
13.9167,0.015681,0.056881,-0.841698,1.019849,0.000000,0.000000,0.000000,0.011214,-0.562931,0.200186,0.428954,0.000000,0.000000,0.000000,0.000000
13.9333,-0.013630,0.024155,-0.788863,1.043105,0.000000,0.000000,0.000000,0.020926,-0.563707,0.195002,0.437090,0.000000,0.000000,0.000000,0.000000
13.9500,-0.044659,-0.009042,-0.730298,1.066339,0.000000,0.000000,0.000000,0.030430,-0.564169,0.188601,0.443754,0.000000,0.000000,0.000000,0.000000
13.9667,-0.077064,-0.042251,-0.666754,1.089135,0.000000,0.000000,0.000000,0.039804,-0.564443,0.180815,0.449406,0.000000,0.000000,0.000000,0.000000
13.9833,-0.110425,-0.075033,-0.599298,1.111125,0.000000,0.000000,0.000000,0.049142,-0.564644,0.171561,0.454497,0.000000,0.000000,0.000000,0.000000
14.0000,-0.144246,-0.106972,-0.529260,1.132027,0.000000,0.000000,0.000000,0.058553,-0.564879,0.160839,0.459474,0.000000,0.000000,0.000000,0.000000
14.0167,-0.177964,-0.137665,-0.458158,1.151625,0.000000,0.000000,0.000000,0.068143,-0.565243,0.148734,0.464785,0.000000,0.000000,0.000000,0.000000
14.0333,-0.210960,-0.166722,-0.387612,1.169707,0.000000,0.000000,0.000000,0.078011,-0.565812,0.135399,0.470895,0.000000,0.000000,0.000000,0.000000
14.0500,-0.242577,-0.193782,-0.319266,1.186009,0.000000,0.000000,0.000000,0.088231,-0.566620,0.121039,0.478300,0.000000,0.000000,0.000000,0.000000
14.0667,-0.272162,-0.218532,-0.254718,1.200197,0.000000,0.000000,0.000000,0.098849,-0.567660,0.105893,0.487539,0.000000,0.000000,0.000000,0.000000
14.0833,-0.299105,-0.240732,-0.195455,1.211868,0.000000,0.000000,0.000000,0.109867,-0.568859,0.090230,0.499190,0.000000,0.000000,0.000000,0.000000
14.1000,-0.322878,-0.260213,-0.142800,1.220577,0.000000,0.000000,0.000000,0.121236,-0.570082,0.074350,0.513867,0.000000,0.000000,0.000000,0.000000
14.1167,-0.343075,-0.276876,-0.097858,1.225876,0.000000,0.000000,0.000000,0.132853,-0.571131,0.058601,0.532195,0.000000,0.000000,0.000000,0.000000
14.1333,-0.359435,-0.290674,-0.061467,1.227358,0.000000,0.000000,0.000000,0.144572,-0.571751,0.043377,0.554789,0.000000,0.000000,0.000000,0.000000
14.1500,-0.371844,-0.301609,-0.034174,1.224678,0.000000,0.000000,0.000000,0.156213,-0.571655,0.029134,0.582224,0.000000,0.000000,0.000000,0.000000
14.1667,-0.380331,-0.309712,-0.016240,1.217554,0.000000,0.000000,0.000000,0.167576,-0.570540,0.016391,0.615001,0.000000,0.000000,0.000000,0.000000
14.1833,-0.385044,-0.315031,-0.007665,1.205747,0.000000,0.000000,0.000000,0.178452,-0.568118,0.005748,0.653507,0.000000,0.000000,0.000000,0.000000
14.2000,-0.386235,-0.317625,-0.008230,1.189048,0.000000,0.000000,0.000000,0.188627,-0.564131,-0.002105,0.697975,0.000000,0.000000,0.000000,0.000000
14.2167,-0.384232,-0.317550,-0.017556,1.167255,0.000000,0.000000,0.000000,0.197879,-0.558378,-0.006369,0.748436,0.000000,0.000000,0.000000,0.000000
14.2333,-0.379415,-0.314865,-0.035162,1.140171,0.000000,0.000000,0.000000,0.205975,-0.550725,-0.006141,0.804690,0.000000,0.000000,0.000000,0.000000
14.2500,-0.372193,-0.309624,-0.060512,1.107602,0.000000,0.000000,0.000000,0.212670,-0.541122,-0.000435,0.866255,0.000000,0.000000,0.000000,0.000000
14.2667,-0.362986,-0.301877,-0.093041,1.069367,0.000000,0.000000,0.000000,0.217717,-0.529616,0.011781,0.932334,0.000000,0.000000,0.000000,0.000000
14.2833,-0.352211,-0.291659,-0.132151,1.025320,0.000000,0.000000,0.000000,0.220910,-0.516375,0.031506,1.001773,0.000000,0.000000,0.000000,0.000000
14.3000,-0.340273,-0.279003,-0.177186,0.975368,0.000000,0.000000,0.000000,0.222124,-0.501693,0.059618,1.073032,0.000000,0.000000,0.000000,0.000000
14.3333,-0.327558,-0.263937,-0.227413,0.919499,0.000000,0.000000,0.000000,0.221365,-0.485997,0.096702,1.144204,0.000000,0.000000,0.000000,0.000000
14.3667,-0.314437,-0.246502,-0.281991,0.857813,0.000000,0.000000,0.000000,0.218755,-0.469830,0.142756,1.213165,0.000000,0.000000,0.000000,0.000000
14.3833,-0.301266,-0.226770,-0.339982,0.790570,0.000000,0.000000,0.000000,0.214514,-0.453852,0.196831,1.277838,0.000000,0.000000,0.000000,0.000000
14.4000,-0.288387,-0.204856,-0.400352,0.718228,0.000000,0.000000,0.000000,0.208948,-0.438858,0.256772,1.336439,0.000000,0.000000,0.000000,0.000000
14.5500,-0.276111,-0.180929,-0.461994,0.641461,0.000000,0.000000,0.000000,0.202490,-0.425785,0.319166,1.387454,0.000000,0.000000,0.000000,0.000000
14.6500,-0.264698,-0.155223,-0.523747,0.561160,0.000000,0.000000,0.000000,0.195748,-0.415606,0.379678,1.429298,0.000000,0.000000,0.000000,0.000000
14.6667,-0.254332,-0.128054,-0.584409,0.478400,0.000000,0.000000,0.000000,0.189406,-0.409101,0.433803,1.460176,0.000000,0.000000,0.000000,0.000000
14.7167,-0.245109,-0.099822,-0.642755,0.394412,0.000000,0.000000,0.000000,0.184012,-0.406635,0.477650,1.478493,0.000000,0.000000,0.000000,0.000000
14.7333,-0.237025,-0.071023,-0.697548,0.310543,0.000000,0.000000,0.000000,0.179858,-0.408119,0.508351,1.483291,0.000000,0.000000,0.000000,0.000000
14.7500,-0.229974,-0.042229,-0.747551,0.228221,0.000000,0.000000,0.000000,0.177045,-0.413140,0.524149,1.474283,0.000000,0.000000,0.000000,0.000000
14.7667,-0.223748,-0.014073,-0.791572,0.148885,0.000000,0.000000,0.000000,0.175577,-0.421111,0.524361,1.451735,0.000000,0.000000,0.000000,0.000000
14.7833,-0.218066,0.012819,-0.828584,0.073874,0.000000,0.000000,0.000000,0.175388,-0.431368,0.509345,1.416413,0.000000,0.000000,0.000000,0.000000
14.8000,-0.212633,0.037903,-0.857887,0.004296,0.000000,0.000000,0.000000,0.176354,-0.443222,0.480502,1.369588,0.000000,0.000000,0.000000,0.000000
14.8167,-0.207197,0.060776,-0.879213,-0.059034,0.000000,0.000000,0.000000,0.178285,-0.456014,0.440301,1.313062,0.000000,0.000000,0.000000,0.000000
14.9000,-0.201586,0.081178,-0.892715,-0.115588,0.000000,0.000000,0.000000,0.180926,-0.469163,0.392210,1.249160,0.000000,0.000000,0.000000,0.000000
14.9167,-0.195722,0.098967,-0.898906,-0.165093,0.000000,0.000000,0.000000,0.183978,-0.482220,0.340222,1.180514,0.000000,0.000000,0.000000,0.000000
14.9333,-0.189621,0.114088,-0.898570,-0.207493,0.000000,0.000000,0.000000,0.187133,-0.494880,0.288066,1.109696,0.000000,0.000000,0.000000,0.000000
14.9500,-0.183381,0.126554,-0.892667,-0.242911,0.000000,0.000000,0.000000,0.190120,-0.506949,0.238610,1.038933,0.000000,0.000000,0.000000,0.000000
14.9667,-0.177155,0.136432,-0.882235,-0.271615,0.000000,0.000000,0.000000,0.192733,-0.518294,0.193749,0.970010,0.000000,0.000000,0.000000,0.000000
14.9833,-0.171135,0.143834,-0.868320,-0.293974,0.000000,0.000000,0.000000,0.194851,-0.528814,0.154524,0.904255,0.000000,0.000000,0.000000,0.000000
15.0000,-0.165519,0.148911,-0.851917,-0.310434,0.000000,0.000000,0.000000,0.196431,-0.538408,0.121277,0.842547,0.000000,0.000000,0.000000,0.000000
15.0167,-0.160498,0.151849,-0.833935,-0.321484,0.000000,0.000000,0.000000,0.197494,-0.546953,0.093793,0.785353,0.000000,0.000000,0.000000,0.000000
15.0333,-0.156243,0.152870,-0.815182,-0.327632,0.000000,0.000000,0.000000,0.198096,-0.554285,0.071459,0.732756,0.000000,0.000000,0.000000,0.000000
15.0500,-0.152893,0.152222,-0.796355,-0.329387,0.000000,0.000000,0.000000,0.198301,-0.560194,0.053439,0.684489,0.000000,0.000000,0.000000,0.000000
15.0667,-0.150561,0.150177,-0.778055,-0.327239,0.000000,0.000000,0.000000,0.198153,-0.564438,0.038829,0.639971,0.000000,0.000000,0.000000,0.000000
15.0833,-0.149332,0.147009,-0.760783,-0.321640,0.000000,0.000000,0.000000,0.197660,-0.566740,0.026765,0.598374,0.000000,0.000000,0.000000,0.000000
15.1000,-0.149268,0.142986,-0.744941,-0.312986,0.000000,0.000000,0.000000,0.196776,-0.566795,0.016482,0.558705,0.000000,0.000000,0.000000,0.000000
15.1167,-0.150403,0.138347,-0.730823,-0.301601,0.000000,0.000000,0.000000,0.195383,-0.564278,0.007358,0.519895,0.000000,0.000000,0.000000,0.000000
15.1333,-0.152749,0.133296,-0.718619,-0.287721,0.000000,0.000000,0.000000,0.193281,-0.558852,-0.001054,0.480882,0.000000,0.000000,0.000000,0.000000
15.1500,-0.156298,0.127993,-0.708408,-0.271485,0.000000,0.000000,0.000000,0.190168,-0.550174,-0.009010,0.440704,0.000000,0.000000,0.000000,0.000000
15.1667,-0.161020,0.122545,-0.700169,-0.252936,0.000000,0.000000,0.000000,0.185626,-0.537897,-0.016579,0.398580,0.000000,0.000000,0.000000,0.000000
15.1833,-0.166870,0.117006,-0.693786,-0.232025,0.000000,0.000000,0.000000,0.179138,-0.521678,-0.023662,0.353984,0.000000,0.000000,0.000000,0.000000
15.2000,-0.173791,0.111377,-0.689062,-0.208629,0.000000,0.000000,0.000000,0.170125,-0.501212,-0.030028,0.306699,0.000000,0.000000,0.000000,0.000000
15.2167,-0.181719,0.105619,-0.685733,-0.182572,0.000000,0.000000,0.000000,0.157995,-0.476274,-0.035359,0.256855,0.000000,0.000000,0.000000,0.000000
15.2333,-0.190570,0.099661,-0.683487,-0.153668,0.000000,0.000000,0.000000,0.142224,-0.446768,-0.039313,0.204935,0.000000,0.000000,0.000000,0.000000
15.2500,-0.200236,0.093419,-0.681976,-0.121750,0.000000,0.000000,0.000000,0.122425,-0.412785,-0.041589,0.151770,0.000000,0.000000,0.000000,0.000000
15.2667,-0.210576,0.086814,-0.680832,-0.086716,0.000000,0.000000,0.000000,0.098453,-0.374646,-0.042011,0.098503,0.000000,0.000000,0.000000,0.000000
15.2833,-0.221404,0.079782,-0.679688,-0.048562,0.000000,0.000000,0.000000,0.070513,-0.332951,-0.040626,0.046529,0.000000,0.000000,0.000000,0.000000
15.3833,-0.232497,0.072288,-0.678210,-0.007411,0.000000,0.000000,0.000000,0.039253,-0.288608,-0.037784,-0.002615,0.000000,0.000000,0.000000,0.000000
15.4167,-0.243604,0.064325,-0.676139,0.036468,0.000000,0.000000,0.000000,0.005689,-0.242780,-0.034069,-0.047482,0.000000,0.000000,0.000000,0.000000
15.4500,-0.254479,0.055914,-0.673327,0.082678,0.000000,0.000000,0.000000,-0.029024,-0.196757,-0.030094,-0.086997,0.000000,0.000000,0.000000,0.000000
15.4667,-0.264895,0.047097,-0.669752,0.130719,0.000000,0.000000,0.000000,-0.063764,-0.151813,-0.026335,-0.120595,0.000000,0.000000,0.000000,0.000000
15.4833,-0.274669,0.037938,-0.665503,0.180021,0.000000,0.000000,0.000000,-0.097508,-0.109112,-0.023089,-0.148186,0.000000,0.000000,0.000000,0.000000
15.5000,-0.283674,0.028519,-0.660754,0.229981,0.000000,0.000000,0.000000,-0.129366,-0.069644,-0.020487,-0.170034,0.000000,0.000000,0.000000,0.000000
15.5167,-0.291846,0.018946,-0.655726,0.279987,0.000000,0.000000,0.000000,-0.158624,-0.034212,-0.018486,-0.186615,0.000000,0.000000,0.000000,0.000000
15.5333,-0.299191,0.009346,-0.650655,0.329443,0.000000,0.000000,0.000000,-0.184797,-0.003467,-0.016847,-0.198484,0.000000,0.000000,0.000000,0.000000
15.5500,-0.305776,-0.000133,-0.645765,0.377791,0.000000,0.000000,0.000000,-0.207639,0.022034,-0.015103,-0.206187,0.000000,0.000000,0.000000,0.000000
15.5667,-0.311714,-0.009343,-0.641251,0.424532,0.000000,0.000000,0.000000,-0.227125,0.041762,-0.012573,-0.210217,0.000000,0.000000,0.000000,0.000000
15.6000,-0.317136,-0.018154,-0.637274,0.469248,0.000000,0.000000,0.000000,-0.243403,0.055196,-0.008420,-0.211018,0.000000,0.000000,0.000000,0.000000
15.6167,-0.322171,-0.026471,-0.633957,0.511608,0.000000,0.000000,0.000000,-0.256731,0.061881,-0.001796,-0.208979,0.000000,0.000000,0.000000,0.000000
15.6333,-0.326920,-0.034250,-0.631389,0.551364,0.000000,0.000000,0.000000,-0.267416,0.061551,0.007953,-0.204442,0.000000,0.000000,0.000000,0.000000
15.6500,-0.331448,-0.041486,-0.629641,0.588341,0.000000,0.000000,0.000000,-0.275726,0.054219,0.021116,-0.197729,0.000000,0.000000,0.000000,0.000000
15.7167,-0.335786,-0.048211,-0.628786,0.622418,0.000000,0.000000,0.000000,-0.281815,0.040197,0.037535,-0.189172,0.000000,0.000000,0.000000,0.000000
15.7333,-0.339939,-0.054469,-0.628918,0.653526,0.000000,0.000000,0.000000,-0.285695,0.020052,0.056668,-0.179082,0.000000,0.000000,0.000000,0.000000
15.7500,-0.343900,-0.060306,-0.630159,0.681638,0.000000,0.000000,0.000000,-0.287280,-0.005476,0.077729,-0.167665,0.000000,0.000000,0.000000,0.000000
15.7667,-0.347654,-0.065750,-0.632646,0.706772,0.000000,0.000000,0.000000,-0.286452,-0.035545,0.099815,-0.154965,0.000000,0.000000,0.000000,0.000000
15.7833,-0.351192,-0.070803,-0.636515,0.728987,0.000000,0.000000,0.000000,-0.283105,-0.069251,0.122004,-0.140861,0.000000,0.000000,0.000000,0.000000
15.8000,-0.354511,-0.075438,-0.641870,0.748380,0.000000,0.000000,0.000000,-0.277189,-0.105658,0.143424,-0.125116,0.000000,0.000000,0.000000,0.000000
15.8167,-0.357609,-0.079604,-0.648746,0.765082,0.000000,0.000000,0.000000,-0.268723,-0.143826,0.163320,-0.107450,0.000000,0.000000,0.000000,0.000000
15.8333,-0.360471,-0.083231,-0.657082,0.779245,0.000000,0.000000,0.000000,-0.257802,-0.182836,0.181091,-0.087612,0.000000,0.000000,0.000000,0.000000
15.8500,-0.363056,-0.086245,-0.666710,0.791031,0.000000,0.000000,0.000000,-0.244588,-0.221829,0.196310,-0.065447,0.000000,0.000000,0.000000,0.000000
15.8667,-0.365273,-0.088581,-0.677358,0.800607,0.000000,0.000000,0.000000,-0.229302,-0.260039,0.208723,-0.040926,0.000000,0.000000,0.000000,0.000000
15.8833,-0.366967,-0.090191,-0.688660,0.808142,0.000000,0.000000,0.000000,-0.212217,-0.296816,0.218235,-0.014160,0.000000,0.000000,0.000000,0.000000
15.9000,-0.367921,-0.091058,-0.700183,0.813816,0.000000,0.000000,0.000000,-0.193663,-0.331626,0.224892,0.014615,0.000000,0.000000,0.000000,0.000000
15.9167,-0.367862,-0.091191,-0.711469,0.817834,0.000000,0.000000,0.000000,-0.174035,-0.364041,0.228872,0.045051,0.000000,0.000000,0.000000,0.000000
15.9333,-0.366469,-0.090620,-0.722078,0.820425,0.000000,0.000000,0.000000,-0.153777,-0.393727,0.230459,0.076691,0.000000,0.000000,0.000000,0.000000
15.9500,-0.363389,-0.089385,-0.731637,0.821846,0.000000,0.000000,0.000000,-0.133329,-0.420458,0.230001,0.108971,0.000000,0.000000,0.000000,0.000000
15.9667,-0.358257,-0.087518,-0.739879,0.822365,0.000000,0.000000,0.000000,-0.113070,-0.444125,0.227856,0.141236,0.000000,0.000000,0.000000,0.000000
15.9833,-0.350717,-0.085026,-0.746686,0.822258,0.000000,0.000000,0.000000,-0.093292,-0.464729,0.224363,0.172780,0.000000,0.000000,0.000000,0.000000
16.0000,-0.340442,-0.081883,-0.752105,0.821807,0.000000,0.000000,0.000000,-0.074221,-0.482358,0.219836,0.202919,0.000000,0.000000,0.000000,0.000000
16.0167,-0.327159,-0.078029,-0.756346,0.821298,0.000000,0.000000,0.000000,-0.056064,-0.497147,0.214584,0.231066,0.000000,0.000000,0.000000,0.000000
16.0333,-0.310666,-0.073371,-0.759751,0.821031,0.000000,0.000000,0.000000,-0.039033,-0.509253,0.208928,0.256784,0.000000,0.000000,0.000000,0.000000
16.0500,-0.290850,-0.067805,-0.762753,0.821334,0.000000,0.000000,0.000000,-0.023343,-0.518848,0.203188,0.279809,0.000000,0.000000,0.000000,0.000000
16.0667,-0.267711,-0.061224,-0.765827,0.822575,0.000000,0.000000,0.000000,-0.009170,-0.526114,0.197648,0.300044,0.000000,0.000000,0.000000,0.000000
16.0833,-0.241383,-0.053546,-0.769434,0.825167,0.000000,0.000000,0.000000,0.003389,-0.531256,0.192514,0.317536,0.000000,0.000000,0.000000,0.000000
16.1000,-0.212148,-0.044726,-0.773976,0.829564,0.000000,0.000000,0.000000,0.014335,-0.534500,0.187897,0.332460,0.000000,0.000000,0.000000,0.000000
16.1167,-0.180452,-0.034762,-0.779747,0.836237,0.000000,0.000000,0.000000,0.023774,-0.536097,0.183816,0.345108,0.000000,0.000000,0.000000,0.000000
16.1333,-0.146908,-0.023698,-0.786905,0.845621,0.000000,0.000000,0.000000,0.031887,-0.536316,0.180221,0.355875,0.000000,0.000000,0.000000,0.000000
16.1500,-0.112277,-0.011610,-0.795459,0.858047,0.000000,0.000000,0.000000,0.038905,-0.535434,0.177037,0.365253,0.000000,0.000000,0.000000,0.000000
16.1667,-0.077421,0.001398,-0.805282,0.873654,0.000000,0.000000,0.000000,0.045071,-0.533715,0.174207,0.373814,0.000000,0.000000,0.000000,0.000000
16.1833,-0.043237,0.015218,-0.816164,0.892310,0.000000,0.000000,0.000000,0.050616,-0.531398,0.171732,0.382195,0.000000,0.000000,0.000000,0.000000
16.2000,-0.010571,0.029771,-0.827872,0.913540,0.000000,0.000000,0.000000,0.055734,-0.528683,0.169697,0.391090,0.000000,0.000000,0.000000,0.000000
16.2167,0.019850,0.045046,-0.840215,0.936490,0.000000,0.000000,0.000000,0.060563,-0.525717,0.168290,0.401251,0.000000,0.000000,0.000000,0.000000
16.2333,0.047473,0.061111,-0.853088,0.959959,0.000000,0.000000,0.000000,0.065180,-0.522583,0.167802,0.413495,0.000000,0.000000,0.000000,0.000000
16.2500,0.071942,0.078072,-0.866490,0.982530,0.000000,0.000000,0.000000,0.069592,-0.519306,0.168627,0.428702,0.000000,0.000000,0.000000,0.000000
16.2667,0.093100,0.096009,-0.880539,1.002779,0.000000,0.000000,0.000000,0.073749,-0.515853,0.171245,0.447806,0.000000,0.000000,0.000000,0.000000
16.2833,0.110960,0.114923,-0.895439,1.019475,0.000000,0.000000,0.000000,0.077558,-0.512142,0.176198,0.471781,0.000000,0.000000,0.000000,0.000000
16.3000,0.125652,0.134701,-0.911380,1.031723,0.000000,0.000000,0.000000,0.080892,-0.508048,0.184067,0.501618,0.000000,0.000000,0.000000,0.000000
16.3167,0.137384,0.155086,-0.928409,1.039068,0.000000,0.000000,0.000000,0.083603,-0.503426,0.195443,0.538287,0.000000,0.000000,0.000000,0.000000
16.3333,0.146397,0.175676,-0.946330,1.041535,0.000000,0.000000,0.000000,0.085533,-0.498121,0.210910,0.582688,0.000000,0.000000,0.000000,0.000000
16.3500,0.152944,0.195952,-0.964713,1.039565,0.000000,0.000000,0.000000,0.086525,-0.491998,0.231019,0.635574,0.000000,0.000000,0.000000,0.000000
16.3667,0.157284,0.215348,-0.983009,1.033887,0.000000,0.000000,0.000000,0.086439,-0.484960,0.256266,0.697450,0.000000,0.000000,0.000000,0.000000
16.3833,0.159664,0.233322,-1.000690,1.025354,0.000000,0.000000,0.000000,0.085172,-0.476975,0.287060,0.768459,0.000000,0.000000,0.000000,0.000000
16.4000,0.160313,0.249408,-1.017328,1.014834,0.000000,0.000000,0.000000,0.082675,-0.468090,0.323680,0.848251,0.000000,0.000000,0.000000,0.000000
16.4167,0.159427,0.263224,-1.032606,1.003141,0.000000,0.000000,0.000000,0.078957,-0.458462,0.366203,0.935847,0.000000,0.000000,0.000000,0.000000
16.4333,0.157162,0.274474,-1.046282,0.991009,0.000000,0.000000,0.000000,0.074100,-0.448366,0.414425,1.029506,0.000000,0.000000,0.000000,0.000000
16.4500,0.153629,0.282921,-1.058146,0.979092,0.000000,0.000000,0.000000,0.068278,-0.438222,0.467748,1.126577,0.000000,0.000000,0.000000,0.000000
16.5500,0.148894,0.288373,-1.067976,0.967966,0.000000,0.000000,0.000000,0.061787,-0.428615,0.525026,1.223473,0.000000,0.000000,0.000000,0.000000
16.5667,0.142985,0.290657,-1.075506,0.958137,0.000000,0.000000,0.000000,0.055096,-0.420334,0.584343,1.315950,0.000000,0.000000,0.000000,0.000000
16.7667,0.135887,0.289621,-1.080413,0.950048,0.000000,0.000000,0.000000,0.048850,-0.414333,0.642854,1.399770,0.000000,0.000000,0.000000,0.000000
16.8667,0.127555,0.285127,-1.082307,0.944070,0.000000,0.000000,0.000000,0.043704,-0.411440,0.697078,1.471497,0.000000,0.000000,0.000000,0.000000
16.8833,0.117915,0.277061,-1.080744,0.940499,0.000000,0.000000,0.000000,0.040131,-0.412033,0.743569,1.529013,0.000000,0.000000,0.000000,0.000000
16.9000,0.106872,0.265348,-1.075235,0.939554,0.000000,0.000000,0.000000,0.038389,-0.416006,0.779429,1.571441,0.000000,0.000000,0.000000,0.000000
16.9167,0.094322,0.249961,-1.065264,0.941374,0.000000,0.000000,0.000000,0.038618,-0.422960,0.802439,1.598778,0.000000,0.000000,0.000000,0.000000
16.9333,0.080159,0.230938,-1.050303,0.946008,0.000000,0.000000,0.000000,0.040894,-0.432342,0.811031,1.611605,0.000000,0.000000,0.000000,0.000000
16.9500,0.064296,0.208396,-1.029839,0.953408,0.000000,0.000000,0.000000,0.045229,-0.443527,0.804234,1.610912,0.000000,0.000000,0.000000,0.000000
16.9667,0.046679,0.182552,-1.003406,0.963391,0.000000,0.000000,0.000000,0.051555,-0.455870,0.781659,1.597973,0.000000,0.000000,0.000000,0.000000
16.9833,0.027295,0.153732,-0.970640,0.975624,0.000000,0.000000,0.000000,0.059706,-0.468743,0.743511,1.574257,0.000000,0.000000,0.000000,0.000000
17.0000,0.006186,0.122385,-0.931339,0.989601,0.000000,0.000000,0.000000,0.069395,-0.481562,0.690627,1.541368,0.000000,0.000000,0.000000,0.000000
17.0167,-0.016554,0.089082,-0.885528,1.004657,0.000000,0.000000,0.000000,0.080202,-0.493802,0.624557,1.501021,0.000000,0.000000,0.000000,0.000000
17.0333,-0.040768,0.054495,-0.833523,1.019990,0.000000,0.000000,0.000000,0.091574,-0.505023,0.547642,1.455029,0.000000,0.000000,0.000000,0.000000
17.0500,-0.066226,0.019365,-0.775979,1.034722,0.000000,0.000000,0.000000,0.102853,-0.514898,0.463060,1.405237,0.000000,0.000000,0.000000,0.000000
17.0667,-0.092615,-0.015569,-0.713908,1.048021,0.000000,0.000000,0.000000,0.113366,-0.523244,0.374765,1.353337,0.000000,0.000000,0.000000,0.000000
17.0833,-0.119532,-0.049629,-0.648652,1.059247,0.000000,0.000000,0.000000,0.122539,-0.530022,0.287208,1.300683,0.000000,0.000000,0.000000,0.000000
17.1000,-0.146489,-0.082216,-0.581836,1.068039,0.000000,0.000000,0.000000,0.129941,-0.535306,0.204748,1.248245,0.000000,0.000000,0.000000,0.000000
17.1167,-0.172931,-0.112801,-0.515308,1.074268,0.000000,0.000000,0.000000,0.135266,-0.539226,0.130939,1.196668,0.000000,0.000000,0.000000,0.000000
17.1333,-0.198275,-0.140920,-0.451048,1.077910,0.000000,0.000000,0.000000,0.138289,-0.541910,0.068131,1.146370,0.000000,0.000000,0.000000,0.000000
17.1500,-0.221937,-0.166193,-0.391040,1.078944,0.000000,0.000000,0.000000,0.138844,-0.543469,0.017483,1.097605,0.000000,0.000000,0.000000,0.000000
17.1667,-0.243372,-0.188339,-0.337140,1.077310,0.000000,0.000000,0.000000,0.136813,-0.544007,-0.020799,1.050522,0.000000,0.000000,0.000000,0.000000
17.1833,-0.262116,-0.207182,-0.290950,1.072893,0.000000,0.000000,0.000000,0.132141,-0.543627,-0.047200,1.005195,0.000000,0.000000,0.000000,0.000000
17.2000,-0.277834,-0.222652,-0.253730,1.065532,0.000000,0.000000,0.000000,0.124848,-0.542440,-0.062675,0.961640,0.000000,0.000000,0.000000,0.000000
17.2167,-0.290367,-0.234759,-0.226329,1.055024,0.000000,0.000000,0.000000,0.115049,-0.540560,-0.068485,0.919825,0.000000,0.000000,0.000000,0.000000
17.2333,-0.299740,-0.243579,-0.209170,1.041141,0.000000,0.000000,0.000000,0.102942,-0.538094,-0.066070,0.879690,0.000000,0.000000,0.000000,0.000000
17.2500,-0.306146,-0.249233,-0.202284,1.023633,0.000000,0.000000,0.000000,0.088789,-0.535125,-0.056940,0.841152,0.000000,0.000000,0.000000,0.000000
17.2667,-0.309909,-0.251871,-0.205389,1.002232,0.000000,0.000000,0.000000,0.072898,-0.531695,-0.042586,0.804114,0.000000,0.000000,0.000000,0.000000
17.2833,-0.311439,-0.251659,-0.217983,0.976657,0.000000,0.000000,0.000000,0.055596,-0.527812,-0.024412,0.768476,0.000000,0.000000,0.000000,0.000000
17.3000,-0.311201,-0.248767,-0.239437,0.946628,0.000000,0.000000,0.000000,0.037229,-0.523450,-0.003707,0.734144,0.000000,0.000000,0.000000,0.000000
17.3167,-0.309687,-0.243360,-0.269059,0.911882,0.000000,0.000000,0.000000,0.018164,-0.518580,0.018374,0.701055,0.000000,0.000000,0.000000,0.000000
17.3333,-0.307390,-0.235590,-0.306129,0.872190,0.000000,0.000000,0.000000,-0.001198,-0.513188,0.040798,0.669186,0.000000,0.000000,0.000000,0.000000
17.3500,-0.304790,-0.225586,-0.349896,0.827378,0.000000,0.000000,0.000000,-0.020421,-0.507306,0.062661,0.638569,0.000000,0.000000,0.000000,0.000000
17.3667,-0.302337,-0.213449,-0.399545,0.777360,0.000000,0.000000,0.000000,-0.039042,-0.501020,0.083193,0.609285,0.000000,0.000000,0.000000,0.000000
17.3833,-0.300447,-0.199257,-0.454165,0.722180,0.000000,0.000000,0.000000,-0.056589,-0.494469,0.101776,0.581429,0.000000,0.000000,0.000000,0.000000
17.4000,-0.299479,-0.183089,-0.512709,0.662055,0.000000,0.000000,0.000000,-0.072603,-0.487843,0.117947,0.555059,0.000000,0.000000,0.000000,0.000000
17.4167,-0.299707,-0.165050,-0.573953,0.597402,0.000000,0.000000,0.000000,-0.086652,-0.481348,0.131384,0.530154,0.000000,0.000000,0.000000,0.000000
17.4333,-0.301291,-0.145305,-0.636498,0.528844,0.000000,0.000000,0.000000,-0.098349,-0.475190,0.141878,0.506588,0.000000,0.000000,0.000000,0.000000
17.4500,-0.304255,-0.124090,-0.698799,0.457206,0.000000,0.000000,0.000000,-0.107357,-0.469550,0.149299,0.484122,0.000000,0.000000,0.000000,0.000000
17.4667,-0.308473,-0.101710,-0.759230,0.383496,0.000000,0.000000,0.000000,-0.113395,-0.464570,0.153577,0.462416,0.000000,0.000000,0.000000,0.000000
17.4833,-0.313666,-0.078520,-0.816128,0.308886,0.000000,0.000000,0.000000,-0.116246,-0.460344,0.154700,0.441043,0.000000,0.000000,0.000000,0.000000
17.5000,-0.319425,-0.054900,-0.867866,0.234664,0.000000,0.000000,0.000000,-0.115764,-0.456916,0.152713,0.419525,0.000000,0.000000,0.000000,0.000000
17.5167,-0.325254,-0.031232,-0.912996,0.162125,0.000000,0.000000,0.000000,-0.111882,-0.454283,0.147726,0.397364,0.000000,0.000000,0.000000,0.000000
17.5333,-0.330656,-0.007851,-0.950456,0.092445,0.000000,0.000000,0.000000,-0.104607,-0.452407,0.139909,0.374069,0.000000,0.000000,0.000000,0.000000
17.5500,-0.335205,0.014969,-0.979686,0.026596,0.000000,0.000000,0.000000,-0.094024,-0.451220,0.129491,0.349179,0.000000,0.000000,0.000000,0.000000
17.5667,-0.338590,0.036995,-1.000621,-0.034649,0.000000,0.000000,0.000000,-0.080295,-0.450620,0.116745,0.322288,0.000000,0.000000,0.000000,0.000000
17.5833,-0.340628,0.058005,-1.013607,-0.090702,0.000000,0.000000,0.000000,-0.063666,-0.450465,0.101983,0.293071,0.000000,0.000000,0.000000,0.000000
17.6000,-0.341264,0.077790,-1.019309,-0.141138,0.000000,0.000000,0.000000,-0.044479,-0.450567,0.085551,0.261298,0.000000,0.000000,0.000000,0.000000
17.6167,-0.340548,0.096170,-1.018617,-0.185694,0.000000,0.000000,0.000000,-0.023179,-0.450680,0.067816,0.226862,0.000000,0.000000,0.000000,0.000000
17.6333,-0.338613,0.113004,-1.012556,-0.224254,0.000000,0.000000,0.000000,-0.000313,-0.450519,0.049159,0.189792,0.000000,0.000000,0.000000,0.000000
17.6500,-0.335651,0.128197,-1.002207,-0.256846,0.000000,0.000000,0.000000,0.023479,-0.449773,0.029969,0.150276,0.000000,0.000000,0.000000,0.000000
17.6667,-0.331886,0.141695,-0.988645,-0.283625,0.000000,0.000000,0.000000,0.047476,-0.448134,0.010654,0.108666,0.000000,0.000000,0.000000,0.000000
17.6833,-0.327561,0.153481,-0.972885,-0.304852,0.000000,0.000000,0.000000,0.070897,-0.445334,-0.008352,0.065493,0.000000,0.000000,0.000000,0.000000
17.7000,-0.322916,0.163562,-0.955834,-0.320872,0.000000,0.000000,0.000000,0.092914,-0.441173,-0.026572,0.021460,0.000000,0.000000,0.000000,0.000000
17.7167,-0.318178,0.171961,-0.938275,-0.332082,0.000000,0.000000,0.000000,0.112670,-0.435548,-0.043471,-0.022561,0.000000,0.000000,0.000000,0.000000
17.7333,-0.313553,0.178713,-0.920857,-0.338906,0.000000,0.000000,0.000000,0.129290,-0.428487,-0.058433,-0.065545,0.000000,0.000000,0.000000,0.000000
17.7500,-0.309232,0.183853,-0.904108,-0.341762,0.000000,0.000000,0.000000,0.141892,-0.420198,-0.070729,-0.106336,0.000000,0.000000,0.000000,0.000000
17.7667,-0.305384,0.187420,-0.888432,-0.341038,0.000000,0.000000,0.000000,0.149626,-0.411097,-0.079523,-0.143682,0.000000,0.000000,0.000000,0.000000
17.7833,-0.302151,0.189448,-0.874119,-0.337064,0.000000,0.000000,0.000000,0.151761,-0.401844,-0.083930,-0.176282,0.000000,0.000000,0.000000,0.000000
17.8000,-0.299646,0.189969,-0.861342,-0.330100,0.000000,0.000000,0.000000,0.147842,-0.393355,-0.083114,-0.202859,0.000000,0.000000,0.000000,0.000000
17.8333,-0.297945,0.189026,-0.850172,-0.320331,0.000000,0.000000,0.000000,0.137889,-0.386767,-0.076444,-0.222263,0.000000,0.000000,0.000000,0.000000
17.8833,-0.297081,0.186673,-0.840591,-0.307874,0.000000,0.000000,0.000000,0.122595,-0.383319,-0.063677,-0.233612,0.000000,0.000000,0.000000,0.000000
17.9667,-0.297045,0.182987,-0.832509,-0.292787,0.000000,0.000000,0.000000,0.103388,-0.384078,-0.045112,-0.236457,0.000000,0.000000,0.000000,0.000000
18.1833,-0.297779,0.178062,-0.825776,-0.275079,0.000000,0.000000,0.000000,0.082204,-0.389607,-0.021664,-0.230850,0.000000,0.000000,0.000000,0.000000
18.2000,-0.299186,0.172002,-0.820196,-0.254711,0.000000,0.000000,0.000000,0.060995,-0.399815,0.005319,-0.217249,0.000000,0.000000,0.000000,0.000000
18.2167,-0.301140,0.164909,-0.815534,-0.231607,0.000000,0.000000,0.000000,0.041270,-0.414095,0.034448,-0.196323,0.000000,0.000000,0.000000,0.000000
18.2333,-0.303493,0.156879,-0.811526,-0.205665,0.000000,0.000000,0.000000,0.023852,-0.431521,0.064639,-0.168851,0.000000,0.000000,0.000000,0.000000
18.3333,-0.306095,0.147987,-0.807895,-0.176766,0.000000,0.000000,0.000000,0.008882,-0.450966,0.095200,-0.135739,0.000000,0.000000,0.000000,0.000000
18.3500,-0.308801,0.138285,-0.804360,-0.144783,0.000000,0.000000,0.000000,-0.003969,-0.471240,0.125712,-0.098041,0.000000,0.000000,0.000000,0.000000
18.4000,-0.311488,0.127793,-0.800646,-0.109593,0.000000,0.000000,0.000000,-0.015166,-0.491261,0.155823,-0.056926,0.000000,0.000000,0.000000,0.000000
18.4167,-0.314058,0.116505,-0.796503,-0.071099,0.000000,0.000000,0.000000,-0.025115,-0.510165,0.185146,-0.013589,0.000000,0.000000,0.000000,0.000000
18.4333,-0.316438,0.104400,-0.791718,-0.029264,0.000000,0.000000,0.000000,-0.034149,-0.527320,0.213298,0.030847,0.000000,0.000000,0.000000,0.000000
18.4500,-0.318574,0.091468,-0.786140,0.015844,0.000000,0.000000,0.000000,-0.042551,-0.542313,0.239949,0.075385,0.000000,0.000000,0.000000,0.000000
18.4667,-0.320431,0.077725,-0.779706,0.064011,0.000000,0.000000,0.000000,-0.050548,-0.554931,0.264837,0.119154,0.000000,0.000000,0.000000,0.000000
18.4833,-0.321988,0.063242,-0.772456,0.114854,0.000000,0.000000,0.000000,-0.058294,-0.565139,0.287752,0.161389,0.000000,0.000000,0.000000,0.000000
18.5000,-0.323247,0.048146,-0.764545,0.167826,0.000000,0.000000,0.000000,-0.065872,-0.573051,0.308541,0.201433,0.000000,0.000000,0.000000,0.000000
18.5167,-0.324227,0.032615,-0.756212,0.222243,0.000000,0.000000,0.000000,-0.073324,-0.578890,0.327108,0.238754,0.000000,0.000000,0.000000,0.000000
18.5333,-0.324963,0.016859,-0.747725,0.277339,0.000000,0.000000,0.000000,-0.080664,-0.582942,0.343434,0.272957,0.000000,0.000000,0.000000,0.000000
18.5500,-0.325509,0.001100,-0.739315,0.332329,0.000000,0.000000,0.000000,-0.087893,-0.585524,0.357560,0.303778,0.000000,0.000000,0.000000,0.000000
18.5667,-0.325943,-0.014449,-0.731127,0.386481,0.000000,0.000000,0.000000,-0.094996,-0.586959,0.369574,0.331075,0.000000,0.000000,0.000000,0.000000
18.5833,-0.326376,-0.029586,-0.723184,0.439161,0.000000,0.000000,0.000000,-0.101933,-0.587557,0.379582,0.354812,0.000000,0.000000,0.000000,0.000000
18.6000,-0.326949,-0.044134,-0.715397,0.489870,0.000000,0.000000,0.000000,-0.108639,-0.587607,0.387694,0.375044,0.000000,0.000000,0.000000,0.000000
18.6167,-0.327824,-0.057929,-0.707590,0.538236,0.000000,0.000000,0.000000,-0.115026,-0.587374,0.394016,0.391902,0.000000,0.000000,0.000000,0.000000
18.6333,-0.329162,-0.070819,-0.699550,0.583984,0.000000,0.000000,0.000000,-0.120990,-0.587085,0.398651,0.405578,0.000000,0.000000,0.000000,0.000000
18.6500,-0.331089,-0.082660,-0.691080,0.626896,0.000000,0.000000,0.000000,-0.126410,-0.586933,0.401699,0.416314,0.000000,0.000000,0.000000,0.000000
18.6667,-0.333673,-0.093317,-0.682037,0.666774,0.000000,0.000000,0.000000,-0.131161,-0.587070,0.403254,0.424389,0.000000,0.000000,0.000000,0.000000
18.6833,-0.336907,-0.102667,-0.672374,0.703427,0.000000,0.000000,0.000000,-0.135110,-0.587604,0.403411,0.430110,0.000000,0.000000,0.000000,0.000000
18.7000,-0.340703,-0.110615,-0.662159,0.736668,0.000000,0.000000,0.000000,-0.138134,-0.588602,0.402273,0.433815,0.000000,0.000000,0.000000,0.000000
18.7167,-0.344892,-0.117106,-0.651583,0.766331,0.000000,0.000000,0.000000,-0.140125,-0.590078,0.399956,0.435873,0.000000,0.000000,0.000000,0.000000
18.7333,-0.349242,-0.122135,-0.640935,0.792303,0.000000,0.000000,0.000000,-0.141007,-0.592000,0.396600,0.436704,0.000000,0.000000,0.000000,0.000000
18.7500,-0.353474,-0.125756,-0.630573,0.814550,0.000000,0.000000,0.000000,-0.140734,-0.594284,0.392366,0.436786,0.000000,0.000000,0.000000,0.000000
18.7667,-0.357291,-0.128067,-0.620873,0.833133,0.000000,0.000000,0.000000,-0.139299,-0.596804,0.387437,0.436677,0.000000,0.000000,0.000000,0.000000
18.7833,-0.360394,-0.129200,-0.612196,0.848213,0.000000,0.000000,0.000000,-0.136732,-0.599396,0.382017,0.437015,0.000000,0.000000,0.000000,0.000000
18.8000,-0.362506,-0.129303,-0.604848,0.860039,0.000000,0.000000,0.000000,-0.133097,-0.601857,0.376324,0.438526,0.000000,0.000000,0.000000,0.000000
18.8167,-0.363371,-0.128523,-0.599070,0.868938,0.000000,0.000000,0.000000,-0.128486,-0.603953,0.370590,0.442014,0.000000,0.000000,0.000000,0.000000
18.8333,-0.362764,-0.126989,-0.595034,0.875293,0.000000,0.000000,0.000000,-0.123015,-0.605415,0.365059,0.448353,0.000000,0.000000,0.000000,0.000000
18.8500,-0.360475,-0.124803,-0.592855,0.879523,0.000000,0.000000,0.000000,-0.116821,-0.605942,0.359990,0.458473,0.000000,0.000000,0.000000,0.000000
18.8667,-0.356301,-0.122029,-0.592614,0.882061,0.000000,0.000000,0.000000,-0.110055,-0.605203,0.355661,0.473344,0.000000,0.000000,0.000000,0.000000
18.8833,-0.350043,-0.118690,-0.594376,0.883337,0.000000,0.000000,0.000000,-0.102885,-0.602832,0.352372,0.493959,0.000000,0.000000,0.000000,0.000000
18.9000,-0.341493,-0.114770,-0.598201,0.883767,0.000000,0.000000,0.000000,-0.095494,-0.598437,0.350444,0.521308,0.000000,0.000000,0.000000,0.000000
18.9167,-0.330442,-0.110215,-0.604155,0.883742,0.000000,0.000000,0.000000,-0.088084,-0.591609,0.350221,0.556353,0.000000,0.000000,0.000000,0.000000
18.9333,-0.316686,-0.104939,-0.612302,0.883633,0.000000,0.000000,0.000000,-0.080872,-0.581926,0.352064,0.599985,0.000000,0.000000,0.000000,0.000000
18.9500,-0.300037,-0.098837,-0.622694,0.883791,0.000000,0.000000,0.000000,-0.074091,-0.568985,0.356346,0.652975,0.000000,0.000000,0.000000,0.000000
18.9667,-0.280352,-0.091806,-0.635349,0.884568,0.000000,0.000000,0.000000,-0.067984,-0.552420,0.363439,0.715914,0.000000,0.000000,0.000000,0.000000
18.9833,-0.257557,-0.083757,-0.650238,0.886334,0.000000,0.000000,0.000000,-0.062795,-0.531941,0.373703,0.789136,0.000000,0.000000,0.000000,0.000000
19.0000,-0.231679,-0.074638,-0.667265,0.889478,0.000000,0.000000,0.000000,-0.058768,-0.507369,0.387462,0.872632,0.000000,0.000000,0.000000,0.000000
19.0167,-0.202874,-0.064433,-0.686269,0.894392,0.000000,0.000000,0.000000,-0.056133,-0.478682,0.404981,0.965948,0.000000,0.000000,0.000000,0.000000
19.0333,-0.171446,-0.053162,-0.707016,0.901426,0.000000,0.000000,0.000000,-0.055090,-0.446049,0.426417,1.068069,0.000000,0.000000,0.000000,0.000000
19.0500,-0.137863,-0.040863,-0.729190,0.910834,0.000000,0.000000,0.000000,-0.055769,-0.409889,0.451755,1.177275,0.000000,0.000000,0.000000,0.000000
19.0667,-0.102746,-0.027586,-0.752395,0.922716,0.000000,0.000000,0.000000,-0.058161,-0.370918,0.480705,1.290973,0.000000,0.000000,0.000000,0.000000
19.0833,-0.066839,-0.013373,-0.776172,0.936955,0.000000,0.000000,0.000000,-0.062039,-0.330195,0.512569,1.405530,0.000000,0.000000,0.000000,0.000000
19.1667,-0.030948,0.001741,-0.800034,0.953182,0.000000,0.000000,0.000000,-0.066875,-0.289167,0.546071,1.516198,0.000000,0.000000,0.000000,0.000000
19.1833,0.004130,0.017738,-0.823509,0.970778,0.000000,0.000000,0.000000,-0.071772,-0.249705,0.579193,1.617306,0.000000,0.000000,0.000000,0.000000
19.3000,0.037672,0.034617,-0.846178,0.988930,0.000000,0.000000,0.000000,-0.075457,-0.214066,0.609165,1.702780,0.000000,0.000000,0.000000,0.000000
19.3167,0.069077,0.052380,-0.867696,1.006700,0.000000,0.000000,0.000000,-0.076492,-0.184583,0.632807,1.766939,0.000000,0.000000,0.000000,0.000000
19.3333,0.097896,0.070999,-0.887800,1.023115,0.000000,0.000000,0.000000,-0.073629,-0.163145,0.647121,1.805371,0.000000,0.000000,0.000000,0.000000
19.3500,0.123825,0.090369,-0.906280,1.037273,0.000000,0.000000,0.000000,-0.066081,-0.150844,0.649702,1.815516,0.000000,0.000000,0.000000,0.000000
19.4000,0.146691,0.110270,-0.922926,1.048454,0.000000,0.000000,0.000000,-0.053609,-0.147911,0.638871,1.796853,0.000000,0.000000,0.000000,0.000000
19.4333,0.166425,0.130364,-0.937487,1.056194,0.000000,0.000000,0.000000,-0.036466,-0.153804,0.613806,1.750786,0.000000,0.000000,0.000000,0.000000
19.4500,0.183040,0.150204,-0.949664,1.060337,0.000000,0.000000,0.000000,-0.015287,-0.167372,0.574789,1.680374,0.000000,0.000000,0.000000,0.000000
19.4667,0.196599,0.169247,-0.959144,1.061047,0.000000,0.000000,0.000000,0.009038,-0.187057,0.523478,1.590080,0.000000,0.000000,0.000000,0.000000
19.5667,0.207197,0.186882,-0.965646,1.058783,0.000000,0.000000,0.000000,0.035459,-0.211080,0.462950,1.485502,0.000000,0.000000,0.000000,0.000000
19.5833,0.214935,0.202478,-0.969007,1.054227,0.000000,0.000000,0.000000,0.062879,-0.237668,0.397124,1.372726,0.000000,0.000000,0.000000,0.000000
19.6000,0.219907,0.215445,-0.969245,1.048163,0.000000,0.000000,0.000000,0.090283,-0.265270,0.329753,1.257379,0.000000,0.000000,0.000000,0.000000
19.6167,0.222190,0.225290,-0.966586,1.041358,0.000000,0.000000,0.000000,0.116820,-0.292648,0.263782,1.144021,0.000000,0.000000,0.000000,0.000000
19.6333,0.221854,0.231656,-0.961413,1.034479,0.000000,0.000000,0.000000,0.141818,-0.318868,0.201306,1.036036,0.000000,0.000000,0.000000,0.000000
19.6500,0.218976,0.234331,-0.954189,1.028028,0.000000,0.000000,0.000000,0.164770,-0.343262,0.143751,0.935730,0.000000,0.000000,0.000000,0.000000
19.6667,0.213666,0.233247,-0.945373,1.022313,0.000000,0.000000,0.000000,0.185316,-0.365392,0.092020,0.844457,0.000000,0.000000,0.000000,0.000000
19.6833,0.206076,0.228474,-0.935368,1.017450,0.000000,0.000000,0.000000,0.203217,-0.384999,0.046598,0.762782,0.000000,0.000000,0.000000,0.000000
19.7000,0.196398,0.220202,-0.924498,1.013383,0.000000,0.000000,0.000000,0.218340,-0.401961,0.007622,0.690632,0.000000,0.000000,0.000000,0.000000
19.7167,0.184858,0.208729,-0.913008,1.009927,0.000000,0.000000,0.000000,0.230622,-0.416239,-0.025048,0.627451,0.000000,0.000000,0.000000,0.000000
19.7333,0.171698,0.194442,-0.901058,1.006811,0.000000,0.000000,0.000000,0.240046,-0.427836,-0.051768,0.572325,0.000000,0.000000,0.000000,0.000000
19.7500,0.157175,0.177807,-0.888737,1.003719,0.000000,0.000000,0.000000,0.246613,-0.436764,-0.073040,0.524081,0.000000,0.000000,0.000000,0.000000
19.7667,0.141560,0.159356,-0.876064,1.000321,0.000000,0.000000,0.000000,0.250309,-0.443007,-0.089458,0.481376,0.000000,0.000000,0.000000,0.000000
19.7833,0.125137,0.139660,-0.863002,0.996295,0.000000,0.000000,0.000000,0.251087,-0.446508,-0.101646,0.442778,0.000000,0.000000,0.000000,0.000000
19.8000,0.108208,0.119311,-0.849481,0.991352,0.000000,0.000000,0.000000,0.248847,-0.447164,-0.110212,0.406841,0.000000,0.000000,0.000000,0.000000
19.8167,0.091081,0.098876,-0.835409,0.985272,0.000000,0.000000,0.000000,0.243426,-0.444835,-0.115710,0.372191,0.000000,0.000000,0.000000,0.000000
19.8333,0.074053,0.078855,-0.820675,0.977953,0.000000,0.000000,0.000000,0.234597,-0.439366,-0.118602,0.337594,0.000000,0.000000,0.000000,0.000000
19.8500,0.057382,0.059631,-0.805146,0.969459,0.000000,0.000000,0.000000,0.222085,-0.430612,-0.119243,0.302014,0.000000,0.000000,0.000000,0.000000
19.8667,0.041263,0.041440,-0.788673,0.960041,0.000000,0.000000,0.000000,0.205599,-0.418457,-0.117896,0.264661,0.000000,0.000000,0.000000,0.000000
19.8833,0.025805,0.024368,-0.771112,0.950117,0.000000,0.000000,0.000000,0.184876,-0.402833,-0.114771,0.225025,0.000000,0.000000,0.000000,0.000000
19.9000,0.011025,0.008372,-0.752349,0.940230,0.000000,0.000000,0.000000,0.159724,-0.383735,-0.110082,0.182917,0.000000,0.000000,0.000000,0.000000
19.9167,-0.003153,-0.006686,-0.732308,0.930975,0.000000,0.000000,0.000000,0.130075,-0.361252,-0.104105,0.138504,0.000000,0.000000,0.000000,0.000000
19.9333,-0.016883,-0.021003,-0.710933,0.922932,0.000000,0.000000,0.000000,0.096021,-0.335605,-0.097207,0.092333,0.000000,0.000000,0.000000,0.000000
19.9500,-0.030378,-0.034809,-0.688160,0.916609,0.000000,0.000000,0.000000,0.057881,-0.307213,-0.089861,0.045342,0.000000,0.000000,0.000000,0.000000
19.9667,-0.043889,-0.048333,-0.663905,0.912400,0.000000,0.000000,0.000000,0.016299,-0.276773,-0.082665,-0.001191,0.000000,0.000000,0.000000,0.000000
20.0667,-0.057685,-0.061793,-0.638087,0.910576,0.000000,0.000000,0.000000,-0.027668,-0.245336,-0.076325,-0.045764,0.000000,0.000000,0.000000,0.000000
20.0833,-0.072037,-0.075375,-0.610667,0.911288,0.000000,0.000000,0.000000,-0.072656,-0.214287,-0.071480,-0.086871,0.000000,0.000000,0.000000,0.000000
20.1333,-0.087193,-0.089226,-0.581690,0.914565,0.000000,0.000000,0.000000,-0.117252,-0.185210,-0.068437,-0.123232,0.000000,0.000000,0.000000,0.000000
20.1667,-0.103353,-0.103435,-0.551310,0.920323,0.000000,0.000000,0.000000,-0.160155,-0.159671,-0.067045,-0.153910,0.000000,0.000000,0.000000,0.000000
20.1833,-0.120650,-0.118028,-0.519779,0.928370,0.000000,0.000000,0.000000,-0.200176,-0.139031,-0.066778,-0.178315,0.000000,0.000000,0.000000,0.000000
20.2000,-0.139121,-0.132971,-0.487405,0.938406,0.000000,0.000000,0.000000,-0.236247,-0.124331,-0.066856,-0.196141,0.000000,0.000000,0.000000,0.000000
20.2167,-0.158690,-0.148173,-0.454477,0.950024,0.000000,0.000000,0.000000,-0.267468,-0.116272,-0.066292,-0.207269,0.000000,0.000000,0.000000,0.000000
20.2333,-0.179160,-0.163504,-0.421215,0.962710,0.000000,0.000000,0.000000,-0.293120,-0.115218,-0.063895,-0.211700,0.000000,0.000000,0.000000,0.000000
20.2500,-0.200211,-0.178796,-0.387752,0.975851,0.000000,0.000000,0.000000,-0.312637,-0.121211,-0.058262,-0.209500,0.000000,0.000000,0.000000,0.000000
20.3500,-0.221430,-0.193857,-0.354138,0.988751,0.000000,0.000000,0.000000,-0.325599,-0.133959,-0.047998,-0.200826,0.000000,0.000000,0.000000,0.000000
20.4500,-0.242346,-0.208494,-0.320367,1.000681,0.000000,0.000000,0.000000,-0.331834,-0.152820,-0.032425,-0.186025,0.000000,0.000000,0.000000,0.000000
20.4667,-0.262492,-0.222516,-0.286402,1.010935,0.000000,0.000000,0.000000,-0.331508,-0.176843,-0.012146,-0.165710,0.000000,0.000000,0.000000,0.000000
20.4833,-0.281450,-0.235752,-0.252222,1.018911,0.000000,0.000000,0.000000,-0.325047,-0.204893,0.011336,-0.140685,0.000000,0.000000,0.000000,0.000000
20.5000,-0.298899,-0.248065,-0.217859,1.024172,0.000000,0.000000,0.000000,-0.312983,-0.235801,0.036381,-0.111845,0.000000,0.000000,0.000000,0.000000
20.5167,-0.314623,-0.259360,-0.183445,1.026482,0.000000,0.000000,0.000000,-0.295891,-0.268459,0.061584,-0.080116,0.000000,0.000000,0.000000,0.000000
20.5333,-0.328509,-0.269596,-0.149271,1.025808,0.000000,0.000000,0.000000,-0.274388,-0.301874,0.085860,-0.046426,0.000000,0.000000,0.000000,0.000000
20.5500,-0.340510,-0.278765,-0.115830,1.022276,0.000000,0.000000,0.000000,-0.249160,-0.335185,0.108473,-0.011659,0.000000,0.000000,0.000000,0.000000
20.5667,-0.350607,-0.286867,-0.083858,1.016089,0.000000,0.000000,0.000000,-0.220991,-0.367657,0.129023,0.023388,0.000000,0.000000,0.000000,0.000000
20.5833,-0.358774,-0.293891,-0.054297,1.007456,0.000000,0.000000,0.000000,-0.190793,-0.398657,0.147432,0.058020,0.000000,0.000000,0.000000,0.000000
20.6167,-0.364969,-0.299806,-0.028203,0.996548,0.000000,0.000000,0.000000,-0.159576,-0.427643,0.163885,0.091633,0.000000,0.000000,0.000000,0.000000
20.6333,-0.369149,-0.304573,-0.006609,0.983492,0.000000,0.000000,0.000000,-0.128352,-0.454178,0.178732,0.123700,0.000000,0.000000,0.000000,0.000000
20.6500,-0.371284,-0.308151,0.009580,0.968370,0.000000,0.000000,0.000000,-0.098011,-0.477958,0.192358,0.153772,0.000000,0.000000,0.000000,0.000000
20.6667,-0.371385,-0.310503,0.019664,0.951223,0.000000,0.000000,0.000000,-0.069249,-0.498817,0.205097,0.181503,0.000000,0.000000,0.000000,0.000000
20.6833,-0.369504,-0.311597,0.023169,0.932057,0.000000,0.000000,0.000000,-0.042577,-0.516708,0.217192,0.206659,0.000000,0.000000,0.000000,0.000000
20.7000,-0.365746,-0.311396,0.019851,0.910844,0.000000,0.000000,0.000000,-0.018343,-0.531685,0.228794,0.229127,0.000000,0.000000,0.000000,0.000000
20.7167,-0.360265,-0.309859,0.009684,0.887527,0.000000,0.000000,0.000000,0.003244,-0.543889,0.239978,0.248906,0.000000,0.000000,0.000000,0.000000
20.7333,-0.353265,-0.306940,-0.007168,0.862023,0.000000,0.000000,0.000000,0.022100,-0.553537,0.250757,0.266098,0.000000,0.000000,0.000000,0.000000
20.7500,-0.345003,-0.302588,-0.030398,0.834232,0.000000,0.000000,0.000000,0.038249,-0.560907,0.261078,0.280879,0.000000,0.000000,0.000000,0.000000
20.7667,-0.335785,-0.296745,-0.059590,0.804036,0.000000,0.000000,0.000000,0.051820,-0.566315,0.270826,0.293482,0.000000,0.000000,0.000000,0.000000
20.7833,-0.325957,-0.289344,-0.094270,0.771301,0.000000,0.000000,0.000000,0.063037,-0.570089,0.279811,0.304175,0.000000,0.000000,0.000000,0.000000
20.8000,-0.315899,-0.280304,-0.133938,0.735871,0.000000,0.000000,0.000000,0.072190,-0.572547,0.287785,0.313251,0.000000,0.000000,0.000000,0.000000
20.8167,-0.306019,-0.269523,-0.178096,0.697571,0.000000,0.000000,0.000000,0.079617,-0.573975,0.294460,0.321019,0.000000,0.000000,0.000000,0.000000
20.8333,-0.296740,-0.256887,-0.226248,0.656228,0.000000,0.000000,0.000000,0.085671,-0.574623,0.299542,0.327798,0.000000,0.000000,0.000000,0.000000
20.8500,-0.288500,-0.242279,-0.277892,0.611689,0.000000,0.000000,0.000000,0.090705,-0.574694,0.302763,0.333924,0.000000,0.000000,0.000000,0.000000
20.8667,-0.281739,-0.225598,-0.332503,0.563846,0.000000,0.000000,0.000000,0.095048,-0.574352,0.303917,0.339752,0.000000,0.000000,0.000000,0.000000
20.8833,-0.276871,-0.206771,-0.389520,0.512656,0.000000,0.000000,0.000000,0.098995,-0.573713,0.302878,0.345678,0.000000,0.000000,0.000000,0.000000
20.9000,-0.274253,-0.185772,-0.448329,0.458152,0.000000,0.000000,0.000000,0.102786,-0.572850,0.299614,0.352166,0.000000,0.000000,0.000000,0.000000
20.9167,-0.274152,-0.162620,-0.508256,0.400466,0.000000,0.000000,0.000000,0.106599,-0.571795,0.294191,0.359765,0.000000,0.000000,0.000000,0.000000
20.9333,-0.276710,-0.137398,-0.568554,0.339856,0.000000,0.000000,0.000000,0.110547,-0.570547,0.286767,0.369133,0.000000,0.000000,0.000000,0.000000
20.9500,-0.281922,-0.110258,-0.628415,0.276732,0.000000,0.000000,0.000000,0.114679,-0.569076,0.277592,0.381056,0.000000,0.000000,0.000000,0.000000
20.9667,-0.289628,-0.081432,-0.686957,0.211699,0.000000,0.000000,0.000000,0.118984,-0.567326,0.266987,0.396446,0.000000,0.000000,0.000000,0.000000
20.9833,-0.299502,-0.051250,-0.743217,0.145578,0.000000,0.000000,0.000000,0.123393,-0.565207,0.255344,0.416340,0.000000,0.000000,0.000000,0.000000
21.0000,-0.311039,-0.020156,-0.796107,0.079430,0.000000,0.000000,0.000000,0.127792,-0.562592,0.243115,0.441869,0.000000,0.000000,0.000000,0.000000
21.0167,-0.323570,0.011289,-0.844433,0.014521,0.000000,0.000000,0.000000,0.132024,-0.559308,0.230805,0.474210,0.000000,0.000000,0.000000,0.000000
21.0333,-0.336339,0.042438,-0.887075,-0.047814,0.000000,0.000000,0.000000,0.135893,-0.555132,0.218986,0.514528,0.000000,0.000000,0.000000,0.000000
21.0500,-0.348661,0.072624,-0.923265,-0.106357,0.000000,0.000000,0.000000,0.139171,-0.549780,0.208300,0.563897,0.000000,0.000000,0.000000,0.000000
21.0667,-0.360016,0.101225,-0.952742,-0.160143,0.000000,0.000000,0.000000,0.141587,-0.542914,0.199481,0.623205,0.000000,0.000000,0.000000,0.000000
21.0833,-0.370074,0.127698,-0.975702,-0.208486,0.000000,0.000000,0.000000,0.142839,-0.534151,0.193354,0.693058,0.000000,0.000000,0.000000,0.000000
21.1000,-0.378680,0.151608,-0.992674,-0.250964,0.000000,0.000000,0.000000,0.142598,-0.523080,0.190837,0.773668,0.000000,0.000000,0.000000,0.000000
21.1167,-0.385827,0.172636,-1.004404,-0.287375,0.000000,0.000000,0.000000,0.140532,-0.509305,0.192924,0.864722,0.000000,0.000000,0.000000,0.000000
21.1333,-0.391618,0.190577,-1.011751,-0.317695,0.000000,0.000000,0.000000,0.136341,-0.492486,0.200661,0.965241,0.000000,0.000000,0.000000,0.000000
21.1500,-0.396228,0.205338,-1.015604,-0.342035,0.000000,0.000000,0.000000,0.129806,-0.472399,0.215100,1.073425,0.000000,0.000000,0.000000,0.000000
21.2500,-0.399862,0.216923,-1.016816,-0.360596,0.000000,0.000000,0.000000,0.120844,-0.448994,0.237218,1.186602,0.000000,0.000000,0.000000,0.000000
21.2667,-0.402720,0.225424,-1.016156,-0.373630,0.000000,0.000000,0.000000,0.109533,-0.422452,0.267725,1.301498,0.000000,0.000000,0.000000,0.000000
21.2833,-0.404977,0.230996,-1.014272,-0.381402,0.000000,0.000000,0.000000,0.096113,-0.393252,0.306836,1.414732,0.000000,0.000000,0.000000,0.000000
21.3000,-0.406771,0.233841,-1.011673,-0.384158,0.000000,0.000000,0.000000,0.080984,-0.362205,0.354085,1.523123,0.000000,0.000000,0.000000,0.000000
21.3167,-0.408192,0.234181,-1.008714,-0.382101,0.000000,0.000000,0.000000,0.064722,-0.330486,0.408229,1.623693,0.000000,0.000000,0.000000,0.000000
21.3333,-0.409283,0.232251,-1.005589,-0.375381,0.000000,0.000000,0.000000,0.048120,-0.299644,0.467152,1.713544,0.000000,0.000000,0.000000,0.000000
21.4167,-0.410032,0.228286,-1.002333,-0.364084,0.000000,0.000000,0.000000,0.032179,-0.271547,0.527871,1.789805,0.000000,0.000000,0.000000,0.000000
21.4333,-0.410378,0.222518,-0.998837,-0.348244,0.000000,0.000000,0.000000,0.017969,-0.248139,0.586874,1.849799,0.000000,0.000000,0.000000,0.000000
21.4500,-0.410229,0.215170,-0.994871,-0.327850,0.000000,0.000000,0.000000,0.006407,-0.231070,0.640719,1.891394,0.000000,0.000000,0.000000,0.000000
21.4667,-0.409476,0.206446,-0.990124,-0.302858,0.000000,0.000000,0.000000,-0.001903,-0.221413,0.686467,1.913248,0.000000,0.000000,0.000000,0.000000
21.4833,-0.408020,0.196518,-0.984251,-0.273212,0.000000,0.000000,0.000000,-0.006698,-0.219576,0.721781,1.914868,0.000000,0.000000,0.000000,0.000000
21.5000,-0.405791,0.185514,-0.976915,-0.238859,0.000000,0.000000,0.000000,-0.008027,-0.225292,0.744905,1.896600,0.000000,0.000000,0.000000,0.000000
21.5500,-0.402767,0.173516,-0.967821,-0.199763,0.000000,0.000000,0.000000,-0.006201,-0.237688,0.754648,1.859567,0.000000,0.000000,0.000000,0.000000
21.5667,-0.398979,0.160559,-0.956738,-0.155928,0.000000,0.000000,0.000000,-0.001682,-0.255437,0.750404,1.805526,0.000000,0.000000,0.000000,0.000000
21.5833,-0.394511,0.146648,-0.943510,-0.107431,0.000000,0.000000,0.000000,0.005037,-0.276990,0.732182,1.736656,0.000000,0.000000,0.000000,0.000000
21.6000,-0.389503,0.131776,-0.928077,-0.054452,0.000000,0.000000,0.000000,0.013510,-0.300765,0.700647,1.655417,0.000000,0.000000,0.000000,0.000000
21.6167,-0.384135,0.115946,-0.910486,0.002690,0.000000,0.000000,0.000000,0.023361,-0.325269,0.657165,1.564513,0.000000,0.000000,0.000000,0.000000
21.6333,-0.378621,0.099191,-0.890908,0.063526,0.000000,0.000000,0.000000,0.034259,-0.349189,0.603856,1.466928,0.000000,0.000000,0.000000,0.000000
21.7167,-0.373191,0.081581,-0.869632,0.127444,0.000000,0.000000,0.000000,0.045891,-0.371467,0.543568,1.365929,0.000000,0.000000,0.000000,0.000000
21.7333,-0.368079,0.063225,-0.847031,0.193711,0.000000,0.000000,0.000000,0.057957,-0.391361,0.479537,1.264836,0.000000,0.000000,0.000000,0.000000
21.7500,-0.363510,0.044268,-0.823527,0.261506,0.000000,0.000000,0.000000,0.070180,-0.408466,0.414795,1.166617,0.000000,0.000000,0.000000,0.000000
21.7667,-0.359684,0.024898,-0.799541,0.329944,0.000000,0.000000,0.000000,0.082340,-0.422663,0.351760,1.073594,0.000000,0.000000,0.000000,0.000000
21.7833,-0.356770,0.005341,-0.775474,0.398099,0.000000,0.000000,0.000000,0.094280,-0.434047,0.292173,0.987380,0.000000,0.000000,0.000000,0.000000
21.8000,-0.354890,-0.014145,-0.751695,0.465038,0.000000,0.000000,0.000000,0.105907,-0.442851,0.237198,0.908922,0.000000,0.000000,0.000000,0.000000
21.8167,-0.354107,-0.033294,-0.728532,0.529862,0.000000,0.000000,0.000000,0.117180,-0.449390,0.187510,0.838589,0.000000,0.000000,0.000000,0.000000
21.8333,-0.354414,-0.051862,-0.706241,0.591756,0.000000,0.000000,0.000000,0.128097,-0.453998,0.143377,0.776275,0.000000,0.000000,0.000000,0.000000
21.8500,-0.355737,-0.069647,-0.685004,0.650014,0.000000,0.000000,0.000000,0.138677,-0.456992,0.104727,0.721497,0.000000,0.000000,0.000000,0.000000
21.8667,-0.357942,-0.086509,-0.664919,0.704051,0.000000,0.000000,0.000000,0.148961,-0.458638,0.071224,0.673495,0.000000,0.000000,0.000000,0.000000
21.8833,-0.360849,-0.102363,-0.646006,0.753405,0.000000,0.000000,0.000000,0.158994,-0.459142,0.042336,0.631299,0.000000,0.000000,0.000000,0.000000
21.9000,-0.364244,-0.117170,-0.628200,0.797723,0.000000,0.000000,0.000000,0.168817,-0.458644,0.017423,0.593806,0.000000,0.000000,0.000000,0.000000
21.9167,-0.367888,-0.130917,-0.611356,0.836740,0.000000,0.000000,0.000000,0.178447,-0.457216,-0.004193,0.559832,0.000000,0.000000,0.000000,0.000000
21.9333,-0.371528,-0.143595,-0.595256,0.870259,0.000000,0.000000,0.000000,0.187868,-0.454870,-0.023162,0.528169,0.000000,0.000000,0.000000,0.000000
21.9500,-0.374913,-0.155199,-0.579644,0.898154,0.000000,0.000000,0.000000,0.197015,-0.451556,-0.040068,0.497643,0.000000,0.000000,0.000000,0.000000
21.9667,-0.377815,-0.165720,-0.564248,0.920390,0.000000,0.000000,0.000000,0.205770,-0.447159,-0.055399,0.467163,0.000000,0.000000,0.000000,0.000000
21.9833,-0.380048,-0.175167,-0.548813,0.937055,0.000000,0.000000,0.000000,0.213957,-0.441496,-0.069530,0.435762,0.000000,0.000000,0.000000,0.000000
22.0000,-0.381484,-0.183575,-0.533115,0.948376,0.000000,0.000000,0.000000,0.221346,-0.434315,-0.082716,0.402629,0.000000,0.000000,0.000000,0.000000
22.0167,-0.382054,-0.191017,-0.516975,0.954725,0.000000,0.000000,0.000000,0.227666,-0.425290,-0.095093,0.367124,0.000000,0.000000,0.000000,0.000000
22.0333,-0.381742,-0.197599,-0.500265,0.956596,0.000000,0.000000,0.000000,0.232619,-0.414028,-0.106681,0.328793,0.000000,0.000000,0.000000,0.000000
22.0500,-0.380575,-0.203453,-0.482928,0.954585,0.000000,0.000000,0.000000,0.235896,-0.400081,-0.117420,0.287388,0.000000,0.000000,0.000000,0.000000
22.0667,-0.378609,-0.208717,-0.464985,0.949348,0.000000,0.000000,0.000000,0.237191,-0.382968,-0.127208,0.242880,0.000000,0.000000,0.000000,0.000000
22.0833,-0.375913,-0.213527,-0.446532,0.941572,0.000000,0.000000,0.000000,0.236207,-0.362209,-0.135925,0.195467,0.000000,0.000000,0.000000,0.000000
22.1000,-0.372559,-0.217996,-0.427739,0.931942,0.000000,0.000000,0.000000,0.232645,-0.337393,-0.143436,0.145586,0.000000,0.000000,0.000000,0.000000
22.1167,-0.368608,-0.222207,-0.408831,0.921107,0.000000,0.000000,0.000000,0.226195,-0.308250,-0.149578,0.093908,0.000000,0.000000,0.000000,0.000000
22.1333,-0.364097,-0.226198,-0.390076,0.909662,0.000000,0.000000,0.000000,0.216563,-0.274751,-0.154164,0.041340,0.000000,0.000000,0.000000,0.000000
22.1500,-0.359027,-0.229961,-0.371775,0.898127,0.000000,0.000000,0.000000,0.203553,-0.237208,-0.157046,-0.011002,0.000000,0.000000,0.000000,0.000000
22.2000,-0.353357,-0.233441,-0.354257,0.886942,0.000000,0.000000,0.000000,0.187217,-0.196360,-0.158214,-0.061851,0.000000,0.000000,0.000000,0.000000
22.3000,-0.347006,-0.236538,-0.337877,0.876471,0.000000,0.000000,0.000000,0.168002,-0.153394,-0.157853,-0.109966,0.000000,0.000000,0.000000,0.000000
22.3167,-0.339854,-0.239112,-0.323019,0.867017,0.000000,0.000000,0.000000,0.146704,-0.109810,-0.156262,-0.154349,0.000000,0.000000,0.000000,0.000000
22.3333,-0.331756,-0.240991,-0.310082,0.858828,0.000000,0.000000,0.000000,0.124188,-0.067171,-0.153658,-0.194330,0.000000,0.000000,0.000000,0.000000
22.3500,-0.322541,-0.241980,-0.299463,0.852118,0.000000,0.000000,0.000000,0.101141,-0.026910,-0.150035,-0.229522,0.000000,0.000000,0.000000,0.000000
22.3667,-0.312031,-0.241871,-0.291528,0.847067,0.000000,0.000000,0.000000,0.078008,0.009728,-0.145130,-0.259727,0.000000,0.000000,0.000000,0.000000
22.3833,-0.300040,-0.240460,-0.286583,0.843837,0.000000,0.000000,0.000000,0.055017,0.041685,-0.138463,-0.284864,0.000000,0.000000,0.000000,0.000000
22.4333,-0.286389,-0.237556,-0.284840,0.842581,0.000000,0.000000,0.000000,0.032237,0.068088,-0.129402,-0.304928,0.000000,0.000000,0.000000,0.000000
22.4500,-0.270916,-0.232995,-0.286389,0.843444,0.000000,0.000000,0.000000,0.009641,0.088257,-0.117294,-0.319976,0.000000,0.000000,0.000000,0.000000
22.4667,-0.253489,-0.226651,-0.291179,0.846575,0.000000,0.000000,0.000000,-0.012826,0.101720,-0.101621,-0.330149,0.000000,0.000000,0.000000,0.000000
22.4833,-0.234025,-0.218449,-0.299013,0.852132,0.000000,0.000000,0.000000,-0.035185,0.108212,-0.082122,-0.335682,0.000000,0.000000,0.000000,0.000000
22.5000,-0.212504,-0.208375,-0.309559,0.860292,0.000000,0.000000,0.000000,-0.057371,0.107659,-0.058842,-0.336910,0.000000,0.000000,0.000000,0.000000
22.5167,-0.188995,-0.196487,-0.322370,0.871250,0.000000,0.000000,0.000000,-0.079186,0.100161,-0.032138,-0.334257,0.000000,0.000000,0.000000,0.000000
22.5333,-0.163664,-0.182914,-0.336921,0.885206,0.000000,0.000000,0.000000,-0.100275,0.085998,-0.002669,-0.328216,0.000000,0.000000,0.000000,0.000000
22.5500,-0.136784,-0.167852,-0.352652,0.902330,0.000000,0.000000,0.000000,-0.120124,0.065626,0.028649,-0.319312,0.000000,0.000000,0.000000,0.000000
22.5667,-0.108725,-0.151542,-0.369016,0.922708,0.000000,0.000000,0.000000,-0.138090,0.039675,0.060704,-0.308047,0.000000,0.000000,0.000000,0.000000
22.5833,-0.079942,-0.134250,-0.385529,0.946279,0.000000,0.000000,0.000000,-0.153461,0.008910,0.092288,-0.294838,0.000000,0.000000,0.000000,0.000000
22.6000,-0.050942,-0.116226,-0.401828,0.972761,0.000000,0.000000,0.000000,-0.165532,-0.025823,0.122204,-0.279954,0.000000,0.000000,0.000000,0.000000
22.6167,-0.022238,-0.097676,-0.417732,1.001574,0.000000,0.000000,0.000000,-0.173685,-0.063648,0.149381,-0.263475,0.000000,0.000000,0.000000,0.000000
22.6333,0.005695,-0.078724,-0.433274,1.031792,0.000000,0.000000,0.000000,-0.177453,-0.103688,0.172950,-0.245291,0.000000,0.000000,0.000000,0.000000
22.6500,0.032456,-0.059412,-0.448707,1.062157,0.000000,0.000000,0.000000,-0.176562,-0.145088,0.192306,-0.225155,0.000000,0.000000,0.000000,0.000000
22.6667,0.057715,-0.039726,-0.464466,1.091185,0.000000,0.000000,0.000000,-0.170939,-0.187024,0.207124,-0.202763,0.000000,0.000000,0.000000,0.000000
22.6833,0.081211,-0.019653,-0.481100,1.117359,0.000000,0.000000,0.000000,-0.160716,-0.228721,0.217355,-0.177839,0.000000,0.000000,0.000000,0.000000
22.7000,0.102741,0.000758,-0.499158,1.139344,0.000000,0.000000,0.000000,-0.146218,-0.269463,0.223204,-0.150193,0.000000,0.000000,0.000000,0.000000
22.7167,0.122143,0.021355,-0.519066,1.156140,0.000000,0.000000,0.000000,-0.127962,-0.308604,0.225093,-0.119756,0.000000,0.000000,0.000000,0.000000
22.7333,0.139272,0.041864,-0.540996,1.167159,0.000000,0.000000,0.000000,-0.106634,-0.345577,0.223629,-0.086603,0.000000,0.000000,0.000000,0.000000
22.7500,0.153976,0.061878,-0.564768,1.172255,0.000000,0.000000,0.000000,-0.083038,-0.379914,0.219567,-0.050971,0.000000,0.000000,0.000000,0.000000
22.7667,0.166079,0.080860,-0.589799,1.171712,0.000000,0.000000,0.000000,-0.058037,-0.411261,0.213769,-0.013261,0.000000,0.000000,0.000000,0.000000
22.7833,0.175381,0.098165,-0.615133,1.166190,0.000000,0.000000,0.000000,-0.032490,-0.439388,0.207158,0.025973,0.000000,0.000000,0.000000,0.000000
22.8000,0.181668,0.113086,-0.639569,1.156607,0.000000,0.000000,0.000000,-0.007174,-0.464192,0.200645,0.066062,0.000000,0.000000,0.000000,0.000000
22.8167,0.184742,0.124934,-0.661863,1.143985,0.000000,0.000000,0.000000,0.017271,-0.485696,0.195063,0.106274,0.000000,0.000000,0.000000,0.000000
22.8333,0.184448,0.133112,-0.680905,1.129293,0.000000,0.000000,0.000000,0.040377,-0.504033,0.191092,0.145869,0.000000,0.000000,0.000000,0.000000
22.8500,0.180692,0.137178,-0.695814,1.113340,0.000000,0.000000,0.000000,0.061834,-0.519422,0.189224,0.184164,0.000000,0.000000,0.000000,0.000000
22.8667,0.173448,0.136867,-0.705948,1.096741,0.000000,0.000000,0.000000,0.081469,-0.532132,0.189738,0.220577,0.000000,0.000000,0.000000,0.000000
22.8833,0.162763,0.132083,-0.710869,1.079928,0.000000,0.000000,0.000000,0.099223,-0.542458,0.192707,0.254643,0.000000,0.000000,0.000000,0.000000
22.9000,0.148761,0.122886,-0.710278,1.063202,0.000000,0.000000,0.000000,0.115112,-0.550693,0.198012,0.286027,0.000000,0.000000,0.000000,0.000000
22.9167,0.131642,0.109470,-0.703972,1.046785,0.000000,0.000000,0.000000,0.129199,-0.557107,0.205376,0.314521,0.000000,0.000000,0.000000,0.000000
22.9333,0.111698,0.092157,-0.691831,1.030843,0.000000,0.000000,0.000000,0.141569,-0.561935,0.214388,0.340034,0.000000,0.000000,0.000000,0.000000
22.9500,0.089323,0.071409,-0.673846,1.015496,0.000000,0.000000,0.000000,0.152330,-0.565374,0.224533,0.362582,0.000000,0.000000,0.000000,0.000000
22.9667,0.065023,0.047837,-0.650204,1.000816,0.000000,0.000000,0.000000,0.161607,-0.567582,0.235203,0.382267,0.000000,0.000000,0.000000,0.000000
22.9833,0.039417,0.022199,-0.621410,0.986819,0.000000,0.000000,0.000000,0.169536,-0.568684,0.245727,0.399265,0.000000,0.000000,0.000000,0.000000
23.0000,0.013220,-0.004636,-0.588411,0.973492,0.000000,0.000000,0.000000,0.176248,-0.568777,0.255388,0.413824,0.000000,0.000000,0.000000,0.000000
23.0167,-0.012815,-0.031758,-0.552633,0.960828,0.000000,0.000000,0.000000,0.181857,-0.567934,0.263433,0.426254,0.000000,0.000000,0.000000,0.000000
23.0333,-0.037983,-0.058304,-0.515824,0.948851,0.000000,0.000000,0.000000,0.186446,-0.566208,0.269078,0.436925,0.000000,0.000000,0.000000,0.000000
23.0500,-0.061704,-0.083529,-0.479769,0.937588,0.000000,0.000000,0.000000,0.190050,-0.563624,0.271510,0.446249,0.000000,0.000000,0.000000,0.000000
23.0667,-0.083552,-0.106848,-0.446046,0.927025,0.000000,0.000000,0.000000,0.192655,-0.560175,0.269882,0.454656,0.000000,0.000000,0.000000,0.000000
23.0833,-0.103248,-0.127825,-0.415911,0.917077,0.000000,0.000000,0.000000,0.194188,-0.555819,0.263301,0.462570,0.000000,0.000000,0.000000,0.000000
23.1000,-0.120633,-0.146157,-0.390272,0.907571,0.000000,0.000000,0.000000,0.194523,-0.550471,0.250819,0.470395,0.000000,0.000000,0.000000,0.000000
23.1167,-0.135647,-0.161649,-0.369698,0.898236,0.000000,0.000000,0.000000,0.193483,-0.544000,0.231416,0.478493,0.000000,0.000000,0.000000,0.000000
23.1333,-0.148303,-0.174196,-0.354473,0.888706,0.000000,0.000000,0.000000,0.190848,-0.536228,0.204004,0.487182,0.000000,0.000000,0.000000,0.000000
23.1500,-0.158681,-0.183760,-0.344668,0.878536,0.000000,0.000000,0.000000,0.186367,-0.526939,0.167434,0.496714,0.000000,0.000000,0.000000,0.000000
23.1667,-0.166908,-0.190343,-0.340218,0.867223,0.000000,0.000000,0.000000,0.179766,-0.515882,0.120528,0.507265,0.000000,0.000000,0.000000,0.000000
23.1833,-0.173156,-0.193971,-0.341005,0.854234,0.000000,0.000000,0.000000,0.170763,-0.502792,0.062131,0.518917,0.000000,0.000000,0.000000,0.000000
23.2000,-0.177633,-0.194682,-0.346900,0.839028,0.000000,0.000000,0.000000,0.159085,-0.487407,-0.008821,0.531644,0.000000,0.000000,0.000000,0.000000
23.2167,-0.180581,-0.192518,-0.357801,0.821086,0.000000,0.000000,0.000000,0.144489,-0.469489,-0.093196,0.545298,0.000000,0.000000,0.000000,0.000000
23.2333,-0.182278,-0.187523,-0.373640,0.799929,0.000000,0.000000,0.000000,0.126785,-0.448852,-0.191546,0.559609,0.000000,0.000000,0.000000,0.000000
23.2500,-0.183038,-0.179735,-0.394381,0.775137,0.000000,0.000000,0.000000,0.105855,-0.425390,-0.303952,0.574175,0.000000,0.000000,0.000000,0.000000
23.2667,-0.183203,-0.169184,-0.420013,0.746354,0.000000,0.000000,0.000000,0.081679,-0.399099,-0.429848,0.588465,0.000000,0.000000,0.000000,0.000000
23.2833,-0.183128,-0.155900,-0.450518,0.713297,0.000000,0.000000,0.000000,0.054390,-0.370120,-0.567829,0.601809,0.000000,0.000000,0.000000,0.000000
23.3000,-0.183170,-0.139931,-0.485833,0.675765,0.000000,0.000000,0.000000,0.024354,-0.338775,-0.715459,0.613405,0.000000,0.000000,0.000000,0.000000
23.3667,-0.183676,-0.121366,-0.525786,0.633665,0.000000,0.000000,0.000000,-0.007732,-0.305633,-0.869154,0.622428,0.000000,0.000000,0.000000,0.000000
23.3833,-0.184964,-0.100355,-0.570052,0.587035,0.000000,0.000000,0.000000,-0.040784,-0.271582,-1.024254,0.628391,0.000000,0.000000,0.000000,0.000000
23.4000,-0.187308,-0.077142,-0.618104,0.536071,0.000000,0.000000,0.000000,-0.073311,-0.237940,-1.175219,0.631691,0.000000,0.000000,0.000000,0.000000
23.6000,-0.190912,-0.052083,-0.669177,0.481139,0.000000,0.000000,0.000000,-0.103450,-0.206500,-1.315873,0.633906,0.000000,0.000000,0.000000,0.000000
23.6167,-0.195889,-0.025668,-0.722233,0.422793,0.000000,0.000000,0.000000,-0.129155,-0.179319,-1.439994,0.637452,0.000000,0.000000,0.000000,0.000000
23.6333,-0.202241,0.001471,-0.775921,0.361790,0.000000,0.000000,0.000000,-0.148561,-0.158277,-1.542253,0.644804,0.000000,0.000000,0.000000,0.000000
23.6500,-0.209854,0.028574,-0.828579,0.299099,0.000000,0.000000,0.000000,-0.160280,-0.144767,-1.618848,0.657880,0.000000,0.000000,0.000000,0.000000
23.6667,-0.218506,0.054801,-0.878355,0.235828,0.000000,0.000000,0.000000,-0.163518,-0.139609,-1.667608,0.677814,0.000000,0.000000,0.000000,0.000000
23.6833,-0.227894,0.079313,-0.923437,0.173089,0.000000,0.000000,0.000000,-0.158104,-0.143062,-1.687890,0.704849,0.000000,0.000000,0.000000,0.000000
23.7000,-0.237669,0.101353,-0.962269,0.111891,0.000000,0.000000,0.000000,-0.144502,-0.154819,-1.680496,0.738257,0.000000,0.000000,0.000000,0.000000
23.7833,-0.247475,0.120320,-0.993685,0.053111,0.000000,0.000000,0.000000,-0.123777,-0.174016,-1.647537,0.776363,0.000000,0.000000,0.000000,0.000000
23.8500,-0.256991,0.135820,-1.016987,-0.002489,0.000000,0.000000,0.000000,-0.097427,-0.199293,-1.592095,0.816803,0.000000,0.000000,0.000000,0.000000
23.8667,-0.265958,0.147695,-1.031974,-0.054236,0.000000,0.000000,0.000000,-0.067095,-0.228978,-1.517718,0.857015,0.000000,0.000000,0.000000,0.000000
23.8833,-0.274203,0.156020,-1.038932,-0.101542,0.000000,0.000000,0.000000,-0.034335,-0.261340,-1.428054,0.894671,0.000000,0.000000,0.000000,0.000000
23.9000,-0.281636,0.161082,-1.038575,-0.143935,0.000000,0.000000,0.000000,-0.000502,-0.294769,-1.326747,0.927875,0.000000,0.000000,0.000000,0.000000
23.9167,-0.288236,0.163335,-1.031952,-0.181094,0.000000,0.000000,0.000000,0.033253,-0.327849,-1.217398,0.955218,0.000000,0.000000,0.000000,0.000000
23.9333,-0.294028,0.163341,-1.020330,-0.212868,0.000000,0.000000,0.000000,0.065988,-0.359371,-1.103489,0.975764,0.000000,0.000000,0.000000,0.000000
23.9500,-0.299065,0.161708,-1.005083,-0.239271,0.000000,0.000000,0.000000,0.096944,-0.388349,-0.988252,0.989017,0.000000,0.000000,0.000000,0.000000
23.9667,-0.303419,0.159031,-0.987590,-0.260459,0.000000,0.000000,0.000000,0.125533,-0.414023,-0.874550,0.994880,0.000000,0.000000,0.000000,0.000000
23.9833,-0.307179,0.155831,-0.969154,-0.276689,0.000000,0.000000,0.000000,0.151308,-0.435861,-0.764783,0.993587,0.000000,0.000000,0.000000,0.000000
24.0000,-0.310449,0.152505,-0.950933,-0.288276,0.000000,0.000000,0.000000,0.173943,-0.453548,-0.660854,0.985651,0.000000,0.000000,0.000000,0.000000
24.0167,-0.313353,0.149303,-0.933900,-0.295558,0.000000,0.000000,0.000000,0.193209,-0.466971,-0.564161,0.971808,0.000000,0.000000,0.000000,0.000000
24.0333,-0.316030,0.146325,-0.918822,-0.298856,0.000000,0.000000,0.000000,0.208971,-0.476212,-0.475620,0.952949,0.000000,0.000000,0.000000,0.000000
24.0500,-0.318623,0.143549,-0.906267,-0.298457,0.000000,0.000000,0.000000,0.221185,-0.481514,-0.395717,0.930062,0.000000,0.000000,0.000000,0.000000
24.0667,-0.321272,0.140858,-0.896618,-0.294602,0.000000,0.000000,0.000000,0.229907,-0.483258,-0.324594,0.904160,0.000000,0.000000,0.000000,0.000000
24.0833,-0.324105,0.138081,-0.890090,-0.287478,0.000000,0.000000,0.000000,0.235303,-0.481933,-0.262135,0.876234,0.000000,0.000000,0.000000,0.000000
24.1000,-0.327228,0.135017,-0.886748,-0.277224,0.000000,0.000000,0.000000,0.237655,-0.478100,-0.208052,0.847194,0.000000,0.000000,0.000000,0.000000
24.1167,-0.330716,0.131465,-0.886509,-0.263931,0.000000,0.000000,0.000000,0.237370,-0.472366,-0.161937,0.817831,0.000000,0.000000,0.000000,0.000000
24.1333,-0.334594,0.127249,-0.889149,-0.247657,0.000000,0.000000,0.000000,0.234950,-0.465358,-0.123307,0.788779,0.000000,0.000000,0.000000,0.000000
24.1500,-0.338830,0.122237,-0.894305,-0.228439,0.000000,0.000000,0.000000,0.230963,-0.457687,-0.091624,0.760495,0.000000,0.000000,0.000000,0.000000
24.1667,-0.343323,0.116357,-0.901478,-0.206311,0.000000,0.000000,0.000000,0.226003,-0.449922,-0.066336,0.733252,0.000000,0.000000,0.000000,0.000000
24.1833,-0.347904,0.109603,-0.910040,-0.181317,0.000000,0.000000,0.000000,0.220655,-0.442557,-0.046895,0.707145,0.000000,0.000000,0.000000,0.000000
24.2000,-0.352347,0.102041,-0.919253,-0.153530,0.000000,0.000000,0.000000,0.215460,-0.435997,-0.032767,0.682097,0.000000,0.000000,0.000000,0.000000
24.2167,-0.356390,0.093794,-0.928299,-0.123058,0.000000,0.000000,0.000000,0.210889,-0.430547,-0.023427,0.657886,0.000000,0.000000,0.000000,0.000000
24.2333,-0.359752,0.085031,-0.936329,-0.090036,0.000000,0.000000,0.000000,0.207318,-0.426405,-0.018356,0.634170,0.000000,0.000000,0.000000,0.000000
24.2500,-0.362176,0.075936,-0.942522,-0.054626,0.000000,0.000000,0.000000,0.205008,-0.423674,-0.017026,0.610515,0.000000,0.000000,0.000000,0.000000
24.2667,-0.363454,0.066684,-0.946156,-0.017014,0.000000,0.000000,0.000000,0.204102,-0.422363,-0.018906,0.586434,0.000000,0.000000,0.000000,0.000000
24.2833,-0.363454,0.057423,-0.946677,0.022591,0.000000,0.000000,0.000000,0.204622,-0.422393,-0.023452,0.561413,0.000000,0.000000,0.000000,0.000000
24.3000,-0.362131,0.048266,-0.943750,0.063936,0.000000,0.000000,0.000000,0.206476,-0.423605,-0.030105,0.534946,0.000000,0.000000,0.000000,0.000000
24.3167,-0.359521,0.039297,-0.937291,0.106713,0.000000,0.000000,0.000000,0.209456,-0.425762,-0.038283,0.506557,0.000000,0.000000,0.000000,0.000000
24.3333,-0.355735,0.030579,-0.927471,0.150549,0.000000,0.000000,0.000000,0.213249,-0.428548,-0.047386,0.475819,0.000000,0.000000,0.000000,0.000000
24.3500,-0.350941,0.022156,-0.914688,0.195011,0.000000,0.000000,0.000000,0.217459,-0.431580,-0.056796,0.442375,0.000000,0.000000,0.000000,0.000000
24.3667,-0.345343,0.014058,-0.899507,0.239628,0.000000,0.000000,0.000000,0.221626,-0.434422,-0.065895,0.405968,0.000000,0.000000,0.000000,0.000000
24.3833,-0.339167,0.006308,-0.882584,0.283915,0.000000,0.000000,0.000000,0.225254,-0.436594,-0.074079,0.366467,0.000000,0.000000,0.000000,0.000000
24.4000,-0.332641,-0.001085,-0.864573,0.327406,0.000000,0.000000,0.000000,0.227828,-0.437576,-0.080781,0.323890,0.000000,0.000000,0.000000,0.000000
24.4167,-0.325982,-0.008117,-0.846051,0.369685,0.000000,0.000000,0.000000,0.228823,-0.436811,-0.085512,0.278423,0.000000,0.000000,0.000000,0.000000
24.4333,-0.319385,-0.014797,-0.827451,0.410406,0.000000,0.000000,0.000000,0.227724,-0.433704,-0.087892,0.230427,0.000000,0.000000,0.000000,0.000000
24.4500,-0.313018,-0.021142,-0.809060,0.449297,0.000000,0.000000,0.000000,0.224041,-0.427639,-0.087683,0.180439,0.000000,0.000000,0.000000,0.000000
24.4667,-0.307014,-0.027167,-0.791048,0.486150,0.000000,0.000000,0.000000,0.217333,-0.417996,-0.084797,0.129170,0.000000,0.000000,0.000000,0.000000
24.4833,-0.301474,-0.032893,-0.773524,0.520812,0.000000,0.000000,0.000000,0.207227,-0.404196,-0.079291,0.077500,0.000000,0.000000,0.000000,0.000000
24.5000,-0.296465,-0.038338,-0.756581,0.553176,0.000000,0.000000,0.000000,0.193438,-0.385746,-0.071353,0.026473,0.000000,0.000000,0.000000,0.000000
24.5167,-0.292027,-0.043522,-0.740323,0.583170,0.000000,0.000000,0.000000,0.175815,-0.362301,-0.061333,-0.022715,0.000000,0.000000,0.000000,0.000000
24.5333,-0.288169,-0.048460,-0.724869,0.610755,0.000000,0.000000,0.000000,0.154399,-0.333734,-0.049776,-0.068730,0.000000,0.000000,0.000000,0.000000
24.6000,-0.284870,-0.053153,-0.710347,0.635909,0.000000,0.000000,0.000000,0.129483,-0.300206,-0.037424,-0.110173,0.000000,0.000000,0.000000,0.000000
24.6167,-0.282078,-0.057576,-0.696887,0.658626,0.000000,0.000000,0.000000,0.101621,-0.262213,-0.025123,-0.145790,0.000000,0.000000,0.000000,0.000000
24.6333,-0.279705,-0.061682,-0.684607,0.678917,0.000000,0.000000,0.000000,0.071565,-0.220591,-0.013651,-0.174744,0.000000,0.000000,0.000000,0.000000
24.6667,-0.277632,-0.065406,-0.673596,0.696811,0.000000,0.000000,0.000000,0.040186,-0.176496,-0.003567,-0.196783,0.000000,0.000000,0.000000,0.000000
24.6833,-0.275717,-0.068671,-0.663917,0.712373,0.000000,0.000000,0.000000,0.008383,-0.131306,0.004852,-0.212202,0.000000,0.000000,0.000000,0.000000
24.7000,-0.273810,-0.071399,-0.655609,0.725706,0.000000,0.000000,0.000000,-0.022992,-0.086468,0.011613,-0.221688,0.000000,0.000000,0.000000,0.000000
24.7167,-0.271758,-0.073510,-0.648695,0.736952,0.000000,0.000000,0.000000,-0.053187,-0.043349,0.016957,-0.226151,0.000000,0.000000,0.000000,0.000000
24.7333,-0.269411,-0.074921,-0.643203,0.746281,0.000000,0.000000,0.000000,-0.081570,-0.003155,0.021289,-0.226598,0.000000,0.000000,0.000000,0.000000
24.7500,-0.266621,-0.075542,-0.639182,0.753879,0.000000,0.000000,0.000000,-0.107660,0.033118,0.025111,-0.224037,0.000000,0.000000,0.000000,0.000000
24.7667,-0.263241,-0.075279,-0.636717,0.759938,0.000000,0.000000,0.000000,-0.131135,0.064693,0.028961,-0.219406,0.000000,0.000000,0.000000,0.000000
24.7833,-0.259118,-0.074046,-0.635938,0.764658,0.000000,0.000000,0.000000,-0.151848,0.091007,0.033360,-0.213530,0.000000,0.000000,0.000000,0.000000
24.8000,-0.254094,-0.071773,-0.637024,0.768245,0.000000,0.000000,0.000000,-0.169825,0.111676,0.038788,-0.207073,0.000000,0.000000,0.000000,0.000000
24.8167,-0.248012,-0.068408,-0.640209,0.770907,0.000000,0.000000,0.000000,-0.185240,0.126452,0.045660,-0.200529,0.000000,0.000000,0.000000,0.000000
24.8333,-0.240727,-0.063923,-0.645777,0.772851,0.000000,0.000000,0.000000,-0.198365,0.135195,0.054316,-0.194233,0.000000,0.000000,0.000000,0.000000
24.8500,-0.232117,-0.058304,-0.654047,0.774280,0.000000,0.000000,0.000000,-0.209514,0.137842,0.065013,-0.188378,0.000000,0.000000,0.000000,0.000000
24.8667,-0.222099,-0.051549,-0.665348,0.775398,0.000000,0.000000,0.000000,-0.219006,0.134413,0.077918,-0.183026,0.000000,0.000000,0.000000,0.000000
24.8833,-0.210644,-0.043657,-0.679977,0.776402,0.000000,0.000000,0.000000,-0.227135,0.125039,0.093068,-0.178105,0.000000,0.000000,0.000000,0.000000
24.9000,-0.197801,-0.034614,-0.698157,0.777468,0.000000,0.000000,0.000000,-0.234151,0.110008,0.110329,-0.173409,0.000000,0.000000,0.000000,0.000000
24.9167,-0.183693,-0.024383,-0.719998,0.778734,0.000000,0.000000,0.000000,-0.240221,0.089797,0.129361,-0.168616,0.000000,0.000000,0.000000,0.000000
24.9500,-0.168531,-0.012900,-0.745451,0.780271,0.000000,0.000000,0.000000,-0.245397,0.065079,0.149613,-0.163315,0.000000,0.000000,0.000000,0.000000
24.9667,-0.152601,-0.000084,-0.774282,0.782070,0.000000,0.000000,0.000000,-0.249601,0.036684,0.170368,-0.157040,0.000000,0.000000,0.000000,0.000000
24.9833,-0.136269,0.014149,-0.806050,0.784033,0.000000,0.000000,0.000000,-0.252643,0.005514,0.190826,-0.149304,0.000000,0.000000,0.000000,0.000000
25.0000,-0.119967,0.029853,-0.840118,0.785991,0.000000,0.000000,0.000000,-0.254251,-0.027539,0.210191,-0.139636,0.000000,0.000000,0.000000,0.000000
25.0167,-0.104159,0.047031,-0.875733,0.787744,0.000000,0.000000,0.000000,-0.254103,-0.061656,0.227740,-0.127620,0.000000,0.000000,0.000000,0.000000
25.0333,-0.089299,0.065619,-0.912154,0.789100,0.000000,0.000000,0.000000,-0.251847,-0.096124,0.242869,-0.112942,0.000000,0.000000,0.000000,0.000000
25.0500,-0.075782,0.085506,-0.948782,0.789913,0.000000,0.000000,0.000000,-0.247114,-0.130358,0.255114,-0.095430,0.000000,0.000000,0.000000,0.000000
25.0667,-0.063926,0.106536,-0.985218,0.790098,0.000000,0.000000,0.000000,-0.239534,-0.163904,0.264159,-0.075077,0.000000,0.000000,0.000000,0.000000
25.0833,-0.053961,0.128509,-1.021254,0.789634,0.000000,0.000000,0.000000,-0.228759,-0.196439,0.269830,-0.052057,0.000000,0.000000,0.000000,0.000000
25.1000,-0.046017,0.151165,-1.056816,0.788567,0.000000,0.000000,0.000000,-0.214515,-0.227758,0.272089,-0.026698,0.000000,0.000000,0.000000,0.000000
25.1167,-0.040121,0.174176,-1.091865,0.786997,0.000000,0.000000,0.000000,-0.196651,-0.257739,0.271039,0.000547,0.000000,0.000000,0.000000,0.000000
25.1333,-0.036199,0.197146,-1.126296,0.785080,0.000000,0.000000,0.000000,-0.175215,-0.286293,0.266933,0.029145,0.000000,0.000000,0.000000,0.000000
25.1500,-0.034086,0.219617,-1.159873,0.783010,0.000000,0.000000,0.000000,-0.150519,-0.313306,0.260191,0.058542,0.000000,0.000000,0.000000,0.000000
25.2000,-0.033541,0.241095,-1.192197,0.781003,0.000000,0.000000,0.000000,-0.123193,-0.338584,0.251391,0.088227,0.000000,0.000000,0.000000,0.000000
25.2167,-0.034278,0.261081,-1.222733,0.779278,0.000000,0.000000,0.000000,-0.094150,-0.361869,0.241234,0.117784,0.000000,0.000000,0.000000,0.000000
25.2333,-0.035999,0.279105,-1.250875,0.778054,0.000000,0.000000,0.000000,-0.064451,-0.382893,0.230453,0.146906,0.000000,0.000000,0.000000,0.000000
25.2500,-0.038424,0.294745,-1.276025,0.777553,0.000000,0.000000,0.000000,-0.035157,-0.401446,0.219741,0.175374,0.000000,0.000000,0.000000,0.000000
25.2667,-0.041311,0.307635,-1.297641,0.778014,0.000000,0.000000,0.000000,-0.007204,-0.417410,0.209685,0.203013,0.000000,0.000000,0.000000,0.000000
25.2833,-0.044460,0.317456,-1.315250,0.779700,0.000000,0.000000,0.000000,0.018670,-0.430778,0.200732,0.229665,0.000000,0.000000,0.000000,0.000000
25.3000,-0.047709,0.323937,-1.328435,0.782906,0.000000,0.000000,0.000000,0.041973,-0.441655,0.193176,0.255167,0.000000,0.000000,0.000000,0.000000
25.3167,-0.050935,0.326843,-1.336811,0.787950,0.000000,0.000000,0.000000,0.062442,-0.450243,0.187169,0.279360,0.000000,0.000000,0.000000,0.000000
25.3333,-0.054052,0.325979,-1.340029,0.795165,0.000000,0.000000,0.000000,0.080011,-0.456817,0.182749,0.302093,0.000000,0.000000,0.000000,0.000000
25.3500,-0.057013,0.321185,-1.337766,0.804875,0.000000,0.000000,0.000000,0.094767,-0.461692,0.179865,0.323230,0.000000,0.000000,0.000000,0.000000
25.3667,-0.059809,0.312340,-1.329745,0.817370,0.000000,0.000000,0.000000,0.106916,-0.465199,0.178393,0.342652,0.000000,0.000000,0.000000,0.000000
25.3833,-0.062468,0.299381,-1.315744,0.832862,0.000000,0.000000,0.000000,0.116755,-0.467663,0.178147,0.360268,0.000000,0.000000,0.000000,0.000000
25.4000,-0.065059,0.282319,-1.295619,0.851443,0.000000,0.000000,0.000000,0.124641,-0.469385,0.178894,0.376025,0.000000,0.000000,0.000000,0.000000
25.4167,-0.067677,0.261265,-1.269319,0.873025,0.000000,0.000000,0.000000,0.130958,-0.470623,0.180371,0.389923,0.000000,0.000000,0.000000,0.000000
25.4333,-0.070445,0.236471,-1.236921,0.897293,0.000000,0.000000,0.000000,0.136091,-0.471585,0.182294,0.402028,0.000000,0.000000,0.000000,0.000000
25.4500,-0.073501,0.208355,-1.198656,0.923649,0.000000,0.000000,0.000000,0.140399,-0.472417,0.184369,0.412474,0.000000,0.000000,0.000000,0.000000
25.4667,-0.076992,0.177529,-1.154956,0.951197,0.000000,0.000000,0.000000,0.144202,-0.473214,0.186297,0.421453,0.000000,0.000000,0.000000,0.000000
25.4833,-0.081068,0.144794,-1.106485,0.978764,0.000000,0.000000,0.000000,0.147772,-0.474021,0.187781,0.429203,0.000000,0.000000,0.000000,0.000000
25.5000,-0.085865,0.111101,-1.054161,1.004990,0.000000,0.000000,0.000000,0.151324,-0.474841,0.188518,0.435999,0.000000,0.000000,0.000000,0.000000
25.5167,-0.091486,0.077451,-0.999141,1.028482,0.000000,0.000000,0.000000,0.155010,-0.475646,0.188193,0.442139,0.000000,0.000000,0.000000,0.000000
25.5333,-0.097988,0.044785,-0.942777,1.047977,0.000000,0.000000,0.000000,0.158915,-0.476380,0.186468,0.447943,0.000000,0.000000,0.000000,0.000000
25.5500,-0.105368,0.013896,-0.886535,1.062488,0.000000,0.000000,0.000000,0.163066,-0.476975,0.182967,0.453752,0.000000,0.000000,0.000000,0.000000
25.5667,-0.113566,-0.014611,-0.831874,1.071433,0.000000,0.000000,0.000000,0.167433,-0.477354,0.177265,0.459927,0.000000,0.000000,0.000000,0.000000
25.5833,-0.122486,-0.040336,-0.780105,1.074713,0.000000,0.000000,0.000000,0.171942,-0.477437,0.168874,0.466851,0.000000,0.000000,0.000000,0.000000
25.6000,-0.132001,-0.063047,-0.732338,1.072689,0.000000,0.000000,0.000000,0.176480,-0.477142,0.157232,0.474918,0.000000,0.000000,0.000000,0.000000
25.6167,-0.141962,-0.082641,-0.689498,1.066041,0.000000,0.000000,0.000000,0.180906,-0.476381,0.141706,0.484527,0.000000,0.000000,0.000000,0.000000
25.6333,-0.152185,-0.099095,-0.652361,1.055597,0.000000,0.000000,0.000000,0.185052,-0.475053,0.121603,0.496053,0.000000,0.000000,0.000000,0.000000
25.6500,-0.162466,-0.112449,-0.621527,1.042187,0.000000,0.000000,0.000000,0.188726,-0.473041,0.096191,0.509825,0.000000,0.000000,0.000000,0.000000
25.6667,-0.172590,-0.122795,-0.597356,1.026564,0.000000,0.000000,0.000000,0.191709,-0.470209,0.064736,0.526088,0.000000,0.000000,0.000000,0.000000
25.6833,-0.182361,-0.130279,-0.579927,1.009358,0.000000,0.000000,0.000000,0.193758,-0.466404,0.026551,0.544974,0.000000,0.000000,0.000000,0.000000
25.7000,-0.191612,-0.135087,-0.569033,0.991059,0.000000,0.000000,0.000000,0.194612,-0.461466,-0.018960,0.566478,0.000000,0.000000,0.000000,0.000000
25.7167,-0.200219,-0.137440,-0.564225,0.972016,0.000000,0.000000,0.000000,0.193998,-0.455236,-0.072236,0.590428,0.000000,0.000000,0.000000,0.000000
25.7333,-0.208095,-0.137588,-0.564868,0.952437,0.000000,0.000000,0.000000,0.191647,-0.447579,-0.133491,0.616470,0.000000,0.000000,0.000000,0.000000
25.7500,-0.215183,-0.135807,-0.570227,0.932396,0.000000,0.000000,0.000000,0.187302,-0.438397,-0.202640,0.644056,0.000000,0.000000,0.000000,0.000000
25.7667,-0.221451,-0.132385,-0.579531,0.911845,0.000000,0.000000,0.000000,0.180743,-0.427661,-0.279218,0.672453,0.000000,0.000000,0.000000,0.000000
25.7833,-0.226878,-0.127609,-0.592033,0.890615,0.000000,0.000000,0.000000,0.171813,-0.415423,-0.362304,0.700752,0.000000,0.000000,0.000000,0.000000
25.8000,-0.231454,-0.121751,-0.607034,0.868439,0.000000,0.000000,0.000000,0.160465,-0.401825,-0.450470,0.727899,0.000000,0.000000,0.000000,0.000000
25.8167,-0.235182,-0.115053,-0.623909,0.844975,0.000000,0.000000,0.000000,0.146808,-0.387105,-0.541744,0.752726,0.000000,0.000000,0.000000,0.000000
25.8333,-0.238079,-0.107721,-0.642131,0.819834,0.000000,0.000000,0.000000,0.131164,-0.371583,-0.633613,0.773997,0.000000,0.000000,0.000000,0.000000
25.8500,-0.240184,-0.099923,-0.661298,0.792605,0.000000,0.000000,0.000000,0.114120,-0.355648,-0.723045,0.790459,0.000000,0.000000,0.000000,0.000000
25.9000,-0.241558,-0.091781,-0.681157,0.762883,0.000000,0.000000,0.000000,0.096551,-0.339761,-0.806554,0.800960,0.000000,0.000000,0.000000,0.000000
25.9167,-0.242287,-0.083364,-0.701611,0.730288,0.000000,0.000000,0.000000,0.079609,-0.324530,-0.880290,0.804732,0.000000,0.000000,0.000000,0.000000
25.9333,-0.242485,-0.074690,-0.722688,0.694495,0.000000,0.000000,0.000000,0.064701,-0.310849,-0.940081,0.801816,0.000000,0.000000,0.000000,0.000000
26.1333,-0.242293,-0.065728,-0.744494,0.655263,0.000000,0.000000,0.000000,0.053438,-0.299973,-0.981574,0.793241,0.000000,0.000000,0.000000,0.000000
26.1500,-0.241881,-0.056411,-0.767157,0.612471,0.000000,0.000000,0.000000,0.047404,-0.293280,-1.000881,0.780638,0.000000,0.000000,0.000000,0.000000
26.1833,-0.241447,-0.046653,-0.790771,0.566146,0.000000,0.000000,0.000000,0.047753,-0.291801,-0.995667,0.765472,0.000000,0.000000,0.000000,0.000000
26.2000,-0.241204,-0.036376,-0.815365,0.516477,0.000000,0.000000,0.000000,0.054889,-0.295882,-0.965938,0.748531,0.000000,0.000000,0.000000,0.000000
26.3000,-0.241373,-0.025539,-0.840868,0.463822,0.000000,0.000000,0.000000,0.068379,-0.305130,-0.914173,0.729950,0.000000,0.000000,0.000000,0.000000
26.3167,-0.242156,-0.014167,-0.867074,0.408704,0.000000,0.000000,0.000000,0.087121,-0.318604,-0.844841,0.709617,0.000000,0.000000,0.000000,0.000000
26.3333,-0.243712,-0.002378,-0.893612,0.351790,0.000000,0.000000,0.000000,0.109675,-0.335127,-0.763443,0.687676,0.000000,0.000000,0.000000,0.000000
26.3500,-0.246134,0.009615,-0.919944,0.293865,0.000000,0.000000,0.000000,0.134557,-0.353523,-0.675489,0.664717,0.000000,0.000000,0.000000,0.000000
26.3667,-0.249436,0.021518,-0.945388,0.235785,0.000000,0.000000,0.000000,0.160411,-0.372733,-0.585826,0.641606,0.000000,0.000000,0.000000,0.000000
26.3833,-0.253549,0.032999,-0.969188,0.178419,0.000000,0.000000,0.000000,0.186069,-0.391858,-0.498345,0.619248,0.000000,0.000000,0.000000,0.000000
26.4000,-0.258323,0.043731,-0.990600,0.122582,0.000000,0.000000,0.000000,0.210578,-0.410181,-0.415934,0.598407,0.000000,0.000000,0.000000,0.000000
26.4167,-0.263533,0.053465,-1.008991,0.068966,0.000000,0.000000,0.000000,0.233198,-0.427167,-0.340561,0.579614,0.000000,0.000000,0.000000,0.000000
26.4333,-0.268891,0.062096,-1.023909,0.018108,0.000000,0.000000,0.000000,0.253399,-0.442453,-0.273411,0.563127,0.000000,0.000000,0.000000,0.000000
26.4500,-0.274081,0.069686,-1.035135,-0.029602,0.000000,0.000000,0.000000,0.270854,-0.455836,-0.215028,0.548939,0.000000,0.000000,0.000000,0.000000
26.4667,-0.278807,0.076420,-1.042676,-0.073894,0.000000,0.000000,0.000000,0.285414,-0.467239,-0.165479,0.536815,0.000000,0.000000,0.000000,0.000000
26.4833,-0.282832,0.082520,-1.046723,-0.114578,0.000000,0.000000,0.000000,0.297085,-0.476669,-0.124506,0.526358,0.000000,0.000000,0.000000,0.000000
26.5000,-0.285990,0.088181,-1.047578,-0.151522,0.000000,0.000000,0.000000,0.305983,-0.484178,-0.091655,0.517060,0.000000,0.000000,0.000000,0.000000
26.5167,-0.288190,0.093535,-1.045585,-0.184638,0.000000,0.000000,0.000000,0.312284,-0.489825,-0.066368,0.508350,0.000000,0.000000,0.000000,0.000000
26.5333,-0.289406,0.098643,-1.041077,-0.213876,0.000000,0.000000,0.000000,0.316181,-0.493659,-0.048032,0.499622,0.000000,0.000000,0.000000,0.000000
26.5500,-0.289662,0.103490,-1.034360,-0.239218,0.000000,0.000000,0.000000,0.317839,-0.495709,-0.036006,0.490255,0.000000,0.000000,0.000000,0.000000
26.5667,-0.289028,0.108000,-1.025709,-0.260685,0.000000,0.000000,0.000000,0.317363,-0.495981,-0.029631,0.479629,0.000000,0.000000,0.000000,0.000000
26.5833,-0.287602,0.112059,-1.015382,-0.278334,0.000000,0.000000,0.000000,0.314783,-0.494459,-0.028240,0.467147,0.000000,0.000000,0.000000,0.000000
26.6000,-0.285500,0.115539,-1.003630,-0.292260,0.000000,0.000000,0.000000,0.310043,-0.491107,-0.031148,0.452242,0.000000,0.000000,0.000000,0.000000
26.6167,-0.282840,0.118330,-0.990700,-0.302589,0.000000,0.000000,0.000000,0.302992,-0.485871,-0.037642,0.434398,0.000000,0.000000,0.000000,0.000000
26.6333,-0.279733,0.120349,-0.976839,-0.309469,0.000000,0.000000,0.000000,0.293395,-0.478680,-0.046965,0.413169,0.000000,0.000000,0.000000,0.000000
26.6500,-0.276278,0.121551,-0.962288,-0.313061,0.000000,0.000000,0.000000,0.280936,-0.469455,-0.058303,0.388203,0.000000,0.000000,0.000000,0.000000
26.6667,-0.272564,0.121929,-0.947289,-0.313517,0.000000,0.000000,0.000000,0.265244,-0.458122,-0.070767,0.359269,0.000000,0.000000,0.000000,0.000000
26.6833,-0.268672,0.121508,-0.932083,-0.310969,0.000000,0.000000,0.000000,0.245922,-0.444621,-0.083387,0.326283,0.000000,0.000000,0.000000,0.000000
26.7000,-0.264686,0.120336,-0.916917,-0.305516,0.000000,0.000000,0.000000,0.222598,-0.428925,-0.095121,0.289329,0.000000,0.000000,0.000000,0.000000
26.7167,-0.260690,0.118478,-0.902043,-0.297220,0.000000,0.000000,0.000000,0.194983,-0.411049,-0.104880,0.248703,0.000000,0.000000,0.000000,0.000000
26.7333,-0.256770,0.116009,-0.887711,-0.286104,0.000000,0.000000,0.000000,0.162930,-0.391074,-0.111585,0.204964,0.000000,0.000000,0.000000,0.000000
26.7500,-0.253002,0.113000,-0.874159,-0.272158,0.000000,0.000000,0.000000,0.126500,-0.369171,-0.114237,0.158995,0.000000,0.000000,0.000000,0.000000
26.8000,-0.249446,0.109511,-0.861597,-0.255344,0.000000,0.000000,0.000000,0.086033,-0.345626,-0.111996,0.112058,0.000000,0.000000,0.000000,0.000000
26.8167,-0.246138,0.105580,-0.850200,-0.235605,0.000000,0.000000,0.000000,0.042249,-0.320895,-0.104242,0.065756,0.000000,0.000000,0.000000,0.000000
26.9167,-0.243085,0.101218,-0.840076,-0.212872,0.000000,0.000000,0.000000,-0.003677,-0.295664,-0.090528,0.021867,0.000000,0.000000,0.000000,0.000000
26.9500,-0.240266,0.096405,-0.831248,-0.187070,0.000000,0.000000,0.000000,-0.050191,-0.270881,-0.070385,-0.017955,0.000000,0.000000,0.000000,0.000000
27.0500,-0.237631,0.091088,-0.823626,-0.158127,0.000000,0.000000,0.000000,-0.095631,-0.247699,-0.043269,-0.052501,0.000000,0.000000,0.000000,0.000000
27.1500,-0.235118,0.085194,-0.817010,-0.125985,0.000000,0.000000,0.000000,-0.138529,-0.227320,-0.009142,-0.081138,0.000000,0.000000,0.000000,0.000000
27.1667,-0.232660,0.078637,-0.811106,-0.090623,0.000000,0.000000,0.000000,-0.177754,-0.210776,0.030860,-0.103731,0.000000,0.000000,0.000000,0.000000
27.2000,-0.230196,0.071341,-0.805580,-0.052092,0.000000,0.000000,0.000000,-0.212436,-0.198770,0.074618,-0.120489,0.000000,0.000000,0.000000,0.000000
27.2333,-0.227681,0.063256,-0.800107,-0.010548,0.000000,0.000000,0.000000,-0.241873,-0.191643,0.119730,-0.131785,0.000000,0.000000,0.000000,0.000000
27.2500,-0.225091,0.054377,-0.794423,0.033726,0.000000,0.000000,0.000000,-0.265522,-0.189433,0.163973,-0.138009,0.000000,0.000000,0.000000,0.000000
27.2667,-0.222426,0.044752,-0.788365,0.080310,0.000000,0.000000,0.000000,-0.283042,-0.191968,0.205488,-0.139464,0.000000,0.000000,0.000000,0.000000
27.2833,-0.219714,0.034483,-0.781897,0.128666,0.000000,0.000000,0.000000,-0.294297,-0.198923,0.242835,-0.136354,0.000000,0.000000,0.000000,0.000000
27.3000,-0.217016,0.023723,-0.775126,0.178168,0.000000,0.000000,0.000000,-0.299329,-0.209869,0.274989,-0.128809,0.000000,0.000000,0.000000,0.000000
27.3167,-0.214420,0.012664,-0.768286,0.228154,0.000000,0.000000,0.000000,-0.298317,-0.224294,0.301308,-0.116947,0.000000,0.000000,0.000000,0.000000
27.3333,-0.212041,0.001521,-0.761689,0.277972,0.000000,0.000000,0.000000,-0.291530,-0.241633,0.321475,-0.100936,0.000000,0.000000,0.000000,0.000000
27.3500,-0.210011,-0.009488,-0.755662,0.327025,0.000000,0.000000,0.000000,-0.279286,-0.261295,0.335449,-0.081050,0.000000,0.000000,0.000000,0.000000
27.3667,-0.208469,-0.020162,-0.750495,0.374802,0.000000,0.000000,0.000000,-0.261943,-0.282690,0.343395,-0.057698,0.000000,0.000000,0.000000,0.000000
27.3833,-0.207553,-0.030339,-0.746405,0.420894,0.000000,0.000000,0.000000,-0.239909,-0.305244,0.345650,-0.031415,0.000000,0.000000,0.000000,0.000000
27.4000,-0.207386,-0.039906,-0.743530,0.464983,0.000000,0.000000,0.000000,-0.213680,-0.328398,0.342694,-0.002823,0.000000,0.000000,0.000000,0.000000
27.4167,-0.208062,-0.048796,-0.741927,0.506839,0.000000,0.000000,0.000000,-0.183880,-0.351590,0.335148,0.027418,0.000000,0.000000,0.000000,0.000000
27.4500,-0.209642,-0.056977,-0.741586,0.546294,0.000000,0.000000,0.000000,-0.151299,-0.374250,0.323770,0.058649,0.000000,0.000000,0.000000,0.000000
27.4667,-0.212142,-0.064435,-0.742453,0.583223,0.000000,0.000000,0.000000,-0.116867,-0.395815,0.309431,0.090248,0.000000,0.000000,0.000000,0.000000
27.4833,-0.215534,-0.071156,-0.744456,0.617531,0.000000,0.000000,0.000000,-0.081582,-0.415774,0.293079,0.121635,0.000000,0.000000,0.000000,0.000000
27.5000,-0.219745,-0.077120,-0.747521,0.649145,0.000000,0.000000,0.000000,-0.046430,-0.433716,0.275682,0.152292,0.000000,0.000000,0.000000,0.000000
27.5167,-0.224661,-0.082294,-0.751582,0.678019,0.000000,0.000000,0.000000,-0.012319,-0.449355,0.258173,0.181774,0.000000,0.000000,0.000000,0.000000
27.5333,-0.230134,-0.086640,-0.756581,0.704138,0.000000,0.000000,0.000000,0.019959,-0.462531,0.241384,0.209737,0.000000,0.000000,0.000000,0.000000
27.5500,-0.235977,-0.090119,-0.762458,0.727534,0.000000,0.000000,0.000000,0.049743,-0.473206,0.226006,0.235953,0.000000,0.000000,0.000000,0.000000
27.5667,-0.241967,-0.092717,-0.769142,0.748308,0.000000,0.000000,0.000000,0.076517,-0.481442,0.212560,0.260315,0.000000,0.000000,0.000000,0.000000
27.5833,-0.247841,-0.094442,-0.776549,0.766635,0.000000,0.000000,0.000000,0.099920,-0.487391,0.201386,0.282819,0.000000,0.000000,0.000000,0.000000
27.6000,-0.253305,-0.095321,-0.784579,0.782761,0.000000,0.000000,0.000000,0.119762,-0.491272,0.192641,0.303531,0.000000,0.000000,0.000000,0.000000
27.6167,-0.258029,-0.095386,-0.793126,0.796981,0.000000,0.000000,0.000000,0.136032,-0.493358,0.186305,0.322548,0.000000,0.000000,0.000000,0.000000
27.6333,-0.261662,-0.094661,-0.802072,0.809624,0.000000,0.000000,0.000000,0.148900,-0.493955,0.182200,0.339971,0.000000,0.000000,0.000000,0.000000
27.6500,-0.263841,-0.093160,-0.811285,0.821041,0.000000,0.000000,0.000000,0.158696,-0.493389,0.180021,0.355873,0.000000,0.000000,0.000000,0.000000
27.6667,-0.264206,-0.090894,-0.820610,0.831617,0.000000,0.000000,0.000000,0.165883,-0.491989,0.179371,0.370290,0.000000,0.000000,0.000000,0.000000
27.6833,-0.262417,-0.087878,-0.829859,0.841774,0.000000,0.000000,0.000000,0.171001,-0.490072,0.179820,0.383223,0.000000,0.000000,0.000000,0.000000
27.7000,-0.258176,-0.084142,-0.838802,0.851980,0.000000,0.000000,0.000000,0.174618,-0.487924,0.180939,0.394647,0.000000,0.000000,0.000000,0.000000
27.7167,-0.251229,-0.079742,-0.847144,0.862743,0.000000,0.000000,0.000000,0.177288,-0.485795,0.182336,0.404528,0.000000,0.000000,0.000000,0.000000
27.7333,-0.241386,-0.074761,-0.854514,0.874600,0.000000,0.000000,0.000000,0.179509,-0.483884,0.183678,0.412835,0.000000,0.000000,0.000000,0.000000
27.7500,-0.228528,-0.069317,-0.860470,0.888115,0.000000,0.000000,0.000000,0.181703,-0.482343,0.184694,0.419552,0.000000,0.000000,0.000000,0.000000
27.7667,-0.212622,-0.063564,-0.864517,0.903853,0.000000,0.000000,0.000000,0.184191,-0.481266,0.185172,0.424689,0.000000,0.000000,0.000000,0.000000
27.7833,-0.193735,-0.057677,-0.866148,0.922336,0.000000,0.000000,0.000000,0.187188,-0.480699,0.184955,0.428294,0.000000,0.000000,0.000000,0.000000
27.8000,-0.172050,-0.051825,-0.864869,0.943964,0.000000,0.000000,0.000000,0.190803,-0.480645,0.183930,0.430460,0.000000,0.000000,0.000000,0.000000
27.8167,-0.147868,-0.046131,-0.860229,0.968936,0.000000,0.000000,0.000000,0.195050,-0.481079,0.182017,0.431322,0.000000,0.000000,0.000000,0.000000
27.8333,-0.121621,-0.040646,-0.851845,0.997194,0.000000,0.000000,0.000000,0.199864,-0.481966,0.179160,0.431057,0.000000,0.000000,0.000000,0.000000
27.8500,-0.093857,-0.035343,-0.839451,1.028379,0.000000,0.000000,0.000000,0.205124,-0.483271,0.175323,0.429866,0.000000,0.000000,0.000000,0.000000
27.8667,-0.065213,-0.030116,-0.822969,1.061840,0.000000,0.000000,0.000000,0.210676,-0.484973,0.170475,0.427974,0.000000,0.000000,0.000000,0.000000
27.8833,-0.036360,-0.024793,-0.802583,1.096669,0.000000,0.000000,0.000000,0.216347,-0.487069,0.164587,0.425611,0.000000,0.000000,0.000000,0.000000
27.9000,-0.007949,-0.019145,-0.778794,1.131774,0.000000,0.000000,0.000000,0.221962,-0.489580,0.157621,0.423012,0.000000,0.000000,0.000000,0.000000
27.9167,0.019451,-0.012902,-0.752422,1.165951,0.000000,0.000000,0.000000,0.227345,-0.492542,0.149525,0.420405,0.000000,0.000000,0.000000,0.000000
27.9333,0.045391,-0.005783,-0.724581,1.197943,0.000000,0.000000,0.000000,0.232330,-0.496011,0.140235,0.418013,0.000000,0.000000,0.000000,0.000000
27.9500,0.069565,0.002458,-0.696620,1.226490,0.000000,0.000000,0.000000,0.236759,-0.500054,0.129670,0.416051,0.000000,0.000000,0.000000,0.000000
27.9667,0.091785,0.011999,-0.669991,1.250450,0.000000,0.000000,0.000000,0.240487,-0.504744,0.117735,0.414725,0.000000,0.000000,0.000000,0.000000
27.9833,0.111938,0.022907,-0.646089,1.268944,0.000000,0.000000,0.000000,0.243374,-0.510151,0.104324,0.414236,0.000000,0.000000,0.000000,0.000000
28.0000,0.129938,0.035132,-0.626183,1.281463,0.000000,0.000000,0.000000,0.245289,-0.516336,0.089315,0.414783,0.000000,0.000000,0.000000,0.000000
28.0167,0.145706,0.048511,-0.611408,1.287883,0.000000,0.000000,0.000000,0.246112,-0.523333,0.072561,0.416577,0.000000,0.000000,0.000000,0.000000
28.0333,0.159159,0.062786,-0.602709,1.288438,0.000000,0.000000,0.000000,0.245736,-0.531146,0.053863,0.419849,0.000000,0.000000,0.000000,0.000000
28.0500,0.170216,0.077613,-0.600693,1.283678,0.000000,0.000000,0.000000,0.244071,-0.539727,0.032953,0.424860,0.000000,0.000000,0.000000,0.000000
28.0667,0.178809,0.092590,-0.605494,1.274409,0.000000,0.000000,0.000000,0.241055,-0.548963,0.009481,0.431906,0.000000,0.000000,0.000000,0.000000
28.0833,0.184887,0.107270,-0.616752,1.261613,0.000000,0.000000,0.000000,0.236647,-0.558653,-0.016985,0.441319,0.000000,0.000000,0.000000,0.000000
28.1000,0.188436,0.121203,-0.633716,1.246345,0.000000,0.000000,0.000000,0.230829,-0.568498,-0.046932,0.453462,0.000000,0.000000,0.000000,0.000000
28.1167,0.189491,0.133962,-0.655404,1.229619,0.000000,0.000000,0.000000,0.223587,-0.578086,-0.080871,0.468707,0.000000,0.000000,0.000000,0.000000
28.1333,0.188143,0.145184,-0.680759,1.212312,0.000000,0.000000,0.000000,0.214904,-0.586897,-0.119301,0.487404,0.000000,0.000000,0.000000,0.000000
28.1500,0.184540,0.154589,-0.708754,1.195096,0.000000,0.000000,0.000000,0.204742,-0.594324,-0.162671,0.509827,0.000000,0.000000,0.000000,0.000000
28.1667,0.178878,0.161987,-0.738442,1.178411,0.000000,0.000000,0.000000,0.193053,-0.599709,-0.211367,0.536121,0.000000,0.000000,0.000000,0.000000
28.1833,0.171388,0.167270,-0.768972,1.162474,0.000000,0.000000,0.000000,0.179802,-0.602385,-0.265723,0.566238,0.000000,0.000000,0.000000,0.000000
28.2000,0.162316,0.170396,-0.799588,1.147312,0.000000,0.000000,0.000000,0.164991,-0.601729,-0.326032,0.599901,0.000000,0.000000,0.000000,0.000000
28.2167,0.151917,0.171374,-0.829609,1.132807,0.000000,0.000000,0.000000,0.148678,-0.597212,-0.392529,0.636586,0.000000,0.000000,0.000000,0.000000
28.2333,0.140437,0.170253,-0.858411,1.118749,0.000000,0.000000,0.000000,0.130969,-0.588442,-0.465334,0.675516,0.000000,0.000000,0.000000,0.000000
28.2500,0.128111,0.167107,-0.885402,1.104892,0.000000,0.000000,0.000000,0.112011,-0.575202,-0.544346,0.715665,0.000000,0.000000,0.000000,0.000000
28.2667,0.115158,0.162026,-0.909987,1.091007,0.000000,0.000000,0.000000,0.091984,-0.557472,-0.629108,0.755753,0.000000,0.000000,0.000000,0.000000
28.3000,0.101777,0.155112,-0.931554,1.076936,0.000000,0.000000,0.000000,0.071109,-0.535433,-0.718661,0.794258,0.000000,0.000000,0.000000,0.000000
28.3167,0.088147,0.146480,-0.949466,1.062626,0.000000,0.000000,0.000000,0.049652,-0.509455,-0.811452,0.829506,0.000000,0.000000,0.000000,0.000000
28.3500,0.074434,0.136261,-0.963080,1.048138,0.000000,0.000000,0.000000,0.027936,-0.480069,-0.905341,0.859842,0.000000,0.000000,0.000000,0.000000
28.3833,0.060790,0.124613,-0.971782,1.033646,0.000000,0.000000,0.000000,0.006341,-0.447956,-0.997741,0.883880,0.000000,0.000000,0.000000,0.000000
28.4000,0.047349,0.111704,-0.975039,1.019436,0.000000,0.000000,0.000000,-0.014653,-0.413977,-1.085790,0.900761,0.000000,0.000000,0.000000,0.000000
28.4167,0.034221,0.097702,-0.972468,1.005889,0.000000,0.000000,0.000000,-0.034409,-0.379257,-1.166420,0.910399,0.000000,0.000000,0.000000,0.000000
28.4333,0.021481,0.082771,-0.963905,0.993447,0.000000,0.000000,0.000000,-0.052060,-0.345297,-1.236275,0.913636,0.000000,0.000000,0.000000,0.000000
28.6667,0.009168,0.067094,-0.949472,0.982531,0.000000,0.000000,0.000000,-0.066502,-0.313985,-1.291705,0.912215,0.000000,0.000000,0.000000,0.000000
28.7000,-0.002725,0.050875,-0.929624,0.973477,0.000000,0.000000,0.000000,-0.076530,-0.287332,-1.329175,0.908330,0.000000,0.000000,0.000000,0.000000
28.7167,-0.014247,0.034344,-0.905159,0.966492,0.000000,0.000000,0.000000,-0.081130,-0.267000,-1.346024,0.903907,0.000000,0.000000,0.000000,0.000000
28.7333,-0.025486,0.017741,-0.877183,0.961659,0.000000,0.000000,0.000000,-0.079739,-0.253981,-1.340996,0.900116,0.000000,0.000000,0.000000,0.000000
28.7833,-0.036561,0.001299,-0.847046,0.958962,0.000000,0.000000,0.000000,-0.072353,-0.248518,-1.314339,0.897259,0.000000,0.000000,0.000000,0.000000
28.8333,-0.047613,-0.014758,-0.816248,0.958322,0.000000,0.000000,0.000000,-0.059510,-0.250152,-1.267640,0.894881,0.000000,0.000000,0.000000,0.000000
28.8500,-0.058796,-0.030234,-0.786313,0.959619,0.000000,0.000000,0.000000,-0.042120,-0.257865,-1.203520,0.892009,0.000000,0.000000,0.000000,0.000000
28.8667,-0.070262,-0.044976,-0.758641,0.962715,0.000000,0.000000,0.000000,-0.021262,-0.270318,-1.125286,0.887495,0.000000,0.000000,0.000000,0.000000
28.8833,-0.082143,-0.058888,-0.734362,0.967466,0.000000,0.000000,0.000000,0.001971,-0.286084,-1.036630,0.880305,0.000000,0.000000,0.000000,0.000000
28.9000,-0.094537,-0.071938,-0.714223,0.973726,0.000000,0.000000,0.000000,0.026552,-0.303805,-0.941363,0.869702,0.000000,0.000000,0.000000,0.000000
28.9167,-0.107492,-0.084153,-0.698550,0.981336,0.000000,0.000000,0.000000,0.051566,-0.322282,-0.843151,0.855314,0.000000,0.000000,0.000000,0.000000
28.9333,-0.121002,-0.095603,-0.687272,0.990113,0.000000,0.000000,0.000000,0.076234,-0.340513,-0.745280,0.837098,0.000000,0.000000,0.000000,0.000000
28.9500,-0.135000,-0.106377,-0.680007,0.999837,0.000000,0.000000,0.000000,0.099920,-0.357704,-0.650529,0.815260,0.000000,0.000000,0.000000,0.000000
28.9667,-0.149358,-0.116556,-0.676161,1.010242,0.000000,0.000000,0.000000,0.122129,-0.373265,-0.561140,0.790173,0.000000,0.000000,0.000000,0.000000
28.9833,-0.163894,-0.126197,-0.675046,1.021011,0.000000,0.000000,0.000000,0.142489,-0.386787,-0.478834,0.762304,0.000000,0.000000,0.000000,0.000000
29.0000,-0.178376,-0.135316,-0.675962,1.031781,0.000000,0.000000,0.000000,0.160737,-0.398023,-0.404847,0.732153,0.000000,0.000000,0.000000,0.000000
29.0167,-0.192539,-0.143879,-0.678270,1.042135,0.000000,0.000000,0.000000,0.176700,-0.406853,-0.339965,0.700193,0.000000,0.000000,0.000000,0.000000
29.0333,-0.206096,-0.151813,-0.681431,1.051607,0.000000,0.000000,0.000000,0.190273,-0.413255,-0.284542,0.666818,0.000000,0.000000,0.000000,0.000000
29.0500,-0.218762,-0.159011,-0.685019,1.059693,0.000000,0.000000,0.000000,0.201392,-0.417281,-0.238525,0.632313,0.000000,0.000000,0.000000,0.000000
29.0667,-0.230262,-0.165352,-0.688724,1.065862,0.000000,0.000000,0.000000,0.210001,-0.419020,-0.201490,0.596831,0.000000,0.000000,0.000000,0.000000
29.0833,-0.240353,-0.170711,-0.692351,1.069570,0.000000,0.000000,0.000000,0.216025,-0.418578,-0.172687,0.560397,0.000000,0.000000,0.000000,0.000000
29.1000,-0.248827,-0.174968,-0.695805,1.070273,0.000000,0.000000,0.000000,0.219369,-0.416050,-0.151114,0.522919,0.000000,0.000000,0.000000,0.000000
29.1167,-0.255528,-0.178019,-0.699075,1.067452,0.000000,0.000000,0.000000,0.219911,-0.411499,-0.135584,0.484221,0.000000,0.000000,0.000000,0.000000
29.1333,-0.260356,-0.179786,-0.702194,1.060635,0.000000,0.000000,0.000000,0.217515,-0.404955,-0.124776,0.444075,0.000000,0.000000,0.000000,0.000000
29.1500,-0.263276,-0.180227,-0.705206,1.049433,0.000000,0.000000,0.000000,0.212039,-0.396404,-0.117297,0.402252,0.000000,0.000000,0.000000,0.000000
29.1667,-0.264321,-0.179350,-0.708144,1.033563,0.000000,0.000000,0.000000,0.203361,-0.385791,-0.111754,0.358568,0.000000,0.000000,0.000000,0.000000
29.1833,-0.263600,-0.177209,-0.711016,1.012865,0.000000,0.000000,0.000000,0.191393,-0.373021,-0.106839,0.312941,0.000000,0.000000,0.000000,0.000000
29.2000,-0.261291,-0.173890,-0.713822,0.987295,0.000000,0.000000,0.000000,0.176095,-0.357978,-0.101392,0.265435,0.000000,0.000000,0.000000,0.000000
29.2167,-0.257632,-0.169486,-0.716583,0.956886,0.000000,0.000000,0.000000,0.157482,-0.340560,-0.094426,0.216289,0.000000,0.000000,0.000000,0.000000
29.2333,-0.252905,-0.164067,-0.719392,0.921725,0.000000,0.000000,0.000000,0.135622,-0.320733,-0.085136,0.165934,0.000000,0.000000,0.000000,0.000000
29.2500,-0.247419,-0.157667,-0.722441,0.881923,0.000000,0.000000,0.000000,0.110667,-0.298591,-0.072902,0.114995,0.000000,0.000000,0.000000,0.000000
29.2667,-0.241493,-0.150280,-0.726029,0.837615,0.000000,0.000000,0.000000,0.082909,-0.274422,-0.057342,0.064281,0.000000,0.000000,0.000000,0.000000
29.2833,-0.235449,-0.141865,-0.730532,0.788966,0.000000,0.000000,0.000000,0.052900,-0.248759,-0.038431,0.014771,0.000000,0.000000,0.000000,0.000000
29.3833,-0.229603,-0.132360,-0.736351,0.736200,0.000000,0.000000,0.000000,0.021546,-0.222398,-0.016622,-0.032450,0.000000,0.000000,0.000000,0.000000
29.4000,-0.224260,-0.121703,-0.743846,0.679632,0.000000,0.000000,0.000000,-0.009986,-0.196301,0.007212,-0.076341,0.000000,0.000000,0.000000,0.000000
29.4167,-0.219708,-0.109861,-0.753283,0.619694,0.000000,0.000000,0.000000,-0.040550,-0.171440,0.032038,-0.116121,0.000000,0.000000,0.000000,0.000000
29.4333,-0.216213,-0.096854,-0.764792,0.556952,0.000000,0.000000,0.000000,-0.069242,-0.148684,0.056912,-0.151346,0.000000,0.000000,0.000000,0.000000
29.4500,-0.214007,-0.082763,-0.778361,0.492107,0.000000,0.000000,0.000000,-0.095433,-0.128768,0.081086,-0.181871,0.000000,0.000000,0.000000,0.000000
29.4667,-0.213272,-0.067725,-0.793849,0.425970,0.000000,0.000000,0.000000,-0.118736,-0.112287,0.104017,-0.207757,0.000000,0.000000,0.000000,0.000000
29.4833,-0.214121,-0.051929,-0.811003,0.359428,0.000000,0.000000,0.000000,-0.138928,-0.099680,0.125345,-0.229182,0.000000,0.000000,0.000000,0.000000
29.5000,-0.216575,-0.035603,-0.829457,0.293404,0.000000,0.000000,0.000000,-0.155898,-0.091216,0.144856,-0.246366,0.000000,0.000000,0.000000,0.000000
29.5333,-0.220554,-0.019020,-0.848714,0.228837,0.000000,0.000000,0.000000,-0.169603,-0.087003,0.162448,-0.259504,0.000000,0.000000,0.000000,0.000000
29.5833,-0.225862,-0.002500,-0.868132,0.166656,0.000000,0.000000,0.000000,-0.180049,-0.087019,0.178098,-0.268728,0.000000,0.000000,0.000000,0.000000
29.6000,-0.232197,0.013608,-0.886933,0.107756,0.000000,0.000000,0.000000,-0.187282,-0.091151,0.191815,-0.274094,0.000000,0.000000,0.000000,0.000000
29.6167,-0.239174,0.028967,-0.904267,0.052927,0.000000,0.000000,0.000000,-0.191375,-0.099231,0.203604,-0.275602,0.000000,0.000000,0.000000,0.000000
29.6333,-0.246372,0.043310,-0.919331,0.002777,0.000000,0.000000,0.000000,-0.192411,-0.111053,0.213443,-0.273221,0.000000,0.000000,0.000000,0.000000
29.6500,-0.253382,0.056463,-0.931465,-0.042301,0.000000,0.000000,0.000000,-0.190477,-0.126369,0.221266,-0.266902,0.000000,0.000000,0.000000,0.000000
29.6667,-0.259843,0.068345,-0.940210,-0.082127,0.000000,0.000000,0.000000,-0.185655,-0.144885,0.226973,-0.256598,0.000000,0.000000,0.000000,0.000000
29.6833,-0.265468,0.078946,-0.945326,-0.116704,0.000000,0.000000,0.000000,-0.178024,-0.166261,0.230441,-0.242276,0.000000,0.000000,0.000000,0.000000
29.7000,-0.270058,0.088312,-0.946789,-0.146178,0.000000,0.000000,0.000000,-0.167656,-0.190099,0.231555,-0.223947,0.000000,0.000000,0.000000,0.000000
29.7167,-0.273507,0.096522,-0.944786,-0.170810,0.000000,0.000000,0.000000,-0.154636,-0.215941,0.230225,-0.201686,0.000000,0.000000,0.000000,0.000000
29.7333,-0.275807,0.103680,-0.939701,-0.190940,0.000000,0.000000,0.000000,-0.139075,-0.243265,0.226415,-0.175658,0.000000,0.000000,0.000000,0.000000
29.7500,-0.277036,0.109899,-0.932086,-0.206958,0.000000,0.000000,0.000000,-0.121149,-0.271484,0.220169,-0.146125,0.000000,0.000000,0.000000,0.000000
29.7667,-0.277336,0.115293,-0.922605,-0.219277,0.000000,0.000000,0.000000,-0.101148,-0.299957,0.211639,-0.113441,0.000000,0.000000,0.000000,0.000000
29.8000,-0.276892,0.119966,-0.911957,-0.228305,0.000000,0.000000,0.000000,-0.079507,-0.327994,0.201099,-0.078036,0.000000,0.000000,0.000000,0.000000
29.8167,-0.275896,0.124004,-0.900805,-0.234417,0.000000,0.000000,0.000000,-0.056803,-0.354903,0.188944,-0.040426,0.000000,0.000000,0.000000,0.000000
29.8333,-0.274530,0.127471,-0.889715,-0.237936,0.000000,0.000000,0.000000,-0.033680,-0.380052,0.175659,-0.001227,0.000000,0.000000,0.000000,0.000000
29.8833,-0.272952,0.130416,-0.879139,-0.239129,0.000000,0.000000,0.000000,-0.010749,-0.402933,0.161748,0.038825,0.000000,0.000000,0.000000,0.000000
29.9000,-0.271294,0.132874,-0.869414,-0.238209,0.000000,0.000000,0.000000,0.011521,-0.423204,0.147647,0.078924,0.000000,0.000000,0.000000,0.000000
29.9167,-0.269655,0.134872,-0.860766,-0.235342,0.000000,0.000000,0.000000,0.032862,-0.440706,0.133650,0.118302,0.000000,0.000000,0.000000,0.000000
29.9333,-0.268098,0.136431,-0.853316,-0.230642,0.000000,0.000000,0.000000,0.053191,-0.455456,0.119906,0.156304,0.000000,0.000000,0.000000,0.000000
29.9500,-0.266645,0.137563,-0.847082,-0.224170,0.000000,0.000000,0.000000,0.072525,-0.467607,0.106481,0.192420,0.000000,0.000000,0.000000,0.000000
29.9667,-0.265284,0.138269,-0.841989,-0.215927,0.000000,0.000000,0.000000,0.090879,-0.477402,0.093444,0.226287,0.000000,0.000000,0.000000,0.000000
29.9833,-0.263969,0.138534,-0.837880,-0.205854,0.000000,0.000000,0.000000,0.108204,-0.485133,0.080913,0.257676,0.000000,0.000000,0.000000,0.000000
30.0000,-0.262629,0.138326,-0.834530,-0.193824,0.000000,0.000000,0.000000,0.124377,-0.491105,0.069075,0.286467,0.000000,0.000000,0.000000,0.000000
30.0167,-0.261179,0.137587,-0.831667,-0.179656,0.000000,0.000000,0.000000,0.139220,-0.495612,0.058161,0.312607,0.000000,0.000000,0.000000,0.000000
30.0333,-0.259532,0.136234,-0.828990,-0.163114,0.000000,0.000000,0.000000,0.152550,-0.498924,0.048410,0.336085,0.000000,0.000000,0.000000,0.000000
30.0500,-0.257604,0.134157,-0.826191,-0.143931,0.000000,0.000000,0.000000,0.164219,-0.501279,0.040033,0.356901,0.000000,0.000000,0.000000,0.000000
30.0667,-0.255324,0.131228,-0.822984,-0.121820,0.000000,0.000000,0.000000,0.174153,-0.502893,0.033193,0.375057,0.000000,0.000000,0.000000,0.000000
30.0833,-0.252640,0.127305,-0.819126,-0.096512,0.000000,0.000000,0.000000,0.182364,-0.503955,0.027981,0.390556,0.000000,0.000000,0.000000,0.000000
30.1000,-0.249527,0.122258,-0.814459,-0.067783,0.000000,0.000000,0.000000,0.188941,-0.504631,0.024409,0.403415,0.000000,0.000000,0.000000,0.000000
30.1167,-0.245990,0.115982,-0.808947,-0.035497,0.000000,0.000000,0.000000,0.194031,-0.505054,0.022400,0.413671,0.000000,0.000000,0.000000,0.000000
30.1333,-0.242069,0.108424,-0.802696,0.000364,0.000000,0.000000,0.000000,0.197813,-0.505325,0.021785,0.421400,0.000000,0.000000,0.000000,0.000000
30.1500,-0.237831,0.099592,-0.795961,0.039672,0.000000,0.000000,0.000000,0.200476,-0.505507,0.022320,0.426726,0.000000,0.000000,0.000000,0.000000
30.1667,-0.233372,0.089559,-0.789110,0.082152,0.000000,0.000000,0.000000,0.202205,-0.505629,0.023700,0.429826,0.000000,0.000000,0.000000,0.000000
30.1833,-0.228803,0.078452,-0.782565,0.127393,0.000000,0.000000,0.000000,0.203173,-0.505693,0.025571,0.430941,0.000000,0.000000,0.000000,0.000000
30.2000,-0.224255,0.066438,-0.776732,0.174880,0.000000,0.000000,0.000000,0.203551,-0.505688,0.027560,0.430380,0.000000,0.000000,0.000000,0.000000
30.2167,-0.219873,0.053702,-0.771923,0.224035,0.000000,0.000000,0.000000,0.203508,-0.505597,0.029298,0.428521,0.000000,0.000000,0.000000,0.000000
30.2333,-0.215825,0.040437,-0.768301,0.274262,0.000000,0.000000,0.000000,0.203196,-0.505397,0.030461,0.425803,0.000000,0.000000,0.000000,0.000000
30.2500,-0.212293,0.026846,-0.765871,0.324974,0.000000,0.000000,0.000000,0.202741,-0.505057,0.030803,0.422726,0.000000,0.000000,0.000000,0.000000
30.2667,-0.209461,0.013141,-0.764502,0.375609,0.000000,0.000000,0.000000,0.202228,-0.504532,0.030177,0.419850,0.000000,0.000000,0.000000,0.000000
30.2833,-0.207492,-0.000449,-0.763977,0.425622,0.000000,0.000000,0.000000,0.201699,-0.503763,0.028542,0.417802,0.000000,0.000000,0.000000,0.000000
30.3000,-0.206505,-0.013683,-0.764026,0.474471,0.000000,0.000000,0.000000,0.201157,-0.502670,0.025959,0.417285,0.000000,0.000000,0.000000,0.000000
30.3167,-0.206567,-0.026317,-0.764379,0.521618,0.000000,0.000000,0.000000,0.200566,-0.501149,0.022592,0.419077,0.000000,0.000000,0.000000,0.000000
30.3333,-0.207680,-0.038118,-0.764805,0.566545,0.000000,0.000000,0.000000,0.199860,-0.499071,0.018706,0.424037,0.000000,0.000000,0.000000,0.000000
30.3500,-0.209786,-0.048885,-0.765143,0.608771,0.000000,0.000000,0.000000,0.198940,-0.496283,0.014668,0.433097,0.000000,0.000000,0.000000,0.000000
30.3667,-0.212780,-0.058462,-0.765310,0.647891,0.000000,0.000000,0.000000,0.197682,-0.492604,0.010945,0.447249,0.000000,0.000000,0.000000,0.000000
30.3833,-0.216520,-0.066749,-0.765301,0.683602,0.000000,0.000000,0.000000,0.195935,-0.487826,0.008101,0.467527,0.000000,0.000000,0.000000,0.000000
30.4000,-0.220848,-0.073706,-0.765173,0.715707,0.000000,0.000000,0.000000,0.193526,-0.481718,0.006793,0.494979,0.000000,0.000000,0.000000,0.000000
30.4167,-0.225593,-0.079347,-0.765025,0.744117,0.000000,0.000000,0.000000,0.190260,-0.474030,0.007767,0.530629,0.000000,0.000000,0.000000,0.000000
30.4333,-0.230586,-0.083742,-0.764979,0.768848,0.000000,0.000000,0.000000,0.185922,-0.464499,0.011849,0.575429,0.000000,0.000000,0.000000,0.000000
30.4500,-0.235664,-0.087003,-0.765159,0.790011,0.000000,0.000000,0.000000,0.180280,-0.452859,0.019938,0.630204,0.000000,0.000000,0.000000,0.000000
30.4667,-0.240673,-0.089280,-0.765665,0.807808,0.000000,0.000000,0.000000,0.173093,-0.438846,0.032982,0.695582,0.000000,0.000000,0.000000,0.000000
30.4833,-0.245477,-0.090740,-0.766565,0.822516,0.000000,0.000000,0.000000,0.164109,-0.422221,0.051945,0.771927,0.000000,0.000000,0.000000,0.000000
30.5000,-0.249950,-0.091554,-0.767892,0.834466,0.000000,0.000000,0.000000,0.153086,-0.402788,0.077762,0.859251,0.000000,0.000000,0.000000,0.000000
30.5167,-0.253975,-0.091880,-0.769659,0.844018,0.000000,0.000000,0.000000,0.139815,-0.380427,0.111268,0.957118,0.000000,0.000000,0.000000,0.000000
30.5333,-0.257435,-0.091850,-0.771868,0.851527,0.000000,0.000000,0.000000,0.124166,-0.355119,0.153113,1.064525,0.000000,0.000000,0.000000,0.000000
30.5500,-0.260207,-0.091559,-0.774529,0.857327,0.000000,0.000000,0.000000,0.106132,-0.326997,0.203650,1.179786,0.000000,0.000000,0.000000,0.000000
30.5667,-0.262161,-0.091056,-0.777657,0.861714,0.000000,0.000000,0.000000,0.085903,-0.296380,0.262796,1.300401,0.000000,0.000000,0.000000,0.000000
30.6333,-0.263157,-0.090354,-0.781269,0.864949,0.000000,0.000000,0.000000,0.063915,-0.263836,0.329840,1.423008,0.000000,0.000000,0.000000,0.000000
30.6500,-0.263041,-0.089430,-0.785374,0.867276,0.000000,0.000000,0.000000,0.040885,-0.230266,0.403190,1.543540,0.000000,0.000000,0.000000,0.000000
30.6667,-0.261650,-0.088247,-0.789958,0.868932,0.000000,0.000000,0.000000,0.017827,-0.197034,0.480084,1.657520,0.000000,0.000000,0.000000,0.000000
30.7667,-0.258812,-0.086760,-0.794974,0.870168,0.000000,0.000000,0.000000,-0.003972,-0.166020,0.556529,1.760340,0.000000,0.000000,0.000000,0.000000
30.7833,-0.254350,-0.084924,-0.800336,0.871258,0.000000,0.000000,0.000000,-0.023105,-0.139391,0.627803,1.847629,0.000000,0.000000,0.000000,0.000000
30.8000,-0.248091,-0.082703,-0.805921,0.872507,0.000000,0.000000,0.000000,-0.038313,-0.119140,0.689365,1.915759,0.000000,0.000000,0.000000,0.000000
30.8167,-0.239877,-0.080064,-0.811569,0.874249,0.000000,0.000000,0.000000,-0.048660,-0.106741,0.737478,1.962201,0.000000,0.000000,0.000000,0.000000
30.8333,-0.229568,-0.076980,-0.817098,0.876841,0.000000,0.000000,0.000000,-0.053579,-0.103053,0.769307,1.985601,0.000000,0.000000,0.000000,0.000000
30.8833,-0.217062,-0.073424,-0.822306,0.880652,0.000000,0.000000,0.000000,-0.052867,-0.108331,0.782833,1.985722,0.000000,0.000000,0.000000,0.000000
30.9000,-0.202295,-0.069369,-0.826971,0.886038,0.000000,0.000000,0.000000,-0.046673,-0.122239,0.776843,1.963359,0.000000,0.000000,0.000000,0.000000
30.9167,-0.185252,-0.064795,-0.830863,0.893319,0.000000,0.000000,0.000000,-0.035498,-0.143853,0.751034,1.920281,0.000000,0.000000,0.000000,0.000000
31.0000,-0.165972,-0.059682,-0.833735,0.902749,0.000000,0.000000,0.000000,-0.020157,-0.171695,0.706157,1.859156,0.000000,0.000000,0.000000,0.000000
31.0333,-0.144556,-0.054018,-0.835331,0.914474,0.000000,0.000000,0.000000,-0.001665,-0.203916,0.644133,1.783367,0.000000,0.000000,0.000000,0.000000
31.0500,-0.121174,-0.047789,-0.835382,0.928503,0.000000,0.000000,0.000000,0.018923,-0.238590,0.568133,1.696721,0.000000,0.000000,0.000000,0.000000
31.1167,-0.096081,-0.040972,-0.833640,0.944682,0.000000,0.000000,0.000000,0.040605,-0.273953,0.482510,1.603185,0.000000,0.000000,0.000000,0.000000
31.1333,-0.069623,-0.033534,-0.829908,0.962690,0.000000,0.000000,0.000000,0.062451,-0.308531,0.392291,1.506623,0.000000,0.000000,0.000000,0.000000
31.1500,-0.042239,-0.025429,-0.824095,0.982066,0.000000,0.000000,0.000000,0.083637,-0.341184,0.302280,1.410450,0.000000,0.000000,0.000000,0.000000
31.1667,-0.014442,-0.016593,-0.816261,1.002245,0.000000,0.000000,0.000000,0.103487,-0.371095,0.216373,1.317362,0.000000,0.000000,0.000000,0.000000
31.1833,0.013221,-0.006939,-0.806672,1.022612,0.000000,0.000000,0.000000,0.121487,-0.397714,0.137372,1.229294,0.000000,0.000000,0.000000,0.000000
31.2000,0.040205,0.003649,-0.795835,1.042544,0.000000,0.000000,0.000000,0.137285,-0.420723,0.067088,1.147499,0.000000,0.000000,0.000000,0.000000
31.2167,0.066009,0.015300,-0.784497,1.061432,0.000000,0.000000,0.000000,0.150674,-0.439996,0.006507,1.072664,0.000000,0.000000,0.000000,0.000000
31.2333,0.090199,0.028131,-0.773591,1.078704,0.000000,0.000000,0.000000,0.161577,-0.455571,-0.044042,1.005021,0.000000,0.000000,0.000000,0.000000
31.2500,0.112423,0.042214,-0.764140,1.093837,0.000000,0.000000,0.000000,0.170033,-0.467608,-0.084760,0.944446,0.000000,0.000000,0.000000,0.000000
31.2667,0.132409,0.057556,-0.757155,1.106380,0.000000,0.000000,0.000000,0.176177,-0.476359,-0.116249,0.890560,0.000000,0.000000,0.000000,0.000000
31.2833,0.149963,0.074092,-0.753530,1.115973,0.000000,0.000000,0.000000,0.180234,-0.482141,-0.139423,0.842800,0.000000,0.000000,0.000000,0.000000
31.3000,0.164955,0.091661,-0.753948,1.122362,0.000000,0.000000,0.000000,0.182499,-0.485310,-0.155409,0.800477,0.000000,0.000000,0.000000,0.000000
31.3167,0.177312,0.110001,-0.758801,1.125427,0.000000,0.000000,0.000000,0.183327,-0.486247,-0.165463,0.762815,0.000000,0.000000,0.000000,0.000000
31.3333,0.187000,0.128728,-0.768092,1.125224,0.000000,0.000000,0.000000,0.183107,-0.485336,-0.170899,0.728992,0.000000,0.000000,0.000000,0.000000
31.3500,0.194018,0.147334,-0.781378,1.122013,0.000000,0.000000,0.000000,0.182228,-0.482953,-0.173017,0.698181,0.000000,0.000000,0.000000,0.000000
31.3667,0.198390,0.165195,-0.797771,1.116257,0.000000,0.000000,0.000000,0.181053,-0.479454,-0.173048,0.669593,0.000000,0.000000,0.000000,0.000000
31.3833,0.200165,0.181610,-0.816041,1.108570,0.000000,0.000000,0.000000,0.179890,-0.475168,-0.172107,0.642516,0.000000,0.000000,0.000000,0.000000
31.4000,0.199419,0.195855,-0.834802,1.099620,0.000000,0.000000,0.000000,0.178974,-0.470393,-0.171154,0.616341,0.000000,0.000000,0.000000,0.000000
31.4167,0.196251,0.207256,-0.852713,1.090024,0.000000,0.000000,0.000000,0.178457,-0.465393,-0.170974,0.590578,0.000000,0.000000,0.000000,0.000000
31.4333,0.190764,0.215243,-0.868622,1.080260,0.000000,0.000000,0.000000,0.178407,-0.460394,-0.172167,0.564877,0.000000,0.000000,0.000000,0.000000
31.4500,0.183064,0.219401,-0.881648,1.070610,0.000000,0.000000,0.000000,0.178813,-0.455587,-0.175147,0.539035,0.000000,0.000000,0.000000,0.000000
31.4667,0.173249,0.219481,-0.891183,1.061146,0.000000,0.000000,0.000000,0.179605,-0.451132,-0.180140,0.512996,0.000000,0.000000,0.000000,0.000000
31.4833,0.161413,0.215397,-0.896855,1.051764,0.000000,0.000000,0.000000,0.180679,-0.447155,-0.187190,0.486835,0.000000,0.000000,0.000000,0.000000
31.5000,0.147648,0.207199,-0.898457,1.042241,0.000000,0.000000,0.000000,0.181929,-0.443746,-0.196168,0.460733,0.000000,0.000000,0.000000,0.000000
31.5167,0.132052,0.195052,-0.895873,1.032293,0.000000,0.000000,0.000000,0.183274,-0.440954,-0.206792,0.434952,0.000000,0.000000,0.000000,0.000000
31.5333,0.114742,0.179217,-0.889028,1.021635,0.000000,0.000000,0.000000,0.184656,-0.438781,-0.218661,0.409820,0.000000,0.000000,0.000000,0.000000
31.5500,0.095874,0.160059,-0.877857,1.010016,0.000000,0.000000,0.000000,0.186034,-0.437179,-0.231285,0.385726,0.000000,0.000000,0.000000,0.000000
31.5667,0.075661,0.138067,-0.862314,0.997245,0.000000,0.000000,0.000000,0.187366,-0.436064,-0.244115,0.363108,0.000000,0.000000,0.000000,0.000000
