t_s,left_shoulder_pitch,left_shoulder_roll,left_shoulder_yaw,left_elbow,left_wrist_roll,left_wrist_pitch,left_wrist_yaw,right_shoulder_pitch,right_shoulder_roll,right_shoulder_yaw,right_elbow,right_wrist_roll,right_wrist_pitch,right_wrist_yaw,waist_yaw
7.6167,0.484522,-0.028310,-0.333347,0.575633,0.000000,0.000000,0.000000,0.457658,-0.520343,0.071234,0.592865,0.000000,0.000000,0.000000,0.000000
7.6333,0.481646,-0.004717,-0.362805,0.576113,0.000000,0.000000,0.000000,0.444075,-0.515963,0.123013,0.552140,0.000000,0.000000,0.000000,0.000000
7.7833,0.478530,0.019057,-0.392269,0.576203,0.000000,0.000000,0.000000,0.430243,-0.513671,0.173671,0.512601,0.000000,0.000000,0.000000,0.000000
7.8000,0.475099,0.042851,-0.421399,0.575744,0.000000,0.000000,0.000000,0.416107,-0.514572,0.222086,0.476185,0.000000,0.000000,0.000000,0.000000
7.8167,0.471238,0.066459,-0.449915,0.574630,0.000000,0.000000,0.000000,0.401645,-0.519461,0.267308,0.444395,0.000000,0.000000,0.000000,0.000000
7.8333,0.466807,0.089623,-0.477615,0.572809,0.000000,0.000000,0.000000,0.386883,-0.528711,0.308639,0.418059,0.000000,0.000000,0.000000,0.000000
7.8500,0.461646,0.112042,-0.504366,0.570273,0.000000,0.000000,0.000000,0.371921,-0.542275,0.345668,0.397249,0.000000,0.000000,0.000000,0.000000
7.9500,0.455581,0.133380,-0.530105,0.567053,0.000000,0.000000,0.000000,0.356937,-0.559716,0.378273,0.381321,0.000000,0.000000,0.000000,0.000000
7.9667,0.448433,0.153282,-0.554824,0.563222,0.000000,0.000000,0.000000,0.342154,-0.580289,0.406580,0.369133,0.000000,0.000000,0.000000,0.000000
7.9833,0.440020,0.171396,-0.578558,0.558880,0.000000,0.000000,0.000000,0.327777,-0.603066,0.430900,0.359406,0.000000,0.000000,0.000000,0.000000
8.0333,0.430155,0.187388,-0.601379,0.554150,0.000000,0.000000,0.000000,0.313954,-0.627059,0.451654,0.351029,0.000000,0.000000,0.000000,0.000000
8.0500,0.418652,0.200966,-0.623386,0.549167,0.000000,0.000000,0.000000,0.300769,-0.651322,0.469316,0.343188,0.000000,0.000000,0.000000,0.000000
8.0667,0.405322,0.211896,-0.644695,0.544070,0.000000,0.000000,0.000000,0.288252,-0.675049,0.484355,0.335377,0.000000,0.000000,0.000000,0.000000
8.0833,0.389981,0.220006,-0.665427,0.538992,0.000000,0.000000,0.000000,0.276384,-0.697617,0.497200,0.327331,0.000000,0.000000,0.000000,0.000000
8.1000,0.372454,0.225198,-0.685688,0.534060,0.000000,0.000000,0.000000,0.265121,-0.718599,0.508227,0.318947,0.000000,0.000000,0.000000,0.000000
8.1167,0.352581,0.227449,-0.705555,0.529385,0.000000,0.000000,0.000000,0.254407,-0.737742,0.517761,0.310205,0.000000,0.000000,0.000000,0.000000
8.1333,0.330239,0.226811,-0.725053,0.525067,0.000000,0.000000,0.000000,0.244193,-0.754946,0.526083,0.301112,0.000000,0.000000,0.000000,0.000000
8.1500,0.305345,0.223404,-0.744146,0.521182,0.000000,0.000000,0.000000,0.234437,-0.770229,0.533437,0.291657,0.000000,0.000000,0.000000,0.000000
8.1667,0.277883,0.217410,-0.762737,0.517759,0.000000,0.000000,0.000000,0.225108,-0.783699,0.540036,0.281787,0.000000,0.000000,0.000000,0.000000
8.1833,0.247918,0.209078,-0.780668,0.514767,0.000000,0.000000,0.000000,0.216174,-0.795525,0.546067,0.271388,0.000000,0.000000,0.000000,0.000000
8.2000,0.215616,0.198718,-0.797734,0.512096,0.000000,0.000000,0.000000,0.207593,-0.805905,0.551689,0.260275,0.000000,0.000000,0.000000,0.000000
8.2167,0.181247,0.186694,-0.813699,0.509575,0.000000,0.000000,0.000000,0.199289,-0.815034,0.557036,0.248196,0.000000,0.000000,0.000000,0.000000
8.2333,0.145189,0.173408,-0.828329,0.507000,0.000000,0.000000,0.000000,0.191131,-0.823075,0.562223,0.234840,0.000000,0.000000,0.000000,0.000000
8.2500,0.107915,0.159273,-0.841427,0.504173,0.000000,0.000000,0.000000,0.182911,-0.830135,0.567351,0.219856,0.000000,0.000000,0.000000,0.000000
8.2667,0.069993,0.144710,-0.852869,0.500940,0.000000,0.000000,0.000000,0.174345,-0.836245,0.572512,0.202877,0.000000,0.000000,0.000000,0.000000
8.2833,0.032064,0.130136,-0.862635,0.497231,0.000000,0.000000,0.000000,0.165071,-0.841352,0.577787,0.183546,0.000000,0.000000,0.000000,0.000000
8.3000,-0.005196,0.115964,-0.870811,0.493067,0.000000,0.000000,0.000000,0.154662,-0.845314,0.583254,0.161536,0.000000,0.000000,0.000000,0.000000
8.3167,-0.041143,0.102572,-0.877574,0.488530,0.000000,0.000000,0.000000,0.142646,-0.847907,0.588990,0.136578,0.000000,0.000000,0.000000,0.000000
8.3333,-0.075215,0.090283,-0.883152,0.483711,0.000000,0.000000,0.000000,0.128521,-0.848827,0.595076,0.108485,0.000000,0.000000,0.000000,0.000000
8.3500,-0.106959,0.079352,-0.887799,0.478675,0.000000,0.000000,0.000000,0.111780,-0.847695,0.601603,0.077171,0.000000,0.000000,0.000000,0.000000
8.3667,-0.136039,0.069963,-0.891775,0.473442,0.000000,0.000000,0.000000,0.091938,-0.844080,0.608674,0.042676,0.000000,0.000000,0.000000,0.000000
8.3833,-0.162232,0.062219,-0.895334,0.467982,0.000000,0.000000,0.000000,0.068577,-0.837535,0.616403,0.005185,0.000000,0.000000,0.000000,0.000000
8.4000,-0.185426,0.056133,-0.898716,0.462211,0.000000,0.000000,0.000000,0.041399,-0.827654,0.624906,-0.034953,0.000000,0.000000,0.000000,0.000000
8.4167,-0.205607,0.051638,-0.902140,0.455992,0.000000,0.000000,0.000000,0.010283,-0.814141,0.634297,-0.077202,0.000000,0.000000,0.000000,0.000000
8.4333,-0.222855,0.048601,-0.905796,0.449130,0.000000,0.000000,0.000000,-0.024665,-0.796881,0.644666,-0.120833,0.000000,0.000000,0.000000,0.000000
8.4500,-0.237332,0.046861,-0.909840,0.441368,0.000000,0.000000,0.000000,-0.063076,-0.775998,0.656063,-0.164924,0.000000,0.000000,0.000000,0.000000
8.4667,-0.249275,0.046248,-0.914396,0.432390,0.000000,0.000000,0.000000,-0.104280,-0.751924,0.668473,-0.208385,0.000000,0.000000,0.000000,0.000000
8.5500,-0.258969,0.046609,-0.919552,0.421830,0.000000,0.000000,0.000000,-0.147276,-0.725452,0.681794,-0.250039,0.000000,0.000000,0.000000,0.000000
8.6000,-0.266735,0.047804,-0.925368,0.409283,0.000000,0.000000,0.000000,-0.190798,-0.697707,0.695832,-0.288822,0.000000,0.000000,0.000000,0.000000
8.6167,-0.272903,0.049719,-0.931875,0.394326,0.000000,0.000000,0.000000,-0.233511,-0.669973,0.710310,-0.323994,0.000000,0.000000,0.000000,0.000000
8.6500,-0.277805,0.052261,-0.939084,0.376538,0.000000,0.000000,0.000000,-0.274221,-0.643492,0.724905,-0.355199,0.000000,0.000000,0.000000,0.000000
8.6833,-0.281764,0.055372,-0.946983,0.355517,0.000000,0.000000,0.000000,-0.311981,-0.619343,0.739275,-0.382364,0.000000,0.000000,0.000000,0.000000
8.7000,-0.285087,0.059025,-0.955541,0.330908,0.000000,0.000000,0.000000,-0.346114,-0.598388,0.753100,-0.405563,0.000000,0.000000,0.000000,0.000000
8.7167,-0.288054,0.063226,-0.964703,0.302432,0.000000,0.000000,0.000000,-0.376184,-0.581256,0.766106,-0.424916,0.000000,0.000000,0.000000,0.000000
8.7833,-0.290919,0.068007,-0.974390,0.269927,0.000000,0.000000,0.000000,-0.401951,-0.568356,0.778079,-0.440536,0.000000,0.000000,0.000000,0.000000
8.8333,-0.293905,0.073420,-0.984489,0.233381,0.000000,0.000000,0.000000,-0.423312,-0.559914,0.788865,-0.452506,0.000000,0.000000,0.000000,0.000000
8.8833,-0.297202,0.079526,-0.994864,0.192951,0.000000,0.000000,0.000000,-0.440254,-0.556015,0.798374,-0.460875,0.000000,0.000000,0.000000,0.000000
8.9000,-0.300959,0.086388,-1.005351,0.148977,0.000000,0.000000,0.000000,-0.452818,-0.556636,0.806568,-0.465673,0.000000,0.000000,0.000000,0.000000
8.9167,-0.305280,0.094057,-1.015771,0.101985,0.000000,0.000000,0.000000,-0.461093,-0.561665,0.813456,-0.466910,0.000000,0.000000,0.000000,0.000000
8.9333,-0.310223,0.102575,-1.025930,0.052679,0.000000,0.000000,0.000000,-0.465209,-0.570900,0.819080,-0.464583,0.000000,0.000000,0.000000,0.000000
8.9500,-0.315814,0.111974,-1.035619,0.001936,0.000000,0.000000,0.000000,-0.465341,-0.584047,0.823515,-0.458688,0.000000,0.000000,0.000000,0.000000
8.9667,-0.322048,0.122275,-1.044622,-0.049225,0.000000,0.000000,0.000000,-0.461694,-0.600713,0.826867,-0.449230,0.000000,0.000000,0.000000,0.000000
8.9833,-0.328888,0.133475,-1.052743,-0.099736,0.000000,0.000000,0.000000,-0.454509,-0.620403,0.829272,-0.436253,0.000000,0.000000,0.000000,0.000000
9.0000,-0.336242,0.145533,-1.059852,-0.148610,0.000000,0.000000,0.000000,-0.444055,-0.642538,0.830890,-0.419857,0.000000,0.000000,0.000000,0.000000
9.0167,-0.343962,0.158365,-1.065906,-0.195016,0.000000,0.000000,0.000000,-0.430634,-0.666473,0.831893,-0.400222,0.000000,0.000000,0.000000,0.000000
9.0333,-0.351861,0.171828,-1.070956,-0.238299,0.000000,0.000000,0.000000,-0.414581,-0.691528,0.832456,-0.377621,0.000000,0.000000,0.000000,0.000000
9.0500,-0.359744,0.185708,-1.075115,-0.277966,0.000000,0.000000,0.000000,-0.396280,-0.717007,0.832741,-0.352408,0.000000,0.000000,0.000000,0.000000
9.0667,-0.367439,0.199724,-1.078535,-0.313678,0.000000,0.000000,0.000000,-0.376175,-0.742213,0.832888,-0.324998,0.000000,0.000000,0.000000,0.000000
9.0833,-0.374812,0.213564,-1.081373,-0.345231,0.000000,0.000000,0.000000,-0.354785,-0.766445,0.833005,-0.295835,0.000000,0.000000,0.000000,0.000000
9.1000,-0.381785,0.226912,-1.083772,-0.372537,0.000000,0.000000,0.000000,-0.332699,-0.789019,0.833172,-0.265373,0.000000,0.000000,0.000000,0.000000
9.1167,-0.388333,0.239471,-1.085849,-0.395606,0.000000,0.000000,0.000000,-0.310538,-0.809309,0.833433,-0.234071,0.000000,0.000000,0.000000,0.000000
9.1333,-0.394483,0.250985,-1.087687,-0.414537,0.000000,0.000000,0.000000,-0.288887,-0.826825,0.833808,-0.202416,0.000000,0.000000,0.000000,0.000000
9.1500,-0.400294,0.261255,-1.089346,-0.429505,0.000000,0.000000,0.000000,-0.268215,-0.841281,0.834298,-0.170916,0.000000,0.000000,0.000000,0.000000
9.1667,-0.405843,0.270152,-1.090865,-0.440745,0.000000,0.000000,0.000000,-0.248825,-0.852630,0.834896,-0.140095,0.000000,0.000000,0.000000,0.000000
9.1833,-0.411208,0.277626,-1.092266,-0.448535,0.000000,0.000000,0.000000,-0.230855,-0.861043,0.835592,-0.110447,0.000000,0.000000,0.000000,0.000000
9.2000,-0.416451,0.283699,-1.093566,-0.453181,0.000000,0.000000,0.000000,-0.214307,-0.866844,0.836376,-0.082404,0.000000,0.000000,0.000000,0.000000
9.2167,-0.421612,0.288457,-1.094773,-0.455000,0.000000,0.000000,0.000000,-0.199099,-0.870442,0.837236,-0.056319,0.000000,0.000000,0.000000,0.000000
9.2333,-0.426700,0.292036,-1.095898,-0.454303,0.000000,0.000000,0.000000,-0.185110,-0.872268,0.838158,-0.032449,0.000000,0.000000,0.000000,0.000000
9.2500,-0.431697,0.294602,-1.096952,-0.451385,0.000000,0.000000,0.000000,-0.172222,-0.872718,0.839124,-0.010955,0.000000,0.000000,0.000000,0.000000
9.2667,-0.436562,0.296329,-1.097950,-0.446504,0.000000,0.000000,0.000000,-0.160347,-0.872126,0.840109,0.008102,0.000000,0.000000,0.000000,0.000000
9.2833,-0.441238,0.297387,-1.098910,-0.439876,0.000000,0.000000,0.000000,-0.149428,-0.870769,0.841082,0.024758,0.000000,0.000000,0.000000,0.000000
9.3000,-0.445663,0.297929,-1.099850,-0.431664,0.000000,0.000000,0.000000,-0.139433,-0.868882,0.842003,0.039126,0.000000,0.000000,0.000000,0.000000
9.3167,-0.449772,0.298082,-1.100786,-0.421976,0.000000,0.000000,0.000000,-0.130336,-0.866669,0.842828,0.051384,0.000000,0.000000,0.000000,0.000000
9.3333,-0.453503,0.297944,-1.101729,-0.410861,0.000000,0.000000,0.000000,-0.122108,-0.864322,0.843514,0.061753,0.000000,0.000000,0.000000,0.000000
9.3500,-0.456803,0.297584,-1.102683,-0.398314,0.000000,0.000000,0.000000,-0.114699,-0.862020,0.844022,0.070472,0.000000,0.000000,0.000000,0.000000
9.3667,-0.459628,0.297039,-1.103647,-0.384272,0.000000,0.000000,0.000000,-0.108028,-0.859931,0.844327,0.077786,0.000000,0.000000,0.000000,0.000000
9.3833,-0.461944,0.296315,-1.104611,-0.368621,0.000000,0.000000,0.000000,-0.101982,-0.858209,0.844416,0.083932,0.000000,0.000000,0.000000,0.000000
9.4000,-0.463732,0.295388,-1.105560,-0.351200,0.000000,0.000000,0.000000,-0.096422,-0.856978,0.844295,0.089141,0.000000,0.000000,0.000000,0.000000
9.4167,-0.464988,0.294203,-1.106472,-0.331816,0.000000,0.000000,0.000000,-0.091182,-0.856317,0.843988,0.093638,0.000000,0.000000,0.000000,0.000000
9.4333,-0.465717,0.292690,-1.107321,-0.310273,0.000000,0.000000,0.000000,-0.086084,-0.856249,0.843539,0.097647,0.000000,0.000000,0.000000,0.000000
9.4500,-0.465935,0.290777,-1.108072,-0.286409,0.000000,0.000000,0.000000,-0.080937,-0.856740,0.843008,0.101402,0.000000,0.000000,0.000000,0.000000
9.4667,-0.465654,0.288402,-1.108688,-0.260137,0.000000,0.000000,0.000000,-0.075543,-0.857700,0.842471,0.105149,0.000000,0.000000,0.000000,0.000000
9.4833,-0.464880,0.285527,-1.109130,-0.231482,0.000000,0.000000,0.000000,-0.069693,-0.858997,0.842014,0.109153,0.000000,0.000000,0.000000,0.000000
9.5000,-0.463608,0.282137,-1.109366,-0.200597,0.000000,0.000000,0.000000,-0.063164,-0.860472,0.841731,0.113700,0.000000,0.000000,0.000000,0.000000
9.5167,-0.461825,0.278241,-1.109367,-0.167761,0.000000,0.000000,0.000000,-0.055726,-0.861948,0.841720,0.119096,0.000000,0.000000,0.000000,0.000000
9.5333,-0.459521,0.273870,-1.109113,-0.133352,0.000000,0.000000,0.000000,-0.047134,-0.863240,0.842077,0.125665,0.000000,0.000000,0.000000,0.000000
9.5500,-0.456693,0.269068,-1.108587,-0.097808,0.000000,0.000000,0.000000,-0.037135,-0.864165,0.842899,0.133736,0.000000,0.000000,0.000000,0.000000
9.5667,-0.453359,0.263887,-1.107774,-0.061596,0.000000,0.000000,0.000000,-0.025473,-0.864540,0.844273,0.143635,0.000000,0.000000,0.000000,0.000000
9.5833,-0.449558,0.258388,-1.106657,-0.025181,0.000000,0.000000,0.000000,-0.011897,-0.864193,0.846280,0.155665,0.000000,0.000000,0.000000,0.000000
9.6000,-0.445354,0.252628,-1.105221,0.010996,0.000000,0.000000,0.000000,0.003820,-0.862961,0.848984,0.170090,0.000000,0.000000,0.000000,0.000000
9.6167,-0.440839,0.246670,-1.103447,0.046540,0.000000,0.000000,0.000000,0.021863,-0.860692,0.852432,0.187110,0.000000,0.000000,0.000000,0.000000
9.6333,-0.436123,0.240575,-1.101313,0.081112,0.000000,0.000000,0.000000,0.042343,-0.857247,0.856644,0.206840,0.000000,0.000000,0.000000,0.000000
9.6500,-0.431331,0.234409,-1.098798,0.114440,0.000000,0.000000,0.000000,0.065276,-0.852510,0.861605,0.229284,0.000000,0.000000,0.000000,0.000000
9.6667,-0.426580,0.228228,-1.095889,0.146302,0.000000,0.000000,0.000000,0.090554,-0.846393,0.867256,0.254308,0.000000,0.000000,0.000000,0.000000
9.6833,-0.421973,0.222080,-1.092593,0.176519,0.000000,0.000000,0.000000,0.117936,-0.838863,0.873492,0.281605,0.000000,0.000000,0.000000,0.000000
9.7000,-0.417586,0.216001,-1.088939,0.204934,0.000000,0.000000,0.000000,0.147046,-0.829963,0.880161,0.310657,0.000000,0.000000,0.000000,0.000000
9.7167,-0.413467,0.210028,-1.084978,0.231403,0.000000,0.000000,0.000000,0.177392,-0.819841,0.887072,0.340725,0.000000,0.000000,0.000000,0.000000
9.7667,-0.409642,0.204196,-1.080777,0.255791,0.000000,0.000000,0.000000,0.208396,-0.808769,0.894004,0.370887,0.000000,0.000000,0.000000,0.000000
9.7833,-0.406112,0.198553,-1.076416,0.277974,0.000000,0.000000,0.000000,0.239432,-0.797115,0.900727,0.400182,0.000000,0.000000,0.000000,0.000000
9.8000,-0.402861,0.193151,-1.071980,0.297840,0.000000,0.000000,0.000000,0.269862,-0.785293,0.907016,0.427792,0.000000,0.000000,0.000000,0.000000
9.8167,-0.399857,0.188047,-1.067555,0.315310,0.000000,0.000000,0.000000,0.299060,-0.773730,0.912660,0.453154,0.000000,0.000000,0.000000,0.000000
9.8333,-0.397051,0.183297,-1.063228,0.330343,0.000000,0.000000,0.000000,0.326443,-0.762861,0.917459,0.475961,0.000000,0.000000,0.000000,0.000000
9.9500,-0.394382,0.178944,-1.059081,0.342962,0.000000,0.000000,0.000000,0.351495,-0.753150,0.921226,0.496102,0.000000,0.000000,0.000000,0.000000
9.9667,-0.391775,0.175023,-1.055189,0.353248,0.000000,0.000000,0.000000,0.373779,-0.745029,0.923795,0.513573,0.000000,0.000000,0.000000,0.000000
10.0333,-0.389144,0.171561,-1.051617,0.361345,0.000000,0.000000,0.000000,0.392908,-0.738797,0.925033,0.528372,0.000000,0.000000,0.000000,0.000000
10.0500,-0.386384,0.168582,-1.048426,0.367447,0.000000,0.000000,0.000000,0.408539,-0.734584,0.924846,0.540440,0.000000,0.000000,0.000000,0.000000
10.0667,-0.383366,0.166110,-1.045673,0.371793,0.000000,0.000000,0.000000,0.420411,-0.732399,0.923185,0.549677,0.000000,0.000000,0.000000,0.000000
10.0833,-0.379933,0.164169,-1.043413,0.374650,0.000000,0.000000,0.000000,0.428374,-0.732198,0.920037,0.555989,0.000000,0.000000,0.000000,0.000000
10.1000,-0.375894,0.162787,-1.041703,0.376301,0.000000,0.000000,0.000000,0.432394,-0.733912,0.915421,0.559304,0.000000,0.000000,0.000000,0.000000
10.1167,-0.371018,0.161988,-1.040605,0.377030,0.000000,0.000000,0.000000,0.432533,-0.737463,0.909381,0.559573,0.000000,0.000000,0.000000,0.000000
10.1333,-0.365036,0.161798,-1.040188,0.377119,0.000000,0.000000,0.000000,0.428935,-0.742761,0.901985,0.556773,0.000000,0.000000,0.000000,0.000000
10.1500,-0.357651,0.162236,-1.040528,0.376843,0.000000,0.000000,0.000000,0.421820,-0.749704,0.893331,0.550905,0.000000,0.000000,0.000000,0.000000
10.1667,-0.348539,0.163321,-1.041702,0.376468,0.000000,0.000000,0.000000,0.411486,-0.758175,0.883543,0.542001,0.000000,0.000000,0.000000,0.000000
10.1833,-0.337372,0.165073,-1.043789,0.376247,0.000000,0.000000,0.000000,0.398322,-0.768038,0.872788,0.530136,0.000000,0.000000,0.000000,0.000000
10.2000,-0.323825,0.167511,-1.046858,0.376421,0.000000,0.000000,0.000000,0.382817,-0.779135,0.861271,0.515449,0.000000,0.000000,0.000000,0.000000
10.2167,-0.307599,0.170654,-1.050964,0.377216,0.000000,0.000000,0.000000,0.365550,-0.791269,0.849241,0.498170,0.000000,0.000000,0.000000,0.000000
10.2333,-0.288442,0.174522,-1.056136,0.378838,0.000000,0.000000,0.000000,0.347177,-0.804183,0.836986,0.478658,0.000000,0.000000,0.000000,0.000000
10.3000,-0.266171,0.179134,-1.062367,0.381475,0.000000,0.000000,0.000000,0.328396,-0.817556,0.824821,0.457425,0.000000,0.000000,0.000000,0.000000
10.3167,-0.240703,0.184507,-1.069602,0.385286,0.000000,0.000000,0.000000,0.309875,-0.831014,0.813061,0.435118,0.000000,0.000000,0.000000,0.000000
10.3333,-0.212076,0.190657,-1.077725,0.390386,0.000000,0.000000,0.000000,0.292176,-0.844180,0.801982,0.412447,0.000000,0.000000,0.000000,0.000000
10.3500,-0.180468,0.197601,-1.086555,0.396830,0.000000,0.000000,0.000000,0.275708,-0.856723,0.791794,0.390097,0.000000,0.000000,0.000000,0.000000
10.3667,-0.146200,0.205363,-1.095838,0.404577,0.000000,0.000000,0.000000,0.260728,-0.868383,0.782632,0.368654,0.000000,0.000000,0.000000,0.000000
10.3833,-0.109736,0.213970,-1.105267,0.413477,0.000000,0.000000,0.000000,0.247358,-0.878974,0.774562,0.348559,0.000000,0.000000,0.000000,0.000000
10.4000,-0.071660,0.223452,-1.114491,0.423252,0.000000,0.000000,0.000000,0.235611,-0.888382,0.767592,0.330084,0.000000,0.000000,0.000000,0.000000
10.4167,-0.032634,0.233834,-1.123153,0.433516,0.000000,0.000000,0.000000,0.225422,-0.896560,0.761685,0.313327,0.000000,0.000000,0.000000,0.000000
10.4333,0.006637,0.245131,-1.130908,0.443814,0.000000,0.000000,0.000000,0.216674,-0.903518,0.756776,0.298232,0.000000,0.000000,0.000000,0.000000
10.4500,0.045442,0.257350,-1.137452,0.453690,0.000000,0.000000,0.000000,0.209218,-0.909315,0.752776,0.284633,0.000000,0.000000,0.000000,0.000000
10.4667,0.083096,0.270486,-1.142532,0.462741,0.000000,0.000000,0.000000,0.202891,-0.914049,0.749590,0.272285,0.000000,0.000000,0.000000,0.000000
10.4833,0.118968,0.284519,-1.145960,0.470643,0.000000,0.000000,0.000000,0.197522,-0.917841,0.747118,0.260886,0.000000,0.000000,0.000000,0.000000
10.5000,0.152507,0.299396,-1.147619,0.477156,0.000000,0.000000,0.000000,0.192938,-0.920833,0.745260,0.250084,0.000000,0.000000,0.000000,0.000000
10.5167,0.183255,0.315005,-1.147468,0.482136,0.000000,0.000000,0.000000,0.188966,-0.923172,0.743924,0.239487,0.000000,0.000000,0.000000,0.000000
10.5333,0.210860,0.331157,-1.145538,0.485547,0.000000,0.000000,0.000000,0.185434,-0.924999,0.743024,0.228662,0.000000,0.000000,0.000000,0.000000
10.5500,0.235074,0.347584,-1.141928,0.487460,0.000000,0.000000,0.000000,0.182157,-0.926434,0.742488,0.217148,0.000000,0.000000,0.000000,0.000000
10.5667,0.255754,0.363946,-1.136794,0.488049,0.000000,0.000000,0.000000,0.178924,-0.927555,0.742252,0.204464,0.000000,0.000000,0.000000,0.000000
10.5833,0.272850,0.379858,-1.130339,0.487584,0.000000,0.000000,0.000000,0.175490,-0.928384,0.742267,0.190136,0.000000,0.000000,0.000000,0.000000
10.6000,0.286396,0.394908,-1.122794,0.486405,0.000000,0.000000,0.000000,0.171565,-0.928873,0.742495,0.173713,0.000000,0.000000,0.000000,0.000000
10.6167,0.296504,0.408691,-1.114404,0.484878,0.000000,0.000000,0.000000,0.166807,-0.928898,0.742910,0.154796,0.000000,0.000000,0.000000,0.000000
10.6333,0.303356,0.420834,-1.105412,0.483357,0.000000,0.000000,0.000000,0.160820,-0.928258,0.743499,0.133052,0.000000,0.000000,0.000000,0.000000
10.6500,0.307204,0.431022,-1.096060,0.482147,0.000000,0.000000,0.000000,0.153163,-0.926676,0.744256,0.108229,0.000000,0.000000,0.000000,0.000000
10.6667,0.308350,0.439007,-1.086577,0.481483,0.000000,0.000000,0.000000,0.143361,-0.923813,0.745189,0.080168,0.000000,0.000000,0.000000,0.000000
10.6833,0.307119,0.444620,-1.077174,0.481517,0.000000,0.000000,0.000000,0.130926,-0.919281,0.746318,0.048813,0.000000,0.000000,0.000000,0.000000
10.7000,0.303833,0.447772,-1.068036,0.482312,0.000000,0.000000,0.000000,0.115391,-0.912661,0.747677,0.014230,0.000000,0.000000,0.000000,0.000000
10.7167,0.298779,0.448449,-1.059320,0.483851,0.000000,0.000000,0.000000,0.096337,-0.903528,0.749318,-0.023376,0.000000,0.000000,0.000000,0.000000
10.7333,0.292186,0.446694,-1.051146,0.486051,0.000000,0.000000,0.000000,0.073442,-0.891484,0.751311,-0.063628,0.000000,0.000000,0.000000,0.000000
10.7667,0.284214,0.442583,-1.043602,0.488790,0.000000,0.000000,0.000000,0.046526,-0.876217,0.753734,-0.105954,0.000000,0.000000,0.000000,0.000000
10.7833,0.274938,0.436202,-1.036740,0.491926,0.000000,0.000000,0.000000,0.015610,-0.857575,0.756667,-0.149579,0.000000,0.000000,0.000000,0.000000
10.8000,0.264361,0.427626,-1.030582,0.495321,0.000000,0.000000,0.000000,-0.019027,-0.835672,0.760168,-0.193533,0.000000,0.000000,0.000000,0.000000
10.8167,0.252411,0.416909,-1.025124,0.498849,0.000000,0.000000,0.000000,-0.056768,-0.810999,0.764257,-0.236683,0.000000,0.000000,0.000000,0.000000
10.9167,0.238960,0.404077,-1.020335,0.502403,0.000000,0.000000,0.000000,-0.096616,-0.784495,0.768900,-0.277785,0.000000,0.000000,0.000000,0.000000
10.9333,0.223844,0.389144,-1.016166,0.505903,0.000000,0.000000,0.000000,-0.137291,-0.757438,0.774009,-0.315615,0.000000,0.000000,0.000000,0.000000
10.9500,0.206882,0.372124,-1.012547,0.509289,0.000000,0.000000,0.000000,-0.177477,-0.731169,0.779445,-0.349139,0.000000,0.000000,0.000000,0.000000
10.9667,0.187899,0.353056,-1.009390,0.512518,0.000000,0.000000,0.000000,-0.216041,-0.706868,0.785038,-0.377595,0.000000,0.000000,0.000000,0.000000
10.9833,0.166752,0.332026,-1.006591,0.515562,0.000000,0.000000,0.000000,-0.252092,-0.685455,0.790607,-0.400455,0.000000,0.000000,0.000000,0.000000
11.0000,0.143350,0.309193,-1.004025,0.518389,0.000000,0.000000,0.000000,-0.284971,-0.667591,0.795983,-0.417374,0.000000,0.000000,0.000000,0.000000
11.0667,0.117683,0.284815,-1.001551,0.520936,0.000000,0.000000,0.000000,-0.314196,-0.653710,0.801012,-0.428160,0.000000,0.000000,0.000000,0.000000
11.1333,0.089842,0.259266,-0.999017,0.523106,0.000000,0.000000,0.000000,-0.339396,-0.644081,0.805572,-0.432801,0.000000,0.000000,0.000000,0.000000
11.1667,0.060037,0.233020,-0.996275,0.524763,0.000000,0.000000,0.000000,-0.360270,-0.638853,0.809572,-0.431481,0.000000,0.000000,0.000000,0.000000
11.3000,0.028611,0.206618,-0.993201,0.525763,0.000000,0.000000,0.000000,-0.376599,-0.638044,0.812957,-0.424558,0.000000,0.000000,0.000000,0.000000
11.3833,-0.003943,0.180612,-0.989730,0.525984,0.000000,0.000000,0.000000,-0.388241,-0.641525,0.815727,-0.412540,0.000000,0.000000,0.000000,0.000000
11.4000,-0.036986,0.155542,-0.985883,0.525359,0.000000,0.000000,0.000000,-0.395128,-0.649024,0.817941,-0.396045,0.000000,0.000000,0.000000,0.000000
11.4167,-0.069786,0.131912,-0.981763,0.523899,0.000000,0.000000,0.000000,-0.397293,-0.660124,0.819703,-0.375737,0.000000,0.000000,0.000000,0.000000
11.4333,-0.101618,0.110153,-0.977534,0.521680,0.000000,0.000000,0.000000,-0.394899,-0.674272,0.821142,-0.352270,0.000000,0.000000,0.000000,0.000000
11.4500,-0.131829,0.090577,-0.973385,0.518827,0.000000,0.000000,0.000000,-0.388247,-0.690812,0.822392,-0.326271,0.000000,0.000000,0.000000,0.000000
11.4667,-0.159888,0.073377,-0.969502,0.515476,0.000000,0.000000,0.000000,-0.377747,-0.709033,0.823579,-0.298343,0.000000,0.000000,0.000000,0.000000
11.4833,-0.185402,0.058623,-0.966055,0.511760,0.000000,0.000000,0.000000,-0.363893,-0.728230,0.824811,-0.269056,0.000000,0.000000,0.000000,0.000000
11.5000,-0.208131,0.046285,-0.963172,0.507798,0.000000,0.000000,0.000000,-0.347214,-0.747757,0.826169,-0.238959,0.000000,0.000000,0.000000,0.000000
11.5167,-0.227985,0.036249,-0.960943,0.503682,0.000000,0.000000,0.000000,-0.328234,-0.767076,0.827706,-0.208583,0.000000,0.000000,0.000000,0.000000
11.5333,-0.245003,0.028338,-0.959411,0.499462,0.000000,0.000000,0.000000,-0.307443,-0.785783,0.829447,-0.178440,0.000000,0.000000,0.000000,0.000000
11.5500,-0.259324,0.022335,-0.958591,0.495129,0.000000,0.000000,0.000000,-0.285292,-0.803594,0.831390,-0.149015,0.000000,0.000000,0.000000,0.000000
11.5667,-0.271159,0.018010,-0.958478,0.490607,0.000000,0.000000,0.000000,-0.262210,-0.820311,0.833511,-0.120735,0.000000,0.000000,0.000000,0.000000
11.5833,-0.280756,0.015129,-0.959059,0.485751,0.000000,0.000000,0.000000,-0.238621,-0.835782,0.835766,-0.093956,0.000000,0.000000,0.000000,0.000000
11.6000,-0.288380,0.013466,-0.960326,0.480350,0.000000,0.000000,0.000000,-0.214956,-0.849875,0.838096,-0.068951,0.000000,0.000000,0.000000,0.000000
11.6167,-0.294298,0.012811,-0.962273,0.474143,0.000000,0.000000,0.000000,-0.191652,-0.862464,0.840430,-0.045910,0.000000,0.000000,0.000000,0.000000
11.6333,-0.298768,0.012977,-0.964899,0.466822,0.000000,0.000000,0.000000,-0.169135,-0.873435,0.842691,-0.024937,0.000000,0.000000,0.000000,0.000000
11.6500,-0.302032,0.013800,-0.968209,0.458049,0.000000,0.000000,0.000000,-0.147786,-0.882705,0.844802,-0.006044,0.000000,0.000000,0.000000,0.000000
11.6667,-0.304314,0.015149,-0.972208,0.447458,0.000000,0.000000,0.000000,-0.127902,-0.890252,0.846691,0.010842,0.000000,0.000000,0.000000,0.000000
11.6833,-0.305823,0.016927,-0.976903,0.434668,0.000000,0.000000,0.000000,-0.109664,-0.896126,0.848306,0.025875,0.000000,0.000000,0.000000,0.000000
11.7000,-0.306752,0.019074,-0.982292,0.419300,0.000000,0.000000,0.000000,-0.093116,-0.900451,0.849622,0.039275,0.000000,0.000000,0.000000,0.000000
11.7167,-0.307286,0.021566,-0.988362,0.400987,0.000000,0.000000,0.000000,-0.078166,-0.903404,0.850644,0.051316,0.000000,0.000000,0.000000,0.000000
11.7333,-0.307603,0.024417,-0.995087,0.379391,0.000000,0.000000,0.000000,-0.064602,-0.905190,0.851411,0.062317,0.000000,0.000000,0.000000,0.000000
11.7500,-0.307870,0.027675,-1.002423,0.354228,0.000000,0.000000,0.000000,-0.052115,-0.906021,0.851991,0.072631,0.000000,0.000000,0.000000,0.000000
11.7667,-0.308246,0.031423,-1.010302,0.325290,0.000000,0.000000,0.000000,-0.040325,-0.906092,0.852474,0.082636,0.000000,0.000000,0.000000,0.000000
11.7833,-0.308881,0.035778,-1.018627,0.292474,0.000000,0.000000,0.000000,-0.028818,-0.905557,0.852965,0.092723,0.000000,0.000000,0.000000,0.000000
11.8000,-0.309925,0.040885,-1.027266,0.255810,0.000000,0.000000,0.000000,-0.017174,-0.904514,0.853581,0.103284,0.000000,0.000000,0.000000,0.000000
11.8167,-0.311523,0.046911,-1.036042,0.215477,0.000000,0.000000,0.000000,-0.005002,-0.902980,0.854442,0.114694,0.000000,0.000000,0.000000,0.000000
11.8333,-0.313819,0.054030,-1.044743,0.171811,0.000000,0.000000,0.000000,0.008032,-0.900879,0.855668,0.127297,0.000000,0.000000,0.000000,0.000000
11.8500,-0.316939,0.062393,-1.053133,0.125310,0.000000,0.000000,0.000000,0.022184,-0.898042,0.857374,0.141370,0.000000,0.000000,0.000000,0.000000
11.8667,-0.320976,0.072091,-1.060978,0.076623,0.000000,0.000000,0.000000,0.037620,-0.894218,0.859661,0.157097,0.000000,0.000000,0.000000,0.000000
11.8833,-0.325979,0.083125,-1.068073,0.026531,0.000000,0.000000,0.000000,0.054411,-0.889104,0.862615,0.174533,0.000000,0.000000,0.000000,0.000000
11.9000,-0.331935,0.095391,-1.074265,-0.024091,0.000000,0.000000,0.000000,0.072536,-0.882385,0.866298,0.193585,0.000000,0.000000,0.000000,0.000000
11.9167,-0.338766,0.108693,-1.079473,-0.074339,0.000000,0.000000,0.000000,0.091878,-0.873774,0.870741,0.213994,0.000000,0.000000,0.000000,0.000000
11.9333,-0.346326,0.122782,-1.083697,-0.123354,0.000000,0.000000,0.000000,0.112212,-0.863036,0.875938,0.235330,0.000000,0.000000,0.000000,0.000000
11.9500,-0.354405,0.137391,-1.087027,-0.170386,0.000000,0.000000,0.000000,0.133195,-0.850027,0.881833,0.256972,0.000000,0.000000,0.000000,0.000000
11.9667,-0.362748,0.152238,-1.089631,-0.214827,0.000000,0.000000,0.000000,0.154368,-0.834726,0.888320,0.278092,0.000000,0.000000,0.000000,0.000000
12.0500,-0.371078,0.167013,-1.091735,-0.256208,0.000000,0.000000,0.000000,0.175179,-0.817280,0.895245,0.297678,0.000000,0.000000,0.000000,0.000000
12.0667,-0.379127,0.181395,-1.093586,-0.294200,0.000000,0.000000,0.000000,0.195059,-0.798008,0.902430,0.314694,0.000000,0.000000,0.000000,0.000000
12.0833,-0.386664,0.195086,-1.095415,-0.328603,0.000000,0.000000,0.000000,0.213498,-0.777356,0.909702,0.328339,0.000000,0.000000,0.000000,0.000000
12.1000,-0.393511,0.207842,-1.097409,-0.359337,0.000000,0.000000,0.000000,0.230116,-0.755866,0.916905,0.338233,0.000000,0.000000,0.000000,0.000000
12.1167,-0.399547,0.219487,-1.099702,-0.386417,0.000000,0.000000,0.000000,0.244695,-0.734176,0.923904,0.344446,0.000000,0.000000,0.000000,0.000000
12.1333,-0.404711,0.229916,-1.102364,-0.409930,0.000000,0.000000,0.000000,0.257212,-0.713028,0.930575,0.347491,0.000000,0.000000,0.000000,0.000000
12.2000,-0.409002,0.239090,-1.105411,-0.430012,0.000000,0.000000,0.000000,0.267835,-0.693247,0.936804,0.348288,0.000000,0.000000,0.000000,0.000000
12.2167,-0.412463,0.247015,-1.108814,-0.446835,0.000000,0.000000,0.000000,0.276872,-0.675645,0.942474,0.348037,0.000000,0.000000,0.000000,0.000000
12.2333,-0.415175,0.253736,-1.112517,-0.460586,0.000000,0.000000,0.000000,0.284685,-0.660914,0.947463,0.348005,0.000000,0.000000,0.000000,0.000000
12.2500,-0.417250,0.259316,-1.116443,-0.471462,0.000000,0.000000,0.000000,0.291615,-0.649554,0.951649,0.349305,0.000000,0.000000,0.000000,0.000000
12.2667,-0.418818,0.263830,-1.120502,-0.479653,0.000000,0.000000,0.000000,0.297942,-0.641877,0.954908,0.352760,0.000000,0.000000,0.000000,0.000000
12.2833,-0.420026,0.267351,-1.124597,-0.485332,0.000000,0.000000,0.000000,0.303863,-0.638023,0.957119,0.358833,0.000000,0.000000,0.000000,0.000000
12.3000,-0.421025,0.269949,-1.128634,-0.488649,0.000000,0.000000,0.000000,0.309477,-0.637983,0.958166,0.367601,0.000000,0.000000,0.000000,0.000000
12.3167,-0.421963,0.271689,-1.132521,-0.489733,0.000000,0.000000,0.000000,0.314778,-0.641621,0.957945,0.378775,0.000000,0.000000,0.000000,0.000000
12.3333,-0.422967,0.272643,-1.136178,-0.488687,0.000000,0.000000,0.000000,0.319648,-0.648694,0.956369,0.391737,0.000000,0.000000,0.000000,0.000000
12.3667,-0.424143,0.272888,-1.139537,-0.485588,0.000000,0.000000,0.000000,0.323871,-0.658872,0.953374,0.405612,0.000000,0.000000,0.000000,0.000000
12.3833,-0.425569,0.272507,-1.142541,-0.480486,0.000000,0.000000,0.000000,0.327151,-0.671751,0.948929,0.419386,0.000000,0.000000,0.000000,0.000000
12.4000,-0.427293,0.271591,-1.145147,-0.473396,0.000000,0.000000,0.000000,0.329149,-0.686878,0.943042,0.432051,0.000000,0.000000,0.000000,0.000000
12.4167,-0.429338,0.270227,-1.147323,-0.464297,0.000000,0.000000,0.000000,0.329527,-0.703764,0.935755,0.442721,0.000000,0.000000,0.000000,0.000000
12.4333,-0.431704,0.268496,-1.149044,-0.453125,0.000000,0.000000,0.000000,0.327996,-0.721909,0.927151,0.450685,0.000000,0.000000,0.000000,0.000000
12.4500,-0.434371,0.266464,-1.150294,-0.439785,0.000000,0.000000,0.000000,0.324358,-0.740827,0.917354,0.455436,0.000000,0.000000,0.000000,0.000000
12.4667,-0.437302,0.264186,-1.151063,-0.424148,0.000000,0.000000,0.000000,0.318543,-0.760069,0.906525,0.456680,0.000000,0.000000,0.000000,0.000000
12.4833,-0.440443,0.261705,-1.151344,-0.406078,0.000000,0.000000,0.000000,0.310642,-0.779245,0.894869,0.454341,0.000000,0.000000,0.000000,0.000000
12.5000,-0.443720,0.259056,-1.151135,-0.385441,0.000000,0.000000,0.000000,0.300905,-0.798025,0.882632,0.448569,0.000000,0.000000,0.000000,0.000000
12.5167,-0.447044,0.256264,-1.150440,-0.362125,0.000000,0.000000,0.000000,0.289746,-0.816125,0.870099,0.439747,0.000000,0.000000,0.000000,0.000000
12.6000,-0.450311,0.253340,-1.149266,-0.336055,0.000000,0.000000,0.000000,0.277704,-0.833278,0.857584,0.428493,0.000000,0.000000,0.000000,0.000000
12.6167,-0.453411,0.250275,-1.147631,-0.307210,0.000000,0.000000,0.000000,0.265372,-0.849246,0.845397,0.415583,0.000000,0.000000,0.000000,0.000000
12.6333,-0.456225,0.247034,-1.145562,-0.275641,0.000000,0.000000,0.000000,0.253290,-0.863845,0.833809,0.401810,0.000000,0.000000,0.000000,0.000000
12.6500,-0.458624,0.243563,-1.143106,-0.241502,0.000000,0.000000,0.000000,0.241897,-0.876975,0.823017,0.387834,0.000000,0.000000,0.000000,0.000000
12.6667,-0.460471,0.239799,-1.140327,-0.205068,0.000000,0.000000,0.000000,0.231512,-0.888633,0.813145,0.374114,0.000000,0.000000,0.000000,0.000000
12.6833,-0.461617,0.235670,-1.137307,-0.166746,0.000000,0.000000,0.000000,0.222355,-0.898906,0.804248,0.360897,0.000000,0.000000,0.000000,0.000000
12.7000,-0.461918,0.231104,-1.134150,-0.127049,0.000000,0.000000,0.000000,0.214561,-0.907959,0.796328,0.348238,0.000000,0.000000,0.000000,0.000000
12.7167,-0.461246,0.226018,-1.130968,-0.086562,0.000000,0.000000,0.000000,0.208197,-0.916018,0.789344,0.336043,0.000000,0.000000,0.000000,0.000000
12.7333,-0.459507,0.220331,-1.127874,-0.045893,0.000000,0.000000,0.000000,0.203268,-0.923342,0.783224,0.324100,0.000000,0.000000,0.000000,0.000000
12.7500,-0.456662,0.213975,-1.124963,-0.005627,0.000000,0.000000,0.000000,0.199722,-0.930185,0.777883,0.312122,0.000000,0.000000,0.000000,0.000000
12.7667,-0.452741,0.206914,-1.122299,0.033710,0.000000,0.000000,0.000000,0.197447,-0.936763,0.773228,0.299777,0.000000,0.000000,0.000000,0.000000
12.7833,-0.447845,0.199168,-1.119902,0.071673,0.000000,0.000000,0.000000,0.196262,-0.943229,0.769166,0.286708,0.000000,0.000000,0.000000,0.000000
12.8000,-0.442136,0.190829,-1.117748,0.107898,0.000000,0.000000,0.000000,0.195912,-0.949652,0.765613,0.272558,0.000000,0.000000,0.000000,0.000000
12.8167,-0.435811,0.182060,-1.115779,0.142097,0.000000,0.000000,0.000000,0.196067,-0.956007,0.762492,0.256984,0.000000,0.000000,0.000000,0.000000
12.8333,-0.429080,0.173084,-1.113916,0.174047,0.000000,0.000000,0.000000,0.196336,-0.962185,0.759741,0.239668,0.000000,0.000000,0.000000,0.000000
12.8500,-0.422144,0.164169,-1.112073,0.203587,0.000000,0.000000,0.000000,0.196277,-0.968000,0.757311,0.220309,0.000000,0.000000,0.000000,0.000000
12.8667,-0.415180,0.155614,-1.110164,0.230603,0.000000,0.000000,0.000000,0.195410,-0.973202,0.755169,0.198622,0.000000,0.000000,0.000000,0.000000
12.8833,-0.408326,0.147727,-1.108116,0.255029,0.000000,0.000000,0.000000,0.193218,-0.977477,0.753296,0.174348,0.000000,0.000000,0.000000,0.000000
12.9000,-0.401661,0.140811,-1.105879,0.276844,0.000000,0.000000,0.000000,0.189153,-0.980445,0.751694,0.147278,0.000000,0.000000,0.000000,0.000000
12.9167,-0.395202,0.135135,-1.103429,0.296073,0.000000,0.000000,0.000000,0.182637,-0.981657,0.750380,0.117289,0.000000,0.000000,0.000000,0.000000
12.9333,-0.388892,0.130922,-1.100782,0.312792,0.000000,0.000000,0.000000,0.173074,-0.980600,0.749395,0.084377,0.000000,0.000000,0.000000,0.000000
12.9500,-0.382606,0.128332,-1.097987,0.327122,0.000000,0.000000,0.000000,0.159868,-0.976694,0.748801,0.048693,0.000000,0.000000,0.000000,0.000000
12.9667,-0.376144,0.127458,-1.095134,0.339212,0.000000,0.000000,0.000000,0.142454,-0.969312,0.748692,0.010567,0.000000,0.000000,0.000000,0.000000
12.9833,-0.369246,0.128325,-1.092349,0.349239,0.000000,0.000000,0.000000,0.120344,-0.957816,0.749185,-0.029471,0.000000,0.000000,0.000000,0.000000
13.0167,-0.361602,0.130886,-1.089787,0.357396,0.000000,0.000000,0.000000,0.093170,-0.941608,0.750425,-0.070683,0.000000,0.000000,0.000000,0.000000
13.0333,-0.352859,0.135034,-1.087631,0.363891,0.000000,0.000000,0.000000,0.060737,-0.920206,0.752566,-0.112145,0.000000,0.000000,0.000000,0.000000
13.0500,-0.342647,0.140624,-1.086075,0.368932,0.000000,0.000000,0.000000,0.023062,-0.893343,0.755750,-0.152802,0.000000,0.000000,0.000000,0.000000
13.0667,-0.330588,0.147499,-1.085310,0.372724,0.000000,0.000000,0.000000,-0.019555,-0.861075,0.760081,-0.191554,0.000000,0.000000,0.000000,0.000000
13.0833,-0.316323,0.155514,-1.085508,0.375459,0.000000,0.000000,0.000000,-0.066444,-0.823908,0.765619,-0.227333,0.000000,0.000000,0.000000,0.000000
13.1667,-0.299534,0.164556,-1.086810,0.377321,0.000000,0.000000,0.000000,-0.116487,-0.782883,0.772363,-0.259220,0.000000,0.000000,0.000000,0.000000
13.1833,-0.279966,0.174540,-1.089309,0.378491,0.000000,0.000000,0.000000,-0.168205,-0.739471,0.780251,-0.286561,0.000000,0.000000,0.000000,0.000000
13.2000,-0.257448,0.185398,-1.093046,0.379155,0.000000,0.000000,0.000000,-0.220028,-0.695289,0.789152,-0.309076,0.000000,0.000000,0.000000,0.000000
13.2167,-0.231910,0.197059,-1.098004,0.379504,0.000000,0.000000,0.000000,-0.270520,-0.651860,0.798866,-0.326858,0.000000,0.000000,0.000000,0.000000
13.2333,-0.203411,0.209432,-1.104098,0.379736,0.000000,0.000000,0.000000,-0.318485,-0.610510,0.809144,-0.340295,0.000000,0.000000,0.000000,0.000000
13.2500,-0.172160,0.222402,-1.111166,0.380035,0.000000,0.000000,0.000000,-0.362986,-0.572345,0.819716,-0.349959,0.000000,0.000000,0.000000,0.000000
13.2667,-0.138541,0.235836,-1.118959,0.380557,0.000000,0.000000,0.000000,-0.403346,-0.538239,0.830306,-0.356508,0.000000,0.000000,0.000000,0.000000
13.2833,-0.103126,0.249593,-1.127137,0.381408,0.000000,0.000000,0.000000,-0.439121,-0.508855,0.840649,-0.360612,0.000000,0.000000,0.000000,0.000000
13.3000,-0.066661,0.263525,-1.135288,0.382628,0.000000,0.000000,0.000000,-0.470061,-0.484671,0.850500,-0.362908,0.000000,0.000000,0.000000,0.000000
13.3167,-0.029987,0.277483,-1.142977,0.384191,0.000000,0.000000,0.000000,-0.496075,-0.466002,0.859643,-0.363960,0.000000,0.000000,0.000000,0.000000
13.3333,0.006065,0.291337,-1.149806,0.386032,0.000000,0.000000,0.000000,-0.517190,-0.453025,0.867895,-0.364242,0.000000,0.000000,0.000000,0.000000
13.3500,0.040767,0.304981,-1.155464,0.388090,0.000000,0.000000,0.000000,-0.533511,-0.445798,0.875115,-0.364126,0.000000,0.000000,0.000000,0.000000
13.3833,0.073526,0.318344,-1.159741,0.390309,0.000000,0.000000,0.000000,-0.545195,-0.444269,0.881201,-0.363865,0.000000,0.000000,0.000000,0.000000
13.4333,0.103903,0.331377,-1.162529,0.392632,0.000000,0.000000,0.000000,-0.552424,-0.448282,0.886101,-0.363571,0.000000,0.000000,0.000000,0.000000
13.4500,0.131603,0.344050,-1.163803,0.394978,0.000000,0.000000,0.000000,-0.555392,-0.457571,0.889812,-0.363199,0.000000,0.000000,0.000000,0.000000
13.4833,0.156464,0.356350,-1.163612,0.397233,0.000000,0.000000,0.000000,-0.554297,-0.471775,0.892378,-0.362548,0.000000,0.000000,0.000000,0.000000
13.5000,0.178433,0.368260,-1.162054,0.399269,0.000000,0.000000,0.000000,-0.549345,-0.490445,0.893883,-0.361283,0.000000,0.000000,0.000000,0.000000
13.5167,0.197541,0.379757,-1.159267,0.400968,0.000000,0.000000,0.000000,-0.540752,-0.513064,0.894436,-0.358980,0.000000,0.000000,0.000000,0.000000
13.5333,0.213878,0.390783,-1.155413,0.402251,0.000000,0.000000,0.000000,-0.528751,-0.539049,0.894165,-0.355162,0.000000,0.000000,0.000000,0.000000
13.5500,0.227582,0.401246,-1.150671,0.403089,0.000000,0.000000,0.000000,-0.513613,-0.567750,0.893210,-0.349348,0.000000,0.000000,0.000000,0.000000
13.5667,0.238816,0.411020,-1.145234,0.403510,0.000000,0.000000,0.000000,-0.495650,-0.598447,0.891724,-0.341094,0.000000,0.000000,0.000000,0.000000
13.5833,0.247765,0.419953,-1.139296,0.403595,0.000000,0.000000,0.000000,-0.475232,-0.630351,0.889866,-0.330045,0.000000,0.000000,0.000000,0.000000
13.6167,0.254621,0.427878,-1.133045,0.403462,0.000000,0.000000,0.000000,-0.452791,-0.662635,0.887789,-0.315980,0.000000,0.000000,0.000000,0.000000
13.6333,0.259579,0.434628,-1.126656,0.403256,0.000000,0.000000,0.000000,-0.428798,-0.694487,0.885627,-0.298847,0.000000,0.000000,0.000000,0.000000
13.6500,0.262818,0.440036,-1.120282,0.403133,0.000000,0.000000,0.000000,-0.403727,-0.725189,0.883489,-0.278763,0.000000,0.000000,0.000000,0.000000
13.6667,0.264500,0.443944,-1.114051,0.403250,0.000000,0.000000,0.000000,-0.378014,-0.754171,0.881451,-0.256009,0.000000,0.000000,0.000000,0.000000
13.6833,0.264753,0.446205,-1.108066,0.403758,0.000000,0.000000,0.000000,-0.352045,-0.781023,0.879559,-0.231003,0.000000,0.000000,0.000000,0.000000
13.7000,0.263663,0.446678,-1.102403,0.404791,0.000000,0.000000,0.000000,-0.326149,-0.805482,0.877838,-0.204277,0.000000,0.000000,0.000000,0.000000
13.7167,0.261270,0.445237,-1.097108,0.406470,0.000000,0.000000,0.000000,-0.300617,-0.827408,0.876292,-0.176442,0.000000,0.000000,0.000000,0.000000
13.7333,0.257561,0.441770,-1.092208,0.408889,0.000000,0.000000,0.000000,-0.275702,-0.846748,0.874912,-0.148153,0.000000,0.000000,0.000000,0.000000
13.7500,0.252475,0.436184,-1.087708,0.412124,0.000000,0.000000,0.000000,-0.251633,-0.863518,0.873682,-0.120065,0.000000,0.000000,0.000000,0.000000
13.7667,0.245903,0.428413,-1.083592,0.416224,0.000000,0.000000,0.000000,-0.228602,-0.877791,0.872582,-0.092800,0.000000,0.000000,0.000000,0.000000
13.7833,0.237703,0.418413,-1.079831,0.421219,0.000000,0.000000,0.000000,-0.206760,-0.889686,0.871595,-0.066909,0.000000,0.000000,0.000000,0.000000
13.8000,0.227708,0.406175,-1.076375,0.427116,0.000000,0.000000,0.000000,-0.186219,-0.899361,0.870704,-0.042840,0.000000,0.000000,0.000000,0.000000
13.8167,0.215744,0.391725,-1.073160,0.433907,0.000000,0.000000,0.000000,-0.167052,-0.907012,0.869893,-0.020924,0.000000,0.000000,0.000000,0.000000
13.8333,0.201641,0.375133,-1.070104,0.441562,0.000000,0.000000,0.000000,-0.149283,-0.912874,0.869143,-0.001369,0.000000,0.000000,0.000000,0.000000
13.8500,0.185256,0.356524,-1.067108,0.450027,0.000000,0.000000,0.000000,-0.132884,-0.917237,0.868432,0.015742,0.000000,0.000000,0.000000,0.000000
13.8667,0.166491,0.336081,-1.064059,0.459213,0.000000,0.000000,0.000000,-0.117776,-0.920423,0.867738,0.030440,0.000000,0.000000,0.000000,0.000000
13.8833,0.145304,0.314052,-1.060833,0.468990,0.000000,0.000000,0.000000,-0.103840,-0.922768,0.867038,0.042863,0.000000,0.000000,0.000000,0.000000
13.9000,0.121727,0.290742,-1.057296,0.479191,0.000000,0.000000,0.000000,-0.090936,-0.924594,0.866314,0.053234,0.000000,0.000000,0.000000,0.000000
13.9167,0.095869,0.266492,-1.053320,0.489624,0.000000,0.000000,0.000000,-0.078916,-0.926180,0.865548,0.061834,0.000000,0.000000,0.000000,0.000000
13.9333,0.067924,0.241652,-1.048788,0.500097,0.000000,0.000000,0.000000,-0.067625,-0.927757,0.864735,0.068975,0.000000,0.000000,0.000000,0.000000
13.9500,0.038171,0.216565,-1.043614,0.510425,0.000000,0.000000,0.000000,-0.056898,-0.929502,0.863877,0.074976,0.000000,0.000000,0.000000,0.000000
13.9667,0.006984,0.191560,-1.037752,0.520434,0.000000,0.000000,0.000000,-0.046555,-0.931547,0.862991,0.080145,0.000000,0.000000,0.000000,0.000000
13.9833,-0.025181,0.166961,-1.031219,0.529977,0.000000,0.000000,0.000000,-0.036394,-0.933987,0.862106,0.084770,0.000000,0.000000,0.000000,0.000000
14.0000,-0.057786,0.143098,-1.024094,0.538943,0.000000,0.000000,0.000000,-0.026200,-0.936881,0.861263,0.089121,0.000000,0.000000,0.000000,0.000000
14.0167,-0.090242,0.120305,-1.016527,0.547251,0.000000,0.000000,0.000000,-0.015749,-0.940248,0.860511,0.093454,0.000000,0.000000,0.000000,0.000000
14.0333,-0.121937,0.098910,-1.008711,0.554819,0.000000,0.000000,0.000000,-0.004818,-0.944066,0.859909,0.098017,0.000000,0.000000,0.000000,0.000000
14.0500,-0.152281,0.079201,-1.000873,0.561549,0.000000,0.000000,0.000000,0.006807,-0.948266,0.859517,0.103062,0.000000,0.000000,0.000000,0.000000
14.0667,-0.180741,0.061401,-0.993246,0.567314,0.000000,0.000000,0.000000,0.019322,-0.952729,0.859399,0.108845,0.000000,0.000000,0.000000,0.000000
14.0833,-0.206874,0.045650,-0.986058,0.571963,0.000000,0.000000,0.000000,0.032897,-0.957280,0.859620,0.115633,0.000000,0.000000,0.000000,0.000000
14.1000,-0.230351,0.032008,-0.979520,0.575322,0.000000,0.000000,0.000000,0.047660,-0.961684,0.860240,0.123695,0.000000,0.000000,0.000000,0.000000
14.1167,-0.250965,0.020471,-0.973809,0.577210,0.000000,0.000000,0.000000,0.063693,-0.965650,0.861313,0.133289,0.000000,0.000000,0.000000,0.000000
14.1333,-0.268625,0.010984,-0.969069,0.577433,0.000000,0.000000,0.000000,0.081036,-0.968844,0.862888,0.144652,0.000000,0.000000,0.000000,0.000000
14.1500,-0.283347,0.003467,-0.965405,0.575784,0.000000,0.000000,0.000000,0.099686,-0.970909,0.865004,0.157982,0.000000,0.000000,0.000000,0.000000
14.1667,-0.295233,-0.002170,-0.962885,0.572043,0.000000,0.000000,0.000000,0.119601,-0.971493,0.867688,0.173422,0.000000,0.000000,0.000000,0.000000
14.1833,-0.304456,-0.006001,-0.961543,0.565977,0.000000,0.000000,0.000000,0.140704,-0.970272,0.870952,0.191045,0.000000,0.000000,0.000000,0.000000
14.2000,-0.311251,-0.008079,-0.961381,0.557345,0.000000,0.000000,0.000000,0.162868,-0.966967,0.874785,0.210837,0.000000,0.000000,0.000000,0.000000
14.2167,-0.315890,-0.008435,-0.962376,0.545891,0.000000,0.000000,0.000000,0.185909,-0.961362,0.879148,0.232688,0.000000,0.000000,0.000000,0.000000
14.2333,-0.318669,-0.007083,-0.964492,0.531347,0.000000,0.000000,0.000000,0.209567,-0.953315,0.883966,0.256385,0.000000,0.000000,0.000000,0.000000
14.2500,-0.319889,-0.004031,-0.967686,0.513434,0.000000,0.000000,0.000000,0.233494,-0.942777,0.889123,0.281606,0.000000,0.000000,0.000000,0.000000
14.2667,-0.319839,0.000713,-0.971915,0.491874,0.000000,0.000000,0.000000,0.257254,-0.929813,0.894455,0.307913,0.000000,0.000000,0.000000,0.000000
14.2833,-0.318792,0.007132,-0.977140,0.466404,0.000000,0.000000,0.000000,0.280343,-0.914640,0.899755,0.334756,0.000000,0.000000,0.000000,0.000000
14.3000,-0.316996,0.015203,-0.983321,0.436796,0.000000,0.000000,0.000000,0.302224,-0.897653,0.904779,0.361472,0.000000,0.000000,0.000000,0.000000
14.3333,-0.314676,0.024891,-0.990417,0.402879,0.000000,0.000000,0.000000,0.322367,-0.879440,0.909265,0.387319,0.000000,0.000000,0.000000,0.000000
14.3667,-0.312038,0.036157,-0.998376,0.364565,0.000000,0.000000,0.000000,0.340293,-0.860757,0.912948,0.411572,0.000000,0.000000,0.000000,0.000000
14.3833,-0.309271,0.048952,-1.007125,0.321878,0.000000,0.000000,0.000000,0.355630,-0.842476,0.915581,0.433648,0.000000,0.000000,0.000000,0.000000
14.4000,-0.306550,0.063213,-1.016568,0.274990,0.000000,0.000000,0.000000,0.368174,-0.825534,0.916954,0.453192,0.000000,0.000000,0.000000,0.000000
14.5500,-0.304030,0.078850,-1.026577,0.224239,0.000000,0.000000,0.000000,0.377919,-0.810887,0.916910,0.470034,0.000000,0.000000,0.000000,0.000000
14.6500,-0.301845,0.095738,-1.036991,0.170139,0.000000,0.000000,0.000000,0.385004,-0.799409,0.915339,0.484021,0.000000,0.000000,0.000000,0.000000
14.6667,-0.300111,0.113704,-1.047620,0.113367,0.000000,0.000000,0.000000,0.389575,-0.791725,0.912189,0.494880,0.000000,0.000000,0.000000,0.000000
14.7167,-0.298927,0.132510,-1.058239,0.054755,0.000000,0.000000,0.000000,0.391696,-0.788083,0.907459,0.502265,0.000000,0.000000,0.000000,0.000000
14.7333,-0.298388,0.151862,-1.068595,-0.004738,0.000000,0.000000,0.000000,0.391349,-0.788371,0.901207,0.505871,0.000000,0.000000,0.000000,0.000000
14.7500,-0.298588,0.171417,-1.078410,-0.064055,0.000000,0.000000,0.000000,0.388507,-0.792236,0.893541,0.505475,0.000000,0.000000,0.000000,0.000000
14.7667,-0.299615,0.190812,-1.087396,-0.122089,0.000000,0.000000,0.000000,0.383194,-0.799181,0.884615,0.500957,0.000000,0.000000,0.000000,0.000000
14.7833,-0.301534,0.209696,-1.095294,-0.177780,0.000000,0.000000,0.000000,0.375503,-0.808630,0.874625,0.492324,0.000000,0.000000,0.000000,0.000000
14.8000,-0.304359,0.227782,-1.101917,-0.230216,0.000000,0.000000,0.000000,0.365620,-0.819959,0.863804,0.479728,0.000000,0.000000,0.000000,0.000000
14.8167,-0.308042,0.244877,-1.107173,-0.278681,0.000000,0.000000,0.000000,0.353827,-0.832535,0.852422,0.463479,0.000000,0.000000,0.000000,0.000000
14.9000,-0.312487,0.260879,-1.111068,-0.322660,0.000000,0.000000,0.000000,0.340514,-0.845747,0.840777,0.444068,0.000000,0.000000,0.000000,0.000000
14.9167,-0.317563,0.275744,-1.113688,-0.361811,0.000000,0.000000,0.000000,0.326131,-0.859035,0.829173,0.422140,0.000000,0.000000,0.000000,0.000000
14.9333,-0.323127,0.289450,-1.115177,-0.395954,0.000000,0.000000,0.000000,0.311117,-0.871928,0.817884,0.398420,0.000000,0.000000,0.000000,0.000000
14.9500,-0.329046,0.301976,-1.115708,-0.425047,0.000000,0.000000,0.000000,0.295853,-0.884076,0.807131,0.373625,0.000000,0.000000,0.000000,0.000000
14.9667,-0.335211,0.313300,-1.115465,-0.449161,0.000000,0.000000,0.000000,0.280664,-0.895257,0.797076,0.348385,0.000000,0.000000,0.000000,0.000000
14.9833,-0.341535,0.323396,-1.114626,-0.468462,0.000000,0.000000,0.000000,0.265831,-0.905374,0.787832,0.323210,0.000000,0.000000,0.000000,0.000000
15.0000,-0.347960,0.332244,-1.113355,-0.483186,0.000000,0.000000,0.000000,0.251589,-0.914428,0.779462,0.298460,0.000000,0.000000,0.000000,0.000000
15.0167,-0.354442,0.339836,-1.111797,-0.493623,0.000000,0.000000,0.000000,0.238121,-0.922488,0.771995,0.274344,0.000000,0.000000,0.000000,0.000000
15.0333,-0.360949,0.346174,-1.110078,-0.500098,0.000000,0.000000,0.000000,0.225534,-0.929650,0.765428,0.250914,0.000000,0.000000,0.000000,0.000000
15.0500,-0.367448,0.351280,-1.108304,-0.502951,0.000000,0.000000,0.000000,0.213845,-0.936006,0.759733,0.228055,0.000000,0.000000,0.000000,0.000000
15.0667,-0.373906,0.355189,-1.106567,-0.502523,0.000000,0.000000,0.000000,0.202963,-0.941606,0.754865,0.205498,0.000000,0.000000,0.000000,0.000000
15.0833,-0.380287,0.357947,-1.104939,-0.499141,0.000000,0.000000,0.000000,0.192693,-0.946446,0.750766,0.182835,0.000000,0.000000,0.000000,0.000000
15.1000,-0.386552,0.359604,-1.103478,-0.493098,0.000000,0.000000,0.000000,0.182735,-0.950449,0.747381,0.159566,0.000000,0.000000,0.000000,0.000000
15.1167,-0.392666,0.360217,-1.102225,-0.484643,0.000000,0.000000,0.000000,0.172697,-0.953464,0.744653,0.135144,0.000000,0.000000,0.000000,0.000000
15.1333,-0.398595,0.359841,-1.101203,-0.473962,0.000000,0.000000,0.000000,0.162099,-0.955256,0.742535,0.109026,0.000000,0.000000,0.000000,0.000000
15.1500,-0.404310,0.358533,-1.100419,-0.461176,0.000000,0.000000,0.000000,0.150375,-0.955501,0.740990,0.080733,0.000000,0.000000,0.000000,0.000000
15.1667,-0.409788,0.356347,-1.099868,-0.446334,0.000000,0.000000,0.000000,0.136882,-0.953780,0.739990,0.049906,0.000000,0.000000,0.000000,0.000000
15.1833,-0.415011,0.353334,-1.099530,-0.429420,0.000000,0.000000,0.000000,0.120928,-0.949587,0.739526,0.016351,0.000000,0.000000,0.000000,0.000000
15.2000,-0.419972,0.349533,-1.099373,-0.410362,0.000000,0.000000,0.000000,0.101816,-0.942369,0.739603,-0.019923,0.000000,0.000000,0.000000,0.000000
15.2167,-0.424666,0.344983,-1.099354,-0.389057,0.000000,0.000000,0.000000,0.078909,-0.931581,0.740240,-0.058672,0.000000,0.000000,0.000000,0.000000
15.2333,-0.429091,0.339719,-1.099421,-0.365393,0.000000,0.000000,0.000000,0.051698,-0.916753,0.741475,-0.099410,0.000000,0.000000,0.000000,0.000000
15.2500,-0.433235,0.333790,-1.099514,-0.339288,0.000000,0.000000,0.000000,0.019884,-0.897578,0.743348,-0.141411,0.000000,0.000000,0.000000,0.000000
15.2667,-0.437071,0.327261,-1.099573,-0.310710,0.000000,0.000000,0.000000,-0.016535,-0.874002,0.745911,-0.183726,0.000000,0.000000,0.000000,0.000000
15.2833,-0.440547,0.320221,-1.099541,-0.279716,0.000000,0.000000,0.000000,-0.057152,-0.846337,0.749212,-0.225226,0.000000,0.000000,0.000000,0.000000
15.3833,-0.443590,0.312776,-1.099370,-0.246467,0.000000,0.000000,0.000000,-0.101072,-0.815356,0.753298,-0.264683,0.000000,0.000000,0.000000,0.000000
15.4167,-0.446102,0.305035,-1.099030,-0.211237,0.000000,0.000000,0.000000,-0.147007,-0.782223,0.758192,-0.300941,0.000000,0.000000,0.000000,0.000000
15.4500,-0.447975,0.297086,-1.098513,-0.174397,0.000000,0.000000,0.000000,-0.193534,-0.748260,0.763862,-0.333115,0.000000,0.000000,0.000000,0.000000
15.4667,-0.449104,0.288988,-1.097830,-0.136391,0.000000,0.000000,0.000000,-0.239315,-0.714738,0.770220,-0.360716,0.000000,0.000000,0.000000,0.000000
15.4833,-0.449403,0.280777,-1.097005,-0.097698,0.000000,0.000000,0.000000,-0.283178,-0.682776,0.777136,-0.383635,0.000000,0.000000,0.000000,0.000000
15.5000,-0.448820,0.272471,-1.096065,-0.058813,0.000000,0.000000,0.000000,-0.324145,-0.653293,0.784466,-0.402049,0.000000,0.000000,0.000000,0.000000
15.5167,-0.447349,0.264091,-1.095024,-0.020217,0.000000,0.000000,0.000000,-0.361473,-0.626976,0.792067,-0.416307,0.000000,0.000000,0.000000,0.000000
15.5333,-0.445037,0.255675,-1.093875,0.017635,0.000000,0.000000,0.000000,-0.394667,-0.604268,0.799806,-0.426821,0.000000,0.000000,0.000000,0.000000
15.5500,-0.441983,0.247279,-1.092591,0.054334,0.000000,0.000000,0.000000,-0.423486,-0.585389,0.807558,-0.433995,0.000000,0.000000,0.000000,0.000000
15.5667,-0.438324,0.238973,-1.091134,0.089524,0.000000,0.000000,0.000000,-0.447907,-0.570384,0.815197,-0.438196,0.000000,0.000000,0.000000,0.000000
15.6000,-0.434219,0.230825,-1.089459,0.122919,0.000000,0.000000,0.000000,-0.468076,-0.559184,0.822590,-0.439751,0.000000,0.000000,0.000000,0.000000
15.6167,-0.429826,0.222889,-1.087539,0.154302,0.000000,0.000000,0.000000,-0.484255,-0.551651,0.829599,-0.438950,0.000000,0.000000,0.000000,0.000000
15.6333,-0.425287,0.215190,-1.085364,0.183521,0.000000,0.000000,0.000000,-0.496753,-0.547619,0.836088,-0.436052,0.000000,0.000000,0.000000,0.000000
15.6500,-0.420716,0.207729,-1.082954,0.210479,0.000000,0.000000,0.000000,-0.505847,-0.546942,0.841944,-0.431306,0.000000,0.000000,0.000000,0.000000
15.7167,-0.416197,0.200480,-1.080352,0.235125,0.000000,0.000000,0.000000,-0.511719,-0.549518,0.847094,-0.424981,0.000000,0.000000,0.000000,0.000000
15.7333,-0.411782,0.193398,-1.077625,0.257444,0.000000,0.000000,0.000000,-0.514432,-0.555292,0.851515,-0.417339,0.000000,0.000000,0.000000,0.000000
15.7500,-0.407502,0.186434,-1.074849,0.277461,0.000000,0.000000,0.000000,-0.513969,-0.564209,0.855232,-0.408563,0.000000,0.000000,0.000000,0.000000
15.7667,-0.403367,0.179552,-1.072105,0.295231,0.000000,0.000000,0.000000,-0.510286,-0.576178,0.858305,-0.398705,0.000000,0.000000,0.000000,0.000000
15.7833,-0.399377,0.172734,-1.069463,0.310842,0.000000,0.000000,0.000000,-0.503358,-0.591040,0.860820,-0.387684,0.000000,0.000000,0.000000,0.000000
15.8000,-0.395527,0.165997,-1.066983,0.324411,0.000000,0.000000,0.000000,-0.493207,-0.608550,0.862869,-0.375322,0.000000,0.000000,0.000000,0.000000
15.8167,-0.391811,0.159398,-1.064702,0.336069,0.000000,0.000000,0.000000,-0.479930,-0.628371,0.864554,-0.361404,0.000000,0.000000,0.000000,0.000000
15.8333,-0.388219,0.153033,-1.062643,0.345958,0.000000,0.000000,0.000000,-0.463702,-0.650076,0.865971,-0.345737,0.000000,0.000000,0.000000,0.000000
15.8500,-0.384722,0.147030,-1.060817,0.354216,0.000000,0.000000,0.000000,-0.444775,-0.673177,0.867214,-0.328201,0.000000,0.000000,0.000000,0.000000
15.8667,-0.381265,0.141539,-1.059233,0.360970,0.000000,0.000000,0.000000,-0.423457,-0.697155,0.868362,-0.308776,0.000000,0.000000,0.000000,0.000000
15.8833,-0.377752,0.136721,-1.057907,0.366336,0.000000,0.000000,0.000000,-0.400112,-0.721493,0.869478,-0.287549,0.000000,0.000000,0.000000,0.000000
15.9000,-0.374038,0.132730,-1.056868,0.370419,0.000000,0.000000,0.000000,-0.375152,-0.745684,0.870602,-0.264698,0.000000,0.000000,0.000000,0.000000
15.9167,-0.369928,0.129709,-1.056157,0.373330,0.000000,0.000000,0.000000,-0.349047,-0.769229,0.871752,-0.240485,0.000000,0.000000,0.000000,0.000000
15.9333,-0.365176,0.127780,-1.055832,0.375182,0.000000,0.000000,0.000000,-0.322307,-0.791651,0.872925,-0.215248,0.000000,0.000000,0.000000,0.000000
15.9500,-0.359491,0.127050,-1.055964,0.376100,0.000000,0.000000,0.000000,-0.295448,-0.812536,0.874105,-0.189411,0.000000,0.000000,0.000000,0.000000
15.9667,-0.352545,0.127610,-1.056635,0.376210,0.000000,0.000000,0.000000,-0.268938,-0.831581,0.875263,-0.163474,0.000000,0.000000,0.000000,0.000000
15.9833,-0.343984,0.129543,-1.057936,0.375647,0.000000,0.000000,0.000000,-0.243171,-0.848606,0.876370,-0.137975,0.000000,0.000000,0.000000,0.000000
16.0000,-0.333449,0.132926,-1.059955,0.374550,0.000000,0.000000,0.000000,-0.218478,-0.863530,0.877393,-0.113435,0.000000,0.000000,0.000000,0.000000
16.0167,-0.320589,0.137826,-1.062776,0.373071,0.000000,0.000000,0.000000,-0.195148,-0.876314,0.878303,-0.090297,0.000000,0.000000,0.000000,0.000000
16.0333,-0.305085,0.144302,-1.066463,0.371378,0.000000,0.000000,0.000000,-0.173441,-0.886929,0.879069,-0.068890,0.000000,0.000000,0.000000,0.000000
16.0500,-0.286673,0.152392,-1.071057,0.369664,0.000000,0.000000,0.000000,-0.153582,-0.895356,0.879665,-0.049417,0.000000,0.000000,0.000000,0.000000
16.0667,-0.265169,0.162104,-1.076557,0.368158,0.000000,0.000000,0.000000,-0.135728,-0.901611,0.880074,-0.031973,0.000000,0.000000,0.000000,0.000000
16.0833,-0.240494,0.173405,-1.082917,0.367127,0.000000,0.000000,0.000000,-0.119940,-0.905771,0.880293,-0.016564,0.000000,0.000000,0.000000,0.000000
16.1000,-0.212701,0.186202,-1.090031,0.366874,0.000000,0.000000,0.000000,-0.106164,-0.908001,0.880335,-0.003126,0.000000,0.000000,0.000000,0.000000
16.1167,-0.182001,0.200349,-1.097722,0.367730,0.000000,0.000000,0.000000,-0.094240,-0.908547,0.880232,0.008470,0.000000,0.000000,0.000000,0.000000
16.1333,-0.148773,0.215644,-1.105736,0.370018,0.000000,0.000000,0.000000,-0.083912,-0.907723,0.880025,0.018404,0.000000,0.000000,0.000000,0.000000
16.1500,-0.113572,0.231844,-1.113738,0.374014,0.000000,0.000000,0.000000,-0.074861,-0.905879,0.879763,0.026901,0.000000,0.000000,0.000000,0.000000
16.1667,-0.077098,0.248675,-1.121337,0.379895,0.000000,0.000000,0.000000,-0.066733,-0.903367,0.879497,0.034219,0.000000,0.000000,0.000000,0.000000
16.1833,-0.040151,0.265853,-1.128115,0.387683,0.000000,0.000000,0.000000,-0.059165,-0.900511,0.879276,0.040636,0.000000,0.000000,0.000000,0.000000
16.2000,-0.003565,0.283124,-1.133669,0.397205,0.000000,0.000000,0.000000,-0.051802,-0.897584,0.879150,0.046438,0.000000,0.000000,0.000000,0.000000
16.2167,0.031855,0.300302,-1.137655,0.408080,0.000000,0.000000,0.000000,-0.044319,-0.894789,0.879165,0.051926,0.000000,0.000000,0.000000,0.000000
16.2333,0.065382,0.317286,-1.139827,0.419738,0.000000,0.000000,0.000000,-0.036425,-0.892247,0.879366,0.057416,0.000000,0.000000,0.000000,0.000000
16.2500,0.096421,0.334028,-1.140055,0.431501,0.000000,0.000000,0.000000,-0.027870,-0.890004,0.879793,0.063242,0.000000,0.000000,0.000000,0.000000
16.2667,0.124543,0.350474,-1.138338,0.442696,0.000000,0.000000,0.000000,-0.018435,-0.888034,0.880483,0.069755,0.000000,0.000000,0.000000,0.000000
16.2833,0.149492,0.366529,-1.134791,0.452752,0.000000,0.000000,0.000000,-0.007933,-0.886255,0.881472,0.077321,0.000000,0.000000,0.000000,0.000000
16.3000,0.171171,0.382049,-1.129618,0.461253,0.000000,0.000000,0.000000,0.003800,-0.884543,0.882791,0.086320,0.000000,0.000000,0.000000,0.000000
16.3167,0.189606,0.396841,-1.123085,0.467950,0.000000,0.000000,0.000000,0.016899,-0.882751,0.884469,0.097136,0.000000,0.000000,0.000000,0.000000
16.3333,0.204917,0.410679,-1.115497,0.472762,0.000000,0.000000,0.000000,0.031472,-0.880718,0.886518,0.110148,0.000000,0.000000,0.000000,0.000000
16.3500,0.217285,0.423319,-1.107180,0.475753,0.000000,0.000000,0.000000,0.047584,-0.878293,0.888939,0.125706,0.000000,0.000000,0.000000,0.000000
16.3667,0.226927,0.434521,-1.098450,0.477098,0.000000,0.000000,0.000000,0.065254,-0.875339,0.891709,0.144094,0.000000,0.000000,0.000000,0.000000
16.3833,0.234083,0.444074,-1.089601,0.477041,0.000000,0.000000,0.000000,0.084439,-0.871753,0.894773,0.165495,0.000000,0.000000,0.000000,0.000000
16.4000,0.238992,0.451803,-1.080892,0.475863,0.000000,0.000000,0.000000,0.105013,-0.867472,0.898046,0.189948,0.000000,0.000000,0.000000,0.000000
16.4167,0.241883,0.457576,-1.072533,0.473850,0.000000,0.000000,0.000000,0.126739,-0.862492,0.901396,0.217309,0.000000,0.000000,0.000000,0.000000
16.4333,0.242951,0.461295,-1.064693,0.471289,0.000000,0.000000,0.000000,0.149237,-0.856875,0.904638,0.247213,0.000000,0.000000,0.000000,0.000000
16.4500,0.242354,0.462885,-1.057494,0.468452,0.000000,0.000000,0.000000,0.171964,-0.850775,0.907529,0.279045,0.000000,0.000000,0.000000,0.000000
16.5500,0.240203,0.462286,-1.051019,0.465597,0.000000,0.000000,0.000000,0.194223,-0.844454,0.909773,0.311945,0.000000,0.000000,0.000000,0.000000
16.5667,0.236555,0.459444,-1.045314,0.462968,0.000000,0.000000,0.000000,0.215298,-0.838305,0.911061,0.344962,0.000000,0.000000,0.000000,0.000000
16.7667,0.231418,0.454307,-1.040396,0.460783,0.000000,0.000000,0.000000,0.234634,-0.832828,0.911145,0.377258,0.000000,0.000000,0.000000,0.000000
16.8667,0.224755,0.446832,-1.036250,0.459241,0.000000,0.000000,0.000000,0.251915,-0.828501,0.909880,0.408135,0.000000,0.000000,0.000000,0.000000
16.8833,0.216487,0.436989,-1.032835,0.458506,0.000000,0.000000,0.000000,0.267010,-0.825653,0.907232,0.436926,0.000000,0.000000,0.000000,0.000000
16.9000,0.206503,0.424772,-1.030085,0.458712,0.000000,0.000000,0.000000,0.279907,-0.824427,0.903256,0.463003,0.000000,0.000000,0.000000,0.000000
16.9167,0.194671,0.410212,-1.027907,0.459953,0.000000,0.000000,0.000000,0.290684,-0.824841,0.898065,0.485854,0.000000,0.000000,0.000000,0.000000
16.9333,0.180853,0.393391,-1.026185,0.462285,0.000000,0.000000,0.000000,0.299486,-0.826825,0.891811,0.505124,0.000000,0.000000,0.000000,0.000000
16.9500,0.164919,0.374448,-1.024781,0.465716,0.000000,0.000000,0.000000,0.306491,-0.830259,0.884658,0.520600,0.000000,0.000000,0.000000,0.000000
16.9667,0.146764,0.353590,-1.023534,0.470190,0.000000,0.000000,0.000000,0.311877,-0.834979,0.876771,0.532200,0.000000,0.000000,0.000000,0.000000
16.9833,0.126324,0.331096,-1.022267,0.475581,0.000000,0.000000,0.000000,0.315789,-0.840786,0.868304,0.539954,0.000000,0.000000,0.000000,0.000000
17.0000,0.103586,0.307319,-1.020787,0.481684,0.000000,0.000000,0.000000,0.318322,-0.847449,0.859398,0.543978,0.000000,0.000000,0.000000,0.000000
17.0167,0.078600,0.282679,-1.018897,0.488222,0.000000,0.000000,0.000000,0.319512,-0.854705,0.850180,0.544464,0.000000,0.000000,0.000000,0.000000
17.0333,0.051492,0.257652,-1.016406,0.494865,0.000000,0.000000,0.000000,0.319334,-0.862264,0.840769,0.541668,0.000000,0.000000,0.000000,0.000000
17.0500,0.022479,0.232734,-1.013156,0.501250,0.000000,0.000000,0.000000,0.317716,-0.869814,0.831273,0.535898,0.000000,0.000000,0.000000,0.000000
17.0667,-0.008112,0.208409,-1.009050,0.507032,0.000000,0.000000,0.000000,0.314546,-0.877027,0.821791,0.527494,0.000000,0.000000,0.000000,0.000000
17.0833,-0.039819,0.185129,-1.004083,0.511929,0.000000,0.000000,0.000000,0.309696,-0.883574,0.812412,0.516804,0.000000,0.000000,0.000000,0.000000
17.1000,-0.072046,0.163309,-0.998360,0.515748,0.000000,0.000000,0.000000,0.303040,-0.889144,0.803212,0.504166,0.000000,0.000000,0.000000,0.000000
17.1167,-0.104092,0.143327,-0.992093,0.518371,0.000000,0.000000,0.000000,0.294466,-0.893470,0.794256,0.489892,0.000000,0.000000,0.000000,0.000000
17.1333,-0.135223,0.125486,-0.985564,0.519724,0.000000,0.000000,0.000000,0.283888,-0.896343,0.785589,0.474263,0.000000,0.000000,0.000000,0.000000
17.1500,-0.164735,0.109983,-0.979098,0.519740,0.000000,0.000000,0.000000,0.271248,-0.897632,0.777240,0.457526,0.000000,0.000000,0.000000,0.000000
17.1667,-0.192001,0.096894,-0.973031,0.518331,0.000000,0.000000,0.000000,0.256526,-0.897281,0.769222,0.439897,0.000000,0.000000,0.000000,0.000000
17.1833,-0.216515,0.086190,-0.967683,0.515390,0.000000,0.000000,0.000000,0.239743,-0.895312,0.761536,0.421567,0.000000,0.000000,0.000000,0.000000
17.2000,-0.237925,0.077758,-0.963336,0.510787,0.000000,0.000000,0.000000,0.220982,-0.891816,0.754181,0.402694,0.000000,0.000000,0.000000,0.000000
17.2167,-0.256065,0.071426,-0.960211,0.504372,0.000000,0.000000,0.000000,0.200393,-0.886942,0.747154,0.383411,0.000000,0.000000,0.000000,0.000000
17.2333,-0.270944,0.066994,-0.958458,0.495976,0.000000,0.000000,0.000000,0.178187,-0.880879,0.740461,0.363830,0.000000,0.000000,0.000000,0.000000
17.2500,-0.282724,0.064263,-0.958158,0.485406,0.000000,0.000000,0.000000,0.154622,-0.873826,0.734115,0.344045,0.000000,0.000000,0.000000,0.000000
17.2667,-0.291679,0.063048,-0.959339,0.472443,0.000000,0.000000,0.000000,0.129974,-0.865968,0.728140,0.324137,0.000000,0.000000,0.000000,0.000000
17.2833,-0.298153,0.063187,-0.961988,0.456840,0.000000,0.000000,0.000000,0.104526,-0.857467,0.722567,0.304172,0.000000,0.000000,0.000000,0.000000
17.3000,-0.302527,0.064538,-0.966065,0.438337,0.000000,0.000000,0.000000,0.078562,-0.848461,0.717435,0.284215,0.000000,0.000000,0.000000,0.000000
17.3167,-0.305198,0.066975,-0.971513,0.416669,0.000000,0.000000,0.000000,0.052385,-0.839091,0.712785,0.264331,0.000000,0.000000,0.000000,0.000000
17.3333,-0.306554,0.070394,-0.978259,0.391587,0.000000,0.000000,0.000000,0.026329,-0.829520,0.708663,0.244595,0.000000,0.000000,0.000000,0.000000
17.3500,-0.306973,0.074716,-0.986211,0.362874,0.000000,0.000000,0.000000,0.000776,-0.819957,0.705112,0.225103,0.000000,0.000000,0.000000,0.000000
17.3667,-0.306813,0.079896,-0.995254,0.330369,0.000000,0.000000,0.000000,-0.023859,-0.810659,0.702169,0.205973,0.000000,0.000000,0.000000,0.000000
17.3833,-0.306409,0.085924,-1.005238,0.294003,0.000000,0.000000,0.000000,-0.047145,-0.801919,0.699859,0.187323,0.000000,0.000000,0.000000,0.000000
17.4000,-0.306068,0.092811,-1.015977,0.253825,0.000000,0.000000,0.000000,-0.068662,-0.794054,0.698195,0.169243,0.000000,0.000000,0.000000,0.000000
17.4167,-0.306066,0.100562,-1.027249,0.210024,0.000000,0.000000,0.000000,-0.088029,-0.787381,0.697169,0.151764,0.000000,0.000000,0.000000,0.000000
17.4333,-0.306639,0.109152,-1.038798,0.162943,0.000000,0.000000,0.000000,-0.104917,-0.782205,0.696763,0.134839,0.000000,0.000000,0.000000,0.000000
17.4500,-0.307979,0.118503,-1.050340,0.113073,0.000000,0.000000,0.000000,-0.119062,-0.778803,0.696941,0.118335,0.000000,0.000000,0.000000,0.000000
17.4667,-0.310241,0.128484,-1.061569,0.061059,0.000000,0.000000,0.000000,-0.130270,-0.777413,0.697658,0.102042,0.000000,0.000000,0.000000,0.000000
17.4833,-0.313542,0.138934,-1.072161,0.007686,0.000000,0.000000,0.000000,-0.138414,-0.778224,0.698864,0.085679,0.000000,0.000000,0.000000,0.000000
17.5000,-0.317966,0.149677,-1.081782,-0.046149,0.000000,0.000000,0.000000,-0.143443,-0.781360,0.700505,0.068924,0.000000,0.000000,0.000000,0.000000
17.5167,-0.323547,0.160567,-1.090130,-0.099512,0.000000,0.000000,0.000000,-0.145376,-0.786881,0.702531,0.051430,0.000000,0.000000,0.000000,0.000000
17.5333,-0.330248,0.171513,-1.096987,-0.151525,0.000000,0.000000,0.000000,-0.144299,-0.794781,0.704893,0.032853,0.000000,0.000000,0.000000,0.000000
17.5500,-0.337950,0.182500,-1.102251,-0.201426,0.000000,0.000000,0.000000,-0.140357,-0.804994,0.707544,0.012866,0.000000,0.000000,0.000000,0.000000
17.5667,-0.346470,0.193565,-1.105938,-0.248565,0.000000,0.000000,0.000000,-0.133754,-0.817386,0.710444,-0.008823,0.000000,0.000000,0.000000,0.000000
17.5833,-0.355591,0.204748,-1.108153,-0.292401,0.000000,0.000000,0.000000,-0.124756,-0.831750,0.713556,-0.032447,0.000000,0.000000,0.000000,0.000000
17.6000,-0.365080,0.216059,-1.109071,-0.332495,0.000000,0.000000,0.000000,-0.113702,-0.847787,0.716850,-0.058166,0.000000,0.000000,0.000000,0.000000
17.6167,-0.374709,0.227470,-1.108907,-0.368518,0.000000,0.000000,0.000000,-0.101008,-0.865108,0.720303,-0.086048,0.000000,0.000000,0.000000,0.000000
17.6333,-0.384262,0.238923,-1.107893,-0.400248,0.000000,0.000000,0.000000,-0.087160,-0.883238,0.723891,-0.116055,0.000000,0.000000,0.000000,0.000000
17.6500,-0.393551,0.250328,-1.106262,-0.427578,0.000000,0.000000,0.000000,-0.072708,-0.901631,0.727590,-0.148031,0.000000,0.000000,0.000000,0.000000
17.6667,-0.402417,0.261569,-1.104233,-0.450508,0.000000,0.000000,0.000000,-0.058246,-0.919690,0.731372,-0.181683,0.000000,0.000000,0.000000,0.000000
17.6833,-0.410743,0.272503,-1.102003,-0.469132,0.000000,0.000000,0.000000,-0.044399,-0.936790,0.735200,-0.216583,0.000000,0.000000,0.000000,0.000000
17.7000,-0.418455,0.282971,-1.099742,-0.483628,0.000000,0.000000,0.000000,-0.031806,-0.952297,0.739028,-0.252158,0.000000,0.000000,0.000000,0.000000
17.7167,-0.425523,0.292806,-1.097588,-0.494232,0.000000,0.000000,0.000000,-0.021107,-0.965587,0.742795,-0.287697,0.000000,0.000000,0.000000,0.000000
17.7333,-0.431953,0.301841,-1.095654,-0.501218,0.000000,0.000000,0.000000,-0.012938,-0.976066,0.746420,-0.322358,0.000000,0.000000,0.000000,0.000000
17.7500,-0.437781,0.309913,-1.094025,-0.504872,0.000000,0.000000,0.000000,-0.007926,-0.983192,0.749796,-0.355187,0.000000,0.000000,0.000000,0.000000
17.7667,-0.443068,0.316872,-1.092763,-0.505470,0.000000,0.000000,0.000000,-0.006660,-0.986520,0.752781,-0.385143,0.000000,0.000000,0.000000,0.000000
17.7833,-0.447886,0.322586,-1.091907,-0.503254,0.000000,0.000000,0.000000,-0.009622,-0.985787,0.755203,-0.411149,0.000000,0.000000,0.000000,0.000000
17.8000,-0.452317,0.326951,-1.091474,-0.498423,0.000000,0.000000,0.000000,-0.017061,-0.981017,0.756879,-0.432160,0.000000,0.000000,0.000000,0.000000
17.8333,-0.456432,0.329903,-1.091463,-0.491128,0.000000,0.000000,0.000000,-0.028829,-0.972649,0.757661,-0.447263,0.000000,0.000000,0.000000,0.000000
17.8833,-0.460289,0.331422,-1.091858,-0.481474,0.000000,0.000000,0.000000,-0.044219,-0.961610,0.757496,-0.455795,0.000000,0.000000,0.000000,0.000000
17.9667,-0.463914,0.331535,-1.092634,-0.469529,0.000000,0.000000,0.000000,-0.061906,-0.949245,0.756486,-0.457474,0.000000,0.000000,0.000000,0.000000
18.1833,-0.467300,0.330314,-1.093757,-0.455330,0.000000,0.000000,0.000000,-0.080153,-0.937013,0.754891,-0.452427,0.000000,0.000000,0.000000,0.000000
18.2000,-0.470413,0.327865,-1.095189,-0.438882,0.000000,0.000000,0.000000,-0.097210,-0.926120,0.753060,-0.441070,0.000000,0.000000,0.000000,0.000000
18.2167,-0.473190,0.324314,-1.096890,-0.420167,0.000000,0.000000,0.000000,-0.111744,-0.917269,0.751340,-0.423942,0.000000,0.000000,0.000000,0.000000
18.2333,-0.475555,0.319797,-1.098813,-0.399149,0.000000,0.000000,0.000000,-0.123066,-0.910581,0.750008,-0.401636,0.000000,0.000000,0.000000,0.000000
18.3333,-0.477423,0.314446,-1.100908,-0.375781,0.000000,0.000000,0.000000,-0.131155,-0.905646,0.749266,-0.374836,0.000000,0.000000,0.000000,0.000000
18.3500,-0.478714,0.308375,-1.103120,-0.350015,0.000000,0.000000,0.000000,-0.136457,-0.901764,0.749228,-0.344364,0.000000,0.000000,0.000000,0.000000
18.4000,-0.479361,0.301669,-1.105388,-0.321801,0.000000,0.000000,0.000000,-0.139578,-0.898260,0.749921,-0.311166,0.000000,0.000000,0.000000,0.000000
18.4167,-0.479313,0.294385,-1.107652,-0.291114,0.000000,0.000000,0.000000,-0.141089,-0.894661,0.751300,-0.276232,0.000000,0.000000,0.000000,0.000000
18.4333,-0.478537,0.286551,-1.109850,-0.257973,0.000000,0.000000,0.000000,-0.141489,-0.890666,0.753268,-0.240484,0.000000,0.000000,0.000000,0.000000
18.4500,-0.477010,0.278181,-1.111927,-0.222481,0.000000,0.000000,0.000000,-0.141217,-0.886100,0.755703,-0.204727,0.000000,0.000000,0.000000,0.000000
18.4667,-0.474714,0.269283,-1.113838,-0.184853,0.000000,0.000000,0.000000,-0.140642,-0.880901,0.758465,-0.169655,0.000000,0.000000,0.000000,0.000000
18.4833,-0.471632,0.259871,-1.115552,-0.145430,0.000000,0.000000,0.000000,-0.140048,-0.875116,0.761406,-0.135862,0.000000,0.000000,0.000000,0.000000
18.5000,-0.467754,0.249971,-1.117050,-0.104673,0.000000,0.000000,0.000000,-0.139643,-0.868875,0.764381,-0.103845,0.000000,0.000000,0.000000,0.000000
18.5167,-0.463087,0.239626,-1.118321,-0.063136,0.000000,0.000000,0.000000,-0.139566,-0.862360,0.767252,-0.073990,0.000000,0.000000,0.000000,0.000000
18.5333,-0.457663,0.228904,-1.119354,-0.021425,0.000000,0.000000,0.000000,-0.139911,-0.855766,0.769903,-0.046563,0.000000,0.000000,0.000000,0.000000
18.5500,-0.451561,0.217901,-1.120125,0.019858,0.000000,0.000000,0.000000,-0.140733,-0.849274,0.772237,-0.021718,0.000000,0.000000,0.000000,0.000000
18.5667,-0.444910,0.206747,-1.120592,0.060162,0.000000,0.000000,0.000000,-0.142048,-0.843050,0.774185,0.000487,0.000000,0.000000,0.000000,0.000000
18.5833,-0.437890,0.195600,-1.120686,0.099026,0.000000,0.000000,0.000000,-0.143837,-0.837241,0.775701,0.020076,0.000000,0.000000,0.000000,0.000000
18.6000,-0.430730,0.184642,-1.120320,0.136096,0.000000,0.000000,0.000000,-0.146040,-0.831979,0.776762,0.037141,0.000000,0.000000,0.000000,0.000000
18.6167,-0.423679,0.174070,-1.119394,0.171122,0.000000,0.000000,0.000000,-0.148567,-0.827380,0.777367,0.051826,0.000000,0.000000,0.000000,0.000000
18.6333,-0.416988,0.164089,-1.117811,0.203931,0.000000,0.000000,0.000000,-0.151300,-0.823539,0.777534,0.064316,0.000000,0.000000,0.000000,0.000000
18.6500,-0.410879,0.154897,-1.115495,0.234400,0.000000,0.000000,0.000000,-0.154099,-0.820532,0.777295,0.074818,0.000000,0.000000,0.000000,0.000000
18.6667,-0.405518,0.146679,-1.112406,0.262427,0.000000,0.000000,0.000000,-0.156810,-0.818411,0.776699,0.083554,0.000000,0.000000,0.000000,0.000000
18.6833,-0.401003,0.139587,-1.108548,0.287921,0.000000,0.000000,0.000000,-0.159264,-0.817207,0.775805,0.090745,0.000000,0.000000,0.000000,0.000000
18.7000,-0.397345,0.133728,-1.103978,0.310802,0.000000,0.000000,0.000000,-0.161293,-0.816921,0.774683,0.096610,0.000000,0.000000,0.000000,0.000000
18.7167,-0.394474,0.129149,-1.098805,0.331009,0.000000,0.000000,0.000000,-0.162731,-0.817524,0.773411,0.101363,0.000000,0.000000,0.000000,0.000000
18.7333,-0.392242,0.125830,-1.093184,0.348518,0.000000,0.000000,0.000000,-0.163425,-0.818947,0.772074,0.105216,0.000000,0.000000,0.000000,0.000000
18.7500,-0.390439,0.123692,-1.087305,0.363358,0.000000,0.000000,0.000000,-0.163234,-0.821093,0.770762,0.108380,0.000000,0.000000,0.000000,0.000000
18.7667,-0.388812,0.122609,-1.081370,0.375617,0.000000,0.000000,0.000000,-0.162028,-0.823837,0.769566,0.111074,0.000000,0.000000,0.000000,0.000000
18.7833,-0.387086,0.122435,-1.075586,0.385442,0.000000,0.000000,0.000000,-0.159691,-0.827037,0.768580,0.113518,0.000000,0.000000,0.000000,0.000000
18.8000,-0.384982,0.123021,-1.070143,0.393030,0.000000,0.000000,0.000000,-0.156114,-0.830538,0.767892,0.115934,0.000000,0.000000,0.000000,0.000000
18.8167,-0.382229,0.124237,-1.065215,0.398617,0.000000,0.000000,0.000000,-0.151194,-0.834180,0.767593,0.118533,0.000000,0.000000,0.000000,0.000000
18.8333,-0.378562,0.125986,-1.060950,0.402465,0.000000,0.000000,0.000000,-0.144830,-0.837800,0.767768,0.121510,0.000000,0.000000,0.000000,0.000000
18.8500,-0.373723,0.128209,-1.057475,0.404847,0.000000,0.000000,0.000000,-0.136925,-0.841232,0.768500,0.125028,0.000000,0.000000,0.000000,0.000000
18.8667,-0.367453,0.130896,-1.054893,0.406034,0.000000,0.000000,0.000000,-0.127383,-0.844308,0.769874,0.129215,0.000000,0.000000,0.000000,0.000000
18.8833,-0.359482,0.134074,-1.053289,0.406290,0.000000,0.000000,0.000000,-0.116116,-0.846856,0.771970,0.134157,0.000000,0.000000,0.000000,0.000000
18.9000,-0.349533,0.137812,-1.052734,0.405860,0.000000,0.000000,0.000000,-0.103047,-0.848699,0.774865,0.139891,0.000000,0.000000,0.000000,0.000000
18.9167,-0.337326,0.142209,-1.053282,0.404976,0.000000,0.000000,0.000000,-0.088125,-0.849657,0.778631,0.146407,0.000000,0.000000,0.000000,0.000000
18.9333,-0.322582,0.147391,-1.054973,0.403850,0.000000,0.000000,0.000000,-0.071328,-0.849548,0.783332,0.153643,0.000000,0.000000,0.000000,0.000000
18.9500,-0.305040,0.153496,-1.057828,0.402684,0.000000,0.000000,0.000000,-0.052678,-0.848202,0.789015,0.161487,0.000000,0.000000,0.000000,0.000000
18.9667,-0.284478,0.160658,-1.061846,0.401679,0.000000,0.000000,0.000000,-0.032250,-0.845467,0.795705,0.169777,0.000000,0.000000,0.000000,0.000000
18.9833,-0.260735,0.168988,-1.066994,0.401052,0.000000,0.000000,0.000000,-0.010187,-0.841227,0.803401,0.178306,0.000000,0.000000,0.000000,0.000000
19.0000,-0.233745,0.178553,-1.073202,0.401034,0.000000,0.000000,0.000000,0.013287,-0.835412,0.812058,0.186831,0.000000,0.000000,0.000000,0.000000
19.0167,-0.203556,0.189370,-1.080348,0.401865,0.000000,0.000000,0.000000,0.037844,-0.828013,0.821586,0.195083,0.000000,0.000000,0.000000,0.000000
19.0333,-0.170366,0.201397,-1.088248,0.403777,0.000000,0.000000,0.000000,0.063044,-0.819095,0.831832,0.202779,0.000000,0.000000,0.000000,0.000000
19.0500,-0.134539,0.214547,-1.096642,0.406961,0.000000,0.000000,0.000000,0.088327,-0.808824,0.842579,0.209626,0.000000,0.000000,0.000000,0.000000
19.0667,-0.096614,0.228692,-1.105198,0.411533,0.000000,0.000000,0.000000,0.113033,-0.797496,0.853537,0.215321,0.000000,0.000000,0.000000,0.000000
19.0833,-0.057285,0.243682,-1.113522,0.417498,0.000000,0.000000,0.000000,0.136422,-0.785572,0.864346,0.219561,0.000000,0.000000,0.000000,0.000000
19.1667,-0.017355,0.259353,-1.121195,0.424723,0.000000,0.000000,0.000000,0.157732,-0.773694,0.874589,0.222093,0.000000,0.000000,0.000000,0.000000
19.1833,0.022330,0.275541,-1.127811,0.432940,0.000000,0.000000,0.000000,0.176299,-0.762674,0.883827,0.222870,0.000000,0.000000,0.000000,0.000000
19.3000,0.060948,0.292105,-1.133023,0.441772,0.000000,0.000000,0.000000,0.191720,-0.753421,0.891665,0.222233,0.000000,0.000000,0.000000,0.000000
19.3167,0.097757,0.308926,-1.136572,0.450781,0.000000,0.000000,0.000000,0.203896,-0.746800,0.897790,0.220864,0.000000,0.000000,0.000000,0.000000
19.3333,0.132138,0.325881,-1.138306,0.459510,0.000000,0.000000,0.000000,0.212950,-0.743442,0.902000,0.219485,0.000000,0.000000,0.000000,0.000000
19.3500,0.163604,0.342804,-1.138178,0.467544,0.000000,0.000000,0.000000,0.219123,-0.743648,0.904208,0.218538,0.000000,0.000000,0.000000,0.000000
19.4000,0.191807,0.359464,-1.136235,0.474548,0.000000,0.000000,0.000000,0.222735,-0.747388,0.904446,0.218032,0.000000,0.000000,0.000000,0.000000
19.4333,0.216522,0.375571,-1.132600,0.480296,0.000000,0.000000,0.000000,0.224153,-0.754373,0.902861,0.217596,0.000000,0.000000,0.000000,0.000000
19.4500,0.237634,0.390788,-1.127457,0.484679,0.000000,0.000000,0.000000,0.223769,-0.764122,0.899685,0.216682,0.000000,0.000000,0.000000,0.000000
19.4667,0.255119,0.404753,-1.121038,0.487707,0.000000,0.000000,0.000000,0.221986,-0.776045,0.895216,0.214783,0.000000,0.000000,0.000000,0.000000
19.5667,0.269025,0.417089,-1.113608,0.489496,0.000000,0.000000,0.000000,0.219233,-0.789506,0.889799,0.211563,0.000000,0.000000,0.000000,0.000000
19.5833,0.279454,0.427421,-1.105443,0.490251,0.000000,0.000000,0.000000,0.215932,-0.803885,0.883789,0.206925,0.000000,0.000000,0.000000,0.000000
19.6000,0.286541,0.435404,-1.096816,0.490229,0.000000,0.000000,0.000000,0.212442,-0.818625,0.877513,0.200978,0.000000,0.000000,0.000000,0.000000
19.6167,0.290440,0.440745,-1.087976,0.489706,0.000000,0.000000,0.000000,0.209010,-0.833256,0.871231,0.193955,0.000000,0.000000,0.000000,0.000000
19.6333,0.291318,0.443224,-1.079141,0.488934,0.000000,0.000000,0.000000,0.205773,-0.847407,0.865135,0.186110,0.000000,0.000000,0.000000,0.000000
19.6500,0.289351,0.442709,-1.070493,0.488112,0.000000,0.000000,0.000000,0.202768,-0.860797,0.859350,0.177653,0.000000,0.000000,0.000000,0.000000
19.6667,0.284723,0.439165,-1.062181,0.487363,0.000000,0.000000,0.000000,0.199946,-0.873227,0.853942,0.168709,0.000000,0.000000,0.000000,0.000000
19.6833,0.277632,0.432652,-1.054325,0.486729,0.000000,0.000000,0.000000,0.197191,-0.884571,0.848932,0.159314,0.000000,0.000000,0.000000,0.000000
19.7000,0.268282,0.423324,-1.047019,0.486179,0.000000,0.000000,0.000000,0.194341,-0.894757,0.844306,0.149412,0.000000,0.000000,0.000000,0.000000
19.7167,0.256879,0.411421,-1.040330,0.485625,0.000000,0.000000,0.000000,0.191195,-0.903752,0.840029,0.138874,0.000000,0.000000,0.000000,0.000000
19.7333,0.243627,0.397262,-1.034301,0.484945,0.000000,0.000000,0.000000,0.187518,-0.911537,0.836051,0.127500,0.000000,0.000000,0.000000,0.000000
19.7500,0.228727,0.381236,-1.028950,0.483997,0.000000,0.000000,0.000000,0.183037,-0.918088,0.832314,0.115036,0.000000,0.000000,0.000000,0.000000
19.7667,0.212386,0.363796,-1.024275,0.482635,0.000000,0.000000,0.000000,0.177434,-0.923351,0.828759,0.101171,0.000000,0.000000,0.000000,0.000000
19.7833,0.194821,0.345436,-1.020255,0.480717,0.000000,0.000000,0.000000,0.170346,-0.927224,0.825326,0.085558,0.000000,0.000000,0.000000,0.000000
19.8000,0.176268,0.326665,-1.016862,0.478120,0.000000,0.000000,0.000000,0.161358,-0.929548,0.821959,0.067835,0.000000,0.000000,0.000000,0.000000
19.8167,0.156981,0.307980,-1.014062,0.474751,0.000000,0.000000,0.000000,0.150017,-0.930112,0.818611,0.047656,0.000000,0.000000,0.000000,0.000000
19.8333,0.137222,0.289817,-1.011820,0.470576,0.000000,0.000000,0.000000,0.135845,-0.928655,0.815238,0.024731,0.000000,0.000000,0.000000,0.000000
19.8500,0.117248,0.272523,-1.010106,0.465646,0.000000,0.000000,0.000000,0.118362,-0.924884,0.811810,-0.001146,0.000000,0.000000,0.000000,0.000000
19.8667,0.097291,0.256321,-1.008890,0.460100,0.000000,0.000000,0.000000,0.097126,-0.918502,0.808311,-0.030070,0.000000,0.000000,0.000000,0.000000
19.8833,0.077542,0.241306,-1.008141,0.454163,0.000000,0.000000,0.000000,0.071782,-0.909244,0.804743,-0.061994,0.000000,0.000000,0.000000,0.000000
19.9000,0.058140,0.227462,-1.007817,0.448129,0.000000,0.000000,0.000000,0.042115,-0.896913,0.801130,-0.096702,0.000000,0.000000,0.000000,0.000000
19.9167,0.039166,0.214680,-1.007864,0.442327,0.000000,0.000000,0.000000,0.008095,-0.881431,0.797517,-0.133773,0.000000,0.000000,0.000000,0.000000
19.9333,0.020634,0.202792,-1.008209,0.437084,0.000000,0.000000,0.000000,-0.030070,-0.862879,0.793963,-0.172551,0.000000,0.000000,0.000000,0.000000
19.9500,0.002499,0.191600,-1.008756,0.432700,0.000000,0.000000,0.000000,-0.071880,-0.841573,0.790538,-0.212133,0.000000,0.000000,0.000000,0.000000
19.9667,-0.015339,0.180901,-1.009388,0.429412,0.000000,0.000000,0.000000,-0.116460,-0.818155,0.787307,-0.251400,0.000000,0.000000,0.000000,0.000000
20.0667,-0.033015,0.170509,-1.009973,0.427393,0.000000,0.000000,0.000000,-0.162498,-0.793676,0.784330,-0.289095,0.000000,0.000000,0.000000,0.000000
20.0833,-0.050682,0.160262,-1.010375,0.426748,0.000000,0.000000,0.000000,-0.208380,-0.769487,0.781638,-0.323974,0.000000,0.000000,0.000000,0.000000
20.1333,-0.068484,0.150036,-1.010465,0.427511,0.000000,0.000000,0.000000,-0.252473,-0.746956,0.779229,-0.354965,0.000000,0.000000,0.000000,0.000000
20.1667,-0.086539,0.139761,-1.010137,0.429657,0.000000,0.000000,0.000000,-0.293348,-0.727229,0.777080,-0.381270,0.000000,0.000000,0.000000,0.000000
20.1833,-0.104923,0.129428,-1.009313,0.433096,0.000000,0.000000,0.000000,-0.329840,-0.711148,0.775174,-0.402381,0.000000,0.000000,0.000000,0.000000
20.2000,-0.123661,0.119089,-1.007951,0.437682,0.000000,0.000000,0.000000,-0.361083,-0.699236,0.773509,-0.418038,0.000000,0.000000,0.000000,0.000000
20.2167,-0.142725,0.108846,-1.006041,0.443209,0.000000,0.000000,0.000000,-0.386555,-0.691698,0.772084,-0.428145,0.000000,0.000000,0.000000,0.000000
20.2333,-0.162032,0.098836,-1.003602,0.449411,0.000000,0.000000,0.000000,-0.406092,-0.688410,0.770911,-0.432715,0.000000,0.000000,0.000000,0.000000
20.2500,-0.181446,0.089221,-1.000681,0.455967,0.000000,0.000000,0.000000,-0.419879,-0.688924,0.770028,-0.431832,0.000000,0.000000,0.000000,0.000000
20.3500,-0.200794,0.080177,-0.997345,0.462512,0.000000,0.000000,0.000000,-0.428336,-0.692561,0.769515,-0.425671,0.000000,0.000000,0.000000,0.000000
20.4500,-0.219883,0.071888,-0.993676,0.468662,0.000000,0.000000,0.000000,-0.431842,-0.698699,0.769510,-0.414571,0.000000,0.000000,0.000000,0.000000
20.4667,-0.238530,0.064527,-0.989758,0.474054,0.000000,0.000000,0.000000,-0.430530,-0.707022,0.770173,-0.399069,0.000000,0.000000,0.000000,0.000000
20.4833,-0.256579,0.058243,-0.985678,0.478374,0.000000,0.000000,0.000000,-0.424402,-0.717440,0.771621,-0.379830,0.000000,0.000000,0.000000,0.000000
20.5000,-0.273911,0.053141,-0.981518,0.481387,0.000000,0.000000,0.000000,-0.413541,-0.729865,0.773907,-0.357571,0.000000,0.000000,0.000000,0.000000
20.5167,-0.290441,0.049270,-0.977362,0.482949,0.000000,0.000000,0.000000,-0.398176,-0.744119,0.777020,-0.333028,0.000000,0.000000,0.000000,0.000000
20.5333,-0.306105,0.046612,-0.973298,0.483003,0.000000,0.000000,0.000000,-0.378674,-0.759934,0.780914,-0.306934,0.000000,0.000000,0.000000,0.000000
20.5500,-0.320844,0.045085,-0.969429,0.481558,0.000000,0.000000,0.000000,-0.355533,-0.776948,0.785509,-0.279976,0.000000,0.000000,0.000000,0.000000
20.5667,-0.334584,0.044569,-0.965870,0.478655,0.000000,0.000000,0.000000,-0.329396,-0.794703,0.790701,-0.252758,0.000000,0.000000,0.000000,0.000000
20.5833,-0.347234,0.044925,-0.962743,0.474333,0.000000,0.000000,0.000000,-0.301052,-0.812629,0.796366,-0.225792,0.000000,0.000000,0.000000,0.000000
20.6167,-0.358693,0.046014,-0.960176,0.468620,0.000000,0.000000,0.000000,-0.271414,-0.830079,0.802365,-0.199506,0.000000,0.000000,0.000000,0.000000
20.6333,-0.368866,0.047709,-0.958287,0.461527,0.000000,0.000000,0.000000,-0.241422,-0.846407,0.808554,-0.174274,0.000000,0.000000,0.000000,0.000000
20.6500,-0.377677,0.049899,-0.957177,0.453048,0.000000,0.000000,0.000000,-0.211930,-0.861074,0.814796,-0.150419,0.000000,0.000000,0.000000,0.000000
20.6667,-0.385079,0.052492,-0.956926,0.443164,0.000000,0.000000,0.000000,-0.183635,-0.873705,0.820966,-0.128197,0.000000,0.000000,0.000000,0.000000
20.6833,-0.391056,0.055417,-0.957590,0.431840,0.000000,0.000000,0.000000,-0.157070,-0.884083,0.826957,-0.107775,0.000000,0.000000,0.000000,0.000000
20.7000,-0.395624,0.058619,-0.959206,0.419023,0.000000,0.000000,0.000000,-0.132620,-0.892129,0.832678,-0.089229,0.000000,0.000000,0.000000,0.000000
20.7167,-0.398824,0.062054,-0.961791,0.404642,0.000000,0.000000,0.000000,-0.110534,-0.897878,0.838051,-0.072547,0.000000,0.000000,0.000000,0.000000
20.7333,-0.400724,0.065688,-0.965344,0.388611,0.000000,0.000000,0.000000,-0.090938,-0.901466,0.843014,-0.057644,0.000000,0.000000,0.000000,0.000000
20.7500,-0.401418,0.069494,-0.969847,0.370832,0.000000,0.000000,0.000000,-0.073846,-0.903115,0.847520,-0.044381,0.000000,0.000000,0.000000,0.000000
20.7667,-0.401025,0.073456,-0.975265,0.351192,0.000000,0.000000,0.000000,-0.059171,-0.903116,0.851537,-0.032588,0.000000,0.000000,0.000000,0.000000
20.7833,-0.399683,0.077579,-0.981545,0.329564,0.000000,0.000000,0.000000,-0.046732,-0.901812,0.855054,-0.022077,0.000000,0.000000,0.000000,0.000000
20.8000,-0.397551,0.081894,-0.988614,0.305807,0.000000,0.000000,0.000000,-0.036281,-0.899570,0.858072,-0.012658,0.000000,0.000000,0.000000,0.000000
20.8167,-0.394806,0.086470,-0.996376,0.279768,0.000000,0.000000,0.000000,-0.027522,-0.896751,0.860611,-0.004143,0.000000,0.000000,0.000000,0.000000
20.8333,-0.391637,0.091405,-1.004712,0.251293,0.000000,0.000000,0.000000,-0.020133,-0.893690,0.862702,0.003641,0.000000,0.000000,0.000000,0.000000
20.8500,-0.388252,0.096817,-1.013478,0.220248,0.000000,0.000000,0.000000,-0.013776,-0.890679,0.864391,0.010852,0.000000,0.000000,0.000000,0.000000
20.8667,-0.384868,0.102832,-1.022511,0.186533,0.000000,0.000000,0.000000,-0.008110,-0.887952,0.865736,0.017638,0.000000,0.000000,0.000000,0.000000
20.8833,-0.381712,0.109564,-1.031630,0.150093,0.000000,0.000000,0.000000,-0.002803,-0.885675,0.866807,0.024140,0.000000,0.000000,0.000000,0.000000
20.9000,-0.379003,0.117106,-1.040651,0.110929,0.000000,0.000000,0.000000,0.002465,-0.883944,0.867687,0.030513,0.000000,0.000000,0.000000,0.000000
20.9167,-0.376943,0.125516,-1.049391,0.069115,0.000000,0.000000,0.000000,0.007998,-0.882790,0.868461,0.036931,0.000000,0.000000,0.000000,0.000000
20.9333,-0.375701,0.134817,-1.057684,0.024814,0.000000,0.000000,0.000000,0.014080,-0.882189,0.869219,0.043603,0.000000,0.000000,0.000000,0.000000
20.9500,-0.375403,0.144984,-1.065378,-0.021692,0.000000,0.000000,0.000000,0.020982,-0.882074,0.870053,0.050780,0.000000,0.000000,0.000000,0.000000
20.9667,-0.376130,0.155949,-1.072341,-0.069974,0.000000,0.000000,0.000000,0.028962,-0.882341,0.871050,0.058761,0.000000,0.000000,0.000000,0.000000
20.9833,-0.377923,0.167604,-1.078454,-0.119429,0.000000,0.000000,0.000000,0.038260,-0.882857,0.872296,0.067886,0.000000,0.000000,0.000000,0.000000
21.0000,-0.380793,0.179810,-1.083611,-0.169266,0.000000,0.000000,0.000000,0.049099,-0.883461,0.873869,0.078522,0.000000,0.000000,0.000000,0.000000
21.0167,-0.384719,0.192416,-1.087718,-0.218529,0.000000,0.000000,0.000000,0.061675,-0.883963,0.875844,0.091043,0.000000,0.000000,0.000000,0.000000
21.0333,-0.389638,0.205256,-1.090727,-0.266196,0.000000,0.000000,0.000000,0.076142,-0.884140,0.878283,0.105799,0.000000,0.000000,0.000000,0.000000
21.0500,-0.395429,0.218158,-1.092678,-0.311317,0.000000,0.000000,0.000000,0.092593,-0.883729,0.881239,0.123082,0.000000,0.000000,0.000000,0.000000
21.0667,-0.401917,0.230922,-1.093706,-0.353108,0.000000,0.000000,0.000000,0.111034,-0.882426,0.884743,0.143088,0.000000,0.000000,0.000000,0.000000
21.0833,-0.408898,0.243308,-1.094017,-0.390983,0.000000,0.000000,0.000000,0.131358,-0.879892,0.888803,0.165878,0.000000,0.000000,0.000000,0.000000
21.1000,-0.416171,0.255050,-1.093846,-0.424542,0.000000,0.000000,0.000000,0.153325,-0.875773,0.893389,0.191347,0.000000,0.000000,0.000000,0.000000
21.1167,-0.423553,0.265882,-1.093427,-0.453550,0.000000,0.000000,0.000000,0.176542,-0.869731,0.898430,0.219175,0.000000,0.000000,0.000000,0.000000
21.1333,-0.430897,0.275560,-1.092977,-0.477909,0.000000,0.000000,0.000000,0.200457,-0.861491,0.903799,0.248792,0.000000,0.000000,0.000000,0.000000
21.1500,-0.438084,0.283877,-1.092681,-0.497627,0.000000,0.000000,0.000000,0.224362,-0.850901,0.909312,0.279332,0.000000,0.000000,0.000000,0.000000
21.2500,-0.445023,0.290676,-1.092693,-0.512796,0.000000,0.000000,0.000000,0.247419,-0.837979,0.914725,0.309650,0.000000,0.000000,0.000000,0.000000
21.2667,-0.451642,0.295861,-1.093132,-0.523559,0.000000,0.000000,0.000000,0.268764,-0.822957,0.919770,0.338492,0.000000,0.000000,0.000000,0.000000
21.2833,-0.457876,0.299400,-1.094079,-0.530080,0.000000,0.000000,0.000000,0.287649,-0.806276,0.924191,0.364776,0.000000,0.000000,0.000000,0.000000
21.3000,-0.463671,0.301321,-1.095582,-0.532523,0.000000,0.000000,0.000000,0.303531,-0.788563,0.927774,0.387777,0.000000,0.000000,0.000000,0.000000
21.3167,-0.468978,0.301705,-1.097652,-0.531032,0.000000,0.000000,0.000000,0.316101,-0.770605,0.930339,0.407151,0.000000,0.000000,0.000000,0.000000
21.3333,-0.473753,0.300683,-1.100263,-0.525719,0.000000,0.000000,0.000000,0.325292,-0.753331,0.931740,0.422903,0.000000,0.000000,0.000000,0.000000
21.4167,-0.477951,0.298429,-1.103358,-0.516664,0.000000,0.000000,0.000000,0.331260,-0.737749,0.931864,0.435329,0.000000,0.000000,0.000000,0.000000
21.4333,-0.481527,0.295157,-1.106846,-0.503919,0.000000,0.000000,0.000000,0.334308,-0.724826,0.930623,0.444920,0.000000,0.000000,0.000000,0.000000
21.4500,-0.484434,0.291103,-1.110608,-0.487511,0.000000,0.000000,0.000000,0.334769,-0.715316,0.927961,0.452203,0.000000,0.000000,0.000000,0.000000
21.4667,-0.486625,0.286508,-1.114509,-0.467454,0.000000,0.000000,0.000000,0.332920,-0.709665,0.923848,0.457596,0.000000,0.000000,0.000000,0.000000
21.4833,-0.488056,0.281586,-1.118407,-0.443760,0.000000,0.000000,0.000000,0.328947,-0.707985,0.918291,0.461317,0.000000,0.000000,0.000000,0.000000
21.5000,-0.488691,0.276505,-1.122164,-0.416448,0.000000,0.000000,0.000000,0.322959,-0.710084,0.911348,0.463349,0.000000,0.000000,0.000000,0.000000
21.5500,-0.488503,0.271366,-1.125654,-0.385555,0.000000,0.000000,0.000000,0.315007,-0.715501,0.903131,0.463453,0.000000,0.000000,0.000000,0.000000
21.5667,-0.487485,0.266203,-1.128768,-0.351153,0.000000,0.000000,0.000000,0.305132,-0.723586,0.893814,0.461246,0.000000,0.000000,0.000000,0.000000
21.5833,-0.485648,0.260990,-1.131411,-0.313368,0.000000,0.000000,0.000000,0.293428,-0.733603,0.883632,0.456329,0.000000,0.000000,0.000000,0.000000
21.6000,-0.483021,0.255656,-1.133504,-0.272412,0.000000,0.000000,0.000000,0.280085,-0.744805,0.872864,0.448403,0.000000,0.000000,0.000000,0.000000
21.6167,-0.479644,0.250098,-1.134989,-0.228596,0.000000,0.000000,0.000000,0.265408,-0.756492,0.861826,0.437341,0.000000,0.000000,0.000000,0.000000
21.6333,-0.475567,0.244196,-1.135832,-0.182347,0.000000,0.000000,0.000000,0.249831,-0.768056,0.850853,0.423243,0.000000,0.000000,0.000000,0.000000
21.7167,-0.470850,0.237833,-1.136021,-0.134193,0.000000,0.000000,0.000000,0.233907,-0.779026,0.840283,0.406464,0.000000,0.000000,0.000000,0.000000
21.7333,-0.465562,0.230901,-1.135559,-0.084739,0.000000,0.000000,0.000000,0.218241,-0.789088,0.830429,0.387580,0.000000,0.000000,0.000000,0.000000
21.7500,-0.459796,0.223327,-1.134459,-0.034637,0.000000,0.000000,0.000000,0.203392,-0.798082,0.821538,0.367283,0.000000,0.000000,0.000000,0.000000
21.7667,-0.453673,0.215086,-1.132727,0.015429,0.000000,0.000000,0.000000,0.189799,-0.805984,0.813768,0.346258,0.000000,0.000000,0.000000,0.000000
21.7833,-0.447334,0.206214,-1.130365,0.064770,0.000000,0.000000,0.000000,0.177777,-0.812881,0.807196,0.325087,0.000000,0.000000,0.000000,0.000000
21.8000,-0.440929,0.196801,-1.127373,0.112711,0.000000,0.000000,0.000000,0.167523,-0.818943,0.801823,0.304205,0.000000,0.000000,0.000000,0.000000
21.8167,-0.434605,0.186983,-1.123764,0.158627,0.000000,0.000000,0.000000,0.159131,-0.824391,0.797594,0.283892,0.000000,0.000000,0.000000,0.000000
21.8333,-0.428491,0.176914,-1.119566,0.201974,0.000000,0.000000,0.000000,0.152606,-0.829461,0.794413,0.264278,0.000000,0.000000,0.000000,0.000000
21.8500,-0.422694,0.166747,-1.114828,0.242307,0.000000,0.000000,0.000000,0.147876,-0.834390,0.792156,0.245354,0.000000,0.000000,0.000000,0.000000
21.8667,-0.417294,0.156622,-1.109621,0.279284,0.000000,0.000000,0.000000,0.144808,-0.839394,0.790686,0.226997,0.000000,0.000000,0.000000,0.000000
21.8833,-0.412348,0.146658,-1.104033,0.312664,0.000000,0.000000,0.000000,0.143224,-0.844663,0.789858,0.208981,0.000000,0.000000,0.000000,0.000000
21.9000,-0.407891,0.136963,-1.098160,0.342296,0.000000,0.000000,0.000000,0.142898,-0.850343,0.789531,0.190996,0.000000,0.000000,0.000000,0.000000
21.9167,-0.403941,0.127645,-1.092097,0.368098,0.000000,0.000000,0.000000,0.143563,-0.856531,0.789566,0.172669,0.000000,0.000000,0.000000,0.000000
21.9333,-0.400500,0.118826,-1.085937,0.390041,0.000000,0.000000,0.000000,0.144909,-0.863266,0.789835,0.153584,0.000000,0.000000,0.000000,0.000000
21.9500,-0.397558,0.110641,-1.079763,0.408147,0.000000,0.000000,0.000000,0.146584,-0.870512,0.790220,0.133314,0.000000,0.000000,0.000000,0.000000
21.9667,-0.395095,0.103221,-1.073647,0.422492,0.000000,0.000000,0.000000,0.148198,-0.878154,0.790623,0.111443,0.000000,0.000000,0.000000,0.000000
21.9833,-0.393086,0.096681,-1.067654,0.433219,0.000000,0.000000,0.000000,0.149330,-0.885982,0.790966,0.087597,0.000000,0.000000,0.000000,0.000000
22.0000,-0.391505,0.091099,-1.061837,0.440544,0.000000,0.000000,0.000000,0.149532,-0.893684,0.791202,0.061461,0.000000,0.000000,0.000000,0.000000
22.0167,-0.390319,0.086505,-1.056246,0.444751,0.000000,0.000000,0.000000,0.148343,-0.900842,0.791319,0.032797,0.000000,0.000000,0.000000,0.000000
22.0333,-0.389492,0.082880,-1.050930,0.446181,0.000000,0.000000,0.000000,0.145302,-0.906935,0.791346,0.001459,0.000000,0.000000,0.000000,0.000000
22.0500,-0.388979,0.080160,-1.045940,0.445216,0.000000,0.000000,0.000000,0.139969,-0.911358,0.791353,-0.032593,0.000000,0.000000,0.000000,0.000000
22.0667,-0.388721,0.078251,-1.041329,0.442264,0.000000,0.000000,0.000000,0.131941,-0.913449,0.791451,-0.069270,0.000000,0.000000,0.000000,0.000000
22.0833,-0.388642,0.077035,-1.037152,0.437740,0.000000,0.000000,0.000000,0.120866,-0.912529,0.791779,-0.108337,0.000000,0.000000,0.000000,0.000000
22.1000,-0.388649,0.076389,-1.033467,0.432050,0.000000,0.000000,0.000000,0.106433,-0.907940,0.792488,-0.149396,0.000000,0.000000,0.000000,0.000000
22.1167,-0.388630,0.076196,-1.030325,0.425576,0.000000,0.000000,0.000000,0.088382,-0.899105,0.793715,-0.191879,0.000000,0.000000,0.000000,0.000000
22.1333,-0.388449,0.076363,-1.027775,0.418664,0.000000,0.000000,0.000000,0.066531,-0.885613,0.795566,-0.235043,0.000000,0.000000,0.000000,0.000000
22.1500,-0.387944,0.076827,-1.025861,0.411611,0.000000,0.000000,0.000000,0.040865,-0.867347,0.798099,-0.277988,0.000000,0.000000,0.000000,0.000000
22.2000,-0.386928,0.077558,-1.024624,0.404662,0.000000,0.000000,0.000000,0.011676,-0.844650,0.801334,-0.319712,0.000000,0.000000,0.000000,0.000000
22.3000,-0.385185,0.078561,-1.024103,0.398015,0.000000,0.000000,0.000000,-0.020315,-0.818432,0.805258,-0.359247,0.000000,0.000000,0.000000,0.000000
22.3167,-0.382474,0.079872,-1.024337,0.391826,0.000000,0.000000,0.000000,-0.054043,-0.790032,0.809836,-0.395814,0.000000,0.000000,0.000000,0.000000
22.3333,-0.378539,0.081556,-1.025363,0.386218,0.000000,0.000000,0.000000,-0.088395,-0.760855,0.814993,-0.428875,0.000000,0.000000,0.000000,0.000000
22.3500,-0.373111,0.083702,-1.027213,0.381285,0.000000,0.000000,0.000000,-0.122459,-0.732087,0.820607,-0.458091,0.000000,0.000000,0.000000,0.000000
22.3667,-0.365917,0.086424,-1.029914,0.377105,0.000000,0.000000,0.000000,-0.155604,-0.704607,0.826524,-0.483266,0.000000,0.000000,0.000000,0.000000
22.3833,-0.356689,0.089853,-1.033482,0.373739,0.000000,0.000000,0.000000,-0.187454,-0.679002,0.832572,-0.504298,0.000000,0.000000,0.000000,0.000000
22.4333,-0.345174,0.094139,-1.037920,0.371238,0.000000,0.000000,0.000000,-0.217835,-0.655612,0.838580,-0.521149,0.000000,0.000000,0.000000,0.000000
22.4500,-0.331140,0.099444,-1.043212,0.369654,0.000000,0.000000,0.000000,-0.246709,-0.634603,0.844386,-0.533843,0.000000,0.000000,0.000000,0.000000
22.4667,-0.314391,0.105931,-1.049320,0.369035,0.000000,0.000000,0.000000,-0.274089,-0.616055,0.849852,-0.542472,0.000000,0.000000,0.000000,0.000000
22.4833,-0.294779,0.113757,-1.056178,0.369441,0.000000,0.000000,0.000000,-0.299974,-0.600040,0.854860,-0.547217,0.000000,0.000000,0.000000,0.000000
22.5000,-0.272219,0.123050,-1.063693,0.370942,0.000000,0.000000,0.000000,-0.324288,-0.586681,0.859320,-0.548348,0.000000,0.000000,0.000000,0.000000
22.5167,-0.246705,0.133884,-1.071742,0.373630,0.000000,0.000000,0.000000,-0.346843,-0.576174,0.863173,-0.546218,0.000000,0.000000,0.000000,0.000000
22.5333,-0.218329,0.146268,-1.080167,0.377613,0.000000,0.000000,0.000000,-0.367329,-0.568792,0.866388,-0.541246,0.000000,0.000000,0.000000,0.000000
22.5500,-0.187287,0.160126,-1.088776,0.382996,0.000000,0.000000,0.000000,-0.385320,-0.564859,0.868972,-0.533886,0.000000,0.000000,0.000000,0.000000
22.5667,-0.153895,0.175309,-1.097344,0.389862,0.000000,0.000000,0.000000,-0.400313,-0.564705,0.870964,-0.524580,0.000000,0.000000,0.000000,0.000000
22.5833,-0.118581,0.191602,-1.105612,0.398239,0.000000,0.000000,0.000000,-0.411777,-0.568619,0.872437,-0.513706,0.000000,0.000000,0.000000,0.000000
22.6000,-0.081883,0.208747,-1.113301,0.408063,0.000000,0.000000,0.000000,-0.419215,-0.576798,0.873485,-0.501518,0.000000,0.000000,0.000000,0.000000
22.6167,-0.044418,0.226469,-1.120127,0.419139,0.000000,0.000000,0.000000,-0.422207,-0.589304,0.874222,-0.488115,0.000000,0.000000,0.000000,0.000000
22.6333,-0.006863,0.244511,-1.125822,0.431124,0.000000,0.000000,0.000000,-0.420462,-0.606032,0.874768,-0.473436,0.000000,0.000000,0.000000,0.000000
22.6500,0.030077,0.262656,-1.130155,0.443540,0.000000,0.000000,0.000000,-0.413843,-0.626696,0.875250,-0.457299,0.000000,0.000000,0.000000,0.000000
22.6667,0.065688,0.280716,-1.132950,0.455842,0.000000,0.000000,0.000000,-0.402377,-0.650825,0.875791,-0.439469,0.000000,0.000000,0.000000,0.000000
22.6833,0.099291,0.298496,-1.134100,0.467501,0.000000,0.000000,0.000000,-0.386259,-0.677797,0.876504,-0.419725,0.000000,0.000000,0.000000,0.000000
22.7000,0.130287,0.315764,-1.133576,0.478076,0.000000,0.000000,0.000000,-0.365850,-0.706864,0.877483,-0.397911,0.000000,0.000000,0.000000,0.000000
22.7167,0.158194,0.332236,-1.131426,0.487245,0.000000,0.000000,0.000000,-0.341676,-0.737186,0.878787,-0.373959,0.000000,0.000000,0.000000,0.000000
22.7333,0.182641,0.347583,-1.127770,0.494806,0.000000,0.000000,0.000000,-0.314406,-0.767875,0.880440,-0.347914,0.000000,0.000000,0.000000,0.000000
22.7500,0.203360,0.361440,-1.122778,0.500666,0.000000,0.000000,0.000000,-0.284818,-0.798034,0.882427,-0.319947,0.000000,0.000000,0.000000,0.000000
22.7667,0.220160,0.373415,-1.116664,0.504830,0.000000,0.000000,0.000000,-0.253754,-0.826813,0.884699,-0.290362,0.000000,0.000000,0.000000,0.000000
22.7833,0.232906,0.383107,-1.109661,0.507397,0.000000,0.000000,0.000000,-0.222062,-0.853452,0.887185,-0.259585,0.000000,0.000000,0.000000,0.000000
22.8000,0.241506,0.390127,-1.102009,0.508535,0.000000,0.000000,0.000000,-0.190538,-0.877338,0.889803,-0.228138,0.000000,0.000000,0.000000,0.000000
22.8167,0.245894,0.394131,-1.093935,0.508455,0.000000,0.000000,0.000000,-0.159869,-0.898045,0.892467,-0.196600,0.000000,0.000000,0.000000,0.000000
22.8333,0.246038,0.394847,-1.085639,0.507370,0.000000,0.000000,0.000000,-0.130604,-0.915353,0.895099,-0.165556,0.000000,0.000000,0.000000,0.000000
22.8500,0.241939,0.392103,-1.077287,0.505465,0.000000,0.000000,0.000000,-0.103148,-0.929236,0.897631,-0.135548,0.000000,0.000000,0.000000,0.000000
22.8667,0.233644,0.385835,-1.069008,0.502878,0.000000,0.000000,0.000000,-0.077772,-0.939832,0.899999,-0.107037,0.000000,0.000000,0.000000,0.000000
22.8833,0.221241,0.376093,-1.060892,0.499708,0.000000,0.000000,0.000000,-0.054633,-0.947401,0.902151,-0.080390,0.000000,0.000000,0.000000,0.000000
22.9000,0.204876,0.363040,-1.053001,0.496027,0.000000,0.000000,0.000000,-0.033793,-0.952286,0.904042,-0.055869,0.000000,0.000000,0.000000,0.000000
22.9167,0.184756,0.346943,-1.045361,0.491896,0.000000,0.000000,0.000000,-0.015251,-0.954865,0.905634,-0.033638,0.000000,0.000000,0.000000,0.000000
22.9333,0.161167,0.328182,-1.037976,0.487369,0.000000,0.000000,0.000000,0.001045,-0.955524,0.906894,-0.013767,0.000000,0.000000,0.000000,0.000000
22.9500,0.134498,0.307255,-1.030833,0.482494,0.000000,0.000000,0.000000,0.015193,-0.954638,0.907805,0.003748,0.000000,0.000000,0.000000,0.000000
22.9667,0.105259,0.284782,-1.023911,0.477300,0.000000,0.000000,0.000000,0.027337,-0.952558,0.908367,0.018979,0.000000,0.000000,0.000000,0.000000
22.9833,0.074100,0.261475,-1.017204,0.471805,0.000000,0.000000,0.000000,0.037660,-0.949602,0.908597,0.032051,0.000000,0.000000,0.000000,0.000000
23.0000,0.041817,0.238087,-1.010734,0.466018,0.000000,0.000000,0.000000,0.046381,-0.946045,0.908530,0.043139,0.000000,0.000000,0.000000,0.000000
23.0167,0.009312,0.215346,-1.004581,0.459971,0.000000,0.000000,0.000000,0.053744,-0.942114,0.908218,0.052468,0.000000,0.000000,0.000000,0.000000
23.0333,-0.022515,0.193882,-0.998867,0.453742,0.000000,0.000000,0.000000,0.060010,-0.937984,0.907723,0.060306,0.000000,0.000000,0.000000,0.000000
23.0500,-0.052885,0.174171,-0.993729,0.447439,0.000000,0.000000,0.000000,0.065450,-0.933765,0.907117,0.066953,0.000000,0.000000,0.000000,0.000000
23.0667,-0.081199,0.156525,-0.989286,0.441155,0.000000,0.000000,0.000000,0.070330,-0.929506,0.906478,0.072728,0.000000,0.000000,0.000000,0.000000
23.0833,-0.107048,0.141129,-0.985630,0.434937,0.000000,0.000000,0.000000,0.074908,-0.925189,0.905892,0.077948,0.000000,0.000000,0.000000,0.000000
23.1000,-0.130189,0.128076,-0.982826,0.428765,0.000000,0.000000,0.000000,0.079424,-0.920737,0.905446,0.082918,0.000000,0.000000,0.000000,0.000000
23.1167,-0.150525,0.117395,-0.980919,0.422541,0.000000,0.000000,0.000000,0.084102,-0.916019,0.905236,0.087920,0.000000,0.000000,0.000000,0.000000
23.1333,-0.168072,0.109067,-0.979938,0.416090,0.000000,0.000000,0.000000,0.089147,-0.910863,0.905358,0.093203,0.000000,0.000000,0.000000,0.000000
23.1500,-0.182935,0.103042,-0.979902,0.409165,0.000000,0.000000,0.000000,0.094741,-0.905063,0.905909,0.098977,0.000000,0.000000,0.000000,0.000000
23.1667,-0.195280,0.099247,-0.980828,0.401466,0.000000,0.000000,0.000000,0.101039,-0.898400,0.906979,0.105402,0.000000,0.000000,0.000000,0.000000
23.1833,-0.205314,0.097598,-0.982732,0.392651,0.000000,0.000000,0.000000,0.108165,-0.890656,0.908654,0.112581,0.000000,0.000000,0.000000,0.000000
23.2000,-0.213266,0.098004,-0.985639,0.382357,0.000000,0.000000,0.000000,0.116202,-0.881627,0.911003,0.120548,0.000000,0.000000,0.000000,0.000000
23.2167,-0.219377,0.100366,-0.989578,0.370220,0.000000,0.000000,0.000000,0.125182,-0.871151,0.914078,0.129263,0.000000,0.000000,0.000000,0.000000
23.2333,-0.223895,0.104579,-0.994578,0.355889,0.000000,0.000000,0.000000,0.135082,-0.859115,0.917900,0.138607,0.000000,0.000000,0.000000,0.000000
23.2500,-0.227072,0.110543,-1.000668,0.339042,0.000000,0.000000,0.000000,0.145799,-0.845473,0.922457,0.148389,0.000000,0.000000,0.000000,0.000000
23.2667,-0.229163,0.118159,-1.007862,0.319394,0.000000,0.000000,0.000000,0.157133,-0.830258,0.927682,0.158340,0.000000,0.000000,0.000000,0.000000
23.2833,-0.230419,0.127335,-1.016161,0.296701,0.000000,0.000000,0.000000,0.168779,-0.813607,0.933452,0.168107,0.000000,0.000000,0.000000,0.000000
23.3000,-0.231089,0.137973,-1.025542,0.270775,0.000000,0.000000,0.000000,0.180348,-0.795806,0.939583,0.177252,0.000000,0.000000,0.000000,0.000000
23.3667,-0.231421,0.149964,-1.035952,0.241495,0.000000,0.000000,0.000000,0.191416,-0.777333,0.945839,0.185306,0.000000,0.000000,0.000000,0.000000
23.3833,-0.231659,0.163168,-1.047298,0.208836,0.000000,0.000000,0.000000,0.201608,-0.758874,0.951950,0.191954,0.000000,0.000000,0.000000,0.000000
23.4000,-0.232042,0.177399,-1.059440,0.172877,0.000000,0.000000,0.000000,0.210699,-0.741319,0.957633,0.197319,0.000000,0.000000,0.000000,0.000000
23.6000,-0.232804,0.192408,-1.072185,0.133824,0.000000,0.000000,0.000000,0.218675,-0.725718,0.962605,0.202104,0.000000,0.000000,0.000000,0.000000
23.6167,-0.234177,0.207878,-1.085275,0.092014,0.000000,0.000000,0.000000,0.225713,-0.713153,0.966595,0.207427,0.000000,0.000000,0.000000,0.000000
23.6333,-0.236396,0.223433,-1.098380,0.047939,0.000000,0.000000,0.000000,0.232088,-0.704553,0.969357,0.214461,0.000000,0.000000,0.000000,0.000000
23.6500,-0.239705,0.238662,-1.111096,0.002249,0.000000,0.000000,0.000000,0.238089,-0.700560,0.970693,0.224139,0.000000,0.000000,0.000000,0.000000
23.6667,-0.244352,0.253126,-1.122954,-0.044295,0.000000,0.000000,0.000000,0.243978,-0.701513,0.970460,0.237022,0.000000,0.000000,0.000000,0.000000
23.6833,-0.250562,0.266364,-1.133469,-0.090916,0.000000,0.000000,0.000000,0.249972,-0.707460,0.968576,0.253217,0.000000,0.000000,0.000000,0.000000
23.7000,-0.258506,0.277935,-1.142193,-0.136895,0.000000,0.000000,0.000000,0.256226,-0.718166,0.965033,0.272322,0.000000,0.000000,0.000000,0.000000
23.7833,-0.268275,0.287475,-1.148772,-0.181588,0.000000,0.000000,0.000000,0.262809,-0.733102,0.959908,0.293436,0.000000,0.000000,0.000000,0.000000
23.8500,-0.279860,0.294757,-1.152985,-0.224404,0.000000,0.000000,0.000000,0.269677,-0.751465,0.953358,0.315315,0.000000,0.000000,0.000000,0.000000
23.8667,-0.293137,0.299721,-1.154775,-0.264794,0.000000,0.000000,0.000000,0.276664,-0.772242,0.945598,0.336645,0.000000,0.000000,0.000000,0.000000
23.8833,-0.307871,0.302477,-1.154251,-0.302241,0.000000,0.000000,0.000000,0.283518,-0.794346,0.936874,0.356270,0.000000,0.000000,0.000000,0.000000
23.9000,-0.323732,0.303286,-1.151674,-0.336296,0.000000,0.000000,0.000000,0.289953,-0.816727,0.927439,0.373292,0.000000,0.000000,0.000000,0.000000
23.9167,-0.340312,0.302519,-1.147417,-0.366611,0.000000,0.000000,0.000000,0.295680,-0.838429,0.917546,0.387077,0.000000,0.000000,0.000000,0.000000
23.9333,-0.357160,0.300600,-1.141924,-0.392965,0.000000,0.000000,0.000000,0.300438,-0.858631,0.907440,0.397235,0.000000,0.000000,0.000000,0.000000
23.9500,-0.373816,0.297952,-1.135665,-0.415264,0.000000,0.000000,0.000000,0.303997,-0.876662,0.897348,0.403587,0.000000,0.000000,0.000000,0.000000
23.9667,-0.389842,0.294962,-1.129101,-0.433530,0.000000,0.000000,0.000000,0.306166,-0.892016,0.887470,0.406129,0.000000,0.000000,0.000000,0.000000
23.9833,-0.404860,0.291933,-1.122659,-0.447875,0.000000,0.000000,0.000000,0.306791,-0.904341,0.877973,0.405006,0.000000,0.000000,0.000000,0.000000
24.0000,-0.418576,0.289063,-1.116705,-0.458470,0.000000,0.000000,0.000000,0.305752,-0.913439,0.868987,0.400484,0.000000,0.000000,0.000000,0.000000
24.0167,-0.430796,0.286423,-1.111537,-0.465512,0.000000,0.000000,0.000000,0.302964,-0.919251,0.860605,0.392926,0.000000,0.000000,0.000000,0.000000
24.0333,-0.441422,0.283967,-1.107375,-0.469202,0.000000,0.000000,0.000000,0.298383,-0.921854,0.852881,0.382766,0.000000,0.000000,0.000000,0.000000
24.0500,-0.450445,0.281550,-1.104373,-0.469730,0.000000,0.000000,0.000000,0.292019,-0.921445,0.845839,0.370482,0.000000,0.000000,0.000000,0.000000
24.0667,-0.457917,0.278964,-1.102623,-0.467259,0.000000,0.000000,0.000000,0.283944,-0.918328,0.839475,0.356570,0.000000,0.000000,0.000000,0.000000
24.0833,-0.463936,0.275972,-1.102163,-0.461925,0.000000,0.000000,0.000000,0.274311,-0.912911,0.833765,0.341514,0.000000,0.000000,0.000000,0.000000
24.1000,-0.468630,0.272340,-1.102987,-0.453836,0.000000,0.000000,0.000000,0.263364,-0.905684,0.828673,0.325763,0.000000,0.000000,0.000000,0.000000
24.1167,-0.472141,0.267866,-1.105044,-0.443074,0.000000,0.000000,0.000000,0.251435,-0.897208,0.824159,0.309705,0.000000,0.000000,0.000000,0.000000
24.1333,-0.474607,0.262412,-1.108245,-0.429708,0.000000,0.000000,0.000000,0.238927,-0.888085,0.820179,0.293648,0.000000,0.000000,0.000000,0.000000
24.1500,-0.476154,0.255924,-1.112463,-0.413798,0.000000,0.000000,0.000000,0.226280,-0.878927,0.816683,0.277813,0.000000,0.000000,0.000000,0.000000
24.1667,-0.476888,0.248451,-1.117536,-0.395413,0.000000,0.000000,0.000000,0.213933,-0.870329,0.813619,0.262318,0.000000,0.000000,0.000000,0.000000
24.1833,-0.476890,0.240149,-1.123265,-0.374646,0.000000,0.000000,0.000000,0.202299,-0.862836,0.810932,0.247183,0.000000,0.000000,0.000000,0.000000
24.2000,-0.476220,0.231274,-1.129420,-0.351617,0.000000,0.000000,0.000000,0.191731,-0.856918,0.808562,0.232332,0.000000,0.000000,0.000000,0.000000
24.2167,-0.474926,0.222164,-1.135744,-0.326479,0.000000,0.000000,0.000000,0.182505,-0.852953,0.806446,0.217603,0.000000,0.000000,0.000000,0.000000
24.2333,-0.473046,0.213201,-1.141969,-0.299412,0.000000,0.000000,0.000000,0.174797,-0.851208,0.804523,0.202757,0.000000,0.000000,0.000000,0.000000
24.2500,-0.470616,0.204769,-1.147826,-0.270618,0.000000,0.000000,0.000000,0.168672,-0.851837,0.802728,0.187504,0.000000,0.000000,0.000000,0.000000
24.2667,-0.467674,0.197203,-1.153070,-0.240305,0.000000,0.000000,0.000000,0.164086,-0.854877,0.800997,0.171516,0.000000,0.000000,0.000000,0.000000
24.2833,-0.464256,0.190753,-1.157496,-0.208696,0.000000,0.000000,0.000000,0.160888,-0.860248,0.799270,0.154446,0.000000,0.000000,0.000000,0.000000
24.3000,-0.460391,0.185565,-1.160959,-0.176034,0.000000,0.000000,0.000000,0.158824,-0.867757,0.797496,0.135951,0.000000,0.000000,0.000000,0.000000
24.3167,-0.456092,0.181678,-1.163378,-0.142591,0.000000,0.000000,0.000000,0.157545,-0.877089,0.795632,0.115707,0.000000,0.000000,0.000000,0.000000
24.3333,-0.451352,0.179033,-1.164746,-0.108674,0.000000,0.000000,0.000000,0.156613,-0.887812,0.793652,0.093420,0.000000,0.000000,0.000000,0.000000
24.3500,-0.446156,0.177486,-1.165115,-0.074619,0.000000,0.000000,0.000000,0.155522,-0.899395,0.791548,0.068842,0.000000,0.000000,0.000000,0.000000
24.3667,-0.440487,0.176836,-1.164584,-0.040780,0.000000,0.000000,0.000000,0.153719,-0.911219,0.789335,0.041790,0.000000,0.000000,0.000000,0.000000
24.3833,-0.434343,0.176849,-1.163278,-0.007504,0.000000,0.000000,0.000000,0.150634,-0.922596,0.787058,0.012167,0.000000,0.000000,0.000000,0.000000
24.4000,-0.427749,0.177293,-1.161324,0.024882,0.000000,0.000000,0.000000,0.145700,-0.932787,0.784790,-0.020016,0.000000,0.000000,0.000000,0.000000
24.4167,-0.420767,0.177957,-1.158839,0.056098,0.000000,0.000000,0.000000,0.138366,-0.941020,0.782635,-0.054623,0.000000,0.000000,0.000000,0.000000
24.4333,-0.413494,0.178678,-1.155912,0.085915,0.000000,0.000000,0.000000,0.128116,-0.946512,0.780722,-0.091388,0.000000,0.000000,0.000000,0.000000
24.4500,-0.406054,0.179341,-1.152608,0.114162,0.000000,0.000000,0.000000,0.114490,-0.948501,0.779202,-0.129904,0.000000,0.000000,0.000000,0.000000
24.4667,-0.398581,0.179877,-1.148976,0.140712,0.000000,0.000000,0.000000,0.097105,-0.946282,0.778243,-0.169627,0.000000,0.000000,0.000000,0.000000
24.4833,-0.391205,0.180240,-1.145058,0.165477,0.000000,0.000000,0.000000,0.075676,-0.939243,0.778019,-0.209875,0.000000,0.000000,0.000000,0.000000
24.5000,-0.384034,0.180401,-1.140901,0.188402,0.000000,0.000000,0.000000,0.050041,-0.926912,0.778698,-0.249826,0.000000,0.000000,0.000000,0.000000
24.5167,-0.377158,0.180331,-1.136559,0.209465,0.000000,0.000000,0.000000,0.020201,-0.909036,0.780431,-0.288532,0.000000,0.000000,0.000000,0.000000
24.5333,-0.370637,0.180012,-1.132091,0.228662,0.000000,0.000000,0.000000,-0.013606,-0.885675,0.783336,-0.324928,0.000000,0.000000,0.000000,0.000000
24.6000,-0.364504,0.179440,-1.127563,0.246012,0.000000,0.000000,0.000000,-0.050859,-0.857275,0.787486,-0.357894,0.000000,0.000000,0.000000,0.000000
24.6167,-0.358765,0.178641,-1.123043,0.261539,0.000000,0.000000,0.000000,-0.090775,-0.824657,0.792892,-0.386410,0.000000,0.000000,0.000000,0.000000
24.6333,-0.353390,0.177671,-1.118600,0.275280,0.000000,0.000000,0.000000,-0.132397,-0.788927,0.799487,-0.409787,0.000000,0.000000,0.000000,0.000000
24.6667,-0.348318,0.176617,-1.114300,0.287286,0.000000,0.000000,0.000000,-0.174700,-0.751352,0.807119,-0.427797,0.000000,0.000000,0.000000,0.000000
24.6833,-0.343462,0.175587,-1.110203,0.297625,0.000000,0.000000,0.000000,-0.216674,-0.713239,0.815574,-0.440654,0.000000,0.000000,0.000000,0.000000
24.7000,-0.338714,0.174699,-1.106362,0.306392,0.000000,0.000000,0.000000,-0.257398,-0.675802,0.824616,-0.448882,0.000000,0.000000,0.000000,0.000000
24.7167,-0.333947,0.174076,-1.102819,0.313705,0.000000,0.000000,0.000000,-0.296084,-0.640072,0.834014,-0.453183,0.000000,0.000000,0.000000,0.000000
24.7333,-0.329019,0.173847,-1.099606,0.319697,0.000000,0.000000,0.000000,-0.332101,-0.606870,0.843568,-0.454339,0.000000,0.000000,0.000000,0.000000
24.7500,-0.323776,0.174140,-1.096751,0.324511,0.000000,0.000000,0.000000,-0.364987,-0.576796,0.853100,-0.453130,0.000000,0.000000,0.000000,0.000000
24.7667,-0.318046,0.175079,-1.094285,0.328290,0.000000,0.000000,0.000000,-0.394449,-0.550248,0.862461,-0.450283,0.000000,0.000000,0.000000,0.000000
24.7833,-0.311637,0.176771,-1.092242,0.331180,0.000000,0.000000,0.000000,-0.420360,-0.527449,0.871513,-0.446427,0.000000,0.000000,0.000000,0.000000
24.8000,-0.304338,0.179293,-1.090665,0.333331,0.000000,0.000000,0.000000,-0.442744,-0.508479,0.880125,-0.442068,0.000000,0.000000,0.000000,0.000000
24.8167,-0.295927,0.182690,-1.089609,0.334889,0.000000,0.000000,0.000000,-0.461748,-0.493323,0.888169,-0.437573,0.000000,0.000000,0.000000,0.000000
24.8333,-0.286181,0.186970,-1.089137,0.336003,0.000000,0.000000,0.000000,-0.477588,-0.481902,0.895526,-0.433187,0.000000,0.000000,0.000000,0.000000
24.8500,-0.274893,0.192108,-1.089316,0.336823,0.000000,0.000000,0.000000,-0.490515,-0.474112,0.902087,-0.429047,0.000000,0.000000,0.000000,0.000000
24.8667,-0.261886,0.198052,-1.090204,0.337500,0.000000,0.000000,0.000000,-0.500774,-0.469830,0.907762,-0.425190,0.000000,0.000000,0.000000,0.000000
24.8833,-0.247036,0.204742,-1.091837,0.338185,0.000000,0.000000,0.000000,-0.508596,-0.468915,0.912487,-0.421551,0.000000,0.000000,0.000000,0.000000
24.9000,-0.230292,0.212120,-1.094212,0.339025,0.000000,0.000000,0.000000,-0.514178,-0.471193,0.916234,-0.417961,0.000000,0.000000,0.000000,0.000000
24.9167,-0.211696,0.220147,-1.097273,0.340142,0.000000,0.000000,0.000000,-0.517673,-0.476460,0.919016,-0.414166,0.000000,0.000000,0.000000,0.000000
24.9500,-0.191392,0.228810,-1.100898,0.341622,0.000000,0.000000,0.000000,-0.519166,-0.484485,0.920899,-0.409852,0.000000,0.000000,0.000000,0.000000
24.9667,-0.169638,0.238125,-1.104900,0.343498,0.000000,0.000000,0.000000,-0.518665,-0.495021,0.921998,-0.404672,0.000000,0.000000,0.000000,0.000000
24.9833,-0.146807,0.248124,-1.109026,0.345748,0.000000,0.000000,0.000000,-0.516110,-0.507826,0.922463,-0.398270,0.000000,0.000000,0.000000,0.000000
25.0000,-0.123383,0.258836,-1.112979,0.348294,0.000000,0.000000,0.000000,-0.511388,-0.522667,0.922464,-0.390306,0.000000,0.000000,0.000000,0.000000
25.0167,-0.099915,0.270266,-1.116444,0.351022,0.000000,0.000000,0.000000,-0.504349,-0.539333,0.922180,-0.380486,0.000000,0.000000,0.000000,0.000000
25.0333,-0.076941,0.282379,-1.119140,0.353803,0.000000,0.000000,0.000000,-0.494818,-0.557632,0.921787,-0.368598,0.000000,0.000000,0.000000,0.000000
25.0500,-0.054931,0.295111,-1.120850,0.356515,0.000000,0.000000,0.000000,-0.482611,-0.577395,0.921457,-0.354542,0.000000,0.000000,0.000000,0.000000
25.0667,-0.034249,0.308379,-1.121443,0.359067,0.000000,0.000000,0.000000,-0.467542,-0.598481,0.921347,-0.338348,0.000000,0.000000,0.000000,0.000000
25.0833,-0.015143,0.322077,-1.120871,0.361403,0.000000,0.000000,0.000000,-0.449446,-0.620772,0.921593,-0.320183,0.000000,0.000000,0.000000,0.000000
25.1000,0.002245,0.336063,-1.119166,0.363502,0.000000,0.000000,0.000000,-0.428207,-0.644167,0.922298,-0.300329,0.000000,0.000000,0.000000,0.000000
25.1167,0.017866,0.350152,-1.116428,0.365381,0.000000,0.000000,0.000000,-0.403812,-0.668538,0.923520,-0.279152,0.000000,0.000000,0.000000,0.000000
25.1333,0.031740,0.364111,-1.112806,0.367080,0.000000,0.000000,0.000000,-0.376401,-0.693683,0.925272,-0.257062,0.000000,0.000000,0.000000,0.000000
25.1500,0.043931,0.377669,-1.108480,0.368659,0.000000,0.000000,0.000000,-0.346325,-0.719254,0.927523,-0.234466,0.000000,0.000000,0.000000,0.000000
25.2000,0.054533,0.390534,-1.103644,0.370180,0.000000,0.000000,0.000000,-0.314190,-0.744717,0.930192,-0.211719,0.000000,0.000000,0.000000,0.000000
25.2167,0.063653,0.402408,-1.098492,0.371700,0.000000,0.000000,0.000000,-0.280823,-0.769388,0.933157,-0.189094,0.000000,0.000000,0.000000,0.000000
25.2333,0.071396,0.413008,-1.093199,0.373272,0.000000,0.000000,0.000000,-0.247156,-0.792543,0.936266,-0.166787,0.000000,0.000000,0.000000,0.000000
25.2500,0.077863,0.422074,-1.087923,0.374950,0.000000,0.000000,0.000000,-0.214110,-0.813541,0.939356,-0.144943,0.000000,0.000000,0.000000,0.000000
25.2667,0.083146,0.429378,-1.082802,0.376802,0.000000,0.000000,0.000000,-0.182494,-0.831896,0.942269,-0.123683,0.000000,0.000000,0.000000,0.000000
25.2833,0.087327,0.434721,-1.077951,0.378910,0.000000,0.000000,0.000000,-0.152952,-0.847323,0.944867,-0.103131,0.000000,0.000000,0.000000,0.000000
25.3000,0.090472,0.437937,-1.073468,0.381383,0.000000,0.000000,0.000000,-0.125927,-0.859749,0.947042,-0.083418,0.000000,0.000000,0.000000,0.000000
25.3167,0.092632,0.438891,-1.069429,0.384349,0.000000,0.000000,0.000000,-0.101670,-0.869287,0.948722,-0.064678,0.000000,0.000000,0.000000,0.000000
25.3333,0.093836,0.437478,-1.065892,0.387949,0.000000,0.000000,0.000000,-0.080270,-0.876190,0.949865,-0.047036,0.000000,0.000000,0.000000,0.000000
25.3500,0.094087,0.433620,-1.062898,0.392333,0.000000,0.000000,0.000000,-0.061685,-0.880811,0.950455,-0.030604,0.000000,0.000000,0.000000,0.000000
25.3667,0.093362,0.427269,-1.060473,0.397640,0.000000,0.000000,0.000000,-0.045769,-0.883555,0.950500,-0.015480,0.000000,0.000000,0.000000,0.000000
25.3833,0.091615,0.418406,-1.058618,0.403982,0.000000,0.000000,0.000000,-0.032298,-0.884858,0.950027,-0.001740,0.000000,0.000000,0.000000,0.000000
25.4000,0.088776,0.407056,-1.057316,0.411419,0.000000,0.000000,0.000000,-0.020985,-0.885150,0.949084,0.010567,0.000000,0.000000,0.000000,0.000000
25.4167,0.084763,0.393297,-1.056518,0.419936,0.000000,0.000000,0.000000,-0.011509,-0.884829,0.947730,0.021434,0.000000,0.000000,0.000000,0.000000
25.4333,0.079484,0.377281,-1.056148,0.429417,0.000000,0.000000,0.000000,-0.003531,-0.884237,0.946035,0.030902,0.000000,0.000000,0.000000,0.000000
25.4500,0.072847,0.359250,-1.056092,0.439624,0.000000,0.000000,0.000000,0.003284,-0.883647,0.944073,0.039061,0.000000,0.000000,0.000000,0.000000
25.4667,0.064768,0.339552,-1.056201,0.450191,0.000000,0.000000,0.000000,0.009261,-0.883257,0.941923,0.046042,0.000000,0.000000,0.000000,0.000000
25.4833,0.055171,0.318639,-1.056292,0.460648,0.000000,0.000000,0.000000,0.014700,-0.883198,0.939664,0.052011,0.000000,0.000000,0.000000,0.000000
25.5000,0.044004,0.297039,-1.056156,0.470473,0.000000,0.000000,0.000000,0.019872,-0.883537,0.937372,0.057158,0.000000,0.000000,0.000000,0.000000
25.5167,0.031242,0.275296,-1.055579,0.479169,0.000000,0.000000,0.000000,0.025010,-0.884285,0.935118,0.061689,0.000000,0.000000,0.000000,0.000000
25.5333,0.016904,0.253901,-1.054367,0.486322,0.000000,0.000000,0.000000,0.030310,-0.885407,0.932966,0.065823,0.000000,0.000000,0.000000,0.000000
25.5500,0.001078,0.233255,-1.052367,0.491642,0.000000,0.000000,0.000000,0.035940,-0.886839,0.930969,0.069793,0.000000,0.000000,0.000000,0.000000
25.5667,-0.016066,0.213665,-1.049496,0.494959,0.000000,0.000000,0.000000,0.042039,-0.888497,0.929174,0.073842,0.000000,0.000000,0.000000,0.000000
25.5833,-0.034264,0.195373,-1.045753,0.496233,0.000000,0.000000,0.000000,0.048731,-0.890286,0.927619,0.078225,0.000000,0.000000,0.000000,0.000000
25.6000,-0.053165,0.178566,-1.041228,0.495540,0.000000,0.000000,0.000000,0.056131,-0.892105,0.926337,0.083204,0.000000,0.000000,0.000000,0.000000
25.6167,-0.072361,0.163392,-1.036084,0.493059,0.000000,0.000000,0.000000,0.064344,-0.893851,0.925355,0.089040,0.000000,0.000000,0.000000,0.000000
25.6333,-0.091418,0.149958,-1.030541,0.489037,0.000000,0.000000,0.000000,0.073465,-0.895409,0.924700,0.095981,0.000000,0.000000,0.000000,0.000000
25.6500,-0.109917,0.138316,-1.024842,0.483746,0.000000,0.000000,0.000000,0.083568,-0.896651,0.924391,0.104243,0.000000,0.000000,0.000000,0.000000
25.6667,-0.127492,0.128471,-1.019226,0.477445,0.000000,0.000000,0.000000,0.094697,-0.897429,0.924441,0.113993,0.000000,0.000000,0.000000,0.000000
25.6833,-0.143858,0.120386,-1.013907,0.470358,0.000000,0.000000,0.000000,0.106854,-0.897570,0.924855,0.125323,0.000000,0.000000,0.000000,0.000000
25.7000,-0.158824,0.113993,-1.009060,0.462653,0.000000,0.000000,0.000000,0.119986,-0.896886,0.925627,0.138241,0.000000,0.000000,0.000000,0.000000
25.7167,-0.172292,0.109207,-1.004816,0.454433,0.000000,0.000000,0.000000,0.133983,-0.895180,0.926736,0.152652,0.000000,0.000000,0.000000,0.000000
25.7333,-0.184244,0.105915,-1.001271,0.445733,0.000000,0.000000,0.000000,0.148666,-0.892259,0.928146,0.168349,0.000000,0.000000,0.000000,0.000000
25.7500,-0.194726,0.103989,-0.998490,0.436517,0.000000,0.000000,0.000000,0.163787,-0.887956,0.929795,0.185010,0.000000,0.000000,0.000000,0.000000
25.7667,-0.203828,0.103282,-0.996521,0.426681,0.000000,0.000000,0.000000,0.179024,-0.882144,0.931601,0.202207,0.000000,0.000000,0.000000,0.000000
25.7833,-0.211666,0.103646,-0.995404,0.416055,0.000000,0.000000,0.000000,0.193991,-0.874770,0.933451,0.219412,0.000000,0.000000,0.000000,0.000000
25.8000,-0.218377,0.104943,-0.995172,0.404410,0.000000,0.000000,0.000000,0.208262,-0.865870,0.935213,0.236020,0.000000,0.000000,0.000000,0.000000
25.8167,-0.224105,0.107052,-0.995859,0.391476,0.000000,0.000000,0.000000,0.221394,-0.855602,0.936734,0.251368,0.000000,0.000000,0.000000,0.000000
25.8333,-0.228998,0.109873,-0.997493,0.376955,0.000000,0.000000,0.000000,0.232969,-0.844267,0.937853,0.264764,0.000000,0.000000,0.000000,0.000000
25.8500,-0.233201,0.113323,-1.000108,0.360535,0.000000,0.000000,0.000000,0.242626,-0.832324,0.938408,0.275523,0.000000,0.000000,0.000000,0.000000
25.9000,-0.236847,0.117334,-1.003736,0.341910,0.000000,0.000000,0.000000,0.250099,-0.820389,0.938244,0.283027,0.000000,0.000000,0.000000,0.000000
25.9167,-0.240058,0.121859,-1.008410,0.320796,0.000000,0.000000,0.000000,0.255253,-0.809205,0.937225,0.286864,0.000000,0.000000,0.000000,0.000000
25.9333,-0.242939,0.126872,-1.014154,0.296947,0.000000,0.000000,0.000000,0.258137,-0.799611,0.935242,0.287005,0.000000,0.000000,0.000000,0.000000
26.1333,-0.245593,0.132373,-1.020975,0.270181,0.000000,0.000000,0.000000,0.259022,-0.792500,0.932220,0.283865,0.000000,0.000000,0.000000,0.000000
26.1500,-0.248119,0.138384,-1.028847,0.240405,0.000000,0.000000,0.000000,0.258364,-0.788690,0.928137,0.278124,0.000000,0.000000,0.000000,0.000000
26.1833,-0.250625,0.144938,-1.037707,0.207629,0.000000,0.000000,0.000000,0.256688,-0.788738,0.923038,0.270407,0.000000,0.000000,0.000000,0.000000
26.2000,-0.253224,0.152060,-1.047449,0.171985,0.000000,0.000000,0.000000,0.254486,-0.792790,0.917050,0.261089,0.000000,0.000000,0.000000,0.000000
26.3000,-0.256036,0.159739,-1.057919,0.133730,0.000000,0.000000,0.000000,0.252147,-0.800566,0.910381,0.250303,0.000000,0.000000,0.000000,0.000000
26.3167,-0.259189,0.167904,-1.068922,0.093245,0.000000,0.000000,0.000000,0.249950,-0.811449,0.903299,0.238122,0.000000,0.000000,0.000000,0.000000
26.3333,-0.262816,0.176412,-1.080220,0.051020,0.000000,0.000000,0.000000,0.248071,-0.824644,0.896086,0.224757,0.000000,0.000000,0.000000,0.000000
26.3500,-0.267049,0.185049,-1.091541,0.007640,0.000000,0.000000,0.000000,0.246613,-0.839322,0.889002,0.210644,0.000000,0.000000,0.000000,0.000000
26.3667,-0.272015,0.193544,-1.102592,-0.036254,0.000000,0.000000,0.000000,0.245609,-0.854705,0.882264,0.196360,0.000000,0.000000,0.000000,0.000000
26.3833,-0.277822,0.201595,-1.113068,-0.080002,0.000000,0.000000,0.000000,0.245030,-0.870110,0.876023,0.182500,0.000000,0.000000,0.000000,0.000000
26.4000,-0.284540,0.208908,-1.122690,-0.122980,0.000000,0.000000,0.000000,0.244788,-0.884968,0.870369,0.169574,0.000000,0.000000,0.000000,0.000000
26.4167,-0.292168,0.215255,-1.131232,-0.164650,0.000000,0.000000,0.000000,0.244749,-0.898842,0.865330,0.157936,0.000000,0.000000,0.000000,0.000000
26.4333,-0.300623,0.220540,-1.138554,-0.204585,0.000000,0.000000,0.000000,0.244762,-0.911429,0.860884,0.147760,0.000000,0.000000,0.000000,0.000000
26.4500,-0.309732,0.224823,-1.144613,-0.242461,0.000000,0.000000,0.000000,0.244677,-0.922560,0.856976,0.139035,0.000000,0.000000,0.000000,0.000000
26.4667,-0.319263,0.228288,-1.149457,-0.278031,0.000000,0.000000,0.000000,0.244370,-0.932187,0.853529,0.131596,0.000000,0.000000,0.000000,0.000000
26.4833,-0.328961,0.231173,-1.153193,-0.311096,0.000000,0.000000,0.000000,0.243749,-0.940358,0.850459,0.125159,0.000000,0.000000,0.000000,0.000000
26.5000,-0.338592,0.233699,-1.155956,-0.341493,0.000000,0.000000,0.000000,0.242758,-0.947191,0.847684,0.119365,0.000000,0.000000,0.000000,0.000000
26.5167,-0.347971,0.236047,-1.157880,-0.369086,0.000000,0.000000,0.000000,0.241353,-0.952837,0.845130,0.113809,0.000000,0.000000,0.000000,0.000000
26.5333,-0.356973,0.238346,-1.159083,-0.393767,0.000000,0.000000,0.000000,0.239483,-0.957451,0.842725,0.108062,0.000000,0.000000,0.000000,0.000000
26.5500,-0.365532,0.240675,-1.159662,-0.415462,0.000000,0.000000,0.000000,0.237063,-0.961167,0.840400,0.101685,0.000000,0.000000,0.000000,0.000000
26.5667,-0.373632,0.243061,-1.159696,-0.434130,0.000000,0.000000,0.000000,0.233963,-0.964086,0.838090,0.094241,0.000000,0.000000,0.000000,0.000000
26.5833,-0.381286,0.245501,-1.159260,-0.449768,0.000000,0.000000,0.000000,0.229994,-0.966257,0.835725,0.085306,0.000000,0.000000,0.000000,0.000000
26.6000,-0.388525,0.247975,-1.158425,-0.462410,0.000000,0.000000,0.000000,0.224904,-0.967671,0.833241,0.074477,0.000000,0.000000,0.000000,0.000000
26.6167,-0.395376,0.250458,-1.157268,-0.472123,0.000000,0.000000,0.000000,0.218374,-0.968248,0.830575,0.061388,0.000000,0.000000,0.000000,0.000000
26.6333,-0.401859,0.252933,-1.155868,-0.479002,0.000000,0.000000,0.000000,0.210025,-0.967827,0.827673,0.045721,0.000000,0.000000,0.000000,0.000000
26.6500,-0.407972,0.255388,-1.154311,-0.483153,0.000000,0.000000,0.000000,0.199419,-0.966162,0.824493,0.027227,0.000000,0.000000,0.000000,0.000000
26.6667,-0.413699,0.257813,-1.152680,-0.484686,0.000000,0.000000,0.000000,0.186076,-0.962928,0.821008,0.005744,0.000000,0.000000,0.000000,0.000000
26.6833,-0.419003,0.260196,-1.151059,-0.483697,0.000000,0.000000,0.000000,0.169501,-0.957726,0.817214,-0.018786,0.000000,0.000000,0.000000,0.000000
26.7000,-0.423834,0.262508,-1.149533,-0.480257,0.000000,0.000000,0.000000,0.149216,-0.950106,0.813138,-0.046294,0.000000,0.000000,0.000000,0.000000
26.7167,-0.428129,0.264706,-1.148180,-0.474409,0.000000,0.000000,0.000000,0.124809,-0.939599,0.808842,-0.076561,0.000000,0.000000,0.000000,0.000000
26.7333,-0.431816,0.266727,-1.147076,-0.466172,0.000000,0.000000,0.000000,0.095987,-0.925762,0.804437,-0.109177,0.000000,0.000000,0.000000,0.000000
26.7500,-0.434817,0.268493,-1.146291,-0.455538,0.000000,0.000000,0.000000,0.062638,-0.908225,0.800081,-0.143489,0.000000,0.000000,0.000000,0.000000
26.8000,-0.437046,0.269908,-1.145886,-0.442482,0.000000,0.000000,0.000000,0.024903,-0.886775,0.795983,-0.178571,0.000000,0.000000,0.000000,0.000000
26.8167,-0.438420,0.270866,-1.145916,-0.426970,0.000000,0.000000,0.000000,-0.016754,-0.861442,0.792394,-0.213240,0.000000,0.000000,0.000000,0.000000
26.9167,-0.438858,0.271260,-1.146420,-0.408965,0.000000,0.000000,0.000000,-0.061513,-0.832585,0.789592,-0.246183,0.000000,0.000000,0.000000,0.000000
26.9500,-0.438293,0.270992,-1.147413,-0.388430,0.000000,0.000000,0.000000,-0.108325,-0.800828,0.787841,-0.276175,0.000000,0.000000,0.000000,0.000000
27.0500,-0.436688,0.269985,-1.148876,-0.365340,0.000000,0.000000,0.000000,-0.156096,-0.766965,0.787347,-0.302319,0.000000,0.000000,0.000000,0.000000
27.1500,-0.434034,0.268195,-1.150754,-0.339683,0.000000,0.000000,0.000000,-0.203634,-0.732074,0.788233,-0.324147,0.000000,0.000000,0.000000,0.000000
27.1667,-0.430359,0.265609,-1.152953,-0.311486,0.000000,0.000000,0.000000,-0.249511,-0.697667,0.790518,-0.341556,0.000000,0.000000,0.000000,0.000000
27.2000,-0.425719,0.262241,-1.155355,-0.280835,0.000000,0.000000,0.000000,-0.292208,-0.665466,0.794104,-0.354687,0.000000,0.000000,0.000000,0.000000
27.2333,-0.420192,0.258130,-1.157827,-0.247899,0.000000,0.000000,0.000000,-0.330383,-0.637041,0.798800,-0.363802,0.000000,0.000000,0.000000,0.000000
27.2500,-0.413868,0.253330,-1.160235,-0.212950,0.000000,0.000000,0.000000,-0.363000,-0.613612,0.804375,-0.369168,0.000000,0.000000,0.000000,0.000000
27.2667,-0.406841,0.247908,-1.162460,-0.176361,0.000000,0.000000,0.000000,-0.389340,-0.596005,0.810605,-0.370987,0.000000,0.000000,0.000000,0.000000
27.2833,-0.399210,0.241937,-1.164397,-0.138590,0.000000,0.000000,0.000000,-0.408975,-0.584674,0.817280,-0.369383,0.000000,0.000000,0.000000,0.000000
27.3000,-0.391070,0.235488,-1.165972,-0.100149,0.000000,0.000000,0.000000,-0.421730,-0.579739,0.824224,-0.364426,0.000000,0.000000,0.000000,0.000000
27.3167,-0.382517,0.228630,-1.167134,-0.061567,0.000000,0.000000,0.000000,-0.427630,-0.581043,0.831297,-0.356180,0.000000,0.000000,0.000000,0.000000
27.3333,-0.373657,0.221433,-1.167847,-0.023347,0.000000,0.000000,0.000000,-0.426860,-0.588206,0.838405,-0.344753,0.000000,0.000000,0.000000,0.000000
27.3500,-0.364609,0.213974,-1.168084,0.014064,0.000000,0.000000,0.000000,-0.419718,-0.600686,0.845493,-0.330348,0.000000,0.000000,0.000000,0.000000
27.3667,-0.355512,0.206335,-1.167819,0.050293,0.000000,0.000000,0.000000,-0.406602,-0.617841,0.852531,-0.313279,0.000000,0.000000,0.000000,0.000000
27.3833,-0.346516,0.198600,-1.167025,0.085053,0.000000,0.000000,0.000000,-0.388002,-0.638956,0.859504,-0.293959,0.000000,0.000000,0.000000,0.000000
27.4000,-0.337782,0.190838,-1.165680,0.118131,0.000000,0.000000,0.000000,-0.364511,-0.663250,0.866397,-0.272866,0.000000,0.000000,0.000000,0.000000
27.4167,-0.329463,0.183112,-1.163769,0.149379,0.000000,0.000000,0.000000,-0.336854,-0.689866,0.873190,-0.250503,0.000000,0.000000,0.000000,0.000000
27.4500,-0.321698,0.175479,-1.161289,0.178699,0.000000,0.000000,0.000000,-0.305896,-0.717853,0.879856,-0.227356,0.000000,0.000000,0.000000,0.000000
27.4667,-0.314599,0.168003,-1.158254,0.206022,0.000000,0.000000,0.000000,-0.272620,-0.746207,0.886353,-0.203884,0.000000,0.000000,0.000000,0.000000
27.4833,-0.308244,0.160755,-1.154700,0.231304,0.000000,0.000000,0.000000,-0.238054,-0.773934,0.892631,-0.180509,0.000000,0.000000,0.000000,0.000000
27.5000,-0.302666,0.153821,-1.150678,0.254514,0.000000,0.000000,0.000000,-0.203202,-0.800126,0.898634,-0.157617,0.000000,0.000000,0.000000,0.000000
27.5167,-0.297858,0.147294,-1.146260,0.275641,0.000000,0.000000,0.000000,-0.168982,-0.824023,0.904304,-0.135537,0.000000,0.000000,0.000000,0.000000
27.5333,-0.293767,0.141279,-1.141529,0.294694,0.000000,0.000000,0.000000,-0.136192,-0.845038,0.909576,-0.114530,0.000000,0.000000,0.000000,0.000000
27.5500,-0.290293,0.135878,-1.136582,0.311708,0.000000,0.000000,0.000000,-0.105490,-0.862776,0.914386,-0.094769,0.000000,0.000000,0.000000,0.000000
27.5667,-0.287283,0.131179,-1.131530,0.326754,0.000000,0.000000,0.000000,-0.077385,-0.877025,0.918670,-0.076335,0.000000,0.000000,0.000000,0.000000
27.5833,-0.284533,0.127254,-1.126495,0.339940,0.000000,0.000000,0.000000,-0.052233,-0.887749,0.922369,-0.059239,0.000000,0.000000,0.000000,0.000000
27.6000,-0.281790,0.124166,-1.121610,0.351411,0.000000,0.000000,0.000000,-0.030225,-0.895075,0.925439,-0.043440,0.000000,0.000000,0.000000,0.000000
27.6167,-0.278752,0.121976,-1.117018,0.361327,0.000000,0.000000,0.000000,-0.011392,-0.899280,0.927856,-0.028879,0.000000,0.000000,0.000000,0.000000
27.6333,-0.275085,0.120757,-1.112861,0.369860,0.000000,0.000000,0.000000,0.004385,-0.900765,0.929622,-0.015498,0.000000,0.000000,0.000000,0.000000
27.6500,-0.270429,0.120592,-1.109282,0.377188,0.000000,0.000000,0.000000,0.017362,-0.900028,0.930763,-0.003259,0.000000,0.000000,0.000000,0.000000
27.6667,-0.264416,0.121573,-1.106415,0.383493,0.000000,0.000000,0.000000,0.027899,-0.897627,0.931332,0.007847,0.000000,0.000000,0.000000,0.000000
27.6833,-0.256686,0.123785,-1.104377,0.388973,0.000000,0.000000,0.000000,0.036416,-0.894132,0.931399,0.017809,0.000000,0.000000,0.000000,0.000000
27.7000,-0.246899,0.127302,-1.103262,0.393842,0.000000,0.000000,0.000000,0.043360,-0.890090,0.931041,0.026600,0.000000,0.000000,0.000000,0.000000
27.7167,-0.234756,0.132176,-1.103140,0.398333,0.000000,0.000000,0.000000,0.049163,-0.885989,0.930341,0.034194,0.000000,0.000000,0.000000,0.000000
27.7333,-0.220011,0.138434,-1.104046,0.402688,0.000000,0.000000,0.000000,0.054218,-0.882242,0.929379,0.040571,0.000000,0.000000,0.000000,0.000000
27.7500,-0.202485,0.146065,-1.105984,0.407164,0.000000,0.000000,0.000000,0.058862,-0.879176,0.928223,0.045728,0.000000,0.000000,0.000000,0.000000
27.7667,-0.182079,0.155010,-1.108915,0.412021,0.000000,0.000000,0.000000,0.063353,-0.877027,0.926930,0.049683,0.000000,0.000000,0.000000,0.000000
27.7833,-0.158789,0.165160,-1.112755,0.417506,0.000000,0.000000,0.000000,0.067872,-0.875945,0.925541,0.052485,0.000000,0.000000,0.000000,0.000000
27.8000,-0.132723,0.176369,-1.117360,0.423822,0.000000,0.000000,0.000000,0.072520,-0.876007,0.924079,0.054215,0.000000,0.000000,0.000000,0.000000
27.8167,-0.104123,0.188478,-1.122522,0.431088,0.000000,0.000000,0.000000,0.077330,-0.877237,0.922552,0.054984,0.000000,0.000000,0.000000,0.000000
27.8333,-0.073374,0.201333,-1.127962,0.439323,0.000000,0.000000,0.000000,0.082280,-0.879619,0.920951,0.054930,0.000000,0.000000,0.000000,0.000000
27.8500,-0.041003,0.214789,-1.133343,0.448428,0.000000,0.000000,0.000000,0.087312,-0.883123,0.919251,0.054208,0.000000,0.000000,0.000000,0.000000
27.8667,-0.007652,0.228717,-1.138306,0.458192,0.000000,0.000000,0.000000,0.092349,-0.887712,0.917416,0.052985,0.000000,0.000000,0.000000,0.000000
27.8833,0.025973,0.243009,-1.142496,0.468328,0.000000,0.000000,0.000000,0.097309,-0.893360,0.915401,0.051431,0.000000,0.000000,0.000000,0.000000
27.9000,0.059161,0.257585,-1.145608,0.478508,0.000000,0.000000,0.000000,0.102114,-0.900050,0.913151,0.049712,0.000000,0.000000,0.000000,0.000000
27.9167,0.091247,0.272390,-1.147408,0.488414,0.000000,0.000000,0.000000,0.106694,-0.907776,0.910607,0.047994,0.000000,0.000000,0.000000,0.000000
27.9333,0.121647,0.287367,-1.147746,0.497762,0.000000,0.000000,0.000000,0.110995,-0.916540,0.907708,0.046430,0.000000,0.000000,0.000000,0.000000
27.9500,0.149875,0.302427,-1.146556,0.506327,0.000000,0.000000,0.000000,0.114974,-0.926347,0.904396,0.045168,0.000000,0.000000,0.000000,0.000000
27.9667,0.175552,0.317434,-1.143848,0.513943,0.000000,0.000000,0.000000,0.118606,-0.937193,0.900617,0.044346,0.000000,0.000000,0.000000,0.000000
27.9833,0.198405,0.332214,-1.139695,0.520508,0.000000,0.000000,0.000000,0.121878,-0.949056,0.896323,0.044094,0.000000,0.000000,0.000000,0.000000
28.0000,0.218263,0.346558,-1.134213,0.525971,0.000000,0.000000,0.000000,0.124791,-0.961887,0.891482,0.044538,0.000000,0.000000,0.000000,0.000000
28.0167,0.235050,0.360235,-1.127559,0.530327,0.000000,0.000000,0.000000,0.127364,-0.975597,0.886077,0.045806,0.000000,0.000000,0.000000,0.000000
28.0333,0.248772,0.372989,-1.119913,0.533607,0.000000,0.000000,0.000000,0.129638,-0.990061,0.880110,0.048034,0.000000,0.000000,0.000000,0.000000
28.0500,0.259514,0.384565,-1.111475,0.535878,0.000000,0.000000,0.000000,0.131684,-1.005105,0.873613,0.051375,0.000000,0.000000,0.000000,0.000000
28.0667,0.267423,0.394723,-1.102454,0.537235,0.000000,0.000000,0.000000,0.133603,-1.020496,0.866648,0.055998,0.000000,0.000000,0.000000,0.000000
28.0833,0.272687,0.403259,-1.093061,0.537806,0.000000,0.000000,0.000000,0.135531,-1.035929,0.859313,0.062096,0.000000,0.000000,0.000000,0.000000
28.1000,0.275521,0.410015,-1.083503,0.537739,0.000000,0.000000,0.000000,0.137623,-1.050998,0.851750,0.069879,0.000000,0.000000,0.000000,0.000000
28.1167,0.276152,0.414884,-1.073975,0.537190,0.000000,0.000000,0.000000,0.140042,-1.065183,0.844144,0.079567,0.000000,0.000000,0.000000,0.000000
28.1333,0.274807,0.417812,-1.064653,0.536300,0.000000,0.000000,0.000000,0.142931,-1.077846,0.836713,0.091370,0.000000,0.000000,0.000000,0.000000
28.1500,0.271710,0.418792,-1.055688,0.535172,0.000000,0.000000,0.000000,0.146394,-1.088250,0.829697,0.105455,0.000000,0.000000,0.000000,0.000000
28.1667,0.267069,0.417857,-1.047210,0.533861,0.000000,0.000000,0.000000,0.150484,-1.095611,0.823340,0.121909,0.000000,0.000000,0.000000,0.000000
28.1833,0.261074,0.415072,-1.039331,0.532374,0.000000,0.000000,0.000000,0.155220,-1.099180,0.817876,0.140696,0.000000,0.000000,0.000000,0.000000
28.2000,0.253886,0.410521,-1.032144,0.530673,0.000000,0.000000,0.000000,0.160603,-1.098324,0.813513,0.161639,0.000000,0.000000,0.000000,0.000000
28.2167,0.245636,0.404301,-1.025728,0.528688,0.000000,0.000000,0.000000,0.166622,-1.092598,0.810422,0.184410,0.000000,0.000000,0.000000,0.000000
28.2333,0.236427,0.396521,-1.020148,0.526333,0.000000,0.000000,0.000000,0.173247,-1.081796,0.808719,0.208541,0.000000,0.000000,0.000000,0.000000
28.2500,0.226332,0.387301,-1.015457,0.523520,0.000000,0.000000,0.000000,0.180408,-1.065967,0.808450,0.233429,0.000000,0.000000,0.000000,0.000000
28.2667,0.215404,0.376772,-1.011687,0.520175,0.000000,0.000000,0.000000,0.187964,-1.045420,0.809580,0.258349,0.000000,0.000000,0.000000,0.000000
28.3000,0.203677,0.365087,-1.008857,0.516256,0.000000,0.000000,0.000000,0.195682,-1.020710,0.811990,0.282458,0.000000,0.000000,0.000000,0.000000
28.3167,0.191174,0.352419,-1.006959,0.511764,0.000000,0.000000,0.000000,0.203247,-0.992605,0.815478,0.304850,0.000000,0.000000,0.000000,0.000000
28.3500,0.177919,0.338971,-1.005965,0.506743,0.000000,0.000000,0.000000,0.210281,-0.962044,0.819788,0.324658,0.000000,0.000000,0.000000,0.000000
28.3833,0.163942,0.324971,-1.005818,0.501284,0.000000,0.000000,0.000000,0.216398,-0.930086,0.824627,0.341186,0.000000,0.000000,0.000000,0.000000
28.4000,0.149280,0.310654,-1.006438,0.495525,0.000000,0.000000,0.000000,0.221269,-0.897868,0.829689,0.354024,0.000000,0.000000,0.000000,0.000000
28.4167,0.133986,0.296242,-1.007724,0.489650,0.000000,0.000000,0.000000,0.224701,-0.866574,0.834669,0.363136,0.000000,0.000000,0.000000,0.000000
28.4333,0.118130,0.281926,-1.009556,0.483876,0.000000,0.000000,0.000000,0.226679,-0.837429,0.839269,0.368897,0.000000,0.000000,0.000000,0.000000
28.6667,0.101804,0.267863,-1.011799,0.478424,0.000000,0.000000,0.000000,0.227385,-0.811681,0.843192,0.372048,0.000000,0.000000,0.000000,0.000000
28.7000,0.085122,0.254170,-1.014309,0.473489,0.000000,0.000000,0.000000,0.227159,-0.790481,0.846167,0.373506,0.000000,0.000000,0.000000,0.000000
28.7167,0.068219,0.240922,-1.016945,0.469220,0.000000,0.000000,0.000000,0.226424,-0.774692,0.847985,0.374068,0.000000,0.000000,0.000000,0.000000
28.7333,0.051250,0.228156,-1.019577,0.465719,0.000000,0.000000,0.000000,0.225575,-0.764743,0.848525,0.374210,0.000000,0.000000,0.000000,0.000000
28.7833,0.034376,0.215880,-1.022099,0.463054,0.000000,0.000000,0.000000,0.224896,-0.760578,0.847762,0.374036,0.000000,0.000000,0.000000,0.000000
28.8333,0.017751,0.204081,-1.024433,0.461264,0.000000,0.000000,0.000000,0.224514,-0.761690,0.845765,0.373317,0.000000,0.000000,0.000000,0.000000
28.8500,0.001510,0.192723,-1.026525,0.460376,0.000000,0.000000,0.000000,0.224404,-0.767240,0.842678,0.371602,0.000000,0.000000,0.000000,0.000000
28.8667,-0.014244,0.181754,-1.028340,0.460405,0.000000,0.000000,0.000000,0.224449,-0.776225,0.838694,0.368380,0.000000,0.000000,0.000000,0.000000
28.8833,-0.029452,0.171101,-1.029853,0.461358,0.000000,0.000000,0.000000,0.224491,-0.787613,0.834030,0.363212,0.000000,0.000000,0.000000,0.000000
28.9000,-0.044091,0.160687,-1.031041,0.463227,0.000000,0.000000,0.000000,0.224369,-0.800434,0.828917,0.355804,0.000000,0.000000,0.000000,0.000000
28.9167,-0.058172,0.150441,-1.031884,0.465984,0.000000,0.000000,0.000000,0.223949,-0.813841,0.823579,0.346025,0.000000,0.000000,0.000000,0.000000
28.9333,-0.071720,0.140309,-1.032353,0.469567,0.000000,0.000000,0.000000,0.223130,-0.827145,0.818219,0.333893,0.000000,0.000000,0.000000,0.000000
28.9500,-0.084771,0.130267,-1.032425,0.473877,0.000000,0.000000,0.000000,0.221841,-0.839833,0.813009,0.319533,0.000000,0.000000,0.000000,0.000000
28.9667,-0.097348,0.120322,-1.032083,0.478774,0.000000,0.000000,0.000000,0.220042,-0.851562,0.808086,0.303147,0.000000,0.000000,0.000000,0.000000
28.9833,-0.109458,0.110522,-1.031325,0.484079,0.000000,0.000000,0.000000,0.217705,-0.862144,0.803541,0.284982,0.000000,0.000000,0.000000,0.000000
29.0000,-0.121080,0.100960,-1.030174,0.489579,0.000000,0.000000,0.000000,0.214814,-0.871521,0.799427,0.265296,0.000000,0.000000,0.000000,0.000000
29.0167,-0.132170,0.091762,-1.028676,0.495026,0.000000,0.000000,0.000000,0.211348,-0.879728,0.795762,0.244325,0.000000,0.000000,0.000000,0.000000
29.0333,-0.142666,0.083082,-1.026897,0.500147,0.000000,0.000000,0.000000,0.207265,-0.886857,0.792533,0.222263,0.000000,0.000000,0.000000,0.000000
29.0500,-0.152500,0.075076,-1.024919,0.504648,0.000000,0.000000,0.000000,0.202480,-0.893010,0.789703,0.199231,0.000000,0.000000,0.000000,0.000000
29.0667,-0.161609,0.067892,-1.022839,0.508221,0.000000,0.000000,0.000000,0.196843,-0.898260,0.787217,0.175276,0.000000,0.000000,0.000000,0.000000
29.0833,-0.169937,0.061657,-1.020758,0.510547,0.000000,0.000000,0.000000,0.190128,-0.902621,0.785013,0.150364,0.000000,0.000000,0.000000,0.000000
29.1000,-0.177450,0.056470,-1.018780,0.511300,0.000000,0.000000,0.000000,0.182036,-0.906031,0.783027,0.124391,0.000000,0.000000,0.000000,0.000000
29.1167,-0.184134,0.052403,-1.017007,0.510160,0.000000,0.000000,0.000000,0.172211,-0.908338,0.781206,0.097197,0.000000,0.000000,0.000000,0.000000
29.1333,-0.190007,0.049495,-1.015535,0.506820,0.000000,0.000000,0.000000,0.160255,-0.909299,0.779518,0.068593,0.000000,0.000000,0.000000,0.000000
29.1500,-0.195113,0.047749,-1.014451,0.500998,0.000000,0.000000,0.000000,0.145757,-0.908585,0.777964,0.038389,0.000000,0.000000,0.000000,0.000000
29.1667,-0.199531,0.047139,-1.013829,0.492451,0.000000,0.000000,0.000000,0.128325,-0.905800,0.776580,0.006437,0.000000,0.000000,0.000000,0.000000
29.1833,-0.203369,0.047602,-1.013732,0.480978,0.000000,0.000000,0.000000,0.107620,-0.900502,0.775445,-0.027340,0.000000,0.000000,0.000000,0.000000
29.2000,-0.206763,0.049060,-1.014203,0.466425,0.000000,0.000000,0.000000,0.083383,-0.892242,0.774673,-0.062904,0.000000,0.000000,0.000000,0.000000
29.2167,-0.209870,0.051432,-1.015270,0.448673,0.000000,0.000000,0.000000,0.055455,-0.880600,0.774404,-0.100079,0.000000,0.000000,0.000000,0.000000
29.2333,-0.212850,0.054643,-1.016942,0.427630,0.000000,0.000000,0.000000,0.023783,-0.865237,0.774781,-0.138532,0.000000,0.000000,0.000000,0.000000
29.2500,-0.215858,0.058631,-1.019216,0.403227,0.000000,0.000000,0.000000,-0.011547,-0.845956,0.775933,-0.177772,0.000000,0.000000,0.000000,0.000000
29.2667,-0.219024,0.063349,-1.022084,0.375422,0.000000,0.000000,0.000000,-0.050242,-0.822801,0.777958,-0.217161,0.000000,0.000000,0.000000,0.000000
29.2833,-0.222456,0.068761,-1.025530,0.344214,0.000000,0.000000,0.000000,-0.091678,-0.796201,0.780917,-0.255929,0.000000,0.000000,0.000000,0.000000
29.3833,-0.226238,0.074836,-1.029530,0.309663,0.000000,0.000000,0.000000,-0.134788,-0.767076,0.784834,-0.293221,0.000000,0.000000,0.000000,0.000000
29.4000,-0.230433,0.081549,-1.034050,0.271908,0.000000,0.000000,0.000000,-0.178171,-0.736742,0.789690,-0.328209,0.000000,0.000000,0.000000,0.000000
29.4167,-0.235092,0.088861,-1.039042,0.231195,0.000000,0.000000,0.000000,-0.220408,-0.706616,0.795394,-0.360231,0.000000,0.000000,0.000000,0.000000
29.4333,-0.240260,0.096715,-1.044443,0.187880,0.000000,0.000000,0.000000,-0.260327,-0.677963,0.801780,-0.388876,0.000000,0.000000,0.000000,0.000000
29.4500,-0.245971,0.105030,-1.050177,0.142438,0.000000,0.000000,0.000000,-0.297068,-0.651814,0.808627,-0.413960,0.000000,0.000000,0.000000,0.000000
29.4667,-0.252246,0.113704,-1.056158,0.095443,0.000000,0.000000,0.000000,-0.330046,-0.628953,0.815696,-0.435468,0.000000,0.000000,0.000000,0.000000
29.4833,-0.259088,0.122621,-1.062287,0.047544,0.000000,0.000000,0.000000,-0.358890,-0.609927,0.822764,-0.453490,0.000000,0.000000,0.000000,0.000000
29.5000,-0.266478,0.131660,-1.068461,-0.000556,0.000000,0.000000,0.000000,-0.383389,-0.595068,0.829652,-0.468158,0.000000,0.000000,0.000000,0.000000
29.5333,-0.274380,0.140706,-1.074568,-0.048130,0.000000,0.000000,0.000000,-0.403442,-0.584514,0.836239,-0.479598,0.000000,0.000000,0.000000,0.000000
29.5833,-0.282753,0.149650,-1.080486,-0.094438,0.000000,0.000000,0.000000,-0.419031,-0.578252,0.842456,-0.487889,0.000000,0.000000,0.000000,0.000000
29.6000,-0.291551,0.158411,-1.086080,-0.138760,0.000000,0.000000,0.000000,-0.430193,-0.576179,0.848270,-0.493058,0.000000,0.000000,0.000000,0.000000
29.6167,-0.300727,0.166947,-1.091212,-0.180449,0.000000,0.000000,0.000000,-0.437006,-0.578150,0.853668,-0.495091,0.000000,0.000000,0.000000,0.000000
29.6333,-0.310223,0.175261,-1.095751,-0.218994,0.000000,0.000000,0.000000,-0.439572,-0.584007,0.858645,-0.493957,0.000000,0.000000,0.000000,0.000000
29.6500,-0.319961,0.183392,-1.099588,-0.254048,0.000000,0.000000,0.000000,-0.438006,-0.593583,0.863203,-0.489615,0.000000,0.000000,0.000000,0.000000
29.6667,-0.329844,0.191407,-1.102650,-0.285419,0.000000,0.000000,0.000000,-0.432433,-0.606701,0.867347,-0.482032,0.000000,0.000000,0.000000,0.000000
29.6833,-0.339764,0.199386,-1.104908,-0.313055,0.000000,0.000000,0.000000,-0.422986,-0.623153,0.871093,-0.471192,0.000000,0.000000,0.000000,0.000000
29.7000,-0.349605,0.207402,-1.106378,-0.337012,0.000000,0.000000,0.000000,-0.409815,-0.642687,0.874468,-0.457117,0.000000,0.000000,0.000000,0.000000
29.7167,-0.359247,0.215505,-1.107119,-0.357429,0.000000,0.000000,0.000000,-0.393096,-0.664981,0.877514,-0.439884,0.000000,0.000000,0.000000,0.000000
29.7333,-0.368568,0.223705,-1.107237,-0.374508,0.000000,0.000000,0.000000,-0.373048,-0.689629,0.880286,-0.419643,0.000000,0.000000,0.000000,0.000000
29.7500,-0.377445,0.231962,-1.106875,-0.388487,0.000000,0.000000,0.000000,-0.349966,-0.716121,0.882847,-0.396622,0.000000,0.000000,0.000000,0.000000
29.7667,-0.385767,0.240189,-1.106198,-0.399623,0.000000,0.000000,0.000000,-0.324249,-0.743828,0.885257,-0.371111,0.000000,0.000000,0.000000,0.000000
29.8000,-0.393438,0.248262,-1.105375,-0.408173,0.000000,0.000000,0.000000,-0.296434,-0.771995,0.887568,-0.343455,0.000000,0.000000,0.000000,0.000000
29.8167,-0.400391,0.256046,-1.104565,-0.414374,0.000000,0.000000,0.000000,-0.267178,-0.799789,0.889816,-0.314058,0.000000,0.000000,0.000000,0.000000
29.8333,-0.406584,0.263407,-1.103899,-0.418434,0.000000,0.000000,0.000000,-0.237208,-0.826382,0.892013,-0.283407,0.000000,0.000000,0.000000,0.000000
29.8833,-0.412002,0.270228,-1.103478,-0.420524,0.000000,0.000000,0.000000,-0.207229,-0.851058,0.894157,-0.252087,0.000000,0.000000,0.000000,0.000000
29.9000,-0.416646,0.276416,-1.103377,-0.420786,0.000000,0.000000,0.000000,-0.177832,-0.873318,0.896239,-0.220750,0.000000,0.000000,0.000000,0.000000
29.9167,-0.420530,0.281906,-1.103640,-0.419333,0.000000,0.000000,0.000000,-0.149424,-0.892925,0.898260,-0.190025,0.000000,0.000000,0.000000,0.000000
29.9333,-0.423670,0.286662,-1.104293,-0.416250,0.000000,0.000000,0.000000,-0.122225,-0.909885,0.900230,-0.160447,0.000000,0.000000,0.000000,0.000000
29.9500,-0.426081,0.290681,-1.105335,-0.411588,0.000000,0.000000,0.000000,-0.096335,-0.924364,0.902153,-0.132420,0.000000,0.000000,0.000000,0.000000
29.9667,-0.427776,0.293983,-1.106753,-0.405361,0.000000,0.000000,0.000000,-0.071816,-0.936583,0.904018,-0.106209,0.000000,0.000000,0.000000,0.000000
29.9833,-0.428763,0.296612,-1.108515,-0.397539,0.000000,0.000000,0.000000,-0.048751,-0.946759,0.905788,-0.081958,0.000000,0.000000,0.000000,0.000000
30.0000,-0.429046,0.298619,-1.110577,-0.388050,0.000000,0.000000,0.000000,-0.027261,-0.955065,0.907404,-0.059712,0.000000,0.000000,0.000000,0.000000
30.0167,-0.428627,0.300054,-1.112887,-0.376778,0.000000,0.000000,0.000000,-0.007499,-0.961633,0.908793,-0.039456,0.000000,0.000000,0.000000,0.000000
30.0333,-0.427510,0.300956,-1.115386,-0.363572,0.000000,0.000000,0.000000,0.010381,-0.966565,0.909882,-0.021145,0.000000,0.000000,0.000000,0.000000
30.0500,-0.425697,0.301340,-1.118013,-0.348256,0.000000,0.000000,0.000000,0.026256,-0.969959,0.910611,-0.004726,0.000000,0.000000,0.000000,0.000000
30.0667,-0.423194,0.301194,-1.120706,-0.330644,0.000000,0.000000,0.000000,0.040058,-0.971924,0.910945,0.009853,0.000000,0.000000,0.000000,0.000000
30.0833,-0.420006,0.300476,-1.123411,-0.310561,0.000000,0.000000,0.000000,0.051789,-0.972591,0.910874,0.022636,0.000000,0.000000,0.000000,0.000000
30.1000,-0.416132,0.299113,-1.126086,-0.287872,0.000000,0.000000,0.000000,0.061516,-0.972114,0.910413,0.033676,0.000000,0.000000,0.000000,0.000000
30.1167,-0.411558,0.297008,-1.128704,-0.262506,0.000000,0.000000,0.000000,0.069361,-0.970664,0.909596,0.043036,0.000000,0.000000,0.000000,0.000000
30.1333,-0.406255,0.294046,-1.131262,-0.234487,0.000000,0.000000,0.000000,0.075483,-0.968416,0.908469,0.050799,0.000000,0.000000,0.000000,0.000000
30.1500,-0.400182,0.290112,-1.133779,-0.203946,0.000000,0.000000,0.000000,0.080062,-0.965542,0.907083,0.057078,0.000000,0.000000,0.000000,0.000000
30.1667,-0.393298,0.285100,-1.136279,-0.171126,0.000000,0.000000,0.000000,0.083286,-0.962200,0.905490,0.062009,0.000000,0.000000,0.000000,0.000000
30.1833,-0.385577,0.278937,-1.138787,-0.136368,0.000000,0.000000,0.000000,0.085352,-0.958542,0.903741,0.065758,0.000000,0.000000,0.000000,0.000000
30.2000,-0.377039,0.271591,-1.141306,-0.100090,0.000000,0.000000,0.000000,0.086476,-0.954711,0.901886,0.068517,0.000000,0.000000,0.000000,0.000000
30.2167,-0.367759,0.263089,-1.143805,-0.062750,0.000000,0.000000,0.000000,0.086888,-0.950846,0.899980,0.070501,0.000000,0.000000,0.000000,0.000000
30.2333,-0.357888,0.253525,-1.146210,-0.024814,0.000000,0.000000,0.000000,0.086823,-0.947065,0.898076,0.071938,0.000000,0.000000,0.000000,0.000000
30.2500,-0.347640,0.243060,-1.148402,0.013266,0.000000,0.000000,0.000000,0.086512,-0.943451,0.896227,0.073068,0.000000,0.000000,0.000000,0.000000
30.2667,-0.337271,0.231920,-1.150239,0.051060,0.000000,0.000000,0.000000,0.086166,-0.940047,0.894481,0.074131,0.000000,0.000000,0.000000,0.000000
30.2833,-0.327052,0.220377,-1.151570,0.088158,0.000000,0.000000,0.000000,0.085981,-0.936853,0.892882,0.075371,0.000000,0.000000,0.000000,0.000000
30.3000,-0.317242,0.208736,-1.152252,0.124159,0.000000,0.000000,0.000000,0.086139,-0.933827,0.891475,0.077031,0.000000,0.000000,0.000000,0.000000
30.3167,-0.308067,0.197311,-1.152172,0.158677,0.000000,0.000000,0.000000,0.086809,-0.930892,0.890302,0.079352,0.000000,0.000000,0.000000,0.000000
30.3333,-0.299704,0.186397,-1.151257,0.191346,0.000000,0.000000,0.000000,0.088151,-0.927938,0.889410,0.082570,0.000000,0.000000,0.000000,0.000000
30.3500,-0.292268,0.176244,-1.149483,0.221841,0.000000,0.000000,0.000000,0.090319,-0.924827,0.888848,0.086909,0.000000,0.000000,0.000000,0.000000
30.3667,-0.285816,0.167042,-1.146879,0.249902,0.000000,0.000000,0.000000,0.093455,-0.921398,0.888668,0.092575,0.000000,0.000000,0.000000,0.000000
30.3833,-0.280351,0.158911,-1.143515,0.275347,0.000000,0.000000,0.000000,0.097689,-0.917471,0.888925,0.099747,0.000000,0.000000,0.000000,0.000000
30.4000,-0.275831,0.151902,-1.139496,0.298076,0.000000,0.000000,0.000000,0.103133,-0.912857,0.889675,0.108566,0.000000,0.000000,0.000000,0.000000
30.4167,-0.272178,0.146006,-1.134949,0.318072,0.000000,0.000000,0.000000,0.109867,-0.907358,0.890967,0.119123,0.000000,0.000000,0.000000,0.000000
30.4333,-0.269289,0.141158,-1.130014,0.335384,0.000000,0.000000,0.000000,0.117936,-0.900777,0.892847,0.131445,0.000000,0.000000,0.000000,0.000000
30.4500,-0.267044,0.137252,-1.124834,0.350131,0.000000,0.000000,0.000000,0.127334,-0.892925,0.895346,0.145487,0.000000,0.000000,0.000000,0.000000
30.4667,-0.265311,0.134157,-1.119547,0.362482,0.000000,0.000000,0.000000,0.137991,-0.883617,0.898478,0.161118,0.000000,0.000000,0.000000,0.000000
30.4833,-0.263955,0.131732,-1.114279,0.372653,0.000000,0.000000,0.000000,0.149759,-0.872694,0.902230,0.178125,0.000000,0.000000,0.000000,0.000000
30.5000,-0.262841,0.129843,-1.109146,0.380888,0.000000,0.000000,0.000000,0.162402,-0.860027,0.906557,0.196207,0.000000,0.000000,0.000000,0.000000
30.5167,-0.261825,0.128374,-1.104250,0.387442,0.000000,0.000000,0.000000,0.175596,-0.845545,0.911377,0.214975,0.000000,0.000000,0.000000,0.000000
30.5333,-0.260763,0.127238,-1.099684,0.392562,0.000000,0.000000,0.000000,0.188938,-0.829262,0.916568,0.233955,0.000000,0.000000,0.000000,0.000000
30.5500,-0.259499,0.126380,-1.095530,0.396477,0.000000,0.000000,0.000000,0.201958,-0.811307,0.921966,0.252589,0.000000,0.000000,0.000000,0.000000
30.5667,-0.257871,0.125788,-1.091869,0.399388,0.000000,0.000000,0.000000,0.214149,-0.791961,0.927367,0.270253,0.000000,0.000000,0.000000,0.000000
30.6333,-0.255707,0.125488,-1.088773,0.401468,0.000000,0.000000,0.000000,0.225009,-0.771688,0.932538,0.286312,0.000000,0.000000,0.000000,0.000000
30.6500,-0.252827,0.125537,-1.086309,0.402873,0.000000,0.000000,0.000000,0.234127,-0.751143,0.937231,0.300263,0.000000,0.000000,0.000000,0.000000
30.6667,-0.249039,0.126016,-1.084538,0.403747,0.000000,0.000000,0.000000,0.241290,-0.731176,0.941214,0.311930,0.000000,0.000000,0.000000,0.000000
30.7667,-0.244145,0.127019,-1.083515,0.404232,0.000000,0.000000,0.000000,0.246558,-0.712810,0.944280,0.321570,0.000000,0.000000,0.000000,0.000000
30.7833,-0.237940,0.128650,-1.083287,0.404479,0.000000,0.000000,0.000000,0.250224,-0.697134,0.946254,0.329778,0.000000,0.000000,0.000000,0.000000
30.8000,-0.230218,0.131010,-1.083887,0.404649,0.000000,0.000000,0.000000,0.252684,-0.685111,0.946988,0.337276,0.000000,0.000000,0.000000,0.000000
30.8167,-0.220784,0.134202,-1.085340,0.404913,0.000000,0.000000,0.000000,0.254325,-0.677443,0.946366,0.344695,0.000000,0.000000,0.000000,0.000000
30.8333,-0.209458,0.138318,-1.087653,0.405456,0.000000,0.000000,0.000000,0.255491,-0.674555,0.944310,0.352439,0.000000,0.000000,0.000000,0.000000
30.8833,-0.196086,0.143446,-1.090816,0.406467,0.000000,0.000000,0.000000,0.256464,-0.676609,0.940783,0.360644,0.000000,0.000000,0.000000,0.000000
30.9000,-0.180554,0.149656,-1.094794,0.408135,0.000000,0.000000,0.000000,0.257438,-0.683503,0.935801,0.369187,0.000000,0.000000,0.000000,0.000000
30.9167,-0.162792,0.156993,-1.099520,0.410628,0.000000,0.000000,0.000000,0.258469,-0.694846,0.929423,0.377709,0.000000,0.000000,0.000000,0.000000
31.0000,-0.142788,0.165472,-1.104895,0.414084,0.000000,0.000000,0.000000,0.259453,-0.709956,0.921766,0.385647,0.000000,0.000000,0.000000,0.000000
31.0333,-0.120603,0.175074,-1.110777,0.418592,0.000000,0.000000,0.000000,0.260194,-0.727943,0.913002,0.392336,0.000000,0.000000,0.000000,0.000000
31.0500,-0.096378,0.185746,-1.116984,0.424172,0.000000,0.000000,0.000000,0.260511,-0.747842,0.903364,0.397185,0.000000,0.000000,0.000000,0.000000
31.1167,-0.070356,0.197409,-1.123292,0.430768,0.000000,0.000000,0.000000,0.260303,-0.768705,0.893133,0.399824,0.000000,0.000000,0.000000,0.000000
31.1333,-0.042880,0.209960,-1.129442,0.438245,0.000000,0.000000,0.000000,0.259530,-0.789644,0.882608,0.400137,0.000000,0.000000,0.000000,0.000000
31.1500,-0.014389,0.223274,-1.135155,0.446403,0.000000,0.000000,0.000000,0.258161,-0.809868,0.872074,0.398202,0.000000,0.000000,0.000000,0.000000
31.1667,0.014614,0.237225,-1.140149,0.454998,0.000000,0.000000,0.000000,0.256145,-0.828718,0.861772,0.394205,0.000000,0.000000,0.000000,0.000000
31.1833,0.043601,0.251708,-1.144170,0.463763,0.000000,0.000000,0.000000,0.253420,-0.845690,0.851892,0.388372,0.000000,0.000000,0.000000,0.000000
31.2000,0.072066,0.266647,-1.147011,0.472434,0.000000,0.000000,0.000000,0.249924,-0.860441,0.842568,0.380936,0.000000,0.000000,0.000000,0.000000
31.2167,0.099553,0.281985,-1.148523,0.480759,0.000000,0.000000,0.000000,0.245612,-0.872787,0.833889,0.372112,0.000000,0.000000,0.000000,0.000000
31.2333,0.125679,0.297660,-1.148621,0.488507,0.000000,0.000000,0.000000,0.240470,-0.882686,0.825901,0.362090,0.000000,0.000000,0.000000,0.000000
31.2500,0.150127,0.313587,-1.147279,0.495484,0.000000,0.000000,0.000000,0.234519,-0.890222,0.818619,0.351035,0.000000,0.000000,0.000000,0.000000
31.2667,0.172647,0.329639,-1.144520,0.501529,0.000000,0.000000,0.000000,0.227822,-0.895578,0.812034,0.339081,0.000000,0.000000,0.000000,0.000000
31.2833,0.193043,0.345649,-1.140410,0.506527,0.000000,0.000000,0.000000,0.220490,-0.899030,0.806121,0.326333,0.000000,0.000000,0.000000,0.000000
31.3000,0.211157,0.361407,-1.135048,0.510410,0.000000,0.000000,0.000000,0.212681,-0.900923,0.800843,0.312862,0.000000,0.000000,0.000000,0.000000
31.3167,0.226871,0.376654,-1.128566,0.513156,0.000000,0.000000,0.000000,0.204594,-0.901663,0.796155,0.298702,0.000000,0.000000,0.000000,0.000000
31.3333,0.240092,0.391082,-1.121126,0.514803,0.000000,0.000000,0.000000,0.196452,-0.901689,0.792000,0.283852,0.000000,0.000000,0.000000,0.000000
31.3500,0.250752,0.404346,-1.112917,0.515446,0.000000,0.000000,0.000000,0.188481,-0.901451,0.788317,0.268282,0.000000,0.000000,0.000000,0.000000
31.3667,0.258800,0.416071,-1.104145,0.515236,0.000000,0.000000,0.000000,0.180888,-0.901388,0.785035,0.251958,0.000000,0.000000,0.000000,0.000000
31.3833,0.264205,0.425879,-1.095025,0.514357,0.000000,0.000000,0.000000,0.173846,-0.901899,0.782078,0.234845,0.000000,0.000000,0.000000,0.000000
31.4000,0.266947,0.433404,-1.085766,0.512998,0.000000,0.000000,0.000000,0.167476,-0.903329,0.779360,0.216932,0.000000,0.000000,0.000000,0.000000
31.4167,0.267015,0.438317,-1.076563,0.511322,0.000000,0.000000,0.000000,0.161847,-0.905954,0.776796,0.198237,0.000000,0.000000,0.000000,0.000000
31.4333,0.264404,0.440345,-1.067587,0.509438,0.000000,0.000000,0.000000,0.156968,-0.909967,0.774299,0.178822,0.000000,0.000000,0.000000,0.000000
31.4500,0.259111,0.439292,-1.058977,0.507385,0.000000,0.000000,0.000000,0.152802,-0.915477,0.771786,0.158799,0.000000,0.000000,0.000000,0.000000
31.4667,0.251137,0.435050,-1.050841,0.505125,0.000000,0.000000,0.000000,0.149276,-0.922503,0.769186,0.138336,0.000000,0.000000,0.000000,0.000000
31.4833,0.240484,0.427601,-1.043253,0.502560,0.000000,0.000000,0.000000,0.146298,-0.930979,0.766447,0.117646,0.000000,0.000000,0.000000,0.000000
31.5000,0.227159,0.417006,-1.036253,0.499554,0.000000,0.000000,0.000000,0.143784,-0.940748,0.763546,0.096982,0.000000,0.000000,0.000000,0.000000
31.5167,0.211180,0.403409,-1.029845,0.495957,0.000000,0.000000,0.000000,0.141665,-0.951574,0.760493,0.076618,0.000000,0.000000,0.000000,0.000000
31.5333,0.192591,0.387030,-1.024001,0.491626,0.000000,0.000000,0.000000,0.139892,-0.963136,0.757335,0.056853,0.000000,0.000000,0.000000,0.000000
31.5500,0.171485,0.368183,-1.018664,0.486439,0.000000,0.000000,0.000000,0.138425,-0.975040,0.754148,0.038009,0.000000,0.000000,0.000000,0.000000
31.5667,0.148026,0.347304,-1.013748,0.480305,0.000000,0.000000,0.000000,0.137224,-0.986838,0.751031,0.020431,0.000000,0.000000,0.000000,0.000000
