t_s,left_shoulder_pitch,left_shoulder_roll,left_shoulder_yaw,left_elbow,left_wrist_roll,left_wrist_pitch,left_wrist_yaw,right_shoulder_pitch,right_shoulder_roll,right_shoulder_yaw,right_elbow,right_wrist_roll,right_wrist_pitch,right_wrist_yaw,waist_yaw
7.9333,-0.028743,-0.114759,-0.363691,0.440451,0.000000,0.000000,0.000000,0.288484,-0.522737,0.046976,0.144673,0.000000,0.000000,0.000000,0.000000
7.9500,-0.021631,-0.090785,-0.403681,0.428560,0.000000,0.000000,0.000000,0.292354,-0.534993,0.069449,0.141689,0.000000,0.000000,0.000000,0.000000
7.9667,-0.013743,-0.066390,-0.443875,0.417056,0.000000,0.000000,0.000000,0.296424,-0.547722,0.092102,0.138731,0.000000,0.000000,0.000000,0.000000
7.9833,-0.004872,-0.041738,-0.483894,0.406244,0.000000,0.000000,0.000000,0.300723,-0.560936,0.114776,0.135821,0.000000,0.000000,0.000000,0.000000
8.0000,0.005131,-0.016986,-0.523407,0.396361,0.000000,0.000000,0.000000,0.305263,-0.574644,0.137315,0.132985,0.000000,0.000000,0.000000,0.000000
8.0167,0.016330,0.007716,-0.562126,0.387581,0.000000,0.000000,0.000000,0.310035,-0.588853,0.159565,0.130251,0.000000,0.000000,0.000000,0.000000
8.0333,0.028685,0.032208,-0.599785,0.380034,0.000000,0.000000,0.000000,0.315004,-0.603554,0.181372,0.127652,0.000000,0.000000,0.000000,0.000000
8.0500,0.042046,0.056305,-0.636121,0.373815,0.000000,0.000000,0.000000,0.320104,-0.618714,0.202586,0.125225,0.000000,0.000000,0.000000,0.000000
8.0667,0.056155,0.079795,-0.670873,0.369004,0.000000,0.000000,0.000000,0.325248,-0.634272,0.223059,0.123016,0.000000,0.000000,0.000000,0.000000
8.0833,0.070659,0.102433,-0.703792,0.365661,0.000000,0.000000,0.000000,0.330330,-0.650139,0.242660,0.121071,0.000000,0.000000,0.000000,0.000000
8.1000,0.085150,0.123961,-0.734657,0.363828,0.000000,0.000000,0.000000,0.335234,-0.666203,0.261282,0.119431,0.000000,0.000000,0.000000,0.000000
8.1167,0.099202,0.144122,-0.763296,0.363526,0.000000,0.000000,0.000000,0.339835,-0.682335,0.278854,0.118121,0.000000,0.000000,0.000000,0.000000
8.1333,0.112423,0.162698,-0.789593,0.364746,0.000000,0.000000,0.000000,0.344002,-0.698391,0.295350,0.117144,0.000000,0.000000,0.000000,0.000000
8.1500,0.124488,0.179533,-0.813506,0.367450,0.000000,0.000000,0.000000,0.347599,-0.714217,0.310781,0.116480,0.000000,0.000000,0.000000,0.000000
8.1667,0.135168,0.194553,-0.835065,0.371560,0.000000,0.000000,0.000000,0.350487,-0.729650,0.325194,0.116085,0.000000,0.000000,0.000000,0.000000
8.1833,0.144338,0.207766,-0.854363,0.376960,0.000000,0.000000,0.000000,0.352537,-0.744531,0.338660,0.115897,0.000000,0.000000,0.000000,0.000000
8.2000,0.151968,0.219245,-0.871541,0.383490,0.000000,0.000000,0.000000,0.353641,-0.758708,0.351270,0.115849,0.000000,0.000000,0.000000,0.000000
8.2167,0.158103,0.229113,-0.886766,0.390948,0.000000,0.000000,0.000000,0.353721,-0.772049,0.363124,0.115877,0.000000,0.000000,0.000000,0.000000
8.2333,0.162833,0.237524,-0.900216,0.399095,0.000000,0.000000,0.000000,0.352737,-0.784447,0.374328,0.115925,0.000000,0.000000,0.000000,0.000000
8.2500,0.166258,0.244646,-0.912064,0.407661,0.000000,0.000000,0.000000,0.350688,-0.795825,0.384988,0.115960,0.000000,0.000000,0.000000,0.000000
8.2667,0.168476,0.250639,-0.922475,0.416352,0.000000,0.000000,0.000000,0.347614,-0.806136,0.395208,0.115968,0.000000,0.000000,0.000000,0.000000
8.2833,0.169551,0.255631,-0.931604,0.424869,0.000000,0.000000,0.000000,0.343592,-0.815366,0.405082,0.115963,0.000000,0.000000,0.000000,0.000000
8.3000,0.169505,0.259695,-0.939600,0.432930,0.000000,0.000000,0.000000,0.338723,-0.823534,0.414695,0.115982,0.000000,0.000000,0.000000,0.000000
8.3167,0.168301,0.262835,-0.946609,0.440293,0.000000,0.000000,0.000000,0.333134,-0.830687,0.424121,0.116082,0.000000,0.000000,0.000000,0.000000
8.3333,0.165840,0.264973,-0.952777,0.446782,0.000000,0.000000,0.000000,0.326972,-0.836906,0.433417,0.116329,0.000000,0.000000,0.000000,0.000000
8.3500,0.161957,0.265956,-0.958249,0.452291,0.000000,0.000000,0.000000,0.320395,-0.842299,0.442627,0.116790,0.000000,0.000000,0.000000,0.000000
8.3667,0.156441,0.265570,-0.963160,0.456787,0.000000,0.000000,0.000000,0.313567,-0.846997,0.451778,0.117524,0.000000,0.000000,0.000000,0.000000
8.3833,0.149041,0.263558,-0.967634,0.460297,0.000000,0.000000,0.000000,0.306649,-0.851151,0.460885,0.118579,0.000000,0.000000,0.000000,0.000000
8.4000,0.139496,0.259657,-0.971777,0.462890,0.000000,0.000000,0.000000,0.299792,-0.854919,0.469948,0.119989,0.000000,0.000000,0.000000,0.000000
8.4167,0.127556,0.253619,-0.975673,0.464664,0.000000,0.000000,0.000000,0.293136,-0.858469,0.478956,0.121775,0.000000,0.000000,0.000000,0.000000
8.4333,0.113015,0.245245,-0.979387,0.465724,0.000000,0.000000,0.000000,0.286808,-0.861965,0.487887,0.123945,0.000000,0.000000,0.000000,0.000000
8.4500,0.095743,0.234404,-0.982959,0.466180,0.000000,0.000000,0.000000,0.280918,-0.865572,0.496709,0.126492,0.000000,0.000000,0.000000,0.000000
8.4667,0.075712,0.221068,-0.986404,0.466127,0.000000,0.000000,0.000000,0.275558,-0.869443,0.505382,0.129396,0.000000,0.000000,0.000000,0.000000
8.4833,0.053029,0.205350,-0.989716,0.465644,0.000000,0.000000,0.000000,0.270804,-0.873720,0.513857,0.132619,0.000000,0.000000,0.000000,0.000000
8.5000,0.027966,0.187533,-0.992867,0.464779,0.000000,0.000000,0.000000,0.266705,-0.878526,0.522077,0.136115,0.000000,0.000000,0.000000,0.000000
8.5167,0.000996,0.168091,-0.995826,0.463545,0.000000,0.000000,0.000000,0.263297,-0.883959,0.529980,0.139831,0.000000,0.000000,0.000000,0.000000
8.5333,-0.027182,0.147666,-0.998584,0.461916,0.000000,0.000000,0.000000,0.260601,-0.890086,0.537512,0.143720,0.000000,0.000000,0.000000,0.000000
8.5500,-0.055698,0.127002,-1.001177,0.459890,0.000000,0.000000,0.000000,0.258633,-0.896932,0.544634,0.147753,0.000000,0.000000,0.000000,0.000000
8.5667,-0.083636,0.106850,-1.003680,0.457559,0.000000,0.000000,0.000000,0.257411,-0.904474,0.551334,0.151926,0.000000,0.000000,0.000000,0.000000
8.5833,-0.110163,0.087880,-1.006182,0.455128,0.000000,0.000000,0.000000,0.256952,-0.912635,0.557629,0.156271,0.000000,0.000000,0.000000,0.000000
8.6000,-0.134579,0.070641,-1.008770,0.452875,0.000000,0.000000,0.000000,0.257268,-0.921282,0.563562,0.160852,0.000000,0.000000,0.000000,0.000000
8.6167,-0.156316,0.055563,-1.011526,0.451094,0.000000,0.000000,0.000000,0.258352,-0.930218,0.569201,0.165769,0.000000,0.000000,0.000000,0.000000
8.6333,-0.174915,0.042970,-1.014530,0.450059,0.000000,0.000000,0.000000,0.260181,-0.939193,0.574636,0.171164,0.000000,0.000000,0.000000,0.000000
8.6500,-0.190004,0.033097,-1.017863,0.449989,0.000000,0.000000,0.000000,0.262713,-0.947901,0.579968,0.177221,0.000000,0.000000,0.000000,0.000000
8.6667,-0.201285,0.026102,-1.021608,0.451038,0.000000,0.000000,0.000000,0.265895,-0.955989,0.585311,0.184169,0.000000,0.000000,0.000000,0.000000
8.6833,-0.208517,0.022079,-1.025836,0.453289,0.000000,0.000000,0.000000,0.269682,-0.963053,0.590793,0.192282,0.000000,0.000000,0.000000,0.000000
8.7000,-0.211518,0.021063,-1.030601,0.456744,0.000000,0.000000,0.000000,0.274050,-0.968648,0.596555,0.201860,0.000000,0.000000,0.000000,0.000000
8.7167,-0.210165,0.023045,-1.035928,0.461332,0.000000,0.000000,0.000000,0.279000,-0.972293,0.602757,0.213202,0.000000,0.000000,0.000000,0.000000
8.7333,-0.204392,0.027965,-1.041808,0.466915,0.000000,0.000000,0.000000,0.284549,-0.973480,0.609568,0.226544,0.000000,0.000000,0.000000,0.000000
8.7500,-0.194208,0.035714,-1.048198,0.473304,0.000000,0.000000,0.000000,0.290710,-0.971702,0.617165,0.241987,0.000000,0.000000,0.000000,0.000000
8.7667,-0.179704,0.046123,-1.055017,0.480275,0.000000,0.000000,0.000000,0.297469,-0.966489,0.625714,0.259409,0.000000,0.000000,0.000000,0.000000
8.7833,-0.161069,0.058980,-1.062144,0.487577,0.000000,0.000000,0.000000,0.304768,-0.957463,0.635354,0.278399,0.000000,0.000000,0.000000,0.000000
8.8000,-0.138595,0.074027,-1.069421,0.494947,0.000000,0.000000,0.000000,0.312494,-0.944393,0.646175,0.298225,0.000000,0.000000,0.000000,0.000000
8.8167,-0.112686,0.090966,-1.076657,0.502117,0.000000,0.000000,0.000000,0.320459,-0.927237,0.658205,0.317849,0.000000,0.000000,0.000000,0.000000
8.8833,-0.083845,0.109467,-1.083640,0.508838,0.000000,0.000000,0.000000,0.328389,-0.906167,0.671398,0.336002,0.000000,0.000000,0.000000,0.000000
8.9000,-0.052657,0.129186,-1.090155,0.514903,0.000000,0.000000,0.000000,0.335940,-0.881547,0.685652,0.351376,0.000000,0.000000,0.000000,0.000000
8.9167,-0.019756,0.149802,-1.095999,0.520147,0.000000,0.000000,0.000000,0.342738,-0.853882,0.700834,0.362860,0.000000,0.000000,0.000000,0.000000
8.9333,0.014203,0.171047,-1.100992,0.524445,0.000000,0.000000,0.000000,0.348437,-0.823772,0.716803,0.369696,0.000000,0.000000,0.000000,0.000000
8.9500,0.048570,0.192718,-1.104986,0.527699,0.000000,0.000000,0.000000,0.352767,-0.791911,0.733409,0.371525,0.000000,0.000000,0.000000,0.000000
8.9667,0.082704,0.214668,-1.107864,0.529844,0.000000,0.000000,0.000000,0.355580,-0.759102,0.750489,0.368389,0.000000,0.000000,0.000000,0.000000
8.9833,0.115980,0.236785,-1.109537,0.530841,0.000000,0.000000,0.000000,0.356880,-0.726262,0.767855,0.360740,0.000000,0.000000,0.000000,0.000000
9.0000,0.147805,0.258970,-1.109946,0.530678,0.000000,0.000000,0.000000,0.356823,-0.694403,0.785281,0.349456,0.000000,0.000000,0.000000,0.000000
9.1000,0.177638,0.281116,-1.109061,0.529361,0.000000,0.000000,0.000000,0.355686,-0.664583,0.802502,0.335807,0.000000,0.000000,0.000000,0.000000
9.1500,0.205029,0.303089,-1.106896,0.526912,0.000000,0.000000,0.000000,0.353808,-0.637786,0.819224,0.321276,0.000000,0.000000,0.000000,0.000000
9.1667,0.229640,0.324726,-1.103511,0.523376,0.000000,0.000000,0.000000,0.351498,-0.614794,0.835157,0.307263,0.000000,0.000000,0.000000,0.000000
9.1833,0.251260,0.345829,-1.099017,0.518828,0.000000,0.000000,0.000000,0.348986,-0.596135,0.850032,0.294854,0.000000,0.000000,0.000000,0.000000
9.2000,0.269799,0.366166,-1.093569,0.513386,0.000000,0.000000,0.000000,0.346421,-0.582123,0.863612,0.284765,0.000000,0.000000,0.000000,0.000000
9.2167,0.285273,0.385477,-1.087361,0.507225,0.000000,0.000000,0.000000,0.343881,-0.572909,0.875683,0.277374,0.000000,0.000000,0.000000,0.000000
9.2333,0.297776,0.403480,-1.080609,0.500576,0.000000,0.000000,0.000000,0.341383,-0.568533,0.886060,0.272777,0.000000,0.000000,0.000000,0.000000
9.2500,0.307466,0.419892,-1.073536,0.493708,0.000000,0.000000,0.000000,0.338896,-0.568946,0.894587,0.270844,0.000000,0.000000,0.000000,0.000000
9.2667,0.314540,0.434447,-1.066356,0.486891,0.000000,0.000000,0.000000,0.336353,-0.574029,0.901142,0.271256,0.000000,0.000000,0.000000,0.000000
9.2833,0.319219,0.446918,-1.059264,0.480367,0.000000,0.000000,0.000000,0.333664,-0.583603,0.905636,0.273534,0.000000,0.000000,0.000000,0.000000
9.3000,0.321720,0.457123,-1.052426,0.474331,0.000000,0.000000,0.000000,0.330727,-0.597424,0.908020,0.277059,0.000000,0.000000,0.000000,0.000000
9.3167,0.322242,0.464922,-1.045974,0.468929,0.000000,0.000000,0.000000,0.327435,-0.615171,0.908292,0.281100,0.000000,0.000000,0.000000,0.000000
9.3333,0.320940,0.470217,-1.040012,0.464276,0.000000,0.000000,0.000000,0.323683,-0.636423,0.906507,0.284850,0.000000,0.000000,0.000000,0.000000
9.3500,0.317924,0.472932,-1.034613,0.460460,0.000000,0.000000,0.000000,0.319372,-0.660628,0.902789,0.287460,0.000000,0.000000,0.000000,0.000000
9.4000,0.313244,0.473004,-1.029821,0.457557,0.000000,0.000000,0.000000,0.314423,-0.687074,0.897348,0.288102,0.000000,0.000000,0.000000,0.000000
9.4167,0.306900,0.470381,-1.025661,0.455633,0.000000,0.000000,0.000000,0.308811,-0.714906,0.890484,0.286094,0.000000,0.000000,0.000000,0.000000
9.5000,0.298840,0.465021,-1.022133,0.454740,0.000000,0.000000,0.000000,0.302596,-0.743182,0.882575,0.281046,0.000000,0.000000,0.000000,0.000000
9.5167,0.288978,0.456895,-1.019222,0.454901,0.000000,0.000000,0.000000,0.295907,-0.770971,0.874033,0.272929,0.000000,0.000000,0.000000,0.000000
9.5333,0.277199,0.446000,-1.016893,0.456106,0.000000,0.000000,0.000000,0.288898,-0.797457,0.865253,0.262004,0.000000,0.000000,0.000000,0.000000
9.5500,0.263375,0.432356,-1.015095,0.458316,0.000000,0.000000,0.000000,0.281710,-0.822017,0.856570,0.248700,0.000000,0.000000,0.000000,0.000000
9.5667,0.247379,0.416019,-1.013761,0.461476,0.000000,0.000000,0.000000,0.274462,-0.844244,0.848246,0.233514,0.000000,0.000000,0.000000,0.000000
9.5833,0.229094,0.397085,-1.012803,0.465517,0.000000,0.000000,0.000000,0.267254,-0.863931,0.840465,0.216949,0.000000,0.000000,0.000000,0.000000
9.6000,0.208438,0.375714,-1.012117,0.470361,0.000000,0.000000,0.000000,0.260171,-0.881034,0.833348,0.199487,0.000000,0.000000,0.000000,0.000000
9.6167,0.185383,0.352140,-1.011574,0.475903,0.000000,0.000000,0.000000,0.253281,-0.895636,0.826959,0.181578,0.000000,0.000000,0.000000,0.000000
9.6333,0.159974,0.326681,-1.011031,0.482008,0.000000,0.000000,0.000000,0.246634,-0.907899,0.821321,0.163613,0.000000,0.000000,0.000000,0.000000
9.6500,0.132342,0.299738,-1.010331,0.488503,0.000000,0.000000,0.000000,0.240247,-0.918032,0.816418,0.145895,0.000000,0.000000,0.000000,0.000000
9.6667,0.102713,0.271781,-1.009315,0.495176,0.000000,0.000000,0.000000,0.234098,-0.926260,0.812207,0.128616,0.000000,0.000000,0.000000,0.000000
9.6833,0.071418,0.243326,-1.007844,0.501780,0.000000,0.000000,0.000000,0.228124,-0.932803,0.808627,0.111842,0.000000,0.000000,0.000000,0.000000
9.7000,0.038895,0.214904,-1.005815,0.508047,0.000000,0.000000,0.000000,0.222222,-0.937860,0.805605,0.095529,0.000000,0.000000,0.000000,0.000000
9.7167,0.005695,0.187031,-1.003196,0.513722,0.000000,0.000000,0.000000,0.216244,-0.941597,0.803059,0.079537,0.000000,0.000000,0.000000,0.000000
9.7333,-0.027527,0.160206,-1.000046,0.518605,0.000000,0.000000,0.000000,0.210002,-0.944139,0.800906,0.063656,0.000000,0.000000,0.000000,0.000000
9.7500,-0.060062,0.134886,-0.996513,0.522581,0.000000,0.000000,0.000000,0.203264,-0.945569,0.799063,0.047620,0.000000,0.000000,0.000000,0.000000
9.7667,-0.091236,0.111453,-0.992806,0.525615,0.000000,0.000000,0.000000,0.195759,-0.945923,0.797449,0.031124,0.000000,0.000000,0.000000,0.000000
9.7833,-0.120484,0.090178,-0.989143,0.527717,0.000000,0.000000,0.000000,0.187174,-0.945186,0.795990,0.013832,0.000000,0.000000,0.000000,0.000000
9.8000,-0.147384,0.071236,-0.985728,0.528898,0.000000,0.000000,0.000000,0.177159,-0.943283,0.794622,-0.004603,0.000000,0.000000,0.000000,0.000000
9.8167,-0.171658,0.054735,-0.982733,0.529134,0.000000,0.000000,0.000000,0.165334,-0.940085,0.793294,-0.024521,0.000000,0.000000,0.000000,0.000000
9.8333,-0.193165,0.040738,-0.980284,0.528344,0.000000,0.000000,0.000000,0.151300,-0.935397,0.791974,-0.046228,0.000000,0.000000,0.000000,0.000000
9.8500,-0.211884,0.029280,-0.978464,0.526377,0.000000,0.000000,0.000000,0.134656,-0.928973,0.790651,-0.069968,0.000000,0.000000,0.000000,0.000000
9.8667,-0.227886,0.020381,-0.977313,0.523009,0.000000,0.000000,0.000000,0.115022,-0.920524,0.789342,-0.095886,0.000000,0.000000,0.000000,0.000000
9.8833,-0.241318,0.014046,-0.976839,0.517947,0.000000,0.000000,0.000000,0.092076,-0.909740,0.788095,-0.123988,0.000000,0.000000,0.000000,0.000000
9.9000,-0.252386,0.010263,-0.977027,0.510852,0.000000,0.000000,0.000000,0.065595,-0.896332,0.786989,-0.154103,0.000000,0.000000,0.000000,0.000000
9.9167,-0.261339,0.008994,-0.977855,0.501362,0.000000,0.000000,0.000000,0.035497,-0.880065,0.786136,-0.185839,0.000000,0.000000,0.000000,0.000000
9.9333,-0.268455,0.010152,-0.979305,0.489120,0.000000,0.000000,0.000000,0.001881,-0.860819,0.785671,-0.218556,0.000000,0.000000,0.000000,0.000000
9.9500,-0.274023,0.013602,-0.981371,0.473796,0.000000,0.000000,0.000000,-0.034924,-0.838641,0.785747,-0.251344,0.000000,0.000000,0.000000,0.000000
10.0333,-0.278333,0.019162,-0.984059,0.455095,0.000000,0.000000,0.000000,-0.074330,-0.813808,0.786515,-0.283055,0.000000,0.000000,0.000000,0.000000
10.0500,-0.281659,0.026609,-0.987390,0.432769,0.000000,0.000000,0.000000,-0.115525,-0.786819,0.788108,-0.312472,0.000000,0.000000,0.000000,0.000000
10.0667,-0.284259,0.035690,-0.991397,0.406629,0.000000,0.000000,0.000000,-0.157581,-0.758332,0.790609,-0.338574,0.000000,0.000000,0.000000,0.000000
10.0833,-0.286364,0.046135,-0.996117,0.376554,0.000000,0.000000,0.000000,-0.199560,-0.729082,0.794041,-0.360711,0.000000,0.000000,0.000000,0.000000
10.1000,-0.288180,0.057659,-1.001586,0.342510,0.000000,0.000000,0.000000,-0.240579,-0.699820,0.798362,-0.378632,0.000000,0.000000,0.000000,0.000000
10.1167,-0.289890,0.069981,-1.007832,0.304561,0.000000,0.000000,0.000000,-0.279865,-0.671272,0.803468,-0.392426,0.000000,0.000000,0.000000,0.000000
10.1333,-0.291648,0.082825,-1.014861,0.262889,0.000000,0.000000,0.000000,-0.316792,-0.644101,0.809204,-0.402426,0.000000,0.000000,0.000000,0.000000
10.1500,-0.293586,0.095942,-1.022648,0.217796,0.000000,0.000000,0.000000,-0.350900,-0.618870,0.815385,-0.409121,0.000000,0.000000,0.000000,0.000000
10.1667,-0.295808,0.109113,-1.031126,0.169717,0.000000,0.000000,0.000000,-0.381880,-0.596042,0.821812,-0.413076,0.000000,0.000000,0.000000,0.000000
10.2000,-0.298407,0.122160,-1.040169,0.119233,0.000000,0.000000,0.000000,-0.409548,-0.575972,0.828297,-0.414874,0.000000,0.000000,0.000000,0.000000
10.2167,-0.301482,0.134939,-1.049582,0.067090,0.000000,0.000000,0.000000,-0.433807,-0.558927,0.834673,-0.415080,0.000000,0.000000,0.000000,0.000000
10.2333,-0.305148,0.147338,-1.059095,0.014220,0.000000,0.000000,0.000000,-0.454616,-0.545100,0.840807,-0.414197,0.000000,0.000000,0.000000,0.000000
10.2500,-0.309527,0.159261,-1.068385,-0.038319,0.000000,0.000000,0.000000,-0.471973,-0.534626,0.846597,-0.412654,0.000000,0.000000,0.000000,0.000000
10.2667,-0.314716,0.170609,-1.077121,-0.089457,0.000000,0.000000,0.000000,-0.485892,-0.527604,0.851973,-0.410783,0.000000,0.000000,0.000000,0.000000
10.2833,-0.320755,0.181285,-1.085011,-0.138224,0.000000,0.000000,0.000000,-0.496399,-0.524109,0.856882,-0.408822,0.000000,0.000000,0.000000,0.000000
10.3000,-0.327611,0.191232,-1.091847,-0.183824,0.000000,0.000000,0.000000,-0.503522,-0.524197,0.861290,-0.406907,0.000000,0.000000,0.000000,0.000000
10.3167,-0.335174,0.200459,-1.097526,-0.225662,0.000000,0.000000,0.000000,-0.507293,-0.527912,0.865170,-0.405076,0.000000,0.000000,0.000000,0.000000
10.3333,-0.343272,0.209034,-1.102047,-0.263331,0.000000,0.000000,0.000000,-0.507745,-0.535275,0.868502,-0.403271,0.000000,0.000000,0.000000,0.000000
10.3500,-0.351701,0.217044,-1.105494,-0.296598,0.000000,0.000000,0.000000,-0.504921,-0.546273,0.871275,-0.401344,0.000000,0.000000,0.000000,0.000000
10.3667,-0.360247,0.224554,-1.108006,-0.325374,0.000000,0.000000,0.000000,-0.498885,-0.560837,0.873484,-0.399062,0.000000,0.000000,0.000000,0.000000
10.3833,-0.368711,0.231596,-1.109756,-0.349691,0.000000,0.000000,0.000000,-0.489727,-0.578823,0.875134,-0.396111,0.000000,0.000000,0.000000,0.000000
10.4000,-0.376928,0.238169,-1.110922,-0.369678,0.000000,0.000000,0.000000,-0.477570,-0.599991,0.876244,-0.392110,0.000000,0.000000,0.000000,0.000000
10.4167,-0.384768,0.244246,-1.111681,-0.385532,0.000000,0.000000,0.000000,-0.462570,-0.623999,0.876856,-0.386640,0.000000,0.000000,0.000000,0.000000
10.4333,-0.392143,0.249785,-1.112185,-0.397496,0.000000,0.000000,0.000000,-0.444909,-0.650400,0.877041,-0.379283,0.000000,0.000000,0.000000,0.000000
10.4500,-0.399003,0.254736,-1.112566,-0.405841,0.000000,0.000000,0.000000,-0.424786,-0.678675,0.876895,-0.369666,0.000000,0.000000,0.000000,0.000000
10.4667,-0.405324,0.259056,-1.112926,-0.410844,0.000000,0.000000,0.000000,-0.402410,-0.708270,0.876533,-0.357519,0.000000,0.000000,0.000000,0.000000
10.4833,-0.411101,0.262712,-1.113342,-0.412773,0.000000,0.000000,0.000000,-0.377991,-0.738639,0.876070,-0.342705,0.000000,0.000000,0.000000,0.000000
10.5000,-0.416346,0.265683,-1.113865,-0.411874,0.000000,0.000000,0.000000,-0.351756,-0.769269,0.875611,-0.325255,0.000000,0.000000,0.000000,0.000000
10.5167,-0.421079,0.267958,-1.114526,-0.408353,0.000000,0.000000,0.000000,-0.323975,-0.799664,0.875238,-0.305369,0.000000,0.000000,0.000000,0.000000
10.5333,-0.425330,0.269533,-1.115338,-0.402368,0.000000,0.000000,0.000000,-0.295006,-0.829312,0.875005,-0.283393,0.000000,0.000000,0.000000,0.000000
10.5667,-0.429133,0.270404,-1.116295,-0.394023,0.000000,0.000000,0.000000,-0.265342,-0.857637,0.874935,-0.259782,0.000000,0.000000,0.000000,0.000000
10.5833,-0.432523,0.270573,-1.117381,-0.383362,0.000000,0.000000,0.000000,-0.235593,-0.884019,0.875023,-0.235072,0.000000,0.000000,0.000000,0.000000
10.6000,-0.435535,0.270040,-1.118566,-0.370378,0.000000,0.000000,0.000000,-0.206412,-0.907865,0.875243,-0.209850,0.000000,0.000000,0.000000,0.000000
10.6167,-0.438197,0.268804,-1.119814,-0.355018,0.000000,0.000000,0.000000,-0.178388,-0.928703,0.875572,-0.184735,0.000000,0.000000,0.000000,0.000000
10.6333,-0.440532,0.266868,-1.121081,-0.337206,0.000000,0.000000,0.000000,-0.151979,-0.946238,0.875994,-0.160336,0.000000,0.000000,0.000000,0.000000
10.6500,-0.442550,0.264241,-1.122319,-0.316861,0.000000,0.000000,0.000000,-0.127487,-0.960366,0.876510,-0.137191,0.000000,0.000000,0.000000,0.000000
10.6667,-0.444248,0.260939,-1.123476,-0.293924,0.000000,0.000000,0.000000,-0.105059,-0.971161,0.877128,-0.115729,0.000000,0.000000,0.000000,0.000000
10.6833,-0.445606,0.256986,-1.124505,-0.268381,0.000000,0.000000,0.000000,-0.084729,-0.978839,0.877852,-0.096232,0.000000,0.000000,0.000000,0.000000
10.7000,-0.446581,0.252414,-1.125366,-0.240282,0.000000,0.000000,0.000000,-0.066444,-0.983719,0.878682,-0.078839,0.000000,0.000000,0.000000,0.000000
10.7167,-0.447107,0.247262,-1.126037,-0.209761,0.000000,0.000000,0.000000,-0.050098,-0.986180,0.879602,-0.063560,0.000000,0.000000,0.000000,0.000000
10.7333,-0.447089,0.241571,-1.126515,-0.177051,0.000000,0.000000,0.000000,-0.035559,-0.986626,0.880589,-0.050302,0.000000,0.000000,0.000000,0.000000
10.7500,-0.446419,0.235385,-1.126821,-0.142488,0.000000,0.000000,0.000000,-0.022692,-0.985449,0.881606,-0.038897,0.000000,0.000000,0.000000,0.000000
10.7667,-0.444982,0.228752,-1.126989,-0.106501,0.000000,0.000000,0.000000,-0.011372,-0.983010,0.882608,-0.029120,0.000000,0.000000,0.000000,0.000000
10.7833,-0.442676,0.221729,-1.127059,-0.069589,0.000000,0.000000,0.000000,-0.001502,-0.979620,0.883539,-0.020708,0.000000,0.000000,0.000000,0.000000
10.8000,-0.439437,0.214385,-1.127061,-0.032285,0.000000,0.000000,0.000000,0.006996,-0.975530,0.884342,-0.013377,0.000000,0.000000,0.000000,0.000000
10.8167,-0.435245,0.206812,-1.127009,0.004882,0.000000,0.000000,0.000000,0.014189,-0.970939,0.884962,-0.006834,0.000000,0.000000,0.000000,0.000000
10.8333,-0.430141,0.199120,-1.126890,0.041425,0.000000,0.000000,0.000000,0.020162,-0.966001,0.885356,-0.000791,0.000000,0.000000,0.000000,0.000000
10.8500,-0.424213,0.191432,-1.126673,0.076917,0.000000,0.000000,0.000000,0.025037,-0.960843,0.885506,0.005026,0.000000,0.000000,0.000000,0.000000
10.8667,-0.417593,0.183870,-1.126312,0.111004,0.000000,0.000000,0.000000,0.028993,-0.955573,0.885418,0.010878,0.000000,0.000000,0.000000,0.000000
10.8833,-0.410438,0.176541,-1.125759,0.143405,0.000000,0.000000,0.000000,0.032266,-0.950279,0.885131,0.017022,0.000000,0.000000,0.000000,0.000000
10.9000,-0.402918,0.169527,-1.124975,0.173900,0.000000,0.000000,0.000000,0.035140,-0.945030,0.884704,0.023717,0.000000,0.000000,0.000000,0.000000
10.9167,-0.395201,0.162877,-1.123936,0.202311,0.000000,0.000000,0.000000,0.037937,-0.939863,0.884219,0.031237,0.000000,0.000000,0.000000,0.000000
10.9333,-0.387442,0.156620,-1.122636,0.228489,0.000000,0.000000,0.000000,0.040992,-0.934767,0.883767,0.039869,0.000000,0.000000,0.000000,0.000000
10.9500,-0.379779,0.150770,-1.121092,0.252308,0.000000,0.000000,0.000000,0.044638,-0.929685,0.883450,0.049907,0.000000,0.000000,0.000000,0.000000
10.9667,-0.372327,0.145342,-1.119336,0.273673,0.000000,0.000000,0.000000,0.049200,-0.924505,0.883369,0.061642,0.000000,0.000000,0.000000,0.000000
10.9833,-0.365176,0.140350,-1.117406,0.292531,0.000000,0.000000,0.000000,0.054974,-0.919070,0.883630,0.075347,0.000000,0.000000,0.000000,0.000000
11.0000,-0.358391,0.135806,-1.115348,0.308885,0.000000,0.000000,0.000000,0.062222,-0.913185,0.884331,0.091255,0.000000,0.000000,0.000000,0.000000
11.0167,-0.352007,0.131726,-1.113207,0.322811,0.000000,0.000000,0.000000,0.071152,-0.906623,0.885561,0.109536,0.000000,0.000000,0.000000,0.000000
11.0333,-0.346026,0.128121,-1.111024,0.334442,0.000000,0.000000,0.000000,0.081901,-0.899140,0.887393,0.130270,0.000000,0.000000,0.000000,0.000000
11.0500,-0.340415,0.125013,-1.108840,0.343965,0.000000,0.000000,0.000000,0.094519,-0.890483,0.889879,0.153417,0.000000,0.000000,0.000000,0.000000
11.0667,-0.335101,0.122431,-1.106697,0.351598,0.000000,0.000000,0.000000,0.108952,-0.880407,0.893042,0.178782,0.000000,0.000000,0.000000,0.000000
11.0833,-0.329965,0.120419,-1.104641,0.357575,0.000000,0.000000,0.000000,0.125033,-0.868699,0.896874,0.205987,0.000000,0.000000,0.000000,0.000000
11.1000,-0.324844,0.119035,-1.102724,0.362140,0.000000,0.000000,0.000000,0.142485,-0.855208,0.901330,0.234436,0.000000,0.000000,0.000000,0.000000
11.1167,-0.319526,0.118345,-1.101005,0.365528,0.000000,0.000000,0.000000,0.160920,-0.839882,0.906328,0.263297,0.000000,0.000000,0.000000,0.000000
11.1833,-0.313755,0.118433,-1.099557,0.367964,0.000000,0.000000,0.000000,0.179854,-0.822793,0.911750,0.291532,0.000000,0.000000,0.000000,0.000000
11.2000,-0.307240,0.119389,-1.098460,0.369657,0.000000,0.000000,0.000000,0.198759,-0.804140,0.917460,0.318047,0.000000,0.000000,0.000000,0.000000
11.2167,-0.299661,0.121314,-1.097804,0.370800,0.000000,0.000000,0.000000,0.217135,-0.784231,0.923317,0.341935,0.000000,0.000000,0.000000,0.000000
11.2333,-0.290684,0.124310,-1.097683,0.371574,0.000000,0.000000,0.000000,0.234569,-0.763478,0.929188,0.362648,0.000000,0.000000,0.000000,0.000000
11.2500,-0.279970,0.128474,-1.098190,0.372155,0.000000,0.000000,0.000000,0.250786,-0.742421,0.934935,0.380034,0.000000,0.000000,0.000000,0.000000
11.2667,-0.267196,0.133883,-1.099409,0.372714,0.000000,0.000000,0.000000,0.265683,-0.721760,0.940416,0.394324,0.000000,0.000000,0.000000,0.000000
11.3667,-0.252072,0.140583,-1.101412,0.373433,0.000000,0.000000,0.000000,0.279351,-0.702357,0.945485,0.406078,0.000000,0.000000,0.000000,0.000000
11.3833,-0.234373,0.148577,-1.104244,0.374503,0.000000,0.000000,0.000000,0.292020,-0.685121,0.949998,0.416066,0.000000,0.000000,0.000000,0.000000
11.4000,-0.213956,0.157811,-1.107916,0.376132,0.000000,0.000000,0.000000,0.303950,-0.670841,0.953816,0.425081,0.000000,0.000000,0.000000,0.000000
11.4167,-0.190787,0.168177,-1.112396,0.378525,0.000000,0.000000,0.000000,0.315341,-0.660078,0.956805,0.433775,0.000000,0.000000,0.000000,0.000000
11.4333,-0.164950,0.179514,-1.117597,0.381873,0.000000,0.000000,0.000000,0.326295,-0.653163,0.958840,0.442573,0.000000,0.000000,0.000000,0.000000
11.4500,-0.136656,0.191626,-1.123369,0.386327,0.000000,0.000000,0.000000,0.336801,-0.650240,0.959796,0.451647,0.000000,0.000000,0.000000,0.000000
11.4667,-0.106242,0.204302,-1.129501,0.391972,0.000000,0.000000,0.000000,0.346746,-0.651296,0.959558,0.460916,0.000000,0.000000,0.000000,0.000000
11.5000,-0.074164,0.217331,-1.135728,0.398810,0.000000,0.000000,0.000000,0.355911,-0.656201,0.958015,0.470078,0.000000,0.000000,0.000000,0.000000
11.5333,-0.040969,0.230521,-1.141745,0.406746,0.000000,0.000000,0.000000,0.363990,-0.664720,0.955071,0.478654,0.000000,0.000000,0.000000,0.000000
11.5500,-0.007259,0.243713,-1.147239,0.415587,0.000000,0.000000,0.000000,0.370612,-0.676531,0.950653,0.486055,0.000000,0.000000,0.000000,0.000000
11.5667,0.026350,0.256795,-1.151916,0.425067,0.000000,0.000000,0.000000,0.375367,-0.691224,0.944713,0.491662,0.000000,0.000000,0.000000,0.000000
11.5833,0.059263,0.269715,-1.155521,0.434880,0.000000,0.000000,0.000000,0.377855,-0.708319,0.937240,0.494888,0.000000,0.000000,0.000000,0.000000
11.6000,0.090934,0.282461,-1.157856,0.444721,0.000000,0.000000,0.000000,0.377722,-0.727273,0.928269,0.495214,0.000000,0.000000,0.000000,0.000000
11.6167,0.120879,0.295041,-1.158779,0.454316,0.000000,0.000000,0.000000,0.374722,-0.747508,0.917892,0.492210,0.000000,0.000000,0.000000,0.000000
11.6333,0.148682,0.307446,-1.158211,0.463439,0.000000,0.000000,0.000000,0.368761,-0.768451,0.906268,0.485552,0.000000,0.000000,0.000000,0.000000
11.6500,0.174006,0.319635,-1.156133,0.471918,0.000000,0.000000,0.000000,0.359929,-0.789572,0.893620,0.475047,0.000000,0.000000,0.000000,0.000000
11.6667,0.196603,0.331527,-1.152587,0.479638,0.000000,0.000000,0.000000,0.348509,-0.810407,0.880231,0.460659,0.000000,0.000000,0.000000,0.000000
11.6833,0.216321,0.343017,-1.147666,0.486515,0.000000,0.000000,0.000000,0.334958,-0.830552,0.866431,0.442548,0.000000,0.000000,0.000000,0.000000
11.7500,0.233112,0.354007,-1.141509,0.492482,0.000000,0.000000,0.000000,0.319866,-0.849650,0.852585,0.421084,0.000000,0.000000,0.000000,0.000000
11.7667,0.247022,0.364420,-1.134283,0.497467,0.000000,0.000000,0.000000,0.303882,-0.867384,0.839062,0.396835,0.000000,0.000000,0.000000,0.000000
11.7833,0.258181,0.374219,-1.126178,0.501384,0.000000,0.000000,0.000000,0.287615,-0.883493,0.826197,0.370481,0.000000,0.000000,0.000000,0.000000
11.8000,0.266779,0.383396,-1.117396,0.504146,0.000000,0.000000,0.000000,0.271588,-0.897795,0.814264,0.342729,0.000000,0.000000,0.000000,0.000000
11.8167,0.273048,0.391965,-1.108139,0.505675,0.000000,0.000000,0.000000,0.256229,-0.910205,0.803467,0.314267,0.000000,0.000000,0.000000,0.000000
11.8333,0.277233,0.399943,-1.098603,0.505927,0.000000,0.000000,0.000000,0.241870,-0.920730,0.793939,0.285754,0.000000,0.000000,0.000000,0.000000
11.8500,0.279577,0.407330,-1.088973,0.504905,0.000000,0.000000,0.000000,0.228748,-0.929453,0.785744,0.257803,0.000000,0.000000,0.000000,0.000000
11.8667,0.280302,0.414100,-1.079422,0.502663,0.000000,0.000000,0.000000,0.217011,-0.936517,0.778884,0.230963,0.000000,0.000000,0.000000,0.000000
11.8833,0.279604,0.420195,-1.070108,0.499298,0.000000,0.000000,0.000000,0.206726,-0.942103,0.773312,0.205688,0.000000,0.000000,0.000000,0.000000
11.9000,0.277642,0.425522,-1.061177,0.494940,0.000000,0.000000,0.000000,0.197906,-0.946423,0.768944,0.182310,0.000000,0.000000,0.000000,0.000000
11.9167,0.274538,0.429951,-1.052757,0.489741,0.000000,0.000000,0.000000,0.190519,-0.949704,0.765668,0.161029,0.000000,0.000000,0.000000,0.000000
11.9333,0.270371,0.433313,-1.044968,0.483881,0.000000,0.000000,0.000000,0.184493,-0.952177,0.763359,0.141903,0.000000,0.000000,0.000000,0.000000
11.9500,0.265182,0.435405,-1.037917,0.477557,0.000000,0.000000,0.000000,0.179724,-0.954062,0.761882,0.124854,0.000000,0.000000,0.000000,0.000000
11.9667,0.258972,0.435991,-1.031699,0.470990,0.000000,0.000000,0.000000,0.176075,-0.955558,0.761105,0.109683,0.000000,0.000000,0.000000,0.000000
11.9833,0.251708,0.434825,-1.026398,0.464411,0.000000,0.000000,0.000000,0.173382,-0.956833,0.760901,0.096088,0.000000,0.000000,0.000000,0.000000
12.0000,0.243325,0.431665,-1.022074,0.458051,0.000000,0.000000,0.000000,0.171451,-0.958017,0.761152,0.083683,0.000000,0.000000,0.000000,0.000000
12.0167,0.233734,0.426306,-1.018760,0.452135,0.000000,0.000000,0.000000,0.170058,-0.959193,0.761755,0.072022,0.000000,0.000000,0.000000,0.000000
12.0333,0.222829,0.418599,-1.016457,0.446865,0.000000,0.000000,0.000000,0.168948,-0.960393,0.762617,0.060623,0.000000,0.000000,0.000000,0.000000
12.0500,0.210498,0.408484,-1.015121,0.442405,0.000000,0.000000,0.000000,0.167834,-0.961601,0.763662,0.048985,0.000000,0.000000,0.000000,0.000000
12.0667,0.196637,0.396002,-1.014669,0.438872,0.000000,0.000000,0.000000,0.166399,-0.962749,0.764823,0.036617,0.000000,0.000000,0.000000,0.000000
12.0833,0.181161,0.381304,-1.014972,0.436308,0.000000,0.000000,0.000000,0.164289,-0.963706,0.766051,0.023047,0.000000,0.000000,0.000000,0.000000
12.1000,0.164021,0.364643,-1.015858,0.434677,0.000000,0.000000,0.000000,0.161108,-0.964267,0.767307,0.007841,0.000000,0.000000,0.000000,0.000000
12.1167,0.145209,0.346353,-1.017124,0.433856,0.000000,0.000000,0.000000,0.156415,-0.964145,0.768571,-0.009392,0.000000,0.000000,0.000000,0.000000
12.1333,0.124768,0.326824,-1.018543,0.433651,0.000000,0.000000,0.000000,0.149734,-0.962966,0.769842,-0.028982,0.000000,0.000000,0.000000,0.000000
12.1500,0.102792,0.306464,-1.019881,0.433821,0.000000,0.000000,0.000000,0.140564,-0.960277,0.771139,-0.051183,0.000000,0.000000,0.000000,0.000000
12.1667,0.079429,0.285677,-1.020910,0.434101,0.000000,0.000000,0.000000,0.128409,-0.955568,0.772508,-0.076157,0.000000,0.000000,0.000000,0.000000
12.1833,0.054885,0.264826,-1.021431,0.434243,0.000000,0.000000,0.000000,0.112806,-0.948300,0.774014,-0.103949,0.000000,0.000000,0.000000,0.000000
12.2000,0.029425,0.244224,-1.021294,0.434035,0.000000,0.000000,0.000000,0.093373,-0.937958,0.775747,-0.134471,0.000000,0.000000,0.000000,0.000000
12.2167,0.003380,0.224126,-1.020420,0.433344,0.000000,0.000000,0.000000,0.069850,-0.924105,0.777809,-0.167465,0.000000,0.000000,0.000000,0.000000
12.2333,-0.022862,0.204741,-1.018813,0.432131,0.000000,0.000000,0.000000,0.042163,-0.906463,0.780306,-0.202476,0.000000,0.000000,0.000000,0.000000
12.2500,-0.048856,0.186250,-1.016570,0.430466,0.000000,0.000000,0.000000,0.010485,-0.885002,0.783338,-0.238826,0.000000,0.000000,0.000000,0.000000
12.2667,-0.074127,0.168805,-1.013871,0.428507,0.000000,0.000000,0.000000,-0.024653,-0.860069,0.786990,-0.275598,0.000000,0.000000,0.000000,0.000000
12.3667,-0.098213,0.152526,-1.010938,0.426469,0.000000,0.000000,0.000000,-0.062295,-0.832482,0.791315,-0.311673,0.000000,0.000000,0.000000,0.000000
12.3833,-0.120715,0.137493,-1.008001,0.424566,0.000000,0.000000,0.000000,-0.101155,-0.803477,0.796310,-0.345872,0.000000,0.000000,0.000000,0.000000
12.4000,-0.141332,0.123755,-1.005261,0.422967,0.000000,0.000000,0.000000,-0.139887,-0.774480,0.801869,-0.377177,0.000000,0.000000,0.000000,0.000000
12.4167,-0.159871,0.111340,-1.002879,0.421768,0.000000,0.000000,0.000000,-0.177328,-0.746878,0.807770,-0.404841,0.000000,0.000000,0.000000,0.000000
12.4833,-0.176242,0.100258,-1.000971,0.420980,0.000000,0.000000,0.000000,-0.212588,-0.721879,0.813717,-0.428366,0.000000,0.000000,0.000000,0.000000
12.5167,-0.190451,0.090495,-0.999611,0.420538,0.000000,0.000000,0.000000,-0.245040,-0.700440,0.819386,-0.447434,0.000000,0.000000,0.000000,0.000000
12.5333,-0.202585,0.082021,-0.998834,0.420302,0.000000,0.000000,0.000000,-0.274262,-0.683229,0.824494,-0.461864,0.000000,0.000000,0.000000,0.000000
12.5667,-0.212794,0.074799,-0.998647,0.420067,0.000000,0.000000,0.000000,-0.299951,-0.670650,0.828837,-0.471619,0.000000,0.000000,0.000000,0.000000
12.6000,-0.221276,0.068791,-0.999036,0.419572,0.000000,0.000000,0.000000,-0.321822,-0.662922,0.832313,-0.476820,0.000000,0.000000,0.000000,0.000000
12.7167,-0.228256,0.063973,-0.999978,0.418504,0.000000,0.000000,0.000000,-0.339523,-0.660177,0.834928,-0.477762,0.000000,0.000000,0.000000,0.000000
12.7333,-0.233973,0.060335,-1.001447,0.416511,0.000000,0.000000,0.000000,-0.352640,-0.662502,0.836766,-0.474840,0.000000,0.000000,0.000000,0.000000
12.7500,-0.238667,0.057884,-1.003421,0.413206,0.000000,0.000000,0.000000,-0.360791,-0.669915,0.837949,-0.468424,0.000000,0.000000,0.000000,0.000000
12.7667,-0.242567,0.056638,-1.005890,0.408185,0.000000,0.000000,0.000000,-0.363730,-0.682305,0.838597,-0.458784,0.000000,0.000000,0.000000,0.000000
12.7833,-0.245890,0.056627,-1.008856,0.401038,0.000000,0.000000,0.000000,-0.361388,-0.699398,0.838822,-0.446095,0.000000,0.000000,0.000000,0.000000
12.8000,-0.248837,0.057885,-1.012335,0.391365,0.000000,0.000000,0.000000,-0.353880,-0.720726,0.838730,-0.430476,0.000000,0.000000,0.000000,0.000000
12.8167,-0.251591,0.060450,-1.016353,0.378791,0.000000,0.000000,0.000000,-0.341517,-0.745621,0.838430,-0.412037,0.000000,0.000000,0.000000,0.000000
12.8333,-0.254318,0.064357,-1.020943,0.362983,0.000000,0.000000,0.000000,-0.324804,-0.773220,0.838023,-0.390912,0.000000,0.000000,0.000000,0.000000
12.8667,-0.257160,0.069640,-1.026139,0.343668,0.000000,0.000000,0.000000,-0.304433,-0.802509,0.837599,-0.367287,0.000000,0.000000,0.000000,0.000000
12.8833,-0.260226,0.076320,-1.031979,0.320643,0.000000,0.000000,0.000000,-0.281265,-0.832378,0.837216,-0.341409,0.000000,0.000000,0.000000,0.000000
12.9000,-0.263588,0.084408,-1.038495,0.293788,0.000000,0.000000,0.000000,-0.256273,-0.861695,0.836900,-0.313592,0.000000,0.000000,0.000000,0.000000
12.9167,-0.267272,0.093891,-1.045713,0.263077,0.000000,0.000000,0.000000,-0.230473,-0.889392,0.836643,-0.284232,0.000000,0.000000,0.000000,0.000000
12.9333,-0.271264,0.104736,-1.053642,0.228582,0.000000,0.000000,0.000000,-0.204838,-0.914545,0.836414,-0.253824,0.000000,0.000000,0.000000,0.000000
12.9500,-0.275511,0.116877,-1.062266,0.190482,0.000000,0.000000,0.000000,-0.180203,-0.936453,0.836174,-0.222944,0.000000,0.000000,0.000000,0.000000
12.9667,-0.279938,0.130195,-1.071530,0.149069,0.000000,0.000000,0.000000,-0.157186,-0.954689,0.835903,-0.192224,0.000000,0.000000,0.000000,0.000000
12.9833,-0.284468,0.144499,-1.081325,0.104760,0.000000,0.000000,0.000000,-0.136143,-0.969123,0.835604,-0.162288,0.000000,0.000000,0.000000,0.000000
13.0000,-0.289045,0.159506,-1.091478,0.058107,0.000000,0.000000,0.000000,-0.117192,-0.979877,0.835310,-0.133698,0.000000,0.000000,0.000000,0.000000
13.0167,-0.293658,0.174860,-1.101743,0.009791,0.000000,0.000000,0.000000,-0.100272,-0.987249,0.835068,-0.106901,0.000000,0.000000,0.000000,0.000000
13.0333,-0.298347,0.190153,-1.111799,-0.039380,0.000000,0.000000,0.000000,-0.085221,-0.991640,0.834926,-0.082212,0.000000,0.000000,0.000000,0.000000
13.0500,-0.303200,0.204959,-1.121275,-0.088515,0.000000,0.000000,0.000000,-0.071834,-0.993492,0.834917,-0.059805,0.000000,0.000000,0.000000,0.000000
13.0667,-0.308317,0.218880,-1.129804,-0.136720,0.000000,0.000000,0.000000,-0.059908,-0.993247,0.835059,-0.039725,0.000000,0.000000,0.000000,0.000000
13.0833,-0.313757,0.231602,-1.137092,-0.183190,0.000000,0.000000,0.000000,-0.049250,-0.991336,0.835347,-0.021905,0.000000,0.000000,0.000000,0.000000
13.1000,-0.319517,0.242941,-1.142972,-0.227260,0.000000,0.000000,0.000000,-0.039685,-0.988172,0.835761,-0.006198,0.000000,0.000000,0.000000,0.000000
13.1167,-0.325542,0.252831,-1.147406,-0.268399,0.000000,0.000000,0.000000,-0.031036,-0.984153,0.836272,0.007596,0.000000,0.000000,0.000000,0.000000
13.1333,-0.331747,0.261277,-1.150471,-0.306191,0.000000,0.000000,0.000000,-0.023119,-0.979659,0.836850,0.019698,0.000000,0.000000,0.000000,0.000000
13.1500,-0.338045,0.268309,-1.152321,-0.340326,0.000000,0.000000,0.000000,-0.015741,-0.975038,0.837465,0.030336,0.000000,0.000000,0.000000,0.000000
13.1667,-0.344367,0.273944,-1.153163,-0.370592,0.000000,0.000000,0.000000,-0.008714,-0.970594,0.838095,0.039744,0.000000,0.000000,0.000000,0.000000
13.1833,-0.350658,0.278190,-1.153229,-0.396878,0.000000,0.000000,0.000000,-0.001856,-0.966571,0.838720,0.048171,0.000000,0.000000,0.000000,0.000000
13.2000,-0.356881,0.281063,-1.152756,-0.419175,0.000000,0.000000,0.000000,0.005001,-0.963144,0.839329,0.055878,0.000000,0.000000,0.000000,0.000000
13.2167,-0.363011,0.282602,-1.151965,-0.437572,0.000000,0.000000,0.000000,0.012016,-0.960422,0.839916,0.063148,0.000000,0.000000,0.000000,0.000000
13.2333,-0.369028,0.282881,-1.151054,-0.452237,0.000000,0.000000,0.000000,0.019339,-0.958445,0.840486,0.070286,0.000000,0.000000,0.000000,0.000000
13.2500,-0.374920,0.282008,-1.150180,-0.463398,0.000000,0.000000,0.000000,0.027113,-0.957193,0.841054,0.077616,0.000000,0.000000,0.000000,0.000000
13.2667,-0.380670,0.280125,-1.149463,-0.471318,0.000000,0.000000,0.000000,0.035485,-0.956586,0.841645,0.085484,0.000000,0.000000,0.000000,0.000000
13.2833,-0.386261,0.277401,-1.148983,-0.476274,0.000000,0.000000,0.000000,0.044603,-0.956498,0.842296,0.094246,0.000000,0.000000,0.000000,0.000000
13.3000,-0.391669,0.274016,-1.148784,-0.478537,0.000000,0.000000,0.000000,0.054611,-0.956751,0.843055,0.104256,0.000000,0.000000,0.000000,0.000000
13.3167,-0.396863,0.270151,-1.148889,-0.478353,0.000000,0.000000,0.000000,0.065646,-0.957119,0.843980,0.115851,0.000000,0.000000,0.000000,0.000000
13.3333,-0.401806,0.265979,-1.149296,-0.475931,0.000000,0.000000,0.000000,0.077823,-0.957330,0.845133,0.129332,0.000000,0.000000,0.000000,0.000000
13.3500,-0.406453,0.261653,-1.149997,-0.471431,0.000000,0.000000,0.000000,0.091228,-0.957074,0.846581,0.144935,0.000000,0.000000,0.000000,0.000000
13.3667,-0.410757,0.257298,-1.150971,-0.464961,0.000000,0.000000,0.000000,0.105909,-0.956016,0.848385,0.162805,0.000000,0.000000,0.000000,0.000000
13.3833,-0.414666,0.253011,-1.152195,-0.456571,0.000000,0.000000,0.000000,0.121866,-0.953809,0.850604,0.182966,0.000000,0.000000,0.000000,0.000000
13.4000,-0.418133,0.248852,-1.153640,-0.446253,0.000000,0.000000,0.000000,0.139036,-0.950108,0.853283,0.205292,0.000000,0.000000,0.000000,0.000000
13.4167,-0.421115,0.244844,-1.155272,-0.433951,0.000000,0.000000,0.000000,0.157280,-0.944579,0.856452,0.229490,0.000000,0.000000,0.000000,0.000000
13.4333,-0.423583,0.240975,-1.157051,-0.419566,0.000000,0.000000,0.000000,0.176364,-0.936910,0.860121,0.255084,0.000000,0.000000,0.000000,0.000000
13.4500,-0.425524,0.237206,-1.158926,-0.402967,0.000000,0.000000,0.000000,0.195947,-0.926824,0.864275,0.281410,0.000000,0.000000,0.000000,0.000000
13.4667,-0.426938,0.233472,-1.160837,-0.384013,0.000000,0.000000,0.000000,0.215579,-0.914086,0.868876,0.307618,0.000000,0.000000,0.000000,0.000000
13.4833,-0.427846,0.229700,-1.162711,-0.362566,0.000000,0.000000,0.000000,0.234724,-0.898532,0.873868,0.332690,0.000000,0.000000,0.000000,0.000000
13.5333,-0.428275,0.225817,-1.164467,-0.338525,0.000000,0.000000,0.000000,0.252794,-0.880089,0.879189,0.355488,0.000000,0.000000,0.000000,0.000000
13.5500,-0.428256,0.221764,-1.166019,-0.311855,0.000000,0.000000,0.000000,0.269204,-0.858784,0.884778,0.374895,0.000000,0.000000,0.000000,0.000000
13.5667,-0.427816,0.217503,-1.167283,-0.282614,0.000000,0.000000,0.000000,0.283409,-0.834736,0.890583,0.389994,0.000000,0.000000,0.000000,0.000000
13.5833,-0.426971,0.213018,-1.168184,-0.250963,0.000000,0.000000,0.000000,0.294944,-0.808162,0.896556,0.400185,0.000000,0.000000,0.000000,0.000000
13.6000,-0.425720,0.208310,-1.168667,-0.217177,0.000000,0.000000,0.000000,0.303463,-0.779392,0.902652,0.405199,0.000000,0.000000,0.000000,0.000000
13.6167,-0.424048,0.203388,-1.168702,-0.181628,0.000000,0.000000,0.000000,0.308786,-0.748903,0.908825,0.405092,0.000000,0.000000,0.000000,0.000000
13.6333,-0.421926,0.198263,-1.168290,-0.144766,0.000000,0.000000,0.000000,0.310946,-0.717340,0.915035,0.400231,0.000000,0.000000,0.000000,0.000000
13.6500,-0.419316,0.192941,-1.167458,-0.107088,0.000000,0.000000,0.000000,0.310242,-0.685532,0.921253,0.391298,0.000000,0.000000,0.000000,0.000000
13.7333,-0.416177,0.187433,-1.166259,-0.069115,0.000000,0.000000,0.000000,0.307229,-0.654469,0.927448,0.379281,0.000000,0.000000,0.000000,0.000000
13.7500,-0.412477,0.181764,-1.164755,-0.031357,0.000000,0.000000,0.000000,0.302634,-0.625178,0.933584,0.365396,0.000000,0.000000,0.000000,0.000000
13.7667,-0.408206,0.175981,-1.163006,0.005704,0.000000,0.000000,0.000000,0.297201,-0.598554,0.939611,0.350916,0.000000,0.000000,0.000000,0.000000
13.7833,-0.403386,0.170161,-1.161055,0.041646,0.000000,0.000000,0.000000,0.291593,-0.575273,0.945467,0.337020,0.000000,0.000000,0.000000,0.000000
13.8000,-0.398084,0.164412,-1.158918,0.076117,0.000000,0.000000,0.000000,0.286347,-0.555789,0.951074,0.324698,0.000000,0.000000,0.000000,0.000000
13.8167,-0.392405,0.158865,-1.156589,0.108840,0.000000,0.000000,0.000000,0.281875,-0.540367,0.956344,0.314722,0.000000,0.000000,0.000000,0.000000
13.8333,-0.386487,0.153661,-1.154041,0.139606,0.000000,0.000000,0.000000,0.278461,-0.529122,0.961179,0.307639,0.000000,0.000000,0.000000,0.000000
13.8500,-0.380485,0.148935,-1.151238,0.168262,0.000000,0.000000,0.000000,0.276273,-0.522053,0.965470,0.303781,0.000000,0.000000,0.000000,0.000000
13.8667,-0.374551,0.144806,-1.148149,0.194692,0.000000,0.000000,0.000000,0.275380,-0.519081,0.969104,0.303288,0.000000,0.000000,0.000000,0.000000
13.8833,-0.368823,0.141373,-1.144759,0.218806,0.000000,0.000000,0.000000,0.275769,-0.520076,0.971957,0.306126,0.000000,0.000000,0.000000,0.000000
13.9000,-0.363410,0.138703,-1.141074,0.240540,0.000000,0.000000,0.000000,0.277351,-0.524885,0.973904,0.312108,0.000000,0.000000,0.000000,0.000000
13.9167,-0.358378,0.136831,-1.137124,0.259862,0.000000,0.000000,0.000000,0.279983,-0.533343,0.974815,0.320897,0.000000,0.000000,0.000000,0.000000
13.9333,-0.353743,0.135757,-1.132969,0.276787,0.000000,0.000000,0.000000,0.283471,-0.545280,0.974565,0.332018,0.000000,0.000000,0.000000,0.000000
13.9500,-0.349465,0.135449,-1.128691,0.291373,0.000000,0.000000,0.000000,0.287574,-0.560517,0.973036,0.344856,0.000000,0.000000,0.000000,0.000000
13.9667,-0.345448,0.135864,-1.124393,0.303719,0.000000,0.000000,0.000000,0.292016,-0.578852,0.970128,0.358655,0.000000,0.000000,0.000000,0.000000
14.0000,-0.341543,0.136952,-1.120191,0.313957,0.000000,0.000000,0.000000,0.296480,-0.600047,0.965768,0.372521,0.000000,0.000000,0.000000,0.000000
14.0167,-0.337549,0.138673,-1.116212,0.322246,0.000000,0.000000,0.000000,0.300623,-0.623807,0.959917,0.385468,0.000000,0.000000,0.000000,0.000000
14.0333,-0.333226,0.141001,-1.112588,0.328764,0.000000,0.000000,0.000000,0.304087,-0.649768,0.952582,0.396496,0.000000,0.000000,0.000000,0.000000
14.0500,-0.328293,0.143933,-1.109451,0.333706,0.000000,0.000000,0.000000,0.306528,-0.677478,0.943823,0.404676,0.000000,0.000000,0.000000,0.000000
14.0667,-0.322443,0.147489,-1.106930,0.337281,0.000000,0.000000,0.000000,0.307636,-0.706398,0.933758,0.409225,0.000000,0.000000,0.000000,0.000000
14.0833,-0.315353,0.151707,-1.105146,0.339714,0.000000,0.000000,0.000000,0.307181,-0.735912,0.922566,0.409560,0.000000,0.000000,0.000000,0.000000
14.1000,-0.306689,0.156639,-1.104213,0.341243,0.000000,0.000000,0.000000,0.305044,-0.765367,0.910484,0.405344,0.000000,0.000000,0.000000,0.000000
14.1167,-0.296122,0.162343,-1.104225,0.342125,0.000000,0.000000,0.000000,0.301246,-0.794098,0.897802,0.396514,0.000000,0.000000,0.000000,0.000000
14.1833,-0.283345,0.168876,-1.105263,0.342630,0.000000,0.000000,0.000000,0.295941,-0.821461,0.884854,0.383299,0.000000,0.000000,0.000000,0.000000
14.2000,-0.268084,0.176278,-1.107380,0.343047,0.000000,0.000000,0.000000,0.289377,-0.846869,0.871995,0.366206,0.000000,0.000000,0.000000,0.000000
14.2167,-0.250122,0.184560,-1.110601,0.343680,0.000000,0.000000,0.000000,0.281839,-0.869842,0.859558,0.345941,0.000000,0.000000,0.000000,0.000000
14.2333,-0.229320,0.193687,-1.114918,0.344843,0.000000,0.000000,0.000000,0.273609,-0.890052,0.847828,0.323333,0.000000,0.000000,0.000000,0.000000
14.2500,-0.205632,0.203572,-1.120275,0.346849,0.000000,0.000000,0.000000,0.264959,-0.907329,0.837026,0.299256,0.000000,0.000000,0.000000,0.000000
14.2667,-0.179130,0.214076,-1.126563,0.349985,0.000000,0.000000,0.000000,0.256150,-0.921662,0.827308,0.274577,0.000000,0.000000,0.000000,0.000000
14.2833,-0.150024,0.225016,-1.133604,0.354494,0.000000,0.000000,0.000000,0.247429,-0.933177,0.818765,0.250096,0.000000,0.000000,0.000000,0.000000
14.3000,-0.118676,0.236187,-1.141147,0.360548,0.000000,0.000000,0.000000,0.239024,-0.942109,0.811434,0.226505,0.000000,0.000000,0.000000,0.000000
14.3167,-0.085607,0.247386,-1.148865,0.368224,0.000000,0.000000,0.000000,0.231134,-0.948766,0.805299,0.204360,0.000000,0.000000,0.000000,0.000000
14.3333,-0.051463,0.258427,-1.156380,0.377493,0.000000,0.000000,0.000000,0.223916,-0.953498,0.800309,0.184063,0.000000,0.000000,0.000000,0.000000
14.3500,-0.016937,0.269157,-1.163309,0.388215,0.000000,0.000000,0.000000,0.217480,-0.956667,0.796377,0.165860,0.000000,0.000000,0.000000,0.000000
14.3667,0.017293,0.279481,-1.169309,0.400158,0.000000,0.000000,0.000000,0.211886,-0.958624,0.793397,0.149843,0.000000,0.000000,0.000000,0.000000
14.3833,0.050607,0.289371,-1.174098,0.413016,0.000000,0.000000,0.000000,0.207135,-0.959688,0.791247,0.135963,0.000000,0.000000,0.000000,0.000000
14.4000,0.082465,0.298864,-1.177469,0.426430,0.000000,0.000000,0.000000,0.203167,-0.960136,0.789796,0.124042,0.000000,0.000000,0.000000,0.000000
14.4167,0.112419,0.308043,-1.179295,0.440009,0.000000,0.000000,0.000000,0.199855,-0.960185,0.788903,0.113794,0.000000,0.000000,0.000000,0.000000
14.4333,0.140118,0.316998,-1.179524,0.453353,0.000000,0.000000,0.000000,0.197005,-0.959995,0.788429,0.104842,0.000000,0.000000,0.000000,0.000000
14.4500,0.165299,0.325797,-1.178172,0.466084,0.000000,0.000000,0.000000,0.194364,-0.959663,0.788234,0.096734,0.000000,0.000000,0.000000,0.000000
14.4667,0.187791,0.334462,-1.175310,0.477865,0.000000,0.000000,0.000000,0.191628,-0.959230,0.788183,0.088963,0.000000,0.000000,0.000000,0.000000
14.4833,0.207504,0.342973,-1.171054,0.488426,0.000000,0.000000,0.000000,0.188460,-0.958690,0.788151,0.080981,0.000000,0.000000,0.000000,0.000000
14.5000,0.224430,0.351290,-1.165549,0.497575,0.000000,0.000000,0.000000,0.184497,-0.957998,0.788023,0.072222,0.000000,0.000000,0.000000,0.000000
14.5167,0.238633,0.359366,-1.158959,0.505200,0.000000,0.000000,0.000000,0.179377,-0.957074,0.787705,0.062113,0.000000,0.000000,0.000000,0.000000
14.5333,0.250241,0.367152,-1.151462,0.511274,0.000000,0.000000,0.000000,0.172740,-0.955814,0.787120,0.050102,0.000000,0.000000,0.000000,0.000000
14.5500,0.259428,0.374605,-1.143243,0.515843,0.000000,0.000000,0.000000,0.164232,-0.954081,0.786212,0.035672,0.000000,0.000000,0.000000,0.000000
14.5667,0.266410,0.381685,-1.134492,0.519016,0.000000,0.000000,0.000000,0.153503,-0.951697,0.784945,0.018375,0.000000,0.000000,0.000000,0.000000
14.5833,0.271427,0.388366,-1.125388,0.520932,0.000000,0.000000,0.000000,0.140202,-0.948439,0.783302,-0.002143,0.000000,0.000000,0.000000,0.000000
14.6000,0.274734,0.394633,-1.116099,0.521745,0.000000,0.000000,0.000000,0.123988,-0.944042,0.781284,-0.026108,0.000000,0.000000,0.000000,0.000000
14.6167,0.276589,0.400482,-1.106774,0.521608,0.000000,0.000000,0.000000,0.104552,-0.938218,0.778914,-0.053586,0.000000,0.000000,0.000000,0.000000
14.6333,0.277238,0.405910,-1.097545,0.520675,0.000000,0.000000,0.000000,0.081658,-0.930687,0.776232,-0.084454,0.000000,0.000000,0.000000,0.000000
14.6500,0.276906,0.410907,-1.088529,0.519101,0.000000,0.000000,0.000000,0.055195,-0.921227,0.773301,-0.118361,0.000000,0.000000,0.000000,0.000000
14.6667,0.275793,0.415448,-1.079829,0.517042,0.000000,0.000000,0.000000,0.025238,-0.909729,0.770206,-0.154688,0.000000,0.000000,0.000000,0.000000
14.6833,0.274065,0.419488,-1.071533,0.514650,0.000000,0.000000,0.000000,-0.007890,-0.896257,0.767052,-0.192506,0.000000,0.000000,0.000000,0.000000
14.7000,0.271853,0.422957,-1.063716,0.512067,0.000000,0.000000,0.000000,-0.043555,-0.881109,0.763958,-0.230552,0.000000,0.000000,0.000000,0.000000
14.8000,0.269251,0.425763,-1.056446,0.509422,0.000000,0.000000,0.000000,-0.080779,-0.864862,0.761053,-0.267274,0.000000,0.000000,0.000000,0.000000
14.8667,0.266311,0.427788,-1.049776,0.506832,0.000000,0.000000,0.000000,-0.118334,-0.848315,0.758446,-0.301023,0.000000,0.000000,0.000000,0.000000
14.8833,0.263042,0.428888,-1.043757,0.504402,0.000000,0.000000,0.000000,-0.154951,-0.832322,0.756209,-0.330342,0.000000,0.000000,0.000000,0.000000
14.9167,0.259407,0.428906,-1.038427,0.502215,0.000000,0.000000,0.000000,-0.189484,-0.817631,0.754376,-0.354179,0.000000,0.000000,0.000000,0.000000
14.9333,0.255331,0.427678,-1.033812,0.500328,0.000000,0.000000,0.000000,-0.220988,-0.804797,0.752966,-0.371915,0.000000,0.000000,0.000000,0.000000
14.9500,0.250702,0.425042,-1.029925,0.498767,0.000000,0.000000,0.000000,-0.248776,-0.794133,0.751986,-0.383296,0.000000,0.000000,0.000000,0.000000
14.9667,0.245373,0.420854,-1.026763,0.497528,0.000000,0.000000,0.000000,-0.272480,-0.785677,0.751436,-0.388332,0.000000,0.000000,0.000000,0.000000
14.9833,0.239172,0.414989,-1.024308,0.496581,0.000000,0.000000,0.000000,-0.292083,-0.779171,0.751313,-0.387220,0.000000,0.000000,0.000000,0.000000
15.0000,0.231905,0.407354,-1.022526,0.495878,0.000000,0.000000,0.000000,-0.307943,-0.774044,0.751621,-0.380281,0.000000,0.000000,0.000000,0.000000
15.1000,0.223370,0.397899,-1.021369,0.495353,0.000000,0.000000,0.000000,-0.320736,-0.769479,0.752377,-0.367950,0.000000,0.000000,0.000000,0.000000
15.1167,0.213365,0.386626,-1.020772,0.494924,0.000000,0.000000,0.000000,-0.331185,-0.764722,0.753607,-0.350818,0.000000,0.000000,0.000000,0.000000
15.1500,0.201702,0.373606,-1.020653,0.494495,0.000000,0.000000,0.000000,-0.339643,-0.759514,0.755343,-0.329721,0.000000,0.000000,0.000000,0.000000
15.2833,0.188219,0.358980,-1.020912,0.493959,0.000000,0.000000,0.000000,-0.345893,-0.754230,0.757638,-0.305768,0.000000,0.000000,0.000000,0.000000
15.3000,0.172790,0.342962,-1.021426,0.493198,0.000000,0.000000,0.000000,-0.349337,-0.749612,0.760561,-0.280177,0.000000,0.000000,0.000000,0.000000
15.3167,0.155332,0.325826,-1.022043,0.492094,0.000000,0.000000,0.000000,-0.349376,-0.746409,0.764156,-0.254022,0.000000,0.000000,0.000000,0.000000
15.3333,0.135809,0.307892,-1.022590,0.490535,0.000000,0.000000,0.000000,-0.345631,-0.745185,0.768409,-0.228109,0.000000,0.000000,0.000000,0.000000
15.3500,0.114235,0.289496,-1.022870,0.488427,0.000000,0.000000,0.000000,-0.337958,-0.746297,0.773262,-0.203020,0.000000,0.000000,0.000000,0.000000
15.3667,0.090676,0.270967,-1.022680,0.485706,0.000000,0.000000,0.000000,-0.326416,-0.749915,0.778622,-0.179155,0.000000,0.000000,0.000000,0.000000
15.3833,0.065248,0.252596,-1.021816,0.482353,0.000000,0.000000,0.000000,-0.311248,-0.756016,0.784378,-0.156755,0.000000,0.000000,0.000000,0.000000
15.4000,0.038129,0.234621,-1.020101,0.478395,0.000000,0.000000,0.000000,-0.292870,-0.764398,0.790411,-0.135922,0.000000,0.000000,0.000000,0.000000
15.4167,0.009567,0.217222,-1.017410,0.473924,0.000000,0.000000,0.000000,-0.271833,-0.774696,0.796602,-0.116653,0.000000,0.000000,0.000000,0.000000
15.4333,-0.020109,0.200537,-1.013693,0.469102,0.000000,0.000000,0.000000,-0.248777,-0.786440,0.802840,-0.098884,0.000000,0.000000,0.000000,0.000000
15.4500,-0.050480,0.184686,-1.008992,0.464157,0.000000,0.000000,0.000000,-0.224364,-0.799113,0.809026,-0.082525,0.000000,0.000000,0.000000,0.000000
15.4667,-0.081041,0.169797,-1.003443,0.459346,0.000000,0.000000,0.000000,-0.199238,-0.812210,0.815071,-0.067474,0.000000,0.000000,0.000000,0.000000
15.4833,-0.111217,0.156008,-0.997269,0.454911,0.000000,0.000000,0.000000,-0.173998,-0.825266,0.820896,-0.053619,0.000000,0.000000,0.000000,0.000000
15.5000,-0.140398,0.143448,-0.990752,0.451036,0.000000,0.000000,0.000000,-0.149192,-0.837875,0.826423,-0.040837,0.000000,0.000000,0.000000,0.000000
15.5167,-0.167993,0.132215,-0.984200,0.447823,0.000000,0.000000,0.000000,-0.125307,-0.849695,0.831584,-0.028997,0.000000,0.000000,0.000000,0.000000
15.5333,-0.193483,0.122366,-0.977914,0.445281,0.000000,0.000000,0.000000,-0.102742,-0.860472,0.836319,-0.017985,0.000000,0.000000,0.000000,0.000000
15.5500,-0.216458,0.113922,-0.972156,0.443333,0.000000,0.000000,0.000000,-0.081785,-0.870048,0.840583,-0.007716,0.000000,0.000000,0.000000,0.000000
15.5667,-0.236646,0.106870,-0.967141,0.441830,0.000000,0.000000,0.000000,-0.062605,-0.878364,0.844352,0.001858,0.000000,0.000000,0.000000,0.000000
15.5833,-0.253914,0.101165,-0.963025,0.440563,0.000000,0.000000,0.000000,-0.045249,-0.885453,0.847624,0.010752,0.000000,0.000000,0.000000,0.000000
15.6000,-0.268264,0.096737,-0.959914,0.439285,0.000000,0.000000,0.000000,-0.029668,-0.891415,0.850415,0.018962,0.000000,0.000000,0.000000,0.000000
15.6167,-0.279812,0.093506,-0.957866,0.437717,0.000000,0.000000,0.000000,-0.015733,-0.896393,0.852758,0.026482,0.000000,0.000000,0.000000,0.000000
15.6333,-0.288768,0.091395,-0.956901,0.435553,0.000000,0.000000,0.000000,-0.003260,-0.900554,0.854696,0.033327,0.000000,0.000000,0.000000,0.000000
15.6500,-0.295410,0.090341,-0.957009,0.432474,0.000000,0.000000,0.000000,0.007971,-0.904058,0.856284,0.039557,0.000000,0.000000,0.000000,0.000000
15.6667,-0.300065,0.090293,-0.958160,0.428144,0.000000,0.000000,0.000000,0.018202,-0.907040,0.857584,0.045292,0.000000,0.000000,0.000000,0.000000
15.6833,-0.303081,0.091210,-0.960313,0.422217,0.000000,0.000000,0.000000,0.027684,-0.909591,0.858669,0.050717,0.000000,0.000000,0.000000,0.000000
15.7000,-0.304814,0.093057,-0.963430,0.414344,0.000000,0.000000,0.000000,0.036675,-0.911757,0.859617,0.056081,0.000000,0.000000,0.000000,0.000000
15.7167,-0.305608,0.095795,-0.967476,0.404178,0.000000,0.000000,0.000000,0.045446,-0.913545,0.860513,0.061685,0.000000,0.000000,0.000000,0.000000
15.7333,-0.305778,0.099370,-0.972435,0.391377,0.000000,0.000000,0.000000,0.054287,-0.914939,0.861450,0.067880,0.000000,0.000000,0.000000,0.000000
15.7500,-0.305603,0.103715,-0.978305,0.375610,0.000000,0.000000,0.000000,0.063506,-0.915912,0.862521,0.075051,0.000000,0.000000,0.000000,0.000000
15.7667,-0.305317,0.108751,-0.985099,0.356556,0.000000,0.000000,0.000000,0.073417,-0.916411,0.863816,0.083606,0.000000,0.000000,0.000000,0.000000
15.7833,-0.305116,0.114395,-0.992834,0.333915,0.000000,0.000000,0.000000,0.084305,-0.916353,0.865422,0.093968,0.000000,0.000000,0.000000,0.000000
15.8000,-0.305161,0.120573,-1.001519,0.307417,0.000000,0.000000,0.000000,0.096415,-0.915613,0.867408,0.106548,0.000000,0.000000,0.000000,0.000000
15.8167,-0.305588,0.127220,-1.011143,0.276845,0.000000,0.000000,0.000000,0.109930,-0.914033,0.869827,0.121720,0.000000,0.000000,0.000000,0.000000
15.8333,-0.306515,0.134281,-1.021654,0.242066,0.000000,0.000000,0.000000,0.124971,-0.911441,0.872705,0.139785,0.000000,0.000000,0.000000,0.000000
15.8500,-0.308046,0.141700,-1.032953,0.203056,0.000000,0.000000,0.000000,0.141593,-0.907666,0.876045,0.160931,0.000000,0.000000,0.000000,0.000000
15.8667,-0.310269,0.149395,-1.044885,0.159942,0.000000,0.000000,0.000000,0.159775,-0.902546,0.879820,0.185194,0.000000,0.000000,0.000000,0.000000
15.8833,-0.313261,0.157252,-1.057228,0.113026,0.000000,0.000000,0.000000,0.179404,-0.895938,0.883971,0.212427,0.000000,0.000000,0.000000,0.000000
15.9000,-0.317082,0.165131,-1.069697,0.062821,0.000000,0.000000,0.000000,0.200279,-0.887734,0.888416,0.242278,0.000000,0.000000,0.000000,0.000000
15.9167,-0.321783,0.172895,-1.081935,0.010075,0.000000,0.000000,0.000000,0.222117,-0.877884,0.893046,0.274181,0.000000,0.000000,0.000000,0.000000
15.9500,-0.327398,0.180435,-1.093526,-0.044239,0.000000,0.000000,0.000000,0.244580,-0.866420,0.897742,0.307372,0.000000,0.000000,0.000000,0.000000
15.9667,-0.333927,0.187690,-1.104059,-0.098983,0.000000,0.000000,0.000000,0.267315,-0.853470,0.902389,0.340961,0.000000,0.000000,0.000000,0.000000
15.9833,-0.341302,0.194661,-1.113223,-0.152976,0.000000,0.000000,0.000000,0.289999,-0.839265,0.906892,0.374041,0.000000,0.000000,0.000000,0.000000
16.0000,-0.349390,0.201390,-1.120852,-0.205094,0.000000,0.000000,0.000000,0.312356,-0.824125,0.911180,0.405780,0.000000,0.000000,0.000000,0.000000
16.0167,-0.358021,0.207927,-1.126897,-0.254350,0.000000,0.000000,0.000000,0.334156,-0.808437,0.915206,0.435489,0.000000,0.000000,0.000000,0.000000
16.0333,-0.367017,0.214318,-1.131391,-0.299935,0.000000,0.000000,0.000000,0.355203,-0.792623,0.918930,0.462658,0.000000,0.000000,0.000000,0.000000
16.0500,-0.376207,0.220617,-1.134420,-0.341240,0.000000,0.000000,0.000000,0.375321,-0.777105,0.922319,0.486983,0.000000,0.000000,0.000000,0.000000
16.0667,-0.385432,0.226877,-1.136120,-0.377850,0.000000,0.000000,0.000000,0.394348,-0.762272,0.925339,0.508340,0.000000,0.000000,0.000000,0.000000
16.0833,-0.394545,0.233145,-1.136657,-0.409537,0.000000,0.000000,0.000000,0.412143,-0.748462,0.927956,0.526753,0.000000,0.000000,0.000000,0.000000
16.1000,-0.403423,0.239441,-1.136221,-0.436237,0.000000,0.000000,0.000000,0.428587,-0.735935,0.930142,0.542360,0.000000,0.000000,0.000000,0.000000
16.1167,-0.411976,0.245754,-1.135009,-0.458022,0.000000,0.000000,0.000000,0.443595,-0.724869,0.931877,0.555370,0.000000,0.000000,0.000000,0.000000
16.1333,-0.420145,0.252035,-1.133214,-0.475073,0.000000,0.000000,0.000000,0.457112,-0.715346,0.933155,0.566040,0.000000,0.000000,0.000000,0.000000
16.1500,-0.427909,0.258194,-1.131020,-0.487651,0.000000,0.000000,0.000000,0.469115,-0.707367,0.933982,0.574648,0.000000,0.000000,0.000000,0.000000
16.1667,-0.435268,0.264109,-1.128593,-0.496068,0.000000,0.000000,0.000000,0.479610,-0.700861,0.934375,0.581472,0.000000,0.000000,0.000000,0.000000
16.1833,-0.442241,0.269633,-1.126089,-0.500665,0.000000,0.000000,0.000000,0.488625,-0.695711,0.934358,0.586776,0.000000,0.000000,0.000000,0.000000
16.2000,-0.448844,0.274604,-1.123648,-0.501793,0.000000,0.000000,0.000000,0.496210,-0.691771,0.933963,0.590800,0.000000,0.000000,0.000000,0.000000
16.2167,-0.455089,0.278862,-1.121398,-0.499792,0.000000,0.000000,0.000000,0.502425,-0.688882,0.933220,0.593746,0.000000,0.000000,0.000000,0.000000
16.2333,-0.460970,0.282261,-1.119455,-0.494974,0.000000,0.000000,0.000000,0.507339,-0.686892,0.932155,0.595774,0.000000,0.000000,0.000000,0.000000
16.2500,-0.466463,0.284681,-1.117922,-0.487618,0.000000,0.000000,0.000000,0.511017,-0.685670,0.930784,0.596998,0.000000,0.000000,0.000000,0.000000
16.2667,-0.471523,0.286037,-1.116883,-0.477956,0.000000,0.000000,0.000000,0.513516,-0.685123,0.929111,0.597483,0.000000,0.000000,0.000000,0.000000
16.2833,-0.476090,0.286280,-1.116405,-0.466174,0.000000,0.000000,0.000000,0.514882,-0.685202,0.927121,0.597239,0.000000,0.000000,0.000000,0.000000
16.3000,-0.480085,0.285397,-1.116533,-0.452403,0.000000,0.000000,0.000000,0.515140,-0.685903,0.924787,0.596227,0.000000,0.000000,0.000000,0.000000
16.3167,-0.483430,0.283404,-1.117289,-0.436721,0.000000,0.000000,0.000000,0.514294,-0.687261,0.922066,0.594352,0.000000,0.000000,0.000000,0.000000
16.3333,-0.486041,0.280345,-1.118673,-0.419153,0.000000,0.000000,0.000000,0.512332,-0.689350,0.918906,0.591473,0.000000,0.000000,0.000000,0.000000
16.3500,-0.487849,0.276286,-1.120656,-0.399680,0.000000,0.000000,0.000000,0.509219,-0.692273,0.915247,0.587397,0.000000,0.000000,0.000000,0.000000
16.3667,-0.488795,0.271315,-1.123184,-0.378244,0.000000,0.000000,0.000000,0.504908,-0.696160,0.911024,0.581895,0.000000,0.000000,0.000000,0.000000
16.3833,-0.488845,0.265540,-1.126170,-0.354766,0.000000,0.000000,0.000000,0.499342,-0.701154,0.906176,0.574706,0.000000,0.000000,0.000000,0.000000
16.4000,-0.487993,0.259085,-1.129497,-0.329156,0.000000,0.000000,0.000000,0.492459,-0.707408,0.900645,0.565545,0.000000,0.000000,0.000000,0.000000
16.4167,-0.486266,0.252084,-1.133021,-0.301342,0.000000,0.000000,0.000000,0.484203,-0.715062,0.894387,0.554127,0.000000,0.000000,0.000000,0.000000
16.4333,-0.483717,0.244682,-1.136574,-0.271296,0.000000,0.000000,0.000000,0.474536,-0.724231,0.887376,0.540175,0.000000,0.000000,0.000000,0.000000
16.4500,-0.480421,0.237026,-1.139981,-0.239072,0.000000,0.000000,0.000000,0.463444,-0.734982,0.879616,0.523451,0.000000,0.000000,0.000000,0.000000
16.4667,-0.476460,0.229259,-1.143076,-0.204836,0.000000,0.000000,0.000000,0.450956,-0.747311,0.871143,0.503781,0.000000,0.000000,0.000000,0.000000
16.4833,-0.471902,0.221512,-1.145722,-0.168885,0.000000,0.000000,0.000000,0.437154,-0.761123,0.862042,0.481091,0.000000,0.000000,0.000000,0.000000
16.5000,-0.466794,0.213890,-1.147830,-0.131640,0.000000,0.000000,0.000000,0.422188,-0.776216,0.852443,0.455444,0.000000,0.000000,0.000000,0.000000
16.5167,-0.461160,0.206472,-1.149357,-0.093611,0.000000,0.000000,0.000000,0.406285,-0.792275,0.842534,0.427090,0.000000,0.000000,0.000000,0.000000
16.5833,-0.455013,0.199306,-1.150306,-0.055361,0.000000,0.000000,0.000000,0.389740,-0.808875,0.832547,0.396508,0.000000,0.000000,0.000000,0.000000
16.6000,-0.448361,0.192415,-1.150714,-0.017458,0.000000,0.000000,0.000000,0.372891,-0.825526,0.822743,0.364384,0.000000,0.000000,0.000000,0.000000
16.6167,-0.441228,0.185804,-1.150635,0.019568,0.000000,0.000000,0.000000,0.356085,-0.841739,0.813374,0.331542,0.000000,0.000000,0.000000,0.000000
16.6333,-0.433653,0.179472,-1.150129,0.055251,0.000000,0.000000,0.000000,0.339654,-0.857094,0.804665,0.298831,0.000000,0.000000,0.000000,0.000000
16.6500,-0.425703,0.173418,-1.149252,0.089213,0.000000,0.000000,0.000000,0.323924,-0.871278,0.796800,0.267053,0.000000,0.000000,0.000000,0.000000
16.6667,-0.417467,0.167653,-1.148050,0.121164,0.000000,0.000000,0.000000,0.309210,-0.884100,0.789922,0.236906,0.000000,0.000000,0.000000,0.000000
16.6833,-0.409047,0.162210,-1.146558,0.150878,0.000000,0.000000,0.000000,0.295808,-0.895486,0.784127,0.208951,0.000000,0.000000,0.000000,0.000000
16.7000,-0.400554,0.157150,-1.144801,0.178171,0.000000,0.000000,0.000000,0.283973,-0.905456,0.779472,0.183591,0.000000,0.000000,0.000000,0.000000
16.7167,-0.392101,0.152556,-1.142797,0.202894,0.000000,0.000000,0.000000,0.273899,-0.914108,0.775965,0.161070,0.000000,0.000000,0.000000,0.000000
16.7333,-0.383804,0.148525,-1.140556,0.224946,0.000000,0.000000,0.000000,0.265711,-0.921592,0.773576,0.141479,0.000000,0.000000,0.000000,0.000000
16.7500,-0.375774,0.145138,-1.138082,0.244298,0.000000,0.000000,0.000000,0.259457,-0.928091,0.772240,0.124785,0.000000,0.000000,0.000000,0.000000
16.7667,-0.368113,0.142447,-1.135380,0.261009,0.000000,0.000000,0.000000,0.255116,-0.933806,0.771860,0.110849,0.000000,0.000000,0.000000,0.000000
16.7833,-0.360897,0.140472,-1.132460,0.275220,0.000000,0.000000,0.000000,0.252605,-0.938944,0.772318,0.099450,0.000000,0.000000,0.000000,0.000000
16.8000,-0.354161,0.139195,-1.129349,0.287142,0.000000,0.000000,0.000000,0.251793,-0.943711,0.773481,0.090304,0.000000,0.000000,0.000000,0.000000
16.8167,-0.347886,0.138575,-1.126096,0.297031,0.000000,0.000000,0.000000,0.252509,-0.948303,0.775210,0.083069,0.000000,0.000000,0.000000,0.000000
16.8333,-0.341994,0.138559,-1.122773,0.305167,0.000000,0.000000,0.000000,0.254555,-0.952899,0.777363,0.077354,0.000000,0.000000,0.000000,0.000000
16.8500,-0.336344,0.139098,-1.119476,0.311832,0.000000,0.000000,0.000000,0.257711,-0.957658,0.779805,0.072727,0.000000,0.000000,0.000000,0.000000
16.8667,-0.330742,0.140160,-1.116314,0.317301,0.000000,0.000000,0.000000,0.261744,-0.962714,0.782411,0.068718,0.000000,0.000000,0.000000,0.000000
16.8833,-0.324945,0.141745,-1.113406,0.321837,0.000000,0.000000,0.000000,0.266408,-0.968174,0.785066,0.064839,0.000000,0.000000,0.000000,0.000000
16.9000,-0.318674,0.143875,-1.110875,0.325695,0.000000,0.000000,0.000000,0.271448,-0.974113,0.787670,0.060599,0.000000,0.000000,0.000000,0.000000
16.9167,-0.311617,0.146583,-1.108844,0.329131,0.000000,0.000000,0.000000,0.276599,-0.980575,0.790137,0.055523,0.000000,0.000000,0.000000,0.000000
16.9333,-0.303434,0.149897,-1.107442,0.332403,0.000000,0.000000,0.000000,0.281584,-0.987565,0.792396,0.049156,0.000000,0.000000,0.000000,0.000000
16.9500,-0.293767,0.153835,-1.106792,0.335769,0.000000,0.000000,0.000000,0.286108,-0.995050,0.794389,0.041079,0.000000,0.000000,0.000000,0.000000
16.9667,-0.282266,0.158406,-1.107007,0.339487,0.000000,0.000000,0.000000,0.289862,-1.002945,0.796071,0.030918,0.000000,0.000000,0.000000,0.000000
16.9833,-0.268604,0.163619,-1.108173,0.343807,0.000000,0.000000,0.000000,0.292512,-1.011113,0.797413,0.018354,0.000000,0.000000,0.000000,0.000000
17.0000,-0.252507,0.169484,-1.110338,0.348961,0.000000,0.000000,0.000000,0.293703,-1.019346,0.798400,0.003147,0.000000,0.000000,0.000000,0.000000
17.0167,-0.233773,0.176004,-1.113505,0.355155,0.000000,0.000000,0.000000,0.293059,-1.027364,0.799034,-0.014856,0.000000,0.000000,0.000000,0.000000
17.0333,-0.212293,0.183163,-1.117625,0.362560,0.000000,0.000000,0.000000,0.290194,-1.034812,0.799337,-0.035702,0.000000,0.000000,0.000000,0.000000
17.0500,-0.188070,0.190921,-1.122590,0.371292,0.000000,0.000000,0.000000,0.284726,-1.041263,0.799355,-0.059322,0.000000,0.000000,0.000000,0.000000
17.0667,-0.161241,0.199221,-1.128226,0.381390,0.000000,0.000000,0.000000,0.276300,-1.046237,0.799160,-0.085521,0.000000,0.000000,0.000000,0.000000
17.0833,-0.132099,0.208006,-1.134283,0.392794,0.000000,0.000000,0.000000,0.264607,-1.049215,0.798848,-0.113958,0.000000,0.000000,0.000000,0.000000
17.1000,-0.101090,0.217229,-1.140446,0.405332,0.000000,0.000000,0.000000,0.249411,-1.049676,0.798541,-0.144130,0.000000,0.000000,0.000000,0.000000
17.1167,-0.068799,0.226849,-1.146351,0.418723,0.000000,0.000000,0.000000,0.230562,-1.047128,0.798368,-0.175357,0.000000,0.000000,0.000000,0.000000
17.1333,-0.035905,0.236841,-1.151621,0.432590,0.000000,0.000000,0.000000,0.208017,-1.041157,0.798456,-0.206777,0.000000,0.000000,0.000000,0.000000
17.1500,-0.003118,0.247198,-1.155897,0.446492,0.000000,0.000000,0.000000,0.181861,-1.031490,0.798912,-0.237362,0.000000,0.000000,0.000000,0.000000
17.2500,0.028878,0.257950,-1.158882,0.459966,0.000000,0.000000,0.000000,0.152314,-1.018014,0.799809,-0.265965,0.000000,0.000000,0.000000,0.000000
17.2833,0.059476,0.269159,-1.160349,0.472569,0.000000,0.000000,0.000000,0.119555,-1.000618,0.801171,-0.291453,0.000000,0.000000,0.000000,0.000000
17.3833,0.088168,0.280886,-1.160161,0.483926,0.000000,0.000000,0.000000,0.083488,-0.978953,0.802971,-0.312892,0.000000,0.000000,0.000000,0.000000
17.4000,0.114558,0.293161,-1.158258,0.493754,0.000000,0.000000,0.000000,0.043839,-0.952579,0.805140,-0.329698,0.000000,0.000000,0.000000,0.000000
17.4167,0.138364,0.305950,-1.154664,0.501867,0.000000,0.000000,0.000000,0.000646,-0.921498,0.807603,-0.341665,0.000000,0.000000,0.000000,0.000000
17.4333,0.159418,0.319143,-1.149474,0.508166,0.000000,0.000000,0.000000,-0.045307,-0.886582,0.810328,-0.348895,0.000000,0.000000,0.000000,0.000000
17.5500,0.177658,0.332558,-1.142851,0.512626,0.000000,0.000000,0.000000,-0.092369,-0.849597,0.813351,-0.351693,0.000000,0.000000,0.000000,0.000000
17.5667,0.193122,0.345958,-1.135006,0.515293,0.000000,0.000000,0.000000,-0.138334,-0.812892,0.816726,-0.350490,0.000000,0.000000,0.000000,0.000000
17.6000,0.205928,0.359074,-1.126187,0.516272,0.000000,0.000000,0.000000,-0.180997,-0.778884,0.820430,-0.345764,0.000000,0.000000,0.000000,0.000000
17.6333,0.216255,0.371623,-1.116663,0.515737,0.000000,0.000000,0.000000,-0.218541,-0.749632,0.824343,-0.337984,0.000000,0.000000,0.000000,0.000000
17.6500,0.224320,0.383323,-1.106713,0.513918,0.000000,0.000000,0.000000,-0.249629,-0.726664,0.828312,-0.327547,0.000000,0.000000,0.000000,0.000000
17.6667,0.230359,0.393910,-1.096608,0.511082,0.000000,0.000000,0.000000,-0.273378,-0.710914,0.832204,-0.314736,0.000000,0.000000,0.000000,0.000000
17.6833,0.234621,0.403165,-1.086597,0.507507,0.000000,0.000000,0.000000,-0.289338,-0.702724,0.835941,-0.299720,0.000000,0.000000,0.000000,0.000000
17.7167,0.237359,0.410930,-1.076894,0.503443,0.000000,0.000000,0.000000,-0.297446,-0.701898,0.839501,-0.282642,0.000000,0.000000,0.000000,0.000000
17.7333,0.238823,0.417124,-1.067673,0.499087,0.000000,0.000000,0.000000,-0.297970,-0.707807,0.842915,-0.263714,0.000000,0.000000,0.000000,0.000000
17.7500,0.239253,0.421744,-1.059067,0.494576,0.000000,0.000000,0.000000,-0.291466,-0.719513,0.846237,-0.243276,0.000000,0.000000,0.000000,0.000000
17.7667,0.238867,0.424848,-1.051174,0.489987,0.000000,0.000000,0.000000,-0.278768,-0.735856,0.849518,-0.221773,0.000000,0.000000,0.000000,0.000000
17.8333,0.237856,0.426544,-1.044061,0.485349,0.000000,0.000000,0.000000,-0.260978,-0.755503,0.852785,-0.199694,0.000000,0.000000,0.000000,0.000000
17.8500,0.236371,0.426960,-1.037771,0.480661,0.000000,0.000000,0.000000,-0.239370,-0.777065,0.856041,-0.177526,0.000000,0.000000,0.000000,0.000000
17.8667,0.234525,0.426221,-1.032324,0.475918,0.000000,0.000000,0.000000,-0.215212,-0.799285,0.859271,-0.155723,0.000000,0.000000,0.000000,0.000000
17.8833,0.232383,0.424440,-1.027726,0.471123,0.000000,0.000000,0.000000,-0.189618,-0.821162,0.862448,-0.134685,0.000000,0.000000,0.000000,0.000000
17.9000,0.229966,0.421701,-1.023967,0.466305,0.000000,0.000000,0.000000,-0.163498,-0.841969,0.865542,-0.114730,0.000000,0.000000,0.000000,0.000000
17.9167,0.227250,0.418058,-1.021031,0.461523,0.000000,0.000000,0.000000,-0.137573,-0.861219,0.868522,-0.096074,0.000000,0.000000,0.000000,0.000000
17.9333,0.224172,0.413539,-1.018895,0.456861,0.000000,0.000000,0.000000,-0.112392,-0.878618,0.871357,-0.078827,0.000000,0.000000,0.000000,0.000000
17.9500,0.220634,0.408144,-1.017530,0.452423,0.000000,0.000000,0.000000,-0.088354,-0.894020,0.874016,-0.063001,0.000000,0.000000,0.000000,0.000000
17.9667,0.216509,0.401852,-1.016899,0.448319,0.000000,0.000000,0.000000,-0.065738,-0.907385,0.876473,-0.048537,0.000000,0.000000,0.000000,0.000000
17.9833,0.211646,0.394623,-1.016959,0.444654,0.000000,0.000000,0.000000,-0.044720,-0.918747,0.878707,-0.035324,0.000000,0.000000,0.000000,0.000000
18.0000,0.205879,0.386410,-1.017656,0.441520,0.000000,0.000000,0.000000,-0.025385,-0.928198,0.880700,-0.023211,0.000000,0.000000,0.000000,0.000000
18.0167,0.199027,0.377166,-1.018924,0.438986,0.000000,0.000000,0.000000,-0.007734,-0.935869,0.882449,-0.012015,0.000000,0.000000,0.000000,0.000000
18.0333,0.190910,0.366855,-1.020682,0.437093,0.000000,0.000000,0.000000,0.008314,-0.941922,0.883960,-0.001523,0.000000,0.000000,0.000000,0.000000
18.0500,0.181346,0.355462,-1.022829,0.435851,0.000000,0.000000,0.000000,0.022924,-0.946531,0.885260,0.008516,0.000000,0.000000,0.000000,0.000000
18.0667,0.170169,0.343000,-1.025245,0.435237,0.000000,0.000000,0.000000,0.036325,-0.949860,0.886392,0.018396,0.000000,0.000000,0.000000,0.000000
18.0833,0.157233,0.329511,-1.027784,0.435198,0.000000,0.000000,0.000000,0.048797,-0.952038,0.887419,0.028449,0.000000,0.000000,0.000000,0.000000
18.1000,0.142424,0.315066,-1.030281,0.435650,0.000000,0.000000,0.000000,0.060650,-0.953136,0.888420,0.039041,0.000000,0.000000,0.000000,0.000000
18.1167,0.125670,0.299763,-1.032551,0.436486,0.000000,0.000000,0.000000,0.072201,-0.953158,0.889489,0.050557,0.000000,0.000000,0.000000,0.000000
18.1333,0.106952,0.283714,-1.034405,0.437580,0.000000,0.000000,0.000000,0.083754,-0.952031,0.890723,0.063374,0.000000,0.000000,0.000000,0.000000
18.1500,0.086303,0.267037,-1.035655,0.438794,0.000000,0.000000,0.000000,0.095582,-0.949616,0.892224,0.077846,0.000000,0.000000,0.000000,0.000000
18.1667,0.063819,0.249845,-1.036129,0.439993,0.000000,0.000000,0.000000,0.107907,-0.945711,0.894086,0.094265,0.000000,0.000000,0.000000,0.000000
18.1833,0.039666,0.232245,-1.035692,0.441055,0.000000,0.000000,0.000000,0.120888,-0.940081,0.896391,0.112840,0.000000,0.000000,0.000000,0.000000
18.2000,0.014094,0.214348,-1.034268,0.441883,0.000000,0.000000,0.000000,0.134611,-0.932469,0.899200,0.133662,0.000000,0.000000,0.000000,0.000000
18.2167,-0.012552,0.196285,-1.031863,0.442427,0.000000,0.000000,0.000000,0.149084,-0.922636,0.902549,0.156678,0.000000,0.000000,0.000000,0.000000
18.2333,-0.039829,0.178226,-1.028577,0.442691,0.000000,0.000000,0.000000,0.164238,-0.910387,0.906447,0.181662,0.000000,0.000000,0.000000,0.000000
18.2500,-0.067213,0.160378,-1.024600,0.442740,0.000000,0.000000,0.000000,0.179922,-0.895602,0.910867,0.208191,0.000000,0.000000,0.000000,0.000000
18.2667,-0.094135,0.142975,-1.020191,0.442682,0.000000,0.000000,0.000000,0.195904,-0.878273,0.915750,0.235614,0.000000,0.000000,0.000000,0.000000
18.2833,-0.120024,0.126243,-1.015645,0.442646,0.000000,0.000000,0.000000,0.211880,-0.858520,0.921003,0.263052,0.000000,0.000000,0.000000,0.000000
18.3500,-0.144352,0.110379,-1.011256,0.442755,0.000000,0.000000,0.000000,0.227492,-0.836615,0.926507,0.289444,0.000000,0.000000,0.000000,0.000000
18.3667,-0.166677,0.095535,-1.007288,0.443112,0.000000,0.000000,0.000000,0.242366,-0.812949,0.932132,0.313723,0.000000,0.000000,0.000000,0.000000
18.3833,-0.186675,0.081819,-1.003956,0.443780,0.000000,0.000000,0.000000,0.256156,-0.787978,0.937758,0.335071,0.000000,0.000000,0.000000,0.000000
18.4000,-0.204147,0.069294,-1.001411,0.444785,0.000000,0.000000,0.000000,0.268588,-0.762184,0.943276,0.353078,0.000000,0.000000,0.000000,0.000000
18.4167,-0.219023,0.057982,-0.999743,0.446105,0.000000,0.000000,0.000000,0.279488,-0.736090,0.948590,0.367763,0.000000,0.000000,0.000000,0.000000
18.4333,-0.231342,0.047868,-0.998986,0.447667,0.000000,0.000000,0.000000,0.288819,-0.710289,0.953604,0.379554,0.000000,0.000000,0.000000,0.000000
18.5500,-0.241231,0.038924,-0.999128,0.449332,0.000000,0.000000,0.000000,0.296690,-0.685444,0.958226,0.389211,0.000000,0.000000,0.000000,0.000000
18.5667,-0.248881,0.031127,-1.000121,0.450893,0.000000,0.000000,0.000000,0.303296,-0.662203,0.962357,0.397611,0.000000,0.000000,0.000000,0.000000
18.5833,-0.254520,0.024478,-1.001892,0.452061,0.000000,0.000000,0.000000,0.308819,-0.641088,0.965893,0.405407,0.000000,0.000000,0.000000,0.000000
18.6667,-0.258395,0.019015,-1.004356,0.452474,0.000000,0.000000,0.000000,0.313360,-0.622435,0.968738,0.412810,0.000000,0.000000,0.000000,0.000000
18.6833,-0.260760,0.014809,-1.007423,0.451707,0.000000,0.000000,0.000000,0.316944,-0.606426,0.970807,0.419655,0.000000,0.000000,0.000000,0.000000
18.7000,-0.261867,0.011953,-1.011009,0.449300,0.000000,0.000000,0.000000,0.319564,-0.593155,0.972041,0.425644,0.000000,0.000000,0.000000,0.000000
18.7167,-0.261965,0.010547,-1.015046,0.444791,0.000000,0.000000,0.000000,0.321238,-0.582688,0.972407,0.430538,0.000000,0.000000,0.000000,0.000000
18.7333,-0.261304,0.010673,-1.019487,0.437750,0.000000,0.000000,0.000000,0.322017,-0.575095,0.971888,0.434239,0.000000,0.000000,0.000000,0.000000
18.7500,-0.260128,0.012386,-1.024308,0.427804,0.000000,0.000000,0.000000,0.321998,-0.570461,0.970482,0.436794,0.000000,0.000000,0.000000,0.000000
18.7667,-0.258676,0.015708,-1.029503,0.414647,0.000000,0.000000,0.000000,0.321306,-0.568885,0.968186,0.438373,0.000000,0.000000,0.000000,0.000000
18.7833,-0.257173,0.020631,-1.035084,0.398049,0.000000,0.000000,0.000000,0.320092,-0.570474,0.964996,0.439223,0.000000,0.000000,0.000000,0.000000
18.8000,-0.255826,0.027121,-1.041074,0.377853,0.000000,0.000000,0.000000,0.318516,-0.575333,0.960904,0.439606,0.000000,0.000000,0.000000,0.000000
18.8167,-0.254821,0.035131,-1.047502,0.353975,0.000000,0.000000,0.000000,0.316735,-0.583547,0.955892,0.439746,0.000000,0.000000,0.000000,0.000000
18.8333,-0.254314,0.044602,-1.054393,0.326398,0.000000,0.000000,0.000000,0.314892,-0.595160,0.949946,0.439761,0.000000,0.000000,0.000000,0.000000
18.8500,-0.254432,0.055471,-1.061767,0.295179,0.000000,0.000000,0.000000,0.313098,-0.610150,0.943057,0.439619,0.000000,0.000000,0.000000,0.000000
18.8667,-0.255263,0.067677,-1.069627,0.260448,0.000000,0.000000,0.000000,0.311433,-0.628396,0.935236,0.439097,0.000000,0.000000,0.000000,0.000000
18.9167,-0.256855,0.081159,-1.077952,0.222401,0.000000,0.000000,0.000000,0.309930,-0.649646,0.926530,0.437786,0.000000,0.000000,0.000000,0.000000
18.9333,-0.259215,0.095851,-1.086694,0.181308,0.000000,0.000000,0.000000,0.308592,-0.673501,0.917032,0.435145,0.000000,0.000000,0.000000,0.000000
18.9500,-0.262313,0.111658,-1.095764,0.137517,0.000000,0.000000,0.000000,0.307397,-0.699425,0.906887,0.430598,0.000000,0.000000,0.000000,0.000000
18.9667,-0.266103,0.128430,-1.105035,0.091460,0.000000,0.000000,0.000000,0.306323,-0.726776,0.896288,0.423643,0.000000,0.000000,0.000000,0.000000
18.9833,-0.270533,0.145937,-1.114327,0.043654,0.000000,0.000000,0.000000,0.305358,-0.754845,0.885471,0.413926,0.000000,0.000000,0.000000,0.000000
19.0167,-0.275568,0.163873,-1.123410,-0.005299,0.000000,0.000000,0.000000,0.304525,-0.782913,0.874698,0.401305,0.000000,0.000000,0.000000,0.000000
19.0500,-0.281194,0.181862,-1.132008,-0.054732,0.000000,0.000000,0.000000,0.303866,-0.810288,0.864238,0.385880,0.000000,0.000000,0.000000,0.000000
19.0667,-0.287416,0.199490,-1.139812,-0.103952,0.000000,0.000000,0.000000,0.303416,-0.836351,0.854341,0.367986,0.000000,0.000000,0.000000,0.000000
19.0833,-0.294240,0.216340,-1.146516,-0.152281,0.000000,0.000000,0.000000,0.303172,-0.860590,0.845209,0.348128,0.000000,0.000000,0.000000,0.000000
19.1000,-0.301649,0.232041,-1.151858,-0.199096,0.000000,0.000000,0.000000,0.303077,-0.882622,0.836981,0.326910,0.000000,0.000000,0.000000,0.000000
19.1167,-0.309578,0.246331,-1.155668,-0.243843,0.000000,0.000000,0.000000,0.303021,-0.902203,0.829721,0.304977,0.000000,0.000000,0.000000,0.000000
19.1333,-0.317901,0.259100,-1.157898,-0.286024,0.000000,0.000000,0.000000,0.302855,-0.919223,0.823424,0.282956,0.000000,0.000000,0.000000,0.000000
19.1500,-0.326445,0.270386,-1.158633,-0.325185,0.000000,0.000000,0.000000,0.302404,-0.933691,0.818026,0.261405,0.000000,0.000000,0.000000,0.000000
19.1667,-0.335009,0.280328,-1.158060,-0.360932,0.000000,0.000000,0.000000,0.301497,-0.945721,0.813418,0.240777,0.000000,0.000000,0.000000,0.000000
19.1833,-0.343398,0.289125,-1.156413,-0.392961,0.000000,0.000000,0.000000,0.299985,-0.955511,0.809465,0.221399,0.000000,0.000000,0.000000,0.000000
19.2000,-0.351444,0.297001,-1.153936,-0.421076,0.000000,0.000000,0.000000,0.297761,-0.963316,0.806024,0.203466,0.000000,0.000000,0.000000,0.000000
19.2167,-0.359020,0.304179,-1.150857,-0.445195,0.000000,0.000000,0.000000,0.294764,-0.969428,0.802958,0.187040,0.000000,0.000000,0.000000,0.000000
19.2333,-0.366040,0.310859,-1.147380,-0.465340,0.000000,0.000000,0.000000,0.290977,-0.974154,0.800143,0.172065,0.000000,0.000000,0.000000,0.000000
19.2500,-0.372460,0.317185,-1.143681,-0.481629,0.000000,0.000000,0.000000,0.286418,-0.977795,0.797473,0.158380,0.000000,0.000000,0.000000,0.000000
19.2667,-0.378277,0.323240,-1.139909,-0.494254,0.000000,0.000000,0.000000,0.281124,-0.980627,0.794863,0.145737,0.000000,0.000000,0.000000,0.000000
19.2833,-0.383520,0.329035,-1.136186,-0.503465,0.000000,0.000000,0.000000,0.275129,-0.982882,0.792250,0.133816,0.000000,0.000000,0.000000,0.000000
19.3000,-0.388248,0.334515,-1.132611,-0.509537,0.000000,0.000000,0.000000,0.268453,-0.984742,0.789585,0.122250,0.000000,0.000000,0.000000,0.000000
19.3167,-0.392539,0.339574,-1.129264,-0.512746,0.000000,0.000000,0.000000,0.261089,-0.986331,0.786840,0.110634,0.000000,0.000000,0.000000,0.000000
19.3333,-0.396484,0.344065,-1.126207,-0.513354,0.000000,0.000000,0.000000,0.252997,-0.987702,0.784003,0.098544,0.000000,0.000000,0.000000,0.000000
19.3500,-0.400176,0.347827,-1.123489,-0.511583,0.000000,0.000000,0.000000,0.244099,-0.988838,0.781085,0.085556,0.000000,0.000000,0.000000,0.000000
19.3667,-0.403694,0.350694,-1.121154,-0.507614,0.000000,0.000000,0.000000,0.234272,-0.989635,0.778116,0.071252,0.000000,0.000000,0.000000,0.000000
19.3833,-0.407100,0.352518,-1.119238,-0.501575,0.000000,0.000000,0.000000,0.223345,-0.989898,0.775147,0.055244,0.000000,0.000000,0.000000,0.000000
19.4000,-0.410425,0.353178,-1.117776,-0.493546,0.000000,0.000000,0.000000,0.211083,-0.989331,0.772252,0.037179,0.000000,0.000000,0.000000,0.000000
19.4167,-0.413666,0.352594,-1.116799,-0.483561,0.000000,0.000000,0.000000,0.197186,-0.987536,0.769522,0.016765,0.000000,0.000000,0.000000,0.000000
19.4333,-0.416786,0.350728,-1.116335,-0.471608,0.000000,0.000000,0.000000,0.181302,-0.984032,0.767063,-0.006220,0.000000,0.000000,0.000000,0.000000
19.4500,-0.419716,0.347584,-1.116410,-0.457632,0.000000,0.000000,0.000000,0.163048,-0.978279,0.765001,-0.031907,0.000000,0.000000,0.000000,0.000000
19.4667,-0.422364,0.343200,-1.117037,-0.441543,0.000000,0.000000,0.000000,0.142034,-0.969716,0.763474,-0.060314,0.000000,0.000000,0.000000,0.000000
19.4833,-0.424625,0.337642,-1.118221,-0.423225,0.000000,0.000000,0.000000,0.117885,-0.957793,0.762625,-0.091312,0.000000,0.000000,0.000000,0.000000
19.5000,-0.426386,0.331003,-1.119947,-0.402546,0.000000,0.000000,0.000000,0.090254,-0.942011,0.762586,-0.124581,0.000000,0.000000,0.000000,0.000000
19.5167,-0.427539,0.323402,-1.122185,-0.379387,0.000000,0.000000,0.000000,0.058843,-0.921957,0.763470,-0.159567,0.000000,0.000000,0.000000,0.000000
19.5333,-0.427982,0.314984,-1.124876,-0.353665,0.000000,0.000000,0.000000,0.023442,-0.897369,0.765355,-0.195466,0.000000,0.000000,0.000000,0.000000
19.5500,-0.427633,0.305923,-1.127936,-0.325360,0.000000,0.000000,0.000000,-0.016003,-0.868215,0.768271,-0.231232,0.000000,0.000000,0.000000,0.000000
19.5833,-0.426430,0.296422,-1.131249,-0.294551,0.000000,0.000000,0.000000,-0.059271,-0.834814,0.772202,-0.265640,0.000000,0.000000,0.000000,0.000000
19.6333,-0.424336,0.286711,-1.134677,-0.261443,0.000000,0.000000,0.000000,-0.105751,-0.797958,0.777082,-0.297420,0.000000,0.000000,0.000000,0.000000
19.7000,-0.421334,0.277039,-1.138065,-0.226376,0.000000,0.000000,0.000000,-0.154380,-0.758939,0.782797,-0.325495,0.000000,0.000000,0.000000,0.000000
19.7333,-0.417436,0.267654,-1.141251,-0.189805,0.000000,0.000000,0.000000,-0.203743,-0.719372,0.789209,-0.349176,0.000000,0.000000,0.000000,0.000000
19.7500,-0.412681,0.258772,-1.144083,-0.152254,0.000000,0.000000,0.000000,-0.252296,-0.680877,0.796189,-0.368201,0.000000,0.000000,0.000000,0.000000
19.7667,-0.407142,0.250547,-1.146422,-0.114260,0.000000,0.000000,0.000000,-0.298589,-0.644837,0.803621,-0.382629,0.000000,0.000000,0.000000,0.000000
19.7833,-0.400923,0.243049,-1.148162,-0.076313,0.000000,0.000000,0.000000,-0.341400,-0.612320,0.811401,-0.392710,0.000000,0.000000,0.000000,0.000000
19.8000,-0.394158,0.236250,-1.149228,-0.038829,0.000000,0.000000,0.000000,-0.379803,-0.584066,0.819421,-0.398753,0.000000,0.000000,0.000000,0.000000
19.8167,-0.386997,0.230054,-1.149577,-0.002149,0.000000,0.000000,0.000000,-0.413198,-0.560502,0.827572,-0.401032,0.000000,0.000000,0.000000,0.000000
19.8333,-0.379598,0.224323,-1.149199,0.033447,0.000000,0.000000,0.000000,-0.441287,-0.541795,0.835733,-0.399739,0.000000,0.000000,0.000000,0.000000
19.8500,-0.372104,0.218903,-1.148119,0.067712,0.000000,0.000000,0.000000,-0.464016,-0.527933,0.843768,-0.395023,0.000000,0.000000,0.000000,0.000000
19.8667,-0.364630,0.213651,-1.146398,0.100420,0.000000,0.000000,0.000000,-0.481490,-0.518814,0.851526,-0.387048,0.000000,0.000000,0.000000,0.000000
19.8833,-0.357252,0.208442,-1.144130,0.131366,0.000000,0.000000,0.000000,-0.493919,-0.514306,0.858843,-0.376038,0.000000,0.000000,0.000000,0.000000
20.0500,-0.350001,0.203186,-1.141437,0.160359,0.000000,0.000000,0.000000,-0.501577,-0.514271,0.865545,-0.362279,0.000000,0.000000,0.000000,0.000000
20.0667,-0.342866,0.197836,-1.138459,0.187236,0.000000,0.000000,0.000000,-0.504753,-0.518567,0.871479,-0.346101,0.000000,0.000000,0.000000,0.000000
20.0833,-0.335798,0.192406,-1.135338,0.211866,0.000000,0.000000,0.000000,-0.503694,-0.527047,0.876536,-0.327851,0.000000,0.000000,0.000000,0.000000
20.1000,-0.328714,0.186969,-1.132213,0.234161,0.000000,0.000000,0.000000,-0.498578,-0.539537,0.880679,-0.307875,0.000000,0.000000,0.000000,0.000000
20.1167,-0.321512,0.181659,-1.129202,0.254090,0.000000,0.000000,0.000000,-0.489525,-0.555816,0.883936,-0.286527,0.000000,0.000000,0.000000,0.000000
20.1333,-0.314062,0.176649,-1.126411,0.271671,0.000000,0.000000,0.000000,-0.476638,-0.575584,0.886401,-0.264171,0.000000,0.000000,0.000000,0.000000
20.1500,-0.306209,0.172141,-1.123932,0.286975,0.000000,0.000000,0.000000,-0.460032,-0.598436,0.888212,-0.241186,0.000000,0.000000,0.000000,0.000000
20.1667,-0.297764,0.168344,-1.121852,0.300111,0.000000,0.000000,0.000000,-0.439880,-0.623865,0.889544,-0.217953,0.000000,0.000000,0.000000,0.000000
20.1833,-0.288511,0.165466,-1.120251,0.311233,0.000000,0.000000,0.000000,-0.416436,-0.651270,0.890577,-0.194834,0.000000,0.000000,0.000000,0.000000
20.2167,-0.278203,0.163700,-1.119209,0.320530,0.000000,0.000000,0.000000,-0.390064,-0.679974,0.891481,-0.172136,0.000000,0.000000,0.000000,0.000000
20.2333,-0.266574,0.163222,-1.118801,0.328235,0.000000,0.000000,0.000000,-0.361228,-0.709269,0.892402,-0.150112,0.000000,0.000000,0.000000,0.000000
20.2500,-0.253351,0.164174,-1.119091,0.334623,0.000000,0.000000,0.000000,-0.330445,-0.738477,0.893452,-0.128963,0.000000,0.000000,0.000000,0.000000
20.2667,-0.238266,0.166659,-1.120131,0.340017,0.000000,0.000000,0.000000,-0.298256,-0.766994,0.894708,-0.108856,0.000000,0.000000,0.000000,0.000000
20.2833,-0.221074,0.170735,-1.121955,0.344774,0.000000,0.000000,0.000000,-0.265200,-0.794304,0.896210,-0.089913,0.000000,0.000000,0.000000,0.000000
20.3000,-0.201577,0.176405,-1.124572,0.349288,0.000000,0.000000,0.000000,-0.231808,-0.819989,0.897962,-0.072219,0.000000,0.000000,0.000000,0.000000
20.3167,-0.179648,0.183613,-1.127956,0.353970,0.000000,0.000000,0.000000,-0.198576,-0.843737,0.899939,-0.055821,0.000000,0.000000,0.000000,0.000000
20.3333,-0.155248,0.192244,-1.132041,0.359231,0.000000,0.000000,0.000000,-0.165955,-0.865351,0.902088,-0.040742,0.000000,0.000000,0.000000,0.000000
20.3500,-0.128451,0.202128,-1.136709,0.365448,0.000000,0.000000,0.000000,-0.134326,-0.884754,0.904339,-0.026999,0.000000,0.000000,0.000000,0.000000
20.3667,-0.099450,0.213056,-1.141783,0.372921,0.000000,0.000000,0.000000,-0.103991,-0.901981,0.906617,-0.014612,0.000000,0.000000,0.000000,0.000000
20.3833,-0.068571,0.224798,-1.147030,0.381839,0.000000,0.000000,0.000000,-0.075168,-0.917167,0.908843,-0.003599,0.000000,0.000000,0.000000,0.000000
20.4000,-0.036285,0.237118,-1.152159,0.392242,0.000000,0.000000,0.000000,-0.047997,-0.930515,0.910947,0.006035,0.000000,0.000000,0.000000,0.000000
20.4167,-0.003198,0.249791,-1.156841,0.403997,0.000000,0.000000,0.000000,-0.022541,-0.942263,0.912868,0.014336,0.000000,0.000000,0.000000,0.000000
20.4333,0.029981,0.262625,-1.160736,0.416803,0.000000,0.000000,0.000000,0.001198,-0.952654,0.914562,0.021413,0.000000,0.000000,0.000000,0.000000
20.4500,0.062505,0.275497,-1.163531,0.430218,0.000000,0.000000,0.000000,0.023265,-0.961900,0.915999,0.027466,0.000000,0.000000,0.000000,0.000000
20.4667,0.093678,0.288348,-1.164987,0.443729,0.000000,0.000000,0.000000,0.043734,-0.970164,0.917168,0.032774,0.000000,0.000000,0.000000,0.000000
20.4833,0.122903,0.301162,-1.164947,0.456825,0.000000,0.000000,0.000000,0.062696,-0.977534,0.918072,0.037686,0.000000,0.000000,0.000000,0.000000
20.5000,0.149710,0.313919,-1.163343,0.469051,0.000000,0.000000,0.000000,0.080249,-0.984022,0.918730,0.042599,0.000000,0.000000,0.000000,0.000000
20.5167,0.173761,0.326585,-1.160183,0.480039,0.000000,0.000000,0.000000,0.096501,-0.989571,0.919174,0.047927,0.000000,0.000000,0.000000,0.000000
20.5333,0.194849,0.339098,-1.155543,0.489525,0.000000,0.000000,0.000000,0.111582,-0.994068,0.919452,0.054085,0.000000,0.000000,0.000000,0.000000
20.5500,0.212894,0.351374,-1.149557,0.497353,0.000000,0.000000,0.000000,0.125649,-0.997372,0.919620,0.061462,0.000000,0.000000,0.000000,0.000000
20.5667,0.227929,0.363309,-1.142403,0.503465,0.000000,0.000000,0.000000,0.138891,-0.999319,0.919748,0.070417,0.000000,0.000000,0.000000,0.000000
20.5833,0.240081,0.374781,-1.134294,0.507895,0.000000,0.000000,0.000000,0.151514,-0.999734,0.919913,0.081275,0.000000,0.000000,0.000000,0.000000
20.6000,0.249545,0.385667,-1.125461,0.510747,0.000000,0.000000,0.000000,0.163734,-0.998435,0.920194,0.094325,0.000000,0.000000,0.000000,0.000000
20.6167,0.256566,0.395856,-1.116137,0.512182,0.000000,0.000000,0.000000,0.175762,-0.995239,0.920668,0.109814,0.000000,0.000000,0.000000,0.000000
20.6333,0.261421,0.405260,-1.106544,0.512399,0.000000,0.000000,0.000000,0.187794,-0.989974,0.921407,0.127919,0.000000,0.000000,0.000000,0.000000
20.6500,0.264408,0.413826,-1.096885,0.511623,0.000000,0.000000,0.000000,0.199992,-0.982487,0.922470,0.148719,0.000000,0.000000,0.000000,0.000000
20.6667,0.265824,0.421540,-1.087333,0.510078,0.000000,0.000000,0.000000,0.212470,-0.972651,0.923903,0.172157,0.000000,0.000000,0.000000,0.000000
20.6833,0.265965,0.428424,-1.078031,0.507983,0.000000,0.000000,0.000000,0.225268,-0.960375,0.925727,0.197994,0.000000,0.000000,0.000000,0.000000
20.7000,0.265114,0.434529,-1.069088,0.505531,0.000000,0.000000,0.000000,0.238336,-0.945616,0.927938,0.225773,0.000000,0.000000,0.000000,0.000000
20.7167,0.263538,0.439926,-1.060587,0.502891,0.000000,0.000000,0.000000,0.251529,-0.928402,0.930502,0.254796,0.000000,0.000000,0.000000,0.000000
20.7333,0.261481,0.444698,-1.052585,0.500196,0.000000,0.000000,0.000000,0.264596,-0.908851,0.933358,0.284118,0.000000,0.000000,0.000000,0.000000
20.8000,0.259161,0.448924,-1.045122,0.497554,0.000000,0.000000,0.000000,0.277200,-0.887185,0.936416,0.312600,0.000000,0.000000,0.000000,0.000000
20.8167,0.256762,0.452667,-1.038223,0.495047,0.000000,0.000000,0.000000,0.288954,-0.863708,0.939580,0.339067,0.000000,0.000000,0.000000,0.000000
20.8333,0.254431,0.455967,-1.031903,0.492739,0.000000,0.000000,0.000000,0.299485,-0.838782,0.942761,0.362537,0.000000,0.000000,0.000000,0.000000
20.8500,0.252268,0.458827,-1.026170,0.490683,0.000000,0.000000,0.000000,0.308481,-0.812804,0.945884,0.382361,0.000000,0.000000,0.000000,0.000000
20.8667,0.250330,0.461211,-1.021029,0.488917,0.000000,0.000000,0.000000,0.315721,-0.786221,0.948881,0.398261,0.000000,0.000000,0.000000,0.000000
20.8833,0.248620,0.463044,-1.016478,0.487476,0.000000,0.000000,0.000000,0.321098,-0.759551,0.951681,0.410307,0.000000,0.000000,0.000000,0.000000
20.9000,0.247092,0.464214,-1.012516,0.486383,0.000000,0.000000,0.000000,0.324649,-0.733405,0.954214,0.418890,0.000000,0.000000,0.000000,0.000000
20.9167,0.245650,0.464575,-1.009135,0.485657,0.000000,0.000000,0.000000,0.326594,-0.708511,0.956410,0.424699,0.000000,0.000000,0.000000,0.000000
21.0167,0.244156,0.463961,-1.006322,0.485307,0.000000,0.000000,0.000000,0.327340,-0.685701,0.958200,0.428677,0.000000,0.000000,0.000000,0.000000
21.0333,0.242427,0.462189,-1.004063,0.485330,0.000000,0.000000,0.000000,0.327404,-0.665816,0.959509,0.431886,0.000000,0.000000,0.000000,0.000000
21.0500,0.240249,0.459066,-1.002339,0.485711,0.000000,0.000000,0.000000,0.327279,-0.649554,0.960249,0.435288,0.000000,0.000000,0.000000,0.000000
21.0667,0.237377,0.454399,-1.001126,0.486423,0.000000,0.000000,0.000000,0.327335,-0.637390,0.960321,0.439572,0.000000,0.000000,0.000000,0.000000
21.0833,0.233542,0.448003,-1.000401,0.487422,0.000000,0.000000,0.000000,0.327785,-0.629576,0.959614,0.445079,0.000000,0.000000,0.000000,0.000000
21.1000,0.228466,0.439712,-1.000133,0.488646,0.000000,0.000000,0.000000,0.328695,-0.626174,0.958013,0.451811,0.000000,0.000000,0.000000,0.000000
21.1167,0.221864,0.429394,-1.000290,0.490017,0.000000,0.000000,0.000000,0.329990,-0.627092,0.955413,0.459470,0.000000,0.000000,0.000000,0.000000
21.1333,0.213464,0.416959,-1.000828,0.491443,0.000000,0.000000,0.000000,0.331477,-0.632110,0.951720,0.467522,0.000000,0.000000,0.000000,0.000000
21.1500,0.203013,0.402380,-1.001693,0.492819,0.000000,0.000000,0.000000,0.332864,-0.640904,0.946863,0.475284,0.000000,0.000000,0.000000,0.000000
21.1667,0.190296,0.385708,-1.002813,0.494029,0.000000,0.000000,0.000000,0.333786,-0.653064,0.940798,0.482006,0.000000,0.000000,0.000000,0.000000
21.1833,0.175150,0.367087,-1.004091,0.494948,0.000000,0.000000,0.000000,0.333842,-0.668118,0.933506,0.486946,0.000000,0.000000,0.000000,0.000000
21.2000,0.157478,0.346760,-1.005407,0.495439,0.000000,0.000000,0.000000,0.332641,-0.685545,0.925005,0.489424,0.000000,0.000000,0.000000,0.000000
21.2167,0.137261,0.325069,-1.006611,0.495353,0.000000,0.000000,0.000000,0.329840,-0.704796,0.915350,0.488855,0.000000,0.000000,0.000000,0.000000
21.2333,0.114566,0.302435,-1.007532,0.494536,0.000000,0.000000,0.000000,0.325195,-0.725309,0.904643,0.484765,0.000000,0.000000,0.000000,0.000000
21.2500,0.089548,0.279329,-1.007987,0.492842,0.000000,0.000000,0.000000,0.318595,-0.746534,0.893041,0.476816,0.000000,0.000000,0.000000,0.000000
21.2667,0.062455,0.256235,-1.007800,0.490150,0.000000,0.000000,0.000000,0.310087,-0.767956,0.880752,0.464822,0.000000,0.000000,0.000000,0.000000
21.2833,0.033634,0.233608,-1.006827,0.486389,0.000000,0.000000,0.000000,0.299874,-0.789103,0.868036,0.448781,0.000000,0.000000,0.000000,0.000000
21.3000,0.003525,0.211841,-1.004989,0.481562,0.000000,0.000000,0.000000,0.288295,-0.809536,0.855195,0.428909,0.000000,0.000000,0.000000,0.000000
21.3667,-0.027357,0.191256,-1.002288,0.475786,0.000000,0.000000,0.000000,0.275783,-0.828837,0.842555,0.405664,0.000000,0.000000,0.000000,0.000000
21.3833,-0.058446,0.172113,-0.998820,0.469275,0.000000,0.000000,0.000000,0.262801,-0.846619,0.830440,0.379732,0.000000,0.000000,0.000000,0.000000
21.4000,-0.089144,0.154630,-0.994761,0.462298,0.000000,0.000000,0.000000,0.249768,-0.862563,0.819130,0.351950,0.000000,0.000000,0.000000,0.000000
21.4167,-0.118855,0.138980,-0.990343,0.455110,0.000000,0.000000,0.000000,0.237010,-0.876453,0.808835,0.323210,0.000000,0.000000,0.000000,0.000000
21.4333,-0.147011,0.125290,-0.985826,0.447907,0.000000,0.000000,0.000000,0.224763,-0.888188,0.799686,0.294384,0.000000,0.000000,0.000000,0.000000
21.4500,-0.173115,0.113636,-0.981473,0.440790,0.000000,0.000000,0.000000,0.213189,-0.897780,0.791742,0.266258,0.000000,0.000000,0.000000,0.000000
21.4667,-0.196762,0.104056,-0.977523,0.433771,0.000000,0.000000,0.000000,0.202406,-0.905353,0.785004,0.239483,0.000000,0.000000,0.000000,0.000000
21.4833,-0.217664,0.096543,-0.974179,0.426782,0.000000,0.000000,0.000000,0.192514,-0.911123,0.779427,0.214540,0.000000,0.000000,0.000000,0.000000
21.5000,-0.235658,0.091050,-0.971600,0.419685,0.000000,0.000000,0.000000,0.183605,-0.915383,0.774936,0.191721,0.000000,0.000000,0.000000,0.000000
21.5167,-0.250704,0.087488,-0.969896,0.412297,0.000000,0.000000,0.000000,0.175753,-0.918460,0.771436,0.171146,0.000000,0.000000,0.000000,0.000000
21.5333,-0.262879,0.085738,-0.969131,0.404405,0.000000,0.000000,0.000000,0.168998,-0.920685,0.768819,0.152779,0.000000,0.000000,0.000000,0.000000
21.5500,-0.272360,0.085659,-0.969330,0.395786,0.000000,0.000000,0.000000,0.163327,-0.922356,0.766968,0.136453,0.000000,0.000000,0.000000,0.000000
21.5667,-0.279404,0.087091,-0.970480,0.386223,0.000000,0.000000,0.000000,0.158663,-0.923720,0.765766,0.121901,0.000000,0.000000,0.000000,0.000000
21.5833,-0.284326,0.089855,-0.972545,0.375523,0.000000,0.000000,0.000000,0.154858,-0.924948,0.765097,0.108773,0.000000,0.000000,0.000000,0.000000
21.6000,-0.287476,0.093751,-0.975473,0.363522,0.000000,0.000000,0.000000,0.151695,-0.926127,0.764856,0.096662,0.000000,0.000000,0.000000,0.000000
21.6167,-0.289214,0.098553,-0.979207,0.350096,0.000000,0.000000,0.000000,0.148886,-0.927254,0.764948,0.085120,0.000000,0.000000,0.000000,0.000000
21.6333,-0.289897,0.104022,-0.983696,0.335153,0.000000,0.000000,0.000000,0.146084,-0.928232,0.765292,0.073685,0.000000,0.000000,0.000000,0.000000
21.6500,-0.289860,0.109910,-0.988899,0.318625,0.000000,0.000000,0.000000,0.142882,-0.928879,0.765825,0.061894,0.000000,0.000000,0.000000,0.000000
21.6667,-0.289407,0.115984,-0.994785,0.300452,0.000000,0.000000,0.000000,0.138825,-0.928923,0.766501,0.049296,0.000000,0.000000,0.000000,0.000000
21.6833,-0.288806,0.122037,-1.001331,0.280571,0.000000,0.000000,0.000000,0.133418,-0.928018,0.767291,0.035470,0.000000,0.000000,0.000000,0.000000
21.7000,-0.288284,0.127901,-1.008523,0.258916,0.000000,0.000000,0.000000,0.126137,-0.925748,0.768190,0.020037,0.000000,0.000000,0.000000,0.000000
21.7167,-0.288031,0.133464,-1.016346,0.235405,0.000000,0.000000,0.000000,0.116447,-0.921645,0.769213,0.002679,0.000000,0.000000,0.000000,0.000000
21.7333,-0.288192,0.138680,-1.024779,0.209950,0.000000,0.000000,0.000000,0.103822,-0.915214,0.770395,-0.016847,0.000000,0.000000,0.000000,0.000000
21.7500,-0.288878,0.143579,-1.033785,0.182453,0.000000,0.000000,0.000000,0.087777,-0.905952,0.771794,-0.038684,0.000000,0.000000,0.000000,0.000000
21.7667,-0.290160,0.148276,-1.043307,0.152813,0.000000,0.000000,0.000000,0.067898,-0.893397,0.773485,-0.062852,0.000000,0.000000,0.000000,0.000000
21.7833,-0.292081,0.152954,-1.053253,0.120943,0.000000,0.000000,0.000000,0.043891,-0.877169,0.775558,-0.089223,0.000000,0.000000,0.000000,0.000000
21.8000,-0.294659,0.157842,-1.063495,0.086794,0.000000,0.000000,0.000000,0.015621,-0.857032,0.778110,-0.117484,0.000000,0.000000,0.000000,0.000000
21.8333,-0.297897,0.163174,-1.073863,0.050387,0.000000,0.000000,0.000000,-0.016840,-0.832952,0.781227,-0.147083,0.000000,0.000000,0.000000,0.000000
21.8500,-0.301795,0.169153,-1.084137,0.011851,0.000000,0.000000,0.000000,-0.053180,-0.805175,0.784970,-0.177217,0.000000,0.000000,0.000000,0.000000
21.8667,-0.306357,0.175923,-1.094052,-0.028552,0.000000,0.000000,0.000000,-0.092782,-0.774320,0.789346,-0.206856,0.000000,0.000000,0.000000,0.000000
21.9833,-0.311598,0.183551,-1.103302,-0.070419,0.000000,0.000000,0.000000,-0.134670,-0.741448,0.794302,-0.234832,0.000000,0.000000,0.000000,0.000000
22.0333,-0.317537,0.192028,-1.111562,-0.113216,0.000000,0.000000,0.000000,-0.177570,-0.707974,0.799728,-0.260015,0.000000,0.000000,0.000000,0.000000
22.0833,-0.324176,0.201284,-1.118528,-0.156345,0.000000,0.000000,0.000000,-0.220078,-0.675441,0.805473,-0.281552,0.000000,0.000000,0.000000,0.000000
22.1667,-0.331475,0.211227,-1.123958,-0.199203,0.000000,0.000000,0.000000,-0.260823,-0.645349,0.811348,-0.299031,0.000000,0.000000,0.000000,0.000000
22.2500,-0.339338,0.221782,-1.127712,-0.241224,0.000000,0.000000,0.000000,-0.298552,-0.619078,0.817137,-0.312465,0.000000,0.000000,0.000000,0.000000
22.2667,-0.347621,0.232903,-1.129766,-0.281878,0.000000,0.000000,0.000000,-0.332200,-0.597783,0.822628,-0.322116,0.000000,0.000000,0.000000,0.000000
22.2833,-0.356142,0.244560,-1.130206,-0.320674,0.000000,0.000000,0.000000,-0.360927,-0.582333,0.827645,-0.328296,0.000000,0.000000,0.000000,0.000000
22.3000,-0.364699,0.256712,-1.129209,-0.357175,0.000000,0.000000,0.000000,-0.384116,-0.573290,0.832059,-0.331250,0.000000,0.000000,0.000000,0.000000
22.3167,-0.373082,0.269281,-1.127024,-0.391000,0.000000,0.000000,0.000000,-0.401342,-0.570932,0.835788,-0.331128,0.000000,0.000000,0.000000,0.000000
22.3333,-0.381090,0.282135,-1.123945,-0.421840,0.000000,0.000000,0.000000,-0.412351,-0.575271,0.838802,-0.327993,0.000000,0.000000,0.000000,0.000000
22.3500,-0.388544,0.295084,-1.120287,-0.449450,0.000000,0.000000,0.000000,-0.417053,-0.586068,0.841117,-0.321863,0.000000,0.000000,0.000000,0.000000
22.3667,-0.395301,0.307893,-1.116364,-0.473660,0.000000,0.000000,0.000000,-0.415514,-0.602849,0.842794,-0.312757,0.000000,0.000000,0.000000,0.000000
22.3833,-0.401261,0.320289,-1.112461,-0.494368,0.000000,0.000000,0.000000,-0.407959,-0.624926,0.843936,-0.300752,0.000000,0.000000,0.000000,0.000000
22.4000,-0.406373,0.331992,-1.108828,-0.511540,0.000000,0.000000,0.000000,-0.394763,-0.651437,0.844669,-0.286030,0.000000,0.000000,0.000000,0.000000
22.4167,-0.410628,0.342735,-1.105661,-0.525209,0.000000,0.000000,0.000000,-0.376447,-0.681392,0.845135,-0.268896,0.000000,0.000000,0.000000,0.000000
22.4333,-0.414056,0.352286,-1.103107,-0.535462,0.000000,0.000000,0.000000,-0.353684,-0.713710,0.845465,-0.249762,0.000000,0.000000,0.000000,0.000000
22.4500,-0.416717,0.360461,-1.101258,-0.542424,0.000000,0.000000,0.000000,-0.327320,-0.747223,0.845771,-0.229109,0.000000,0.000000,0.000000,0.000000
22.5000,-0.418694,0.367123,-1.100160,-0.546240,0.000000,0.000000,0.000000,-0.298377,-0.780696,0.846137,-0.207434,0.000000,0.000000,0.000000,0.000000
22.5167,-0.420088,0.372177,-1.099822,-0.547057,0.000000,0.000000,0.000000,-0.267952,-0.812925,0.846620,-0.185234,0.000000,0.000000,0.000000,0.000000
22.5333,-0.421013,0.375562,-1.100216,-0.545004,0.000000,0.000000,0.000000,-0.237052,-0.842911,0.847261,-0.162989,0.000000,0.000000,0.000000,0.000000
22.5500,-0.421590,0.377238,-1.101294,-0.540182,0.000000,0.000000,0.000000,-0.206460,-0.869979,0.848090,-0.141142,0.000000,0.000000,0.000000,0.000000
22.5667,-0.421943,0.377179,-1.102986,-0.532652,0.000000,0.000000,0.000000,-0.176704,-0.893784,0.849139,-0.120072,0.000000,0.000000,0.000000,0.000000
22.5833,-0.422195,0.375367,-1.105216,-0.522435,0.000000,0.000000,0.000000,-0.148085,-0.914265,0.850431,-0.100079,0.000000,0.000000,0.000000,0.000000
22.6000,-0.422459,0.371792,-1.107899,-0.509508,0.000000,0.000000,0.000000,-0.120744,-0.931569,0.851982,-0.081373,0.000000,0.000000,0.000000,0.000000
22.6167,-0.422825,0.366462,-1.110954,-0.493819,0.000000,0.000000,0.000000,-0.094716,-0.945975,0.853791,-0.064068,0.000000,0.000000,0.000000,0.000000
22.6333,-0.423355,0.359409,-1.114300,-0.475292,0.000000,0.000000,0.000000,-0.069993,-0.957823,0.855838,-0.048181,0.000000,0.000000,0.000000,0.000000
22.6500,-0.424076,0.350701,-1.117858,-0.453848,0.000000,0.000000,0.000000,-0.046567,-0.967465,0.858079,-0.033643,0.000000,0.000000,0.000000,0.000000
22.6667,-0.424973,0.340448,-1.121557,-0.429420,0.000000,0.000000,0.000000,-0.024457,-0.975227,0.860445,-0.020330,0.000000,0.000000,0.000000,0.000000
22.6833,-0.425998,0.328799,-1.125323,-0.401971,0.000000,0.000000,0.000000,-0.003717,-0.981402,0.862848,-0.008097,0.000000,0.000000,0.000000,0.000000
22.7000,-0.427074,0.315933,-1.129086,-0.371503,0.000000,0.000000,0.000000,0.015572,-0.986243,0.865186,0.003183,0.000000,0.000000,0.000000,0.000000
22.7167,-0.428115,0.302052,-1.132767,-0.338066,0.000000,0.000000,0.000000,0.033314,-0.989962,0.867353,0.013593,0.000000,0.000000,0.000000,0.000000
22.7333,-0.429031,0.287372,-1.136282,-0.301776,0.000000,0.000000,0.000000,0.049410,-0.992724,0.869249,0.023169,0.000000,0.000000,0.000000,0.000000
22.7500,-0.429744,0.272122,-1.139535,-0.262833,0.000000,0.000000,0.000000,0.063763,-0.994646,0.870792,0.031891,0.000000,0.000000,0.000000,0.000000
22.7667,-0.430182,0.256549,-1.142426,-0.221546,0.000000,0.000000,0.000000,0.076283,-0.995794,0.871915,0.039700,0.000000,0.000000,0.000000,0.000000
22.7833,-0.430284,0.240913,-1.144852,-0.178343,0.000000,0.000000,0.000000,0.086906,-0.996199,0.872579,0.046519,0.000000,0.000000,0.000000,0.000000
22.8000,-0.429993,0.225481,-1.146720,-0.133762,0.000000,0.000000,0.000000,0.095614,-0.995878,0.872770,0.052279,0.000000,0.000000,0.000000,0.000000
22.8167,-0.429266,0.210516,-1.147949,-0.088421,0.000000,0.000000,0.000000,0.102454,-0.994849,0.872503,0.056944,0.000000,0.000000,0.000000,0.000000
22.8333,-0.428069,0.196258,-1.148481,-0.042976,0.000000,0.000000,0.000000,0.107551,-0.993143,0.871827,0.060536,0.000000,0.000000,0.000000,0.000000
22.8500,-0.426382,0.182903,-1.148284,0.001923,0.000000,0.000000,0.000000,0.111107,-0.990814,0.870814,0.063146,0.000000,0.000000,0.000000,0.000000
22.8667,-0.424202,0.170590,-1.147353,0.045681,0.000000,0.000000,0.000000,0.113391,-0.987928,0.869557,0.064947,0.000000,0.000000,0.000000,0.000000
22.8833,-0.421550,0.159401,-1.145707,0.087785,0.000000,0.000000,0.000000,0.114718,-0.984554,0.868161,0.066197,0.000000,0.000000,0.000000,0.000000
22.9000,-0.418470,0.149360,-1.143378,0.127828,0.000000,0.000000,0.000000,0.115431,-0.980749,0.866740,0.067229,0.000000,0.000000,0.000000,0.000000
22.9167,-0.415018,0.140436,-1.140419,0.165506,0.000000,0.000000,0.000000,0.115884,-0.976548,0.865408,0.068439,0.000000,0.000000,0.000000,0.000000
22.9333,-0.411254,0.132553,-1.136903,0.200607,0.000000,0.000000,0.000000,0.116428,-0.971959,0.864279,0.070273,0.000000,0.000000,0.000000,0.000000
22.9500,-0.407228,0.125603,-1.132921,0.232988,0.000000,0.000000,0.000000,0.117396,-0.966949,0.863462,0.073214,0.000000,0.000000,0.000000,0.000000
22.9667,-0.402975,0.119463,-1.128581,0.262553,0.000000,0.000000,0.000000,0.119090,-0.961445,0.863056,0.077760,0.000000,0.000000,0.000000,0.000000
22.9833,-0.398523,0.114014,-1.123998,0.289247,0.000000,0.000000,0.000000,0.121772,-0.955331,0.863152,0.084410,0.000000,0.000000,0.000000,0.000000
23.0000,-0.393888,0.109141,-1.119289,0.313059,0.000000,0.000000,0.000000,0.125656,-0.948451,0.863821,0.093637,0.000000,0.000000,0.000000,0.000000
23.0167,-0.389087,0.104741,-1.114558,0.334027,0.000000,0.000000,0.000000,0.130900,-0.940619,0.865119,0.105863,0.000000,0.000000,0.000000,0.000000
23.0333,-0.384126,0.100730,-1.109901,0.352237,0.000000,0.000000,0.000000,0.137610,-0.931637,0.867080,0.121423,0.000000,0.000000,0.000000,0.000000
23.0500,-0.378993,0.097053,-1.105404,0.367814,0.000000,0.000000,0.000000,0.145834,-0.921310,0.869713,0.140536,0.000000,0.000000,0.000000,0.000000
23.0667,-0.373644,0.093697,-1.101148,0.380899,0.000000,0.000000,0.000000,0.155566,-0.909476,0.873000,0.163273,0.000000,0.000000,0.000000,0.000000
23.0833,-0.368000,0.090707,-1.097212,0.391633,0.000000,0.000000,0.000000,0.166743,-0.896026,0.876891,0.189526,0.000000,0.000000,0.000000,0.000000
23.1000,-0.361941,0.088182,-1.093675,0.400158,0.000000,0.000000,0.000000,0.179253,-0.880939,0.881308,0.218995,0.000000,0.000000,0.000000,0.000000
23.1167,-0.355311,0.086275,-1.090610,0.406616,0.000000,0.000000,0.000000,0.192944,-0.864299,0.886144,0.251169,0.000000,0.000000,0.000000,0.000000
23.1500,-0.347924,0.085171,-1.088084,0.411165,0.000000,0.000000,0.000000,0.207638,-0.846324,0.891270,0.285328,0.000000,0.000000,0.000000,0.000000
23.1667,-0.339573,0.085069,-1.086157,0.413983,0.000000,0.000000,0.000000,0.223136,-0.827366,0.896541,0.320558,0.000000,0.000000,0.000000,0.000000
23.2333,-0.330029,0.086163,-1.084882,0.415280,0.000000,0.000000,0.000000,0.239217,-0.807885,0.901805,0.355799,0.000000,0.000000,0.000000,0.000000
23.2500,-0.319057,0.088619,-1.084305,0.415303,0.000000,0.000000,0.000000,0.255629,-0.788393,0.906913,0.389979,0.000000,0.000000,0.000000,0.000000
23.2667,-0.306424,0.092562,-1.084468,0.414341,0.000000,0.000000,0.000000,0.272087,-0.769364,0.911731,0.422190,0.000000,0.000000,0.000000,0.000000
23.2833,-0.291905,0.098063,-1.085406,0.412727,0.000000,0.000000,0.000000,0.288281,-0.751180,0.916141,0.451790,0.000000,0.000000,0.000000,0.000000
23.3000,-0.275299,0.105128,-1.087151,0.410834,0.000000,0.000000,0.000000,0.303898,-0.734132,0.920044,0.478395,0.000000,0.000000,0.000000,0.000000
23.3167,-0.256436,0.113697,-1.089722,0.409067,0.000000,0.000000,0.000000,0.318653,-0.718431,0.923360,0.501836,0.000000,0.000000,0.000000,0.000000
23.3333,-0.235193,0.123646,-1.093117,0.407842,0.000000,0.000000,0.000000,0.332319,-0.704231,0.926034,0.522108,0.000000,0.000000,0.000000,0.000000
23.3500,-0.211512,0.134802,-1.097302,0.407556,0.000000,0.000000,0.000000,0.344738,-0.691637,0.928035,0.539327,0.000000,0.000000,0.000000,0.000000
23.3667,-0.185414,0.146961,-1.102195,0.408557,0.000000,0.000000,0.000000,0.355825,-0.680714,0.929355,0.553697,0.000000,0.000000,0.000000,0.000000
23.3833,-0.157024,0.159901,-1.107661,0.411108,0.000000,0.000000,0.000000,0.365560,-0.671487,0.930005,0.565477,0.000000,0.000000,0.000000,0.000000
23.4000,-0.126583,0.173405,-1.113505,0.415357,0.000000,0.000000,0.000000,0.373974,-0.663952,0.930010,0.574954,0.000000,0.000000,0.000000,0.000000
23.4167,-0.094450,0.187269,-1.119480,0.421317,0.000000,0.000000,0.000000,0.381128,-0.658067,0.929404,0.582421,0.000000,0.000000,0.000000,0.000000
23.4333,-0.061087,0.201306,-1.125307,0.428855,0.000000,0.000000,0.000000,0.387105,-0.653762,0.928225,0.588164,0.000000,0.000000,0.000000,0.000000
23.4500,-0.027022,0.215362,-1.130703,0.437696,0.000000,0.000000,0.000000,0.391990,-0.650940,0.926513,0.592442,0.000000,0.000000,0.000000,0.000000
23.4667,0.007190,0.229343,-1.135410,0.447453,0.000000,0.000000,0.000000,0.395860,-0.649482,0.924308,0.595479,0.000000,0.000000,0.000000,0.000000
23.4833,0.040989,0.243223,-1.139210,0.457666,0.000000,0.000000,0.000000,0.398785,-0.649264,0.921645,0.597456,0.000000,0.000000,0.000000,0.000000
23.5000,0.073834,0.257027,-1.141934,0.467860,0.000000,0.000000,0.000000,0.400811,-0.650162,0.918551,0.598508,0.000000,0.000000,0.000000,0.000000
23.5167,0.105207,0.270792,-1.143458,0.477603,0.000000,0.000000,0.000000,0.401968,-0.652065,0.915042,0.598715,0.000000,0.000000,0.000000,0.000000
23.5333,0.134635,0.284537,-1.143704,0.486550,0.000000,0.000000,0.000000,0.402255,-0.654887,0.911123,0.598109,0.000000,0.000000,0.000000,0.000000
23.5500,0.161709,0.298230,-1.142646,0.494454,0.000000,0.000000,0.000000,0.401653,-0.658578,0.906779,0.596665,0.000000,0.000000,0.000000,0.000000
23.5667,0.186117,0.311790,-1.140314,0.501162,0.000000,0.000000,0.000000,0.400121,-0.663125,0.901985,0.594312,0.000000,0.000000,0.000000,0.000000
23.5833,0.207654,0.325088,-1.136790,0.506608,0.000000,0.000000,0.000000,0.397606,-0.668564,0.896697,0.590927,0.000000,0.000000,0.000000,0.000000
23.6000,0.226232,0.337964,-1.132209,0.510802,0.000000,0.000000,0.000000,0.394049,-0.674969,0.890866,0.586349,0.000000,0.000000,0.000000,0.000000
23.6167,0.241872,0.350236,-1.126742,0.513827,0.000000,0.000000,0.000000,0.389398,-0.682446,0.884437,0.580378,0.000000,0.000000,0.000000,0.000000
23.6333,0.254686,0.361709,-1.120592,0.515823,0.000000,0.000000,0.000000,0.383612,-0.691119,0.877364,0.572790,0.000000,0.000000,0.000000,0.000000
23.6500,0.264852,0.372189,-1.113973,0.516971,0.000000,0.000000,0.000000,0.376675,-0.701107,0.869617,0.563347,0.000000,0.000000,0.000000,0.000000
23.6667,0.272599,0.381493,-1.107096,0.517467,0.000000,0.000000,0.000000,0.368608,-0.712498,0.861191,0.551812,0.000000,0.000000,0.000000,0.000000
23.6833,0.278175,0.389470,-1.100152,0.517499,0.000000,0.000000,0.000000,0.359483,-0.725326,0.852120,0.537971,0.000000,0.000000,0.000000,0.000000
23.7000,0.281827,0.396003,-1.093306,0.517243,0.000000,0.000000,0.000000,0.349431,-0.739555,0.842489,0.521651,0.000000,0.000000,0.000000,0.000000
23.7333,0.283777,0.401003,-1.086689,0.516857,0.000000,0.000000,0.000000,0.338653,-0.755062,0.832431,0.502759,0.000000,0.000000,0.000000,0.000000
23.7500,0.284209,0.404408,-1.080400,0.516474,0.000000,0.000000,0.000000,0.327389,-0.771636,0.822129,0.481308,0.000000,0.000000,0.000000,0.000000
23.7667,0.283256,0.406166,-1.074504,0.516202,0.000000,0.000000,0.000000,0.315879,-0.788971,0.811791,0.457452,0.000000,0.000000,0.000000,0.000000
23.7833,0.280998,0.406233,-1.069039,0.516126,0.000000,0.000000,0.000000,0.304330,-0.806687,0.801636,0.431484,0.000000,0.000000,0.000000,0.000000
23.8000,0.277461,0.404566,-1.064016,0.516313,0.000000,0.000000,0.000000,0.292909,-0.824348,0.791881,0.403823,0.000000,0.000000,0.000000,0.000000
23.8167,0.272623,0.401126,-1.059428,0.516804,0.000000,0.000000,0.000000,0.281750,-0.841499,0.782728,0.374977,0.000000,0.000000,0.000000,0.000000
23.8333,0.266416,0.395878,-1.055254,0.517621,0.000000,0.000000,0.000000,0.270974,-0.857703,0.774362,0.345495,0.000000,0.000000,0.000000,0.000000
23.8500,0.258743,0.388798,-1.051465,0.518761,0.000000,0.000000,0.000000,0.260691,-0.872584,0.766936,0.315933,0.000000,0.000000,0.000000,0.000000
23.8667,0.249482,0.379877,-1.048025,0.520196,0.000000,0.000000,0.000000,0.251000,-0.885853,0.760563,0.286832,0.000000,0.000000,0.000000,0.000000
23.8833,0.238501,0.369131,-1.044896,0.521877,0.000000,0.000000,0.000000,0.241984,-0.897335,0.755309,0.258695,0.000000,0.000000,0.000000,0.000000
23.9000,0.225671,0.356613,-1.042033,0.523724,0.000000,0.000000,0.000000,0.233710,-0.906969,0.751189,0.231973,0.000000,0.000000,0.000000,0.000000
23.9167,0.210879,0.342426,-1.039389,0.525629,0.000000,0.000000,0.000000,0.226225,-0.914813,0.748167,0.207042,0.000000,0.000000,0.000000,0.000000
23.9333,0.194044,0.326736,-1.036906,0.527460,0.000000,0.000000,0.000000,0.219558,-0.921017,0.746167,0.184196,0.000000,0.000000,0.000000,0.000000
23.9500,0.175124,0.309764,-1.034516,0.529061,0.000000,0.000000,0.000000,0.213713,-0.925800,0.745077,0.163632,0.000000,0.000000,0.000000,0.000000
23.9667,0.154128,0.291784,-1.032130,0.530265,0.000000,0.000000,0.000000,0.208657,-0.929414,0.744760,0.145452,0.000000,0.000000,0.000000,0.000000
23.9833,0.131121,0.273102,-1.029648,0.530904,0.000000,0.000000,0.000000,0.204318,-0.932110,0.745063,0.129665,0.000000,0.000000,0.000000,0.000000
24.0000,0.106219,0.254033,-1.026953,0.530823,0.000000,0.000000,0.000000,0.200583,-0.934125,0.745828,0.116185,0.000000,0.000000,0.000000,0.000000
24.0167,0.079590,0.234881,-1.023923,0.529907,0.000000,0.000000,0.000000,0.197310,-0.935668,0.746900,0.104833,0.000000,0.000000,0.000000,0.000000
24.0333,0.051455,0.215915,-1.020439,0.528095,0.000000,0.000000,0.000000,0.194340,-0.936921,0.748137,0.095339,0.000000,0.000000,0.000000,0.000000
24.0500,0.022093,0.197370,-1.016401,0.525385,0.000000,0.000000,0.000000,0.191510,-0.938036,0.749414,0.087352,0.000000,0.000000,0.000000,0.000000
24.0667,-0.008150,0.179437,-1.011750,0.521847,0.000000,0.000000,0.000000,0.188654,-0.939132,0.750622,0.080456,0.000000,0.000000,0.000000,0.000000
24.0833,-0.038849,0.162286,-1.006497,0.517621,0.000000,0.000000,0.000000,0.185603,-0.940292,0.751674,0.074181,0.000000,0.000000,0.000000,0.000000
24.1000,-0.069502,0.146075,-1.000736,0.512924,0.000000,0.000000,0.000000,0.182178,-0.941555,0.752501,0.068030,0.000000,0.000000,0.000000,0.000000
24.1167,-0.099543,0.130960,-0.994648,0.508026,0.000000,0.000000,0.000000,0.178183,-0.942906,0.753055,0.061488,0.000000,0.000000,0.000000,0.000000
24.1333,-0.128392,0.117088,-0.988472,0.503196,0.000000,0.000000,0.000000,0.173401,-0.944281,0.753304,0.054040,0.000000,0.000000,0.000000,0.000000
24.1500,-0.155519,0.104580,-0.982457,0.498635,0.000000,0.000000,0.000000,0.167602,-0.945558,0.753237,0.045185,0.000000,0.000000,0.000000,0.000000
24.1667,-0.180498,0.093525,-0.976833,0.494437,0.000000,0.000000,0.000000,0.160536,-0.946559,0.752864,0.034455,0.000000,0.000000,0.000000,0.000000
24.1833,-0.203024,0.083974,-0.971789,0.490589,0.000000,0.000000,0.000000,0.151950,-0.947046,0.752220,0.021441,0.000000,0.000000,0.000000,0.000000
24.2000,-0.222923,0.075935,-0.967470,0.486982,0.000000,0.000000,0.000000,0.141589,-0.946731,0.751363,0.005806,0.000000,0.000000,0.000000,0.000000
24.2167,-0.240133,0.069366,-0.963983,0.483437,0.000000,0.000000,0.000000,0.129218,-0.945290,0.750378,-0.012694,0.000000,0.000000,0.000000,0.000000
24.2333,-0.254700,0.064186,-0.961400,0.479721,0.000000,0.000000,0.000000,0.114633,-0.942381,0.749372,-0.034206,0.000000,0.000000,0.000000,0.000000
24.2500,-0.266753,0.060292,-0.959763,0.475562,0.000000,0.000000,0.000000,0.097676,-0.937665,0.748473,-0.058755,0.000000,0.000000,0.000000,0.000000
24.2667,-0.276493,0.057576,-0.959086,0.470655,0.000000,0.000000,0.000000,0.078224,-0.930821,0.747814,-0.086231,0.000000,0.000000,0.000000,0.000000
24.2833,-0.284173,0.055943,-0.959362,0.464670,0.000000,0.000000,0.000000,0.056183,-0.921562,0.747522,-0.116353,0.000000,0.000000,0.000000,0.000000
24.3000,-0.290081,0.055306,-0.960567,0.457262,0.000000,0.000000,0.000000,0.031480,-0.909652,0.747699,-0.148650,0.000000,0.000000,0.000000,0.000000
24.3167,-0.294529,0.055593,-0.962665,0.448076,0.000000,0.000000,0.000000,0.004080,-0.894951,0.748411,-0.182453,0.000000,0.000000,0.000000,0.000000
24.3333,-0.297835,0.056742,-0.965614,0.436753,0.000000,0.000000,0.000000,-0.025959,-0.877474,0.749678,-0.216904,0.000000,0.000000,0.000000,0.000000
24.3500,-0.300313,0.058697,-0.969372,0.422943,0.000000,0.000000,0.000000,-0.058404,-0.857492,0.751473,-0.250988,0.000000,0.000000,0.000000,0.000000
24.3833,-0.302264,0.061413,-0.973897,0.406306,0.000000,0.000000,0.000000,-0.092714,-0.835651,0.753721,-0.283591,0.000000,0.000000,0.000000,0.000000
24.4833,-0.303954,0.064857,-0.979151,0.386522,0.000000,0.000000,0.000000,-0.127949,-0.813060,0.756305,-0.313609,0.000000,0.000000,0.000000,0.000000
24.5167,-0.305613,0.069007,-0.985106,0.363295,0.000000,0.000000,0.000000,-0.162826,-0.791147,0.759099,-0.340094,0.000000,0.000000,0.000000,0.000000
24.5500,-0.307425,0.073857,-0.991738,0.336373,0.000000,0.000000,0.000000,-0.195956,-0.771328,0.761991,-0.362341,0.000000,0.000000,0.000000,0.000000
24.5667,-0.309524,0.079411,-0.999023,0.305558,0.000000,0.000000,0.000000,-0.226088,-0.754727,0.764899,-0.379893,0.000000,0.000000,0.000000,0.000000
24.6000,-0.311998,0.085681,-1.006933,0.270734,0.000000,0.000000,0.000000,-0.252262,-0.742099,0.767754,-0.392498,0.000000,0.000000,0.000000,0.000000
24.6167,-0.314891,0.092686,-1.015426,0.231886,0.000000,0.000000,0.000000,-0.273860,-0.733836,0.770478,-0.400061,0.000000,0.000000,0.000000,0.000000
24.6333,-0.318204,0.100443,-1.024438,0.189122,0.000000,0.000000,0.000000,-0.290626,-0.729978,0.772988,-0.402598,0.000000,0.000000,0.000000,0.000000
24.7000,-0.321910,0.108969,-1.033874,0.142697,0.000000,0.000000,0.000000,-0.302641,-0.730211,0.775215,-0.400217,0.000000,0.000000,0.000000,0.000000
24.8000,-0.325959,0.118274,-1.043599,0.093035,0.000000,0.000000,0.000000,-0.310238,-0.733929,0.777139,-0.393128,0.000000,0.000000,0.000000,0.000000
24.8167,-0.330306,0.128373,-1.053421,0.040762,0.000000,0.000000,0.000000,-0.313729,-0.740498,0.778819,-0.381751,0.000000,0.000000,0.000000,0.000000
25.0000,-0.334913,0.139294,-1.063087,-0.013283,0.000000,0.000000,0.000000,-0.313102,-0.749577,0.780410,-0.366816,0.000000,0.000000,0.000000,0.000000
25.0167,-0.339766,0.151069,-1.072290,-0.068060,0.000000,0.000000,0.000000,-0.308045,-0.761141,0.782118,-0.349253,0.000000,0.000000,0.000000,0.000000
25.0333,-0.344859,0.163689,-1.080714,-0.122399,0.000000,0.000000,0.000000,-0.298276,-0.775205,0.784130,-0.329931,0.000000,0.000000,0.000000,0.000000
25.0500,-0.350182,0.177051,-1.088101,-0.175139,0.000000,0.000000,0.000000,-0.283814,-0.791598,0.786567,-0.309515,0.000000,0.000000,0.000000,0.000000
25.0667,-0.355705,0.190962,-1.094301,-0.225227,0.000000,0.000000,0.000000,-0.265035,-0.809907,0.789476,-0.288477,0.000000,0.000000,0.000000,0.000000
25.0833,-0.361379,0.205175,-1.099275,-0.271778,0.000000,0.000000,0.000000,-0.242657,-0.829481,0.792844,-0.267130,0.000000,0.000000,0.000000,0.000000
25.1333,-0.367141,0.219421,-1.103076,-0.314106,0.000000,0.000000,0.000000,-0.217710,-0.849467,0.796597,-0.245665,0.000000,0.000000,0.000000,0.000000
25.1500,-0.372920,0.233427,-1.105822,-0.351729,0.000000,0.000000,0.000000,-0.191401,-0.868923,0.800619,-0.224202,0.000000,0.000000,0.000000,0.000000
25.1667,-0.378650,0.246930,-1.107667,-0.384360,0.000000,0.000000,0.000000,-0.164903,-0.886987,0.804773,-0.202860,0.000000,0.000000,0.000000,0.000000
25.1833,-0.384282,0.259692,-1.108778,-0.411898,0.000000,0.000000,0.000000,-0.139186,-0.903020,0.808931,-0.181785,0.000000,0.000000,0.000000,0.000000
25.2000,-0.389784,0.271499,-1.109322,-0.434396,0.000000,0.000000,0.000000,-0.114942,-0.916642,0.812991,-0.161143,0.000000,0.000000,0.000000,0.000000
25.2167,-0.395148,0.282170,-1.109453,-0.452037,0.000000,0.000000,0.000000,-0.092590,-0.927732,0.816881,-0.141111,0.000000,0.000000,0.000000,0.000000
25.2333,-0.400380,0.291553,-1.109308,-0.465108,0.000000,0.000000,0.000000,-0.072311,-0.936372,0.820555,-0.121854,0.000000,0.000000,0.000000,0.000000
25.2500,-0.405498,0.299528,-1.109008,-0.473964,0.000000,0.000000,0.000000,-0.054122,-0.942778,0.823989,-0.103507,0.000000,0.000000,0.000000,0.000000
25.2667,-0.410519,0.306016,-1.108657,-0.479004,0.000000,0.000000,0.000000,-0.037949,-0.947230,0.827163,-0.086161,0.000000,0.000000,0.000000,0.000000
25.2833,-0.415453,0.310980,-1.108343,-0.480642,0.000000,0.000000,0.000000,-0.023679,-0.950014,0.830063,-0.069876,0.000000,0.000000,0.000000,0.000000
25.3000,-0.420295,0.314432,-1.108139,-0.479276,0.000000,0.000000,0.000000,-0.011188,-0.951401,0.832675,-0.054687,0.000000,0.000000,0.000000,0.000000
25.3167,-0.425022,0.316431,-1.108103,-0.475266,0.000000,0.000000,0.000000,-0.000352,-0.951639,0.834988,-0.040630,0.000000,0.000000,0.000000,0.000000
25.3333,-0.429597,0.317070,-1.108280,-0.468912,0.000000,0.000000,0.000000,0.008965,-0.950962,0.836995,-0.027746,0.000000,0.000000,0.000000,0.000000
25.3500,-0.433966,0.316466,-1.108704,-0.460441,0.000000,0.000000,0.000000,0.016912,-0.949595,0.838697,-0.016086,0.000000,0.000000,0.000000,0.000000
25.3667,-0.438066,0.314745,-1.109402,-0.450000,0.000000,0.000000,0.000000,0.023665,-0.947753,0.840107,-0.005694,0.000000,0.000000,0.000000,0.000000
25.3833,-0.441818,0.312033,-1.110395,-0.437658,0.000000,0.000000,0.000000,0.029425,-0.945644,0.841253,0.003401,0.000000,0.000000,0.000000,0.000000
25.4000,-0.445135,0.308448,-1.111701,-0.423414,0.000000,0.000000,0.000000,0.034407,-0.943457,0.842171,0.011205,0.000000,0.000000,0.000000,0.000000
25.4167,-0.447924,0.304094,-1.113331,-0.407211,0.000000,0.000000,0.000000,0.038839,-0.941362,0.842908,0.017767,0.000000,0.000000,0.000000,0.000000
25.4333,-0.450094,0.299059,-1.115289,-0.388951,0.000000,0.000000,0.000000,0.042951,-0.939496,0.843517,0.023193,0.000000,0.000000,0.000000,0.000000
25.4500,-0.451560,0.293418,-1.117564,-0.368518,0.000000,0.000000,0.000000,0.046958,-0.937954,0.844052,0.027660,0.000000,0.000000,0.000000,0.000000
25.4667,-0.452252,0.287232,-1.120131,-0.345795,0.000000,0.000000,0.000000,0.051061,-0.936780,0.844572,0.031418,0.000000,0.000000,0.000000,0.000000
25.4833,-0.452118,0.280558,-1.122944,-0.320691,0.000000,0.000000,0.000000,0.055437,-0.935962,0.845135,0.034785,0.000000,0.000000,0.000000,0.000000
25.5000,-0.451123,0.273454,-1.125940,-0.293176,0.000000,0.000000,0.000000,0.060253,-0.935447,0.845797,0.038138,0.000000,0.000000,0.000000,0.000000
25.5167,-0.449248,0.265986,-1.129042,-0.263305,0.000000,0.000000,0.000000,0.065662,-0.935141,0.846616,0.041895,0.000000,0.000000,0.000000,0.000000
25.5333,-0.446480,0.258236,-1.132166,-0.231255,0.000000,0.000000,0.000000,0.071804,-0.934916,0.847643,0.046507,0.000000,0.000000,0.000000,0.000000
25.5500,-0.442810,0.250307,-1.135225,-0.197337,0.000000,0.000000,0.000000,0.078812,-0.934616,0.848928,0.052441,0.000000,0.000000,0.000000,0.000000
25.5667,-0.438235,0.242317,-1.138139,-0.161994,0.000000,0.000000,0.000000,0.086811,-0.934073,0.850514,0.060169,0.000000,0.000000,0.000000,0.000000
25.5833,-0.432759,0.234387,-1.140841,-0.125764,0.000000,0.000000,0.000000,0.095914,-0.933109,0.852437,0.070151,0.000000,0.000000,0.000000,0.000000
25.6000,-0.426404,0.226623,-1.143277,-0.089233,0.000000,0.000000,0.000000,0.106228,-0.931554,0.854719,0.082814,0.000000,0.000000,0.000000,0.000000
25.6167,-0.419210,0.219102,-1.145413,-0.052969,0.000000,0.000000,0.000000,0.117844,-0.929253,0.857370,0.098528,0.000000,0.000000,0.000000,0.000000
25.6333,-0.411253,0.211862,-1.147228,-0.017483,0.000000,0.000000,0.000000,0.130833,-0.926078,0.860382,0.117571,0.000000,0.000000,0.000000,0.000000
25.6500,-0.402635,0.204913,-1.148706,0.016798,0.000000,0.000000,0.000000,0.145235,-0.921925,0.863728,0.140106,0.000000,0.000000,0.000000,0.000000
25.6667,-0.393489,0.198246,-1.149837,0.049547,0.000000,0.000000,0.000000,0.161038,-0.916720,0.867359,0.166140,0.000000,0.000000,0.000000,0.000000
25.6833,-0.383966,0.191841,-1.150609,0.080536,0.000000,0.000000,0.000000,0.178158,-0.910418,0.871198,0.195493,0.000000,0.000000,0.000000,0.000000
25.7000,-0.374231,0.185670,-1.151007,0.109635,0.000000,0.000000,0.000000,0.196428,-0.903006,0.875148,0.227767,0.000000,0.000000,0.000000,0.000000
25.7167,-0.364459,0.179701,-1.151019,0.136797,0.000000,0.000000,0.000000,0.215592,-0.894512,0.879088,0.262318,0.000000,0.000000,0.000000,0.000000
25.7500,-0.354817,0.173897,-1.150636,0.162037,0.000000,0.000000,0.000000,0.235324,-0.885023,0.882889,0.298269,0.000000,0.000000,0.000000,0.000000
25.7667,-0.345464,0.168228,-1.149855,0.185401,0.000000,0.000000,0.000000,0.255267,-0.874690,0.886428,0.334573,0.000000,0.000000,0.000000,0.000000
25.7833,-0.336541,0.162680,-1.148681,0.206944,0.000000,0.000000,0.000000,0.275079,-0.863721,0.889616,0.370154,0.000000,0.000000,0.000000,0.000000
25.8000,-0.328171,0.157262,-1.147124,0.226709,0.000000,0.000000,0.000000,0.294468,-0.852357,0.892402,0.404049,0.000000,0.000000,0.000000,0.000000
25.8167,-0.320457,0.151999,-1.145202,0.244722,0.000000,0.000000,0.000000,0.313188,-0.840842,0.894769,0.435501,0.000000,0.000000,0.000000,0.000000
25.8333,-0.313483,0.146921,-1.142944,0.260999,0.000000,0.000000,0.000000,0.331036,-0.829404,0.896722,0.463993,0.000000,0.000000,0.000000,0.000000
25.8500,-0.307303,0.142059,-1.140385,0.275560,0.000000,0.000000,0.000000,0.347842,-0.818232,0.898280,0.489236,0.000000,0.000000,0.000000,0.000000
25.8667,-0.301946,0.137440,-1.137569,0.288441,0.000000,0.000000,0.000000,0.363461,-0.807466,0.899464,0.511138,0.000000,0.000000,0.000000,0.000000
25.8833,-0.297402,0.133091,-1.134551,0.299694,0.000000,0.000000,0.000000,0.377772,-0.797188,0.900298,0.529763,0.000000,0.000000,0.000000,0.000000
25.9000,-0.293626,0.129046,-1.131389,0.309390,0.000000,0.000000,0.000000,0.390687,-0.787430,0.900808,0.545286,0.000000,0.000000,0.000000,0.000000
25.9167,-0.290539,0.125344,-1.128150,0.317609,0.000000,0.000000,0.000000,0.402158,-0.778182,0.901024,0.557960,0.000000,0.000000,0.000000,0.000000
25.9333,-0.288029,0.122033,-1.124902,0.324443,0.000000,0.000000,0.000000,0.412191,-0.769412,0.900982,0.568084,0.000000,0.000000,0.000000,0.000000
25.9500,-0.285952,0.119167,-1.121719,0.329991,0.000000,0.000000,0.000000,0.420838,-0.761077,0.900719,0.575982,0.000000,0.000000,0.000000,0.000000
25.9667,-0.284142,0.116802,-1.118672,0.334363,0.000000,0.000000,0.000000,0.428189,-0.753128,0.900273,0.581985,0.000000,0.000000,0.000000,0.000000
25.9833,-0.282406,0.114994,-1.115832,0.337684,0.000000,0.000000,0.000000,0.434353,-0.745521,0.899679,0.586420,0.000000,0.000000,0.000000,0.000000
26.0000,-0.280534,0.113800,-1.113268,0.340094,0.000000,0.000000,0.000000,0.439441,-0.738225,0.898962,0.589592,0.000000,0.000000,0.000000,0.000000
26.0167,-0.278299,0.113281,-1.111045,0.341743,0.000000,0.000000,0.000000,0.443562,-0.731228,0.898142,0.591783,0.000000,0.000000,0.000000,0.000000
26.0333,-0.275459,0.113498,-1.109222,0.342796,0.000000,0.000000,0.000000,0.446817,-0.724538,0.897227,0.593239,0.000000,0.000000,0.000000,0.000000
26.0500,-0.271763,0.114519,-1.107858,0.343425,0.000000,0.000000,0.000000,0.449299,-0.718178,0.896223,0.594166,0.000000,0.000000,0.000000,0.000000
26.0667,-0.266956,0.116412,-1.107003,0.343815,0.000000,0.000000,0.000000,0.451094,-0.712185,0.895130,0.594728,0.000000,0.000000,0.000000,0.000000
26.0833,-0.260779,0.119243,-1.106703,0.344161,0.000000,0.000000,0.000000,0.452273,-0.706608,0.893939,0.595049,0.000000,0.000000,0.000000,0.000000
26.1000,-0.252979,0.123076,-1.106993,0.344669,0.000000,0.000000,0.000000,0.452890,-0.701506,0.892635,0.595207,0.000000,0.000000,0.000000,0.000000
26.1167,-0.243315,0.127967,-1.107902,0.345558,0.000000,0.000000,0.000000,0.452975,-0.696953,0.891192,0.595238,0.000000,0.000000,0.000000,0.000000
26.1333,-0.231566,0.133956,-1.109446,0.347052,0.000000,0.000000,0.000000,0.452529,-0.693031,0.889573,0.595137,0.000000,0.000000,0.000000,0.000000
26.1500,-0.217539,0.141064,-1.111630,0.349373,0.000000,0.000000,0.000000,0.451529,-0.689832,0.887729,0.594854,0.000000,0.000000,0.000000,0.000000
26.1667,-0.201081,0.149285,-1.114436,0.352732,0.000000,0.000000,0.000000,0.449923,-0.687456,0.885604,0.594296,0.000000,0.000000,0.000000,0.000000
26.1833,-0.182100,0.158579,-1.117826,0.357310,0.000000,0.000000,0.000000,0.447639,-0.686006,0.883130,0.593329,0.000000,0.000000,0.000000,0.000000
26.2000,-0.160574,0.168871,-1.121728,0.363242,0.000000,0.000000,0.000000,0.444583,-0.685592,0.880235,0.591779,0.000000,0.000000,0.000000,0.000000
26.2167,-0.136572,0.180054,-1.126038,0.370609,0.000000,0.000000,0.000000,0.440646,-0.686325,0.876841,0.589433,0.000000,0.000000,0.000000,0.000000
26.2333,-0.110262,0.191985,-1.130616,0.379428,0.000000,0.000000,0.000000,0.435705,-0.688319,0.872872,0.586042,0.000000,0.000000,0.000000,0.000000
26.2500,-0.081918,0.204492,-1.135300,0.389649,0.000000,0.000000,0.000000,0.429627,-0.691685,0.868255,0.581332,0.000000,0.000000,0.000000,0.000000
26.2667,-0.051910,0.217380,-1.139907,0.401144,0.000000,0.000000,0.000000,0.422276,-0.696523,0.862922,0.575004,0.000000,0.000000,0.000000,0.000000
26.2833,-0.020700,0.230453,-1.144252,0.413713,0.000000,0.000000,0.000000,0.413520,-0.702905,0.856823,0.566748,0.000000,0.000000,0.000000,0.000000
26.3000,0.011182,0.243533,-1.148155,0.427081,0.000000,0.000000,0.000000,0.403241,-0.710867,0.849926,0.556255,0.000000,0.000000,0.000000,0.000000
26.3167,0.043156,0.256476,-1.151453,0.440926,0.000000,0.000000,0.000000,0.391352,-0.720385,0.842231,0.543235,0.000000,0.000000,0.000000,0.000000
26.3333,0.074614,0.269173,-1.154007,0.454894,0.000000,0.000000,0.000000,0.377811,-0.731367,0.833774,0.527435,0.000000,0.000000,0.000000,0.000000
26.3500,0.104950,0.281533,-1.155707,0.468630,0.000000,0.000000,0.000000,0.362644,-0.743646,0.824641,0.508671,0.000000,0.000000,0.000000,0.000000
26.3667,0.133602,0.293474,-1.156474,0.481803,0.000000,0.000000,0.000000,0.345969,-0.756976,0.814969,0.486856,0.000000,0.000000,0.000000,0.000000
26.3833,0.160088,0.304907,-1.156268,0.494137,0.000000,0.000000,0.000000,0.328008,-0.771032,0.804954,0.462042,0.000000,0.000000,0.000000,0.000000
26.4000,0.184048,0.315751,-1.155088,0.505431,0.000000,0.000000,0.000000,0.309088,-0.785414,0.794845,0.434469,0.000000,0.000000,0.000000,0.000000
26.4667,0.205261,0.325933,-1.152969,0.515566,0.000000,0.000000,0.000000,0.289618,-0.799661,0.784928,0.404601,0.000000,0.000000,0.000000,0.000000
26.4833,0.223632,0.335406,-1.149973,0.524495,0.000000,0.000000,0.000000,0.270050,-0.813307,0.775497,0.373115,0.000000,0.000000,0.000000,0.000000
26.5000,0.239177,0.344141,-1.146181,0.532224,0.000000,0.000000,0.000000,0.250812,-0.825940,0.766815,0.340815,0.000000,0.000000,0.000000,0.000000
26.5167,0.252007,0.352135,-1.141683,0.538804,0.000000,0.000000,0.000000,0.232284,-0.837252,0.759085,0.308538,0.000000,0.000000,0.000000,0.000000
26.5333,0.262303,0.359398,-1.136576,0.544314,0.000000,0.000000,0.000000,0.214786,-0.847062,0.752445,0.277081,0.000000,0.000000,0.000000,0.000000
26.5500,0.270298,0.365952,-1.130956,0.548854,0.000000,0.000000,0.000000,0.198583,-0.855317,0.746969,0.247151,0.000000,0.000000,0.000000,0.000000
26.5667,0.276254,0.371820,-1.124927,0.552532,0.000000,0.000000,0.000000,0.183880,-0.862071,0.742665,0.219336,0.000000,0.000000,0.000000,0.000000
26.5833,0.280441,0.377018,-1.118593,0.555460,0.000000,0.000000,0.000000,0.170818,-0.867459,0.739495,0.194083,0.000000,0.000000,0.000000,0.000000
26.6000,0.283127,0.381556,-1.112060,0.557746,0.000000,0.000000,0.000000,0.159479,-0.871673,0.737380,0.171693,0.000000,0.000000,0.000000,0.000000
26.6167,0.284560,0.385432,-1.105429,0.559493,0.000000,0.000000,0.000000,0.149882,-0.874929,0.736213,0.152320,0.000000,0.000000,0.000000,0.000000
26.6333,0.284959,0.388633,-1.098794,0.560793,0.000000,0.000000,0.000000,0.141993,-0.877450,0.735869,0.135979,0.000000,0.000000,0.000000,0.000000
26.6500,0.284501,0.391131,-1.092236,0.561730,0.000000,0.000000,0.000000,0.135729,-0.879452,0.736216,0.122559,0.000000,0.000000,0.000000,0.000000
26.6667,0.283316,0.392876,-1.085824,0.562371,0.000000,0.000000,0.000000,0.130960,-0.881130,0.737117,0.111843,0.000000,0.000000,0.000000,0.000000
26.6833,0.281474,0.393794,-1.079611,0.562775,0.000000,0.000000,0.000000,0.127520,-0.882650,0.738438,0.103519,0.000000,0.000000,0.000000,0.000000
26.7000,0.278991,0.393786,-1.073641,0.562981,0.000000,0.000000,0.000000,0.125209,-0.884150,0.740049,0.097198,0.000000,0.000000,0.000000,0.000000
26.7167,0.275822,0.392731,-1.067940,0.563014,0.000000,0.000000,0.000000,0.123797,-0.885737,0.741830,0.092422,0.000000,0.000000,0.000000,0.000000
26.7333,0.271869,0.390487,-1.062528,0.562874,0.000000,0.000000,0.000000,0.123032,-0.887487,0.743666,0.088679,0.000000,0.000000,0.000000,0.000000
26.7500,0.266986,0.386902,-1.057409,0.562541,0.000000,0.000000,0.000000,0.122638,-0.889447,0.745452,0.085413,0.000000,0.000000,0.000000,0.000000
26.7667,0.260987,0.381822,-1.052581,0.561969,0.000000,0.000000,0.000000,0.122321,-0.891635,0.747092,0.082030,0.000000,0.000000,0.000000,0.000000
26.7833,0.253655,0.375106,-1.048032,0.561098,0.000000,0.000000,0.000000,0.121772,-0.894040,0.748497,0.077916,0.000000,0.000000,0.000000,0.000000
26.8000,0.244759,0.366635,-1.043741,0.559849,0.000000,0.000000,0.000000,0.120675,-0.896625,0.749590,0.072445,0.000000,0.000000,0.000000,0.000000
26.8167,0.234061,0.356331,-1.039678,0.558139,0.000000,0.000000,0.000000,0.118711,-0.899331,0.750307,0.065002,0.000000,0.000000,0.000000,0.000000
26.8333,0.221338,0.344171,-1.035809,0.555880,0.000000,0.000000,0.000000,0.115566,-0.902075,0.750604,0.054998,0.000000,0.000000,0.000000,0.000000
26.8500,0.206403,0.330205,-1.032095,0.552986,0.000000,0.000000,0.000000,0.110939,-0.904747,0.750453,0.041905,0.000000,0.000000,0.000000,0.000000
26.8667,0.189117,0.314567,-1.028491,0.549380,0.000000,0.000000,0.000000,0.104548,-0.907207,0.749850,0.025282,0.000000,0.000000,0.000000,0.000000
26.8833,0.169415,0.297472,-1.024947,0.544999,0.000000,0.000000,0.000000,0.096131,-0.909288,0.748815,0.004803,0.000000,0.000000,0.000000,0.000000
26.9000,0.147314,0.279211,-1.021408,0.539805,0.000000,0.000000,0.000000,0.085458,-0.910792,0.747391,-0.019707,0.000000,0.000000,0.000000,0.000000
26.9167,0.122925,0.260122,-1.017811,0.533789,0.000000,0.000000,0.000000,0.072348,-0.911502,0.745647,-0.048251,0.000000,0.000000,0.000000,0.000000
26.9333,0.096455,0.240565,-1.014096,0.526976,0.000000,0.000000,0.000000,0.056686,-0.911199,0.743676,-0.080635,0.000000,0.000000,0.000000,0.000000
26.9500,0.068210,0.220901,-1.010210,0.519428,0.000000,0.000000,0.000000,0.038441,-0.909676,0.741594,-0.116446,0.000000,0.000000,0.000000,0.000000
26.9667,0.038599,0.201474,-1.006118,0.511249,0.000000,0.000000,0.000000,0.017686,-0.906766,0.739537,-0.155032,0.000000,0.000000,0.000000,0.000000
26.9833,0.008129,0.182612,-1.001817,0.502587,0.000000,0.000000,0.000000,-0.005388,-0.902368,0.737651,-0.195490,0.000000,0.000000,0.000000,0.000000
27.0000,-0.022611,0.164619,-0.997353,0.493651,0.000000,0.000000,0.000000,-0.030447,-0.896482,0.736086,-0.236663,0.000000,0.000000,0.000000,0.000000
27.0167,-0.052996,0.147777,-0.992820,0.484700,0.000000,0.000000,0.000000,-0.056982,-0.889260,0.734985,-0.277161,0.000000,0.000000,0.000000,0.000000
27.0833,-0.082419,0.132329,-0.988353,0.475995,0.000000,0.000000,0.000000,-0.084283,-0.881060,0.734468,-0.315432,0.000000,0.000000,0.000000,0.000000
27.1000,-0.110339,0.118462,-0.984108,0.467745,0.000000,0.000000,0.000000,-0.111479,-0.872449,0.734615,-0.349930,0.000000,0.000000,0.000000,0.000000
27.1167,-0.136296,0.106295,-0.980247,0.460071,0.000000,0.000000,0.000000,-0.137629,-0.864147,0.735432,-0.379371,0.000000,0.000000,0.000000,0.000000
27.1500,-0.159936,0.095885,-0.976917,0.453000,0.000000,0.000000,0.000000,-0.161817,-0.856953,0.736853,-0.402914,0.000000,0.000000,0.000000,0.000000
27.2333,-0.181020,0.087233,-0.974240,0.446477,0.000000,0.000000,0.000000,-0.183189,-0.851649,0.738765,-0.420204,0.000000,0.000000,0.000000,0.000000
27.3333,-0.199428,0.080299,-0.972305,0.440379,0.000000,0.000000,0.000000,-0.200913,-0.848944,0.741072,-0.431327,0.000000,0.000000,0.000000,0.000000
27.4667,-0.215148,0.074999,-0.971166,0.434536,0.000000,0.000000,0.000000,-0.214094,-0.849481,0.743747,-0.436691,0.000000,0.000000,0.000000,0.000000
27.4833,-0.228270,0.071219,-0.970849,0.428745,0.000000,0.000000,0.000000,-0.221841,-0.853797,0.746826,-0.436821,0.000000,0.000000,0.000000,0.000000
27.5000,-0.238964,0.068819,-0.971350,0.422786,0.000000,0.000000,0.000000,-0.223550,-0.862137,0.750351,-0.432167,0.000000,0.000000,0.000000,0.000000
27.5333,-0.247459,0.067649,-0.972649,0.416427,0.000000,0.000000,0.000000,-0.219124,-0.874300,0.754337,-0.423069,0.000000,0.000000,0.000000,0.000000
27.5500,-0.254030,0.067558,-0.974711,0.409424,0.000000,0.000000,0.000000,-0.208964,-0.889668,0.758769,-0.409857,0.000000,0.000000,0.000000,0.000000
27.5667,-0.258973,0.068409,-0.977493,0.401530,0.000000,0.000000,0.000000,-0.193867,-0.907314,0.763602,-0.392949,0.000000,0.000000,0.000000,0.000000
27.6167,-0.262594,0.070075,-0.980953,0.392489,0.000000,0.000000,0.000000,-0.174947,-0.926106,0.768760,-0.372859,0.000000,0.000000,0.000000,0.000000
27.6333,-0.265197,0.072447,-0.985048,0.382047,0.000000,0.000000,0.000000,-0.153521,-0.944817,0.774130,-0.350171,0.000000,0.000000,0.000000,0.000000
27.6500,-0.267076,0.075433,-0.989745,0.369948,0.000000,0.000000,0.000000,-0.130946,-0.962282,0.779578,-0.325494,0.000000,0.000000,0.000000,0.000000
27.6667,-0.268508,0.078958,-0.995014,0.355948,0.000000,0.000000,0.000000,-0.108447,-0.977532,0.784969,-0.299438,0.000000,0.000000,0.000000,0.000000
27.6833,-0.269750,0.082963,-1.000835,0.339811,0.000000,0.000000,0.000000,-0.087004,-0.989878,0.790190,-0.272583,0.000000,0.000000,0.000000,0.000000
27.7000,-0.271033,0.087408,-1.007190,0.321321,0.000000,0.000000,0.000000,-0.067292,-0.998938,0.795164,-0.245461,0.000000,0.000000,0.000000,0.000000
27.7167,-0.272557,0.092266,-1.014066,0.300286,0.000000,0.000000,0.000000,-0.049676,-1.004627,0.799860,-0.218540,0.000000,0.000000,0.000000,0.000000
27.7333,-0.274488,0.097531,-1.021449,0.276544,0.000000,0.000000,0.000000,-0.034242,-1.007120,0.804284,-0.192218,0.000000,0.000000,0.000000,0.000000
27.7500,-0.276956,0.103208,-1.029321,0.249980,0.000000,0.000000,0.000000,-0.020859,-1.006780,0.808472,-0.166824,0.000000,0.000000,0.000000,0.000000
27.7667,-0.280044,0.109316,-1.037658,0.220524,0.000000,0.000000,0.000000,-0.009255,-1.004097,0.812474,-0.142615,0.000000,0.000000,0.000000,0.000000
27.7833,-0.283791,0.115888,-1.046422,0.188164,0.000000,0.000000,0.000000,0.000914,-0.999614,0.816337,-0.119771,0.000000,0.000000,0.000000,0.000000
27.8000,-0.288191,0.122960,-1.055562,0.152948,0.000000,0.000000,0.000000,0.009999,-0.993884,0.820096,-0.098404,0.000000,0.000000,0.000000,0.000000
27.8167,-0.293204,0.130550,-1.064998,0.115005,0.000000,0.000000,0.000000,0.018330,-0.987428,0.823772,-0.078567,0.000000,0.000000,0.000000,0.000000
27.8333,-0.298766,0.138640,-1.074617,0.074564,0.000000,0.000000,0.000000,0.026192,-0.980726,0.827364,-0.060284,0.000000,0.000000,0.000000,0.000000
27.8500,-0.304809,0.147164,-1.084258,0.031971,0.000000,0.000000,0.000000,0.033829,-0.974207,0.830861,-0.043570,0.000000,0.000000,0.000000,0.000000
27.8667,-0.311275,0.156013,-1.093709,-0.012301,0.000000,0.000000,0.000000,0.041444,-0.968237,0.834244,-0.028444,0.000000,0.000000,0.000000,0.000000
27.8833,-0.318128,0.165059,-1.102704,-0.057652,0.000000,0.000000,0.000000,0.049207,-0.963118,0.837496,-0.014930,0.000000,0.000000,0.000000,0.000000
27.9000,-0.325356,0.174170,-1.110937,-0.103377,0.000000,0.000000,0.000000,0.057246,-0.959069,0.840602,-0.003050,0.000000,0.000000,0.000000,0.000000
27.9167,-0.332953,0.183221,-1.118112,-0.148723,0.000000,0.000000,0.000000,0.065642,-0.956222,0.843550,0.007188,0.000000,0.000000,0.000000,0.000000
27.9500,-0.340886,0.192107,-1.124001,-0.192955,0.000000,0.000000,0.000000,0.074418,-0.954607,0.846336,0.015806,0.000000,0.000000,0.000000,0.000000
27.9667,-0.349080,0.200762,-1.128493,-0.235399,0.000000,0.000000,0.000000,0.083540,-0.954156,0.848958,0.022873,0.000000,0.000000,0.000000,0.000000
27.9833,-0.357431,0.209156,-1.131596,-0.275450,0.000000,0.000000,0.000000,0.092919,-0.954705,0.851420,0.028526,0.000000,0.000000,0.000000,0.000000
28.0000,-0.365820,0.217269,-1.133411,-0.312591,0.000000,0.000000,0.000000,0.102431,-0.956015,0.853731,0.032981,0.000000,0.000000,0.000000,0.000000
28.0167,-0.374134,0.225076,-1.134106,-0.346407,0.000000,0.000000,0.000000,0.111933,-0.957795,0.855907,0.036531,0.000000,0.000000,0.000000,0.000000
28.0333,-0.382273,0.232545,-1.133878,-0.376611,0.000000,0.000000,0.000000,0.121294,-0.959728,0.857975,0.039546,0.000000,0.000000,0.000000,0.000000
28.0500,-0.390149,0.239657,-1.132931,-0.403053,0.000000,0.000000,0.000000,0.130408,-0.961489,0.859967,0.042445,0.000000,0.000000,0.000000,0.000000
28.0667,-0.397687,0.246407,-1.131467,-0.425721,0.000000,0.000000,0.000000,0.139212,-0.962764,0.861928,0.045686,0.000000,0.000000,0.000000,0.000000
28.0833,-0.404818,0.252801,-1.129676,-0.444727,0.000000,0.000000,0.000000,0.147692,-0.963262,0.863905,0.049744,0.000000,0.000000,0.000000,0.000000
28.1000,-0.411483,0.258837,-1.127734,-0.460290,0.000000,0.000000,0.000000,0.155883,-0.962729,0.865952,0.055093,0.000000,0.000000,0.000000,0.000000
28.1167,-0.417636,0.264507,-1.125791,-0.472695,0.000000,0.000000,0.000000,0.163876,-0.960961,0.868119,0.062196,0.000000,0.000000,0.000000,0.000000
28.1333,-0.423251,0.269787,-1.123976,-0.482269,0.000000,0.000000,0.000000,0.171806,-0.957796,0.870458,0.071485,0.000000,0.000000,0.000000,0.000000
28.1500,-0.428315,0.274647,-1.122387,-0.489351,0.000000,0.000000,0.000000,0.179847,-0.953119,0.873014,0.083358,0.000000,0.000000,0.000000,0.000000
28.1667,-0.432838,0.279056,-1.121096,-0.494274,0.000000,0.000000,0.000000,0.188193,-0.946850,0.875827,0.098153,0.000000,0.000000,0.000000,0.000000
28.1833,-0.436843,0.282988,-1.120149,-0.497342,0.000000,0.000000,0.000000,0.197040,-0.938942,0.878928,0.116139,0.000000,0.000000,0.000000,0.000000
28.2000,-0.440369,0.286420,-1.119568,-0.498820,0.000000,0.000000,0.000000,0.206564,-0.929374,0.882327,0.137481,0.000000,0.000000,0.000000,0.000000
28.2167,-0.443463,0.289333,-1.119359,-0.498922,0.000000,0.000000,0.000000,0.216901,-0.918161,0.886018,0.162215,0.000000,0.000000,0.000000,0.000000
28.2333,-0.446188,0.291699,-1.119511,-0.497806,0.000000,0.000000,0.000000,0.228142,-0.905361,0.889968,0.190213,0.000000,0.000000,0.000000,0.000000
28.2500,-0.448617,0.293474,-1.120008,-0.495571,0.000000,0.000000,0.000000,0.240327,-0.891090,0.894127,0.221145,0.000000,0.000000,0.000000,0.000000
28.2667,-0.450832,0.294596,-1.120826,-0.492259,0.000000,0.000000,0.000000,0.253450,-0.875533,0.898424,0.254470,0.000000,0.000000,0.000000,0.000000
28.2833,-0.452922,0.294986,-1.121936,-0.487862,0.000000,0.000000,0.000000,0.267450,-0.858954,0.902777,0.289439,0.000000,0.000000,0.000000,0.000000
28.3000,-0.454969,0.294561,-1.123311,-0.482331,0.000000,0.000000,0.000000,0.282201,-0.841686,0.907092,0.325129,0.000000,0.000000,0.000000,0.000000
28.3500,-0.457045,0.293246,-1.124925,-0.475586,0.000000,0.000000,0.000000,0.297510,-0.824122,0.911266,0.360515,0.000000,0.000000,0.000000,0.000000
28.3667,-0.459197,0.290985,-1.126757,-0.467532,0.000000,0.000000,0.000000,0.313124,-0.806683,0.915196,0.394592,0.000000,0.000000,0.000000,0.000000
28.3833,-0.461440,0.287756,-1.128793,-0.458067,0.000000,0.000000,0.000000,0.328760,-0.789770,0.918792,0.426528,0.000000,0.000000,0.000000,0.000000
28.4000,-0.463750,0.283574,-1.131025,-0.447098,0.000000,0.000000,0.000000,0.344144,-0.773727,0.921983,0.455737,0.000000,0.000000,0.000000,0.000000
28.4167,-0.466063,0.278504,-1.133452,-0.434549,0.000000,0.000000,0.000000,0.359018,-0.758822,0.924714,0.481879,0.000000,0.000000,0.000000,0.000000
28.4333,-0.468278,0.272652,-1.136074,-0.420364,0.000000,0.000000,0.000000,0.373155,-0.745242,0.926949,0.504815,0.000000,0.000000,0.000000,0.000000
28.4500,-0.470272,0.266161,-1.138886,-0.404506,0.000000,0.000000,0.000000,0.386360,-0.733096,0.928662,0.524570,0.000000,0.000000,0.000000,0.000000
28.4667,-0.471910,0.259201,-1.141872,-0.386955,0.000000,0.000000,0.000000,0.398471,-0.722429,0.929841,0.541288,0.000000,0.000000,0.000000,0.000000
28.4833,-0.473065,0.251951,-1.145001,-0.367693,0.000000,0.000000,0.000000,0.409364,-0.713229,0.930485,0.555196,0.000000,0.000000,0.000000,0.000000
28.5000,-0.473636,0.244589,-1.148220,-0.346705,0.000000,0.000000,0.000000,0.418951,-0.705446,0.930603,0.566572,0.000000,0.000000,0.000000,0.000000
28.5167,-0.473552,0.237275,-1.151450,-0.323971,0.000000,0.000000,0.000000,0.427188,-0.698999,0.930215,0.575715,0.000000,0.000000,0.000000,0.000000
28.5333,-0.472782,0.230149,-1.154596,-0.299484,0.000000,0.000000,0.000000,0.434073,-0.693781,0.929353,0.582929,0.000000,0.000000,0.000000,0.000000
28.5500,-0.471325,0.223327,-1.157549,-0.273271,0.000000,0.000000,0.000000,0.439638,-0.689669,0.928056,0.588503,0.000000,0.000000,0.000000,0.000000
28.5667,-0.469197,0.216901,-1.160202,-0.245412,0.000000,0.000000,0.000000,0.443944,-0.686524,0.926372,0.592696,0.000000,0.000000,0.000000,0.000000
28.5833,-0.466424,0.210934,-1.162461,-0.216062,0.000000,0.000000,0.000000,0.447075,-0.684209,0.924348,0.595735,0.000000,0.000000,0.000000,0.000000
28.6000,-0.463030,0.205460,-1.164256,-0.185446,0.000000,0.000000,0.000000,0.449126,-0.682604,0.922030,0.597800,0.000000,0.000000,0.000000,0.000000
28.6167,-0.459036,0.200485,-1.165543,-0.153858,0.000000,0.000000,0.000000,0.450205,-0.681617,0.919457,0.599025,0.000000,0.000000,0.000000,0.000000
28.6333,-0.454459,0.195989,-1.166307,-0.121630,0.000000,0.000000,0.000000,0.450422,-0.681198,0.916659,0.599489,0.000000,0.000000,0.000000,0.000000
28.6500,-0.449316,0.191923,-1.166557,-0.089117,0.000000,0.000000,0.000000,0.449890,-0.681337,0.913656,0.599219,0.000000,0.000000,0.000000,0.000000
28.6667,-0.443628,0.188220,-1.166320,-0.056663,0.000000,0.000000,0.000000,0.448715,-0.682067,0.910460,0.598188,0.000000,0.000000,0.000000,0.000000
28.6833,-0.437420,0.184796,-1.165642,-0.024594,0.000000,0.000000,0.000000,0.446990,-0.683454,0.907068,0.596316,0.000000,0.000000,0.000000,0.000000
28.7000,-0.430721,0.181565,-1.164577,0.006796,0.000000,0.000000,0.000000,0.444790,-0.685593,0.903469,0.593472,0.000000,0.000000,0.000000,0.000000
28.7167,-0.423571,0.178448,-1.163183,0.037250,0.000000,0.000000,0.000000,0.442168,-0.688603,0.899640,0.589481,0.000000,0.000000,0.000000,0.000000
28.7333,-0.416018,0.175378,-1.161517,0.066545,0.000000,0.000000,0.000000,0.439153,-0.692620,0.895551,0.584126,0.000000,0.000000,0.000000,0.000000
28.7500,-0.408125,0.172300,-1.159632,0.094496,0.000000,0.000000,0.000000,0.435751,-0.697794,0.891165,0.577161,0.000000,0.000000,0.000000,0.000000
28.7667,-0.399970,0.169170,-1.157573,0.120952,0.000000,0.000000,0.000000,0.431941,-0.704271,0.886437,0.568321,0.000000,0.000000,0.000000,0.000000
28.7833,-0.391646,0.165959,-1.155375,0.145791,0.000000,0.000000,0.000000,0.427682,-0.712187,0.881328,0.557331,0.000000,0.000000,0.000000,0.000000
28.8000,-0.383268,0.162654,-1.153062,0.168915,0.000000,0.000000,0.000000,0.422917,-0.721646,0.875800,0.543930,0.000000,0.000000,0.000000,0.000000
28.8167,-0.374959,0.159257,-1.150652,0.190252,0.000000,0.000000,0.000000,0.417579,-0.732708,0.869832,0.527892,0.000000,0.000000,0.000000,0.000000
28.8333,-0.366848,0.155787,-1.148152,0.209750,0.000000,0.000000,0.000000,0.411614,-0.745372,0.863422,0.509047,0.000000,0.000000,0.000000,0.000000
28.8500,-0.359056,0.152280,-1.145570,0.227377,0.000000,0.000000,0.000000,0.404983,-0.759555,0.856599,0.487319,0.000000,0.000000,0.000000,0.000000
28.8667,-0.351686,0.148794,-1.142914,0.243115,0.000000,0.000000,0.000000,0.397683,-0.775075,0.849432,0.462759,0.000000,0.000000,0.000000,0.000000
28.9000,-0.344814,0.145401,-1.140197,0.256961,0.000000,0.000000,0.000000,0.389756,-0.791629,0.842034,0.435593,0.000000,0.000000,0.000000,0.000000
28.9500,-0.338480,0.142173,-1.137442,0.268946,0.000000,0.000000,0.000000,0.381277,-0.808789,0.834563,0.406247,0.000000,0.000000,0.000000,0.000000
28.9667,-0.332688,0.139169,-1.134679,0.279148,0.000000,0.000000,0.000000,0.372327,-0.826035,0.827196,0.375337,0.000000,0.000000,0.000000,0.000000
28.9833,-0.327406,0.136433,-1.131943,0.287696,0.000000,0.000000,0.000000,0.362957,-0.842814,0.820105,0.343574,0.000000,0.000000,0.000000,0.000000
29.0000,-0.322571,0.133995,-1.129274,0.294758,0.000000,0.000000,0.000000,0.353183,-0.858610,0.813434,0.311680,0.000000,0.000000,0.000000,0.000000
29.0167,-0.318084,0.131887,-1.126715,0.300523,0.000000,0.000000,0.000000,0.343013,-0.872995,0.807293,0.280321,0.000000,0.000000,0.000000,0.000000
29.0333,-0.313813,0.130152,-1.124313,0.305188,0.000000,0.000000,0.000000,0.332488,-0.885666,0.801767,0.250078,0.000000,0.000000,0.000000,0.000000
29.0500,-0.309595,0.128848,-1.122122,0.308948,0.000000,0.000000,0.000000,0.321702,-0.896458,0.796917,0.221436,0.000000,0.000000,0.000000,0.000000
29.0667,-0.305237,0.128048,-1.120201,0.311987,0.000000,0.000000,0.000000,0.310812,-0.905347,0.792786,0.194767,0.000000,0.000000,0.000000,0.000000
29.0833,-0.300517,0.127839,-1.118614,0.314486,0.000000,0.000000,0.000000,0.300010,-0.912423,0.789395,0.170334,0.000000,0.000000,0.000000,0.000000
29.1000,-0.295191,0.128315,-1.117429,0.316626,0.000000,0.000000,0.000000,0.289498,-0.917868,0.786743,0.148299,0.000000,0.000000,0.000000,0.000000
29.1167,-0.288993,0.129579,-1.116715,0.318590,0.000000,0.000000,0.000000,0.279467,-0.921918,0.784802,0.128733,0.000000,0.000000,0.000000,0.000000
29.1333,-0.281645,0.131738,-1.116530,0.320566,0.000000,0.000000,0.000000,0.270072,-0.924847,0.783521,0.111617,0.000000,0.000000,0.000000,0.000000
29.1500,-0.272865,0.134898,-1.116930,0.322744,0.000000,0.000000,0.000000,0.261436,-0.926946,0.782831,0.096850,0.000000,0.000000,0.000000,0.000000
29.1667,-0.262375,0.139156,-1.117957,0.325319,0.000000,0.000000,0.000000,0.253645,-0.928512,0.782650,0.084245,0.000000,0.000000,0.000000,0.000000
29.1833,-0.249915,0.144577,-1.119641,0.328488,0.000000,0.000000,0.000000,0.246758,-0.929847,0.782888,0.073531,0.000000,0.000000,0.000000,0.000000
29.2000,-0.235257,0.151189,-1.121995,0.332451,0.000000,0.000000,0.000000,0.240815,-0.931260,0.783452,0.064359,0.000000,0.000000,0.000000,0.000000
29.2167,-0.218229,0.158966,-1.125012,0.337403,0.000000,0.000000,0.000000,0.235852,-0.933069,0.784254,0.056308,0.000000,0.000000,0.000000,0.000000
29.2333,-0.198731,0.167826,-1.128653,0.343524,0.000000,0.000000,0.000000,0.231912,-0.935610,0.785208,0.048908,0.000000,0.000000,0.000000,0.000000
29.2500,-0.176757,0.177642,-1.132838,0.350953,0.000000,0.000000,0.000000,0.229052,-0.939228,0.786235,0.041653,0.000000,0.000000,0.000000,0.000000
29.2667,-0.152420,0.188250,-1.137430,0.359773,0.000000,0.000000,0.000000,0.227346,-0.944275,0.787267,0.034029,0.000000,0.000000,0.000000,0.000000
29.2833,-0.125961,0.199475,-1.142239,0.369982,0.000000,0.000000,0.000000,0.226890,-0.951103,0.788245,0.025536,0.000000,0.000000,0.000000,0.000000
29.3000,-0.097750,0.211133,-1.147021,0.381487,0.000000,0.000000,0.000000,0.227798,-0.960048,0.789123,0.015713,0.000000,0.000000,0.000000,0.000000
29.3167,-0.068272,0.223044,-1.151495,0.394096,0.000000,0.000000,0.000000,0.230188,-0.971409,0.789871,0.004171,0.000000,0.000000,0.000000,0.000000
29.3333,-0.038086,0.235042,-1.155374,0.407527,0.000000,0.000000,0.000000,0.234174,-0.985425,0.790474,-0.009387,0.000000,0.000000,0.000000,0.000000
29.3500,-0.007788,0.246997,-1.158391,0.421436,0.000000,0.000000,0.000000,0.239845,-1.002246,0.790929,-0.025146,0.000000,0.000000,0.000000,0.000000
29.3667,0.022043,0.258830,-1.160324,0.435448,0.000000,0.000000,0.000000,0.247255,-1.021906,0.791253,-0.043168,0.000000,0.000000,0.000000,0.000000
29.3833,0.050872,0.270516,-1.161007,0.449190,0.000000,0.000000,0.000000,0.256410,-1.044307,0.791476,-0.063388,0.000000,0.000000,0.000000,0.000000
29.4000,0.078232,0.282056,-1.160338,0.462315,0.000000,0.000000,0.000000,0.267253,-1.069197,0.791645,-0.085602,0.000000,0.000000,0.000000,0.000000
29.4167,0.103743,0.293461,-1.158274,0.474520,0.000000,0.000000,0.000000,0.279646,-1.096160,0.791812,-0.109464,0.000000,0.000000,0.000000,0.000000
29.4333,0.127113,0.304730,-1.154828,0.485556,0.000000,0.000000,0.000000,0.293333,-1.124613,0.792026,-0.134482,0.000000,0.000000,0.000000,0.000000
29.4500,0.148148,0.315842,-1.150064,0.495245,0.000000,0.000000,0.000000,0.307934,-1.153827,0.792313,-0.160044,0.000000,0.000000,0.000000,0.000000
29.4667,0.166745,0.326759,-1.144084,0.503491,0.000000,0.000000,0.000000,0.322951,-1.182971,0.792673,-0.185455,0.000000,0.000000,0.000000,0.000000
29.4833,0.182880,0.337422,-1.137024,0.510284,0.000000,0.000000,0.000000,0.337811,-1.211166,0.793075,-0.209977,0.000000,0.000000,0.000000,0.000000
