t_s,left_shoulder_pitch,left_shoulder_roll,left_shoulder_yaw,left_elbow,left_wrist_roll,left_wrist_pitch,left_wrist_yaw,right_shoulder_pitch,right_shoulder_roll,right_shoulder_yaw,right_elbow,right_wrist_roll,right_wrist_pitch,right_wrist_yaw,waist_yaw
7.9333,-0.229250,-0.108334,-0.539981,0.787181,0.000000,0.000000,0.000000,0.156947,-0.489032,0.020448,0.498556,0.000000,0.000000,0.000000,0.000000
7.9500,-0.212822,-0.097622,-0.559253,0.780824,0.000000,0.000000,0.000000,0.163265,-0.485147,0.014885,0.495733,0.000000,0.000000,0.000000,0.000000
7.9667,-0.195453,-0.086779,-0.578120,0.774831,0.000000,0.000000,0.000000,0.169823,-0.481606,0.009263,0.492954,0.000000,0.000000,0.000000,0.000000
7.9833,-0.176998,-0.075930,-0.596213,0.769438,0.000000,0.000000,0.000000,0.176647,-0.478508,0.003569,0.490241,0.000000,0.000000,0.000000,0.000000
8.0000,-0.157367,-0.065178,-0.613227,0.764848,0.000000,0.000000,0.000000,0.183742,-0.475949,-0.002221,0.487623,0.000000,0.000000,0.000000,0.000000
8.0167,-0.136547,-0.054601,-0.628913,0.761233,0.000000,0.000000,0.000000,0.191087,-0.474021,-0.008127,0.485130,0.000000,0.000000,0.000000,0.000000
8.0333,-0.114630,-0.044264,-0.643062,0.758737,0.000000,0.000000,0.000000,0.198629,-0.472801,-0.014168,0.482798,0.000000,0.000000,0.000000,0.000000
8.0500,-0.091831,-0.034231,-0.655494,0.757493,0.000000,0.000000,0.000000,0.206284,-0.472345,-0.020362,0.480672,0.000000,0.000000,0.000000,0.000000
8.0667,-0.068482,-0.024581,-0.666052,0.757631,0.000000,0.000000,0.000000,0.213936,-0.472673,-0.026737,0.478805,0.000000,0.000000,0.000000,0.000000
8.0833,-0.045023,-0.015412,-0.674599,0.759281,0.000000,0.000000,0.000000,0.221451,-0.473759,-0.033347,0.477257,0.000000,0.000000,0.000000,0.000000
8.1000,-0.021957,-0.006837,-0.681035,0.762565,0.000000,0.000000,0.000000,0.228682,-0.475526,-0.040268,0.476079,0.000000,0.000000,0.000000,0.000000
8.1167,0.000197,0.001021,-0.685306,0.767587,0.000000,0.000000,0.000000,0.235485,-0.477848,-0.047597,0.475304,0.000000,0.000000,0.000000,0.000000
8.1333,0.020952,0.008055,-0.687420,0.774424,0.000000,0.000000,0.000000,0.241714,-0.480561,-0.055425,0.474933,0.000000,0.000000,0.000000,0.000000
8.1500,0.039906,0.014185,-0.687445,0.783112,0.000000,0.000000,0.000000,0.247235,-0.483479,-0.063806,0.474936,0.000000,0.000000,0.000000,0.000000
8.1667,0.056771,0.019374,-0.685497,0.793630,0.000000,0.000000,0.000000,0.251921,-0.486415,-0.072733,0.475251,0.000000,0.000000,0.000000,0.000000
8.1833,0.071394,0.023621,-0.681723,0.805894,0.000000,0.000000,0.000000,0.255670,-0.489196,-0.082131,0.475793,0.000000,0.000000,0.000000,0.000000
8.2000,0.083750,0.026956,-0.676284,0.819735,0.000000,0.000000,0.000000,0.258403,-0.491677,-0.091856,0.476471,0.000000,0.000000,0.000000,0.000000
8.2167,0.093922,0.029436,-0.669328,0.834903,0.000000,0.000000,0.000000,0.260081,-0.493748,-0.101713,0.477201,0.000000,0.000000,0.000000,0.000000
8.2333,0.102065,0.031132,-0.660988,0.851062,0.000000,0.000000,0.000000,0.260700,-0.495333,-0.111478,0.477915,0.000000,0.000000,0.000000,0.000000
8.2500,0.108373,0.032135,-0.651387,0.867800,0.000000,0.000000,0.000000,0.260295,-0.496392,-0.120910,0.478574,0.000000,0.000000,0.000000,0.000000
8.2667,0.113046,0.032544,-0.640669,0.884646,0.000000,0.000000,0.000000,0.258937,-0.496916,-0.129781,0.479170,0.000000,0.000000,0.000000,0.000000
8.2833,0.116261,0.032450,-0.629016,0.901089,0.000000,0.000000,0.000000,0.256723,-0.496920,-0.137895,0.479732,0.000000,0.000000,0.000000,0.000000
8.3000,0.118148,0.031918,-0.616652,0.916627,0.000000,0.000000,0.000000,0.253765,-0.496437,-0.145105,0.480324,0.000000,0.000000,0.000000,0.000000
8.3167,0.118767,0.030964,-0.603834,0.930812,0.000000,0.000000,0.000000,0.250193,-0.495513,-0.151319,0.481031,0.000000,0.000000,0.000000,0.000000
8.3333,0.118100,0.029539,-0.590839,0.943302,0.000000,0.000000,0.000000,0.246144,-0.494210,-0.156499,0.481955,0.000000,0.000000,0.000000,0.000000
8.3500,0.116041,0.027533,-0.577945,0.953878,0.000000,0.000000,0.000000,0.241765,-0.492602,-0.160657,0.483195,0.000000,0.000000,0.000000,0.000000
8.3667,0.112411,0.024773,-0.565411,0.962455,0.000000,0.000000,0.000000,0.237199,-0.490772,-0.163851,0.484838,0.000000,0.000000,0.000000,0.000000
8.3833,0.106972,0.021051,-0.553452,0.969063,0.000000,0.000000,0.000000,0.232584,-0.488803,-0.166186,0.486953,0.000000,0.000000,0.000000,0.000000
8.4000,0.099461,0.016142,-0.542223,0.973818,0.000000,0.000000,0.000000,0.228042,-0.486773,-0.167823,0.489590,0.000000,0.000000,0.000000,0.000000
8.4167,0.089626,0.009829,-0.531812,0.976890,0.000000,0.000000,0.000000,0.223679,-0.484746,-0.168978,0.492780,0.000000,0.000000,0.000000,0.000000
8.4333,0.077255,0.001928,-0.522226,0.978480,0.000000,0.000000,0.000000,0.219581,-0.482771,-0.169927,0.496540,0.000000,0.000000,0.000000,0.000000
8.4500,0.062218,-0.007703,-0.513379,0.978798,0.000000,0.000000,0.000000,0.215810,-0.480882,-0.170992,0.500864,0.000000,0.000000,0.000000,0.000000
8.4667,0.044502,-0.019141,-0.505084,0.978046,0.000000,0.000000,0.000000,0.212409,-0.479099,-0.172539,0.505729,0.000000,0.000000,0.000000,0.000000
8.4833,0.024242,-0.032373,-0.497059,0.976404,0.000000,0.000000,0.000000,0.209393,-0.477434,-0.174966,0.511096,0.000000,0.000000,0.000000,0.000000
8.5000,0.001746,-0.047257,-0.488986,0.974016,0.000000,0.000000,0.000000,0.206752,-0.475892,-0.178691,0.516909,0.000000,0.000000,0.000000,0.000000
8.5167,-0.022480,-0.063481,-0.480677,0.970974,0.000000,0.000000,0.000000,0.204451,-0.474477,-0.184140,0.523116,0.000000,0.000000,0.000000,0.000000
8.5333,-0.047741,-0.080559,-0.472305,0.967319,0.000000,0.000000,0.000000,0.202436,-0.473190,-0.191740,0.529674,0.000000,0.000000,0.000000,0.000000
8.5500,-0.073231,-0.097885,-0.464475,0.963110,0.000000,0.000000,0.000000,0.200641,-0.472026,-0.201912,0.536579,0.000000,0.000000,0.000000,0.000000
8.5667,-0.098163,-0.114847,-0.458004,0.958538,0.000000,0.000000,0.000000,0.198996,-0.470968,-0.215075,0.543870,0.000000,0.000000,0.000000,0.000000
8.5833,-0.121858,-0.130927,-0.453550,0.953963,0.000000,0.000000,0.000000,0.197420,-0.469988,-0.231648,0.551646,0.000000,0.000000,0.000000,0.000000
8.6000,-0.143768,-0.145742,-0.451364,0.949873,0.000000,0.000000,0.000000,0.195816,-0.469039,-0.252059,0.560059,0.000000,0.000000,0.000000,0.000000
8.6167,-0.163462,-0.159042,-0.451238,0.946831,0.000000,0.000000,0.000000,0.194060,-0.468060,-0.276746,0.569318,0.000000,0.000000,0.000000,0.000000
8.6333,-0.180589,-0.170684,-0.452619,0.945413,0.000000,0.000000,0.000000,0.191992,-0.466985,-0.306145,0.579692,0.000000,0.000000,0.000000,0.000000
8.6500,-0.194861,-0.180600,-0.454757,0.946165,0.000000,0.000000,0.000000,0.189422,-0.465759,-0.340674,0.591516,0.000000,0.000000,0.000000,0.000000
8.6667,-0.206037,-0.188771,-0.456850,0.949564,0.000000,0.000000,0.000000,0.186138,-0.464348,-0.380700,0.605191,0.000000,0.000000,0.000000,0.000000
8.6833,-0.213925,-0.195205,-0.458141,0.955993,0.000000,0.000000,0.000000,0.181923,-0.462737,-0.426536,0.621177,0.000000,0.000000,0.000000,0.000000
8.7000,-0.218387,-0.199917,-0.457989,0.965730,0.000000,0.000000,0.000000,0.176578,-0.460914,-0.478439,0.639962,0.000000,0.000000,0.000000,0.000000
8.7167,-0.219339,-0.202908,-0.455894,0.978937,0.000000,0.000000,0.000000,0.169934,-0.458848,-0.536619,0.662005,0.000000,0.000000,0.000000,0.000000
8.7333,-0.216760,-0.204166,-0.451503,0.995668,0.000000,0.000000,0.000000,0.161862,-0.456451,-0.601216,0.687636,0.000000,0.000000,0.000000,0.000000
8.7500,-0.210706,-0.203676,-0.444580,1.015893,0.000000,0.000000,0.000000,0.152270,-0.453554,-0.672281,0.716930,0.000000,0.000000,0.000000,0.000000
8.7667,-0.201314,-0.201426,-0.434960,1.039522,0.000000,0.000000,0.000000,0.141103,-0.449878,-0.749729,0.749564,0.000000,0.000000,0.000000,0.000000
8.7833,-0.188816,-0.197411,-0.422496,1.066411,0.000000,0.000000,0.000000,0.128330,-0.445026,-0.833322,0.784706,0.000000,0.000000,0.000000,0.000000
8.8000,-0.173535,-0.191640,-0.406998,1.096373,0.000000,0.000000,0.000000,0.113918,-0.438468,-0.922668,0.820947,0.000000,0.000000,0.000000,0.000000
8.8167,-0.155889,-0.184137,-0.388169,1.129199,0.000000,0.000000,0.000000,0.097791,-0.429553,-1.017238,0.856290,0.000000,0.000000,0.000000,0.000000
8.8833,-0.136384,-0.174946,-0.365539,1.164692,0.000000,0.000000,0.000000,0.079786,-0.417536,-1.116417,0.888263,0.000000,0.000000,0.000000,0.000000
8.9000,-0.115607,-0.164120,-0.338451,1.202715,0.000000,0.000000,0.000000,0.059646,-0.401683,-1.219582,0.914241,0.000000,0.000000,0.000000,0.000000
8.9167,-0.094195,-0.151702,-0.306113,1.243199,0.000000,0.000000,0.000000,0.037063,-0.381413,-1.326206,0.931899,0.000000,0.000000,0.000000,0.000000
8.9333,-0.072798,-0.137693,-0.267727,1.286104,0.000000,0.000000,0.000000,0.011763,-0.356409,-1.435842,0.939553,0.000000,0.000000,0.000000,0.000000
8.9500,-0.052037,-0.122045,-0.222621,1.331370,0.000000,0.000000,0.000000,-0.016373,-0.326687,-1.547990,0.936313,0.000000,0.000000,0.000000,0.000000
8.9667,-0.032487,-0.104668,-0.170326,1.378888,0.000000,0.000000,0.000000,-0.047195,-0.292647,-1.661893,0.922157,0.000000,0.000000,0.000000,0.000000
8.9833,-0.014671,-0.085456,-0.110588,1.428482,0.000000,0.000000,0.000000,-0.080176,-0.255128,-1.776322,0.898004,0.000000,0.000000,0.000000,0.000000
9.0000,0.000955,-0.064323,-0.043357,1.479915,0.000000,0.000000,0.000000,-0.114330,-0.215448,-1.889346,0.865775,0.000000,0.000000,0.000000,0.000000
9.1000,0.014023,-0.041242,0.031201,1.532879,0.000000,0.000000,0.000000,-0.148211,-0.175343,-1.998241,0.828326,0.000000,0.000000,0.000000,0.000000
9.1500,0.024281,-0.016270,0.112664,1.587000,0.000000,0.000000,0.000000,-0.180096,-0.136732,-2.099753,0.789009,0.000000,0.000000,0.000000,0.000000
9.1667,0.031618,0.010426,0.200274,1.641827,0.000000,0.000000,0.000000,-0.208342,-0.101346,-2.190686,0.750980,0.000000,0.000000,0.000000,0.000000
9.1833,0.036078,0.038558,0.292853,1.696806,0.000000,0.000000,0.000000,-0.231647,-0.070520,-2.268307,0.716718,0.000000,0.000000,0.000000,0.000000
9.2000,0.037854,0.067696,0.388750,1.751250,0.000000,0.000000,0.000000,-0.249101,-0.045185,-2.330398,0.687934,0.000000,0.000000,0.000000,0.000000
9.2167,0.037257,0.097262,0.485876,1.804347,0.000000,0.000000,0.000000,-0.260138,-0.025936,-2.375170,0.665654,0.000000,0.000000,0.000000,0.000000
9.2333,0.034657,0.126557,0.581863,1.855211,0.000000,0.000000,0.000000,-0.264463,-0.013105,-2.401178,0.650330,0.000000,0.000000,0.000000,0.000000
9.2500,0.030424,0.154817,0.674344,1.902987,0.000000,0.000000,0.000000,-0.262000,-0.006813,-2.407260,0.641937,0.000000,0.000000,0.000000,0.000000
9.2667,0.024880,0.181295,0.761226,1.946951,0.000000,0.000000,0.000000,-0.252850,-0.007012,-2.392509,0.640052,0.000000,0.000000,0.000000,0.000000
9.2833,0.018289,0.205332,0.840862,1.986576,0.000000,0.000000,0.000000,-0.237265,-0.013495,-2.356284,0.643904,0.000000,0.000000,0.000000,0.000000
9.3000,0.010852,0.226393,0.912104,2.021536,0.000000,0.000000,0.000000,-0.215644,-0.025911,-2.298252,0.652410,0.000000,0.000000,0.000000,0.000000
9.3167,0.002714,0.244073,0.974262,2.051668,0.000000,0.000000,0.000000,-0.188537,-0.043755,-2.218485,0.664217,0.000000,0.000000,0.000000,0.000000
9.3333,-0.006032,0.258078,1.027022,2.076908,0.000000,0.000000,0.000000,-0.156658,-0.066360,-2.117589,0.677750,0.000000,0.000000,0.000000,0.000000
9.3500,-0.015336,0.268192,1.070345,2.097227,0.000000,0.000000,0.000000,-0.120903,-0.092870,-1.996882,0.691257,0.000000,0.000000,0.000000,0.000000
9.4000,-0.025185,0.274259,1.104355,2.112586,0.000000,0.000000,0.000000,-0.082349,-0.122239,-1.858590,0.702906,0.000000,0.000000,0.000000,0.000000
9.4167,-0.035595,0.276167,1.129255,2.122909,0.000000,0.000000,0.000000,-0.042178,-0.153308,-1.706044,0.711012,0.000000,0.000000,0.000000,0.000000
9.5000,-0.046612,0.273843,1.145253,2.128085,0.000000,0.000000,0.000000,-0.001567,-0.184951,-1.543736,0.714358,0.000000,0.000000,0.000000,0.000000
9.5167,-0.058295,0.267263,1.152526,2.127979,0.000000,0.000000,0.000000,0.038388,-0.216192,-1.376949,0.712401,0.000000,0.000000,0.000000,0.000000
9.5333,-0.070707,0.256455,1.151190,2.122443,0.000000,0.000000,0.000000,0.076707,-0.246248,-1.210975,0.705237,0.000000,0.000000,0.000000,0.000000
9.5500,-0.083907,0.241504,1.141274,2.111313,0.000000,0.000000,0.000000,0.112576,-0.274517,-1.050429,0.693389,0.000000,0.000000,0.000000,0.000000
9.5667,-0.097933,0.222548,1.122688,2.094396,0.000000,0.000000,0.000000,0.145390,-0.300561,-0.898965,0.677580,0.000000,0.000000,0.000000,0.000000
9.5833,-0.112797,0.199792,1.095211,2.071475,0.000000,0.000000,0.000000,0.174753,-0.324096,-0.759251,0.658605,0.000000,0.000000,0.000000,0.000000
9.6000,-0.128470,0.173518,1.058506,2.042336,0.000000,0.000000,0.000000,0.200457,-0.344983,-0.633036,0.637270,0.000000,0.000000,0.000000,0.000000
9.6167,-0.144874,0.144115,1.012167,2.006817,0.000000,0.000000,0.000000,0.222460,-0.363218,-0.521246,0.614356,0.000000,0.000000,0.000000,0.000000
9.6333,-0.161879,0.112088,0.955801,1.964872,0.000000,0.000000,0.000000,0.240845,-0.378913,-0.424089,0.590571,0.000000,0.000000,0.000000,0.000000
9.6500,-0.179295,0.078067,0.889131,1.916621,0.000000,0.000000,0.000000,0.255792,-0.392264,-0.341166,0.566502,0.000000,0.000000,0.000000,0.000000
9.6667,-0.196877,0.042788,0.812119,1.862405,0.000000,0.000000,0.000000,0.267544,-0.403514,-0.271605,0.542566,0.000000,0.000000,0.000000,0.000000
9.6833,-0.214332,0.007072,0.725104,1.802842,0.000000,0.000000,0.000000,0.276378,-0.412915,-0.214214,0.518997,0.000000,0.000000,0.000000,0.000000
9.7000,-0.231328,-0.028224,0.628926,1.738854,0.000000,0.000000,0.000000,0.282578,-0.420687,-0.167637,0.495857,0.000000,0.000000,0.000000,0.000000
9.7167,-0.247509,-0.062270,0.524999,1.671659,0.000000,0.000000,0.000000,0.286404,-0.426985,-0.130485,0.473067,0.000000,0.000000,0.000000,0.000000
9.7333,-0.262512,-0.094311,0.415309,1.602710,0.000000,0.000000,0.000000,0.288070,-0.431885,-0.101430,0.450431,0.000000,0.000000,0.000000,0.000000
9.7500,-0.276024,-0.123722,0.302371,1.533610,0.000000,0.000000,0.000000,0.287736,-0.435388,-0.079246,0.427669,0.000000,0.000000,0.000000,0.000000
9.7667,-0.287856,-0.150076,0.189130,1.465995,0.000000,0.000000,0.000000,0.285497,-0.437434,-0.062804,0.404432,0.000000,0.000000,0.000000,0.000000
9.7833,-0.297964,-0.173179,0.078720,1.401375,0.000000,0.000000,0.000000,0.281388,-0.437922,-0.051049,0.380317,0.000000,0.000000,0.000000,0.000000
9.8000,-0.306394,-0.193047,-0.025924,1.340958,0.000000,0.000000,0.000000,0.275381,-0.436724,-0.042981,0.354896,0.000000,0.000000,0.000000,0.000000
9.8167,-0.313213,-0.209819,-0.122424,1.285517,0.000000,0.000000,0.000000,0.267391,-0.433690,-0.037641,0.327739,0.000000,0.000000,0.000000,0.000000
9.8333,-0.318474,-0.223681,-0.209133,1.235332,0.000000,0.000000,0.000000,0.257285,-0.428651,-0.034114,0.298455,0.000000,0.000000,0.000000,0.000000
9.8500,-0.322207,-0.234799,-0.285134,1.190219,0.000000,0.000000,0.000000,0.244888,-0.421422,-0.031538,0.266730,0.000000,0.000000,0.000000,0.000000
9.8667,-0.324421,-0.243298,-0.350157,1.149593,0.000000,0.000000,0.000000,0.230014,-0.411801,-0.029122,0.232375,0.000000,0.000000,0.000000,0.000000
9.8833,-0.325119,-0.249259,-0.404476,1.112563,0.000000,0.000000,0.000000,0.212483,-0.399582,-0.026191,0.195381,0.000000,0.000000,0.000000,0.000000
9.9000,-0.324316,-0.252728,-0.448799,1.078034,0.000000,0.000000,0.000000,0.192158,-0.384564,-0.022221,0.155975,0.000000,0.000000,0.000000,0.000000
9.9167,-0.322058,-0.253744,-0.484163,1.044823,0.000000,0.000000,0.000000,0.168981,-0.366579,-0.016879,0.114669,0.000000,0.000000,0.000000,0.000000
9.9333,-0.318430,-0.252361,-0.511833,1.011758,0.000000,0.000000,0.000000,0.143001,-0.345529,-0.010054,0.072295,0.000000,0.000000,0.000000,0.000000
9.9500,-0.313562,-0.248661,-0.533215,0.977746,0.000000,0.000000,0.000000,0.114418,-0.321428,-0.001896,0.030030,0.000000,0.000000,0.000000,0.000000
10.0333,-0.307621,-0.242754,-0.549781,0.941819,0.000000,0.000000,0.000000,0.083616,-0.294447,0.007189,-0.010646,0.000000,0.000000,0.000000,0.000000
10.0500,-0.300806,-0.234772,-0.563008,0.903156,0.000000,0.000000,0.000000,0.051161,-0.264941,0.016621,-0.048183,0.000000,0.000000,0.000000,0.000000
10.0667,-0.293334,-0.224866,-0.574325,0.861094,0.000000,0.000000,0.000000,0.017750,-0.233438,0.025819,-0.081293,0.000000,0.000000,0.000000,0.000000
10.0833,-0.285434,-0.213196,-0.585050,0.815147,0.000000,0.000000,0.000000,-0.015861,-0.200614,0.034330,-0.109175,0.000000,0.000000,0.000000,0.000000
10.1000,-0.277339,-0.199935,-0.596344,0.765020,0.000000,0.000000,0.000000,-0.048924,-0.167258,0.041882,-0.131534,0.000000,0.000000,0.000000,0.000000
10.1167,-0.269277,-0.185268,-0.609160,0.710619,0.000000,0.000000,0.000000,-0.080754,-0.134222,0.048380,-0.148509,0.000000,0.000000,0.000000,0.000000
10.1333,-0.261462,-0.169385,-0.624209,0.652059,0.000000,0.000000,0.000000,-0.110790,-0.102371,0.053884,-0.160553,0.000000,0.000000,0.000000,0.000000
10.1500,-0.254077,-0.152485,-0.641924,0.589664,0.000000,0.000000,0.000000,-0.138619,-0.072521,0.058565,-0.168319,0.000000,0.000000,0.000000,0.000000
10.1667,-0.247258,-0.134781,-0.662412,0.523962,0.000000,0.000000,0.000000,-0.163962,-0.045403,0.062671,-0.172554,0.000000,0.000000,0.000000,0.000000
10.2000,-0.241085,-0.116516,-0.685398,0.455690,0.000000,0.000000,0.000000,-0.186648,-0.021645,0.066491,-0.174024,0.000000,0.000000,0.000000,0.000000
10.2167,-0.235586,-0.097988,-0.710183,0.385820,0.000000,0.000000,0.000000,-0.206580,-0.001767,0.070337,-0.173464,0.000000,0.000000,0.000000,0.000000
10.2333,-0.230749,-0.079561,-0.735658,0.315572,0.000000,0.000000,0.000000,-0.223706,0.013814,0.074512,-0.171528,0.000000,0.000000,0.000000,0.000000
10.2500,-0.226511,-0.061652,-0.760442,0.246333,0.000000,0.000000,0.000000,-0.238002,0.024774,0.079286,-0.168769,0.000000,0.000000,0.000000,0.000000
10.2667,-0.222743,-0.044698,-0.783105,0.179507,0.000000,0.000000,0.000000,-0.249465,0.030880,0.084873,-0.165618,0.000000,0.000000,0.000000,0.000000
10.2833,-0.219261,-0.029090,-0.802390,0.116347,0.000000,0.000000,0.000000,-0.258104,0.031974,0.091418,-0.162380,0.000000,0.000000,0.000000,0.000000
10.3000,-0.215860,-0.015122,-0.817372,0.057858,0.000000,0.000000,0.000000,-0.263944,0.027963,0.098987,-0.159230,0.000000,0.000000,0.000000,0.000000
10.3167,-0.212368,-0.002949,-0.827547,0.004762,0.000000,0.000000,0.000000,-0.267018,0.018824,0.107567,-0.156220,0.000000,0.000000,0.000000,0.000000
10.3333,-0.208676,0.007399,-0.832836,-0.042489,0.000000,0.000000,0.000000,-0.267374,0.004614,0.117047,-0.153281,0.000000,0.000000,0.000000,0.000000
10.3500,-0.204748,0.015982,-0.833518,-0.083686,0.000000,0.000000,0.000000,-0.265074,-0.014498,0.127210,-0.150228,0.000000,0.000000,0.000000,0.000000
10.3667,-0.200623,0.022916,-0.830146,-0.118821,0.000000,0.000000,0.000000,-0.260200,-0.038209,0.137724,-0.146768,0.000000,0.000000,0.000000,0.000000
10.3833,-0.196397,0.028355,-0.823446,-0.148045,0.000000,0.000000,0.000000,-0.252861,-0.066068,0.148165,-0.142508,0.000000,0.000000,0.000000,0.000000
10.4000,-0.192207,0.032471,-0.814229,-0.171627,0.000000,0.000000,0.000000,-0.243194,-0.097491,0.158060,-0.136967,0.000000,0.000000,0.000000,0.000000
10.4167,-0.188206,0.035434,-0.803304,-0.189921,0.000000,0.000000,0.000000,-0.231357,-0.131773,0.166938,-0.129613,0.000000,0.000000,0.000000,0.000000
10.4333,-0.184543,0.037403,-0.791414,-0.203322,0.000000,0.000000,0.000000,-0.217522,-0.168138,0.174391,-0.119911,0.000000,0.000000,0.000000,0.000000
10.4500,-0.181350,0.038521,-0.779196,-0.212245,0.000000,0.000000,0.000000,-0.201856,-0.205779,0.180110,-0.107385,0.000000,0.000000,0.000000,0.000000
10.4667,-0.178731,0.038911,-0.767158,-0.217096,0.000000,0.000000,0.000000,-0.184516,-0.243923,0.183907,-0.091678,0.000000,0.000000,0.000000,0.000000
10.4833,-0.176759,0.038681,-0.755684,-0.218253,0.000000,0.000000,0.000000,-0.165644,-0.281874,0.185706,-0.072608,0.000000,0.000000,0.000000,0.000000
10.5000,-0.175484,0.037918,-0.745037,-0.216047,0.000000,0.000000,0.000000,-0.145378,-0.319030,0.185541,-0.050207,0.000000,0.000000,0.000000,0.000000
10.5167,-0.174933,0.036687,-0.735373,-0.210752,0.000000,0.000000,0.000000,-0.123886,-0.354880,0.183551,-0.024728,0.000000,0.000000,0.000000,0.000000
10.5333,-0.175121,0.035028,-0.726750,-0.202564,0.000000,0.000000,0.000000,-0.101423,-0.388972,0.180000,0.003374,0.000000,0.000000,0.000000,0.000000
10.5667,-0.176052,0.032958,-0.719146,-0.191603,0.000000,0.000000,0.000000,-0.078381,-0.420879,0.175284,0.033485,0.000000,0.000000,0.000000,0.000000
10.5833,-0.177723,0.030470,-0.712476,-0.177906,0.000000,0.000000,0.000000,-0.055287,-0.450204,0.169913,0.064881,0.000000,0.000000,0.000000,0.000000
10.6000,-0.180130,0.027538,-0.706598,-0.161436,0.000000,0.000000,0.000000,-0.032706,-0.476612,0.164459,0.096769,0.000000,0.000000,0.000000,0.000000
10.6167,-0.183262,0.024119,-0.701334,-0.142095,0.000000,0.000000,0.000000,-0.011133,-0.499874,0.159467,0.128331,0.000000,0.000000,0.000000,0.000000
10.6333,-0.187099,0.020160,-0.696477,-0.119747,0.000000,0.000000,0.000000,0.009089,-0.519881,0.155387,0.158771,0.000000,0.000000,0.000000,0.000000
10.6500,-0.191613,0.015605,-0.691803,-0.094246,0.000000,0.000000,0.000000,0.027781,-0.536644,0.152521,0.187381,0.000000,0.000000,0.000000,0.000000
10.6667,-0.196759,0.010404,-0.687092,-0.065468,0.000000,0.000000,0.000000,0.044903,-0.550283,0.151010,0.213597,0.000000,0.000000,0.000000,0.000000
10.6833,-0.202473,0.004519,-0.682142,-0.033340,0.000000,0.000000,0.000000,0.060506,-0.561011,0.150841,0.237037,0.000000,0.000000,0.000000,0.000000
10.7000,-0.208665,-0.002063,-0.676796,0.002133,0.000000,0.000000,0.000000,0.074693,-0.569108,0.151876,0.257504,0.000000,0.000000,0.000000,0.000000
10.7167,-0.215219,-0.009324,-0.670964,0.040839,0.000000,0.000000,0.000000,0.087582,-0.574898,0.153884,0.274967,0.000000,0.000000,0.000000,0.000000
10.7333,-0.221992,-0.017210,-0.664649,0.082542,0.000000,0.000000,0.000000,0.099288,-0.578721,0.156576,0.289532,0.000000,0.000000,0.000000,0.000000
10.7500,-0.228821,-0.025625,-0.657954,0.126869,0.000000,0.000000,0.000000,0.109898,-0.580918,0.159640,0.301410,0.000000,0.000000,0.000000,0.000000
10.7667,-0.235536,-0.034439,-0.651078,0.173315,0.000000,0.000000,0.000000,0.119463,-0.581808,0.162766,0.310896,0.000000,0.000000,0.000000,0.000000
10.7833,-0.241972,-0.043494,-0.644284,0.221275,0.000000,0.000000,0.000000,0.127981,-0.581687,0.165672,0.318353,0.000000,0.000000,0.000000,0.000000
10.8000,-0.247988,-0.052618,-0.637843,0.270083,0.000000,0.000000,0.000000,0.135407,-0.580813,0.168118,0.324201,0.000000,0.000000,0.000000,0.000000
10.8167,-0.253477,-0.061640,-0.631997,0.319061,0.000000,0.000000,0.000000,0.141667,-0.579409,0.169904,0.328904,0.000000,0.000000,0.000000,0.000000
10.8333,-0.258382,-0.070402,-0.626918,0.367567,0.000000,0.000000,0.000000,0.146697,-0.577658,0.170861,0.332967,0.000000,0.000000,0.000000,0.000000
10.8500,-0.262693,-0.078756,-0.622712,0.415025,0.000000,0.000000,0.000000,0.150465,-0.575700,0.170828,0.336934,0.000000,0.000000,0.000000,0.000000
10.8667,-0.266449,-0.086578,-0.619431,0.460943,0.000000,0.000000,0.000000,0.152993,-0.573626,0.169635,0.341393,0.000000,0.000000,0.000000,0.000000
10.8833,-0.269718,-0.093772,-0.617096,0.504914,0.000000,0.000000,0.000000,0.154355,-0.571479,0.167100,0.346996,0.000000,0.000000,0.000000,0.000000
10.9000,-0.272589,-0.100272,-0.615720,0.546598,0.000000,0.000000,0.000000,0.154666,-0.569242,0.163031,0.354474,0.000000,0.000000,0.000000,0.000000
10.9167,-0.275142,-0.106045,-0.615310,0.585705,0.000000,0.000000,0.000000,0.154056,-0.566842,0.157248,0.364647,0.000000,0.000000,0.000000,0.000000
10.9333,-0.277441,-0.111084,-0.615880,0.621976,0.000000,0.000000,0.000000,0.152646,-0.564140,0.149611,0.378432,0.000000,0.000000,0.000000,0.000000
10.9500,-0.279526,-0.115399,-0.617440,0.655177,0.000000,0.000000,0.000000,0.150534,-0.560933,0.140051,0.396831,0.000000,0.000000,0.000000,0.000000
10.9667,-0.281413,-0.119002,-0.619996,0.685107,0.000000,0.000000,0.000000,0.147786,-0.556961,0.128602,0.420909,0.000000,0.000000,0.000000,0.000000
10.9833,-0.283102,-0.121908,-0.623539,0.711628,0.000000,0.000000,0.000000,0.144428,-0.551917,0.115432,0.451765,0.000000,0.000000,0.000000,0.000000
11.0000,-0.284588,-0.124136,-0.628037,0.734687,0.000000,0.000000,0.000000,0.140447,-0.545454,0.100882,0.490486,0.000000,0.000000,0.000000,0.000000
11.0167,-0.285858,-0.125712,-0.633423,0.754339,0.000000,0.000000,0.000000,0.135784,-0.537213,0.085503,0.538090,0.000000,0.000000,0.000000,0.000000
11.0333,-0.286893,-0.126673,-0.639583,0.770740,0.000000,0.000000,0.000000,0.130341,-0.526830,0.070092,0.595452,0.000000,0.000000,0.000000,0.000000
11.0500,-0.287651,-0.127063,-0.646355,0.784135,0.000000,0.000000,0.000000,0.123981,-0.513961,0.055723,0.663221,0.000000,0.000000,0.000000,0.000000
11.0667,-0.288062,-0.126928,-0.653526,0.794835,0.000000,0.000000,0.000000,0.116543,-0.498298,0.043770,0.741716,0.000000,0.000000,0.000000,0.000000
11.0833,-0.288016,-0.126311,-0.660853,0.803190,0.000000,0.000000,0.000000,0.107871,-0.479592,0.035911,0.830817,0.000000,0.000000,0.000000,0.000000
11.1000,-0.287363,-0.125247,-0.668090,0.809572,0.000000,0.000000,0.000000,0.097848,-0.457678,0.034106,0.929844,0.000000,0.000000,0.000000,0.000000
11.1167,-0.285908,-0.123754,-0.675011,0.814356,0.000000,0.000000,0.000000,0.086447,-0.432496,0.040536,1.037432,0.000000,0.000000,0.000000,0.000000
11.1833,-0.283419,-0.121832,-0.681434,0.817907,0.000000,0.000000,0.000000,0.073764,-0.404101,0.057473,1.151484,0.000000,0.000000,0.000000,0.000000
11.2000,-0.279627,-0.119459,-0.687232,0.820572,0.000000,0.000000,0.000000,0.060018,-0.372684,0.086955,1.269355,0.000000,0.000000,0.000000,0.000000
11.2167,-0.274244,-0.116591,-0.692334,0.822677,0.000000,0.000000,0.000000,0.045520,-0.338592,0.130330,1.388199,0.000000,0.000000,0.000000,0.000000
11.2333,-0.266970,-0.113169,-0.696716,0.824534,0.000000,0.000000,0.000000,0.030661,-0.302410,0.187866,1.505215,0.000000,0.000000,0.000000,0.000000
11.2500,-0.257509,-0.109130,-0.700400,0.826443,0.000000,0.000000,0.000000,0.015940,-0.265063,0.258532,1.617671,0.000000,0.000000,0.000000,0.000000
11.2667,-0.245590,-0.104412,-0.703444,0.828704,0.000000,0.000000,0.000000,0.002037,-0.227911,0.339873,1.722800,0.000000,0.000000,0.000000,0.000000
11.3667,-0.230991,-0.098975,-0.705932,0.831624,0.000000,0.000000,0.000000,-0.010168,-0.192765,0.428043,1.817756,0.000000,0.000000,0.000000,0.000000
11.3833,-0.213569,-0.092806,-0.707961,0.835527,0.000000,0.000000,0.000000,-0.019716,-0.161647,0.518353,1.899824,0.000000,0.000000,0.000000,0.000000
11.4000,-0.193279,-0.085933,-0.709616,0.840746,0.000000,0.000000,0.000000,-0.025811,-0.136376,0.606226,1.966821,0.000000,0.000000,0.000000,0.000000
11.4167,-0.170196,-0.078424,-0.710959,0.847610,0.000000,0.000000,0.000000,-0.027964,-0.118274,0.687857,2.017347,0.000000,0.000000,0.000000,0.000000
11.4333,-0.144515,-0.070380,-0.712013,0.856405,0.000000,0.000000,0.000000,-0.026003,-0.108102,0.760316,2.050781,0.000000,0.000000,0.000000,0.000000
11.4500,-0.116558,-0.061915,-0.712766,0.867336,0.000000,0.000000,0.000000,-0.020046,-0.106098,0.821441,2.067181,0.000000,0.000000,0.000000,0.000000
11.4667,-0.086763,-0.053132,-0.713179,0.880485,0.000000,0.000000,0.000000,-0.010460,-0.112044,0.869704,2.067177,0.000000,0.000000,0.000000,0.000000
11.5000,-0.055670,-0.044110,-0.713210,0.895776,0.000000,0.000000,0.000000,0.002187,-0.125339,0.904110,2.051850,0.000000,0.000000,0.000000,0.000000
11.5333,-0.023887,-0.034884,-0.712843,0.912957,0.000000,0.000000,0.000000,0.017175,-0.145076,0.924102,2.022607,0.000000,0.000000,0.000000,0.000000
11.5500,0.007949,-0.025438,-0.712125,0.931607,0.000000,0.000000,0.000000,0.033701,-0.170132,0.929486,1.981023,0.000000,0.000000,0.000000,0.000000
11.5667,0.039212,-0.015706,-0.711198,0.951165,0.000000,0.000000,0.000000,0.050951,-0.199274,0.920375,1.928670,0.000000,0.000000,0.000000,0.000000
11.5833,0.069313,-0.005574,-0.710327,0.971004,0.000000,0.000000,0.000000,0.068177,-0.231242,0.897157,1.866984,0.000000,0.000000,0.000000,0.000000
11.6000,0.097714,0.005098,-0.709897,0.990493,0.000000,0.000000,0.000000,0.084748,-0.264813,0.860476,1.797224,0.000000,0.000000,0.000000,0.000000
11.6167,0.123936,0.016445,-0.710382,1.009056,0.000000,0.000000,0.000000,0.100194,-0.298845,0.811241,1.720484,0.000000,0.000000,0.000000,0.000000
11.6333,0.147565,0.028555,-0.712294,1.026212,0.000000,0.000000,0.000000,0.114238,-0.332326,0.750672,1.637747,0.000000,0.000000,0.000000,0.000000
11.6500,0.168260,0.041444,-0.716120,1.041601,0.000000,0.000000,0.000000,0.126792,-0.364416,0.680399,1.549981,0.000000,0.000000,0.000000,0.000000
11.6667,0.185776,0.055051,-0.722257,1.054985,0.000000,0.000000,0.000000,0.137928,-0.394473,0.602570,1.458259,0.000000,0.000000,0.000000,0.000000
11.6833,0.199973,0.069256,-0.730977,1.066212,0.000000,0.000000,0.000000,0.147804,-0.422044,0.519992,1.363906,0.000000,0.000000,0.000000,0.000000
11.7500,0.210838,0.083917,-0.742418,1.075169,0.000000,0.000000,0.000000,0.156598,-0.446855,0.436148,1.268586,0.000000,0.000000,0.000000,0.000000
11.7667,0.218483,0.098901,-0.756594,1.081741,0.000000,0.000000,0.000000,0.164464,-0.468794,0.354804,1.174183,0.000000,0.000000,0.000000,0.000000
11.7833,0.223125,0.114110,-0.773427,1.085781,0.000000,0.000000,0.000000,0.171536,-0.487890,0.279279,1.082486,0.000000,0.000000,0.000000,0.000000
11.8000,0.225065,0.129477,-0.792768,1.087131,0.000000,0.000000,0.000000,0.177938,-0.504264,0.211910,0.994965,0.000000,0.000000,0.000000,0.000000
11.8167,0.224645,0.144954,-0.814397,1.085655,0.000000,0.000000,0.000000,0.183789,-0.518082,0.153989,0.912745,0.000000,0.000000,0.000000,0.000000
11.8333,0.222222,0.160481,-0.837996,1.081292,0.000000,0.000000,0.000000,0.189180,-0.529541,0.105929,0.836661,0.000000,0.000000,0.000000,0.000000
11.8500,0.218135,0.175952,-0.863125,1.074100,0.000000,0.000000,0.000000,0.194171,-0.538859,0.067490,0.767305,0.000000,0.000000,0.000000,0.000000
11.8667,0.212698,0.191202,-0.889212,1.064269,0.000000,0.000000,0.000000,0.198786,-0.546262,0.037977,0.705037,0.000000,0.000000,0.000000,0.000000
11.8833,0.206187,0.206002,-0.915581,1.052101,0.000000,0.000000,0.000000,0.203033,-0.551979,0.016409,0.649997,0.000000,0.000000,0.000000,0.000000
11.9000,0.198840,0.220064,-0.941505,1.037981,0.000000,0.000000,0.000000,0.206922,-0.556230,0.001649,0.602102,0.000000,0.000000,0.000000,0.000000
11.9167,0.190852,0.233053,-0.966255,1.022350,0.000000,0.000000,0.000000,0.210475,-0.559218,-0.007505,0.561060,0.000000,0.000000,0.000000,0.000000
11.9333,0.182375,0.244592,-0.989137,1.005688,0.000000,0.000000,0.000000,0.213724,-0.561118,-0.012244,0.526385,0.000000,0.000000,0.000000,0.000000
11.9500,0.173517,0.254266,-1.009504,0.988506,0.000000,0.000000,0.000000,0.216713,-0.562071,-0.013706,0.497426,0.000000,0.000000,0.000000,0.000000
11.9667,0.164341,0.261634,-1.026775,0.971341,0.000000,0.000000,0.000000,0.219487,-0.562175,-0.012944,0.473399,0.000000,0.000000,0.000000,0.000000
11.9833,0.154864,0.266252,-1.040463,0.954735,0.000000,0.000000,0.000000,0.222083,-0.561477,-0.010907,0.453429,0.000000,0.000000,0.000000,0.000000
12.0000,0.145057,0.267709,-1.050200,0.939206,0.000000,0.000000,0.000000,0.224528,-0.559973,-0.008430,0.436580,0.000000,0.000000,0.000000,0.000000
12.0167,0.134841,0.265659,-1.055747,0.925222,0.000000,0.000000,0.000000,0.226824,-0.557606,-0.006227,0.421888,0.000000,0.000000,0.000000,0.000000
12.0333,0.124104,0.259859,-1.056978,0.913182,0.000000,0.000000,0.000000,0.228937,-0.554272,-0.004890,0.408398,0.000000,0.000000,0.000000,0.000000
12.0500,0.112710,0.250192,-1.053857,0.903388,0.000000,0.000000,0.000000,0.230795,-0.549822,-0.004890,0.395189,0.000000,0.000000,0.000000,0.000000
12.0667,0.100518,0.236697,-1.046421,0.896024,0.000000,0.000000,0.000000,0.232283,-0.544075,-0.006578,0.381398,0.000000,0.000000,0.000000,0.000000
12.0833,0.087402,0.219577,-1.034751,0.891124,0.000000,0.000000,0.000000,0.233229,-0.536819,-0.010175,0.366241,0.000000,0.000000,0.000000,0.000000
12.1000,0.073270,0.199186,-1.018955,0.888561,0.000000,0.000000,0.000000,0.233402,-0.527813,-0.015751,0.349018,0.000000,0.000000,0.000000,0.000000
12.1167,0.058082,0.176010,-0.999147,0.888043,0.000000,0.000000,0.000000,0.232509,-0.516799,-0.023214,0.329126,0.000000,0.000000,0.000000,0.000000
12.1333,0.041861,0.150619,-0.975432,0.889144,0.000000,0.000000,0.000000,0.230204,-0.503506,-0.032297,0.306068,0.000000,0.000000,0.000000,0.000000
12.1500,0.024693,0.123625,-0.947926,0.891344,0.000000,0.000000,0.000000,0.226101,-0.487664,-0.042568,0.279474,0.000000,0.000000,0.000000,0.000000
12.1667,0.006719,0.095646,-0.916786,0.894085,0.000000,0.000000,0.000000,0.219800,-0.469026,-0.053437,0.249118,0.000000,0.000000,0.000000,0.000000
12.1833,-0.011874,0.067264,-0.882268,0.896823,0.000000,0.000000,0.000000,0.210919,-0.447391,-0.064201,0.214942,0.000000,0.000000,0.000000,0.000000
12.2000,-0.030866,0.039001,-0.844788,0.899097,0.000000,0.000000,0.000000,0.199135,-0.422628,-0.074098,0.177082,0.000000,0.000000,0.000000,0.000000
12.2167,-0.050017,0.011299,-0.804967,0.900587,0.000000,0.000000,0.000000,0.184216,-0.394715,-0.082372,0.135900,0.000000,0.000000,0.000000,0.000000
12.2333,-0.069084,-0.015470,-0.763677,0.901162,0.000000,0.000000,0.000000,0.166072,-0.363782,-0.088361,0.092023,0.000000,0.000000,0.000000,0.000000
12.2500,-0.087828,-0.040984,-0.722038,0.900893,0.000000,0.000000,0.000000,0.144800,-0.330162,-0.091589,0.046374,0.000000,0.000000,0.000000,0.000000
12.2667,-0.106023,-0.064965,-0.681366,0.900025,0.000000,0.000000,0.000000,0.120766,-0.294436,-0.091901,0.000183,0.000000,0.000000,0.000000,0.000000
12.3667,-0.123460,-0.087172,-0.643022,0.898884,0.000000,0.000000,0.000000,0.094659,-0.257476,-0.089555,-0.045060,0.000000,0.000000,0.000000,0.000000
12.3833,-0.139955,-0.107416,-0.608218,0.897788,0.000000,0.000000,0.000000,0.067407,-0.220438,-0.085122,-0.087818,0.000000,0.000000,0.000000,0.000000
12.4000,-0.155349,-0.125570,-0.577873,0.896973,0.000000,0.000000,0.000000,0.039949,-0.184717,-0.079163,-0.126796,0.000000,0.000000,0.000000,0.000000
12.4167,-0.169512,-0.141568,-0.552547,0.896557,0.000000,0.000000,0.000000,0.013045,-0.151890,-0.071929,-0.161087,0.000000,0.000000,0.000000,0.000000
12.4833,-0.182343,-0.155408,-0.532450,0.896538,0.000000,0.000000,0.000000,-0.012789,-0.123616,-0.063268,-0.190114,0.000000,0.000000,0.000000,0.000000
12.5167,-0.193775,-0.167146,-0.517481,0.896798,0.000000,0.000000,0.000000,-0.037241,-0.101470,-0.052717,-0.213533,0.000000,0.000000,0.000000,0.000000
12.5333,-0.203777,-0.176889,-0.507304,0.897119,0.000000,0.000000,0.000000,-0.060104,-0.086701,-0.039735,-0.231165,0.000000,0.000000,0.000000,0.000000
12.5667,-0.212351,-0.184766,-0.501430,0.897195,0.000000,0.000000,0.000000,-0.081168,-0.080065,-0.023947,-0.242988,0.000000,0.000000,0.000000,0.000000
12.6000,-0.219532,-0.190918,-0.499303,0.896644,0.000000,0.000000,0.000000,-0.100118,-0.081774,-0.005338,-0.249157,0.000000,0.000000,0.000000,0.000000
12.7167,-0.225378,-0.195469,-0.500365,0.895018,0.000000,0.000000,0.000000,-0.116485,-0.091519,0.015616,-0.250016,0.000000,0.000000,0.000000,0.000000
12.7333,-0.229968,-0.198521,-0.504109,0.891813,0.000000,0.000000,0.000000,-0.129686,-0.108589,0.037965,-0.246026,0.000000,0.000000,0.000000,0.000000
12.7500,-0.233389,-0.200144,-0.510103,0.886488,0.000000,0.000000,0.000000,-0.139171,-0.132038,0.060511,-0.237625,0.000000,0.000000,0.000000,0.000000
12.7667,-0.235736,-0.200380,-0.518002,0.878484,0.000000,0.000000,0.000000,-0.144531,-0.160826,0.082057,-0.225133,0.000000,0.000000,0.000000,0.000000
12.7833,-0.237111,-0.199249,-0.527548,0.867248,0.000000,0.000000,0.000000,-0.145543,-0.193876,0.101562,-0.208763,0.000000,0.000000,0.000000,0.000000
12.8000,-0.237629,-0.196747,-0.538575,0.852253,0.000000,0.000000,0.000000,-0.142184,-0.230089,0.118231,-0.188661,0.000000,0.000000,0.000000,0.000000
12.8167,-0.237421,-0.192852,-0.551004,0.833024,0.000000,0.000000,0.000000,-0.134640,-0.268357,0.131575,-0.164966,0.000000,0.000000,0.000000,0.000000
12.8333,-0.236641,-0.187522,-0.564845,0.809165,0.000000,0.000000,0.000000,-0.123313,-0.307587,0.141432,-0.137859,0.000000,0.000000,0.000000,0.000000
12.8667,-0.235456,-0.180702,-0.580182,0.780379,0.000000,0.000000,0.000000,-0.108823,-0.346732,0.147960,-0.107593,0.000000,0.000000,0.000000,0.000000
12.8833,-0.234043,-0.172327,-0.597166,0.746483,0.000000,0.000000,0.000000,-0.091982,-0.384836,0.151591,-0.074504,0.000000,0.000000,0.000000,0.000000
12.9000,-0.232574,-0.162326,-0.615992,0.707420,0.000000,0.000000,0.000000,-0.073742,-0.421064,0.152972,-0.039019,0.000000,0.000000,0.000000,0.000000
12.9167,-0.231200,-0.150634,-0.636868,0.663268,0.000000,0.000000,0.000000,-0.055099,-0.454735,0.152880,-0.001667,0.000000,0.000000,0.000000,0.000000
12.9333,-0.230034,-0.137205,-0.659957,0.614241,0.000000,0.000000,0.000000,-0.036990,-0.485334,0.152130,0.036907,0.000000,0.000000,0.000000,0.000000
12.9500,-0.229137,-0.122034,-0.685302,0.560690,0.000000,0.000000,0.000000,-0.020176,-0.512519,0.151473,0.075964,0.000000,0.000000,0.000000,0.000000
12.9667,-0.228506,-0.105193,-0.712759,0.503109,0.000000,0.000000,0.000000,-0.005156,-0.536123,0.151504,0.114706,0.000000,0.000000,0.000000,0.000000
12.9833,-0.228078,-0.086869,-0.741936,0.442149,0.000000,0.000000,0.000000,0.007871,-0.556133,0.152592,0.152353,0.000000,0.000000,0.000000,0.000000
13.0000,-0.227738,-0.067388,-0.772153,0.378621,0.000000,0.000000,0.000000,0.018966,-0.572666,0.154881,0.188199,0.000000,0.000000,0.000000,0.000000
13.0167,-0.227322,-0.047213,-0.802438,0.313498,0.000000,0.000000,0.000000,0.028370,-0.585934,0.158321,0.221667,0.000000,0.000000,0.000000,0.000000
13.0333,-0.226625,-0.026929,-0.831557,0.247894,0.000000,0.000000,0.000000,0.036396,-0.596215,0.162743,0.252338,0.000000,0.000000,0.000000,0.000000
13.0500,-0.225413,-0.007184,-0.858127,0.183020,0.000000,0.000000,0.000000,0.043365,-0.603825,0.167904,0.279954,0.000000,0.000000,0.000000,0.000000
13.0667,-0.223448,0.011384,-0.880816,0.120069,0.000000,0.000000,0.000000,0.049552,-0.609105,0.173538,0.304415,0.000000,0.000000,0.000000,0.000000
13.0833,-0.220540,0.028248,-0.898603,0.060083,0.000000,0.000000,0.000000,0.055176,-0.612406,0.179363,0.325762,0.000000,0.000000,0.000000,0.000000
13.1000,-0.216594,0.043069,-0.910931,0.003893,0.000000,0.000000,0.000000,0.060407,-0.614079,0.185078,0.344147,0.000000,0.000000,0.000000,0.000000
13.1167,-0.211631,0.055703,-0.917727,-0.047886,0.000000,0.000000,0.000000,0.065391,-0.614468,0.190363,0.359796,0.000000,0.000000,0.000000,0.000000
13.1333,-0.205799,0.066151,-0.919332,-0.094819,0.000000,0.000000,0.000000,0.070270,-0.613904,0.194882,0.372974,0.000000,0.000000,0.000000,0.000000
13.1500,-0.199357,0.074500,-0.916413,-0.136636,0.000000,0.000000,0.000000,0.075180,-0.612695,0.198303,0.383971,0.000000,0.000000,0.000000,0.000000
13.1667,-0.192655,0.080887,-0.909864,-0.173203,0.000000,0.000000,0.000000,0.080245,-0.611120,0.200309,0.393109,0.000000,0.000000,0.000000,0.000000
13.1833,-0.186088,0.085483,-0.900705,-0.204522,0.000000,0.000000,0.000000,0.085560,-0.609418,0.200620,0.400748,0.000000,0.000000,0.000000,0.000000
13.2000,-0.180047,0.088491,-0.889981,-0.230715,0.000000,0.000000,0.000000,0.091183,-0.607780,0.198991,0.407308,0.000000,0.000000,0.000000,0.000000
13.2167,-0.174874,0.090130,-0.878670,-0.252013,0.000000,0.000000,0.000000,0.097137,-0.606352,0.195222,0.413279,0.000000,0.000000,0.000000,0.000000
13.2333,-0.170822,0.090615,-0.867600,-0.268724,0.000000,0.000000,0.000000,0.103410,-0.605222,0.189148,0.419233,0.000000,0.000000,0.000000,0.000000
13.2500,-0.168044,0.090145,-0.857402,-0.281207,0.000000,0.000000,0.000000,0.109952,-0.604425,0.180642,0.425838,0.000000,0.000000,0.000000,0.000000
13.2667,-0.166587,0.088892,-0.848492,-0.289842,0.000000,0.000000,0.000000,0.116689,-0.603937,0.169600,0.433858,0.000000,0.000000,0.000000,0.000000
13.2833,-0.166405,0.087009,-0.841088,-0.295003,0.000000,0.000000,0.000000,0.123520,-0.603675,0.155956,0.444152,0.000000,0.000000,0.000000,0.000000
13.3000,-0.167388,0.084631,-0.835247,-0.297041,0.000000,0.000000,0.000000,0.130324,-0.603498,0.139694,0.457660,0.000000,0.000000,0.000000,0.000000
13.3167,-0.169387,0.081875,-0.830913,-0.296259,0.000000,0.000000,0.000000,0.136947,-0.603210,0.120880,0.475383,0.000000,0.000000,0.000000,0.000000
13.3333,-0.172229,0.078849,-0.827954,-0.292907,0.000000,0.000000,0.000000,0.143203,-0.602568,0.099701,0.498354,0.000000,0.000000,0.000000,0.000000
13.3500,-0.175739,0.075640,-0.826194,-0.287168,0.000000,0.000000,0.000000,0.148872,-0.601285,0.076492,0.527601,0.000000,0.000000,0.000000,0.000000
13.3667,-0.179747,0.072320,-0.825431,-0.279151,0.000000,0.000000,0.000000,0.153708,-0.599043,0.051767,0.564096,0.000000,0.000000,0.000000,0.000000
13.3833,-0.184100,0.068933,-0.825457,-0.268895,0.000000,0.000000,0.000000,0.157439,-0.595498,0.026240,0.608703,0.000000,0.000000,0.000000,0.000000
13.4000,-0.188662,0.065497,-0.826058,-0.256363,0.000000,0.000000,0.000000,0.159778,-0.590280,0.000839,0.662113,0.000000,0.000000,0.000000,0.000000
13.4167,-0.193327,0.061992,-0.827018,-0.241455,0.000000,0.000000,0.000000,0.160421,-0.582991,-0.023295,0.724791,0.000000,0.000000,0.000000,0.000000
13.4333,-0.198011,0.058367,-0.828118,-0.224019,0.000000,0.000000,0.000000,0.159055,-0.573194,-0.044818,0.796918,0.000000,0.000000,0.000000,0.000000
13.4500,-0.202660,0.054535,-0.829131,-0.203859,0.000000,0.000000,0.000000,0.155364,-0.560414,-0.062193,0.878329,0.000000,0.000000,0.000000,0.000000
13.4667,-0.207242,0.050383,-0.829817,-0.180763,0.000000,0.000000,0.000000,0.149052,-0.544139,-0.073704,0.968459,0.000000,0.000000,0.000000,0.000000
13.4833,-0.211744,0.045779,-0.829925,-0.154523,0.000000,0.000000,0.000000,0.139882,-0.523830,-0.077503,1.066292,0.000000,0.000000,0.000000,0.000000
13.5333,-0.216158,0.040591,-0.829196,-0.124968,0.000000,0.000000,0.000000,0.127714,-0.498941,-0.071737,1.170380,0.000000,0.000000,0.000000,0.000000
13.5500,-0.220477,0.034701,-0.827371,-0.092005,0.000000,0.000000,0.000000,0.112500,-0.468962,-0.054743,1.279031,0.000000,0.000000,0.000000,0.000000
13.5667,-0.224682,0.028022,-0.824213,-0.055652,0.000000,0.000000,0.000000,0.094225,-0.433504,-0.025271,1.390599,0.000000,0.000000,0.000000,0.000000
13.5833,-0.228745,0.020510,-0.819533,-0.016059,0.000000,0.000000,0.000000,0.072888,-0.392397,0.017371,1.503657,0.000000,0.000000,0.000000,0.000000
13.6000,-0.232623,0.012166,-0.813212,0.026489,0.000000,0.000000,0.000000,0.048546,-0.345772,0.073232,1.616967,0.000000,0.000000,0.000000,0.000000
13.6167,-0.236267,0.003036,-0.805223,0.071574,0.000000,0.000000,0.000000,0.021394,-0.294140,0.141641,1.729354,0.000000,0.000000,0.000000,0.000000
13.6333,-0.239624,-0.006795,-0.795645,0.118673,0.000000,0.000000,0.000000,-0.008130,-0.238458,0.221089,1.839548,0.000000,0.000000,0.000000,0.000000
13.6500,-0.242644,-0.017212,-0.784665,0.167186,0.000000,0.000000,0.000000,-0.039246,-0.180203,0.309107,1.946007,0.000000,0.000000,0.000000,0.000000
13.7333,-0.245284,-0.028066,-0.772561,0.216472,0.000000,0.000000,0.000000,-0.070805,-0.121352,0.402257,2.046813,0.000000,0.000000,0.000000,0.000000
13.7500,-0.247512,-0.039184,-0.759662,0.265878,0.000000,0.000000,0.000000,-0.101443,-0.064154,0.496586,2.139844,0.000000,0.000000,0.000000,0.000000
13.7667,-0.249314,-0.050372,-0.746304,0.314776,0.000000,0.000000,0.000000,-0.129848,-0.010726,0.588425,2.223150,0.000000,0.000000,0.000000,0.000000
13.7833,-0.250703,-0.061427,-0.732785,0.362594,0.000000,0.000000,0.000000,-0.154935,0.037222,0.674911,2.295217,0.000000,0.000000,0.000000,0.000000
13.8000,-0.251719,-0.072149,-0.719323,0.408838,0.000000,0.000000,0.000000,-0.175883,0.078428,0.754023,2.354999,0.000000,0.000000,0.000000,0.000000
13.8167,-0.252435,-0.082349,-0.706053,0.453099,0.000000,0.000000,0.000000,-0.192127,0.112032,0.824415,2.401858,0.000000,0.000000,0.000000,0.000000
13.8333,-0.252948,-0.091860,-0.693037,0.495053,0.000000,0.000000,0.000000,-0.203336,0.137507,0.885247,2.435492,0.000000,0.000000,0.000000,0.000000
13.8500,-0.253366,-0.100536,-0.680302,0.534441,0.000000,0.000000,0.000000,-0.209384,0.154598,0.936037,2.455845,0.000000,0.000000,0.000000,0.000000
13.8667,-0.253790,-0.108262,-0.667864,0.571051,0.000000,0.000000,0.000000,-0.210303,0.163257,0.976549,2.463034,0.000000,0.000000,0.000000,0.000000
13.8833,-0.254297,-0.114944,-0.655756,0.604700,0.000000,0.000000,0.000000,-0.206252,0.163595,1.006694,2.457279,0.000000,0.000000,0.000000,0.000000
13.9000,-0.254934,-0.120521,-0.644041,0.635239,0.000000,0.000000,0.000000,-0.197483,0.155856,1.026454,2.438868,0.000000,0.000000,0.000000,0.000000
13.9167,-0.255707,-0.124963,-0.632817,0.662568,0.000000,0.000000,0.000000,-0.184323,0.140394,1.035818,2.408139,0.000000,0.000000,0.000000,0.000000
13.9333,-0.256579,-0.128278,-0.622213,0.686652,0.000000,0.000000,0.000000,-0.167170,0.117680,1.034742,2.365488,0.000000,0.000000,0.000000,0.000000
13.9500,-0.257463,-0.130503,-0.612376,0.707528,0.000000,0.000000,0.000000,-0.146489,0.088313,1.023124,2.311396,0.000000,0.000000,0.000000,0.000000
13.9667,-0.258230,-0.131699,-0.603459,0.725299,0.000000,0.000000,0.000000,-0.122822,0.053050,1.000817,2.246488,0.000000,0.000000,0.000000,0.000000
14.0000,-0.258703,-0.131933,-0.595617,0.740126,0.000000,0.000000,0.000000,-0.096797,0.012833,0.967655,2.171577,0.000000,0.000000,0.000000,0.000000
14.0167,-0.258667,-0.131272,-0.588993,0.752218,0.000000,0.000000,0.000000,-0.069101,-0.031218,0.923525,2.087666,0.000000,0.000000,0.000000,0.000000
14.0333,-0.257875,-0.129773,-0.583722,0.761826,0.000000,0.000000,0.000000,-0.040440,-0.077854,0.868468,1.995892,0.000000,0.000000,0.000000,0.000000
14.0500,-0.256055,-0.127475,-0.579922,0.769235,0.000000,0.000000,0.000000,-0.011488,-0.125754,0.802794,1.897454,0.000000,0.000000,0.000000,0.000000
14.0667,-0.252919,-0.124400,-0.577692,0.774767,0.000000,0.000000,0.000000,0.017157,-0.173595,0.727206,1.793566,0.000000,0.000000,0.000000,0.000000
14.0833,-0.248172,-0.120556,-0.577104,0.778776,0.000000,0.000000,0.000000,0.045002,-0.220134,0.642915,1.685442,0.000000,0.000000,0.000000,0.000000
14.1000,-0.241527,-0.115938,-0.578199,0.781651,0.000000,0.000000,0.000000,0.071676,-0.264282,0.551763,1.574343,0.000000,0.000000,0.000000,0.000000
14.1167,-0.232711,-0.110543,-0.580981,0.783820,0.000000,0.000000,0.000000,0.096912,-0.305162,0.456381,1.461668,0.000000,0.000000,0.000000,0.000000
14.1833,-0.221486,-0.104368,-0.585406,0.785741,0.000000,0.000000,0.000000,0.120503,-0.342140,0.360229,1.349073,0.000000,0.000000,0.000000,0.000000
14.2000,-0.207660,-0.097431,-0.591377,0.787911,0.000000,0.000000,0.000000,0.142269,-0.374829,0.267225,1.238479,0.000000,0.000000,0.000000,0.000000
14.2167,-0.191109,-0.089776,-0.598740,0.790853,0.000000,0.000000,0.000000,0.162056,-0.403074,0.180942,1.131883,0.000000,0.000000,0.000000,0.000000
14.2333,-0.171791,-0.081487,-0.607278,0.795109,0.000000,0.000000,0.000000,0.179750,-0.426910,0.103941,1.031075,0.000000,0.000000,0.000000,0.000000
14.2500,-0.149766,-0.072694,-0.616705,0.801214,0.000000,0.000000,0.000000,0.195301,-0.446530,0.037615,0.937490,0.000000,0.000000,0.000000,0.000000
14.2667,-0.125206,-0.063566,-0.626662,0.809657,0.000000,0.000000,0.000000,0.208718,-0.462247,-0.017602,0.852179,0.000000,0.000000,0.000000,0.000000
14.2833,-0.098409,-0.054298,-0.636722,0.820840,0.000000,0.000000,0.000000,0.220080,-0.474467,-0.061956,0.775830,0.000000,0.000000,0.000000,0.000000
14.3000,-0.069817,-0.045086,-0.646408,0.835033,0.000000,0.000000,0.000000,0.229531,-0.483669,-0.096131,0.708779,0.000000,0.000000,0.000000,0.000000
14.3167,-0.040009,-0.036102,-0.655220,0.852337,0.000000,0.000000,0.000000,0.237261,-0.490366,-0.121074,0.651031,0.000000,0.000000,0.000000,0.000000
14.3333,-0.009666,-0.027475,-0.662701,0.872662,0.000000,0.000000,0.000000,0.243496,-0.495069,-0.137875,0.602308,0.000000,0.000000,0.000000,0.000000
14.3500,0.020492,-0.019266,-0.668553,0.895736,0.000000,0.000000,0.000000,0.248467,-0.498253,-0.147699,0.562084,0.000000,0.000000,0.000000,0.000000
14.3667,0.049766,-0.011448,-0.672758,0.921112,0.000000,0.000000,0.000000,0.252402,-0.500328,-0.151730,0.529634,0.000000,0.000000,0.000000,0.000000
14.3833,0.077522,-0.003882,-0.675618,0.948186,0.000000,0.000000,0.000000,0.255502,-0.501623,-0.151123,0.504075,0.000000,0.000000,0.000000,0.000000
14.4000,0.103225,0.003657,-0.677710,0.976222,0.000000,0.000000,0.000000,0.257924,-0.502383,-0.146968,0.484410,0.000000,0.000000,0.000000,0.000000
14.4167,0.126470,0.011439,-0.679784,1.004383,0.000000,0.000000,0.000000,0.259768,-0.502760,-0.140256,0.469563,0.000000,0.000000,0.000000,0.000000
14.4333,0.146992,0.019728,-0.682659,1.031771,0.000000,0.000000,0.000000,0.261068,-0.502828,-0.131868,0.458415,0.000000,0.000000,0.000000,0.000000
14.4500,0.164657,0.028736,-0.687122,1.057492,0.000000,0.000000,0.000000,0.261785,-0.502579,-0.122565,0.449832,0.000000,0.000000,0.000000,0.000000
14.4667,0.179447,0.038596,-0.693855,1.080711,0.000000,0.000000,0.000000,0.261819,-0.501935,-0.112999,0.442682,0.000000,0.000000,0.000000,0.000000
14.4833,0.191436,0.049366,-0.703375,1.100711,0.000000,0.000000,0.000000,0.261007,-0.500759,-0.103723,0.435865,0.000000,0.000000,0.000000,0.000000
14.5000,0.200771,0.061041,-0.715997,1.116932,0.000000,0.000000,0.000000,0.259143,-0.498858,-0.095206,0.428324,0.000000,0.000000,0.000000,0.000000
14.5167,0.207647,0.073564,-0.731802,1.129029,0.000000,0.000000,0.000000,0.255985,-0.496006,-0.087843,0.419067,0.000000,0.000000,0.000000,0.000000
14.5333,0.212280,0.086818,-0.750603,1.136915,0.000000,0.000000,0.000000,0.251260,-0.491948,-0.081958,0.407183,0.000000,0.000000,0.000000,0.000000
14.5500,0.214890,0.100628,-0.771963,1.140768,0.000000,0.000000,0.000000,0.244668,-0.486415,-0.077793,0.391862,0.000000,0.000000,0.000000,0.000000
14.5667,0.215700,0.114778,-0.795277,1.140981,0.000000,0.000000,0.000000,0.235869,-0.479137,-0.075492,0.372417,0.000000,0.000000,0.000000,0.000000
14.5833,0.214936,0.129043,-0.819893,1.138064,0.000000,0.000000,0.000000,0.224473,-0.469849,-0.075099,0.348324,0.000000,0.000000,0.000000,0.000000
14.6000,0.212827,0.143221,-0.845229,1.132554,0.000000,0.000000,0.000000,0.210053,-0.458305,-0.076568,0.319248,0.000000,0.000000,0.000000,0.000000
14.6167,0.209599,0.157148,-0.870812,1.124962,0.000000,0.000000,0.000000,0.192159,-0.444287,-0.079786,0.285089,0.000000,0.000000,0.000000,0.000000
14.6333,0.205470,0.170685,-0.896257,1.115763,0.000000,0.000000,0.000000,0.170358,-0.427638,-0.084616,0.246008,0.000000,0.000000,0.000000,0.000000
14.6500,0.200639,0.183699,-0.921221,1.105407,0.000000,0.000000,0.000000,0.144289,-0.408287,-0.090949,0.202482,0.000000,0.000000,0.000000,0.000000
14.6667,0.195289,0.196048,-0.945366,1.094327,0.000000,0.000000,0.000000,0.113721,-0.386294,-0.098746,0.155350,0.000000,0.000000,0.000000,0.000000
14.6833,0.189581,0.207574,-0.968350,1.082929,0.000000,0.000000,0.000000,0.078616,-0.361901,-0.108080,0.105859,0.000000,0.000000,0.000000,0.000000
14.7000,0.183654,0.218101,-0.989837,1.071582,0.000000,0.000000,0.000000,0.039205,-0.335578,-0.119166,0.055696,0.000000,0.000000,0.000000,0.000000
14.8000,0.177614,0.227434,-1.009509,1.060617,0.000000,0.000000,0.000000,-0.003960,-0.308045,-0.132365,0.006914,0.000000,0.000000,0.000000,0.000000
14.8667,0.171537,0.235361,-1.027065,1.050322,0.000000,0.000000,0.000000,-0.050034,-0.280232,-0.148085,-0.038322,0.000000,0.000000,0.000000,0.000000
14.8833,0.165460,0.241652,-1.042227,1.040947,0.000000,0.000000,0.000000,-0.097993,-0.253123,-0.166614,-0.078115,0.000000,0.000000,0.000000,0.000000
14.9167,0.159381,0.246071,-1.054746,1.032688,0.000000,0.000000,0.000000,-0.146704,-0.227575,-0.187995,-0.111089,0.000000,0.000000,0.000000,0.000000
14.9333,0.153256,0.248393,-1.064415,1.025671,0.000000,0.000000,0.000000,-0.194938,-0.204245,-0.211937,-0.136404,0.000000,0.000000,0.000000,0.000000
14.9500,0.147006,0.248415,-1.071074,1.019946,0.000000,0.000000,0.000000,-0.241416,-0.183635,-0.237696,-0.153656,0.000000,0.000000,0.000000,0.000000
14.9667,0.140512,0.245971,-1.074616,1.015488,0.000000,0.000000,0.000000,-0.284848,-0.166184,-0.263907,-0.162762,0.000000,0.000000,0.000000,0.000000
14.9833,0.133625,0.240932,-1.074975,1.012211,0.000000,0.000000,0.000000,-0.323962,-0.152364,-0.288422,-0.163848,0.000000,0.000000,0.000000,0.000000
15.0000,0.126168,0.233214,-1.072123,1.009983,0.000000,0.000000,0.000000,-0.357510,-0.142757,-0.308168,-0.157179,0.000000,0.000000,0.000000,0.000000
15.1000,0.117950,0.222790,-1.066060,1.008633,0.000000,0.000000,0.000000,-0.384286,-0.138071,-0.319268,-0.143133,0.000000,0.000000,0.000000,0.000000
15.1167,0.108781,0.209699,-1.056809,1.007953,0.000000,0.000000,0.000000,-0.403269,-0.139004,-0.317943,-0.122281,0.000000,0.000000,0.000000,0.000000
15.1500,0.098483,0.194054,-1.044388,1.007704,0.000000,0.000000,0.000000,-0.413867,-0.145995,-0.302036,-0.095561,0.000000,0.000000,0.000000,0.000000
15.2833,0.086911,0.176056,-1.028797,1.007621,0.000000,0.000000,0.000000,-0.416096,-0.158993,-0.271983,-0.064374,0.000000,0.000000,0.000000,0.000000
15.3000,0.073959,0.155983,-1.009989,1.007419,0.000000,0.000000,0.000000,-0.410527,-0.177411,-0.230438,-0.030387,0.000000,0.000000,0.000000,0.000000
15.3167,0.059576,0.134179,-0.987866,1.006809,0.000000,0.000000,0.000000,-0.398040,-0.200291,-0.181039,0.004857,0.000000,0.000000,0.000000,0.000000
15.3333,0.043758,0.111039,-0.962284,1.005507,0.000000,0.000000,0.000000,-0.379600,-0.226530,-0.127382,0.040157,0.000000,0.000000,0.000000,0.000000
15.3500,0.026550,0.086971,-0.933068,1.003267,0.000000,0.000000,0.000000,-0.356139,-0.255039,-0.072595,0.074634,0.000000,0.000000,0.000000,0.000000
15.3667,0.008037,0.062369,-0.900044,0.999906,0.000000,0.000000,0.000000,-0.328545,-0.284823,-0.019219,0.107667,0.000000,0.000000,0.000000,0.000000
15.3833,-0.011668,0.037586,-0.863085,0.995326,0.000000,0.000000,0.000000,-0.297690,-0.315000,0.030824,0.138854,0.000000,0.000000,0.000000,0.000000
15.4000,-0.032426,0.012912,-0.822183,0.989535,0.000000,0.000000,0.000000,-0.264451,-0.344800,0.076208,0.167985,0.000000,0.000000,0.000000,0.000000
15.4167,-0.054076,-0.011436,-0.777504,0.982682,0.000000,0.000000,0.000000,-0.229709,-0.373565,0.116165,0.194996,0.000000,0.000000,0.000000,0.000000
15.4333,-0.076433,-0.035292,-0.729449,0.975075,0.000000,0.000000,0.000000,-0.194321,-0.400753,0.150401,0.219915,0.000000,0.000000,0.000000,0.000000
15.4500,-0.099275,-0.058519,-0.678674,0.967163,0.000000,0.000000,0.000000,-0.159075,-0.425957,0.179009,0.242818,0.000000,0.000000,0.000000,0.000000
15.4667,-0.122327,-0.080964,-0.626092,0.959454,0.000000,0.000000,0.000000,-0.124662,-0.448912,0.202368,0.263806,0.000000,0.000000,0.000000,0.000000
15.4833,-0.145240,-0.102441,-0.572824,0.952420,0.000000,0.000000,0.000000,-0.091675,-0.469481,0.221050,0.282997,0.000000,0.000000,0.000000,0.000000
15.5000,-0.167598,-0.122734,-0.520120,0.946415,0.000000,0.000000,0.000000,-0.060618,-0.487631,0.235732,0.300536,0.000000,0.000000,0.000000,0.000000
15.5167,-0.188940,-0.141623,-0.469256,0.941623,0.000000,0.000000,0.000000,-0.031898,-0.503399,0.247106,0.316578,0.000000,0.000000,0.000000,0.000000
15.5333,-0.208811,-0.158908,-0.421436,0.938050,0.000000,0.000000,0.000000,-0.005808,-0.516861,0.255790,0.331271,0.000000,0.000000,0.000000,0.000000
15.5500,-0.226807,-0.174420,-0.377715,0.935540,0.000000,0.000000,0.000000,0.017501,-0.528114,0.262262,0.344741,0.000000,0.000000,0.000000,0.000000
15.5667,-0.242605,-0.188031,-0.338947,0.933801,0.000000,0.000000,0.000000,0.038024,-0.537267,0.266833,0.357076,0.000000,0.000000,0.000000,0.000000
15.5833,-0.255996,-0.199667,-0.305760,0.932449,0.000000,0.000000,0.000000,0.055892,-0.544438,0.269663,0.368335,0.000000,0.000000,0.000000,0.000000
15.6000,-0.266884,-0.209302,-0.278562,0.931038,0.000000,0.000000,0.000000,0.071339,-0.549769,0.270804,0.378554,0.000000,0.000000,0.000000,0.000000
15.6167,-0.275283,-0.216951,-0.257560,0.929085,0.000000,0.000000,0.000000,0.084659,-0.553424,0.270245,0.387779,0.000000,0.000000,0.000000,0.000000
15.6333,-0.281308,-0.222655,-0.242796,0.926086,0.000000,0.000000,0.000000,0.096174,-0.555589,0.267943,0.396090,0.000000,0.000000,0.000000,0.000000
15.6500,-0.285157,-0.226463,-0.234195,0.921531,0.000000,0.000000,0.000000,0.106197,-0.556458,0.263831,0.403637,0.000000,0.000000,0.000000,0.000000
15.6667,-0.287092,-0.228424,-0.231602,0.914910,0.000000,0.000000,0.000000,0.115018,-0.556209,0.257813,0.410670,0.000000,0.000000,0.000000,0.000000
15.6833,-0.287420,-0.228585,-0.234823,0.905722,0.000000,0.000000,0.000000,0.122888,-0.554983,0.249749,0.417544,0.000000,0.000000,0.000000,0.000000
15.7000,-0.286477,-0.226988,-0.243645,0.893489,0.000000,0.000000,0.000000,0.130022,-0.552880,0.239445,0.424726,0.000000,0.000000,0.000000,0.000000
15.7167,-0.284606,-0.223678,-0.257859,0.877757,0.000000,0.000000,0.000000,0.136602,-0.549962,0.226654,0.432783,0.000000,0.000000,0.000000,0.000000
15.7333,-0.282137,-0.218711,-0.277263,0.858106,0.000000,0.000000,0.000000,0.142798,-0.546279,0.211074,0.442370,0.000000,0.000000,0.000000,0.000000
15.7500,-0.279375,-0.212154,-0.301668,0.834151,0.000000,0.000000,0.000000,0.148766,-0.541871,0.192365,0.454221,0.000000,0.000000,0.000000,0.000000
15.7667,-0.276582,-0.204081,-0.330892,0.805544,0.000000,0.000000,0.000000,0.154640,-0.536775,0.170171,0.469119,0.000000,0.000000,0.000000,0.000000
15.7833,-0.273976,-0.194567,-0.364738,0.771969,0.000000,0.000000,0.000000,0.160510,-0.531023,0.144158,0.487879,0.000000,0.000000,0.000000,0.000000
15.8000,-0.271727,-0.183681,-0.402973,0.733163,0.000000,0.000000,0.000000,0.166408,-0.524648,0.114060,0.511308,0.000000,0.000000,0.000000,0.000000
15.8167,-0.269966,-0.171483,-0.445272,0.688938,0.000000,0.000000,0.000000,0.172306,-0.517697,0.079713,0.540161,0.000000,0.000000,0.000000,0.000000
15.8333,-0.268779,-0.158040,-0.491167,0.639219,0.000000,0.000000,0.000000,0.178132,-0.510243,0.041093,0.575085,0.000000,0.000000,0.000000,0.000000
15.8500,-0.268205,-0.143442,-0.539992,0.584088,0.000000,0.000000,0.000000,0.183784,-0.502393,-0.001660,0.616544,0.000000,0.000000,0.000000,0.000000
15.8667,-0.268231,-0.127831,-0.590847,0.523825,0.000000,0.000000,0.000000,0.189147,-0.494280,-0.048218,0.664755,0.000000,0.000000,0.000000,0.000000
15.8833,-0.268779,-0.111411,-0.642598,0.458955,0.000000,0.000000,0.000000,0.194104,-0.486049,-0.098043,0.719621,0.000000,0.000000,0.000000,0.000000
15.9000,-0.269699,-0.094456,-0.693890,0.390274,0.000000,0.000000,0.000000,0.198548,-0.477850,-0.150376,0.780680,0.000000,0.000000,0.000000,0.000000
15.9167,-0.270767,-0.077288,-0.743164,0.318879,0.000000,0.000000,0.000000,0.202420,-0.469823,-0.204233,0.847068,0.000000,0.000000,0.000000,0.000000
15.9500,-0.271687,-0.060266,-0.788712,0.246151,0.000000,0.000000,0.000000,0.205731,-0.462091,-0.258428,0.917525,0.000000,0.000000,0.000000,0.000000
15.9667,-0.272137,-0.043748,-0.828909,0.173647,0.000000,0.000000,0.000000,0.208583,-0.454752,-0.311666,0.990488,0.000000,0.000000,0.000000,0.000000
15.9833,-0.271846,-0.028047,-0.862524,0.102942,0.000000,0.000000,0.000000,0.211157,-0.447865,-0.362675,1.064244,0.000000,0.000000,0.000000,0.000000
16.0000,-0.270640,-0.013395,-0.888885,0.035473,0.000000,0.000000,0.000000,0.213685,-0.441452,-0.410356,1.137083,0.000000,0.000000,0.000000,0.000000
16.0167,-0.268441,0.000047,-0.907813,-0.027549,0.000000,0.000000,0.000000,0.216396,-0.435508,-0.453871,1.207410,0.000000,0.000000,0.000000,0.000000
16.0333,-0.265256,0.012180,-0.919496,-0.085180,0.000000,0.000000,0.000000,0.219476,-0.430030,-0.492690,1.273866,0.000000,0.000000,0.000000,0.000000
16.0500,-0.261167,0.022970,-0.924405,-0.136757,0.000000,0.000000,0.000000,0.223025,-0.425041,-0.526585,1.335401,0.000000,0.000000,0.000000,0.000000
16.0667,-0.256332,0.032447,-0.923244,-0.181880,0.000000,0.000000,0.000000,0.227057,-0.420588,-0.555576,1.391308,0.000000,0.000000,0.000000,0.000000
16.0833,-0.250973,0.040686,-0.916888,-0.220394,0.000000,0.000000,0.000000,0.231512,-0.416740,-0.579876,1.441203,0.000000,0.000000,0.000000,0.000000
16.1000,-0.245356,0.047789,-0.906319,-0.252350,0.000000,0.000000,0.000000,0.236272,-0.413563,-0.599825,1.484984,0.000000,0.000000,0.000000,0.000000
16.1167,-0.239762,0.053860,-0.892548,-0.277968,0.000000,0.000000,0.000000,0.241193,-0.411104,-0.615850,1.522780,0.000000,0.000000,0.000000,0.000000
16.1333,-0.234467,0.058992,-0.876558,-0.297588,0.000000,0.000000,0.000000,0.246117,-0.409370,-0.628423,1.554892,0.000000,0.000000,0.000000,0.000000
16.1500,-0.229727,0.063253,-0.859261,-0.311638,0.000000,0.000000,0.000000,0.250893,-0.408328,-0.638027,1.581737,0.000000,0.000000,0.000000,0.000000
16.1667,-0.225758,0.066688,-0.841470,-0.320590,0.000000,0.000000,0.000000,0.255383,-0.407908,-0.645135,1.603799,0.000000,0.000000,0.000000,0.000000
16.1833,-0.222723,0.069318,-0.823878,-0.324935,0.000000,0.000000,0.000000,0.259473,-0.408011,-0.650187,1.621583,0.000000,0.000000,0.000000,0.000000
16.2000,-0.220724,0.071146,-0.807055,-0.325155,0.000000,0.000000,0.000000,0.263075,-0.408523,-0.653578,1.635574,0.000000,0.000000,0.000000,0.000000
16.2167,-0.219801,0.072165,-0.791454,-0.321700,0.000000,0.000000,0.000000,0.266131,-0.409318,-0.655647,1.646210,0.000000,0.000000,0.000000,0.000000
16.2333,-0.219937,0.072370,-0.777420,-0.314971,0.000000,0.000000,0.000000,0.268609,-0.410276,-0.656672,1.653851,0.000000,0.000000,0.000000,0.000000
16.2500,-0.221066,0.071763,-0.765198,-0.305312,0.000000,0.000000,0.000000,0.270500,-0.411288,-0.656862,1.658762,0.000000,0.000000,0.000000,0.000000
16.2667,-0.223091,0.070365,-0.754951,-0.293002,0.000000,0.000000,0.000000,0.271815,-0.412272,-0.656356,1.661099,0.000000,0.000000,0.000000,0.000000
16.2833,-0.225890,0.068219,-0.746766,-0.278251,0.000000,0.000000,0.000000,0.272578,-0.413172,-0.655225,1.660897,0.000000,0.000000,0.000000,0.000000
16.3000,-0.229331,0.065382,-0.740666,-0.261196,0.000000,0.000000,0.000000,0.272828,-0.413961,-0.653470,1.658068,0.000000,0.000000,0.000000,0.000000
16.3167,-0.233280,0.061921,-0.736608,-0.241903,0.000000,0.000000,0.000000,0.272611,-0.414632,-0.651027,1.652403,0.000000,0.000000,0.000000,0.000000
16.3333,-0.237608,0.057907,-0.734488,-0.220369,0.000000,0.000000,0.000000,0.271985,-0.415198,-0.647767,1.643574,0.000000,0.000000,0.000000,0.000000
16.3500,-0.242192,0.053399,-0.734134,-0.196531,0.000000,0.000000,0.000000,0.271018,-0.415684,-0.643503,1.631150,0.000000,0.000000,0.000000,0.000000
16.3667,-0.246918,0.048440,-0.735295,-0.170278,0.000000,0.000000,0.000000,0.269785,-0.416129,-0.637997,1.614610,0.000000,0.000000,0.000000,0.000000
16.3833,-0.251679,0.043046,-0.737635,-0.141463,0.000000,0.000000,0.000000,0.268374,-0.416580,-0.630967,1.593375,0.000000,0.000000,0.000000,0.000000
16.4000,-0.256377,0.037208,-0.740736,-0.109927,0.000000,0.000000,0.000000,0.266879,-0.417091,-0.622099,1.566836,0.000000,0.000000,0.000000,0.000000
16.4167,-0.260928,0.030894,-0.744117,-0.075527,0.000000,0.000000,0.000000,0.265403,-0.417719,-0.611062,1.534396,0.000000,0.000000,0.000000,0.000000
16.4333,-0.265261,0.024057,-0.747256,-0.038172,0.000000,0.000000,0.000000,0.264056,-0.418514,-0.597522,1.495526,0.000000,0.000000,0.000000,0.000000
16.4500,-0.269316,0.016660,-0.749637,0.002125,0.000000,0.000000,0.000000,0.262952,-0.419518,-0.581170,1.449830,0.000000,0.000000,0.000000,0.000000
16.4667,-0.273038,0.008691,-0.750816,0.045213,0.000000,0.000000,0.000000,0.262204,-0.420759,-0.561742,1.397115,0.000000,0.000000,0.000000,0.000000
16.4833,-0.276379,0.000183,-0.750480,0.090766,0.000000,0.000000,0.000000,0.261917,-0.422251,-0.539055,1.337484,0.000000,0.000000,0.000000,0.000000
16.5000,-0.279297,-0.008779,-0.748500,0.138297,0.000000,0.000000,0.000000,0.262176,-0.424000,-0.513046,1.271439,0.000000,0.000000,0.000000,0.000000
16.5167,-0.281759,-0.018063,-0.744936,0.187182,0.000000,0.000000,0.000000,0.263025,-0.426028,-0.483812,1.199984,0.000000,0.000000,0.000000,0.000000
16.5833,-0.283740,-0.027507,-0.740015,0.236710,0.000000,0.000000,0.000000,0.264439,-0.428384,-0.451662,1.124694,0.000000,0.000000,0.000000,0.000000
16.6000,-0.285233,-0.036934,-0.734083,0.286141,0.000000,0.000000,0.000000,0.266322,-0.431128,-0.417140,1.047571,0.000000,0.000000,0.000000,0.000000
16.6167,-0.286246,-0.046171,-0.727548,0.334757,0.000000,0.000000,0.000000,0.268532,-0.434288,-0.380997,0.970739,0.000000,0.000000,0.000000,0.000000
16.6333,-0.286799,-0.055062,-0.720799,0.381911,0.000000,0.000000,0.000000,0.270935,-0.437839,-0.344103,0.896161,0.000000,0.000000,0.000000,0.000000
16.6500,-0.286919,-0.063488,-0.714147,0.427053,0.000000,0.000000,0.000000,0.273446,-0.441716,-0.307343,0.825500,0.000000,0.000000,0.000000,0.000000
16.6667,-0.286628,-0.071375,-0.707769,0.469739,0.000000,0.000000,0.000000,0.276049,-0.445838,-0.271543,0.760067,0.000000,0.000000,0.000000,0.000000
16.6833,-0.285926,-0.078687,-0.701697,0.509607,0.000000,0.000000,0.000000,0.278795,-0.450125,-0.237412,0.700799,0.000000,0.000000,0.000000,0.000000
16.7000,-0.284795,-0.085408,-0.695837,0.546351,0.000000,0.000000,0.000000,0.281782,-0.454515,-0.205513,0.648259,0.000000,0.000000,0.000000,0.000000
16.7167,-0.283202,-0.091528,-0.690023,0.579704,0.000000,0.000000,0.000000,0.285131,-0.458959,-0.176248,0.602670,0.000000,0.000000,0.000000,0.000000
16.7333,-0.281125,-0.097035,-0.684071,0.609463,0.000000,0.000000,0.000000,0.288951,-0.463425,-0.149875,0.563956,0.000000,0.000000,0.000000,0.000000
16.7500,-0.278575,-0.101924,-0.677829,0.635523,0.000000,0.000000,0.000000,0.293328,-0.467892,-0.126536,0.531810,0.000000,0.000000,0.000000,0.000000
16.7667,-0.275602,-0.106198,-0.671216,0.657903,0.000000,0.000000,0.000000,0.298302,-0.472338,-0.106295,0.505747,0.000000,0.000000,0.000000,0.000000
16.7833,-0.272282,-0.109876,-0.664238,0.676751,0.000000,0.000000,0.000000,0.303864,-0.476736,-0.089174,0.485155,0.000000,0.000000,0.000000,0.000000
16.8000,-0.268693,-0.112992,-0.656995,0.692326,0.000000,0.000000,0.000000,0.309960,-0.481045,-0.075179,0.469333,0.000000,0.000000,0.000000,0.000000
16.8167,-0.264894,-0.115586,-0.649671,0.704967,0.000000,0.000000,0.000000,0.316489,-0.485207,-0.064314,0.457517,0.000000,0.000000,0.000000,0.000000
16.8333,-0.260907,-0.117694,-0.642535,0.715061,0.000000,0.000000,0.000000,0.323313,-0.489148,-0.056589,0.448893,0.000000,0.000000,0.000000,0.000000
16.8500,-0.256711,-0.119331,-0.635931,0.723019,0.000000,0.000000,0.000000,0.330255,-0.492776,-0.052014,0.442612,0.000000,0.000000,0.000000,0.000000
16.8667,-0.252245,-0.120473,-0.630261,0.729262,0.000000,0.000000,0.000000,0.337105,-0.495979,-0.050613,0.437805,0.000000,0.000000,0.000000,0.000000
16.8833,-0.247415,-0.121063,-0.625957,0.734217,0.000000,0.000000,0.000000,0.343614,-0.498622,-0.052436,0.433603,0.000000,0.000000,0.000000,0.000000
16.9000,-0.242100,-0.121014,-0.623435,0.738332,0.000000,0.000000,0.000000,0.349488,-0.500545,-0.057567,0.429166,0.000000,0.000000,0.000000,0.000000
16.9167,-0.236152,-0.120240,-0.623051,0.742097,0.000000,0.000000,0.000000,0.354387,-0.501557,-0.066137,0.423698,0.000000,0.000000,0.000000,0.000000
16.9333,-0.229399,-0.118678,-0.625063,0.746049,0.000000,0.000000,0.000000,0.357921,-0.501439,-0.078321,0.416462,0.000000,0.000000,0.000000,0.000000
16.9500,-0.221654,-0.116295,-0.629597,0.750783,0.000000,0.000000,0.000000,0.359648,-0.499945,-0.094329,0.406789,0.000000,0.000000,0.000000,0.000000
16.9667,-0.212735,-0.113089,-0.636616,0.756938,0.000000,0.000000,0.000000,0.359077,-0.496801,-0.114390,0.394092,0.000000,0.000000,0.000000,0.000000
16.9833,-0.202484,-0.109084,-0.645875,0.765192,0.000000,0.000000,0.000000,0.355676,-0.491717,-0.138719,0.377881,0.000000,0.000000,0.000000,0.000000
17.0000,-0.190787,-0.104332,-0.656880,0.776244,0.000000,0.000000,0.000000,0.348878,-0.484385,-0.167486,0.357785,0.000000,0.000000,0.000000,0.000000
17.0167,-0.177587,-0.098922,-0.668856,0.790804,0.000000,0.000000,0.000000,0.338102,-0.474499,-0.200775,0.333572,0.000000,0.000000,0.000000,0.000000
17.0333,-0.162902,-0.092988,-0.680731,0.809572,0.000000,0.000000,0.000000,0.322786,-0.461762,-0.238542,0.305165,0.000000,0.000000,0.000000,0.000000
17.0500,-0.146837,-0.086703,-0.691147,0.833196,0.000000,0.000000,0.000000,0.302429,-0.445911,-0.280578,0.272660,0.000000,0.000000,0.000000,0.000000
17.0667,-0.129601,-0.080254,-0.698491,0.862223,0.000000,0.000000,0.000000,0.276647,-0.426734,-0.326475,0.236342,0.000000,0.000000,0.000000,0.000000
17.0833,-0.111522,-0.073807,-0.700959,0.897040,0.000000,0.000000,0.000000,0.245229,-0.404100,-0.375596,0.196708,0.000000,0.000000,0.000000,0.000000
17.1000,-0.093052,-0.067477,-0.696649,0.937838,0.000000,0.000000,0.000000,0.208196,-0.377999,-0.427041,0.154488,0.000000,0.000000,0.000000,0.000000
17.1167,-0.074754,-0.061302,-0.683700,0.984580,0.000000,0.000000,0.000000,0.165867,-0.348590,-0.479601,0.110668,0.000000,0.000000,0.000000,0.000000
17.1333,-0.057266,-0.055231,-0.660448,1.036995,0.000000,0.000000,0.000000,0.118914,-0.316269,-0.531694,0.066490,0.000000,0.000000,0.000000,0.000000
17.1500,-0.041245,-0.049112,-0.625603,1.094594,0.000000,0.000000,0.000000,0.068452,-0.281720,-0.581324,0.023443,0.000000,0.000000,0.000000,0.000000
17.2500,-0.027303,-0.042686,-0.578383,1.156690,0.000000,0.000000,0.000000,0.016088,-0.245946,-0.626005,-0.016806,0.000000,0.000000,0.000000,0.000000
17.2833,-0.015954,-0.035601,-0.518608,1.222438,0.000000,0.000000,0.000000,-0.036160,-0.210176,-0.662543,-0.052582,0.000000,0.000000,0.000000,0.000000
17.3833,-0.007563,-0.027458,-0.446719,1.290877,0.000000,0.000000,0.000000,-0.086118,-0.175670,-0.686902,-0.082461,0.000000,0.000000,0.000000,0.000000
17.4000,-0.002330,-0.017868,-0.363740,1.360972,0.000000,0.000000,0.000000,-0.131796,-0.143581,-0.694834,-0.105457,0.000000,0.000000,0.000000,0.000000
17.4167,-0.000280,-0.006521,-0.271174,1.431684,0.000000,0.000000,0.000000,-0.171664,-0.114988,-0.683235,-0.121106,0.000000,0.000000,0.000000,0.000000
17.4333,-0.001285,0.006751,-0.170868,1.502028,0.000000,0.000000,0.000000,-0.204770,-0.091023,-0.651263,-0.129450,0.000000,0.000000,0.000000,0.000000
17.5500,-0.005076,0.021947,-0.064913,1.571090,0.000000,0.000000,0.000000,-0.230693,-0.072942,-0.600601,-0.130962,0.000000,0.000000,0.000000,0.000000
17.5667,-0.011260,0.038889,0.044418,1.637999,0.000000,0.000000,0.000000,-0.249432,-0.061987,-0.534850,-0.126414,0.000000,0.000000,0.000000,0.000000
17.6000,-0.019336,0.057239,0.154720,1.701891,0.000000,0.000000,0.000000,-0.261271,-0.059111,-0.458429,-0.116714,0.000000,0.000000,0.000000,0.000000
17.6333,-0.028744,0.076510,0.263553,1.761921,0.000000,0.000000,0.000000,-0.266635,-0.064767,-0.375723,-0.102755,0.000000,0.000000,0.000000,0.000000
17.6500,-0.038925,0.096117,0.368615,1.817323,0.000000,0.000000,0.000000,-0.265987,-0.078862,-0.290732,-0.085300,0.000000,0.000000,0.000000,0.000000
17.6667,-0.049378,0.115435,0.467905,1.867490,0.000000,0.000000,0.000000,-0.259796,-0.100808,-0.206923,-0.064914,0.000000,0.000000,0.000000,0.000000
17.6833,-0.059695,0.133873,0.559850,1.912045,0.000000,0.000000,0.000000,-0.248543,-0.129608,-0.127123,-0.041976,0.000000,0.000000,0.000000,0.000000
17.7167,-0.069573,0.150939,0.643370,1.950869,0.000000,0.000000,0.000000,-0.232718,-0.163959,-0.053466,-0.016785,0.000000,0.000000,0.000000,0.000000
17.7333,-0.078806,0.166276,0.717877,1.984101,0.000000,0.000000,0.000000,-0.212819,-0.202383,0.012593,0.010305,0.000000,0.000000,0.000000,0.000000
17.7500,-0.087274,0.179677,0.783244,2.012107,0.000000,0.000000,0.000000,-0.189379,-0.243357,0.070227,0.038802,0.000000,0.000000,0.000000,0.000000
17.7667,-0.094929,0.191070,0.839741,2.035422,0.000000,0.000000,0.000000,-0.163036,-0.285393,0.119157,0.068086,0.000000,0.000000,0.000000,0.000000
17.8333,-0.101775,0.200486,0.887951,2.054686,0.000000,0.000000,0.000000,-0.134599,-0.327069,0.159560,0.097480,0.000000,0.000000,0.000000,0.000000
17.8500,-0.107863,0.208023,0.928676,2.070577,0.000000,0.000000,0.000000,-0.105001,-0.367094,0.191942,0.126324,0.000000,0.000000,0.000000,0.000000
17.8667,-0.113271,0.213804,0.962845,2.083740,0.000000,0.000000,0.000000,-0.075142,-0.404421,0.216996,0.154037,0.000000,0.000000,0.000000,0.000000
17.8833,-0.118105,0.217940,0.991421,2.094734,0.000000,0.000000,0.000000,-0.045759,-0.438326,0.235492,0.180134,0.000000,0.000000,0.000000,0.000000
17.9000,-0.122487,0.220510,1.015332,2.103995,0.000000,0.000000,0.000000,-0.017404,-0.468396,0.248215,0.204250,0.000000,0.000000,0.000000,0.000000
17.9167,-0.126552,0.221551,1.035427,2.111826,0.000000,0.000000,0.000000,0.009535,-0.494486,0.255929,0.226161,0.000000,0.000000,0.000000,0.000000
17.9333,-0.130448,0.221055,1.052461,2.118405,0.000000,0.000000,0.000000,0.034791,-0.516652,0.259357,0.245789,0.000000,0.000000,0.000000,0.000000
17.9500,-0.134334,0.218979,1.067092,2.123803,0.000000,0.000000,0.000000,0.058193,-0.535094,0.259164,0.263196,0.000000,0.000000,0.000000,0.000000
17.9667,-0.138378,0.215252,1.079906,2.128017,0.000000,0.000000,0.000000,0.079636,-0.550107,0.255951,0.278557,0.000000,0.000000,0.000000,0.000000
17.9833,-0.142756,0.209794,1.091433,2.130998,0.000000,0.000000,0.000000,0.099065,-0.562036,0.250250,0.292149,0.000000,0.000000,0.000000,0.000000
18.0000,-0.147648,0.202527,1.102171,2.132681,0.000000,0.000000,0.000000,0.116464,-0.571254,0.242523,0.304333,0.000000,0.000000,0.000000,0.000000
18.0167,-0.153234,0.193397,1.112607,2.133003,0.000000,0.000000,0.000000,0.131846,-0.578138,0.233168,0.315560,0.000000,0.000000,0.000000,0.000000
18.0333,-0.159692,0.182387,1.123226,2.131927,0.000000,0.000000,0.000000,0.145262,-0.583053,0.222510,0.326385,0.000000,0.000000,0.000000,0.000000
18.0500,-0.167188,0.169536,1.134519,2.129455,0.000000,0.000000,0.000000,0.156791,-0.586328,0.210810,0.337476,0.000000,0.000000,0.000000,0.000000
18.0667,-0.175870,0.154944,1.146987,2.125633,0.000000,0.000000,0.000000,0.166529,-0.588227,0.198262,0.349625,0.000000,0.000000,0.000000,0.000000
18.0833,-0.185859,0.138782,1.161145,2.120557,0.000000,0.000000,0.000000,0.174577,-0.588930,0.185007,0.363758,0.000000,0.000000,0.000000,0.000000
18.1000,-0.197236,0.121280,1.177518,2.114371,0.000000,0.000000,0.000000,0.181018,-0.588509,0.171158,0.380921,0.000000,0.000000,0.000000,0.000000
18.1167,-0.210030,0.102721,1.196646,2.107263,0.000000,0.000000,0.000000,0.185906,-0.586922,0.156828,0.402255,0.000000,0.000000,0.000000,0.000000
18.1333,-0.224209,0.083425,1.219069,2.099460,0.000000,0.000000,0.000000,0.189252,-0.584026,0.142179,0.428962,0.000000,0.000000,0.000000,0.000000
18.1500,-0.239682,0.063725,1.245301,2.091216,0.000000,0.000000,0.000000,0.191015,-0.579592,0.127464,0.462256,0.000000,0.000000,0.000000,0.000000
18.1667,-0.256296,0.043943,1.275781,2.082796,0.000000,0.000000,0.000000,0.191100,-0.573326,0.113067,0.503307,0.000000,0.000000,0.000000,0.000000
18.1833,-0.273844,0.024369,1.310795,2.074458,0.000000,0.000000,0.000000,0.189363,-0.564890,0.099529,0.553173,0.000000,0.000000,0.000000,0.000000
18.2000,-0.292068,0.005245,1.350399,2.066432,0.000000,0.000000,0.000000,0.185625,-0.553925,0.087553,0.612723,0.000000,0.000000,0.000000,0.000000
18.2167,-0.310657,-0.013237,1.394305,2.058889,0.000000,0.000000,0.000000,0.179696,-0.540079,0.078012,0.682553,0.000000,0.000000,0.000000,0.000000
18.2333,-0.329263,-0.030934,1.441811,2.051909,0.000000,0.000000,0.000000,0.171404,-0.523036,0.071958,0.762893,0.000000,0.000000,0.000000,0.000000
18.2500,-0.347528,-0.047750,1.491787,2.045479,0.000000,0.000000,0.000000,0.160630,-0.502551,0.070614,0.853488,0.000000,0.000000,0.000000,0.000000
18.2667,-0.365110,-0.063626,1.542746,2.039508,0.000000,0.000000,0.000000,0.147351,-0.478473,0.075346,0.953490,0.000000,0.000000,0.000000,0.000000
18.2833,-0.381714,-0.078538,1.592990,2.033868,0.000000,0.000000,0.000000,0.131687,-0.450755,0.087595,1.061342,0.000000,0.000000,0.000000,0.000000
18.3500,-0.397116,-0.092478,1.640765,2.028438,0.000000,0.000000,0.000000,0.113934,-0.419461,0.108742,1.174768,0.000000,0.000000,0.000000,0.000000
18.3667,-0.411172,-0.105442,1.684420,2.023135,0.000000,0.000000,0.000000,0.094538,-0.384776,0.139889,1.291010,0.000000,0.000000,0.000000,0.000000
18.3833,-0.423827,-0.117421,1.722530,2.017926,0.000000,0.000000,0.000000,0.074022,-0.347041,0.181617,1.407239,0.000000,0.000000,0.000000,0.000000
18.4000,-0.435104,-0.128401,1.753998,2.012830,0.000000,0.000000,0.000000,0.052938,-0.306806,0.233804,1.520799,0.000000,0.000000,0.000000,0.000000
18.4167,-0.445087,-0.138371,1.778117,2.007917,0.000000,0.000000,0.000000,0.031898,-0.264914,0.295520,1.629209,0.000000,0.000000,0.000000,0.000000
18.4333,-0.453889,-0.147322,1.794613,2.003318,0.000000,0.000000,0.000000,0.011640,-0.222579,0.364924,1.730043,0.000000,0.000000,0.000000,0.000000
18.5500,-0.461624,-0.155236,1.803664,1.999244,0.000000,0.000000,0.000000,-0.006967,-0.181371,0.439281,1.820905,0.000000,0.000000,0.000000,0.000000
18.5667,-0.468370,-0.162068,1.805900,1.996013,0.000000,0.000000,0.000000,-0.023107,-0.142917,0.515374,1.899786,0.000000,0.000000,0.000000,0.000000
18.5833,-0.474155,-0.167730,1.802348,1.994067,0.000000,0.000000,0.000000,-0.036323,-0.108430,0.590212,1.965674,0.000000,0.000000,0.000000,0.000000
18.6667,-0.478948,-0.172074,1.794354,1.993978,0.000000,0.000000,0.000000,-0.046665,-0.078454,0.661497,2.018868,0.000000,0.000000,0.000000,0.000000
18.6833,-0.482673,-0.174900,1.783465,1.996423,0.000000,0.000000,0.000000,-0.054569,-0.052981,0.727713,2.060696,0.000000,0.000000,0.000000,0.000000
18.7000,-0.485237,-0.175973,1.771291,2.002141,0.000000,0.000000,0.000000,-0.060596,-0.031758,0.788082,2.092920,0.000000,0.000000,0.000000,0.000000
18.7167,-0.486555,-0.175063,1.759347,2.011857,0.000000,0.000000,0.000000,-0.065217,-0.014547,0.842503,2.117257,0.000000,0.000000,0.000000,0.000000
18.7333,-0.486592,-0.171980,1.748904,2.026205,0.000000,0.000000,0.000000,-0.068726,-0.001260,0.891449,2.135128,0.000000,0.000000,0.000000,0.000000
18.7500,-0.485376,-0.166611,1.740883,2.045674,0.000000,0.000000,0.000000,-0.071218,0.008010,0.935856,2.147580,0.000000,0.000000,0.000000,0.000000
18.7667,-0.483011,-0.158929,1.735799,2.070572,0.000000,0.000000,0.000000,-0.072604,0.013008,0.977020,2.155315,0.000000,0.000000,0.000000,0.000000
18.7833,-0.479670,-0.148994,1.733779,2.101024,0.000000,0.000000,0.000000,-0.072656,0.013374,1.016504,2.158775,0.000000,0.000000,0.000000,0.000000
18.8000,-0.475577,-0.136934,1.734628,2.136988,0.000000,0.000000,0.000000,-0.071051,0.008711,1.056057,2.158259,0.000000,0.000000,0.000000,0.000000
18.8167,-0.470988,-0.122929,1.737922,2.178272,0.000000,0.000000,0.000000,-0.067435,-0.001335,1.097515,2.154052,0.000000,0.000000,0.000000,0.000000
18.8333,-0.466168,-0.107190,1.743097,2.224561,0.000000,0.000000,0.000000,-0.061477,-0.016996,1.142705,2.146544,0.000000,0.000000,0.000000,0.000000
18.8500,-0.461365,-0.089947,1.749535,2.275432,0.000000,0.000000,0.000000,-0.052929,-0.038296,1.193353,2.136340,0.000000,0.000000,0.000000,0.000000
18.8667,-0.456787,-0.071431,1.756634,2.330367,0.000000,0.000000,0.000000,-0.041671,-0.064984,1.250981,2.124333,0.000000,0.000000,0.000000,0.000000
18.9167,-0.452581,-0.051865,1.763871,2.388769,0.000000,0.000000,0.000000,-0.027734,-0.096483,1.316815,2.111727,0.000000,0.000000,0.000000,0.000000
18.9333,-0.448811,-0.031467,1.770855,2.449971,0.000000,0.000000,0.000000,-0.011280,-0.131921,1.391696,2.099939,0.000000,0.000000,0.000000,0.000000
18.9500,-0.445455,-0.010460,1.777361,2.513237,0.000000,0.000000,0.000000,0.007441,-0.170225,1.475987,2.090416,0.000000,0.000000,0.000000,0.000000
18.9667,-0.442414,0.010905,1.783359,2.577757,0.000000,0.000000,0.000000,0.028141,-0.210247,1.569449,2.084434,0.000000,0.000000,0.000000,0.000000
18.9833,-0.439512,0.032331,1.789024,2.642650,0.000000,0.000000,0.000000,0.050506,-0.250875,1.671088,2.082933,0.000000,0.000000,0.000000,0.000000
19.0167,-0.436519,0.053471,1.794747,2.706974,0.000000,0.000000,0.000000,0.074191,-0.291142,1.778993,2.086385,0.000000,0.000000,0.000000,0.000000
19.0500,-0.433153,0.073939,1.801116,2.769759,0.000000,0.000000,0.000000,0.098785,-0.330267,1.890319,2.094735,0.000000,0.000000,0.000000,0.000000
19.0667,-0.429106,0.093333,1.808855,2.830053,0.000000,0.000000,0.000000,0.123780,-0.367637,2.001576,2.107474,0.000000,0.000000,0.000000,0.000000
19.0833,-0.424069,0.111271,1.818720,2.886992,0.000000,0.000000,0.000000,0.148584,-0.402746,2.109212,2.123820,0.000000,0.000000,0.000000,0.000000
19.1000,-0.417773,0.127430,1.831373,2.939863,0.000000,0.000000,0.000000,0.172580,-0.435182,2.210223,2.142866,0.000000,0.000000,0.000000,0.000000
19.1167,-0.410041,0.141574,1.847242,2.988126,0.000000,0.000000,0.000000,0.195192,-0.464652,2.302478,2.163687,0.000000,0.000000,0.000000,0.000000
19.1333,-0.400839,0.153584,1.866428,3.031418,0.000000,0.000000,0.000000,0.215910,-0.491003,2.384707,2.185403,0.000000,0.000000,0.000000,0.000000
19.1500,-0.390298,0.163467,1.888673,3.069545,0.000000,0.000000,0.000000,0.234310,-0.514223,2.456346,2.207230,0.000000,0.000000,0.000000,0.000000
19.1667,-0.378672,0.171331,1.913448,3.102494,0.000000,0.000000,0.000000,0.250079,-0.534424,2.517380,2.228520,0.000000,0.000000,0.000000,0.000000
19.1833,-0.366275,0.177365,1.940082,3.130428,0.000000,0.000000,0.000000,0.263030,-0.551814,2.568203,2.248792,0.000000,0.000000,0.000000,0.000000
19.2000,-0.353426,0.181809,1.967894,3.153661,0.000000,0.000000,0.000000,0.273103,-0.566667,2.609495,2.267746,0.000000,0.000000,0.000000,0.000000
19.2167,-0.340420,0.184922,1.996249,3.172604,0.000000,0.000000,0.000000,0.280370,-0.579287,2.642127,2.285274,0.000000,0.000000,0.000000,0.000000
19.2333,-0.327527,0.186961,2.024580,3.180000,0.000000,0.000000,0.000000,0.285010,-0.589989,2.660000,2.301447,0.000000,0.000000,0.000000,0.000000
19.2500,-0.314992,0.188155,2.052400,3.180000,0.000000,0.000000,0.000000,0.287290,-0.599066,2.660000,2.316501,0.000000,0.000000,0.000000,0.000000
19.2667,-0.303037,0.188686,2.079287,3.180000,0.000000,0.000000,0.000000,0.287527,-0.606775,2.660000,2.330805,0.000000,0.000000,0.000000,0.000000
19.2833,-0.291872,0.188689,2.104876,3.180000,0.000000,0.000000,0.000000,0.286061,-0.613320,2.660000,2.344844,0.000000,0.000000,0.000000,0.000000
19.3000,-0.281704,0.188252,2.128839,3.180000,0.000000,0.000000,0.000000,0.283219,-0.618847,2.660000,2.359177,0.000000,0.000000,0.000000,0.000000
19.3167,-0.272735,0.187426,2.150880,3.180000,0.000000,0.000000,0.000000,0.279299,-0.623440,2.660000,2.374411,0.000000,0.000000,0.000000,0.000000
19.3333,-0.265161,0.186232,2.170726,3.180000,0.000000,0.000000,0.000000,0.274544,-0.627119,2.660000,2.391163,0.000000,0.000000,0.000000,0.000000
19.3500,-0.259163,0.184673,2.188133,3.180000,0.000000,0.000000,0.000000,0.269138,-0.629836,2.660000,2.410026,0.000000,0.000000,0.000000,0.000000
19.3667,-0.254890,0.182743,2.202891,3.180000,0.000000,0.000000,0.000000,0.263188,-0.631473,2.660000,2.431550,0.000000,0.000000,0.000000,0.000000
19.3833,-0.252445,0.180428,2.214830,3.180000,0.000000,0.000000,0.000000,0.256713,-0.631836,2.660000,2.456215,0.000000,0.000000,0.000000,0.000000
19.4000,-0.251880,0.177716,2.223832,3.180000,0.000000,0.000000,0.000000,0.249626,-0.630653,2.660000,2.484405,0.000000,0.000000,0.000000,0.000000
19.4167,-0.253183,0.174603,2.229831,3.180000,0.000000,0.000000,0.000000,0.241725,-0.627578,2.660000,2.516387,0.000000,0.000000,0.000000,0.000000
19.4333,-0.256287,0.171091,2.232812,3.180000,0.000000,0.000000,0.000000,0.232711,-0.622210,2.660000,2.552298,0.000000,0.000000,0.000000,0.000000
19.4500,-0.261074,0.167193,2.232810,3.180000,0.000000,0.000000,0.000000,0.222205,-0.614115,2.660000,2.592141,0.000000,0.000000,0.000000,0.000000
19.4667,-0.267392,0.162925,2.229904,3.180000,0.000000,0.000000,0.000000,0.209781,-0.602856,2.660000,2.635777,0.000000,0.000000,0.000000,0.000000
19.4833,-0.275057,0.158300,2.224223,3.170423,0.000000,0.000000,0.000000,0.194979,-0.588040,2.660000,2.682892,0.000000,0.000000,0.000000,0.000000
19.5000,-0.283864,0.153331,2.215944,3.153495,0.000000,0.000000,0.000000,0.177302,-0.569357,2.660000,2.732939,0.000000,0.000000,0.000000,0.000000
19.5167,-0.293585,0.148022,2.205308,3.133160,0.000000,0.000000,0.000000,0.156229,-0.546642,2.660000,2.785090,0.000000,0.000000,0.000000,0.000000
19.5333,-0.303972,0.142381,2.192618,3.109123,0.000000,0.000000,0.000000,0.131246,-0.519946,2.660000,2.838221,0.000000,0.000000,0.000000,0.000000
19.5500,-0.314763,0.136417,2.178250,3.081187,0.000000,0.000000,0.000000,0.101942,-0.489611,2.660000,2.890960,0.000000,0.000000,0.000000,0.000000
19.5833,-0.325680,0.130150,2.162640,3.049295,0.000000,0.000000,0.000000,0.068157,-0.456363,2.660000,2.941808,0.000000,0.000000,0.000000,0.000000
19.6333,-0.336434,0.123625,2.146276,3.013571,0.000000,0.000000,0.000000,0.030159,-0.421371,2.659805,2.989333,0.000000,0.000000,0.000000,0.000000
19.7000,-0.346736,0.116912,2.129663,2.974345,0.000000,0.000000,0.000000,-0.011224,-0.386171,2.658963,3.032362,0.000000,0.000000,0.000000,0.000000
19.7333,-0.356319,0.110104,2.113286,2.932128,0.000000,0.000000,0.000000,-0.054680,-0.352406,2.658367,3.070055,0.000000,0.000000,0.000000,0.000000
19.7500,-0.364966,0.103301,2.097575,2.887556,0.000000,0.000000,0.000000,-0.098652,-0.321498,2.657970,3.101864,0.000000,0.000000,0.000000,0.000000
19.7667,-0.372540,0.096583,2.082852,2.841314,0.000000,0.000000,0.000000,-0.141599,-0.294453,2.657732,3.127460,0.000000,0.000000,0.000000,0.000000
19.7833,-0.379013,0.089994,2.069289,2.794064,0.000000,0.000000,0.000000,-0.182173,-0.271852,2.657615,3.146671,0.000000,0.000000,0.000000,0.000000
19.8000,-0.384472,0.083536,2.056884,2.746405,0.000000,0.000000,0.000000,-0.219332,-0.253917,2.657585,3.159413,0.000000,0.000000,0.000000,0.000000
19.8167,-0.389098,0.077175,2.045480,2.698858,0.000000,0.000000,0.000000,-0.252404,-0.240610,2.657614,3.165627,0.000000,0.000000,0.000000,0.000000
19.8333,-0.393126,0.070867,2.034807,2.651891,0.000000,0.000000,0.000000,-0.281088,-0.231747,2.657678,3.165250,0.000000,0.000000,0.000000,0.000000
19.8500,-0.396795,0.064566,2.024529,2.605934,0.000000,0.000000,0.000000,-0.305383,-0.227100,2.657757,3.158221,0.000000,0.000000,0.000000,0.000000
19.8667,-0.400310,0.058236,2.014289,2.561395,0.000000,0.000000,0.000000,-0.325482,-0.226470,2.657837,3.144509,0.000000,0.000000,0.000000,0.000000
19.8833,-0.403809,0.051848,2.003758,2.518662,0.000000,0.000000,0.000000,-0.341689,-0.229723,2.657905,3.124133,0.000000,0.000000,0.000000,0.000000
20.0500,-0.407343,0.045389,1.992671,2.478096,0.000000,0.000000,0.000000,-0.354372,-0.236793,2.657958,3.097180,0.000000,0.000000,0.000000,0.000000
20.0667,-0.410881,0.038866,1.980849,2.440019,0.000000,0.000000,0.000000,-0.363890,-0.247634,2.657991,3.063824,0.000000,0.000000,0.000000,0.000000
20.0833,-0.414313,0.032318,1.968210,2.404706,0.000000,0.000000,0.000000,-0.370513,-0.262147,2.658007,3.024328,0.000000,0.000000,0.000000,0.000000
20.1000,-0.417474,0.025824,1.954760,2.372355,0.000000,0.000000,0.000000,-0.374372,-0.280126,2.658011,2.979062,0.000000,0.000000,0.000000,0.000000
20.1167,-0.420161,0.019497,1.940568,2.343082,0.000000,0.000000,0.000000,-0.375475,-0.301234,2.658013,2.928530,0.000000,0.000000,0.000000,0.000000
20.1333,-0.422147,0.013476,1.925733,2.316914,0.000000,0.000000,0.000000,-0.373745,-0.324995,2.658027,2.873410,0.000000,0.000000,0.000000,0.000000
20.1500,-0.423182,0.007911,1.910341,2.293791,0.000000,0.000000,0.000000,-0.369066,-0.350804,2.658070,2.814569,0.000000,0.000000,0.000000,0.000000
20.1667,-0.423005,0.002950,1.894422,2.273578,0.000000,0.000000,0.000000,-0.361342,-0.377957,2.658162,2.753040,0.000000,0.000000,0.000000,0.000000
20.1833,-0.421345,-0.001268,1.877921,2.256067,0.000000,0.000000,0.000000,-0.350554,-0.405684,2.658330,2.689947,0.000000,0.000000,0.000000,0.000000
20.2167,-0.417929,-0.004627,1.860681,2.240978,0.000000,0.000000,0.000000,-0.336819,-0.433197,2.658600,2.626399,0.000000,0.000000,0.000000,0.000000
20.2333,-0.412495,-0.007039,1.842427,2.227953,0.000000,0.000000,0.000000,-0.320386,-0.459744,2.659006,2.563424,0.000000,0.000000,0.000000,0.000000
20.2500,-0.404800,-0.008455,1.822777,2.216549,0.000000,0.000000,0.000000,-0.301593,-0.484677,2.659581,2.501973,0.000000,0.000000,0.000000,0.000000
20.2667,-0.394638,-0.008875,1.801246,2.206237,0.000000,0.000000,0.000000,-0.280820,-0.507496,2.660000,2.442926,0.000000,0.000000,0.000000,0.000000
20.2833,-0.381845,-0.008348,1.777280,2.196413,0.000000,0.000000,0.000000,-0.258475,-0.527855,2.660000,2.387046,0.000000,0.000000,0.000000,0.000000
20.3000,-0.366327,-0.006973,1.750286,2.186413,0.000000,0.000000,0.000000,-0.234988,-0.545547,2.660000,2.334928,0.000000,0.000000,0.000000,0.000000
20.3167,-0.348070,-0.004897,1.719673,2.175541,0.000000,0.000000,0.000000,-0.210791,-0.560507,2.660000,2.286980,0.000000,0.000000,0.000000,0.000000
20.3333,-0.327166,-0.002300,1.684886,2.163105,0.000000,0.000000,0.000000,-0.186284,-0.572807,2.660000,2.243473,0.000000,0.000000,0.000000,0.000000
20.3500,-0.303819,0.000629,1.645476,2.148493,0.000000,0.000000,0.000000,-0.161786,-0.582664,2.660000,2.204619,0.000000,0.000000,0.000000,0.000000
20.3667,-0.278346,0.003719,1.601164,2.131241,0.000000,0.000000,0.000000,-0.137494,-0.590440,2.660000,2.170660,0.000000,0.000000,0.000000,0.000000
20.3833,-0.251185,0.006848,1.551917,2.111116,0.000000,0.000000,0.000000,-0.113475,-0.596619,2.660000,2.141885,0.000000,0.000000,0.000000,0.000000
20.4000,-0.222889,0.009971,1.498024,2.088178,0.000000,0.000000,0.000000,-0.089692,-0.601752,2.660000,2.118582,0.000000,0.000000,0.000000,0.000000
20.4167,-0.194114,0.013130,1.440152,2.062825,0.000000,0.000000,0.000000,-0.066052,-0.606386,2.660000,2.100937,0.000000,0.000000,0.000000,0.000000
20.4333,-0.165588,0.016467,1.379356,2.035796,0.000000,0.000000,0.000000,-0.042472,-0.610984,2.660000,2.088941,0.000000,0.000000,0.000000,0.000000
20.4500,-0.138052,0.020221,1.317030,2.008109,0.000000,0.000000,0.000000,-0.018929,-0.615865,2.660000,2.082335,0.000000,0.000000,0.000000,0.000000
20.4667,-0.112188,0.024697,1.254812,1.980919,0.000000,0.000000,0.000000,0.004506,-0.621171,2.660000,2.080594,0.000000,0.000000,0.000000,0.000000
20.4833,-0.088565,0.030200,1.194484,1.955375,0.000000,0.000000,0.000000,0.027650,-0.626858,2.660000,2.082943,0.000000,0.000000,0.000000,0.000000
20.5000,-0.067619,0.036982,1.137866,1.932484,0.000000,0.000000,0.000000,0.050223,-0.632716,2.660000,2.088410,0.000000,0.000000,0.000000,0.000000
20.5167,-0.049644,0.045201,1.086675,1.913028,0.000000,0.000000,0.000000,0.071881,-0.638403,2.660000,2.095894,0.000000,0.000000,0.000000,0.000000
20.5333,-0.034785,0.054905,1.042370,1.897510,0.000000,0.000000,0.000000,0.092265,-0.643509,2.660000,2.104262,0.000000,0.000000,0.000000,0.000000
20.5500,-0.023041,0.066033,1.006020,1.886156,0.000000,0.000000,0.000000,0.111047,-0.647598,2.660000,2.112427,0.000000,0.000000,0.000000,0.000000
20.5667,-0.014285,0.078421,0.978227,1.878930,0.000000,0.000000,0.000000,0.127947,-0.650242,2.660000,2.119396,0.000000,0.000000,0.000000,0.000000
20.5833,-0.008285,0.091825,0.959108,1.875588,0.000000,0.000000,0.000000,0.142722,-0.651028,2.660000,2.124271,0.000000,0.000000,0.000000,0.000000
20.6000,-0.004743,0.105946,0.948340,1.875731,0.000000,0.000000,0.000000,0.155155,-0.649560,2.660000,2.126250,0.000000,0.000000,0.000000,0.000000
20.6167,-0.003323,0.120458,0.945231,1.878854,0.000000,0.000000,0.000000,0.165044,-0.645464,2.655006,2.124650,0.000000,0.000000,0.000000,0.000000
20.6333,-0.003672,0.135039,0.948798,1.884391,0.000000,0.000000,0.000000,0.172218,-0.638399,2.632468,2.118955,0.000000,0.000000,0.000000,0.000000
20.6500,-0.005447,0.149392,0.957867,1.891758,0.000000,0.000000,0.000000,0.176538,-0.628074,2.603572,2.108886,0.000000,0.000000,0.000000,0.000000
20.6667,-0.008322,0.163265,0.971181,1.900387,0.000000,0.000000,0.000000,0.177913,-0.614255,2.567606,2.094474,0.000000,0.000000,0.000000,0.000000
20.6833,-0.012003,0.176463,0.987496,1.909764,0.000000,0.000000,0.000000,0.176304,-0.596778,2.523977,2.076122,0.000000,0.000000,0.000000,0.000000
20.7000,-0.016229,0.188848,1.005653,1.919441,0.000000,0.000000,0.000000,0.171732,-0.575560,2.472278,2.054652,0.000000,0.000000,0.000000,0.000000
20.7167,-0.020769,0.200339,1.024638,1.929057,0.000000,0.000000,0.000000,0.164297,-0.550609,2.412376,2.031329,0.000000,0.000000,0.000000,0.000000
20.7333,-0.025425,0.210899,1.043598,1.938333,0.000000,0.000000,0.000000,0.154190,-0.522033,2.344512,2.007849,0.000000,0.000000,0.000000,0.000000
20.8000,-0.030032,0.220525,1.061847,1.947073,0.000000,0.000000,0.000000,0.141693,-0.490027,2.269400,1.986248,0.000000,0.000000,0.000000,0.000000
20.8167,-0.034460,0.229222,1.078842,1.955140,0.000000,0.000000,0.000000,0.127150,-0.454841,2.188214,1.968649,0.000000,0.000000,0.000000,0.000000
20.8333,-0.038617,0.236989,1.094165,1.962446,0.000000,0.000000,0.000000,0.110898,-0.416760,2.102350,1.956883,0.000000,0.000000,0.000000,0.000000
20.8500,-0.042455,0.243806,1.107504,1.968930,0.000000,0.000000,0.000000,0.093228,-0.376156,2.013110,1.952182,0.000000,0.000000,0.000000,0.000000
20.8667,-0.045964,0.249618,1.118638,1.974554,0.000000,0.000000,0.000000,0.074411,-0.333578,1.921578,1.955033,0.000000,0.000000,0.000000,0.000000
20.8833,-0.049184,0.254339,1.127432,1.979287,0.000000,0.000000,0.000000,0.054773,-0.289832,1.828728,1.965130,0.000000,0.000000,0.000000,0.000000
20.9000,-0.052194,0.257849,1.133825,1.983108,0.000000,0.000000,0.000000,0.034782,-0.246056,1.735604,1.981353,0.000000,0.000000,0.000000,0.000000
20.9167,-0.055117,0.259998,1.137833,1.985995,0.000000,0.000000,0.000000,0.015140,-0.203774,1.643496,2.001722,0.000000,0.000000,0.000000,0.000000
21.0167,-0.058112,0.260618,1.139560,1.987934,0.000000,0.000000,0.000000,-0.003180,-0.164889,1.554030,2.023466,0.000000,0.000000,0.000000,0.000000
21.0333,-0.061364,0.259527,1.139200,1.988914,0.000000,0.000000,0.000000,-0.019060,-0.131429,1.468947,2.043391,0.000000,0.000000,0.000000,0.000000
21.0500,-0.065083,0.256546,1.137044,1.988939,0.000000,0.000000,0.000000,-0.031486,-0.105133,1.389638,2.058495,0.000000,0.000000,0.000000,0.000000
21.0667,-0.069497,0.251497,1.133478,1.988026,0.000000,0.000000,0.000000,-0.039754,-0.087180,1.316832,2.066410,0.000000,0.000000,0.000000,0.000000
21.0833,-0.074842,0.244227,1.128975,1.986220,0.000000,0.000000,0.000000,-0.043538,-0.078136,1.250563,2.065517,0.000000,0.000000,0.000000,0.000000
21.1000,-0.081360,0.234614,1.124091,1.983599,0.000000,0.000000,0.000000,-0.042863,-0.078017,1.190291,2.054906,0.000000,0.000000,0.000000,0.000000
21.1167,-0.089284,0.222583,1.119443,1.980279,0.000000,0.000000,0.000000,-0.038054,-0.086367,1.135035,2.034288,0.000000,0.000000,0.000000,0.000000
21.1333,-0.098836,0.208121,1.115692,1.976414,0.000000,0.000000,0.000000,-0.029659,-0.102353,1.083509,2.003865,0.000000,0.000000,0.000000,0.000000
21.1500,-0.110208,0.191292,1.113525,1.972195,0.000000,0.000000,0.000000,-0.018377,-0.124867,1.034258,1.964190,0.000000,0.000000,0.000000,0.000000
21.1667,-0.123551,0.172255,1.113647,1.967844,0.000000,0.000000,0.000000,-0.004972,-0.152637,0.985780,1.915992,0.000000,0.000000,0.000000,0.000000
21.1833,-0.138957,0.151282,1.116782,1.963616,0.000000,0.000000,0.000000,0.009799,-0.184335,0.936625,1.860044,0.000000,0.000000,0.000000,0.000000
21.2000,-0.156443,0.128766,1.123678,1.959804,0.000000,0.000000,0.000000,0.025253,-0.218656,0.885475,1.797058,0.000000,0.000000,0.000000,0.000000
21.2167,-0.175941,0.105225,1.135118,1.956741,0.000000,0.000000,0.000000,0.040825,-0.254373,0.831217,1.727654,0.000000,0.000000,0.000000,0.000000
21.2333,-0.197290,0.081278,1.151894,1.954797,0.000000,0.000000,0.000000,0.056101,-0.290369,0.773026,1.652382,0.000000,0.000000,0.000000,0.000000
21.2500,-0.220237,0.057603,1.174752,1.954362,0.000000,0.000000,0.000000,0.070831,-0.325665,0.710472,1.571784,0.000000,0.000000,0.000000,0.000000
21.2667,-0.244445,0.034884,1.204292,1.955808,0.000000,0.000000,0.000000,0.084916,-0.359442,0.643632,1.486494,0.000000,0.000000,0.000000,0.000000
21.2833,-0.269493,0.013742,1.240842,1.959446,0.000000,0.000000,0.000000,0.098363,-0.391036,0.573212,1.397359,0.000000,0.000000,0.000000,0.000000
21.3000,-0.294901,-0.005337,1.284287,1.965452,0.000000,0.000000,0.000000,0.111214,-0.419934,0.500677,1.305574,0.000000,0.000000,0.000000,0.000000
21.3667,-0.320159,-0.022050,1.333898,1.973760,0.000000,0.000000,0.000000,0.123477,-0.445767,0.428272,1.212752,0.000000,0.000000,0.000000,0.000000
21.3833,-0.344769,-0.036298,1.388295,1.984033,0.000000,0.000000,0.000000,0.135094,-0.468329,0.358674,1.120790,0.000000,0.000000,0.000000,0.000000
21.4000,-0.368273,-0.048144,1.445650,1.995733,0.000000,0.000000,0.000000,0.145950,-0.487590,0.294326,1.031586,0.000000,0.000000,0.000000,0.000000
21.4167,-0.390259,-0.057754,1.504018,2.008280,0.000000,0.000000,0.000000,0.155904,-0.503663,0.236959,0.946808,0.000000,0.000000,0.000000,0.000000
21.4333,-0.410350,-0.065325,1.561645,2.021190,0.000000,0.000000,0.000000,0.164815,-0.516760,0.187516,0.867813,0.000000,0.000000,0.000000,0.000000
21.4500,-0.428203,-0.071041,1.617138,2.034159,0.000000,0.000000,0.000000,0.172562,-0.527157,0.146298,0.795615,0.000000,0.000000,0.000000,0.000000
21.4667,-0.443521,-0.075054,1.669503,2.047074,0.000000,0.000000,0.000000,0.179082,-0.535173,0.113104,0.730860,0.000000,0.000000,0.000000,0.000000
21.4833,-0.456072,-0.077491,1.718125,2.060000,0.000000,0.000000,0.000000,0.184398,-0.541137,0.087353,0.673830,0.000000,0.000000,0.000000,0.000000
21.5000,-0.465709,-0.078457,1.762716,2.073136,0.000000,0.000000,0.000000,0.188618,-0.545367,0.068179,0.624461,0.000000,0.000000,0.000000,0.000000
21.5167,-0.472379,-0.078043,1.803241,2.086780,0.000000,0.000000,0.000000,0.191916,-0.548139,0.054543,0.582393,0.000000,0.000000,0.000000,0.000000
21.5333,-0.476128,-0.076335,1.839843,2.101287,0.000000,0.000000,0.000000,0.194491,-0.549682,0.045327,0.547033,0.000000,0.000000,0.000000,0.000000
21.5500,-0.477105,-0.073415,1.872771,2.117023,0.000000,0.000000,0.000000,0.196535,-0.550159,0.039414,0.517610,0.000000,0.000000,0.000000,0.000000
21.5667,-0.475551,-0.069365,1.902304,2.134330,0.000000,0.000000,0.000000,0.198204,-0.549666,0.035748,0.493236,0.000000,0.000000,0.000000,0.000000
21.5833,-0.471791,-0.064284,1.928704,2.153496,0.000000,0.000000,0.000000,0.199600,-0.548214,0.033367,0.472950,0.000000,0.000000,0.000000,0.000000
21.6000,-0.466214,-0.058295,1.952172,2.174733,0.000000,0.000000,0.000000,0.200757,-0.545733,0.031426,0.455760,0.000000,0.000000,0.000000,0.000000
21.6167,-0.459254,-0.051549,1.972824,2.198165,0.000000,0.000000,0.000000,0.201642,-0.542067,0.029206,0.440671,0.000000,0.000000,0.000000,0.000000
21.6333,-0.451371,-0.044227,1.990686,2.223839,0.000000,0.000000,0.000000,0.202146,-0.536983,0.026125,0.426724,0.000000,0.000000,0.000000,0.000000
21.6500,-0.443020,-0.036518,2.005714,2.251746,0.000000,0.000000,0.000000,0.202090,-0.530181,0.021743,0.413010,0.000000,0.000000,0.000000,0.000000
21.6667,-0.434638,-0.028603,2.017816,2.281853,0.000000,0.000000,0.000000,0.201229,-0.521311,0.015773,0.398692,0.000000,0.000000,0.000000,0.000000
21.6833,-0.426617,-0.020645,2.026879,2.314117,0.000000,0.000000,0.000000,0.199257,-0.509991,0.008095,0.383019,0.000000,0.000000,0.000000,0.000000
21.7000,-0.419301,-0.012765,2.032794,2.348505,0.000000,0.000000,0.000000,0.195816,-0.495835,-0.001238,0.365337,0.000000,0.000000,0.000000,0.000000
21.7167,-0.412968,-0.005042,2.035478,2.384989,0.000000,0.000000,0.000000,0.190516,-0.478473,-0.011996,0.345111,0.000000,0.000000,0.000000,0.000000
21.7333,-0.407822,0.002501,2.034912,2.423552,0.000000,0.000000,0.000000,0.182949,-0.457588,-0.023782,0.321942,0.000000,0.000000,0.000000,0.000000
21.7500,-0.403978,0.009903,2.031179,2.464182,0.000000,0.000000,0.000000,0.172719,-0.432938,-0.036057,0.295590,0.000000,0.000000,0.000000,0.000000
21.7667,-0.401452,0.017258,2.024506,2.506862,0.000000,0.000000,0.000000,0.159469,-0.404396,-0.048167,0.266003,0.000000,0.000000,0.000000,0.000000
21.7833,-0.400157,0.024705,2.015282,2.551549,0.000000,0.000000,0.000000,0.142921,-0.371995,-0.059393,0.233343,0.000000,0.000000,0.000000,0.000000
21.8000,-0.399915,0.032404,2.004056,2.598144,0.000000,0.000000,0.000000,0.122910,-0.335976,-0.068987,0.198036,0.000000,0.000000,0.000000,0.000000
21.8333,-0.400468,0.040499,1.991532,2.646448,0.000000,0.000000,0.000000,0.099403,-0.296861,-0.076220,0.160827,0.000000,0.000000,0.000000,0.000000
21.8500,-0.401494,0.049092,1.978564,2.696123,0.000000,0.000000,0.000000,0.072526,-0.255527,-0.080406,0.122794,0.000000,0.000000,0.000000,0.000000
21.8667,-0.402620,0.058212,1.966137,2.746660,0.000000,0.000000,0.000000,0.042630,-0.213297,-0.080922,0.085313,0.000000,0.000000,0.000000,0.000000
21.9833,-0.403441,0.067801,1.955336,2.797377,0.000000,0.000000,0.000000,0.010363,-0.171971,-0.077238,0.049929,0.000000,0.000000,0.000000,0.000000
22.0333,-0.403527,0.077723,1.947287,2.847452,0.000000,0.000000,0.000000,-0.023348,-0.133635,-0.068968,0.018127,0.000000,0.000000,0.000000,0.000000
22.0833,-0.402462,0.087786,1.943042,2.896012,0.000000,0.000000,0.000000,-0.057414,-0.100276,-0.055940,-0.008986,0.000000,0.000000,0.000000,0.000000
22.1667,-0.399886,0.097791,1.943426,2.942239,0.000000,0.000000,0.000000,-0.090702,-0.073499,-0.038275,-0.030886,0.000000,0.000000,0.000000,0.000000
22.2500,-0.395551,0.107567,1.948922,2.985438,0.000000,0.000000,0.000000,-0.122127,-0.054439,-0.016449,-0.047592,0.000000,0.000000,0.000000,0.000000
22.2667,-0.389358,0.116985,1.959630,3.025055,0.000000,0.000000,0.000000,-0.150732,-0.043750,0.008703,-0.059451,0.000000,0.000000,0.000000,0.000000
22.2833,-0.381365,0.125963,1.975273,3.060696,0.000000,0.000000,0.000000,-0.175745,-0.041630,0.036093,-0.066877,0.000000,0.000000,0.000000,0.000000
22.3000,-0.371780,0.134474,1.995242,3.092152,0.000000,0.000000,0.000000,-0.196580,-0.047893,0.064538,-0.070196,0.000000,0.000000,0.000000,0.000000
22.3167,-0.360926,0.142537,2.018662,3.119402,0.000000,0.000000,0.000000,-0.212805,-0.062071,0.092873,-0.069604,0.000000,0.000000,0.000000,0.000000
22.3333,-0.349220,0.150199,2.044465,3.142594,0.000000,0.000000,0.000000,-0.224132,-0.083490,0.120055,-0.065183,0.000000,0.000000,0.000000,0.000000
22.3500,-0.337129,0.157519,2.071476,3.161995,0.000000,0.000000,0.000000,-0.230402,-0.111316,0.145227,-0.056952,0.000000,0.000000,0.000000,0.000000
22.3667,-0.325135,0.164550,2.098510,3.177947,0.000000,0.000000,0.000000,-0.231582,-0.144580,0.167749,-0.044934,0.000000,0.000000,0.000000,0.000000
22.3833,-0.313687,0.171319,2.124472,3.180000,0.000000,0.000000,0.000000,-0.227760,-0.182192,0.187190,-0.029224,0.000000,0.000000,0.000000,0.000000
22.4000,-0.303169,0.177822,2.148426,3.180000,0.000000,0.000000,0.000000,-0.219136,-0.222978,0.203320,-0.010048,0.000000,0.000000,0.000000,0.000000
22.4167,-0.293882,0.184016,2.169649,3.180000,0.000000,0.000000,0.000000,-0.206033,-0.265727,0.216088,0.012210,0.000000,0.000000,0.000000,0.000000
22.4333,-0.286034,0.189830,2.187646,3.180000,0.000000,0.000000,0.000000,-0.188920,-0.309234,0.225607,0.037022,0.000000,0.000000,0.000000,0.000000
22.4500,-0.279749,0.195168,2.202140,3.180000,0.000000,0.000000,0.000000,-0.168458,-0.352314,0.232150,0.063763,0.000000,0.000000,0.000000,0.000000
22.5000,-0.275089,0.199924,2.213035,3.180000,0.000000,0.000000,0.000000,-0.145517,-0.393815,0.236127,0.091773,0.000000,0.000000,0.000000,0.000000
22.5167,-0.272067,0.203986,2.220386,3.180000,0.000000,0.000000,0.000000,-0.121078,-0.432683,0.238027,0.120401,0.000000,0.000000,0.000000,0.000000
22.5333,-0.270666,0.207235,2.224350,3.180000,0.000000,0.000000,0.000000,-0.096047,-0.468071,0.238305,0.149045,0.000000,0.000000,0.000000,0.000000
22.5500,-0.270859,0.209549,2.225158,3.180000,0.000000,0.000000,0.000000,-0.071109,-0.499404,0.237294,0.177174,0.000000,0.000000,0.000000,0.000000
22.5667,-0.272617,0.210809,2.223073,3.180000,0.000000,0.000000,0.000000,-0.046692,-0.526383,0.235175,0.204344,0.000000,0.000000,0.000000,0.000000
22.5833,-0.275923,0.210894,2.218365,3.180000,0.000000,0.000000,0.000000,-0.023007,-0.548941,0.231991,0.230208,0.000000,0.000000,0.000000,0.000000
22.6000,-0.280762,0.209696,2.211293,3.180000,0.000000,0.000000,0.000000,-0.000113,-0.567198,0.227693,0.254517,0.000000,0.000000,0.000000,0.000000
22.6167,-0.287115,0.207119,2.202101,3.180000,0.000000,0.000000,0.000000,0.022006,-0.581402,0.222182,0.277136,0.000000,0.000000,0.000000,0.000000
22.6333,-0.294945,0.203094,2.191021,3.180000,0.000000,0.000000,0.000000,0.043377,-0.591881,0.215347,0.298036,0.000000,0.000000,0.000000,0.000000
22.6500,-0.304181,0.197580,2.178271,3.175751,0.000000,0.000000,0.000000,0.063992,-0.599005,0.207107,0.317286,0.000000,0.000000,0.000000,0.000000
22.6667,-0.314717,0.190577,2.164061,3.158231,0.000000,0.000000,0.000000,0.083782,-0.603159,0.197438,0.335020,0.000000,0.000000,0.000000,0.000000
22.6833,-0.326409,0.182122,2.148592,3.136792,0.000000,0.000000,0.000000,0.102622,-0.604744,0.186403,0.351381,0.000000,0.000000,0.000000,0.000000
22.7000,-0.339087,0.172287,2.132052,3.111050,0.000000,0.000000,0.000000,0.120350,-0.604169,0.174168,0.366487,0.000000,0.000000,0.000000,0.000000
22.7167,-0.352560,0.161166,2.114624,3.080707,0.000000,0.000000,0.000000,0.136794,-0.601843,0.161007,0.380396,0.000000,0.000000,0.000000,0.000000
22.7333,-0.366634,0.148871,2.096487,3.045602,0.000000,0.000000,0.000000,0.151790,-0.598168,0.147296,0.393099,0.000000,0.000000,0.000000,0.000000
22.7500,-0.381109,0.135544,2.077818,3.005756,0.000000,0.000000,0.000000,0.165191,-0.593517,0.133499,0.404518,0.000000,0.000000,0.000000,0.000000
22.7667,-0.395788,0.121353,2.058782,2.961397,0.000000,0.000000,0.000000,0.176881,-0.588226,0.120133,0.414529,0.000000,0.000000,0.000000,0.000000
22.7833,-0.410474,0.106509,2.039528,2.912970,0.000000,0.000000,0.000000,0.186781,-0.582581,0.107709,0.422997,0.000000,0.000000,0.000000,0.000000
22.8000,-0.424982,0.091254,2.020171,2.861116,0.000000,0.000000,0.000000,0.194869,-0.576810,0.096670,0.429821,0.000000,0.000000,0.000000,0.000000
22.8167,-0.439137,0.075857,2.000791,2.806628,0.000000,0.000000,0.000000,0.201189,-0.571085,0.087329,0.434974,0.000000,0.000000,0.000000,0.000000
22.8333,-0.452793,0.060588,1.981426,2.750393,0.000000,0.000000,0.000000,0.205856,-0.565526,0.079830,0.438531,0.000000,0.000000,0.000000,0.000000
22.8500,-0.465837,0.045700,1.962058,2.693327,0.000000,0.000000,0.000000,0.209043,-0.560202,0.074133,0.440697,0.000000,0.000000,0.000000,0.000000
22.8667,-0.478202,0.031409,1.942625,2.636316,0.000000,0.000000,0.000000,0.210968,-0.555141,0.070013,0.441815,0.000000,0.000000,0.000000,0.000000
22.8833,-0.489861,0.017879,1.923044,2.580163,0.000000,0.000000,0.000000,0.211862,-0.550334,0.067095,0.442372,0.000000,0.000000,0.000000,0.000000
22.9000,-0.500817,0.005218,1.903246,2.525554,0.000000,0.000000,0.000000,0.211956,-0.545736,0.064874,0.442985,0.000000,0.000000,0.000000,0.000000
22.9167,-0.511094,-0.006530,1.883191,2.473048,0.000000,0.000000,0.000000,0.211460,-0.541269,0.062758,0.444388,0.000000,0.000000,0.000000,0.000000
22.9333,-0.520713,-0.017371,1.862870,2.423091,0.000000,0.000000,0.000000,0.210555,-0.536832,0.060095,0.447407,0.000000,0.000000,0.000000,0.000000
22.9500,-0.529680,-0.027350,1.842311,2.376042,0.000000,0.000000,0.000000,0.209377,-0.532300,0.056210,0.452942,0.000000,0.000000,0.000000,0.000000
22.9667,-0.537984,-0.036528,1.821582,2.332204,0.000000,0.000000,0.000000,0.208017,-0.527538,0.050443,0.461939,0.000000,0.000000,0.000000,0.000000
22.9833,-0.545591,-0.044970,1.800798,2.291825,0.000000,0.000000,0.000000,0.206509,-0.522405,0.042181,0.475359,0.000000,0.000000,0.000000,0.000000
23.0000,-0.552460,-0.052739,1.780119,2.255093,0.000000,0.000000,0.000000,0.204834,-0.516768,0.030898,0.494137,0.000000,0.000000,0.000000,0.000000
23.0167,-0.558547,-0.059895,1.759739,2.222117,0.000000,0.000000,0.000000,0.202924,-0.510516,0.016186,0.519140,0.000000,0.000000,0.000000,0.000000
23.0333,-0.563805,-0.066493,1.739868,2.192919,0.000000,0.000000,0.000000,0.200681,-0.503569,-0.002219,0.551106,0.000000,0.000000,0.000000,0.000000
23.0500,-0.568174,-0.072573,1.720709,2.167449,0.000000,0.000000,0.000000,0.197987,-0.495894,-0.024413,0.590584,0.000000,0.000000,0.000000,0.000000
23.0667,-0.571571,-0.078136,1.702440,2.145618,0.000000,0.000000,0.000000,0.194727,-0.487515,-0.050310,0.637876,0.000000,0.000000,0.000000,0.000000
23.0833,-0.573879,-0.083134,1.685196,2.127325,0.000000,0.000000,0.000000,0.190803,-0.478515,-0.079628,0.692971,0.000000,0.000000,0.000000,0.000000
23.1000,-0.574951,-0.087464,1.669040,2.112463,0.000000,0.000000,0.000000,0.186167,-0.469037,-0.111899,0.755497,0.000000,0.000000,0.000000,0.000000
23.1167,-0.574615,-0.090983,1.653938,2.100909,0.000000,0.000000,0.000000,0.180845,-0.459277,-0.146477,0.824667,0.000000,0.000000,0.000000,0.000000
23.1500,-0.572689,-0.093524,1.639737,2.092503,0.000000,0.000000,0.000000,0.174965,-0.449468,-0.182554,0.899251,0.000000,0.000000,0.000000,0.000000
23.1667,-0.568982,-0.094928,1.626147,2.087023,0.000000,0.000000,0.000000,0.168778,-0.439853,-0.219186,0.977556,0.000000,0.000000,0.000000,0.000000
23.2333,-0.563312,-0.095067,1.612721,2.084170,0.000000,0.000000,0.000000,0.162641,-0.430648,-0.255334,1.057471,0.000000,0.000000,0.000000,0.000000
23.2500,-0.555505,-0.093870,1.598860,2.083542,0.000000,0.000000,0.000000,0.156943,-0.422013,-0.289977,1.136705,0.000000,0.000000,0.000000,0.000000
23.2667,-0.545410,-0.091338,1.583809,2.084633,0.000000,0.000000,0.000000,0.151995,-0.414046,-0.322263,1.213146,0.000000,0.000000,0.000000,0.000000
23.2833,-0.532904,-0.087558,1.566675,2.086821,0.000000,0.000000,0.000000,0.147965,-0.406790,-0.351604,1.285101,0.000000,0.000000,0.000000,0.000000
23.3000,-0.517899,-0.082706,1.546456,2.089380,0.000000,0.000000,0.000000,0.144880,-0.400259,-0.377675,1.351361,0.000000,0.000000,0.000000,0.000000
23.3167,-0.500348,-0.077039,1.522100,2.091504,0.000000,0.000000,0.000000,0.142671,-0.394457,-0.400368,1.411158,0.000000,0.000000,0.000000,0.000000
23.3333,-0.480245,-0.070867,1.492591,2.092355,0.000000,0.000000,0.000000,0.141215,-0.389394,-0.419739,1.464111,0.000000,0.000000,0.000000,0.000000
23.3500,-0.457635,-0.064523,1.457054,2.091122,0.000000,0.000000,0.000000,0.140370,-0.385088,-0.435966,1.510160,0.000000,0.000000,0.000000,0.000000
23.3667,-0.432615,-0.058318,1.414867,2.087094,0.000000,0.000000,0.000000,0.139999,-0.381563,-0.449309,1.549492,0.000000,0.000000,0.000000,0.000000
23.3833,-0.405344,-0.052501,1.365766,2.079734,0.000000,0.000000,0.000000,0.139978,-0.378840,-0.460079,1.582468,0.000000,0.000000,0.000000,0.000000
23.4000,-0.376061,-0.047231,1.309921,2.068738,0.000000,0.000000,0.000000,0.140206,-0.376933,-0.468611,1.609564,0.000000,0.000000,0.000000,0.000000
23.4167,-0.345090,-0.042561,1.247978,2.054087,0.000000,0.000000,0.000000,0.140597,-0.375837,-0.475243,1.631313,0.000000,0.000000,0.000000,0.000000
23.4333,-0.312842,-0.038425,1.181055,2.036074,0.000000,0.000000,0.000000,0.141083,-0.375529,-0.480301,1.648252,0.000000,0.000000,0.000000,0.000000
23.4500,-0.279807,-0.034646,1.110699,2.015310,0.000000,0.000000,0.000000,0.141609,-0.375953,-0.484080,1.660887,0.000000,0.000000,0.000000,0.000000
23.4667,-0.246538,-0.030941,1.038827,1.992691,0.000000,0.000000,0.000000,0.142131,-0.377034,-0.486842,1.669659,0.000000,0.000000,0.000000,0.000000
23.4833,-0.213637,-0.026938,0.967661,1.969340,0.000000,0.000000,0.000000,0.142622,-0.378673,-0.488802,1.674921,0.000000,0.000000,0.000000,0.000000
23.5000,-0.181741,-0.022209,0.899649,1.946505,0.000000,0.000000,0.000000,0.143060,-0.380765,-0.490123,1.676922,0.000000,0.000000,0.000000,0.000000
23.5167,-0.151501,-0.016333,0.837336,1.925439,0.000000,0.000000,0.000000,0.143436,-0.383202,-0.490917,1.675793,0.000000,0.000000,0.000000,0.000000
23.5333,-0.123546,-0.008954,0.783187,1.907262,0.000000,0.000000,0.000000,0.143745,-0.385884,-0.491234,1.671548,0.000000,0.000000,0.000000,0.000000
23.5500,-0.098413,0.000156,0.739335,1.892830,0.000000,0.000000,0.000000,0.143991,-0.388735,-0.491071,1.664080,0.000000,0.000000,0.000000,0.000000
23.5667,-0.076487,0.011061,0.707305,1.882639,0.000000,0.000000,0.000000,0.144185,-0.391706,-0.490360,1.653175,0.000000,0.000000,0.000000,0.000000
23.5833,-0.057960,0.023650,0.687788,1.876789,0.000000,0.000000,0.000000,0.144348,-0.394785,-0.488977,1.638521,0.000000,0.000000,0.000000,0.000000
23.6000,-0.042832,0.037653,0.680554,1.875022,0.000000,0.000000,0.000000,0.144516,-0.397995,-0.486740,1.619736,0.000000,0.000000,0.000000,0.000000
23.6167,-0.030945,0.052663,0.684540,1.876812,0.000000,0.000000,0.000000,0.144739,-0.401394,-0.483413,1.596392,0.000000,0.000000,0.000000,0.000000
23.6333,-0.022035,0.068177,0.698078,1.881469,0.000000,0.000000,0.000000,0.145086,-0.405064,-0.478707,1.568053,0.000000,0.000000,0.000000,0.000000
23.6500,-0.015783,0.083650,0.719164,1.888248,0.000000,0.000000,0.000000,0.145643,-0.409102,-0.472294,1.534325,0.000000,0.000000,0.000000,0.000000
23.6667,-0.011852,0.098544,0.745720,1.896427,0.000000,0.000000,0.000000,0.146513,-0.413598,-0.463808,1.494911,0.000000,0.000000,0.000000,0.000000
23.6833,-0.009915,0.112377,0.775764,1.905347,0.000000,0.000000,0.000000,0.147811,-0.418635,-0.452865,1.449674,0.000000,0.000000,0.000000,0.000000
23.7000,-0.009674,0.124739,0.807504,1.914425,0.000000,0.000000,0.000000,0.149661,-0.424275,-0.439076,1.398718,0.000000,0.000000,0.000000,0.000000
23.7333,-0.010873,0.135301,0.839382,1.923148,0.000000,0.000000,0.000000,0.152182,-0.430571,-0.422069,1.342451,0.000000,0.000000,0.000000,0.000000
23.7500,-0.013305,0.143803,0.870077,1.931067,0.000000,0.000000,0.000000,0.155462,-0.437557,-0.401539,1.281592,0.000000,0.000000,0.000000,0.000000
23.7667,-0.016816,0.150041,0.898490,1.937784,0.000000,0.000000,0.000000,0.159533,-0.445224,-0.377358,1.217104,0.000000,0.000000,0.000000,0.000000
23.7833,-0.021302,0.153856,0.923705,1.942930,0.000000,0.000000,0.000000,0.164354,-0.453495,-0.349739,1.150109,0.000000,0.000000,0.000000,0.000000
23.8000,-0.026709,0.155121,0.944946,1.946156,0.000000,0.000000,0.000000,0.169803,-0.462195,-0.319293,1.081831,0.000000,0.000000,0.000000,0.000000
23.8167,-0.033018,0.153741,0.961538,1.947117,0.000000,0.000000,0.000000,0.175701,-0.471059,-0.286931,1.013532,0.000000,0.000000,0.000000,0.000000
23.8333,-0.040242,0.149646,0.972879,1.945471,0.000000,0.000000,0.000000,0.181854,-0.479767,-0.253669,0.946431,0.000000,0.000000,0.000000,0.000000
23.8500,-0.048408,0.142796,0.978414,1.940870,0.000000,0.000000,0.000000,0.188086,-0.487997,-0.220466,0.881631,0.000000,0.000000,0.000000,0.000000
23.8667,-0.057548,0.133181,0.977611,1.932967,0.000000,0.000000,0.000000,0.194252,-0.495478,-0.188128,0.820084,0.000000,0.000000,0.000000,0.000000
23.8833,-0.067688,0.120837,0.969960,1.921418,0.000000,0.000000,0.000000,0.200236,-0.502027,-0.157279,0.762575,0.000000,0.000000,0.000000,0.000000
23.9000,-0.078836,0.105855,0.954982,1.905898,0.000000,0.000000,0.000000,0.205944,-0.507563,-0.128372,0.709708,0.000000,0.000000,0.000000,0.000000
23.9167,-0.090967,0.088404,0.932257,1.886118,0.000000,0.000000,0.000000,0.211311,-0.512105,-0.101714,0.661907,0.000000,0.000000,0.000000,0.000000
23.9333,-0.104016,0.068738,0.901461,1.861835,0.000000,0.000000,0.000000,0.216291,-0.515755,-0.077494,0.619412,0.000000,0.000000,0.000000,0.000000
23.9500,-0.117868,0.047203,0.862405,1.832871,0.000000,0.000000,0.000000,0.220855,-0.518672,-0.055800,0.582286,0.000000,0.000000,0.000000,0.000000
23.9667,-0.132358,0.024227,0.815081,1.799128,0.000000,0.000000,0.000000,0.224971,-0.521039,-0.036630,0.550431,0.000000,0.000000,0.000000,0.000000
23.9833,-0.147275,0.000300,0.759704,1.760605,0.000000,0.000000,0.000000,0.228601,-0.523043,-0.019909,0.523603,0.000000,0.000000,0.000000,0.000000
24.0000,-0.162375,-0.024052,0.696733,1.717414,0.000000,0.000000,0.000000,0.231698,-0.524850,-0.005499,0.501428,0.000000,0.000000,0.000000,0.000000
24.0167,-0.177401,-0.048304,0.626882,1.669794,0.000000,0.000000,0.000000,0.234210,-0.526592,0.006777,0.483416,0.000000,0.000000,0.000000,0.000000
24.0333,-0.192097,-0.071964,0.551117,1.618135,0.000000,0.000000,0.000000,0.236096,-0.528363,0.017113,0.468969,0.000000,0.000000,0.000000,0.000000
24.0500,-0.206231,-0.094602,0.470652,1.563005,0.000000,0.000000,0.000000,0.237331,-0.530206,0.025698,0.457402,0.000000,0.000000,0.000000,0.000000
24.0667,-0.219597,-0.115866,0.386915,1.505166,0.000000,0.000000,0.000000,0.237902,-0.532112,0.032698,0.447964,0.000000,0.000000,0.000000,0.000000
24.0833,-0.232030,-0.135486,0.301510,1.445605,0.000000,0.000000,0.000000,0.237801,-0.534019,0.038253,0.439864,0.000000,0.000000,0.000000,0.000000
24.1000,-0.243435,-0.153281,0.216258,1.385583,0.000000,0.000000,0.000000,0.237008,-0.535811,0.042479,0.432291,0.000000,0.000000,0.000000,0.000000
24.1167,-0.253817,-0.169156,0.133232,1.326644,0.000000,0.000000,0.000000,0.235481,-0.537318,0.045473,0.424442,0.000000,0.000000,0.000000,0.000000
24.1333,-0.263256,-0.183110,0.054567,1.270432,0.000000,0.000000,0.000000,0.233146,-0.538317,0.047315,0.415533,0.000000,0.000000,0.000000,0.000000
24.1500,-0.271834,-0.195202,-0.017986,1.218339,0.000000,0.000000,0.000000,0.229896,-0.538528,0.048059,0.404825,0.000000,0.000000,0.000000,0.000000
24.1667,-0.279573,-0.205504,-0.083381,1.171255,0.000000,0.000000,0.000000,0.225585,-0.537619,0.047737,0.391645,0.000000,0.000000,0.000000,0.000000
24.1833,-0.286435,-0.214081,-0.141277,1.129534,0.000000,0.000000,0.000000,0.220032,-0.535205,0.046356,0.375417,0.000000,0.000000,0.000000,0.000000
24.2000,-0.292350,-0.220987,-0.191872,1.093087,0.000000,0.000000,0.000000,0.213023,-0.530857,0.043898,0.355685,0.000000,0.000000,0.000000,0.000000
24.2167,-0.297241,-0.226287,-0.235717,1.061493,0.000000,0.000000,0.000000,0.204329,-0.524118,0.040317,0.332125,0.000000,0.000000,0.000000,0.000000
24.2333,-0.301042,-0.230063,-0.273559,1.034093,0.000000,0.000000,0.000000,0.193718,-0.514530,0.035542,0.304562,0.000000,0.000000,0.000000,0.000000
24.2500,-0.303710,-0.232416,-0.306227,1.010072,0.000000,0.000000,0.000000,0.180961,-0.501655,0.029478,0.272980,0.000000,0.000000,0.000000,0.000000
24.2667,-0.305233,-0.233453,-0.334558,0.988521,0.000000,0.000000,0.000000,0.165824,-0.485109,0.022014,0.237547,0.000000,0.000000,0.000000,0.000000
24.2833,-0.305631,-0.233279,-0.359353,0.968481,0.000000,0.000000,0.000000,0.148047,-0.464596,0.013045,0.198643,0.000000,0.000000,0.000000,0.000000
24.3000,-0.304965,-0.231984,-0.381372,0.948988,0.000000,0.000000,0.000000,0.127332,-0.439957,0.002498,0.156886,0.000000,0.000000,0.000000,0.000000
24.3167,-0.303330,-0.229639,-0.401338,0.929101,0.000000,0.000000,0.000000,0.103366,-0.411226,-0.009644,0.113143,0.000000,0.000000,0.000000,0.000000
24.3333,-0.300856,-0.226295,-0.419935,0.907930,0.000000,0.000000,0.000000,0.075876,-0.378695,-0.023346,0.068516,0.000000,0.000000,0.000000,0.000000
24.3500,-0.297695,-0.221982,-0.437797,0.884651,0.000000,0.000000,0.000000,0.044747,-0.342986,-0.038548,0.024307,0.000000,0.000000,0.000000,0.000000
24.3833,-0.294014,-0.216715,-0.455496,0.858522,0.000000,0.000000,0.000000,0.010170,-0.305128,-0.055221,-0.018046,0.000000,0.000000,0.000000,0.000000
24.4833,-0.289979,-0.210489,-0.473538,0.828889,0.000000,0.000000,0.000000,-0.027204,-0.266581,-0.073391,-0.057108,0.000000,0.000000,0.000000,0.000000
24.5167,-0.285742,-0.203281,-0.492365,0.795196,0.000000,0.000000,0.000000,-0.066269,-0.229103,-0.093056,-0.091643,0.000000,0.000000,0.000000,0.000000
24.5500,-0.281434,-0.195046,-0.512354,0.756996,0.000000,0.000000,0.000000,-0.105648,-0.194448,-0.114024,-0.120740,0.000000,0.000000,0.000000,0.000000
24.5667,-0.277161,-0.185726,-0.533808,0.713965,0.000000,0.000000,0.000000,-0.143900,-0.164130,-0.135789,-0.143818,0.000000,0.000000,0.000000,0.000000
24.6000,-0.272996,-0.175255,-0.556937,0.665928,0.000000,0.000000,0.000000,-0.179660,-0.139381,-0.157474,-0.160554,0.000000,0.000000,0.000000,0.000000
24.6167,-0.268981,-0.163567,-0.581831,0.612877,0.000000,0.000000,0.000000,-0.211691,-0.121211,-0.177769,-0.170812,0.000000,0.000000,0.000000,0.000000
24.6333,-0.265119,-0.150616,-0.608428,0.554987,0.000000,0.000000,0.000000,-0.238874,-0.110459,-0.194871,-0.174583,0.000000,0.000000,0.000000,0.000000
24.7000,-0.261369,-0.136389,-0.636475,0.492643,0.000000,0.000000,0.000000,-0.260161,-0.107796,-0.206450,-0.171941,0.000000,0.000000,0.000000,0.000000
24.8000,-0.257654,-0.120924,-0.665487,0.426464,0.000000,0.000000,0.000000,-0.274546,-0.113614,-0.209908,-0.163061,0.000000,0.000000,0.000000,0.000000
24.8167,-0.253862,-0.104322,-0.694719,0.357327,0.000000,0.000000,0.000000,-0.281196,-0.127822,-0.203334,-0.148372,0.000000,0.000000,0.000000,0.000000
25.0000,-0.249855,-0.086757,-0.723154,0.286381,0.000000,0.000000,0.000000,-0.279738,-0.149701,-0.186682,-0.128733,0.000000,0.000000,0.000000,0.000000
25.0167,-0.245477,-0.068482,-0.749557,0.215030,0.000000,0.000000,0.000000,-0.270369,-0.177985,-0.161881,-0.105340,0.000000,0.000000,0.000000,0.000000
25.0333,-0.240588,-0.049829,-0.772675,0.144814,0.000000,0.000000,0.000000,-0.253727,-0.211119,-0.131756,-0.079378,0.000000,0.000000,0.000000,0.000000
25.0500,-0.235121,-0.031186,-0.791515,0.077235,0.000000,0.000000,0.000000,-0.230725,-0.247497,-0.099008,-0.051800,0.000000,0.000000,0.000000,0.000000
25.0667,-0.229105,-0.012956,-0.805527,0.013610,0.000000,0.000000,0.000000,-0.202496,-0.285576,-0.065821,-0.023313,0.000000,0.000000,0.000000,0.000000
25.0833,-0.222660,0.004487,-0.814604,-0.044999,0.000000,0.000000,0.000000,-0.170398,-0.323917,-0.033786,0.005581,0.000000,0.000000,0.000000,0.000000
25.1333,-0.215967,0.020822,-0.819004,-0.097806,0.000000,0.000000,0.000000,-0.135997,-0.361218,-0.003913,0.034540,0.000000,0.000000,0.000000,0.000000
25.1500,-0.209243,0.035800,-0.819246,-0.144304,0.000000,0.000000,0.000000,-0.100944,-0.396359,0.023284,0.063328,0.000000,0.000000,0.000000,0.000000
25.1667,-0.202719,0.049246,-0.816008,-0.184246,0.000000,0.000000,0.000000,-0.066739,-0.428471,0.047628,0.091760,0.000000,0.000000,0.000000,0.000000
25.1833,-0.196619,0.061053,-0.810040,-0.217609,0.000000,0.000000,0.000000,-0.034559,-0.456980,0.069147,0.119652,0.000000,0.000000,0.000000,0.000000
25.2000,-0.191145,0.071169,-0.802090,-0.244561,0.000000,0.000000,0.000000,-0.005185,-0.481602,0.087964,0.146813,0.000000,0.000000,0.000000,0.000000
25.2167,-0.186476,0.079587,-0.792867,-0.265422,0.000000,0.000000,0.000000,0.020974,-0.502305,0.104247,0.173049,0.000000,0.000000,0.000000,0.000000
25.2333,-0.182757,0.086341,-0.783015,-0.280621,0.000000,0.000000,0.000000,0.043820,-0.519262,0.118187,0.198175,0.000000,0.000000,0.000000,0.000000
25.2500,-0.180103,0.091497,-0.773098,-0.290664,0.000000,0.000000,0.000000,0.063461,-0.532784,0.129990,0.222035,0.000000,0.000000,0.000000,0.000000
25.2667,-0.178589,0.095154,-0.763595,-0.296093,0.000000,0.000000,0.000000,0.080119,-0.543263,0.139896,0.244512,0.000000,0.000000,0.000000,0.000000
25.2833,-0.178244,0.097431,-0.754893,-0.297452,0.000000,0.000000,0.000000,0.094056,-0.551121,0.148174,0.265525,0.000000,0.000000,0.000000,0.000000
25.3000,-0.179045,0.098465,-0.747270,-0.295253,0.000000,0.000000,0.000000,0.105546,-0.556770,0.155110,0.285010,0.000000,0.000000,0.000000,0.000000
25.3167,-0.180917,0.098393,-0.740892,-0.289947,0.000000,0.000000,0.000000,0.114860,-0.560597,0.160977,0.302908,0.000000,0.000000,0.000000,0.000000
25.3333,-0.183744,0.097342,-0.735819,-0.281898,0.000000,0.000000,0.000000,0.122277,-0.562948,0.166006,0.319151,0.000000,0.000000,0.000000,0.000000
25.3500,-0.187377,0.095426,-0.732025,-0.271372,0.000000,0.000000,0.000000,0.128090,-0.564119,0.170353,0.333671,0.000000,0.000000,0.000000,0.000000
25.3667,-0.191654,0.092743,-0.729423,-0.258531,0.000000,0.000000,0.000000,0.132610,-0.564359,0.174089,0.346413,0.000000,0.000000,0.000000,0.000000
25.3833,-0.196406,0.089375,-0.727886,-0.243434,0.000000,0.000000,0.000000,0.136158,-0.563866,0.177197,0.357356,0.000000,0.000000,0.000000,0.000000
25.4000,-0.201469,0.085385,-0.727269,-0.226051,0.000000,0.000000,0.000000,0.139052,-0.562796,0.179585,0.366535,0.000000,0.000000,0.000000,0.000000
25.4167,-0.206686,0.080820,-0.727409,-0.206280,0.000000,0.000000,0.000000,0.141591,-0.561271,0.181103,0.374057,0.000000,0.000000,0.000000,0.000000
25.4333,-0.211916,0.075709,-0.728137,-0.183970,0.000000,0.000000,0.000000,0.144041,-0.559386,0.181561,0.380122,0.000000,0.000000,0.000000,0.000000
25.4500,-0.217037,0.070061,-0.729277,-0.158940,0.000000,0.000000,0.000000,0.146614,-0.557205,0.180753,0.385039,0.000000,0.000000,0.000000,0.000000
25.4667,-0.221947,0.063872,-0.730635,-0.131013,0.000000,0.000000,0.000000,0.149455,-0.554770,0.178473,0.389236,0.000000,0.000000,0.000000,0.000000
25.4833,-0.226563,0.057121,-0.732006,-0.100039,0.000000,0.000000,0.000000,0.152645,-0.552103,0.174528,0.393258,0.000000,0.000000,0.000000,0.000000
25.5000,-0.230812,0.049791,-0.733173,-0.065941,0.000000,0.000000,0.000000,0.156209,-0.549218,0.168744,0.397751,0.000000,0.000000,0.000000,0.000000
25.5167,-0.234630,0.041874,-0.733926,-0.028748,0.000000,0.000000,0.000000,0.160122,-0.546120,0.160958,0.403444,0.000000,0.000000,0.000000,0.000000
25.5333,-0.237950,0.033396,-0.734082,0.011362,0.000000,0.000000,0.000000,0.164319,-0.542807,0.151013,0.411132,0.000000,0.000000,0.000000,0.000000
25.5500,-0.240702,0.024426,-0.733506,0.054042,0.000000,0.000000,0.000000,0.168702,-0.539274,0.138753,0.421660,0.000000,0.000000,0.000000,0.000000
25.5667,-0.242816,0.015077,-0.732128,0.098775,0.000000,0.000000,0.000000,0.173147,-0.535510,0.124011,0.435902,0.000000,0.000000,0.000000,0.000000
25.5833,-0.244225,0.005498,-0.729955,0.144914,0.000000,0.000000,0.000000,0.177515,-0.531512,0.106620,0.454731,0.000000,0.000000,0.000000,0.000000
25.6000,-0.244889,-0.004147,-0.727078,0.191741,0.000000,0.000000,0.000000,0.181657,-0.527293,0.086433,0.478990,0.000000,0.000000,0.000000,0.000000
25.6167,-0.244801,-0.013697,-0.723665,0.238538,0.000000,0.000000,0.000000,0.185425,-0.522893,0.063337,0.509440,0.000000,0.000000,0.000000,0.000000
25.6333,-0.244004,-0.023012,-0.719938,0.284647,0.000000,0.000000,0.000000,0.188684,-0.518383,0.037288,0.546711,0.000000,0.000000,0.000000,0.000000
25.6500,-0.242583,-0.031975,-0.716147,0.329505,0.000000,0.000000,0.000000,0.191308,-0.513864,0.008332,0.591240,0.000000,0.000000,0.000000,0.000000
25.6667,-0.240663,-0.040498,-0.712529,0.372659,0.000000,0.000000,0.000000,0.193191,-0.509457,-0.023366,0.643204,0.000000,0.000000,0.000000,0.000000
25.6833,-0.238396,-0.048519,-0.709285,0.413784,0.000000,0.000000,0.000000,0.194243,-0.505289,-0.057491,0.702449,0.000000,0.000000,0.000000,0.000000
25.7000,-0.235949,-0.056005,-0.706565,0.452673,0.000000,0.000000,0.000000,0.194404,-0.501480,-0.093563,0.768419,0.000000,0.000000,0.000000,0.000000
25.7167,-0.233495,-0.062954,-0.704460,0.489226,0.000000,0.000000,0.000000,0.193660,-0.498124,-0.130923,0.840093,0.000000,0.000000,0.000000,0.000000
25.7500,-0.231195,-0.069391,-0.703002,0.523421,0.000000,0.000000,0.000000,0.192077,-0.495274,-0.168750,0.915972,0.000000,0.000000,0.000000,0.000000
25.7667,-0.229187,-0.075355,-0.702172,0.555281,0.000000,0.000000,0.000000,0.189823,-0.492933,-0.206113,0.994162,0.000000,0.000000,0.000000,0.000000
25.7833,-0.227571,-0.080884,-0.701909,0.584834,0.000000,0.000000,0.000000,0.187159,-0.491047,-0.242063,1.072593,0.000000,0.000000,0.000000,0.000000
25.8000,-0.226409,-0.086013,-0.702104,0.612092,0.000000,0.000000,0.000000,0.184395,-0.489519,-0.275751,1.149261,0.000000,0.000000,0.000000,0.000000
25.8167,-0.225724,-0.090773,-0.702617,0.637042,0.000000,0.000000,0.000000,0.181820,-0.488230,-0.306528,1.222431,0.000000,0.000000,0.000000,0.000000
25.8333,-0.225499,-0.095198,-0.703280,0.659657,0.000000,0.000000,0.000000,0.179660,-0.487057,-0.333983,1.290736,0.000000,0.000000,0.000000,0.000000
25.8500,-0.225695,-0.099326,-0.703925,0.679919,0.000000,0.000000,0.000000,0.178055,-0.485889,-0.357936,1.353208,0.000000,0.000000,0.000000,0.000000
25.8667,-0.226250,-0.103193,-0.704406,0.697836,0.000000,0.000000,0.000000,0.177060,-0.484626,-0.378393,1.409255,0.000000,0.000000,0.000000,0.000000
25.8833,-0.227088,-0.106821,-0.704627,0.713446,0.000000,0.000000,0.000000,0.176652,-0.483178,-0.395496,1.458618,0.000000,0.000000,0.000000,0.000000
25.9000,-0.228121,-0.110211,-0.704553,0.726814,0.000000,0.000000,0.000000,0.176755,-0.481463,-0.409484,1.501324,0.000000,0.000000,0.000000,0.000000
25.9167,-0.229252,-0.113339,-0.704223,0.738027,0.000000,0.000000,0.000000,0.177266,-0.479413,-0.420661,1.537627,0.000000,0.000000,0.000000,0.000000
25.9333,-0.230377,-0.116152,-0.703754,0.747187,0.000000,0.000000,0.000000,0.178079,-0.476982,-0.429369,1.567951,0.000000,0.000000,0.000000,0.000000
25.9500,-0.231389,-0.118574,-0.703327,0.754418,0.000000,0.000000,0.000000,0.179104,-0.474141,-0.435961,1.592842,0.000000,0.000000,0.000000,0.000000
25.9667,-0.232176,-0.120516,-0.703173,0.759867,0.000000,0.000000,0.000000,0.180257,-0.470887,-0.440789,1.612913,0.000000,0.000000,0.000000,0.000000
25.9833,-0.232621,-0.121884,-0.703541,0.763716,0.000000,0.000000,0.000000,0.181466,-0.467239,-0.444187,1.628811,0.000000,0.000000,0.000000,0.000000
26.0000,-0.232600,-0.122589,-0.704661,0.766187,0.000000,0.000000,0.000000,0.182657,-0.463240,-0.446466,1.641177,0.000000,0.000000,0.000000,0.000000
26.0167,-0.231978,-0.122554,-0.706720,0.767542,0.000000,0.000000,0.000000,0.183760,-0.458959,-0.447901,1.650619,0.000000,0.000000,0.000000,0.000000
26.0333,-0.230609,-0.121714,-0.709836,0.768083,0.000000,0.000000,0.000000,0.184709,-0.454483,-0.448729,1.657691,0.000000,0.000000,0.000000,0.000000
26.0500,-0.228336,-0.120024,-0.714043,0.768158,0.000000,0.000000,0.000000,0.185449,-0.449908,-0.449150,1.662873,0.000000,0.000000,0.000000,0.000000
26.0667,-0.224996,-0.117461,-0.719280,0.768158,0.000000,0.000000,0.000000,0.185942,-0.445337,-0.449317,1.666563,0.000000,0.000000,0.000000,0.000000
26.0833,-0.220427,-0.114023,-0.725389,0.768526,0.000000,0.000000,0.000000,0.186160,-0.440870,-0.449342,1.669063,0.000000,0.000000,0.000000,0.000000
26.1000,-0.214469,-0.109735,-0.732104,0.769754,0.000000,0.000000,0.000000,0.186087,-0.436609,-0.449292,1.670573,0.000000,0.000000,0.000000,0.000000
26.1167,-0.206974,-0.104653,-0.739048,0.772383,0.000000,0.000000,0.000000,0.185711,-0.432653,-0.449191,1.671186,0.000000,0.000000,0.000000,0.000000
26.1333,-0.197811,-0.098862,-0.745735,0.776992,0.000000,0.000000,0.000000,0.185022,-0.429100,-0.449018,1.670887,0.000000,0.000000,0.000000,0.000000
26.1500,-0.186872,-0.092483,-0.751566,0.784185,0.000000,0.000000,0.000000,0.184014,-0.426041,-0.448707,1.669550,0.000000,0.000000,0.000000,0.000000
26.1667,-0.174080,-0.085669,-0.755837,0.794563,0.000000,0.000000,0.000000,0.182683,-0.423560,-0.448152,1.666941,0.000000,0.000000,0.000000,0.000000
26.1833,-0.159401,-0.078607,-0.757751,0.808690,0.000000,0.000000,0.000000,0.181032,-0.421732,-0.447202,1.662719,0.000000,0.000000,0.000000,0.000000
26.2000,-0.142861,-0.071506,-0.756443,0.827058,0.000000,0.000000,0.000000,0.179074,-0.420624,-0.445663,1.656445,0.000000,0.000000,0.000000,0.000000
26.2167,-0.124563,-0.064581,-0.751046,0.850052,0.000000,0.000000,0.000000,0.176828,-0.420295,-0.443306,1.647589,0.000000,0.000000,0.000000,0.000000
26.2333,-0.104710,-0.058039,-0.740769,0.877921,0.000000,0.000000,0.000000,0.174323,-0.420796,-0.439861,1.635543,0.000000,0.000000,0.000000,0.000000
26.2500,-0.083617,-0.052054,-0.724989,0.910743,0.000000,0.000000,0.000000,0.171598,-0.422170,-0.435031,1.619640,0.000000,0.000000,0.000000,0.000000
26.2667,-0.061696,-0.046755,-0.703332,0.948398,0.000000,0.000000,0.000000,0.168698,-0.424446,-0.428490,1.599179,0.000000,0.000000,0.000000,0.000000
26.2833,-0.039443,-0.042205,-0.675730,0.990527,0.000000,0.000000,0.000000,0.165680,-0.427630,-0.419902,1.573455,0.000000,0.000000,0.000000,0.000000
26.3000,-0.017395,-0.038394,-0.642453,1.036521,0.000000,0.000000,0.000000,0.162610,-0.431697,-0.408927,1.541800,0.000000,0.000000,0.000000,0.000000
26.3167,0.003909,-0.035231,-0.604107,1.085519,0.000000,0.000000,0.000000,0.159566,-0.436582,-0.395241,1.503636,0.000000,0.000000,0.000000,0.000000
26.3333,0.023977,-0.032562,-0.561603,1.136422,0.000000,0.000000,0.000000,0.156641,-0.442174,-0.378558,1.458534,0.000000,0.000000,0.000000,0.000000
26.3500,0.042417,-0.030189,-0.516111,1.187914,0.000000,0.000000,0.000000,0.153943,-0.448324,-0.358655,1.406291,0.000000,0.000000,0.000000,0.000000
26.3667,0.058975,-0.027902,-0.469003,1.238505,0.000000,0.000000,0.000000,0.151597,-0.454853,-0.335408,1.347015,0.000000,0.000000,0.000000,0.000000
26.3833,0.073550,-0.025510,-0.421732,1.286677,0.000000,0.000000,0.000000,0.149730,-0.461567,-0.308828,1.281223,0.000000,0.000000,0.000000,0.000000
26.4000,0.086176,-0.022869,-0.375668,1.331050,0.000000,0.000000,0.000000,0.148441,-0.468274,-0.279107,1.209939,0.000000,0.000000,0.000000,0.000000
26.4667,0.096988,-0.019885,-0.331983,1.370513,0.000000,0.000000,0.000000,0.147762,-0.474814,-0.246666,1.134750,0.000000,0.000000,0.000000,0.000000
26.4833,0.106191,-0.016498,-0.291652,1.404250,0.000000,0.000000,0.000000,0.147640,-0.481051,-0.212172,1.057659,0.000000,0.000000,0.000000,0.000000
26.5000,0.114029,-0.012668,-0.255521,1.431733,0.000000,0.000000,0.000000,0.147970,-0.486854,-0.176505,0.980770,0.000000,0.000000,0.000000,0.000000
26.5167,0.120762,-0.008360,-0.224374,1.452703,0.000000,0.000000,0.000000,0.148626,-0.492091,-0.140656,0.906026,0.000000,0.000000,0.000000,0.000000
26.5333,0.126652,-0.003545,-0.198961,1.467131,0.000000,0.000000,0.000000,0.149496,-0.496648,-0.105609,0.835083,0.000000,0.000000,0.000000,0.000000
26.5500,0.131945,0.001796,-0.179963,1.475185,0.000000,0.000000,0.000000,0.150502,-0.500455,-0.072245,0.769260,0.000000,0.000000,0.000000,0.000000
26.5667,0.136861,0.007668,-0.167929,1.477200,0.000000,0.000000,0.000000,0.151594,-0.503502,-0.041286,0.709528,0.000000,0.000000,0.000000,0.000000
26.5833,0.141577,0.014053,-0.163220,1.473645,0.000000,0.000000,0.000000,0.152751,-0.505828,-0.013269,0.656511,0.000000,0.000000,0.000000,0.000000
26.6000,0.146221,0.020906,-0.165943,1.465108,0.000000,0.000000,0.000000,0.153968,-0.507515,0.011448,0.610511,0.000000,0.000000,0.000000,0.000000
26.6167,0.150853,0.028151,-0.175903,1.452290,0.000000,0.000000,0.000000,0.155253,-0.508669,0.032680,0.571542,0.000000,0.000000,0.000000,0.000000
26.6333,0.155450,0.035667,-0.192556,1.436001,0.000000,0.000000,0.000000,0.156616,-0.509408,0.050388,0.539368,0.000000,0.000000,0.000000,0.000000
26.6500,0.159902,0.043285,-0.215003,1.417150,0.000000,0.000000,0.000000,0.158063,-0.509849,0.064652,0.513548,0.000000,0.000000,0.000000,0.000000
26.6667,0.164020,0.050782,-0.242052,1.396693,0.000000,0.000000,0.000000,0.159595,-0.510101,0.075648,0.493477,0.000000,0.000000,0.000000,0.000000
26.6833,0.167568,0.057887,-0.272344,1.375555,0.000000,0.000000,0.000000,0.161195,-0.510253,0.083619,0.478424,0.000000,0.000000,0.000000,0.000000
26.7000,0.170294,0.064300,-0.304504,1.354535,0.000000,0.000000,0.000000,0.162833,-0.510377,0.088853,0.467563,0.000000,0.000000,0.000000,0.000000
26.7167,0.171961,0.069719,-0.337274,1.334241,0.000000,0.000000,0.000000,0.164456,-0.510518,0.091664,0.459996,0.000000,0.000000,0.000000,0.000000
26.7333,0.172352,0.073852,-0.369573,1.315062,0.000000,0.000000,0.000000,0.165994,-0.510699,0.092375,0.454778,0.000000,0.000000,0.000000,0.000000
26.7500,0.171275,0.076436,-0.400525,1.297175,0.000000,0.000000,0.000000,0.167353,-0.510917,0.091309,0.450930,0.000000,0.000000,0.000000,0.000000
26.7667,0.168562,0.077244,-0.429452,1.280568,0.000000,0.000000,0.000000,0.168415,-0.511146,0.088779,0.447461,0.000000,0.000000,0.000000,0.000000
26.7833,0.164064,0.076091,-0.455853,1.265083,0.000000,0.000000,0.000000,0.169039,-0.511335,0.085086,0.443375,0.000000,0.000000,0.000000,0.000000
26.8000,0.157654,0.072842,-0.479374,1.250446,0.000000,0.000000,0.000000,0.169063,-0.511410,0.080511,0.437698,0.000000,0.000000,0.000000,0.000000
26.8167,0.149220,0.067418,-0.499782,1.236322,0.000000,0.000000,0.000000,0.168312,-0.511271,0.075305,0.429496,0.000000,0.000000,0.000000,0.000000
26.8333,0.138679,0.059805,-0.516925,1.222348,0.000000,0.000000,0.000000,0.166598,-0.510787,0.069672,0.417906,0.000000,0.000000,0.000000,0.000000
26.8500,0.125979,0.050058,-0.530703,1.208176,0.000000,0.000000,0.000000,0.163721,-0.509792,0.063759,0.402169,0.000000,0.000000,0.000000,0.000000
26.8667,0.111114,0.038308,-0.541037,1.193497,0.000000,0.000000,0.000000,0.159475,-0.508081,0.057657,0.381669,0.000000,0.000000,0.000000,0.000000
26.8833,0.094137,0.024758,-0.547849,1.178064,0.000000,0.000000,0.000000,0.153642,-0.505415,0.051402,0.355967,0.000000,0.000000,0.000000,0.000000
26.9000,0.075164,0.009670,-0.551054,1.161704,0.000000,0.000000,0.000000,0.146005,-0.501530,0.044983,0.324840,0.000000,0.000000,0.000000,0.000000
26.9167,0.054387,-0.006655,-0.550553,1.144329,0.000000,0.000000,0.000000,0.136359,-0.496154,0.038359,0.288311,0.000000,0.000000,0.000000,0.000000
26.9333,0.032068,-0.023910,-0.546248,1.125935,0.000000,0.000000,0.000000,0.124530,-0.489024,0.031467,0.246670,0.000000,0.000000,0.000000,0.000000
26.9500,0.008538,-0.041794,-0.538079,1.106619,0.000000,0.000000,0.000000,0.110403,-0.479914,0.024234,0.200503,0.000000,0.000000,0.000000,0.000000
26.9667,-0.015812,-0.060023,-0.526095,1.086574,0.000000,0.000000,0.000000,0.093937,-0.468663,0.016587,0.150704,0.000000,0.000000,0.000000,0.000000
26.9833,-0.040542,-0.078325,-0.510553,1.066112,0.000000,0.000000,0.000000,0.075190,-0.455214,0.008476,0.098489,0.000000,0.000000,0.000000,0.000000
27.0000,-0.065198,-0.096432,-0.491997,1.045674,0.000000,0.000000,0.000000,0.054350,-0.439650,-0.000122,0.045390,0.000000,0.000000,0.000000,0.000000
27.0167,-0.089347,-0.114075,-0.471249,1.025795,0.000000,0.000000,0.000000,0.031787,-0.422234,-0.009205,-0.006771,0.000000,0.000000,0.000000,0.000000
27.0833,-0.112590,-0.130983,-0.449341,1.006984,0.000000,0.000000,0.000000,0.008097,-0.403462,-0.018740,-0.055977,0.000000,0.000000,0.000000,0.000000
27.1000,-0.134553,-0.146888,-0.427383,0.989611,0.000000,0.000000,0.000000,-0.015899,-0.384097,-0.028587,-0.100237,0.000000,0.000000,0.000000,0.000000
27.1167,-0.154893,-0.161539,-0.406444,0.973859,0.000000,0.000000,0.000000,-0.039209,-0.365218,-0.038351,-0.137907,0.000000,0.000000,0.000000,0.000000
27.1500,-0.173300,-0.174729,-0.387461,0.959720,0.000000,0.000000,0.000000,-0.060725,-0.348223,-0.047239,-0.167906,0.000000,0.000000,0.000000,0.000000
27.2333,-0.189526,-0.186299,-0.371173,0.947030,0.000000,0.000000,0.000000,-0.079234,-0.334718,-0.054035,-0.189759,0.000000,0.000000,0.000000,0.000000
27.3333,-0.203397,-0.196143,-0.358103,0.935503,0.000000,0.000000,0.000000,-0.093443,-0.326184,-0.057446,-0.203528,0.000000,0.000000,0.000000,0.000000
27.4667,-0.214825,-0.204210,-0.348556,0.924777,0.000000,0.000000,0.000000,-0.102153,-0.323547,-0.056879,-0.209693,0.000000,0.000000,0.000000,0.000000
27.4833,-0.223812,-0.210503,-0.342641,0.914449,0.000000,0.000000,0.000000,-0.104574,-0.326996,-0.052892,-0.208934,0.000000,0.000000,0.000000,0.000000
27.5000,-0.230439,-0.215076,-0.340308,0.904104,0.000000,0.000000,0.000000,-0.100506,-0.336108,-0.046726,-0.201903,0.000000,0.000000,0.000000,0.000000
27.5333,-0.234857,-0.218020,-0.341391,0.893329,0.000000,0.000000,0.000000,-0.090297,-0.350061,-0.039587,-0.189139,0.000000,0.000000,0.000000,0.000000
27.5500,-0.237273,-0.219454,-0.345656,0.881719,0.000000,0.000000,0.000000,-0.074717,-0.367797,-0.032346,-0.171161,0.000000,0.000000,0.000000,0.000000
27.5667,-0.237927,-0.219504,-0.352835,0.868875,0.000000,0.000000,0.000000,-0.054844,-0.388149,-0.025496,-0.148580,0.000000,0.000000,0.000000,0.000000
27.6167,-0.237091,-0.218302,-0.362661,0.854413,0.000000,0.000000,0.000000,-0.031994,-0.409937,-0.019162,-0.122116,0.000000,0.000000,0.000000,0.000000
27.6333,-0.235049,-0.215964,-0.374898,0.837969,0.000000,0.000000,0.000000,-0.007628,-0.432051,-0.013162,-0.092550,0.000000,0.000000,0.000000,0.000000
27.6500,-0.232098,-0.212594,-0.389363,0.819195,0.000000,0.000000,0.000000,0.016812,-0.453532,-0.007118,-0.060676,0.000000,0.000000,0.000000,0.000000
27.6667,-0.228540,-0.208268,-0.405931,0.797772,0.000000,0.000000,0.000000,0.040072,-0.473625,-0.000596,-0.027250,0.000000,0.000000,0.000000,0.000000
27.6833,-0.224677,-0.203037,-0.424542,0.773409,0.000000,0.000000,0.000000,0.061202,-0.491779,0.006775,0.007025,0.000000,0.000000,0.000000,0.000000
27.7000,-0.220805,-0.196923,-0.445198,0.745853,0.000000,0.000000,0.000000,0.079604,-0.507642,0.015220,0.041527,0.000000,0.000000,0.000000,0.000000
27.7167,-0.217206,-0.189920,-0.467942,0.714894,0.000000,0.000000,0.000000,0.095036,-0.521033,0.024785,0.075720,0.000000,0.000000,0.000000,0.000000
27.7333,-0.214142,-0.181995,-0.492841,0.680371,0.000000,0.000000,0.000000,0.107563,-0.531924,0.035350,0.109151,0.000000,0.000000,0.000000,0.000000
27.7500,-0.211841,-0.173099,-0.519951,0.642191,0.000000,0.000000,0.000000,0.117491,-0.540410,0.046668,0.141446,0.000000,0.000000,0.000000,0.000000
27.7667,-0.210482,-0.163170,-0.549291,0.600332,0.000000,0.000000,0.000000,0.125269,-0.546680,0.058414,0.172308,0.000000,0.000000,0.000000,0.000000
27.7833,-0.210180,-0.152144,-0.580799,0.554847,0.000000,0.000000,0.000000,0.131405,-0.550986,0.070230,0.201519,0.000000,0.000000,0.000000,0.000000
27.8000,-0.210973,-0.139970,-0.614295,0.505874,0.000000,0.000000,0.000000,0.136399,-0.553609,0.081752,0.228936,0.000000,0.000000,0.000000,0.000000
27.8167,-0.212818,-0.126639,-0.649442,0.453652,0.000000,0.000000,0.000000,0.140703,-0.554830,0.092615,0.254477,0.000000,0.000000,0.000000,0.000000
27.8333,-0.215594,-0.112202,-0.685713,0.398551,0.000000,0.000000,0.000000,0.144706,-0.554904,0.102451,0.278092,0.000000,0.000000,0.000000,0.000000
27.8500,-0.219111,-0.096795,-0.722367,0.341088,0.000000,0.000000,0.000000,0.148741,-0.554054,0.110897,0.299738,0.000000,0.000000,0.000000,0.000000
27.8667,-0.223114,-0.080642,-0.758447,0.281941,0.000000,0.000000,0.000000,0.153095,-0.552470,0.117616,0.319365,0.000000,0.000000,0.000000,0.000000
27.8833,-0.227290,-0.064044,-0.792785,0.221944,0.000000,0.000000,0.000000,0.158005,-0.550316,0.122332,0.336917,0.000000,0.000000,0.000000,0.000000
27.9000,-0.231279,-0.047355,-0.824083,0.162060,0.000000,0.000000,0.000000,0.163652,-0.547743,0.124874,0.352337,0.000000,0.000000,0.000000,0.000000
27.9167,-0.234719,-0.030946,-0.851096,0.103293,0.000000,0.000000,0.000000,0.170147,-0.544891,0.125196,0.365589,0.000000,0.000000,0.000000,0.000000
27.9500,-0.237311,-0.015145,-0.872879,0.046600,0.000000,0.000000,0.000000,0.177516,-0.541884,0.123384,0.376677,0.000000,0.000000,0.000000,0.000000
27.9667,-0.238871,-0.000201,-0.888943,-0.007176,0.000000,0.000000,0.000000,0.185690,-0.538812,0.119604,0.385679,0.000000,0.000000,0.000000,0.000000
27.9833,-0.239358,0.013723,-0.899257,-0.057322,0.000000,0.000000,0.000000,0.194515,-0.535694,0.114022,0.392781,0.000000,0.000000,0.000000,0.000000
28.0000,-0.238850,0.026517,-0.904175,-0.103266,0.000000,0.000000,0.000000,0.203759,-0.532474,0.106725,0.398296,0.000000,0.000000,0.000000,0.000000
28.0167,-0.237515,0.038102,-0.904310,-0.144591,0.000000,0.000000,0.000000,0.213141,-0.529023,0.097680,0.402678,0.000000,0.000000,0.000000,0.000000
28.0333,-0.235556,0.048430,-0.900415,-0.181042,0.000000,0.000000,0.000000,0.222359,-0.525165,0.086733,0.406509,0.000000,0.000000,0.000000,0.000000
28.0500,-0.233173,0.057496,-0.893288,-0.212538,0.000000,0.000000,0.000000,0.231112,-0.520706,0.073631,0.410475,0.000000,0.000000,0.000000,0.000000
28.0667,-0.230547,0.065338,-0.883721,-0.239158,0.000000,0.000000,0.000000,0.239127,-0.515468,0.058054,0.415340,0.000000,0.000000,0.000000,0.000000
28.0833,-0.227827,0.072032,-0.872468,-0.261129,0.000000,0.000000,0.000000,0.246165,-0.509311,0.039652,0.421918,0.000000,0.000000,0.000000,0.000000
28.1000,-0.225139,0.077682,-0.860227,-0.278790,0.000000,0.000000,0.000000,0.252038,-0.502161,0.018076,0.431050,0.000000,0.000000,0.000000,0.000000
28.1167,-0.222583,0.082408,-0.847622,-0.292559,0.000000,0.000000,0.000000,0.256611,-0.494024,-0.007003,0.443576,0.000000,0.000000,0.000000,0.000000
28.1333,-0.220240,0.086327,-0.835186,-0.302889,0.000000,0.000000,0.000000,0.259803,-0.484970,-0.035897,0.460322,0.000000,0.000000,0.000000,0.000000
28.1500,-0.218166,0.089548,-0.823352,-0.310242,0.000000,0.000000,0.000000,0.261589,-0.475123,-0.068897,0.482068,0.000000,0.000000,0.000000,0.000000
28.1667,-0.216399,0.092163,-0.812439,-0.315054,0.000000,0.000000,0.000000,0.261987,-0.464643,-0.106263,0.509528,0.000000,0.000000,0.000000,0.000000
28.1833,-0.214951,0.094240,-0.802656,-0.317724,0.000000,0.000000,0.000000,0.261051,-0.453726,-0.148163,0.543308,0.000000,0.000000,0.000000,0.000000
28.2000,-0.213821,0.095828,-0.794116,-0.318587,0.000000,0.000000,0.000000,0.258867,-0.442612,-0.194602,0.583858,0.000000,0.000000,0.000000,0.000000
28.2167,-0.212997,0.096948,-0.786848,-0.317913,0.000000,0.000000,0.000000,0.255546,-0.431590,-0.245352,0.631408,0.000000,0.000000,0.000000,0.000000
28.2333,-0.212473,0.097600,-0.780826,-0.315898,0.000000,0.000000,0.000000,0.251243,-0.420988,-0.299902,0.685907,0.000000,0.000000,0.000000,0.000000
28.2500,-0.212257,0.097753,-0.775989,-0.312662,0.000000,0.000000,0.000000,0.246171,-0.411152,-0.357446,0.746953,0.000000,0.000000,0.000000,0.000000
28.2667,-0.212376,0.097356,-0.772262,-0.308254,0.000000,0.000000,0.000000,0.240613,-0.402413,-0.416879,0.813748,0.000000,0.000000,0.000000,0.000000
28.2833,-0.212876,0.096340,-0.769566,-0.302662,0.000000,0.000000,0.000000,0.234921,-0.395042,-0.476853,0.885069,0.000000,0.000000,0.000000,0.000000
28.3000,-0.213818,0.094632,-0.767824,-0.295819,0.000000,0.000000,0.000000,0.229485,-0.389190,-0.535866,0.959291,0.000000,0.000000,0.000000,0.000000
28.3500,-0.215260,0.092170,-0.766964,-0.287622,0.000000,0.000000,0.000000,0.224675,-0.384858,-0.592424,1.034458,0.000000,0.000000,0.000000,0.000000
28.3667,-0.217250,0.088913,-0.766923,-0.277944,0.000000,0.000000,0.000000,0.220788,-0.381907,-0.645226,1.108517,0.000000,0.000000,0.000000,0.000000
28.3833,-0.219811,0.084850,-0.767640,-0.266647,0.000000,0.000000,0.000000,0.217997,-0.380134,-0.693321,1.179612,0.000000,0.000000,0.000000,0.000000
28.4000,-0.222928,0.080009,-0.769052,-0.253598,0.000000,0.000000,0.000000,0.216352,-0.379328,-0.736149,1.246285,0.000000,0.000000,0.000000,0.000000
28.4167,-0.226546,0.074460,-0.771089,-0.238680,0.000000,0.000000,0.000000,0.215798,-0.379297,-0.773500,1.307505,0.000000,0.000000,0.000000,0.000000
28.4333,-0.230566,0.068304,-0.773668,-0.221797,0.000000,0.000000,0.000000,0.216203,-0.379867,-0.805436,1.362639,0.000000,0.000000,0.000000,0.000000
28.4500,-0.234861,0.061667,-0.776681,-0.202875,0.000000,0.000000,0.000000,0.217385,-0.380891,-0.832220,1.411395,0.000000,0.000000,0.000000,0.000000
28.4667,-0.239282,0.054682,-0.779985,-0.181853,0.000000,0.000000,0.000000,0.219125,-0.382245,-0.854252,1.453761,0.000000,0.000000,0.000000,0.000000
28.4833,-0.243677,0.047473,-0.783395,-0.158677,0.000000,0.000000,0.000000,0.221196,-0.383829,-0.872016,1.489947,0.000000,0.000000,0.000000,0.000000
28.5000,-0.247908,0.040136,-0.786685,-0.133292,0.000000,0.000000,0.000000,0.223376,-0.385564,-0.886038,1.520324,0.000000,0.000000,0.000000,0.000000
28.5167,-0.251867,0.032739,-0.789592,-0.105637,0.000000,0.000000,0.000000,0.225466,-0.387386,-0.896850,1.545364,0.000000,0.000000,0.000000,0.000000
28.5333,-0.255478,0.025317,-0.791829,-0.075671,0.000000,0.000000,0.000000,0.227308,-0.389241,-0.904960,1.565597,0.000000,0.000000,0.000000,0.000000
28.5500,-0.258687,0.017881,-0.793108,-0.043387,0.000000,0.000000,0.000000,0.228783,-0.391074,-0.910835,1.581564,0.000000,0.000000,0.000000,0.000000
28.5667,-0.261463,0.010433,-0.793169,-0.008851,0.000000,0.000000,0.000000,0.229815,-0.392823,-0.914880,1.593783,0.000000,0.000000,0.000000,0.000000
28.5833,-0.263782,0.002973,-0.791816,0.027783,0.000000,0.000000,0.000000,0.230370,-0.394428,-0.917429,1.602715,0.000000,0.000000,0.000000,0.000000
28.6000,-0.265630,-0.004491,-0.788941,0.066266,0.000000,0.000000,0.000000,0.230448,-0.395837,-0.918737,1.608747,0.000000,0.000000,0.000000,0.000000
28.6167,-0.266998,-0.011936,-0.784538,0.106260,0.000000,0.000000,0.000000,0.230089,-0.397013,-0.918973,1.612165,0.000000,0.000000,0.000000,0.000000
28.6333,-0.267886,-0.019333,-0.778700,0.147364,0.000000,0.000000,0.000000,0.229365,-0.397940,-0.918216,1.613152,0.000000,0.000000,0.000000,0.000000
28.6500,-0.268311,-0.026645,-0.771611,0.189143,0.000000,0.000000,0.000000,0.228375,-0.398625,-0.916461,1.611773,0.000000,0.000000,0.000000,0.000000
28.6667,-0.268302,-0.033828,-0.763540,0.231158,0.000000,0.000000,0.000000,0.227244,-0.399091,-0.913612,1.607973,0.000000,0.000000,0.000000,0.000000
28.6833,-0.267911,-0.040832,-0.754823,0.272984,0.000000,0.000000,0.000000,0.226111,-0.399374,-0.909492,1.601583,0.000000,0.000000,0.000000,0.000000
28.7000,-0.267201,-0.047597,-0.745836,0.314225,0.000000,0.000000,0.000000,0.225125,-0.399518,-0.903844,1.592320,0.000000,0.000000,0.000000,0.000000
28.7167,-0.266237,-0.054063,-0.736952,0.354516,0.000000,0.000000,0.000000,0.224436,-0.399572,-0.896343,1.579803,0.000000,0.000000,0.000000,0.000000
28.7333,-0.265079,-0.060178,-0.728508,0.393537,0.000000,0.000000,0.000000,0.224191,-0.399592,-0.886607,1.563569,0.000000,0.000000,0.000000,0.000000
28.7500,-0.263779,-0.065908,-0.720775,0.431006,0.000000,0.000000,0.000000,0.224528,-0.399641,-0.874209,1.543099,0.000000,0.000000,0.000000,0.000000
28.7667,-0.262382,-0.071239,-0.713950,0.466684,0.000000,0.000000,0.000000,0.225568,-0.399786,-0.858699,1.517846,0.000000,0.000000,0.000000,0.000000
28.7833,-0.260933,-0.076172,-0.708152,0.500365,0.000000,0.000000,0.000000,0.227409,-0.400092,-0.839627,1.487277,0.000000,0.000000,0.000000,0.000000
28.8000,-0.259477,-0.080717,-0.703430,0.531875,0.000000,0.000000,0.000000,0.230123,-0.400626,-0.816578,1.450922,0.000000,0.000000,0.000000,0.000000
28.8167,-0.258069,-0.084889,-0.699784,0.561067,0.000000,0.000000,0.000000,0.233752,-0.401449,-0.789202,1.408434,0.000000,0.000000,0.000000,0.000000
28.8333,-0.256760,-0.088700,-0.697166,0.587831,0.000000,0.000000,0.000000,0.238307,-0.402625,-0.757266,1.359653,0.000000,0.000000,0.000000,0.000000
28.8500,-0.255594,-0.092156,-0.695491,0.612078,0.000000,0.000000,0.000000,0.243765,-0.404212,-0.720706,1.304690,0.000000,0.000000,0.000000,0.000000
28.8667,-0.254594,-0.095256,-0.694646,0.633743,0.000000,0.000000,0.000000,0.250059,-0.406269,-0.679688,1.244011,0.000000,0.000000,0.000000,0.000000
28.9000,-0.253757,-0.097987,-0.694501,0.652794,0.000000,0.000000,0.000000,0.257071,-0.408853,-0.634679,1.178524,0.000000,0.000000,0.000000,0.000000
28.9500,-0.253057,-0.100344,-0.694925,0.669247,0.000000,0.000000,0.000000,0.264610,-0.412004,-0.586498,1.109584,0.000000,0.000000,0.000000,0.000000
28.9667,-0.252454,-0.102329,-0.695805,0.683200,0.000000,0.000000,0.000000,0.272400,-0.415717,-0.536256,1.038862,0.000000,0.000000,0.000000,0.000000
28.9833,-0.251900,-0.103961,-0.697053,0.694828,0.000000,0.000000,0.000000,0.280094,-0.419914,-0.485166,0.968090,0.000000,0.000000,0.000000,0.000000
29.0000,-0.251343,-0.105258,-0.698624,0.704369,0.000000,0.000000,0.000000,0.287315,-0.424456,-0.434347,0.898861,0.000000,0.000000,0.000000,0.000000
29.0167,-0.250720,-0.106227,-0.700524,0.712099,0.000000,0.000000,0.000000,0.293725,-0.429181,-0.384732,0.832523,0.000000,0.000000,0.000000,0.000000
29.0333,-0.249956,-0.106853,-0.702811,0.718311,0.000000,0.000000,0.000000,0.299068,-0.433925,-0.337080,0.770156,0.000000,0.000000,0.000000,0.000000
29.0500,-0.248952,-0.107093,-0.705579,0.723294,0.000000,0.000000,0.000000,0.303210,-0.438549,-0.292017,0.712564,0.000000,0.000000,0.000000,0.000000
29.0667,-0.247588,-0.106884,-0.708956,0.727338,0.000000,0.000000,0.000000,0.306132,-0.442937,-0.250063,0.660288,0.000000,0.000000,0.000000,0.000000
29.0833,-0.245721,-0.106149,-0.713091,0.730735,0.000000,0.000000,0.000000,0.307915,-0.447001,-0.211642,0.613619,0.000000,0.000000,0.000000,0.000000
29.1000,-0.243189,-0.104801,-0.718138,0.733786,0.000000,0.000000,0.000000,0.308698,-0.450680,-0.177080,0.572635,0.000000,0.000000,0.000000,0.000000
29.1167,-0.239811,-0.102751,-0.724227,0.736808,0.000000,0.000000,0.000000,0.308652,-0.453935,-0.146602,0.537238,0.000000,0.000000,0.000000,0.000000
29.1333,-0.235388,-0.099915,-0.731446,0.740137,0.000000,0.000000,0.000000,0.307952,-0.456751,-0.120331,0.507177,0.000000,0.000000,0.000000,0.000000
29.1500,-0.229712,-0.096222,-0.739811,0.744124,0.000000,0.000000,0.000000,0.306770,-0.459128,-0.098300,0.482069,0.000000,0.000000,0.000000,0.000000
29.1667,-0.222566,-0.091631,-0.749258,0.749141,0.000000,0.000000,0.000000,0.305272,-0.461078,-0.080463,0.461414,0.000000,0.000000,0.000000,0.000000
29.1833,-0.213739,-0.086139,-0.759627,0.755575,0.000000,0.000000,0.000000,0.303624,-0.462625,-0.066713,0.444605,0.000000,0.000000,0.000000,0.000000
29.2000,-0.203039,-0.079800,-0.770655,0.763825,0.000000,0.000000,0.000000,0.301996,-0.463802,-0.056907,0.430942,0.000000,0.000000,0.000000,0.000000
29.2167,-0.190308,-0.072725,-0.781970,0.774288,0.000000,0.000000,0.000000,0.300574,-0.464657,-0.050881,0.419653,0.000000,0.000000,0.000000,0.000000
29.2333,-0.175441,-0.065079,-0.793090,0.787329,0.000000,0.000000,0.000000,0.299560,-0.465251,-0.048476,0.409919,0.000000,0.000000,0.000000,0.000000
29.2500,-0.158405,-0.057070,-0.803426,0.803244,0.000000,0.000000,0.000000,0.299175,-0.465662,-0.049546,0.400904,0.000000,0.000000,0.000000,0.000000
29.2667,-0.139257,-0.048917,-0.812294,0.822215,0.000000,0.000000,0.000000,0.299659,-0.465983,-0.053961,0.391783,0.000000,0.000000,0.000000,0.000000
29.2833,-0.118163,-0.040832,-0.818959,0.844271,0.000000,0.000000,0.000000,0.301261,-0.466325,-0.061603,0.381775,0.000000,0.000000,0.000000,0.000000
29.3000,-0.095406,-0.032984,-0.822704,0.869255,0.000000,0.000000,0.000000,0.304234,-0.466809,-0.072362,0.370180,0.000000,0.000000,0.000000,0.000000
29.3167,-0.071379,-0.025489,-0.822920,0.896811,0.000000,0.000000,0.000000,0.308816,-0.467564,-0.086118,0.356411,0.000000,0.000000,0.000000,0.000000
29.3333,-0.046569,-0.018395,-0.819211,0.926392,0.000000,0.000000,0.000000,0.315210,-0.468712,-0.102738,0.340027,0.000000,0.000000,0.000000,0.000000
29.3500,-0.021516,-0.011668,-0.811476,0.957291,0.000000,0.000000,0.000000,0.323567,-0.470353,-0.122057,0.320751,0.000000,0.000000,0.000000,0.000000
29.3667,0.003233,-0.005193,-0.799952,0.988692,0.000000,0.000000,0.000000,0.333975,-0.472550,-0.143863,0.298481,0.000000,0.000000,0.000000,0.000000
29.3833,0.027161,0.001215,-0.785183,1.019718,0.000000,0.000000,0.000000,0.346446,-0.475324,-0.167877,0.273296,0.000000,0.000000,0.000000,0.000000
29.4000,0.049831,0.007778,-0.767951,1.049483,0.000000,0.000000,0.000000,0.360904,-0.478638,-0.193748,0.245463,0.000000,0.000000,0.000000,0.000000
29.4167,0.070905,0.014714,-0.749174,1.077117,0.000000,0.000000,0.000000,0.377166,-0.482405,-0.221042,0.215438,0.000000,0.000000,0.000000,0.000000
29.4333,0.090164,0.022217,-0.729812,1.101808,0.000000,0.000000,0.000000,0.394908,-0.486496,-0.249226,0.183862,0.000000,0.000000,0.000000,0.000000
29.4500,0.107507,0.030432,-0.710784,1.122852,0.000000,0.000000,0.000000,0.413656,-0.490763,-0.277658,0.151526,0.000000,0.000000,0.000000,0.000000
29.4667,0.122920,0.039433,-0.692859,1.139737,0.000000,0.000000,0.000000,0.432803,-0.495064,-0.305609,0.119326,0.000000,0.000000,0.000000,0.000000
29.4833,0.136439,0.049201,-0.676553,1.152238,0.000000,0.000000,0.000000,0.451657,-0.499268,-0.332315,0.088211,0.000000,0.000000,0.000000,0.000000
