t_s,left_shoulder_pitch,left_shoulder_roll,left_shoulder_yaw,left_elbow,left_wrist_roll,left_wrist_pitch,left_wrist_yaw,right_shoulder_pitch,right_shoulder_roll,right_shoulder_yaw,right_elbow,right_wrist_roll,right_wrist_pitch,right_wrist_yaw,waist_yaw
6.9500,0.310000,0.240000,-0.120000,0.670000,0.000000,0.000000,0.000000,0.391708,-0.602867,0.137733,1.727819,0.000000,0.000000,0.000000,0.000000
6.9667,0.310000,0.240000,-0.120000,0.670000,0.000000,0.000000,0.000000,0.317232,-0.485281,0.261850,1.852709,0.000000,0.000000,0.000000,0.000000
6.9833,0.310000,0.240000,-0.120000,0.670000,0.000000,0.000000,0.000000,0.246510,-0.373834,0.378880,1.965811,0.000000,0.000000,0.000000,0.000000
7.0833,0.310000,0.240000,-0.120000,0.670000,0.000000,0.000000,0.000000,0.181467,-0.271640,0.485333,2.062776,0.000000,0.000000,0.000000,0.000000
7.1000,0.310000,0.240000,-0.120000,0.670000,0.000000,0.000000,0.000000,0.123996,-0.181789,0.577800,2.139244,0.000000,0.000000,0.000000,0.000000
7.1167,0.310000,0.240000,-0.120000,0.670000,0.000000,0.000000,0.000000,0.075668,-0.106900,0.653456,2.191362,0.000000,0.000000,0.000000,0.000000
7.1333,0.310000,0.240000,-0.120000,0.670000,0.000000,0.000000,0.000000,0.037527,-0.048786,0.710395,2.216205,0.000000,0.000000,0.000000,0.000000
7.1500,0.310000,0.240000,-0.120000,0.670000,0.000000,0.000000,0.000000,0.010048,-0.008382,0.747664,2.211932,0.000000,0.000000,0.000000,0.000000
7.1667,0.310000,0.240000,-0.120000,0.670000,0.000000,0.000000,0.000000,-0.006830,0.014212,0.765205,2.177854,0.000000,0.000000,0.000000,0.000000
7.1833,0.310000,0.240000,-0.120000,0.670000,0.000000,0.000000,0.000000,-0.013670,0.019667,0.763816,2.114504,0.000000,0.000000,0.000000,0.000000
7.2000,0.310000,0.240000,-0.120000,0.670000,0.000000,0.000000,0.000000,-0.011495,0.009387,0.745121,2.023732,0.000000,0.000000,0.000000,0.000000
7.2167,0.310000,0.240000,-0.120000,0.670000,0.000000,0.000000,0.000000,-0.001770,-0.014525,0.711550,1.908827,0.000000,0.000000,0.000000,0.000000
7.2833,0.310000,0.240000,-0.120000,0.670000,0.000000,0.000000,0.000000,0.013644,-0.049317,0.666344,1.774622,0.000000,0.000000,0.000000,0.000000
7.3833,0.310000,0.240000,-0.120000,0.670000,0.000000,0.000000,0.000000,0.032621,-0.091787,0.613489,1.627336,0.000000,0.000000,0.000000,0.000000
7.4000,0.310000,0.240000,-0.120000,0.670000,0.000000,0.000000,0.000000,0.053024,-0.138675,0.557229,1.473806,0.000000,0.000000,0.000000,0.000000
7.4167,0.310000,0.240000,-0.120000,0.670000,0.000000,0.000000,0.000000,0.072991,-0.187076,0.501275,1.320382,0.000000,0.000000,0.000000,0.000000
7.4333,0.310000,0.240000,-0.120000,0.670000,0.000000,0.000000,0.000000,0.091093,-0.234628,0.448325,1.172251,0.000000,0.000000,0.000000,0.000000
7.4500,0.310000,0.240000,-0.120000,0.670000,0.000000,0.000000,0.000000,0.106350,-0.279519,0.400090,1.033325,0.000000,0.000000,0.000000,0.000000
7.4667,0.310000,0.240000,-0.120000,0.670000,0.000000,0.000000,0.000000,0.118185,-0.320442,0.357506,0.906349,0.000000,0.000000,0.000000,0.000000
7.4833,0.310000,0.240000,-0.120000,0.670000,0.000000,0.000000,0.000000,0.126371,-0.356545,0.320921,0.793037,0.000000,0.000000,0.000000,0.000000
7.5000,0.310000,0.240000,-0.120000,0.670000,0.000000,0.000000,0.000000,0.130963,-0.387376,0.290237,0.694228,0.000000,0.000000,0.000000,0.000000
7.5167,0.310000,0.240000,-0.120000,0.670000,0.000000,0.000000,0.000000,0.132243,-0.412822,0.265034,0.610028,0.000000,0.000000,0.000000,0.000000
7.5333,0.310000,0.240000,-0.120000,0.670000,0.000000,0.000000,0.000000,0.130648,-0.433049,0.244680,0.539957,0.000000,0.000000,0.000000,0.000000
7.5500,0.310000,0.240000,-0.120000,0.670000,0.000000,0.000000,0.000000,0.126698,-0.448452,0.228434,0.483073,0.000000,0.000000,0.000000,0.000000
7.5667,0.310000,0.240000,-0.120000,0.670000,0.000000,0.000000,0.000000,0.120925,-0.459604,0.215538,0.438094,0.000000,0.000000,0.000000,0.000000
7.5833,0.310000,0.240000,-0.120000,0.670000,0.000000,0.000000,0.000000,0.113817,-0.467217,0.205288,0.403505,0.000000,0.000000,0.000000,0.000000
7.6000,0.310000,0.240000,-0.120000,0.670000,0.000000,0.000000,0.000000,0.105778,-0.472083,0.197072,0.377658,0.000000,0.000000,0.000000,0.000000
7.6167,0.310000,0.240000,-0.120000,0.670000,0.000000,0.000000,0.000000,0.097104,-0.475025,0.190394,0.358861,0.000000,0.000000,0.000000,0.000000
7.6333,0.310000,0.240000,-0.120000,0.670000,0.000000,0.000000,0.000000,0.087979,-0.476842,0.184879,0.345454,0.000000,0.000000,0.000000,0.000000
7.6500,0.310000,0.240000,-0.120000,0.670000,0.000000,0.000000,0.000000,0.078475,-0.478263,0.180257,0.335874,0.000000,0.000000,0.000000,0.000000
7.6667,0.310000,0.240000,-0.120000,0.670000,0.000000,0.000000,0.000000,0.068569,-0.479902,0.176342,0.328708,0.000000,0.000000,0.000000,0.000000
7.6833,0.310000,0.240000,-0.120000,0.670000,0.000000,0.000000,0.000000,0.058167,-0.482239,0.173002,0.322721,0.000000,0.000000,0.000000,0.000000
7.7000,0.310000,0.240000,-0.120000,0.670000,0.000000,0.000000,0.000000,0.047131,-0.485610,0.170137,0.316881,0.000000,0.000000,0.000000,0.000000
7.7167,0.310000,0.240000,-0.120000,0.670000,0.000000,0.000000,0.000000,0.035308,-0.490223,0.167675,0.310371,0.000000,0.000000,0.000000,0.000000
7.7333,0.310000,0.240000,-0.120000,0.670000,0.000000,0.000000,0.000000,0.022560,-0.496170,0.165574,0.302591,0.000000,0.000000,0.000000,0.000000
7.7500,0.310000,0.240000,-0.120000,0.670000,0.000000,0.000000,0.000000,0.008786,-0.503449,0.163821,0.293160,0.000000,0.000000,0.000000,0.000000
7.7667,0.310000,0.240000,-0.120000,0.670000,0.000000,0.000000,0.000000,-0.006051,-0.511983,0.162449,0.281910,0.000000,0.000000,0.000000,0.000000
7.7833,0.310000,0.240000,-0.120000,0.670000,0.000000,0.000000,0.000000,-0.021918,-0.521632,0.161541,0.268878,0.000000,0.000000,0.000000,0.000000
7.8000,0.310000,0.240000,-0.120000,0.670000,0.000000,0.000000,0.000000,-0.038716,-0.532211,0.161247,0.254296,0.000000,0.000000,0.000000,0.000000
7.8167,0.310000,0.240000,-0.120000,0.670000,0.000000,0.000000,0.000000,-0.056318,-0.543517,0.161793,0.238574,0.000000,0.000000,0.000000,0.000000
7.8333,0.310000,0.240000,-0.120000,0.670000,0.000000,0.000000,0.000000,-0.074588,-0.555352,0.163465,0.222243,0.000000,0.000000,0.000000,0.000000
7.8500,0.310000,0.240000,-0.120000,0.670000,0.000000,0.000000,0.000000,-0.093379,-0.567564,0.166554,0.205872,0.000000,0.000000,0.000000,0.000000
7.8667,0.310000,0.240000,-0.120000,0.670000,0.000000,0.000000,0.000000,-0.112499,-0.580070,0.171284,0.189978,0.000000,0.000000,0.000000,0.000000
7.8833,0.310000,0.240000,-0.120000,0.670000,0.000000,0.000000,0.000000,-0.131686,-0.592859,0.177751,0.174968,0.000000,0.000000,0.000000,0.000000
7.9000,0.310000,0.240000,-0.120000,0.670000,0.000000,0.000000,0.000000,-0.150594,-0.605982,0.185898,0.161111,0.000000,0.000000,0.000000,0.000000
7.9167,0.310000,0.240000,-0.120000,0.670000,0.000000,0.000000,0.000000,-0.168816,-0.619544,0.195513,0.148552,0.000000,0.000000,0.000000,0.000000
7.9333,0.310000,0.240000,-0.120000,0.670000,0.000000,0.000000,0.000000,-0.185907,-0.633673,0.206262,0.137339,0.000000,0.000000,0.000000,0.000000
7.9500,0.310000,0.240000,-0.120000,0.670000,0.000000,0.000000,0.000000,-0.201446,-0.648495,0.217728,0.127478,0.000000,0.000000,0.000000,0.000000
7.9667,0.310000,0.240000,-0.120000,0.670000,0.000000,0.000000,0.000000,-0.215078,-0.664087,0.229456,0.118978,0.000000,0.000000,0.000000,0.000000
7.9833,0.310000,0.240000,-0.120000,0.670000,0.000000,0.000000,0.000000,-0.226546,-0.680452,0.240997,0.111877,0.000000,0.000000,0.000000,0.000000
8.0000,0.310000,0.240000,-0.120000,0.670000,0.000000,0.000000,0.000000,-0.235684,-0.697507,0.251933,0.106249,0.000000,0.000000,0.000000,0.000000
8.0167,0.310000,0.240000,-0.120000,0.670000,0.000000,0.000000,0.000000,-0.242399,-0.715105,0.261903,0.102194,0.000000,0.000000,0.000000,0.000000
8.0333,0.310000,0.240000,-0.120000,0.670000,0.000000,0.000000,0.000000,-0.246658,-0.733043,0.270614,0.099826,0.000000,0.000000,0.000000,0.000000
8.0500,0.310000,0.240000,-0.120000,0.670000,0.000000,0.000000,0.000000,-0.248483,-0.751083,0.277856,0.099268,0.000000,0.000000,0.000000,0.000000
8.0667,0.310000,0.240000,-0.120000,0.670000,0.000000,0.000000,0.000000,-0.247964,-0.768956,0.283510,0.100650,0.000000,0.000000,0.000000,0.000000
8.0833,0.310000,0.240000,-0.120000,0.670000,0.000000,0.000000,0.000000,-0.245260,-0.786364,0.287555,0.104110,0.000000,0.000000,0.000000,0.000000
8.1000,0.310000,0.240000,-0.120000,0.670000,0.000000,0.000000,0.000000,-0.240593,-0.802995,0.290045,0.109780,0.000000,0.000000,0.000000,0.000000
8.1167,0.310000,0.240000,-0.120000,0.670000,0.000000,0.000000,0.000000,-0.234211,-0.818537,0.291081,0.117770,0.000000,0.000000,0.000000,0.000000
8.1333,0.310000,0.240000,-0.120000,0.670000,0.000000,0.000000,0.000000,-0.226349,-0.832699,0.290764,0.128146,0.000000,0.000000,0.000000,0.000000
8.1500,0.310000,0.240000,-0.120000,0.670000,0.000000,0.000000,0.000000,-0.217207,-0.845223,0.289176,0.140914,0.000000,0.000000,0.000000,0.000000
8.1667,0.310000,0.240000,-0.120000,0.670000,0.000000,0.000000,0.000000,-0.206952,-0.855887,0.286367,0.156019,0.000000,0.000000,0.000000,0.000000
8.1833,0.310000,0.240000,-0.120000,0.670000,0.000000,0.000000,0.000000,-0.195753,-0.864516,0.282378,0.173345,0.000000,0.000000,0.000000,0.000000
8.2000,0.310000,0.240000,-0.120000,0.670000,0.000000,0.000000,0.000000,-0.183817,-0.870982,0.277262,0.192724,0.000000,0.000000,0.000000,0.000000
8.2167,0.310000,0.240000,-0.120000,0.670000,0.000000,0.000000,0.000000,-0.171419,-0.875210,0.271096,0.213949,0.000000,0.000000,0.000000,0.000000
8.2333,0.310000,0.240000,-0.120000,0.670000,0.000000,0.000000,0.000000,-0.158899,-0.877186,0.263966,0.236790,0.000000,0.000000,0.000000,0.000000
8.2500,0.310000,0.240000,-0.120000,0.670000,0.000000,0.000000,0.000000,-0.146633,-0.876962,0.255947,0.260995,0.000000,0.000000,0.000000,0.000000
8.2667,0.310000,0.240000,-0.120000,0.670000,0.000000,0.000000,0.000000,-0.134990,-0.874657,0.247078,0.286289,0.000000,0.000000,0.000000,0.000000
8.2833,0.310000,0.240000,-0.120000,0.670000,0.000000,0.000000,0.000000,-0.124287,-0.870442,0.237352,0.312360,0.000000,0.000000,0.000000,0.000000
8.3000,0.310000,0.240000,-0.120000,0.670000,0.000000,0.000000,0.000000,-0.114753,-0.864536,0.226715,0.338858,0.000000,0.000000,0.000000,0.000000
8.3167,0.310000,0.240000,-0.120000,0.670000,0.000000,0.000000,0.000000,-0.106515,-0.857187,0.215076,0.365397,0.000000,0.000000,0.000000,0.000000
8.3333,0.310000,0.240000,-0.120000,0.670000,0.000000,0.000000,0.000000,-0.099582,-0.848662,0.202312,0.391581,0.000000,0.000000,0.000000,0.000000
8.3500,0.310000,0.240000,-0.120000,0.670000,0.000000,0.000000,0.000000,-0.093864,-0.839229,0.188287,0.417047,0.000000,0.000000,0.000000,0.000000
8.3667,0.310000,0.240000,-0.120000,0.670000,0.000000,0.000000,0.000000,-0.089193,-0.829144,0.172869,0.441508,0.000000,0.000000,0.000000,0.000000
8.3833,0.310000,0.240000,-0.120000,0.670000,0.000000,0.000000,0.000000,-0.085354,-0.818633,0.155971,0.464794,0.000000,0.000000,0.000000,0.000000
8.4000,0.310000,0.240000,-0.120000,0.670000,0.000000,0.000000,0.000000,-0.082110,-0.807890,0.137578,0.486870,0.000000,0.000000,0.000000,0.000000
8.4167,0.310000,0.240000,-0.120000,0.670000,0.000000,0.000000,0.000000,-0.079217,-0.797064,0.117797,0.507835,0.000000,0.000000,0.000000,0.000000
8.4333,0.310000,0.240000,-0.120000,0.670000,0.000000,0.000000,0.000000,-0.076427,-0.786259,0.096890,0.527904,0.000000,0.000000,0.000000,0.000000
8.4500,0.310000,0.240000,-0.120000,0.670000,0.000000,0.000000,0.000000,-0.073483,-0.775527,0.075294,0.547377,0.000000,0.000000,0.000000,0.000000
8.4667,0.310000,0.240000,-0.120000,0.670000,0.000000,0.000000,0.000000,-0.070101,-0.764862,0.053618,0.566609,0.000000,0.000000,0.000000,0.000000
8.4833,0.310000,0.240000,-0.120000,0.670000,0.000000,0.000000,0.000000,-0.065967,-0.754188,0.032616,0.585997,0.000000,0.000000,0.000000,0.000000
8.5000,0.310000,0.240000,-0.120000,0.670000,0.000000,0.000000,0.000000,-0.060745,-0.743349,0.013137,0.605987,0.000000,0.000000,0.000000,0.000000
8.5167,0.310000,0.240000,-0.120000,0.670000,0.000000,0.000000,0.000000,-0.054099,-0.732112,-0.003919,0.627127,0.000000,0.000000,0.000000,0.000000
8.5333,0.310000,0.240000,-0.120000,0.670000,0.000000,0.000000,0.000000,-0.045736,-0.720176,-0.017631,0.650108,0.000000,0.000000,0.000000,0.000000
8.5500,0.310000,0.240000,-0.120000,0.670000,0.000000,0.000000,0.000000,-0.035442,-0.707197,-0.027058,0.675791,0.000000,0.000000,0.000000,0.000000
8.5667,0.310000,0.240000,-0.120000,0.670000,0.000000,0.000000,0.000000,-0.023126,-0.692815,-0.031219,0.705219,0.000000,0.000000,0.000000,0.000000
8.5833,0.310000,0.240000,-0.120000,0.670000,0.000000,0.000000,0.000000,-0.008869,-0.676677,-0.029090,0.739619,0.000000,0.000000,0.000000,0.000000
8.6000,0.310000,0.240000,-0.120000,0.670000,0.000000,0.000000,0.000000,0.007051,-0.658464,-0.019602,0.780374,0.000000,0.000000,0.000000,0.000000
8.6167,0.310000,0.240000,-0.120000,0.670000,0.000000,0.000000,0.000000,0.024167,-0.637929,-0.001681,0.828933,0.000000,0.000000,0.000000,0.000000
8.6333,0.310000,0.240000,-0.120000,0.670000,0.000000,0.000000,0.000000,0.041861,-0.614924,0.025705,0.886656,0.000000,0.000000,0.000000,0.000000
8.6500,0.310000,0.240000,-0.120000,0.670000,0.000000,0.000000,0.000000,0.059421,-0.589442,0.063476,0.954626,0.000000,0.000000,0.000000,0.000000
8.6667,0.310000,0.240000,-0.120000,0.670000,0.000000,0.000000,0.000000,0.076103,-0.561637,0.112368,1.033431,0.000000,0.000000,0.000000,0.000000
8.6833,0.310000,0.240000,-0.120000,0.670000,0.000000,0.000000,0.000000,0.091179,-0.531859,0.172841,1.122946,0.000000,0.000000,0.000000,0.000000
8.7333,0.310000,0.240000,-0.120000,0.670000,0.000000,0.000000,0.000000,0.104007,-0.500640,0.244895,1.222150,0.000000,0.000000,0.000000,0.000000
8.8167,0.310000,0.240000,-0.120000,0.670000,0.000000,0.000000,0.000000,0.114103,-0.468622,0.327696,1.329057,0.000000,0.000000,0.000000,0.000000
8.8333,0.310000,0.240000,-0.120000,0.670000,0.000000,0.000000,0.000000,0.121232,-0.436445,0.419130,1.440851,0.000000,0.000000,0.000000,0.000000
8.8500,0.310000,0.240000,-0.120000,0.670000,0.000000,0.000000,0.000000,0.125450,-0.404690,0.515745,1.554149,0.000000,0.000000,0.000000,0.000000
8.8667,0.310000,0.240000,-0.120000,0.670000,0.000000,0.000000,0.000000,0.127073,-0.373909,0.613321,1.665326,0.000000,0.000000,0.000000,0.000000
8.8833,0.310000,0.240000,-0.120000,0.670000,0.000000,0.000000,0.000000,0.126570,-0.344669,0.707700,1.770886,0.000000,0.000000,0.000000,0.000000
8.9000,0.310000,0.240000,-0.120000,0.670000,0.000000,0.000000,0.000000,0.124468,-0.317553,0.795334,1.867743,0.000000,0.000000,0.000000,0.000000
8.9167,0.310000,0.240000,-0.120000,0.670000,0.000000,0.000000,0.000000,0.121295,-0.293131,0.873413,1.953304,0.000000,0.000000,0.000000,0.000000
8.9333,0.310000,0.240000,-0.120000,0.670000,0.000000,0.000000,0.000000,0.117540,-0.271934,0.939783,2.025431,0.000000,0.000000,0.000000,0.000000
8.9500,0.310000,0.240000,-0.120000,0.670000,0.000000,0.000000,0.000000,0.113642,-0.254421,0.992837,2.082404,0.000000,0.000000,0.000000,0.000000
8.9667,0.310000,0.240000,-0.120000,0.670000,0.000000,0.000000,0.000000,0.109975,-0.240949,1.031428,2.122888,0.000000,0.000000,0.000000,0.000000
8.9833,0.310000,0.240000,-0.120000,0.670000,0.000000,0.000000,0.000000,0.106848,-0.231744,1.054803,2.145910,0.000000,0.000000,0.000000,0.000000
9.0000,0.310000,0.240000,-0.120000,0.670000,0.000000,0.000000,0.000000,0.104513,-0.226888,1.062553,2.150839,0.000000,0.000000,0.000000,0.000000
9.0167,0.310000,0.240000,-0.120000,0.670000,0.000000,0.000000,0.000000,0.103157,-0.226312,1.054570,2.137376,0.000000,0.000000,0.000000,0.000000
9.0333,0.310000,0.240000,-0.120000,0.670000,0.000000,0.000000,0.000000,0.102898,-0.229804,1.031030,2.105548,0.000000,0.000000,0.000000,0.000000
9.0500,0.310000,0.240000,-0.120000,0.670000,0.000000,0.000000,0.000000,0.103787,-0.237026,0.992393,2.055721,0.000000,0.000000,0.000000,0.000000
9.0667,0.310000,0.240000,-0.120000,0.670000,0.000000,0.000000,0.000000,0.105806,-0.247540,0.939434,1.988613,0.000000,0.000000,0.000000,0.000000
9.0833,0.310000,0.240000,-0.120000,0.670000,0.000000,0.000000,0.000000,0.108885,-0.260839,0.873314,1.905332,0.000000,0.000000,0.000000,0.000000
9.1000,0.310000,0.240000,-0.120000,0.670000,0.000000,0.000000,0.000000,0.112906,-0.276359,0.795675,1.807441,0.000000,0.000000,0.000000,0.000000
9.1167,0.310000,0.240000,-0.120000,0.670000,0.000000,0.000000,0.000000,0.117710,-0.293483,0.708772,1.697077,0.000000,0.000000,0.000000,0.000000
9.1333,0.310000,0.240000,-0.120000,0.670000,0.000000,0.000000,0.000000,0.123083,-0.311528,0.615634,1.577117,0.000000,0.000000,0.000000,0.000000
9.2333,0.310000,0.240000,-0.120000,0.670000,0.000000,0.000000,0.000000,0.128759,-0.329750,0.520095,1.451245,0.000000,0.000000,0.000000,0.000000
9.2500,0.310000,0.240000,-0.120000,0.670000,0.000000,0.000000,0.000000,0.134435,-0.347454,0.426363,1.323614,0.000000,0.000000,0.000000,0.000000
9.2667,0.310000,0.240000,-0.120000,0.670000,0.000000,0.000000,0.000000,0.139827,-0.364135,0.338208,1.198162,0.000000,0.000000,0.000000,0.000000
9.2833,0.310000,0.240000,-0.120000,0.670000,0.000000,0.000000,0.000000,0.144697,-0.379532,0.258440,1.078122,0.000000,0.000000,0.000000,0.000000
9.3000,0.310000,0.240000,-0.120000,0.670000,0.000000,0.000000,0.000000,0.148853,-0.393588,0.188903,0.965894,0.000000,0.000000,0.000000,0.000000
9.3167,0.310000,0.240000,-0.120000,0.670000,0.000000,0.000000,0.000000,0.152139,-0.406388,0.130654,0.863085,0.000000,0.000000,0.000000,0.000000
9.3333,0.310000,0.240000,-0.120000,0.670000,0.000000,0.000000,0.000000,0.154421,-0.418112,0.084115,0.770592,0.000000,0.000000,0.000000,0.000000
9.3500,0.310000,0.240000,-0.120000,0.670000,0.000000,0.000000,0.000000,0.155576,-0.428992,0.049191,0.688710,0.000000,0.000000,0.000000,0.000000
9.3667,0.310000,0.240000,-0.120000,0.670000,0.000000,0.000000,0.000000,0.155477,-0.439282,0.025387,0.617243,0.000000,0.000000,0.000000,0.000000
9.3833,0.310000,0.240000,-0.120000,0.670000,0.000000,0.000000,0.000000,0.153979,-0.449238,0.011899,0.555627,0.000000,0.000000,0.000000,0.000000
9.4000,0.310000,0.240000,-0.120000,0.670000,0.000000,0.000000,0.000000,0.150912,-0.459082,0.007684,0.503027,0.000000,0.000000,0.000000,0.000000
9.4167,0.310000,0.240000,-0.120000,0.670000,0.000000,0.000000,0.000000,0.146076,-0.468978,0.011513,0.458442,0.000000,0.000000,0.000000,0.000000
9.4333,0.310000,0.240000,-0.120000,0.670000,0.000000,0.000000,0.000000,0.139242,-0.479016,0.022028,0.420788,0.000000,0.000000,0.000000,0.000000
9.4500,0.310000,0.240000,-0.120000,0.670000,0.000000,0.000000,0.000000,0.130166,-0.489221,0.037800,0.388959,0.000000,0.000000,0.000000,0.000000
9.4667,0.310000,0.240000,-0.120000,0.670000,0.000000,0.000000,0.000000,0.118616,-0.499567,0.057402,0.361868,0.000000,0.000000,0.000000,0.000000
9.4833,0.310000,0.240000,-0.120000,0.670000,0.000000,0.000000,0.000000,0.104403,-0.509996,0.079481,0.338475,0.000000,0.000000,0.000000,0.000000
9.5000,0.310000,0.240000,-0.120000,0.670000,0.000000,0.000000,0.000000,0.087406,-0.520441,0.102818,0.317804,0.000000,0.000000,0.000000,0.000000
9.5167,0.310000,0.240000,-0.120000,0.670000,0.000000,0.000000,0.000000,0.067604,-0.530839,0.126380,0.298963,0.000000,0.000000,0.000000,0.000000
9.5333,0.310000,0.240000,-0.120000,0.670000,0.000000,0.000000,0.000000,0.045116,-0.541151,0.149333,0.281152,0.000000,0.000000,0.000000,0.000000
9.5500,0.310000,0.240000,-0.120000,0.670000,0.000000,0.000000,0.000000,0.020229,-0.551367,0.171044,0.263676,0.000000,0.000000,0.000000,0.000000
9.5667,0.310000,0.240000,-0.120000,0.670000,0.000000,0.000000,0.000000,-0.006589,-0.561519,0.191068,0.245958,0.000000,0.000000,0.000000,0.000000
9.5833,0.310000,0.240000,-0.120000,0.670000,0.000000,0.000000,0.000000,-0.034683,-0.571674,0.209113,0.227548,0.000000,0.000000,0.000000,0.000000
9.6000,0.310000,0.240000,-0.120000,0.670000,0.000000,0.000000,0.000000,-0.063229,-0.581937,0.224998,0.208116,0.000000,0.000000,0.000000,0.000000
9.6167,0.310000,0.240000,-0.120000,0.670000,0.000000,0.000000,0.000000,-0.091268,-0.592436,0.238611,0.187457,0.000000,0.000000,0.000000,0.000000
9.6333,0.310000,0.240000,-0.120000,0.670000,0.000000,0.000000,0.000000,-0.117790,-0.603292,0.249889,0.165495,0.000000,0.000000,0.000000,0.000000
9.6500,0.310000,0.240000,-0.120000,0.670000,0.000000,0.000000,0.000000,-0.141850,-0.614595,0.258826,0.142316,0.000000,0.000000,0.000000,0.000000
9.6667,0.310000,0.240000,-0.120000,0.670000,0.000000,0.000000,0.000000,-0.162699,-0.626363,0.265492,0.118193,0.000000,0.000000,0.000000,0.000000
9.6833,0.310000,0.240000,-0.120000,0.670000,0.000000,0.000000,0.000000,-0.179876,-0.638532,0.270045,0.093590,0.000000,0.000000,0.000000,0.000000
9.7000,0.310000,0.240000,-0.120000,0.670000,0.000000,0.000000,0.000000,-0.193224,-0.650955,0.272721,0.069118,0.000000,0.000000,0.000000,0.000000
9.7167,0.310000,0.240000,-0.120000,0.670000,0.000000,0.000000,0.000000,-0.202870,-0.663428,0.273819,0.045458,0.000000,0.000000,0.000000,0.000000
9.7333,0.310000,0.240000,-0.120000,0.670000,0.000000,0.000000,0.000000,-0.209162,-0.675724,0.273682,0.023281,0.000000,0.000000,0.000000,0.000000
9.7500,0.310000,0.240000,-0.120000,0.670000,0.000000,0.000000,0.000000,-0.212593,-0.687629,0.272671,0.003181,0.000000,0.000000,0.000000,0.000000
9.7667,0.310000,0.240000,-0.120000,0.670000,0.000000,0.000000,0.000000,-0.213731,-0.698962,0.271139,-0.014363,0.000000,0.000000,0.000000,0.000000
9.7833,0.310000,0.240000,-0.120000,0.670000,0.000000,0.000000,0.000000,-0.213164,-0.709590,0.269421,-0.029010,0.000000,0.000000,0.000000,0.000000
9.8000,0.310000,0.240000,-0.120000,0.670000,0.000000,0.000000,0.000000,-0.211467,-0.719432,0.267820,-0.040549,0.000000,0.000000,0.000000,0.000000
9.8167,0.310000,0.240000,-0.120000,0.670000,0.000000,0.000000,0.000000,-0.209185,-0.728454,0.266609,-0.048878,0.000000,0.000000,0.000000,0.000000
9.8333,0.310000,0.240000,-0.120000,0.670000,0.000000,0.000000,0.000000,-0.206826,-0.736663,0.266031,-0.053976,0.000000,0.000000,0.000000,0.000000
9.8500,0.310000,0.240000,-0.120000,0.670000,0.000000,0.000000,0.000000,-0.204856,-0.744105,0.266290,-0.055883,0.000000,0.000000,0.000000,0.000000
9.8667,0.310000,0.240000,-0.120000,0.670000,0.000000,0.000000,0.000000,-0.203661,-0.750852,0.267518,-0.054674,0.000000,0.000000,0.000000,0.000000
9.8833,0.310000,0.240000,-0.120000,0.670000,0.000000,0.000000,0.000000,-0.203519,-0.756985,0.269728,-0.050443,0.000000,0.000000,0.000000,0.000000
9.9000,0.310000,0.240000,-0.120000,0.670000,0.000000,0.000000,0.000000,-0.204562,-0.762556,0.272767,-0.043274,0.000000,0.000000,0.000000,0.000000
9.9167,0.310000,0.240000,-0.120000,0.670000,0.000000,0.000000,0.000000,-0.206767,-0.767557,0.276284,-0.033220,0.000000,0.000000,0.000000,0.000000
9.9333,0.310000,0.240000,-0.120000,0.670000,0.000000,0.000000,0.000000,-0.209960,-0.771895,0.279736,-0.020288,0.000000,0.000000,0.000000,0.000000
9.9500,0.310000,0.240000,-0.120000,0.670000,0.000000,0.000000,0.000000,-0.213831,-0.775390,0.282393,-0.004431,0.000000,0.000000,0.000000,0.000000
9.9667,0.310000,0.240000,-0.120000,0.670000,0.000000,0.000000,0.000000,-0.217949,-0.777788,0.283365,0.014448,0.000000,0.000000,0.000000,0.000000
9.9833,0.310000,0.240000,-0.120000,0.670000,0.000000,0.000000,0.000000,-0.221806,-0.778786,0.281660,0.036491,0.000000,0.000000,0.000000,0.000000
10.0000,0.310000,0.240000,-0.120000,0.670000,0.000000,0.000000,0.000000,-0.224868,-0.778052,0.276254,0.061872,0.000000,0.000000,0.000000,0.000000
10.0167,0.310000,0.240000,-0.120000,0.670000,0.000000,0.000000,0.000000,-0.226633,-0.775258,0.266189,0.090770,0.000000,0.000000,0.000000,0.000000
10.0333,0.310000,0.240000,-0.120000,0.670000,0.000000,0.000000,0.000000,-0.226665,-0.770118,0.250641,0.123337,0.000000,0.000000,0.000000,0.000000
10.0500,0.310000,0.240000,-0.120000,0.670000,0.000000,0.000000,0.000000,-0.224611,-0.762454,0.228984,0.159652,0.000000,0.000000,0.000000,0.000000
10.0667,0.310000,0.240000,-0.120000,0.670000,0.000000,0.000000,0.000000,-0.220200,-0.752243,0.200838,0.199666,0.000000,0.000000,0.000000,0.000000
10.0833,0.310000,0.240000,-0.120000,0.670000,0.000000,0.000000,0.000000,-0.213266,-0.739672,0.166132,0.243137,0.000000,0.000000,0.000000,0.000000
10.1000,0.310000,0.240000,-0.120000,0.670000,0.000000,0.000000,0.000000,-0.203794,-0.725161,0.125209,0.289575,0.000000,0.000000,0.000000,0.000000
10.1333,0.310000,0.240000,-0.120000,0.670000,0.000000,0.000000,0.000000,-0.191992,-0.709364,0.078934,0.338210,0.000000,0.000000,0.000000,0.000000
10.2000,0.310000,0.240000,-0.120000,0.670000,0.000000,0.000000,0.000000,-0.178307,-0.693105,0.028713,0.388026,0.000000,0.000000,0.000000,0.000000
10.2167,0.310000,0.240000,-0.120000,0.670000,0.000000,0.000000,0.000000,-0.163342,-0.677251,-0.023742,0.437912,0.000000,0.000000,0.000000,0.000000
10.2333,0.310000,0.240000,-0.120000,0.670000,0.000000,0.000000,0.000000,-0.147684,-0.662547,-0.076815,0.486860,0.000000,0.000000,0.000000,0.000000
10.2500,0.310000,0.240000,-0.120000,0.670000,0.000000,0.000000,0.000000,-0.131787,-0.649524,-0.129305,0.534075,0.000000,0.000000,0.000000,0.000000
10.2667,0.310000,0.240000,-0.120000,0.670000,0.000000,0.000000,0.000000,-0.115925,-0.638455,-0.180541,0.578962,0.000000,0.000000,0.000000,0.000000
10.3000,0.310000,0.240000,-0.120000,0.670000,0.000000,0.000000,0.000000,-0.100198,-0.629354,-0.230344,0.621062,0.000000,0.000000,0.000000,0.000000
10.3167,0.310000,0.240000,-0.120000,0.670000,0.000000,0.000000,0.000000,-0.084557,-0.621998,-0.278956,0.660005,0.000000,0.000000,0.000000,0.000000
10.3333,0.310000,0.240000,-0.120000,0.670000,0.000000,0.000000,0.000000,-0.068875,-0.615952,-0.327025,0.695497,0.000000,0.000000,0.000000,0.000000
10.3500,0.310000,0.240000,-0.120000,0.670000,0.000000,0.000000,0.000000,-0.053003,-0.610607,-0.375604,0.727344,0.000000,0.000000,0.000000,0.000000
10.3667,0.310000,0.240000,-0.120000,0.670000,0.000000,0.000000,0.000000,-0.036836,-0.605241,-0.426137,0.755474,0.000000,0.000000,0.000000,0.000000
10.3833,0.310000,0.240000,-0.120000,0.670000,0.000000,0.000000,0.000000,-0.020346,-0.599088,-0.480371,0.779975,0.000000,0.000000,0.000000,0.000000
10.4000,0.310000,0.240000,-0.120000,0.670000,0.000000,0.000000,0.000000,-0.003618,-0.591417,-0.540209,0.801131,0.000000,0.000000,0.000000,0.000000
10.4333,0.310000,0.240000,-0.120000,0.670000,0.000000,0.000000,0.000000,0.013139,-0.581609,-0.607526,0.819431,0.000000,0.000000,0.000000,0.000000
10.4500,0.310000,0.240000,-0.120000,0.670000,0.000000,0.000000,0.000000,0.029602,-0.569193,-0.683911,0.835490,0.000000,0.000000,0.000000,0.000000
10.4667,0.310000,0.240000,-0.120000,0.670000,0.000000,0.000000,0.000000,0.045364,-0.553874,-0.770382,0.849876,0.000000,0.000000,0.000000,0.000000
10.4833,0.310000,0.240000,-0.120000,0.670000,0.000000,0.000000,0.000000,0.059984,-0.535555,-0.867066,0.862925,0.000000,0.000000,0.000000,0.000000
10.5000,0.310000,0.240000,-0.120000,0.670000,0.000000,0.000000,0.000000,0.073028,-0.514363,-0.972881,0.874548,0.000000,0.000000,0.000000,0.000000
10.6000,0.310000,0.240000,-0.120000,0.670000,0.000000,0.000000,0.000000,0.084129,-0.490648,-1.085306,0.884146,0.000000,0.000000,0.000000,0.000000
10.6167,0.310000,0.240000,-0.120000,0.670000,0.000000,0.000000,0.000000,0.093075,-0.464905,-1.200489,0.890754,0.000000,0.000000,0.000000,0.000000
10.6500,0.310000,0.240000,-0.120000,0.670000,0.000000,0.000000,0.000000,0.099880,-0.437624,-1.313795,0.893368,0.000000,0.000000,0.000000,0.000000
10.6667,0.310000,0.240000,-0.120000,0.670000,0.000000,0.000000,0.000000,0.104775,-0.409168,-1.420518,0.891181,0.000000,0.000000,0.000000,0.000000
10.7000,0.310000,0.240000,-0.120000,0.670000,0.000000,0.000000,0.000000,0.108126,-0.379762,-1.516493,0.883658,0.000000,0.000000,0.000000,0.000000
10.7167,0.310000,0.240000,-0.120000,0.670000,0.000000,0.000000,0.000000,0.110380,-0.349569,-1.598466,0.870607,0.000000,0.000000,0.000000,0.000000
10.7500,0.310000,0.240000,-0.120000,0.670000,0.000000,0.000000,0.000000,0.112057,-0.318798,-1.664216,0.852285,0.000000,0.000000,0.000000,0.000000
10.7667,0.310000,0.240000,-0.120000,0.670000,0.000000,0.000000,0.000000,0.113714,-0.287779,-1.712569,0.829390,0.000000,0.000000,0.000000,0.000000
10.7833,0.310000,0.240000,-0.120000,0.670000,0.000000,0.000000,0.000000,0.115850,-0.256962,-1.743370,0.802917,0.000000,0.000000,0.000000,0.000000
10.8000,0.310000,0.240000,-0.120000,0.670000,0.000000,0.000000,0.000000,0.118821,-0.226891,-1.757383,0.773985,0.000000,0.000000,0.000000,0.000000
10.8167,0.310000,0.240000,-0.120000,0.670000,0.000000,0.000000,0.000000,0.122788,-0.198163,-1.756106,0.743725,0.000000,0.000000,0.000000,0.000000
10.8333,0.310000,0.240000,-0.120000,0.670000,0.000000,0.000000,0.000000,0.127736,-0.171395,-1.741517,0.713213,0.000000,0.000000,0.000000,0.000000
10.8500,0.310000,0.240000,-0.120000,0.670000,0.000000,0.000000,0.000000,0.133516,-0.147191,-1.715799,0.683433,0.000000,0.000000,0.000000,0.000000
10.8667,0.310000,0.240000,-0.120000,0.670000,0.000000,0.000000,0.000000,0.139918,-0.126119,-1.681048,0.655263,0.000000,0.000000,0.000000,0.000000
10.8833,0.310000,0.240000,-0.120000,0.670000,0.000000,0.000000,0.000000,0.146749,-0.108694,-1.639040,0.629454,0.000000,0.000000,0.000000,0.000000
10.9000,0.310000,0.240000,-0.120000,0.670000,0.000000,0.000000,0.000000,0.153874,-0.095363,-1.591083,0.606604,0.000000,0.000000,0.000000,0.000000
10.9167,0.310000,0.240000,-0.120000,0.670000,0.000000,0.000000,0.000000,0.161234,-0.086498,-1.537971,0.587135,0.000000,0.000000,0.000000,0.000000
10.9333,0.310000,0.240000,-0.120000,0.670000,0.000000,0.000000,0.000000,0.168821,-0.082370,-1.480063,0.571280,0.000000,0.000000,0.000000,0.000000
10.9500,0.310000,0.240000,-0.120000,0.670000,0.000000,0.000000,0.000000,0.176625,-0.083140,-1.417425,0.559075,0.000000,0.000000,0.000000,0.000000
10.9667,0.310000,0.240000,-0.120000,0.670000,0.000000,0.000000,0.000000,0.184585,-0.088838,-1.350004,0.550372,0.000000,0.000000,0.000000,0.000000
10.9833,0.310000,0.240000,-0.120000,0.670000,0.000000,0.000000,0.000000,0.192541,-0.099348,-1.277776,0.544846,0.000000,0.000000,0.000000,0.000000
11.0000,0.310000,0.240000,-0.120000,0.670000,0.000000,0.000000,0.000000,0.200212,-0.114390,-1.200904,0.542003,0.000000,0.000000,0.000000,0.000000
11.0500,0.310000,0.240000,-0.120000,0.670000,0.000000,0.000000,0.000000,0.207187,-0.133509,-1.119851,0.541208,0.000000,0.000000,0.000000,0.000000
11.0667,0.310000,0.240000,-0.120000,0.670000,0.000000,0.000000,0.000000,0.212980,-0.156109,-1.035352,0.541758,0.000000,0.000000,0.000000,0.000000
11.0833,0.310000,0.240000,-0.120000,0.670000,0.000000,0.000000,0.000000,0.217152,-0.181532,-0.948253,0.542982,0.000000,0.000000,0.000000,0.000000
11.1000,0.310000,0.240000,-0.120000,0.670000,0.000000,0.000000,0.000000,0.219399,-0.209115,-0.859369,0.544312,0.000000,0.000000,0.000000,0.000000
11.1167,0.310000,0.240000,-0.120000,0.670000,0.000000,0.000000,0.000000,0.219577,-0.238194,-0.769500,0.545287,0.000000,0.000000,0.000000,0.000000
11.1333,0.310000,0.240000,-0.120000,0.670000,0.000000,0.000000,0.000000,0.217678,-0.268089,-0.679491,0.545549,0.000000,0.000000,0.000000,0.000000
11.1500,0.310000,0.240000,-0.120000,0.670000,0.000000,0.000000,0.000000,0.213792,-0.298087,-0.590265,0.544833,0.000000,0.000000,0.000000,0.000000
11.1667,0.310000,0.240000,-0.120000,0.670000,0.000000,0.000000,0.000000,0.208081,-0.327453,-0.502803,0.542973,0.000000,0.000000,0.000000,0.000000
11.1833,0.310000,0.240000,-0.120000,0.670000,0.000000,0.000000,0.000000,0.200750,-0.355457,-0.418095,0.539892,0.000000,0.000000,0.000000,0.000000
11.2000,0.310000,0.240000,-0.120000,0.670000,0.000000,0.000000,0.000000,0.192031,-0.381394,-0.337114,0.535593,0.000000,0.000000,0.000000,0.000000
11.2167,0.310000,0.240000,-0.120000,0.670000,0.000000,0.000000,0.000000,0.182170,-0.404627,-0.260782,0.530146,0.000000,0.000000,0.000000,0.000000
11.2333,0.310000,0.240000,-0.120000,0.670000,0.000000,0.000000,0.000000,0.171415,-0.424635,-0.189927,0.523674,0.000000,0.000000,0.000000,0.000000
11.2500,0.310000,0.240000,-0.120000,0.670000,0.000000,0.000000,0.000000,0.160011,-0.441072,-0.125217,0.516341,0.000000,0.000000,0.000000,0.000000
11.2667,0.310000,0.240000,-0.120000,0.670000,0.000000,0.000000,0.000000,0.148184,-0.453807,-0.067107,0.508323,0.000000,0.000000,0.000000,0.000000
11.2833,0.310000,0.240000,-0.120000,0.670000,0.000000,0.000000,0.000000,0.136129,-0.462929,-0.015807,0.499791,0.000000,0.000000,0.000000,0.000000
11.3000,0.310000,0.240000,-0.120000,0.670000,0.000000,0.000000,0.000000,0.123992,-0.468734,0.028716,0.490883,0.000000,0.000000,0.000000,0.000000
11.3167,0.310000,0.240000,-0.120000,0.670000,0.000000,0.000000,0.000000,0.111859,-0.471696,0.066732,0.481690,0.000000,0.000000,0.000000,0.000000
11.3333,0.310000,0.240000,-0.120000,0.670000,0.000000,0.000000,0.000000,0.099758,-0.472418,0.098703,0.472244,0.000000,0.000000,0.000000,0.000000
11.3500,0.310000,0.240000,-0.120000,0.670000,0.000000,0.000000,0.000000,0.087657,-0.471587,0.125230,0.462526,0.000000,0.000000,0.000000,0.000000
11.3667,0.310000,0.240000,-0.120000,0.670000,0.000000,0.000000,0.000000,0.075470,-0.469913,0.146971,0.452489,0.000000,0.000000,0.000000,0.000000
11.3833,0.310000,0.240000,-0.120000,0.670000,0.000000,0.000000,0.000000,0.063068,-0.468068,0.164572,0.442078,0.000000,0.000000,0.000000,0.000000
11.4000,0.310000,0.240000,-0.120000,0.670000,0.000000,0.000000,0.000000,0.050288,-0.466644,0.178621,0.431247,0.000000,0.000000,0.000000,0.000000
11.4167,0.310000,0.240000,-0.120000,0.670000,0.000000,0.000000,0.000000,0.036945,-0.466117,0.189634,0.419966,0.000000,0.000000,0.000000,0.000000
11.4333,0.310000,0.240000,-0.120000,0.670000,0.000000,0.000000,0.000000,0.022849,-0.466834,0.198066,0.408218,0.000000,0.000000,0.000000,0.000000
11.4500,0.310000,0.240000,-0.120000,0.670000,0.000000,0.000000,0.000000,0.007806,-0.469006,0.204330,0.396002,0.000000,0.000000,0.000000,0.000000
11.4667,0.310000,0.240000,-0.120000,0.670000,0.000000,0.000000,0.000000,-0.008361,-0.472720,0.208804,0.383337,0.000000,0.000000,0.000000,0.000000
11.4833,0.310000,0.240000,-0.120000,0.670000,0.000000,0.000000,0.000000,-0.025800,-0.477946,0.211843,0.370259,0.000000,0.000000,0.000000,0.000000
11.5000,0.310000,0.240000,-0.120000,0.670000,0.000000,0.000000,0.000000,-0.044601,-0.484563,0.213788,0.356819,0.000000,0.000000,0.000000,0.000000
11.5167,0.310000,0.240000,-0.120000,0.670000,0.000000,0.000000,0.000000,-0.064777,-0.492385,0.214974,0.343090,0.000000,0.000000,0.000000,0.000000
11.5333,0.310000,0.240000,-0.120000,0.670000,0.000000,0.000000,0.000000,-0.086242,-0.501185,0.215732,0.329171,0.000000,0.000000,0.000000,0.000000
11.5500,0.310000,0.240000,-0.120000,0.670000,0.000000,0.000000,0.000000,-0.108804,-0.510717,0.216368,0.315186,0.000000,0.000000,0.000000,0.000000
11.5667,0.310000,0.240000,-0.120000,0.670000,0.000000,0.000000,0.000000,-0.132149,-0.520741,0.217131,0.301273,0.000000,0.000000,0.000000,0.000000
11.5833,0.310000,0.240000,-0.120000,0.670000,0.000000,0.000000,0.000000,-0.155853,-0.531035,0.218194,0.287576,0.000000,0.000000,0.000000,0.000000
11.6000,0.310000,0.240000,-0.120000,0.670000,0.000000,0.000000,0.000000,-0.179404,-0.541414,0.219648,0.274220,0.000000,0.000000,0.000000,0.000000
11.6167,0.310000,0.240000,-0.120000,0.670000,0.000000,0.000000,0.000000,-0.202255,-0.551724,0.221524,0.261294,0.000000,0.000000,0.000000,0.000000
11.6333,0.310000,0.240000,-0.120000,0.670000,0.000000,0.000000,0.000000,-0.223868,-0.561836,0.223815,0.248828,0.000000,0.000000,0.000000,0.000000
11.6500,0.310000,0.240000,-0.120000,0.670000,0.000000,0.000000,0.000000,-0.243759,-0.571639,0.226498,0.236777,0.000000,0.000000,0.000000,0.000000
11.6667,0.310000,0.240000,-0.120000,0.670000,0.000000,0.000000,0.000000,-0.261520,-0.581048,0.229534,0.225030,0.000000,0.000000,0.000000,0.000000
11.6833,0.310000,0.240000,-0.120000,0.670000,0.000000,0.000000,0.000000,-0.276838,-0.590004,0.232871,0.213430,0.000000,0.000000,0.000000,0.000000
11.7000,0.310000,0.240000,-0.120000,0.670000,0.000000,0.000000,0.000000,-0.289507,-0.598476,0.236442,0.201807,0.000000,0.000000,0.000000,0.000000
11.7167,0.310000,0.240000,-0.120000,0.670000,0.000000,0.000000,0.000000,-0.299428,-0.606460,0.240170,0.190016,0.000000,0.000000,0.000000,0.000000
11.7333,0.310000,0.240000,-0.120000,0.670000,0.000000,0.000000,0.000000,-0.306619,-0.613962,0.243965,0.177968,0.000000,0.000000,0.000000,0.000000
11.7500,0.310000,0.240000,-0.120000,0.670000,0.000000,0.000000,0.000000,-0.311212,-0.620983,0.247733,0.165663,0.000000,0.000000,0.000000,0.000000
11.7667,0.310000,0.240000,-0.120000,0.670000,0.000000,0.000000,0.000000,-0.313450,-0.627493,0.251373,0.153202,0.000000,0.000000,0.000000,0.000000
11.7833,0.310000,0.240000,-0.120000,0.670000,0.000000,0.000000,0.000000,-0.313670,-0.633415,0.254773,0.140797,0.000000,0.000000,0.000000,0.000000
11.8000,0.310000,0.240000,-0.120000,0.670000,0.000000,0.000000,0.000000,-0.312264,-0.638612,0.257793,0.128744,0.000000,0.000000,0.000000,0.000000
11.8167,0.310000,0.240000,-0.120000,0.670000,0.000000,0.000000,0.000000,-0.309649,-0.642894,0.260268,0.117402,0.000000,0.000000,0.000000,0.000000
11.8333,0.310000,0.240000,-0.120000,0.670000,0.000000,0.000000,0.000000,-0.306230,-0.646032,0.262010,0.107168,0.000000,0.000000,0.000000,0.000000
11.8500,0.310000,0.240000,-0.120000,0.670000,0.000000,0.000000,0.000000,-0.302381,-0.647779,0.262820,0.098462,0.000000,0.000000,0.000000,0.000000
11.8667,0.310000,0.240000,-0.120000,0.670000,0.000000,0.000000,0.000000,-0.298413,-0.647882,0.262465,0.091720,0.000000,0.000000,0.000000,0.000000
11.8833,0.310000,0.240000,-0.120000,0.670000,0.000000,0.000000,0.000000,-0.294545,-0.646108,0.260671,0.087390,0.000000,0.000000,0.000000,0.000000
11.9000,0.310000,0.240000,-0.120000,0.670000,0.000000,0.000000,0.000000,-0.290895,-0.642264,0.257120,0.085927,0.000000,0.000000,0.000000,0.000000
11.9167,0.310000,0.240000,-0.120000,0.670000,0.000000,0.000000,0.000000,-0.287475,-0.636217,0.251475,0.087786,0.000000,0.000000,0.000000,0.000000
11.9333,0.310000,0.240000,-0.120000,0.670000,0.000000,0.000000,0.000000,-0.284211,-0.627919,0.243428,0.093395,0.000000,0.000000,0.000000,0.000000
11.9500,0.310000,0.240000,-0.120000,0.670000,0.000000,0.000000,0.000000,-0.280951,-0.617440,0.232747,0.103128,0.000000,0.000000,0.000000,0.000000
11.9667,0.310000,0.240000,-0.120000,0.670000,0.000000,0.000000,0.000000,-0.277474,-0.604995,0.219333,0.117257,0.000000,0.000000,0.000000,0.000000
11.9833,0.310000,0.240000,-0.120000,0.670000,0.000000,0.000000,0.000000,-0.273510,-0.590980,0.203265,0.135919,0.000000,0.000000,0.000000,0.000000
12.0000,0.310000,0.240000,-0.120000,0.670000,0.000000,0.000000,0.000000,-0.268757,-0.576001,0.184860,0.159076,0.000000,0.000000,0.000000,0.000000
12.0167,0.310000,0.240000,-0.120000,0.670000,0.000000,0.000000,0.000000,-0.262912,-0.560892,0.164724,0.186489,0.000000,0.000000,0.000000,0.000000
12.0333,0.310000,0.240000,-0.120000,0.670000,0.000000,0.000000,0.000000,-0.255697,-0.546724,0.143791,0.217676,0.000000,0.000000,0.000000,0.000000
12.0500,0.310000,0.240000,-0.120000,0.670000,0.000000,0.000000,0.000000,-0.246875,-0.534786,0.123332,0.251881,0.000000,0.000000,0.000000,0.000000
12.1167,0.310000,0.240000,-0.120000,0.670000,0.000000,0.000000,0.000000,-0.236274,-0.526477,0.104870,0.288070,0.000000,0.000000,0.000000,0.000000
12.1500,0.310000,0.240000,-0.120000,0.670000,0.000000,0.000000,0.000000,-0.223844,-0.522980,0.089863,0.325018,0.000000,0.000000,0.000000,0.000000
12.2500,0.310000,0.240000,-0.120000,0.670000,0.000000,0.000000,0.000000,-0.209729,-0.524837,0.079214,0.361477,0.000000,0.000000,0.000000,0.000000
12.2667,0.310000,0.240000,-0.120000,0.670000,0.000000,0.000000,0.000000,-0.194272,-0.531793,0.073039,0.396343,0.000000,0.000000,0.000000,0.000000
12.2833,0.310000,0.240000,-0.120000,0.670000,0.000000,0.000000,0.000000,-0.177909,-0.543032,0.070820,0.428770,0.000000,0.000000,0.000000,0.000000
12.3000,0.310000,0.240000,-0.120000,0.670000,0.000000,0.000000,0.000000,-0.161061,-0.557486,0.071706,0.458199,0.000000,0.000000,0.000000,0.000000
12.3167,0.310000,0.240000,-0.120000,0.670000,0.000000,0.000000,0.000000,-0.144083,-0.574014,0.074698,0.484322,0.000000,0.000000,0.000000,0.000000
12.3333,0.310000,0.240000,-0.120000,0.670000,0.000000,0.000000,0.000000,-0.127227,-0.591512,0.078766,0.507032,0.000000,0.000000,0.000000,0.000000
12.3500,0.310000,0.240000,-0.120000,0.670000,0.000000,0.000000,0.000000,-0.110634,-0.608966,0.082918,0.526377,0.000000,0.000000,0.000000,0.000000
12.3667,0.310000,0.240000,-0.120000,0.670000,0.000000,0.000000,0.000000,-0.094330,-0.625487,0.086242,0.542512,0.000000,0.000000,0.000000,0.000000
12.3833,0.310000,0.240000,-0.120000,0.670000,0.000000,0.000000,0.000000,-0.078238,-0.640310,0.087944,0.555672,0.000000,0.000000,0.000000,0.000000
12.4000,0.310000,0.240000,-0.120000,0.670000,0.000000,0.000000,0.000000,-0.062210,-0.652802,0.087376,0.566137,0.000000,0.000000,0.000000,0.000000
12.4167,0.310000,0.240000,-0.120000,0.670000,0.000000,0.000000,0.000000,-0.046048,-0.662468,0.084065,0.574214,0.000000,0.000000,0.000000,0.000000
12.4333,0.310000,0.240000,-0.120000,0.670000,0.000000,0.000000,0.000000,-0.029527,-0.668943,0.077705,0.580232,0.000000,0.000000,0.000000,0.000000
12.4500,0.310000,0.240000,-0.120000,0.670000,0.000000,0.000000,0.000000,-0.012405,-0.672000,0.068133,0.584538,0.000000,0.000000,0.000000,0.000000
12.4667,0.310000,0.240000,-0.120000,0.670000,0.000000,0.000000,0.000000,0.005550,-0.671541,0.055303,0.587499,0.000000,0.000000,0.000000,0.000000
12.4833,0.310000,0.240000,-0.120000,0.670000,0.000000,0.000000,0.000000,0.024541,-0.667591,0.039254,0.589511,0.000000,0.000000,0.000000,0.000000
12.5000,0.310000,0.240000,-0.120000,0.670000,0.000000,0.000000,0.000000,0.044722,-0.660281,0.020080,0.590985,0.000000,0.000000,0.000000,0.000000
12.5167,0.310000,0.240000,-0.120000,0.670000,0.000000,0.000000,0.000000,0.066179,-0.649830,-0.002095,0.592337,0.000000,0.000000,0.000000,0.000000
12.5333,0.310000,0.240000,-0.120000,0.670000,0.000000,0.000000,0.000000,0.088928,-0.636518,-0.027145,0.593959,0.000000,0.000000,0.000000,0.000000
12.5500,0.310000,0.240000,-0.120000,0.670000,0.000000,0.000000,0.000000,0.112907,-0.620656,-0.054952,0.596183,0.000000,0.000000,0.000000,0.000000
12.5667,0.310000,0.240000,-0.120000,0.670000,0.000000,0.000000,0.000000,0.137971,-0.602564,-0.085389,0.599247,0.000000,0.000000,0.000000,0.000000
12.5833,0.310000,0.240000,-0.120000,0.670000,0.000000,0.000000,0.000000,0.163891,-0.582560,-0.118273,0.603271,0.000000,0.000000,0.000000,0.000000
12.6000,0.310000,0.240000,-0.120000,0.670000,0.000000,0.000000,0.000000,0.190358,-0.560961,-0.153303,0.608238,0.000000,0.000000,0.000000,0.000000
12.6167,0.310000,0.240000,-0.120000,0.670000,0.000000,0.000000,0.000000,0.217004,-0.538093,-0.190005,0.613999,0.000000,0.000000,0.000000,0.000000
12.6333,0.310000,0.240000,-0.120000,0.670000,0.000000,0.000000,0.000000,0.243435,-0.514305,-0.227703,0.620298,0.000000,0.000000,0.000000,0.000000
12.6500,0.310000,0.240000,-0.120000,0.670000,0.000000,0.000000,0.000000,0.269256,-0.489980,-0.265502,0.626809,0.000000,0.000000,0.000000,0.000000
12.6667,0.310000,0.240000,-0.120000,0.670000,0.000000,0.000000,0.000000,0.294100,-0.465542,-0.302307,0.633190,0.000000,0.000000,0.000000,0.000000
12.6833,0.310000,0.240000,-0.120000,0.670000,0.000000,0.000000,0.000000,0.317656,-0.441456,-0.336885,0.639120,0.000000,0.000000,0.000000,0.000000
12.7000,0.310000,0.240000,-0.120000,0.670000,0.000000,0.000000,0.000000,0.339686,-0.418206,-0.367977,0.644325,0.000000,0.000000,0.000000,0.000000
12.7167,0.310000,0.240000,-0.120000,0.670000,0.000000,0.000000,0.000000,0.360030,-0.396266,-0.394437,0.648602,0.000000,0.000000,0.000000,0.000000
12.7333,0.310000,0.240000,-0.120000,0.670000,0.000000,0.000000,0.000000,0.378590,-0.376061,-0.415372,0.651822,0.000000,0.000000,0.000000,0.000000
12.7500,0.310000,0.240000,-0.120000,0.670000,0.000000,0.000000,0.000000,0.395312,-0.357925,-0.430240,0.653915,0.000000,0.000000,0.000000,0.000000
12.7667,0.310000,0.240000,-0.120000,0.670000,0.000000,0.000000,0.000000,0.410182,-0.342087,-0.438881,0.654849,0.000000,0.000000,0.000000,0.000000
12.7833,0.310000,0.240000,-0.120000,0.670000,0.000000,0.000000,0.000000,0.423234,-0.328663,-0.441471,0.654602,0.000000,0.000000,0.000000,0.000000
12.8000,0.310000,0.240000,-0.120000,0.670000,0.000000,0.000000,0.000000,0.434545,-0.317673,-0.438448,0.653150,0.000000,0.000000,0.000000,0.000000
12.8167,0.310000,0.240000,-0.120000,0.670000,0.000000,0.000000,0.000000,0.444220,-0.309057,-0.430422,0.650459,0.000000,0.000000,0.000000,0.000000
12.8333,0.310000,0.240000,-0.120000,0.670000,0.000000,0.000000,0.000000,0.452376,-0.302693,-0.418116,0.646493,0.000000,0.000000,0.000000,0.000000
12.8500,0.310000,0.240000,-0.120000,0.670000,0.000000,0.000000,0.000000,0.459123,-0.298406,-0.402310,0.641226,0.000000,0.000000,0.000000,0.000000
12.8667,0.310000,0.240000,-0.120000,0.670000,0.000000,0.000000,0.000000,0.464549,-0.295990,-0.383811,0.634647,0.000000,0.000000,0.000000,0.000000
12.8833,0.310000,0.240000,-0.120000,0.670000,0.000000,0.000000,0.000000,0.468717,-0.295225,-0.363410,0.626775,0.000000,0.000000,0.000000,0.000000
12.9000,0.310000,0.240000,-0.120000,0.670000,0.000000,0.000000,0.000000,0.471658,-0.295898,-0.341839,0.617672,0.000000,0.000000,0.000000,0.000000
12.9167,0.310000,0.240000,-0.120000,0.670000,0.000000,0.000000,0.000000,0.473364,-0.297821,-0.319733,0.607446,0.000000,0.000000,0.000000,0.000000
12.9333,0.310000,0.240000,-0.120000,0.670000,0.000000,0.000000,0.000000,0.473796,-0.300840,-0.297616,0.596260,0.000000,0.000000,0.000000,0.000000
12.9500,0.310000,0.240000,-0.120000,0.670000,0.000000,0.000000,0.000000,0.472875,-0.304834,-0.275895,0.584319,0.000000,0.000000,0.000000,0.000000
12.9667,0.310000,0.240000,-0.120000,0.670000,0.000000,0.000000,0.000000,0.470493,-0.309698,-0.254874,0.571869,0.000000,0.000000,0.000000,0.000000
12.9833,0.310000,0.240000,-0.120000,0.670000,0.000000,0.000000,0.000000,0.466519,-0.315340,-0.234760,0.559181,0.000000,0.000000,0.000000,0.000000
13.0000,0.310000,0.240000,-0.120000,0.670000,0.000000,0.000000,0.000000,0.460810,-0.321660,-0.215675,0.546544,0.000000,0.000000,0.000000,0.000000
13.0167,0.310000,0.240000,-0.120000,0.670000,0.000000,0.000000,0.000000,0.453231,-0.328555,-0.197655,0.534256,0.000000,0.000000,0.000000,0.000000
13.0333,0.310000,0.240000,-0.120000,0.670000,0.000000,0.000000,0.000000,0.443665,-0.335909,-0.180643,0.522610,0.000000,0.000000,0.000000,0.000000
13.0500,0.310000,0.240000,-0.120000,0.670000,0.000000,0.000000,0.000000,0.432029,-0.343609,-0.164468,0.511874,0.000000,0.000000,0.000000,0.000000
13.0667,0.310000,0.240000,-0.120000,0.670000,0.000000,0.000000,0.000000,0.418285,-0.351553,-0.148833,0.502263,0.000000,0.000000,0.000000,0.000000
13.0833,0.310000,0.240000,-0.120000,0.670000,0.000000,0.000000,0.000000,0.402461,-0.359658,-0.133333,0.493905,0.000000,0.000000,0.000000,0.000000
13.1000,0.310000,0.240000,-0.120000,0.670000,0.000000,0.000000,0.000000,0.384663,-0.367845,-0.117517,0.486833,0.000000,0.000000,0.000000,0.000000
13.1167,0.310000,0.240000,-0.120000,0.670000,0.000000,0.000000,0.000000,0.365083,-0.376017,-0.100983,0.480982,0.000000,0.000000,0.000000,0.000000
13.1333,0.310000,0.240000,-0.120000,0.670000,0.000000,0.000000,0.000000,0.343978,-0.384031,-0.083458,0.476216,0.000000,0.000000,0.000000,0.000000
13.1500,0.310000,0.240000,-0.120000,0.670000,0.000000,0.000000,0.000000,0.321655,-0.391703,-0.064835,0.472350,0.000000,0.000000,0.000000,0.000000
13.1667,0.310000,0.240000,-0.120000,0.670000,0.000000,0.000000,0.000000,0.298438,-0.398821,-0.045185,0.469186,0.000000,0.000000,0.000000,0.000000
13.1833,0.310000,0.240000,-0.120000,0.670000,0.000000,0.000000,0.000000,0.274665,-0.405178,-0.024747,0.466537,0.000000,0.000000,0.000000,0.000000
13.2000,0.310000,0.240000,-0.120000,0.670000,0.000000,0.000000,0.000000,0.250679,-0.410606,-0.003910,0.464226,0.000000,0.000000,0.000000,0.000000
13.2167,0.310000,0.240000,-0.120000,0.670000,0.000000,0.000000,0.000000,0.226828,-0.414996,0.016829,0.462079,0.000000,0.000000,0.000000,0.000000
13.2333,0.310000,0.240000,-0.120000,0.670000,0.000000,0.000000,0.000000,0.203453,-0.418324,0.036930,0.459909,0.000000,0.000000,0.000000,0.000000
13.2500,0.310000,0.240000,-0.120000,0.670000,0.000000,0.000000,0.000000,0.180862,-0.420663,0.055883,0.457509,0.000000,0.000000,0.000000,0.000000
13.2667,0.310000,0.240000,-0.120000,0.670000,0.000000,0.000000,0.000000,0.159300,-0.422184,0.073282,0.454647,0.000000,0.000000,0.000000,0.000000
13.2833,0.310000,0.240000,-0.120000,0.670000,0.000000,0.000000,0.000000,0.138912,-0.423155,0.088873,0.451080,0.000000,0.000000,0.000000,0.000000
13.3000,0.310000,0.240000,-0.120000,0.670000,0.000000,0.000000,0.000000,0.119727,-0.423918,0.102570,0.446558,0.000000,0.000000,0.000000,0.000000
13.3167,0.310000,0.240000,-0.120000,0.670000,0.000000,0.000000,0.000000,0.101649,-0.424854,0.114439,0.440838,0.000000,0.000000,0.000000,0.000000
13.3333,0.310000,0.240000,-0.120000,0.670000,0.000000,0.000000,0.000000,0.084471,-0.426340,0.124660,0.433693,0.000000,0.000000,0.000000,0.000000
13.3500,0.310000,0.240000,-0.120000,0.670000,0.000000,0.000000,0.000000,0.067906,-0.428722,0.133471,0.424929,0.000000,0.000000,0.000000,0.000000
13.3667,0.310000,0.240000,-0.120000,0.670000,0.000000,0.000000,0.000000,0.051622,-0.432281,0.141128,0.414392,0.000000,0.000000,0.000000,0.000000
13.3833,0.310000,0.240000,-0.120000,0.670000,0.000000,0.000000,0.000000,0.035274,-0.437212,0.147879,0.401983,0.000000,0.000000,0.000000,0.000000
13.4000,0.310000,0.240000,-0.120000,0.670000,0.000000,0.000000,0.000000,0.018539,-0.443615,0.153943,0.387673,0.000000,0.000000,0.000000,0.000000
13.4167,0.310000,0.240000,-0.120000,0.670000,0.000000,0.000000,0.000000,0.001150,-0.451491,0.159513,0.371516,0.000000,0.000000,0.000000,0.000000
13.4333,0.310000,0.240000,-0.120000,0.670000,0.000000,0.000000,0.000000,-0.017067,-0.460762,0.164751,0.353659,0.000000,0.000000,0.000000,0.000000
13.4500,0.310000,0.240000,-0.120000,0.670000,0.000000,0.000000,0.000000,-0.036157,-0.471295,0.169794,0.334352,0.000000,0.000000,0.000000,0.000000
13.4667,0.310000,0.240000,-0.120000,0.670000,0.000000,0.000000,0.000000,-0.056022,-0.482933,0.174751,0.313929,0.000000,0.000000,0.000000,0.000000
13.4833,0.310000,0.240000,-0.120000,0.670000,0.000000,0.000000,0.000000,-0.076425,-0.495521,0.179707,0.292791,0.000000,0.000000,0.000000,0.000000
13.5000,0.310000,0.240000,-0.120000,0.670000,0.000000,0.000000,0.000000,-0.097010,-0.508925,0.184730,0.271370,0.000000,0.000000,0.000000,0.000000
13.5167,0.310000,0.240000,-0.120000,0.670000,0.000000,0.000000,0.000000,-0.117347,-0.523038,0.189872,0.250094,0.000000,0.000000,0.000000,0.000000
13.5333,0.310000,0.240000,-0.120000,0.670000,0.000000,0.000000,0.000000,-0.136976,-0.537788,0.195175,0.229358,0.000000,0.000000,0.000000,0.000000
13.5500,0.310000,0.240000,-0.120000,0.670000,0.000000,0.000000,0.000000,-0.155437,-0.553130,0.200656,0.209494,0.000000,0.000000,0.000000,0.000000
13.5667,0.310000,0.240000,-0.120000,0.670000,0.000000,0.000000,0.000000,-0.172304,-0.569041,0.206305,0.190762,0.000000,0.000000,0.000000,0.000000
13.5833,0.310000,0.240000,-0.120000,0.670000,0.000000,0.000000,0.000000,-0.187220,-0.585501,0.212079,0.173357,0.000000,0.000000,0.000000,0.000000
13.6000,0.310000,0.240000,-0.120000,0.670000,0.000000,0.000000,0.000000,-0.199939,-0.602480,0.217914,0.157439,0.000000,0.000000,0.000000,0.000000
13.6167,0.310000,0.240000,-0.120000,0.670000,0.000000,0.000000,0.000000,-0.210356,-0.619926,0.223748,0.143155,0.000000,0.000000,0.000000,0.000000
13.6333,0.310000,0.240000,-0.120000,0.670000,0.000000,0.000000,0.000000,-0.218521,-0.637761,0.229535,0.130663,0.000000,0.000000,0.000000,0.000000
13.6500,0.310000,0.240000,-0.120000,0.670000,0.000000,0.000000,0.000000,-0.224623,-0.655886,0.235253,0.120122,0.000000,0.000000,0.000000,0.000000
13.6667,0.310000,0.240000,-0.120000,0.670000,0.000000,0.000000,0.000000,-0.228936,-0.674187,0.240887,0.111674,0.000000,0.000000,0.000000,0.000000
13.6833,0.310000,0.240000,-0.120000,0.670000,0.000000,0.000000,0.000000,-0.231761,-0.692544,0.246400,0.105417,0.000000,0.000000,0.000000,0.000000
13.7000,0.310000,0.240000,-0.120000,0.670000,0.000000,0.000000,0.000000,-0.233373,-0.710819,0.251695,0.101399,0.000000,0.000000,0.000000,0.000000
13.7167,0.310000,0.240000,-0.120000,0.670000,0.000000,0.000000,0.000000,-0.233971,-0.728851,0.256545,0.099624,0.000000,0.000000,0.000000,0.000000
13.7333,0.310000,0.240000,-0.120000,0.670000,0.000000,0.000000,0.000000,-0.233653,-0.746448,0.260549,0.100085,0.000000,0.000000,0.000000,0.000000
13.7500,0.310000,0.240000,-0.120000,0.670000,0.000000,0.000000,0.000000,-0.232411,-0.763382,0.263090,0.102791,0.000000,0.000000,0.000000,0.000000
13.7667,0.310000,0.240000,-0.120000,0.670000,0.000000,0.000000,0.000000,-0.230140,-0.779377,0.263346,0.107794,0.000000,0.000000,0.000000,0.000000
13.7833,0.310000,0.240000,-0.120000,0.670000,0.000000,0.000000,0.000000,-0.226682,-0.794104,0.260324,0.115201,0.000000,0.000000,0.000000,0.000000
13.8000,0.310000,0.240000,-0.120000,0.670000,0.000000,0.000000,0.000000,-0.221872,-0.807166,0.252927,0.125188,0.000000,0.000000,0.000000,0.000000
13.8167,0.310000,0.240000,-0.120000,0.670000,0.000000,0.000000,0.000000,-0.215599,-0.818097,0.240039,0.137998,0.000000,0.000000,0.000000,0.000000
13.8333,0.310000,0.240000,-0.120000,0.670000,0.000000,0.000000,0.000000,-0.207858,-0.826376,0.220616,0.153928,0.000000,0.000000,0.000000,0.000000
13.8500,0.310000,0.240000,-0.120000,0.670000,0.000000,0.000000,0.000000,-0.198786,-0.831450,0.193773,0.173316,0.000000,0.000000,0.000000,0.000000
13.8667,0.310000,0.240000,-0.120000,0.670000,0.000000,0.000000,0.000000,-0.188682,-0.832781,0.158862,0.196500,0.000000,0.000000,0.000000,0.000000
13.8833,0.310000,0.240000,-0.120000,0.670000,0.000000,0.000000,0.000000,-0.177998,-0.829896,0.115532,0.223777,0.000000,0.000000,0.000000,0.000000
13.9000,0.310000,0.240000,-0.120000,0.670000,0.000000,0.000000,0.000000,-0.167309,-0.822446,0.063782,0.255342,0.000000,0.000000,0.000000,0.000000
13.9167,0.310000,0.240000,-0.120000,0.670000,0.000000,0.000000,0.000000,-0.157267,-0.810259,0.003995,0.291240,0.000000,0.000000,0.000000,0.000000
13.9333,0.310000,0.240000,-0.120000,0.670000,0.000000,0.000000,0.000000,-0.148539,-0.793381,-0.063024,0.331328,0.000000,0.000000,0.000000,0.000000
13.9500,0.310000,0.240000,-0.120000,0.670000,0.000000,0.000000,0.000000,-0.141733,-0.772104,-0.136019,0.375258,0.000000,0.000000,0.000000,0.000000
13.9667,0.310000,0.240000,-0.120000,0.670000,0.000000,0.000000,0.000000,-0.137299,-0.746977,-0.213276,0.422499,0.000000,0.000000,0.000000,0.000000
13.9833,0.310000,0.240000,-0.120000,0.670000,0.000000,0.000000,0.000000,-0.135420,-0.718808,-0.292631,0.472376,0.000000,0.000000,0.000000,0.000000
14.0000,0.310000,0.240000,-0.120000,0.670000,0.000000,0.000000,0.000000,-0.135889,-0.688640,-0.371504,0.524136,0.000000,0.000000,0.000000,0.000000
14.0167,0.310000,0.240000,-0.120000,0.670000,0.000000,0.000000,0.000000,-0.138012,-0.657744,-0.446921,0.577009,0.000000,0.000000,0.000000,0.000000
14.1000,0.310000,0.240000,-0.120000,0.670000,0.000000,0.000000,0.000000,-0.140594,-0.627574,-0.515601,0.630292,0.000000,0.000000,0.000000,0.000000
14.1167,0.310000,0.240000,-0.120000,0.670000,0.000000,0.000000,0.000000,-0.142137,-0.599609,-0.574335,0.683472,0.000000,0.000000,0.000000,0.000000
14.1333,0.310000,0.240000,-0.120000,0.670000,0.000000,0.000000,0.000000,-0.141198,-0.575101,-0.620608,0.736336,0.000000,0.000000,0.000000,0.000000
14.1500,0.310000,0.240000,-0.120000,0.670000,0.000000,0.000000,0.000000,-0.136652,-0.554898,-0.653052,0.788984,0.000000,0.000000,0.000000,0.000000
14.1667,0.310000,0.240000,-0.120000,0.670000,0.000000,0.000000,0.000000,-0.127786,-0.539414,-0.671485,0.841741,0.000000,0.000000,0.000000,0.000000
14.1833,0.310000,0.240000,-0.120000,0.670000,0.000000,0.000000,0.000000,-0.114287,-0.528677,-0.676726,0.895053,0.000000,0.000000,0.000000,0.000000
14.2000,0.310000,0.240000,-0.120000,0.670000,0.000000,0.000000,0.000000,-0.096205,-0.522404,-0.670368,0.949405,0.000000,0.000000,0.000000,0.000000
14.2167,0.310000,0.240000,-0.120000,0.670000,0.000000,0.000000,0.000000,-0.073917,-0.520071,-0.654596,1.005235,0.000000,0.000000,0.000000,0.000000
14.2333,0.310000,0.240000,-0.120000,0.670000,0.000000,0.000000,0.000000,-0.048105,-0.520970,-0.632057,1.062847,0.000000,0.000000,0.000000,0.000000
14.3000,0.310000,0.240000,-0.120000,0.670000,0.000000,0.000000,0.000000,-0.019719,-0.524266,-0.605732,1.122302,0.000000,0.000000,0.000000,0.000000
14.3167,0.310000,0.240000,-0.120000,0.670000,0.000000,0.000000,0.000000,0.010136,-0.529029,-0.578634,1.183191,0.000000,0.000000,0.000000,0.000000
14.4167,0.310000,0.240000,-0.120000,0.670000,0.000000,0.000000,0.000000,0.040362,-0.534266,-0.553408,1.244413,0.000000,0.000000,0.000000,0.000000
14.4333,0.310000,0.240000,-0.120000,0.670000,0.000000,0.000000,0.000000,0.069994,-0.538979,-0.532151,1.304257,0.000000,0.000000,0.000000,0.000000
14.4500,0.310000,0.240000,-0.120000,0.670000,0.000000,0.000000,0.000000,0.098223,-0.542238,-0.516509,1.360813,0.000000,0.000000,0.000000,0.000000
14.4667,0.310000,0.240000,-0.120000,0.670000,0.000000,0.000000,0.000000,0.124380,-0.543248,-0.507815,1.412303,0.000000,0.000000,0.000000,0.000000
14.4833,0.310000,0.240000,-0.120000,0.670000,0.000000,0.000000,0.000000,0.147908,-0.541386,-0.507145,1.457186,0.000000,0.000000,0.000000,0.000000
14.5000,0.310000,0.240000,-0.120000,0.670000,0.000000,0.000000,0.000000,0.168357,-0.536212,-0.515337,1.494142,0.000000,0.000000,0.000000,0.000000
14.5167,0.310000,0.240000,-0.120000,0.670000,0.000000,0.000000,0.000000,0.185395,-0.527485,-0.532989,1.522054,0.000000,0.000000,0.000000,0.000000
14.5333,0.310000,0.240000,-0.120000,0.670000,0.000000,0.000000,0.000000,0.198838,-0.515161,-0.560442,1.539989,0.000000,0.000000,0.000000,0.000000
14.5500,0.310000,0.240000,-0.120000,0.670000,0.000000,0.000000,0.000000,0.208692,-0.499380,-0.597747,1.547171,0.000000,0.000000,0.000000,0.000000
14.5667,0.310000,0.240000,-0.120000,0.670000,0.000000,0.000000,0.000000,0.215178,-0.480462,-0.644612,1.542974,0.000000,0.000000,0.000000,0.000000
14.5833,0.310000,0.240000,-0.120000,0.670000,0.000000,0.000000,0.000000,0.218696,-0.458907,-0.700303,1.526951,0.000000,0.000000,0.000000,0.000000
14.6000,0.310000,0.240000,-0.120000,0.670000,0.000000,0.000000,0.000000,0.219725,-0.435383,-0.763463,1.498990,0.000000,0.000000,0.000000,0.000000
14.6167,0.310000,0.240000,-0.120000,0.670000,0.000000,0.000000,0.000000,0.218687,-0.410669,-0.831862,1.459577,0.000000,0.000000,0.000000,0.000000
14.6333,0.310000,0.240000,-0.120000,0.670000,0.000000,0.000000,0.000000,0.215897,-0.385597,-0.902267,1.409974,0.000000,0.000000,0.000000,0.000000
14.6500,0.310000,0.240000,-0.120000,0.670000,0.000000,0.000000,0.000000,0.211595,-0.361008,-0.970629,1.352202,0.000000,0.000000,0.000000,0.000000
14.6667,0.310000,0.240000,-0.120000,0.670000,0.000000,0.000000,0.000000,0.206027,-0.337741,-1.032628,1.288750,0.000000,0.000000,0.000000,0.000000
14.6833,0.310000,0.240000,-0.120000,0.670000,0.000000,0.000000,0.000000,0.199523,-0.316611,-1.084316,1.222152,0.000000,0.000000,0.000000,0.000000
14.7000,0.310000,0.240000,-0.120000,0.670000,0.000000,0.000000,0.000000,0.192495,-0.298388,-1.122550,1.154665,0.000000,0.000000,0.000000,0.000000
14.7167,0.310000,0.240000,-0.120000,0.670000,0.000000,0.000000,0.000000,0.185389,-0.283757,-1.145109,1.088157,0.000000,0.000000,0.000000,0.000000
14.7333,0.310000,0.240000,-0.120000,0.670000,0.000000,0.000000,0.000000,0.178627,-0.273292,-1.150638,1.024106,0.000000,0.000000,0.000000,0.000000
14.7500,0.310000,0.240000,-0.120000,0.670000,0.000000,0.000000,0.000000,0.172555,-0.267427,-1.138580,0.963613,0.000000,0.000000,0.000000,0.000000
14.7667,0.310000,0.240000,-0.120000,0.670000,0.000000,0.000000,0.000000,0.167403,-0.266424,-1.109134,0.907424,0.000000,0.000000,0.000000,0.000000
14.7833,0.310000,0.240000,-0.120000,0.670000,0.000000,0.000000,0.000000,0.163241,-0.270331,-1.063245,0.855938,0.000000,0.000000,0.000000,0.000000
14.8167,0.310000,0.240000,-0.120000,0.670000,0.000000,0.000000,0.000000,0.159981,-0.278952,-1.002550,0.809235,0.000000,0.000000,0.000000,0.000000
14.8333,0.310000,0.240000,-0.120000,0.670000,0.000000,0.000000,0.000000,0.157426,-0.291869,-0.929205,0.767146,0.000000,0.000000,0.000000,0.000000
14.8667,0.310000,0.240000,-0.120000,0.670000,0.000000,0.000000,0.000000,0.155349,-0.308484,-0.845631,0.729334,0.000000,0.000000,0.000000,0.000000
14.9000,0.310000,0.240000,-0.120000,0.670000,0.000000,0.000000,0.000000,0.153533,-0.328055,-0.754364,0.695354,0.000000,0.000000,0.000000,0.000000
14.9167,0.310000,0.240000,-0.120000,0.670000,0.000000,0.000000,0.000000,0.151731,-0.349713,-0.658018,0.664699,0.000000,0.000000,0.000000,0.000000
14.9333,0.310000,0.240000,-0.120000,0.670000,0.000000,0.000000,0.000000,0.149641,-0.372515,-0.559221,0.636853,0.000000,0.000000,0.000000,0.000000
14.9500,0.310000,0.240000,-0.120000,0.670000,0.000000,0.000000,0.000000,0.146902,-0.395506,-0.460502,0.611334,0.000000,0.000000,0.000000,0.000000
14.9667,0.310000,0.240000,-0.120000,0.670000,0.000000,0.000000,0.000000,0.143123,-0.417796,-0.364189,0.587714,0.000000,0.000000,0.000000,0.000000
14.9833,0.310000,0.240000,-0.120000,0.670000,0.000000,0.000000,0.000000,0.137925,-0.438622,-0.272314,0.565615,0.000000,0.000000,0.000000,0.000000
15.0000,0.310000,0.240000,-0.120000,0.670000,0.000000,0.000000,0.000000,0.130966,-0.457411,-0.186513,0.544689,0.000000,0.000000,0.000000,0.000000
15.0167,0.310000,0.240000,-0.120000,0.670000,0.000000,0.000000,0.000000,0.121980,-0.473830,-0.107977,0.524599,0.000000,0.000000,0.000000,0.000000
15.0333,0.310000,0.240000,-0.120000,0.670000,0.000000,0.000000,0.000000,0.110780,-0.487795,-0.037436,0.505016,0.000000,0.000000,0.000000,0.000000
15.0500,0.310000,0.240000,-0.120000,0.670000,0.000000,0.000000,0.000000,0.097256,-0.499449,0.024804,0.485626,0.000000,0.000000,0.000000,0.000000
15.0667,0.310000,0.240000,-0.120000,0.670000,0.000000,0.000000,0.000000,0.081354,-0.509108,0.078808,0.466146,0.000000,0.000000,0.000000,0.000000
15.0833,0.310000,0.240000,-0.120000,0.670000,0.000000,0.000000,0.000000,0.063074,-0.517212,0.124952,0.446337,0.000000,0.000000,0.000000,0.000000
15.1000,0.310000,0.240000,-0.120000,0.670000,0.000000,0.000000,0.000000,0.042463,-0.524266,0.163852,0.426000,0.000000,0.000000,0.000000,0.000000
15.1167,0.310000,0.240000,-0.120000,0.670000,0.000000,0.000000,0.000000,0.019641,-0.530790,0.196274,0.404971,0.000000,0.000000,0.000000,0.000000
15.1333,0.310000,0.240000,-0.120000,0.670000,0.000000,0.000000,0.000000,-0.005173,-0.537262,0.223045,0.383101,0.000000,0.000000,0.000000,0.000000
15.1500,0.310000,0.240000,-0.120000,0.670000,0.000000,0.000000,0.000000,-0.031621,-0.544094,0.244964,0.360247,0.000000,0.000000,0.000000,0.000000
15.1667,0.310000,0.240000,-0.120000,0.670000,0.000000,0.000000,0.000000,-0.059177,-0.551612,0.262750,0.336274,0.000000,0.000000,0.000000,0.000000
15.1833,0.310000,0.240000,-0.120000,0.670000,0.000000,0.000000,0.000000,-0.087150,-0.560074,0.277018,0.311066,0.000000,0.000000,0.000000,0.000000
15.2000,0.310000,0.240000,-0.120000,0.670000,0.000000,0.000000,0.000000,-0.114724,-0.569672,0.288270,0.284561,0.000000,0.000000,0.000000,0.000000
15.2167,0.310000,0.240000,-0.120000,0.670000,0.000000,0.000000,0.000000,-0.141005,-0.580540,0.296889,0.256780,0.000000,0.000000,0.000000,0.000000
15.2333,0.310000,0.240000,-0.120000,0.670000,0.000000,0.000000,0.000000,-0.165087,-0.592753,0.303152,0.227847,0.000000,0.000000,0.000000,0.000000
15.2500,0.310000,0.240000,-0.120000,0.670000,0.000000,0.000000,0.000000,-0.186134,-0.606320,0.307262,0.198003,0.000000,0.000000,0.000000,0.000000
15.2667,0.310000,0.240000,-0.120000,0.670000,0.000000,0.000000,0.000000,-0.203462,-0.621180,0.309394,0.167603,0.000000,0.000000,0.000000,0.000000
15.2833,0.310000,0.240000,-0.120000,0.670000,0.000000,0.000000,0.000000,-0.216613,-0.637200,0.309721,0.137120,0.000000,0.000000,0.000000,0.000000
15.3000,0.310000,0.240000,-0.120000,0.670000,0.000000,0.000000,0.000000,-0.225410,-0.654182,0.308450,0.107128,0.000000,0.000000,0.000000,0.000000
15.3167,0.310000,0.240000,-0.120000,0.670000,0.000000,0.000000,0.000000,-0.229983,-0.671867,0.305833,0.078272,0.000000,0.000000,0.000000,0.000000
15.3333,0.310000,0.240000,-0.120000,0.670000,0.000000,0.000000,0.000000,-0.230749,-0.689952,0.302181,0.051224,0.000000,0.000000,0.000000,0.000000
15.3500,0.310000,0.240000,-0.120000,0.670000,0.000000,0.000000,0.000000,-0.228366,-0.708115,0.297870,0.026629,0.000000,0.000000,0.000000,0.000000
15.3667,0.310000,0.240000,-0.120000,0.670000,0.000000,0.000000,0.000000,-0.223672,-0.726036,0.293320,0.005067,0.000000,0.000000,0.000000,0.000000
15.3833,0.310000,0.240000,-0.120000,0.670000,0.000000,0.000000,0.000000,-0.217612,-0.743428,0.288969,-0.012969,0.000000,0.000000,0.000000,0.000000
15.4000,0.310000,0.240000,-0.120000,0.670000,0.000000,0.000000,0.000000,-0.211153,-0.760047,0.285212,-0.027089,0.000000,0.000000,0.000000,0.000000
15.4167,0.310000,0.240000,-0.120000,0.670000,0.000000,0.000000,0.000000,-0.205193,-0.775707,0.282339,-0.036998,0.000000,0.000000,0.000000,0.000000
15.4333,0.310000,0.240000,-0.120000,0.670000,0.000000,0.000000,0.000000,-0.200492,-0.790273,0.280471,-0.042494,0.000000,0.000000,0.000000,0.000000
15.4500,0.310000,0.240000,-0.120000,0.670000,0.000000,0.000000,0.000000,-0.197609,-0.803649,0.279511,-0.043445,0.000000,0.000000,0.000000,0.000000
15.4667,0.310000,0.240000,-0.120000,0.670000,0.000000,0.000000,0.000000,-0.196878,-0.815754,0.279115,-0.039783,0.000000,0.000000,0.000000,0.000000
15.4833,0.310000,0.240000,-0.120000,0.670000,0.000000,0.000000,0.000000,-0.198399,-0.826493,0.278688,-0.031478,0.000000,0.000000,0.000000,0.000000
15.5000,0.310000,0.240000,-0.120000,0.670000,0.000000,0.000000,0.000000,-0.202063,-0.835743,0.277396,-0.018536,0.000000,0.000000,0.000000,0.000000
15.5167,0.310000,0.240000,-0.120000,0.670000,0.000000,0.000000,0.000000,-0.207572,-0.843342,0.274186,-0.000980,0.000000,0.000000,0.000000,0.000000
15.5333,0.310000,0.240000,-0.120000,0.670000,0.000000,0.000000,0.000000,-0.214471,-0.849099,0.267808,0.021158,0.000000,0.000000,0.000000,0.000000
15.5500,0.310000,0.240000,-0.120000,0.670000,0.000000,0.000000,0.000000,-0.222197,-0.852786,0.256861,0.047846,0.000000,0.000000,0.000000,0.000000
15.5667,0.310000,0.240000,-0.120000,0.670000,0.000000,0.000000,0.000000,-0.230136,-0.854148,0.239856,0.079056,0.000000,0.000000,0.000000,0.000000
15.5833,0.310000,0.240000,-0.120000,0.670000,0.000000,0.000000,0.000000,-0.237677,-0.852900,0.215297,0.114755,0.000000,0.000000,0.000000,0.000000
15.6000,0.310000,0.240000,-0.120000,0.670000,0.000000,0.000000,0.000000,-0.244271,-0.848733,0.181782,0.154876,0.000000,0.000000,0.000000,0.000000
15.6167,0.310000,0.240000,-0.120000,0.670000,0.000000,0.000000,0.000000,-0.249479,-0.841331,0.138116,0.199278,0.000000,0.000000,0.000000,0.000000
15.6333,0.310000,0.240000,-0.120000,0.670000,0.000000,0.000000,0.000000,-0.253008,-0.830392,0.083435,0.247690,0.000000,0.000000,0.000000,0.000000
15.6500,0.310000,0.240000,-0.120000,0.670000,0.000000,0.000000,0.000000,-0.254739,-0.815671,0.017339,0.299650,0.000000,0.000000,0.000000,0.000000
15.6667,0.310000,0.240000,-0.120000,0.670000,0.000000,0.000000,0.000000,-0.254733,-0.797041,-0.059978,0.354427,0.000000,0.000000,0.000000,0.000000
15.6833,0.310000,0.240000,-0.120000,0.670000,0.000000,0.000000,0.000000,-0.253218,-0.774552,-0.147589,0.410930,0.000000,0.000000,0.000000,0.000000
15.7667,0.310000,0.240000,-0.120000,0.670000,0.000000,0.000000,0.000000,-0.250558,-0.748498,-0.243706,0.467686,0.000000,0.000000,0.000000,0.000000
15.7833,0.310000,0.240000,-0.120000,0.670000,0.000000,0.000000,0.000000,-0.247153,-0.719447,-0.345656,0.522987,0.000000,0.000000,0.000000,0.000000
15.8000,0.310000,0.240000,-0.120000,0.670000,0.000000,0.000000,0.000000,-0.243278,-0.688260,-0.449960,0.575204,0.000000,0.000000,0.000000,0.000000
15.8333,0.310000,0.240000,-0.120000,0.670000,0.000000,0.000000,0.000000,-0.238951,-0.656066,-0.552463,0.623053,0.000000,0.000000,0.000000,0.000000
15.8833,0.310000,0.240000,-0.120000,0.670000,0.000000,0.000000,0.000000,-0.233907,-0.624162,-0.648578,0.665718,0.000000,0.000000,0.000000,0.000000
15.9000,0.310000,0.240000,-0.120000,0.670000,0.000000,0.000000,0.000000,-0.227676,-0.593824,-0.733810,0.702854,0.000000,0.000000,0.000000,0.000000
15.9167,0.310000,0.240000,-0.120000,0.670000,0.000000,0.000000,0.000000,-0.219739,-0.566095,-0.804385,0.734508,0.000000,0.000000,0.000000,0.000000
15.9333,0.310000,0.240000,-0.120000,0.670000,0.000000,0.000000,0.000000,-0.209662,-0.541682,-0.857667,0.761010,0.000000,0.000000,0.000000,0.000000
15.9500,0.310000,0.240000,-0.120000,0.670000,0.000000,0.000000,0.000000,-0.197168,-0.520949,-0.892260,0.782885,0.000000,0.000000,0.000000,0.000000
15.9667,0.310000,0.240000,-0.120000,0.670000,0.000000,0.000000,0.000000,-0.182143,-0.503962,-0.907926,0.800818,0.000000,0.000000,0.000000,0.000000
15.9833,0.310000,0.240000,-0.120000,0.670000,0.000000,0.000000,0.000000,-0.164613,-0.490550,-0.905432,0.815657,0.000000,0.000000,0.000000,0.000000
16.0000,0.310000,0.240000,-0.120000,0.670000,0.000000,0.000000,0.000000,-0.144713,-0.480387,-0.886344,0.828451,0.000000,0.000000,0.000000,0.000000
16.0167,0.310000,0.240000,-0.120000,0.670000,0.000000,0.000000,0.000000,-0.122663,-0.473058,-0.852808,0.840465,0.000000,0.000000,0.000000,0.000000
16.0333,0.310000,0.240000,-0.120000,0.670000,0.000000,0.000000,0.000000,-0.098761,-0.468126,-0.807334,0.853179,0.000000,0.000000,0.000000,0.000000
16.0500,0.310000,0.240000,-0.120000,0.670000,0.000000,0.000000,0.000000,-0.073385,-0.465169,-0.752589,0.868248,0.000000,0.000000,0.000000,0.000000
16.0667,0.310000,0.240000,-0.120000,0.670000,0.000000,0.000000,0.000000,-0.046980,-0.463823,-0.691211,0.887442,0.000000,0.000000,0.000000,0.000000
16.0833,0.310000,0.240000,-0.120000,0.670000,0.000000,0.000000,0.000000,-0.020053,-0.463801,-0.625661,0.912553,0.000000,0.000000,0.000000,0.000000
16.1000,0.310000,0.240000,-0.120000,0.670000,0.000000,0.000000,0.000000,0.006831,-0.464894,-0.558148,0.945259,0.000000,0.000000,0.000000,0.000000
16.1667,0.310000,0.240000,-0.120000,0.670000,0.000000,0.000000,0.000000,0.033057,-0.466934,-0.490564,0.986904,0.000000,0.000000,0.000000,0.000000
16.1833,0.310000,0.240000,-0.120000,0.670000,0.000000,0.000000,0.000000,0.057986,-0.469721,-0.424303,1.038188,0.000000,0.000000,0.000000,0.000000
16.2000,0.310000,0.240000,-0.120000,0.670000,0.000000,0.000000,0.000000,0.080983,-0.472935,-0.360008,1.098792,0.000000,0.000000,0.000000,0.000000
16.3000,0.310000,0.240000,-0.120000,0.670000,0.000000,0.000000,0.000000,0.101464,-0.476091,-0.297455,1.167197,0.000000,0.000000,0.000000,0.000000
16.3167,0.310000,0.240000,-0.120000,0.670000,0.000000,0.000000,0.000000,0.118949,-0.478577,-0.235744,1.240965,0.000000,0.000000,0.000000,0.000000
16.3333,0.310000,0.240000,-0.120000,0.670000,0.000000,0.000000,0.000000,0.133099,-0.479749,-0.173690,1.317362,0.000000,0.000000,0.000000,0.000000
16.3500,0.310000,0.240000,-0.120000,0.670000,0.000000,0.000000,0.000000,0.143737,-0.479029,-0.110176,1.393823,0.000000,0.000000,0.000000,0.000000
16.3667,0.310000,0.240000,-0.120000,0.670000,0.000000,0.000000,0.000000,0.150841,-0.475958,-0.044365,1.468070,0.000000,0.000000,0.000000,0.000000
16.3833,0.310000,0.240000,-0.120000,0.670000,0.000000,0.000000,0.000000,0.154535,-0.470230,0.024158,1.538080,0.000000,0.000000,0.000000,0.000000
16.4000,0.310000,0.240000,-0.120000,0.670000,0.000000,0.000000,0.000000,0.155093,-0.461724,0.095259,1.602009,0.000000,0.000000,0.000000,0.000000
16.4167,0.310000,0.240000,-0.120000,0.670000,0.000000,0.000000,0.000000,0.152940,-0.450527,0.168124,1.658106,0.000000,0.000000,0.000000,0.000000
16.4333,0.310000,0.240000,-0.120000,0.670000,0.000000,0.000000,0.000000,0.148671,-0.436971,0.241115,1.704621,0.000000,0.000000,0.000000,0.000000
16.4500,0.310000,0.240000,-0.120000,0.670000,0.000000,0.000000,0.000000,0.143067,-0.421667,0.311636,1.739714,0.000000,0.000000,0.000000,0.000000
16.5000,0.310000,0.240000,-0.120000,0.670000,0.000000,0.000000,0.000000,0.137060,-0.405530,0.376108,1.761423,0.000000,0.000000,0.000000,0.000000
16.5167,0.310000,0.240000,-0.120000,0.670000,0.000000,0.000000,0.000000,0.131622,-0.389700,0.430381,1.767791,0.000000,0.000000,0.000000,0.000000
16.5333,0.310000,0.240000,-0.120000,0.670000,0.000000,0.000000,0.000000,0.127612,-0.375384,0.470584,1.757138,0.000000,0.000000,0.000000,0.000000
16.5500,0.310000,0.240000,-0.120000,0.670000,0.000000,0.000000,0.000000,0.125679,-0.363660,0.493927,1.728337,0.000000,0.000000,0.000000,0.000000
16.5667,0.310000,0.240000,-0.120000,0.670000,0.000000,0.000000,0.000000,0.126233,-0.355351,0.499096,1.681026,0.000000,0.000000,0.000000,0.000000
16.5833,0.310000,0.240000,-0.120000,0.670000,0.000000,0.000000,0.000000,0.129427,-0.350930,0.486378,1.615810,0.000000,0.000000,0.000000,0.000000
16.6000,0.310000,0.240000,-0.120000,0.670000,0.000000,0.000000,0.000000,0.135117,-0.350460,0.457705,1.534477,0.000000,0.000000,0.000000,0.000000
16.7000,0.310000,0.240000,-0.120000,0.670000,0.000000,0.000000,0.000000,0.142870,-0.353585,0.416576,1.440102,0.000000,0.000000,0.000000,0.000000
16.7167,0.310000,0.240000,-0.120000,0.670000,0.000000,0.000000,0.000000,0.152026,-0.359639,0.367538,1.336787,0.000000,0.000000,0.000000,0.000000
16.7333,0.310000,0.240000,-0.120000,0.670000,0.000000,0.000000,0.000000,0.161828,-0.367836,0.315208,1.228955,0.000000,0.000000,0.000000,0.000000
16.7500,0.310000,0.240000,-0.120000,0.670000,0.000000,0.000000,0.000000,0.171524,-0.377423,0.263429,1.120607,0.000000,0.000000,0.000000,0.000000
16.7667,0.310000,0.240000,-0.120000,0.670000,0.000000,0.000000,0.000000,0.180414,-0.387730,0.215009,1.014968,0.000000,0.000000,0.000000,0.000000
16.7833,0.310000,0.240000,-0.120000,0.670000,0.000000,0.000000,0.000000,0.187874,-0.398197,0.171834,0.914461,0.000000,0.000000,0.000000,0.000000
16.8000,0.310000,0.240000,-0.120000,0.670000,0.000000,0.000000,0.000000,0.193361,-0.408386,0.135065,0.820783,0.000000,0.000000,0.000000,0.000000
16.8167,0.310000,0.240000,-0.120000,0.670000,0.000000,0.000000,0.000000,0.196426,-0.418004,0.105304,0.735013,0.000000,0.000000,0.000000,0.000000
16.8333,0.310000,0.240000,-0.120000,0.670000,0.000000,0.000000,0.000000,0.196716,-0.426914,0.082728,0.657712,0.000000,0.000000,0.000000,0.000000
16.8500,0.310000,0.240000,-0.120000,0.670000,0.000000,0.000000,0.000000,0.193968,-0.435131,0.067201,0.589026,0.000000,0.000000,0.000000,0.000000
16.8667,0.310000,0.240000,-0.120000,0.670000,0.000000,0.000000,0.000000,0.187992,-0.442770,0.058330,0.528769,0.000000,0.000000,0.000000,0.000000
16.8833,0.310000,0.240000,-0.120000,0.670000,0.000000,0.000000,0.000000,0.178661,-0.449982,0.055495,0.476499,0.000000,0.000000,0.000000,0.000000
16.9000,0.310000,0.240000,-0.120000,0.670000,0.000000,0.000000,0.000000,0.165897,-0.456895,0.057909,0.431575,0.000000,0.000000,0.000000,0.000000
16.9167,0.310000,0.240000,-0.120000,0.670000,0.000000,0.000000,0.000000,0.149679,-0.463600,0.064682,0.393216,0.000000,0.000000,0.000000,0.000000
16.9333,0.310000,0.240000,-0.120000,0.670000,0.000000,0.000000,0.000000,0.130056,-0.470155,0.074907,0.360554,0.000000,0.000000,0.000000,0.000000
16.9500,0.310000,0.240000,-0.120000,0.670000,0.000000,0.000000,0.000000,0.107167,-0.476611,0.087724,0.332687,0.000000,0.000000,0.000000,0.000000
16.9667,0.310000,0.240000,-0.120000,0.670000,0.000000,0.000000,0.000000,0.081273,-0.483030,0.102354,0.308724,0.000000,0.000000,0.000000,0.000000
16.9833,0.310000,0.240000,-0.120000,0.670000,0.000000,0.000000,0.000000,0.052778,-0.489506,0.118127,0.287821,0.000000,0.000000,0.000000,0.000000
17.0000,0.310000,0.240000,-0.120000,0.670000,0.000000,0.000000,0.000000,0.022248,-0.496176,0.134479,0.269213,0.000000,0.000000,0.000000,0.000000
17.0167,0.310000,0.240000,-0.120000,0.670000,0.000000,0.000000,0.000000,-0.009591,-0.503225,0.150943,0.252233,0.000000,0.000000,0.000000,0.000000
17.0333,0.310000,0.240000,-0.120000,0.670000,0.000000,0.000000,0.000000,-0.041869,-0.510880,0.167132,0.236325,0.000000,0.000000,0.000000,0.000000
17.0500,0.310000,0.240000,-0.120000,0.670000,0.000000,0.000000,0.000000,-0.073625,-0.519379,0.182711,0.221048,0.000000,0.000000,0.000000,0.000000
17.0667,0.310000,0.240000,-0.120000,0.670000,0.000000,0.000000,0.000000,-0.103875,-0.528925,0.197371,0.206070,0.000000,0.000000,0.000000,0.000000
17.0833,0.310000,0.240000,-0.120000,0.670000,0.000000,0.000000,0.000000,-0.131682,-0.539649,0.210805,0.191145,0.000000,0.000000,0.000000,0.000000
17.1000,0.310000,0.240000,-0.120000,0.670000,0.000000,0.000000,0.000000,-0.156242,-0.551589,0.222721,0.176102,0.000000,0.000000,0.000000,0.000000
17.1167,0.310000,0.240000,-0.120000,0.670000,0.000000,0.000000,0.000000,-0.176952,-0.564693,0.232879,0.160850,0.000000,0.000000,0.000000,0.000000
17.1333,0.310000,0.240000,-0.120000,0.670000,0.000000,0.000000,0.000000,-0.193460,-0.578831,0.241117,0.145381,0.000000,0.000000,0.000000,0.000000
17.1500,0.310000,0.240000,-0.120000,0.670000,0.000000,0.000000,0.000000,-0.205681,-0.593809,0.247380,0.129778,0.000000,0.000000,0.000000,0.000000
17.1667,0.310000,0.240000,-0.120000,0.670000,0.000000,0.000000,0.000000,-0.213783,-0.609382,0.251716,0.114204,0.000000,0.000000,0.000000,0.000000
17.1833,0.310000,0.240000,-0.120000,0.670000,0.000000,0.000000,0.000000,-0.218148,-0.625265,0.254267,0.098885,0.000000,0.000000,0.000000,0.000000
17.2000,0.310000,0.240000,-0.120000,0.670000,0.000000,0.000000,0.000000,-0.219298,-0.641156,0.255232,0.084068,0.000000,0.000000,0.000000,0.000000
17.2167,0.310000,0.240000,-0.120000,0.670000,0.000000,0.000000,0.000000,-0.217795,-0.656769,0.254838,0.069978,0.000000,0.000000,0.000000,0.000000
17.2333,0.310000,0.240000,-0.120000,0.670000,0.000000,0.000000,0.000000,-0.214166,-0.671872,0.253300,0.056780,0.000000,0.000000,0.000000,0.000000
17.2500,0.310000,0.240000,-0.120000,0.670000,0.000000,0.000000,0.000000,-0.208846,-0.686299,0.250795,0.044567,0.000000,0.000000,0.000000,0.000000
17.2667,0.310000,0.240000,-0.120000,0.670000,0.000000,0.000000,0.000000,-0.202163,-0.699954,0.247444,0.033364,0.000000,0.000000,0.000000,0.000000
17.2833,0.310000,0.240000,-0.120000,0.670000,0.000000,0.000000,0.000000,-0.194344,-0.712793,0.243312,0.023141,0.000000,0.000000,0.000000,0.000000
17.3000,0.310000,0.240000,-0.120000,0.670000,0.000000,0.000000,0.000000,-0.185549,-0.724798,0.238422,0.013847,0.000000,0.000000,0.000000,0.000000
17.3167,0.310000,0.240000,-0.120000,0.670000,0.000000,0.000000,0.000000,-0.175922,-0.735940,0.232797,0.005439,0.000000,0.000000,0.000000,0.000000
17.3333,0.310000,0.240000,-0.120000,0.670000,0.000000,0.000000,0.000000,-0.165617,-0.746154,0.226482,-0.002091,0.000000,0.000000,0.000000,0.000000
17.3500,0.310000,0.240000,-0.120000,0.670000,0.000000,0.000000,0.000000,-0.154804,-0.755336,0.219543,-0.008702,0.000000,0.000000,0.000000,0.000000
17.3667,0.310000,0.240000,-0.120000,0.670000,0.000000,0.000000,0.000000,-0.143652,-0.763348,0.212059,-0.014305,0.000000,0.000000,0.000000,0.000000
17.3833,0.310000,0.240000,-0.120000,0.670000,0.000000,0.000000,0.000000,-0.132318,-0.770026,0.204110,-0.018764,0.000000,0.000000,0.000000,0.000000
17.4000,0.310000,0.240000,-0.120000,0.670000,0.000000,0.000000,0.000000,-0.120940,-0.775186,0.195792,-0.021915,0.000000,0.000000,0.000000,0.000000
17.4167,0.310000,0.240000,-0.120000,0.670000,0.000000,0.000000,0.000000,-0.109626,-0.778638,0.187223,-0.023586,0.000000,0.000000,0.000000,0.000000
17.4333,0.310000,0.240000,-0.120000,0.670000,0.000000,0.000000,0.000000,-0.098445,-0.780204,0.178549,-0.023625,0.000000,0.000000,0.000000,0.000000
17.4500,0.310000,0.240000,-0.120000,0.670000,0.000000,0.000000,0.000000,-0.087411,-0.779730,0.169946,-0.021929,0.000000,0.000000,0.000000,0.000000
17.4667,0.310000,0.240000,-0.120000,0.670000,0.000000,0.000000,0.000000,-0.076476,-0.777110,0.161623,-0.018466,0.000000,0.000000,0.000000,0.000000
17.4833,0.310000,0.240000,-0.120000,0.670000,0.000000,0.000000,0.000000,-0.065531,-0.772301,0.153809,-0.013275,0.000000,0.000000,0.000000,0.000000
17.5000,0.310000,0.240000,-0.120000,0.670000,0.000000,0.000000,0.000000,-0.054420,-0.765342,0.146747,-0.006471,0.000000,0.000000,0.000000,0.000000
17.5167,0.310000,0.240000,-0.120000,0.670000,0.000000,0.000000,0.000000,-0.042953,-0.756355,0.140660,0.001774,0.000000,0.000000,0.000000,0.000000
17.5333,0.310000,0.240000,-0.120000,0.670000,0.000000,0.000000,0.000000,-0.030943,-0.745535,0.135737,0.011244,0.000000,0.000000,0.000000,0.000000
17.5500,0.310000,0.240000,-0.120000,0.670000,0.000000,0.000000,0.000000,-0.018233,-0.733143,0.132116,0.021701,0.000000,0.000000,0.000000,0.000000
17.5667,0.310000,0.240000,-0.120000,0.670000,0.000000,0.000000,0.000000,-0.004725,-0.719486,0.129874,0.032902,0.000000,0.000000,0.000000,0.000000
17.5833,0.310000,0.240000,-0.120000,0.670000,0.000000,0.000000,0.000000,0.009590,-0.704906,0.129031,0.044613,0.000000,0.000000,0.000000,0.000000
17.6000,0.310000,0.240000,-0.120000,0.670000,0.000000,0.000000,0.000000,0.024616,-0.689766,0.129554,0.056618,0.000000,0.000000,0.000000,0.000000
17.6167,0.310000,0.240000,-0.120000,0.670000,0.000000,0.000000,0.000000,0.040144,-0.674438,0.131373,0.068725,0.000000,0.000000,0.000000,0.000000
17.6333,0.310000,0.240000,-0.120000,0.670000,0.000000,0.000000,0.000000,0.055860,-0.659300,0.134390,0.080769,0.000000,0.000000,0.000000,0.000000
17.6500,0.310000,0.240000,-0.120000,0.670000,0.000000,0.000000,0.000000,0.071366,-0.644716,0.138467,0.092620,0.000000,0.000000,0.000000,0.000000
17.6667,0.310000,0.240000,-0.120000,0.670000,0.000000,0.000000,0.000000,0.086223,-0.631024,0.143402,0.104197,0.000000,0.000000,0.000000,0.000000
17.6833,0.310000,0.240000,-0.120000,0.670000,0.000000,0.000000,0.000000,0.099998,-0.618518,0.148896,0.115490,0.000000,0.000000,0.000000,0.000000
17.7000,0.310000,0.240000,-0.120000,0.670000,0.000000,0.000000,0.000000,0.112307,-0.607426,0.154506,0.126580,0.000000,0.000000,0.000000,0.000000
17.7167,0.310000,0.240000,-0.120000,0.670000,0.000000,0.000000,0.000000,0.122847,-0.597887,0.159585,0.137661,0.000000,0.000000,0.000000,0.000000
17.7333,0.310000,0.240000,-0.120000,0.670000,0.000000,0.000000,0.000000,0.131428,-0.589915,0.163224,0.149042,0.000000,0.000000,0.000000,0.000000
17.7500,0.310000,0.240000,-0.120000,0.670000,0.000000,0.000000,0.000000,0.137982,-0.583389,0.164209,0.161140,0.000000,0.000000,0.000000,0.000000
17.7667,0.310000,0.240000,-0.120000,0.670000,0.000000,0.000000,0.000000,0.142555,-0.578053,0.161040,0.174458,0.000000,0.000000,0.000000,0.000000
17.7833,0.310000,0.240000,-0.120000,0.670000,0.000000,0.000000,0.000000,0.145281,-0.573541,0.151985,0.189564,0.000000,0.000000,0.000000,0.000000
17.8000,0.310000,0.240000,-0.120000,0.670000,0.000000,0.000000,0.000000,0.146349,-0.569403,0.135152,0.207061,0.000000,0.000000,0.000000,0.000000
17.8167,0.310000,0.240000,-0.120000,0.670000,0.000000,0.000000,0.000000,0.145963,-0.565143,0.108571,0.227565,0.000000,0.000000,0.000000,0.000000
17.8333,0.310000,0.240000,-0.120000,0.670000,0.000000,0.000000,0.000000,0.144321,-0.560249,0.070289,0.251669,0.000000,0.000000,0.000000,0.000000
17.8500,0.310000,0.240000,-0.120000,0.670000,0.000000,0.000000,0.000000,0.141585,-0.554224,0.018464,0.279906,0.000000,0.000000,0.000000,0.000000
17.8667,0.310000,0.240000,-0.120000,0.670000,0.000000,0.000000,0.000000,0.137862,-0.546613,-0.048516,0.312697,0.000000,0.000000,0.000000,0.000000
17.8833,0.310000,0.240000,-0.120000,0.670000,0.000000,0.000000,0.000000,0.133196,-0.537024,-0.131897,0.350289,0.000000,0.000000,0.000000,0.000000
17.9000,0.310000,0.240000,-0.120000,0.670000,0.000000,0.000000,0.000000,0.127572,-0.525154,-0.232413,0.392689,0.000000,0.000000,0.000000,0.000000
17.9167,0.310000,0.240000,-0.120000,0.670000,0.000000,0.000000,0.000000,0.120940,-0.510804,-0.350115,0.439584,0.000000,0.000000,0.000000,0.000000
17.9333,0.310000,0.240000,-0.120000,0.670000,0.000000,0.000000,0.000000,0.113241,-0.493904,-0.484182,0.490255,0.000000,0.000000,0.000000,0.000000
17.9500,0.310000,0.240000,-0.120000,0.670000,0.000000,0.000000,0.000000,0.104443,-0.474528,-0.632704,0.543497,0.000000,0.000000,0.000000,0.000000
17.9667,0.310000,0.240000,-0.120000,0.670000,0.000000,0.000000,0.000000,0.094582,-0.452909,-0.792455,0.597521,0.000000,0.000000,0.000000,0.000000
18.0667,0.310000,0.240000,-0.120000,0.670000,0.000000,0.000000,0.000000,0.083806,-0.429439,-0.958785,0.649985,0.000000,0.000000,0.000000,0.000000
18.0833,0.310000,0.240000,-0.120000,0.670000,0.000000,0.000000,0.000000,0.072375,-0.404600,-1.125981,0.698330,0.000000,0.000000,0.000000,0.000000
18.1000,0.310000,0.240000,-0.120000,0.670000,0.000000,0.000000,0.000000,0.060601,-0.378857,-1.288085,0.740298,0.000000,0.000000,0.000000,0.000000
18.1167,0.310000,0.240000,-0.120000,0.670000,0.000000,0.000000,0.000000,0.048791,-0.352602,-1.439647,0.774247,0.000000,0.000000,0.000000,0.000000
18.1333,0.310000,0.240000,-0.120000,0.670000,0.000000,0.000000,0.000000,0.037247,-0.326195,-1.576056,0.799224,0.000000,0.000000,0.000000,0.000000
18.1500,0.310000,0.240000,-0.120000,0.670000,0.000000,0.000000,0.000000,0.026313,-0.300042,-1.693574,0.814980,0.000000,0.000000,0.000000,0.000000
18.1833,0.310000,0.240000,-0.120000,0.670000,0.000000,0.000000,0.000000,0.016423,-0.274654,-1.789306,0.821946,0.000000,0.000000,0.000000,0.000000
18.2000,0.310000,0.240000,-0.120000,0.670000,0.000000,0.000000,0.000000,0.008110,-0.250640,-1.861189,0.821114,0.000000,0.000000,0.000000,0.000000
18.2167,0.310000,0.240000,-0.120000,0.670000,0.000000,0.000000,0.000000,0.001952,-0.228663,-1.907999,0.813807,0.000000,0.000000,0.000000,0.000000
18.2333,0.310000,0.240000,-0.120000,0.670000,0.000000,0.000000,0.000000,-0.001508,-0.209386,-1.929310,0.801464,0.000000,0.000000,0.000000,0.000000
18.2500,0.310000,0.240000,-0.120000,0.670000,0.000000,0.000000,0.000000,-0.001835,-0.193454,-1.925424,0.785498,0.000000,0.000000,0.000000,0.000000
18.2667,0.310000,0.240000,-0.120000,0.670000,0.000000,0.000000,0.000000,0.001259,-0.181491,-1.897269,0.767223,0.000000,0.000000,0.000000,0.000000
18.2833,0.310000,0.240000,-0.120000,0.670000,0.000000,0.000000,0.000000,0.007879,-0.174070,-1.846316,0.747801,0.000000,0.000000,0.000000,0.000000
18.3000,0.310000,0.240000,-0.120000,0.670000,0.000000,0.000000,0.000000,0.017924,-0.171678,-1.774477,0.728195,0.000000,0.000000,0.000000,0.000000
18.3167,0.310000,0.240000,-0.120000,0.670000,0.000000,0.000000,0.000000,0.031090,-0.174652,-1.684022,0.709132,0.000000,0.000000,0.000000,0.000000
18.3333,0.310000,0.240000,-0.120000,0.670000,0.000000,0.000000,0.000000,0.046893,-0.183131,-1.577532,0.691099,0.000000,0.000000,0.000000,0.000000
18.3500,0.310000,0.240000,-0.120000,0.670000,0.000000,0.000000,0.000000,0.064691,-0.197018,-1.457893,0.674336,0.000000,0.000000,0.000000,0.000000
18.3667,0.310000,0.240000,-0.120000,0.670000,0.000000,0.000000,0.000000,0.083720,-0.215944,-1.328329,0.658864,0.000000,0.000000,0.000000,0.000000
18.4167,0.310000,0.240000,-0.120000,0.670000,0.000000,0.000000,0.000000,0.103133,-0.239259,-1.192386,0.644522,0.000000,0.000000,0.000000,0.000000
18.4333,0.310000,0.240000,-0.120000,0.670000,0.000000,0.000000,0.000000,0.122082,-0.266079,-1.053751,0.631071,0.000000,0.000000,0.000000,0.000000
18.4500,0.310000,0.240000,-0.120000,0.670000,0.000000,0.000000,0.000000,0.139825,-0.295388,-0.915920,0.618298,0.000000,0.000000,0.000000,0.000000
18.4667,0.310000,0.240000,-0.120000,0.670000,0.000000,0.000000,0.000000,0.155812,-0.326132,-0.781923,0.606060,0.000000,0.000000,0.000000,0.000000
18.4833,0.310000,0.240000,-0.120000,0.670000,0.000000,0.000000,0.000000,0.169714,-0.357276,-0.654228,0.594247,0.000000,0.000000,0.000000,0.000000
18.5000,0.310000,0.240000,-0.120000,0.670000,0.000000,0.000000,0.000000,0.181415,-0.387835,-0.534724,0.582741,0.000000,0.000000,0.000000,0.000000
18.5167,0.310000,0.240000,-0.120000,0.670000,0.000000,0.000000,0.000000,0.190964,-0.416912,-0.424743,0.571394,0.000000,0.000000,0.000000,0.000000
18.5333,0.310000,0.240000,-0.120000,0.670000,0.000000,0.000000,0.000000,0.198525,-0.443747,-0.325107,0.560044,0.000000,0.000000,0.000000,0.000000
18.5500,0.310000,0.240000,-0.120000,0.670000,0.000000,0.000000,0.000000,0.204309,-0.467743,-0.236187,0.548553,0.000000,0.000000,0.000000,0.000000
18.5667,0.310000,0.240000,-0.120000,0.670000,0.000000,0.000000,0.000000,0.208530,-0.488494,-0.157972,0.536844,0.000000,0.000000,0.000000,0.000000
18.5833,0.310000,0.240000,-0.120000,0.670000,0.000000,0.000000,0.000000,0.211363,-0.505788,-0.090138,0.524912,0.000000,0.000000,0.000000,0.000000
18.6000,0.310000,0.240000,-0.120000,0.670000,0.000000,0.000000,0.000000,0.212919,-0.519590,-0.032116,0.512823,0.000000,0.000000,0.000000,0.000000
18.6167,0.310000,0.240000,-0.120000,0.670000,0.000000,0.000000,0.000000,0.213236,-0.530029,0.016851,0.500693,0.000000,0.000000,0.000000,0.000000
18.6333,0.310000,0.240000,-0.120000,0.670000,0.000000,0.000000,0.000000,0.212266,-0.537369,0.057651,0.488657,0.000000,0.000000,0.000000,0.000000
18.6500,0.310000,0.240000,-0.120000,0.670000,0.000000,0.000000,0.000000,0.209888,-0.541985,0.091261,0.476844,0.000000,0.000000,0.000000,0.000000
18.6667,0.310000,0.240000,-0.120000,0.670000,0.000000,0.000000,0.000000,0.205922,-0.544343,0.118703,0.465352,0.000000,0.000000,0.000000,0.000000
18.6833,0.310000,0.240000,-0.120000,0.670000,0.000000,0.000000,0.000000,0.200147,-0.544961,0.141000,0.454221,0.000000,0.000000,0.000000,0.000000
18.7000,0.310000,0.240000,-0.120000,0.670000,0.000000,0.000000,0.000000,0.192326,-0.544372,0.159139,0.443429,0.000000,0.000000,0.000000,0.000000
18.7167,0.310000,0.240000,-0.120000,0.670000,0.000000,0.000000,0.000000,0.182222,-0.543092,0.174044,0.432879,0.000000,0.000000,0.000000,0.000000
18.7333,0.310000,0.240000,-0.120000,0.670000,0.000000,0.000000,0.000000,0.169605,-0.541580,0.186555,0.422409,0.000000,0.000000,0.000000,0.000000
18.7500,0.310000,0.240000,-0.120000,0.670000,0.000000,0.000000,0.000000,0.154271,-0.540232,0.197420,0.411801,0.000000,0.000000,0.000000,0.000000
18.7667,0.310000,0.240000,-0.120000,0.670000,0.000000,0.000000,0.000000,0.136055,-0.539366,0.207289,0.400807,0.000000,0.000000,0.000000,0.000000
18.7833,0.310000,0.240000,-0.120000,0.670000,0.000000,0.000000,0.000000,0.114869,-0.539235,0.216694,0.389165,0.000000,0.000000,0.000000,0.000000
18.8000,0.310000,0.240000,-0.120000,0.670000,0.000000,0.000000,0.000000,0.090730,-0.540018,0.226040,0.376622,0.000000,0.000000,0.000000,0.000000
18.8167,0.310000,0.240000,-0.120000,0.670000,0.000000,0.000000,0.000000,0.063801,-0.541824,0.235573,0.362954,0.000000,0.000000,0.000000,0.000000
18.8333,0.310000,0.240000,-0.120000,0.670000,0.000000,0.000000,0.000000,0.034425,-0.544693,0.245363,0.347987,0.000000,0.000000,0.000000,0.000000
18.8500,0.310000,0.240000,-0.120000,0.670000,0.000000,0.000000,0.000000,0.003146,-0.548604,0.255292,0.331616,0.000000,0.000000,0.000000,0.000000
18.8667,0.310000,0.240000,-0.120000,0.670000,0.000000,0.000000,0.000000,-0.029287,-0.553498,0.265069,0.313823,0.000000,0.000000,0.000000,0.000000
18.8833,0.310000,0.240000,-0.120000,0.670000,0.000000,0.000000,0.000000,-0.061951,-0.559301,0.274257,0.294689,0.000000,0.000000,0.000000,0.000000
18.9000,0.310000,0.240000,-0.120000,0.670000,0.000000,0.000000,0.000000,-0.093822,-0.565927,0.282319,0.274408,0.000000,0.000000,0.000000,0.000000
18.9167,0.310000,0.240000,-0.120000,0.670000,0.000000,0.000000,0.000000,-0.123873,-0.573280,0.288686,0.253297,0.000000,0.000000,0.000000,0.000000
18.9333,0.310000,0.240000,-0.120000,0.670000,0.000000,0.000000,0.000000,-0.151195,-0.581224,0.292822,0.231798,0.000000,0.000000,0.000000,0.000000
18.9500,0.310000,0.240000,-0.120000,0.670000,0.000000,0.000000,0.000000,-0.175094,-0.589577,0.294275,0.210457,0.000000,0.000000,0.000000,0.000000
18.9667,0.310000,0.240000,-0.120000,0.670000,0.000000,0.000000,0.000000,-0.195145,-0.598124,0.292707,0.189876,0.000000,0.000000,0.000000,0.000000
18.9833,0.310000,0.240000,-0.120000,0.670000,0.000000,0.000000,0.000000,-0.211211,-0.606636,0.287897,0.170665,0.000000,0.000000,0.000000,0.000000
19.0000,0.310000,0.240000,-0.120000,0.670000,0.000000,0.000000,0.000000,-0.223410,-0.614902,0.279738,0.153395,0.000000,0.000000,0.000000,0.000000
19.0167,0.310000,0.240000,-0.120000,0.670000,0.000000,0.000000,0.000000,-0.232062,-0.622750,0.268218,0.138561,0.000000,0.000000,0.000000,0.000000
19.0333,0.310000,0.240000,-0.120000,0.670000,0.000000,0.000000,0.000000,-0.237619,-0.630066,0.253418,0.126557,0.000000,0.000000,0.000000,0.000000
19.0500,0.310000,0.240000,-0.120000,0.670000,0.000000,0.000000,0.000000,-0.240609,-0.636812,0.235516,0.117651,0.000000,0.000000,0.000000,0.000000
19.0667,0.310000,0.240000,-0.120000,0.670000,0.000000,0.000000,0.000000,-0.241587,-0.643039,0.214793,0.111972,0.000000,0.000000,0.000000,0.000000
19.0833,0.310000,0.240000,-0.120000,0.670000,0.000000,0.000000,0.000000,-0.241098,-0.648887,0.191649,0.109511,0.000000,0.000000,0.000000,0.000000
19.1000,0.310000,0.240000,-0.120000,0.670000,0.000000,0.000000,0.000000,-0.239650,-0.654579,0.166598,0.110129,0.000000,0.000000,0.000000,0.000000
19.1167,0.310000,0.240000,-0.120000,0.670000,0.000000,0.000000,0.000000,-0.237674,-0.660407,0.140245,0.113573,0.000000,0.000000,0.000000,0.000000
19.1333,0.310000,0.240000,-0.120000,0.670000,0.000000,0.000000,0.000000,-0.235500,-0.666704,0.113247,0.119495,0.000000,0.000000,0.000000,0.000000
19.1500,0.310000,0.240000,-0.120000,0.670000,0.000000,0.000000,0.000000,-0.233330,-0.673825,0.086291,0.127480,0.000000,0.000000,0.000000,0.000000
19.1667,0.310000,0.240000,-0.120000,0.670000,0.000000,0.000000,0.000000,-0.231233,-0.682132,0.060082,0.137074,0.000000,0.000000,0.000000,0.000000
19.1833,0.310000,0.240000,-0.120000,0.670000,0.000000,0.000000,0.000000,-0.229157,-0.691973,0.035344,0.147819,0.000000,0.000000,0.000000,0.000000
19.2000,0.310000,0.240000,-0.120000,0.670000,0.000000,0.000000,0.000000,-0.226952,-0.703653,0.012824,0.159307,0.000000,0.000000,0.000000,0.000000
19.2167,0.310000,0.240000,-0.120000,0.670000,0.000000,0.000000,0.000000,-0.224410,-0.717403,-0.006723,0.171230,0.000000,0.000000,0.000000,0.000000
19.2500,0.310000,0.240000,-0.120000,0.670000,0.000000,0.000000,0.000000,-0.221307,-0.733311,-0.022565,0.183455,0.000000,0.000000,0.000000,0.000000
19.2667,0.310000,0.240000,-0.120000,0.670000,0.000000,0.000000,0.000000,-0.217484,-0.751221,-0.034022,0.196075,0.000000,0.000000,0.000000,0.000000
19.3167,0.310000,0.240000,-0.120000,0.670000,0.000000,0.000000,0.000000,-0.212921,-0.770648,-0.040452,0.209453,0.000000,0.000000,0.000000,0.000000
19.3333,0.310000,0.240000,-0.120000,0.670000,0.000000,0.000000,0.000000,-0.207764,-0.790775,-0.041215,0.224232,0.000000,0.000000,0.000000,0.000000
19.3500,0.310000,0.240000,-0.120000,0.670000,0.000000,0.000000,0.000000,-0.202283,-0.810567,-0.035645,0.241325,0.000000,0.000000,0.000000,0.000000
19.3667,0.310000,0.240000,-0.120000,0.670000,0.000000,0.000000,0.000000,-0.196817,-0.828890,-0.023031,0.261894,0.000000,0.000000,0.000000,0.000000
19.3833,0.310000,0.240000,-0.120000,0.670000,0.000000,0.000000,0.000000,-0.191727,-0.844611,-0.002604,0.287318,0.000000,0.000000,0.000000,0.000000
19.4000,0.310000,0.240000,-0.120000,0.670000,0.000000,0.000000,0.000000,-0.187357,-0.856675,0.026455,0.319117,0.000000,0.000000,0.000000,0.000000
19.4167,0.310000,0.240000,-0.120000,0.670000,0.000000,0.000000,0.000000,-0.183981,-0.864169,0.064999,0.358863,0.000000,0.000000,0.000000,0.000000
19.4333,0.310000,0.240000,-0.120000,0.670000,0.000000,0.000000,0.000000,-0.181767,-0.866382,0.113895,0.408053,0.000000,0.000000,0.000000,0.000000
19.4500,0.310000,0.240000,-0.120000,0.670000,0.000000,0.000000,0.000000,-0.180770,-0.862832,0.174002,0.467989,0.000000,0.000000,0.000000,0.000000
19.4667,0.310000,0.240000,-0.120000,0.670000,0.000000,0.000000,0.000000,-0.180966,-0.853296,0.246154,0.539662,0.000000,0.000000,0.000000,0.000000
19.4833,0.310000,0.240000,-0.120000,0.670000,0.000000,0.000000,0.000000,-0.182283,-0.837819,0.331111,0.623636,0.000000,0.000000,0.000000,0.000000
19.5000,0.310000,0.240000,-0.120000,0.670000,0.000000,0.000000,0.000000,-0.184608,-0.816741,0.429452,0.719933,0.000000,0.000000,0.000000,0.000000
19.5167,0.310000,0.240000,-0.120000,0.670000,0.000000,0.000000,0.000000,-0.187757,-0.790709,0.541397,0.827919,0.000000,0.000000,0.000000,0.000000
19.5333,0.310000,0.240000,-0.120000,0.670000,0.000000,0.000000,0.000000,-0.191414,-0.760690,0.666573,0.946150,0.000000,0.000000,0.000000,0.000000
19.5500,0.310000,0.240000,-0.120000,0.670000,0.000000,0.000000,0.000000,-0.195061,-0.727962,0.803725,1.072217,0.000000,0.000000,0.000000,0.000000
19.6500,0.310000,0.240000,-0.120000,0.670000,0.000000,0.000000,0.000000,-0.197931,-0.694062,0.950440,1.202637,0.000000,0.000000,0.000000,0.000000
19.6667,0.310000,0.240000,-0.120000,0.670000,0.000000,0.000000,0.000000,-0.199113,-0.660610,1.103112,1.333069,0.000000,0.000000,0.000000,0.000000
19.6833,0.310000,0.240000,-0.120000,0.670000,0.000000,0.000000,0.000000,-0.197781,-0.629066,1.257356,1.458937,0.000000,0.000000,0.000000,0.000000
19.7000,0.310000,0.240000,-0.120000,0.670000,0.000000,0.000000,0.000000,-0.193394,-0.600550,1.408686,1.576186,0.000000,0.000000,0.000000,0.000000
19.7167,0.310000,0.240000,-0.120000,0.670000,0.000000,0.000000,0.000000,-0.185749,-0.575781,1.553000,1.681762,0.000000,0.000000,0.000000,0.000000
19.7333,0.310000,0.240000,-0.120000,0.670000,0.000000,0.000000,0.000000,-0.174919,-0.555065,1.686706,1.773722,0.000000,0.000000,0.000000,0.000000
19.7500,0.310000,0.240000,-0.120000,0.670000,0.000000,0.000000,0.000000,-0.161161,-0.538322,1.806698,1.851129,0.000000,0.000000,0.000000,0.000000
19.7667,0.310000,0.240000,-0.120000,0.670000,0.000000,0.000000,0.000000,-0.144841,-0.525152,1.910329,1.913879,0.000000,0.000000,0.000000,0.000000
19.7833,0.310000,0.240000,-0.120000,0.670000,0.000000,0.000000,0.000000,-0.126381,-0.514909,1.995430,1.962537,0.000000,0.000000,0.000000,0.000000
19.8000,0.310000,0.240000,-0.120000,0.670000,0.000000,0.000000,0.000000,-0.106244,-0.506789,2.060366,1.998178,0.000000,0.000000,0.000000,0.000000
19.8167,0.310000,0.240000,-0.120000,0.670000,0.000000,0.000000,0.000000,-0.084936,-0.499908,2.104125,2.022260,0.000000,0.000000,0.000000,0.000000
19.8333,0.310000,0.240000,-0.120000,0.670000,0.000000,0.000000,0.000000,-0.063009,-0.493391,2.126438,2.036529,0.000000,0.000000,0.000000,0.000000
19.8833,0.310000,0.240000,-0.120000,0.670000,0.000000,0.000000,0.000000,-0.041032,-0.486465,2.127923,2.042947,0.000000,0.000000,0.000000,0.000000
19.9833,0.310000,0.240000,-0.120000,0.670000,0.000000,0.000000,0.000000,-0.019531,-0.478534,2.110138,2.043637,0.000000,0.000000,0.000000,0.000000
20.0000,0.310000,0.240000,-0.120000,0.670000,0.000000,0.000000,0.000000,0.001047,-0.469178,2.075408,2.040724,0.000000,0.000000,0.000000,0.000000
20.0167,0.310000,0.240000,-0.120000,0.670000,0.000000,0.000000,0.000000,0.020300,-0.458099,2.026404,2.036089,0.000000,0.000000,0.000000,0.000000
20.0333,0.310000,0.240000,-0.120000,0.670000,0.000000,0.000000,0.000000,0.037827,-0.445088,1.965692,2.031158,0.000000,0.000000,0.000000,0.000000
20.0500,0.310000,0.240000,-0.120000,0.670000,0.000000,0.000000,0.000000,0.053236,-0.430086,1.895460,2.026773,0.000000,0.000000,0.000000,0.000000
20.0667,0.310000,0.240000,-0.120000,0.670000,0.000000,0.000000,0.000000,0.066208,-0.413257,1.817483,2.023105,0.000000,0.000000,0.000000,0.000000
20.0833,0.310000,0.240000,-0.120000,0.670000,0.000000,0.000000,0.000000,0.076592,-0.395074,1.733233,2.019579,0.000000,0.000000,0.000000,0.000000
20.1000,0.310000,0.240000,-0.120000,0.670000,0.000000,0.000000,0.000000,0.084496,-0.376365,1.644024,2.014816,0.000000,0.000000,0.000000,0.000000
20.1667,0.310000,0.240000,-0.120000,0.670000,0.000000,0.000000,0.000000,0.090329,-0.358306,1.551128,2.006673,0.000000,0.000000,0.000000,0.000000
20.1833,0.310000,0.240000,-0.120000,0.670000,0.000000,0.000000,0.000000,0.094723,-0.342235,1.455713,1.992545,0.000000,0.000000,0.000000,0.000000
20.2000,0.310000,0.240000,-0.120000,0.670000,0.000000,0.000000,0.000000,0.098354,-0.329345,1.358660,1.969867,0.000000,0.000000,0.000000,0.000000
20.2167,0.310000,0.240000,-0.120000,0.670000,0.000000,0.000000,0.000000,0.101785,-0.320475,1.260448,1.936542,0.000000,0.000000,0.000000,0.000000
20.2333,0.310000,0.240000,-0.120000,0.670000,0.000000,0.000000,0.000000,0.105396,-0.316044,1.161228,1.891137,0.000000,0.000000,0.000000,0.000000
20.2500,0.310000,0.240000,-0.120000,0.670000,0.000000,0.000000,0.000000,0.109379,-0.316085,1.060965,1.832951,0.000000,0.000000,0.000000,0.000000
20.2667,0.310000,0.240000,-0.120000,0.670000,0.000000,0.000000,0.000000,0.113757,-0.320303,0.959614,1.762026,0.000000,0.000000,0.000000,0.000000
20.2833,0.310000,0.240000,-0.120000,0.670000,0.000000,0.000000,0.000000,0.118435,-0.328165,0.857298,1.679098,0.000000,0.000000,0.000000,0.000000
20.3000,0.310000,0.240000,-0.120000,0.670000,0.000000,0.000000,0.000000,0.123252,-0.338987,0.754496,1.585559,0.000000,0.000000,0.000000,0.000000
20.3167,0.310000,0.240000,-0.120000,0.670000,0.000000,0.000000,0.000000,0.128026,-0.352018,0.652218,1.483439,0.000000,0.000000,0.000000,0.000000
20.3333,0.310000,0.240000,-0.120000,0.670000,0.000000,0.000000,0.000000,0.132582,-0.366524,0.552180,1.375427,0.000000,0.000000,0.000000,0.000000
20.4333,0.310000,0.240000,-0.120000,0.670000,0.000000,0.000000,0.000000,0.136768,-0.381852,0.456806,1.264813,0.000000,0.000000,0.000000,0.000000
20.4500,0.310000,0.240000,-0.120000,0.670000,0.000000,0.000000,0.000000,0.140459,-0.397449,0.368760,1.155122,0.000000,0.000000,0.000000,0.000000
20.4667,0.310000,0.240000,-0.120000,0.670000,0.000000,0.000000,0.000000,0.143561,-0.412814,0.290177,1.049529,0.000000,0.000000,0.000000,0.000000
20.4833,0.310000,0.240000,-0.120000,0.670000,0.000000,0.000000,0.000000,0.145992,-0.427426,0.222238,0.950465,0.000000,0.000000,0.000000,0.000000
20.5000,0.310000,0.240000,-0.120000,0.670000,0.000000,0.000000,0.000000,0.147671,-0.440735,0.165265,0.859569,0.000000,0.000000,0.000000,0.000000
20.5167,0.310000,0.240000,-0.120000,0.670000,0.000000,0.000000,0.000000,0.148505,-0.452197,0.118985,0.777787,0.000000,0.000000,0.000000,0.000000
20.5333,0.310000,0.240000,-0.120000,0.670000,0.000000,0.000000,0.000000,0.148393,-0.461332,0.082732,0.705487,0.000000,0.000000,0.000000,0.000000
20.5500,0.310000,0.240000,-0.120000,0.670000,0.000000,0.000000,0.000000,0.147243,-0.467788,0.055583,0.642589,0.000000,0.000000,0.000000,0.000000
20.5667,0.310000,0.240000,-0.120000,0.670000,0.000000,0.000000,0.000000,0.144985,-0.471371,0.036462,0.588679,0.000000,0.000000,0.000000,0.000000
20.5833,0.310000,0.240000,-0.120000,0.670000,0.000000,0.000000,0.000000,0.141584,-0.472070,0.024220,0.543097,0.000000,0.000000,0.000000,0.000000
20.6000,0.310000,0.240000,-0.120000,0.670000,0.000000,0.000000,0.000000,0.137044,-0.470043,0.017703,0.505001,0.000000,0.000000,0.000000,0.000000
20.6167,0.310000,0.240000,-0.120000,0.670000,0.000000,0.000000,0.000000,0.131399,-0.465602,0.015807,0.473415,0.000000,0.000000,0.000000,0.000000
20.6333,0.310000,0.240000,-0.120000,0.670000,0.000000,0.000000,0.000000,0.124715,-0.459176,0.017519,0.447268,0.000000,0.000000,0.000000,0.000000
20.6500,0.310000,0.240000,-0.120000,0.670000,0.000000,0.000000,0.000000,0.117078,-0.451284,0.021926,0.425439,0.000000,0.000000,0.000000,0.000000
20.6667,0.310000,0.240000,-0.120000,0.670000,0.000000,0.000000,0.000000,0.108584,-0.442489,0.028220,0.406815,0.000000,0.000000,0.000000,0.000000
20.6833,0.310000,0.240000,-0.120000,0.670000,0.000000,0.000000,0.000000,0.099332,-0.433376,0.035692,0.390340,0.000000,0.000000,0.000000,0.000000
20.7000,0.310000,0.240000,-0.120000,0.670000,0.000000,0.000000,0.000000,0.089405,-0.424516,0.043738,0.375060,0.000000,0.000000,0.000000,0.000000
20.7167,0.310000,0.240000,-0.120000,0.670000,0.000000,0.000000,0.000000,0.078860,-0.416452,0.051873,0.360161,0.000000,0.000000,0.000000,0.000000
20.7333,0.310000,0.240000,-0.120000,0.670000,0.000000,0.000000,0.000000,0.067715,-0.409680,0.059757,0.345000,0.000000,0.000000,0.000000,0.000000
20.7500,0.310000,0.240000,-0.120000,0.670000,0.000000,0.000000,0.000000,0.055955,-0.404631,0.067204,0.329112,0.000000,0.000000,0.000000,0.000000
20.7667,0.310000,0.240000,-0.120000,0.670000,0.000000,0.000000,0.000000,0.043531,-0.401649,0.074160,0.312218,0.000000,0.000000,0.000000,0.000000
20.7833,0.310000,0.240000,-0.120000,0.670000,0.000000,0.000000,0.000000,0.030390,-0.400958,0.080653,0.294214,0.000000,0.000000,0.000000,0.000000
20.8000,0.310000,0.240000,-0.120000,0.670000,0.000000,0.000000,0.000000,0.016496,-0.402641,0.086731,0.275158,0.000000,0.000000,0.000000,0.000000
20.8167,0.310000,0.240000,-0.120000,0.670000,0.000000,0.000000,0.000000,0.001856,-0.406646,0.092424,0.255252,0.000000,0.000000,0.000000,0.000000
20.8333,0.310000,0.240000,-0.120000,0.670000,0.000000,0.000000,0.000000,-0.013465,-0.412808,0.097731,0.234815,0.000000,0.000000,0.000000,0.000000
20.8500,0.310000,0.240000,-0.120000,0.670000,0.000000,0.000000,0.000000,-0.029339,-0.420889,0.102618,0.214254,0.000000,0.000000,0.000000,0.000000
20.8667,0.310000,0.240000,-0.120000,0.670000,0.000000,0.000000,0.000000,-0.045544,-0.430638,0.107022,0.194012,0.000000,0.000000,0.000000,0.000000
20.8833,0.310000,0.240000,-0.120000,0.670000,0.000000,0.000000,0.000000,-0.061751,-0.441831,0.110836,0.174512,0.000000,0.000000,0.000000,0.000000
20.9000,0.310000,0.240000,-0.120000,0.670000,0.000000,0.000000,0.000000,-0.077506,-0.454308,0.113889,0.156119,0.000000,0.000000,0.000000,0.000000
20.9167,0.310000,0.240000,-0.120000,0.670000,0.000000,0.000000,0.000000,-0.092248,-0.467971,0.115943,0.139107,0.000000,0.000000,0.000000,0.000000
20.9333,0.310000,0.240000,-0.120000,0.670000,0.000000,0.000000,0.000000,-0.105356,-0.482768,0.116695,0.123660,0.000000,0.000000,0.000000,0.000000
20.9500,0.310000,0.240000,-0.120000,0.670000,0.000000,0.000000,0.000000,-0.116213,-0.498678,0.115810,0.109892,0.000000,0.000000,0.000000,0.000000
20.9667,0.310000,0.240000,-0.120000,0.670000,0.000000,0.000000,0.000000,-0.124259,-0.515691,0.112951,0.097855,0.000000,0.000000,0.000000,0.000000
20.9833,0.310000,0.240000,-0.120000,0.670000,0.000000,0.000000,0.000000,-0.129028,-0.533805,0.107813,0.087563,0.000000,0.000000,0.000000,0.000000
21.0000,0.310000,0.240000,-0.120000,0.670000,0.000000,0.000000,0.000000,-0.130182,-0.553016,0.100161,0.079003,0.000000,0.000000,0.000000,0.000000
21.0167,0.310000,0.240000,-0.120000,0.670000,0.000000,0.000000,0.000000,-0.127557,-0.573301,0.089882,0.072156,0.000000,0.000000,0.000000,0.000000
21.0333,0.310000,0.240000,-0.120000,0.670000,0.000000,0.000000,0.000000,-0.121199,-0.594595,0.077041,0.067021,0.000000,0.000000,0.000000,0.000000
21.0500,0.310000,0.240000,-0.120000,0.670000,0.000000,0.000000,0.000000,-0.111381,-0.616781,0.061919,0.063617,0.000000,0.000000,0.000000,0.000000
21.0667,0.310000,0.240000,-0.120000,0.670000,0.000000,0.000000,0.000000,-0.098564,-0.639692,0.045014,0.061964,0.000000,0.000000,0.000000,0.000000
21.0833,0.310000,0.240000,-0.120000,0.670000,0.000000,0.000000,0.000000,-0.083342,-0.663116,0.026999,0.062052,0.000000,0.000000,0.000000,0.000000
21.1000,0.310000,0.240000,-0.120000,0.670000,0.000000,0.000000,0.000000,-0.066384,-0.686802,0.008658,0.063832,0.000000,0.000000,0.000000,0.000000
21.1167,0.310000,0.240000,-0.120000,0.670000,0.000000,0.000000,0.000000,-0.048384,-0.710442,-0.009194,0.067214,0.000000,0.000000,0.000000,0.000000
21.1333,0.310000,0.240000,-0.120000,0.670000,0.000000,0.000000,0.000000,-0.030029,-0.733680,-0.025795,0.072078,0.000000,0.000000,0.000000,0.000000
21.1500,0.310000,0.240000,-0.120000,0.670000,0.000000,0.000000,0.000000,-0.011978,-0.756114,-0.040477,0.078297,0.000000,0.000000,0.000000,0.000000
21.1667,0.310000,0.240000,-0.120000,0.670000,0.000000,0.000000,0.000000,0.005150,-0.777307,-0.052700,0.085742,0.000000,0.000000,0.000000,0.000000
21.1833,0.310000,0.240000,-0.120000,0.670000,0.000000,0.000000,0.000000,0.020784,-0.796803,-0.062050,0.094300,0.000000,0.000000,0.000000,0.000000
21.2000,0.310000,0.240000,-0.120000,0.670000,0.000000,0.000000,0.000000,0.034422,-0.814150,-0.068227,0.103882,0.000000,0.000000,0.000000,0.000000
21.2167,0.310000,0.240000,-0.120000,0.670000,0.000000,0.000000,0.000000,0.045643,-0.828923,-0.071035,0.114424,0.000000,0.000000,0.000000,0.000000
21.2333,0.310000,0.240000,-0.120000,0.670000,0.000000,0.000000,0.000000,0.054141,-0.840750,-0.070373,0.125891,0.000000,0.000000,0.000000,0.000000
21.2500,0.310000,0.240000,-0.120000,0.670000,0.000000,0.000000,0.000000,0.059753,-0.849327,-0.066258,0.138271,0.000000,0.000000,0.000000,0.000000
21.2667,0.310000,0.240000,-0.120000,0.670000,0.000000,0.000000,0.000000,0.062476,-0.854436,-0.058841,0.151580,0.000000,0.000000,0.000000,0.000000
21.2833,0.310000,0.240000,-0.120000,0.670000,0.000000,0.000000,0.000000,0.062461,-0.855964,-0.048415,0.165842,0.000000,0.000000,0.000000,0.000000
21.3000,0.310000,0.240000,-0.120000,0.670000,0.000000,0.000000,0.000000,0.059984,-0.853913,-0.035403,0.181073,0.000000,0.000000,0.000000,0.000000
21.3167,0.310000,0.240000,-0.120000,0.670000,0.000000,0.000000,0.000000,0.055409,-0.848411,-0.020331,0.197262,0.000000,0.000000,0.000000,0.000000
21.3333,0.310000,0.240000,-0.120000,0.670000,0.000000,0.000000,0.000000,0.049153,-0.839711,-0.003796,0.214361,0.000000,0.000000,0.000000,0.000000
21.3500,0.310000,0.240000,-0.120000,0.670000,0.000000,0.000000,0.000000,0.041651,-0.828182,0.013584,0.232266,0.000000,0.000000,0.000000,0.000000
21.3667,0.310000,0.240000,-0.120000,0.670000,0.000000,0.000000,0.000000,0.033332,-0.814293,0.031204,0.250805,0.000000,0.000000,0.000000,0.000000
21.3833,0.310000,0.240000,-0.120000,0.670000,0.000000,0.000000,0.000000,0.024595,-0.798601,0.048519,0.269722,0.000000,0.000000,0.000000,0.000000
21.4000,0.310000,0.240000,-0.120000,0.670000,0.000000,0.000000,0.000000,0.015792,-0.781729,0.065070,0.288670,0.000000,0.000000,0.000000,0.000000
21.4167,0.310000,0.240000,-0.120000,0.670000,0.000000,0.000000,0.000000,0.007221,-0.764349,0.080512,0.307230,0.000000,0.000000,0.000000,0.000000
21.4333,0.310000,0.240000,-0.120000,0.670000,0.000000,0.000000,0.000000,-0.000874,-0.747151,0.094606,0.324931,0.000000,0.000000,0.000000,0.000000
