t_s,left_shoulder_pitch,left_shoulder_roll,left_shoulder_yaw,left_elbow,left_wrist_roll,left_wrist_pitch,left_wrist_yaw,right_shoulder_pitch,right_shoulder_roll,right_shoulder_yaw,right_elbow,right_wrist_roll,right_wrist_pitch,right_wrist_yaw,waist_yaw
6.9500,0.310000,0.240000,-0.120000,0.670000,0.000000,0.000000,0.000000,0.900337,-0.653322,0.045886,0.493243,0.000000,0.000000,0.000000,0.000000
6.9667,0.310000,0.240000,-0.120000,0.670000,0.000000,0.000000,0.000000,0.846394,-0.620997,0.106786,0.445913,0.000000,0.000000,0.000000,0.000000
6.9833,0.310000,0.240000,-0.120000,0.670000,0.000000,0.000000,0.000000,0.793032,-0.591221,0.166818,0.399993,0.000000,0.000000,0.000000,0.000000
7.0833,0.310000,0.240000,-0.120000,0.670000,0.000000,0.000000,0.000000,0.741165,-0.565196,0.225045,0.356170,0.000000,0.000000,0.000000,0.000000
7.1000,0.310000,0.240000,-0.120000,0.670000,0.000000,0.000000,0.000000,0.691635,-0.544055,0.280545,0.315356,0.000000,0.000000,0.000000,0.000000
7.1167,0.310000,0.240000,-0.120000,0.670000,0.000000,0.000000,0.000000,0.645082,-0.528687,0.332501,0.278490,0.000000,0.000000,0.000000,0.000000
7.1333,0.310000,0.240000,-0.120000,0.670000,0.000000,0.000000,0.000000,0.601859,-0.519610,0.380273,0.246321,0.000000,0.000000,0.000000,0.000000
7.1500,0.310000,0.240000,-0.120000,0.670000,0.000000,0.000000,0.000000,0.562040,-0.516964,0.423422,0.219299,0.000000,0.000000,0.000000,0.000000
7.1667,0.310000,0.240000,-0.120000,0.670000,0.000000,0.000000,0.000000,0.525466,-0.520537,0.461710,0.197533,0.000000,0.000000,0.000000,0.000000
7.1833,0.310000,0.240000,-0.120000,0.670000,0.000000,0.000000,0.000000,0.491796,-0.529802,0.495088,0.180789,0.000000,0.000000,0.000000,0.000000
7.2000,0.310000,0.240000,-0.120000,0.670000,0.000000,0.000000,0.000000,0.460568,-0.543960,0.523680,0.168502,0.000000,0.000000,0.000000,0.000000
7.2167,0.310000,0.240000,-0.120000,0.670000,0.000000,0.000000,0.000000,0.431262,-0.561994,0.547762,0.159810,0.000000,0.000000,0.000000,0.000000
7.2833,0.310000,0.240000,-0.120000,0.670000,0.000000,0.000000,0.000000,0.403383,-0.582726,0.567744,0.153619,0.000000,0.000000,0.000000,0.000000
7.3833,0.310000,0.240000,-0.120000,0.670000,0.000000,0.000000,0.000000,0.376523,-0.604911,0.584134,0.148776,0.000000,0.000000,0.000000,0.000000
7.4000,0.310000,0.240000,-0.120000,0.670000,0.000000,0.000000,0.000000,0.350389,-0.627355,0.597496,0.144321,0.000000,0.000000,0.000000,0.000000
7.4167,0.310000,0.240000,-0.120000,0.670000,0.000000,0.000000,0.000000,0.324776,-0.649020,0.608393,0.139663,0.000000,0.000000,0.000000,0.000000
7.4333,0.310000,0.240000,-0.120000,0.670000,0.000000,0.000000,0.000000,0.299549,-0.669081,0.617353,0.134574,0.000000,0.000000,0.000000,0.000000
7.4500,0.310000,0.240000,-0.120000,0.670000,0.000000,0.000000,0.000000,0.274647,-0.686943,0.624854,0.129070,0.000000,0.000000,0.000000,0.000000
7.4667,0.310000,0.240000,-0.120000,0.670000,0.000000,0.000000,0.000000,0.250083,-0.702241,0.631313,0.123304,0.000000,0.000000,0.000000,0.000000
7.4833,0.310000,0.240000,-0.120000,0.670000,0.000000,0.000000,0.000000,0.225936,-0.714820,0.637081,0.117485,0.000000,0.000000,0.000000,0.000000
7.5000,0.310000,0.240000,-0.120000,0.670000,0.000000,0.000000,0.000000,0.202341,-0.724719,0.642436,0.111827,0.000000,0.000000,0.000000,0.000000
7.5167,0.310000,0.240000,-0.120000,0.670000,0.000000,0.000000,0.000000,0.179480,-0.732139,0.647586,0.106507,0.000000,0.000000,0.000000,0.000000
7.5333,0.310000,0.240000,-0.120000,0.670000,0.000000,0.000000,0.000000,0.157560,-0.737411,0.652665,0.101639,0.000000,0.000000,0.000000,0.000000
7.5500,0.310000,0.240000,-0.120000,0.670000,0.000000,0.000000,0.000000,0.136780,-0.740964,0.657732,0.097257,0.000000,0.000000,0.000000,0.000000
7.5667,0.310000,0.240000,-0.120000,0.670000,0.000000,0.000000,0.000000,0.117302,-0.743282,0.662780,0.093317,0.000000,0.000000,0.000000,0.000000
7.5833,0.310000,0.240000,-0.120000,0.670000,0.000000,0.000000,0.000000,0.099217,-0.744880,0.667742,0.089696,0.000000,0.000000,0.000000,0.000000
7.6000,0.310000,0.240000,-0.120000,0.670000,0.000000,0.000000,0.000000,0.082538,-0.746267,0.672499,0.086207,0.000000,0.000000,0.000000,0.000000
7.6167,0.310000,0.240000,-0.120000,0.670000,0.000000,0.000000,0.000000,0.067189,-0.747918,0.676900,0.082614,0.000000,0.000000,0.000000,0.000000
7.6333,0.310000,0.240000,-0.120000,0.670000,0.000000,0.000000,0.000000,0.053006,-0.750248,0.680778,0.078658,0.000000,0.000000,0.000000,0.000000
7.6500,0.310000,0.240000,-0.120000,0.670000,0.000000,0.000000,0.000000,0.039751,-0.753582,0.683966,0.074074,0.000000,0.000000,0.000000,0.000000
7.6667,0.310000,0.240000,-0.120000,0.670000,0.000000,0.000000,0.000000,0.027125,-0.758147,0.686316,0.068615,0.000000,0.000000,0.000000,0.000000
7.6833,0.310000,0.240000,-0.120000,0.670000,0.000000,0.000000,0.000000,0.014792,-0.764066,0.687708,0.062065,0.000000,0.000000,0.000000,0.000000
7.7000,0.310000,0.240000,-0.120000,0.670000,0.000000,0.000000,0.000000,0.002413,-0.771365,0.688051,0.054253,0.000000,0.000000,0.000000,0.000000
7.7167,0.310000,0.240000,-0.120000,0.670000,0.000000,0.000000,0.000000,-0.010334,-0.779985,0.687296,0.045066,0.000000,0.000000,0.000000,0.000000
7.7333,0.310000,0.240000,-0.120000,0.670000,0.000000,0.000000,0.000000,-0.023722,-0.789797,0.685428,0.034455,0.000000,0.000000,0.000000,0.000000
7.7500,0.310000,0.240000,-0.120000,0.670000,0.000000,0.000000,0.000000,-0.037951,-0.800614,0.682481,0.022447,0.000000,0.000000,0.000000,0.000000
7.7667,0.310000,0.240000,-0.120000,0.670000,0.000000,0.000000,0.000000,-0.053129,-0.812207,0.678537,0.009148,0.000000,0.000000,0.000000,0.000000
7.7833,0.310000,0.240000,-0.120000,0.670000,0.000000,0.000000,0.000000,-0.069267,-0.824304,0.673733,-0.005246,0.000000,0.000000,0.000000,0.000000
7.8000,0.310000,0.240000,-0.120000,0.670000,0.000000,0.000000,0.000000,-0.086284,-0.836593,0.668249,-0.020447,0.000000,0.000000,0.000000,0.000000
7.8167,0.310000,0.240000,-0.120000,0.670000,0.000000,0.000000,0.000000,-0.104037,-0.848730,0.662301,-0.036075,0.000000,0.000000,0.000000,0.000000
7.8333,0.310000,0.240000,-0.120000,0.670000,0.000000,0.000000,0.000000,-0.122351,-0.860368,0.656113,-0.051684,0.000000,0.000000,0.000000,0.000000
7.8500,0.310000,0.240000,-0.120000,0.670000,0.000000,0.000000,0.000000,-0.141026,-0.871214,0.649894,-0.066826,0.000000,0.000000,0.000000,0.000000
7.8667,0.310000,0.240000,-0.120000,0.670000,0.000000,0.000000,0.000000,-0.159822,-0.881089,0.643818,-0.081118,0.000000,0.000000,0.000000,0.000000
7.8833,0.310000,0.240000,-0.120000,0.670000,0.000000,0.000000,0.000000,-0.178443,-0.889967,0.638016,-0.094282,0.000000,0.000000,0.000000,0.000000
7.9000,0.310000,0.240000,-0.120000,0.670000,0.000000,0.000000,0.000000,-0.196537,-0.897977,0.632566,-0.106155,0.000000,0.000000,0.000000,0.000000
7.9167,0.310000,0.240000,-0.120000,0.670000,0.000000,0.000000,0.000000,-0.213704,-0.905384,0.627503,-0.116684,0.000000,0.000000,0.000000,0.000000
7.9333,0.310000,0.240000,-0.120000,0.670000,0.000000,0.000000,0.000000,-0.229531,-0.912542,0.622816,-0.125888,0.000000,0.000000,0.000000,0.000000
7.9500,0.310000,0.240000,-0.120000,0.670000,0.000000,0.000000,0.000000,-0.243632,-0.919842,0.618466,-0.133815,0.000000,0.000000,0.000000,0.000000
7.9667,0.310000,0.240000,-0.120000,0.670000,0.000000,0.000000,0.000000,-0.255689,-0.927637,0.614400,-0.140509,0.000000,0.000000,0.000000,0.000000
7.9833,0.310000,0.240000,-0.120000,0.670000,0.000000,0.000000,0.000000,-0.265480,-0.936200,0.610563,-0.145979,0.000000,0.000000,0.000000,0.000000
8.0000,0.310000,0.240000,-0.120000,0.670000,0.000000,0.000000,0.000000,-0.272869,-0.945704,0.606915,-0.150206,0.000000,0.000000,0.000000,0.000000
8.0167,0.310000,0.240000,-0.120000,0.670000,0.000000,0.000000,0.000000,-0.277792,-0.956225,0.603430,-0.153148,0.000000,0.000000,0.000000,0.000000
8.0333,0.310000,0.240000,-0.120000,0.670000,0.000000,0.000000,0.000000,-0.280241,-0.967754,0.600106,-0.154747,0.000000,0.000000,0.000000,0.000000
8.0500,0.310000,0.240000,-0.120000,0.670000,0.000000,0.000000,0.000000,-0.280257,-0.980201,0.596963,-0.154936,0.000000,0.000000,0.000000,0.000000
8.0667,0.310000,0.240000,-0.120000,0.670000,0.000000,0.000000,0.000000,-0.277936,-0.993392,0.594038,-0.153630,0.000000,0.000000,0.000000,0.000000
8.0833,0.310000,0.240000,-0.120000,0.670000,0.000000,0.000000,0.000000,-0.273434,-1.007071,0.591383,-0.150734,0.000000,0.000000,0.000000,0.000000
8.1000,0.310000,0.240000,-0.120000,0.670000,0.000000,0.000000,0.000000,-0.266957,-1.020922,0.589063,-0.146152,0.000000,0.000000,0.000000,0.000000
8.1167,0.310000,0.240000,-0.120000,0.670000,0.000000,0.000000,0.000000,-0.258732,-1.034601,0.587149,-0.139801,0.000000,0.000000,0.000000,0.000000
8.1333,0.310000,0.240000,-0.120000,0.670000,0.000000,0.000000,0.000000,-0.248981,-1.047779,0.585711,-0.131638,0.000000,0.000000,0.000000,0.000000
8.1500,0.310000,0.240000,-0.120000,0.670000,0.000000,0.000000,0.000000,-0.237902,-1.060159,0.584814,-0.121660,0.000000,0.000000,0.000000,0.000000
8.1667,0.310000,0.240000,-0.120000,0.670000,0.000000,0.000000,0.000000,-0.225671,-1.071493,0.584516,-0.109914,0.000000,0.000000,0.000000,0.000000
8.1833,0.310000,0.240000,-0.120000,0.670000,0.000000,0.000000,0.000000,-0.212468,-1.081563,0.584858,-0.096484,0.000000,0.000000,0.000000,0.000000
8.2000,0.310000,0.240000,-0.120000,0.670000,0.000000,0.000000,0.000000,-0.198511,-1.090173,0.585858,-0.081485,0.000000,0.000000,0.000000,0.000000
8.2167,0.310000,0.240000,-0.120000,0.670000,0.000000,0.000000,0.000000,-0.184068,-1.097152,0.587502,-0.065052,0.000000,0.000000,0.000000,0.000000
8.2333,0.310000,0.240000,-0.120000,0.670000,0.000000,0.000000,0.000000,-0.169464,-1.102358,0.589742,-0.047334,0.000000,0.000000,0.000000,0.000000
8.2500,0.310000,0.240000,-0.120000,0.670000,0.000000,0.000000,0.000000,-0.155049,-1.105712,0.592490,-0.028491,0.000000,0.000000,0.000000,0.000000
8.2667,0.310000,0.240000,-0.120000,0.670000,0.000000,0.000000,0.000000,-0.141164,-1.107207,0.595634,-0.008706,0.000000,0.000000,0.000000,0.000000
8.2833,0.310000,0.240000,-0.120000,0.670000,0.000000,0.000000,0.000000,-0.128108,-1.106916,0.599040,0.011807,0.000000,0.000000,0.000000,0.000000
8.3000,0.310000,0.240000,-0.120000,0.670000,0.000000,0.000000,0.000000,-0.116105,-1.104988,0.602573,0.032798,0.000000,0.000000,0.000000,0.000000
8.3167,0.310000,0.240000,-0.120000,0.670000,0.000000,0.000000,0.000000,-0.105292,-1.101639,0.606105,0.053985,0.000000,0.000000,0.000000,0.000000
8.3333,0.310000,0.240000,-0.120000,0.670000,0.000000,0.000000,0.000000,-0.095705,-1.097136,0.609527,0.075066,0.000000,0.000000,0.000000,0.000000
8.3500,0.310000,0.240000,-0.120000,0.670000,0.000000,0.000000,0.000000,-0.087284,-1.091785,0.612749,0.095751,0.000000,0.000000,0.000000,0.000000
8.3667,0.310000,0.240000,-0.120000,0.670000,0.000000,0.000000,0.000000,-0.079890,-1.085898,0.615712,0.115793,0.000000,0.000000,0.000000,0.000000
8.3833,0.310000,0.240000,-0.120000,0.670000,0.000000,0.000000,0.000000,-0.073320,-1.079774,0.618381,0.135011,0.000000,0.000000,0.000000,0.000000
8.4000,0.310000,0.240000,-0.120000,0.670000,0.000000,0.000000,0.000000,-0.067324,-1.073675,0.620748,0.153302,0.000000,0.000000,0.000000,0.000000
8.4167,0.310000,0.240000,-0.120000,0.670000,0.000000,0.000000,0.000000,-0.061625,-1.067806,0.622834,0.170630,0.000000,0.000000,0.000000,0.000000
8.4333,0.310000,0.240000,-0.120000,0.670000,0.000000,0.000000,0.000000,-0.055917,-1.062308,0.624691,0.187007,0.000000,0.000000,0.000000,0.000000
8.4500,0.310000,0.240000,-0.120000,0.670000,0.000000,0.000000,0.000000,-0.049869,-1.057249,0.626405,0.202467,0.000000,0.000000,0.000000,0.000000
8.4667,0.310000,0.240000,-0.120000,0.670000,0.000000,0.000000,0.000000,-0.043120,-1.052630,0.628098,0.217037,0.000000,0.000000,0.000000,0.000000
8.4833,0.310000,0.240000,-0.120000,0.670000,0.000000,0.000000,0.000000,-0.035278,-1.048388,0.629929,0.230717,0.000000,0.000000,0.000000,0.000000
8.5000,0.310000,0.240000,-0.120000,0.670000,0.000000,0.000000,0.000000,-0.025925,-1.044407,0.632089,0.243489,0.000000,0.000000,0.000000,0.000000
8.5167,0.310000,0.240000,-0.120000,0.670000,0.000000,0.000000,0.000000,-0.014632,-1.040530,0.634795,0.255345,0.000000,0.000000,0.000000,0.000000
8.5333,0.310000,0.240000,-0.120000,0.670000,0.000000,0.000000,0.000000,-0.000984,-1.036566,0.638273,0.266318,0.000000,0.000000,0.000000,0.000000
8.5500,0.310000,0.240000,-0.120000,0.670000,0.000000,0.000000,0.000000,0.015395,-1.032304,0.642745,0.276502,0.000000,0.000000,0.000000,0.000000
8.5667,0.310000,0.240000,-0.120000,0.670000,0.000000,0.000000,0.000000,0.034796,-1.027512,0.648416,0.286067,0.000000,0.000000,0.000000,0.000000
8.5833,0.310000,0.240000,-0.120000,0.670000,0.000000,0.000000,0.000000,0.057390,-1.021939,0.655454,0.295276,0.000000,0.000000,0.000000,0.000000
8.6000,0.310000,0.240000,-0.120000,0.670000,0.000000,0.000000,0.000000,0.083195,-1.015322,0.663978,0.304483,0.000000,0.000000,0.000000,0.000000
8.6167,0.310000,0.240000,-0.120000,0.670000,0.000000,0.000000,0.000000,0.112060,-1.007416,0.674036,0.314091,0.000000,0.000000,0.000000,0.000000
8.6333,0.310000,0.240000,-0.120000,0.670000,0.000000,0.000000,0.000000,0.143672,-0.998027,0.685598,0.324493,0.000000,0.000000,0.000000,0.000000
8.6500,0.310000,0.240000,-0.120000,0.670000,0.000000,0.000000,0.000000,0.177559,-0.987053,0.698540,0.335984,0.000000,0.000000,0.000000,0.000000
8.6667,0.310000,0.240000,-0.120000,0.670000,0.000000,0.000000,0.000000,0.213095,-0.974516,0.712637,0.348673,0.000000,0.000000,0.000000,0.000000
8.6833,0.310000,0.240000,-0.120000,0.670000,0.000000,0.000000,0.000000,0.249498,-0.960585,0.727557,0.362405,0.000000,0.000000,0.000000,0.000000
8.7333,0.310000,0.240000,-0.120000,0.670000,0.000000,0.000000,0.000000,0.285840,-0.945595,0.742867,0.376708,0.000000,0.000000,0.000000,0.000000
8.8167,0.310000,0.240000,-0.120000,0.670000,0.000000,0.000000,0.000000,0.321117,-0.930025,0.758072,0.390829,0.000000,0.000000,0.000000,0.000000
8.8333,0.310000,0.240000,-0.120000,0.670000,0.000000,0.000000,0.000000,0.354377,-0.914416,0.772692,0.403913,0.000000,0.000000,0.000000,0.000000
8.8500,0.310000,0.240000,-0.120000,0.670000,0.000000,0.000000,0.000000,0.384846,-0.899277,0.786335,0.415240,0.000000,0.000000,0.000000,0.000000
8.8667,0.310000,0.240000,-0.120000,0.670000,0.000000,0.000000,0.000000,0.411977,-0.885019,0.798724,0.424365,0.000000,0.000000,0.000000,0.000000
8.8833,0.310000,0.240000,-0.120000,0.670000,0.000000,0.000000,0.000000,0.435431,-0.871942,0.809688,0.431122,0.000000,0.000000,0.000000,0.000000
8.9000,0.310000,0.240000,-0.120000,0.670000,0.000000,0.000000,0.000000,0.455040,-0.860254,0.819134,0.435575,0.000000,0.000000,0.000000,0.000000
8.9167,0.310000,0.240000,-0.120000,0.670000,0.000000,0.000000,0.000000,0.470754,-0.850078,0.827027,0.437952,0.000000,0.000000,0.000000,0.000000
8.9333,0.310000,0.240000,-0.120000,0.670000,0.000000,0.000000,0.000000,0.482601,-0.841477,0.833363,0.438579,0.000000,0.000000,0.000000,0.000000
8.9500,0.310000,0.240000,-0.120000,0.670000,0.000000,0.000000,0.000000,0.490650,-0.834460,0.838157,0.437811,0.000000,0.000000,0.000000,0.000000
8.9667,0.310000,0.240000,-0.120000,0.670000,0.000000,0.000000,0.000000,0.494998,-0.828996,0.841435,0.435973,0.000000,0.000000,0.000000,0.000000
8.9833,0.310000,0.240000,-0.120000,0.670000,0.000000,0.000000,0.000000,0.495748,-0.825018,0.843230,0.433306,0.000000,0.000000,0.000000,0.000000
9.0000,0.310000,0.240000,-0.120000,0.670000,0.000000,0.000000,0.000000,0.493011,-0.822428,0.843582,0.429941,0.000000,0.000000,0.000000,0.000000
9.0167,0.310000,0.240000,-0.120000,0.670000,0.000000,0.000000,0.000000,0.486898,-0.821105,0.842540,0.425884,0.000000,0.000000,0.000000,0.000000
9.0333,0.310000,0.240000,-0.120000,0.670000,0.000000,0.000000,0.000000,0.477518,-0.820908,0.840161,0.421018,0.000000,0.000000,0.000000,0.000000
9.0500,0.310000,0.240000,-0.120000,0.670000,0.000000,0.000000,0.000000,0.464987,-0.821686,0.836514,0.415120,0.000000,0.000000,0.000000,0.000000
9.0667,0.310000,0.240000,-0.120000,0.670000,0.000000,0.000000,0.000000,0.449442,-0.823284,0.831682,0.407897,0.000000,0.000000,0.000000,0.000000
9.0833,0.310000,0.240000,-0.120000,0.670000,0.000000,0.000000,0.000000,0.431061,-0.825551,0.825775,0.399035,0.000000,0.000000,0.000000,0.000000
9.1000,0.310000,0.240000,-0.120000,0.670000,0.000000,0.000000,0.000000,0.410096,-0.828333,0.818932,0.388246,0.000000,0.000000,0.000000,0.000000
9.1167,0.310000,0.240000,-0.120000,0.670000,0.000000,0.000000,0.000000,0.386900,-0.831480,0.811338,0.375310,0.000000,0.000000,0.000000,0.000000
9.1333,0.310000,0.240000,-0.120000,0.670000,0.000000,0.000000,0.000000,0.361961,-0.834836,0.803232,0.360110,0.000000,0.000000,0.000000,0.000000
9.2333,0.310000,0.240000,-0.120000,0.670000,0.000000,0.000000,0.000000,0.335917,-0.838243,0.794905,0.342665,0.000000,0.000000,0.000000,0.000000
9.2500,0.310000,0.240000,-0.120000,0.670000,0.000000,0.000000,0.000000,0.309493,-0.841545,0.786681,0.323186,0.000000,0.000000,0.000000,0.000000
9.2667,0.310000,0.240000,-0.120000,0.670000,0.000000,0.000000,0.000000,0.283380,-0.844598,0.778859,0.302078,0.000000,0.000000,0.000000,0.000000
9.2833,0.310000,0.240000,-0.120000,0.670000,0.000000,0.000000,0.000000,0.258146,-0.847289,0.771682,0.279883,0.000000,0.000000,0.000000,0.000000
9.3000,0.310000,0.240000,-0.120000,0.670000,0.000000,0.000000,0.000000,0.234200,-0.849539,0.765316,0.257178,0.000000,0.000000,0.000000,0.000000
9.3167,0.310000,0.240000,-0.120000,0.670000,0.000000,0.000000,0.000000,0.211794,-0.851306,0.759851,0.234497,0.000000,0.000000,0.000000,0.000000
9.3333,0.310000,0.240000,-0.120000,0.670000,0.000000,0.000000,0.000000,0.191034,-0.852582,0.755313,0.212276,0.000000,0.000000,0.000000,0.000000
9.3500,0.310000,0.240000,-0.120000,0.670000,0.000000,0.000000,0.000000,0.171897,-0.853392,0.751663,0.190839,0.000000,0.000000,0.000000,0.000000
9.3667,0.310000,0.240000,-0.120000,0.670000,0.000000,0.000000,0.000000,0.154245,-0.853788,0.748812,0.170394,0.000000,0.000000,0.000000,0.000000
9.3833,0.310000,0.240000,-0.120000,0.670000,0.000000,0.000000,0.000000,0.137840,-0.853848,0.746625,0.151044,0.000000,0.000000,0.000000,0.000000
9.4000,0.310000,0.240000,-0.120000,0.670000,0.000000,0.000000,0.000000,0.122364,-0.853663,0.744931,0.132798,0.000000,0.000000,0.000000,0.000000
9.4167,0.310000,0.240000,-0.120000,0.670000,0.000000,0.000000,0.000000,0.107427,-0.853321,0.743533,0.115595,0.000000,0.000000,0.000000,0.000000
9.4333,0.310000,0.240000,-0.120000,0.670000,0.000000,0.000000,0.000000,0.092593,-0.852905,0.742218,0.099325,0.000000,0.000000,0.000000,0.000000
9.4500,0.310000,0.240000,-0.120000,0.670000,0.000000,0.000000,0.000000,0.077403,-0.852489,0.740766,0.083839,0.000000,0.000000,0.000000,0.000000
9.4667,0.310000,0.240000,-0.120000,0.670000,0.000000,0.000000,0.000000,0.061403,-0.852143,0.738961,0.068962,0.000000,0.000000,0.000000,0.000000
9.4833,0.310000,0.240000,-0.120000,0.670000,0.000000,0.000000,0.000000,0.044180,-0.851934,0.736605,0.054494,0.000000,0.000000,0.000000,0.000000
9.5000,0.310000,0.240000,-0.120000,0.670000,0.000000,0.000000,0.000000,0.025391,-0.851924,0.733531,0.040217,0.000000,0.000000,0.000000,0.000000
9.5167,0.310000,0.240000,-0.120000,0.670000,0.000000,0.000000,0.000000,0.004795,-0.852169,0.729613,0.025901,0.000000,0.000000,0.000000,0.000000
9.5333,0.310000,0.240000,-0.120000,0.670000,0.000000,0.000000,0.000000,-0.017704,-0.852736,0.724782,0.011315,0.000000,0.000000,0.000000,0.000000
9.5500,0.310000,0.240000,-0.120000,0.670000,0.000000,0.000000,0.000000,-0.042031,-0.853704,0.719032,-0.003765,0.000000,0.000000,0.000000,0.000000
9.5667,0.310000,0.240000,-0.120000,0.670000,0.000000,0.000000,0.000000,-0.067922,-0.855181,0.712425,-0.019540,0.000000,0.000000,0.000000,0.000000
9.5833,0.310000,0.240000,-0.120000,0.670000,0.000000,0.000000,0.000000,-0.094920,-0.857305,0.705080,-0.036172,0.000000,0.000000,0.000000,0.000000
9.6000,0.310000,0.240000,-0.120000,0.670000,0.000000,0.000000,0.000000,-0.122386,-0.860255,0.697173,-0.053780,0.000000,0.000000,0.000000,0.000000
9.6167,0.310000,0.240000,-0.120000,0.670000,0.000000,0.000000,0.000000,-0.149539,-0.864247,0.688913,-0.072428,0.000000,0.000000,0.000000,0.000000
9.6333,0.310000,0.240000,-0.120000,0.670000,0.000000,0.000000,0.000000,-0.175524,-0.869504,0.680532,-0.092108,0.000000,0.000000,0.000000,0.000000
9.6500,0.310000,0.240000,-0.120000,0.670000,0.000000,0.000000,0.000000,-0.199518,-0.876199,0.672262,-0.112700,0.000000,0.000000,0.000000,0.000000
9.6667,0.310000,0.240000,-0.120000,0.670000,0.000000,0.000000,0.000000,-0.220839,-0.884400,0.664318,-0.133940,0.000000,0.000000,0.000000,0.000000
9.6833,0.310000,0.240000,-0.120000,0.670000,0.000000,0.000000,0.000000,-0.239026,-0.894036,0.656886,-0.155419,0.000000,0.000000,0.000000,0.000000
9.7000,0.310000,0.240000,-0.120000,0.670000,0.000000,0.000000,0.000000,-0.253871,-0.904899,0.650110,-0.176616,0.000000,0.000000,0.000000,0.000000
9.7167,0.310000,0.240000,-0.120000,0.670000,0.000000,0.000000,0.000000,-0.265399,-0.916674,0.644086,-0.196960,0.000000,0.000000,0.000000,0.000000
9.7333,0.310000,0.240000,-0.120000,0.670000,0.000000,0.000000,0.000000,-0.273826,-0.928986,0.638865,-0.215897,0.000000,0.000000,0.000000,0.000000
9.7500,0.310000,0.240000,-0.120000,0.670000,0.000000,0.000000,0.000000,-0.279501,-0.941445,0.634459,-0.232940,0.000000,0.000000,0.000000,0.000000
9.7667,0.310000,0.240000,-0.120000,0.670000,0.000000,0.000000,0.000000,-0.282849,-0.953688,0.630840,-0.247706,0.000000,0.000000,0.000000,0.000000
9.7833,0.310000,0.240000,-0.120000,0.670000,0.000000,0.000000,0.000000,-0.284323,-0.965398,0.627959,-0.259928,0.000000,0.000000,0.000000,0.000000
9.8000,0.310000,0.240000,-0.120000,0.670000,0.000000,0.000000,0.000000,-0.284375,-0.976318,0.625743,-0.269450,0.000000,0.000000,0.000000,0.000000
9.8167,0.310000,0.240000,-0.120000,0.670000,0.000000,0.000000,0.000000,-0.283438,-0.986241,0.624112,-0.276206,0.000000,0.000000,0.000000,0.000000
9.8333,0.310000,0.240000,-0.120000,0.670000,0.000000,0.000000,0.000000,-0.281919,-0.995005,0.622977,-0.280200,0.000000,0.000000,0.000000,0.000000
9.8500,0.310000,0.240000,-0.120000,0.670000,0.000000,0.000000,0.000000,-0.280185,-1.002499,0.622245,-0.281483,0.000000,0.000000,0.000000,0.000000
9.8667,0.310000,0.240000,-0.120000,0.670000,0.000000,0.000000,0.000000,-0.278538,-1.008667,0.621825,-0.280145,0.000000,0.000000,0.000000,0.000000
9.8833,0.310000,0.240000,-0.120000,0.670000,0.000000,0.000000,0.000000,-0.277189,-1.013526,0.621629,-0.276299,0.000000,0.000000,0.000000,0.000000
9.9000,0.310000,0.240000,-0.120000,0.670000,0.000000,0.000000,0.000000,-0.276229,-1.017165,0.621589,-0.270062,0.000000,0.000000,0.000000,0.000000
9.9167,0.310000,0.240000,-0.120000,0.670000,0.000000,0.000000,0.000000,-0.275623,-1.019729,0.621658,-0.261536,0.000000,0.000000,0.000000,0.000000
9.9333,0.310000,0.240000,-0.120000,0.670000,0.000000,0.000000,0.000000,-0.275219,-1.021398,0.621823,-0.250798,0.000000,0.000000,0.000000,0.000000
9.9500,0.310000,0.240000,-0.120000,0.670000,0.000000,0.000000,0.000000,-0.274753,-1.022374,0.622101,-0.237886,0.000000,0.000000,0.000000,0.000000
9.9667,0.310000,0.240000,-0.120000,0.670000,0.000000,0.000000,0.000000,-0.273868,-1.022875,0.622539,-0.222808,0.000000,0.000000,0.000000,0.000000
9.9833,0.310000,0.240000,-0.120000,0.670000,0.000000,0.000000,0.000000,-0.272145,-1.023122,0.623200,-0.205535,0.000000,0.000000,0.000000,0.000000
10.0000,0.310000,0.240000,-0.120000,0.670000,0.000000,0.000000,0.000000,-0.269148,-1.023308,0.624166,-0.186010,0.000000,0.000000,0.000000,0.000000
10.0167,0.310000,0.240000,-0.120000,0.670000,0.000000,0.000000,0.000000,-0.264462,-1.023578,0.625522,-0.164159,0.000000,0.000000,0.000000,0.000000
10.0333,0.310000,0.240000,-0.120000,0.670000,0.000000,0.000000,0.000000,-0.257729,-1.024026,0.627350,-0.139918,0.000000,0.000000,0.000000,0.000000
10.0500,0.310000,0.240000,-0.120000,0.670000,0.000000,0.000000,0.000000,-0.248655,-1.024724,0.629714,-0.113266,0.000000,0.000000,0.000000,0.000000
10.0667,0.310000,0.240000,-0.120000,0.670000,0.000000,0.000000,0.000000,-0.237016,-1.025746,0.632645,-0.084264,0.000000,0.000000,0.000000,0.000000
10.0833,0.310000,0.240000,-0.120000,0.670000,0.000000,0.000000,0.000000,-0.222686,-1.027186,0.636127,-0.053098,0.000000,0.000000,0.000000,0.000000
10.1000,0.310000,0.240000,-0.120000,0.670000,0.000000,0.000000,0.000000,-0.205676,-1.029137,0.640087,-0.020113,0.000000,0.000000,0.000000,0.000000
10.1333,0.310000,0.240000,-0.120000,0.670000,0.000000,0.000000,0.000000,-0.186204,-1.031640,0.644397,0.014169,0.000000,0.000000,0.000000,0.000000
10.2000,0.310000,0.240000,-0.120000,0.670000,0.000000,0.000000,0.000000,-0.164721,-1.034638,0.648885,0.049075,0.000000,0.000000,0.000000,0.000000
10.2167,0.310000,0.240000,-0.120000,0.670000,0.000000,0.000000,0.000000,-0.141833,-1.037976,0.653368,0.083867,0.000000,0.000000,0.000000,0.000000
10.2333,0.310000,0.240000,-0.120000,0.670000,0.000000,0.000000,0.000000,-0.118136,-1.041458,0.657695,0.117864,0.000000,0.000000,0.000000,0.000000
10.2500,0.310000,0.240000,-0.120000,0.670000,0.000000,0.000000,0.000000,-0.094087,-1.044884,0.661774,0.150524,0.000000,0.000000,0.000000,0.000000
10.2667,0.310000,0.240000,-0.120000,0.670000,0.000000,0.000000,0.000000,-0.069954,-1.048057,0.665592,0.181442,0.000000,0.000000,0.000000,0.000000
10.3000,0.310000,0.240000,-0.120000,0.670000,0.000000,0.000000,0.000000,-0.045827,-1.050769,0.669218,0.210323,0.000000,0.000000,0.000000,0.000000
10.3167,0.310000,0.240000,-0.120000,0.670000,0.000000,0.000000,0.000000,-0.021652,-1.052783,0.672788,0.236943,0.000000,0.000000,0.000000,0.000000
10.3333,0.310000,0.240000,-0.120000,0.670000,0.000000,0.000000,0.000000,0.002724,-1.053838,0.676497,0.261154,0.000000,0.000000,0.000000,0.000000
10.3500,0.310000,0.240000,-0.120000,0.670000,0.000000,0.000000,0.000000,0.027513,-1.053665,0.680570,0.282886,0.000000,0.000000,0.000000,0.000000
10.3667,0.310000,0.240000,-0.120000,0.670000,0.000000,0.000000,0.000000,0.052952,-1.052015,0.685242,0.302170,0.000000,0.000000,0.000000,0.000000
10.3833,0.310000,0.240000,-0.120000,0.670000,0.000000,0.000000,0.000000,0.079277,-1.048686,0.690731,0.319144,0.000000,0.000000,0.000000,0.000000
10.4000,0.310000,0.240000,-0.120000,0.670000,0.000000,0.000000,0.000000,0.106695,-1.043549,0.697221,0.334078,0.000000,0.000000,0.000000,0.000000
10.4333,0.310000,0.240000,-0.120000,0.670000,0.000000,0.000000,0.000000,0.135348,-1.036564,0.704837,0.347364,0.000000,0.000000,0.000000,0.000000
10.4500,0.310000,0.240000,-0.120000,0.670000,0.000000,0.000000,0.000000,0.165286,-1.027794,0.713629,0.359469,0.000000,0.000000,0.000000,0.000000
10.4667,0.310000,0.240000,-0.120000,0.670000,0.000000,0.000000,0.000000,0.196417,-1.017407,0.723549,0.370826,0.000000,0.000000,0.000000,0.000000
10.4833,0.310000,0.240000,-0.120000,0.670000,0.000000,0.000000,0.000000,0.228472,-1.005681,0.734443,0.381709,0.000000,0.000000,0.000000,0.000000
10.5000,0.310000,0.240000,-0.120000,0.670000,0.000000,0.000000,0.000000,0.260959,-0.993000,0.746029,0.392116,0.000000,0.000000,0.000000,0.000000
10.6000,0.310000,0.240000,-0.120000,0.670000,0.000000,0.000000,0.000000,0.293170,-0.979836,0.757920,0.401688,0.000000,0.000000,0.000000,0.000000
10.6167,0.310000,0.240000,-0.120000,0.670000,0.000000,0.000000,0.000000,0.324269,-0.966697,0.769676,0.409771,0.000000,0.000000,0.000000,0.000000
10.6500,0.310000,0.240000,-0.120000,0.670000,0.000000,0.000000,0.000000,0.353469,-0.954053,0.780898,0.415618,0.000000,0.000000,0.000000,0.000000
10.6667,0.310000,0.240000,-0.120000,0.670000,0.000000,0.000000,0.000000,0.380145,-0.942274,0.791289,0.418562,0.000000,0.000000,0.000000,0.000000
10.7000,0.310000,0.240000,-0.120000,0.670000,0.000000,0.000000,0.000000,0.403850,-0.931612,0.800660,0.418107,0.000000,0.000000,0.000000,0.000000
10.7167,0.310000,0.240000,-0.120000,0.670000,0.000000,0.000000,0.000000,0.424315,-0.922207,0.808920,0.413977,0.000000,0.000000,0.000000,0.000000
10.7500,0.310000,0.240000,-0.120000,0.670000,0.000000,0.000000,0.000000,0.441433,-0.914109,0.816062,0.406161,0.000000,0.000000,0.000000,0.000000
10.7667,0.310000,0.240000,-0.120000,0.670000,0.000000,0.000000,0.000000,0.455239,-0.907298,0.822139,0.394913,0.000000,0.000000,0.000000,0.000000
10.7833,0.310000,0.240000,-0.120000,0.670000,0.000000,0.000000,0.000000,0.465871,-0.901712,0.827240,0.380704,0.000000,0.000000,0.000000,0.000000
10.8000,0.310000,0.240000,-0.120000,0.670000,0.000000,0.000000,0.000000,0.473536,-0.897256,0.831470,0.364152,0.000000,0.000000,0.000000,0.000000
10.8167,0.310000,0.240000,-0.120000,0.670000,0.000000,0.000000,0.000000,0.478476,-0.893829,0.834929,0.345952,0.000000,0.000000,0.000000,0.000000
10.8333,0.310000,0.240000,-0.120000,0.670000,0.000000,0.000000,0.000000,0.480948,-0.891326,0.837702,0.326824,0.000000,0.000000,0.000000,0.000000
10.8500,0.310000,0.240000,-0.120000,0.670000,0.000000,0.000000,0.000000,0.481207,-0.889656,0.839854,0.307471,0.000000,0.000000,0.000000,0.000000
10.8667,0.310000,0.240000,-0.120000,0.670000,0.000000,0.000000,0.000000,0.479494,-0.888740,0.841429,0.288549,0.000000,0.000000,0.000000,0.000000
10.8833,0.310000,0.240000,-0.120000,0.670000,0.000000,0.000000,0.000000,0.476028,-0.888517,0.842449,0.270632,0.000000,0.000000,0.000000,0.000000
10.9000,0.310000,0.240000,-0.120000,0.670000,0.000000,0.000000,0.000000,0.470996,-0.888941,0.842916,0.254185,0.000000,0.000000,0.000000,0.000000
10.9167,0.310000,0.240000,-0.120000,0.670000,0.000000,0.000000,0.000000,0.464545,-0.889976,0.842820,0.239546,0.000000,0.000000,0.000000,0.000000
10.9333,0.310000,0.240000,-0.120000,0.670000,0.000000,0.000000,0.000000,0.456776,-0.891592,0.842138,0.226912,0.000000,0.000000,0.000000,0.000000
10.9500,0.310000,0.240000,-0.120000,0.670000,0.000000,0.000000,0.000000,0.447738,-0.893749,0.840838,0.216350,0.000000,0.000000,0.000000,0.000000
10.9667,0.310000,0.240000,-0.120000,0.670000,0.000000,0.000000,0.000000,0.437427,-0.896392,0.838886,0.207807,0.000000,0.000000,0.000000,0.000000
10.9833,0.310000,0.240000,-0.120000,0.670000,0.000000,0.000000,0.000000,0.425793,-0.899441,0.836245,0.201122,0.000000,0.000000,0.000000,0.000000
11.0000,0.310000,0.240000,-0.120000,0.670000,0.000000,0.000000,0.000000,0.412753,-0.902787,0.832887,0.196036,0.000000,0.000000,0.000000,0.000000
11.0500,0.310000,0.240000,-0.120000,0.670000,0.000000,0.000000,0.000000,0.398215,-0.906281,0.828798,0.192213,0.000000,0.000000,0.000000,0.000000
11.0667,0.310000,0.240000,-0.120000,0.670000,0.000000,0.000000,0.000000,0.382103,-0.909743,0.823989,0.189275,0.000000,0.000000,0.000000,0.000000
11.0833,0.310000,0.240000,-0.120000,0.670000,0.000000,0.000000,0.000000,0.364396,-0.912975,0.818507,0.186857,0.000000,0.000000,0.000000,0.000000
11.1000,0.310000,0.240000,-0.120000,0.670000,0.000000,0.000000,0.000000,0.345154,-0.915775,0.812441,0.184638,0.000000,0.000000,0.000000,0.000000
11.1167,0.310000,0.240000,-0.120000,0.670000,0.000000,0.000000,0.000000,0.324532,-0.917953,0.805923,0.182352,0.000000,0.000000,0.000000,0.000000
11.1333,0.310000,0.240000,-0.120000,0.670000,0.000000,0.000000,0.000000,0.302771,-0.919328,0.799123,0.179791,0.000000,0.000000,0.000000,0.000000
11.1500,0.310000,0.240000,-0.120000,0.670000,0.000000,0.000000,0.000000,0.280172,-0.919722,0.792241,0.176803,0.000000,0.000000,0.000000,0.000000
11.1667,0.310000,0.240000,-0.120000,0.670000,0.000000,0.000000,0.000000,0.257064,-0.918965,0.785488,0.173290,0.000000,0.000000,0.000000,0.000000
11.1833,0.310000,0.240000,-0.120000,0.670000,0.000000,0.000000,0.000000,0.233770,-0.916895,0.779079,0.169209,0.000000,0.000000,0.000000,0.000000
11.2000,0.310000,0.240000,-0.120000,0.670000,0.000000,0.000000,0.000000,0.210591,-0.913373,0.773210,0.164557,0.000000,0.000000,0.000000,0.000000
11.2167,0.310000,0.240000,-0.120000,0.670000,0.000000,0.000000,0.000000,0.187794,-0.908307,0.768053,0.159368,0.000000,0.000000,0.000000,0.000000
11.2333,0.310000,0.240000,-0.120000,0.670000,0.000000,0.000000,0.000000,0.165607,-0.901674,0.763739,0.153702,0.000000,0.000000,0.000000,0.000000
11.2500,0.310000,0.240000,-0.120000,0.670000,0.000000,0.000000,0.000000,0.144216,-0.893546,0.760346,0.147642,0.000000,0.000000,0.000000,0.000000
11.2667,0.310000,0.240000,-0.120000,0.670000,0.000000,0.000000,0.000000,0.123761,-0.884097,0.757894,0.141279,0.000000,0.000000,0.000000,0.000000
11.2833,0.310000,0.240000,-0.120000,0.670000,0.000000,0.000000,0.000000,0.104330,-0.873597,0.756343,0.134700,0.000000,0.000000,0.000000,0.000000
11.3000,0.310000,0.240000,-0.120000,0.670000,0.000000,0.000000,0.000000,0.085951,-0.862388,0.755594,0.127977,0.000000,0.000000,0.000000,0.000000
11.3167,0.310000,0.240000,-0.120000,0.670000,0.000000,0.000000,0.000000,0.068595,-0.850867,0.755499,0.121154,0.000000,0.000000,0.000000,0.000000
11.3333,0.310000,0.240000,-0.120000,0.670000,0.000000,0.000000,0.000000,0.052175,-0.839456,0.755866,0.114237,0.000000,0.000000,0.000000,0.000000
11.3500,0.310000,0.240000,-0.120000,0.670000,0.000000,0.000000,0.000000,0.036555,-0.828580,0.756476,0.107207,0.000000,0.000000,0.000000,0.000000
11.3667,0.310000,0.240000,-0.120000,0.670000,0.000000,0.000000,0.000000,0.021557,-0.818647,0.757093,0.100024,0.000000,0.000000,0.000000,0.000000
11.3833,0.310000,0.240000,-0.120000,0.670000,0.000000,0.000000,0.000000,0.006974,-0.810025,0.757480,0.092646,0.000000,0.000000,0.000000,0.000000
11.4000,0.310000,0.240000,-0.120000,0.670000,0.000000,0.000000,0.000000,-0.007422,-0.803018,0.757411,0.085037,0.000000,0.000000,0.000000,0.000000
11.4167,0.310000,0.240000,-0.120000,0.670000,0.000000,0.000000,0.000000,-0.021869,-0.797847,0.756686,0.077173,0.000000,0.000000,0.000000,0.000000
11.4333,0.310000,0.240000,-0.120000,0.670000,0.000000,0.000000,0.000000,-0.036608,-0.794632,0.755139,0.069036,0.000000,0.000000,0.000000,0.000000
11.4500,0.310000,0.240000,-0.120000,0.670000,0.000000,0.000000,0.000000,-0.051872,-0.793387,0.752644,0.060622,0.000000,0.000000,0.000000,0.000000
11.4667,0.310000,0.240000,-0.120000,0.670000,0.000000,0.000000,0.000000,-0.067877,-0.794022,0.749122,0.051935,0.000000,0.000000,0.000000,0.000000
11.4833,0.310000,0.240000,-0.120000,0.670000,0.000000,0.000000,0.000000,-0.084805,-0.796356,0.744541,0.042993,0.000000,0.000000,0.000000,0.000000
11.5000,0.310000,0.240000,-0.120000,0.670000,0.000000,0.000000,0.000000,-0.102783,-0.800137,0.738923,0.033818,0.000000,0.000000,0.000000,0.000000
11.5167,0.310000,0.240000,-0.120000,0.670000,0.000000,0.000000,0.000000,-0.121861,-0.805063,0.732346,0.024448,0.000000,0.000000,0.000000,0.000000
11.5333,0.310000,0.240000,-0.120000,0.670000,0.000000,0.000000,0.000000,-0.141995,-0.810811,0.724937,0.014935,0.000000,0.000000,0.000000,0.000000
11.5500,0.310000,0.240000,-0.120000,0.670000,0.000000,0.000000,0.000000,-0.163037,-0.817062,0.716869,0.005349,0.000000,0.000000,0.000000,0.000000
11.5667,0.310000,0.240000,-0.120000,0.670000,0.000000,0.000000,0.000000,-0.184725,-0.823542,0.708350,-0.004234,0.000000,0.000000,0.000000,0.000000
11.5833,0.310000,0.240000,-0.120000,0.670000,0.000000,0.000000,0.000000,-0.206692,-0.830039,0.699607,-0.013732,0.000000,0.000000,0.000000,0.000000
11.6000,0.310000,0.240000,-0.120000,0.670000,0.000000,0.000000,0.000000,-0.228495,-0.836420,0.690875,-0.023073,0.000000,0.000000,0.000000,0.000000
11.6167,0.310000,0.240000,-0.120000,0.670000,0.000000,0.000000,0.000000,-0.249653,-0.842608,0.682376,-0.032208,0.000000,0.000000,0.000000,0.000000
11.6333,0.310000,0.240000,-0.120000,0.670000,0.000000,0.000000,0.000000,-0.269702,-0.848565,0.674318,-0.041125,0.000000,0.000000,0.000000,0.000000
11.6500,0.310000,0.240000,-0.120000,0.670000,0.000000,0.000000,0.000000,-0.288230,-0.854272,0.666878,-0.049860,0.000000,0.000000,0.000000,0.000000
11.6667,0.310000,0.240000,-0.120000,0.670000,0.000000,0.000000,0.000000,-0.304895,-0.859726,0.660198,-0.058496,0.000000,0.000000,0.000000,0.000000
11.6833,0.310000,0.240000,-0.120000,0.670000,0.000000,0.000000,0.000000,-0.319444,-0.864944,0.654377,-0.067149,0.000000,0.000000,0.000000,0.000000
11.7000,0.310000,0.240000,-0.120000,0.670000,0.000000,0.000000,0.000000,-0.331710,-0.869958,0.649474,-0.075937,0.000000,0.000000,0.000000,0.000000
11.7167,0.310000,0.240000,-0.120000,0.670000,0.000000,0.000000,0.000000,-0.341619,-0.874813,0.645506,-0.084961,0.000000,0.000000,0.000000,0.000000
11.7333,0.310000,0.240000,-0.120000,0.670000,0.000000,0.000000,0.000000,-0.349185,-0.879549,0.642455,-0.094272,0.000000,0.000000,0.000000,0.000000
11.7500,0.310000,0.240000,-0.120000,0.670000,0.000000,0.000000,0.000000,-0.354510,-0.884185,0.640279,-0.103856,0.000000,0.000000,0.000000,0.000000
11.7667,0.310000,0.240000,-0.120000,0.670000,0.000000,0.000000,0.000000,-0.357782,-0.888701,0.638916,-0.113614,0.000000,0.000000,0.000000,0.000000
11.7833,0.310000,0.240000,-0.120000,0.670000,0.000000,0.000000,0.000000,-0.359263,-0.893025,0.638300,-0.123367,0.000000,0.000000,0.000000,0.000000
11.8000,0.310000,0.240000,-0.120000,0.670000,0.000000,0.000000,0.000000,-0.359258,-0.897039,0.638368,-0.132874,0.000000,0.000000,0.000000,0.000000
11.8167,0.310000,0.240000,-0.120000,0.670000,0.000000,0.000000,0.000000,-0.358090,-0.900589,0.639063,-0.141852,0.000000,0.000000,0.000000,0.000000
11.8333,0.310000,0.240000,-0.120000,0.670000,0.000000,0.000000,0.000000,-0.356077,-0.903500,0.640344,-0.149991,0.000000,0.000000,0.000000,0.000000
11.8500,0.310000,0.240000,-0.120000,0.670000,0.000000,0.000000,0.000000,-0.353508,-0.905591,0.642184,-0.156972,0.000000,0.000000,0.000000,0.000000
11.8667,0.310000,0.240000,-0.120000,0.670000,0.000000,0.000000,0.000000,-0.350620,-0.906704,0.644571,-0.162469,0.000000,0.000000,0.000000,0.000000
11.8833,0.310000,0.240000,-0.120000,0.670000,0.000000,0.000000,0.000000,-0.347573,-0.906731,0.647499,-0.166155,0.000000,0.000000,0.000000,0.000000
11.9000,0.310000,0.240000,-0.120000,0.670000,0.000000,0.000000,0.000000,-0.344440,-0.905631,0.650972,-0.167700,0.000000,0.000000,0.000000,0.000000
11.9167,0.310000,0.240000,-0.120000,0.670000,0.000000,0.000000,0.000000,-0.341203,-0.903438,0.654992,-0.166782,0.000000,0.000000,0.000000,0.000000
11.9333,0.310000,0.240000,-0.120000,0.670000,0.000000,0.000000,0.000000,-0.337767,-0.900259,0.659561,-0.163092,0.000000,0.000000,0.000000,0.000000
11.9500,0.310000,0.240000,-0.120000,0.670000,0.000000,0.000000,0.000000,-0.333966,-0.896270,0.664670,-0.156368,0.000000,0.000000,0.000000,0.000000
11.9667,0.310000,0.240000,-0.120000,0.670000,0.000000,0.000000,0.000000,-0.329579,-0.891725,0.670294,-0.146419,0.000000,0.000000,0.000000,0.000000
11.9833,0.310000,0.240000,-0.120000,0.670000,0.000000,0.000000,0.000000,-0.324335,-0.886954,0.676388,-0.133154,0.000000,0.000000,0.000000,0.000000
12.0000,0.310000,0.240000,-0.120000,0.670000,0.000000,0.000000,0.000000,-0.317938,-0.882364,0.682871,-0.116608,0.000000,0.000000,0.000000,0.000000
12.0167,0.310000,0.240000,-0.120000,0.670000,0.000000,0.000000,0.000000,-0.310092,-0.878430,0.689627,-0.096960,0.000000,0.000000,0.000000,0.000000
12.0333,0.310000,0.240000,-0.120000,0.670000,0.000000,0.000000,0.000000,-0.300529,-0.875683,0.696490,-0.074563,0.000000,0.000000,0.000000,0.000000
12.0500,0.310000,0.240000,-0.120000,0.670000,0.000000,0.000000,0.000000,-0.289037,-0.874694,0.703243,-0.049964,0.000000,0.000000,0.000000,0.000000
12.1167,0.310000,0.240000,-0.120000,0.670000,0.000000,0.000000,0.000000,-0.275499,-0.876025,0.709630,-0.023913,0.000000,0.000000,0.000000,0.000000
12.1500,0.310000,0.240000,-0.120000,0.670000,0.000000,0.000000,0.000000,-0.259956,-0.880089,0.715388,0.002719,0.000000,0.000000,0.000000,0.000000
12.2500,0.310000,0.240000,-0.120000,0.670000,0.000000,0.000000,0.000000,-0.242655,-0.886985,0.720312,0.029059,0.000000,0.000000,0.000000,0.000000
12.2667,0.310000,0.240000,-0.120000,0.670000,0.000000,0.000000,0.000000,-0.224029,-0.896456,0.724291,0.054342,0.000000,0.000000,0.000000,0.000000
12.2833,0.310000,0.240000,-0.120000,0.670000,0.000000,0.000000,0.000000,-0.204578,-0.908008,0.727300,0.077966,0.000000,0.000000,0.000000,0.000000
12.3000,0.310000,0.240000,-0.120000,0.670000,0.000000,0.000000,0.000000,-0.184777,-0.921052,0.729386,0.099515,0.000000,0.000000,0.000000,0.000000
12.3167,0.310000,0.240000,-0.120000,0.670000,0.000000,0.000000,0.000000,-0.165026,-0.934989,0.730648,0.118736,0.000000,0.000000,0.000000,0.000000
12.3333,0.310000,0.240000,-0.120000,0.670000,0.000000,0.000000,0.000000,-0.145620,-0.949259,0.731224,0.135518,0.000000,0.000000,0.000000,0.000000
12.3500,0.310000,0.240000,-0.120000,0.670000,0.000000,0.000000,0.000000,-0.126737,-0.963370,0.731278,0.149855,0.000000,0.000000,0.000000,0.000000
12.3667,0.310000,0.240000,-0.120000,0.670000,0.000000,0.000000,0.000000,-0.108437,-0.976906,0.730997,0.161824,0.000000,0.000000,0.000000,0.000000
12.3833,0.310000,0.240000,-0.120000,0.670000,0.000000,0.000000,0.000000,-0.090673,-0.989520,0.730584,0.171558,0.000000,0.000000,0.000000,0.000000
12.4000,0.310000,0.240000,-0.120000,0.670000,0.000000,0.000000,0.000000,-0.073322,-1.000922,0.730249,0.179232,0.000000,0.000000,0.000000,0.000000
12.4167,0.310000,0.240000,-0.120000,0.670000,0.000000,0.000000,0.000000,-0.056201,-1.010874,0.730205,0.185049,0.000000,0.000000,0.000000,0.000000
12.4333,0.310000,0.240000,-0.120000,0.670000,0.000000,0.000000,0.000000,-0.039087,-1.019186,0.730658,0.189232,0.000000,0.000000,0.000000,0.000000
12.4500,0.310000,0.240000,-0.120000,0.670000,0.000000,0.000000,0.000000,-0.021729,-1.025730,0.731802,0.192022,0.000000,0.000000,0.000000,0.000000
12.4667,0.310000,0.240000,-0.120000,0.670000,0.000000,0.000000,0.000000,-0.003864,-1.030444,0.733810,0.193681,0.000000,0.000000,0.000000,0.000000
12.4833,0.310000,0.240000,-0.120000,0.670000,0.000000,0.000000,0.000000,0.014763,-1.033327,0.736824,0.194496,0.000000,0.000000,0.000000,0.000000
12.5000,0.310000,0.240000,-0.120000,0.670000,0.000000,0.000000,0.000000,0.034376,-1.034443,0.740951,0.194767,0.000000,0.000000,0.000000,0.000000
12.5167,0.310000,0.240000,-0.120000,0.670000,0.000000,0.000000,0.000000,0.055151,-1.033909,0.746253,0.194807,0.000000,0.000000,0.000000,0.000000
12.5333,0.310000,0.240000,-0.120000,0.670000,0.000000,0.000000,0.000000,0.077202,-1.031886,0.752745,0.194910,0.000000,0.000000,0.000000,0.000000
12.5500,0.310000,0.240000,-0.120000,0.670000,0.000000,0.000000,0.000000,0.100567,-1.028562,0.760396,0.195337,0.000000,0.000000,0.000000,0.000000
12.5667,0.310000,0.240000,-0.120000,0.670000,0.000000,0.000000,0.000000,0.125188,-1.024129,0.769124,0.196288,0.000000,0.000000,0.000000,0.000000
12.5833,0.310000,0.240000,-0.120000,0.670000,0.000000,0.000000,0.000000,0.150900,-1.018761,0.778803,0.197882,0.000000,0.000000,0.000000,0.000000
12.6000,0.310000,0.240000,-0.120000,0.670000,0.000000,0.000000,0.000000,0.177427,-1.012602,0.789266,0.200149,0.000000,0.000000,0.000000,0.000000
12.6167,0.310000,0.240000,-0.120000,0.670000,0.000000,0.000000,0.000000,0.204394,-1.005757,0.800317,0.203022,0.000000,0.000000,0.000000,0.000000
12.6333,0.310000,0.240000,-0.120000,0.670000,0.000000,0.000000,0.000000,0.231354,-0.998302,0.811738,0.206357,0.000000,0.000000,0.000000,0.000000
12.6500,0.310000,0.240000,-0.120000,0.670000,0.000000,0.000000,0.000000,0.257818,-0.990285,0.823304,0.209954,0.000000,0.000000,0.000000,0.000000
12.6667,0.310000,0.240000,-0.120000,0.670000,0.000000,0.000000,0.000000,0.283292,-0.981742,0.834793,0.213587,0.000000,0.000000,0.000000,0.000000
12.6833,0.310000,0.240000,-0.120000,0.670000,0.000000,0.000000,0.000000,0.307308,-0.972711,0.845998,0.217035,0.000000,0.000000,0.000000,0.000000
12.7000,0.310000,0.240000,-0.120000,0.670000,0.000000,0.000000,0.000000,0.329462,-0.963247,0.856731,0.220098,0.000000,0.000000,0.000000,0.000000
12.7167,0.310000,0.240000,-0.120000,0.670000,0.000000,0.000000,0.000000,0.349439,-0.953437,0.866838,0.222615,0.000000,0.000000,0.000000,0.000000
12.7333,0.310000,0.240000,-0.120000,0.670000,0.000000,0.000000,0.000000,0.367018,-0.943401,0.876193,0.224470,0.000000,0.000000,0.000000,0.000000
12.7500,0.310000,0.240000,-0.120000,0.670000,0.000000,0.000000,0.000000,0.382075,-0.933281,0.884701,0.225596,0.000000,0.000000,0.000000,0.000000
12.7667,0.310000,0.240000,-0.120000,0.670000,0.000000,0.000000,0.000000,0.394581,-0.923241,0.892306,0.225953,0.000000,0.000000,0.000000,0.000000
12.7833,0.310000,0.240000,-0.120000,0.670000,0.000000,0.000000,0.000000,0.404601,-0.913456,0.898981,0.225515,0.000000,0.000000,0.000000,0.000000
12.8000,0.310000,0.240000,-0.120000,0.670000,0.000000,0.000000,0.000000,0.412267,-0.904104,0.904728,0.224260,0.000000,0.000000,0.000000,0.000000
12.8167,0.310000,0.240000,-0.120000,0.670000,0.000000,0.000000,0.000000,0.417760,-0.895355,0.909572,0.222163,0.000000,0.000000,0.000000,0.000000
12.8333,0.310000,0.240000,-0.120000,0.670000,0.000000,0.000000,0.000000,0.421279,-0.887355,0.913549,0.219205,0.000000,0.000000,0.000000,0.000000
12.8500,0.310000,0.240000,-0.120000,0.670000,0.000000,0.000000,0.000000,0.423021,-0.880224,0.916703,0.215372,0.000000,0.000000,0.000000,0.000000
12.8667,0.310000,0.240000,-0.120000,0.670000,0.000000,0.000000,0.000000,0.423171,-0.874053,0.919081,0.210668,0.000000,0.000000,0.000000,0.000000
12.8833,0.310000,0.240000,-0.120000,0.670000,0.000000,0.000000,0.000000,0.421886,-0.868903,0.920725,0.205112,0.000000,0.000000,0.000000,0.000000
12.9000,0.310000,0.240000,-0.120000,0.670000,0.000000,0.000000,0.000000,0.419297,-0.864810,0.921674,0.198754,0.000000,0.000000,0.000000,0.000000
12.9167,0.310000,0.240000,-0.120000,0.670000,0.000000,0.000000,0.000000,0.415498,-0.861783,0.921956,0.191675,0.000000,0.000000,0.000000,0.000000
12.9333,0.310000,0.240000,-0.120000,0.670000,0.000000,0.000000,0.000000,0.410551,-0.859809,0.921591,0.183992,0.000000,0.000000,0.000000,0.000000
12.9500,0.310000,0.240000,-0.120000,0.670000,0.000000,0.000000,0.000000,0.404480,-0.858847,0.920587,0.175853,0.000000,0.000000,0.000000,0.000000
12.9667,0.310000,0.240000,-0.120000,0.670000,0.000000,0.000000,0.000000,0.397278,-0.858828,0.918946,0.167432,0.000000,0.000000,0.000000,0.000000
12.9833,0.310000,0.240000,-0.120000,0.670000,0.000000,0.000000,0.000000,0.388914,-0.859650,0.916664,0.158921,0.000000,0.000000,0.000000,0.000000
13.0000,0.310000,0.240000,-0.120000,0.670000,0.000000,0.000000,0.000000,0.379338,-0.861173,0.913742,0.150526,0.000000,0.000000,0.000000,0.000000
13.0167,0.310000,0.240000,-0.120000,0.670000,0.000000,0.000000,0.000000,0.368496,-0.863224,0.910187,0.142453,0.000000,0.000000,0.000000,0.000000
13.0333,0.310000,0.240000,-0.120000,0.670000,0.000000,0.000000,0.000000,0.356340,-0.865590,0.906018,0.134908,0.000000,0.000000,0.000000,0.000000
13.0500,0.310000,0.240000,-0.120000,0.670000,0.000000,0.000000,0.000000,0.342829,-0.868025,0.901273,0.128076,0.000000,0.000000,0.000000,0.000000
13.0667,0.310000,0.240000,-0.120000,0.670000,0.000000,0.000000,0.000000,0.327942,-0.870266,0.896002,0.122101,0.000000,0.000000,0.000000,0.000000
13.0833,0.310000,0.240000,-0.120000,0.670000,0.000000,0.000000,0.000000,0.311685,-0.872046,0.890273,0.117067,0.000000,0.000000,0.000000,0.000000
13.1000,0.310000,0.240000,-0.120000,0.670000,0.000000,0.000000,0.000000,0.294106,-0.873121,0.884172,0.112986,0.000000,0.000000,0.000000,0.000000
13.1167,0.310000,0.240000,-0.120000,0.670000,0.000000,0.000000,0.000000,0.275307,-0.873282,0.877801,0.109795,0.000000,0.000000,0.000000,0.000000
13.1333,0.310000,0.240000,-0.120000,0.670000,0.000000,0.000000,0.000000,0.255440,-0.872362,0.871279,0.107381,0.000000,0.000000,0.000000,0.000000
13.1500,0.310000,0.240000,-0.120000,0.670000,0.000000,0.000000,0.000000,0.234696,-0.870239,0.864732,0.105595,0.000000,0.000000,0.000000,0.000000
13.1667,0.310000,0.240000,-0.120000,0.670000,0.000000,0.000000,0.000000,0.213292,-0.866848,0.858283,0.104281,0.000000,0.000000,0.000000,0.000000
13.1833,0.310000,0.240000,-0.120000,0.670000,0.000000,0.000000,0.000000,0.191468,-0.862196,0.852044,0.103288,0.000000,0.000000,0.000000,0.000000
13.2000,0.310000,0.240000,-0.120000,0.670000,0.000000,0.000000,0.000000,0.169479,-0.856381,0.846108,0.102473,0.000000,0.000000,0.000000,0.000000
13.2167,0.310000,0.240000,-0.120000,0.670000,0.000000,0.000000,0.000000,0.147598,-0.849598,0.840542,0.101693,0.000000,0.000000,0.000000,0.000000
13.2333,0.310000,0.240000,-0.120000,0.670000,0.000000,0.000000,0.000000,0.126096,-0.842128,0.835380,0.100801,0.000000,0.000000,0.000000,0.000000
13.2500,0.310000,0.240000,-0.120000,0.670000,0.000000,0.000000,0.000000,0.105218,-0.834315,0.830622,0.099638,0.000000,0.000000,0.000000,0.000000
13.2667,0.310000,0.240000,-0.120000,0.670000,0.000000,0.000000,0.000000,0.085155,-0.826539,0.826228,0.098039,0.000000,0.000000,0.000000,0.000000
13.2833,0.310000,0.240000,-0.120000,0.670000,0.000000,0.000000,0.000000,0.066017,-0.819182,0.822116,0.095834,0.000000,0.000000,0.000000,0.000000
13.3000,0.310000,0.240000,-0.120000,0.670000,0.000000,0.000000,0.000000,0.047818,-0.812605,0.818171,0.092859,0.000000,0.000000,0.000000,0.000000
13.3167,0.310000,0.240000,-0.120000,0.670000,0.000000,0.000000,0.000000,0.030467,-0.807121,0.814243,0.088960,0.000000,0.000000,0.000000,0.000000
13.3333,0.310000,0.240000,-0.120000,0.670000,0.000000,0.000000,0.000000,0.013780,-0.802976,0.810168,0.083998,0.000000,0.000000,0.000000,0.000000
13.3500,0.310000,0.240000,-0.120000,0.670000,0.000000,0.000000,0.000000,-0.002492,-0.800352,0.805770,0.077852,0.000000,0.000000,0.000000,0.000000
13.3667,0.310000,0.240000,-0.120000,0.670000,0.000000,0.000000,0.000000,-0.018641,-0.799353,0.800885,0.070429,0.000000,0.000000,0.000000,0.000000
13.3833,0.310000,0.240000,-0.120000,0.670000,0.000000,0.000000,0.000000,-0.034966,-0.800013,0.795367,0.061666,0.000000,0.000000,0.000000,0.000000
13.4000,0.310000,0.240000,-0.120000,0.670000,0.000000,0.000000,0.000000,-0.051747,-0.802285,0.789106,0.051546,0.000000,0.000000,0.000000,0.000000
13.4167,0.310000,0.240000,-0.120000,0.670000,0.000000,0.000000,0.000000,-0.069209,-0.806049,0.782036,0.040104,0.000000,0.000000,0.000000,0.000000
13.4333,0.310000,0.240000,-0.120000,0.670000,0.000000,0.000000,0.000000,-0.087489,-0.811137,0.774149,0.027436,0.000000,0.000000,0.000000,0.000000
13.4500,0.310000,0.240000,-0.120000,0.670000,0.000000,0.000000,0.000000,-0.106604,-0.817353,0.765495,0.013701,0.000000,0.000000,0.000000,0.000000
13.4667,0.310000,0.240000,-0.120000,0.670000,0.000000,0.000000,0.000000,-0.126433,-0.824506,0.756178,-0.000876,0.000000,0.000000,0.000000,0.000000
13.4833,0.310000,0.240000,-0.120000,0.670000,0.000000,0.000000,0.000000,-0.146726,-0.832434,0.746349,-0.016027,0.000000,0.000000,0.000000,0.000000
13.5000,0.310000,0.240000,-0.120000,0.670000,0.000000,0.000000,0.000000,-0.167121,-0.841010,0.736188,-0.031453,0.000000,0.000000,0.000000,0.000000
13.5167,0.310000,0.240000,-0.120000,0.670000,0.000000,0.000000,0.000000,-0.187192,-0.850154,0.725887,-0.046848,0.000000,0.000000,0.000000,0.000000
13.5333,0.310000,0.240000,-0.120000,0.670000,0.000000,0.000000,0.000000,-0.206485,-0.859823,0.715631,-0.061923,0.000000,0.000000,0.000000,0.000000
13.5500,0.310000,0.240000,-0.120000,0.670000,0.000000,0.000000,0.000000,-0.224553,-0.870015,0.705586,-0.076429,0.000000,0.000000,0.000000,0.000000
13.5667,0.310000,0.240000,-0.120000,0.670000,0.000000,0.000000,0.000000,-0.240988,-0.880758,0.695887,-0.090163,0.000000,0.000000,0.000000,0.000000
13.5833,0.310000,0.240000,-0.120000,0.670000,0.000000,0.000000,0.000000,-0.255446,-0.892091,0.686640,-0.102963,0.000000,0.000000,0.000000,0.000000
13.6000,0.310000,0.240000,-0.120000,0.670000,0.000000,0.000000,0.000000,-0.267686,-0.904040,0.677914,-0.114689,0.000000,0.000000,0.000000,0.000000
13.6167,0.310000,0.240000,-0.120000,0.670000,0.000000,0.000000,0.000000,-0.277586,-0.916587,0.669745,-0.125197,0.000000,0.000000,0.000000,0.000000
13.6333,0.310000,0.240000,-0.120000,0.670000,0.000000,0.000000,0.000000,-0.285161,-0.929659,0.662142,-0.134334,0.000000,0.000000,0.000000,0.000000
13.6500,0.310000,0.240000,-0.120000,0.670000,0.000000,0.000000,0.000000,-0.290535,-0.943128,0.655094,-0.141942,0.000000,0.000000,0.000000,0.000000
13.6667,0.310000,0.240000,-0.120000,0.670000,0.000000,0.000000,0.000000,-0.293908,-0.956834,0.648574,-0.147879,0.000000,0.000000,0.000000,0.000000
13.6833,0.310000,0.240000,-0.120000,0.670000,0.000000,0.000000,0.000000,-0.295504,-0.970604,0.642553,-0.152046,0.000000,0.000000,0.000000,0.000000
13.7000,0.310000,0.240000,-0.120000,0.670000,0.000000,0.000000,0.000000,-0.295526,-0.984280,0.637007,-0.154392,0.000000,0.000000,0.000000,0.000000
13.7167,0.310000,0.240000,-0.120000,0.670000,0.000000,0.000000,0.000000,-0.294117,-0.997743,0.631924,-0.154914,0.000000,0.000000,0.000000,0.000000
13.7333,0.310000,0.240000,-0.120000,0.670000,0.000000,0.000000,0.000000,-0.291335,-1.010931,0.627301,-0.153630,0.000000,0.000000,0.000000,0.000000
13.7500,0.310000,0.240000,-0.120000,0.670000,0.000000,0.000000,0.000000,-0.287142,-1.023849,0.623147,-0.150558,0.000000,0.000000,0.000000,0.000000
13.7667,0.310000,0.240000,-0.120000,0.670000,0.000000,0.000000,0.000000,-0.281415,-1.036556,0.619481,-0.145693,0.000000,0.000000,0.000000,0.000000
13.7833,0.310000,0.240000,-0.120000,0.670000,0.000000,0.000000,0.000000,-0.273979,-1.049126,0.616333,-0.138992,0.000000,0.000000,0.000000,0.000000
13.8000,0.310000,0.240000,-0.120000,0.670000,0.000000,0.000000,0.000000,-0.264647,-1.061600,0.613747,-0.130365,0.000000,0.000000,0.000000,0.000000
13.8167,0.310000,0.240000,-0.120000,0.670000,0.000000,0.000000,0.000000,-0.253273,-1.073944,0.611781,-0.119670,0.000000,0.000000,0.000000,0.000000
13.8333,0.310000,0.240000,-0.120000,0.670000,0.000000,0.000000,0.000000,-0.239789,-1.086010,0.610499,-0.106720,0.000000,0.000000,0.000000,0.000000
13.8500,0.310000,0.240000,-0.120000,0.670000,0.000000,0.000000,0.000000,-0.224248,-1.097523,0.609970,-0.091301,0.000000,0.000000,0.000000,0.000000
13.8667,0.310000,0.240000,-0.120000,0.670000,0.000000,0.000000,0.000000,-0.206830,-1.108092,0.610256,-0.073196,0.000000,0.000000,0.000000,0.000000
13.8833,0.310000,0.240000,-0.120000,0.670000,0.000000,0.000000,0.000000,-0.187849,-1.117242,0.611400,-0.052227,0.000000,0.000000,0.000000,0.000000
13.9000,0.310000,0.240000,-0.120000,0.670000,0.000000,0.000000,0.000000,-0.167737,-1.124456,0.613410,-0.028295,0.000000,0.000000,0.000000,0.000000
13.9167,0.310000,0.240000,-0.120000,0.670000,0.000000,0.000000,0.000000,-0.147018,-1.129227,0.616252,-0.001430,0.000000,0.000000,0.000000,0.000000
13.9333,0.310000,0.240000,-0.120000,0.670000,0.000000,0.000000,0.000000,-0.126276,-1.131108,0.619843,0.028182,0.000000,0.000000,0.000000,0.000000
13.9500,0.310000,0.240000,-0.120000,0.670000,0.000000,0.000000,0.000000,-0.106103,-1.129758,0.624054,0.060181,0.000000,0.000000,0.000000,0.000000
13.9667,0.310000,0.240000,-0.120000,0.670000,0.000000,0.000000,0.000000,-0.087035,-1.124990,0.628724,0.094040,0.000000,0.000000,0.000000,0.000000
13.9833,0.310000,0.240000,-0.120000,0.670000,0.000000,0.000000,0.000000,-0.069455,-1.116817,0.633683,0.129092,0.000000,0.000000,0.000000,0.000000
14.0000,0.310000,0.240000,-0.120000,0.670000,0.000000,0.000000,0.000000,-0.053493,-1.105488,0.638785,0.164572,0.000000,0.000000,0.000000,0.000000
14.0167,0.310000,0.240000,-0.120000,0.670000,0.000000,0.000000,0.000000,-0.038928,-1.091519,0.643949,0.199658,0.000000,0.000000,0.000000,0.000000
14.1000,0.310000,0.240000,-0.120000,0.670000,0.000000,0.000000,0.000000,-0.025155,-1.075664,0.649173,0.233542,0.000000,0.000000,0.000000,0.000000
14.1167,0.310000,0.240000,-0.120000,0.670000,0.000000,0.000000,0.000000,-0.011293,-1.058789,0.654542,0.265559,0.000000,0.000000,0.000000,0.000000
14.1333,0.310000,0.240000,-0.120000,0.670000,0.000000,0.000000,0.000000,0.003626,-1.041678,0.660196,0.295306,0.000000,0.000000,0.000000,0.000000
14.1500,0.310000,0.240000,-0.120000,0.670000,0.000000,0.000000,0.000000,0.020489,-1.024915,0.666302,0.322663,0.000000,0.000000,0.000000,0.000000
14.1667,0.310000,0.240000,-0.120000,0.670000,0.000000,0.000000,0.000000,0.040029,-1.008874,0.673027,0.347730,0.000000,0.000000,0.000000,0.000000
14.1833,0.310000,0.240000,-0.120000,0.670000,0.000000,0.000000,0.000000,0.062778,-0.993747,0.680518,0.370752,0.000000,0.000000,0.000000,0.000000
14.2000,0.310000,0.240000,-0.120000,0.670000,0.000000,0.000000,0.000000,0.089044,-0.979588,0.688879,0.392067,0.000000,0.000000,0.000000,0.000000
14.2167,0.310000,0.240000,-0.120000,0.670000,0.000000,0.000000,0.000000,0.118892,-0.966358,0.698152,0.412059,0.000000,0.000000,0.000000,0.000000
14.2333,0.310000,0.240000,-0.120000,0.670000,0.000000,0.000000,0.000000,0.152120,-0.953972,0.708302,0.431122,0.000000,0.000000,0.000000,0.000000
14.3000,0.310000,0.240000,-0.120000,0.670000,0.000000,0.000000,0.000000,0.188248,-0.942337,0.719198,0.449608,0.000000,0.000000,0.000000,0.000000
14.3167,0.310000,0.240000,-0.120000,0.670000,0.000000,0.000000,0.000000,0.226531,-0.931372,0.730615,0.467704,0.000000,0.000000,0.000000,0.000000
14.4167,0.310000,0.240000,-0.120000,0.670000,0.000000,0.000000,0.000000,0.266005,-0.921007,0.742255,0.485300,0.000000,0.000000,0.000000,0.000000
14.4333,0.310000,0.240000,-0.120000,0.670000,0.000000,0.000000,0.000000,0.305590,-0.911166,0.753794,0.502009,0.000000,0.000000,0.000000,0.000000
14.4500,0.310000,0.240000,-0.120000,0.670000,0.000000,0.000000,0.000000,0.344233,-0.901773,0.764930,0.517358,0.000000,0.000000,0.000000,0.000000
14.4667,0.310000,0.240000,-0.120000,0.670000,0.000000,0.000000,0.000000,0.380987,-0.892752,0.775409,0.530951,0.000000,0.000000,0.000000,0.000000
14.4833,0.310000,0.240000,-0.120000,0.670000,0.000000,0.000000,0.000000,0.415026,-0.884040,0.785017,0.542499,0.000000,0.000000,0.000000,0.000000
14.5000,0.310000,0.240000,-0.120000,0.670000,0.000000,0.000000,0.000000,0.445648,-0.875612,0.793577,0.551798,0.000000,0.000000,0.000000,0.000000
14.5167,0.310000,0.240000,-0.120000,0.670000,0.000000,0.000000,0.000000,0.472280,-0.867490,0.800944,0.558706,0.000000,0.000000,0.000000,0.000000
14.5333,0.310000,0.240000,-0.120000,0.670000,0.000000,0.000000,0.000000,0.494503,-0.859748,0.807005,0.563121,0.000000,0.000000,0.000000,0.000000
14.5500,0.310000,0.240000,-0.120000,0.670000,0.000000,0.000000,0.000000,0.512076,-0.852498,0.811694,0.564965,0.000000,0.000000,0.000000,0.000000
14.5667,0.310000,0.240000,-0.120000,0.670000,0.000000,0.000000,0.000000,0.524937,-0.845869,0.814997,0.564180,0.000000,0.000000,0.000000,0.000000
14.5833,0.310000,0.240000,-0.120000,0.670000,0.000000,0.000000,0.000000,0.533176,-0.839997,0.816939,0.560737,0.000000,0.000000,0.000000,0.000000
14.6000,0.310000,0.240000,-0.120000,0.670000,0.000000,0.000000,0.000000,0.536978,-0.835019,0.817574,0.554643,0.000000,0.000000,0.000000,0.000000
14.6167,0.310000,0.240000,-0.120000,0.670000,0.000000,0.000000,0.000000,0.536588,-0.831064,0.816970,0.545948,0.000000,0.000000,0.000000,0.000000
14.6333,0.310000,0.240000,-0.120000,0.670000,0.000000,0.000000,0.000000,0.532293,-0.828242,0.815208,0.534752,0.000000,0.000000,0.000000,0.000000
14.6500,0.310000,0.240000,-0.120000,0.670000,0.000000,0.000000,0.000000,0.524421,-0.826629,0.812384,0.521219,0.000000,0.000000,0.000000,0.000000
14.6667,0.310000,0.240000,-0.120000,0.670000,0.000000,0.000000,0.000000,0.513343,-0.826264,0.808609,0.505578,0.000000,0.000000,0.000000,0.000000
14.6833,0.310000,0.240000,-0.120000,0.670000,0.000000,0.000000,0.000000,0.499461,-0.827140,0.804011,0.488127,0.000000,0.000000,0.000000,0.000000
14.7000,0.310000,0.240000,-0.120000,0.670000,0.000000,0.000000,0.000000,0.483194,-0.829216,0.798720,0.469208,0.000000,0.000000,0.000000,0.000000
14.7167,0.310000,0.240000,-0.120000,0.670000,0.000000,0.000000,0.000000,0.464958,-0.832411,0.792869,0.449197,0.000000,0.000000,0.000000,0.000000
14.7333,0.310000,0.240000,-0.120000,0.670000,0.000000,0.000000,0.000000,0.445147,-0.836616,0.786584,0.428471,0.000000,0.000000,0.000000,0.000000
14.7500,0.310000,0.240000,-0.120000,0.670000,0.000000,0.000000,0.000000,0.424119,-0.841683,0.779982,0.407394,0.000000,0.000000,0.000000,0.000000
14.7667,0.310000,0.240000,-0.120000,0.670000,0.000000,0.000000,0.000000,0.402188,-0.847428,0.773176,0.386291,0.000000,0.000000,0.000000,0.000000
14.7833,0.310000,0.240000,-0.120000,0.670000,0.000000,0.000000,0.000000,0.379622,-0.853624,0.766274,0.365432,0.000000,0.000000,0.000000,0.000000
14.8167,0.310000,0.240000,-0.120000,0.670000,0.000000,0.000000,0.000000,0.356651,-0.860005,0.759390,0.345011,0.000000,0.000000,0.000000,0.000000
14.8333,0.310000,0.240000,-0.120000,0.670000,0.000000,0.000000,0.000000,0.333491,-0.866273,0.752644,0.325151,0.000000,0.000000,0.000000,0.000000
14.8667,0.310000,0.240000,-0.120000,0.670000,0.000000,0.000000,0.000000,0.310351,-0.872126,0.746169,0.305909,0.000000,0.000000,0.000000,0.000000
14.9000,0.310000,0.240000,-0.120000,0.670000,0.000000,0.000000,0.000000,0.287436,-0.877263,0.740099,0.287289,0.000000,0.000000,0.000000,0.000000
14.9167,0.310000,0.240000,-0.120000,0.670000,0.000000,0.000000,0.000000,0.264906,-0.881398,0.734562,0.269270,0.000000,0.000000,0.000000,0.000000
14.9333,0.310000,0.240000,-0.120000,0.670000,0.000000,0.000000,0.000000,0.242833,-0.884269,0.729654,0.251818,0.000000,0.000000,0.000000,0.000000
14.9500,0.310000,0.240000,-0.120000,0.670000,0.000000,0.000000,0.000000,0.221188,-0.885664,0.725427,0.234900,0.000000,0.000000,0.000000,0.000000
14.9667,0.310000,0.240000,-0.120000,0.670000,0.000000,0.000000,0.000000,0.199853,-0.885445,0.721884,0.218482,0.000000,0.000000,0.000000,0.000000
14.9833,0.310000,0.240000,-0.120000,0.670000,0.000000,0.000000,0.000000,0.178644,-0.883568,0.718978,0.202524,0.000000,0.000000,0.000000,0.000000
15.0000,0.310000,0.240000,-0.120000,0.670000,0.000000,0.000000,0.000000,0.157336,-0.880099,0.716612,0.186962,0.000000,0.000000,0.000000,0.000000
15.0167,0.310000,0.240000,-0.120000,0.670000,0.000000,0.000000,0.000000,0.135702,-0.875222,0.714650,0.171706,0.000000,0.000000,0.000000,0.000000
15.0333,0.310000,0.240000,-0.120000,0.670000,0.000000,0.000000,0.000000,0.113531,-0.869230,0.712924,0.156632,0.000000,0.000000,0.000000,0.000000
15.0500,0.310000,0.240000,-0.120000,0.670000,0.000000,0.000000,0.000000,0.090640,-0.862497,0.711244,0.141604,0.000000,0.000000,0.000000,0.000000
15.0667,0.310000,0.240000,-0.120000,0.670000,0.000000,0.000000,0.000000,0.066880,-0.855437,0.709416,0.126483,0.000000,0.000000,0.000000,0.000000
15.0833,0.310000,0.240000,-0.120000,0.670000,0.000000,0.000000,0.000000,0.042134,-0.848464,0.707249,0.111141,0.000000,0.000000,0.000000,0.000000
15.1000,0.310000,0.240000,-0.120000,0.670000,0.000000,0.000000,0.000000,0.016327,-0.841968,0.704574,0.095465,0.000000,0.000000,0.000000,0.000000
15.1167,0.310000,0.240000,-0.120000,0.670000,0.000000,0.000000,0.000000,-0.010552,-0.836290,0.701253,0.079347,0.000000,0.000000,0.000000,0.000000
15.1333,0.310000,0.240000,-0.120000,0.670000,0.000000,0.000000,0.000000,-0.038429,-0.831721,0.697194,0.062675,0.000000,0.000000,0.000000,0.000000
15.1500,0.310000,0.240000,-0.120000,0.670000,0.000000,0.000000,0.000000,-0.067112,-0.828510,0.692360,0.045323,0.000000,0.000000,0.000000,0.000000
15.1667,0.310000,0.240000,-0.120000,0.670000,0.000000,0.000000,0.000000,-0.096262,-0.826876,0.686774,0.027154,0.000000,0.000000,0.000000,0.000000
15.1833,0.310000,0.240000,-0.120000,0.670000,0.000000,0.000000,0.000000,-0.125392,-0.827024,0.680519,0.008037,0.000000,0.000000,0.000000,0.000000
15.2000,0.310000,0.240000,-0.120000,0.670000,0.000000,0.000000,0.000000,-0.153892,-0.829150,0.673724,-0.012121,0.000000,0.000000,0.000000,0.000000
15.2167,0.310000,0.240000,-0.120000,0.670000,0.000000,0.000000,0.000000,-0.181067,-0.833436,0.666545,-0.033350,0.000000,0.000000,0.000000,0.000000
15.2333,0.310000,0.240000,-0.120000,0.670000,0.000000,0.000000,0.000000,-0.206192,-0.840041,0.659159,-0.055592,0.000000,0.000000,0.000000,0.000000
15.2500,0.310000,0.240000,-0.120000,0.670000,0.000000,0.000000,0.000000,-0.228578,-0.849067,0.651745,-0.078690,0.000000,0.000000,0.000000,0.000000
15.2667,0.310000,0.240000,-0.120000,0.670000,0.000000,0.000000,0.000000,-0.247645,-0.860530,0.644473,-0.102381,0.000000,0.000000,0.000000,0.000000
15.2833,0.310000,0.240000,-0.120000,0.670000,0.000000,0.000000,0.000000,-0.262987,-0.874337,0.637492,-0.126293,0.000000,0.000000,0.000000,0.000000
15.3000,0.310000,0.240000,-0.120000,0.670000,0.000000,0.000000,0.000000,-0.274422,-0.890272,0.630914,-0.149958,0.000000,0.000000,0.000000,0.000000
15.3167,0.310000,0.240000,-0.120000,0.670000,0.000000,0.000000,0.000000,-0.282011,-0.907989,0.624815,-0.172835,0.000000,0.000000,0.000000,0.000000
15.3333,0.310000,0.240000,-0.120000,0.670000,0.000000,0.000000,0.000000,-0.286050,-0.927027,0.619234,-0.194357,0.000000,0.000000,0.000000,0.000000
15.3500,0.310000,0.240000,-0.120000,0.670000,0.000000,0.000000,0.000000,-0.287031,-0.946833,0.614182,-0.213969,0.000000,0.000000,0.000000,0.000000
15.3667,0.310000,0.240000,-0.120000,0.670000,0.000000,0.000000,0.000000,-0.285593,-0.966796,0.609645,-0.231168,0.000000,0.000000,0.000000,0.000000
15.3833,0.310000,0.240000,-0.120000,0.670000,0.000000,0.000000,0.000000,-0.282459,-0.986293,0.605588,-0.245525,0.000000,0.000000,0.000000,0.000000
15.4000,0.310000,0.240000,-0.120000,0.670000,0.000000,0.000000,0.000000,-0.278366,-1.004744,0.601963,-0.256701,0.000000,0.000000,0.000000,0.000000
15.4167,0.310000,0.240000,-0.120000,0.670000,0.000000,0.000000,0.000000,-0.273994,-1.021656,0.598707,-0.264447,0.000000,0.000000,0.000000,0.000000
15.4333,0.310000,0.240000,-0.120000,0.670000,0.000000,0.000000,0.000000,-0.269898,-1.036667,0.595754,-0.268601,0.000000,0.000000,0.000000,0.000000
15.4500,0.310000,0.240000,-0.120000,0.670000,0.000000,0.000000,0.000000,-0.266466,-1.049559,0.593043,-0.269074,0.000000,0.000000,0.000000,0.000000
15.4667,0.310000,0.240000,-0.120000,0.670000,0.000000,0.000000,0.000000,-0.263890,-1.060258,0.590530,-0.265842,0.000000,0.000000,0.000000,0.000000
15.4833,0.310000,0.240000,-0.120000,0.670000,0.000000,0.000000,0.000000,-0.262167,-1.068812,0.588192,-0.258922,0.000000,0.000000,0.000000,0.000000
15.5000,0.310000,0.240000,-0.120000,0.670000,0.000000,0.000000,0.000000,-0.261111,-1.075361,0.586037,-0.248367,0.000000,0.000000,0.000000,0.000000
15.5167,0.310000,0.240000,-0.120000,0.670000,0.000000,0.000000,0.000000,-0.260380,-1.080122,0.584099,-0.234251,0.000000,0.000000,0.000000,0.000000
15.5333,0.310000,0.240000,-0.120000,0.670000,0.000000,0.000000,0.000000,-0.259498,-1.083372,0.582431,-0.216661,0.000000,0.000000,0.000000,0.000000
15.5500,0.310000,0.240000,-0.120000,0.670000,0.000000,0.000000,0.000000,-0.257900,-1.085424,0.581100,-0.195678,0.000000,0.000000,0.000000,0.000000
15.5667,0.310000,0.240000,-0.120000,0.670000,0.000000,0.000000,0.000000,-0.254979,-1.086596,0.580183,-0.171378,0.000000,0.000000,0.000000,0.000000
15.5833,0.310000,0.240000,-0.120000,0.670000,0.000000,0.000000,0.000000,-0.250147,-1.087171,0.579756,-0.143828,0.000000,0.000000,0.000000,0.000000
15.6000,0.310000,0.240000,-0.120000,0.670000,0.000000,0.000000,0.000000,-0.242886,-1.087365,0.579894,-0.113107,0.000000,0.000000,0.000000,0.000000
15.6167,0.310000,0.240000,-0.120000,0.670000,0.000000,0.000000,0.000000,-0.232804,-1.087295,0.580668,-0.079334,0.000000,0.000000,0.000000,0.000000
15.6333,0.310000,0.240000,-0.120000,0.670000,0.000000,0.000000,0.000000,-0.219683,-1.086962,0.582136,-0.042706,0.000000,0.000000,0.000000,0.000000
15.6500,0.310000,0.240000,-0.120000,0.670000,0.000000,0.000000,0.000000,-0.203516,-1.086250,0.584338,-0.003543,0.000000,0.000000,0.000000,0.000000
15.6667,0.310000,0.240000,-0.120000,0.670000,0.000000,0.000000,0.000000,-0.184534,-1.084949,0.587280,0.037649,0.000000,0.000000,0.000000,0.000000
15.6833,0.310000,0.240000,-0.120000,0.670000,0.000000,0.000000,0.000000,-0.163224,-1.082783,0.590921,0.080115,0.000000,0.000000,0.000000,0.000000
15.7667,0.310000,0.240000,-0.120000,0.670000,0.000000,0.000000,0.000000,-0.140318,-1.079451,0.595170,0.122826,0.000000,0.000000,0.000000,0.000000
15.7833,0.310000,0.240000,-0.120000,0.670000,0.000000,0.000000,0.000000,-0.116701,-1.074700,0.599891,0.164564,0.000000,0.000000,0.000000,0.000000
15.8000,0.310000,0.240000,-0.120000,0.670000,0.000000,0.000000,0.000000,-0.093234,-1.068421,0.604925,0.204122,0.000000,0.000000,0.000000,0.000000
15.8333,0.310000,0.240000,-0.120000,0.670000,0.000000,0.000000,0.000000,-0.070608,-1.060693,0.610117,0.240480,0.000000,0.000000,0.000000,0.000000
15.8833,0.310000,0.240000,-0.120000,0.670000,0.000000,0.000000,0.000000,-0.049289,-1.051748,0.615344,0.272886,0.000000,0.000000,0.000000,0.000000
15.9000,0.310000,0.240000,-0.120000,0.670000,0.000000,0.000000,0.000000,-0.029515,-1.041876,0.620535,0.300879,0.000000,0.000000,0.000000,0.000000
15.9167,0.310000,0.240000,-0.120000,0.670000,0.000000,0.000000,0.000000,-0.011339,-1.031334,0.625684,0.324268,0.000000,0.000000,0.000000,0.000000
15.9333,0.310000,0.240000,-0.120000,0.670000,0.000000,0.000000,0.000000,0.005332,-1.020306,0.630840,0.343079,0.000000,0.000000,0.000000,0.000000
15.9500,0.310000,0.240000,-0.120000,0.670000,0.000000,0.000000,0.000000,0.020707,-1.008904,0.636104,0.357499,0.000000,0.000000,0.000000,0.000000
15.9667,0.310000,0.240000,-0.120000,0.670000,0.000000,0.000000,0.000000,0.035096,-0.997179,0.641615,0.367844,0.000000,0.000000,0.000000,0.000000
15.9833,0.310000,0.240000,-0.120000,0.670000,0.000000,0.000000,0.000000,0.048896,-0.985140,0.647547,0.374546,0.000000,0.000000,0.000000,0.000000
16.0000,0.310000,0.240000,-0.120000,0.670000,0.000000,0.000000,0.000000,0.062577,-0.972773,0.654090,0.378159,0.000000,0.000000,0.000000,0.000000
16.0167,0.310000,0.240000,-0.120000,0.670000,0.000000,0.000000,0.000000,0.076654,-0.960063,0.661438,0.379358,0.000000,0.000000,0.000000,0.000000
16.0333,0.310000,0.240000,-0.120000,0.670000,0.000000,0.000000,0.000000,0.091652,-0.947021,0.669763,0.378931,0.000000,0.000000,0.000000,0.000000
16.0500,0.310000,0.240000,-0.120000,0.670000,0.000000,0.000000,0.000000,0.108060,-0.933700,0.679192,0.377764,0.000000,0.000000,0.000000,0.000000
16.0667,0.310000,0.240000,-0.120000,0.670000,0.000000,0.000000,0.000000,0.126302,-0.920224,0.689785,0.376802,0.000000,0.000000,0.000000,0.000000
16.0833,0.310000,0.240000,-0.120000,0.670000,0.000000,0.000000,0.000000,0.146703,-0.906797,0.701513,0.377016,0.000000,0.000000,0.000000,0.000000
16.1000,0.310000,0.240000,-0.120000,0.670000,0.000000,0.000000,0.000000,0.169456,-0.893725,0.714240,0.379336,0.000000,0.000000,0.000000,0.000000
16.1667,0.310000,0.240000,-0.120000,0.670000,0.000000,0.000000,0.000000,0.194576,-0.881400,0.727710,0.384551,0.000000,0.000000,0.000000,0.000000
16.1833,0.310000,0.240000,-0.120000,0.670000,0.000000,0.000000,0.000000,0.221832,-0.870221,0.741560,0.393131,0.000000,0.000000,0.000000,0.000000
16.2000,0.310000,0.240000,-0.120000,0.670000,0.000000,0.000000,0.000000,0.250668,-0.860467,0.755354,0.405018,0.000000,0.000000,0.000000,0.000000
16.3000,0.310000,0.240000,-0.120000,0.670000,0.000000,0.000000,0.000000,0.280187,-0.852226,0.768632,0.419514,0.000000,0.000000,0.000000,0.000000
16.3167,0.310000,0.240000,-0.120000,0.670000,0.000000,0.000000,0.000000,0.309277,-0.845422,0.780952,0.435446,0.000000,0.000000,0.000000,0.000000
16.3333,0.310000,0.240000,-0.120000,0.670000,0.000000,0.000000,0.000000,0.336820,-0.839888,0.791951,0.451522,0.000000,0.000000,0.000000,0.000000
16.3500,0.310000,0.240000,-0.120000,0.670000,0.000000,0.000000,0.000000,0.361842,-0.835420,0.801368,0.466602,0.000000,0.000000,0.000000,0.000000
16.3667,0.310000,0.240000,-0.120000,0.670000,0.000000,0.000000,0.000000,0.383565,-0.831808,0.809040,0.479768,0.000000,0.000000,0.000000,0.000000
16.3833,0.310000,0.240000,-0.120000,0.670000,0.000000,0.000000,0.000000,0.401408,-0.828858,0.814892,0.490304,0.000000,0.000000,0.000000,0.000000
16.4000,0.310000,0.240000,-0.120000,0.670000,0.000000,0.000000,0.000000,0.414985,-0.826401,0.818923,0.497683,0.000000,0.000000,0.000000,0.000000
16.4167,0.310000,0.240000,-0.120000,0.670000,0.000000,0.000000,0.000000,0.424099,-0.824312,0.821194,0.501540,0.000000,0.000000,0.000000,0.000000
16.4333,0.310000,0.240000,-0.120000,0.670000,0.000000,0.000000,0.000000,0.428750,-0.822520,0.821822,0.501666,0.000000,0.000000,0.000000,0.000000
16.4500,0.310000,0.240000,-0.120000,0.670000,0.000000,0.000000,0.000000,0.429133,-0.821030,0.820968,0.497996,0.000000,0.000000,0.000000,0.000000
16.5000,0.310000,0.240000,-0.120000,0.670000,0.000000,0.000000,0.000000,0.425618,-0.819922,0.818825,0.490619,0.000000,0.000000,0.000000,0.000000
16.5167,0.310000,0.240000,-0.120000,0.670000,0.000000,0.000000,0.000000,0.418691,-0.819335,0.815601,0.479772,0.000000,0.000000,0.000000,0.000000
16.5333,0.310000,0.240000,-0.120000,0.670000,0.000000,0.000000,0.000000,0.408885,-0.819414,0.811500,0.465813,0.000000,0.000000,0.000000,0.000000
16.5500,0.310000,0.240000,-0.120000,0.670000,0.000000,0.000000,0.000000,0.396722,-0.820280,0.806713,0.449169,0.000000,0.000000,0.000000,0.000000
16.5667,0.310000,0.240000,-0.120000,0.670000,0.000000,0.000000,0.000000,0.382693,-0.822002,0.801415,0.430267,0.000000,0.000000,0.000000,0.000000
16.5833,0.310000,0.240000,-0.120000,0.670000,0.000000,0.000000,0.000000,0.367250,-0.824591,0.795772,0.409482,0.000000,0.000000,0.000000,0.000000
16.6000,0.310000,0.240000,-0.120000,0.670000,0.000000,0.000000,0.000000,0.350822,-0.827981,0.789951,0.387099,0.000000,0.000000,0.000000,0.000000
16.7000,0.310000,0.240000,-0.120000,0.670000,0.000000,0.000000,0.000000,0.333822,-0.832032,0.784128,0.363328,0.000000,0.000000,0.000000,0.000000
16.7167,0.310000,0.240000,-0.120000,0.670000,0.000000,0.000000,0.000000,0.316614,-0.836527,0.778481,0.338383,0.000000,0.000000,0.000000,0.000000
16.7333,0.310000,0.240000,-0.120000,0.670000,0.000000,0.000000,0.000000,0.299461,-0.841182,0.773168,0.312562,0.000000,0.000000,0.000000,0.000000
16.7500,0.310000,0.240000,-0.120000,0.670000,0.000000,0.000000,0.000000,0.282493,-0.845678,0.768307,0.286257,0.000000,0.000000,0.000000,0.000000
16.7667,0.310000,0.240000,-0.120000,0.670000,0.000000,0.000000,0.000000,0.265716,-0.849701,0.763964,0.259889,0.000000,0.000000,0.000000,0.000000
16.7833,0.310000,0.240000,-0.120000,0.670000,0.000000,0.000000,0.000000,0.249041,-0.852973,0.760162,0.233860,0.000000,0.000000,0.000000,0.000000
16.8000,0.310000,0.240000,-0.120000,0.670000,0.000000,0.000000,0.000000,0.232309,-0.855274,0.756873,0.208516,0.000000,0.000000,0.000000,0.000000
16.8167,0.310000,0.240000,-0.120000,0.670000,0.000000,0.000000,0.000000,0.215320,-0.856469,0.754036,0.184136,0.000000,0.000000,0.000000,0.000000
16.8333,0.310000,0.240000,-0.120000,0.670000,0.000000,0.000000,0.000000,0.197859,-0.856521,0.751551,0.160935,0.000000,0.000000,0.000000,0.000000
16.8500,0.310000,0.240000,-0.120000,0.670000,0.000000,0.000000,0.000000,0.179713,-0.855497,0.749292,0.139064,0.000000,0.000000,0.000000,0.000000
16.8667,0.310000,0.240000,-0.120000,0.670000,0.000000,0.000000,0.000000,0.160674,-0.853543,0.747112,0.118611,0.000000,0.000000,0.000000,0.000000
16.8833,0.310000,0.240000,-0.120000,0.670000,0.000000,0.000000,0.000000,0.140536,-0.850846,0.744857,0.099600,0.000000,0.000000,0.000000,0.000000
16.9000,0.310000,0.240000,-0.120000,0.670000,0.000000,0.000000,0.000000,0.119097,-0.847602,0.742373,0.081987,0.000000,0.000000,0.000000,0.000000
16.9167,0.310000,0.240000,-0.120000,0.670000,0.000000,0.000000,0.000000,0.096176,-0.843988,0.739521,0.065667,0.000000,0.000000,0.000000,0.000000
16.9333,0.310000,0.240000,-0.120000,0.670000,0.000000,0.000000,0.000000,0.071628,-0.840166,0.736186,0.050482,0.000000,0.000000,0.000000,0.000000
16.9500,0.310000,0.240000,-0.120000,0.670000,0.000000,0.000000,0.000000,0.045381,-0.836282,0.732284,0.036231,0.000000,0.000000,0.000000,0.000000
16.9667,0.310000,0.240000,-0.120000,0.670000,0.000000,0.000000,0.000000,0.017471,-0.832488,0.727771,0.022691,0.000000,0.000000,0.000000,0.000000
16.9833,0.310000,0.240000,-0.120000,0.670000,0.000000,0.000000,0.000000,-0.011926,-0.828953,0.722646,0.009634,0.000000,0.000000,0.000000,0.000000
17.0000,0.310000,0.240000,-0.120000,0.670000,0.000000,0.000000,0.000000,-0.042472,-0.825884,0.716951,-0.003160,0.000000,0.000000,0.000000,0.000000
17.0167,0.310000,0.240000,-0.120000,0.670000,0.000000,0.000000,0.000000,-0.073662,-0.823529,0.710771,-0.015885,0.000000,0.000000,0.000000,0.000000
17.0333,0.310000,0.240000,-0.120000,0.670000,0.000000,0.000000,0.000000,-0.104835,-0.822180,0.704220,-0.028702,0.000000,0.000000,0.000000,0.000000
17.0500,0.310000,0.240000,-0.120000,0.670000,0.000000,0.000000,0.000000,-0.135228,-0.822151,0.697440,-0.041721,0.000000,0.000000,0.000000,0.000000
17.0667,0.310000,0.240000,-0.120000,0.670000,0.000000,0.000000,0.000000,-0.164034,-0.823741,0.690582,-0.055012,0.000000,0.000000,0.000000,0.000000
17.0833,0.310000,0.240000,-0.120000,0.670000,0.000000,0.000000,0.000000,-0.190481,-0.827203,0.683800,-0.068607,0.000000,0.000000,0.000000,0.000000
17.1000,0.310000,0.240000,-0.120000,0.670000,0.000000,0.000000,0.000000,-0.213908,-0.832710,0.677235,-0.082507,0.000000,0.000000,0.000000,0.000000
17.1167,0.310000,0.240000,-0.120000,0.670000,0.000000,0.000000,0.000000,-0.233825,-0.840329,0.671002,-0.096673,0.000000,0.000000,0.000000,0.000000
17.1333,0.310000,0.240000,-0.120000,0.670000,0.000000,0.000000,0.000000,-0.249952,-0.850008,0.665191,-0.111019,0.000000,0.000000,0.000000,0.000000
17.1500,0.310000,0.240000,-0.120000,0.670000,0.000000,0.000000,0.000000,-0.262231,-0.861574,0.659856,-0.125404,0.000000,0.000000,0.000000,0.000000
17.1667,0.310000,0.240000,-0.120000,0.670000,0.000000,0.000000,0.000000,-0.270815,-0.874745,0.655024,-0.139640,0.000000,0.000000,0.000000,0.000000
17.1833,0.310000,0.240000,-0.120000,0.670000,0.000000,0.000000,0.000000,-0.276033,-0.889148,0.650695,-0.153504,0.000000,0.000000,0.000000,0.000000
17.2000,0.310000,0.240000,-0.120000,0.670000,0.000000,0.000000,0.000000,-0.278332,-0.904363,0.646855,-0.166771,0.000000,0.000000,0.000000,0.000000
17.2167,0.310000,0.240000,-0.120000,0.670000,0.000000,0.000000,0.000000,-0.278198,-0.919981,0.643478,-0.179255,0.000000,0.000000,0.000000,0.000000
17.2333,0.310000,0.240000,-0.120000,0.670000,0.000000,0.000000,0.000000,-0.276088,-0.935658,0.640530,-0.190832,0.000000,0.000000,0.000000,0.000000
17.2500,0.310000,0.240000,-0.120000,0.670000,0.000000,0.000000,0.000000,-0.272388,-0.951145,0.637976,-0.201446,0.000000,0.000000,0.000000,0.000000
17.2667,0.310000,0.240000,-0.120000,0.670000,0.000000,0.000000,0.000000,-0.267394,-0.966300,0.635773,-0.211104,0.000000,0.000000,0.000000,0.000000
17.2833,0.310000,0.240000,-0.120000,0.670000,0.000000,0.000000,0.000000,-0.261319,-0.981069,0.633880,-0.219854,0.000000,0.000000,0.000000,0.000000
17.3000,0.310000,0.240000,-0.120000,0.670000,0.000000,0.000000,0.000000,-0.254321,-0.995443,0.632257,-0.227765,0.000000,0.000000,0.000000,0.000000
17.3167,0.310000,0.240000,-0.120000,0.670000,0.000000,0.000000,0.000000,-0.246540,-1.009407,0.630876,-0.234892,0.000000,0.000000,0.000000,0.000000
17.3333,0.310000,0.240000,-0.120000,0.670000,0.000000,0.000000,0.000000,-0.238123,-1.022902,0.629724,-0.241255,0.000000,0.000000,0.000000,0.000000
17.3500,0.310000,0.240000,-0.120000,0.670000,0.000000,0.000000,0.000000,-0.229227,-1.035822,0.628807,-0.246835,0.000000,0.000000,0.000000,0.000000
17.3667,0.310000,0.240000,-0.120000,0.670000,0.000000,0.000000,0.000000,-0.220003,-1.048025,0.628144,-0.251573,0.000000,0.000000,0.000000,0.000000
17.3833,0.310000,0.240000,-0.120000,0.670000,0.000000,0.000000,0.000000,-0.210590,-1.059347,0.627772,-0.255374,0.000000,0.000000,0.000000,0.000000
17.4000,0.310000,0.240000,-0.120000,0.670000,0.000000,0.000000,0.000000,-0.201109,-1.069602,0.627744,-0.258119,0.000000,0.000000,0.000000,0.000000
17.4167,0.310000,0.240000,-0.120000,0.670000,0.000000,0.000000,0.000000,-0.191657,-1.078592,0.628128,-0.259680,0.000000,0.000000,0.000000,0.000000
17.4333,0.310000,0.240000,-0.120000,0.670000,0.000000,0.000000,0.000000,-0.182298,-1.086117,0.629008,-0.259947,0.000000,0.000000,0.000000,0.000000
17.4500,0.310000,0.240000,-0.120000,0.670000,0.000000,0.000000,0.000000,-0.173057,-1.091991,0.630480,-0.258850,0.000000,0.000000,0.000000,0.000000
17.4667,0.310000,0.240000,-0.120000,0.670000,0.000000,0.000000,0.000000,-0.163910,-1.096059,0.632647,-0.256372,0.000000,0.000000,0.000000,0.000000
17.4833,0.310000,0.240000,-0.120000,0.670000,0.000000,0.000000,0.000000,-0.154788,-1.098215,0.635613,-0.252558,0.000000,0.000000,0.000000,0.000000
17.5000,0.310000,0.240000,-0.120000,0.670000,0.000000,0.000000,0.000000,-0.145586,-1.098419,0.639469,-0.247509,0.000000,0.000000,0.000000,0.000000
17.5167,0.310000,0.240000,-0.120000,0.670000,0.000000,0.000000,0.000000,-0.136170,-1.096711,0.644284,-0.241372,0.000000,0.000000,0.000000,0.000000
17.5333,0.310000,0.240000,-0.120000,0.670000,0.000000,0.000000,0.000000,-0.126408,-1.093205,0.650096,-0.234326,0.000000,0.000000,0.000000,0.000000
17.5500,0.310000,0.240000,-0.120000,0.670000,0.000000,0.000000,0.000000,-0.116185,-1.088082,0.656898,-0.226562,0.000000,0.000000,0.000000,0.000000
17.5667,0.310000,0.240000,-0.120000,0.670000,0.000000,0.000000,0.000000,-0.105435,-1.081575,0.664640,-0.218274,0.000000,0.000000,0.000000,0.000000
17.5833,0.310000,0.240000,-0.120000,0.670000,0.000000,0.000000,0.000000,-0.094151,-1.073946,0.673223,-0.209640,0.000000,0.000000,0.000000,0.000000
17.6000,0.310000,0.240000,-0.120000,0.670000,0.000000,0.000000,0.000000,-0.082407,-1.065466,0.682506,-0.200822,0.000000,0.000000,0.000000,0.000000
17.6167,0.310000,0.240000,-0.120000,0.670000,0.000000,0.000000,0.000000,-0.070358,-1.056393,0.692306,-0.191959,0.000000,0.000000,0.000000,0.000000
17.6333,0.310000,0.240000,-0.120000,0.670000,0.000000,0.000000,0.000000,-0.058236,-1.046958,0.702411,-0.183165,0.000000,0.000000,0.000000,0.000000
17.6500,0.310000,0.240000,-0.120000,0.670000,0.000000,0.000000,0.000000,-0.046323,-1.037356,0.712596,-0.174529,0.000000,0.000000,0.000000,0.000000
17.6667,0.310000,0.240000,-0.120000,0.670000,0.000000,0.000000,0.000000,-0.034919,-1.027748,0.722633,-0.166105,0.000000,0.000000,0.000000,0.000000
17.6833,0.310000,0.240000,-0.120000,0.670000,0.000000,0.000000,0.000000,-0.024296,-1.018261,0.732320,-0.157903,0.000000,0.000000,0.000000,0.000000
17.7000,0.310000,0.240000,-0.120000,0.670000,0.000000,0.000000,0.000000,-0.014655,-1.008998,0.741487,-0.149868,0.000000,0.000000,0.000000,0.000000
17.7167,0.310000,0.240000,-0.120000,0.670000,0.000000,0.000000,0.000000,-0.006094,-1.000037,0.750018,-0.141869,0.000000,0.000000,0.000000,0.000000
17.7333,0.310000,0.240000,-0.120000,0.670000,0.000000,0.000000,0.000000,0.001415,-0.991441,0.757857,-0.133695,0.000000,0.000000,0.000000,0.000000
17.7500,0.310000,0.240000,-0.120000,0.670000,0.000000,0.000000,0.000000,0.008039,-0.983261,0.765011,-0.125061,0.000000,0.000000,0.000000,0.000000
17.7667,0.310000,0.240000,-0.120000,0.670000,0.000000,0.000000,0.000000,0.014076,-0.975530,0.771542,-0.115615,0.000000,0.000000,0.000000,0.000000
17.7833,0.310000,0.240000,-0.120000,0.670000,0.000000,0.000000,0.000000,0.019920,-0.968261,0.777566,-0.104959,0.000000,0.000000,0.000000,0.000000
17.8000,0.310000,0.240000,-0.120000,0.670000,0.000000,0.000000,0.000000,0.026035,-0.961436,0.783229,-0.092659,0.000000,0.000000,0.000000,0.000000
17.8167,0.310000,0.240000,-0.120000,0.670000,0.000000,0.000000,0.000000,0.032915,-0.955007,0.788701,-0.078264,0.000000,0.000000,0.000000,0.000000
17.8333,0.310000,0.240000,-0.120000,0.670000,0.000000,0.000000,0.000000,0.041057,-0.948902,0.794155,-0.061326,0.000000,0.000000,0.000000,0.000000
17.8500,0.310000,0.240000,-0.120000,0.670000,0.000000,0.000000,0.000000,0.050923,-0.943030,0.799756,-0.041428,0.000000,0.000000,0.000000,0.000000
17.8667,0.310000,0.240000,-0.120000,0.670000,0.000000,0.000000,0.000000,0.062909,-0.937281,0.805642,-0.018217,0.000000,0.000000,0.000000,0.000000
17.8833,0.310000,0.240000,-0.120000,0.670000,0.000000,0.000000,0.000000,0.077313,-0.931540,0.811916,0.008555,0.000000,0.000000,0.000000,0.000000
17.9000,0.310000,0.240000,-0.120000,0.670000,0.000000,0.000000,0.000000,0.094309,-0.925686,0.818633,0.038973,0.000000,0.000000,0.000000,0.000000
17.9167,0.310000,0.240000,-0.120000,0.670000,0.000000,0.000000,0.000000,0.113932,-0.919613,0.825795,0.072912,0.000000,0.000000,0.000000,0.000000
17.9333,0.310000,0.240000,-0.120000,0.670000,0.000000,0.000000,0.000000,0.136052,-0.913244,0.833346,0.109965,0.000000,0.000000,0.000000,0.000000
17.9500,0.310000,0.240000,-0.120000,0.670000,0.000000,0.000000,0.000000,0.160358,-0.906540,0.841161,0.149386,0.000000,0.000000,0.000000,0.000000
17.9667,0.310000,0.240000,-0.120000,0.670000,0.000000,0.000000,0.000000,0.186331,-0.899521,0.849049,0.190020,0.000000,0.000000,0.000000,0.000000
18.0667,0.310000,0.240000,-0.120000,0.670000,0.000000,0.000000,0.000000,0.213253,-0.892276,0.856756,0.230303,0.000000,0.000000,0.000000,0.000000
18.0833,0.310000,0.240000,-0.120000,0.670000,0.000000,0.000000,0.000000,0.240280,-0.884960,0.864002,0.268471,0.000000,0.000000,0.000000,0.000000
18.1000,0.310000,0.240000,-0.120000,0.670000,0.000000,0.000000,0.000000,0.266556,-0.877761,0.870533,0.302909,0.000000,0.000000,0.000000,0.000000
18.1167,0.310000,0.240000,-0.120000,0.670000,0.000000,0.000000,0.000000,0.291306,-0.870882,0.876149,0.332379,0.000000,0.000000,0.000000,0.000000
18.1333,0.310000,0.240000,-0.120000,0.670000,0.000000,0.000000,0.000000,0.313873,-0.864537,0.880706,0.356082,0.000000,0.000000,0.000000,0.000000
18.1500,0.310000,0.240000,-0.120000,0.670000,0.000000,0.000000,0.000000,0.333732,-0.858943,0.884101,0.373642,0.000000,0.000000,0.000000,0.000000
18.1833,0.310000,0.240000,-0.120000,0.670000,0.000000,0.000000,0.000000,0.350503,-0.854315,0.886279,0.385083,0.000000,0.000000,0.000000,0.000000
18.2000,0.310000,0.240000,-0.120000,0.670000,0.000000,0.000000,0.000000,0.363964,-0.850839,0.887228,0.390757,0.000000,0.000000,0.000000,0.000000
18.2167,0.310000,0.240000,-0.120000,0.670000,0.000000,0.000000,0.000000,0.374046,-0.848660,0.886980,0.391249,0.000000,0.000000,0.000000,0.000000
18.2333,0.310000,0.240000,-0.120000,0.670000,0.000000,0.000000,0.000000,0.380811,-0.847867,0.885600,0.387280,0.000000,0.000000,0.000000,0.000000
18.2500,0.310000,0.240000,-0.120000,0.670000,0.000000,0.000000,0.000000,0.384415,-0.848500,0.883168,0.379634,0.000000,0.000000,0.000000,0.000000
18.2667,0.310000,0.240000,-0.120000,0.670000,0.000000,0.000000,0.000000,0.385073,-0.850560,0.879773,0.369105,0.000000,0.000000,0.000000,0.000000
18.2833,0.310000,0.240000,-0.120000,0.670000,0.000000,0.000000,0.000000,0.383029,-0.854015,0.875496,0.356461,0.000000,0.000000,0.000000,0.000000
18.3000,0.310000,0.240000,-0.120000,0.670000,0.000000,0.000000,0.000000,0.378527,-0.858805,0.870411,0.342402,0.000000,0.000000,0.000000,0.000000
18.3167,0.310000,0.240000,-0.120000,0.670000,0.000000,0.000000,0.000000,0.371796,-0.864826,0.864582,0.327531,0.000000,0.000000,0.000000,0.000000
18.3333,0.310000,0.240000,-0.120000,0.670000,0.000000,0.000000,0.000000,0.363054,-0.871938,0.858071,0.312328,0.000000,0.000000,0.000000,0.000000
18.3500,0.310000,0.240000,-0.120000,0.670000,0.000000,0.000000,0.000000,0.352519,-0.879958,0.850953,0.297149,0.000000,0.000000,0.000000,0.000000
18.3667,0.310000,0.240000,-0.120000,0.670000,0.000000,0.000000,0.000000,0.340431,-0.888660,0.843321,0.282228,0.000000,0.000000,0.000000,0.000000
18.4167,0.310000,0.240000,-0.120000,0.670000,0.000000,0.000000,0.000000,0.327058,-0.897777,0.835301,0.267700,0.000000,0.000000,0.000000,0.000000
18.4333,0.310000,0.240000,-0.120000,0.670000,0.000000,0.000000,0.000000,0.312700,-0.907003,0.827051,0.253644,0.000000,0.000000,0.000000,0.000000
18.4500,0.310000,0.240000,-0.120000,0.670000,0.000000,0.000000,0.000000,0.297669,-0.916009,0.818750,0.240123,0.000000,0.000000,0.000000,0.000000
18.4667,0.310000,0.240000,-0.120000,0.670000,0.000000,0.000000,0.000000,0.282281,-0.924471,0.810586,0.227198,0.000000,0.000000,0.000000,0.000000
18.4833,0.310000,0.240000,-0.120000,0.670000,0.000000,0.000000,0.000000,0.266858,-0.932088,0.802752,0.214901,0.000000,0.000000,0.000000,0.000000
18.5000,0.310000,0.240000,-0.120000,0.670000,0.000000,0.000000,0.000000,0.251708,-0.938593,0.795439,0.203217,0.000000,0.000000,0.000000,0.000000
18.5167,0.310000,0.240000,-0.120000,0.670000,0.000000,0.000000,0.000000,0.237109,-0.943765,0.788817,0.192078,0.000000,0.000000,0.000000,0.000000
18.5333,0.310000,0.240000,-0.120000,0.670000,0.000000,0.000000,0.000000,0.223288,-0.947433,0.783031,0.181379,0.000000,0.000000,0.000000,0.000000
18.5500,0.310000,0.240000,-0.120000,0.670000,0.000000,0.000000,0.000000,0.210397,-0.949490,0.778182,0.171013,0.000000,0.000000,0.000000,0.000000
18.5667,0.310000,0.240000,-0.120000,0.670000,0.000000,0.000000,0.000000,0.198512,-0.949892,0.774327,0.160899,0.000000,0.000000,0.000000,0.000000
18.5833,0.310000,0.240000,-0.120000,0.670000,0.000000,0.000000,0.000000,0.187626,-0.948662,0.771471,0.151000,0.000000,0.000000,0.000000,0.000000
18.6000,0.310000,0.240000,-0.120000,0.670000,0.000000,0.000000,0.000000,0.177651,-0.945880,0.769570,0.141324,0.000000,0.000000,0.000000,0.000000
18.6167,0.310000,0.240000,-0.120000,0.670000,0.000000,0.000000,0.000000,0.168417,-0.941678,0.768529,0.131913,0.000000,0.000000,0.000000,0.000000
18.6333,0.310000,0.240000,-0.120000,0.670000,0.000000,0.000000,0.000000,0.159684,-0.936228,0.768210,0.122828,0.000000,0.000000,0.000000,0.000000
18.6500,0.310000,0.240000,-0.120000,0.670000,0.000000,0.000000,0.000000,0.151149,-0.929736,0.768433,0.114129,0.000000,0.000000,0.000000,0.000000
18.6667,0.310000,0.240000,-0.120000,0.670000,0.000000,0.000000,0.000000,0.142465,-0.922433,0.768993,0.105858,0.000000,0.000000,0.000000,0.000000
18.6833,0.310000,0.240000,-0.120000,0.670000,0.000000,0.000000,0.000000,0.133264,-0.914568,0.769662,0.098019,0.000000,0.000000,0.000000,0.000000
18.7000,0.310000,0.240000,-0.120000,0.670000,0.000000,0.000000,0.000000,0.123170,-0.906389,0.770210,0.090574,0.000000,0.000000,0.000000,0.000000
18.7167,0.310000,0.240000,-0.120000,0.670000,0.000000,0.000000,0.000000,0.111815,-0.898125,0.770412,0.083434,0.000000,0.000000,0.000000,0.000000
18.7333,0.310000,0.240000,-0.120000,0.670000,0.000000,0.000000,0.000000,0.098848,-0.889971,0.770061,0.076464,0.000000,0.000000,0.000000,0.000000
18.7500,0.310000,0.240000,-0.120000,0.670000,0.000000,0.000000,0.000000,0.083946,-0.882076,0.768975,0.069490,0.000000,0.000000,0.000000,0.000000
18.7667,0.310000,0.240000,-0.120000,0.670000,0.000000,0.000000,0.000000,0.066833,-0.874549,0.767002,0.062314,0.000000,0.000000,0.000000,0.000000
18.7833,0.310000,0.240000,-0.120000,0.670000,0.000000,0.000000,0.000000,0.047311,-0.867472,0.764032,0.054722,0.000000,0.000000,0.000000,0.000000
18.8000,0.310000,0.240000,-0.120000,0.670000,0.000000,0.000000,0.000000,0.025288,-0.860914,0.759999,0.046504,0.000000,0.000000,0.000000,0.000000
18.8167,0.310000,0.240000,-0.120000,0.670000,0.000000,0.000000,0.000000,0.000810,-0.854947,0.754892,0.037463,0.000000,0.000000,0.000000,0.000000
18.8333,0.310000,0.240000,-0.120000,0.670000,0.000000,0.000000,0.000000,-0.025906,-0.849660,0.748757,0.027431,0.000000,0.000000,0.000000,0.000000
18.8500,0.310000,0.240000,-0.120000,0.670000,0.000000,0.000000,0.000000,-0.054450,-0.845182,0.741703,0.016283,0.000000,0.000000,0.000000,0.000000
18.8667,0.310000,0.240000,-0.120000,0.670000,0.000000,0.000000,0.000000,-0.084219,-0.841690,0.733888,0.003958,0.000000,0.000000,0.000000,0.000000
18.8833,0.310000,0.240000,-0.120000,0.670000,0.000000,0.000000,0.000000,-0.114439,-0.839412,0.725516,-0.009531,0.000000,0.000000,0.000000,0.000000
18.9000,0.310000,0.240000,-0.120000,0.670000,0.000000,0.000000,0.000000,-0.144223,-0.838613,0.716811,-0.024076,0.000000,0.000000,0.000000,0.000000
18.9167,0.310000,0.240000,-0.120000,0.670000,0.000000,0.000000,0.000000,-0.172660,-0.839545,0.708006,-0.039457,0.000000,0.000000,0.000000,0.000000
18.9333,0.310000,0.240000,-0.120000,0.670000,0.000000,0.000000,0.000000,-0.198919,-0.842388,0.699323,-0.055335,0.000000,0.000000,0.000000,0.000000
18.9500,0.310000,0.240000,-0.120000,0.670000,0.000000,0.000000,0.000000,-0.222332,-0.847213,0.690957,-0.071267,0.000000,0.000000,0.000000,0.000000
18.9667,0.310000,0.240000,-0.120000,0.670000,0.000000,0.000000,0.000000,-0.242456,-0.853969,0.683062,-0.086746,0.000000,0.000000,0.000000,0.000000
18.9833,0.310000,0.240000,-0.120000,0.670000,0.000000,0.000000,0.000000,-0.259084,-0.862508,0.675737,-0.101242,0.000000,0.000000,0.000000,0.000000
19.0000,0.310000,0.240000,-0.120000,0.670000,0.000000,0.000000,0.000000,-0.272227,-0.872613,0.669019,-0.114245,0.000000,0.000000,0.000000,0.000000
19.0167,0.310000,0.240000,-0.120000,0.670000,0.000000,0.000000,0.000000,-0.282074,-0.884031,0.662894,-0.125299,0.000000,0.000000,0.000000,0.000000
19.0333,0.310000,0.240000,-0.120000,0.670000,0.000000,0.000000,0.000000,-0.288934,-0.896505,0.657304,-0.134031,0.000000,0.000000,0.000000,0.000000
19.0500,0.310000,0.240000,-0.120000,0.670000,0.000000,0.000000,0.000000,-0.293186,-0.909793,0.652160,-0.140169,0.000000,0.000000,0.000000,0.000000
19.0667,0.310000,0.240000,-0.120000,0.670000,0.000000,0.000000,0.000000,-0.295243,-0.923681,0.647351,-0.143554,0.000000,0.000000,0.000000,0.000000
19.0833,0.310000,0.240000,-0.120000,0.670000,0.000000,0.000000,0.000000,-0.295517,-0.937989,0.642760,-0.144145,0.000000,0.000000,0.000000,0.000000
19.1000,0.310000,0.240000,-0.120000,0.670000,0.000000,0.000000,0.000000,-0.294400,-0.952573,0.638266,-0.142015,0.000000,0.000000,0.000000,0.000000
19.1167,0.310000,0.240000,-0.120000,0.670000,0.000000,0.000000,0.000000,-0.292231,-0.967335,0.633754,-0.137344,0.000000,0.000000,0.000000,0.000000
19.1333,0.310000,0.240000,-0.120000,0.670000,0.000000,0.000000,0.000000,-0.289278,-0.982229,0.629121,-0.130412,0.000000,0.000000,0.000000,0.000000
19.1500,0.310000,0.240000,-0.120000,0.670000,0.000000,0.000000,0.000000,-0.285718,-0.997268,0.624282,-0.121578,0.000000,0.000000,0.000000,0.000000
19.1667,0.310000,0.240000,-0.120000,0.670000,0.000000,0.000000,0.000000,-0.281625,-1.012522,0.619170,-0.111267,0.000000,0.000000,0.000000,0.000000
19.1833,0.310000,0.240000,-0.120000,0.670000,0.000000,0.000000,0.000000,-0.276981,-1.028101,0.613744,-0.099942,0.000000,0.000000,0.000000,0.000000
19.2000,0.310000,0.240000,-0.120000,0.670000,0.000000,0.000000,0.000000,-0.271689,-1.044136,0.607987,-0.088071,0.000000,0.000000,0.000000,0.000000
19.2167,0.310000,0.240000,-0.120000,0.670000,0.000000,0.000000,0.000000,-0.265595,-1.060752,0.601911,-0.076084,0.000000,0.000000,0.000000,0.000000
19.2500,0.310000,0.240000,-0.120000,0.670000,0.000000,0.000000,0.000000,-0.258522,-1.078024,0.595557,-0.064330,0.000000,0.000000,0.000000,0.000000
19.2667,0.310000,0.240000,-0.120000,0.670000,0.000000,0.000000,0.000000,-0.250337,-1.095888,0.589010,-0.053034,0.000000,0.000000,0.000000,0.000000
19.3167,0.310000,0.240000,-0.120000,0.670000,0.000000,0.000000,0.000000,-0.241021,-1.114055,0.582404,-0.042264,0.000000,0.000000,0.000000,0.000000
19.3333,0.310000,0.240000,-0.120000,0.670000,0.000000,0.000000,0.000000,-0.230691,-1.131991,0.575925,-0.031939,0.000000,0.000000,0.000000,0.000000
19.3500,0.310000,0.240000,-0.120000,0.670000,0.000000,0.000000,0.000000,-0.219554,-1.149006,0.569793,-0.021841,0.000000,0.000000,0.000000,0.000000
19.3667,0.310000,0.240000,-0.120000,0.670000,0.000000,0.000000,0.000000,-0.207851,-1.164358,0.564235,-0.011628,0.000000,0.000000,0.000000,0.000000
19.3833,0.310000,0.240000,-0.120000,0.670000,0.000000,0.000000,0.000000,-0.195812,-1.177331,0.559475,-0.000851,0.000000,0.000000,0.000000,0.000000
19.4000,0.310000,0.240000,-0.120000,0.670000,0.000000,0.000000,0.000000,-0.183619,-1.187294,0.555718,0.011013,0.000000,0.000000,0.000000,0.000000
19.4167,0.310000,0.240000,-0.120000,0.670000,0.000000,0.000000,0.000000,-0.171377,-1.193762,0.553136,0.024501,0.000000,0.000000,0.000000,0.000000
19.4333,0.310000,0.240000,-0.120000,0.670000,0.000000,0.000000,0.000000,-0.159089,-1.196427,0.551864,0.040102,0.000000,0.000000,0.000000,0.000000
19.4500,0.310000,0.240000,-0.120000,0.670000,0.000000,0.000000,0.000000,-0.146681,-1.195160,0.551988,0.058211,0.000000,0.000000,0.000000,0.000000
19.4667,0.310000,0.240000,-0.120000,0.670000,0.000000,0.000000,0.000000,-0.134042,-1.189981,0.553541,0.079081,0.000000,0.000000,0.000000,0.000000
19.4833,0.310000,0.240000,-0.120000,0.670000,0.000000,0.000000,0.000000,-0.121077,-1.181035,0.556500,0.102796,0.000000,0.000000,0.000000,0.000000
19.5000,0.310000,0.240000,-0.120000,0.670000,0.000000,0.000000,0.000000,-0.107725,-1.168582,0.560775,0.129249,0.000000,0.000000,0.000000,0.000000
19.5167,0.310000,0.240000,-0.120000,0.670000,0.000000,0.000000,0.000000,-0.093953,-1.153014,0.566220,0.158122,0.000000,0.000000,0.000000,0.000000
19.5333,0.310000,0.240000,-0.120000,0.670000,0.000000,0.000000,0.000000,-0.079725,-1.134881,0.572637,0.188864,0.000000,0.000000,0.000000,0.000000
19.5500,0.310000,0.240000,-0.120000,0.670000,0.000000,0.000000,0.000000,-0.064968,-1.114905,0.579791,0.220660,0.000000,0.000000,0.000000,0.000000
19.6500,0.310000,0.240000,-0.120000,0.670000,0.000000,0.000000,0.000000,-0.049547,-1.093968,0.587433,0.252462,0.000000,0.000000,0.000000,0.000000
19.6667,0.310000,0.240000,-0.120000,0.670000,0.000000,0.000000,0.000000,-0.033288,-1.072984,0.595336,0.283195,0.000000,0.000000,0.000000,0.000000
19.6833,0.310000,0.240000,-0.120000,0.670000,0.000000,0.000000,0.000000,-0.016051,-1.052716,0.603325,0.312056,0.000000,0.000000,0.000000,0.000000
19.7000,0.310000,0.240000,-0.120000,0.670000,0.000000,0.000000,0.000000,0.002240,-1.033670,0.611296,0.338626,0.000000,0.000000,0.000000,0.000000
19.7167,0.310000,0.240000,-0.120000,0.670000,0.000000,0.000000,0.000000,0.021632,-1.016109,0.619205,0.362792,0.000000,0.000000,0.000000,0.000000
19.7333,0.310000,0.240000,-0.120000,0.670000,0.000000,0.000000,0.000000,0.042179,-1.000098,0.627068,0.384626,0.000000,0.000000,0.000000,0.000000
19.7500,0.310000,0.240000,-0.120000,0.670000,0.000000,0.000000,0.000000,0.063972,-0.985554,0.634950,0.404299,0.000000,0.000000,0.000000,0.000000
19.7667,0.310000,0.240000,-0.120000,0.670000,0.000000,0.000000,0.000000,0.087140,-0.972290,0.642954,0.422029,0.000000,0.000000,0.000000,0.000000
19.7833,0.310000,0.240000,-0.120000,0.670000,0.000000,0.000000,0.000000,0.111823,-0.960053,0.651204,0.438042,0.000000,0.000000,0.000000,0.000000
19.8000,0.310000,0.240000,-0.120000,0.670000,0.000000,0.000000,0.000000,0.138119,-0.948563,0.659817,0.452552,0.000000,0.000000,0.000000,0.000000
19.8167,0.310000,0.240000,-0.120000,0.670000,0.000000,0.000000,0.000000,0.166024,-0.937546,0.668882,0.465738,0.000000,0.000000,0.000000,0.000000
19.8333,0.310000,0.240000,-0.120000,0.670000,0.000000,0.000000,0.000000,0.195372,-0.926763,0.678427,0.477725,0.000000,0.000000,0.000000,0.000000
19.8833,0.310000,0.240000,-0.120000,0.670000,0.000000,0.000000,0.000000,0.225811,-0.916060,0.688407,0.488540,0.000000,0.000000,0.000000,0.000000
19.9833,0.310000,0.240000,-0.120000,0.670000,0.000000,0.000000,0.000000,0.256813,-0.905375,0.698700,0.498052,0.000000,0.000000,0.000000,0.000000
20.0000,0.310000,0.240000,-0.120000,0.670000,0.000000,0.000000,0.000000,0.287723,-0.894707,0.709135,0.505977,0.000000,0.000000,0.000000,0.000000
20.0167,0.310000,0.240000,-0.120000,0.670000,0.000000,0.000000,0.000000,0.317805,-0.884058,0.719531,0.512004,0.000000,0.000000,0.000000,0.000000
20.0333,0.310000,0.240000,-0.120000,0.670000,0.000000,0.000000,0.000000,0.346281,-0.873405,0.729706,0.515908,0.000000,0.000000,0.000000,0.000000
20.0500,0.310000,0.240000,-0.120000,0.670000,0.000000,0.000000,0.000000,0.372368,-0.862730,0.739484,0.517586,0.000000,0.000000,0.000000,0.000000
20.0667,0.310000,0.240000,-0.120000,0.670000,0.000000,0.000000,0.000000,0.395348,-0.852068,0.748686,0.517049,0.000000,0.000000,0.000000,0.000000
20.0833,0.310000,0.240000,-0.120000,0.670000,0.000000,0.000000,0.000000,0.414637,-0.841546,0.757138,0.514415,0.000000,0.000000,0.000000,0.000000
20.1000,0.310000,0.240000,-0.120000,0.670000,0.000000,0.000000,0.000000,0.429856,-0.831407,0.764681,0.509915,0.000000,0.000000,0.000000,0.000000
20.1667,0.310000,0.240000,-0.120000,0.670000,0.000000,0.000000,0.000000,0.440859,-0.822001,0.771174,0.503884,0.000000,0.000000,0.000000,0.000000
20.1833,0.310000,0.240000,-0.120000,0.670000,0.000000,0.000000,0.000000,0.447680,-0.813710,0.776498,0.496707,0.000000,0.000000,0.000000,0.000000
20.2000,0.310000,0.240000,-0.120000,0.670000,0.000000,0.000000,0.000000,0.450440,-0.806853,0.780560,0.488715,0.000000,0.000000,0.000000,0.000000
20.2167,0.310000,0.240000,-0.120000,0.670000,0.000000,0.000000,0.000000,0.449266,-0.801639,0.783284,0.480063,0.000000,0.000000,0.000000,0.000000
20.2333,0.310000,0.240000,-0.120000,0.670000,0.000000,0.000000,0.000000,0.444280,-0.798168,0.784624,0.470692,0.000000,0.000000,0.000000,0.000000
20.2500,0.310000,0.240000,-0.120000,0.670000,0.000000,0.000000,0.000000,0.435603,-0.796456,0.784558,0.460330,0.000000,0.000000,0.000000,0.000000
20.2667,0.310000,0.240000,-0.120000,0.670000,0.000000,0.000000,0.000000,0.423377,-0.796453,0.783105,0.448564,0.000000,0.000000,0.000000,0.000000
20.2833,0.310000,0.240000,-0.120000,0.670000,0.000000,0.000000,0.000000,0.407796,-0.798046,0.780330,0.434937,0.000000,0.000000,0.000000,0.000000
20.3000,0.310000,0.240000,-0.120000,0.670000,0.000000,0.000000,0.000000,0.389141,-0.801068,0.776356,0.419066,0.000000,0.000000,0.000000,0.000000
20.3167,0.310000,0.240000,-0.120000,0.670000,0.000000,0.000000,0.000000,0.367820,-0.805301,0.771373,0.400739,0.000000,0.000000,0.000000,0.000000
20.3333,0.310000,0.240000,-0.120000,0.670000,0.000000,0.000000,0.000000,0.344411,-0.810490,0.765641,0.380012,0.000000,0.000000,0.000000,0.000000
20.4333,0.310000,0.240000,-0.120000,0.670000,0.000000,0.000000,0.000000,0.319671,-0.816361,0.759473,0.357257,0.000000,0.000000,0.000000,0.000000
20.4500,0.310000,0.240000,-0.120000,0.670000,0.000000,0.000000,0.000000,0.294451,-0.822623,0.753215,0.333115,0.000000,0.000000,0.000000,0.000000
20.4667,0.310000,0.240000,-0.120000,0.670000,0.000000,0.000000,0.000000,0.269532,-0.828957,0.747191,0.308345,0.000000,0.000000,0.000000,0.000000
20.4833,0.310000,0.240000,-0.120000,0.670000,0.000000,0.000000,0.000000,0.245503,-0.834998,0.741681,0.283669,0.000000,0.000000,0.000000,0.000000
20.5000,0.310000,0.240000,-0.120000,0.670000,0.000000,0.000000,0.000000,0.222735,-0.840340,0.736909,0.259678,0.000000,0.000000,0.000000,0.000000
20.5167,0.310000,0.240000,-0.120000,0.670000,0.000000,0.000000,0.000000,0.201395,-0.844567,0.733046,0.236809,0.000000,0.000000,0.000000,0.000000
20.5333,0.310000,0.240000,-0.120000,0.670000,0.000000,0.000000,0.000000,0.181488,-0.847296,0.730204,0.215348,0.000000,0.000000,0.000000,0.000000
20.5500,0.310000,0.240000,-0.120000,0.670000,0.000000,0.000000,0.000000,0.162905,-0.848235,0.728438,0.195455,0.000000,0.000000,0.000000,0.000000
20.5667,0.310000,0.240000,-0.120000,0.670000,0.000000,0.000000,0.000000,0.145479,-0.847224,0.727746,0.177183,0.000000,0.000000,0.000000,0.000000
20.5833,0.310000,0.240000,-0.120000,0.670000,0.000000,0.000000,0.000000,0.129019,-0.844253,0.728071,0.160500,0.000000,0.000000,0.000000,0.000000
20.6000,0.310000,0.240000,-0.120000,0.670000,0.000000,0.000000,0.000000,0.113333,-0.839459,0.729308,0.145292,0.000000,0.000000,0.000000,0.000000
20.6167,0.310000,0.240000,-0.120000,0.670000,0.000000,0.000000,0.000000,0.098238,-0.833107,0.731309,0.131369,0.000000,0.000000,0.000000,0.000000
20.6333,0.310000,0.240000,-0.120000,0.670000,0.000000,0.000000,0.000000,0.083568,-0.825564,0.733894,0.118471,0.000000,0.000000,0.000000,0.000000
20.6500,0.310000,0.240000,-0.120000,0.670000,0.000000,0.000000,0.000000,0.069174,-0.817270,0.736855,0.106281,0.000000,0.000000,0.000000,0.000000
20.6667,0.310000,0.240000,-0.120000,0.670000,0.000000,0.000000,0.000000,0.054932,-0.808711,0.739970,0.094449,0.000000,0.000000,0.000000,0.000000
20.6833,0.310000,0.240000,-0.120000,0.670000,0.000000,0.000000,0.000000,0.040732,-0.800390,0.743009,0.082625,0.000000,0.000000,0.000000,0.000000
20.7000,0.310000,0.240000,-0.120000,0.670000,0.000000,0.000000,0.000000,0.026481,-0.792796,0.745747,0.070486,0.000000,0.000000,0.000000,0.000000
20.7167,0.310000,0.240000,-0.120000,0.670000,0.000000,0.000000,0.000000,0.012091,-0.786375,0.747971,0.057760,0.000000,0.000000,0.000000,0.000000
20.7333,0.310000,0.240000,-0.120000,0.670000,0.000000,0.000000,0.000000,-0.002524,-0.781504,0.749491,0.044250,0.000000,0.000000,0.000000,0.000000
20.7500,0.310000,0.240000,-0.120000,0.670000,0.000000,0.000000,0.000000,-0.017449,-0.778460,0.750147,0.029846,0.000000,0.000000,0.000000,0.000000
20.7667,0.310000,0.240000,-0.120000,0.670000,0.000000,0.000000,0.000000,-0.032766,-0.777409,0.749820,0.014530,0.000000,0.000000,0.000000,0.000000
20.7833,0.310000,0.240000,-0.120000,0.670000,0.000000,0.000000,0.000000,-0.048536,-0.778401,0.748436,-0.001630,0.000000,0.000000,0.000000,0.000000
20.8000,0.310000,0.240000,-0.120000,0.670000,0.000000,0.000000,0.000000,-0.064785,-0.781377,0.745978,-0.018484,0.000000,0.000000,0.000000,0.000000
20.8167,0.310000,0.240000,-0.120000,0.670000,0.000000,0.000000,0.000000,-0.081489,-0.786190,0.742480,-0.035808,0.000000,0.000000,0.000000,0.000000
20.8333,0.310000,0.240000,-0.120000,0.670000,0.000000,0.000000,0.000000,-0.098561,-0.792635,0.738027,-0.053316,0.000000,0.000000,0.000000,0.000000
20.8500,0.310000,0.240000,-0.120000,0.670000,0.000000,0.000000,0.000000,-0.115848,-0.800480,0.732740,-0.070682,0.000000,0.000000,0.000000,0.000000
20.8667,0.310000,0.240000,-0.120000,0.670000,0.000000,0.000000,0.000000,-0.133113,-0.809523,0.726770,-0.087569,0.000000,0.000000,0.000000,0.000000
20.8833,0.310000,0.240000,-0.120000,0.670000,0.000000,0.000000,0.000000,-0.150020,-0.819645,0.720277,-0.103672,0.000000,0.000000,0.000000,0.000000
20.9000,0.310000,0.240000,-0.120000,0.670000,0.000000,0.000000,0.000000,-0.166132,-0.830842,0.713424,-0.118741,0.000000,0.000000,0.000000,0.000000
20.9167,0.310000,0.240000,-0.120000,0.670000,0.000000,0.000000,0.000000,-0.180919,-0.843233,0.706365,-0.132601,0.000000,0.000000,0.000000,0.000000
20.9333,0.310000,0.240000,-0.120000,0.670000,0.000000,0.000000,0.000000,-0.193813,-0.857028,0.699236,-0.145146,0.000000,0.000000,0.000000,0.000000
20.9500,0.310000,0.240000,-0.120000,0.670000,0.000000,0.000000,0.000000,-0.204251,-0.872487,0.692154,-0.156320,0.000000,0.000000,0.000000,0.000000
20.9667,0.310000,0.240000,-0.120000,0.670000,0.000000,0.000000,0.000000,-0.211732,-0.889878,0.685207,-0.166109,0.000000,0.000000,0.000000,0.000000
20.9833,0.310000,0.240000,-0.120000,0.670000,0.000000,0.000000,0.000000,-0.215840,-0.909447,0.678458,-0.174521,0.000000,0.000000,0.000000,0.000000
21.0000,0.310000,0.240000,-0.120000,0.670000,0.000000,0.000000,0.000000,-0.216277,-0.931380,0.671941,-0.181578,0.000000,0.000000,0.000000,0.000000
21.0167,0.310000,0.240000,-0.120000,0.670000,0.000000,0.000000,0.000000,-0.212900,-0.955757,0.665672,-0.187294,0.000000,0.000000,0.000000,0.000000
21.0333,0.310000,0.240000,-0.120000,0.670000,0.000000,0.000000,0.000000,-0.205753,-0.982495,0.659658,-0.191659,0.000000,0.000000,0.000000,0.000000
21.0500,0.310000,0.240000,-0.120000,0.670000,0.000000,0.000000,0.000000,-0.195084,-1.011317,0.653906,-0.194637,0.000000,0.000000,0.000000,0.000000
21.0667,0.310000,0.240000,-0.120000,0.670000,0.000000,0.000000,0.000000,-0.181318,-1.041761,0.648428,-0.196191,0.000000,0.000000,0.000000,0.000000
21.0833,0.310000,0.240000,-0.120000,0.670000,0.000000,0.000000,0.000000,-0.165011,-1.073223,0.643245,-0.196303,0.000000,0.000000,0.000000,0.000000
21.1000,0.310000,0.240000,-0.120000,0.670000,0.000000,0.000000,0.000000,-0.146808,-1.104991,0.638387,-0.194998,0.000000,0.000000,0.000000,0.000000
21.1167,0.310000,0.240000,-0.120000,0.670000,0.000000,0.000000,0.000000,-0.127394,-1.136298,0.633890,-0.192338,0.000000,0.000000,0.000000,0.000000
21.1333,0.310000,0.240000,-0.120000,0.670000,0.000000,0.000000,0.000000,-0.107460,-1.166363,0.629795,-0.188412,0.000000,0.000000,0.000000,0.000000
21.1500,0.310000,0.240000,-0.120000,0.670000,0.000000,0.000000,0.000000,-0.087676,-1.194430,0.626137,-0.183326,0.000000,0.000000,0.000000,0.000000
21.1667,0.310000,0.240000,-0.120000,0.670000,0.000000,0.000000,0.000000,-0.068677,-1.219785,0.622946,-0.177187,0.000000,0.000000,0.000000,0.000000
21.1833,0.310000,0.240000,-0.120000,0.670000,0.000000,0.000000,0.000000,-0.051043,-1.241772,0.620247,-0.170094,0.000000,0.000000,0.000000,0.000000
21.2000,0.310000,0.240000,-0.120000,0.670000,0.000000,0.000000,0.000000,-0.035289,-1.259811,0.618060,-0.162129,0.000000,0.000000,0.000000,0.000000
21.2167,0.310000,0.240000,-0.120000,0.670000,0.000000,0.000000,0.000000,-0.021841,-1.273407,0.616407,-0.153357,0.000000,0.000000,0.000000,0.000000
21.2333,0.310000,0.240000,-0.120000,0.670000,0.000000,0.000000,0.000000,-0.011015,-1.282176,0.615314,-0.143825,0.000000,0.000000,0.000000,0.000000
21.2500,0.310000,0.240000,-0.120000,0.670000,0.000000,0.000000,0.000000,-0.002986,-1.285876,0.614820,-0.133565,0.000000,0.000000,0.000000,0.000000
21.2667,0.310000,0.240000,-0.120000,0.670000,0.000000,0.000000,0.000000,0.002232,-1.284434,0.614972,-0.122595,0.000000,0.000000,0.000000,0.000000
21.2833,0.310000,0.240000,-0.120000,0.670000,0.000000,0.000000,0.000000,0.004776,-1.277964,0.615826,-0.110925,0.000000,0.000000,0.000000,0.000000
21.3000,0.310000,0.240000,-0.120000,0.670000,0.000000,0.000000,0.000000,0.004908,-1.266763,0.617426,-0.098571,0.000000,0.000000,0.000000,0.000000
21.3167,0.310000,0.240000,-0.120000,0.670000,0.000000,0.000000,0.000000,0.002980,-1.251302,0.619795,-0.085565,0.000000,0.000000,0.000000,0.000000
21.3333,0.310000,0.240000,-0.120000,0.670000,0.000000,0.000000,0.000000,-0.000608,-1.232195,0.622923,-0.071963,0.000000,0.000000,0.000000,0.000000
21.3500,0.310000,0.240000,-0.120000,0.670000,0.000000,0.000000,0.000000,-0.005436,-1.210166,0.626759,-0.057856,0.000000,0.000000,0.000000,0.000000
21.3667,0.310000,0.240000,-0.120000,0.670000,0.000000,0.000000,0.000000,-0.011100,-1.186008,0.631213,-0.043380,0.000000,0.000000,0.000000,0.000000
21.3833,0.310000,0.240000,-0.120000,0.670000,0.000000,0.000000,0.000000,-0.017229,-1.160547,0.636157,-0.028730,0.000000,0.000000,0.000000,0.000000
21.4000,0.310000,0.240000,-0.120000,0.670000,0.000000,0.000000,0.000000,-0.023506,-1.134614,0.641428,-0.014159,0.000000,0.000000,0.000000,0.000000
21.4167,0.310000,0.240000,-0.120000,0.670000,0.000000,0.000000,0.000000,-0.029674,-1.109011,0.646836,0.000028,0.000000,0.000000,0.000000,0.000000
21.4333,0.310000,0.240000,-0.120000,0.670000,0.000000,0.000000,0.000000,-0.035531,-1.084495,0.652181,0.013493,0.000000,0.000000,0.000000,0.000000
