t_s,left_shoulder_pitch,left_shoulder_roll,left_shoulder_yaw,left_elbow,left_wrist_roll,left_wrist_pitch,left_wrist_yaw,right_shoulder_pitch,right_shoulder_roll,right_shoulder_yaw,right_elbow,right_wrist_roll,right_wrist_pitch,right_wrist_yaw,waist_yaw
8.7833,0.310000,0.240000,-0.120000,0.670000,0.000000,0.000000,0.000000,-0.516241,0.380293,0.670986,3.043250,0.000000,0.000000,0.000000,0.000000
8.8667,0.310000,0.240000,-0.120000,0.670000,0.000000,0.000000,0.000000,-0.422749,0.273437,0.667522,2.845284,0.000000,0.000000,0.000000,0.000000
8.9333,0.310000,0.240000,-0.120000,0.670000,0.000000,0.000000,0.000000,-0.329488,0.169120,0.658939,2.643199,0.000000,0.000000,0.000000,0.000000
9.0333,0.310000,0.240000,-0.120000,0.670000,0.000000,0.000000,0.000000,-0.238087,0.069535,0.644648,2.439547,0.000000,0.000000,0.000000,0.000000
9.0500,0.310000,0.240000,-0.120000,0.670000,0.000000,0.000000,0.000000,-0.150305,-0.023277,0.623837,2.236942,0.000000,0.000000,0.000000,0.000000
9.0667,0.310000,0.240000,-0.120000,0.670000,0.000000,0.000000,0.000000,-0.067668,-0.107674,0.595777,2.037680,0.000000,0.000000,0.000000,0.000000
9.0833,0.310000,0.240000,-0.120000,0.670000,0.000000,0.000000,0.000000,0.008759,-0.182564,0.560085,1.843543,0.000000,0.000000,0.000000,0.000000
9.1000,0.310000,0.240000,-0.120000,0.670000,0.000000,0.000000,0.000000,0.078373,-0.247399,0.516870,1.655926,0.000000,0.000000,0.000000,0.000000
9.1167,0.310000,0.240000,-0.120000,0.670000,0.000000,0.000000,0.000000,0.140932,-0.302110,0.466822,1.476089,0.000000,0.000000,0.000000,0.000000
9.1333,0.310000,0.240000,-0.120000,0.670000,0.000000,0.000000,0.000000,0.196428,-0.347030,0.411299,1.305451,0.000000,0.000000,0.000000,0.000000
9.2333,0.310000,0.240000,-0.120000,0.670000,0.000000,0.000000,0.000000,0.244965,-0.382815,0.352330,1.145764,0.000000,0.000000,0.000000,0.000000
9.2500,0.310000,0.240000,-0.120000,0.670000,0.000000,0.000000,0.000000,0.286697,-0.410349,0.292312,0.998908,0.000000,0.000000,0.000000,0.000000
9.2667,0.310000,0.240000,-0.120000,0.670000,0.000000,0.000000,0.000000,0.321833,-0.430637,0.233508,0.866390,0.000000,0.000000,0.000000,0.000000
9.2833,0.310000,0.240000,-0.120000,0.670000,0.000000,0.000000,0.000000,0.350659,-0.444723,0.177723,0.749010,0.000000,0.000000,0.000000,0.000000
9.3000,0.310000,0.240000,-0.120000,0.670000,0.000000,0.000000,0.000000,0.373537,-0.453628,0.126279,0.646860,0.000000,0.000000,0.000000,0.000000
9.3167,0.310000,0.240000,-0.120000,0.670000,0.000000,0.000000,0.000000,0.390897,-0.458334,0.080093,0.559463,0.000000,0.000000,0.000000,0.000000
9.3333,0.310000,0.240000,-0.120000,0.670000,0.000000,0.000000,0.000000,0.403236,-0.459761,0.039738,0.485909,0.000000,0.000000,0.000000,0.000000
9.3500,0.310000,0.240000,-0.120000,0.670000,0.000000,0.000000,0.000000,0.411113,-0.458755,0.005492,0.424986,0.000000,0.000000,0.000000,0.000000
9.3667,0.310000,0.240000,-0.120000,0.670000,0.000000,0.000000,0.000000,0.415131,-0.456068,-0.022629,0.375283,0.000000,0.000000,0.000000,0.000000
9.3833,0.310000,0.240000,-0.120000,0.670000,0.000000,0.000000,0.000000,0.415914,-0.452332,-0.044844,0.335281,0.000000,0.000000,0.000000,0.000000
9.4000,0.310000,0.240000,-0.120000,0.670000,0.000000,0.000000,0.000000,0.414083,-0.448047,-0.061585,0.303413,0.000000,0.000000,0.000000,0.000000
9.4167,0.310000,0.240000,-0.120000,0.670000,0.000000,0.000000,0.000000,0.410225,-0.443559,-0.073457,0.278114,0.000000,0.000000,0.000000,0.000000
9.4333,0.310000,0.240000,-0.120000,0.670000,0.000000,0.000000,0.000000,0.404874,-0.439070,-0.081190,0.257854,0.000000,0.000000,0.000000,0.000000
9.4500,0.310000,0.240000,-0.120000,0.670000,0.000000,0.000000,0.000000,0.398490,-0.434639,-0.085579,0.241165,0.000000,0.000000,0.000000,0.000000
9.4667,0.310000,0.240000,-0.120000,0.670000,0.000000,0.000000,0.000000,0.391449,-0.430212,-0.087423,0.226662,0.000000,0.000000,0.000000,0.000000
9.4833,0.310000,0.240000,-0.120000,0.670000,0.000000,0.000000,0.000000,0.384029,-0.425634,-0.087468,0.213058,0.000000,0.000000,0.000000,0.000000
9.5000,0.310000,0.240000,-0.120000,0.670000,0.000000,0.000000,0.000000,0.376400,-0.420674,-0.086367,0.199183,0.000000,0.000000,0.000000,0.000000
9.5167,0.310000,0.240000,-0.120000,0.670000,0.000000,0.000000,0.000000,0.368624,-0.415040,-0.084657,0.184011,0.000000,0.000000,0.000000,0.000000
9.5333,0.310000,0.240000,-0.120000,0.670000,0.000000,0.000000,0.000000,0.360658,-0.408398,-0.082743,0.166686,0.000000,0.000000,0.000000,0.000000
9.5500,0.310000,0.240000,-0.120000,0.670000,0.000000,0.000000,0.000000,0.352361,-0.400389,-0.080907,0.146562,0.000000,0.000000,0.000000,0.000000
9.5667,0.310000,0.240000,-0.120000,0.670000,0.000000,0.000000,0.000000,0.343509,-0.390648,-0.079312,0.123229,0.000000,0.000000,0.000000,0.000000
9.5833,0.310000,0.240000,-0.120000,0.670000,0.000000,0.000000,0.000000,0.333814,-0.378820,-0.078013,0.096532,0.000000,0.000000,0.000000,0.000000
9.6000,0.310000,0.240000,-0.120000,0.670000,0.000000,0.000000,0.000000,0.322944,-0.364578,-0.076954,0.066575,0.000000,0.000000,0.000000,0.000000
9.6167,0.310000,0.240000,-0.120000,0.670000,0.000000,0.000000,0.000000,0.310528,-0.347641,-0.075965,0.033706,0.000000,0.000000,0.000000,0.000000
9.6333,0.310000,0.240000,-0.120000,0.670000,0.000000,0.000000,0.000000,0.296159,-0.327816,-0.074753,-0.001495,0.000000,0.000000,0.000000,0.000000
9.6500,0.310000,0.240000,-0.120000,0.670000,0.000000,0.000000,0.000000,0.279385,-0.305031,-0.072906,-0.038221,0.000000,0.000000,0.000000,0.000000
9.6667,0.310000,0.240000,-0.120000,0.670000,0.000000,0.000000,0.000000,0.259723,-0.279392,-0.069907,-0.075459,0.000000,0.000000,0.000000,0.000000
9.6833,0.310000,0.240000,-0.120000,0.670000,0.000000,0.000000,0.000000,0.236695,-0.251244,-0.065177,-0.112021,0.000000,0.000000,0.000000,0.000000
9.7000,0.310000,0.240000,-0.120000,0.670000,0.000000,0.000000,0.000000,0.209905,-0.221234,-0.058101,-0.146619,0.000000,0.000000,0.000000,0.000000
9.7167,0.310000,0.240000,-0.120000,0.670000,0.000000,0.000000,0.000000,0.179160,-0.190387,-0.048056,-0.177979,0.000000,0.000000,0.000000,0.000000
9.7833,0.310000,0.240000,-0.120000,0.670000,0.000000,0.000000,0.000000,0.144628,-0.160146,-0.034456,-0.204988,0.000000,0.000000,0.000000,0.000000
9.8667,0.310000,0.240000,-0.120000,0.670000,0.000000,0.000000,0.000000,0.107024,-0.132283,-0.016851,-0.226895,0.000000,0.000000,0.000000,0.000000
9.9667,0.310000,0.240000,-0.120000,0.670000,0.000000,0.000000,0.000000,0.067597,-0.108611,0.004928,-0.243466,0.000000,0.000000,0.000000,0.000000
10.0667,0.310000,0.240000,-0.120000,0.670000,0.000000,0.000000,0.000000,0.027839,-0.090591,0.030508,-0.254946,0.000000,0.000000,0.000000,0.000000
10.0833,0.310000,0.240000,-0.120000,0.670000,0.000000,0.000000,0.000000,-0.010888,-0.079077,0.058817,-0.261833,0.000000,0.000000,0.000000,0.000000
10.1000,0.310000,0.240000,-0.120000,0.670000,0.000000,0.000000,0.000000,-0.047498,-0.074345,0.088341,-0.264621,0.000000,0.000000,0.000000,0.000000
10.1167,0.310000,0.240000,-0.120000,0.670000,0.000000,0.000000,0.000000,-0.081160,-0.076272,0.117557,-0.263671,0.000000,0.000000,0.000000,0.000000
10.1333,0.310000,0.240000,-0.120000,0.670000,0.000000,0.000000,0.000000,-0.111246,-0.084481,0.145183,-0.259223,0.000000,0.000000,0.000000,0.000000
10.1500,0.310000,0.240000,-0.120000,0.670000,0.000000,0.000000,0.000000,-0.137294,-0.098433,0.170247,-0.251435,0.000000,0.000000,0.000000,0.000000
10.1667,0.310000,0.240000,-0.120000,0.670000,0.000000,0.000000,0.000000,-0.158981,-0.117474,0.192104,-0.240430,0.000000,0.000000,0.000000,0.000000
10.1833,0.310000,0.240000,-0.120000,0.670000,0.000000,0.000000,0.000000,-0.176102,-0.140867,0.210400,-0.226338,0.000000,0.000000,0.000000,0.000000
10.2000,0.310000,0.240000,-0.120000,0.670000,0.000000,0.000000,0.000000,-0.188534,-0.167818,0.225026,-0.209351,0.000000,0.000000,0.000000,0.000000
10.2167,0.310000,0.240000,-0.120000,0.670000,0.000000,0.000000,0.000000,-0.196204,-0.197512,0.236067,-0.189764,0.000000,0.000000,0.000000,0.000000
10.2333,0.310000,0.240000,-0.120000,0.670000,0.000000,0.000000,0.000000,-0.199075,-0.229143,0.243744,-0.168000,0.000000,0.000000,0.000000,0.000000
10.2500,0.310000,0.240000,-0.120000,0.670000,0.000000,0.000000,0.000000,-0.197142,-0.261935,0.248371,-0.144590,0.000000,0.000000,0.000000,0.000000
10.2667,0.310000,0.240000,-0.120000,0.670000,0.000000,0.000000,0.000000,-0.190462,-0.295157,0.250325,-0.120131,0.000000,0.000000,0.000000,0.000000
10.2833,0.310000,0.240000,-0.120000,0.670000,0.000000,0.000000,0.000000,-0.179192,-0.328122,0.250021,-0.095219,0.000000,0.000000,0.000000,0.000000
10.3000,0.310000,0.240000,-0.120000,0.670000,0.000000,0.000000,0.000000,-0.163639,-0.360180,0.247896,-0.070379,0.000000,0.000000,0.000000,0.000000
10.3167,0.310000,0.240000,-0.120000,0.670000,0.000000,0.000000,0.000000,-0.144298,-0.390720,0.244389,-0.046013,0.000000,0.000000,0.000000,0.000000
10.3333,0.310000,0.240000,-0.120000,0.670000,0.000000,0.000000,0.000000,-0.121844,-0.419182,0.239915,-0.022389,0.000000,0.000000,0.000000,0.000000
10.3500,0.310000,0.240000,-0.120000,0.670000,0.000000,0.000000,0.000000,-0.097082,-0.445078,0.234846,0.000331,0.000000,0.000000,0.000000,0.000000
10.3667,0.310000,0.240000,-0.120000,0.670000,0.000000,0.000000,0.000000,-0.070858,-0.468020,0.229475,0.022039,0.000000,0.000000,0.000000,0.000000
10.3833,0.310000,0.240000,-0.120000,0.670000,0.000000,0.000000,0.000000,-0.043967,-0.487752,0.224009,0.042622,0.000000,0.000000,0.000000,0.000000
10.4000,0.310000,0.240000,-0.120000,0.670000,0.000000,0.000000,0.000000,-0.017090,-0.504158,0.218563,0.061943,0.000000,0.000000,0.000000,0.000000
10.4167,0.310000,0.240000,-0.120000,0.670000,0.000000,0.000000,0.000000,0.009232,-0.517260,0.213191,0.079843,0.000000,0.000000,0.000000,0.000000
10.4333,0.310000,0.240000,-0.120000,0.670000,0.000000,0.000000,0.000000,0.034589,-0.527197,0.207910,0.096164,0.000000,0.000000,0.000000,0.000000
10.4500,0.310000,0.240000,-0.120000,0.670000,0.000000,0.000000,0.000000,0.058691,-0.534210,0.202730,0.110771,0.000000,0.000000,0.000000,0.000000
10.4667,0.310000,0.240000,-0.120000,0.670000,0.000000,0.000000,0.000000,0.081333,-0.538601,0.197672,0.123573,0.000000,0.000000,0.000000,0.000000
10.4833,0.310000,0.240000,-0.120000,0.670000,0.000000,0.000000,0.000000,0.102378,-0.540717,0.192775,0.134524,0.000000,0.000000,0.000000,0.000000
10.5000,0.310000,0.240000,-0.120000,0.670000,0.000000,0.000000,0.000000,0.121730,-0.540917,0.188104,0.143621,0.000000,0.000000,0.000000,0.000000
10.5167,0.310000,0.240000,-0.120000,0.670000,0.000000,0.000000,0.000000,0.139322,-0.539564,0.183756,0.150901,0.000000,0.000000,0.000000,0.000000
10.5333,0.310000,0.240000,-0.120000,0.670000,0.000000,0.000000,0.000000,0.155088,-0.537011,0.179885,0.156440,0.000000,0.000000,0.000000,0.000000
10.5667,0.310000,0.240000,-0.120000,0.670000,0.000000,0.000000,0.000000,0.168946,-0.533599,0.176711,0.160361,0.000000,0.000000,0.000000,0.000000
10.5833,0.310000,0.240000,-0.120000,0.670000,0.000000,0.000000,0.000000,0.180810,-0.529639,0.174492,0.162836,0.000000,0.000000,0.000000,0.000000
10.6000,0.310000,0.240000,-0.120000,0.670000,0.000000,0.000000,0.000000,0.190623,-0.525383,0.173451,0.164090,0.000000,0.000000,0.000000,0.000000
10.6167,0.310000,0.240000,-0.120000,0.670000,0.000000,0.000000,0.000000,0.198400,-0.521013,0.173714,0.164395,0.000000,0.000000,0.000000,0.000000
10.6333,0.310000,0.240000,-0.120000,0.670000,0.000000,0.000000,0.000000,0.204233,-0.516649,0.175275,0.164067,0.000000,0.000000,0.000000,0.000000
10.6500,0.310000,0.240000,-0.120000,0.670000,0.000000,0.000000,0.000000,0.208296,-0.512369,0.178006,0.163457,0.000000,0.000000,0.000000,0.000000
10.6667,0.310000,0.240000,-0.120000,0.670000,0.000000,0.000000,0.000000,0.210835,-0.508227,0.181670,0.162959,0.000000,0.000000,0.000000,0.000000
10.6833,0.310000,0.240000,-0.120000,0.670000,0.000000,0.000000,0.000000,0.212161,-0.504264,0.185930,0.163016,0.000000,0.000000,0.000000,0.000000
10.7000,0.310000,0.240000,-0.120000,0.670000,0.000000,0.000000,0.000000,0.212636,-0.500517,0.190363,0.164135,0.000000,0.000000,0.000000,0.000000
10.7167,0.310000,0.240000,-0.120000,0.670000,0.000000,0.000000,0.000000,0.212652,-0.497015,0.194478,0.166904,0.000000,0.000000,0.000000,0.000000
10.7333,0.310000,0.240000,-0.120000,0.670000,0.000000,0.000000,0.000000,0.212611,-0.493780,0.197746,0.171999,0.000000,0.000000,0.000000,0.000000
10.7500,0.310000,0.240000,-0.120000,0.670000,0.000000,0.000000,0.000000,0.212892,-0.490830,0.199643,0.180185,0.000000,0.000000,0.000000,0.000000
10.7667,0.310000,0.240000,-0.120000,0.670000,0.000000,0.000000,0.000000,0.213833,-0.488182,0.199676,0.192308,0.000000,0.000000,0.000000,0.000000
10.7833,0.310000,0.240000,-0.120000,0.670000,0.000000,0.000000,0.000000,0.215712,-0.485866,0.197414,0.209279,0.000000,0.000000,0.000000,0.000000
10.8000,0.310000,0.240000,-0.120000,0.670000,0.000000,0.000000,0.000000,0.218743,-0.483927,0.192501,0.232044,0.000000,0.000000,0.000000,0.000000
10.8167,0.310000,0.240000,-0.120000,0.670000,0.000000,0.000000,0.000000,0.223072,-0.482435,0.184656,0.261553,0.000000,0.000000,0.000000,0.000000
10.8333,0.310000,0.240000,-0.120000,0.670000,0.000000,0.000000,0.000000,0.228769,-0.481479,0.173680,0.298717,0.000000,0.000000,0.000000,0.000000
10.8500,0.310000,0.240000,-0.120000,0.670000,0.000000,0.000000,0.000000,0.235825,-0.481159,0.159463,0.344356,0.000000,0.000000,0.000000,0.000000
10.8667,0.310000,0.240000,-0.120000,0.670000,0.000000,0.000000,0.000000,0.244140,-0.481579,0.141999,0.399131,0.000000,0.000000,0.000000,0.000000
10.8833,0.310000,0.240000,-0.120000,0.670000,0.000000,0.000000,0.000000,0.253522,-0.482845,0.121398,0.463476,0.000000,0.000000,0.000000,0.000000
10.9000,0.310000,0.240000,-0.120000,0.670000,0.000000,0.000000,0.000000,0.263693,-0.485053,0.097906,0.537499,0.000000,0.000000,0.000000,0.000000
10.9167,0.310000,0.240000,-0.120000,0.670000,0.000000,0.000000,0.000000,0.274304,-0.488284,0.071920,0.620894,0.000000,0.000000,0.000000,0.000000
10.9333,0.310000,0.240000,-0.120000,0.670000,0.000000,0.000000,0.000000,0.284955,-0.492590,0.044001,0.712820,0.000000,0.000000,0.000000,0.000000
10.9500,0.310000,0.240000,-0.120000,0.670000,0.000000,0.000000,0.000000,0.295250,-0.497975,0.014877,0.811783,0.000000,0.000000,0.000000,0.000000
10.9667,0.310000,0.240000,-0.120000,0.670000,0.000000,0.000000,0.000000,0.304859,-0.504366,-0.014591,0.915500,0.000000,0.000000,0.000000,0.000000
11.0667,0.310000,0.240000,-0.120000,0.670000,0.000000,0.000000,0.000000,0.313593,-0.511596,-0.043477,1.020871,0.000000,0.000000,0.000000,0.000000
11.0833,0.310000,0.240000,-0.120000,0.670000,0.000000,0.000000,0.000000,0.321423,-0.519427,-0.070904,1.124341,0.000000,0.000000,0.000000,0.000000
11.1500,0.310000,0.240000,-0.120000,0.670000,0.000000,0.000000,0.000000,0.328429,-0.527613,-0.096170,1.222536,0.000000,0.000000,0.000000,0.000000
11.1667,0.310000,0.240000,-0.120000,0.670000,0.000000,0.000000,0.000000,0.334730,-0.535929,-0.118785,1.312703,0.000000,0.000000,0.000000,0.000000
11.1833,0.310000,0.240000,-0.120000,0.670000,0.000000,0.000000,0.000000,0.340416,-0.544153,-0.138449,1.392776,0.000000,0.000000,0.000000,0.000000
11.2000,0.310000,0.240000,-0.120000,0.670000,0.000000,0.000000,0.000000,0.345523,-0.552037,-0.155003,1.461285,0.000000,0.000000,0.000000,0.000000
11.2167,0.310000,0.240000,-0.120000,0.670000,0.000000,0.000000,0.000000,0.350035,-0.559315,-0.168397,1.517229,0.000000,0.000000,0.000000,0.000000
11.2333,0.310000,0.240000,-0.120000,0.670000,0.000000,0.000000,0.000000,0.353903,-0.565719,-0.178651,1.559962,0.000000,0.000000,0.000000,0.000000
11.2500,0.310000,0.240000,-0.120000,0.670000,0.000000,0.000000,0.000000,0.357065,-0.570990,-0.185836,1.589097,0.000000,0.000000,0.000000,0.000000
11.2667,0.310000,0.240000,-0.120000,0.670000,0.000000,0.000000,0.000000,0.359458,-0.574898,-0.190046,1.604425,0.000000,0.000000,0.000000,0.000000
11.2833,0.310000,0.240000,-0.120000,0.670000,0.000000,0.000000,0.000000,0.361036,-0.577250,-0.191391,1.605867,0.000000,0.000000,0.000000,0.000000
11.3000,0.310000,0.240000,-0.120000,0.670000,0.000000,0.000000,0.000000,0.361780,-0.577895,-0.189984,1.593444,0.000000,0.000000,0.000000,0.000000
11.3167,0.310000,0.240000,-0.120000,0.670000,0.000000,0.000000,0.000000,0.361710,-0.576738,-0.185941,1.567280,0.000000,0.000000,0.000000,0.000000
11.3333,0.310000,0.240000,-0.120000,0.670000,0.000000,0.000000,0.000000,0.360886,-0.573741,-0.179382,1.527626,0.000000,0.000000,0.000000,0.000000
11.3500,0.310000,0.240000,-0.120000,0.670000,0.000000,0.000000,0.000000,0.359402,-0.568927,-0.170439,1.474911,0.000000,0.000000,0.000000,0.000000
11.3667,0.310000,0.240000,-0.120000,0.670000,0.000000,0.000000,0.000000,0.357381,-0.562378,-0.159271,1.409825,0.000000,0.000000,0.000000,0.000000
11.3833,0.310000,0.240000,-0.120000,0.670000,0.000000,0.000000,0.000000,0.354962,-0.554243,-0.146076,1.333413,0.000000,0.000000,0.000000,0.000000
11.4000,0.310000,0.240000,-0.120000,0.670000,0.000000,0.000000,0.000000,0.352287,-0.544739,-0.131118,1.247210,0.000000,0.000000,0.000000,0.000000
11.4167,0.310000,0.240000,-0.120000,0.670000,0.000000,0.000000,0.000000,0.349496,-0.534158,-0.114750,1.153383,0.000000,0.000000,0.000000,0.000000
11.5167,0.310000,0.240000,-0.120000,0.670000,0.000000,0.000000,0.000000,0.346712,-0.522865,-0.097428,1.054792,0.000000,0.000000,0.000000,0.000000
11.5333,0.310000,0.240000,-0.120000,0.670000,0.000000,0.000000,0.000000,0.344032,-0.511253,-0.079672,0.954717,0.000000,0.000000,0.000000,0.000000
11.5500,0.310000,0.240000,-0.120000,0.670000,0.000000,0.000000,0.000000,0.341521,-0.499665,-0.061977,0.856323,0.000000,0.000000,0.000000,0.000000
11.5667,0.310000,0.240000,-0.120000,0.670000,0.000000,0.000000,0.000000,0.339214,-0.488363,-0.044739,0.762248,0.000000,0.000000,0.000000,0.000000
11.5833,0.310000,0.240000,-0.120000,0.670000,0.000000,0.000000,0.000000,0.337124,-0.477553,-0.028240,0.674509,0.000000,0.000000,0.000000,0.000000
11.6000,0.310000,0.240000,-0.120000,0.670000,0.000000,0.000000,0.000000,0.335249,-0.467400,-0.012665,0.594527,0.000000,0.000000,0.000000,0.000000
11.6167,0.310000,0.240000,-0.120000,0.670000,0.000000,0.000000,0.000000,0.333585,-0.458038,0.001861,0.523187,0.000000,0.000000,0.000000,0.000000
11.6333,0.310000,0.240000,-0.120000,0.670000,0.000000,0.000000,0.000000,0.332129,-0.449565,0.015248,0.460895,0.000000,0.000000,0.000000,0.000000
11.6500,0.310000,0.240000,-0.120000,0.670000,0.000000,0.000000,0.000000,0.330886,-0.442040,0.027428,0.407658,0.000000,0.000000,0.000000,0.000000
11.6667,0.310000,0.240000,-0.120000,0.670000,0.000000,0.000000,0.000000,0.329860,-0.435489,0.038357,0.363157,0.000000,0.000000,0.000000,0.000000
11.6833,0.310000,0.240000,-0.120000,0.670000,0.000000,0.000000,0.000000,0.329049,-0.429902,0.048024,0.326827,0.000000,0.000000,0.000000,0.000000
11.7000,0.310000,0.240000,-0.120000,0.670000,0.000000,0.000000,0.000000,0.328446,-0.425249,0.056456,0.297938,0.000000,0.000000,0.000000,0.000000
11.7167,0.310000,0.240000,-0.120000,0.670000,0.000000,0.000000,0.000000,0.328034,-0.421477,0.063714,0.275657,0.000000,0.000000,0.000000,0.000000
11.7333,0.310000,0.240000,-0.120000,0.670000,0.000000,0.000000,0.000000,0.327799,-0.418526,0.069889,0.259108,0.000000,0.000000,0.000000,0.000000
11.7500,0.310000,0.240000,-0.120000,0.670000,0.000000,0.000000,0.000000,0.327726,-0.416325,0.075090,0.247417,0.000000,0.000000,0.000000,0.000000
11.7667,0.310000,0.240000,-0.120000,0.670000,0.000000,0.000000,0.000000,0.327815,-0.414798,0.079427,0.239739,0.000000,0.000000,0.000000,0.000000
11.7833,0.310000,0.240000,-0.120000,0.670000,0.000000,0.000000,0.000000,0.328080,-0.413861,0.082996,0.235273,0.000000,0.000000,0.000000,0.000000
11.8000,0.310000,0.240000,-0.120000,0.670000,0.000000,0.000000,0.000000,0.328552,-0.413422,0.085876,0.233281,0.000000,0.000000,0.000000,0.000000
11.8167,0.310000,0.240000,-0.120000,0.670000,0.000000,0.000000,0.000000,0.329273,-0.413389,0.088116,0.233093,0.000000,0.000000,0.000000,0.000000
11.8333,0.310000,0.240000,-0.120000,0.670000,0.000000,0.000000,0.000000,0.330290,-0.413667,0.089740,0.234112,0.000000,0.000000,0.000000,0.000000
11.8500,0.310000,0.240000,-0.120000,0.670000,0.000000,0.000000,0.000000,0.331647,-0.414166,0.090741,0.235817,0.000000,0.000000,0.000000,0.000000
11.8667,0.310000,0.240000,-0.120000,0.670000,0.000000,0.000000,0.000000,0.333374,-0.414801,0.091094,0.237758,0.000000,0.000000,0.000000,0.000000
11.8833,0.310000,0.240000,-0.120000,0.670000,0.000000,0.000000,0.000000,0.335485,-0.415491,0.090764,0.239552,0.000000,0.000000,0.000000,0.000000
11.9000,0.310000,0.240000,-0.120000,0.670000,0.000000,0.000000,0.000000,0.337968,-0.416167,0.089717,0.240867,0.000000,0.000000,0.000000,0.000000
11.9167,0.310000,0.240000,-0.120000,0.670000,0.000000,0.000000,0.000000,0.340780,-0.416763,0.087934,0.241415,0.000000,0.000000,0.000000,0.000000
11.9333,0.310000,0.240000,-0.120000,0.670000,0.000000,0.000000,0.000000,0.343842,-0.417222,0.085415,0.240940,0.000000,0.000000,0.000000,0.000000
11.9500,0.310000,0.240000,-0.120000,0.670000,0.000000,0.000000,0.000000,0.347042,-0.417496,0.082184,0.239218,0.000000,0.000000,0.000000,0.000000
11.9667,0.310000,0.240000,-0.120000,0.670000,0.000000,0.000000,0.000000,0.350231,-0.417547,0.078282,0.236047,0.000000,0.000000,0.000000,0.000000
11.9833,0.310000,0.240000,-0.120000,0.670000,0.000000,0.000000,0.000000,0.353209,-0.417348,0.073774,0.231251,0.000000,0.000000,0.000000,0.000000
12.0000,0.310000,0.240000,-0.120000,0.670000,0.000000,0.000000,0.000000,0.355732,-0.416877,0.068754,0.224665,0.000000,0.000000,0.000000,0.000000
12.0167,0.310000,0.240000,-0.120000,0.670000,0.000000,0.000000,0.000000,0.357498,-0.416111,0.063354,0.216126,0.000000,0.000000,0.000000,0.000000
12.0333,0.310000,0.240000,-0.120000,0.670000,0.000000,0.000000,0.000000,0.358164,-0.415025,0.057759,0.205458,0.000000,0.000000,0.000000,0.000000
12.0500,0.310000,0.240000,-0.120000,0.670000,0.000000,0.000000,0.000000,0.357358,-0.413587,0.052216,0.192466,0.000000,0.000000,0.000000,0.000000
12.0667,0.310000,0.240000,-0.120000,0.670000,0.000000,0.000000,0.000000,0.354696,-0.411756,0.047039,0.176936,0.000000,0.000000,0.000000,0.000000
12.0833,0.310000,0.240000,-0.120000,0.670000,0.000000,0.000000,0.000000,0.349806,-0.409487,0.042605,0.158649,0.000000,0.000000,0.000000,0.000000
12.1000,0.310000,0.240000,-0.120000,0.670000,0.000000,0.000000,0.000000,0.342343,-0.406727,0.039331,0.137405,0.000000,0.000000,0.000000,0.000000
12.1167,0.310000,0.240000,-0.120000,0.670000,0.000000,0.000000,0.000000,0.332006,-0.403409,0.037658,0.113053,0.000000,0.000000,0.000000,0.000000
12.1333,0.310000,0.240000,-0.120000,0.670000,0.000000,0.000000,0.000000,0.318563,-0.399445,0.038007,0.085538,0.000000,0.000000,0.000000,0.000000
12.1500,0.310000,0.240000,-0.120000,0.670000,0.000000,0.000000,0.000000,0.301865,-0.394711,0.040743,0.054931,0.000000,0.000000,0.000000,0.000000
12.1667,0.310000,0.240000,-0.120000,0.670000,0.000000,0.000000,0.000000,0.281866,-0.389046,0.046132,0.021475,0.000000,0.000000,0.000000,0.000000
12.1833,0.310000,0.240000,-0.120000,0.670000,0.000000,0.000000,0.000000,0.258620,-0.382241,0.054309,-0.014383,0.000000,0.000000,0.000000,0.000000
12.2000,0.310000,0.240000,-0.120000,0.670000,0.000000,0.000000,0.000000,0.232261,-0.374060,0.065278,-0.051982,0.000000,0.000000,0.000000,0.000000
12.2167,0.310000,0.240000,-0.120000,0.670000,0.000000,0.000000,0.000000,0.202993,-0.364262,0.078920,-0.090448,0.000000,0.000000,0.000000,0.000000
12.2333,0.310000,0.240000,-0.120000,0.670000,0.000000,0.000000,0.000000,0.171100,-0.352634,0.095001,-0.128738,0.000000,0.000000,0.000000,0.000000
12.2667,0.310000,0.240000,-0.120000,0.670000,0.000000,0.000000,0.000000,0.136994,-0.339029,0.113156,-0.165698,0.000000,0.000000,0.000000,0.000000
12.3167,0.310000,0.240000,-0.120000,0.670000,0.000000,0.000000,0.000000,0.101263,-0.323407,0.132873,-0.200183,0.000000,0.000000,0.000000,0.000000
12.3333,0.310000,0.240000,-0.120000,0.670000,0.000000,0.000000,0.000000,0.064644,-0.305860,0.153527,-0.231202,0.000000,0.000000,0.000000,0.000000
12.3500,0.310000,0.240000,-0.120000,0.670000,0.000000,0.000000,0.000000,0.027912,-0.286606,0.174450,-0.258011,0.000000,0.000000,0.000000,0.000000
12.3667,0.310000,0.240000,-0.120000,0.670000,0.000000,0.000000,0.000000,-0.008216,-0.265972,0.195012,-0.280160,0.000000,0.000000,0.000000,0.000000
12.3833,0.310000,0.240000,-0.120000,0.670000,0.000000,0.000000,0.000000,-0.043120,-0.244375,0.214662,-0.297483,0.000000,0.000000,0.000000,0.000000
12.4000,0.310000,0.240000,-0.120000,0.670000,0.000000,0.000000,0.000000,-0.076274,-0.222304,0.232968,-0.310096,0.000000,0.000000,0.000000,0.000000
12.4167,0.310000,0.240000,-0.120000,0.670000,0.000000,0.000000,0.000000,-0.107246,-0.200306,0.249634,-0.318367,0.000000,0.000000,0.000000,0.000000
12.4333,0.310000,0.240000,-0.120000,0.670000,0.000000,0.000000,0.000000,-0.135687,-0.178953,0.264509,-0.322857,0.000000,0.000000,0.000000,0.000000
12.4500,0.310000,0.240000,-0.120000,0.670000,0.000000,0.000000,0.000000,-0.161342,-0.158807,0.277571,-0.324246,0.000000,0.000000,0.000000,0.000000
12.4667,0.310000,0.240000,-0.120000,0.670000,0.000000,0.000000,0.000000,-0.184048,-0.140377,0.288906,-0.323258,0.000000,0.000000,0.000000,0.000000
12.4833,0.310000,0.240000,-0.120000,0.670000,0.000000,0.000000,0.000000,-0.203730,-0.124078,0.298671,-0.320588,0.000000,0.000000,0.000000,0.000000
12.5000,0.310000,0.240000,-0.120000,0.670000,0.000000,0.000000,0.000000,-0.220396,-0.110207,0.307056,-0.316853,0.000000,0.000000,0.000000,0.000000
12.5167,0.310000,0.240000,-0.120000,0.670000,0.000000,0.000000,0.000000,-0.234123,-0.098936,0.314256,-0.312562,0.000000,0.000000,0.000000,0.000000
12.5333,0.310000,0.240000,-0.120000,0.670000,0.000000,0.000000,0.000000,-0.245036,-0.090323,0.320445,-0.308103,0.000000,0.000000,0.000000,0.000000
12.5500,0.310000,0.240000,-0.120000,0.670000,0.000000,0.000000,0.000000,-0.253293,-0.084340,0.325760,-0.303743,0.000000,0.000000,0.000000,0.000000
12.5667,0.310000,0.240000,-0.120000,0.670000,0.000000,0.000000,0.000000,-0.259074,-0.080892,0.330295,-0.299625,0.000000,0.000000,0.000000,0.000000
12.5833,0.310000,0.240000,-0.120000,0.670000,0.000000,0.000000,0.000000,-0.262569,-0.079844,0.334101,-0.295777,0.000000,0.000000,0.000000,0.000000
12.6000,0.310000,0.240000,-0.120000,0.670000,0.000000,0.000000,0.000000,-0.263971,-0.081052,0.337187,-0.292110,0.000000,0.000000,0.000000,0.000000
12.6167,0.310000,0.240000,-0.120000,0.670000,0.000000,0.000000,0.000000,-0.263465,-0.084379,0.339529,-0.288429,0.000000,0.000000,0.000000,0.000000
12.6333,0.310000,0.240000,-0.120000,0.670000,0.000000,0.000000,0.000000,-0.261221,-0.089715,0.341071,-0.284450,0.000000,0.000000,0.000000,0.000000
12.6500,0.310000,0.240000,-0.120000,0.670000,0.000000,0.000000,0.000000,-0.257368,-0.096977,0.341733,-0.279823,0.000000,0.000000,0.000000,0.000000
12.6667,0.310000,0.240000,-0.120000,0.670000,0.000000,0.000000,0.000000,-0.251975,-0.106101,0.341421,-0.274170,0.000000,0.000000,0.000000,0.000000
12.6833,0.310000,0.240000,-0.120000,0.670000,0.000000,0.000000,0.000000,-0.245036,-0.117033,0.340030,-0.267116,0.000000,0.000000,0.000000,0.000000
12.7000,0.310000,0.240000,-0.120000,0.670000,0.000000,0.000000,0.000000,-0.236460,-0.129722,0.337460,-0.258321,0.000000,0.000000,0.000000,0.000000
12.7167,0.310000,0.240000,-0.120000,0.670000,0.000000,0.000000,0.000000,-0.226087,-0.144113,0.333628,-0.247501,0.000000,0.000000,0.000000,0.000000
12.7333,0.310000,0.240000,-0.120000,0.670000,0.000000,0.000000,0.000000,-0.213697,-0.160144,0.328473,-0.234445,0.000000,0.000000,0.000000,0.000000
12.7500,0.310000,0.240000,-0.120000,0.670000,0.000000,0.000000,0.000000,-0.199043,-0.177736,0.321967,-0.219034,0.000000,0.000000,0.000000,0.000000
12.7667,0.310000,0.240000,-0.120000,0.670000,0.000000,0.000000,0.000000,-0.181883,-0.196778,0.314118,-0.201262,0.000000,0.000000,0.000000,0.000000
12.7833,0.310000,0.240000,-0.120000,0.670000,0.000000,0.000000,0.000000,-0.162016,-0.217118,0.304973,-0.181245,0.000000,0.000000,0.000000,0.000000
12.8000,0.310000,0.240000,-0.120000,0.670000,0.000000,0.000000,0.000000,-0.139336,-0.238553,0.294618,-0.159220,0.000000,0.000000,0.000000,0.000000
12.8167,0.310000,0.240000,-0.120000,0.670000,0.000000,0.000000,0.000000,-0.113884,-0.260815,0.283185,-0.135528,0.000000,0.000000,0.000000,0.000000
12.8333,0.310000,0.240000,-0.120000,0.670000,0.000000,0.000000,0.000000,-0.085918,-0.283559,0.270871,-0.110579,0.000000,0.000000,0.000000,0.000000
12.8500,0.310000,0.240000,-0.120000,0.670000,0.000000,0.000000,0.000000,-0.055983,-0.306336,0.257966,-0.084806,0.000000,0.000000,0.000000,0.000000
12.9167,0.310000,0.240000,-0.120000,0.670000,0.000000,0.000000,0.000000,-0.024946,-0.328599,0.244878,-0.058627,0.000000,0.000000,0.000000,0.000000
12.9333,0.310000,0.240000,-0.120000,0.670000,0.000000,0.000000,0.000000,0.006125,-0.349768,0.232111,-0.032438,0.000000,0.000000,0.000000,0.000000
12.9500,0.310000,0.240000,-0.120000,0.670000,0.000000,0.000000,0.000000,0.036210,-0.369352,0.220167,-0.006618,0.000000,0.000000,0.000000,0.000000
12.9667,0.310000,0.240000,-0.120000,0.670000,0.000000,0.000000,0.000000,0.064542,-0.387032,0.209451,0.018454,0.000000,0.000000,0.000000,0.000000
12.9833,0.310000,0.240000,-0.120000,0.670000,0.000000,0.000000,0.000000,0.090657,-0.402662,0.200228,0.042413,0.000000,0.000000,0.000000,0.000000
13.0000,0.310000,0.240000,-0.120000,0.670000,0.000000,0.000000,0.000000,0.114359,-0.416235,0.192613,0.064924,0.000000,0.000000,0.000000,0.000000
13.0167,0.310000,0.240000,-0.120000,0.670000,0.000000,0.000000,0.000000,0.135644,-0.427845,0.186589,0.085697,0.000000,0.000000,0.000000,0.000000
13.0333,0.310000,0.240000,-0.120000,0.670000,0.000000,0.000000,0.000000,0.154622,-0.437645,0.182045,0.104498,0.000000,0.000000,0.000000,0.000000
13.0500,0.310000,0.240000,-0.120000,0.670000,0.000000,0.000000,0.000000,0.171450,-0.445820,0.178808,0.121152,0.000000,0.000000,0.000000,0.000000
13.0667,0.310000,0.240000,-0.120000,0.670000,0.000000,0.000000,0.000000,0.186290,-0.452559,0.176667,0.135545,0.000000,0.000000,0.000000,0.000000
13.0833,0.310000,0.240000,-0.120000,0.670000,0.000000,0.000000,0.000000,0.199286,-0.458044,0.175398,0.147627,0.000000,0.000000,0.000000,0.000000
13.1000,0.310000,0.240000,-0.120000,0.670000,0.000000,0.000000,0.000000,0.210551,-0.462432,0.174775,0.157414,0.000000,0.000000,0.000000,0.000000
13.1167,0.310000,0.240000,-0.120000,0.670000,0.000000,0.000000,0.000000,0.220168,-0.465850,0.174582,0.164990,0.000000,0.000000,0.000000,0.000000
13.1333,0.310000,0.240000,-0.120000,0.670000,0.000000,0.000000,0.000000,0.228200,-0.468394,0.174614,0.170496,0.000000,0.000000,0.000000,0.000000
13.1500,0.310000,0.240000,-0.120000,0.670000,0.000000,0.000000,0.000000,0.234715,-0.470136,0.174686,0.174124,0.000000,0.000000,0.000000,0.000000
13.1667,0.310000,0.240000,-0.120000,0.670000,0.000000,0.000000,0.000000,0.239805,-0.471132,0.174638,0.176100,0.000000,0.000000,0.000000,0.000000
13.1833,0.310000,0.240000,-0.120000,0.670000,0.000000,0.000000,0.000000,0.243613,-0.471437,0.174332,0.176673,0.000000,0.000000,0.000000,0.000000
13.2000,0.310000,0.240000,-0.120000,0.670000,0.000000,0.000000,0.000000,0.246331,-0.471101,0.173655,0.176127,0.000000,0.000000,0.000000,0.000000
13.2167,0.310000,0.240000,-0.120000,0.670000,0.000000,0.000000,0.000000,0.248186,-0.470175,0.172519,0.174796,0.000000,0.000000,0.000000,0.000000
13.2333,0.310000,0.240000,-0.120000,0.670000,0.000000,0.000000,0.000000,0.249407,-0.468698,0.170867,0.173094,0.000000,0.000000,0.000000,0.000000
13.2500,0.310000,0.240000,-0.120000,0.670000,0.000000,0.000000,0.000000,0.250197,-0.466698,0.168683,0.171536,0.000000,0.000000,0.000000,0.000000
13.2667,0.310000,0.240000,-0.120000,0.670000,0.000000,0.000000,0.000000,0.250720,-0.464183,0.165997,0.170757,0.000000,0.000000,0.000000,0.000000
13.2833,0.310000,0.240000,-0.120000,0.670000,0.000000,0.000000,0.000000,0.251079,-0.461135,0.162896,0.171523,0.000000,0.000000,0.000000,0.000000
13.3000,0.310000,0.240000,-0.120000,0.670000,0.000000,0.000000,0.000000,0.251308,-0.457496,0.159530,0.174738,0.000000,0.000000,0.000000,0.000000
13.3167,0.310000,0.240000,-0.120000,0.670000,0.000000,0.000000,0.000000,0.251369,-0.453168,0.156114,0.181454,0.000000,0.000000,0.000000,0.000000
13.3333,0.310000,0.240000,-0.120000,0.670000,0.000000,0.000000,0.000000,0.251147,-0.448000,0.152933,0.192866,0.000000,0.000000,0.000000,0.000000
13.3500,0.310000,0.240000,-0.120000,0.670000,0.000000,0.000000,0.000000,0.250442,-0.441791,0.150340,0.210310,0.000000,0.000000,0.000000,0.000000
13.3667,0.310000,0.240000,-0.120000,0.670000,0.000000,0.000000,0.000000,0.248977,-0.434287,0.148753,0.235240,0.000000,0.000000,0.000000,0.000000
13.3833,0.310000,0.240000,-0.120000,0.670000,0.000000,0.000000,0.000000,0.246398,-0.425191,0.148652,0.269194,0.000000,0.000000,0.000000,0.000000
13.4000,0.310000,0.240000,-0.120000,0.670000,0.000000,0.000000,0.000000,0.242276,-0.414174,0.150570,0.313753,0.000000,0.000000,0.000000,0.000000
13.4167,0.310000,0.240000,-0.120000,0.670000,0.000000,0.000000,0.000000,0.236130,-0.400897,0.155080,0.370464,0.000000,0.000000,0.000000,0.000000
13.4333,0.310000,0.240000,-0.120000,0.670000,0.000000,0.000000,0.000000,0.227437,-0.385039,0.162775,0.440762,0.000000,0.000000,0.000000,0.000000
13.4500,0.310000,0.240000,-0.120000,0.670000,0.000000,0.000000,0.000000,0.215673,-0.366322,0.174232,0.525855,0.000000,0.000000,0.000000,0.000000
13.4667,0.310000,0.240000,-0.120000,0.670000,0.000000,0.000000,0.000000,0.200351,-0.344545,0.189985,0.626588,0.000000,0.000000,0.000000,0.000000
13.4833,0.310000,0.240000,-0.120000,0.670000,0.000000,0.000000,0.000000,0.181079,-0.319623,0.210474,0.743281,0.000000,0.000000,0.000000,0.000000
13.5000,0.310000,0.240000,-0.120000,0.670000,0.000000,0.000000,0.000000,0.157623,-0.291628,0.236003,0.875542,0.000000,0.000000,0.000000,0.000000
13.5167,0.310000,0.240000,-0.120000,0.670000,0.000000,0.000000,0.000000,0.129975,-0.260830,0.266673,1.022057,0.000000,0.000000,0.000000,0.000000
13.5333,0.310000,0.240000,-0.120000,0.670000,0.000000,0.000000,0.000000,0.098447,-0.227745,0.302296,1.180344,0.000000,0.000000,0.000000,0.000000
13.5500,0.310000,0.240000,-0.120000,0.670000,0.000000,0.000000,0.000000,0.063789,-0.193169,0.342281,1.346492,0.000000,0.000000,0.000000,0.000000
13.6500,0.310000,0.240000,-0.120000,0.670000,0.000000,0.000000,0.000000,0.027316,-0.158238,0.385464,1.515020,0.000000,0.000000,0.000000,0.000000
13.7500,0.310000,0.240000,-0.120000,0.670000,0.000000,0.000000,0.000000,-0.009090,-0.124437,0.429965,1.679253,0.000000,0.000000,0.000000,0.000000
13.7667,0.310000,0.240000,-0.120000,0.670000,0.000000,0.000000,0.000000,-0.043309,-0.093405,0.473357,1.832406,0.000000,0.000000,0.000000,0.000000
13.7833,0.310000,0.240000,-0.120000,0.670000,0.000000,0.000000,0.000000,-0.073535,-0.066535,0.513121,1.968745,0.000000,0.000000,0.000000,0.000000
13.8000,0.310000,0.240000,-0.120000,0.670000,0.000000,0.000000,0.000000,-0.098634,-0.044656,0.546991,2.084156,0.000000,0.000000,0.000000,0.000000
13.8500,0.310000,0.240000,-0.120000,0.670000,0.000000,0.000000,0.000000,-0.118182,-0.027987,0.573022,2.176131,0.000000,0.000000,0.000000,0.000000
13.8667,0.310000,0.240000,-0.120000,0.670000,0.000000,0.000000,0.000000,-0.132284,-0.016280,0.589613,2.243500,0.000000,0.000000,0.000000,0.000000
13.8833,0.310000,0.240000,-0.120000,0.670000,0.000000,0.000000,0.000000,-0.141298,-0.009030,0.595575,2.286052,0.000000,0.000000,0.000000,0.000000
13.9167,0.310000,0.240000,-0.120000,0.670000,0.000000,0.000000,0.000000,-0.145567,-0.005709,0.590219,2.304123,0.000000,0.000000,0.000000,0.000000
13.9333,0.310000,0.240000,-0.120000,0.670000,0.000000,0.000000,0.000000,-0.145178,-0.005986,0.573433,2.298157,0.000000,0.000000,0.000000,0.000000
14.0333,0.310000,0.240000,-0.120000,0.670000,0.000000,0.000000,0.000000,-0.139794,-0.009903,0.545712,2.268349,0.000000,0.000000,0.000000,0.000000
14.0500,0.310000,0.240000,-0.120000,0.670000,0.000000,0.000000,0.000000,-0.128721,-0.017844,0.508088,2.214666,0.000000,0.000000,0.000000,0.000000
14.0667,0.310000,0.240000,-0.120000,0.670000,0.000000,0.000000,0.000000,-0.111224,-0.030301,0.461972,2.137279,0.000000,0.000000,0.000000,0.000000
14.0833,0.310000,0.240000,-0.120000,0.670000,0.000000,0.000000,0.000000,-0.086854,-0.047628,0.409043,2.037068,0.000000,0.000000,0.000000,0.000000
14.1000,0.310000,0.240000,-0.120000,0.670000,0.000000,0.000000,0.000000,-0.055664,-0.069855,0.351252,1.916014,0.000000,0.000000,0.000000,0.000000
14.1167,0.310000,0.240000,-0.120000,0.670000,0.000000,0.000000,0.000000,-0.018371,-0.096553,0.290917,1.777545,0.000000,0.000000,0.000000,0.000000
14.2167,0.310000,0.240000,-0.120000,0.670000,0.000000,0.000000,0.000000,0.023600,-0.126767,0.230726,1.626680,0.000000,0.000000,0.000000,0.000000
14.2333,0.310000,0.240000,-0.120000,0.670000,0.000000,0.000000,0.000000,0.068329,-0.159170,0.173383,1.469479,0.000000,0.000000,0.000000,0.000000
14.2500,0.310000,0.240000,-0.120000,0.670000,0.000000,0.000000,0.000000,0.113829,-0.192369,0.120980,1.311947,0.000000,0.000000,0.000000,0.000000
14.2667,0.310000,0.240000,-0.120000,0.670000,0.000000,0.000000,0.000000,0.158358,-0.225121,0.074682,1.159190,0.000000,0.000000,0.000000,0.000000
14.2833,0.310000,0.240000,-0.120000,0.670000,0.000000,0.000000,0.000000,0.200519,-0.256396,0.034876,1.015179,0.000000,0.000000,0.000000,0.000000
14.3000,0.310000,0.240000,-0.120000,0.670000,0.000000,0.000000,0.000000,0.239261,-0.285406,0.001455,0.882780,0.000000,0.000000,0.000000,0.000000
14.3167,0.310000,0.240000,-0.120000,0.670000,0.000000,0.000000,0.000000,0.273863,-0.311615,-0.025974,0.763847,0.000000,0.000000,0.000000,0.000000
14.3333,0.310000,0.240000,-0.120000,0.670000,0.000000,0.000000,0.000000,0.303894,-0.334727,-0.047952,0.659352,0.000000,0.000000,0.000000,0.000000
14.3500,0.310000,0.240000,-0.120000,0.670000,0.000000,0.000000,0.000000,0.329181,-0.354651,-0.065080,0.569527,0.000000,0.000000,0.000000,0.000000
14.3667,0.310000,0.240000,-0.120000,0.670000,0.000000,0.000000,0.000000,0.349766,-0.371467,-0.077971,0.494013,0.000000,0.000000,0.000000,0.000000
14.3833,0.310000,0.240000,-0.120000,0.670000,0.000000,0.000000,0.000000,0.365867,-0.385379,-0.087213,0.431990,0.000000,0.000000,0.000000,0.000000
14.4000,0.310000,0.240000,-0.120000,0.670000,0.000000,0.000000,0.000000,0.377839,-0.396677,-0.093355,0.382305,0.000000,0.000000,0.000000,0.000000
14.4167,0.310000,0.240000,-0.120000,0.670000,0.000000,0.000000,0.000000,0.386125,-0.405697,-0.096906,0.343569,0.000000,0.000000,0.000000,0.000000
14.4333,0.310000,0.240000,-0.120000,0.670000,0.000000,0.000000,0.000000,0.391217,-0.412791,-0.098324,0.314249,0.000000,0.000000,0.000000,0.000000
14.4500,0.310000,0.240000,-0.120000,0.670000,0.000000,0.000000,0.000000,0.393626,-0.418303,-0.098026,0.292737,0.000000,0.000000,0.000000,0.000000
14.4667,0.310000,0.240000,-0.120000,0.670000,0.000000,0.000000,0.000000,0.393847,-0.422557,-0.096385,0.277428,0.000000,0.000000,0.000000,0.000000
14.4833,0.310000,0.240000,-0.120000,0.670000,0.000000,0.000000,0.000000,0.392346,-0.425845,-0.093739,0.266767,0.000000,0.000000,0.000000,0.000000
14.5000,0.310000,0.240000,-0.120000,0.670000,0.000000,0.000000,0.000000,0.389541,-0.428416,-0.090398,0.259295,0.000000,0.000000,0.000000,0.000000
14.5167,0.310000,0.240000,-0.120000,0.670000,0.000000,0.000000,0.000000,0.385803,-0.430464,-0.086661,0.253680,0.000000,0.000000,0.000000,0.000000
14.5333,0.310000,0.240000,-0.120000,0.670000,0.000000,0.000000,0.000000,0.381443,-0.432121,-0.082816,0.248734,0.000000,0.000000,0.000000,0.000000
14.5500,0.310000,0.240000,-0.120000,0.670000,0.000000,0.000000,0.000000,0.376704,-0.433442,-0.079140,0.243423,0.000000,0.000000,0.000000,0.000000
14.5667,0.310000,0.240000,-0.120000,0.670000,0.000000,0.000000,0.000000,0.371749,-0.434405,-0.075886,0.236876,0.000000,0.000000,0.000000,0.000000
14.5833,0.310000,0.240000,-0.120000,0.670000,0.000000,0.000000,0.000000,0.366651,-0.434915,-0.073258,0.228384,0.000000,0.000000,0.000000,0.000000
14.6000,0.310000,0.240000,-0.120000,0.670000,0.000000,0.000000,0.000000,0.361383,-0.434803,-0.071381,0.217396,0.000000,0.000000,0.000000,0.000000
14.6167,0.310000,0.240000,-0.120000,0.670000,0.000000,0.000000,0.000000,0.355826,-0.433841,-0.070275,0.203509,0.000000,0.000000,0.000000,0.000000
14.6333,0.310000,0.240000,-0.120000,0.670000,0.000000,0.000000,0.000000,0.349784,-0.431755,-0.069829,0.186452,0.000000,0.000000,0.000000,0.000000
14.6500,0.310000,0.240000,-0.120000,0.670000,0.000000,0.000000,0.000000,0.343000,-0.428237,-0.069791,0.166077,0.000000,0.000000,0.000000,0.000000
14.6667,0.310000,0.240000,-0.120000,0.670000,0.000000,0.000000,0.000000,0.335179,-0.422954,-0.069776,0.142363,0.000000,0.000000,0.000000,0.000000
14.6833,0.310000,0.240000,-0.120000,0.670000,0.000000,0.000000,0.000000,0.325996,-0.415566,-0.069286,0.115432,0.000000,0.000000,0.000000,0.000000
14.7000,0.310000,0.240000,-0.120000,0.670000,0.000000,0.000000,0.000000,0.315104,-0.405742,-0.067749,0.085564,0.000000,0.000000,0.000000,0.000000
14.7167,0.310000,0.240000,-0.120000,0.670000,0.000000,0.000000,0.000000,0.302132,-0.393180,-0.064542,0.053204,0.000000,0.000000,0.000000,0.000000
14.7333,0.310000,0.240000,-0.120000,0.670000,0.000000,0.000000,0.000000,0.286687,-0.377646,-0.059032,0.018960,0.000000,0.000000,0.000000,0.000000
14.7500,0.310000,0.240000,-0.120000,0.670000,0.000000,0.000000,0.000000,0.268378,-0.359010,-0.050613,-0.016422,0.000000,0.000000,0.000000,0.000000
14.7667,0.310000,0.240000,-0.120000,0.670000,0.000000,0.000000,0.000000,0.246849,-0.337284,-0.038772,-0.052086,0.000000,0.000000,0.000000,0.000000
14.7833,0.310000,0.240000,-0.120000,0.670000,0.000000,0.000000,0.000000,0.221827,-0.312666,-0.023155,-0.087101,0.000000,0.000000,0.000000,0.000000
14.8000,0.310000,0.240000,-0.120000,0.670000,0.000000,0.000000,0.000000,0.193182,-0.285577,-0.003647,-0.120506,0.000000,0.000000,0.000000,0.000000
14.8333,0.310000,0.240000,-0.120000,0.670000,0.000000,0.000000,0.000000,0.161033,-0.256706,0.019556,-0.151402,0.000000,0.000000,0.000000,0.000000
14.8667,0.310000,0.240000,-0.120000,0.670000,0.000000,0.000000,0.000000,0.125923,-0.227016,0.045872,-0.179111,0.000000,0.000000,0.000000,0.000000
14.9667,0.310000,0.240000,-0.120000,0.670000,0.000000,0.000000,0.000000,0.088953,-0.197672,0.074316,-0.203358,0.000000,0.000000,0.000000,0.000000
14.9833,0.310000,0.240000,-0.120000,0.670000,0.000000,0.000000,0.000000,0.051665,-0.169869,0.103651,-0.224293,0.000000,0.000000,0.000000,0.000000
15.0000,0.310000,0.240000,-0.120000,0.670000,0.000000,0.000000,0.000000,0.015644,-0.144658,0.132658,-0.242276,0.000000,0.000000,0.000000,0.000000
15.0167,0.310000,0.240000,-0.120000,0.670000,0.000000,0.000000,0.000000,-0.017799,-0.122871,0.160340,-0.257652,0.000000,0.000000,0.000000,0.000000
15.0500,0.310000,0.240000,-0.120000,0.670000,0.000000,0.000000,0.000000,-0.047728,-0.105135,0.185965,-0.270636,0.000000,0.000000,0.000000,0.000000
15.0833,0.310000,0.240000,-0.120000,0.670000,0.000000,0.000000,0.000000,-0.073562,-0.091911,0.209039,-0.281294,0.000000,0.000000,0.000000,0.000000
15.1167,0.310000,0.240000,-0.120000,0.670000,0.000000,0.000000,0.000000,-0.095007,-0.083512,0.229260,-0.289570,0.000000,0.000000,0.000000,0.000000
15.1333,0.310000,0.240000,-0.120000,0.670000,0.000000,0.000000,0.000000,-0.111972,-0.080102,0.246461,-0.295336,0.000000,0.000000,0.000000,0.000000
15.1500,0.310000,0.240000,-0.120000,0.670000,0.000000,0.000000,0.000000,-0.124488,-0.081713,0.260572,-0.298432,0.000000,0.000000,0.000000,0.000000
15.1667,0.310000,0.240000,-0.120000,0.670000,0.000000,0.000000,0.000000,-0.132649,-0.088258,0.271583,-0.298698,0.000000,0.000000,0.000000,0.000000
15.1833,0.310000,0.240000,-0.120000,0.670000,0.000000,0.000000,0.000000,-0.136575,-0.099551,0.279522,-0.295993,0.000000,0.000000,0.000000,0.000000
15.2000,0.310000,0.240000,-0.120000,0.670000,0.000000,0.000000,0.000000,-0.136381,-0.115315,0.284442,-0.290214,0.000000,0.000000,0.000000,0.000000
15.2167,0.310000,0.240000,-0.120000,0.670000,0.000000,0.000000,0.000000,-0.132161,-0.135183,0.286422,-0.281308,0.000000,0.000000,0.000000,0.000000
15.2333,0.310000,0.240000,-0.120000,0.670000,0.000000,0.000000,0.000000,-0.123996,-0.158703,0.285569,-0.269290,0.000000,0.000000,0.000000,0.000000
15.2500,0.310000,0.240000,-0.120000,0.670000,0.000000,0.000000,0.000000,-0.111961,-0.185340,0.282028,-0.254254,0.000000,0.000000,0.000000,0.000000
15.2667,0.310000,0.240000,-0.120000,0.670000,0.000000,0.000000,0.000000,-0.096161,-0.214466,0.275993,-0.236391,0.000000,0.000000,0.000000,0.000000
15.2833,0.310000,0.240000,-0.120000,0.670000,0.000000,0.000000,0.000000,-0.076769,-0.245353,0.267718,-0.215988,0.000000,0.000000,0.000000,0.000000
15.3000,0.310000,0.240000,-0.120000,0.670000,0.000000,0.000000,0.000000,-0.054099,-0.277161,0.257529,-0.193416,0.000000,0.000000,0.000000,0.000000
15.3500,0.310000,0.240000,-0.120000,0.670000,0.000000,0.000000,0.000000,-0.028660,-0.308954,0.245838,-0.169099,0.000000,0.000000,0.000000,0.000000
15.3667,0.310000,0.240000,-0.120000,0.670000,0.000000,0.000000,0.000000,-0.001141,-0.339774,0.233122,-0.143492,0.000000,0.000000,0.000000,0.000000
15.3833,0.310000,0.240000,-0.120000,0.670000,0.000000,0.000000,0.000000,0.027684,-0.368765,0.219875,-0.117076,0.000000,0.000000,0.000000,0.000000
15.4000,0.310000,0.240000,-0.120000,0.670000,0.000000,0.000000,0.000000,0.057069,-0.395265,0.206547,-0.090362,0.000000,0.000000,0.000000,0.000000
15.4167,0.310000,0.240000,-0.120000,0.670000,0.000000,0.000000,0.000000,0.086341,-0.418835,0.193512,-0.063879,0.000000,0.000000,0.000000,0.000000
15.4333,0.310000,0.240000,-0.120000,0.670000,0.000000,0.000000,0.000000,0.114916,-0.439250,0.181048,-0.038157,0.000000,0.000000,0.000000,0.000000
15.4500,0.310000,0.240000,-0.120000,0.670000,0.000000,0.000000,0.000000,0.142298,-0.456471,0.169346,-0.013692,0.000000,0.000000,0.000000,0.000000
15.4667,0.310000,0.240000,-0.120000,0.670000,0.000000,0.000000,0.000000,0.168073,-0.470601,0.158517,0.009084,0.000000,0.000000,0.000000,0.000000
15.4833,0.310000,0.240000,-0.120000,0.670000,0.000000,0.000000,0.000000,0.191903,-0.481840,0.148609,0.029837,0.000000,0.000000,0.000000,0.000000
15.5000,0.310000,0.240000,-0.120000,0.670000,0.000000,0.000000,0.000000,0.213520,-0.490446,0.139615,0.048360,0.000000,0.000000,0.000000,0.000000
15.5167,0.310000,0.240000,-0.120000,0.670000,0.000000,0.000000,0.000000,0.232729,-0.496690,0.131478,0.064581,0.000000,0.000000,0.000000,0.000000
15.5333,0.310000,0.240000,-0.120000,0.670000,0.000000,0.000000,0.000000,0.249423,-0.500837,0.124092,0.078561,0.000000,0.000000,0.000000,0.000000
15.5500,0.310000,0.240000,-0.120000,0.670000,0.000000,0.000000,0.000000,0.263582,-0.503132,0.117313,0.090505,0.000000,0.000000,0.000000,0.000000
15.5667,0.310000,0.240000,-0.120000,0.670000,0.000000,0.000000,0.000000,0.275262,-0.503793,0.110980,0.100760,0.000000,0.000000,0.000000,0.000000
15.5833,0.310000,0.240000,-0.120000,0.670000,0.000000,0.000000,0.000000,0.284583,-0.503014,0.104937,0.109821,0.000000,0.000000,0.000000,0.000000
15.6000,0.310000,0.240000,-0.120000,0.670000,0.000000,0.000000,0.000000,0.291713,-0.500972,0.099059,0.118328,0.000000,0.000000,0.000000,0.000000
15.6167,0.310000,0.240000,-0.120000,0.670000,0.000000,0.000000,0.000000,0.296846,-0.497812,0.093265,0.127062,0.000000,0.000000,0.000000,0.000000
15.6333,0.310000,0.240000,-0.120000,0.670000,0.000000,0.000000,0.000000,0.300174,-0.493641,0.087528,0.136938,0.000000,0.000000,0.000000,0.000000
15.6500,0.310000,0.240000,-0.120000,0.670000,0.000000,0.000000,0.000000,0.301858,-0.488517,0.081880,0.149011,0.000000,0.000000,0.000000,0.000000
15.6667,0.310000,0.240000,-0.120000,0.670000,0.000000,0.000000,0.000000,0.302009,-0.482441,0.076403,0.164464,0.000000,0.000000,0.000000,0.000000
15.6833,0.310000,0.240000,-0.120000,0.670000,0.000000,0.000000,0.000000,0.300671,-0.475351,0.071217,0.184604,0.000000,0.000000,0.000000,0.000000
15.7000,0.310000,0.240000,-0.120000,0.670000,0.000000,0.000000,0.000000,0.297814,-0.467121,0.066468,0.210840,0.000000,0.000000,0.000000,0.000000
15.7167,0.310000,0.240000,-0.120000,0.670000,0.000000,0.000000,0.000000,0.293327,-0.457571,0.062333,0.244652,0.000000,0.000000,0.000000,0.000000
15.7333,0.310000,0.240000,-0.120000,0.670000,0.000000,0.000000,0.000000,0.287022,-0.446474,0.059015,0.287546,0.000000,0.000000,0.000000,0.000000
15.7500,0.310000,0.240000,-0.120000,0.670000,0.000000,0.000000,0.000000,0.278642,-0.433568,0.056756,0.340993,0.000000,0.000000,0.000000,0.000000
15.7667,0.310000,0.240000,-0.120000,0.670000,0.000000,0.000000,0.000000,0.267869,-0.418574,0.055847,0.406354,0.000000,0.000000,0.000000,0.000000
15.7833,0.310000,0.240000,-0.120000,0.670000,0.000000,0.000000,0.000000,0.254345,-0.401214,0.056642,0.484772,0.000000,0.000000,0.000000,0.000000
15.8000,0.310000,0.240000,-0.120000,0.670000,0.000000,0.000000,0.000000,0.237694,-0.381242,0.059561,0.577041,0.000000,0.000000,0.000000,0.000000
15.8167,0.310000,0.240000,-0.120000,0.670000,0.000000,0.000000,0.000000,0.217553,-0.358469,0.065084,0.683456,0.000000,0.000000,0.000000,0.000000
15.8333,0.310000,0.240000,-0.120000,0.670000,0.000000,0.000000,0.000000,0.193613,-0.332803,0.073733,0.803622,0.000000,0.000000,0.000000,0.000000
15.8667,0.310000,0.240000,-0.120000,0.670000,0.000000,0.000000,0.000000,0.165672,-0.304289,0.086050,0.936267,0.000000,0.000000,0.000000,0.000000
15.8833,0.310000,0.240000,-0.120000,0.670000,0.000000,0.000000,0.000000,0.133716,-0.273141,0.102550,1.079041,0.000000,0.000000,0.000000,0.000000
15.9000,0.310000,0.240000,-0.120000,0.670000,0.000000,0.000000,0.000000,0.098033,-0.239771,0.123620,1.228345,0.000000,0.000000,0.000000,0.000000
16.0000,0.310000,0.240000,-0.120000,0.670000,0.000000,0.000000,0.000000,0.059351,-0.204837,0.149374,1.379258,0.000000,0.000000,0.000000,0.000000
16.0167,0.310000,0.240000,-0.120000,0.670000,0.000000,0.000000,0.000000,0.018955,-0.169351,0.179439,1.525814,0.000000,0.000000,0.000000,0.000000
16.0333,0.310000,0.240000,-0.120000,0.670000,0.000000,0.000000,0.000000,-0.021210,-0.134853,0.212736,1.661539,0.000000,0.000000,0.000000,0.000000
16.1667,0.310000,0.240000,-0.120000,0.670000,0.000000,0.000000,0.000000,-0.058558,-0.103466,0.247414,1.779899,0.000000,0.000000,0.000000,0.000000
16.1833,0.310000,0.240000,-0.120000,0.670000,0.000000,0.000000,0.000000,-0.090196,-0.077630,0.281162,1.874789,0.000000,0.000000,0.000000,0.000000
16.2000,0.310000,0.240000,-0.120000,0.670000,0.000000,0.000000,0.000000,-0.113498,-0.059604,0.311733,1.941182,0.000000,0.000000,0.000000,0.000000
16.2167,0.310000,0.240000,-0.120000,0.670000,0.000000,0.000000,0.000000,-0.126519,-0.051096,0.337309,1.975567,0.000000,0.000000,0.000000,0.000000
16.2333,0.310000,0.240000,-0.120000,0.670000,0.000000,0.000000,0.000000,-0.128124,-0.053132,0.356570,1.976076,0.000000,0.000000,0.000000,0.000000
16.2500,0.310000,0.240000,-0.120000,0.670000,0.000000,0.000000,0.000000,-0.118024,-0.066022,0.368662,1.942532,0.000000,0.000000,0.000000,0.000000
16.2667,0.310000,0.240000,-0.120000,0.670000,0.000000,0.000000,0.000000,-0.096794,-0.089323,0.373192,1.876533,0.000000,0.000000,0.000000,0.000000
16.2833,0.310000,0.240000,-0.120000,0.670000,0.000000,0.000000,0.000000,-0.065855,-0.121822,0.370259,1.781562,0.000000,0.000000,0.000000,0.000000
16.3667,0.310000,0.240000,-0.120000,0.670000,0.000000,0.000000,0.000000,-0.027395,-0.161571,0.360545,1.663019,0.000000,0.000000,0.000000,0.000000
16.4667,0.310000,0.240000,-0.120000,0.670000,0.000000,0.000000,0.000000,0.015896,-0.206118,0.345381,1.527865,0.000000,0.000000,0.000000,0.000000
16.4833,0.310000,0.240000,-0.120000,0.670000,0.000000,0.000000,0.000000,0.061262,-0.252931,0.326566,1.383632,0.000000,0.000000,0.000000,0.000000
16.5000,0.310000,0.240000,-0.120000,0.670000,0.000000,0.000000,0.000000,0.106282,-0.299785,0.305900,1.237248,0.000000,0.000000,0.000000,0.000000
16.5167,0.310000,0.240000,-0.120000,0.670000,0.000000,0.000000,0.000000,0.149065,-0.344895,0.284810,1.094371,0.000000,0.000000,0.000000,0.000000
16.5333,0.310000,0.240000,-0.120000,0.670000,0.000000,0.000000,0.000000,0.188286,-0.386905,0.264267,0.959277,0.000000,0.000000,0.000000,0.000000
16.5500,0.310000,0.240000,-0.120000,0.670000,0.000000,0.000000,0.000000,0.223138,-0.424848,0.244847,0.834965,0.000000,0.000000,0.000000,0.000000
16.5667,0.310000,0.240000,-0.120000,0.670000,0.000000,0.000000,0.000000,0.253258,-0.458106,0.226814,0.723322,0.000000,0.000000,0.000000,0.000000
16.5833,0.310000,0.240000,-0.120000,0.670000,0.000000,0.000000,0.000000,0.278625,-0.486368,0.210218,0.625303,0.000000,0.000000,0.000000,0.000000
16.6000,0.310000,0.240000,-0.120000,0.670000,0.000000,0.000000,0.000000,0.299463,-0.509586,0.194979,0.541115,0.000000,0.000000,0.000000,0.000000
16.6167,0.310000,0.240000,-0.120000,0.670000,0.000000,0.000000,0.000000,0.316162,-0.527927,0.180949,0.470389,0.000000,0.000000,0.000000,0.000000
16.6333,0.310000,0.240000,-0.120000,0.670000,0.000000,0.000000,0.000000,0.329212,-0.541729,0.167962,0.412333,0.000000,0.000000,0.000000,0.000000
16.6500,0.310000,0.240000,-0.120000,0.670000,0.000000,0.000000,0.000000,0.339148,-0.551455,0.155853,0.365867,0.000000,0.000000,0.000000,0.000000
16.6667,0.310000,0.240000,-0.120000,0.670000,0.000000,0.000000,0.000000,0.346517,-0.557645,0.144472,0.329732,0.000000,0.000000,0.000000,0.000000
16.6833,0.310000,0.240000,-0.120000,0.670000,0.000000,0.000000,0.000000,0.351840,-0.560870,0.133687,0.302581,0.000000,0.000000,0.000000,0.000000
16.7000,0.310000,0.240000,-0.120000,0.670000,0.000000,0.000000,0.000000,0.355594,-0.561697,0.123374,0.283049,0.000000,0.000000,0.000000,0.000000
16.7167,0.310000,0.240000,-0.120000,0.670000,0.000000,0.000000,0.000000,0.358202,-0.560653,0.113414,0.269798,0.000000,0.000000,0.000000,0.000000
16.7333,0.310000,0.240000,-0.120000,0.670000,0.000000,0.000000,0.000000,0.360029,-0.558204,0.103682,0.261558,0.000000,0.000000,0.000000,0.000000
16.7500,0.310000,0.240000,-0.120000,0.670000,0.000000,0.000000,0.000000,0.361378,-0.554735,0.094053,0.257138,0.000000,0.000000,0.000000,0.000000
16.7667,0.310000,0.240000,-0.120000,0.670000,0.000000,0.000000,0.000000,0.362491,-0.550543,0.084402,0.255441,0.000000,0.000000,0.000000,0.000000
16.7833,0.310000,0.240000,-0.120000,0.670000,0.000000,0.000000,0.000000,0.363552,-0.545828,0.074618,0.255463,0.000000,0.000000,0.000000,0.000000
16.8000,0.310000,0.240000,-0.120000,0.670000,0.000000,0.000000,0.000000,0.364684,-0.540699,0.064604,0.256294,0.000000,0.000000,0.000000,0.000000
16.8167,0.310000,0.240000,-0.120000,0.670000,0.000000,0.000000,0.000000,0.365953,-0.535172,0.054292,0.257103,0.000000,0.000000,0.000000,0.000000
16.8333,0.310000,0.240000,-0.120000,0.670000,0.000000,0.000000,0.000000,0.367368,-0.529175,0.043637,0.257137,0.000000,0.000000,0.000000,0.000000
16.8500,0.310000,0.240000,-0.120000,0.670000,0.000000,0.000000,0.000000,0.368880,-0.522553,0.032627,0.255709,0.000000,0.000000,0.000000,0.000000
16.8667,0.310000,0.240000,-0.120000,0.670000,0.000000,0.000000,0.000000,0.370376,-0.515074,0.021288,0.252196,0.000000,0.000000,0.000000,0.000000
16.8833,0.310000,0.240000,-0.120000,0.670000,0.000000,0.000000,0.000000,0.371681,-0.506436,0.009691,0.246044,0.000000,0.000000,0.000000,0.000000
16.9000,0.310000,0.240000,-0.120000,0.670000,0.000000,0.000000,0.000000,0.372549,-0.496275,-0.002040,0.236770,0.000000,0.000000,0.000000,0.000000
16.9167,0.310000,0.240000,-0.120000,0.670000,0.000000,0.000000,0.000000,0.372678,-0.484183,-0.013724,0.223968,0.000000,0.000000,0.000000,0.000000
16.9333,0.310000,0.240000,-0.120000,0.670000,0.000000,0.000000,0.000000,0.371715,-0.469720,-0.025131,0.207322,0.000000,0.000000,0.000000,0.000000
16.9500,0.310000,0.240000,-0.120000,0.670000,0.000000,0.000000,0.000000,0.369284,-0.452433,-0.035990,0.186620,0.000000,0.000000,0.000000,0.000000
16.9667,0.310000,0.240000,-0.120000,0.670000,0.000000,0.000000,0.000000,0.365011,-0.431884,-0.045997,0.161765,0.000000,0.000000,0.000000,0.000000
16.9833,0.310000,0.240000,-0.120000,0.670000,0.000000,0.000000,0.000000,0.358541,-0.407682,-0.054822,0.132803,0.000000,0.000000,0.000000,0.000000
17.0000,0.310000,0.240000,-0.120000,0.670000,0.000000,0.000000,0.000000,0.349560,-0.379526,-0.062116,0.099944,0.000000,0.000000,0.000000,0.000000
17.0167,0.310000,0.240000,-0.120000,0.670000,0.000000,0.000000,0.000000,0.337814,-0.347244,-0.067529,0.063589,0.000000,0.000000,0.000000,0.000000
17.0333,0.310000,0.240000,-0.120000,0.670000,0.000000,0.000000,0.000000,0.323137,-0.310838,-0.070739,0.024333,0.000000,0.000000,0.000000,0.000000
17.0500,0.310000,0.240000,-0.120000,0.670000,0.000000,0.000000,0.000000,0.305475,-0.270527,-0.071495,-0.017041,0.000000,0.000000,0.000000,0.000000
17.0667,0.310000,0.240000,-0.120000,0.670000,0.000000,0.000000,0.000000,0.284917,-0.226805,-0.069666,-0.059591,0.000000,0.000000,0.000000,0.000000
17.0833,0.310000,0.240000,-0.120000,0.670000,0.000000,0.000000,0.000000,0.261741,-0.180484,-0.065311,-0.102254,0.000000,0.000000,0.000000,0.000000
17.1333,0.310000,0.240000,-0.120000,0.670000,0.000000,0.000000,0.000000,0.236489,-0.132740,-0.058773,-0.143926,0.000000,0.000000,0.000000,0.000000
17.2167,0.310000,0.240000,-0.120000,0.670000,0.000000,0.000000,0.000000,0.210021,-0.085101,-0.050685,-0.183615,0.000000,0.000000,0.000000,0.000000
17.2333,0.310000,0.240000,-0.120000,0.670000,0.000000,0.000000,0.000000,0.183390,-0.039305,-0.041800,-0.220563,0.000000,0.000000,0.000000,0.000000
17.2500,0.310000,0.240000,-0.120000,0.670000,0.000000,0.000000,0.000000,0.157561,0.002916,-0.032701,-0.254220,0.000000,0.000000,0.000000,0.000000
17.2667,0.310000,0.240000,-0.120000,0.670000,0.000000,0.000000,0.000000,0.133194,0.040009,-0.023624,-0.284119,0.000000,0.000000,0.000000,0.000000
17.2833,0.310000,0.240000,-0.120000,0.670000,0.000000,0.000000,0.000000,0.110613,0.070680,-0.014458,-0.309778,0.000000,0.000000,0.000000,0.000000
17.3000,0.310000,0.240000,-0.120000,0.670000,0.000000,0.000000,0.000000,0.089880,0.093905,-0.004842,-0.330689,0.000000,0.000000,0.000000,0.000000
17.3167,0.310000,0.240000,-0.120000,0.670000,0.000000,0.000000,0.000000,0.070907,0.108952,0.005694,-0.346369,0.000000,0.000000,0.000000,0.000000
17.3333,0.310000,0.240000,-0.120000,0.670000,0.000000,0.000000,0.000000,0.053585,0.115399,0.017567,-0.356449,0.000000,0.000000,0.000000,0.000000
17.3667,0.310000,0.240000,-0.120000,0.670000,0.000000,0.000000,0.000000,0.037892,0.113164,0.030976,-0.360746,0.000000,0.000000,0.000000,0.000000
17.4167,0.310000,0.240000,-0.120000,0.670000,0.000000,0.000000,0.000000,0.023959,0.102513,0.045803,-0.359297,0.000000,0.000000,0.000000,0.000000
17.4833,0.310000,0.240000,-0.120000,0.670000,0.000000,0.000000,0.000000,0.012113,0.084032,0.061586,-0.352350,0.000000,0.000000,0.000000,0.000000
17.5167,0.310000,0.240000,-0.120000,0.670000,0.000000,0.000000,0.000000,0.002855,0.058580,0.077601,-0.340320,0.000000,0.000000,0.000000,0.000000
17.5333,0.310000,0.240000,-0.120000,0.670000,0.000000,0.000000,0.000000,-0.003234,0.027189,0.093023,-0.323710,0.000000,0.000000,0.000000,0.000000
17.5500,0.310000,0.240000,-0.120000,0.670000,0.000000,0.000000,0.000000,-0.005599,-0.009024,0.107087,-0.303056,0.000000,0.000000,0.000000,0.000000
17.5667,0.310000,0.240000,-0.120000,0.670000,0.000000,0.000000,0.000000,-0.003794,-0.048908,0.119187,-0.278907,0.000000,0.000000,0.000000,0.000000
17.5833,0.310000,0.240000,-0.120000,0.670000,0.000000,0.000000,0.000000,0.002468,-0.091311,0.128911,-0.251840,0.000000,0.000000,0.000000,0.000000
17.6000,0.310000,0.240000,-0.120000,0.670000,0.000000,0.000000,0.000000,0.013258,-0.135097,0.136065,-0.222469,0.000000,0.000000,0.000000,0.000000
17.6167,0.310000,0.240000,-0.120000,0.670000,0.000000,0.000000,0.000000,0.028378,-0.179163,0.140666,-0.191447,0.000000,0.000000,0.000000,0.000000
17.6667,0.310000,0.240000,-0.120000,0.670000,0.000000,0.000000,0.000000,0.047314,-0.222435,0.142937,-0.159440,0.000000,0.000000,0.000000,0.000000
17.6833,0.310000,0.240000,-0.120000,0.670000,0.000000,0.000000,0.000000,0.069284,-0.263913,0.143247,-0.127097,0.000000,0.000000,0.000000,0.000000
17.7000,0.310000,0.240000,-0.120000,0.670000,0.000000,0.000000,0.000000,0.093369,-0.302745,0.142026,-0.095035,0.000000,0.000000,0.000000,0.000000
17.7167,0.310000,0.240000,-0.120000,0.670000,0.000000,0.000000,0.000000,0.118663,-0.338291,0.139670,-0.063829,0.000000,0.000000,0.000000,0.000000
17.7333,0.310000,0.240000,-0.120000,0.670000,0.000000,0.000000,0.000000,0.144357,-0.370130,0.136489,-0.034009,0.000000,0.000000,0.000000,0.000000
17.7500,0.310000,0.240000,-0.120000,0.670000,0.000000,0.000000,0.000000,0.169784,-0.398052,0.132683,-0.006039,0.000000,0.000000,0.000000,0.000000
17.7667,0.310000,0.240000,-0.120000,0.670000,0.000000,0.000000,0.000000,0.194418,-0.422032,0.128349,0.019719,0.000000,0.000000,0.000000,0.000000
17.7833,0.310000,0.240000,-0.120000,0.670000,0.000000,0.000000,0.000000,0.217859,-0.442200,0.123517,0.043039,0.000000,0.000000,0.000000,0.000000
17.8000,0.310000,0.240000,-0.120000,0.670000,0.000000,0.000000,0.000000,0.239807,-0.458795,0.118189,0.063866,0.000000,0.000000,0.000000,0.000000
17.8167,0.310000,0.240000,-0.120000,0.670000,0.000000,0.000000,0.000000,0.260041,-0.472123,0.112370,0.082329,0.000000,0.000000,0.000000,0.000000
17.8333,0.310000,0.240000,-0.120000,0.670000,0.000000,0.000000,0.000000,0.278401,-0.482513,0.106105,0.098738,0.000000,0.000000,0.000000,0.000000
17.8500,0.310000,0.240000,-0.120000,0.670000,0.000000,0.000000,0.000000,0.294772,-0.490279,0.099498,0.113582,0.000000,0.000000,0.000000,0.000000
17.8667,0.310000,0.240000,-0.120000,0.670000,0.000000,0.000000,0.000000,0.309058,-0.495682,0.092728,0.127514,0.000000,0.000000,0.000000,0.000000
17.8833,0.310000,0.240000,-0.120000,0.670000,0.000000,0.000000,0.000000,0.321165,-0.498911,0.086043,0.141350,0.000000,0.000000,0.000000,0.000000
17.9000,0.310000,0.240000,-0.120000,0.670000,0.000000,0.000000,0.000000,0.330994,-0.500063,0.079752,0.156051,0.000000,0.000000,0.000000,0.000000
17.9167,0.310000,0.240000,-0.120000,0.670000,0.000000,0.000000,0.000000,0.338424,-0.499130,0.074216,0.172726,0.000000,0.000000,0.000000,0.000000
17.9333,0.310000,0.240000,-0.120000,0.670000,0.000000,0.000000,0.000000,0.343297,-0.496004,0.069840,0.192629,0.000000,0.000000,0.000000,0.000000
17.9500,0.310000,0.240000,-0.120000,0.670000,0.000000,0.000000,0.000000,0.345412,-0.490487,0.067076,0.217159,0.000000,0.000000,0.000000,0.000000
17.9667,0.310000,0.240000,-0.120000,0.670000,0.000000,0.000000,0.000000,0.344522,-0.482306,0.066423,0.247846,0.000000,0.000000,0.000000,0.000000
17.9833,0.310000,0.240000,-0.120000,0.670000,0.000000,0.000000,0.000000,0.340334,-0.471134,0.068415,0.286314,0.000000,0.000000,0.000000,0.000000
18.0000,0.310000,0.240000,-0.120000,0.670000,0.000000,0.000000,0.000000,0.332529,-0.456613,0.073606,0.334240,0.000000,0.000000,0.000000,0.000000
18.0167,0.310000,0.240000,-0.120000,0.670000,0.000000,0.000000,0.000000,0.320765,-0.438378,0.082550,0.393284,0.000000,0.000000,0.000000,0.000000
18.0333,0.310000,0.240000,-0.120000,0.670000,0.000000,0.000000,0.000000,0.304709,-0.416092,0.095782,0.465003,0.000000,0.000000,0.000000,0.000000
18.0500,0.310000,0.240000,-0.120000,0.670000,0.000000,0.000000,0.000000,0.284055,-0.389485,0.113792,0.550745,0.000000,0.000000,0.000000,0.000000
18.0667,0.310000,0.240000,-0.120000,0.670000,0.000000,0.000000,0.000000,0.258569,-0.358394,0.136985,0.651514,0.000000,0.000000,0.000000,0.000000
18.0833,0.310000,0.240000,-0.120000,0.670000,0.000000,0.000000,0.000000,0.228135,-0.322807,0.165622,0.767816,0.000000,0.000000,0.000000,0.000000
18.1000,0.310000,0.240000,-0.120000,0.670000,0.000000,0.000000,0.000000,0.192808,-0.282910,0.199751,0.899483,0.000000,0.000000,0.000000,0.000000
18.1167,0.310000,0.240000,-0.120000,0.670000,0.000000,0.000000,0.000000,0.152889,-0.239139,0.239117,1.045466,0.000000,0.000000,0.000000,0.000000
18.1333,0.310000,0.240000,-0.120000,0.670000,0.000000,0.000000,0.000000,0.108997,-0.192235,0.283069,1.203604,0.000000,0.000000,0.000000,0.000000
18.1500,0.310000,0.240000,-0.120000,0.670000,0.000000,0.000000,0.000000,0.062175,-0.143309,0.330447,1.370360,0.000000,0.000000,0.000000,0.000000
18.1667,0.310000,0.240000,-0.120000,0.670000,0.000000,0.000000,0.000000,0.013994,-0.093913,0.379460,1.540545,0.000000,0.000000,0.000000,0.000000
18.2667,0.310000,0.240000,-0.120000,0.670000,0.000000,0.000000,0.000000,-0.033392,-0.046051,0.427650,1.707272,0.000000,0.000000,0.000000,0.000000
18.3833,0.310000,0.240000,-0.120000,0.670000,0.000000,0.000000,0.000000,-0.077447,-0.001997,0.472223,1.862668,0.000000,0.000000,0.000000,0.000000
18.5167,0.310000,0.240000,-0.120000,0.670000,0.000000,0.000000,0.000000,-0.115694,0.036088,0.510642,1.999233,0.000000,0.000000,0.000000,0.000000
18.5333,0.310000,0.240000,-0.120000,0.670000,0.000000,0.000000,0.000000,-0.146087,0.066504,0.540976,2.110836,0.000000,0.000000,0.000000,0.000000
18.5500,0.310000,0.240000,-0.120000,0.670000,0.000000,0.000000,0.000000,-0.167120,0.088102,0.561853,2.192954,0.000000,0.000000,0.000000,0.000000
18.5667,0.310000,0.240000,-0.120000,0.670000,0.000000,0.000000,0.000000,-0.177798,0.100217,0.572334,2.242540,0.000000,0.000000,0.000000,0.000000
18.5833,0.310000,0.240000,-0.120000,0.670000,0.000000,0.000000,0.000000,-0.177589,0.102604,0.571831,2.257867,0.000000,0.000000,0.000000,0.000000
18.6000,0.310000,0.240000,-0.120000,0.670000,0.000000,0.000000,0.000000,-0.166396,0.095384,0.560081,2.238425,0.000000,0.000000,0.000000,0.000000
18.6167,0.310000,0.240000,-0.120000,0.670000,0.000000,0.000000,0.000000,-0.144548,0.079028,0.537137,2.184888,0.000000,0.000000,0.000000,0.000000
18.6333,0.310000,0.240000,-0.120000,0.670000,0.000000,0.000000,0.000000,-0.112814,0.054356,0.503395,2.099145,0.000000,0.000000,0.000000,0.000000
18.6500,0.310000,0.240000,-0.120000,0.670000,0.000000,0.000000,0.000000,-0.072427,0.022560,0.459651,1.984393,0.000000,0.000000,0.000000,0.000000
18.6667,0.310000,0.240000,-0.120000,0.670000,0.000000,0.000000,0.000000,-0.025095,-0.014777,0.407206,1.845251,0.000000,0.000000,0.000000,0.000000
18.7333,0.310000,0.240000,-0.120000,0.670000,0.000000,0.000000,0.000000,0.027031,-0.055705,0.348023,1.687828,0.000000,0.000000,0.000000,0.000000
18.8333,0.310000,0.240000,-0.120000,0.670000,0.000000,0.000000,0.000000,0.081517,-0.098109,0.284812,1.519412,0.000000,0.000000,0.000000,0.000000
18.8500,0.310000,0.240000,-0.120000,0.670000,0.000000,0.000000,0.000000,0.135969,-0.140033,0.220685,1.347559,0.000000,0.000000,0.000000,0.000000
18.8667,0.310000,0.240000,-0.120000,0.670000,0.000000,0.000000,0.000000,0.188357,-0.179936,0.158458,1.178990,0.000000,0.000000,0.000000,0.000000
18.8833,0.310000,0.240000,-0.120000,0.670000,0.000000,0.000000,0.000000,0.237145,-0.216734,0.100197,1.018997,0.000000,0.000000,0.000000,0.000000
18.9000,0.310000,0.240000,-0.120000,0.670000,0.000000,0.000000,0.000000,0.281284,-0.249751,0.047233,0.871396,0.000000,0.000000,0.000000,0.000000
18.9167,0.310000,0.240000,-0.120000,0.670000,0.000000,0.000000,0.000000,0.320148,-0.278651,0.000327,0.738678,0.000000,0.000000,0.000000,0.000000
18.9333,0.310000,0.240000,-0.120000,0.670000,0.000000,0.000000,0.000000,0.353466,-0.303379,-0.040183,0.622194,0.000000,0.000000,0.000000,0.000000
18.9500,0.310000,0.240000,-0.120000,0.670000,0.000000,0.000000,0.000000,0.381252,-0.324103,-0.074263,0.522349,0.000000,0.000000,0.000000,0.000000
18.9667,0.310000,0.240000,-0.120000,0.670000,0.000000,0.000000,0.000000,0.403735,-0.341158,-0.102086,0.438805,0.000000,0.000000,0.000000,0.000000
18.9833,0.310000,0.240000,-0.120000,0.670000,0.000000,0.000000,0.000000,0.421295,-0.354978,-0.123977,0.370664,0.000000,0.000000,0.000000,0.000000
19.0000,0.310000,0.240000,-0.120000,0.670000,0.000000,0.000000,0.000000,0.434408,-0.366046,-0.140367,0.316632,0.000000,0.000000,0.000000,0.000000
19.0167,0.310000,0.240000,-0.120000,0.670000,0.000000,0.000000,0.000000,0.443597,-0.374845,-0.151763,0.275164,0.000000,0.000000,0.000000,0.000000
19.0333,0.310000,0.240000,-0.120000,0.670000,0.000000,0.000000,0.000000,0.449399,-0.381819,-0.158725,0.244575,0.000000,0.000000,0.000000,0.000000
19.0500,0.310000,0.240000,-0.120000,0.670000,0.000000,0.000000,0.000000,0.452333,-0.387358,-0.161849,0.223129,0.000000,0.000000,0.000000,0.000000
19.0667,0.310000,0.240000,-0.120000,0.670000,0.000000,0.000000,0.000000,0.452895,-0.391785,-0.161749,0.209107,0.000000,0.000000,0.000000,0.000000
19.0833,0.310000,0.240000,-0.120000,0.670000,0.000000,0.000000,0.000000,0.451544,-0.395360,-0.159039,0.200848,0.000000,0.000000,0.000000,0.000000
19.1000,0.310000,0.240000,-0.120000,0.670000,0.000000,0.000000,0.000000,0.448700,-0.398284,-0.154319,0.196786,0.000000,0.000000,0.000000,0.000000
19.1167,0.310000,0.240000,-0.120000,0.670000,0.000000,0.000000,0.000000,0.444745,-0.400697,-0.148172,0.195465,0.000000,0.000000,0.000000,0.000000
19.1333,0.310000,0.240000,-0.120000,0.670000,0.000000,0.000000,0.000000,0.440023,-0.402677,-0.141165,0.195556,0.000000,0.000000,0.000000,0.000000
19.1500,0.310000,0.240000,-0.120000,0.670000,0.000000,0.000000,0.000000,0.434847,-0.404239,-0.133848,0.195861,0.000000,0.000000,0.000000,0.000000
19.1667,0.310000,0.240000,-0.120000,0.670000,0.000000,0.000000,0.000000,0.429488,-0.405346,-0.126731,0.195310,0.000000,0.000000,0.000000,0.000000
19.1833,0.310000,0.240000,-0.120000,0.670000,0.000000,0.000000,0.000000,0.424169,-0.405912,-0.120254,0.192964,0.000000,0.000000,0.000000,0.000000
19.2000,0.310000,0.240000,-0.120000,0.670000,0.000000,0.000000,0.000000,0.419050,-0.405822,-0.114756,0.188014,0.000000,0.000000,0.000000,0.000000
19.2167,0.310000,0.240000,-0.120000,0.670000,0.000000,0.000000,0.000000,0.414207,-0.404943,-0.110436,0.179781,0.000000,0.000000,0.000000,0.000000
19.2333,0.310000,0.240000,-0.120000,0.670000,0.000000,0.000000,0.000000,0.409629,-0.403140,-0.107330,0.167724,0.000000,0.000000,0.000000,0.000000
19.2500,0.310000,0.240000,-0.120000,0.670000,0.000000,0.000000,0.000000,0.405198,-0.400288,-0.105288,0.151447,0.000000,0.000000,0.000000,0.000000
19.2667,0.310000,0.240000,-0.120000,0.670000,0.000000,0.000000,0.000000,0.400693,-0.396277,-0.103969,0.130708,0.000000,0.000000,0.000000,0.000000
19.2833,0.310000,0.240000,-0.120000,0.670000,0.000000,0.000000,0.000000,0.395790,-0.391015,-0.102868,0.105423,0.000000,0.000000,0.000000,0.000000
19.3000,0.310000,0.240000,-0.120000,0.670000,0.000000,0.000000,0.000000,0.390072,-0.384412,-0.101357,0.075687,0.000000,0.000000,0.000000,0.000000
19.3167,0.310000,0.240000,-0.120000,0.670000,0.000000,0.000000,0.000000,0.383037,-0.376380,-0.098744,0.041789,0.000000,0.000000,0.000000,0.000000
19.3333,0.310000,0.240000,-0.120000,0.670000,0.000000,0.000000,0.000000,0.374110,-0.366827,-0.094327,0.004240,0.000000,0.000000,0.000000,0.000000
19.3500,0.310000,0.240000,-0.120000,0.670000,0.000000,0.000000,0.000000,0.362655,-0.355664,-0.087453,-0.036223,0.000000,0.000000,0.000000,0.000000
19.3667,0.310000,0.240000,-0.120000,0.670000,0.000000,0.000000,0.000000,0.348014,-0.342811,-0.077573,-0.078633,0.000000,0.000000,0.000000,0.000000
19.3833,0.310000,0.240000,-0.120000,0.670000,0.000000,0.000000,0.000000,0.329568,-0.328214,-0.064307,-0.121816,0.000000,0.000000,0.000000,0.000000
19.4000,0.310000,0.240000,-0.120000,0.670000,0.000000,0.000000,0.000000,0.306821,-0.311860,-0.047492,-0.164435,0.000000,0.000000,0.000000,0.000000
19.4333,0.310000,0.240000,-0.120000,0.670000,0.000000,0.000000,0.000000,0.279502,-0.293804,-0.027228,-0.205072,0.000000,0.000000,0.000000,0.000000
19.4500,0.310000,0.240000,-0.120000,0.670000,0.000000,0.000000,0.000000,0.247645,-0.274198,-0.003885,-0.242355,0.000000,0.000000,0.000000,0.000000
19.4667,0.310000,0.240000,-0.120000,0.670000,0.000000,0.000000,0.000000,0.211618,-0.253319,0.021934,-0.275103,0.000000,0.000000,0.000000,0.000000
19.4833,0.310000,0.240000,-0.120000,0.670000,0.000000,0.000000,0.000000,0.172105,-0.231611,0.049458,-0.302442,0.000000,0.000000,0.000000,0.000000
19.5000,0.310000,0.240000,-0.120000,0.670000,0.000000,0.000000,0.000000,0.130095,-0.209705,0.077817,-0.323896,0.000000,0.000000,0.000000,0.000000
19.5667,0.310000,0.240000,-0.120000,0.670000,0.000000,0.000000,0.000000,0.086868,-0.188398,0.106096,-0.339435,0.000000,0.000000,0.000000,0.000000
19.5833,0.310000,0.240000,-0.120000,0.670000,0.000000,0.000000,0.000000,0.043880,-0.168567,0.133409,-0.349429,0.000000,0.000000,0.000000,0.000000
19.6000,0.310000,0.240000,-0.120000,0.670000,0.000000,0.000000,0.000000,0.002562,-0.151045,0.158985,-0.354478,0.000000,0.000000,0.000000,0.000000
19.6167,0.310000,0.240000,-0.120000,0.670000,0.000000,0.000000,0.000000,-0.035858,-0.136534,0.182227,-0.355255,0.000000,0.000000,0.000000,0.000000
19.6333,0.310000,0.240000,-0.120000,0.670000,0.000000,0.000000,0.000000,-0.070420,-0.125592,0.202699,-0.352394,0.000000,0.000000,0.000000,0.000000
19.7833,0.310000,0.240000,-0.120000,0.670000,0.000000,0.000000,0.000000,-0.100431,-0.118648,0.220101,-0.346439,0.000000,0.000000,0.000000,0.000000
19.8000,0.310000,0.240000,-0.120000,0.670000,0.000000,0.000000,0.000000,-0.125447,-0.116012,0.234247,-0.337816,0.000000,0.000000,0.000000,0.000000
19.8167,0.310000,0.240000,-0.120000,0.670000,0.000000,0.000000,0.000000,-0.145221,-0.117857,0.245038,-0.326832,0.000000,0.000000,0.000000,0.000000
19.8333,0.310000,0.240000,-0.120000,0.670000,0.000000,0.000000,0.000000,-0.159650,-0.124205,0.252452,-0.313683,0.000000,0.000000,0.000000,0.000000
19.8500,0.310000,0.240000,-0.120000,0.670000,0.000000,0.000000,0.000000,-0.168723,-0.134924,0.256523,-0.298480,0.000000,0.000000,0.000000,0.000000
19.8667,0.310000,0.240000,-0.120000,0.670000,0.000000,0.000000,0.000000,-0.172490,-0.149734,0.257336,-0.281281,0.000000,0.000000,0.000000,0.000000
19.8833,0.310000,0.240000,-0.120000,0.670000,0.000000,0.000000,0.000000,-0.171034,-0.168222,0.255028,-0.262129,0.000000,0.000000,0.000000,0.000000
19.9000,0.310000,0.240000,-0.120000,0.670000,0.000000,0.000000,0.000000,-0.164466,-0.189863,0.249789,-0.241088,0.000000,0.000000,0.000000,0.000000
19.9167,0.310000,0.240000,-0.120000,0.670000,0.000000,0.000000,0.000000,-0.152931,-0.214039,0.241868,-0.218272,0.000000,0.000000,0.000000,0.000000
19.9333,0.310000,0.240000,-0.120000,0.670000,0.000000,0.000000,0.000000,-0.136620,-0.240072,0.231560,-0.193867,0.000000,0.000000,0.000000,0.000000
19.9500,0.310000,0.240000,-0.120000,0.670000,0.000000,0.000000,0.000000,-0.115794,-0.267253,0.219201,-0.168134,0.000000,0.000000,0.000000,0.000000
19.9667,0.310000,0.240000,-0.120000,0.670000,0.000000,0.000000,0.000000,-0.090812,-0.294878,0.205161,-0.141404,0.000000,0.000000,0.000000,0.000000
19.9833,0.310000,0.240000,-0.120000,0.670000,0.000000,0.000000,0.000000,-0.062166,-0.322265,0.189843,-0.114050,0.000000,0.000000,0.000000,0.000000
20.0000,0.310000,0.240000,-0.120000,0.670000,0.000000,0.000000,0.000000,-0.030517,-0.348774,0.173694,-0.086457,0.000000,0.000000,0.000000,0.000000
20.0167,0.310000,0.240000,-0.120000,0.670000,0.000000,0.000000,0.000000,0.003285,-0.373814,0.157217,-0.059004,0.000000,0.000000,0.000000,0.000000
20.0333,0.310000,0.240000,-0.120000,0.670000,0.000000,0.000000,0.000000,0.038216,-0.396863,0.140985,-0.032064,0.000000,0.000000,0.000000,0.000000
20.0667,0.310000,0.240000,-0.120000,0.670000,0.000000,0.000000,0.000000,0.073135,-0.417494,0.125623,-0.006019,0.000000,0.000000,0.000000,0.000000
20.0833,0.310000,0.240000,-0.120000,0.670000,0.000000,0.000000,0.000000,0.106928,-0.435404,0.111735,0.018721,0.000000,0.000000,0.000000,0.000000
20.1000,0.310000,0.240000,-0.120000,0.670000,0.000000,0.000000,0.000000,0.138665,-0.450438,0.099778,0.041735,0.000000,0.000000,0.000000,0.000000
20.1167,0.310000,0.240000,-0.120000,0.670000,0.000000,0.000000,0.000000,0.167692,-0.462576,0.089996,0.062613,0.000000,0.000000,0.000000,0.000000
20.1333,0.310000,0.240000,-0.120000,0.670000,0.000000,0.000000,0.000000,0.193629,-0.471922,0.082427,0.080989,0.000000,0.000000,0.000000,0.000000
20.1500,0.310000,0.240000,-0.120000,0.670000,0.000000,0.000000,0.000000,0.216325,-0.478686,0.076953,0.096579,0.000000,0.000000,0.000000,0.000000
20.1667,0.310000,0.240000,-0.120000,0.670000,0.000000,0.000000,0.000000,0.235812,-0.483161,0.073363,0.109202,0.000000,0.000000,0.000000,0.000000
20.1833,0.310000,0.240000,-0.120000,0.670000,0.000000,0.000000,0.000000,0.252256,-0.485694,0.071390,0.118781,0.000000,0.000000,0.000000,0.000000
20.2000,0.310000,0.240000,-0.120000,0.670000,0.000000,0.000000,0.000000,0.265917,-0.486653,0.070743,0.125344,0.000000,0.000000,0.000000,0.000000
20.2167,0.310000,0.240000,-0.120000,0.670000,0.000000,0.000000,0.000000,0.277108,-0.486395,0.071125,0.129011,0.000000,0.000000,0.000000,0.000000
20.2333,0.310000,0.240000,-0.120000,0.670000,0.000000,0.000000,0.000000,0.286161,-0.485246,0.072263,0.129997,0.000000,0.000000,0.000000,0.000000
20.2500,0.310000,0.240000,-0.120000,0.670000,0.000000,0.000000,0.000000,0.293402,-0.483488,0.073933,0.128615,0.000000,0.000000,0.000000,0.000000
20.2667,0.310000,0.240000,-0.120000,0.670000,0.000000,0.000000,0.000000,0.299121,-0.481355,0.075981,0.125282,0.000000,0.000000,0.000000,0.000000
20.2833,0.310000,0.240000,-0.120000,0.670000,0.000000,0.000000,0.000000,0.303563,-0.479018,0.078325,0.120521,0.000000,0.000000,0.000000,0.000000
20.3000,0.310000,0.240000,-0.120000,0.670000,0.000000,0.000000,0.000000,0.306912,-0.476586,0.080951,0.114967,0.000000,0.000000,0.000000,0.000000
20.3167,0.310000,0.240000,-0.120000,0.670000,0.000000,0.000000,0.000000,0.309283,-0.474090,0.083906,0.109365,0.000000,0.000000,0.000000,0.000000
20.3333,0.310000,0.240000,-0.120000,0.670000,0.000000,0.000000,0.000000,0.310718,-0.471487,0.087298,0.104578,0.000000,0.000000,0.000000,0.000000
20.3500,0.310000,0.240000,-0.120000,0.670000,0.000000,0.000000,0.000000,0.311177,-0.468650,0.091291,0.101587,0.000000,0.000000,0.000000,0.000000
20.3667,0.310000,0.240000,-0.120000,0.670000,0.000000,0.000000,0.000000,0.310535,-0.465374,0.096106,0.101500,0.000000,0.000000,0.000000,0.000000
20.3833,0.310000,0.240000,-0.120000,0.670000,0.000000,0.000000,0.000000,0.308593,-0.461375,0.102004,0.105548,0.000000,0.000000,0.000000,0.000000
20.4000,0.310000,0.240000,-0.120000,0.670000,0.000000,0.000000,0.000000,0.305079,-0.456290,0.109285,0.115091,0.000000,0.000000,0.000000,0.000000
20.4167,0.310000,0.240000,-0.120000,0.670000,0.000000,0.000000,0.000000,0.299664,-0.449688,0.118266,0.131600,0.000000,0.000000,0.000000,0.000000
20.4333,0.310000,0.240000,-0.120000,0.670000,0.000000,0.000000,0.000000,0.291970,-0.441079,0.129275,0.156638,0.000000,0.000000,0.000000,0.000000
20.4500,0.310000,0.240000,-0.120000,0.670000,0.000000,0.000000,0.000000,0.281587,-0.429936,0.142642,0.191818,0.000000,0.000000,0.000000,0.000000
20.4667,0.310000,0.240000,-0.120000,0.670000,0.000000,0.000000,0.000000,0.268088,-0.415724,0.158696,0.238742,0.000000,0.000000,0.000000,0.000000
20.4833,0.310000,0.240000,-0.120000,0.670000,0.000000,0.000000,0.000000,0.251053,-0.397932,0.177749,0.298927,0.000000,0.000000,0.000000,0.000000
20.5000,0.310000,0.240000,-0.120000,0.670000,0.000000,0.000000,0.000000,0.230091,-0.376113,0.200081,0.373707,0.000000,0.000000,0.000000,0.000000
20.5167,0.310000,0.240000,-0.120000,0.670000,0.000000,0.000000,0.000000,0.204877,-0.349913,0.225909,0.464119,0.000000,0.000000,0.000000,0.000000
20.5333,0.310000,0.240000,-0.120000,0.670000,0.000000,0.000000,0.000000,0.175184,-0.319126,0.255349,0.570764,0.000000,0.000000,0.000000,0.000000
20.5500,0.310000,0.240000,-0.120000,0.670000,0.000000,0.000000,0.000000,0.140936,-0.283730,0.288368,0.693650,0.000000,0.000000,0.000000,0.000000
20.5667,0.310000,0.240000,-0.120000,0.670000,0.000000,0.000000,0.000000,0.102272,-0.243952,0.324723,0.832013,0.000000,0.000000,0.000000,0.000000
20.5833,0.310000,0.240000,-0.120000,0.670000,0.000000,0.000000,0.000000,0.059620,-0.200326,0.363896,0.984106,0.000000,0.000000,0.000000,0.000000
20.6000,0.310000,0.240000,-0.120000,0.670000,0.000000,0.000000,0.000000,0.013783,-0.153769,0.405025,1.146981,0.000000,0.000000,0.000000,0.000000
20.6167,0.310000,0.240000,-0.120000,0.670000,0.000000,0.000000,0.000000,-0.033945,-0.105657,0.446804,1.316254,0.000000,0.000000,0.000000,0.000000
20.6500,0.310000,0.240000,-0.120000,0.670000,0.000000,0.000000,0.000000,-0.081645,-0.057894,0.487357,1.485882,0.000000,0.000000,0.000000,0.000000
20.8167,0.310000,0.240000,-0.120000,0.670000,0.000000,0.000000,0.000000,-0.126722,-0.012864,0.524231,1.648209,0.000000,0.000000,0.000000,0.000000
20.8500,0.310000,0.240000,-0.120000,0.670000,0.000000,0.000000,0.000000,-0.166177,0.026883,0.554783,1.794870,0.000000,0.000000,0.000000,0.000000
20.8667,0.310000,0.240000,-0.120000,0.670000,0.000000,0.000000,0.000000,-0.197183,0.059119,0.576783,1.918286,0.000000,0.000000,0.000000,0.000000
20.8833,0.310000,0.240000,-0.120000,0.670000,0.000000,0.000000,0.000000,-0.217575,0.082222,0.588695,2.012635,0.000000,0.000000,0.000000,0.000000
20.9000,0.310000,0.240000,-0.120000,0.670000,0.000000,0.000000,0.000000,-0.226064,0.095205,0.589561,2.074003,0.000000,0.000000,0.000000,0.000000
20.9500,0.310000,0.240000,-0.120000,0.670000,0.000000,0.000000,0.000000,-0.222247,0.097663,0.578855,2.100241,0.000000,0.000000,0.000000,0.000000
20.9667,0.310000,0.240000,-0.120000,0.670000,0.000000,0.000000,0.000000,-0.206474,0.089693,0.556447,2.090803,0.000000,0.000000,0.000000,0.000000
21.0667,0.310000,0.240000,-0.120000,0.670000,0.000000,0.000000,0.000000,-0.179612,0.071813,0.522643,2.046589,0.000000,0.000000,0.000000,0.000000
21.0833,0.310000,0.240000,-0.120000,0.670000,0.000000,0.000000,0.000000,-0.142922,0.044933,0.478252,1.969903,0.000000,0.000000,0.000000,0.000000
21.1000,0.310000,0.240000,-0.120000,0.670000,0.000000,0.000000,0.000000,-0.098069,0.010403,0.424644,1.864548,0.000000,0.000000,0.000000,0.000000
21.1500,0.310000,0.240000,-0.120000,0.670000,0.000000,0.000000,0.000000,-0.047155,-0.029945,0.363892,1.735941,0.000000,0.000000,0.000000,0.000000
21.2500,0.310000,0.240000,-0.120000,0.670000,0.000000,0.000000,0.000000,0.007383,-0.073914,0.298859,1.590935,0.000000,0.000000,0.000000,0.000000
21.2667,0.310000,0.240000,-0.120000,0.670000,0.000000,0.000000,0.000000,0.063064,-0.119253,0.232859,1.436987,0.000000,0.000000,0.000000,0.000000
21.2833,0.310000,0.240000,-0.120000,0.670000,0.000000,0.000000,0.000000,0.117686,-0.164011,0.168915,1.280993,0.000000,0.000000,0.000000,0.000000
21.3000,0.310000,0.240000,-0.120000,0.670000,0.000000,0.000000,0.000000,0.169502,-0.206688,0.109258,1.128573,0.000000,0.000000,0.000000,0.000000
21.3167,0.310000,0.240000,-0.120000,0.670000,0.000000,0.000000,0.000000,0.217238,-0.246232,0.055341,0.983943,0.000000,0.000000,0.000000,0.000000
21.3333,0.310000,0.240000,-0.120000,0.670000,0.000000,0.000000,0.000000,0.260058,-0.281986,0.008011,0.850033,0.000000,0.000000,0.000000,0.000000
21.3500,0.310000,0.240000,-0.120000,0.670000,0.000000,0.000000,0.000000,0.297508,-0.313617,-0.032344,0.728644,0.000000,0.000000,0.000000,0.000000
21.3667,0.310000,0.240000,-0.120000,0.670000,0.000000,0.000000,0.000000,0.329451,-0.341050,-0.065698,0.620639,0.000000,0.000000,0.000000,0.000000
21.3833,0.310000,0.240000,-0.120000,0.670000,0.000000,0.000000,0.000000,0.355992,-0.364385,-0.092311,0.526133,0.000000,0.000000,0.000000,0.000000
21.4000,0.310000,0.240000,-0.120000,0.670000,0.000000,0.000000,0.000000,0.377418,-0.383833,-0.112668,0.444670,0.000000,0.000000,0.000000,0.000000
21.4167,0.310000,0.240000,-0.120000,0.670000,0.000000,0.000000,0.000000,0.394141,-0.399660,-0.127413,0.375366,0.000000,0.000000,0.000000,0.000000
21.4333,0.310000,0.240000,-0.120000,0.670000,0.000000,0.000000,0.000000,0.406651,-0.412141,-0.137292,0.317031,0.000000,0.000000,0.000000,0.000000
21.4500,0.310000,0.240000,-0.120000,0.670000,0.000000,0.000000,0.000000,0.415470,-0.421535,-0.143097,0.268264,0.000000,0.000000,0.000000,0.000000
21.4667,0.310000,0.240000,-0.120000,0.670000,0.000000,0.000000,0.000000,0.421105,-0.428063,-0.145609,0.227549,0.000000,0.000000,0.000000,0.000000
21.4833,0.310000,0.240000,-0.120000,0.670000,0.000000,0.000000,0.000000,0.423999,-0.431900,-0.145547,0.193334,0.000000,0.000000,0.000000,0.000000
21.5000,0.310000,0.240000,-0.120000,0.670000,0.000000,0.000000,0.000000,0.424494,-0.433167,-0.143521,0.164105,0.000000,0.000000,0.000000,0.000000
21.5167,0.310000,0.240000,-0.120000,0.670000,0.000000,0.000000,0.000000,0.422790,-0.431933,-0.139992,0.138444,0.000000,0.000000,0.000000,0.000000
21.5333,0.310000,0.240000,-0.120000,0.670000,0.000000,0.000000,0.000000,0.418937,-0.428218,-0.135247,0.115070,0.000000,0.000000,0.000000,0.000000
21.5500,0.310000,0.240000,-0.120000,0.670000,0.000000,0.000000,0.000000,0.412843,-0.421995,-0.129392,0.092857,0.000000,0.000000,0.000000,0.000000
21.5667,0.310000,0.240000,-0.120000,0.670000,0.000000,0.000000,0.000000,0.404307,-0.413201,-0.122365,0.070844,0.000000,0.000000,0.000000,0.000000
21.5833,0.310000,0.240000,-0.120000,0.670000,0.000000,0.000000,0.000000,0.393064,-0.401749,-0.113966,0.048255,0.000000,0.000000,0.000000,0.000000
21.6000,0.310000,0.240000,-0.120000,0.670000,0.000000,0.000000,0.000000,0.378826,-0.387540,-0.103895,0.024525,0.000000,0.000000,0.000000,0.000000
21.6167,0.310000,0.240000,-0.120000,0.670000,0.000000,0.000000,0.000000,0.361306,-0.370476,-0.091787,-0.000667,0.000000,0.000000,0.000000,0.000000
21.6333,0.310000,0.240000,-0.120000,0.670000,0.000000,0.000000,0.000000,0.340230,-0.350489,-0.077251,-0.027376,0.000000,0.000000,0.000000,0.000000
21.6500,0.310000,0.240000,-0.120000,0.670000,0.000000,0.000000,0.000000,0.315366,-0.327574,-0.059913,-0.055375,0.000000,0.000000,0.000000,0.000000
21.6667,0.310000,0.240000,-0.120000,0.670000,0.000000,0.000000,0.000000,0.286561,-0.301823,-0.039483,-0.084157,0.000000,0.000000,0.000000,0.000000
21.6833,0.310000,0.240000,-0.120000,0.670000,0.000000,0.000000,0.000000,0.253816,-0.273452,-0.015864,-0.112947,0.000000,0.000000,0.000000,0.000000
21.7000,0.310000,0.240000,-0.120000,0.670000,0.000000,0.000000,0.000000,0.217375,-0.242830,0.010734,-0.140743,0.000000,0.000000,0.000000,0.000000
21.7833,0.310000,0.240000,-0.120000,0.670000,0.000000,0.000000,0.000000,0.177830,-0.210495,0.039704,-0.166420,0.000000,0.000000,0.000000,0.000000
21.8333,0.310000,0.240000,-0.120000,0.670000,0.000000,0.000000,0.000000,0.136161,-0.177168,0.070093,-0.188975,0.000000,0.000000,0.000000,0.000000
21.8500,0.310000,0.240000,-0.120000,0.670000,0.000000,0.000000,0.000000,0.093624,-0.143690,0.100818,-0.207806,0.000000,0.000000,0.000000,0.000000
21.8667,0.310000,0.240000,-0.120000,0.670000,0.000000,0.000000,0.000000,0.051532,-0.110933,0.130907,-0.222805,0.000000,0.000000,0.000000,0.000000
21.8833,0.310000,0.240000,-0.120000,0.670000,0.000000,0.000000,0.000000,0.011080,-0.079717,0.159626,-0.234259,0.000000,0.000000,0.000000,0.000000
21.9000,0.310000,0.240000,-0.120000,0.670000,0.000000,0.000000,0.000000,-0.026742,-0.050750,0.186488,-0.242695,0.000000,0.000000,0.000000,0.000000
21.9167,0.310000,0.240000,-0.120000,0.670000,0.000000,0.000000,0.000000,-0.061184,-0.024599,0.211210,-0.248742,0.000000,0.000000,0.000000,0.000000
21.9333,0.310000,0.240000,-0.120000,0.670000,0.000000,0.000000,0.000000,-0.091744,-0.001668,0.233659,-0.253029,0.000000,0.000000,0.000000,0.000000
21.9500,0.310000,0.240000,-0.120000,0.670000,0.000000,0.000000,0.000000,-0.118144,0.017801,0.253796,-0.256110,0.000000,0.000000,0.000000,0.000000
21.9667,0.310000,0.240000,-0.120000,0.670000,0.000000,0.000000,0.000000,-0.140296,0.033709,0.271632,-0.258424,0.000000,0.000000,0.000000,0.000000
21.9833,0.310000,0.240000,-0.120000,0.670000,0.000000,0.000000,0.000000,-0.158264,0.046068,0.287201,-0.260284,0.000000,0.000000,0.000000,0.000000
22.0000,0.310000,0.240000,-0.120000,0.670000,0.000000,0.000000,0.000000,-0.172231,0.054961,0.300539,-0.261863,0.000000,0.000000,0.000000,0.000000
22.0167,0.310000,0.240000,-0.120000,0.670000,0.000000,0.000000,0.000000,-0.182470,0.060506,0.311668,-0.263204,0.000000,0.000000,0.000000,0.000000
22.0500,0.310000,0.240000,-0.120000,0.670000,0.000000,0.000000,0.000000,-0.189314,0.062830,0.320589,-0.264222,0.000000,0.000000,0.000000,0.000000
22.0833,0.310000,0.240000,-0.120000,0.670000,0.000000,0.000000,0.000000,-0.193119,0.062039,0.327278,-0.264737,0.000000,0.000000,0.000000,0.000000
22.1000,0.310000,0.240000,-0.120000,0.670000,0.000000,0.000000,0.000000,-0.194207,0.058206,0.331700,-0.264503,0.000000,0.000000,0.000000,0.000000
22.1167,0.310000,0.240000,-0.120000,0.670000,0.000000,0.000000,0.000000,-0.192828,0.051354,0.333819,-0.263251,0.000000,0.000000,0.000000,0.000000
22.1333,0.310000,0.240000,-0.120000,0.670000,0.000000,0.000000,0.000000,-0.189135,0.041465,0.333598,-0.260708,0.000000,0.000000,0.000000,0.000000
22.1500,0.310000,0.240000,-0.120000,0.670000,0.000000,0.000000,0.000000,-0.183182,0.028491,0.330997,-0.256609,0.000000,0.000000,0.000000,0.000000
22.1667,0.310000,0.240000,-0.120000,0.670000,0.000000,0.000000,0.000000,-0.174930,0.012380,0.325965,-0.250703,0.000000,0.000000,0.000000,0.000000
22.1833,0.310000,0.240000,-0.120000,0.670000,0.000000,0.000000,0.000000,-0.164263,-0.006895,0.318452,-0.242764,0.000000,0.000000,0.000000,0.000000
22.2000,0.310000,0.240000,-0.120000,0.670000,0.000000,0.000000,0.000000,-0.150997,-0.029309,0.308416,-0.232602,0.000000,0.000000,0.000000,0.000000
22.2167,0.310000,0.240000,-0.120000,0.670000,0.000000,0.000000,0.000000,-0.134910,-0.054750,0.295852,-0.220079,0.000000,0.000000,0.000000,0.000000
22.2333,0.310000,0.240000,-0.120000,0.670000,0.000000,0.000000,0.000000,-0.115763,-0.082995,0.280809,-0.205132,0.000000,0.000000,0.000000,0.000000
22.2500,0.310000,0.240000,-0.120000,0.670000,0.000000,0.000000,0.000000,-0.093353,-0.113691,0.263418,-0.187793,0.000000,0.000000,0.000000,0.000000
22.2667,0.310000,0.240000,-0.120000,0.670000,0.000000,0.000000,0.000000,-0.067572,-0.146344,0.243916,-0.168200,0.000000,0.000000,0.000000,0.000000
22.2833,0.310000,0.240000,-0.120000,0.670000,0.000000,0.000000,0.000000,-0.038489,-0.180331,0.222673,-0.146595,0.000000,0.000000,0.000000,0.000000
22.3000,0.310000,0.240000,-0.120000,0.670000,0.000000,0.000000,0.000000,-0.006449,-0.214917,0.200216,-0.123306,0.000000,0.000000,0.000000,0.000000
22.3167,0.310000,0.240000,-0.120000,0.670000,0.000000,0.000000,0.000000,0.027836,-0.249283,0.177256,-0.098720,0.000000,0.000000,0.000000,0.000000
22.4000,0.310000,0.240000,-0.120000,0.670000,0.000000,0.000000,0.000000,0.063259,-0.282555,0.154699,-0.073272,0.000000,0.000000,0.000000,0.000000
22.4167,0.310000,0.240000,-0.120000,0.670000,0.000000,0.000000,0.000000,0.098487,-0.313894,0.133541,-0.047433,0.000000,0.000000,0.000000,0.000000
22.4333,0.310000,0.240000,-0.120000,0.670000,0.000000,0.000000,0.000000,0.132260,-0.342623,0.114690,-0.021705,0.000000,0.000000,0.000000,0.000000
22.4500,0.310000,0.240000,-0.120000,0.670000,0.000000,0.000000,0.000000,0.163608,-0.368296,0.098812,0.003394,0.000000,0.000000,0.000000,0.000000
22.4667,0.310000,0.240000,-0.120000,0.670000,0.000000,0.000000,0.000000,0.191888,-0.390697,0.086304,0.027348,0.000000,0.000000,0.000000,0.000000
22.4833,0.310000,0.240000,-0.120000,0.670000,0.000000,0.000000,0.000000,0.216728,-0.409789,0.077309,0.049688,0.000000,0.000000,0.000000,0.000000
22.5000,0.310000,0.240000,-0.120000,0.670000,0.000000,0.000000,0.000000,0.237967,-0.425674,0.071753,0.070025,0.000000,0.000000,0.000000,0.000000
22.5167,0.310000,0.240000,-0.120000,0.670000,0.000000,0.000000,0.000000,0.255596,-0.438546,0.069389,0.088085,0.000000,0.000000,0.000000,0.000000
22.5333,0.310000,0.240000,-0.120000,0.670000,0.000000,0.000000,0.000000,0.269718,-0.448662,0.069837,0.103717,0.000000,0.000000,0.000000,0.000000
22.5500,0.310000,0.240000,-0.120000,0.670000,0.000000,0.000000,0.000000,0.280529,-0.456321,0.072627,0.116881,0.000000,0.000000,0.000000,0.000000
22.5667,0.310000,0.240000,-0.120000,0.670000,0.000000,0.000000,0.000000,0.288308,-0.461851,0.077236,0.127632,0.000000,0.000000,0.000000,0.000000
22.5833,0.310000,0.240000,-0.120000,0.670000,0.000000,0.000000,0.000000,0.293404,-0.465590,0.083116,0.136091,0.000000,0.000000,0.000000,0.000000
22.6000,0.310000,0.240000,-0.120000,0.670000,0.000000,0.000000,0.000000,0.296232,-0.467866,0.089710,0.142428,0.000000,0.000000,0.000000,0.000000
22.6167,0.310000,0.240000,-0.120000,0.670000,0.000000,0.000000,0.000000,0.297242,-0.468984,0.096476,0.146855,0.000000,0.000000,0.000000,0.000000
22.6333,0.310000,0.240000,-0.120000,0.670000,0.000000,0.000000,0.000000,0.296897,-0.469208,0.102907,0.149616,0.000000,0.000000,0.000000,0.000000
22.6500,0.310000,0.240000,-0.120000,0.670000,0.000000,0.000000,0.000000,0.295642,-0.468759,0.108566,0.150995,0.000000,0.000000,0.000000,0.000000
22.6667,0.310000,0.240000,-0.120000,0.670000,0.000000,0.000000,0.000000,0.293877,-0.467812,0.113106,0.151322,0.000000,0.000000,0.000000,0.000000
22.6833,0.310000,0.240000,-0.120000,0.670000,0.000000,0.000000,0.000000,0.291937,-0.466491,0.116286,0.150988,0.000000,0.000000,0.000000,0.000000
22.7000,0.310000,0.240000,-0.120000,0.670000,0.000000,0.000000,0.000000,0.290080,-0.464871,0.117979,0.150462,0.000000,0.000000,0.000000,0.000000
22.7167,0.310000,0.240000,-0.120000,0.670000,0.000000,0.000000,0.000000,0.288485,-0.462975,0.118164,0.150307,0.000000,0.000000,0.000000,0.000000
22.7333,0.310000,0.240000,-0.120000,0.670000,0.000000,0.000000,0.000000,0.287250,-0.460781,0.116927,0.151185,0.000000,0.000000,0.000000,0.000000
22.7500,0.310000,0.240000,-0.120000,0.670000,0.000000,0.000000,0.000000,0.286398,-0.458222,0.114447,0.153875,0.000000,0.000000,0.000000,0.000000
22.7667,0.310000,0.240000,-0.120000,0.670000,0.000000,0.000000,0.000000,0.285890,-0.455194,0.110990,0.159266,0.000000,0.000000,0.000000,0.000000
22.7833,0.310000,0.240000,-0.120000,0.670000,0.000000,0.000000,0.000000,0.285628,-0.451560,0.106906,0.168361,0.000000,0.000000,0.000000,0.000000
22.8000,0.310000,0.240000,-0.120000,0.670000,0.000000,0.000000,0.000000,0.285462,-0.447161,0.102625,0.182270,0.000000,0.000000,0.000000,0.000000
22.8167,0.310000,0.240000,-0.120000,0.670000,0.000000,0.000000,0.000000,0.285198,-0.441819,0.098656,0.202185,0.000000,0.000000,0.000000,0.000000
22.8333,0.310000,0.240000,-0.120000,0.670000,0.000000,0.000000,0.000000,0.284602,-0.435351,0.095589,0.229360,0.000000,0.000000,0.000000,0.000000
22.8500,0.310000,0.240000,-0.120000,0.670000,0.000000,0.000000,0.000000,0.283404,-0.427576,0.094088,0.265065,0.000000,0.000000,0.000000,0.000000
22.8667,0.310000,0.240000,-0.120000,0.670000,0.000000,0.000000,0.000000,0.281304,-0.418328,0.094883,0.310535,0.000000,0.000000,0.000000,0.000000
22.8833,0.310000,0.240000,-0.120000,0.670000,0.000000,0.000000,0.000000,0.277988,-0.407463,0.098755,0.366914,0.000000,0.000000,0.000000,0.000000
22.9000,0.310000,0.240000,-0.120000,0.670000,0.000000,0.000000,0.000000,0.273148,-0.394877,0.106507,0.435170,0.000000,0.000000,0.000000,0.000000
22.9167,0.310000,0.240000,-0.120000,0.670000,0.000000,0.000000,0.000000,0.266510,-0.380522,0.118929,0.516010,0.000000,0.000000,0.000000,0.000000
22.9333,0.310000,0.240000,-0.120000,0.670000,0.000000,0.000000,0.000000,0.257867,-0.364431,0.136750,0.609768,0.000000,0.000000,0.000000,0.000000
22.9500,0.310000,0.240000,-0.120000,0.670000,0.000000,0.000000,0.000000,0.247125,-0.346744,0.160593,0.716274,0.000000,0.000000,0.000000,0.000000
22.9667,0.310000,0.240000,-0.120000,0.670000,0.000000,0.000000,0.000000,0.234347,-0.327736,0.190925,0.834688,0.000000,0.000000,0.000000,0.000000
22.9833,0.310000,0.240000,-0.120000,0.670000,0.000000,0.000000,0.000000,0.219825,-0.307863,0.227998,0.963326,0.000000,0.000000,0.000000,0.000000
23.0000,0.310000,0.240000,-0.120000,0.670000,0.000000,0.000000,0.000000,0.204149,-0.287793,0.271769,1.099454,0.000000,0.000000,0.000000,0.000000
23.0167,0.310000,0.240000,-0.120000,0.670000,0.000000,0.000000,0.000000,0.188289,-0.268432,0.321788,1.239094,0.000000,0.000000,0.000000,0.000000
23.1167,0.310000,0.240000,-0.120000,0.670000,0.000000,0.000000,0.000000,0.173651,-0.250946,0.377030,1.376938,0.000000,0.000000,0.000000,0.000000
23.2167,0.310000,0.240000,-0.120000,0.670000,0.000000,0.000000,0.000000,0.162008,-0.236718,0.435761,1.506785,0.000000,0.000000,0.000000,0.000000
23.2333,0.310000,0.240000,-0.120000,0.670000,0.000000,0.000000,0.000000,0.155138,-0.227124,0.495691,1.622648,0.000000,0.000000,0.000000,0.000000
23.2500,0.310000,0.240000,-0.120000,0.670000,0.000000,0.000000,0.000000,0.154305,-0.223152,0.554414,1.719944,0.000000,0.000000,0.000000,0.000000
23.2667,0.310000,0.240000,-0.120000,0.670000,0.000000,0.000000,0.000000,0.159919,-0.225115,0.609734,1.796065,0.000000,0.000000,0.000000,0.000000
23.3500,0.310000,0.240000,-0.120000,0.670000,0.000000,0.000000,0.000000,0.171535,-0.232616,0.659716,1.850303,0.000000,0.000000,0.000000,0.000000
23.3667,0.310000,0.240000,-0.120000,0.670000,0.000000,0.000000,0.000000,0.188090,-0.244742,0.702689,1.883359,0.000000,0.000000,0.000000,0.000000
23.3833,0.310000,0.240000,-0.120000,0.670000,0.000000,0.000000,0.000000,0.208252,-0.260345,0.737279,1.896687,0.000000,0.000000,0.000000,0.000000
23.4000,0.310000,0.240000,-0.120000,0.670000,0.000000,0.000000,0.000000,0.230683,-0.278267,0.762417,1.891980,0.000000,0.000000,0.000000,0.000000
23.4167,0.310000,0.240000,-0.120000,0.670000,0.000000,0.000000,0.000000,0.254147,-0.297432,0.777316,1.870913,0.000000,0.000000,0.000000,0.000000
23.4333,0.310000,0.240000,-0.120000,0.670000,0.000000,0.000000,0.000000,0.277558,-0.316884,0.781425,1.835023,0.000000,0.000000,0.000000,0.000000
23.4500,0.310000,0.240000,-0.120000,0.670000,0.000000,0.000000,0.000000,0.300020,-0.335798,0.774394,1.785661,0.000000,0.000000,0.000000,0.000000
23.4667,0.310000,0.240000,-0.120000,0.670000,0.000000,0.000000,0.000000,0.320838,-0.353482,0.756075,1.723994,0.000000,0.000000,0.000000,0.000000
23.4833,0.310000,0.240000,-0.120000,0.670000,0.000000,0.000000,0.000000,0.339527,-0.369376,0.726525,1.651053,0.000000,0.000000,0.000000,0.000000
23.5000,0.310000,0.240000,-0.120000,0.670000,0.000000,0.000000,0.000000,0.355787,-0.383045,0.686049,1.567824,0.000000,0.000000,0.000000,0.000000
23.5167,0.310000,0.240000,-0.120000,0.670000,0.000000,0.000000,0.000000,0.369487,-0.394168,0.635256,1.475371,0.000000,0.000000,0.000000,0.000000
23.5333,0.310000,0.240000,-0.120000,0.670000,0.000000,0.000000,0.000000,0.380631,-0.402548,0.575136,1.374977,0.000000,0.000000,0.000000,0.000000
23.5500,0.310000,0.240000,-0.120000,0.670000,0.000000,0.000000,0.000000,0.389328,-0.408110,0.507159,1.268320,0.000000,0.000000,0.000000,0.000000
23.5667,0.310000,0.240000,-0.120000,0.670000,0.000000,0.000000,0.000000,0.395768,-0.410917,0.433390,1.157659,0.000000,0.000000,0.000000,0.000000
23.6667,0.310000,0.240000,-0.120000,0.670000,0.000000,0.000000,0.000000,0.400170,-0.411169,0.356510,1.045909,0.000000,0.000000,0.000000,0.000000
23.6833,0.310000,0.240000,-0.120000,0.670000,0.000000,0.000000,0.000000,0.402756,-0.409190,0.279494,0.936350,0.000000,0.000000,0.000000,0.000000
23.7000,0.310000,0.240000,-0.120000,0.670000,0.000000,0.000000,0.000000,0.403733,-0.405384,0.205047,0.832026,0.000000,0.000000,0.000000,0.000000
23.7167,0.310000,0.240000,-0.120000,0.670000,0.000000,0.000000,0.000000,0.403307,-0.400193,0.135249,0.735316,0.000000,0.000000,0.000000,0.000000
23.7333,0.310000,0.240000,-0.120000,0.670000,0.000000,0.000000,0.000000,0.401698,-0.394071,0.071533,0.647851,0.000000,0.000000,0.000000,0.000000
23.7500,0.310000,0.240000,-0.120000,0.670000,0.000000,0.000000,0.000000,0.399146,-0.387464,0.014786,0.570583,0.000000,0.000000,0.000000,0.000000
23.7667,0.310000,0.240000,-0.120000,0.670000,0.000000,0.000000,0.000000,0.395918,-0.380789,-0.034559,0.503879,0.000000,0.000000,0.000000,0.000000
23.7833,0.310000,0.240000,-0.120000,0.670000,0.000000,0.000000,0.000000,0.392299,-0.374406,-0.076449,0.447630,0.000000,0.000000,0.000000,0.000000
23.8000,0.310000,0.240000,-0.120000,0.670000,0.000000,0.000000,0.000000,0.388566,-0.368600,-0.111124,0.401353,0.000000,0.000000,0.000000,0.000000
23.8167,0.310000,0.240000,-0.120000,0.670000,0.000000,0.000000,0.000000,0.384965,-0.363574,-0.139036,0.364290,0.000000,0.000000,0.000000,0.000000
23.8333,0.310000,0.240000,-0.120000,0.670000,0.000000,0.000000,0.000000,0.381685,-0.359456,-0.160760,0.335504,0.000000,0.000000,0.000000,0.000000
23.8500,0.310000,0.240000,-0.120000,0.670000,0.000000,0.000000,0.000000,0.378850,-0.356317,-0.176927,0.313947,0.000000,0.000000,0.000000,0.000000
23.8667,0.310000,0.240000,-0.120000,0.670000,0.000000,0.000000,0.000000,0.376520,-0.354179,-0.188181,0.298529,0.000000,0.000000,0.000000,0.000000
23.8833,0.310000,0.240000,-0.120000,0.670000,0.000000,0.000000,0.000000,0.374708,-0.353024,-0.195154,0.288152,0.000000,0.000000,0.000000,0.000000
23.9000,0.310000,0.240000,-0.120000,0.670000,0.000000,0.000000,0.000000,0.373392,-0.352801,-0.198447,0.281751,0.000000,0.000000,0.000000,0.000000
23.9167,0.310000,0.240000,-0.120000,0.670000,0.000000,0.000000,0.000000,0.372526,-0.353427,-0.198629,0.278315,0.000000,0.000000,0.000000,0.000000
23.9333,0.310000,0.240000,-0.120000,0.670000,0.000000,0.000000,0.000000,0.372051,-0.354793,-0.196234,0.276905,0.000000,0.000000,0.000000,0.000000
23.9500,0.310000,0.240000,-0.120000,0.670000,0.000000,0.000000,0.000000,0.371897,-0.356757,-0.191768,0.276666,0.000000,0.000000,0.000000,0.000000
23.9667,0.310000,0.240000,-0.120000,0.670000,0.000000,0.000000,0.000000,0.371987,-0.359151,-0.185722,0.276833,0.000000,0.000000,0.000000,0.000000
23.9833,0.310000,0.240000,-0.120000,0.670000,0.000000,0.000000,0.000000,0.372232,-0.361780,-0.178572,0.276735,0.000000,0.000000,0.000000,0.000000
24.0000,0.310000,0.240000,-0.120000,0.670000,0.000000,0.000000,0.000000,0.372538,-0.364426,-0.170777,0.275787,0.000000,0.000000,0.000000,0.000000
24.0167,0.310000,0.240000,-0.120000,0.670000,0.000000,0.000000,0.000000,0.372797,-0.366853,-0.162769,0.273478,0.000000,0.000000,0.000000,0.000000
24.0333,0.310000,0.240000,-0.120000,0.670000,0.000000,0.000000,0.000000,0.372888,-0.368811,-0.154930,0.269359,0.000000,0.000000,0.000000,0.000000
24.0500,0.310000,0.240000,-0.120000,0.670000,0.000000,0.000000,0.000000,0.372665,-0.370048,-0.147565,0.263041,0.000000,0.000000,0.000000,0.000000
24.0667,0.310000,0.240000,-0.120000,0.670000,0.000000,0.000000,0.000000,0.371947,-0.370311,-0.140881,0.254192,0.000000,0.000000,0.000000,0.000000
24.0833,0.310000,0.240000,-0.120000,0.670000,0.000000,0.000000,0.000000,0.370508,-0.369354,-0.134970,0.242550,0.000000,0.000000,0.000000,0.000000
24.1000,0.310000,0.240000,-0.120000,0.670000,0.000000,0.000000,0.000000,0.368062,-0.366939,-0.129795,0.227922,0.000000,0.000000,0.000000,0.000000
24.1167,0.310000,0.240000,-0.120000,0.670000,0.000000,0.000000,0.000000,0.364269,-0.362847,-0.125174,0.210196,0.000000,0.000000,0.000000,0.000000
24.1333,0.310000,0.240000,-0.120000,0.670000,0.000000,0.000000,0.000000,0.358743,-0.356882,-0.120781,0.189339,0.000000,0.000000,0.000000,0.000000
24.1500,0.310000,0.240000,-0.120000,0.670000,0.000000,0.000000,0.000000,0.351083,-0.348875,-0.116154,0.165399,0.000000,0.000000,0.000000,0.000000
24.1667,0.310000,0.240000,-0.120000,0.670000,0.000000,0.000000,0.000000,0.340899,-0.338693,-0.110712,0.138516,0.000000,0.000000,0.000000,0.000000
24.1833,0.310000,0.240000,-0.120000,0.670000,0.000000,0.000000,0.000000,0.327845,-0.326237,-0.103789,0.108925,0.000000,0.000000,0.000000,0.000000
24.2000,0.310000,0.240000,-0.120000,0.670000,0.000000,0.000000,0.000000,0.311644,-0.311463,-0.094673,0.076978,0.000000,0.000000,0.000000,0.000000
24.2167,0.310000,0.240000,-0.120000,0.670000,0.000000,0.000000,0.000000,0.292102,-0.294398,-0.082657,0.043157,0.000000,0.000000,0.000000,0.000000
24.2333,0.310000,0.240000,-0.120000,0.670000,0.000000,0.000000,0.000000,0.269124,-0.275166,-0.067111,0.008093,0.000000,0.000000,0.000000,0.000000
24.2500,0.310000,0.240000,-0.120000,0.670000,0.000000,0.000000,0.000000,0.242740,-0.254004,-0.047576,-0.027435,0.000000,0.000000,0.000000,0.000000
24.2833,0.310000,0.240000,-0.120000,0.670000,0.000000,0.000000,0.000000,0.213140,-0.231277,-0.023894,-0.062516,0.000000,0.000000,0.000000,0.000000
24.3000,0.310000,0.240000,-0.120000,0.670000,0.000000,0.000000,0.000000,0.180732,-0.207508,0.003682,-0.096162,0.000000,0.000000,0.000000,0.000000
24.3167,0.310000,0.240000,-0.120000,0.670000,0.000000,0.000000,0.000000,0.146227,-0.183446,0.034412,-0.127395,0.000000,0.000000,0.000000,0.000000
24.6833,0.310000,0.240000,-0.120000,0.670000,0.000000,0.000000,0.000000,0.110677,-0.160096,0.067088,-0.155329,0.000000,0.000000,0.000000,0.000000
24.7000,0.310000,0.240000,-0.120000,0.670000,0.000000,0.000000,0.000000,0.075347,-0.138596,0.100221,-0.179236,0.000000,0.000000,0.000000,0.000000
24.7167,0.310000,0.240000,-0.120000,0.670000,0.000000,0.000000,0.000000,0.041470,-0.119993,0.132354,-0.198596,0.000000,0.000000,0.000000,0.000000
24.7333,0.310000,0.240000,-0.120000,0.670000,0.000000,0.000000,0.000000,0.010078,-0.105090,0.162268,-0.213095,0.000000,0.000000,0.000000,0.000000
24.7500,0.310000,0.240000,-0.120000,0.670000,0.000000,0.000000,0.000000,-0.018006,-0.094438,0.189023,-0.222595,0.000000,0.000000,0.000000,0.000000
24.7667,0.310000,0.240000,-0.120000,0.670000,0.000000,0.000000,0.000000,-0.042129,-0.088377,0.211938,-0.227085,0.000000,0.000000,0.000000,0.000000
24.7833,0.310000,0.240000,-0.120000,0.670000,0.000000,0.000000,0.000000,-0.061775,-0.087074,0.230558,-0.226648,0.000000,0.000000,0.000000,0.000000
24.8000,0.310000,0.240000,-0.120000,0.670000,0.000000,0.000000,0.000000,-0.076542,-0.090543,0.244626,-0.221421,0.000000,0.000000,0.000000,0.000000
24.8167,0.310000,0.240000,-0.120000,0.670000,0.000000,0.000000,0.000000,-0.086127,-0.098661,0.254055,-0.211583,0.000000,0.000000,0.000000,0.000000
24.8333,0.310000,0.240000,-0.120000,0.670000,0.000000,0.000000,0.000000,-0.090307,-0.111179,0.258899,-0.197356,0.000000,0.000000,0.000000,0.000000
24.8500,0.310000,0.240000,-0.120000,0.670000,0.000000,0.000000,0.000000,-0.088936,-0.127731,0.259330,-0.179031,0.000000,0.000000,0.000000,0.000000
24.8667,0.310000,0.240000,-0.120000,0.670000,0.000000,0.000000,0.000000,-0.081944,-0.147847,0.255612,-0.157006,0.000000,0.000000,0.000000,0.000000
24.8833,0.310000,0.240000,-0.120000,0.670000,0.000000,0.000000,0.000000,-0.069346,-0.170967,0.248082,-0.131812,0.000000,0.000000,0.000000,0.000000
24.9000,0.310000,0.240000,-0.120000,0.670000,0.000000,0.000000,0.000000,-0.051282,-0.196449,0.237144,-0.104129,0.000000,0.000000,0.000000,0.000000
24.9167,0.310000,0.240000,-0.120000,0.670000,0.000000,0.000000,0.000000,-0.028057,-0.223589,0.223253,-0.074778,0.000000,0.000000,0.000000,0.000000
24.9333,0.310000,0.240000,-0.120000,0.670000,0.000000,0.000000,0.000000,-0.000204,-0.251627,0.206919,-0.044697,0.000000,0.000000,0.000000,0.000000
24.9667,0.310000,0.240000,-0.120000,0.670000,0.000000,0.000000,0.000000,0.031466,-0.279761,0.188713,-0.014904,0.000000,0.000000,0.000000,0.000000
25.0167,0.310000,0.240000,-0.120000,0.670000,0.000000,0.000000,0.000000,0.065850,-0.307171,0.169281,0.013593,0.000000,0.000000,0.000000,0.000000
25.0333,0.310000,0.240000,-0.120000,0.670000,0.000000,0.000000,0.000000,0.101657,-0.333082,0.149316,0.039909,0.000000,0.000000,0.000000,0.000000
25.0500,0.310000,0.240000,-0.120000,0.670000,0.000000,0.000000,0.000000,0.137592,-0.356855,0.129471,0.063381,0.000000,0.000000,0.000000,0.000000
25.0667,0.310000,0.240000,-0.120000,0.670000,0.000000,0.000000,0.000000,0.172531,-0.378037,0.110273,0.083604,0.000000,0.000000,0.000000,0.000000
25.0833,0.310000,0.240000,-0.120000,0.670000,0.000000,0.000000,0.000000,0.205592,-0.396370,0.092077,0.100431,0.000000,0.000000,0.000000,0.000000
25.1000,0.310000,0.240000,-0.120000,0.670000,0.000000,0.000000,0.000000,0.236149,-0.411768,0.075079,0.113970,0.000000,0.000000,0.000000,0.000000
25.1167,0.310000,0.240000,-0.120000,0.670000,0.000000,0.000000,0.000000,0.263805,-0.424292,0.059360,0.124555,0.000000,0.000000,0.000000,0.000000
25.1333,0.310000,0.240000,-0.120000,0.670000,0.000000,0.000000,0.000000,0.288346,-0.434105,0.044933,0.132728,0.000000,0.000000,0.000000,0.000000
25.1500,0.310000,0.240000,-0.120000,0.670000,0.000000,0.000000,0.000000,0.309689,-0.441434,0.031784,0.139207,0.000000,0.000000,0.000000,0.000000
25.1667,0.310000,0.240000,-0.120000,0.670000,0.000000,0.000000,0.000000,0.327822,-0.446523,0.019896,0.144873,0.000000,0.000000,0.000000,0.000000
25.1833,0.310000,0.240000,-0.120000,0.670000,0.000000,0.000000,0.000000,0.342763,-0.449593,0.009280,0.150758,0.000000,0.000000,0.000000,0.000000
25.2000,0.310000,0.240000,-0.120000,0.670000,0.000000,0.000000,0.000000,0.354515,-0.450821,-0.000017,0.158040,0.000000,0.000000,0.000000,0.000000
25.2167,0.310000,0.240000,-0.120000,0.670000,0.000000,0.000000,0.000000,0.363053,-0.450320,-0.007897,0.168042,0.000000,0.000000,0.000000,0.000000
25.2333,0.310000,0.240000,-0.120000,0.670000,0.000000,0.000000,0.000000,0.368315,-0.448137,-0.014221,0.182217,0.000000,0.000000,0.000000,0.000000
25.2500,0.310000,0.240000,-0.120000,0.670000,0.000000,0.000000,0.000000,0.370200,-0.444256,-0.018809,0.202127,0.000000,0.000000,0.000000,0.000000
25.2667,0.310000,0.240000,-0.120000,0.670000,0.000000,0.000000,0.000000,0.368571,-0.438614,-0.021439,0.229412,0.000000,0.000000,0.000000,0.000000
25.2833,0.310000,0.240000,-0.120000,0.670000,0.000000,0.000000,0.000000,0.363272,-0.431107,-0.021838,0.265742,0.000000,0.000000,0.000000,0.000000
25.3000,0.310000,0.240000,-0.120000,0.670000,0.000000,0.000000,0.000000,0.354133,-0.421609,-0.019684,0.312758,0.000000,0.000000,0.000000,0.000000
25.3167,0.310000,0.240000,-0.120000,0.670000,0.000000,0.000000,0.000000,0.340994,-0.409977,-0.014612,0.372001,0.000000,0.000000,0.000000,0.000000
25.3333,0.310000,0.240000,-0.120000,0.670000,0.000000,0.000000,0.000000,0.323716,-0.396065,-0.006227,0.444822,0.000000,0.000000,0.000000,0.000000
25.3500,0.310000,0.240000,-0.120000,0.670000,0.000000,0.000000,0.000000,0.302201,-0.379737,0.005885,0.532280,0.000000,0.000000,0.000000,0.000000
25.3667,0.310000,0.240000,-0.120000,0.670000,0.000000,0.000000,0.000000,0.276411,-0.360898,0.022140,0.635009,0.000000,0.000000,0.000000,0.000000
25.3833,0.310000,0.240000,-0.120000,0.670000,0.000000,0.000000,0.000000,0.246397,-0.339508,0.042937,0.753075,0.000000,0.000000,0.000000,0.000000
25.4000,0.310000,0.240000,-0.120000,0.670000,0.000000,0.000000,0.000000,0.212343,-0.315621,0.068616,0.885800,0.000000,0.000000,0.000000,0.000000
25.4167,0.310000,0.240000,-0.120000,0.670000,0.000000,0.000000,0.000000,0.174617,-0.289411,0.099414,1.031565,0.000000,0.000000,0.000000,0.000000
25.4333,0.310000,0.240000,-0.120000,0.670000,0.000000,0.000000,0.000000,0.133863,-0.261222,0.135390,1.187604,0.000000,0.000000,0.000000,0.000000
25.4500,0.310000,0.240000,-0.120000,0.670000,0.000000,0.000000,0.000000,0.091108,-0.231617,0.176317,1.349785,0.000000,0.000000,0.000000,0.000000
25.5500,0.310000,0.240000,-0.120000,0.670000,0.000000,0.000000,0.000000,0.047885,-0.201450,0.221535,1.512510,0.000000,0.000000,0.000000,0.000000
25.5667,0.310000,0.240000,-0.120000,0.670000,0.000000,0.000000,0.000000,0.006316,-0.171974,0.269742,1.668959,0.000000,0.000000,0.000000,0.000000
25.7167,0.310000,0.240000,-0.120000,0.670000,0.000000,0.000000,0.000000,-0.030959,-0.144870,0.318876,1.811750,0.000000,0.000000,0.000000,0.000000
25.7333,0.310000,0.240000,-0.120000,0.670000,0.000000,0.000000,0.000000,-0.061209,-0.121973,0.366374,1.933940,0.000000,0.000000,0.000000,0.000000
25.7500,0.310000,0.240000,-0.120000,0.670000,0.000000,0.000000,0.000000,-0.082268,-0.104731,0.409694,2.030036,0.000000,0.000000,0.000000,0.000000
25.7667,0.310000,0.240000,-0.120000,0.670000,0.000000,0.000000,0.000000,-0.092985,-0.093867,0.446622,2.096579,0.000000,0.000000,0.000000,0.000000
25.7833,0.310000,0.240000,-0.120000,0.670000,0.000000,0.000000,0.000000,-0.093315,-0.089353,0.475246,2.132195,0.000000,0.000000,0.000000,0.000000
25.8833,0.310000,0.240000,-0.120000,0.670000,0.000000,0.000000,0.000000,-0.084177,-0.090555,0.493869,2.137350,0.000000,0.000000,0.000000,0.000000
25.9000,0.310000,0.240000,-0.120000,0.670000,0.000000,0.000000,0.000000,-0.067076,-0.096527,0.501073,2.113781,0.000000,0.000000,0.000000,0.000000
25.9167,0.310000,0.240000,-0.120000,0.670000,0.000000,0.000000,0.000000,-0.043564,-0.106399,0.495876,2.063692,0.000000,0.000000,0.000000,0.000000
26.0000,0.310000,0.240000,-0.120000,0.670000,0.000000,0.000000,0.000000,-0.014895,-0.119631,0.477903,1.989245,0.000000,0.000000,0.000000,0.000000
26.0167,0.310000,0.240000,-0.120000,0.670000,0.000000,0.000000,0.000000,0.017982,-0.135980,0.447510,1.892594,0.000000,0.000000,0.000000,0.000000
26.0667,0.310000,0.240000,-0.120000,0.670000,0.000000,0.000000,0.000000,0.054248,-0.155282,0.405919,1.776289,0.000000,0.000000,0.000000,0.000000
26.0833,0.310000,0.240000,-0.120000,0.670000,0.000000,0.000000,0.000000,0.092980,-0.177197,0.355361,1.643778,0.000000,0.000000,0.000000,0.000000
26.1833,0.310000,0.240000,-0.120000,0.670000,0.000000,0.000000,0.000000,0.132977,-0.201041,0.299072,1.499714,0.000000,0.000000,0.000000,0.000000
26.2000,0.310000,0.240000,-0.120000,0.670000,0.000000,0.000000,0.000000,0.172800,-0.225837,0.240791,1.349674,0.000000,0.000000,0.000000,0.000000
26.2167,0.310000,0.240000,-0.120000,0.670000,0.000000,0.000000,0.000000,0.211022,-0.250536,0.183847,1.199279,0.000000,0.000000,0.000000,0.000000
26.2333,0.310000,0.240000,-0.120000,0.670000,0.000000,0.000000,0.000000,0.246461,-0.274187,0.130549,1.053387,0.000000,0.000000,0.000000,0.000000
26.2500,0.310000,0.240000,-0.120000,0.670000,0.000000,0.000000,0.000000,0.278259,-0.295996,0.082188,0.915790,0.000000,0.000000,0.000000,0.000000
26.2667,0.310000,0.240000,-0.120000,0.670000,0.000000,0.000000,0.000000,0.305892,-0.315352,0.039295,0.789225,0.000000,0.000000,0.000000,0.000000
26.2833,0.310000,0.240000,-0.120000,0.670000,0.000000,0.000000,0.000000,0.329135,-0.331840,0.001887,0.675472,0.000000,0.000000,0.000000,0.000000
26.3000,0.310000,0.240000,-0.120000,0.670000,0.000000,0.000000,0.000000,0.348019,-0.345243,-0.030346,0.575470,0.000000,0.000000,0.000000,0.000000
26.3167,0.310000,0.240000,-0.120000,0.670000,0.000000,0.000000,0.000000,0.362785,-0.355532,-0.057912,0.489451,0.000000,0.000000,0.000000,0.000000
26.3333,0.310000,0.240000,-0.120000,0.670000,0.000000,0.000000,0.000000,0.373837,-0.362836,-0.081419,0.417065,0.000000,0.000000,0.000000,0.000000
26.3500,0.310000,0.240000,-0.120000,0.670000,0.000000,0.000000,0.000000,0.381689,-0.367410,-0.101506,0.357512,0.000000,0.000000,0.000000,0.000000
26.3667,0.310000,0.240000,-0.120000,0.670000,0.000000,0.000000,0.000000,0.386915,-0.369584,-0.118785,0.309654,0.000000,0.000000,0.000000,0.000000
26.3833,0.310000,0.240000,-0.120000,0.670000,0.000000,0.000000,0.000000,0.390090,-0.369723,-0.133794,0.272120,0.000000,0.000000,0.000000,0.000000
26.4000,0.310000,0.240000,-0.120000,0.670000,0.000000,0.000000,0.000000,0.391749,-0.368193,-0.146967,0.243389,0.000000,0.000000,0.000000,0.000000
26.4167,0.310000,0.240000,-0.120000,0.670000,0.000000,0.000000,0.000000,0.392346,-0.365327,-0.158612,0.221863,0.000000,0.000000,0.000000,0.000000
26.4333,0.310000,0.240000,-0.120000,0.670000,0.000000,0.000000,0.000000,0.392223,-0.361399,-0.168919,0.205938,0.000000,0.000000,0.000000,0.000000
26.4500,0.310000,0.240000,-0.120000,0.670000,0.000000,0.000000,0.000000,0.391588,-0.356600,-0.177983,0.194053,0.000000,0.000000,0.000000,0.000000
26.4667,0.310000,0.240000,-0.120000,0.670000,0.000000,0.000000,0.000000,0.390507,-0.351022,-0.185837,0.184741,0.000000,0.000000,0.000000,0.000000
26.4833,0.310000,0.240000,-0.120000,0.670000,0.000000,0.000000,0.000000,0.388904,-0.344660,-0.192485,0.176654,0.000000,0.000000,0.000000,0.000000
26.5000,0.310000,0.240000,-0.120000,0.670000,0.000000,0.000000,0.000000,0.386577,-0.337412,-0.197927,0.168586,0.000000,0.000000,0.000000,0.000000
26.5167,0.310000,0.240000,-0.120000,0.670000,0.000000,0.000000,0.000000,0.383216,-0.329096,-0.202153,0.159493,0.000000,0.000000,0.000000,0.000000
26.5333,0.310000,0.240000,-0.120000,0.670000,0.000000,0.000000,0.000000,0.378423,-0.319476,-0.205131,0.148508,0.000000,0.000000,0.000000,0.000000
26.5500,0.310000,0.240000,-0.120000,0.670000,0.000000,0.000000,0.000000,0.371738,-0.308288,-0.206780,0.134956,0.000000,0.000000,0.000000,0.000000
26.5667,0.310000,0.240000,-0.120000,0.670000,0.000000,0.000000,0.000000,0.362661,-0.295278,-0.206943,0.118367,0.000000,0.000000,0.000000,0.000000
26.5833,0.310000,0.240000,-0.120000,0.670000,0.000000,0.000000,0.000000,0.350691,-0.280233,-0.205360,0.098483,0.000000,0.000000,0.000000,0.000000
26.6000,0.310000,0.240000,-0.120000,0.670000,0.000000,0.000000,0.000000,0.335358,-0.263013,-0.201655,0.075261,0.000000,0.000000,0.000000,0.000000
26.6167,0.310000,0.240000,-0.120000,0.670000,0.000000,0.000000,0.000000,0.316278,-0.243580,-0.195338,0.048865,0.000000,0.000000,0.000000,0.000000
26.6333,0.310000,0.240000,-0.120000,0.670000,0.000000,0.000000,0.000000,0.293194,-0.222023,-0.185829,0.019671,0.000000,0.000000,0.000000,0.000000
26.6500,0.310000,0.240000,-0.120000,0.670000,0.000000,0.000000,0.000000,0.266024,-0.198577,-0.172534,-0.011743,0.000000,0.000000,0.000000,0.000000
26.6667,0.310000,0.240000,-0.120000,0.670000,0.000000,0.000000,0.000000,0.234909,-0.173634,-0.154956,-0.044605,0.000000,0.000000,0.000000,0.000000
26.6833,0.310000,0.240000,-0.120000,0.670000,0.000000,0.000000,0.000000,0.200273,-0.147749,-0.132856,-0.077962,0.000000,0.000000,0.000000,0.000000
26.7500,0.310000,0.240000,-0.120000,0.670000,0.000000,0.000000,0.000000,0.162900,-0.121610,-0.106457,-0.110754,0.000000,0.000000,0.000000,0.000000
26.8833,0.310000,0.240000,-0.120000,0.670000,0.000000,0.000000,0.000000,0.123968,-0.095923,-0.076619,-0.141975,0.000000,0.000000,0.000000,0.000000
26.9000,0.310000,0.240000,-0.120000,0.670000,0.000000,0.000000,0.000000,0.084904,-0.071279,-0.044752,-0.170874,0.000000,0.000000,0.000000,0.000000
26.9167,0.310000,0.240000,-0.120000,0.670000,0.000000,0.000000,0.000000,0.047084,-0.048094,-0.012416,-0.197028,0.000000,0.000000,0.000000,0.000000
26.9333,0.310000,0.240000,-0.120000,0.670000,0.000000,0.000000,0.000000,0.011615,-0.026639,0.019032,-0.220288,0.000000,0.000000,0.000000,0.000000
26.9500,0.310000,0.240000,-0.120000,0.670000,0.000000,0.000000,0.000000,-0.020717,-0.007088,0.048556,-0.240694,0.000000,0.000000,0.000000,0.000000
26.9667,0.310000,0.240000,-0.120000,0.670000,0.000000,0.000000,0.000000,-0.049428,0.010457,0.075439,-0.258400,0.000000,0.000000,0.000000,0.000000
26.9833,0.310000,0.240000,-0.120000,0.670000,0.000000,0.000000,0.000000,-0.074300,0.025940,0.099258,-0.273616,0.000000,0.000000,0.000000,0.000000
27.0000,0.310000,0.240000,-0.120000,0.670000,0.000000,0.000000,0.000000,-0.095338,0.039341,0.119835,-0.286564,0.000000,0.000000,0.000000,0.000000
27.0167,0.310000,0.240000,-0.120000,0.670000,0.000000,0.000000,0.000000,-0.112711,0.050669,0.137190,-0.297456,0.000000,0.000000,0.000000,0.000000
27.0333,0.310000,0.240000,-0.120000,0.670000,0.000000,0.000000,0.000000,-0.126700,0.059957,0.151482,-0.306474,0.000000,0.000000,0.000000,0.000000
27.0500,0.310000,0.240000,-0.120000,0.670000,0.000000,0.000000,0.000000,-0.137645,0.067249,0.162963,-0.313772,0.000000,0.000000,0.000000,0.000000
27.0667,0.310000,0.240000,-0.120000,0.670000,0.000000,0.000000,0.000000,-0.145910,0.072577,0.171945,-0.319469,0.000000,0.000000,0.000000,0.000000
27.0833,0.310000,0.240000,-0.120000,0.670000,0.000000,0.000000,0.000000,-0.151848,0.075948,0.178762,-0.323657,0.000000,0.000000,0.000000,0.000000
27.1000,0.310000,0.240000,-0.120000,0.670000,0.000000,0.000000,0.000000,-0.155782,0.077325,0.183752,-0.326399,0.000000,0.000000,0.000000,0.000000
27.1333,0.310000,0.240000,-0.120000,0.670000,0.000000,0.000000,0.000000,-0.157978,0.076626,0.187225,-0.327734,0.000000,0.000000,0.000000,0.000000
27.1500,0.310000,0.240000,-0.120000,0.670000,0.000000,0.000000,0.000000,-0.158638,0.073726,0.189447,-0.327679,0.000000,0.000000,0.000000,0.000000
27.1667,0.310000,0.240000,-0.120000,0.670000,0.000000,0.000000,0.000000,-0.157884,0.068475,0.190611,-0.326230,0.000000,0.000000,0.000000,0.000000
27.1833,0.310000,0.240000,-0.120000,0.670000,0.000000,0.000000,0.000000,-0.155756,0.060724,0.190830,-0.323358,0.000000,0.000000,0.000000,0.000000
27.2000,0.310000,0.240000,-0.120000,0.670000,0.000000,0.000000,0.000000,-0.152208,0.050351,0.190121,-0.319012,0.000000,0.000000,0.000000,0.000000
27.2667,0.310000,0.240000,-0.120000,0.670000,0.000000,0.000000,0.000000,-0.147121,0.037281,0.188414,-0.313114,0.000000,0.000000,0.000000,0.000000
27.3000,0.310000,0.240000,-0.120000,0.670000,0.000000,0.000000,0.000000,-0.140313,0.021503,0.185558,-0.305564,0.000000,0.000000,0.000000,0.000000
27.3167,0.310000,0.240000,-0.120000,0.670000,0.000000,0.000000,0.000000,-0.131570,0.003070,0.181349,-0.296248,0.000000,0.000000,0.000000,0.000000
27.3333,0.310000,0.240000,-0.120000,0.670000,0.000000,0.000000,0.000000,-0.120667,-0.017893,0.175560,-0.285045,0.000000,0.000000,0.000000,0.000000
27.3500,0.310000,0.240000,-0.120000,0.670000,0.000000,0.000000,0.000000,-0.107387,-0.041189,0.167980,-0.271851,0.000000,0.000000,0.000000,0.000000
27.3667,0.310000,0.240000,-0.120000,0.670000,0.000000,0.000000,0.000000,-0.091537,-0.066541,0.158449,-0.256609,0.000000,0.000000,0.000000,0.000000
27.3833,0.310000,0.240000,-0.120000,0.670000,0.000000,0.000000,0.000000,-0.072970,-0.093596,0.146885,-0.239331,0.000000,0.000000,0.000000,0.000000
27.4000,0.310000,0.240000,-0.120000,0.670000,0.000000,0.000000,0.000000,-0.051610,-0.121926,0.133311,-0.220126,0.000000,0.000000,0.000000,0.000000
27.4167,0.310000,0.240000,-0.120000,0.670000,0.000000,0.000000,0.000000,-0.027499,-0.151035,0.117864,-0.199200,0.000000,0.000000,0.000000,0.000000
27.4333,0.310000,0.240000,-0.120000,0.670000,0.000000,0.000000,0.000000,-0.000842,-0.180358,0.100812,-0.176855,0.000000,0.000000,0.000000,0.000000
27.4500,0.310000,0.240000,-0.120000,0.670000,0.000000,0.000000,0.000000,0.027929,-0.209272,0.082568,-0.153462,0.000000,0.000000,0.000000,0.000000
27.5000,0.310000,0.240000,-0.120000,0.670000,0.000000,0.000000,0.000000,0.058120,-0.237116,0.063696,-0.129419,0.000000,0.000000,0.000000,0.000000
27.5167,0.310000,0.240000,-0.120000,0.670000,0.000000,0.000000,0.000000,0.088848,-0.263270,0.044869,-0.105113,0.000000,0.000000,0.000000,0.000000
27.5333,0.310000,0.240000,-0.120000,0.670000,0.000000,0.000000,0.000000,0.119199,-0.287241,0.026772,-0.080891,0.000000,0.000000,0.000000,0.000000
27.5500,0.310000,0.240000,-0.120000,0.670000,0.000000,0.000000,0.000000,0.148392,-0.308709,0.010008,-0.057059,0.000000,0.000000,0.000000,0.000000
27.5667,0.310000,0.240000,-0.120000,0.670000,0.000000,0.000000,0.000000,0.175872,-0.327513,-0.004976,-0.033893,0.000000,0.000000,0.000000,0.000000
27.5833,0.310000,0.240000,-0.120000,0.670000,0.000000,0.000000,0.000000,0.201327,-0.343624,-0.017910,-0.011662,0.000000,0.000000,0.000000,0.000000
27.6000,0.310000,0.240000,-0.120000,0.670000,0.000000,0.000000,0.000000,0.224651,-0.357110,-0.028682,0.009377,0.000000,0.000000,0.000000,0.000000
27.6167,0.310000,0.240000,-0.120000,0.670000,0.000000,0.000000,0.000000,0.245883,-0.368115,-0.037297,0.028993,0.000000,0.000000,0.000000,0.000000
27.6333,0.310000,0.240000,-0.120000,0.670000,0.000000,0.000000,0.000000,0.265127,-0.376841,-0.043824,0.047004,0.000000,0.000000,0.000000,0.000000
27.6500,0.310000,0.240000,-0.120000,0.670000,0.000000,0.000000,0.000000,0.282502,-0.383532,-0.048359,0.063297,0.000000,0.000000,0.000000,0.000000
27.6667,0.310000,0.240000,-0.120000,0.670000,0.000000,0.000000,0.000000,0.298103,-0.388455,-0.051004,0.077835,0.000000,0.000000,0.000000,0.000000
27.6833,0.310000,0.240000,-0.120000,0.670000,0.000000,0.000000,0.000000,0.311999,-0.391872,-0.051877,0.090655,0.000000,0.000000,0.000000,0.000000
27.7000,0.310000,0.240000,-0.120000,0.670000,0.000000,0.000000,0.000000,0.324234,-0.394021,-0.051126,0.101846,0.000000,0.000000,0.000000,0.000000
27.7167,0.310000,0.240000,-0.120000,0.670000,0.000000,0.000000,0.000000,0.334855,-0.395104,-0.048950,0.111530,0.000000,0.000000,0.000000,0.000000
27.7333,0.310000,0.240000,-0.120000,0.670000,0.000000,0.000000,0.000000,0.343922,-0.395288,-0.045586,0.119834,0.000000,0.000000,0.000000,0.000000
27.7500,0.310000,0.240000,-0.120000,0.670000,0.000000,0.000000,0.000000,0.351526,-0.394713,-0.041311,0.126876,0.000000,0.000000,0.000000,0.000000
27.7667,0.310000,0.240000,-0.120000,0.670000,0.000000,0.000000,0.000000,0.357789,-0.393496,-0.036429,0.132761,0.000000,0.000000,0.000000,0.000000
27.7833,0.310000,0.240000,-0.120000,0.670000,0.000000,0.000000,0.000000,0.362864,-0.391734,-0.031275,0.137579,0.000000,0.000000,0.000000,0.000000
27.8000,0.310000,0.240000,-0.120000,0.670000,0.000000,0.000000,0.000000,0.366924,-0.389509,-0.026197,0.141396,0.000000,0.000000,0.000000,0.000000
27.8167,0.310000,0.240000,-0.120000,0.670000,0.000000,0.000000,0.000000,0.370157,-0.386896,-0.021538,0.144256,0.000000,0.000000,0.000000,0.000000
27.8333,0.310000,0.240000,-0.120000,0.670000,0.000000,0.000000,0.000000,0.372764,-0.383974,-0.017615,0.146170,0.000000,0.000000,0.000000,0.000000
27.8500,0.310000,0.240000,-0.120000,0.670000,0.000000,0.000000,0.000000,0.374950,-0.380838,-0.014697,0.147133,0.000000,0.000000,0.000000,0.000000
27.8667,0.310000,0.240000,-0.120000,0.670000,0.000000,0.000000,0.000000,0.376921,-0.377588,-0.013000,0.147133,0.000000,0.000000,0.000000,0.000000
27.8833,0.310000,0.240000,-0.120000,0.670000,0.000000,0.000000,0.000000,0.378875,-0.374327,-0.012691,0.146183,0.000000,0.000000,0.000000,0.000000
27.9000,0.310000,0.240000,-0.120000,0.670000,0.000000,0.000000,0.000000,0.380984,-0.371148,-0.013893,0.144339,0.000000,0.000000,0.000000,0.000000
27.9167,0.310000,0.240000,-0.120000,0.670000,0.000000,0.000000,0.000000,0.383377,-0.368119,-0.016685,0.141719,0.000000,0.000000,0.000000,0.000000
27.9333,0.310000,0.240000,-0.120000,0.670000,0.000000,0.000000,0.000000,0.386124,-0.365277,-0.021100,0.138520,0.000000,0.000000,0.000000,0.000000
27.9500,0.310000,0.240000,-0.120000,0.670000,0.000000,0.000000,0.000000,0.389219,-0.362633,-0.027109,0.135034,0.000000,0.000000,0.000000,0.000000
27.9667,0.310000,0.240000,-0.120000,0.670000,0.000000,0.000000,0.000000,0.392587,-0.360167,-0.034615,0.131649,0.000000,0.000000,0.000000,0.000000
27.9833,0.310000,0.240000,-0.120000,0.670000,0.000000,0.000000,0.000000,0.396089,-0.357843,-0.043449,0.128866,0.000000,0.000000,0.000000,0.000000
28.0000,0.310000,0.240000,-0.120000,0.670000,0.000000,0.000000,0.000000,0.399532,-0.355606,-0.053367,0.127293,0.000000,0.000000,0.000000,0.000000
28.0167,0.310000,0.240000,-0.120000,0.670000,0.000000,0.000000,0.000000,0.402686,-0.353391,-0.064049,0.127653,0.000000,0.000000,0.000000,0.000000
28.0333,0.310000,0.240000,-0.120000,0.670000,0.000000,0.000000,0.000000,0.405292,-0.351122,-0.075107,0.130780,0.000000,0.000000,0.000000,0.000000
28.0500,0.310000,0.240000,-0.120000,0.670000,0.000000,0.000000,0.000000,0.407078,-0.348709,-0.086085,0.137627,0.000000,0.000000,0.000000,0.000000
28.0667,0.310000,0.240000,-0.120000,0.670000,0.000000,0.000000,0.000000,0.407771,-0.346049,-0.096478,0.149258,0.000000,0.000000,0.000000,0.000000
28.0833,0.310000,0.240000,-0.120000,0.670000,0.000000,0.000000,0.000000,0.407099,-0.343015,-0.105736,0.166841,0.000000,0.000000,0.000000,0.000000
28.1000,0.310000,0.240000,-0.120000,0.670000,0.000000,0.000000,0.000000,0.404790,-0.339461,-0.113259,0.191627,0.000000,0.000000,0.000000,0.000000
28.1167,0.310000,0.240000,-0.120000,0.670000,0.000000,0.000000,0.000000,0.400567,-0.335220,-0.118390,0.224928,0.000000,0.000000,0.000000,0.000000
28.1333,0.310000,0.240000,-0.120000,0.670000,0.000000,0.000000,0.000000,0.394142,-0.330111,-0.120403,0.268067,0.000000,0.000000,0.000000,0.000000
28.1500,0.310000,0.240000,-0.120000,0.670000,0.000000,0.000000,0.000000,0.385224,-0.323947,-0.118501,0.322327,0.000000,0.000000,0.000000,0.000000
28.1667,0.310000,0.240000,-0.120000,0.670000,0.000000,0.000000,0.000000,0.373529,-0.316538,-0.111843,0.388887,0.000000,0.000000,0.000000,0.000000
28.1833,0.310000,0.240000,-0.120000,0.670000,0.000000,0.000000,0.000000,0.358806,-0.307697,-0.099583,0.468731,0.000000,0.000000,0.000000,0.000000
28.2000,0.310000,0.240000,-0.120000,0.670000,0.000000,0.000000,0.000000,0.340870,-0.297247,-0.080923,0.562548,0.000000,0.000000,0.000000,0.000000
28.2167,0.310000,0.240000,-0.120000,0.670000,0.000000,0.000000,0.000000,0.319633,-0.285040,-0.055167,0.670590,0.000000,0.000000,0.000000,0.000000
28.2333,0.310000,0.240000,-0.120000,0.670000,0.000000,0.000000,0.000000,0.295151,-0.270986,-0.021772,0.792506,0.000000,0.000000,0.000000,0.000000
28.2500,0.310000,0.240000,-0.120000,0.670000,0.000000,0.000000,0.000000,0.267665,-0.255085,0.019613,0.927136,0.000000,0.000000,0.000000,0.000000
28.2667,0.310000,0.240000,-0.120000,0.670000,0.000000,0.000000,0.000000,0.237642,-0.237468,0.069105,1.072282,0.000000,0.000000,0.000000,0.000000
28.2833,0.310000,0.240000,-0.120000,0.670000,0.000000,0.000000,0.000000,0.205831,-0.218427,0.126538,1.224444,0.000000,0.000000,0.000000,0.000000
28.3833,0.310000,0.240000,-0.120000,0.670000,0.000000,0.000000,0.000000,0.173294,-0.198450,0.191323,1.378702,0.000000,0.000000,0.000000,0.000000
28.4000,0.310000,0.240000,-0.120000,0.670000,0.000000,0.000000,0.000000,0.141359,-0.178250,0.262116,1.529126,0.000000,0.000000,0.000000,0.000000
28.4167,0.310000,0.240000,-0.120000,0.670000,0.000000,0.000000,0.000000,0.111461,-0.158800,0.336452,1.669625,0.000000,0.000000,0.000000,0.000000
28.4333,0.310000,0.240000,-0.120000,0.670000,0.000000,0.000000,0.000000,0.085014,-0.141333,0.410886,1.794606,0.000000,0.000000,0.000000,0.000000
28.4667,0.310000,0.240000,-0.120000,0.670000,0.000000,0.000000,0.000000,0.063341,-0.127246,0.481744,1.899238,0.000000,0.000000,0.000000,0.000000
28.4833,0.310000,0.240000,-0.120000,0.670000,0.000000,0.000000,0.000000,0.047596,-0.117886,0.545844,1.979600,0.000000,0.000000,0.000000,0.000000
28.5000,0.310000,0.240000,-0.120000,0.670000,0.000000,0.000000,0.000000,0.038631,-0.114300,0.600720,2.032884,0.000000,0.000000,0.000000,0.000000
28.5167,0.310000,0.240000,-0.120000,0.670000,0.000000,0.000000,0.000000,0.036873,-0.117076,0.644541,2.057523,0.000000,0.000000,0.000000,0.000000
28.5333,0.310000,0.240000,-0.120000,0.670000,0.000000,0.000000,0.000000,0.042276,-0.126276,0.675983,2.053203,0.000000,0.000000,0.000000,0.000000
28.5500,0.310000,0.240000,-0.120000,0.670000,0.000000,0.000000,0.000000,0.054332,-0.141453,0.694149,2.020803,0.000000,0.000000,0.000000,0.000000
28.6000,0.310000,0.240000,-0.120000,0.670000,0.000000,0.000000,0.000000,0.072144,-0.161710,0.698541,1.962269,0.000000,0.000000,0.000000,0.000000
28.6167,0.310000,0.240000,-0.120000,0.670000,0.000000,0.000000,0.000000,0.094571,-0.185842,0.689073,1.880367,0.000000,0.000000,0.000000,0.000000
28.6333,0.310000,0.240000,-0.120000,0.670000,0.000000,0.000000,0.000000,0.120404,-0.212512,0.666129,1.778378,0.000000,0.000000,0.000000,0.000000
28.6500,0.310000,0.240000,-0.120000,0.670000,0.000000,0.000000,0.000000,0.148493,-0.240397,0.630632,1.659904,0.000000,0.000000,0.000000,0.000000
28.6667,0.310000,0.240000,-0.120000,0.670000,0.000000,0.000000,0.000000,0.177797,-0.268276,0.584105,1.528843,0.000000,0.000000,0.000000,0.000000
28.6833,0.310000,0.240000,-0.120000,0.670000,0.000000,0.000000,0.000000,0.207382,-0.295087,0.528732,1.389475,0.000000,0.000000,0.000000,0.000000
28.7833,0.310000,0.240000,-0.120000,0.670000,0.000000,0.000000,0.000000,0.236407,-0.319961,0.467326,1.246478,0.000000,0.000000,0.000000,0.000000
28.8000,0.310000,0.240000,-0.120000,0.670000,0.000000,0.000000,0.000000,0.264132,-0.342256,0.403003,1.104588,0.000000,0.000000,0.000000,0.000000
28.8167,0.310000,0.240000,-0.120000,0.670000,0.000000,0.000000,0.000000,0.289955,-0.361561,0.338624,0.967988,0.000000,0.000000,0.000000,0.000000
28.8333,0.310000,0.240000,-0.120000,0.670000,0.000000,0.000000,0.000000,0.313430,-0.377673,0.276446,0.839901,0.000000,0.000000,0.000000,0.000000
28.8500,0.310000,0.240000,-0.120000,0.670000,0.000000,0.000000,0.000000,0.334252,-0.390559,0.218099,0.722560,0.000000,0.000000,0.000000,0.000000
28.8667,0.310000,0.240000,-0.120000,0.670000,0.000000,0.000000,0.000000,0.352250,-0.400332,0.164687,0.617329,0.000000,0.000000,0.000000,0.000000
28.8833,0.310000,0.240000,-0.120000,0.670000,0.000000,0.000000,0.000000,0.367376,-0.407217,0.116875,0.524837,0.000000,0.000000,0.000000,0.000000
28.9000,0.310000,0.240000,-0.120000,0.670000,0.000000,0.000000,0.000000,0.379699,-0.411536,0.074990,0.445114,0.000000,0.000000,0.000000,0.000000
28.9167,0.310000,0.240000,-0.120000,0.670000,0.000000,0.000000,0.000000,0.389392,-0.413676,0.039090,0.377716,0.000000,0.000000,0.000000,0.000000
28.9333,0.310000,0.240000,-0.120000,0.670000,0.000000,0.000000,0.000000,0.396709,-0.414066,0.009037,0.321852,0.000000,0.000000,0.000000,0.000000
28.9500,0.310000,0.240000,-0.120000,0.670000,0.000000,0.000000,0.000000,0.401958,-0.413151,-0.015456,0.276489,0.000000,0.000000,0.000000,0.000000
28.9667,0.310000,0.240000,-0.120000,0.670000,0.000000,0.000000,0.000000,0.405473,-0.411364,-0.034776,0.240444,0.000000,0.000000,0.000000,0.000000
28.9833,0.310000,0.240000,-0.120000,0.670000,0.000000,0.000000,0.000000,0.407593,-0.409094,-0.049382,0.212456,0.000000,0.000000,0.000000,0.000000
29.0000,0.310000,0.240000,-0.120000,0.670000,0.000000,0.000000,0.000000,0.408640,-0.406664,-0.059780,0.191240,0.000000,0.000000,0.000000,0.000000
29.0167,0.310000,0.240000,-0.120000,0.670000,0.000000,0.000000,0.000000,0.408905,-0.404310,-0.066505,0.175531,0.000000,0.000000,0.000000,0.000000
29.0333,0.310000,0.240000,-0.120000,0.670000,0.000000,0.000000,0.000000,0.408626,-0.402168,-0.070102,0.164115,0.000000,0.000000,0.000000,0.000000
29.0500,0.310000,0.240000,-0.120000,0.670000,0.000000,0.000000,0.000000,0.407980,-0.400269,-0.071118,0.155851,0.000000,0.000000,0.000000,0.000000
29.0667,0.310000,0.240000,-0.120000,0.670000,0.000000,0.000000,0.000000,0.407070,-0.398542,-0.070079,0.149694,0.000000,0.000000,0.000000,0.000000
29.0833,0.310000,0.240000,-0.120000,0.670000,0.000000,0.000000,0.000000,0.405921,-0.396825,-0.067483,0.144698,0.000000,0.000000,0.000000,0.000000
29.1000,0.310000,0.240000,-0.120000,0.670000,0.000000,0.000000,0.000000,0.404477,-0.394878,-0.063779,0.140034,0.000000,0.000000,0.000000,0.000000
29.1167,0.310000,0.240000,-0.120000,0.670000,0.000000,0.000000,0.000000,0.402598,-0.392407,-0.059358,0.134988,0.000000,0.000000,0.000000,0.000000
29.1333,0.310000,0.240000,-0.120000,0.670000,0.000000,0.000000,0.000000,0.400058,-0.389078,-0.054526,0.128964,0.000000,0.000000,0.000000,0.000000
29.1500,0.310000,0.240000,-0.120000,0.670000,0.000000,0.000000,0.000000,0.396552,-0.384537,-0.049491,0.121476,0.000000,0.000000,0.000000,0.000000
29.1667,0.310000,0.240000,-0.120000,0.670000,0.000000,0.000000,0.000000,0.391696,-0.378424,-0.044348,0.112148,0.000000,0.000000,0.000000,0.000000
29.1833,0.310000,0.240000,-0.120000,0.670000,0.000000,0.000000,0.000000,0.385053,-0.370395,-0.039075,0.100703,0.000000,0.000000,0.000000,0.000000
29.2000,0.310000,0.240000,-0.120000,0.670000,0.000000,0.000000,0.000000,0.376144,-0.360136,-0.033523,0.086959,0.000000,0.000000,0.000000,0.000000
29.2167,0.310000,0.240000,-0.120000,0.670000,0.000000,0.000000,0.000000,0.364485,-0.347383,-0.027417,0.070825,0.000000,0.000000,0.000000,0.000000
29.2333,0.310000,0.240000,-0.120000,0.670000,0.000000,0.000000,0.000000,0.349614,-0.331940,-0.020361,0.052302,0.000000,0.000000,0.000000,0.000000
29.2500,0.310000,0.240000,-0.120000,0.670000,0.000000,0.000000,0.000000,0.331130,-0.313699,-0.011869,0.031487,0.000000,0.000000,0.000000,0.000000
29.2667,0.310000,0.240000,-0.120000,0.670000,0.000000,0.000000,0.000000,0.308730,-0.292648,-0.001418,0.008589,0.000000,0.000000,0.000000,0.000000
29.2833,0.310000,0.240000,-0.120000,0.670000,0.000000,0.000000,0.000000,0.282263,-0.268875,0.011463,-0.016063,0.000000,0.000000,0.000000,0.000000
29.3000,0.310000,0.240000,-0.120000,0.670000,0.000000,0.000000,0.000000,0.251781,-0.242583,0.027088,-0.042020,0.000000,0.000000,0.000000,0.000000
29.3167,0.310000,0.240000,-0.120000,0.670000,0.000000,0.000000,0.000000,0.217608,-0.214097,0.045502,-0.068725,0.000000,0.000000,0.000000,0.000000
29.3333,0.310000,0.240000,-0.120000,0.670000,0.000000,0.000000,0.000000,0.180427,-0.183910,0.066378,-0.095542,0.000000,0.000000,0.000000,0.000000
29.4333,0.310000,0.240000,-0.120000,0.670000,0.000000,0.000000,0.000000,0.141339,-0.152711,0.088976,-0.121804,0.000000,0.000000,0.000000,0.000000
29.4500,0.310000,0.240000,-0.120000,0.670000,0.000000,0.000000,0.000000,0.101761,-0.121343,0.112263,-0.146920,0.000000,0.000000,0.000000,0.000000
29.4833,0.310000,0.240000,-0.120000,0.670000,0.000000,0.000000,0.000000,0.063151,-0.090684,0.135192,-0.170482,0.000000,0.000000,0.000000,0.000000
29.5000,0.310000,0.240000,-0.120000,0.670000,0.000000,0.000000,0.000000,0.026772,-0.061521,0.156913,-0.192295,0.000000,0.000000,0.000000,0.000000
29.5333,0.310000,0.240000,-0.120000,0.670000,0.000000,0.000000,0.000000,-0.006429,-0.034489,0.176839,-0.212324,0.000000,0.000000,0.000000,0.000000
29.5500,0.310000,0.240000,-0.120000,0.670000,0.000000,0.000000,0.000000,-0.035830,-0.010034,0.194618,-0.230627,0.000000,0.000000,0.000000,0.000000
29.5667,0.310000,0.240000,-0.120000,0.670000,0.000000,0.000000,0.000000,-0.061107,0.011586,0.210089,-0.247305,0.000000,0.000000,0.000000,0.000000
29.5833,0.310000,0.240000,-0.120000,0.670000,0.000000,0.000000,0.000000,-0.082189,0.030274,0.223221,-0.262469,0.000000,0.000000,0.000000,0.000000
29.6000,0.310000,0.240000,-0.120000,0.670000,0.000000,0.000000,0.000000,-0.099211,0.046061,0.234076,-0.276209,0.000000,0.000000,0.000000,0.000000
29.6167,0.310000,0.240000,-0.120000,0.670000,0.000000,0.000000,0.000000,-0.112464,0.059068,0.242772,-0.288582,0.000000,0.000000,0.000000,0.000000
29.6333,0.310000,0.240000,-0.120000,0.670000,0.000000,0.000000,0.000000,-0.122347,0.069472,0.249459,-0.299616,0.000000,0.000000,0.000000,0.000000
29.6667,0.310000,0.240000,-0.120000,0.670000,0.000000,0.000000,0.000000,-0.129323,0.077485,0.254295,-0.309314,0.000000,0.000000,0.000000,0.000000
29.6833,0.310000,0.240000,-0.120000,0.670000,0.000000,0.000000,0.000000,-0.133861,0.083334,0.257438,-0.317667,0.000000,0.000000,0.000000,0.000000
29.7000,0.310000,0.240000,-0.120000,0.670000,0.000000,0.000000,0.000000,-0.136395,0.087232,0.259045,-0.324655,0.000000,0.000000,0.000000,0.000000
29.7167,0.310000,0.240000,-0.120000,0.670000,0.000000,0.000000,0.000000,-0.137293,0.089357,0.259273,-0.330259,0.000000,0.000000,0.000000,0.000000
29.7333,0.310000,0.240000,-0.120000,0.670000,0.000000,0.000000,0.000000,-0.136844,0.089828,0.258275,-0.334446,0.000000,0.000000,0.000000,0.000000
29.7500,0.310000,0.240000,-0.120000,0.670000,0.000000,0.000000,0.000000,-0.135248,0.088695,0.256191,-0.337180,0.000000,0.000000,0.000000,0.000000
29.7667,0.310000,0.240000,-0.120000,0.670000,0.000000,0.000000,0.000000,-0.132619,0.085936,0.253143,-0.338414,0.000000,0.000000,0.000000,0.000000
29.8333,0.310000,0.240000,-0.120000,0.670000,0.000000,0.000000,0.000000,-0.128984,0.081456,0.249230,-0.338098,0.000000,0.000000,0.000000,0.000000
29.8500,0.310000,0.240000,-0.120000,0.670000,0.000000,0.000000,0.000000,-0.124289,0.075096,0.244514,-0.336176,0.000000,0.000000,0.000000,0.000000
29.8667,0.310000,0.240000,-0.120000,0.670000,0.000000,0.000000,0.000000,-0.118417,0.066656,0.239005,-0.332585,0.000000,0.000000,0.000000,0.000000
29.9167,0.310000,0.240000,-0.120000,0.670000,0.000000,0.000000,0.000000,-0.111197,0.055918,0.232649,-0.327251,0.000000,0.000000,0.000000,0.000000
29.9333,0.310000,0.240000,-0.120000,0.670000,0.000000,0.000000,0.000000,-0.102422,0.042670,0.225329,-0.320091,0.000000,0.000000,0.000000,0.000000
29.9500,0.310000,0.240000,-0.120000,0.670000,0.000000,0.000000,0.000000,-0.091870,0.026720,0.216884,-0.311012,0.000000,0.000000,0.000000,0.000000
29.9667,0.310000,0.240000,-0.120000,0.670000,0.000000,0.000000,0.000000,-0.079319,0.007923,0.207136,-0.299919,0.000000,0.000000,0.000000,0.000000
29.9833,0.310000,0.240000,-0.120000,0.670000,0.000000,0.000000,0.000000,-0.064573,-0.013797,0.195915,-0.286726,0.000000,0.000000,0.000000,0.000000
30.0000,0.310000,0.240000,-0.120000,0.670000,0.000000,0.000000,0.000000,-0.047478,-0.038421,0.183092,-0.271369,0.000000,0.000000,0.000000,0.000000
30.0167,0.310000,0.240000,-0.120000,0.670000,0.000000,0.000000,0.000000,-0.027951,-0.065800,0.168604,-0.253818,0.000000,0.000000,0.000000,0.000000
30.0333,0.310000,0.240000,-0.120000,0.670000,0.000000,0.000000,0.000000,-0.006016,-0.095632,0.152495,-0.234099,0.000000,0.000000,0.000000,0.000000
30.0500,0.310000,0.240000,-0.120000,0.670000,0.000000,0.000000,0.000000,0.018156,-0.127429,0.134946,-0.212308,0.000000,0.000000,0.000000,0.000000
30.0833,0.310000,0.240000,-0.120000,0.670000,0.000000,0.000000,0.000000,0.044196,-0.160510,0.116315,-0.188634,0.000000,0.000000,0.000000,0.000000
30.1000,0.310000,0.240000,-0.120000,0.670000,0.000000,0.000000,0.000000,0.071501,-0.194027,0.097164,-0.163377,0.000000,0.000000,0.000000,0.000000
30.1333,0.310000,0.240000,-0.120000,0.670000,0.000000,0.000000,0.000000,0.099229,-0.227037,0.078268,-0.136956,0.000000,0.000000,0.000000,0.000000
30.1833,0.310000,0.240000,-0.120000,0.670000,0.000000,0.000000,0.000000,0.126380,-0.258615,0.060561,-0.109902,0.000000,0.000000,0.000000,0.000000
30.2000,0.310000,0.240000,-0.120000,0.670000,0.000000,0.000000,0.000000,0.151989,-0.287967,0.044968,-0.082801,0.000000,0.000000,0.000000,0.000000
30.2167,0.310000,0.240000,-0.120000,0.670000,0.000000,0.000000,0.000000,0.175321,-0.314500,0.032173,-0.056209,0.000000,0.000000,0.000000,0.000000
30.2333,0.310000,0.240000,-0.120000,0.670000,0.000000,0.000000,0.000000,0.195954,-0.337844,0.022500,-0.030599,0.000000,0.000000,0.000000,0.000000
30.2500,0.310000,0.240000,-0.120000,0.670000,0.000000,0.000000,0.000000,0.213743,-0.357831,0.015958,-0.006344,0.000000,0.000000,0.000000,0.000000
30.2667,0.310000,0.240000,-0.120000,0.670000,0.000000,0.000000,0.000000,0.228734,-0.374469,0.012335,0.016282,0.000000,0.000000,0.000000,0.000000
30.2833,0.310000,0.240000,-0.120000,0.670000,0.000000,0.000000,0.000000,0.241089,-0.387908,0.011303,0.037101,0.000000,0.000000,0.000000,0.000000
30.3000,0.310000,0.240000,-0.120000,0.670000,0.000000,0.000000,0.000000,0.251031,-0.398409,0.012471,0.056011,0.000000,0.000000,0.000000,0.000000
30.3167,0.310000,0.240000,-0.120000,0.670000,0.000000,0.000000,0.000000,0.258821,-0.406302,0.015413,0.072962,0.000000,0.000000,0.000000,0.000000
30.3333,0.310000,0.240000,-0.120000,0.670000,0.000000,0.000000,0.000000,0.264739,-0.411958,0.019680,0.087943,0.000000,0.000000,0.000000,0.000000
30.3500,0.310000,0.240000,-0.120000,0.670000,0.000000,0.000000,0.000000,0.269064,-0.415766,0.024814,0.100967,0.000000,0.000000,0.000000,0.000000
