t_s,left_shoulder_pitch,left_shoulder_roll,left_shoulder_yaw,left_elbow,left_wrist_roll,left_wrist_pitch,left_wrist_yaw,right_shoulder_pitch,right_shoulder_roll,right_shoulder_yaw,right_elbow,right_wrist_roll,right_wrist_pitch,right_wrist_yaw,waist_yaw
8.7833,0.310000,0.240000,-0.120000,0.670000,0.000000,0.000000,0.000000,0.562755,-0.171022,0.282401,-0.117501,0.000000,0.000000,0.000000,0.000000
8.8667,0.310000,0.240000,-0.120000,0.670000,0.000000,0.000000,0.000000,0.562220,-0.233984,0.296833,-0.030476,0.000000,0.000000,0.000000,0.000000
8.9333,0.310000,0.240000,-0.120000,0.670000,0.000000,0.000000,0.000000,0.560871,-0.296092,0.311578,0.051561,0.000000,0.000000,0.000000,0.000000
9.0333,0.310000,0.240000,-0.120000,0.670000,0.000000,0.000000,0.000000,0.558568,-0.356185,0.326492,0.126157,0.000000,0.000000,0.000000,0.000000
9.0500,0.310000,0.240000,-0.120000,0.670000,0.000000,0.000000,0.000000,0.555080,-0.413189,0.341509,0.191064,0.000000,0.000000,0.000000,0.000000
9.0667,0.310000,0.240000,-0.120000,0.670000,0.000000,0.000000,0.000000,0.550177,-0.466264,0.356612,0.244566,0.000000,0.000000,0.000000,0.000000
9.0833,0.310000,0.240000,-0.120000,0.670000,0.000000,0.000000,0.000000,0.543701,-0.514875,0.371811,0.285666,0.000000,0.000000,0.000000,0.000000
9.1000,0.310000,0.240000,-0.120000,0.670000,0.000000,0.000000,0.000000,0.535617,-0.558778,0.387122,0.314083,0.000000,0.000000,0.000000,0.000000
9.1167,0.310000,0.240000,-0.120000,0.670000,0.000000,0.000000,0.000000,0.526038,-0.597974,0.402559,0.330188,0.000000,0.000000,0.000000,0.000000
9.1333,0.310000,0.240000,-0.120000,0.670000,0.000000,0.000000,0.000000,0.515232,-0.632650,0.418108,0.334945,0.000000,0.000000,0.000000,0.000000
9.2333,0.310000,0.240000,-0.120000,0.670000,0.000000,0.000000,0.000000,0.503586,-0.663123,0.433720,0.329855,0.000000,0.000000,0.000000,0.000000
9.2500,0.310000,0.240000,-0.120000,0.670000,0.000000,0.000000,0.000000,0.491516,-0.689764,0.449307,0.316782,0.000000,0.000000,0.000000,0.000000
9.2667,0.310000,0.240000,-0.120000,0.670000,0.000000,0.000000,0.000000,0.479351,-0.712939,0.464751,0.297690,0.000000,0.000000,0.000000,0.000000
9.2833,0.310000,0.240000,-0.120000,0.670000,0.000000,0.000000,0.000000,0.467275,-0.732980,0.479919,0.274405,0.000000,0.000000,0.000000,0.000000
9.3000,0.310000,0.240000,-0.120000,0.670000,0.000000,0.000000,0.000000,0.455350,-0.750186,0.494681,0.248503,0.000000,0.000000,0.000000,0.000000
9.3167,0.310000,0.240000,-0.120000,0.670000,0.000000,0.000000,0.000000,0.443561,-0.764838,0.508920,0.221275,0.000000,0.000000,0.000000,0.000000
9.3333,0.310000,0.240000,-0.120000,0.670000,0.000000,0.000000,0.000000,0.431863,-0.777216,0.522542,0.193733,0.000000,0.000000,0.000000,0.000000
9.3500,0.310000,0.240000,-0.120000,0.670000,0.000000,0.000000,0.000000,0.420216,-0.787604,0.535481,0.166627,0.000000,0.000000,0.000000,0.000000
9.3667,0.310000,0.240000,-0.120000,0.670000,0.000000,0.000000,0.000000,0.408602,-0.796295,0.547698,0.140474,0.000000,0.000000,0.000000,0.000000
9.3833,0.310000,0.240000,-0.120000,0.670000,0.000000,0.000000,0.000000,0.397032,-0.803590,0.559186,0.115580,0.000000,0.000000,0.000000,0.000000
9.4000,0.310000,0.240000,-0.120000,0.670000,0.000000,0.000000,0.000000,0.385533,-0.809784,0.569963,0.092070,0.000000,0.000000,0.000000,0.000000
9.4167,0.310000,0.240000,-0.120000,0.670000,0.000000,0.000000,0.000000,0.374142,-0.815156,0.580069,0.069907,0.000000,0.000000,0.000000,0.000000
9.4333,0.310000,0.240000,-0.120000,0.670000,0.000000,0.000000,0.000000,0.362883,-0.819947,0.589559,0.048920,0.000000,0.000000,0.000000,0.000000
9.4500,0.310000,0.240000,-0.120000,0.670000,0.000000,0.000000,0.000000,0.351760,-0.824355,0.598501,0.028824,0.000000,0.000000,0.000000,0.000000
9.4667,0.310000,0.240000,-0.120000,0.670000,0.000000,0.000000,0.000000,0.340739,-0.828516,0.606977,0.009242,0.000000,0.000000,0.000000,0.000000
9.4833,0.310000,0.240000,-0.120000,0.670000,0.000000,0.000000,0.000000,0.329736,-0.832497,0.615072,-0.010264,0.000000,0.000000,0.000000,0.000000
9.5000,0.310000,0.240000,-0.120000,0.670000,0.000000,0.000000,0.000000,0.318606,-0.836287,0.622882,-0.030167,0.000000,0.000000,0.000000,0.000000
9.5167,0.310000,0.240000,-0.120000,0.670000,0.000000,0.000000,0.000000,0.307145,-0.839791,0.630508,-0.050942,0.000000,0.000000,0.000000,0.000000
9.5333,0.310000,0.240000,-0.120000,0.670000,0.000000,0.000000,0.000000,0.295094,-0.842835,0.638053,-0.073024,0.000000,0.000000,0.000000,0.000000
9.5500,0.310000,0.240000,-0.120000,0.670000,0.000000,0.000000,0.000000,0.282148,-0.845164,0.645622,-0.096771,0.000000,0.000000,0.000000,0.000000
9.5667,0.310000,0.240000,-0.120000,0.670000,0.000000,0.000000,0.000000,0.267979,-0.846454,0.653314,-0.122416,0.000000,0.000000,0.000000,0.000000
9.5833,0.310000,0.240000,-0.120000,0.670000,0.000000,0.000000,0.000000,0.252249,-0.846320,0.661227,-0.150045,0.000000,0.000000,0.000000,0.000000
9.6000,0.310000,0.240000,-0.120000,0.670000,0.000000,0.000000,0.000000,0.234624,-0.844332,0.669459,-0.179580,0.000000,0.000000,0.000000,0.000000
9.6167,0.310000,0.240000,-0.120000,0.670000,0.000000,0.000000,0.000000,0.214781,-0.840020,0.678108,-0.210770,0.000000,0.000000,0.000000,0.000000
9.6333,0.310000,0.240000,-0.120000,0.670000,0.000000,0.000000,0.000000,0.192394,-0.832902,0.687262,-0.243194,0.000000,0.000000,0.000000,0.000000
9.6500,0.310000,0.240000,-0.120000,0.670000,0.000000,0.000000,0.000000,0.167138,-0.822510,0.696986,-0.276253,0.000000,0.000000,0.000000,0.000000
9.6667,0.310000,0.240000,-0.120000,0.670000,0.000000,0.000000,0.000000,0.138693,-0.808448,0.707302,-0.309175,0.000000,0.000000,0.000000,0.000000
9.6833,0.310000,0.240000,-0.120000,0.670000,0.000000,0.000000,0.000000,0.106784,-0.790468,0.718168,-0.341046,0.000000,0.000000,0.000000,0.000000
9.7000,0.310000,0.240000,-0.120000,0.670000,0.000000,0.000000,0.000000,0.071238,-0.768563,0.729464,-0.370861,0.000000,0.000000,0.000000,0.000000
9.7167,0.310000,0.240000,-0.120000,0.670000,0.000000,0.000000,0.000000,0.032078,-0.743071,0.740989,-0.397626,0.000000,0.000000,0.000000,0.000000
9.7833,0.310000,0.240000,-0.120000,0.670000,0.000000,0.000000,0.000000,-0.010349,-0.714788,0.752471,-0.420483,0.000000,0.000000,0.000000,0.000000
9.8667,0.310000,0.240000,-0.120000,0.670000,0.000000,0.000000,0.000000,-0.055250,-0.685028,0.763593,-0.438890,0.000000,0.000000,0.000000,0.000000
9.9667,0.310000,0.240000,-0.120000,0.670000,0.000000,0.000000,0.000000,-0.101392,-0.655477,0.774061,-0.452743,0.000000,0.000000,0.000000,0.000000
10.0667,0.310000,0.240000,-0.120000,0.670000,0.000000,0.000000,0.000000,-0.147300,-0.627879,0.783638,-0.462314,0.000000,0.000000,0.000000,0.000000
10.0833,0.310000,0.240000,-0.120000,0.670000,0.000000,0.000000,0.000000,-0.191516,-0.603766,0.792161,-0.468052,0.000000,0.000000,0.000000,0.000000
10.1000,0.310000,0.240000,-0.120000,0.670000,0.000000,0.000000,0.000000,-0.232782,-0.584323,0.799521,-0.470382,0.000000,0.000000,0.000000,0.000000
10.1167,0.310000,0.240000,-0.120000,0.670000,0.000000,0.000000,0.000000,-0.270120,-0.570364,0.805651,-0.469615,0.000000,0.000000,0.000000,0.000000
10.1333,0.310000,0.240000,-0.120000,0.670000,0.000000,0.000000,0.000000,-0.302809,-0.562344,0.810535,-0.465959,0.000000,0.000000,0.000000,0.000000
10.1500,0.310000,0.240000,-0.120000,0.670000,0.000000,0.000000,0.000000,-0.330349,-0.560394,0.814209,-0.459559,0.000000,0.000000,0.000000,0.000000
10.1667,0.310000,0.240000,-0.120000,0.670000,0.000000,0.000000,0.000000,-0.352431,-0.564362,0.816765,-0.450524,0.000000,0.000000,0.000000,0.000000
10.1833,0.310000,0.240000,-0.120000,0.670000,0.000000,0.000000,0.000000,-0.368904,-0.573859,0.818345,-0.438973,0.000000,0.000000,0.000000,0.000000
10.2000,0.310000,0.240000,-0.120000,0.670000,0.000000,0.000000,0.000000,-0.379748,-0.588318,0.819134,-0.425072,0.000000,0.000000,0.000000,0.000000
10.2167,0.310000,0.240000,-0.120000,0.670000,0.000000,0.000000,0.000000,-0.385042,-0.607054,0.819353,-0.409077,0.000000,0.000000,0.000000,0.000000
10.2333,0.310000,0.240000,-0.120000,0.670000,0.000000,0.000000,0.000000,-0.384938,-0.629326,0.819238,-0.391350,0.000000,0.000000,0.000000,0.000000
10.2500,0.310000,0.240000,-0.120000,0.670000,0.000000,0.000000,0.000000,-0.379648,-0.654375,0.819029,-0.372342,0.000000,0.000000,0.000000,0.000000
10.2667,0.310000,0.240000,-0.120000,0.670000,0.000000,0.000000,0.000000,-0.369454,-0.681443,0.818960,-0.352553,0.000000,0.000000,0.000000,0.000000
10.2833,0.310000,0.240000,-0.120000,0.670000,0.000000,0.000000,0.000000,-0.354720,-0.709777,0.819238,-0.332474,0.000000,0.000000,0.000000,0.000000
10.3000,0.310000,0.240000,-0.120000,0.670000,0.000000,0.000000,0.000000,-0.335927,-0.738621,0.820036,-0.312528,0.000000,0.000000,0.000000,0.000000
10.3167,0.310000,0.240000,-0.120000,0.670000,0.000000,0.000000,0.000000,-0.313688,-0.767218,0.821477,-0.293027,0.000000,0.000000,0.000000,0.000000
10.3333,0.310000,0.240000,-0.120000,0.670000,0.000000,0.000000,0.000000,-0.288740,-0.794830,0.823625,-0.274162,0.000000,0.000000,0.000000,0.000000
10.3500,0.310000,0.240000,-0.120000,0.670000,0.000000,0.000000,0.000000,-0.261902,-0.820783,0.826483,-0.256039,0.000000,0.000000,0.000000,0.000000
10.3667,0.310000,0.240000,-0.120000,0.670000,0.000000,0.000000,0.000000,-0.234006,-0.844520,0.830001,-0.238723,0.000000,0.000000,0.000000,0.000000
10.3833,0.310000,0.240000,-0.120000,0.670000,0.000000,0.000000,0.000000,-0.205825,-0.865650,0.834087,-0.222286,0.000000,0.000000,0.000000,0.000000
10.4000,0.310000,0.240000,-0.120000,0.670000,0.000000,0.000000,0.000000,-0.178023,-0.883963,0.838623,-0.206827,0.000000,0.000000,0.000000,0.000000
10.4167,0.310000,0.240000,-0.120000,0.670000,0.000000,0.000000,0.000000,-0.151131,-0.899415,0.843478,-0.192462,0.000000,0.000000,0.000000,0.000000
10.4333,0.310000,0.240000,-0.120000,0.670000,0.000000,0.000000,0.000000,-0.125554,-0.912101,0.848524,-0.179304,0.000000,0.000000,0.000000,0.000000
10.4500,0.310000,0.240000,-0.120000,0.670000,0.000000,0.000000,0.000000,-0.101577,-0.922207,0.853637,-0.167446,0.000000,0.000000,0.000000,0.000000
10.4667,0.310000,0.240000,-0.120000,0.670000,0.000000,0.000000,0.000000,-0.079390,-0.929982,0.858707,-0.156943,0.000000,0.000000,0.000000,0.000000
10.4833,0.310000,0.240000,-0.120000,0.670000,0.000000,0.000000,0.000000,-0.059110,-0.935699,0.863633,-0.147810,0.000000,0.000000,0.000000,0.000000
10.5000,0.310000,0.240000,-0.120000,0.670000,0.000000,0.000000,0.000000,-0.040801,-0.939632,0.868332,-0.140027,0.000000,0.000000,0.000000,0.000000
10.5167,0.310000,0.240000,-0.120000,0.670000,0.000000,0.000000,0.000000,-0.024493,-0.942039,0.872729,-0.133547,0.000000,0.000000,0.000000,0.000000
10.5333,0.310000,0.240000,-0.120000,0.670000,0.000000,0.000000,0.000000,-0.010200,-0.943136,0.876764,-0.128287,0.000000,0.000000,0.000000,0.000000
10.5667,0.310000,0.240000,-0.120000,0.670000,0.000000,0.000000,0.000000,0.002066,-0.943089,0.880389,-0.124135,0.000000,0.000000,0.000000,0.000000
10.5833,0.310000,0.240000,-0.120000,0.670000,0.000000,0.000000,0.000000,0.012301,-0.942009,0.883567,-0.120947,0.000000,0.000000,0.000000,0.000000
10.6000,0.310000,0.240000,-0.120000,0.670000,0.000000,0.000000,0.000000,0.020537,-0.939973,0.886288,-0.118557,0.000000,0.000000,0.000000,0.000000
10.6167,0.310000,0.240000,-0.120000,0.670000,0.000000,0.000000,0.000000,0.026865,-0.937052,0.888566,-0.116782,0.000000,0.000000,0.000000,0.000000
10.6333,0.310000,0.240000,-0.120000,0.670000,0.000000,0.000000,0.000000,0.031448,-0.933325,0.890440,-0.115428,0.000000,0.000000,0.000000,0.000000
10.6500,0.310000,0.240000,-0.120000,0.670000,0.000000,0.000000,0.000000,0.034518,-0.928900,0.891975,-0.114297,0.000000,0.000000,0.000000,0.000000
10.6667,0.310000,0.240000,-0.120000,0.670000,0.000000,0.000000,0.000000,0.036379,-0.923913,0.893251,-0.113181,0.000000,0.000000,0.000000,0.000000
10.6833,0.310000,0.240000,-0.120000,0.670000,0.000000,0.000000,0.000000,0.037398,-0.918533,0.894366,-0.111865,0.000000,0.000000,0.000000,0.000000
10.7000,0.310000,0.240000,-0.120000,0.670000,0.000000,0.000000,0.000000,0.038004,-0.912959,0.895433,-0.110109,0.000000,0.000000,0.000000,0.000000
10.7167,0.310000,0.240000,-0.120000,0.670000,0.000000,0.000000,0.000000,0.038670,-0.907401,0.896571,-0.107641,0.000000,0.000000,0.000000,0.000000
10.7333,0.310000,0.240000,-0.120000,0.670000,0.000000,0.000000,0.000000,0.039903,-0.902060,0.897911,-0.104149,0.000000,0.000000,0.000000,0.000000
10.7500,0.310000,0.240000,-0.120000,0.670000,0.000000,0.000000,0.000000,0.042218,-0.897110,0.899584,-0.099279,0.000000,0.000000,0.000000,0.000000
10.7667,0.310000,0.240000,-0.120000,0.670000,0.000000,0.000000,0.000000,0.046123,-0.892682,0.901720,-0.092637,0.000000,0.000000,0.000000,0.000000
10.7833,0.310000,0.240000,-0.120000,0.670000,0.000000,0.000000,0.000000,0.052103,-0.888865,0.904440,-0.083801,0.000000,0.000000,0.000000,0.000000
10.8000,0.310000,0.240000,-0.120000,0.670000,0.000000,0.000000,0.000000,0.060609,-0.885707,0.907851,-0.072336,0.000000,0.000000,0.000000,0.000000
10.8167,0.310000,0.240000,-0.120000,0.670000,0.000000,0.000000,0.000000,0.072048,-0.883227,0.912041,-0.057814,0.000000,0.000000,0.000000,0.000000
10.8333,0.310000,0.240000,-0.120000,0.670000,0.000000,0.000000,0.000000,0.086765,-0.881413,0.917072,-0.039829,0.000000,0.000000,0.000000,0.000000
10.8500,0.310000,0.240000,-0.120000,0.670000,0.000000,0.000000,0.000000,0.105020,-0.880225,0.922970,-0.018028,0.000000,0.000000,0.000000,0.000000
10.8667,0.310000,0.240000,-0.120000,0.670000,0.000000,0.000000,0.000000,0.126966,-0.879593,0.929724,0.007863,0.000000,0.000000,0.000000,0.000000
10.8833,0.310000,0.240000,-0.120000,0.670000,0.000000,0.000000,0.000000,0.152620,-0.879419,0.937270,0.038002,0.000000,0.000000,0.000000,0.000000
10.9000,0.310000,0.240000,-0.120000,0.670000,0.000000,0.000000,0.000000,0.181843,-0.879585,0.945491,0.072397,0.000000,0.000000,0.000000,0.000000
10.9167,0.310000,0.240000,-0.120000,0.670000,0.000000,0.000000,0.000000,0.214320,-0.879963,0.954208,0.110861,0.000000,0.000000,0.000000,0.000000
10.9333,0.310000,0.240000,-0.120000,0.670000,0.000000,0.000000,0.000000,0.249543,-0.880417,0.963183,0.152967,0.000000,0.000000,0.000000,0.000000
10.9500,0.310000,0.240000,-0.120000,0.670000,0.000000,0.000000,0.000000,0.286812,-0.880830,0.972122,0.197997,0.000000,0.000000,0.000000,0.000000
10.9667,0.310000,0.240000,-0.120000,0.670000,0.000000,0.000000,0.000000,0.325243,-0.881122,0.980684,0.244884,0.000000,0.000000,0.000000,0.000000
11.0667,0.310000,0.240000,-0.120000,0.670000,0.000000,0.000000,0.000000,0.363822,-0.881292,0.988507,0.292209,0.000000,0.000000,0.000000,0.000000
11.0833,0.310000,0.240000,-0.120000,0.670000,0.000000,0.000000,0.000000,0.401507,-0.881415,0.995256,0.338378,0.000000,0.000000,0.000000,0.000000
11.1500,0.310000,0.240000,-0.120000,0.670000,0.000000,0.000000,0.000000,0.437381,-0.881626,1.000680,0.381933,0.000000,0.000000,0.000000,0.000000
11.1667,0.310000,0.240000,-0.120000,0.670000,0.000000,0.000000,0.000000,0.470706,-0.882061,1.004628,0.421745,0.000000,0.000000,0.000000,0.000000
11.1833,0.310000,0.240000,-0.120000,0.670000,0.000000,0.000000,0.000000,0.500905,-0.882803,1.007031,0.457023,0.000000,0.000000,0.000000,0.000000
11.2000,0.310000,0.240000,-0.120000,0.670000,0.000000,0.000000,0.000000,0.527509,-0.883850,1.007872,0.487246,0.000000,0.000000,0.000000,0.000000
11.2167,0.310000,0.240000,-0.120000,0.670000,0.000000,0.000000,0.000000,0.550136,-0.885136,1.007171,0.512090,0.000000,0.000000,0.000000,0.000000
11.2333,0.310000,0.240000,-0.120000,0.670000,0.000000,0.000000,0.000000,0.568480,-0.886552,1.004971,0.531375,0.000000,0.000000,0.000000,0.000000
11.2500,0.310000,0.240000,-0.120000,0.670000,0.000000,0.000000,0.000000,0.582301,-0.887972,1.001326,0.545010,0.000000,0.000000,0.000000,0.000000
11.2667,0.310000,0.240000,-0.120000,0.670000,0.000000,0.000000,0.000000,0.591421,-0.889270,0.996300,0.552967,0.000000,0.000000,0.000000,0.000000
11.2833,0.310000,0.240000,-0.120000,0.670000,0.000000,0.000000,0.000000,0.595724,-0.890337,0.989959,0.555248,0.000000,0.000000,0.000000,0.000000
11.3000,0.310000,0.240000,-0.120000,0.670000,0.000000,0.000000,0.000000,0.595161,-0.891093,0.982377,0.551879,0.000000,0.000000,0.000000,0.000000
11.3167,0.310000,0.240000,-0.120000,0.670000,0.000000,0.000000,0.000000,0.589755,-0.891490,0.973640,0.542900,0.000000,0.000000,0.000000,0.000000
11.3333,0.310000,0.240000,-0.120000,0.670000,0.000000,0.000000,0.000000,0.579617,-0.891522,0.963853,0.528379,0.000000,0.000000,0.000000,0.000000
11.3500,0.310000,0.240000,-0.120000,0.670000,0.000000,0.000000,0.000000,0.564947,-0.891212,0.953141,0.508432,0.000000,0.000000,0.000000,0.000000
11.3667,0.310000,0.240000,-0.120000,0.670000,0.000000,0.000000,0.000000,0.546055,-0.890611,0.941662,0.483251,0.000000,0.000000,0.000000,0.000000
11.3833,0.310000,0.240000,-0.120000,0.670000,0.000000,0.000000,0.000000,0.523377,-0.889783,0.929607,0.453145,0.000000,0.000000,0.000000,0.000000
11.4000,0.310000,0.240000,-0.120000,0.670000,0.000000,0.000000,0.000000,0.497500,-0.888798,0.917208,0.418594,0.000000,0.000000,0.000000,0.000000
11.4167,0.310000,0.240000,-0.120000,0.670000,0.000000,0.000000,0.000000,0.469198,-0.887721,0.904754,0.380305,0.000000,0.000000,0.000000,0.000000
11.5167,0.310000,0.240000,-0.120000,0.670000,0.000000,0.000000,0.000000,0.439434,-0.886599,0.892583,0.339254,0.000000,0.000000,0.000000,0.000000
11.5333,0.310000,0.240000,-0.120000,0.670000,0.000000,0.000000,0.000000,0.409260,-0.885444,0.881055,0.296644,0.000000,0.000000,0.000000,0.000000
11.5500,0.310000,0.240000,-0.120000,0.670000,0.000000,0.000000,0.000000,0.379648,-0.884219,0.870493,0.253753,0.000000,0.000000,0.000000,0.000000
11.5667,0.310000,0.240000,-0.120000,0.670000,0.000000,0.000000,0.000000,0.351373,-0.882856,0.861139,0.211769,0.000000,0.000000,0.000000,0.000000
11.5833,0.310000,0.240000,-0.120000,0.670000,0.000000,0.000000,0.000000,0.324998,-0.881288,0.853146,0.171700,0.000000,0.000000,0.000000,0.000000
11.6000,0.310000,0.240000,-0.120000,0.670000,0.000000,0.000000,0.000000,0.300904,-0.879480,0.846581,0.134348,0.000000,0.000000,0.000000,0.000000
11.6167,0.310000,0.240000,-0.120000,0.670000,0.000000,0.000000,0.000000,0.279319,-0.877435,0.841441,0.100294,0.000000,0.000000,0.000000,0.000000
11.6333,0.310000,0.240000,-0.120000,0.670000,0.000000,0.000000,0.000000,0.260344,-0.875198,0.837666,0.069909,0.000000,0.000000,0.000000,0.000000
11.6500,0.310000,0.240000,-0.120000,0.670000,0.000000,0.000000,0.000000,0.243982,-0.872838,0.835153,0.043362,0.000000,0.000000,0.000000,0.000000
11.6667,0.310000,0.240000,-0.120000,0.670000,0.000000,0.000000,0.000000,0.230150,-0.870443,0.833772,0.020656,0.000000,0.000000,0.000000,0.000000
11.6833,0.310000,0.240000,-0.120000,0.670000,0.000000,0.000000,0.000000,0.218697,-0.868098,0.833372,0.001650,0.000000,0.000000,0.000000,0.000000
11.7000,0.310000,0.240000,-0.120000,0.670000,0.000000,0.000000,0.000000,0.209424,-0.865880,0.833799,-0.013900,0.000000,0.000000,0.000000,0.000000
11.7167,0.310000,0.240000,-0.120000,0.670000,0.000000,0.000000,0.000000,0.202100,-0.863849,0.834899,-0.026308,0.000000,0.000000,0.000000,0.000000
11.7333,0.310000,0.240000,-0.120000,0.670000,0.000000,0.000000,0.000000,0.196481,-0.862055,0.836529,-0.035933,0.000000,0.000000,0.000000,0.000000
11.7500,0.310000,0.240000,-0.120000,0.670000,0.000000,0.000000,0.000000,0.192324,-0.860531,0.838561,-0.043149,0.000000,0.000000,0.000000,0.000000
11.7667,0.310000,0.240000,-0.120000,0.670000,0.000000,0.000000,0.000000,0.189406,-0.859306,0.840885,-0.048337,0.000000,0.000000,0.000000,0.000000
11.7833,0.310000,0.240000,-0.120000,0.670000,0.000000,0.000000,0.000000,0.187527,-0.858400,0.843410,-0.051871,0.000000,0.000000,0.000000,0.000000
11.8000,0.310000,0.240000,-0.120000,0.670000,0.000000,0.000000,0.000000,0.186516,-0.857833,0.846068,-0.054111,0.000000,0.000000,0.000000,0.000000
11.8167,0.310000,0.240000,-0.120000,0.670000,0.000000,0.000000,0.000000,0.186231,-0.857624,0.848804,-0.055395,0.000000,0.000000,0.000000,0.000000
11.8333,0.310000,0.240000,-0.120000,0.670000,0.000000,0.000000,0.000000,0.186556,-0.857792,0.851577,-0.056035,0.000000,0.000000,0.000000,0.000000
11.8500,0.310000,0.240000,-0.120000,0.670000,0.000000,0.000000,0.000000,0.187391,-0.858360,0.854352,-0.056314,0.000000,0.000000,0.000000,0.000000
11.8667,0.310000,0.240000,-0.120000,0.670000,0.000000,0.000000,0.000000,0.188648,-0.859348,0.857099,-0.056483,0.000000,0.000000,0.000000,0.000000
11.8833,0.310000,0.240000,-0.120000,0.670000,0.000000,0.000000,0.000000,0.190244,-0.860775,0.859790,-0.056768,0.000000,0.000000,0.000000,0.000000
11.9000,0.310000,0.240000,-0.120000,0.670000,0.000000,0.000000,0.000000,0.192089,-0.862647,0.862394,-0.057370,0.000000,0.000000,0.000000,0.000000
11.9167,0.310000,0.240000,-0.120000,0.670000,0.000000,0.000000,0.000000,0.194081,-0.864957,0.864879,-0.058477,0.000000,0.000000,0.000000,0.000000
11.9333,0.310000,0.240000,-0.120000,0.670000,0.000000,0.000000,0.000000,0.196101,-0.867683,0.867210,-0.060261,0.000000,0.000000,0.000000,0.000000
11.9500,0.310000,0.240000,-0.120000,0.670000,0.000000,0.000000,0.000000,0.198010,-0.870787,0.869346,-0.062886,0.000000,0.000000,0.000000,0.000000
11.9667,0.310000,0.240000,-0.120000,0.670000,0.000000,0.000000,0.000000,0.199645,-0.874220,0.871239,-0.066503,0.000000,0.000000,0.000000,0.000000
11.9833,0.310000,0.240000,-0.120000,0.670000,0.000000,0.000000,0.000000,0.200813,-0.877915,0.872831,-0.071253,0.000000,0.000000,0.000000,0.000000
12.0000,0.310000,0.240000,-0.120000,0.670000,0.000000,0.000000,0.000000,0.201284,-0.881786,0.874054,-0.077269,0.000000,0.000000,0.000000,0.000000
12.0167,0.310000,0.240000,-0.120000,0.670000,0.000000,0.000000,0.000000,0.200783,-0.885718,0.874828,-0.084689,0.000000,0.000000,0.000000,0.000000
12.0333,0.310000,0.240000,-0.120000,0.670000,0.000000,0.000000,0.000000,0.198995,-0.889556,0.875073,-0.093659,0.000000,0.000000,0.000000,0.000000
12.0500,0.310000,0.240000,-0.120000,0.670000,0.000000,0.000000,0.000000,0.195573,-0.893110,0.874715,-0.104346,0.000000,0.000000,0.000000,0.000000
12.0667,0.310000,0.240000,-0.120000,0.670000,0.000000,0.000000,0.000000,0.190152,-0.896149,0.873690,-0.116934,0.000000,0.000000,0.000000,0.000000
12.0833,0.310000,0.240000,-0.120000,0.670000,0.000000,0.000000,0.000000,0.182366,-0.898409,0.871959,-0.131614,0.000000,0.000000,0.000000,0.000000
12.1000,0.310000,0.240000,-0.120000,0.670000,0.000000,0.000000,0.000000,0.171867,-0.899603,0.869510,-0.148564,0.000000,0.000000,0.000000,0.000000
12.1167,0.310000,0.240000,-0.120000,0.670000,0.000000,0.000000,0.000000,0.158343,-0.899421,0.866366,-0.167924,0.000000,0.000000,0.000000,0.000000
12.1333,0.310000,0.240000,-0.120000,0.670000,0.000000,0.000000,0.000000,0.141545,-0.897548,0.862590,-0.189766,0.000000,0.000000,0.000000,0.000000
12.1500,0.310000,0.240000,-0.120000,0.670000,0.000000,0.000000,0.000000,0.121307,-0.893670,0.858294,-0.214060,0.000000,0.000000,0.000000,0.000000
12.1667,0.310000,0.240000,-0.120000,0.670000,0.000000,0.000000,0.000000,0.097570,-0.887486,0.853639,-0.240644,0.000000,0.000000,0.000000,0.000000
12.1833,0.310000,0.240000,-0.120000,0.670000,0.000000,0.000000,0.000000,0.070385,-0.878726,0.848830,-0.269190,0.000000,0.000000,0.000000,0.000000
12.2000,0.310000,0.240000,-0.120000,0.670000,0.000000,0.000000,0.000000,0.039908,-0.867150,0.844102,-0.299191,0.000000,0.000000,0.000000,0.000000
12.2167,0.310000,0.240000,-0.120000,0.670000,0.000000,0.000000,0.000000,0.006382,-0.852578,0.839703,-0.329965,0.000000,0.000000,0.000000,0.000000
12.2333,0.310000,0.240000,-0.120000,0.670000,0.000000,0.000000,0.000000,-0.029848,-0.834913,0.835883,-0.360682,0.000000,0.000000,0.000000,0.000000
12.2667,0.310000,0.240000,-0.120000,0.670000,0.000000,0.000000,0.000000,-0.068304,-0.814211,0.832878,-0.390419,0.000000,0.000000,0.000000,0.000000
12.3167,0.310000,0.240000,-0.120000,0.670000,0.000000,0.000000,0.000000,-0.108349,-0.790733,0.830902,-0.418263,0.000000,0.000000,0.000000,0.000000
12.3333,0.310000,0.240000,-0.120000,0.670000,0.000000,0.000000,0.000000,-0.149222,-0.764957,0.830118,-0.443414,0.000000,0.000000,0.000000,0.000000
12.3500,0.310000,0.240000,-0.120000,0.670000,0.000000,0.000000,0.000000,-0.190133,-0.737507,0.830613,-0.465266,0.000000,0.000000,0.000000,0.000000
12.3667,0.310000,0.240000,-0.120000,0.670000,0.000000,0.000000,0.000000,-0.230355,-0.709080,0.832383,-0.483435,0.000000,0.000000,0.000000,0.000000
12.3833,0.310000,0.240000,-0.120000,0.670000,0.000000,0.000000,0.000000,-0.269256,-0.680390,0.835345,-0.497768,0.000000,0.000000,0.000000,0.000000
12.4000,0.310000,0.240000,-0.120000,0.670000,0.000000,0.000000,0.000000,-0.306302,-0.652132,0.839353,-0.508342,0.000000,0.000000,0.000000,0.000000
12.4167,0.310000,0.240000,-0.120000,0.670000,0.000000,0.000000,0.000000,-0.341047,-0.624957,0.844228,-0.515444,0.000000,0.000000,0.000000,0.000000
12.4333,0.310000,0.240000,-0.120000,0.670000,0.000000,0.000000,0.000000,-0.373131,-0.599445,0.849772,-0.519519,0.000000,0.000000,0.000000,0.000000
12.4500,0.310000,0.240000,-0.120000,0.670000,0.000000,0.000000,0.000000,-0.402282,-0.576083,0.855789,-0.521113,0.000000,0.000000,0.000000,0.000000
12.4667,0.310000,0.240000,-0.120000,0.670000,0.000000,0.000000,0.000000,-0.428319,-0.555245,0.862095,-0.520804,0.000000,0.000000,0.000000,0.000000
12.4833,0.310000,0.240000,-0.120000,0.670000,0.000000,0.000000,0.000000,-0.451149,-0.537183,0.868528,-0.519148,0.000000,0.000000,0.000000,0.000000
12.5000,0.310000,0.240000,-0.120000,0.670000,0.000000,0.000000,0.000000,-0.470766,-0.522028,0.874959,-0.516638,0.000000,0.000000,0.000000,0.000000
12.5167,0.310000,0.240000,-0.120000,0.670000,0.000000,0.000000,0.000000,-0.487240,-0.509807,0.881285,-0.513680,0.000000,0.000000,0.000000,0.000000
12.5333,0.310000,0.240000,-0.120000,0.670000,0.000000,0.000000,0.000000,-0.500695,-0.500463,0.887431,-0.510585,0.000000,0.000000,0.000000,0.000000
12.5500,0.310000,0.240000,-0.120000,0.670000,0.000000,0.000000,0.000000,-0.511293,-0.493885,0.893344,-0.507565,0.000000,0.000000,0.000000,0.000000
12.5667,0.310000,0.240000,-0.120000,0.670000,0.000000,0.000000,0.000000,-0.519213,-0.489929,0.898986,-0.504737,0.000000,0.000000,0.000000,0.000000
12.5833,0.310000,0.240000,-0.120000,0.670000,0.000000,0.000000,0.000000,-0.524639,-0.488445,0.904326,-0.502121,0.000000,0.000000,0.000000,0.000000
12.6000,0.310000,0.240000,-0.120000,0.670000,0.000000,0.000000,0.000000,-0.527748,-0.489284,0.909342,-0.499647,0.000000,0.000000,0.000000,0.000000
12.6167,0.310000,0.240000,-0.120000,0.670000,0.000000,0.000000,0.000000,-0.528691,-0.492324,0.914010,-0.497156,0.000000,0.000000,0.000000,0.000000
12.6333,0.310000,0.240000,-0.120000,0.670000,0.000000,0.000000,0.000000,-0.527589,-0.497473,0.918310,-0.494415,0.000000,0.000000,0.000000,0.000000
12.6500,0.310000,0.240000,-0.120000,0.670000,0.000000,0.000000,0.000000,-0.524517,-0.504678,0.922227,-0.491142,0.000000,0.000000,0.000000,0.000000
12.6667,0.310000,0.240000,-0.120000,0.670000,0.000000,0.000000,0.000000,-0.519494,-0.513913,0.925761,-0.487032,0.000000,0.000000,0.000000,0.000000
12.6833,0.310000,0.240000,-0.120000,0.670000,0.000000,0.000000,0.000000,-0.512479,-0.525175,0.928937,-0.481789,0.000000,0.000000,0.000000,0.000000
12.7000,0.310000,0.240000,-0.120000,0.670000,0.000000,0.000000,0.000000,-0.503372,-0.538473,0.931801,-0.475144,0.000000,0.000000,0.000000,0.000000
12.7167,0.310000,0.240000,-0.120000,0.670000,0.000000,0.000000,0.000000,-0.492021,-0.553816,0.934426,-0.466877,0.000000,0.000000,0.000000,0.000000
12.7333,0.310000,0.240000,-0.120000,0.670000,0.000000,0.000000,0.000000,-0.478243,-0.571199,0.936903,-0.456831,0.000000,0.000000,0.000000,0.000000
12.7500,0.310000,0.240000,-0.120000,0.670000,0.000000,0.000000,0.000000,-0.461844,-0.590593,0.939337,-0.444920,0.000000,0.000000,0.000000,0.000000
12.7667,0.310000,0.240000,-0.120000,0.670000,0.000000,0.000000,0.000000,-0.442653,-0.611926,0.941831,-0.431147,0.000000,0.000000,0.000000,0.000000
12.7833,0.310000,0.240000,-0.120000,0.670000,0.000000,0.000000,0.000000,-0.420553,-0.635070,0.944482,-0.415609,0.000000,0.000000,0.000000,0.000000
12.8000,0.310000,0.240000,-0.120000,0.670000,0.000000,0.000000,0.000000,-0.395528,-0.659825,0.947361,-0.398494,0.000000,0.000000,0.000000,0.000000
12.8167,0.310000,0.240000,-0.120000,0.670000,0.000000,0.000000,0.000000,-0.367702,-0.685898,0.950503,-0.380063,0.000000,0.000000,0.000000,0.000000
12.8333,0.310000,0.240000,-0.120000,0.670000,0.000000,0.000000,0.000000,-0.337390,-0.712872,0.953898,-0.360616,0.000000,0.000000,0.000000,0.000000
12.8500,0.310000,0.240000,-0.120000,0.670000,0.000000,0.000000,0.000000,-0.305153,-0.740159,0.957480,-0.340452,0.000000,0.000000,0.000000,0.000000
12.9167,0.310000,0.240000,-0.120000,0.670000,0.000000,0.000000,0.000000,-0.271817,-0.766981,0.961129,-0.319841,0.000000,0.000000,0.000000,0.000000
12.9333,0.310000,0.240000,-0.120000,0.670000,0.000000,0.000000,0.000000,-0.238371,-0.792466,0.964694,-0.299037,0.000000,0.000000,0.000000,0.000000
12.9500,0.310000,0.240000,-0.120000,0.670000,0.000000,0.000000,0.000000,-0.205763,-0.815839,0.968029,-0.278308,0.000000,0.000000,0.000000,0.000000
12.9667,0.310000,0.240000,-0.120000,0.670000,0.000000,0.000000,0.000000,-0.174728,-0.836560,0.971027,-0.257945,0.000000,0.000000,0.000000,0.000000
12.9833,0.310000,0.240000,-0.120000,0.670000,0.000000,0.000000,0.000000,-0.145752,-0.854358,0.973629,-0.238236,0.000000,0.000000,0.000000,0.000000
13.0000,0.310000,0.240000,-0.120000,0.670000,0.000000,0.000000,0.000000,-0.119090,-0.869188,0.975821,-0.219444,0.000000,0.000000,0.000000,0.000000
13.0167,0.310000,0.240000,-0.120000,0.670000,0.000000,0.000000,0.000000,-0.094831,-0.881179,0.977613,-0.201785,0.000000,0.000000,0.000000,0.000000
13.0333,0.310000,0.240000,-0.120000,0.670000,0.000000,0.000000,0.000000,-0.072955,-0.890563,0.979031,-0.185420,0.000000,0.000000,0.000000,0.000000
13.0500,0.310000,0.240000,-0.120000,0.670000,0.000000,0.000000,0.000000,-0.053390,-0.897625,0.980096,-0.170454,0.000000,0.000000,0.000000,0.000000
13.0667,0.310000,0.240000,-0.120000,0.670000,0.000000,0.000000,0.000000,-0.036040,-0.902667,0.980821,-0.156938,0.000000,0.000000,0.000000,0.000000
13.0833,0.310000,0.240000,-0.120000,0.670000,0.000000,0.000000,0.000000,-0.020813,-0.905975,0.981210,-0.144867,0.000000,0.000000,0.000000,0.000000
13.1000,0.310000,0.240000,-0.120000,0.670000,0.000000,0.000000,0.000000,-0.007623,-0.907806,0.981257,-0.134190,0.000000,0.000000,0.000000,0.000000
13.1167,0.310000,0.240000,-0.120000,0.670000,0.000000,0.000000,0.000000,0.003608,-0.908378,0.980951,-0.124812,0.000000,0.000000,0.000000,0.000000
13.1333,0.310000,0.240000,-0.120000,0.670000,0.000000,0.000000,0.000000,0.012954,-0.907872,0.980285,-0.116609,0.000000,0.000000,0.000000,0.000000
13.1500,0.310000,0.240000,-0.120000,0.670000,0.000000,0.000000,0.000000,0.020504,-0.906439,0.979262,-0.109437,0.000000,0.000000,0.000000,0.000000
13.1667,0.310000,0.240000,-0.120000,0.670000,0.000000,0.000000,0.000000,0.026380,-0.904221,0.977902,-0.103162,0.000000,0.000000,0.000000,0.000000
13.1833,0.310000,0.240000,-0.120000,0.670000,0.000000,0.000000,0.000000,0.030752,-0.901362,0.976248,-0.097665,0.000000,0.000000,0.000000,0.000000
13.2000,0.310000,0.240000,-0.120000,0.670000,0.000000,0.000000,0.000000,0.033844,-0.898019,0.974367,-0.092850,0.000000,0.000000,0.000000,0.000000
13.2167,0.310000,0.240000,-0.120000,0.670000,0.000000,0.000000,0.000000,0.035926,-0.894352,0.972342,-0.088631,0.000000,0.000000,0.000000,0.000000
13.2333,0.310000,0.240000,-0.120000,0.670000,0.000000,0.000000,0.000000,0.037295,-0.890522,0.970269,-0.084921,0.000000,0.000000,0.000000,0.000000
13.2500,0.310000,0.240000,-0.120000,0.670000,0.000000,0.000000,0.000000,0.038264,-0.886678,0.968245,-0.081621,0.000000,0.000000,0.000000,0.000000
13.2667,0.310000,0.240000,-0.120000,0.670000,0.000000,0.000000,0.000000,0.039143,-0.882953,0.966368,-0.078615,0.000000,0.000000,0.000000,0.000000
13.2833,0.310000,0.240000,-0.120000,0.670000,0.000000,0.000000,0.000000,0.040237,-0.879452,0.964732,-0.075773,0.000000,0.000000,0.000000,0.000000
13.3000,0.310000,0.240000,-0.120000,0.670000,0.000000,0.000000,0.000000,0.041835,-0.876243,0.963429,-0.072945,0.000000,0.000000,0.000000,0.000000
13.3167,0.310000,0.240000,-0.120000,0.670000,0.000000,0.000000,0.000000,0.044208,-0.873351,0.962547,-0.069967,0.000000,0.000000,0.000000,0.000000
13.3333,0.310000,0.240000,-0.120000,0.670000,0.000000,0.000000,0.000000,0.047604,-0.870754,0.962173,-0.066654,0.000000,0.000000,0.000000,0.000000
13.3500,0.310000,0.240000,-0.120000,0.670000,0.000000,0.000000,0.000000,0.052242,-0.868380,0.962389,-0.062807,0.000000,0.000000,0.000000,0.000000
13.3667,0.310000,0.240000,-0.120000,0.670000,0.000000,0.000000,0.000000,0.058308,-0.866104,0.963271,-0.058212,0.000000,0.000000,0.000000,0.000000
13.3833,0.310000,0.240000,-0.120000,0.670000,0.000000,0.000000,0.000000,0.065947,-0.863752,0.964889,-0.052648,0.000000,0.000000,0.000000,0.000000
13.4000,0.310000,0.240000,-0.120000,0.670000,0.000000,0.000000,0.000000,0.075254,-0.861111,0.967298,-0.045893,0.000000,0.000000,0.000000,0.000000
13.4167,0.310000,0.240000,-0.120000,0.670000,0.000000,0.000000,0.000000,0.086269,-0.857941,0.970537,-0.037737,0.000000,0.000000,0.000000,0.000000
13.4333,0.310000,0.240000,-0.120000,0.670000,0.000000,0.000000,0.000000,0.098967,-0.853992,0.974617,-0.027994,0.000000,0.000000,0.000000,0.000000
13.4500,0.310000,0.240000,-0.120000,0.670000,0.000000,0.000000,0.000000,0.113260,-0.849025,0.979520,-0.016518,0.000000,0.000000,0.000000,0.000000
13.4667,0.310000,0.240000,-0.120000,0.670000,0.000000,0.000000,0.000000,0.128990,-0.842832,0.985189,-0.003221,0.000000,0.000000,0.000000,0.000000
13.4833,0.310000,0.240000,-0.120000,0.670000,0.000000,0.000000,0.000000,0.145933,-0.835260,0.991527,0.011901,0.000000,0.000000,0.000000,0.000000
13.5000,0.310000,0.240000,-0.120000,0.670000,0.000000,0.000000,0.000000,0.163798,-0.826230,0.998392,0.028757,0.000000,0.000000,0.000000,0.000000
13.5167,0.310000,0.240000,-0.120000,0.670000,0.000000,0.000000,0.000000,0.182224,-0.815763,1.005597,0.047132,0.000000,0.000000,0.000000,0.000000
13.5333,0.310000,0.240000,-0.120000,0.670000,0.000000,0.000000,0.000000,0.200786,-0.804003,1.012903,0.066671,0.000000,0.000000,0.000000,0.000000
13.5500,0.310000,0.240000,-0.120000,0.670000,0.000000,0.000000,0.000000,0.219018,-0.791256,1.020031,0.086847,0.000000,0.000000,0.000000,0.000000
13.6500,0.310000,0.240000,-0.120000,0.670000,0.000000,0.000000,0.000000,0.236475,-0.778025,1.026681,0.107005,0.000000,0.000000,0.000000,0.000000
13.7500,0.310000,0.240000,-0.120000,0.670000,0.000000,0.000000,0.000000,0.252848,-0.764989,1.032580,0.126563,0.000000,0.000000,0.000000,0.000000
13.7667,0.310000,0.240000,-0.120000,0.670000,0.000000,0.000000,0.000000,0.267995,-0.752848,1.037526,0.145212,0.000000,0.000000,0.000000,0.000000
13.7833,0.310000,0.240000,-0.120000,0.670000,0.000000,0.000000,0.000000,0.281836,-0.742121,1.041371,0.162865,0.000000,0.000000,0.000000,0.000000
13.8000,0.310000,0.240000,-0.120000,0.670000,0.000000,0.000000,0.000000,0.294212,-0.733042,1.043999,0.179420,0.000000,0.000000,0.000000,0.000000
13.8500,0.310000,0.240000,-0.120000,0.670000,0.000000,0.000000,0.000000,0.304847,-0.725595,1.045301,0.194580,0.000000,0.000000,0.000000,0.000000
13.8667,0.310000,0.240000,-0.120000,0.670000,0.000000,0.000000,0.000000,0.313407,-0.719634,1.045191,0.207834,0.000000,0.000000,0.000000,0.000000
13.8833,0.310000,0.240000,-0.120000,0.670000,0.000000,0.000000,0.000000,0.319585,-0.715013,1.043622,0.218551,0.000000,0.000000,0.000000,0.000000
13.9167,0.310000,0.240000,-0.120000,0.670000,0.000000,0.000000,0.000000,0.323187,-0.711683,1.040594,0.226141,0.000000,0.000000,0.000000,0.000000
13.9333,0.310000,0.240000,-0.120000,0.670000,0.000000,0.000000,0.000000,0.324202,-0.709742,1.036166,0.230239,0.000000,0.000000,0.000000,0.000000
14.0333,0.310000,0.240000,-0.120000,0.670000,0.000000,0.000000,0.000000,0.322855,-0.709446,1.030455,0.230871,0.000000,0.000000,0.000000,0.000000
14.0500,0.310000,0.240000,-0.120000,0.670000,0.000000,0.000000,0.000000,0.319576,-0.711146,1.023615,0.228447,0.000000,0.000000,0.000000,0.000000
14.0667,0.310000,0.240000,-0.120000,0.670000,0.000000,0.000000,0.000000,0.314889,-0.715193,1.015815,0.223580,0.000000,0.000000,0.000000,0.000000
14.0833,0.310000,0.240000,-0.120000,0.670000,0.000000,0.000000,0.000000,0.309321,-0.721839,1.007220,0.216862,0.000000,0.000000,0.000000,0.000000
14.1000,0.310000,0.240000,-0.120000,0.670000,0.000000,0.000000,0.000000,0.303338,-0.731183,0.997994,0.208723,0.000000,0.000000,0.000000,0.000000
14.1167,0.310000,0.240000,-0.120000,0.670000,0.000000,0.000000,0.000000,0.297321,-0.743128,0.988318,0.199321,0.000000,0.000000,0.000000,0.000000
14.2167,0.310000,0.240000,-0.120000,0.670000,0.000000,0.000000,0.000000,0.291553,-0.757361,0.978401,0.188534,0.000000,0.000000,0.000000,0.000000
14.2333,0.310000,0.240000,-0.120000,0.670000,0.000000,0.000000,0.000000,0.286212,-0.773376,0.968476,0.176149,0.000000,0.000000,0.000000,0.000000
14.2500,0.310000,0.240000,-0.120000,0.670000,0.000000,0.000000,0.000000,0.281379,-0.790541,0.958781,0.162146,0.000000,0.000000,0.000000,0.000000
14.2667,0.310000,0.240000,-0.120000,0.670000,0.000000,0.000000,0.000000,0.277054,-0.808184,0.949523,0.146812,0.000000,0.000000,0.000000,0.000000
14.2833,0.310000,0.240000,-0.120000,0.670000,0.000000,0.000000,0.000000,0.273181,-0.825668,0.940868,0.130638,0.000000,0.000000,0.000000,0.000000
14.3000,0.310000,0.240000,-0.120000,0.670000,0.000000,0.000000,0.000000,0.269669,-0.842448,0.932924,0.114194,0.000000,0.000000,0.000000,0.000000
14.3167,0.310000,0.240000,-0.120000,0.670000,0.000000,0.000000,0.000000,0.266411,-0.858102,0.925750,0.098030,0.000000,0.000000,0.000000,0.000000
14.3333,0.310000,0.240000,-0.120000,0.670000,0.000000,0.000000,0.000000,0.263297,-0.872336,0.919353,0.082621,0.000000,0.000000,0.000000,0.000000
14.3500,0.310000,0.240000,-0.120000,0.670000,0.000000,0.000000,0.000000,0.260227,-0.884980,0.913705,0.068337,0.000000,0.000000,0.000000,0.000000
14.3667,0.310000,0.240000,-0.120000,0.670000,0.000000,0.000000,0.000000,0.257127,-0.895974,0.908753,0.055426,0.000000,0.000000,0.000000,0.000000
14.3833,0.310000,0.240000,-0.120000,0.670000,0.000000,0.000000,0.000000,0.253949,-0.905349,0.904426,0.044015,0.000000,0.000000,0.000000,0.000000
14.4000,0.310000,0.240000,-0.120000,0.670000,0.000000,0.000000,0.000000,0.250672,-0.913211,0.900647,0.034117,0.000000,0.000000,0.000000,0.000000
14.4167,0.310000,0.240000,-0.120000,0.670000,0.000000,0.000000,0.000000,0.247296,-0.919718,0.897334,0.025639,0.000000,0.000000,0.000000,0.000000
14.4333,0.310000,0.240000,-0.120000,0.670000,0.000000,0.000000,0.000000,0.243829,-0.925064,0.894402,0.018391,0.000000,0.000000,0.000000,0.000000
14.4500,0.310000,0.240000,-0.120000,0.670000,0.000000,0.000000,0.000000,0.240283,-0.929465,0.891765,0.012104,0.000000,0.000000,0.000000,0.000000
14.4667,0.310000,0.240000,-0.120000,0.670000,0.000000,0.000000,0.000000,0.236661,-0.933149,0.889335,0.006452,0.000000,0.000000,0.000000,0.000000
14.4833,0.310000,0.240000,-0.120000,0.670000,0.000000,0.000000,0.000000,0.232962,-0.936345,0.887028,0.001072,0.000000,0.000000,0.000000,0.000000
14.5000,0.310000,0.240000,-0.120000,0.670000,0.000000,0.000000,0.000000,0.229176,-0.939274,0.884764,-0.004418,0.000000,0.000000,0.000000,0.000000
14.5167,0.310000,0.240000,-0.120000,0.670000,0.000000,0.000000,0.000000,0.225285,-0.942141,0.882471,-0.010398,0.000000,0.000000,0.000000,0.000000
14.5333,0.310000,0.240000,-0.120000,0.670000,0.000000,0.000000,0.000000,0.221261,-0.945120,0.880090,-0.017236,0.000000,0.000000,0.000000,0.000000
14.5500,0.310000,0.240000,-0.120000,0.670000,0.000000,0.000000,0.000000,0.217059,-0.948339,0.877571,-0.025273,0.000000,0.000000,0.000000,0.000000
14.5667,0.310000,0.240000,-0.120000,0.670000,0.000000,0.000000,0.000000,0.212600,-0.951861,0.874881,-0.034814,0.000000,0.000000,0.000000,0.000000
14.5833,0.310000,0.240000,-0.120000,0.670000,0.000000,0.000000,0.000000,0.207766,-0.955667,0.871995,-0.046116,0.000000,0.000000,0.000000,0.000000
14.6000,0.310000,0.240000,-0.120000,0.670000,0.000000,0.000000,0.000000,0.202383,-0.959637,0.868904,-0.059383,0.000000,0.000000,0.000000,0.000000
14.6167,0.310000,0.240000,-0.120000,0.670000,0.000000,0.000000,0.000000,0.196221,-0.963547,0.865613,-0.074768,0.000000,0.000000,0.000000,0.000000
14.6333,0.310000,0.240000,-0.120000,0.670000,0.000000,0.000000,0.000000,0.189004,-0.967061,0.862150,-0.092372,0.000000,0.000000,0.000000,0.000000
14.6500,0.310000,0.240000,-0.120000,0.670000,0.000000,0.000000,0.000000,0.180418,-0.969740,0.858566,-0.112244,0.000000,0.000000,0.000000,0.000000
14.6667,0.310000,0.240000,-0.120000,0.670000,0.000000,0.000000,0.000000,0.170127,-0.971044,0.854945,-0.134368,0.000000,0.000000,0.000000,0.000000
14.6833,0.310000,0.240000,-0.120000,0.670000,0.000000,0.000000,0.000000,0.157787,-0.970359,0.851399,-0.158646,0.000000,0.000000,0.000000,0.000000
14.7000,0.310000,0.240000,-0.120000,0.670000,0.000000,0.000000,0.000000,0.143050,-0.967010,0.848067,-0.184874,0.000000,0.000000,0.000000,0.000000
14.7167,0.310000,0.240000,-0.120000,0.670000,0.000000,0.000000,0.000000,0.125573,-0.960299,0.845106,-0.212726,0.000000,0.000000,0.000000,0.000000
14.7333,0.310000,0.240000,-0.120000,0.670000,0.000000,0.000000,0.000000,0.105020,-0.949546,0.842671,-0.241752,0.000000,0.000000,0.000000,0.000000
14.7500,0.310000,0.240000,-0.120000,0.670000,0.000000,0.000000,0.000000,0.081087,-0.934151,0.840903,-0.271395,0.000000,0.000000,0.000000,0.000000
14.7667,0.310000,0.240000,-0.120000,0.670000,0.000000,0.000000,0.000000,0.053532,-0.913667,0.839915,-0.301005,0.000000,0.000000,0.000000,0.000000
14.7833,0.310000,0.240000,-0.120000,0.670000,0.000000,0.000000,0.000000,0.022226,-0.887891,0.839777,-0.329868,0.000000,0.000000,0.000000,0.000000
14.8000,0.310000,0.240000,-0.120000,0.670000,0.000000,0.000000,0.000000,-0.012794,-0.856955,0.840504,-0.357243,0.000000,0.000000,0.000000,0.000000
14.8333,0.310000,0.240000,-0.120000,0.670000,0.000000,0.000000,0.000000,-0.051231,-0.821442,0.842050,-0.382440,0.000000,0.000000,0.000000,0.000000
14.8667,0.310000,0.240000,-0.120000,0.670000,0.000000,0.000000,0.000000,-0.092403,-0.782490,0.844332,-0.404960,0.000000,0.000000,0.000000,0.000000
14.9667,0.310000,0.240000,-0.120000,0.670000,0.000000,0.000000,0.000000,-0.135155,-0.741795,0.847264,-0.424661,0.000000,0.000000,0.000000,0.000000
14.9833,0.310000,0.240000,-0.120000,0.670000,0.000000,0.000000,0.000000,-0.177986,-0.701350,0.850784,-0.441745,0.000000,0.000000,0.000000,0.000000
15.0000,0.310000,0.240000,-0.120000,0.670000,0.000000,0.000000,0.000000,-0.219363,-0.663042,0.854836,-0.456564,0.000000,0.000000,0.000000,0.000000
15.0167,0.310000,0.240000,-0.120000,0.670000,0.000000,0.000000,0.000000,-0.257994,-0.628387,0.859345,-0.469416,0.000000,0.000000,0.000000,0.000000
15.0500,0.310000,0.240000,-0.120000,0.670000,0.000000,0.000000,0.000000,-0.292900,-0.598486,0.864209,-0.480471,0.000000,0.000000,0.000000,0.000000
15.0833,0.310000,0.240000,-0.120000,0.670000,0.000000,0.000000,0.000000,-0.323406,-0.574086,0.869292,-0.489761,0.000000,0.000000,0.000000,0.000000
15.1167,0.310000,0.240000,-0.120000,0.670000,0.000000,0.000000,0.000000,-0.349084,-0.555634,0.874442,-0.497209,0.000000,0.000000,0.000000,0.000000
15.1333,0.310000,0.240000,-0.120000,0.670000,0.000000,0.000000,0.000000,-0.369705,-0.543337,0.879508,-0.502678,0.000000,0.000000,0.000000,0.000000
15.1500,0.310000,0.240000,-0.120000,0.670000,0.000000,0.000000,0.000000,-0.385175,-0.537216,0.884355,-0.506006,0.000000,0.000000,0.000000,0.000000
15.1667,0.310000,0.240000,-0.120000,0.670000,0.000000,0.000000,0.000000,-0.395500,-0.537151,0.888875,-0.507033,0.000000,0.000000,0.000000,0.000000
15.1833,0.310000,0.240000,-0.120000,0.670000,0.000000,0.000000,0.000000,-0.400744,-0.542921,0.892994,-0.505620,0.000000,0.000000,0.000000,0.000000
15.2000,0.310000,0.240000,-0.120000,0.670000,0.000000,0.000000,0.000000,-0.401008,-0.554219,0.896674,-0.501662,0.000000,0.000000,0.000000,0.000000
15.2167,0.310000,0.240000,-0.120000,0.670000,0.000000,0.000000,0.000000,-0.396421,-0.570665,0.899919,-0.495099,0.000000,0.000000,0.000000,0.000000
15.2333,0.310000,0.240000,-0.120000,0.670000,0.000000,0.000000,0.000000,-0.387133,-0.591798,0.902772,-0.485926,0.000000,0.000000,0.000000,0.000000
15.2500,0.310000,0.240000,-0.120000,0.670000,0.000000,0.000000,0.000000,-0.373327,-0.617071,0.905312,-0.474203,0.000000,0.000000,0.000000,0.000000
15.2667,0.310000,0.240000,-0.120000,0.670000,0.000000,0.000000,0.000000,-0.355243,-0.645842,0.907645,-0.460068,0.000000,0.000000,0.000000,0.000000
15.2833,0.310000,0.240000,-0.120000,0.670000,0.000000,0.000000,0.000000,-0.333205,-0.677345,0.909896,-0.443728,0.000000,0.000000,0.000000,0.000000
15.3000,0.310000,0.240000,-0.120000,0.670000,0.000000,0.000000,0.000000,-0.307680,-0.710667,0.912192,-0.425450,0.000000,0.000000,0.000000,0.000000
15.3500,0.310000,0.240000,-0.120000,0.670000,0.000000,0.000000,0.000000,-0.279309,-0.744750,0.914647,-0.405532,0.000000,0.000000,0.000000,0.000000
15.3667,0.310000,0.240000,-0.120000,0.670000,0.000000,0.000000,0.000000,-0.248882,-0.778460,0.917343,-0.384290,0.000000,0.000000,0.000000,0.000000
15.3833,0.310000,0.240000,-0.120000,0.670000,0.000000,0.000000,0.000000,-0.217246,-0.810735,0.920323,-0.362069,0.000000,0.000000,0.000000,0.000000
15.4000,0.310000,0.240000,-0.120000,0.670000,0.000000,0.000000,0.000000,-0.185209,-0.840710,0.923588,-0.339248,0.000000,0.000000,0.000000,0.000000
15.4167,0.310000,0.240000,-0.120000,0.670000,0.000000,0.000000,0.000000,-0.153492,-0.867763,0.927098,-0.316223,0.000000,0.000000,0.000000,0.000000
15.4333,0.310000,0.240000,-0.120000,0.670000,0.000000,0.000000,0.000000,-0.122722,-0.891521,0.930775,-0.293394,0.000000,0.000000,0.000000,0.000000
15.4500,0.310000,0.240000,-0.120000,0.670000,0.000000,0.000000,0.000000,-0.093424,-0.911826,0.934514,-0.271138,0.000000,0.000000,0.000000,0.000000
15.4667,0.310000,0.240000,-0.120000,0.670000,0.000000,0.000000,0.000000,-0.066024,-0.928692,0.938190,-0.249786,0.000000,0.000000,0.000000,0.000000
15.4833,0.310000,0.240000,-0.120000,0.670000,0.000000,0.000000,0.000000,-0.040858,-0.942255,0.941677,-0.229605,0.000000,0.000000,0.000000,0.000000
15.5000,0.310000,0.240000,-0.120000,0.670000,0.000000,0.000000,0.000000,-0.018170,-0.952734,0.944853,-0.210782,0.000000,0.000000,0.000000,0.000000
15.5167,0.310000,0.240000,-0.120000,0.670000,0.000000,0.000000,0.000000,0.001893,-0.960392,0.947617,-0.193423,0.000000,0.000000,0.000000,0.000000
15.5333,0.310000,0.240000,-0.120000,0.670000,0.000000,0.000000,0.000000,0.019282,-0.965523,0.949901,-0.177566,0.000000,0.000000,0.000000,0.000000
15.5500,0.310000,0.240000,-0.120000,0.670000,0.000000,0.000000,0.000000,0.034053,-0.968432,0.951672,-0.163182,0.000000,0.000000,0.000000,0.000000
15.5667,0.310000,0.240000,-0.120000,0.670000,0.000000,0.000000,0.000000,0.046361,-0.969423,0.952933,-0.150184,0.000000,0.000000,0.000000,0.000000
15.5833,0.310000,0.240000,-0.120000,0.670000,0.000000,0.000000,0.000000,0.056448,-0.968791,0.953727,-0.138424,0.000000,0.000000,0.000000,0.000000
15.6000,0.310000,0.240000,-0.120000,0.670000,0.000000,0.000000,0.000000,0.064637,-0.966813,0.954130,-0.127712,0.000000,0.000000,0.000000,0.000000
15.6167,0.310000,0.240000,-0.120000,0.670000,0.000000,0.000000,0.000000,0.071308,-0.963734,0.954246,-0.117823,0.000000,0.000000,0.000000,0.000000
15.6333,0.310000,0.240000,-0.120000,0.670000,0.000000,0.000000,0.000000,0.076882,-0.959755,0.954205,-0.108504,0.000000,0.000000,0.000000,0.000000
15.6500,0.310000,0.240000,-0.120000,0.670000,0.000000,0.000000,0.000000,0.081792,-0.955021,0.954149,-0.099481,0.000000,0.000000,0.000000,0.000000
15.6667,0.310000,0.240000,-0.120000,0.670000,0.000000,0.000000,0.000000,0.086469,-0.949625,0.954227,-0.090464,0.000000,0.000000,0.000000,0.000000
15.6833,0.310000,0.240000,-0.120000,0.670000,0.000000,0.000000,0.000000,0.091323,-0.943604,0.954589,-0.081153,0.000000,0.000000,0.000000,0.000000
15.7000,0.310000,0.240000,-0.120000,0.670000,0.000000,0.000000,0.000000,0.096730,-0.936952,0.955375,-0.071250,0.000000,0.000000,0.000000,0.000000
15.7167,0.310000,0.240000,-0.120000,0.670000,0.000000,0.000000,0.000000,0.103024,-0.929620,0.956714,-0.060464,0.000000,0.000000,0.000000,0.000000
15.7333,0.310000,0.240000,-0.120000,0.670000,0.000000,0.000000,0.000000,0.110479,-0.921531,0.958715,-0.048532,0.000000,0.000000,0.000000,0.000000
15.7500,0.310000,0.240000,-0.120000,0.670000,0.000000,0.000000,0.000000,0.119306,-0.912585,0.961462,-0.035225,0.000000,0.000000,0.000000,0.000000
15.7667,0.310000,0.240000,-0.120000,0.670000,0.000000,0.000000,0.000000,0.129634,-0.902659,0.965008,-0.020376,0.000000,0.000000,0.000000,0.000000
15.7833,0.310000,0.240000,-0.120000,0.670000,0.000000,0.000000,0.000000,0.141495,-0.891622,0.969372,-0.003900,0.000000,0.000000,0.000000,0.000000
15.8000,0.310000,0.240000,-0.120000,0.670000,0.000000,0.000000,0.000000,0.154811,-0.879345,0.974529,0.014178,0.000000,0.000000,0.000000,0.000000
15.8167,0.310000,0.240000,-0.120000,0.670000,0.000000,0.000000,0.000000,0.169371,-0.865727,0.980399,0.033684,0.000000,0.000000,0.000000,0.000000
15.8333,0.310000,0.240000,-0.120000,0.670000,0.000000,0.000000,0.000000,0.184814,-0.850716,0.986839,0.054264,0.000000,0.000000,0.000000,0.000000
15.8667,0.310000,0.240000,-0.120000,0.670000,0.000000,0.000000,0.000000,0.200614,-0.834343,0.993630,0.075346,0.000000,0.000000,0.000000,0.000000
15.8833,0.310000,0.240000,-0.120000,0.670000,0.000000,0.000000,0.000000,0.216087,-0.816746,1.000480,0.096132,0.000000,0.000000,0.000000,0.000000
15.9000,0.310000,0.240000,-0.120000,0.670000,0.000000,0.000000,0.000000,0.230431,-0.798213,1.007040,0.115609,0.000000,0.000000,0.000000,0.000000
16.0000,0.310000,0.240000,-0.120000,0.670000,0.000000,0.000000,0.000000,0.242810,-0.779221,1.012928,0.132615,0.000000,0.000000,0.000000,0.000000
16.0167,0.310000,0.240000,-0.120000,0.670000,0.000000,0.000000,0.000000,0.252527,-0.760470,1.017791,0.146081,0.000000,0.000000,0.000000,0.000000
16.0333,0.310000,0.240000,-0.120000,0.670000,0.000000,0.000000,0.000000,0.259269,-0.742899,1.021384,0.155377,0.000000,0.000000,0.000000,0.000000
16.1667,0.310000,0.240000,-0.120000,0.670000,0.000000,0.000000,0.000000,0.263225,-0.727640,1.023595,0.160522,0.000000,0.000000,0.000000,0.000000
16.1833,0.310000,0.240000,-0.120000,0.670000,0.000000,0.000000,0.000000,0.264976,-0.715861,1.024422,0.162103,0.000000,0.000000,0.000000,0.000000
16.2000,0.310000,0.240000,-0.120000,0.670000,0.000000,0.000000,0.000000,0.265220,-0.708530,1.023900,0.160987,0.000000,0.000000,0.000000,0.000000
16.2167,0.310000,0.240000,-0.120000,0.670000,0.000000,0.000000,0.000000,0.264568,-0.706274,1.022073,0.158060,0.000000,0.000000,0.000000,0.000000
16.2333,0.310000,0.240000,-0.120000,0.670000,0.000000,0.000000,0.000000,0.263476,-0.709351,1.018975,0.154063,0.000000,0.000000,0.000000,0.000000
16.2500,0.310000,0.240000,-0.120000,0.670000,0.000000,0.000000,0.000000,0.262220,-0.717677,1.014639,0.149500,0.000000,0.000000,0.000000,0.000000
16.2667,0.310000,0.240000,-0.120000,0.670000,0.000000,0.000000,0.000000,0.260910,-0.730844,1.009108,0.144579,0.000000,0.000000,0.000000,0.000000
16.2833,0.310000,0.240000,-0.120000,0.670000,0.000000,0.000000,0.000000,0.259506,-0.748159,1.002456,0.139184,0.000000,0.000000,0.000000,0.000000
16.3667,0.310000,0.240000,-0.120000,0.670000,0.000000,0.000000,0.000000,0.257871,-0.768681,0.994804,0.132928,0.000000,0.000000,0.000000,0.000000
16.4667,0.310000,0.240000,-0.120000,0.670000,0.000000,0.000000,0.000000,0.255854,-0.791302,0.986343,0.125387,0.000000,0.000000,0.000000,0.000000
16.4833,0.310000,0.240000,-0.120000,0.670000,0.000000,0.000000,0.000000,0.253341,-0.814864,0.977320,0.116389,0.000000,0.000000,0.000000,0.000000
16.5000,0.310000,0.240000,-0.120000,0.670000,0.000000,0.000000,0.000000,0.250261,-0.838287,0.968004,0.106109,0.000000,0.000000,0.000000,0.000000
16.5167,0.310000,0.240000,-0.120000,0.670000,0.000000,0.000000,0.000000,0.246585,-0.860660,0.958647,0.094942,0.000000,0.000000,0.000000,0.000000
16.5333,0.310000,0.240000,-0.120000,0.670000,0.000000,0.000000,0.000000,0.242339,-0.881288,0.949479,0.083352,0.000000,0.000000,0.000000,0.000000
16.5500,0.310000,0.240000,-0.120000,0.670000,0.000000,0.000000,0.000000,0.237618,-0.899700,0.940696,0.071777,0.000000,0.000000,0.000000,0.000000
16.5667,0.310000,0.240000,-0.120000,0.670000,0.000000,0.000000,0.000000,0.232572,-0.915638,0.932461,0.060582,0.000000,0.000000,0.000000,0.000000
16.5833,0.310000,0.240000,-0.120000,0.670000,0.000000,0.000000,0.000000,0.227385,-0.929027,0.924895,0.050050,0.000000,0.000000,0.000000,0.000000
16.6000,0.310000,0.240000,-0.120000,0.670000,0.000000,0.000000,0.000000,0.222251,-0.939934,0.918085,0.040377,0.000000,0.000000,0.000000,0.000000
16.6167,0.310000,0.240000,-0.120000,0.670000,0.000000,0.000000,0.000000,0.217354,-0.948534,0.912075,0.031677,0.000000,0.000000,0.000000,0.000000
16.6333,0.310000,0.240000,-0.120000,0.670000,0.000000,0.000000,0.000000,0.212860,-0.955082,0.906876,0.023998,0.000000,0.000000,0.000000,0.000000
16.6500,0.310000,0.240000,-0.120000,0.670000,0.000000,0.000000,0.000000,0.208910,-0.959884,0.902470,0.017330,0.000000,0.000000,0.000000,0.000000
16.6667,0.310000,0.240000,-0.120000,0.670000,0.000000,0.000000,0.000000,0.205614,-0.963277,0.898811,0.011618,0.000000,0.000000,0.000000,0.000000
16.6833,0.310000,0.240000,-0.120000,0.670000,0.000000,0.000000,0.000000,0.203047,-0.965597,0.895837,0.006773,0.000000,0.000000,0.000000,0.000000
16.7000,0.310000,0.240000,-0.120000,0.670000,0.000000,0.000000,0.000000,0.201251,-0.967171,0.893471,0.002680,0.000000,0.000000,0.000000,0.000000
16.7167,0.310000,0.240000,-0.120000,0.670000,0.000000,0.000000,0.000000,0.200231,-0.968297,0.891625,-0.000798,0.000000,0.000000,0.000000,0.000000
16.7333,0.310000,0.240000,-0.120000,0.670000,0.000000,0.000000,0.000000,0.199964,-0.969238,0.890212,-0.003817,0.000000,0.000000,0.000000,0.000000
16.7500,0.310000,0.240000,-0.120000,0.670000,0.000000,0.000000,0.000000,0.200399,-0.970209,0.889141,-0.006553,0.000000,0.000000,0.000000,0.000000
16.7667,0.310000,0.240000,-0.120000,0.670000,0.000000,0.000000,0.000000,0.201456,-0.971373,0.888332,-0.009200,0.000000,0.000000,0.000000,0.000000
16.7833,0.310000,0.240000,-0.120000,0.670000,0.000000,0.000000,0.000000,0.203030,-0.972836,0.887709,-0.011973,0.000000,0.000000,0.000000,0.000000
16.8000,0.310000,0.240000,-0.120000,0.670000,0.000000,0.000000,0.000000,0.204991,-0.974639,0.887208,-0.015106,0.000000,0.000000,0.000000,0.000000
16.8167,0.310000,0.240000,-0.120000,0.670000,0.000000,0.000000,0.000000,0.207175,-0.976766,0.886775,-0.018856,0.000000,0.000000,0.000000,0.000000
16.8333,0.310000,0.240000,-0.120000,0.670000,0.000000,0.000000,0.000000,0.209387,-0.979135,0.886367,-0.023502,0.000000,0.000000,0.000000,0.000000
16.8500,0.310000,0.240000,-0.120000,0.670000,0.000000,0.000000,0.000000,0.211397,-0.981602,0.885948,-0.029340,0.000000,0.000000,0.000000,0.000000
16.8667,0.310000,0.240000,-0.120000,0.670000,0.000000,0.000000,0.000000,0.212929,-0.983959,0.885493,-0.036680,0.000000,0.000000,0.000000,0.000000
16.8833,0.310000,0.240000,-0.120000,0.670000,0.000000,0.000000,0.000000,0.213663,-0.985925,0.884987,-0.045831,0.000000,0.000000,0.000000,0.000000
16.9000,0.310000,0.240000,-0.120000,0.670000,0.000000,0.000000,0.000000,0.213230,-0.987154,0.884421,-0.057096,0.000000,0.000000,0.000000,0.000000
16.9167,0.310000,0.240000,-0.120000,0.670000,0.000000,0.000000,0.000000,0.211214,-0.987231,0.883796,-0.070750,0.000000,0.000000,0.000000,0.000000
16.9333,0.310000,0.240000,-0.120000,0.670000,0.000000,0.000000,0.000000,0.207171,-0.985690,0.883127,-0.087033,0.000000,0.000000,0.000000,0.000000
16.9500,0.310000,0.240000,-0.120000,0.670000,0.000000,0.000000,0.000000,0.200648,-0.982026,0.882443,-0.106130,0.000000,0.000000,0.000000,0.000000
16.9667,0.310000,0.240000,-0.120000,0.670000,0.000000,0.000000,0.000000,0.191205,-0.975717,0.881793,-0.128153,0.000000,0.000000,0.000000,0.000000
16.9833,0.310000,0.240000,-0.120000,0.670000,0.000000,0.000000,0.000000,0.178443,-0.966251,0.881247,-0.153118,0.000000,0.000000,0.000000,0.000000
17.0000,0.310000,0.240000,-0.120000,0.670000,0.000000,0.000000,0.000000,0.162031,-0.953158,0.880893,-0.180921,0.000000,0.000000,0.000000,0.000000
17.0167,0.310000,0.240000,-0.120000,0.670000,0.000000,0.000000,0.000000,0.141726,-0.936045,0.880833,-0.211308,0.000000,0.000000,0.000000,0.000000
17.0333,0.310000,0.240000,-0.120000,0.670000,0.000000,0.000000,0.000000,0.117413,-0.914648,0.881178,-0.243874,0.000000,0.000000,0.000000,0.000000
17.0500,0.310000,0.240000,-0.120000,0.670000,0.000000,0.000000,0.000000,0.089130,-0.888891,0.882032,-0.278058,0.000000,0.000000,0.000000,0.000000
17.0667,0.310000,0.240000,-0.120000,0.670000,0.000000,0.000000,0.000000,0.057112,-0.858968,0.883481,-0.313161,0.000000,0.000000,0.000000,0.000000
17.0833,0.310000,0.240000,-0.120000,0.670000,0.000000,0.000000,0.000000,0.021840,-0.825436,0.885568,-0.348381,0.000000,0.000000,0.000000,0.000000
17.1333,0.310000,0.240000,-0.120000,0.670000,0.000000,0.000000,0.000000,-0.015887,-0.789334,0.888293,-0.382876,0.000000,0.000000,0.000000,0.000000
17.2167,0.310000,0.240000,-0.120000,0.670000,0.000000,0.000000,0.000000,-0.054908,-0.752205,0.891601,-0.415885,0.000000,0.000000,0.000000,0.000000
17.2333,0.310000,0.240000,-0.120000,0.670000,0.000000,0.000000,0.000000,-0.093851,-0.715878,0.895390,-0.446819,0.000000,0.000000,0.000000,0.000000
17.2500,0.310000,0.240000,-0.120000,0.670000,0.000000,0.000000,0.000000,-0.131411,-0.682060,0.899520,-0.475222,0.000000,0.000000,0.000000,0.000000
17.2667,0.310000,0.240000,-0.120000,0.670000,0.000000,0.000000,0.000000,-0.166578,-0.652037,0.903821,-0.500668,0.000000,0.000000,0.000000,0.000000
17.2833,0.310000,0.240000,-0.120000,0.670000,0.000000,0.000000,0.000000,-0.198684,-0.626618,0.908120,-0.522703,0.000000,0.000000,0.000000,0.000000
17.3000,0.310000,0.240000,-0.120000,0.670000,0.000000,0.000000,0.000000,-0.227361,-0.606192,0.912247,-0.540843,0.000000,0.000000,0.000000,0.000000
17.3167,0.310000,0.240000,-0.120000,0.670000,0.000000,0.000000,0.000000,-0.252456,-0.590845,0.916056,-0.554629,0.000000,0.000000,0.000000,0.000000
17.3333,0.310000,0.240000,-0.120000,0.670000,0.000000,0.000000,0.000000,-0.273919,-0.580493,0.919429,-0.563705,0.000000,0.000000,0.000000,0.000000
17.3667,0.310000,0.240000,-0.120000,0.670000,0.000000,0.000000,0.000000,-0.291711,-0.574991,0.922286,-0.567884,0.000000,0.000000,0.000000,0.000000
17.4167,0.310000,0.240000,-0.120000,0.670000,0.000000,0.000000,0.000000,-0.305731,-0.574221,0.924599,-0.567175,0.000000,0.000000,0.000000,0.000000
17.4833,0.310000,0.240000,-0.120000,0.670000,0.000000,0.000000,0.000000,-0.315773,-0.578118,0.926393,-0.561776,0.000000,0.000000,0.000000,0.000000
17.5167,0.310000,0.240000,-0.120000,0.670000,0.000000,0.000000,0.000000,-0.321545,-0.586641,0.927753,-0.552030,0.000000,0.000000,0.000000,0.000000
17.5333,0.310000,0.240000,-0.120000,0.670000,0.000000,0.000000,0.000000,-0.322737,-0.599702,0.928811,-0.538353,0.000000,0.000000,0.000000,0.000000
17.5500,0.310000,0.240000,-0.120000,0.670000,0.000000,0.000000,0.000000,-0.319109,-0.617089,0.929728,-0.521178,0.000000,0.000000,0.000000,0.000000
17.5667,0.310000,0.240000,-0.120000,0.670000,0.000000,0.000000,0.000000,-0.310539,-0.638437,0.930676,-0.500941,0.000000,0.000000,0.000000,0.000000
17.5833,0.310000,0.240000,-0.120000,0.670000,0.000000,0.000000,0.000000,-0.297062,-0.663213,0.931821,-0.478089,0.000000,0.000000,0.000000,0.000000
17.6000,0.310000,0.240000,-0.120000,0.670000,0.000000,0.000000,0.000000,-0.278902,-0.690720,0.933308,-0.453085,0.000000,0.000000,0.000000,0.000000
17.6167,0.310000,0.240000,-0.120000,0.670000,0.000000,0.000000,0.000000,-0.256515,-0.720098,0.935239,-0.426409,0.000000,0.000000,0.000000,0.000000
17.6667,0.310000,0.240000,-0.120000,0.670000,0.000000,0.000000,0.000000,-0.230605,-0.750337,0.937660,-0.398537,0.000000,0.000000,0.000000,0.000000
17.6833,0.310000,0.240000,-0.120000,0.670000,0.000000,0.000000,0.000000,-0.202085,-0.780349,0.940554,-0.369930,0.000000,0.000000,0.000000,0.000000
17.7000,0.310000,0.240000,-0.120000,0.670000,0.000000,0.000000,0.000000,-0.171953,-0.809111,0.943855,-0.341033,0.000000,0.000000,0.000000,0.000000
17.7167,0.310000,0.240000,-0.120000,0.670000,0.000000,0.000000,0.000000,-0.141165,-0.835797,0.947456,-0.312283,0.000000,0.000000,0.000000,0.000000
17.7333,0.310000,0.240000,-0.120000,0.670000,0.000000,0.000000,0.000000,-0.110557,-0.859828,0.951235,-0.284104,0.000000,0.000000,0.000000,0.000000
17.7500,0.310000,0.240000,-0.120000,0.670000,0.000000,0.000000,0.000000,-0.080819,-0.880884,0.955060,-0.256889,0.000000,0.000000,0.000000,0.000000
17.7667,0.310000,0.240000,-0.120000,0.670000,0.000000,0.000000,0.000000,-0.052476,-0.898882,0.958802,-0.230980,0.000000,0.000000,0.000000,0.000000
17.7833,0.310000,0.240000,-0.120000,0.670000,0.000000,0.000000,0.000000,-0.025907,-0.913924,0.962345,-0.206641,0.000000,0.000000,0.000000,0.000000
17.8000,0.310000,0.240000,-0.120000,0.670000,0.000000,0.000000,0.000000,-0.001356,-0.926238,0.965584,-0.184047,0.000000,0.000000,0.000000,0.000000
17.8167,0.310000,0.240000,-0.120000,0.670000,0.000000,0.000000,0.000000,0.021049,-0.936127,0.968441,-0.163277,0.000000,0.000000,0.000000,0.000000
17.8333,0.310000,0.240000,-0.120000,0.670000,0.000000,0.000000,0.000000,0.041282,-0.943920,0.970865,-0.144332,0.000000,0.000000,0.000000,0.000000
17.8500,0.310000,0.240000,-0.120000,0.670000,0.000000,0.000000,0.000000,0.059398,-0.949927,0.972835,-0.127150,0.000000,0.000000,0.000000,0.000000
17.8667,0.310000,0.240000,-0.120000,0.670000,0.000000,0.000000,0.000000,0.075512,-0.954416,0.974363,-0.111621,0.000000,0.000000,0.000000,0.000000
17.8833,0.310000,0.240000,-0.120000,0.670000,0.000000,0.000000,0.000000,0.089782,-0.957593,0.975487,-0.097607,0.000000,0.000000,0.000000,0.000000
17.9000,0.310000,0.240000,-0.120000,0.670000,0.000000,0.000000,0.000000,0.102398,-0.959597,0.976273,-0.084959,0.000000,0.000000,0.000000,0.000000
17.9167,0.310000,0.240000,-0.120000,0.670000,0.000000,0.000000,0.000000,0.113566,-0.960501,0.976806,-0.073525,0.000000,0.000000,0.000000,0.000000
17.9333,0.310000,0.240000,-0.120000,0.670000,0.000000,0.000000,0.000000,0.123498,-0.960311,0.977190,-0.063150,0.000000,0.000000,0.000000,0.000000
17.9500,0.310000,0.240000,-0.120000,0.670000,0.000000,0.000000,0.000000,0.132408,-0.958971,0.977538,-0.053673,0.000000,0.000000,0.000000,0.000000
17.9667,0.310000,0.240000,-0.120000,0.670000,0.000000,0.000000,0.000000,0.140501,-0.956376,0.977970,-0.044931,0.000000,0.000000,0.000000,0.000000
17.9833,0.310000,0.240000,-0.120000,0.670000,0.000000,0.000000,0.000000,0.147973,-0.952380,0.978611,-0.036760,0.000000,0.000000,0.000000,0.000000
18.0000,0.310000,0.240000,-0.120000,0.670000,0.000000,0.000000,0.000000,0.155008,-0.946819,0.979584,-0.029004,0.000000,0.000000,0.000000,0.000000
18.0167,0.310000,0.240000,-0.120000,0.670000,0.000000,0.000000,0.000000,0.161769,-0.939524,0.981004,-0.021521,0.000000,0.000000,0.000000,0.000000
18.0333,0.310000,0.240000,-0.120000,0.670000,0.000000,0.000000,0.000000,0.168397,-0.930338,0.982975,-0.014192,0.000000,0.000000,0.000000,0.000000
18.0500,0.310000,0.240000,-0.120000,0.670000,0.000000,0.000000,0.000000,0.175006,-0.919134,0.985582,-0.006928,0.000000,0.000000,0.000000,0.000000
18.0667,0.310000,0.240000,-0.120000,0.670000,0.000000,0.000000,0.000000,0.181677,-0.905837,0.988883,0.000322,0.000000,0.000000,0.000000,0.000000
18.0833,0.310000,0.240000,-0.120000,0.670000,0.000000,0.000000,0.000000,0.188456,-0.890447,0.992906,0.007565,0.000000,0.000000,0.000000,0.000000
18.1000,0.310000,0.240000,-0.120000,0.670000,0.000000,0.000000,0.000000,0.195357,-0.873060,0.997639,0.014770,0.000000,0.000000,0.000000,0.000000
18.1167,0.310000,0.240000,-0.120000,0.670000,0.000000,0.000000,0.000000,0.202355,-0.853893,1.003023,0.021861,0.000000,0.000000,0.000000,0.000000
18.1333,0.310000,0.240000,-0.120000,0.670000,0.000000,0.000000,0.000000,0.209395,-0.833311,1.008951,0.028724,0.000000,0.000000,0.000000,0.000000
18.1500,0.310000,0.240000,-0.120000,0.670000,0.000000,0.000000,0.000000,0.216399,-0.811860,1.015257,0.035210,0.000000,0.000000,0.000000,0.000000
18.1667,0.310000,0.240000,-0.120000,0.670000,0.000000,0.000000,0.000000,0.223285,-0.790299,1.021716,0.041134,0.000000,0.000000,0.000000,0.000000
18.2667,0.310000,0.240000,-0.120000,0.670000,0.000000,0.000000,0.000000,0.229990,-0.769614,1.028054,0.046324,0.000000,0.000000,0.000000,0.000000
18.3833,0.310000,0.240000,-0.120000,0.670000,0.000000,0.000000,0.000000,0.236492,-0.750901,1.033975,0.050731,0.000000,0.000000,0.000000,0.000000
18.5167,0.310000,0.240000,-0.120000,0.670000,0.000000,0.000000,0.000000,0.242791,-0.735149,1.039203,0.054514,0.000000,0.000000,0.000000,0.000000
18.5333,0.310000,0.240000,-0.120000,0.670000,0.000000,0.000000,0.000000,0.248881,-0.723085,1.043506,0.057944,0.000000,0.000000,0.000000,0.000000
18.5500,0.310000,0.240000,-0.120000,0.670000,0.000000,0.000000,0.000000,0.254741,-0.715172,1.046693,0.061249,0.000000,0.000000,0.000000,0.000000
18.5667,0.310000,0.240000,-0.120000,0.670000,0.000000,0.000000,0.000000,0.260342,-0.711665,1.048618,0.064547,0.000000,0.000000,0.000000,0.000000
18.5833,0.310000,0.240000,-0.120000,0.670000,0.000000,0.000000,0.000000,0.265650,-0.712653,1.049176,0.067840,0.000000,0.000000,0.000000,0.000000
18.6000,0.310000,0.240000,-0.120000,0.670000,0.000000,0.000000,0.000000,0.270624,-0.718074,1.048298,0.071016,0.000000,0.000000,0.000000,0.000000
18.6167,0.310000,0.240000,-0.120000,0.670000,0.000000,0.000000,0.000000,0.275212,-0.727727,1.045961,0.073846,0.000000,0.000000,0.000000,0.000000
18.6333,0.310000,0.240000,-0.120000,0.670000,0.000000,0.000000,0.000000,0.279341,-0.741270,1.042183,0.075984,0.000000,0.000000,0.000000,0.000000
18.6500,0.310000,0.240000,-0.120000,0.670000,0.000000,0.000000,0.000000,0.282921,-0.758210,1.037036,0.076967,0.000000,0.000000,0.000000,0.000000
18.6667,0.310000,0.240000,-0.120000,0.670000,0.000000,0.000000,0.000000,0.285848,-0.777891,1.030658,0.076242,0.000000,0.000000,0.000000,0.000000
18.7333,0.310000,0.240000,-0.120000,0.670000,0.000000,0.000000,0.000000,0.288026,-0.799487,1.023265,0.073265,0.000000,0.000000,0.000000,0.000000
18.8333,0.310000,0.240000,-0.120000,0.670000,0.000000,0.000000,0.000000,0.289400,-0.822039,1.015151,0.067717,0.000000,0.000000,0.000000,0.000000
18.8500,0.310000,0.240000,-0.120000,0.670000,0.000000,0.000000,0.000000,0.289973,-0.844556,1.006654,0.059698,0.000000,0.000000,0.000000,0.000000
18.8667,0.310000,0.240000,-0.120000,0.670000,0.000000,0.000000,0.000000,0.289795,-0.866159,0.998102,0.049694,0.000000,0.000000,0.000000,0.000000
18.8833,0.310000,0.240000,-0.120000,0.670000,0.000000,0.000000,0.000000,0.288940,-0.886166,0.989770,0.038387,0.000000,0.000000,0.000000,0.000000
18.9000,0.310000,0.240000,-0.120000,0.670000,0.000000,0.000000,0.000000,0.287496,-0.904108,0.981871,0.026488,0.000000,0.000000,0.000000,0.000000
18.9167,0.310000,0.240000,-0.120000,0.670000,0.000000,0.000000,0.000000,0.285559,-0.919717,0.974552,0.014643,0.000000,0.000000,0.000000,0.000000
18.9333,0.310000,0.240000,-0.120000,0.670000,0.000000,0.000000,0.000000,0.283229,-0.932899,0.967903,0.003381,0.000000,0.000000,0.000000,0.000000
18.9500,0.310000,0.240000,-0.120000,0.670000,0.000000,0.000000,0.000000,0.280601,-0.943703,0.961959,-0.006910,0.000000,0.000000,0.000000,0.000000
18.9667,0.310000,0.240000,-0.120000,0.670000,0.000000,0.000000,0.000000,0.277766,-0.952282,0.956713,-0.015981,0.000000,0.000000,0.000000,0.000000
18.9833,0.310000,0.240000,-0.120000,0.670000,0.000000,0.000000,0.000000,0.274798,-0.958861,0.952127,-0.023714,0.000000,0.000000,0.000000,0.000000
19.0000,0.310000,0.240000,-0.120000,0.670000,0.000000,0.000000,0.000000,0.271756,-0.963706,0.948135,-0.030099,0.000000,0.000000,0.000000,0.000000
19.0167,0.310000,0.240000,-0.120000,0.670000,0.000000,0.000000,0.000000,0.268680,-0.967094,0.944657,-0.035215,0.000000,0.000000,0.000000,0.000000
19.0333,0.310000,0.240000,-0.120000,0.670000,0.000000,0.000000,0.000000,0.265589,-0.969295,0.941606,-0.039215,0.000000,0.000000,0.000000,0.000000
19.0500,0.310000,0.240000,-0.120000,0.670000,0.000000,0.000000,0.000000,0.262481,-0.970562,0.938885,-0.042306,0.000000,0.000000,0.000000,0.000000
19.0667,0.310000,0.240000,-0.120000,0.670000,0.000000,0.000000,0.000000,0.259344,-0.971132,0.936404,-0.044744,0.000000,0.000000,0.000000,0.000000
19.0833,0.310000,0.240000,-0.120000,0.670000,0.000000,0.000000,0.000000,0.256156,-0.971220,0.934071,-0.046820,0.000000,0.000000,0.000000,0.000000
19.1000,0.310000,0.240000,-0.120000,0.670000,0.000000,0.000000,0.000000,0.252893,-0.971031,0.931803,-0.048858,0.000000,0.000000,0.000000,0.000000
19.1167,0.310000,0.240000,-0.120000,0.670000,0.000000,0.000000,0.000000,0.249530,-0.970752,0.929528,-0.051205,0.000000,0.000000,0.000000,0.000000
19.1333,0.310000,0.240000,-0.120000,0.670000,0.000000,0.000000,0.000000,0.246048,-0.970552,0.927182,-0.054224,0.000000,0.000000,0.000000,0.000000
19.1500,0.310000,0.240000,-0.120000,0.670000,0.000000,0.000000,0.000000,0.242435,-0.970585,0.924721,-0.058290,0.000000,0.000000,0.000000,0.000000
19.1667,0.310000,0.240000,-0.120000,0.670000,0.000000,0.000000,0.000000,0.238681,-0.970971,0.922114,-0.063783,0.000000,0.000000,0.000000,0.000000
19.1833,0.310000,0.240000,-0.120000,0.670000,0.000000,0.000000,0.000000,0.234762,-0.971789,0.919347,-0.071073,0.000000,0.000000,0.000000,0.000000
19.2000,0.310000,0.240000,-0.120000,0.670000,0.000000,0.000000,0.000000,0.230626,-0.973060,0.916413,-0.080517,0.000000,0.000000,0.000000,0.000000
19.2167,0.310000,0.240000,-0.120000,0.670000,0.000000,0.000000,0.000000,0.226178,-0.974731,0.913316,-0.092441,0.000000,0.000000,0.000000,0.000000
19.2333,0.310000,0.240000,-0.120000,0.670000,0.000000,0.000000,0.000000,0.221265,-0.976669,0.910065,-0.107127,0.000000,0.000000,0.000000,0.000000
19.2500,0.310000,0.240000,-0.120000,0.670000,0.000000,0.000000,0.000000,0.215669,-0.978649,0.906672,-0.124790,0.000000,0.000000,0.000000,0.000000
19.2667,0.310000,0.240000,-0.120000,0.670000,0.000000,0.000000,0.000000,0.209101,-0.980346,0.903155,-0.145570,0.000000,0.000000,0.000000,0.000000
19.2833,0.310000,0.240000,-0.120000,0.670000,0.000000,0.000000,0.000000,0.201208,-0.981345,0.899534,-0.169507,0.000000,0.000000,0.000000,0.000000
19.3000,0.310000,0.240000,-0.120000,0.670000,0.000000,0.000000,0.000000,0.191581,-0.981147,0.895839,-0.196530,0.000000,0.000000,0.000000,0.000000
19.3167,0.310000,0.240000,-0.120000,0.670000,0.000000,0.000000,0.000000,0.179765,-0.979186,0.892102,-0.226425,0.000000,0.000000,0.000000,0.000000
19.3333,0.310000,0.240000,-0.120000,0.670000,0.000000,0.000000,0.000000,0.165277,-0.974853,0.888362,-0.258813,0.000000,0.000000,0.000000,0.000000
19.3500,0.310000,0.240000,-0.120000,0.670000,0.000000,0.000000,0.000000,0.147627,-0.967527,0.884657,-0.293135,0.000000,0.000000,0.000000,0.000000
19.3667,0.310000,0.240000,-0.120000,0.670000,0.000000,0.000000,0.000000,0.126350,-0.956626,0.881028,-0.328650,0.000000,0.000000,0.000000,0.000000
19.3833,0.310000,0.240000,-0.120000,0.670000,0.000000,0.000000,0.000000,0.101066,-0.941662,0.877517,-0.364445,0.000000,0.000000,0.000000,0.000000
19.4000,0.310000,0.240000,-0.120000,0.670000,0.000000,0.000000,0.000000,0.071547,-0.922319,0.874182,-0.399478,0.000000,0.000000,0.000000,0.000000
19.4333,0.310000,0.240000,-0.120000,0.670000,0.000000,0.000000,0.000000,0.037792,-0.898528,0.871100,-0.432638,0.000000,0.000000,0.000000,0.000000
19.4500,0.310000,0.240000,-0.120000,0.670000,0.000000,0.000000,0.000000,0.000086,-0.870529,0.868369,-0.462854,0.000000,0.000000,0.000000,0.000000
19.4667,0.310000,0.240000,-0.120000,0.670000,0.000000,0.000000,0.000000,-0.041007,-0.838895,0.866085,-0.489206,0.000000,0.000000,0.000000,0.000000
19.4833,0.310000,0.240000,-0.120000,0.670000,0.000000,0.000000,0.000000,-0.084671,-0.804518,0.864325,-0.511023,0.000000,0.000000,0.000000,0.000000
19.5000,0.310000,0.240000,-0.120000,0.670000,0.000000,0.000000,0.000000,-0.129864,-0.768576,0.863129,-0.527964,0.000000,0.000000,0.000000,0.000000
19.5667,0.310000,0.240000,-0.120000,0.670000,0.000000,0.000000,0.000000,-0.175343,-0.732474,0.862506,-0.540062,0.000000,0.000000,0.000000,0.000000
19.5833,0.310000,0.240000,-0.120000,0.670000,0.000000,0.000000,0.000000,-0.219755,-0.697704,0.862444,-0.547679,0.000000,0.000000,0.000000,0.000000
19.6000,0.310000,0.240000,-0.120000,0.670000,0.000000,0.000000,0.000000,-0.261801,-0.665645,0.862912,-0.551353,0.000000,0.000000,0.000000,0.000000
19.6167,0.310000,0.240000,-0.120000,0.670000,0.000000,0.000000,0.000000,-0.300371,-0.637433,0.863857,-0.551659,0.000000,0.000000,0.000000,0.000000
19.6333,0.310000,0.240000,-0.120000,0.670000,0.000000,0.000000,0.000000,-0.334591,-0.613940,0.865199,-0.549127,0.000000,0.000000,0.000000,0.000000
19.7833,0.310000,0.240000,-0.120000,0.670000,0.000000,0.000000,0.000000,-0.363822,-0.595799,0.866830,-0.544200,0.000000,0.000000,0.000000,0.000000
19.8000,0.310000,0.240000,-0.120000,0.670000,0.000000,0.000000,0.000000,-0.387635,-0.583432,0.868627,-0.537222,0.000000,0.000000,0.000000,0.000000
19.8167,0.310000,0.240000,-0.120000,0.670000,0.000000,0.000000,0.000000,-0.405782,-0.577060,0.870475,-0.528429,0.000000,0.000000,0.000000,0.000000
19.8333,0.310000,0.240000,-0.120000,0.670000,0.000000,0.000000,0.000000,-0.418157,-0.576711,0.872281,-0.517972,0.000000,0.000000,0.000000,0.000000
19.8500,0.310000,0.240000,-0.120000,0.670000,0.000000,0.000000,0.000000,-0.424758,-0.582240,0.873994,-0.505931,0.000000,0.000000,0.000000,0.000000
19.8667,0.310000,0.240000,-0.120000,0.670000,0.000000,0.000000,0.000000,-0.425666,-0.593345,0.875606,-0.492344,0.000000,0.000000,0.000000,0.000000
19.8833,0.310000,0.240000,-0.120000,0.670000,0.000000,0.000000,0.000000,-0.421021,-0.609580,0.877155,-0.477240,0.000000,0.000000,0.000000,0.000000
19.9000,0.310000,0.240000,-0.120000,0.670000,0.000000,0.000000,0.000000,-0.411018,-0.630379,0.878722,-0.460665,0.000000,0.000000,0.000000,0.000000
19.9167,0.310000,0.240000,-0.120000,0.670000,0.000000,0.000000,0.000000,-0.395906,-0.655068,0.880421,-0.442706,0.000000,0.000000,0.000000,0.000000
19.9333,0.310000,0.240000,-0.120000,0.670000,0.000000,0.000000,0.000000,-0.375997,-0.682892,0.882379,-0.423504,0.000000,0.000000,0.000000,0.000000
19.9500,0.310000,0.240000,-0.120000,0.670000,0.000000,0.000000,0.000000,-0.351675,-0.713049,0.884725,-0.403257,0.000000,0.000000,0.000000,0.000000
19.9667,0.310000,0.240000,-0.120000,0.670000,0.000000,0.000000,0.000000,-0.323415,-0.744711,0.887560,-0.382210,0.000000,0.000000,0.000000,0.000000
19.9833,0.310000,0.240000,-0.120000,0.670000,0.000000,0.000000,0.000000,-0.291799,-0.777039,0.890949,-0.360631,0.000000,0.000000,0.000000,0.000000
20.0000,0.310000,0.240000,-0.120000,0.670000,0.000000,0.000000,0.000000,-0.257545,-0.809178,0.894905,-0.338782,0.000000,0.000000,0.000000,0.000000
20.0167,0.310000,0.240000,-0.120000,0.670000,0.000000,0.000000,0.000000,-0.221508,-0.840260,0.899381,-0.316902,0.000000,0.000000,0.000000,0.000000
20.0333,0.310000,0.240000,-0.120000,0.670000,0.000000,0.000000,0.000000,-0.184680,-0.869415,0.904271,-0.295215,0.000000,0.000000,0.000000,0.000000
20.0667,0.310000,0.240000,-0.120000,0.670000,0.000000,0.000000,0.000000,-0.148135,-0.895811,0.909420,-0.273948,0.000000,0.000000,0.000000,0.000000
20.0833,0.310000,0.240000,-0.120000,0.670000,0.000000,0.000000,0.000000,-0.112920,-0.918753,0.914640,-0.253355,0.000000,0.000000,0.000000,0.000000
20.1000,0.310000,0.240000,-0.120000,0.670000,0.000000,0.000000,0.000000,-0.079919,-0.937787,0.919747,-0.233721,0.000000,0.000000,0.000000,0.000000
20.1167,0.310000,0.240000,-0.120000,0.670000,0.000000,0.000000,0.000000,-0.049776,-0.952744,0.924583,-0.215338,0.000000,0.000000,0.000000,0.000000
20.1333,0.310000,0.240000,-0.120000,0.670000,0.000000,0.000000,0.000000,-0.022892,-0.963701,0.929022,-0.198468,0.000000,0.000000,0.000000,0.000000
20.1500,0.310000,0.240000,-0.120000,0.670000,0.000000,0.000000,0.000000,0.000547,-0.970930,0.932979,-0.183314,0.000000,0.000000,0.000000,0.000000
20.1667,0.310000,0.240000,-0.120000,0.670000,0.000000,0.000000,0.000000,0.020530,-0.974839,0.936399,-0.170006,0.000000,0.000000,0.000000,0.000000
20.1833,0.310000,0.240000,-0.120000,0.670000,0.000000,0.000000,0.000000,0.037186,-0.975916,0.939261,-0.158596,0.000000,0.000000,0.000000,0.000000
20.2000,0.310000,0.240000,-0.120000,0.670000,0.000000,0.000000,0.000000,0.050742,-0.974683,0.941568,-0.149072,0.000000,0.000000,0.000000,0.000000
20.2167,0.310000,0.240000,-0.120000,0.670000,0.000000,0.000000,0.000000,0.061496,-0.971662,0.943346,-0.141371,0.000000,0.000000,0.000000,0.000000
20.2333,0.310000,0.240000,-0.120000,0.670000,0.000000,0.000000,0.000000,0.069781,-0.967340,0.944634,-0.135383,0.000000,0.000000,0.000000,0.000000
20.2500,0.310000,0.240000,-0.120000,0.670000,0.000000,0.000000,0.000000,0.075949,-0.962145,0.945486,-0.130960,0.000000,0.000000,0.000000,0.000000
20.2667,0.310000,0.240000,-0.120000,0.670000,0.000000,0.000000,0.000000,0.080349,-0.956435,0.945962,-0.127920,0.000000,0.000000,0.000000,0.000000
20.2833,0.310000,0.240000,-0.120000,0.670000,0.000000,0.000000,0.000000,0.083317,-0.950490,0.946131,-0.126055,0.000000,0.000000,0.000000,0.000000
20.3000,0.310000,0.240000,-0.120000,0.670000,0.000000,0.000000,0.000000,0.085165,-0.944517,0.946066,-0.125139,0.000000,0.000000,0.000000,0.000000
20.3167,0.310000,0.240000,-0.120000,0.670000,0.000000,0.000000,0.000000,0.086179,-0.938647,0.945843,-0.124936,0.000000,0.000000,0.000000,0.000000
20.3333,0.310000,0.240000,-0.120000,0.670000,0.000000,0.000000,0.000000,0.086607,-0.932940,0.945539,-0.125209,0.000000,0.000000,0.000000,0.000000
20.3500,0.310000,0.240000,-0.120000,0.670000,0.000000,0.000000,0.000000,0.086662,-0.927389,0.945231,-0.125722,0.000000,0.000000,0.000000,0.000000
20.3667,0.310000,0.240000,-0.120000,0.670000,0.000000,0.000000,0.000000,0.086520,-0.921923,0.944995,-0.126248,0.000000,0.000000,0.000000,0.000000
20.3833,0.310000,0.240000,-0.120000,0.670000,0.000000,0.000000,0.000000,0.086321,-0.916413,0.944909,-0.126564,0.000000,0.000000,0.000000,0.000000
20.4000,0.310000,0.240000,-0.120000,0.670000,0.000000,0.000000,0.000000,0.086180,-0.910687,0.945052,-0.126457,0.000000,0.000000,0.000000,0.000000
20.4167,0.310000,0.240000,-0.120000,0.670000,0.000000,0.000000,0.000000,0.086189,-0.904533,0.945507,-0.125723,0.000000,0.000000,0.000000,0.000000
20.4333,0.310000,0.240000,-0.120000,0.670000,0.000000,0.000000,0.000000,0.086423,-0.897716,0.946358,-0.124167,0.000000,0.000000,0.000000,0.000000
20.4500,0.310000,0.240000,-0.120000,0.670000,0.000000,0.000000,0.000000,0.086941,-0.889989,0.947694,-0.121615,0.000000,0.000000,0.000000,0.000000
20.4667,0.310000,0.240000,-0.120000,0.670000,0.000000,0.000000,0.000000,0.087792,-0.881109,0.949597,-0.117917,0.000000,0.000000,0.000000,0.000000
20.4833,0.310000,0.240000,-0.120000,0.670000,0.000000,0.000000,0.000000,0.089011,-0.870853,0.952141,-0.112962,0.000000,0.000000,0.000000,0.000000
20.5000,0.310000,0.240000,-0.120000,0.670000,0.000000,0.000000,0.000000,0.090620,-0.859037,0.955386,-0.106686,0.000000,0.000000,0.000000,0.000000
20.5167,0.310000,0.240000,-0.120000,0.670000,0.000000,0.000000,0.000000,0.092625,-0.845535,0.959374,-0.099076,0.000000,0.000000,0.000000,0.000000
20.5333,0.310000,0.240000,-0.120000,0.670000,0.000000,0.000000,0.000000,0.095015,-0.830290,0.964119,-0.090180,0.000000,0.000000,0.000000,0.000000
20.5500,0.310000,0.240000,-0.120000,0.670000,0.000000,0.000000,0.000000,0.097759,-0.813344,0.969600,-0.080100,0.000000,0.000000,0.000000,0.000000
20.5667,0.310000,0.240000,-0.120000,0.670000,0.000000,0.000000,0.000000,0.100814,-0.794856,0.975760,-0.068998,0.000000,0.000000,0.000000,0.000000
20.5833,0.310000,0.240000,-0.120000,0.670000,0.000000,0.000000,0.000000,0.104131,-0.775130,0.982496,-0.057085,0.000000,0.000000,0.000000,0.000000
20.6000,0.310000,0.240000,-0.120000,0.670000,0.000000,0.000000,0.000000,0.107671,-0.754645,0.989659,-0.044609,0.000000,0.000000,0.000000,0.000000
20.6167,0.310000,0.240000,-0.120000,0.670000,0.000000,0.000000,0.000000,0.111435,-0.734088,0.997053,-0.031836,0.000000,0.000000,0.000000,0.000000
20.6500,0.310000,0.240000,-0.120000,0.670000,0.000000,0.000000,0.000000,0.115511,-0.714399,1.004443,-0.019012,0.000000,0.000000,0.000000,0.000000
20.8167,0.310000,0.240000,-0.120000,0.670000,0.000000,0.000000,0.000000,0.120119,-0.696745,1.011577,-0.006319,0.000000,0.000000,0.000000,0.000000
20.8500,0.310000,0.240000,-0.120000,0.670000,0.000000,0.000000,0.000000,0.125584,-0.682359,1.018216,0.006160,0.000000,0.000000,0.000000,0.000000
20.8667,0.310000,0.240000,-0.120000,0.670000,0.000000,0.000000,0.000000,0.132228,-0.672292,1.024149,0.018447,0.000000,0.000000,0.000000,0.000000
20.8833,0.310000,0.240000,-0.120000,0.670000,0.000000,0.000000,0.000000,0.140242,-0.667243,1.029181,0.030590,0.000000,0.000000,0.000000,0.000000
20.9000,0.310000,0.240000,-0.120000,0.670000,0.000000,0.000000,0.000000,0.149597,-0.667527,1.033115,0.042574,0.000000,0.000000,0.000000,0.000000
20.9500,0.310000,0.240000,-0.120000,0.670000,0.000000,0.000000,0.000000,0.160034,-0.673109,1.035742,0.054259,0.000000,0.000000,0.000000,0.000000
20.9667,0.310000,0.240000,-0.120000,0.670000,0.000000,0.000000,0.000000,0.171144,-0.683700,1.036867,0.065377,0.000000,0.000000,0.000000,0.000000
21.0667,0.310000,0.240000,-0.120000,0.670000,0.000000,0.000000,0.000000,0.182485,-0.698861,1.036346,0.075575,0.000000,0.000000,0.000000,0.000000
21.0833,0.310000,0.240000,-0.120000,0.670000,0.000000,0.000000,0.000000,0.193674,-0.718039,1.034123,0.084444,0.000000,0.000000,0.000000,0.000000
21.1000,0.310000,0.240000,-0.120000,0.670000,0.000000,0.000000,0.000000,0.204395,-0.740550,1.030236,0.091498,0.000000,0.000000,0.000000,0.000000
21.1500,0.310000,0.240000,-0.120000,0.670000,0.000000,0.000000,0.000000,0.214388,-0.765543,1.024834,0.096188,0.000000,0.000000,0.000000,0.000000
21.2500,0.310000,0.240000,-0.120000,0.670000,0.000000,0.000000,0.000000,0.223455,-0.792024,1.018161,0.098009,0.000000,0.000000,0.000000,0.000000
21.2667,0.310000,0.240000,-0.120000,0.670000,0.000000,0.000000,0.000000,0.231461,-0.818961,1.010530,0.096697,0.000000,0.000000,0.000000,0.000000
21.2833,0.310000,0.240000,-0.120000,0.670000,0.000000,0.000000,0.000000,0.238315,-0.845395,1.002268,0.092322,0.000000,0.000000,0.000000,0.000000
21.3000,0.310000,0.240000,-0.120000,0.670000,0.000000,0.000000,0.000000,0.243956,-0.870535,0.993670,0.085232,0.000000,0.000000,0.000000,0.000000
21.3167,0.310000,0.240000,-0.120000,0.670000,0.000000,0.000000,0.000000,0.248351,-0.893789,0.984980,0.075907,0.000000,0.000000,0.000000,0.000000
21.3333,0.310000,0.240000,-0.120000,0.670000,0.000000,0.000000,0.000000,0.251504,-0.914767,0.976394,0.064847,0.000000,0.000000,0.000000,0.000000
21.3500,0.310000,0.240000,-0.120000,0.670000,0.000000,0.000000,0.000000,0.253456,-0.933267,0.968055,0.052508,0.000000,0.000000,0.000000,0.000000
21.3667,0.310000,0.240000,-0.120000,0.670000,0.000000,0.000000,0.000000,0.254278,-0.949236,0.960066,0.039271,0.000000,0.000000,0.000000,0.000000
21.3833,0.310000,0.240000,-0.120000,0.670000,0.000000,0.000000,0.000000,0.254064,-0.962738,0.952494,0.025437,0.000000,0.000000,0.000000,0.000000
21.4000,0.310000,0.240000,-0.120000,0.670000,0.000000,0.000000,0.000000,0.252919,-0.973918,0.945384,0.011225,0.000000,0.000000,0.000000,0.000000
21.4167,0.310000,0.240000,-0.120000,0.670000,0.000000,0.000000,0.000000,0.250954,-0.982965,0.938761,-0.003229,0.000000,0.000000,0.000000,0.000000
21.4333,0.310000,0.240000,-0.120000,0.670000,0.000000,0.000000,0.000000,0.248273,-0.990090,0.932638,-0.017877,0.000000,0.000000,0.000000,0.000000
21.4500,0.310000,0.240000,-0.120000,0.670000,0.000000,0.000000,0.000000,0.244959,-0.995497,0.927022,-0.032755,0.000000,0.000000,0.000000,0.000000
21.4667,0.310000,0.240000,-0.120000,0.670000,0.000000,0.000000,0.000000,0.241052,-0.999361,0.921906,-0.047970,0.000000,0.000000,0.000000,0.000000
21.4833,0.310000,0.240000,-0.120000,0.670000,0.000000,0.000000,0.000000,0.236526,-1.001804,0.917277,-0.063685,0.000000,0.000000,0.000000,0.000000
21.5000,0.310000,0.240000,-0.120000,0.670000,0.000000,0.000000,0.000000,0.231272,-1.002868,0.913110,-0.080090,0.000000,0.000000,0.000000,0.000000
21.5167,0.310000,0.240000,-0.120000,0.670000,0.000000,0.000000,0.000000,0.225076,-1.002498,0.909366,-0.097380,0.000000,0.000000,0.000000,0.000000
21.5333,0.310000,0.240000,-0.120000,0.670000,0.000000,0.000000,0.000000,0.217618,-1.000528,0.906000,-0.115738,0.000000,0.000000,0.000000,0.000000
21.5500,0.310000,0.240000,-0.120000,0.670000,0.000000,0.000000,0.000000,0.208480,-0.996686,0.902959,-0.135326,0.000000,0.000000,0.000000,0.000000
21.5667,0.310000,0.240000,-0.120000,0.670000,0.000000,0.000000,0.000000,0.197177,-0.990616,0.900194,-0.156284,0.000000,0.000000,0.000000,0.000000
21.5833,0.310000,0.240000,-0.120000,0.670000,0.000000,0.000000,0.000000,0.183202,-0.981897,0.897674,-0.178710,0.000000,0.000000,0.000000,0.000000
21.6000,0.310000,0.240000,-0.120000,0.670000,0.000000,0.000000,0.000000,0.166060,-0.970077,0.895392,-0.202631,0.000000,0.000000,0.000000,0.000000
21.6167,0.310000,0.240000,-0.120000,0.670000,0.000000,0.000000,0.000000,0.145303,-0.954692,0.893373,-0.227972,0.000000,0.000000,0.000000,0.000000
21.6333,0.310000,0.240000,-0.120000,0.670000,0.000000,0.000000,0.000000,0.120547,-0.935298,0.891663,-0.254520,0.000000,0.000000,0.000000,0.000000
21.6500,0.310000,0.240000,-0.120000,0.670000,0.000000,0.000000,0.000000,0.091499,-0.911522,0.890325,-0.281903,0.000000,0.000000,0.000000,0.000000
21.6667,0.310000,0.240000,-0.120000,0.670000,0.000000,0.000000,0.000000,0.058007,-0.883129,0.889433,-0.309579,0.000000,0.000000,0.000000,0.000000
21.6833,0.310000,0.240000,-0.120000,0.670000,0.000000,0.000000,0.000000,0.020129,-0.850114,0.889061,-0.336844,0.000000,0.000000,0.000000,0.000000
21.7000,0.310000,0.240000,-0.120000,0.670000,0.000000,0.000000,0.000000,-0.021782,-0.812808,0.889290,-0.362852,0.000000,0.000000,0.000000,0.000000
21.7833,0.310000,0.240000,-0.120000,0.670000,0.000000,0.000000,0.000000,-0.066983,-0.771973,0.890201,-0.386697,0.000000,0.000000,0.000000,0.000000
21.8333,0.310000,0.240000,-0.120000,0.670000,0.000000,0.000000,0.000000,-0.114352,-0.728799,0.891868,-0.407598,0.000000,0.000000,0.000000,0.000000
21.8500,0.310000,0.240000,-0.120000,0.670000,0.000000,0.000000,0.000000,-0.162533,-0.684723,0.894333,-0.425115,0.000000,0.000000,0.000000,0.000000
21.8667,0.310000,0.240000,-0.120000,0.670000,0.000000,0.000000,0.000000,-0.210162,-0.641174,0.897597,-0.439210,0.000000,0.000000,0.000000,0.000000
21.8833,0.310000,0.240000,-0.120000,0.670000,0.000000,0.000000,0.000000,-0.256022,-0.599406,0.901612,-0.450162,0.000000,0.000000,0.000000,0.000000
21.9000,0.310000,0.240000,-0.120000,0.670000,0.000000,0.000000,0.000000,-0.299119,-0.560427,0.906302,-0.458438,0.000000,0.000000,0.000000,0.000000
21.9167,0.310000,0.240000,-0.120000,0.670000,0.000000,0.000000,0.000000,-0.338703,-0.524988,0.911565,-0.464588,0.000000,0.000000,0.000000,0.000000
21.9333,0.310000,0.240000,-0.120000,0.670000,0.000000,0.000000,0.000000,-0.374269,-0.493598,0.917287,-0.469153,0.000000,0.000000,0.000000,0.000000
21.9500,0.310000,0.240000,-0.120000,0.670000,0.000000,0.000000,0.000000,-0.405533,-0.466548,0.923349,-0.472611,0.000000,0.000000,0.000000,0.000000
21.9667,0.310000,0.240000,-0.120000,0.670000,0.000000,0.000000,0.000000,-0.432394,-0.443959,0.929631,-0.475345,0.000000,0.000000,0.000000,0.000000
21.9833,0.310000,0.240000,-0.120000,0.670000,0.000000,0.000000,0.000000,-0.454890,-0.425825,0.936015,-0.477626,0.000000,0.000000,0.000000,0.000000
22.0000,0.310000,0.240000,-0.120000,0.670000,0.000000,0.000000,0.000000,-0.473166,-0.412054,0.942383,-0.479616,0.000000,0.000000,0.000000,0.000000
22.0167,0.310000,0.240000,-0.120000,0.670000,0.000000,0.000000,0.000000,-0.487433,-0.402512,0.948616,-0.481361,0.000000,0.000000,0.000000,0.000000
22.0500,0.310000,0.240000,-0.120000,0.670000,0.000000,0.000000,0.000000,-0.497939,-0.397052,0.954585,-0.482802,0.000000,0.000000,0.000000,0.000000
22.0833,0.310000,0.240000,-0.120000,0.670000,0.000000,0.000000,0.000000,-0.504938,-0.395543,0.960164,-0.483798,0.000000,0.000000,0.000000,0.000000
22.1000,0.310000,0.240000,-0.120000,0.670000,0.000000,0.000000,0.000000,-0.508645,-0.397884,0.965243,-0.484156,0.000000,0.000000,0.000000,0.000000
22.1167,0.310000,0.240000,-0.120000,0.670000,0.000000,0.000000,0.000000,-0.509216,-0.404021,0.969737,-0.483667,0.000000,0.000000,0.000000,0.000000
22.1333,0.310000,0.240000,-0.120000,0.670000,0.000000,0.000000,0.000000,-0.506723,-0.413944,0.973598,-0.482119,0.000000,0.000000,0.000000,0.000000
22.1500,0.310000,0.240000,-0.120000,0.670000,0.000000,0.000000,0.000000,-0.501165,-0.427684,0.976806,-0.479306,0.000000,0.000000,0.000000,0.000000
22.1667,0.310000,0.240000,-0.120000,0.670000,0.000000,0.000000,0.000000,-0.492474,-0.445295,0.979374,-0.475036,0.000000,0.000000,0.000000,0.000000
22.1833,0.310000,0.240000,-0.120000,0.670000,0.000000,0.000000,0.000000,-0.480531,-0.466820,0.981344,-0.469133,0.000000,0.000000,0.000000,0.000000
22.2000,0.310000,0.240000,-0.120000,0.670000,0.000000,0.000000,0.000000,-0.465189,-0.492265,0.982789,-0.461453,0.000000,0.000000,0.000000,0.000000
22.2167,0.310000,0.240000,-0.120000,0.670000,0.000000,0.000000,0.000000,-0.446293,-0.521556,0.983810,-0.451892,0.000000,0.000000,0.000000,0.000000
22.2333,0.310000,0.240000,-0.120000,0.670000,0.000000,0.000000,0.000000,-0.423715,-0.554500,0.984537,-0.440401,0.000000,0.000000,0.000000,0.000000
22.2500,0.310000,0.240000,-0.120000,0.670000,0.000000,0.000000,0.000000,-0.397394,-0.590756,0.985124,-0.427007,0.000000,0.000000,0.000000,0.000000
22.2667,0.310000,0.240000,-0.120000,0.670000,0.000000,0.000000,0.000000,-0.367388,-0.629799,0.985729,-0.411814,0.000000,0.000000,0.000000,0.000000
22.2833,0.310000,0.240000,-0.120000,0.670000,0.000000,0.000000,0.000000,-0.333930,-0.670907,0.986498,-0.394996,0.000000,0.000000,0.000000,0.000000
22.3000,0.310000,0.240000,-0.120000,0.670000,0.000000,0.000000,0.000000,-0.297502,-0.713150,0.987534,-0.376775,0.000000,0.000000,0.000000,0.000000
22.3167,0.310000,0.240000,-0.120000,0.670000,0.000000,0.000000,0.000000,-0.258888,-0.755376,0.988869,-0.357404,0.000000,0.000000,0.000000,0.000000
22.4000,0.310000,0.240000,-0.120000,0.670000,0.000000,0.000000,0.000000,-0.219199,-0.796236,0.990452,-0.337151,0.000000,0.000000,0.000000,0.000000
22.4167,0.310000,0.240000,-0.120000,0.670000,0.000000,0.000000,0.000000,-0.179721,-0.834345,0.992168,-0.316324,0.000000,0.000000,0.000000,0.000000
22.4333,0.310000,0.240000,-0.120000,0.670000,0.000000,0.000000,0.000000,-0.141671,-0.868543,0.993878,-0.295290,0.000000,0.000000,0.000000,0.000000
22.4500,0.310000,0.240000,-0.120000,0.670000,0.000000,0.000000,0.000000,-0.106008,-0.898053,0.995457,-0.274462,0.000000,0.000000,0.000000,0.000000
22.4667,0.310000,0.240000,-0.120000,0.670000,0.000000,0.000000,0.000000,-0.073405,-0.922490,0.996804,-0.254253,0.000000,0.000000,0.000000,0.000000
22.4833,0.310000,0.240000,-0.120000,0.670000,0.000000,0.000000,0.000000,-0.044285,-0.941792,0.997841,-0.235042,0.000000,0.000000,0.000000,0.000000
22.5000,0.310000,0.240000,-0.120000,0.670000,0.000000,0.000000,0.000000,-0.018869,-0.956142,0.998507,-0.217135,0.000000,0.000000,0.000000,0.000000
22.5167,0.310000,0.240000,-0.120000,0.670000,0.000000,0.000000,0.000000,0.002783,-0.965894,0.998755,-0.200743,0.000000,0.000000,0.000000,0.000000
22.5333,0.310000,0.240000,-0.120000,0.670000,0.000000,0.000000,0.000000,0.020735,-0.971519,0.998553,-0.185981,0.000000,0.000000,0.000000,0.000000
22.5500,0.310000,0.240000,-0.120000,0.670000,0.000000,0.000000,0.000000,0.035158,-0.973562,0.997884,-0.172873,0.000000,0.000000,0.000000,0.000000
22.5667,0.310000,0.240000,-0.120000,0.670000,0.000000,0.000000,0.000000,0.046306,-0.972616,0.996748,-0.161379,0.000000,0.000000,0.000000,0.000000
22.5833,0.310000,0.240000,-0.120000,0.670000,0.000000,0.000000,0.000000,0.054511,-0.969295,0.995171,-0.151417,0.000000,0.000000,0.000000,0.000000
22.6000,0.310000,0.240000,-0.120000,0.670000,0.000000,0.000000,0.000000,0.060163,-0.964212,0.993201,-0.142879,0.000000,0.000000,0.000000,0.000000
22.6167,0.310000,0.240000,-0.120000,0.670000,0.000000,0.000000,0.000000,0.063691,-0.957955,0.990906,-0.135644,0.000000,0.000000,0.000000,0.000000
22.6333,0.310000,0.240000,-0.120000,0.670000,0.000000,0.000000,0.000000,0.065538,-0.951061,0.988370,-0.129585,0.000000,0.000000,0.000000,0.000000
22.6500,0.310000,0.240000,-0.120000,0.670000,0.000000,0.000000,0.000000,0.066147,-0.944001,0.985683,-0.124573,0.000000,0.000000,0.000000,0.000000
22.6667,0.310000,0.240000,-0.120000,0.670000,0.000000,0.000000,0.000000,0.065936,-0.937159,0.982937,-0.120472,0.000000,0.000000,0.000000,0.000000
22.6833,0.310000,0.240000,-0.120000,0.670000,0.000000,0.000000,0.000000,0.065288,-0.930826,0.980225,-0.117140,0.000000,0.000000,0.000000,0.000000
22.7000,0.310000,0.240000,-0.120000,0.670000,0.000000,0.000000,0.000000,0.064550,-0.925201,0.977634,-0.114417,0.000000,0.000000,0.000000,0.000000
22.7167,0.310000,0.240000,-0.120000,0.670000,0.000000,0.000000,0.000000,0.064028,-0.920391,0.975250,-0.112126,0.000000,0.000000,0.000000,0.000000
22.7333,0.310000,0.240000,-0.120000,0.670000,0.000000,0.000000,0.000000,0.063990,-0.916422,0.973156,-0.110064,0.000000,0.000000,0.000000,0.000000
22.7500,0.310000,0.240000,-0.120000,0.670000,0.000000,0.000000,0.000000,0.064678,-0.913254,0.971434,-0.108007,0.000000,0.000000,0.000000,0.000000
22.7667,0.310000,0.240000,-0.120000,0.670000,0.000000,0.000000,0.000000,0.066313,-0.910790,0.970161,-0.105708,0.000000,0.000000,0.000000,0.000000
22.7833,0.310000,0.240000,-0.120000,0.670000,0.000000,0.000000,0.000000,0.069100,-0.908886,0.969419,-0.102893,0.000000,0.000000,0.000000,0.000000
22.8000,0.310000,0.240000,-0.120000,0.670000,0.000000,0.000000,0.000000,0.073231,-0.907361,0.969285,-0.099269,0.000000,0.000000,0.000000,0.000000
22.8167,0.310000,0.240000,-0.120000,0.670000,0.000000,0.000000,0.000000,0.078890,-0.906009,0.969836,-0.094526,0.000000,0.000000,0.000000,0.000000
22.8333,0.310000,0.240000,-0.120000,0.670000,0.000000,0.000000,0.000000,0.086244,-0.904600,0.971139,-0.088347,0.000000,0.000000,0.000000,0.000000
22.8500,0.310000,0.240000,-0.120000,0.670000,0.000000,0.000000,0.000000,0.095438,-0.902892,0.973256,-0.080412,0.000000,0.000000,0.000000,0.000000
22.8667,0.310000,0.240000,-0.120000,0.670000,0.000000,0.000000,0.000000,0.106590,-0.900636,0.976231,-0.070414,0.000000,0.000000,0.000000,0.000000
22.8833,0.310000,0.240000,-0.120000,0.670000,0.000000,0.000000,0.000000,0.119782,-0.897586,0.980091,-0.058065,0.000000,0.000000,0.000000,0.000000
22.9000,0.310000,0.240000,-0.120000,0.670000,0.000000,0.000000,0.000000,0.135053,-0.893510,0.984838,-0.043112,0.000000,0.000000,0.000000,0.000000
22.9167,0.310000,0.240000,-0.120000,0.670000,0.000000,0.000000,0.000000,0.152401,-0.888211,0.990447,-0.025341,0.000000,0.000000,0.000000,0.000000
22.9333,0.310000,0.240000,-0.120000,0.670000,0.000000,0.000000,0.000000,0.171777,-0.881541,0.996861,-0.004595,0.000000,0.000000,0.000000,0.000000
22.9500,0.310000,0.240000,-0.120000,0.670000,0.000000,0.000000,0.000000,0.193082,-0.873425,1.003983,0.019208,0.000000,0.000000,0.000000,0.000000
22.9667,0.310000,0.240000,-0.120000,0.670000,0.000000,0.000000,0.000000,0.216163,-0.863882,1.011681,0.046057,0.000000,0.000000,0.000000,0.000000
22.9833,0.310000,0.240000,-0.120000,0.670000,0.000000,0.000000,0.000000,0.240813,-0.853043,1.019782,0.075810,0.000000,0.000000,0.000000,0.000000
23.0000,0.310000,0.240000,-0.120000,0.670000,0.000000,0.000000,0.000000,0.266779,-0.841188,1.028073,0.108168,0.000000,0.000000,0.000000,0.000000
23.0167,0.310000,0.240000,-0.120000,0.670000,0.000000,0.000000,0.000000,0.293762,-0.828769,1.036309,0.142647,0.000000,0.000000,0.000000,0.000000
23.1167,0.310000,0.240000,-0.120000,0.670000,0.000000,0.000000,0.000000,0.321447,-0.816415,1.044219,0.178616,0.000000,0.000000,0.000000,0.000000
23.2167,0.310000,0.240000,-0.120000,0.670000,0.000000,0.000000,0.000000,0.349558,-0.804870,1.051549,0.215467,0.000000,0.000000,0.000000,0.000000
23.2333,0.310000,0.240000,-0.120000,0.670000,0.000000,0.000000,0.000000,0.377884,-0.794850,1.058086,0.252746,0.000000,0.000000,0.000000,0.000000
23.2500,0.310000,0.240000,-0.120000,0.670000,0.000000,0.000000,0.000000,0.406201,-0.786885,1.063665,0.290040,0.000000,0.000000,0.000000,0.000000
23.2667,0.310000,0.240000,-0.120000,0.670000,0.000000,0.000000,0.000000,0.434153,-0.781258,1.068129,0.326735,0.000000,0.000000,0.000000,0.000000
23.3500,0.310000,0.240000,-0.120000,0.670000,0.000000,0.000000,0.000000,0.461214,-0.778029,1.071331,0.361897,0.000000,0.000000,0.000000,0.000000
23.3667,0.310000,0.240000,-0.120000,0.670000,0.000000,0.000000,0.000000,0.486731,-0.777105,1.073134,0.394380,0.000000,0.000000,0.000000,0.000000
23.3833,0.310000,0.240000,-0.120000,0.670000,0.000000,0.000000,0.000000,0.510009,-0.778305,1.073432,0.423055,0.000000,0.000000,0.000000,0.000000
23.4000,0.310000,0.240000,-0.120000,0.670000,0.000000,0.000000,0.000000,0.530377,-0.781404,1.072150,0.446982,0.000000,0.000000,0.000000,0.000000
23.4167,0.310000,0.240000,-0.120000,0.670000,0.000000,0.000000,0.000000,0.547218,-0.786157,1.069236,0.465449,0.000000,0.000000,0.000000,0.000000
23.4333,0.310000,0.240000,-0.120000,0.670000,0.000000,0.000000,0.000000,0.559989,-0.792316,1.064658,0.477942,0.000000,0.000000,0.000000,0.000000
23.4500,0.310000,0.240000,-0.120000,0.670000,0.000000,0.000000,0.000000,0.568248,-0.799634,1.058406,0.484112,0.000000,0.000000,0.000000,0.000000
23.4667,0.310000,0.240000,-0.120000,0.670000,0.000000,0.000000,0.000000,0.571671,-0.807875,1.050502,0.483758,0.000000,0.000000,0.000000,0.000000
23.4833,0.310000,0.240000,-0.120000,0.670000,0.000000,0.000000,0.000000,0.570080,-0.816814,1.041006,0.476813,0.000000,0.000000,0.000000,0.000000
23.5000,0.310000,0.240000,-0.120000,0.670000,0.000000,0.000000,0.000000,0.563449,-0.826234,1.030026,0.463355,0.000000,0.000000,0.000000,0.000000
23.5167,0.310000,0.240000,-0.120000,0.670000,0.000000,0.000000,0.000000,0.551923,-0.835926,1.017721,0.443618,0.000000,0.000000,0.000000,0.000000
23.5333,0.310000,0.240000,-0.120000,0.670000,0.000000,0.000000,0.000000,0.535833,-0.845689,1.004313,0.418025,0.000000,0.000000,0.000000,0.000000
23.5500,0.310000,0.240000,-0.120000,0.670000,0.000000,0.000000,0.000000,0.515722,-0.855330,0.990087,0.387229,0.000000,0.000000,0.000000,0.000000
23.5667,0.310000,0.240000,-0.120000,0.670000,0.000000,0.000000,0.000000,0.492373,-0.864669,0.975406,0.352161,0.000000,0.000000,0.000000,0.000000
23.6667,0.310000,0.240000,-0.120000,0.670000,0.000000,0.000000,0.000000,0.466793,-0.873528,0.960697,0.314066,0.000000,0.000000,0.000000,0.000000
23.6833,0.310000,0.240000,-0.120000,0.670000,0.000000,0.000000,0.000000,0.440089,-0.881732,0.946407,0.274419,0.000000,0.000000,0.000000,0.000000
23.7000,0.310000,0.240000,-0.120000,0.670000,0.000000,0.000000,0.000000,0.413285,-0.889118,0.932929,0.234726,0.000000,0.000000,0.000000,0.000000
23.7167,0.310000,0.240000,-0.120000,0.670000,0.000000,0.000000,0.000000,0.387209,-0.895568,0.920555,0.196313,0.000000,0.000000,0.000000,0.000000
23.7333,0.310000,0.240000,-0.120000,0.670000,0.000000,0.000000,0.000000,0.362486,-0.901029,0.909473,0.160237,0.000000,0.000000,0.000000,0.000000
23.7500,0.310000,0.240000,-0.120000,0.670000,0.000000,0.000000,0.000000,0.339577,-0.905523,0.899784,0.127258,0.000000,0.000000,0.000000,0.000000
23.7667,0.310000,0.240000,-0.120000,0.670000,0.000000,0.000000,0.000000,0.318809,-0.909139,0.891517,0.097861,0.000000,0.000000,0.000000,0.000000
23.7833,0.310000,0.240000,-0.120000,0.670000,0.000000,0.000000,0.000000,0.300403,-0.912012,0.884648,0.072284,0.000000,0.000000,0.000000,0.000000
23.8000,0.310000,0.240000,-0.120000,0.670000,0.000000,0.000000,0.000000,0.284479,-0.914301,0.879116,0.050555,0.000000,0.000000,0.000000,0.000000
23.8167,0.310000,0.240000,-0.120000,0.670000,0.000000,0.000000,0.000000,0.271062,-0.916161,0.874823,0.032541,0.000000,0.000000,0.000000,0.000000
23.8333,0.310000,0.240000,-0.120000,0.670000,0.000000,0.000000,0.000000,0.260079,-0.917728,0.871650,0.017983,0.000000,0.000000,0.000000,0.000000
23.8500,0.310000,0.240000,-0.120000,0.670000,0.000000,0.000000,0.000000,0.251373,-0.919113,0.869456,0.006537,0.000000,0.000000,0.000000,0.000000
23.8667,0.310000,0.240000,-0.120000,0.670000,0.000000,0.000000,0.000000,0.244720,-0.920399,0.868089,-0.002200,0.000000,0.000000,0.000000,0.000000
23.8833,0.310000,0.240000,-0.120000,0.670000,0.000000,0.000000,0.000000,0.239852,-0.921649,0.867396,-0.008668,0.000000,0.000000,0.000000,0.000000
23.9000,0.310000,0.240000,-0.120000,0.670000,0.000000,0.000000,0.000000,0.236479,-0.922907,0.867225,-0.013325,0.000000,0.000000,0.000000,0.000000
23.9167,0.310000,0.240000,-0.120000,0.670000,0.000000,0.000000,0.000000,0.234305,-0.924203,0.867439,-0.016634,0.000000,0.000000,0.000000,0.000000
23.9333,0.310000,0.240000,-0.120000,0.670000,0.000000,0.000000,0.000000,0.233043,-0.925556,0.867914,-0.019047,0.000000,0.000000,0.000000,0.000000
23.9500,0.310000,0.240000,-0.120000,0.670000,0.000000,0.000000,0.000000,0.232423,-0.926975,0.868543,-0.021000,0.000000,0.000000,0.000000,0.000000
23.9667,0.310000,0.240000,-0.120000,0.670000,0.000000,0.000000,0.000000,0.232193,-0.928461,0.869237,-0.022900,0.000000,0.000000,0.000000,0.000000
23.9833,0.310000,0.240000,-0.120000,0.670000,0.000000,0.000000,0.000000,0.232122,-0.930006,0.869922,-0.025123,0.000000,0.000000,0.000000,0.000000
24.0000,0.310000,0.240000,-0.120000,0.670000,0.000000,0.000000,0.000000,0.231996,-0.931595,0.870540,-0.028014,0.000000,0.000000,0.000000,0.000000
24.0167,0.310000,0.240000,-0.120000,0.670000,0.000000,0.000000,0.000000,0.231613,-0.933201,0.871045,-0.031891,0.000000,0.000000,0.000000,0.000000
24.0333,0.310000,0.240000,-0.120000,0.670000,0.000000,0.000000,0.000000,0.230773,-0.934774,0.871405,-0.037047,0.000000,0.000000,0.000000,0.000000
24.0500,0.310000,0.240000,-0.120000,0.670000,0.000000,0.000000,0.000000,0.229269,-0.936234,0.871595,-0.043754,0.000000,0.000000,0.000000,0.000000
24.0667,0.310000,0.240000,-0.120000,0.670000,0.000000,0.000000,0.000000,0.226868,-0.937457,0.871600,-0.052254,0.000000,0.000000,0.000000,0.000000
24.0833,0.310000,0.240000,-0.120000,0.670000,0.000000,0.000000,0.000000,0.223304,-0.938263,0.871409,-0.062749,0.000000,0.000000,0.000000,0.000000
24.1000,0.310000,0.240000,-0.120000,0.670000,0.000000,0.000000,0.000000,0.218270,-0.938407,0.871019,-0.075397,0.000000,0.000000,0.000000,0.000000
24.1167,0.310000,0.240000,-0.120000,0.670000,0.000000,0.000000,0.000000,0.211412,-0.937571,0.870430,-0.090300,0.000000,0.000000,0.000000,0.000000
24.1333,0.310000,0.240000,-0.120000,0.670000,0.000000,0.000000,0.000000,0.202342,-0.935373,0.869654,-0.107505,0.000000,0.000000,0.000000,0.000000
24.1500,0.310000,0.240000,-0.120000,0.670000,0.000000,0.000000,0.000000,0.190656,-0.931366,0.868716,-0.127000,0.000000,0.000000,0.000000,0.000000
24.1667,0.310000,0.240000,-0.120000,0.670000,0.000000,0.000000,0.000000,0.175967,-0.925063,0.867670,-0.148708,0.000000,0.000000,0.000000,0.000000
24.1833,0.310000,0.240000,-0.120000,0.670000,0.000000,0.000000,0.000000,0.157925,-0.915949,0.866595,-0.172478,0.000000,0.000000,0.000000,0.000000
24.2000,0.310000,0.240000,-0.120000,0.670000,0.000000,0.000000,0.000000,0.136251,-0.903517,0.865601,-0.198068,0.000000,0.000000,0.000000,0.000000
24.2167,0.310000,0.240000,-0.120000,0.670000,0.000000,0.000000,0.000000,0.110756,-0.887310,0.864820,-0.225134,0.000000,0.000000,0.000000,0.000000
24.2333,0.310000,0.240000,-0.120000,0.670000,0.000000,0.000000,0.000000,0.081369,-0.866975,0.864392,-0.253206,0.000000,0.000000,0.000000,0.000000
24.2500,0.310000,0.240000,-0.120000,0.670000,0.000000,0.000000,0.000000,0.048170,-0.842338,0.864453,-0.281695,0.000000,0.000000,0.000000,0.000000
24.2833,0.310000,0.240000,-0.120000,0.670000,0.000000,0.000000,0.000000,0.011447,-0.813501,0.865116,-0.309898,0.000000,0.000000,0.000000,0.000000
24.3000,0.310000,0.240000,-0.120000,0.670000,0.000000,0.000000,0.000000,-0.028247,-0.780955,0.866453,-0.337048,0.000000,0.000000,0.000000,0.000000
24.3167,0.310000,0.240000,-0.120000,0.670000,0.000000,0.000000,0.000000,-0.070012,-0.745708,0.868473,-0.362381,0.000000,0.000000,0.000000,0.000000
24.6833,0.310000,0.240000,-0.120000,0.670000,0.000000,0.000000,0.000000,-0.112582,-0.709323,0.871117,-0.385203,0.000000,0.000000,0.000000,0.000000
24.7000,0.310000,0.240000,-0.120000,0.670000,0.000000,0.000000,0.000000,-0.154465,-0.673693,0.874272,-0.404933,0.000000,0.000000,0.000000,0.000000
24.7167,0.310000,0.240000,-0.120000,0.670000,0.000000,0.000000,0.000000,-0.194217,-0.640631,0.877802,-0.421130,0.000000,0.000000,0.000000,0.000000
24.7333,0.310000,0.240000,-0.120000,0.670000,0.000000,0.000000,0.000000,-0.230639,-0.611596,0.881574,-0.433504,0.000000,0.000000,0.000000,0.000000
24.7500,0.310000,0.240000,-0.120000,0.670000,0.000000,0.000000,0.000000,-0.262796,-0.587659,0.885468,-0.441905,0.000000,0.000000,0.000000,0.000000
24.7667,0.310000,0.240000,-0.120000,0.670000,0.000000,0.000000,0.000000,-0.289974,-0.569553,0.889388,-0.446290,0.000000,0.000000,0.000000,0.000000
24.7833,0.310000,0.240000,-0.120000,0.670000,0.000000,0.000000,0.000000,-0.311641,-0.557720,0.893261,-0.446693,0.000000,0.000000,0.000000,0.000000
24.8000,0.310000,0.240000,-0.120000,0.670000,0.000000,0.000000,0.000000,-0.327417,-0.552350,0.897056,-0.443191,0.000000,0.000000,0.000000,0.000000
24.8167,0.310000,0.240000,-0.120000,0.670000,0.000000,0.000000,0.000000,-0.337052,-0.553412,0.900778,-0.435894,0.000000,0.000000,0.000000,0.000000
24.8333,0.310000,0.240000,-0.120000,0.670000,0.000000,0.000000,0.000000,-0.340414,-0.560680,0.904471,-0.424943,0.000000,0.000000,0.000000,0.000000
24.8500,0.310000,0.240000,-0.120000,0.670000,0.000000,0.000000,0.000000,-0.337480,-0.573764,0.908210,-0.410534,0.000000,0.000000,0.000000,0.000000
24.8667,0.310000,0.240000,-0.120000,0.670000,0.000000,0.000000,0.000000,-0.328337,-0.592137,0.912090,-0.392945,0.000000,0.000000,0.000000,0.000000
24.8833,0.310000,0.240000,-0.120000,0.670000,0.000000,0.000000,0.000000,-0.313191,-0.615150,0.916213,-0.372557,0.000000,0.000000,0.000000,0.000000
24.9000,0.310000,0.240000,-0.120000,0.670000,0.000000,0.000000,0.000000,-0.292388,-0.642056,0.920665,-0.349869,0.000000,0.000000,0.000000,0.000000
24.9167,0.310000,0.240000,-0.120000,0.670000,0.000000,0.000000,0.000000,-0.266450,-0.672016,0.925502,-0.325481,0.000000,0.000000,0.000000,0.000000
24.9333,0.310000,0.240000,-0.120000,0.670000,0.000000,0.000000,0.000000,-0.236108,-0.704104,0.930719,-0.300084,0.000000,0.000000,0.000000,0.000000
24.9667,0.310000,0.240000,-0.120000,0.670000,0.000000,0.000000,0.000000,-0.202342,-0.737302,0.936246,-0.274418,0.000000,0.000000,0.000000,0.000000
25.0167,0.310000,0.240000,-0.120000,0.670000,0.000000,0.000000,0.000000,-0.166367,-0.770515,0.941940,-0.249219,0.000000,0.000000,0.000000,0.000000
25.0333,0.310000,0.240000,-0.120000,0.670000,0.000000,0.000000,0.000000,-0.129524,-0.802642,0.947614,-0.225147,0.000000,0.000000,0.000000,0.000000
25.0500,0.310000,0.240000,-0.120000,0.670000,0.000000,0.000000,0.000000,-0.093101,-0.832724,0.953074,-0.202729,0.000000,0.000000,0.000000,0.000000
25.0667,0.310000,0.240000,-0.120000,0.670000,0.000000,0.000000,0.000000,-0.058175,-0.860046,0.958146,-0.182341,0.000000,0.000000,0.000000,0.000000
25.0833,0.310000,0.240000,-0.120000,0.670000,0.000000,0.000000,0.000000,-0.025551,-0.884169,0.962702,-0.164202,0.000000,0.000000,0.000000,0.000000
25.1000,0.310000,0.240000,-0.120000,0.670000,0.000000,0.000000,0.000000,0.004247,-0.904910,0.966658,-0.148380,0.000000,0.000000,0.000000,0.000000
25.1167,0.310000,0.240000,-0.120000,0.670000,0.000000,0.000000,0.000000,0.030956,-0.922290,0.969981,-0.134819,0.000000,0.000000,0.000000,0.000000
25.1333,0.310000,0.240000,-0.120000,0.670000,0.000000,0.000000,0.000000,0.054522,-0.936479,0.972679,-0.123356,0.000000,0.000000,0.000000,0.000000
25.1500,0.310000,0.240000,-0.120000,0.670000,0.000000,0.000000,0.000000,0.075054,-0.947734,0.974793,-0.113758,0.000000,0.000000,0.000000,0.000000
25.1667,0.310000,0.240000,-0.120000,0.670000,0.000000,0.000000,0.000000,0.092771,-0.956353,0.976390,-0.105739,0.000000,0.000000,0.000000,0.000000
25.1833,0.310000,0.240000,-0.120000,0.670000,0.000000,0.000000,0.000000,0.107961,-0.962625,0.977553,-0.098975,0.000000,0.000000,0.000000,0.000000
25.2000,0.310000,0.240000,-0.120000,0.670000,0.000000,0.000000,0.000000,0.120947,-0.966805,0.978374,-0.093119,0.000000,0.000000,0.000000,0.000000
25.2167,0.310000,0.240000,-0.120000,0.670000,0.000000,0.000000,0.000000,0.132068,-0.969094,0.978955,-0.087805,0.000000,0.000000,0.000000,0.000000
25.2333,0.310000,0.240000,-0.120000,0.670000,0.000000,0.000000,0.000000,0.141673,-0.969643,0.979399,-0.082659,0.000000,0.000000,0.000000,0.000000
25.2500,0.310000,0.240000,-0.120000,0.670000,0.000000,0.000000,0.000000,0.150109,-0.968563,0.979813,-0.077313,0.000000,0.000000,0.000000,0.000000
25.2667,0.310000,0.240000,-0.120000,0.670000,0.000000,0.000000,0.000000,0.157722,-0.965933,0.980302,-0.071414,0.000000,0.000000,0.000000,0.000000
25.2833,0.310000,0.240000,-0.120000,0.670000,0.000000,0.000000,0.000000,0.164850,-0.961809,0.980967,-0.064639,0.000000,0.000000,0.000000,0.000000
25.3000,0.310000,0.240000,-0.120000,0.670000,0.000000,0.000000,0.000000,0.171818,-0.956232,0.981904,-0.056713,0.000000,0.000000,0.000000,0.000000
25.3167,0.310000,0.240000,-0.120000,0.670000,0.000000,0.000000,0.000000,0.178934,-0.949241,0.983201,-0.047420,0.000000,0.000000,0.000000,0.000000
25.3333,0.310000,0.240000,-0.120000,0.670000,0.000000,0.000000,0.000000,0.186468,-0.940871,0.984933,-0.036613,0.000000,0.000000,0.000000,0.000000
25.3500,0.310000,0.240000,-0.120000,0.670000,0.000000,0.000000,0.000000,0.194643,-0.931164,0.987153,-0.024225,0.000000,0.000000,0.000000,0.000000
25.3667,0.310000,0.240000,-0.120000,0.670000,0.000000,0.000000,0.000000,0.203611,-0.920171,0.989889,-0.010275,0.000000,0.000000,0.000000,0.000000
25.3833,0.310000,0.240000,-0.120000,0.670000,0.000000,0.000000,0.000000,0.213432,-0.907960,0.993126,0.005127,0.000000,0.000000,0.000000,0.000000
25.4000,0.310000,0.240000,-0.120000,0.670000,0.000000,0.000000,0.000000,0.224059,-0.894624,0.996805,0.021770,0.000000,0.000000,0.000000,0.000000
25.4167,0.310000,0.240000,-0.120000,0.670000,0.000000,0.000000,0.000000,0.235323,-0.880296,1.000808,0.039340,0.000000,0.000000,0.000000,0.000000
25.4333,0.310000,0.240000,-0.120000,0.670000,0.000000,0.000000,0.000000,0.246945,-0.865175,1.004966,0.057420,0.000000,0.000000,0.000000,0.000000
25.4500,0.310000,0.240000,-0.120000,0.670000,0.000000,0.000000,0.000000,0.258564,-0.849572,1.009057,0.075500,0.000000,0.000000,0.000000,0.000000
25.5500,0.310000,0.240000,-0.120000,0.670000,0.000000,0.000000,0.000000,0.269800,-0.833947,1.012831,0.093052,0.000000,0.000000,0.000000,0.000000
25.5667,0.310000,0.240000,-0.120000,0.670000,0.000000,0.000000,0.000000,0.280397,-0.818918,1.016058,0.109765,0.000000,0.000000,0.000000,0.000000
25.7167,0.310000,0.240000,-0.120000,0.670000,0.000000,0.000000,0.000000,0.290357,-0.805194,1.018580,0.125808,0.000000,0.000000,0.000000,0.000000
25.7333,0.310000,0.240000,-0.120000,0.670000,0.000000,0.000000,0.000000,0.299887,-0.793443,1.020306,0.141765,0.000000,0.000000,0.000000,0.000000
25.7500,0.310000,0.240000,-0.120000,0.670000,0.000000,0.000000,0.000000,0.309181,-0.784144,1.021164,0.158193,0.000000,0.000000,0.000000,0.000000
25.7667,0.310000,0.240000,-0.120000,0.670000,0.000000,0.000000,0.000000,0.318237,-0.777529,1.021054,0.175210,0.000000,0.000000,0.000000,0.000000
25.7833,0.310000,0.240000,-0.120000,0.670000,0.000000,0.000000,0.000000,0.326809,-0.773613,1.019841,0.192308,0.000000,0.000000,0.000000,0.000000
25.8833,0.310000,0.240000,-0.120000,0.670000,0.000000,0.000000,0.000000,0.334453,-0.772271,1.017379,0.208378,0.000000,0.000000,0.000000,0.000000
25.9000,0.310000,0.240000,-0.120000,0.670000,0.000000,0.000000,0.000000,0.340651,-0.773326,1.013549,0.221988,0.000000,0.000000,0.000000,0.000000
25.9167,0.310000,0.240000,-0.120000,0.670000,0.000000,0.000000,0.000000,0.344982,-0.776625,1.008312,0.231838,0.000000,0.000000,0.000000,0.000000
26.0000,0.310000,0.240000,-0.120000,0.670000,0.000000,0.000000,0.000000,0.347237,-0.782075,1.001723,0.237089,0.000000,0.000000,0.000000,0.000000
26.0167,0.310000,0.240000,-0.120000,0.670000,0.000000,0.000000,0.000000,0.347422,-0.789606,0.993921,0.237404,0.000000,0.000000,0.000000,0.000000
26.0667,0.310000,0.240000,-0.120000,0.670000,0.000000,0.000000,0.000000,0.345703,-0.799104,0.985114,0.232832,0.000000,0.000000,0.000000,0.000000
26.0833,0.310000,0.240000,-0.120000,0.670000,0.000000,0.000000,0.000000,0.342330,-0.810335,0.975554,0.223649,0.000000,0.000000,0.000000,0.000000
26.1833,0.310000,0.240000,-0.120000,0.670000,0.000000,0.000000,0.000000,0.337557,-0.822900,0.965524,0.210249,0.000000,0.000000,0.000000,0.000000
26.2000,0.310000,0.240000,-0.120000,0.670000,0.000000,0.000000,0.000000,0.331592,-0.836256,0.955312,0.193145,0.000000,0.000000,0.000000,0.000000
26.2167,0.310000,0.240000,-0.120000,0.670000,0.000000,0.000000,0.000000,0.324607,-0.849797,0.945190,0.173040,0.000000,0.000000,0.000000,0.000000
26.2333,0.310000,0.240000,-0.120000,0.670000,0.000000,0.000000,0.000000,0.316762,-0.862952,0.935396,0.150805,0.000000,0.000000,0.000000,0.000000
26.2500,0.310000,0.240000,-0.120000,0.670000,0.000000,0.000000,0.000000,0.308229,-0.875238,0.926134,0.127389,0.000000,0.000000,0.000000,0.000000
26.2667,0.310000,0.240000,-0.120000,0.670000,0.000000,0.000000,0.000000,0.299203,-0.886296,0.917561,0.103705,0.000000,0.000000,0.000000,0.000000
26.2833,0.310000,0.240000,-0.120000,0.670000,0.000000,0.000000,0.000000,0.289897,-0.895905,0.909794,0.080559,0.000000,0.000000,0.000000,0.000000
26.3000,0.310000,0.240000,-0.120000,0.670000,0.000000,0.000000,0.000000,0.280537,-0.903980,0.902906,0.058608,0.000000,0.000000,0.000000,0.000000
26.3167,0.310000,0.240000,-0.120000,0.670000,0.000000,0.000000,0.000000,0.271360,-0.910566,0.896933,0.038331,0.000000,0.000000,0.000000,0.000000
26.3333,0.310000,0.240000,-0.120000,0.670000,0.000000,0.000000,0.000000,0.262604,-0.915818,0.891880,0.020030,0.000000,0.000000,0.000000,0.000000
26.3500,0.310000,0.240000,-0.120000,0.670000,0.000000,0.000000,0.000000,0.254500,-0.919970,0.887723,0.003834,0.000000,0.000000,0.000000,0.000000
26.3667,0.310000,0.240000,-0.120000,0.670000,0.000000,0.000000,0.000000,0.247252,-0.923293,0.884423,-0.010282,0.000000,0.000000,0.000000,0.000000
26.3833,0.310000,0.240000,-0.120000,0.670000,0.000000,0.000000,0.000000,0.241014,-0.926062,0.881921,-0.022479,0.000000,0.000000,0.000000,0.000000
26.4000,0.310000,0.240000,-0.120000,0.670000,0.000000,0.000000,0.000000,0.235869,-0.928512,0.880146,-0.033032,0.000000,0.000000,0.000000,0.000000
26.4167,0.310000,0.240000,-0.120000,0.670000,0.000000,0.000000,0.000000,0.231811,-0.930816,0.879015,-0.042307,0.000000,0.000000,0.000000,0.000000
26.4333,0.310000,0.240000,-0.120000,0.670000,0.000000,0.000000,0.000000,0.228735,-0.933064,0.878435,-0.050739,0.000000,0.000000,0.000000,0.000000
26.4500,0.310000,0.240000,-0.120000,0.670000,0.000000,0.000000,0.000000,0.226425,-0.935253,0.878305,-0.058796,0.000000,0.000000,0.000000,0.000000
26.4667,0.310000,0.240000,-0.120000,0.670000,0.000000,0.000000,0.000000,0.224563,-0.937292,0.878515,-0.066963,0.000000,0.000000,0.000000,0.000000
26.4833,0.310000,0.240000,-0.120000,0.670000,0.000000,0.000000,0.000000,0.222736,-0.939012,0.878950,-0.075720,0.000000,0.000000,0.000000,0.000000
26.5000,0.310000,0.240000,-0.120000,0.670000,0.000000,0.000000,0.000000,0.220452,-0.940174,0.879494,-0.085521,0.000000,0.000000,0.000000,0.000000
26.5167,0.310000,0.240000,-0.120000,0.670000,0.000000,0.000000,0.000000,0.217162,-0.940483,0.880033,-0.096784,0.000000,0.000000,0.000000,0.000000
26.5333,0.310000,0.240000,-0.120000,0.670000,0.000000,0.000000,0.000000,0.212273,-0.939586,0.880461,-0.109866,0.000000,0.000000,0.000000,0.000000
26.5500,0.310000,0.240000,-0.120000,0.670000,0.000000,0.000000,0.000000,0.205170,-0.937087,0.880684,-0.125047,0.000000,0.000000,0.000000,0.000000
26.5667,0.310000,0.240000,-0.120000,0.670000,0.000000,0.000000,0.000000,0.195232,-0.932549,0.880627,-0.142509,0.000000,0.000000,0.000000,0.000000
26.5833,0.310000,0.240000,-0.120000,0.670000,0.000000,0.000000,0.000000,0.181859,-0.925507,0.880236,-0.162326,0.000000,0.000000,0.000000,0.000000
26.6000,0.310000,0.240000,-0.120000,0.670000,0.000000,0.000000,0.000000,0.164502,-0.915488,0.879484,-0.184450,0.000000,0.000000,0.000000,0.000000
26.6167,0.310000,0.240000,-0.120000,0.670000,0.000000,0.000000,0.000000,0.142696,-0.902035,0.878379,-0.208709,0.000000,0.000000,0.000000,0.000000
26.6333,0.310000,0.240000,-0.120000,0.670000,0.000000,0.000000,0.000000,0.116108,-0.884744,0.876966,-0.234802,0.000000,0.000000,0.000000,0.000000
26.6500,0.310000,0.240000,-0.120000,0.670000,0.000000,0.000000,0.000000,0.084574,-0.863322,0.875322,-0.262288,0.000000,0.000000,0.000000,0.000000
26.6667,0.310000,0.240000,-0.120000,0.670000,0.000000,0.000000,0.000000,0.048167,-0.837670,0.873557,-0.290594,0.000000,0.000000,0.000000,0.000000
26.6833,0.310000,0.240000,-0.120000,0.670000,0.000000,0.000000,0.000000,0.007267,-0.807985,0.871804,-0.319016,0.000000,0.000000,0.000000,0.000000
26.7500,0.310000,0.240000,-0.120000,0.670000,0.000000,0.000000,0.000000,-0.037330,-0.774888,0.870223,-0.346773,0.000000,0.000000,0.000000,0.000000
26.8833,0.310000,0.240000,-0.120000,0.670000,0.000000,0.000000,0.000000,-0.084345,-0.739487,0.869006,-0.373134,0.000000,0.000000,0.000000,0.000000
26.9000,0.310000,0.240000,-0.120000,0.670000,0.000000,0.000000,0.000000,-0.132163,-0.703224,0.868355,-0.397557,0.000000,0.000000,0.000000,0.000000
26.9167,0.310000,0.240000,-0.120000,0.670000,0.000000,0.000000,0.000000,-0.179180,-0.667534,0.868428,-0.419736,0.000000,0.000000,0.000000,0.000000
26.9333,0.310000,0.240000,-0.120000,0.670000,0.000000,0.000000,0.000000,-0.224074,-0.633598,0.869303,-0.439564,0.000000,0.000000,0.000000,0.000000
26.9500,0.310000,0.240000,-0.120000,0.670000,0.000000,0.000000,0.000000,-0.265873,-0.602291,0.870981,-0.457076,0.000000,0.000000,0.000000,0.000000
26.9667,0.310000,0.240000,-0.120000,0.670000,0.000000,0.000000,0.000000,-0.303935,-0.574204,0.873405,-0.472395,0.000000,0.000000,0.000000,0.000000
26.9833,0.310000,0.240000,-0.120000,0.670000,0.000000,0.000000,0.000000,-0.337904,-0.549682,0.876479,-0.485683,0.000000,0.000000,0.000000,0.000000
27.0000,0.310000,0.240000,-0.120000,0.670000,0.000000,0.000000,0.000000,-0.367662,-0.528863,0.880089,-0.497115,0.000000,0.000000,0.000000,0.000000
27.0167,0.310000,0.240000,-0.120000,0.670000,0.000000,0.000000,0.000000,-0.393273,-0.511719,0.884110,-0.506850,0.000000,0.000000,0.000000,0.000000
27.0333,0.310000,0.240000,-0.120000,0.670000,0.000000,0.000000,0.000000,-0.414928,-0.498102,0.888422,-0.515030,0.000000,0.000000,0.000000,0.000000
27.0500,0.310000,0.240000,-0.120000,0.670000,0.000000,0.000000,0.000000,-0.432897,-0.487791,0.892911,-0.521769,0.000000,0.000000,0.000000,0.000000
27.0667,0.310000,0.240000,-0.120000,0.670000,0.000000,0.000000,0.000000,-0.447486,-0.480529,0.897476,-0.527159,0.000000,0.000000,0.000000,0.000000
27.0833,0.310000,0.240000,-0.120000,0.670000,0.000000,0.000000,0.000000,-0.459002,-0.476067,0.902028,-0.531268,0.000000,0.000000,0.000000,0.000000
27.1000,0.310000,0.240000,-0.120000,0.670000,0.000000,0.000000,0.000000,-0.467728,-0.474188,0.906488,-0.534145,0.000000,0.000000,0.000000,0.000000
27.1333,0.310000,0.240000,-0.120000,0.670000,0.000000,0.000000,0.000000,-0.473898,-0.474732,0.910787,-0.535818,0.000000,0.000000,0.000000,0.000000
27.1500,0.310000,0.240000,-0.120000,0.670000,0.000000,0.000000,0.000000,-0.477684,-0.477610,0.914868,-0.536303,0.000000,0.000000,0.000000,0.000000
27.1667,0.310000,0.240000,-0.120000,0.670000,0.000000,0.000000,0.000000,-0.479192,-0.482804,0.918684,-0.535597,0.000000,0.000000,0.000000,0.000000
27.1833,0.310000,0.240000,-0.120000,0.670000,0.000000,0.000000,0.000000,-0.478451,-0.490357,0.922207,-0.533683,0.000000,0.000000,0.000000,0.000000
27.2000,0.310000,0.240000,-0.120000,0.670000,0.000000,0.000000,0.000000,-0.475426,-0.500359,0.925425,-0.530524,0.000000,0.000000,0.000000,0.000000
27.2667,0.310000,0.240000,-0.120000,0.670000,0.000000,0.000000,0.000000,-0.470023,-0.512930,0.928344,-0.526066,0.000000,0.000000,0.000000,0.000000
27.3000,0.310000,0.240000,-0.120000,0.670000,0.000000,0.000000,0.000000,-0.462103,-0.528196,0.930989,-0.520240,0.000000,0.000000,0.000000,0.000000
27.3167,0.310000,0.240000,-0.120000,0.670000,0.000000,0.000000,0.000000,-0.451505,-0.546266,0.933400,-0.512960,0.000000,0.000000,0.000000,0.000000
27.3333,0.310000,0.240000,-0.120000,0.670000,0.000000,0.000000,0.000000,-0.438069,-0.567204,0.935624,-0.504140,0.000000,0.000000,0.000000,0.000000
27.3500,0.310000,0.240000,-0.120000,0.670000,0.000000,0.000000,0.000000,-0.421652,-0.591003,0.937723,-0.493703,0.000000,0.000000,0.000000,0.000000
27.3667,0.310000,0.240000,-0.120000,0.670000,0.000000,0.000000,0.000000,-0.402155,-0.617559,0.939769,-0.481610,0.000000,0.000000,0.000000,0.000000
27.3833,0.310000,0.240000,-0.120000,0.670000,0.000000,0.000000,0.000000,-0.379537,-0.646656,0.941848,-0.467879,0.000000,0.000000,0.000000,0.000000
27.4000,0.310000,0.240000,-0.120000,0.670000,0.000000,0.000000,0.000000,-0.353844,-0.677953,0.944048,-0.452601,0.000000,0.000000,0.000000,0.000000
27.4167,0.310000,0.240000,-0.120000,0.670000,0.000000,0.000000,0.000000,-0.325246,-0.710974,0.946450,-0.435945,0.000000,0.000000,0.000000,0.000000
27.4333,0.310000,0.240000,-0.120000,0.670000,0.000000,0.000000,0.000000,-0.294070,-0.745100,0.949110,-0.418147,0.000000,0.000000,0.000000,0.000000
27.4500,0.310000,0.240000,-0.120000,0.670000,0.000000,0.000000,0.000000,-0.260845,-0.779549,0.952050,-0.399489,0.000000,0.000000,0.000000,0.000000
27.5000,0.310000,0.240000,-0.120000,0.670000,0.000000,0.000000,0.000000,-0.226321,-0.813397,0.955239,-0.380265,0.000000,0.000000,0.000000,0.000000
27.5167,0.310000,0.240000,-0.120000,0.670000,0.000000,0.000000,0.000000,-0.191400,-0.845666,0.958597,-0.360761,0.000000,0.000000,0.000000,0.000000
27.5333,0.310000,0.240000,-0.120000,0.670000,0.000000,0.000000,0.000000,-0.156986,-0.875476,0.962017,-0.341248,0.000000,0.000000,0.000000,0.000000
27.5500,0.310000,0.240000,-0.120000,0.670000,0.000000,0.000000,0.000000,-0.123847,-0.902168,0.965395,-0.321980,0.000000,0.000000,0.000000,0.000000
27.5667,0.310000,0.240000,-0.120000,0.670000,0.000000,0.000000,0.000000,-0.092543,-0.925341,0.968651,-0.303201,0.000000,0.000000,0.000000,0.000000
27.5833,0.310000,0.240000,-0.120000,0.670000,0.000000,0.000000,0.000000,-0.063412,-0.944845,0.971744,-0.285153,0.000000,0.000000,0.000000,0.000000
27.6000,0.310000,0.240000,-0.120000,0.670000,0.000000,0.000000,0.000000,-0.036608,-0.960732,0.974663,-0.268063,0.000000,0.000000,0.000000,0.000000
27.6167,0.310000,0.240000,-0.120000,0.670000,0.000000,0.000000,0.000000,-0.012148,-0.973197,0.977417,-0.252130,0.000000,0.000000,0.000000,0.000000
27.6333,0.310000,0.240000,-0.120000,0.670000,0.000000,0.000000,0.000000,0.010025,-0.982518,0.980019,-0.237502,0.000000,0.000000,0.000000,0.000000
27.6500,0.310000,0.240000,-0.120000,0.670000,0.000000,0.000000,0.000000,0.030003,-0.989007,0.982473,-0.224261,0.000000,0.000000,0.000000,0.000000
27.6667,0.310000,0.240000,-0.120000,0.670000,0.000000,0.000000,0.000000,0.047876,-0.992976,0.984769,-0.212416,0.000000,0.000000,0.000000,0.000000
27.6833,0.310000,0.240000,-0.120000,0.670000,0.000000,0.000000,0.000000,0.063730,-0.994722,0.986883,-0.201912,0.000000,0.000000,0.000000,0.000000
27.7000,0.310000,0.240000,-0.120000,0.670000,0.000000,0.000000,0.000000,0.077649,-0.994523,0.988788,-0.192647,0.000000,0.000000,0.000000,0.000000
27.7167,0.310000,0.240000,-0.120000,0.670000,0.000000,0.000000,0.000000,0.089719,-0.992642,0.990454,-0.184492,0.000000,0.000000,0.000000,0.000000
27.7333,0.310000,0.240000,-0.120000,0.670000,0.000000,0.000000,0.000000,0.100043,-0.989331,0.991858,-0.177311,0.000000,0.000000,0.000000,0.000000
27.7500,0.310000,0.240000,-0.120000,0.670000,0.000000,0.000000,0.000000,0.108743,-0.984840,0.992986,-0.170974,0.000000,0.000000,0.000000,0.000000
27.7667,0.310000,0.240000,-0.120000,0.670000,0.000000,0.000000,0.000000,0.115964,-0.979418,0.993835,-0.165362,0.000000,0.000000,0.000000,0.000000
27.7833,0.310000,0.240000,-0.120000,0.670000,0.000000,0.000000,0.000000,0.121870,-0.973314,0.994413,-0.160369,0.000000,0.000000,0.000000,0.000000
27.8000,0.310000,0.240000,-0.120000,0.670000,0.000000,0.000000,0.000000,0.126636,-0.966773,0.994734,-0.155905,0.000000,0.000000,0.000000,0.000000
27.8167,0.310000,0.240000,-0.120000,0.670000,0.000000,0.000000,0.000000,0.130443,-0.960036,0.994817,-0.151902,0.000000,0.000000,0.000000,0.000000
27.8333,0.310000,0.240000,-0.120000,0.670000,0.000000,0.000000,0.000000,0.133474,-0.953338,0.994688,-0.148321,0.000000,0.000000,0.000000,0.000000
27.8500,0.310000,0.240000,-0.120000,0.670000,0.000000,0.000000,0.000000,0.135912,-0.946902,0.994375,-0.145149,0.000000,0.000000,0.000000,0.000000
27.8667,0.310000,0.240000,-0.120000,0.670000,0.000000,0.000000,0.000000,0.137936,-0.940937,0.993914,-0.142381,0.000000,0.000000,0.000000,0.000000
27.8833,0.310000,0.240000,-0.120000,0.670000,0.000000,0.000000,0.000000,0.139724,-0.935624,0.993344,-0.140016,0.000000,0.000000,0.000000,0.000000
27.9000,0.310000,0.240000,-0.120000,0.670000,0.000000,0.000000,0.000000,0.141443,-0.931111,0.992709,-0.138036,0.000000,0.000000,0.000000,0.000000
27.9167,0.310000,0.240000,-0.120000,0.670000,0.000000,0.000000,0.000000,0.143239,-0.927499,0.992048,-0.136397,0.000000,0.000000,0.000000,0.000000
27.9333,0.310000,0.240000,-0.120000,0.670000,0.000000,0.000000,0.000000,0.145226,-0.924833,0.991397,-0.135025,0.000000,0.000000,0.000000,0.000000
27.9500,0.310000,0.240000,-0.120000,0.670000,0.000000,0.000000,0.000000,0.147481,-0.923096,0.990783,-0.133810,0.000000,0.000000,0.000000,0.000000
27.9667,0.310000,0.240000,-0.120000,0.670000,0.000000,0.000000,0.000000,0.150047,-0.922215,0.990225,-0.132610,0.000000,0.000000,0.000000,0.000000
27.9833,0.310000,0.240000,-0.120000,0.670000,0.000000,0.000000,0.000000,0.152939,-0.922071,0.989739,-0.131253,0.000000,0.000000,0.000000,0.000000
28.0000,0.310000,0.240000,-0.120000,0.670000,0.000000,0.000000,0.000000,0.156157,-0.922505,0.989338,-0.129545,0.000000,0.000000,0.000000,0.000000
28.0167,0.310000,0.240000,-0.120000,0.670000,0.000000,0.000000,0.000000,0.159699,-0.923329,0.989034,-0.127269,0.000000,0.000000,0.000000,0.000000
28.0333,0.310000,0.240000,-0.120000,0.670000,0.000000,0.000000,0.000000,0.163570,-0.924339,0.988846,-0.124199,0.000000,0.000000,0.000000,0.000000
28.0500,0.310000,0.240000,-0.120000,0.670000,0.000000,0.000000,0.000000,0.167794,-0.925325,0.988798,-0.120096,0.000000,0.000000,0.000000,0.000000
28.0667,0.310000,0.240000,-0.120000,0.670000,0.000000,0.000000,0.000000,0.172424,-0.926075,0.988926,-0.114714,0.000000,0.000000,0.000000,0.000000
28.0833,0.310000,0.240000,-0.120000,0.670000,0.000000,0.000000,0.000000,0.177544,-0.926381,0.989273,-0.107805,0.000000,0.000000,0.000000,0.000000
28.1000,0.310000,0.240000,-0.120000,0.670000,0.000000,0.000000,0.000000,0.183260,-0.926041,0.989890,-0.099121,0.000000,0.000000,0.000000,0.000000
28.1167,0.310000,0.240000,-0.120000,0.670000,0.000000,0.000000,0.000000,0.189690,-0.924850,0.990828,-0.088421,0.000000,0.000000,0.000000,0.000000
28.1333,0.310000,0.240000,-0.120000,0.670000,0.000000,0.000000,0.000000,0.196949,-0.922604,0.992135,-0.075487,0.000000,0.000000,0.000000,0.000000
28.1500,0.310000,0.240000,-0.120000,0.670000,0.000000,0.000000,0.000000,0.205133,-0.919098,0.993848,-0.060131,0.000000,0.000000,0.000000,0.000000
28.1667,0.310000,0.240000,-0.120000,0.670000,0.000000,0.000000,0.000000,0.214318,-0.914139,0.995990,-0.042207,0.000000,0.000000,0.000000,0.000000
28.1833,0.310000,0.240000,-0.120000,0.670000,0.000000,0.000000,0.000000,0.224555,-0.907557,0.998571,-0.021629,0.000000,0.000000,0.000000,0.000000
28.2000,0.310000,0.240000,-0.120000,0.670000,0.000000,0.000000,0.000000,0.235868,-0.899226,1.001579,0.001617,0.000000,0.000000,0.000000,0.000000
28.2167,0.310000,0.240000,-0.120000,0.670000,0.000000,0.000000,0.000000,0.248246,-0.889091,1.004983,0.027443,0.000000,0.000000,0.000000,0.000000
28.2333,0.310000,0.240000,-0.120000,0.670000,0.000000,0.000000,0.000000,0.261638,-0.877189,1.008720,0.055632,0.000000,0.000000,0.000000,0.000000
28.2500,0.310000,0.240000,-0.120000,0.670000,0.000000,0.000000,0.000000,0.275925,-0.863669,1.012692,0.085788,0.000000,0.000000,0.000000,0.000000
28.2667,0.310000,0.240000,-0.120000,0.670000,0.000000,0.000000,0.000000,0.290896,-0.848814,1.016751,0.117292,0.000000,0.000000,0.000000,0.000000
28.2833,0.310000,0.240000,-0.120000,0.670000,0.000000,0.000000,0.000000,0.306217,-0.833051,1.020693,0.149238,0.000000,0.000000,0.000000,0.000000
28.3833,0.310000,0.240000,-0.120000,0.670000,0.000000,0.000000,0.000000,0.321427,-0.816950,1.024261,0.180442,0.000000,0.000000,0.000000,0.000000
28.4000,0.310000,0.240000,-0.120000,0.670000,0.000000,0.000000,0.000000,0.336008,-0.801170,1.027188,0.209665,0.000000,0.000000,0.000000,0.000000
28.4167,0.310000,0.240000,-0.120000,0.670000,0.000000,0.000000,0.000000,0.349506,-0.786364,1.029259,0.235986,0.000000,0.000000,0.000000,0.000000
28.4333,0.310000,0.240000,-0.120000,0.670000,0.000000,0.000000,0.000000,0.361616,-0.773115,1.030335,0.259024,0.000000,0.000000,0.000000,0.000000
28.4667,0.310000,0.240000,-0.120000,0.670000,0.000000,0.000000,0.000000,0.372197,-0.761917,1.030346,0.278892,0.000000,0.000000,0.000000,0.000000
28.4833,0.310000,0.240000,-0.120000,0.670000,0.000000,0.000000,0.000000,0.381225,-0.753165,1.029260,0.295977,0.000000,0.000000,0.000000,0.000000
28.5000,0.310000,0.240000,-0.120000,0.670000,0.000000,0.000000,0.000000,0.388716,-0.747138,1.027061,0.310669,0.000000,0.000000,0.000000,0.000000
28.5167,0.310000,0.240000,-0.120000,0.670000,0.000000,0.000000,0.000000,0.394661,-0.743988,1.023728,0.323148,0.000000,0.000000,0.000000,0.000000
28.5333,0.310000,0.240000,-0.120000,0.670000,0.000000,0.000000,0.000000,0.398991,-0.743749,1.019236,0.333274,0.000000,0.000000,0.000000,0.000000
28.5500,0.310000,0.240000,-0.120000,0.670000,0.000000,0.000000,0.000000,0.401568,-0.746354,1.013566,0.340565,0.000000,0.000000,0.000000,0.000000
28.6000,0.310000,0.240000,-0.120000,0.670000,0.000000,0.000000,0.000000,0.402203,-0.751646,1.006714,0.344260,0.000000,0.000000,0.000000,0.000000
28.6167,0.310000,0.240000,-0.120000,0.670000,0.000000,0.000000,0.000000,0.400700,-0.759400,0.998717,0.343487,0.000000,0.000000,0.000000,0.000000
28.6333,0.310000,0.240000,-0.120000,0.670000,0.000000,0.000000,0.000000,0.396913,-0.769316,0.989666,0.337487,0.000000,0.000000,0.000000,0.000000
28.6500,0.310000,0.240000,-0.120000,0.670000,0.000000,0.000000,0.000000,0.390800,-0.781025,0.979714,0.325796,0.000000,0.000000,0.000000,0.000000
28.6667,0.310000,0.240000,-0.120000,0.670000,0.000000,0.000000,0.000000,0.382474,-0.794104,0.969081,0.308346,0.000000,0.000000,0.000000,0.000000
28.6833,0.310000,0.240000,-0.120000,0.670000,0.000000,0.000000,0.000000,0.372233,-0.808092,0.958049,0.285519,0.000000,0.000000,0.000000,0.000000
28.7833,0.310000,0.240000,-0.120000,0.670000,0.000000,0.000000,0.000000,0.360566,-0.822516,0.946962,0.258160,0.000000,0.000000,0.000000,0.000000
28.8000,0.310000,0.240000,-0.120000,0.670000,0.000000,0.000000,0.000000,0.348074,-0.836903,0.936182,0.227474,0.000000,0.000000,0.000000,0.000000
28.8167,0.310000,0.240000,-0.120000,0.670000,0.000000,0.000000,0.000000,0.335326,-0.850813,0.926028,0.194807,0.000000,0.000000,0.000000,0.000000
28.8333,0.310000,0.240000,-0.120000,0.670000,0.000000,0.000000,0.000000,0.322764,-0.863865,0.916739,0.161435,0.000000,0.000000,0.000000,0.000000
28.8500,0.310000,0.240000,-0.120000,0.670000,0.000000,0.000000,0.000000,0.310690,-0.875758,0.908466,0.128457,0.000000,0.000000,0.000000,0.000000
28.8667,0.310000,0.240000,-0.120000,0.670000,0.000000,0.000000,0.000000,0.299291,-0.886280,0.901280,0.096759,0.000000,0.000000,0.000000,0.000000
28.8833,0.310000,0.240000,-0.120000,0.670000,0.000000,0.000000,0.000000,0.288672,-0.895319,0.895190,0.067008,0.000000,0.000000,0.000000,0.000000
28.9000,0.310000,0.240000,-0.120000,0.670000,0.000000,0.000000,0.000000,0.278888,-0.902855,0.890161,0.039659,0.000000,0.000000,0.000000,0.000000
28.9167,0.310000,0.240000,-0.120000,0.670000,0.000000,0.000000,0.000000,0.269968,-0.908949,0.886129,0.014976,0.000000,0.000000,0.000000,0.000000
28.9333,0.310000,0.240000,-0.120000,0.670000,0.000000,0.000000,0.000000,0.261925,-0.913736,0.883009,-0.006946,0.000000,0.000000,0.000000,0.000000
28.9500,0.310000,0.240000,-0.120000,0.670000,0.000000,0.000000,0.000000,0.254760,-0.917397,0.880706,-0.026141,0.000000,0.000000,0.000000,0.000000
28.9667,0.310000,0.240000,-0.120000,0.670000,0.000000,0.000000,0.000000,0.248466,-0.920142,0.879118,-0.042754,0.000000,0.000000,0.000000,0.000000
28.9833,0.310000,0.240000,-0.120000,0.670000,0.000000,0.000000,0.000000,0.243021,-0.922188,0.878144,-0.057009,0.000000,0.000000,0.000000,0.000000
29.0000,0.310000,0.240000,-0.120000,0.670000,0.000000,0.000000,0.000000,0.238383,-0.923735,0.877689,-0.069196,0.000000,0.000000,0.000000,0.000000
29.0167,0.310000,0.240000,-0.120000,0.670000,0.000000,0.000000,0.000000,0.234490,-0.924952,0.877663,-0.079649,0.000000,0.000000,0.000000,0.000000
29.0333,0.310000,0.240000,-0.120000,0.670000,0.000000,0.000000,0.000000,0.231249,-0.925962,0.877987,-0.088734,0.000000,0.000000,0.000000,0.000000
29.0500,0.310000,0.240000,-0.120000,0.670000,0.000000,0.000000,0.000000,0.228531,-0.926832,0.878588,-0.096832,0.000000,0.000000,0.000000,0.000000
29.0667,0.310000,0.240000,-0.120000,0.670000,0.000000,0.000000,0.000000,0.226161,-0.927566,0.879404,-0.104328,0.000000,0.000000,0.000000,0.000000
29.0833,0.310000,0.240000,-0.120000,0.670000,0.000000,0.000000,0.000000,0.223922,-0.928105,0.880379,-0.111598,0.000000,0.000000,0.000000,0.000000
29.1000,0.310000,0.240000,-0.120000,0.670000,0.000000,0.000000,0.000000,0.221550,-0.928330,0.881463,-0.118997,0.000000,0.000000,0.000000,0.000000
29.1167,0.310000,0.240000,-0.120000,0.670000,0.000000,0.000000,0.000000,0.218730,-0.928065,0.882610,-0.126852,0.000000,0.000000,0.000000,0.000000
29.1333,0.310000,0.240000,-0.120000,0.670000,0.000000,0.000000,0.000000,0.215098,-0.927073,0.883775,-0.135451,0.000000,0.000000,0.000000,0.000000
29.1500,0.310000,0.240000,-0.120000,0.670000,0.000000,0.000000,0.000000,0.210238,-0.925065,0.884916,-0.145042,0.000000,0.000000,0.000000,0.000000
29.1667,0.310000,0.240000,-0.120000,0.670000,0.000000,0.000000,0.000000,0.203688,-0.921696,0.885992,-0.155829,0.000000,0.000000,0.000000,0.000000
29.1833,0.310000,0.240000,-0.120000,0.670000,0.000000,0.000000,0.000000,0.194954,-0.916580,0.886963,-0.167970,0.000000,0.000000,0.000000,0.000000
29.2000,0.310000,0.240000,-0.120000,0.670000,0.000000,0.000000,0.000000,0.183520,-0.909294,0.887798,-0.181575,0.000000,0.000000,0.000000,0.000000
29.2167,0.310000,0.240000,-0.120000,0.670000,0.000000,0.000000,0.000000,0.168875,-0.899396,0.888478,-0.196708,0.000000,0.000000,0.000000,0.000000
29.2333,0.310000,0.240000,-0.120000,0.670000,0.000000,0.000000,0.000000,0.150542,-0.886443,0.889001,-0.213378,0.000000,0.000000,0.000000,0.000000
29.2500,0.310000,0.240000,-0.120000,0.670000,0.000000,0.000000,0.000000,0.128106,-0.870020,0.889386,-0.231530,0.000000,0.000000,0.000000,0.000000
29.2667,0.310000,0.240000,-0.120000,0.670000,0.000000,0.000000,0.000000,0.101259,-0.849777,0.889676,-0.251036,0.000000,0.000000,0.000000,0.000000
29.2833,0.310000,0.240000,-0.120000,0.670000,0.000000,0.000000,0.000000,0.069844,-0.825489,0.889937,-0.271680,0.000000,0.000000,0.000000,0.000000
29.3000,0.310000,0.240000,-0.120000,0.670000,0.000000,0.000000,0.000000,0.033920,-0.797123,0.890252,-0.293160,0.000000,0.000000,0.000000,0.000000
29.3167,0.310000,0.240000,-0.120000,0.670000,0.000000,0.000000,0.000000,-0.006177,-0.764930,0.890724,-0.315095,0.000000,0.000000,0.000000,0.000000
29.3333,0.310000,0.240000,-0.120000,0.670000,0.000000,0.000000,0.000000,-0.049740,-0.729548,0.891466,-0.337048,0.000000,0.000000,0.000000,0.000000
29.4333,0.310000,0.240000,-0.120000,0.670000,0.000000,0.000000,0.000000,-0.095640,-0.692074,0.892598,-0.358566,0.000000,0.000000,0.000000,0.000000
29.4500,0.310000,0.240000,-0.120000,0.670000,0.000000,0.000000,0.000000,-0.142423,-0.653944,0.894235,-0.379244,0.000000,0.000000,0.000000,0.000000
29.4833,0.310000,0.240000,-0.120000,0.670000,0.000000,0.000000,0.000000,-0.188577,-0.616639,0.896458,-0.398799,0.000000,0.000000,0.000000,0.000000
29.5000,0.310000,0.240000,-0.120000,0.670000,0.000000,0.000000,0.000000,-0.232777,-0.581426,0.899304,-0.417086,0.000000,0.000000,0.000000,0.000000
29.5333,0.310000,0.240000,-0.120000,0.670000,0.000000,0.000000,0.000000,-0.273998,-0.549258,0.902766,-0.434069,0.000000,0.000000,0.000000,0.000000
29.5500,0.310000,0.240000,-0.120000,0.670000,0.000000,0.000000,0.000000,-0.311537,-0.520759,0.906808,-0.449777,0.000000,0.000000,0.000000,0.000000
29.5667,0.310000,0.240000,-0.120000,0.670000,0.000000,0.000000,0.000000,-0.344987,-0.496256,0.911365,-0.464270,0.000000,0.000000,0.000000,0.000000
29.5833,0.310000,0.240000,-0.120000,0.670000,0.000000,0.000000,0.000000,-0.374193,-0.475834,0.916352,-0.477610,0.000000,0.000000,0.000000,0.000000
29.6000,0.310000,0.240000,-0.120000,0.670000,0.000000,0.000000,0.000000,-0.399195,-0.459396,0.921665,-0.489843,0.000000,0.000000,0.000000,0.000000
29.6167,0.310000,0.240000,-0.120000,0.670000,0.000000,0.000000,0.000000,-0.420184,-0.446713,0.927181,-0.500989,0.000000,0.000000,0.000000,0.000000
29.6333,0.310000,0.240000,-0.120000,0.670000,0.000000,0.000000,0.000000,-0.437455,-0.437478,0.932769,-0.511041,0.000000,0.000000,0.000000,0.000000
29.6667,0.310000,0.240000,-0.120000,0.670000,0.000000,0.000000,0.000000,-0.451368,-0.431344,0.938299,-0.519979,0.000000,0.000000,0.000000,0.000000
29.6833,0.310000,0.240000,-0.120000,0.670000,0.000000,0.000000,0.000000,-0.462304,-0.427956,0.943651,-0.527775,0.000000,0.000000,0.000000,0.000000
29.7000,0.310000,0.240000,-0.120000,0.670000,0.000000,0.000000,0.000000,-0.470631,-0.426979,0.948735,-0.534401,0.000000,0.000000,0.000000,0.000000
29.7167,0.310000,0.240000,-0.120000,0.670000,0.000000,0.000000,0.000000,-0.476667,-0.428121,0.953487,-0.539831,0.000000,0.000000,0.000000,0.000000
29.7333,0.310000,0.240000,-0.120000,0.670000,0.000000,0.000000,0.000000,-0.480667,-0.431151,0.957877,-0.544039,0.000000,0.000000,0.000000,0.000000
29.7500,0.310000,0.240000,-0.120000,0.670000,0.000000,0.000000,0.000000,-0.482810,-0.435911,0.961895,-0.546994,0.000000,0.000000,0.000000,0.000000
29.7667,0.310000,0.240000,-0.120000,0.670000,0.000000,0.000000,0.000000,-0.483194,-0.442327,0.965554,-0.548663,0.000000,0.000000,0.000000,0.000000
29.8333,0.310000,0.240000,-0.120000,0.670000,0.000000,0.000000,0.000000,-0.481835,-0.450405,0.968879,-0.549011,0.000000,0.000000,0.000000,0.000000
29.8500,0.310000,0.240000,-0.120000,0.670000,0.000000,0.000000,0.000000,-0.478674,-0.460233,0.971908,-0.547997,0.000000,0.000000,0.000000,0.000000
29.8667,0.310000,0.240000,-0.120000,0.670000,0.000000,0.000000,0.000000,-0.473589,-0.471974,0.974679,-0.545578,0.000000,0.000000,0.000000,0.000000
29.9167,0.310000,0.240000,-0.120000,0.670000,0.000000,0.000000,0.000000,-0.466408,-0.485850,0.977225,-0.541702,0.000000,0.000000,0.000000,0.000000
29.9333,0.310000,0.240000,-0.120000,0.670000,0.000000,0.000000,0.000000,-0.456921,-0.502120,0.979569,-0.536308,0.000000,0.000000,0.000000,0.000000
29.9500,0.310000,0.240000,-0.120000,0.670000,0.000000,0.000000,0.000000,-0.444904,-0.521051,0.981728,-0.529327,0.000000,0.000000,0.000000,0.000000
29.9667,0.310000,0.240000,-0.120000,0.670000,0.000000,0.000000,0.000000,-0.430140,-0.542882,0.983711,-0.520684,0.000000,0.000000,0.000000,0.000000
29.9833,0.310000,0.240000,-0.120000,0.670000,0.000000,0.000000,0.000000,-0.412439,-0.567787,0.985522,-0.510311,0.000000,0.000000,0.000000,0.000000
30.0000,0.310000,0.240000,-0.120000,0.670000,0.000000,0.000000,0.000000,-0.391667,-0.595834,0.987167,-0.498154,0.000000,0.000000,0.000000,0.000000
30.0167,0.310000,0.240000,-0.120000,0.670000,0.000000,0.000000,0.000000,-0.367780,-0.626939,0.988652,-0.484186,0.000000,0.000000,0.000000,0.000000
30.0333,0.310000,0.240000,-0.120000,0.670000,0.000000,0.000000,0.000000,-0.340855,-0.660823,0.989986,-0.468417,0.000000,0.000000,0.000000,0.000000
30.0500,0.310000,0.240000,-0.120000,0.670000,0.000000,0.000000,0.000000,-0.311141,-0.696962,0.991181,-0.450910,0.000000,0.000000,0.000000,0.000000
30.0833,0.310000,0.240000,-0.120000,0.670000,0.000000,0.000000,0.000000,-0.279097,-0.734559,0.992245,-0.431796,0.000000,0.000000,0.000000,0.000000
30.1000,0.310000,0.240000,-0.120000,0.670000,0.000000,0.000000,0.000000,-0.245425,-0.772540,0.993169,-0.411287,0.000000,0.000000,0.000000,0.000000
30.1333,0.310000,0.240000,-0.120000,0.670000,0.000000,0.000000,0.000000,-0.211058,-0.809617,0.993917,-0.389693,0.000000,0.000000,0.000000,0.000000
30.1833,0.310000,0.240000,-0.120000,0.670000,0.000000,0.000000,0.000000,-0.177081,-0.844419,0.994424,-0.367420,0.000000,0.000000,0.000000,0.000000
30.2000,0.310000,0.240000,-0.120000,0.670000,0.000000,0.000000,0.000000,-0.144548,-0.875720,0.994625,-0.344943,0.000000,0.000000,0.000000,0.000000
30.2167,0.310000,0.240000,-0.120000,0.670000,0.000000,0.000000,0.000000,-0.114287,-0.902652,0.994481,-0.322747,0.000000,0.000000,0.000000,0.000000
30.2333,0.310000,0.240000,-0.120000,0.670000,0.000000,0.000000,0.000000,-0.086821,-0.924787,0.994001,-0.301267,0.000000,0.000000,0.000000,0.000000
30.2500,0.310000,0.240000,-0.120000,0.670000,0.000000,0.000000,0.000000,-0.062393,-0.942074,0.993232,-0.280852,0.000000,0.000000,0.000000,0.000000
30.2667,0.310000,0.240000,-0.120000,0.670000,0.000000,0.000000,0.000000,-0.041048,-0.954740,0.992242,-0.261765,0.000000,0.000000,0.000000,0.000000
30.2833,0.310000,0.240000,-0.120000,0.670000,0.000000,0.000000,0.000000,-0.022698,-0.963194,0.991099,-0.244178,0.000000,0.000000,0.000000,0.000000
30.3000,0.310000,0.240000,-0.120000,0.670000,0.000000,0.000000,0.000000,-0.007174,-0.967959,0.989868,-0.228193,0.000000,0.000000,0.000000,0.000000
30.3167,0.310000,0.240000,-0.120000,0.670000,0.000000,0.000000,0.000000,0.005741,-0.969631,0.988606,-0.213861,0.000000,0.000000,0.000000,0.000000
30.3333,0.310000,0.240000,-0.120000,0.670000,0.000000,0.000000,0.000000,0.016293,-0.968845,0.987359,-0.201201,0.000000,0.000000,0.000000,0.000000
30.3500,0.310000,0.240000,-0.120000,0.670000,0.000000,0.000000,0.000000,0.024740,-0.966246,0.986164,-0.190203,0.000000,0.000000,0.000000,0.000000
