t_s,left_shoulder_pitch,left_shoulder_roll,left_shoulder_yaw,left_elbow,left_wrist_roll,left_wrist_pitch,left_wrist_yaw,right_shoulder_pitch,right_shoulder_roll,right_shoulder_yaw,right_elbow,right_wrist_roll,right_wrist_pitch,right_wrist_yaw,waist_yaw
6.9500,0.310000,0.240000,-0.120000,0.670000,0.000000,0.000000,0.000000,0.400249,-0.617823,0.128378,1.698190,0.000000,0.000000,0.000000,0.000000
6.9667,0.310000,0.240000,-0.120000,0.670000,0.000000,0.000000,0.000000,0.333932,-0.526506,0.251761,1.789415,0.000000,0.000000,0.000000,0.000000
6.9833,0.310000,0.240000,-0.120000,0.670000,0.000000,0.000000,0.000000,0.270740,-0.440259,0.366933,1.870391,0.000000,0.000000,0.000000,0.000000
7.0833,0.310000,0.240000,-0.120000,0.670000,0.000000,0.000000,0.000000,0.212301,-0.361521,0.470313,1.937749,0.000000,0.000000,0.000000,0.000000
7.1000,0.310000,0.240000,-0.120000,0.670000,0.000000,0.000000,0.000000,0.160198,-0.292691,0.558422,1.988175,0.000000,0.000000,0.000000,0.000000
7.1167,0.310000,0.240000,-0.120000,0.670000,0.000000,0.000000,0.000000,0.115705,-0.235748,0.628407,2.018824,0.000000,0.000000,0.000000,0.000000
7.1333,0.310000,0.240000,-0.120000,0.670000,0.000000,0.000000,0.000000,0.079605,-0.191967,0.678415,2.027675,0.000000,0.000000,0.000000,0.000000
7.1500,0.310000,0.240000,-0.120000,0.670000,0.000000,0.000000,0.000000,0.052162,-0.161863,0.707659,2.013673,0.000000,0.000000,0.000000,0.000000
7.1667,0.310000,0.240000,-0.120000,0.670000,0.000000,0.000000,0.000000,0.033146,-0.145239,0.716386,1.976808,0.000000,0.000000,0.000000,0.000000
7.1833,0.310000,0.240000,-0.120000,0.670000,0.000000,0.000000,0.000000,0.021871,-0.141235,0.705852,1.918198,0.000000,0.000000,0.000000,0.000000
7.2000,0.310000,0.240000,-0.120000,0.670000,0.000000,0.000000,0.000000,0.017236,-0.148363,0.678318,1.840172,0.000000,0.000000,0.000000,0.000000
7.2833,0.310000,0.240000,-0.120000,0.670000,0.000000,0.000000,0.000000,0.017781,-0.164559,0.637049,1.746324,0.000000,0.000000,0.000000,0.000000
7.3667,0.310000,0.240000,-0.120000,0.670000,0.000000,0.000000,0.000000,0.021815,-0.187368,0.586230,1.641314,0.000000,0.000000,0.000000,0.000000
7.3833,0.310000,0.240000,-0.120000,0.670000,0.000000,0.000000,0.000000,0.027632,-0.214305,0.530479,1.530247,0.000000,0.000000,0.000000,0.000000
7.4000,0.310000,0.240000,-0.120000,0.670000,0.000000,0.000000,0.000000,0.033732,-0.243184,0.473999,1.417884,0.000000,0.000000,0.000000,0.000000
7.4167,0.310000,0.240000,-0.120000,0.670000,0.000000,0.000000,0.000000,0.038940,-0.272231,0.419972,1.308175,0.000000,0.000000,0.000000,0.000000
7.4333,0.310000,0.240000,-0.120000,0.670000,0.000000,0.000000,0.000000,0.042428,-0.300059,0.370477,1.204185,0.000000,0.000000,0.000000,0.000000
7.4500,0.310000,0.240000,-0.120000,0.670000,0.000000,0.000000,0.000000,0.043683,-0.325622,0.326687,1.108160,0.000000,0.000000,0.000000,0.000000
7.4667,0.310000,0.240000,-0.120000,0.670000,0.000000,0.000000,0.000000,0.042470,-0.348192,0.289089,1.021615,0.000000,0.000000,0.000000,0.000000
7.4833,0.310000,0.240000,-0.120000,0.670000,0.000000,0.000000,0.000000,0.038775,-0.367331,0.257657,0.945433,0.000000,0.000000,0.000000,0.000000
7.5000,0.310000,0.240000,-0.120000,0.670000,0.000000,0.000000,0.000000,0.032771,-0.382856,0.232004,0.879949,0.000000,0.000000,0.000000,0.000000
7.5167,0.310000,0.240000,-0.120000,0.670000,0.000000,0.000000,0.000000,0.024773,-0.394808,0.211497,0.825038,0.000000,0.000000,0.000000,0.000000
7.5333,0.310000,0.240000,-0.120000,0.670000,0.000000,0.000000,0.000000,0.015193,-0.403416,0.195365,0.780182,0.000000,0.000000,0.000000,0.000000
7.5500,0.310000,0.240000,-0.120000,0.670000,0.000000,0.000000,0.000000,0.004492,-0.409069,0.182797,0.744546,0.000000,0.000000,0.000000,0.000000
7.5667,0.310000,0.240000,-0.120000,0.670000,0.000000,0.000000,0.000000,-0.006879,-0.412277,0.173026,0.717044,0.000000,0.000000,0.000000,0.000000
7.5833,0.310000,0.240000,-0.120000,0.670000,0.000000,0.000000,0.000000,-0.018519,-0.413646,0.165389,0.696408,0.000000,0.000000,0.000000,0.000000
7.6000,0.310000,0.240000,-0.120000,0.670000,0.000000,0.000000,0.000000,-0.030111,-0.413835,0.159358,0.681263,0.000000,0.000000,0.000000,0.000000
7.6167,0.310000,0.240000,-0.120000,0.670000,0.000000,0.000000,0.000000,-0.041435,-0.413515,0.154550,0.670193,0.000000,0.000000,0.000000,0.000000
7.6333,0.310000,0.240000,-0.120000,0.670000,0.000000,0.000000,0.000000,-0.052380,-0.413320,0.150715,0.661811,0.000000,0.000000,0.000000,0.000000
7.6500,0.310000,0.240000,-0.120000,0.670000,0.000000,0.000000,0.000000,-0.062936,-0.413811,0.147711,0.654820,0.000000,0.000000,0.000000,0.000000
7.6667,0.310000,0.240000,-0.120000,0.670000,0.000000,0.000000,0.000000,-0.073186,-0.415441,0.145469,0.648058,0.000000,0.000000,0.000000,0.000000
7.6833,0.310000,0.240000,-0.120000,0.670000,0.000000,0.000000,0.000000,-0.083281,-0.418536,0.143953,0.640534,0.000000,0.000000,0.000000,0.000000
7.7000,0.310000,0.240000,-0.120000,0.670000,0.000000,0.000000,0.000000,-0.093417,-0.423292,0.143135,0.631453,0.000000,0.000000,0.000000,0.000000
7.7167,0.310000,0.240000,-0.120000,0.670000,0.000000,0.000000,0.000000,-0.103803,-0.429786,0.142984,0.620224,0.000000,0.000000,0.000000,0.000000
7.7333,0.310000,0.240000,-0.120000,0.670000,0.000000,0.000000,0.000000,-0.114642,-0.437997,0.143471,0.606473,0.000000,0.000000,0.000000,0.000000
7.7500,0.310000,0.240000,-0.120000,0.670000,0.000000,0.000000,0.000000,-0.126095,-0.447813,0.144575,0.590046,0.000000,0.000000,0.000000,0.000000
7.7667,0.310000,0.240000,-0.120000,0.670000,0.000000,0.000000,0.000000,-0.138270,-0.459055,0.146291,0.571001,0.000000,0.000000,0.000000,0.000000
7.7833,0.310000,0.240000,-0.120000,0.670000,0.000000,0.000000,0.000000,-0.151203,-0.471484,0.148651,0.549611,0.000000,0.000000,0.000000,0.000000
7.8000,0.310000,0.240000,-0.120000,0.670000,0.000000,0.000000,0.000000,-0.164875,-0.484817,0.151739,0.526351,0.000000,0.000000,0.000000,0.000000
7.8167,0.310000,0.240000,-0.120000,0.670000,0.000000,0.000000,0.000000,-0.179239,-0.498748,0.155709,0.501878,0.000000,0.000000,0.000000,0.000000
7.8333,0.310000,0.240000,-0.120000,0.670000,0.000000,0.000000,0.000000,-0.194244,-0.512981,0.160775,0.476969,0.000000,0.000000,0.000000,0.000000
7.8500,0.310000,0.240000,-0.120000,0.670000,0.000000,0.000000,0.000000,-0.209826,-0.527279,0.167168,0.452414,0.000000,0.000000,0.000000,0.000000
7.8667,0.310000,0.240000,-0.120000,0.670000,0.000000,0.000000,0.000000,-0.225861,-0.541498,0.175069,0.428901,0.000000,0.000000,0.000000,0.000000
7.8833,0.310000,0.240000,-0.120000,0.670000,0.000000,0.000000,0.000000,-0.242142,-0.555595,0.184552,0.406948,0.000000,0.000000,0.000000,0.000000
7.9000,0.310000,0.240000,-0.120000,0.670000,0.000000,0.000000,0.000000,-0.258361,-0.569628,0.195554,0.386880,0.000000,0.000000,0.000000,0.000000
7.9167,0.310000,0.240000,-0.120000,0.670000,0.000000,0.000000,0.000000,-0.274135,-0.583729,0.207877,0.368845,0.000000,0.000000,0.000000,0.000000
7.9333,0.310000,0.240000,-0.120000,0.670000,0.000000,0.000000,0.000000,-0.289038,-0.598077,0.221210,0.352860,0.000000,0.000000,0.000000,0.000000
7.9500,0.310000,0.240000,-0.120000,0.670000,0.000000,0.000000,0.000000,-0.302662,-0.612859,0.235166,0.338886,0.000000,0.000000,0.000000,0.000000
7.9667,0.310000,0.240000,-0.120000,0.670000,0.000000,0.000000,0.000000,-0.314669,-0.628214,0.249320,0.326884,0.000000,0.000000,0.000000,0.000000
7.9833,0.310000,0.240000,-0.120000,0.670000,0.000000,0.000000,0.000000,-0.324820,-0.644200,0.263243,0.316858,0.000000,0.000000,0.000000,0.000000
8.0000,0.310000,0.240000,-0.120000,0.670000,0.000000,0.000000,0.000000,-0.332969,-0.660783,0.276531,0.308864,0.000000,0.000000,0.000000,0.000000
8.0167,0.310000,0.240000,-0.120000,0.670000,0.000000,0.000000,0.000000,-0.339047,-0.677850,0.288825,0.302999,0.000000,0.000000,0.000000,0.000000
8.0333,0.310000,0.240000,-0.120000,0.670000,0.000000,0.000000,0.000000,-0.343039,-0.695225,0.299830,0.299387,0.000000,0.000000,0.000000,0.000000
8.0500,0.310000,0.240000,-0.120000,0.670000,0.000000,0.000000,0.000000,-0.344990,-0.712682,0.309322,0.298177,0.000000,0.000000,0.000000,0.000000
8.0667,0.310000,0.240000,-0.120000,0.670000,0.000000,0.000000,0.000000,-0.345007,-0.729949,0.317164,0.299540,0.000000,0.000000,0.000000,0.000000
8.0833,0.310000,0.240000,-0.120000,0.670000,0.000000,0.000000,0.000000,-0.343271,-0.746716,0.323305,0.303671,0.000000,0.000000,0.000000,0.000000
8.1000,0.310000,0.240000,-0.120000,0.670000,0.000000,0.000000,0.000000,-0.340023,-0.762643,0.327764,0.310776,0.000000,0.000000,0.000000,0.000000
8.1167,0.310000,0.240000,-0.120000,0.670000,0.000000,0.000000,0.000000,-0.335529,-0.777390,0.330596,0.321043,0.000000,0.000000,0.000000,0.000000
8.1333,0.310000,0.240000,-0.120000,0.670000,0.000000,0.000000,0.000000,-0.330043,-0.790635,0.331860,0.334625,0.000000,0.000000,0.000000,0.000000
8.1500,0.310000,0.240000,-0.120000,0.670000,0.000000,0.000000,0.000000,-0.323784,-0.802096,0.331588,0.351611,0.000000,0.000000,0.000000,0.000000
8.1667,0.310000,0.240000,-0.120000,0.670000,0.000000,0.000000,0.000000,-0.316938,-0.811533,0.329783,0.372029,0.000000,0.000000,0.000000,0.000000
8.1833,0.310000,0.240000,-0.120000,0.670000,0.000000,0.000000,0.000000,-0.309690,-0.818760,0.326438,0.395837,0.000000,0.000000,0.000000,0.000000
8.2000,0.310000,0.240000,-0.120000,0.670000,0.000000,0.000000,0.000000,-0.302261,-0.823636,0.321556,0.422940,0.000000,0.000000,0.000000,0.000000
8.2167,0.310000,0.240000,-0.120000,0.670000,0.000000,0.000000,0.000000,-0.294936,-0.826079,0.315168,0.453197,0.000000,0.000000,0.000000,0.000000
8.2333,0.310000,0.240000,-0.120000,0.670000,0.000000,0.000000,0.000000,-0.288064,-0.826070,0.307318,0.486437,0.000000,0.000000,0.000000,0.000000
8.2500,0.310000,0.240000,-0.120000,0.670000,0.000000,0.000000,0.000000,-0.282029,-0.823667,0.298048,0.522458,0.000000,0.000000,0.000000,0.000000
8.2667,0.310000,0.240000,-0.120000,0.670000,0.000000,0.000000,0.000000,-0.277199,-0.819003,0.287375,0.561009,0.000000,0.000000,0.000000,0.000000
8.2833,0.310000,0.240000,-0.120000,0.670000,0.000000,0.000000,0.000000,-0.273882,-0.812288,0.275282,0.601771,0.000000,0.000000,0.000000,0.000000
8.3000,0.310000,0.240000,-0.120000,0.670000,0.000000,0.000000,0.000000,-0.272280,-0.803793,0.261721,0.644342,0.000000,0.000000,0.000000,0.000000
8.3167,0.310000,0.240000,-0.120000,0.670000,0.000000,0.000000,0.000000,-0.272468,-0.793845,0.246617,0.688230,0.000000,0.000000,0.000000,0.000000
8.3333,0.310000,0.240000,-0.120000,0.670000,0.000000,0.000000,0.000000,-0.274382,-0.782805,0.229876,0.732880,0.000000,0.000000,0.000000,0.000000
8.3500,0.310000,0.240000,-0.120000,0.670000,0.000000,0.000000,0.000000,-0.277834,-0.771053,0.211391,0.777725,0.000000,0.000000,0.000000,0.000000
8.3667,0.310000,0.240000,-0.120000,0.670000,0.000000,0.000000,0.000000,-0.282546,-0.758962,0.191057,0.822249,0.000000,0.000000,0.000000,0.000000
8.3833,0.310000,0.240000,-0.120000,0.670000,0.000000,0.000000,0.000000,-0.288179,-0.746874,0.168782,0.866034,0.000000,0.000000,0.000000,0.000000
8.4000,0.310000,0.240000,-0.120000,0.670000,0.000000,0.000000,0.000000,-0.294357,-0.735083,0.144508,0.908788,0.000000,0.000000,0.000000,0.000000
8.4167,0.310000,0.240000,-0.120000,0.670000,0.000000,0.000000,0.000000,-0.300674,-0.723824,0.118242,0.950319,0.000000,0.000000,0.000000,0.000000
8.4333,0.310000,0.240000,-0.120000,0.670000,0.000000,0.000000,0.000000,-0.306679,-0.713264,0.090088,0.990494,0.000000,0.000000,0.000000,0.000000
8.4500,0.310000,0.240000,-0.120000,0.670000,0.000000,0.000000,0.000000,-0.311848,-0.703504,0.060272,1.029164,0.000000,0.000000,0.000000,0.000000
8.4667,0.310000,0.240000,-0.120000,0.670000,0.000000,0.000000,0.000000,-0.315561,-0.694579,0.029147,1.066093,0.000000,0.000000,0.000000,0.000000
8.4833,0.310000,0.240000,-0.120000,0.670000,0.000000,0.000000,0.000000,-0.317082,-0.686459,-0.002822,1.100917,0.000000,0.000000,0.000000,0.000000
8.5000,0.310000,0.240000,-0.120000,0.670000,0.000000,0.000000,0.000000,-0.315587,-0.679055,-0.035109,1.133169,0.000000,0.000000,0.000000,0.000000
8.5167,0.310000,0.240000,-0.120000,0.670000,0.000000,0.000000,0.000000,-0.310238,-0.672226,-0.067196,1.162400,0.000000,0.000000,0.000000,0.000000
8.5333,0.310000,0.240000,-0.120000,0.670000,0.000000,0.000000,0.000000,-0.300278,-0.665801,-0.098654,1.188316,0.000000,0.000000,0.000000,0.000000
8.5500,0.310000,0.240000,-0.120000,0.670000,0.000000,0.000000,0.000000,-0.285122,-0.659592,-0.129193,1.210880,0.000000,0.000000,0.000000,0.000000
8.5667,0.310000,0.240000,-0.120000,0.670000,0.000000,0.000000,0.000000,-0.264440,-0.653426,-0.158685,1.230384,0.000000,0.000000,0.000000,0.000000
8.5833,0.310000,0.240000,-0.120000,0.670000,0.000000,0.000000,0.000000,-0.238233,-0.647156,-0.187152,1.247498,0.000000,0.000000,0.000000,0.000000
8.6167,0.310000,0.240000,-0.120000,0.670000,0.000000,0.000000,0.000000,-0.206881,-0.640687,-0.214728,1.263270,0.000000,0.000000,0.000000,0.000000
8.6333,0.310000,0.240000,-0.120000,0.670000,0.000000,0.000000,0.000000,-0.171109,-0.633984,-0.241617,1.278986,0.000000,0.000000,0.000000,0.000000
8.6500,0.310000,0.240000,-0.120000,0.670000,0.000000,0.000000,0.000000,-0.131897,-0.627062,-0.268017,1.295933,0.000000,0.000000,0.000000,0.000000
8.6667,0.310000,0.240000,-0.120000,0.670000,0.000000,0.000000,0.000000,-0.090380,-0.619985,-0.294021,1.315145,0.000000,0.000000,0.000000,0.000000
8.6833,0.310000,0.240000,-0.120000,0.670000,0.000000,0.000000,0.000000,-0.047793,-0.612863,-0.319511,1.337196,0.000000,0.000000,0.000000,0.000000
8.7333,0.310000,0.240000,-0.120000,0.670000,0.000000,0.000000,0.000000,-0.005410,-0.605837,-0.344123,1.362071,0.000000,0.000000,0.000000,0.000000
8.7833,0.310000,0.240000,-0.120000,0.670000,0.000000,0.000000,0.000000,0.035516,-0.599051,-0.367359,1.389198,0.000000,0.000000,0.000000,0.000000
8.8000,0.310000,0.240000,-0.120000,0.670000,0.000000,0.000000,0.000000,0.073863,-0.592612,-0.388772,1.417661,0.000000,0.000000,0.000000,0.000000
8.8167,0.310000,0.240000,-0.120000,0.670000,0.000000,0.000000,0.000000,0.108757,-0.586576,-0.408078,1.446461,0.000000,0.000000,0.000000,0.000000
8.8333,0.310000,0.240000,-0.120000,0.670000,0.000000,0.000000,0.000000,0.139623,-0.580962,-0.425143,1.474674,0.000000,0.000000,0.000000,0.000000
8.8500,0.310000,0.240000,-0.120000,0.670000,0.000000,0.000000,0.000000,0.166164,-0.575768,-0.439952,1.501515,0.000000,0.000000,0.000000,0.000000
8.8667,0.310000,0.240000,-0.120000,0.670000,0.000000,0.000000,0.000000,0.188325,-0.570978,-0.452574,1.526353,0.000000,0.000000,0.000000,0.000000
8.8833,0.310000,0.240000,-0.120000,0.670000,0.000000,0.000000,0.000000,0.206243,-0.566574,-0.463131,1.548699,0.000000,0.000000,0.000000,0.000000
8.9000,0.310000,0.240000,-0.120000,0.670000,0.000000,0.000000,0.000000,0.220188,-0.562536,-0.471775,1.568190,0.000000,0.000000,0.000000,0.000000
8.9167,0.310000,0.240000,-0.120000,0.670000,0.000000,0.000000,0.000000,0.230510,-0.558843,-0.478667,1.584558,0.000000,0.000000,0.000000,0.000000
8.9333,0.310000,0.240000,-0.120000,0.670000,0.000000,0.000000,0.000000,0.237589,-0.555477,-0.483961,1.597598,0.000000,0.000000,0.000000,0.000000
8.9500,0.310000,0.240000,-0.120000,0.670000,0.000000,0.000000,0.000000,0.241806,-0.552412,-0.487787,1.607143,0.000000,0.000000,0.000000,0.000000
8.9667,0.310000,0.240000,-0.120000,0.670000,0.000000,0.000000,0.000000,0.243512,-0.549612,-0.490244,1.613034,0.000000,0.000000,0.000000,0.000000
8.9833,0.310000,0.240000,-0.120000,0.670000,0.000000,0.000000,0.000000,0.243023,-0.547018,-0.491392,1.615101,0.000000,0.000000,0.000000,0.000000
9.0000,0.310000,0.240000,-0.120000,0.670000,0.000000,0.000000,0.000000,0.240612,-0.544542,-0.491246,1.613153,0.000000,0.000000,0.000000,0.000000
9.0167,0.310000,0.240000,-0.120000,0.670000,0.000000,0.000000,0.000000,0.236504,-0.542072,-0.489773,1.606972,0.000000,0.000000,0.000000,0.000000
9.0333,0.310000,0.240000,-0.120000,0.670000,0.000000,0.000000,0.000000,0.230872,-0.539465,-0.486894,1.596317,0.000000,0.000000,0.000000,0.000000
9.0500,0.310000,0.240000,-0.120000,0.670000,0.000000,0.000000,0.000000,0.223847,-0.536563,-0.482486,1.580939,0.000000,0.000000,0.000000,0.000000
9.0667,0.310000,0.240000,-0.120000,0.670000,0.000000,0.000000,0.000000,0.215522,-0.533203,-0.476391,1.560604,0.000000,0.000000,0.000000,0.000000
9.0833,0.310000,0.240000,-0.120000,0.670000,0.000000,0.000000,0.000000,0.205968,-0.529234,-0.468417,1.535124,0.000000,0.000000,0.000000,0.000000
9.1000,0.310000,0.240000,-0.120000,0.670000,0.000000,0.000000,0.000000,0.195253,-0.524529,-0.458360,1.504397,0.000000,0.000000,0.000000,0.000000
9.1167,0.310000,0.240000,-0.120000,0.670000,0.000000,0.000000,0.000000,0.183459,-0.519003,-0.446011,1.468458,0.000000,0.000000,0.000000,0.000000
9.1333,0.310000,0.240000,-0.120000,0.670000,0.000000,0.000000,0.000000,0.170692,-0.512627,-0.431180,1.427536,0.000000,0.000000,0.000000,0.000000
9.1500,0.310000,0.240000,-0.120000,0.670000,0.000000,0.000000,0.000000,0.157100,-0.505443,-0.413723,1.382125,0.000000,0.000000,0.000000,0.000000
9.2000,0.310000,0.240000,-0.120000,0.670000,0.000000,0.000000,0.000000,0.142874,-0.497581,-0.393571,1.333020,0.000000,0.000000,0.000000,0.000000
9.2167,0.310000,0.240000,-0.120000,0.670000,0.000000,0.000000,0.000000,0.128255,-0.489237,-0.370796,1.281266,0.000000,0.000000,0.000000,0.000000
9.2333,0.310000,0.240000,-0.120000,0.670000,0.000000,0.000000,0.000000,0.113531,-0.480642,-0.345662,1.228020,0.000000,0.000000,0.000000,0.000000
9.2500,0.310000,0.240000,-0.120000,0.670000,0.000000,0.000000,0.000000,0.099016,-0.472032,-0.318616,1.174427,0.000000,0.000000,0.000000,0.000000
9.2667,0.310000,0.240000,-0.120000,0.670000,0.000000,0.000000,0.000000,0.085021,-0.463646,-0.290186,1.121544,0.000000,0.000000,0.000000,0.000000
9.2833,0.310000,0.240000,-0.120000,0.670000,0.000000,0.000000,0.000000,0.071812,-0.455727,-0.260846,1.070287,0.000000,0.000000,0.000000,0.000000
9.3000,0.310000,0.240000,-0.120000,0.670000,0.000000,0.000000,0.000000,0.059579,-0.448516,-0.230927,1.021391,0.000000,0.000000,0.000000,0.000000
9.3167,0.310000,0.240000,-0.120000,0.670000,0.000000,0.000000,0.000000,0.048419,-0.442243,-0.200598,0.975374,0.000000,0.000000,0.000000,0.000000
9.3333,0.310000,0.240000,-0.120000,0.670000,0.000000,0.000000,0.000000,0.038339,-0.437111,-0.169915,0.932529,0.000000,0.000000,0.000000,0.000000
9.3500,0.310000,0.240000,-0.120000,0.670000,0.000000,0.000000,0.000000,0.029258,-0.433289,-0.138880,0.892944,0.000000,0.000000,0.000000,0.000000
9.3667,0.310000,0.240000,-0.120000,0.670000,0.000000,0.000000,0.000000,0.021010,-0.430908,-0.107480,0.856528,0.000000,0.000000,0.000000,0.000000
9.3833,0.310000,0.240000,-0.120000,0.670000,0.000000,0.000000,0.000000,0.013351,-0.430064,-0.075720,0.823048,0.000000,0.000000,0.000000,0.000000
9.4000,0.310000,0.240000,-0.120000,0.670000,0.000000,0.000000,0.000000,0.005965,-0.430804,-0.043669,0.792167,0.000000,0.000000,0.000000,0.000000
9.4167,0.310000,0.240000,-0.120000,0.670000,0.000000,0.000000,0.000000,-0.001525,-0.433116,-0.011488,0.763484,0.000000,0.000000,0.000000,0.000000
9.4333,0.310000,0.240000,-0.120000,0.670000,0.000000,0.000000,0.000000,-0.009548,-0.436931,0.020550,0.736576,0.000000,0.000000,0.000000,0.000000
9.4500,0.310000,0.240000,-0.120000,0.670000,0.000000,0.000000,0.000000,-0.018557,-0.442125,0.052074,0.711023,0.000000,0.000000,0.000000,0.000000
9.4667,0.310000,0.240000,-0.120000,0.670000,0.000000,0.000000,0.000000,-0.028993,-0.448546,0.082654,0.686412,0.000000,0.000000,0.000000,0.000000
9.4833,0.310000,0.240000,-0.120000,0.670000,0.000000,0.000000,0.000000,-0.041243,-0.456024,0.111854,0.662335,0.000000,0.000000,0.000000,0.000000
9.5000,0.310000,0.240000,-0.120000,0.670000,0.000000,0.000000,0.000000,-0.055608,-0.464389,0.139278,0.638398,0.000000,0.000000,0.000000,0.000000
9.5167,0.310000,0.240000,-0.120000,0.670000,0.000000,0.000000,0.000000,-0.072263,-0.473484,0.164617,0.614223,0.000000,0.000000,0.000000,0.000000
9.5333,0.310000,0.240000,-0.120000,0.670000,0.000000,0.000000,0.000000,-0.091223,-0.483179,0.187661,0.589460,0.000000,0.000000,0.000000,0.000000
9.5500,0.310000,0.240000,-0.120000,0.670000,0.000000,0.000000,0.000000,-0.112307,-0.493379,0.208308,0.563797,0.000000,0.000000,0.000000,0.000000
9.5667,0.310000,0.240000,-0.120000,0.670000,0.000000,0.000000,0.000000,-0.135130,-0.504032,0.226545,0.536981,0.000000,0.000000,0.000000,0.000000
9.5833,0.310000,0.240000,-0.120000,0.670000,0.000000,0.000000,0.000000,-0.159104,-0.515127,0.242436,0.508834,0.000000,0.000000,0.000000,0.000000
9.6000,0.310000,0.240000,-0.120000,0.670000,0.000000,0.000000,0.000000,-0.183457,-0.526698,0.256080,0.479253,0.000000,0.000000,0.000000,0.000000
9.6167,0.310000,0.240000,-0.120000,0.670000,0.000000,0.000000,0.000000,-0.207273,-0.538810,0.267581,0.448218,0.000000,0.000000,0.000000,0.000000
9.6333,0.310000,0.240000,-0.120000,0.670000,0.000000,0.000000,0.000000,-0.229580,-0.551534,0.277031,0.415806,0.000000,0.000000,0.000000,0.000000
9.6500,0.310000,0.240000,-0.120000,0.670000,0.000000,0.000000,0.000000,-0.249476,-0.564903,0.284527,0.382244,0.000000,0.000000,0.000000,0.000000
9.6667,0.310000,0.240000,-0.120000,0.670000,0.000000,0.000000,0.000000,-0.266263,-0.578878,0.290188,0.347951,0.000000,0.000000,0.000000,0.000000
9.6833,0.310000,0.240000,-0.120000,0.670000,0.000000,0.000000,0.000000,-0.279535,-0.593323,0.294174,0.313549,0.000000,0.000000,0.000000,0.000000
9.7000,0.310000,0.240000,-0.120000,0.670000,0.000000,0.000000,0.000000,-0.289203,-0.608013,0.296688,0.279813,0.000000,0.000000,0.000000,0.000000
9.7167,0.310000,0.240000,-0.120000,0.670000,0.000000,0.000000,0.000000,-0.295453,-0.622664,0.297975,0.247577,0.000000,0.000000,0.000000,0.000000
9.7333,0.310000,0.240000,-0.120000,0.670000,0.000000,0.000000,0.000000,-0.298684,-0.636978,0.298306,0.217645,0.000000,0.000000,0.000000,0.000000
9.7500,0.310000,0.240000,-0.120000,0.670000,0.000000,0.000000,0.000000,-0.299431,-0.650677,0.297969,0.190711,0.000000,0.000000,0.000000,0.000000
9.7667,0.310000,0.240000,-0.120000,0.670000,0.000000,0.000000,0.000000,-0.298290,-0.663532,0.297245,0.167316,0.000000,0.000000,0.000000,0.000000
9.7833,0.310000,0.240000,-0.120000,0.670000,0.000000,0.000000,0.000000,-0.295862,-0.675378,0.296394,0.147829,0.000000,0.000000,0.000000,0.000000
9.8000,0.310000,0.240000,-0.120000,0.670000,0.000000,0.000000,0.000000,-0.292724,-0.686118,0.295649,0.132458,0.000000,0.000000,0.000000,0.000000
9.8167,0.310000,0.240000,-0.120000,0.670000,0.000000,0.000000,0.000000,-0.289416,-0.695714,0.295215,0.121283,0.000000,0.000000,0.000000,0.000000
9.8333,0.310000,0.240000,-0.120000,0.670000,0.000000,0.000000,0.000000,-0.286443,-0.704180,0.295270,0.114287,0.000000,0.000000,0.000000,0.000000
9.8500,0.310000,0.240000,-0.120000,0.670000,0.000000,0.000000,0.000000,-0.284261,-0.711580,0.295952,0.111395,0.000000,0.000000,0.000000,0.000000
9.8667,0.310000,0.240000,-0.120000,0.670000,0.000000,0.000000,0.000000,-0.283256,-0.718015,0.297328,0.112493,0.000000,0.000000,0.000000,0.000000
9.8833,0.310000,0.240000,-0.120000,0.670000,0.000000,0.000000,0.000000,-0.283708,-0.723612,0.299346,0.117460,0.000000,0.000000,0.000000,0.000000
9.9000,0.310000,0.240000,-0.120000,0.670000,0.000000,0.000000,0.000000,-0.285759,-0.728487,0.301782,0.126196,0.000000,0.000000,0.000000,0.000000
9.9167,0.310000,0.240000,-0.120000,0.670000,0.000000,0.000000,0.000000,-0.289408,-0.732715,0.304208,0.138653,0.000000,0.000000,0.000000,0.000000
9.9333,0.310000,0.240000,-0.120000,0.670000,0.000000,0.000000,0.000000,-0.294512,-0.736303,0.306001,0.154850,0.000000,0.000000,0.000000,0.000000
9.9500,0.310000,0.240000,-0.120000,0.670000,0.000000,0.000000,0.000000,-0.300805,-0.739186,0.306346,0.174885,0.000000,0.000000,0.000000,0.000000
9.9667,0.310000,0.240000,-0.120000,0.670000,0.000000,0.000000,0.000000,-0.307912,-0.741242,0.304276,0.198926,0.000000,0.000000,0.000000,0.000000
9.9833,0.310000,0.240000,-0.120000,0.670000,0.000000,0.000000,0.000000,-0.315385,-0.742306,0.298728,0.227204,0.000000,0.000000,0.000000,0.000000
10.0000,0.310000,0.240000,-0.120000,0.670000,0.000000,0.000000,0.000000,-0.322753,-0.742183,0.288627,0.259997,0.000000,0.000000,0.000000,0.000000
10.0167,0.310000,0.240000,-0.120000,0.670000,0.000000,0.000000,0.000000,-0.329571,-0.740672,0.272985,0.297590,0.000000,0.000000,0.000000,0.000000
10.0333,0.310000,0.240000,-0.120000,0.670000,0.000000,0.000000,0.000000,-0.335443,-0.737599,0.250986,0.340235,0.000000,0.000000,0.000000,0.000000
10.0500,0.310000,0.240000,-0.120000,0.670000,0.000000,0.000000,0.000000,-0.340033,-0.732868,0.222063,0.388089,0.000000,0.000000,0.000000,0.000000
10.0667,0.310000,0.240000,-0.120000,0.670000,0.000000,0.000000,0.000000,-0.343056,-0.726512,0.185963,0.441138,0.000000,0.000000,0.000000,0.000000
10.0833,0.310000,0.240000,-0.120000,0.670000,0.000000,0.000000,0.000000,-0.344287,-0.718730,0.142827,0.499118,0.000000,0.000000,0.000000,0.000000
10.1000,0.310000,0.240000,-0.120000,0.670000,0.000000,0.000000,0.000000,-0.343597,-0.709903,0.093312,0.561437,0.000000,0.000000,0.000000,0.000000
10.1333,0.310000,0.240000,-0.120000,0.670000,0.000000,0.000000,0.000000,-0.341003,-0.700573,0.038710,0.627124,0.000000,0.000000,0.000000,0.000000
10.2000,0.310000,0.240000,-0.120000,0.670000,0.000000,0.000000,0.000000,-0.336689,-0.691381,-0.019030,0.694878,0.000000,0.000000,0.000000,0.000000
10.2167,0.310000,0.240000,-0.120000,0.670000,0.000000,0.000000,0.000000,-0.330929,-0.682955,-0.077505,0.763243,0.000000,0.000000,0.000000,0.000000
10.2333,0.310000,0.240000,-0.120000,0.670000,0.000000,0.000000,0.000000,-0.323953,-0.675820,-0.134252,0.830868,0.000000,0.000000,0.000000,0.000000
10.2500,0.310000,0.240000,-0.120000,0.670000,0.000000,0.000000,0.000000,-0.315853,-0.670339,-0.187085,0.896664,0.000000,0.000000,0.000000,0.000000
10.2667,0.310000,0.240000,-0.120000,0.670000,0.000000,0.000000,0.000000,-0.306546,-0.666685,-0.234252,0.959805,0.000000,0.000000,0.000000,0.000000
10.2833,0.310000,0.240000,-0.120000,0.670000,0.000000,0.000000,0.000000,-0.295780,-0.664822,-0.274444,1.019650,0.000000,0.000000,0.000000,0.000000
10.3000,0.310000,0.240000,-0.120000,0.670000,0.000000,0.000000,0.000000,-0.283147,-0.664500,-0.306738,1.075645,0.000000,0.000000,0.000000,0.000000
10.3333,0.310000,0.240000,-0.120000,0.670000,0.000000,0.000000,0.000000,-0.268145,-0.665273,-0.330575,1.127286,0.000000,0.000000,0.000000,0.000000
10.3500,0.310000,0.240000,-0.120000,0.670000,0.000000,0.000000,0.000000,-0.250271,-0.666562,-0.345793,1.174182,0.000000,0.000000,0.000000,0.000000
10.3667,0.310000,0.240000,-0.120000,0.670000,0.000000,0.000000,0.000000,-0.229137,-0.667767,-0.352674,1.216194,0.000000,0.000000,0.000000,0.000000
10.3833,0.310000,0.240000,-0.120000,0.670000,0.000000,0.000000,0.000000,-0.204560,-0.668370,-0.351967,1.253542,0.000000,0.000000,0.000000,0.000000
10.4000,0.310000,0.240000,-0.120000,0.670000,0.000000,0.000000,0.000000,-0.176622,-0.668001,-0.344889,1.286845,0.000000,0.000000,0.000000,0.000000
10.4500,0.310000,0.240000,-0.120000,0.670000,0.000000,0.000000,0.000000,-0.145704,-0.666470,-0.333106,1.317084,0.000000,0.000000,0.000000,0.000000
10.4667,0.310000,0.240000,-0.120000,0.670000,0.000000,0.000000,0.000000,-0.112475,-0.663733,-0.318639,1.345436,0.000000,0.000000,0.000000,0.000000
10.4833,0.310000,0.240000,-0.120000,0.670000,0.000000,0.000000,0.000000,-0.077828,-0.659815,-0.303656,1.372965,0.000000,0.000000,0.000000,0.000000
10.5000,0.310000,0.240000,-0.120000,0.670000,0.000000,0.000000,0.000000,-0.042803,-0.654751,-0.290216,1.400281,0.000000,0.000000,0.000000,0.000000
10.6000,0.310000,0.240000,-0.120000,0.670000,0.000000,0.000000,0.000000,-0.008508,-0.648555,-0.280074,1.427320,0.000000,0.000000,0.000000,0.000000
10.6167,0.310000,0.240000,-0.120000,0.670000,0.000000,0.000000,0.000000,0.023994,-0.641191,-0.274658,1.453396,0.000000,0.000000,0.000000,0.000000
10.6333,0.310000,0.240000,-0.120000,0.670000,0.000000,0.000000,0.000000,0.053821,-0.632555,-0.275173,1.477479,0.000000,0.000000,0.000000,0.000000
10.6500,0.310000,0.240000,-0.120000,0.670000,0.000000,0.000000,0.000000,0.080327,-0.622475,-0.282697,1.498455,0.000000,0.000000,0.000000,0.000000
10.6667,0.310000,0.240000,-0.120000,0.670000,0.000000,0.000000,0.000000,0.103098,-0.610725,-0.298202,1.515232,0.000000,0.000000,0.000000,0.000000
10.6833,0.310000,0.240000,-0.120000,0.670000,0.000000,0.000000,0.000000,0.121919,-0.597056,-0.322537,1.526790,0.000000,0.000000,0.000000,0.000000
10.7000,0.310000,0.240000,-0.120000,0.670000,0.000000,0.000000,0.000000,0.136754,-0.581222,-0.356397,1.532212,0.000000,0.000000,0.000000,0.000000
10.7167,0.310000,0.240000,-0.120000,0.670000,0.000000,0.000000,0.000000,0.147734,-0.563013,-0.400277,1.530706,0.000000,0.000000,0.000000,0.000000
10.7333,0.310000,0.240000,-0.120000,0.670000,0.000000,0.000000,0.000000,0.155143,-0.542304,-0.454403,1.521627,0.000000,0.000000,0.000000,0.000000
10.7500,0.310000,0.240000,-0.120000,0.670000,0.000000,0.000000,0.000000,0.159404,-0.519098,-0.518647,1.504498,0.000000,0.000000,0.000000,0.000000
10.7667,0.310000,0.240000,-0.120000,0.670000,0.000000,0.000000,0.000000,0.161054,-0.493571,-0.592422,1.479038,0.000000,0.000000,0.000000,0.000000
10.7833,0.310000,0.240000,-0.120000,0.670000,0.000000,0.000000,0.000000,0.160701,-0.466113,-0.674544,1.445226,0.000000,0.000000,0.000000,0.000000
10.8000,0.310000,0.240000,-0.120000,0.670000,0.000000,0.000000,0.000000,0.158942,-0.437319,-0.763066,1.403477,0.000000,0.000000,0.000000,0.000000
10.8167,0.310000,0.240000,-0.120000,0.670000,0.000000,0.000000,0.000000,0.156254,-0.407936,-0.855157,1.354905,0.000000,0.000000,0.000000,0.000000
10.8333,0.310000,0.240000,-0.120000,0.670000,0.000000,0.000000,0.000000,0.152941,-0.378782,-0.947262,1.301433,0.000000,0.000000,0.000000,0.000000
10.8500,0.310000,0.240000,-0.120000,0.670000,0.000000,0.000000,0.000000,0.149185,-0.350674,-1.035643,1.245522,0.000000,0.000000,0.000000,0.000000
10.8667,0.310000,0.240000,-0.120000,0.670000,0.000000,0.000000,0.000000,0.145121,-0.324388,-1.117016,1.189658,0.000000,0.000000,0.000000,0.000000
10.8833,0.310000,0.240000,-0.120000,0.670000,0.000000,0.000000,0.000000,0.140885,-0.300626,-1.188841,1.135978,0.000000,0.000000,0.000000,0.000000
10.9000,0.310000,0.240000,-0.120000,0.670000,0.000000,0.000000,0.000000,0.136612,-0.279981,-1.249262,1.086160,0.000000,0.000000,0.000000,0.000000
10.9167,0.310000,0.240000,-0.120000,0.670000,0.000000,0.000000,0.000000,0.132437,-0.262925,-1.296920,1.041425,0.000000,0.000000,0.000000,0.000000
10.9333,0.310000,0.240000,-0.120000,0.670000,0.000000,0.000000,0.000000,0.128479,-0.249797,-1.330840,1.002562,0.000000,0.000000,0.000000,0.000000
10.9500,0.310000,0.240000,-0.120000,0.670000,0.000000,0.000000,0.000000,0.124814,-0.240800,-1.350378,0.969966,0.000000,0.000000,0.000000,0.000000
10.9667,0.310000,0.240000,-0.120000,0.670000,0.000000,0.000000,0.000000,0.121456,-0.236005,-1.355222,0.943686,0.000000,0.000000,0.000000,0.000000
10.9833,0.310000,0.240000,-0.120000,0.670000,0.000000,0.000000,0.000000,0.118335,-0.235352,-1.345390,0.923470,0.000000,0.000000,0.000000,0.000000
11.0000,0.310000,0.240000,-0.120000,0.670000,0.000000,0.000000,0.000000,0.115293,-0.238655,-1.321241,0.908813,0.000000,0.000000,0.000000,0.000000
11.0167,0.310000,0.240000,-0.120000,0.670000,0.000000,0.000000,0.000000,0.112086,-0.245599,-1.283510,0.898999,0.000000,0.000000,0.000000,0.000000
11.0500,0.310000,0.240000,-0.120000,0.670000,0.000000,0.000000,0.000000,0.108402,-0.255750,-1.233318,0.893149,0.000000,0.000000,0.000000,0.000000
11.0667,0.310000,0.240000,-0.120000,0.670000,0.000000,0.000000,0.000000,0.103916,-0.268582,-1.172086,0.890299,0.000000,0.000000,0.000000,0.000000
11.0833,0.310000,0.240000,-0.120000,0.670000,0.000000,0.000000,0.000000,0.098361,-0.283523,-1.101378,0.889487,0.000000,0.000000,0.000000,0.000000
11.1000,0.310000,0.240000,-0.120000,0.670000,0.000000,0.000000,0.000000,0.091589,-0.299997,-1.022785,0.889822,0.000000,0.000000,0.000000,0.000000
11.1167,0.310000,0.240000,-0.120000,0.670000,0.000000,0.000000,0.000000,0.083584,-0.317440,-0.937906,0.890517,0.000000,0.000000,0.000000,0.000000
11.1333,0.310000,0.240000,-0.120000,0.670000,0.000000,0.000000,0.000000,0.074440,-0.335294,-0.848385,0.890906,0.000000,0.000000,0.000000,0.000000
11.1500,0.310000,0.240000,-0.120000,0.670000,0.000000,0.000000,0.000000,0.064328,-0.353006,-0.755929,0.890459,0.000000,0.000000,0.000000,0.000000
11.1667,0.310000,0.240000,-0.120000,0.670000,0.000000,0.000000,0.000000,0.053459,-0.370030,-0.662281,0.888792,0.000000,0.000000,0.000000,0.000000
11.1833,0.310000,0.240000,-0.120000,0.670000,0.000000,0.000000,0.000000,0.042057,-0.385840,-0.569159,0.885666,0.000000,0.000000,0.000000,0.000000
11.2000,0.310000,0.240000,-0.120000,0.670000,0.000000,0.000000,0.000000,0.030338,-0.399943,-0.478215,0.880973,0.000000,0.000000,0.000000,0.000000
11.2167,0.310000,0.240000,-0.120000,0.670000,0.000000,0.000000,0.000000,0.018495,-0.411908,-0.390986,0.874723,0.000000,0.000000,0.000000,0.000000
11.2333,0.310000,0.240000,-0.120000,0.670000,0.000000,0.000000,0.000000,0.006694,-0.421402,-0.308839,0.867019,0.000000,0.000000,0.000000,0.000000
11.2500,0.310000,0.240000,-0.120000,0.670000,0.000000,0.000000,0.000000,-0.004929,-0.428230,-0.232898,0.858036,0.000000,0.000000,0.000000,0.000000
11.2667,0.310000,0.240000,-0.120000,0.670000,0.000000,0.000000,0.000000,-0.016270,-0.432363,-0.163977,0.847986,0.000000,0.000000,0.000000,0.000000
11.2833,0.310000,0.240000,-0.120000,0.670000,0.000000,0.000000,0.000000,-0.027260,-0.433947,-0.102554,0.837082,0.000000,0.000000,0.000000,0.000000
11.3000,0.310000,0.240000,-0.120000,0.670000,0.000000,0.000000,0.000000,-0.037874,-0.433285,-0.048762,0.825507,0.000000,0.000000,0.000000,0.000000
11.3167,0.310000,0.240000,-0.120000,0.670000,0.000000,0.000000,0.000000,-0.048130,-0.430817,-0.002414,0.813385,0.000000,0.000000,0.000000,0.000000
11.3333,0.310000,0.240000,-0.120000,0.670000,0.000000,0.000000,0.000000,-0.058086,-0.427085,0.036948,0.800770,0.000000,0.000000,0.000000,0.000000
11.3500,0.310000,0.240000,-0.120000,0.670000,0.000000,0.000000,0.000000,-0.067842,-0.422694,0.069982,0.787652,0.000000,0.000000,0.000000,0.000000
11.3667,0.310000,0.240000,-0.120000,0.670000,0.000000,0.000000,0.000000,-0.077536,-0.418261,0.097448,0.773983,0.000000,0.000000,0.000000,0.000000
11.3833,0.310000,0.240000,-0.120000,0.670000,0.000000,0.000000,0.000000,-0.087342,-0.414372,0.120117,0.759706,0.000000,0.000000,0.000000,0.000000
11.4000,0.310000,0.240000,-0.120000,0.670000,0.000000,0.000000,0.000000,-0.097462,-0.411537,0.138707,0.744782,0.000000,0.000000,0.000000,0.000000
11.4167,0.310000,0.240000,-0.120000,0.670000,0.000000,0.000000,0.000000,-0.108116,-0.410158,0.153855,0.729191,0.000000,0.000000,0.000000,0.000000
11.4333,0.310000,0.240000,-0.120000,0.670000,0.000000,0.000000,0.000000,-0.119527,-0.410511,0.166121,0.712934,0.000000,0.000000,0.000000,0.000000
11.4500,0.310000,0.240000,-0.120000,0.670000,0.000000,0.000000,0.000000,-0.131913,-0.412744,0.176003,0.696034,0.000000,0.000000,0.000000,0.000000
11.4667,0.310000,0.240000,-0.120000,0.670000,0.000000,0.000000,0.000000,-0.145472,-0.416876,0.183941,0.678540,0.000000,0.000000,0.000000,0.000000
11.4833,0.310000,0.240000,-0.120000,0.670000,0.000000,0.000000,0.000000,-0.160365,-0.422815,0.190335,0.660522,0.000000,0.000000,0.000000,0.000000
11.5000,0.310000,0.240000,-0.120000,0.670000,0.000000,0.000000,0.000000,-0.176691,-0.430377,0.195548,0.642069,0.000000,0.000000,0.000000,0.000000
11.5167,0.310000,0.240000,-0.120000,0.670000,0.000000,0.000000,0.000000,-0.194463,-0.439313,0.199929,0.623299,0.000000,0.000000,0.000000,0.000000
11.5333,0.310000,0.240000,-0.120000,0.670000,0.000000,0.000000,0.000000,-0.213597,-0.449334,0.203805,0.604358,0.000000,0.000000,0.000000,0.000000
11.5500,0.310000,0.240000,-0.120000,0.670000,0.000000,0.000000,0.000000,-0.233897,-0.460134,0.207472,0.585424,0.000000,0.000000,0.000000,0.000000
11.5667,0.310000,0.240000,-0.120000,0.670000,0.000000,0.000000,0.000000,-0.255050,-0.471423,0.211166,0.566694,0.000000,0.000000,0.000000,0.000000
11.5833,0.310000,0.240000,-0.120000,0.670000,0.000000,0.000000,0.000000,-0.276629,-0.482943,0.215045,0.548361,0.000000,0.000000,0.000000,0.000000
11.6000,0.310000,0.240000,-0.120000,0.670000,0.000000,0.000000,0.000000,-0.298128,-0.494485,0.219187,0.530595,0.000000,0.000000,0.000000,0.000000
11.6167,0.310000,0.240000,-0.120000,0.670000,0.000000,0.000000,0.000000,-0.318997,-0.505884,0.223613,0.513513,0.000000,0.000000,0.000000,0.000000
11.6333,0.310000,0.240000,-0.120000,0.670000,0.000000,0.000000,0.000000,-0.338696,-0.517007,0.228315,0.497147,0.000000,0.000000,0.000000,0.000000
11.6500,0.310000,0.240000,-0.120000,0.670000,0.000000,0.000000,0.000000,-0.356728,-0.527752,0.233268,0.481432,0.000000,0.000000,0.000000,0.000000
11.6667,0.310000,0.240000,-0.120000,0.670000,0.000000,0.000000,0.000000,-0.372669,-0.538043,0.238441,0.466211,0.000000,0.000000,0.000000,0.000000
11.6833,0.310000,0.240000,-0.120000,0.670000,0.000000,0.000000,0.000000,-0.386185,-0.547834,0.243788,0.451266,0.000000,0.000000,0.000000,0.000000
11.7000,0.310000,0.240000,-0.120000,0.670000,0.000000,0.000000,0.000000,-0.397050,-0.557111,0.249251,0.436358,0.000000,0.000000,0.000000,0.000000
11.7167,0.310000,0.240000,-0.120000,0.670000,0.000000,0.000000,0.000000,-0.405150,-0.565879,0.254757,0.421277,0.000000,0.000000,0.000000,0.000000
11.7333,0.310000,0.240000,-0.120000,0.670000,0.000000,0.000000,0.000000,-0.410499,-0.574152,0.260213,0.405883,0.000000,0.000000,0.000000,0.000000
11.7500,0.310000,0.240000,-0.120000,0.670000,0.000000,0.000000,0.000000,-0.413238,-0.581925,0.265508,0.390147,0.000000,0.000000,0.000000,0.000000
11.7667,0.310000,0.240000,-0.120000,0.670000,0.000000,0.000000,0.000000,-0.413632,-0.589149,0.270511,0.374169,0.000000,0.000000,0.000000,0.000000
11.7833,0.310000,0.240000,-0.120000,0.670000,0.000000,0.000000,0.000000,-0.412057,-0.595718,0.275057,0.358183,0.000000,0.000000,0.000000,0.000000
11.8000,0.310000,0.240000,-0.120000,0.670000,0.000000,0.000000,0.000000,-0.408955,-0.601455,0.278937,0.342534,0.000000,0.000000,0.000000,0.000000
11.8167,0.310000,0.240000,-0.120000,0.670000,0.000000,0.000000,0.000000,-0.404804,-0.606124,0.281902,0.327641,0.000000,0.000000,0.000000,0.000000
11.8333,0.310000,0.240000,-0.120000,0.670000,0.000000,0.000000,0.000000,-0.400076,-0.609441,0.283669,0.313971,0.000000,0.000000,0.000000,0.000000
11.8500,0.310000,0.240000,-0.120000,0.670000,0.000000,0.000000,0.000000,-0.395216,-0.611100,0.283929,0.302017,0.000000,0.000000,0.000000,0.000000
11.8667,0.310000,0.240000,-0.120000,0.670000,0.000000,0.000000,0.000000,-0.390612,-0.610791,0.282342,0.292294,0.000000,0.000000,0.000000,0.000000
11.8833,0.310000,0.240000,-0.120000,0.670000,0.000000,0.000000,0.000000,-0.386563,-0.608224,0.278517,0.285331,0.000000,0.000000,0.000000,0.000000
11.9000,0.310000,0.240000,-0.120000,0.670000,0.000000,0.000000,0.000000,-0.383270,-0.603154,0.272027,0.281672,0.000000,0.000000,0.000000,0.000000
11.9167,0.310000,0.240000,-0.120000,0.670000,0.000000,0.000000,0.000000,-0.380830,-0.595401,0.262434,0.281863,0.000000,0.000000,0.000000,0.000000
11.9333,0.310000,0.240000,-0.120000,0.670000,0.000000,0.000000,0.000000,-0.379251,-0.584880,0.249347,0.286436,0.000000,0.000000,0.000000,0.000000
11.9500,0.310000,0.240000,-0.120000,0.670000,0.000000,0.000000,0.000000,-0.378458,-0.571624,0.232484,0.295863,0.000000,0.000000,0.000000,0.000000
11.9667,0.310000,0.240000,-0.120000,0.670000,0.000000,0.000000,0.000000,-0.378293,-0.555826,0.211729,0.310518,0.000000,0.000000,0.000000,0.000000
11.9833,0.310000,0.240000,-0.120000,0.670000,0.000000,0.000000,0.000000,-0.378525,-0.537870,0.187204,0.330633,0.000000,0.000000,0.000000,0.000000
12.0000,0.310000,0.240000,-0.120000,0.670000,0.000000,0.000000,0.000000,-0.378866,-0.518365,0.159333,0.356258,0.000000,0.000000,0.000000,0.000000
12.0167,0.310000,0.240000,-0.120000,0.670000,0.000000,0.000000,0.000000,-0.378988,-0.498174,0.128912,0.387235,0.000000,0.000000,0.000000,0.000000
12.0333,0.310000,0.240000,-0.120000,0.670000,0.000000,0.000000,0.000000,-0.378537,-0.478422,0.097161,0.423151,0.000000,0.000000,0.000000,0.000000
12.0500,0.310000,0.240000,-0.120000,0.670000,0.000000,0.000000,0.000000,-0.377147,-0.460495,0.065753,0.463309,0.000000,0.000000,0.000000,0.000000
12.1167,0.310000,0.240000,-0.120000,0.670000,0.000000,0.000000,0.000000,-0.374446,-0.445953,0.036740,0.506708,0.000000,0.000000,0.000000,0.000000
12.1333,0.310000,0.240000,-0.120000,0.670000,0.000000,0.000000,0.000000,-0.370112,-0.436273,0.012243,0.552147,0.000000,0.000000,0.000000,0.000000
12.1500,0.310000,0.240000,-0.120000,0.670000,0.000000,0.000000,0.000000,-0.363976,-0.432448,-0.006084,0.598367,0.000000,0.000000,0.000000,0.000000
12.2333,0.310000,0.240000,-0.120000,0.670000,0.000000,0.000000,0.000000,-0.356098,-0.434708,-0.017504,0.644166,0.000000,0.000000,0.000000,0.000000
12.2500,0.310000,0.240000,-0.120000,0.670000,0.000000,0.000000,0.000000,-0.346755,-0.442555,-0.022257,0.688469,0.000000,0.000000,0.000000,0.000000
12.2667,0.310000,0.240000,-0.120000,0.670000,0.000000,0.000000,0.000000,-0.336333,-0.455043,-0.021266,0.730414,0.000000,0.000000,0.000000,0.000000
12.2833,0.310000,0.240000,-0.120000,0.670000,0.000000,0.000000,0.000000,-0.325223,-0.471039,-0.015789,0.769377,0.000000,0.000000,0.000000,0.000000
12.3000,0.310000,0.240000,-0.120000,0.670000,0.000000,0.000000,0.000000,-0.313755,-0.489385,-0.007195,0.804942,0.000000,0.000000,0.000000,0.000000
12.3167,0.310000,0.240000,-0.120000,0.670000,0.000000,0.000000,0.000000,-0.302176,-0.508979,0.003158,0.836858,0.000000,0.000000,0.000000,0.000000
12.3333,0.310000,0.240000,-0.120000,0.670000,0.000000,0.000000,0.000000,-0.290629,-0.528842,0.014004,0.865022,0.000000,0.000000,0.000000,0.000000
12.3500,0.310000,0.240000,-0.120000,0.670000,0.000000,0.000000,0.000000,-0.279152,-0.548136,0.024206,0.889455,0.000000,0.000000,0.000000,0.000000
12.3667,0.310000,0.240000,-0.120000,0.670000,0.000000,0.000000,0.000000,-0.267681,-0.566168,0.032775,0.910278,0.000000,0.000000,0.000000,0.000000
12.3833,0.310000,0.240000,-0.120000,0.670000,0.000000,0.000000,0.000000,-0.256069,-0.582377,0.038881,0.927691,0.000000,0.000000,0.000000,0.000000
12.4000,0.310000,0.240000,-0.120000,0.670000,0.000000,0.000000,0.000000,-0.244109,-0.596320,0.041874,0.941947,0.000000,0.000000,0.000000,0.000000
12.4167,0.310000,0.240000,-0.120000,0.670000,0.000000,0.000000,0.000000,-0.231558,-0.607663,0.041288,0.953345,0.000000,0.000000,0.000000,0.000000
12.4333,0.310000,0.240000,-0.120000,0.670000,0.000000,0.000000,0.000000,-0.218163,-0.616174,0.036835,0.962225,0.000000,0.000000,0.000000,0.000000
12.4500,0.310000,0.240000,-0.120000,0.670000,0.000000,0.000000,0.000000,-0.203675,-0.621728,0.028375,0.968974,0.000000,0.000000,0.000000,0.000000
12.4667,0.310000,0.240000,-0.120000,0.670000,0.000000,0.000000,0.000000,-0.187878,-0.624299,0.015877,0.974041,0.000000,0.000000,0.000000,0.000000
12.4833,0.310000,0.240000,-0.120000,0.670000,0.000000,0.000000,0.000000,-0.170616,-0.623958,-0.000611,0.977938,0.000000,0.000000,0.000000,0.000000
12.5000,0.310000,0.240000,-0.120000,0.670000,0.000000,0.000000,0.000000,-0.151808,-0.620864,-0.020994,0.981234,0.000000,0.000000,0.000000,0.000000
12.5167,0.310000,0.240000,-0.120000,0.670000,0.000000,0.000000,0.000000,-0.131460,-0.615246,-0.045160,0.984520,0.000000,0.000000,0.000000,0.000000
12.5333,0.310000,0.240000,-0.120000,0.670000,0.000000,0.000000,0.000000,-0.109654,-0.607383,-0.072992,0.988360,0.000000,0.000000,0.000000,0.000000
12.5500,0.310000,0.240000,-0.120000,0.670000,0.000000,0.000000,0.000000,-0.086548,-0.597582,-0.104378,0.993232,0.000000,0.000000,0.000000,0.000000
12.5667,0.310000,0.240000,-0.120000,0.670000,0.000000,0.000000,0.000000,-0.062361,-0.586146,-0.139184,0.999473,0.000000,0.000000,0.000000,0.000000
12.5833,0.310000,0.240000,-0.120000,0.670000,0.000000,0.000000,0.000000,-0.037370,-0.573360,-0.177197,1.007231,0.000000,0.000000,0.000000,0.000000
12.6000,0.310000,0.240000,-0.120000,0.670000,0.000000,0.000000,0.000000,-0.011898,-0.559472,-0.218067,1.016445,0.000000,0.000000,0.000000,0.000000
12.6167,0.310000,0.240000,-0.120000,0.670000,0.000000,0.000000,0.000000,0.013711,-0.544700,-0.261238,1.026846,0.000000,0.000000,0.000000,0.000000
12.6333,0.310000,0.240000,-0.120000,0.670000,0.000000,0.000000,0.000000,0.039110,-0.529228,-0.305923,1.037998,0.000000,0.000000,0.000000,0.000000
12.6500,0.310000,0.240000,-0.120000,0.670000,0.000000,0.000000,0.000000,0.063960,-0.513225,-0.351100,1.049365,0.000000,0.000000,0.000000,0.000000
12.6667,0.310000,0.240000,-0.120000,0.670000,0.000000,0.000000,0.000000,0.087942,-0.496846,-0.395538,1.060395,0.000000,0.000000,0.000000,0.000000
12.6833,0.310000,0.240000,-0.120000,0.670000,0.000000,0.000000,0.000000,0.110769,-0.480258,-0.437863,1.070577,0.000000,0.000000,0.000000,0.000000
12.7000,0.310000,0.240000,-0.120000,0.670000,0.000000,0.000000,0.000000,0.132206,-0.463643,-0.476668,1.079487,0.000000,0.000000,0.000000,0.000000
12.7167,0.310000,0.240000,-0.120000,0.670000,0.000000,0.000000,0.000000,0.152079,-0.447212,-0.510640,1.086811,0.000000,0.000000,0.000000,0.000000
12.7333,0.310000,0.240000,-0.120000,0.670000,0.000000,0.000000,0.000000,0.170270,-0.431197,-0.538702,1.092341,0.000000,0.000000,0.000000,0.000000
12.7500,0.310000,0.240000,-0.120000,0.670000,0.000000,0.000000,0.000000,0.186717,-0.415832,-0.560115,1.095968,0.000000,0.000000,0.000000,0.000000
12.7667,0.310000,0.240000,-0.120000,0.670000,0.000000,0.000000,0.000000,0.201417,-0.401335,-0.574528,1.097634,0.000000,0.000000,0.000000,0.000000
12.7833,0.310000,0.240000,-0.120000,0.670000,0.000000,0.000000,0.000000,0.214431,-0.387890,-0.581946,1.097305,0.000000,0.000000,0.000000,0.000000
12.8000,0.310000,0.240000,-0.120000,0.670000,0.000000,0.000000,0.000000,0.225877,-0.375636,-0.582664,1.094937,0.000000,0.000000,0.000000,0.000000
12.8167,0.310000,0.240000,-0.120000,0.670000,0.000000,0.000000,0.000000,0.235912,-0.364670,-0.577187,1.090477,0.000000,0.000000,0.000000,0.000000
12.8333,0.310000,0.240000,-0.120000,0.670000,0.000000,0.000000,0.000000,0.244704,-0.355042,-0.566164,1.083872,0.000000,0.000000,0.000000,0.000000
12.8500,0.310000,0.240000,-0.120000,0.670000,0.000000,0.000000,0.000000,0.252412,-0.346768,-0.550339,1.075085,0.000000,0.000000,0.000000,0.000000
12.8667,0.310000,0.240000,-0.120000,0.670000,0.000000,0.000000,0.000000,0.259165,-0.339834,-0.530520,1.064111,0.000000,0.000000,0.000000,0.000000
12.8833,0.310000,0.240000,-0.120000,0.670000,0.000000,0.000000,0.000000,0.265050,-0.334205,-0.507540,1.050995,0.000000,0.000000,0.000000,0.000000
12.9000,0.310000,0.240000,-0.120000,0.670000,0.000000,0.000000,0.000000,0.270103,-0.329843,-0.482217,1.035854,0.000000,0.000000,0.000000,0.000000
12.9167,0.310000,0.240000,-0.120000,0.670000,0.000000,0.000000,0.000000,0.274303,-0.326708,-0.455317,1.018882,0.000000,0.000000,0.000000,0.000000
12.9333,0.310000,0.240000,-0.120000,0.670000,0.000000,0.000000,0.000000,0.277570,-0.324768,-0.427527,1.000360,0.000000,0.000000,0.000000,0.000000
12.9500,0.310000,0.240000,-0.120000,0.670000,0.000000,0.000000,0.000000,0.279769,-0.323992,-0.399446,0.980638,0.000000,0.000000,0.000000,0.000000
12.9667,0.310000,0.240000,-0.120000,0.670000,0.000000,0.000000,0.000000,0.280718,-0.324344,-0.371583,0.960131,0.000000,0.000000,0.000000,0.000000
12.9833,0.310000,0.240000,-0.120000,0.670000,0.000000,0.000000,0.000000,0.280206,-0.325769,-0.344355,0.939289,0.000000,0.000000,0.000000,0.000000
13.0000,0.310000,0.240000,-0.120000,0.670000,0.000000,0.000000,0.000000,0.278006,-0.328190,-0.318092,0.918589,0.000000,0.000000,0.000000,0.000000
13.0167,0.310000,0.240000,-0.120000,0.670000,0.000000,0.000000,0.000000,0.273893,-0.331497,-0.293030,0.898517,0.000000,0.000000,0.000000,0.000000
13.0333,0.310000,0.240000,-0.120000,0.670000,0.000000,0.000000,0.000000,0.267670,-0.335553,-0.269290,0.879547,0.000000,0.000000,0.000000,0.000000
13.0500,0.310000,0.240000,-0.120000,0.670000,0.000000,0.000000,0.000000,0.259181,-0.340195,-0.246852,0.862106,0.000000,0.000000,0.000000,0.000000
13.0667,0.310000,0.240000,-0.120000,0.670000,0.000000,0.000000,0.000000,0.248334,-0.345252,-0.225526,0.846535,0.000000,0.000000,0.000000,0.000000
13.0833,0.310000,0.240000,-0.120000,0.670000,0.000000,0.000000,0.000000,0.235129,-0.350556,-0.204963,0.833042,0.000000,0.000000,0.000000,0.000000
13.1000,0.310000,0.240000,-0.120000,0.670000,0.000000,0.000000,0.000000,0.219670,-0.355943,-0.184720,0.821677,0.000000,0.000000,0.000000,0.000000
13.1167,0.310000,0.240000,-0.120000,0.670000,0.000000,0.000000,0.000000,0.202171,-0.361243,-0.164364,0.812340,0.000000,0.000000,0.000000,0.000000
13.1333,0.310000,0.240000,-0.120000,0.670000,0.000000,0.000000,0.000000,0.182932,-0.366272,-0.143570,0.804810,0.000000,0.000000,0.000000,0.000000
13.1500,0.310000,0.240000,-0.120000,0.670000,0.000000,0.000000,0.000000,0.162304,-0.370828,-0.122173,0.798796,0.000000,0.000000,0.000000,0.000000
13.1667,0.310000,0.240000,-0.120000,0.670000,0.000000,0.000000,0.000000,0.140656,-0.374719,-0.100187,0.793983,0.000000,0.000000,0.000000,0.000000
13.1833,0.310000,0.240000,-0.120000,0.670000,0.000000,0.000000,0.000000,0.118357,-0.377781,-0.077800,0.790073,0.000000,0.000000,0.000000,0.000000
13.2000,0.310000,0.240000,-0.120000,0.670000,0.000000,0.000000,0.000000,0.095769,-0.379914,-0.055351,0.786786,0.000000,0.000000,0.000000,0.000000
13.2167,0.310000,0.240000,-0.120000,0.670000,0.000000,0.000000,0.000000,0.073251,-0.381092,-0.033287,0.783852,0.000000,0.000000,0.000000,0.000000
13.2333,0.310000,0.240000,-0.120000,0.670000,0.000000,0.000000,0.000000,0.051152,-0.381384,-0.012087,0.780987,0.000000,0.000000,0.000000,0.000000
13.2500,0.310000,0.240000,-0.120000,0.670000,0.000000,0.000000,0.000000,0.029792,-0.380946,0.007810,0.777878,0.000000,0.000000,0.000000,0.000000
13.2667,0.310000,0.240000,-0.120000,0.670000,0.000000,0.000000,0.000000,0.009432,-0.380020,0.026078,0.774186,0.000000,0.000000,0.000000,0.000000
13.2833,0.310000,0.240000,-0.120000,0.670000,0.000000,0.000000,0.000000,-0.009753,-0.378921,0.042545,0.769557,0.000000,0.000000,0.000000,0.000000
13.3000,0.310000,0.240000,-0.120000,0.670000,0.000000,0.000000,0.000000,-0.027700,-0.378013,0.057214,0.763634,0.000000,0.000000,0.000000,0.000000
13.3167,0.310000,0.240000,-0.120000,0.670000,0.000000,0.000000,0.000000,-0.044466,-0.377674,0.070237,0.756077,0.000000,0.000000,0.000000,0.000000
13.3333,0.310000,0.240000,-0.120000,0.670000,0.000000,0.000000,0.000000,-0.060212,-0.378266,0.081866,0.746574,0.000000,0.000000,0.000000,0.000000
13.3500,0.310000,0.240000,-0.120000,0.670000,0.000000,0.000000,0.000000,-0.075188,-0.380107,0.092405,0.734856,0.000000,0.000000,0.000000,0.000000
13.3667,0.310000,0.240000,-0.120000,0.670000,0.000000,0.000000,0.000000,-0.089691,-0.383445,0.102158,0.720720,0.000000,0.000000,0.000000,0.000000
13.3833,0.310000,0.240000,-0.120000,0.670000,0.000000,0.000000,0.000000,-0.104045,-0.388445,0.111392,0.704038,0.000000,0.000000,0.000000,0.000000
13.4000,0.310000,0.240000,-0.120000,0.670000,0.000000,0.000000,0.000000,-0.118563,-0.395171,0.120326,0.684780,0.000000,0.000000,0.000000,0.000000
13.4167,0.310000,0.240000,-0.120000,0.670000,0.000000,0.000000,0.000000,-0.133514,-0.403586,0.129115,0.663031,0.000000,0.000000,0.000000,0.000000
13.4333,0.310000,0.240000,-0.120000,0.670000,0.000000,0.000000,0.000000,-0.149092,-0.413570,0.137864,0.639005,0.000000,0.000000,0.000000,0.000000
13.4500,0.310000,0.240000,-0.120000,0.670000,0.000000,0.000000,0.000000,-0.165376,-0.424944,0.146628,0.613052,0.000000,0.000000,0.000000,0.000000
13.4667,0.310000,0.240000,-0.120000,0.670000,0.000000,0.000000,0.000000,-0.182317,-0.437501,0.155424,0.585639,0.000000,0.000000,0.000000,0.000000
13.4833,0.310000,0.240000,-0.120000,0.670000,0.000000,0.000000,0.000000,-0.199735,-0.451037,0.164248,0.557317,0.000000,0.000000,0.000000,0.000000
13.5000,0.310000,0.240000,-0.120000,0.670000,0.000000,0.000000,0.000000,-0.217334,-0.465368,0.173086,0.528670,0.000000,0.000000,0.000000,0.000000
13.5167,0.310000,0.240000,-0.120000,0.670000,0.000000,0.000000,0.000000,-0.234748,-0.480343,0.181925,0.500279,0.000000,0.000000,0.000000,0.000000
13.5333,0.310000,0.240000,-0.120000,0.670000,0.000000,0.000000,0.000000,-0.251572,-0.495851,0.190762,0.472668,0.000000,0.000000,0.000000,0.000000
13.5500,0.310000,0.240000,-0.120000,0.670000,0.000000,0.000000,0.000000,-0.267396,-0.511820,0.199590,0.446277,0.000000,0.000000,0.000000,0.000000
13.5667,0.310000,0.240000,-0.120000,0.670000,0.000000,0.000000,0.000000,-0.281834,-0.528209,0.208391,0.421447,0.000000,0.000000,0.000000,0.000000
13.5833,0.310000,0.240000,-0.120000,0.670000,0.000000,0.000000,0.000000,-0.294559,-0.544988,0.217134,0.398434,0.000000,0.000000,0.000000,0.000000
13.6000,0.310000,0.240000,-0.120000,0.670000,0.000000,0.000000,0.000000,-0.305349,-0.562128,0.225778,0.377442,0.000000,0.000000,0.000000,0.000000
13.6167,0.310000,0.240000,-0.120000,0.670000,0.000000,0.000000,0.000000,-0.314118,-0.579580,0.234291,0.358666,0.000000,0.000000,0.000000,0.000000
13.6333,0.310000,0.240000,-0.120000,0.670000,0.000000,0.000000,0.000000,-0.320933,-0.597269,0.242662,0.342310,0.000000,0.000000,0.000000,0.000000
13.6500,0.310000,0.240000,-0.120000,0.670000,0.000000,0.000000,0.000000,-0.325991,-0.615100,0.250914,0.328583,0.000000,0.000000,0.000000,0.000000
13.6667,0.310000,0.240000,-0.120000,0.670000,0.000000,0.000000,0.000000,-0.329571,-0.632974,0.259079,0.317680,0.000000,0.000000,0.000000,0.000000
13.6833,0.310000,0.240000,-0.120000,0.670000,0.000000,0.000000,0.000000,-0.331970,-0.650791,0.267182,0.309743,0.000000,0.000000,0.000000,0.000000
13.7000,0.310000,0.240000,-0.120000,0.670000,0.000000,0.000000,0.000000,-0.333447,-0.668459,0.275186,0.304855,0.000000,0.000000,0.000000,0.000000
13.7167,0.310000,0.240000,-0.120000,0.670000,0.000000,0.000000,0.000000,-0.334179,-0.685884,0.282934,0.303052,0.000000,0.000000,0.000000,0.000000
13.7333,0.310000,0.240000,-0.120000,0.670000,0.000000,0.000000,0.000000,-0.334243,-0.702974,0.290091,0.304359,0.000000,0.000000,0.000000,0.000000
13.7500,0.310000,0.240000,-0.120000,0.670000,0.000000,0.000000,0.000000,-0.333608,-0.719630,0.296106,0.308829,0.000000,0.000000,0.000000,0.000000
13.7667,0.310000,0.240000,-0.120000,0.670000,0.000000,0.000000,0.000000,-0.332163,-0.735744,0.300213,0.316573,0.000000,0.000000,0.000000,0.000000
13.7833,0.310000,0.240000,-0.120000,0.670000,0.000000,0.000000,0.000000,-0.329744,-0.751173,0.301467,0.327776,0.000000,0.000000,0.000000,0.000000
13.8000,0.310000,0.240000,-0.120000,0.670000,0.000000,0.000000,0.000000,-0.326198,-0.765722,0.298801,0.342706,0.000000,0.000000,0.000000,0.000000
13.8167,0.310000,0.240000,-0.120000,0.670000,0.000000,0.000000,0.000000,-0.321424,-0.779134,0.291101,0.361712,0.000000,0.000000,0.000000,0.000000
13.8333,0.310000,0.240000,-0.120000,0.670000,0.000000,0.000000,0.000000,-0.315432,-0.791085,0.277292,0.385203,0.000000,0.000000,0.000000,0.000000
13.8500,0.310000,0.240000,-0.120000,0.670000,0.000000,0.000000,0.000000,-0.308370,-0.801200,0.256414,0.413619,0.000000,0.000000,0.000000,0.000000
13.8667,0.310000,0.240000,-0.120000,0.670000,0.000000,0.000000,0.000000,-0.300544,-0.809084,0.227699,0.447380,0.000000,0.000000,0.000000,0.000000
13.8833,0.310000,0.240000,-0.120000,0.670000,0.000000,0.000000,0.000000,-0.292407,-0.814364,0.190625,0.486820,0.000000,0.000000,0.000000,0.000000
13.9000,0.310000,0.240000,-0.120000,0.670000,0.000000,0.000000,0.000000,-0.284531,-0.816736,0.144968,0.532106,0.000000,0.000000,0.000000,0.000000
13.9167,0.310000,0.240000,-0.120000,0.670000,0.000000,0.000000,0.000000,-0.277562,-0.816008,0.090836,0.583165,0.000000,0.000000,0.000000,0.000000
13.9333,0.310000,0.240000,-0.120000,0.670000,0.000000,0.000000,0.000000,-0.272167,-0.812128,0.028702,0.639622,0.000000,0.000000,0.000000,0.000000
13.9500,0.310000,0.240000,-0.120000,0.670000,0.000000,0.000000,0.000000,-0.268961,-0.805201,-0.040574,0.700773,0.000000,0.000000,0.000000,0.000000
13.9667,0.310000,0.240000,-0.120000,0.670000,0.000000,0.000000,0.000000,-0.268425,-0.795480,-0.115741,0.765598,0.000000,0.000000,0.000000,0.000000
13.9833,0.310000,0.240000,-0.120000,0.670000,0.000000,0.000000,0.000000,-0.270815,-0.783356,-0.195170,0.832818,0.000000,0.000000,0.000000,0.000000
14.0000,0.310000,0.240000,-0.120000,0.670000,0.000000,0.000000,0.000000,-0.276070,-0.769329,-0.276904,0.900983,0.000000,0.000000,0.000000,0.000000
14.0167,0.310000,0.240000,-0.120000,0.670000,0.000000,0.000000,0.000000,-0.283746,-0.753987,-0.358693,0.968587,0.000000,0.000000,0.000000,0.000000
14.0500,0.310000,0.240000,-0.120000,0.670000,0.000000,0.000000,0.000000,-0.293007,-0.737975,-0.438048,1.034194,0.000000,0.000000,0.000000,0.000000
14.0667,0.310000,0.240000,-0.120000,0.670000,0.000000,0.000000,0.000000,-0.302729,-0.721946,-0.512346,1.096551,0.000000,0.000000,0.000000,0.000000
14.0833,0.310000,0.240000,-0.120000,0.670000,0.000000,0.000000,0.000000,-0.311645,-0.706474,-0.579083,1.154665,0.000000,0.000000,0.000000,0.000000
14.1000,0.310000,0.240000,-0.120000,0.670000,0.000000,0.000000,0.000000,-0.318492,-0.691996,-0.636126,1.207839,0.000000,0.000000,0.000000,0.000000
14.1167,0.310000,0.240000,-0.120000,0.670000,0.000000,0.000000,0.000000,-0.322083,-0.678802,-0.681878,1.255673,0.000000,0.000000,0.000000,0.000000
14.1333,0.310000,0.240000,-0.120000,0.670000,0.000000,0.000000,0.000000,-0.321369,-0.667053,-0.715309,1.298039,0.000000,0.000000,0.000000,0.000000
14.1500,0.310000,0.240000,-0.120000,0.670000,0.000000,0.000000,0.000000,-0.315481,-0.656796,-0.735931,1.335059,0.000000,0.000000,0.000000,0.000000
14.1667,0.310000,0.240000,-0.120000,0.670000,0.000000,0.000000,0.000000,-0.303782,-0.647993,-0.743741,1.367078,0.000000,0.000000,0.000000,0.000000
14.1833,0.310000,0.240000,-0.120000,0.670000,0.000000,0.000000,0.000000,-0.285905,-0.640538,-0.739183,1.394624,0.000000,0.000000,0.000000,0.000000
14.2000,0.310000,0.240000,-0.120000,0.670000,0.000000,0.000000,0.000000,-0.261781,-0.634290,-0.723129,1.418365,0.000000,0.000000,0.000000,0.000000
14.2167,0.310000,0.240000,-0.120000,0.670000,0.000000,0.000000,0.000000,-0.231655,-0.629105,-0.696895,1.439071,0.000000,0.000000,0.000000,0.000000
14.2333,0.310000,0.240000,-0.120000,0.670000,0.000000,0.000000,0.000000,-0.196115,-0.624870,-0.662261,1.457592,0.000000,0.000000,0.000000,0.000000
14.3000,0.310000,0.240000,-0.120000,0.670000,0.000000,0.000000,0.000000,-0.156104,-0.621517,-0.621475,1.474811,0.000000,0.000000,0.000000,0.000000
14.3167,0.310000,0.240000,-0.120000,0.670000,0.000000,0.000000,0.000000,-0.112878,-0.618979,-0.577082,1.491490,0.000000,0.000000,0.000000,0.000000
14.4167,0.310000,0.240000,-0.120000,0.670000,0.000000,0.000000,0.000000,-0.067884,-0.617093,-0.531563,1.508034,0.000000,0.000000,0.000000,0.000000
14.4333,0.310000,0.240000,-0.120000,0.670000,0.000000,0.000000,0.000000,-0.022590,-0.615588,-0.487023,1.524413,0.000000,0.000000,0.000000,0.000000
14.4500,0.310000,0.240000,-0.120000,0.670000,0.000000,0.000000,0.000000,0.021674,-0.614148,-0.445094,1.540322,0.000000,0.000000,0.000000,0.000000
14.4667,0.310000,0.240000,-0.120000,0.670000,0.000000,0.000000,0.000000,0.063777,-0.612484,-0.406992,1.555364,0.000000,0.000000,0.000000,0.000000
14.4833,0.310000,0.240000,-0.120000,0.670000,0.000000,0.000000,0.000000,0.102775,-0.610360,-0.373596,1.569142,0.000000,0.000000,0.000000,0.000000
14.5000,0.310000,0.240000,-0.120000,0.670000,0.000000,0.000000,0.000000,0.137891,-0.607610,-0.345523,1.581281,0.000000,0.000000,0.000000,0.000000
14.5167,0.310000,0.240000,-0.120000,0.670000,0.000000,0.000000,0.000000,0.168505,-0.604138,-0.323187,1.591449,0.000000,0.000000,0.000000,0.000000
14.5333,0.310000,0.240000,-0.120000,0.670000,0.000000,0.000000,0.000000,0.194167,-0.599906,-0.306863,1.599366,0.000000,0.000000,0.000000,0.000000
14.5500,0.310000,0.240000,-0.120000,0.670000,0.000000,0.000000,0.000000,0.214621,-0.594916,-0.296722,1.604809,0.000000,0.000000,0.000000,0.000000
14.5667,0.310000,0.240000,-0.120000,0.670000,0.000000,0.000000,0.000000,0.229806,-0.589175,-0.292865,1.607612,0.000000,0.000000,0.000000,0.000000
14.5833,0.310000,0.240000,-0.120000,0.670000,0.000000,0.000000,0.000000,0.239824,-0.582695,-0.295346,1.607657,0.000000,0.000000,0.000000,0.000000
14.6000,0.310000,0.240000,-0.120000,0.670000,0.000000,0.000000,0.000000,0.244895,-0.575492,-0.304174,1.604866,0.000000,0.000000,0.000000,0.000000
14.6167,0.310000,0.240000,-0.120000,0.670000,0.000000,0.000000,0.000000,0.245313,-0.567594,-0.319313,1.599183,0.000000,0.000000,0.000000,0.000000
14.6333,0.310000,0.240000,-0.120000,0.670000,0.000000,0.000000,0.000000,0.241440,-0.559034,-0.340662,1.590563,0.000000,0.000000,0.000000,0.000000
14.6500,0.310000,0.240000,-0.120000,0.670000,0.000000,0.000000,0.000000,0.233707,-0.549846,-0.368027,1.578954,0.000000,0.000000,0.000000,0.000000
14.6667,0.310000,0.240000,-0.120000,0.670000,0.000000,0.000000,0.000000,0.222617,-0.540064,-0.401078,1.564297,0.000000,0.000000,0.000000,0.000000
14.6833,0.310000,0.240000,-0.120000,0.670000,0.000000,0.000000,0.000000,0.208730,-0.529733,-0.439298,1.546525,0.000000,0.000000,0.000000,0.000000
14.7000,0.310000,0.240000,-0.120000,0.670000,0.000000,0.000000,0.000000,0.192643,-0.518929,-0.481916,1.525585,0.000000,0.000000,0.000000,0.000000
14.7167,0.310000,0.240000,-0.120000,0.670000,0.000000,0.000000,0.000000,0.174972,-0.507773,-0.527836,1.501460,0.000000,0.000000,0.000000,0.000000
14.7333,0.310000,0.240000,-0.120000,0.670000,0.000000,0.000000,0.000000,0.156322,-0.496457,-0.575554,1.474209,0.000000,0.000000,0.000000,0.000000
14.7500,0.310000,0.240000,-0.120000,0.670000,0.000000,0.000000,0.000000,0.137262,-0.485258,-0.623069,1.443994,0.000000,0.000000,0.000000,0.000000
14.7667,0.310000,0.240000,-0.120000,0.670000,0.000000,0.000000,0.000000,0.118301,-0.474544,-0.667835,1.411133,0.000000,0.000000,0.000000,0.000000
14.7833,0.310000,0.240000,-0.120000,0.670000,0.000000,0.000000,0.000000,0.099835,-0.464732,-0.706907,1.376160,0.000000,0.000000,0.000000,0.000000
14.8000,0.310000,0.240000,-0.120000,0.670000,0.000000,0.000000,0.000000,0.082131,-0.456211,-0.737369,1.339820,0.000000,0.000000,0.000000,0.000000
14.8167,0.310000,0.240000,-0.120000,0.670000,0.000000,0.000000,0.000000,0.065358,-0.449290,-0.756841,1.302900,0.000000,0.000000,0.000000,0.000000
14.8333,0.310000,0.240000,-0.120000,0.670000,0.000000,0.000000,0.000000,0.049651,-0.444169,-0.763724,1.266056,0.000000,0.000000,0.000000,0.000000
14.8500,0.310000,0.240000,-0.120000,0.670000,0.000000,0.000000,0.000000,0.035144,-0.440937,-0.757161,1.229740,0.000000,0.000000,0.000000,0.000000
14.8667,0.310000,0.240000,-0.120000,0.670000,0.000000,0.000000,0.000000,0.021978,-0.439572,-0.736928,1.194196,0.000000,0.000000,0.000000,0.000000
14.8833,0.310000,0.240000,-0.120000,0.670000,0.000000,0.000000,0.000000,0.010270,-0.439937,-0.703408,1.159486,0.000000,0.000000,0.000000,0.000000
14.9000,0.310000,0.240000,-0.120000,0.670000,0.000000,0.000000,0.000000,0.000071,-0.441791,-0.657622,1.125556,0.000000,0.000000,0.000000,0.000000
14.9167,0.310000,0.240000,-0.120000,0.670000,0.000000,0.000000,0.000000,-0.008684,-0.444803,-0.601217,1.092300,0.000000,0.000000,0.000000,0.000000
14.9333,0.310000,0.240000,-0.120000,0.670000,0.000000,0.000000,0.000000,-0.016199,-0.448580,-0.536345,1.059625,0.000000,0.000000,0.000000,0.000000
14.9500,0.310000,0.240000,-0.120000,0.670000,0.000000,0.000000,0.000000,-0.022813,-0.452707,-0.465484,1.027474,0.000000,0.000000,0.000000,0.000000
14.9667,0.310000,0.240000,-0.120000,0.670000,0.000000,0.000000,0.000000,-0.028966,-0.456783,-0.391230,0.995832,0.000000,0.000000,0.000000,0.000000
14.9833,0.310000,0.240000,-0.120000,0.670000,0.000000,0.000000,0.000000,-0.035149,-0.460466,-0.316088,0.964693,0.000000,0.000000,0.000000,0.000000
15.0000,0.310000,0.240000,-0.120000,0.670000,0.000000,0.000000,0.000000,-0.041846,-0.463518,-0.242277,0.934022,0.000000,0.000000,0.000000,0.000000
15.0167,0.310000,0.240000,-0.120000,0.670000,0.000000,0.000000,0.000000,-0.049486,-0.465838,-0.171606,0.903726,0.000000,0.000000,0.000000,0.000000
15.0333,0.310000,0.240000,-0.120000,0.670000,0.000000,0.000000,0.000000,-0.058420,-0.467481,-0.105412,0.873652,0.000000,0.000000,0.000000,0.000000
15.0500,0.310000,0.240000,-0.120000,0.670000,0.000000,0.000000,0.000000,-0.068920,-0.468637,-0.044581,0.843612,0.000000,0.000000,0.000000,0.000000
15.0667,0.310000,0.240000,-0.120000,0.670000,0.000000,0.000000,0.000000,-0.081188,-0.469599,0.010415,0.813415,0.000000,0.000000,0.000000,0.000000
15.0833,0.310000,0.240000,-0.120000,0.670000,0.000000,0.000000,0.000000,-0.095367,-0.470721,0.059452,0.782897,0.000000,0.000000,0.000000,0.000000
15.1000,0.310000,0.240000,-0.120000,0.670000,0.000000,0.000000,0.000000,-0.111532,-0.472371,0.102691,0.751920,0.000000,0.000000,0.000000,0.000000
15.1167,0.310000,0.240000,-0.120000,0.670000,0.000000,0.000000,0.000000,-0.129669,-0.474902,0.140493,0.720368,0.000000,0.000000,0.000000,0.000000
15.1333,0.310000,0.240000,-0.120000,0.670000,0.000000,0.000000,0.000000,-0.149646,-0.478618,0.173330,0.688118,0.000000,0.000000,0.000000,0.000000
15.1500,0.310000,0.240000,-0.120000,0.670000,0.000000,0.000000,0.000000,-0.171168,-0.483752,0.201697,0.655031,0.000000,0.000000,0.000000,0.000000
15.1667,0.310000,0.240000,-0.120000,0.670000,0.000000,0.000000,0.000000,-0.193755,-0.490474,0.226054,0.620948,0.000000,0.000000,0.000000,0.000000
15.1833,0.310000,0.240000,-0.120000,0.670000,0.000000,0.000000,0.000000,-0.216751,-0.498892,0.246805,0.585720,0.000000,0.000000,0.000000,0.000000
15.2000,0.310000,0.240000,-0.120000,0.670000,0.000000,0.000000,0.000000,-0.239368,-0.509072,0.264280,0.549248,0.000000,0.000000,0.000000,0.000000
15.2167,0.310000,0.240000,-0.120000,0.670000,0.000000,0.000000,0.000000,-0.260742,-0.521032,0.278722,0.511532,0.000000,0.000000,0.000000,0.000000
15.2333,0.310000,0.240000,-0.120000,0.670000,0.000000,0.000000,0.000000,-0.280010,-0.534747,0.290294,0.472698,0.000000,0.000000,0.000000,0.000000
15.2500,0.310000,0.240000,-0.120000,0.670000,0.000000,0.000000,0.000000,-0.296382,-0.550132,0.299111,0.433016,0.000000,0.000000,0.000000,0.000000
15.2667,0.310000,0.240000,-0.120000,0.670000,0.000000,0.000000,0.000000,-0.309227,-0.567031,0.305277,0.392900,0.000000,0.000000,0.000000,0.000000
15.2833,0.310000,0.240000,-0.120000,0.670000,0.000000,0.000000,0.000000,-0.318149,-0.585221,0.308916,0.352911,0.000000,0.000000,0.000000,0.000000
15.3000,0.310000,0.240000,-0.120000,0.670000,0.000000,0.000000,0.000000,-0.323035,-0.604409,0.310202,0.313743,0.000000,0.000000,0.000000,0.000000
15.3167,0.310000,0.240000,-0.120000,0.670000,0.000000,0.000000,0.000000,-0.324079,-0.624244,0.309382,0.276181,0.000000,0.000000,0.000000,0.000000
15.3333,0.310000,0.240000,-0.120000,0.670000,0.000000,0.000000,0.000000,-0.321756,-0.644332,0.306787,0.241049,0.000000,0.000000,0.000000,0.000000
15.3500,0.310000,0.240000,-0.120000,0.670000,0.000000,0.000000,0.000000,-0.316779,-0.664268,0.302844,0.209148,0.000000,0.000000,0.000000,0.000000
15.3667,0.310000,0.240000,-0.120000,0.670000,0.000000,0.000000,0.000000,-0.310028,-0.683663,0.298066,0.181212,0.000000,0.000000,0.000000,0.000000
15.3833,0.310000,0.240000,-0.120000,0.670000,0.000000,0.000000,0.000000,-0.302478,-0.702178,0.293023,0.157879,0.000000,0.000000,0.000000,0.000000
15.4000,0.310000,0.240000,-0.120000,0.670000,0.000000,0.000000,0.000000,-0.295117,-0.719545,0.288289,0.139681,0.000000,0.000000,0.000000,0.000000
15.4167,0.310000,0.240000,-0.120000,0.670000,0.000000,0.000000,0.000000,-0.288853,-0.735583,0.284383,0.127047,0.000000,0.000000,0.000000,0.000000
15.4333,0.310000,0.240000,-0.120000,0.670000,0.000000,0.000000,0.000000,-0.284445,-0.750202,0.281703,0.120316,0.000000,0.000000,0.000000,0.000000
15.4500,0.310000,0.240000,-0.120000,0.670000,0.000000,0.000000,0.000000,-0.282449,-0.763393,0.280487,0.119760,0.000000,0.000000,0.000000,0.000000
15.4667,0.310000,0.240000,-0.120000,0.670000,0.000000,0.000000,0.000000,-0.283183,-0.775201,0.280781,0.125598,0.000000,0.000000,0.000000,0.000000
15.4833,0.310000,0.240000,-0.120000,0.670000,0.000000,0.000000,0.000000,-0.286735,-0.785700,0.282441,0.138021,0.000000,0.000000,0.000000,0.000000
15.5000,0.310000,0.240000,-0.120000,0.670000,0.000000,0.000000,0.000000,-0.292977,-0.794973,0.285144,0.157201,0.000000,0.000000,0.000000,0.000000
15.5167,0.310000,0.240000,-0.120000,0.670000,0.000000,0.000000,0.000000,-0.301596,-0.803101,0.288406,0.183302,0.000000,0.000000,0.000000,0.000000
15.5333,0.310000,0.240000,-0.120000,0.670000,0.000000,0.000000,0.000000,-0.312124,-0.810167,0.291602,0.216486,0.000000,0.000000,0.000000,0.000000
15.5500,0.310000,0.240000,-0.120000,0.670000,0.000000,0.000000,0.000000,-0.323985,-0.816244,0.293996,0.256916,0.000000,0.000000,0.000000,0.000000
15.5667,0.310000,0.240000,-0.120000,0.670000,0.000000,0.000000,0.000000,-0.336551,-0.821391,0.294793,0.304750,0.000000,0.000000,0.000000,0.000000
15.5833,0.310000,0.240000,-0.120000,0.670000,0.000000,0.000000,0.000000,-0.349194,-0.825638,0.293190,0.360111,0.000000,0.000000,0.000000,0.000000
15.6000,0.310000,0.240000,-0.120000,0.670000,0.000000,0.000000,0.000000,-0.361333,-0.828979,0.288439,0.423036,0.000000,0.000000,0.000000,0.000000
15.6167,0.310000,0.240000,-0.120000,0.670000,0.000000,0.000000,0.000000,-0.372472,-0.831363,0.279917,0.493403,0.000000,0.000000,0.000000,0.000000
15.6333,0.310000,0.240000,-0.120000,0.670000,0.000000,0.000000,0.000000,-0.382234,-0.832703,0.267195,0.570838,0.000000,0.000000,0.000000,0.000000
15.6500,0.310000,0.240000,-0.120000,0.670000,0.000000,0.000000,0.000000,-0.390368,-0.832886,0.250099,0.654606,0.000000,0.000000,0.000000,0.000000
15.6667,0.310000,0.240000,-0.120000,0.670000,0.000000,0.000000,0.000000,-0.396750,-0.831808,0.228760,0.743477,0.000000,0.000000,0.000000,0.000000
15.6833,0.310000,0.240000,-0.120000,0.670000,0.000000,0.000000,0.000000,-0.401360,-0.829407,0.203671,0.835584,0.000000,0.000000,0.000000,0.000000
15.7833,0.310000,0.240000,-0.120000,0.670000,0.000000,0.000000,0.000000,-0.404265,-0.825681,0.175701,0.928382,0.000000,0.000000,0.000000,0.000000
15.8000,0.310000,0.240000,-0.120000,0.670000,0.000000,0.000000,0.000000,-0.405586,-0.820686,0.146015,1.018944,0.000000,0.000000,0.000000,0.000000
15.8167,0.310000,0.240000,-0.120000,0.670000,0.000000,0.000000,0.000000,-0.405451,-0.814505,0.115855,1.104499,0.000000,0.000000,0.000000,0.000000
15.8333,0.310000,0.240000,-0.120000,0.670000,0.000000,0.000000,0.000000,-0.403955,-0.807225,0.086311,1.182817,0.000000,0.000000,0.000000,0.000000
15.8500,0.310000,0.240000,-0.120000,0.670000,0.000000,0.000000,0.000000,-0.401132,-0.798928,0.058198,1.252283,0.000000,0.000000,0.000000,0.000000
15.8667,0.310000,0.240000,-0.120000,0.670000,0.000000,0.000000,0.000000,-0.396943,-0.789675,0.032047,1.311840,0.000000,0.000000,0.000000,0.000000
15.8833,0.310000,0.240000,-0.120000,0.670000,0.000000,0.000000,0.000000,-0.391276,-0.779504,0.008152,1.360924,0.000000,0.000000,0.000000,0.000000
15.9000,0.310000,0.240000,-0.120000,0.670000,0.000000,0.000000,0.000000,-0.383966,-0.768424,-0.013388,1.399391,0.000000,0.000000,0.000000,0.000000
15.9167,0.310000,0.240000,-0.120000,0.670000,0.000000,0.000000,0.000000,-0.374809,-0.756414,-0.032614,1.427447,0.000000,0.000000,0.000000,0.000000
15.9333,0.310000,0.240000,-0.120000,0.670000,0.000000,0.000000,0.000000,-0.363578,-0.743433,-0.049669,1.445594,0.000000,0.000000,0.000000,0.000000
15.9500,0.310000,0.240000,-0.120000,0.670000,0.000000,0.000000,0.000000,-0.350034,-0.729445,-0.064763,1.454584,0.000000,0.000000,0.000000,0.000000
15.9667,0.310000,0.240000,-0.120000,0.670000,0.000000,0.000000,0.000000,-0.333932,-0.714426,-0.078131,1.455392,0.000000,0.000000,0.000000,0.000000
15.9833,0.310000,0.240000,-0.120000,0.670000,0.000000,0.000000,0.000000,-0.315032,-0.698396,-0.090012,1.449195,0.000000,0.000000,0.000000,0.000000
16.0000,0.310000,0.240000,-0.120000,0.670000,0.000000,0.000000,0.000000,-0.293114,-0.681432,-0.100619,1.437353,0.000000,0.000000,0.000000,0.000000
16.0167,0.310000,0.240000,-0.120000,0.670000,0.000000,0.000000,0.000000,-0.268015,-0.663703,-0.110115,1.421420,0.000000,0.000000,0.000000,0.000000
16.0333,0.310000,0.240000,-0.120000,0.670000,0.000000,0.000000,0.000000,-0.239687,-0.645484,-0.118593,1.403126,0.000000,0.000000,0.000000,0.000000
16.0500,0.310000,0.240000,-0.120000,0.670000,0.000000,0.000000,0.000000,-0.208240,-0.627182,-0.126057,1.384374,0.000000,0.000000,0.000000,0.000000
16.0667,0.310000,0.240000,-0.120000,0.670000,0.000000,0.000000,0.000000,-0.173997,-0.609344,-0.132427,1.367212,0.000000,0.000000,0.000000,0.000000
16.1000,0.310000,0.240000,-0.120000,0.670000,0.000000,0.000000,0.000000,-0.137519,-0.592655,-0.137631,1.353783,0.000000,0.000000,0.000000,0.000000
16.1667,0.310000,0.240000,-0.120000,0.670000,0.000000,0.000000,0.000000,-0.099607,-0.577866,-0.141770,1.346152,0.000000,0.000000,0.000000,0.000000
16.1833,0.310000,0.240000,-0.120000,0.670000,0.000000,0.000000,0.000000,-0.061234,-0.565628,-0.145138,1.345922,0.000000,0.000000,0.000000,0.000000
16.2000,0.310000,0.240000,-0.120000,0.670000,0.000000,0.000000,0.000000,-0.023458,-0.556307,-0.147990,1.353775,0.000000,0.000000,0.000000,0.000000
16.3000,0.310000,0.240000,-0.120000,0.670000,0.000000,0.000000,0.000000,0.012664,-0.549897,-0.150318,1.369221,0.000000,0.000000,0.000000,0.000000
16.3167,0.310000,0.240000,-0.120000,0.670000,0.000000,0.000000,0.000000,0.046167,-0.546076,-0.151856,1.390814,0.000000,0.000000,0.000000,0.000000
16.3333,0.310000,0.240000,-0.120000,0.670000,0.000000,0.000000,0.000000,0.076269,-0.544348,-0.152241,1.416685,0.000000,0.000000,0.000000,0.000000
16.3500,0.310000,0.240000,-0.120000,0.670000,0.000000,0.000000,0.000000,0.102413,-0.544155,-0.151129,1.444954,0.000000,0.000000,0.000000,0.000000
16.3667,0.310000,0.240000,-0.120000,0.670000,0.000000,0.000000,0.000000,0.124254,-0.544943,-0.148231,1.473903,0.000000,0.000000,0.000000,0.000000
16.3833,0.310000,0.240000,-0.120000,0.670000,0.000000,0.000000,0.000000,0.141633,-0.546186,-0.143311,1.502008,0.000000,0.000000,0.000000,0.000000
16.4000,0.310000,0.240000,-0.120000,0.670000,0.000000,0.000000,0.000000,0.154549,-0.547403,-0.136193,1.527951,0.000000,0.000000,0.000000,0.000000
16.4167,0.310000,0.240000,-0.120000,0.670000,0.000000,0.000000,0.000000,0.163148,-0.548168,-0.126772,1.550609,0.000000,0.000000,0.000000,0.000000
16.4333,0.310000,0.240000,-0.120000,0.670000,0.000000,0.000000,0.000000,0.167716,-0.548124,-0.115025,1.569028,0.000000,0.000000,0.000000,0.000000
16.4500,0.310000,0.240000,-0.120000,0.670000,0.000000,0.000000,0.000000,0.168674,-0.546995,-0.101034,1.582402,0.000000,0.000000,0.000000,0.000000
16.4667,0.310000,0.240000,-0.120000,0.670000,0.000000,0.000000,0.000000,0.166560,-0.544607,-0.085004,1.590047,0.000000,0.000000,0.000000,0.000000
16.4833,0.310000,0.240000,-0.120000,0.670000,0.000000,0.000000,0.000000,0.162001,-0.540889,-0.067295,1.591378,0.000000,0.000000,0.000000,0.000000
16.5000,0.310000,0.240000,-0.120000,0.670000,0.000000,0.000000,0.000000,0.155677,-0.535878,-0.048447,1.585899,0.000000,0.000000,0.000000,0.000000
16.5167,0.310000,0.240000,-0.120000,0.670000,0.000000,0.000000,0.000000,0.148283,-0.529710,-0.029220,1.573202,0.000000,0.000000,0.000000,0.000000
16.5333,0.310000,0.240000,-0.120000,0.670000,0.000000,0.000000,0.000000,0.140496,-0.522604,-0.010626,1.552969,0.000000,0.000000,0.000000,0.000000
16.5500,0.310000,0.240000,-0.120000,0.670000,0.000000,0.000000,0.000000,0.132942,-0.514858,0.006031,1.525004,0.000000,0.000000,0.000000,0.000000
16.5667,0.310000,0.240000,-0.120000,0.670000,0.000000,0.000000,0.000000,0.126154,-0.506820,0.019185,1.489296,0.000000,0.000000,0.000000,0.000000
16.5833,0.310000,0.240000,-0.120000,0.670000,0.000000,0.000000,0.000000,0.120493,-0.498842,0.027276,1.446178,0.000000,0.000000,0.000000,0.000000
16.6000,0.310000,0.240000,-0.120000,0.670000,0.000000,0.000000,0.000000,0.116082,-0.491200,0.029353,1.396527,0.000000,0.000000,0.000000,0.000000
16.6667,0.310000,0.240000,-0.120000,0.670000,0.000000,0.000000,0.000000,0.112797,-0.484049,0.025642,1.341834,0.000000,0.000000,0.000000,0.000000
16.6833,0.310000,0.240000,-0.120000,0.670000,0.000000,0.000000,0.000000,0.110351,-0.477453,0.017506,1.283985,0.000000,0.000000,0.000000,0.000000
16.7000,0.310000,0.240000,-0.120000,0.670000,0.000000,0.000000,0.000000,0.108404,-0.471436,0.006810,1.224866,0.000000,0.000000,0.000000,0.000000
16.7167,0.310000,0.240000,-0.120000,0.670000,0.000000,0.000000,0.000000,0.106641,-0.465995,-0.004692,1.166069,0.000000,0.000000,0.000000,0.000000
16.7333,0.310000,0.240000,-0.120000,0.670000,0.000000,0.000000,0.000000,0.104791,-0.461087,-0.015590,1.108809,0.000000,0.000000,0.000000,0.000000
16.7500,0.310000,0.240000,-0.120000,0.670000,0.000000,0.000000,0.000000,0.102620,-0.456642,-0.024829,1.053945,0.000000,0.000000,0.000000,0.000000
16.7667,0.310000,0.240000,-0.120000,0.670000,0.000000,0.000000,0.000000,0.099910,-0.452575,-0.031651,1.002017,0.000000,0.000000,0.000000,0.000000
16.7833,0.310000,0.240000,-0.120000,0.670000,0.000000,0.000000,0.000000,0.096445,-0.448810,-0.035558,0.953321,0.000000,0.000000,0.000000,0.000000
16.8000,0.310000,0.240000,-0.120000,0.670000,0.000000,0.000000,0.000000,0.091999,-0.445291,-0.036267,0.907962,0.000000,0.000000,0.000000,0.000000
16.8167,0.310000,0.240000,-0.120000,0.670000,0.000000,0.000000,0.000000,0.086343,-0.442007,-0.033672,0.865918,0.000000,0.000000,0.000000,0.000000
16.8333,0.310000,0.240000,-0.120000,0.670000,0.000000,0.000000,0.000000,0.079246,-0.439008,-0.027800,0.827089,0.000000,0.000000,0.000000,0.000000
16.8500,0.310000,0.240000,-0.120000,0.670000,0.000000,0.000000,0.000000,0.070485,-0.436415,-0.018781,0.791321,0.000000,0.000000,0.000000,0.000000
16.8667,0.310000,0.240000,-0.120000,0.670000,0.000000,0.000000,0.000000,0.059847,-0.434386,-0.006849,0.758418,0.000000,0.000000,0.000000,0.000000
16.8833,0.310000,0.240000,-0.120000,0.670000,0.000000,0.000000,0.000000,0.047128,-0.433077,0.007644,0.728141,0.000000,0.000000,0.000000,0.000000
16.9000,0.310000,0.240000,-0.120000,0.670000,0.000000,0.000000,0.000000,0.032146,-0.432598,0.024238,0.700204,0.000000,0.000000,0.000000,0.000000
16.9167,0.310000,0.240000,-0.120000,0.670000,0.000000,0.000000,0.000000,0.014759,-0.433003,0.042407,0.674273,0.000000,0.000000,0.000000,0.000000
16.9333,0.310000,0.240000,-0.120000,0.670000,0.000000,0.000000,0.000000,-0.005114,-0.434299,0.061615,0.649980,0.000000,0.000000,0.000000,0.000000
16.9500,0.310000,0.240000,-0.120000,0.670000,0.000000,0.000000,0.000000,-0.027462,-0.436470,0.081366,0.626938,0.000000,0.000000,0.000000,0.000000
16.9667,0.310000,0.240000,-0.120000,0.670000,0.000000,0.000000,0.000000,-0.052147,-0.439501,0.101233,0.604766,0.000000,0.000000,0.000000,0.000000
16.9833,0.310000,0.240000,-0.120000,0.670000,0.000000,0.000000,0.000000,-0.078877,-0.443401,0.120872,0.583110,0.000000,0.000000,0.000000,0.000000
17.0000,0.310000,0.240000,-0.120000,0.670000,0.000000,0.000000,0.000000,-0.107192,-0.448218,0.140017,0.561665,0.000000,0.000000,0.000000,0.000000
17.0167,0.310000,0.240000,-0.120000,0.670000,0.000000,0.000000,0.000000,-0.136461,-0.454046,0.158470,0.540187,0.000000,0.000000,0.000000,0.000000
17.0333,0.310000,0.240000,-0.120000,0.670000,0.000000,0.000000,0.000000,-0.165903,-0.461029,0.176081,0.518504,0.000000,0.000000,0.000000,0.000000
17.0500,0.310000,0.240000,-0.120000,0.670000,0.000000,0.000000,0.000000,-0.194640,-0.469323,0.192720,0.496520,0.000000,0.000000,0.000000,0.000000
17.0667,0.310000,0.240000,-0.120000,0.670000,0.000000,0.000000,0.000000,-0.221762,-0.479063,0.208241,0.474201,0.000000,0.000000,0.000000,0.000000
17.0833,0.310000,0.240000,-0.120000,0.670000,0.000000,0.000000,0.000000,-0.246404,-0.490326,0.222470,0.451556,0.000000,0.000000,0.000000,0.000000
17.1000,0.310000,0.240000,-0.120000,0.670000,0.000000,0.000000,0.000000,-0.267823,-0.503105,0.235212,0.428622,0.000000,0.000000,0.000000,0.000000
17.1167,0.310000,0.240000,-0.120000,0.670000,0.000000,0.000000,0.000000,-0.285470,-0.517307,0.246288,0.405477,0.000000,0.000000,0.000000,0.000000
17.1333,0.310000,0.240000,-0.120000,0.670000,0.000000,0.000000,0.000000,-0.299042,-0.532761,0.255575,0.382259,0.000000,0.000000,0.000000,0.000000
17.1500,0.310000,0.240000,-0.120000,0.670000,0.000000,0.000000,0.000000,-0.308495,-0.549228,0.263028,0.359173,0.000000,0.000000,0.000000,0.000000
17.1667,0.310000,0.240000,-0.120000,0.670000,0.000000,0.000000,0.000000,-0.314031,-0.566411,0.268693,0.336490,0.000000,0.000000,0.000000,0.000000
17.1833,0.310000,0.240000,-0.120000,0.670000,0.000000,0.000000,0.000000,-0.316063,-0.583971,0.272688,0.314532,0.000000,0.000000,0.000000,0.000000
17.2000,0.310000,0.240000,-0.120000,0.670000,0.000000,0.000000,0.000000,-0.315132,-0.601550,0.275186,0.293623,0.000000,0.000000,0.000000,0.000000
17.2167,0.310000,0.240000,-0.120000,0.670000,0.000000,0.000000,0.000000,-0.311812,-0.618819,0.276383,0.274037,0.000000,0.000000,0.000000,0.000000
17.2333,0.310000,0.240000,-0.120000,0.670000,0.000000,0.000000,0.000000,-0.306629,-0.635508,0.276467,0.255962,0.000000,0.000000,0.000000,0.000000
17.2500,0.310000,0.240000,-0.120000,0.670000,0.000000,0.000000,0.000000,-0.300008,-0.651434,0.275590,0.239486,0.000000,0.000000,0.000000,0.000000
17.2667,0.310000,0.240000,-0.120000,0.670000,0.000000,0.000000,0.000000,-0.292260,-0.666494,0.273858,0.224603,0.000000,0.000000,0.000000,0.000000
17.2833,0.310000,0.240000,-0.120000,0.670000,0.000000,0.000000,0.000000,-0.283590,-0.680653,0.271318,0.211235,0.000000,0.000000,0.000000,0.000000
17.3000,0.310000,0.240000,-0.120000,0.670000,0.000000,0.000000,0.000000,-0.274137,-0.693905,0.267980,0.199278,0.000000,0.000000,0.000000,0.000000
17.3167,0.310000,0.240000,-0.120000,0.670000,0.000000,0.000000,0.000000,-0.264026,-0.706233,0.263847,0.188636,0.000000,0.000000,0.000000,0.000000
17.3333,0.310000,0.240000,-0.120000,0.670000,0.000000,0.000000,0.000000,-0.253396,-0.717580,0.258937,0.179264,0.000000,0.000000,0.000000,0.000000
17.3500,0.310000,0.240000,-0.120000,0.670000,0.000000,0.000000,0.000000,-0.242409,-0.727843,0.253283,0.171176,0.000000,0.000000,0.000000,0.000000
17.3667,0.310000,0.240000,-0.120000,0.670000,0.000000,0.000000,0.000000,-0.231229,-0.736881,0.246918,0.164450,0.000000,0.000000,0.000000,0.000000
17.3833,0.310000,0.240000,-0.120000,0.670000,0.000000,0.000000,0.000000,-0.220017,-0.744522,0.239873,0.159224,0.000000,0.000000,0.000000,0.000000
17.4000,0.310000,0.240000,-0.120000,0.670000,0.000000,0.000000,0.000000,-0.208916,-0.750571,0.232183,0.155671,0.000000,0.000000,0.000000,0.000000
17.4167,0.310000,0.240000,-0.120000,0.670000,0.000000,0.000000,0.000000,-0.198045,-0.754825,0.223898,0.153979,0.000000,0.000000,0.000000,0.000000
17.4333,0.310000,0.240000,-0.120000,0.670000,0.000000,0.000000,0.000000,-0.187478,-0.757087,0.215093,0.154311,0.000000,0.000000,0.000000,0.000000
17.4500,0.310000,0.240000,-0.120000,0.670000,0.000000,0.000000,0.000000,-0.177235,-0.757185,0.205868,0.156771,0.000000,0.000000,0.000000,0.000000
17.4667,0.310000,0.240000,-0.120000,0.670000,0.000000,0.000000,0.000000,-0.167264,-0.754994,0.196351,0.161384,0.000000,0.000000,0.000000,0.000000
17.4833,0.310000,0.240000,-0.120000,0.670000,0.000000,0.000000,0.000000,-0.157452,-0.750453,0.186698,0.168080,0.000000,0.000000,0.000000,0.000000
17.5000,0.310000,0.240000,-0.120000,0.670000,0.000000,0.000000,0.000000,-0.147630,-0.743583,0.177077,0.176703,0.000000,0.000000,0.000000,0.000000
17.5167,0.310000,0.240000,-0.120000,0.670000,0.000000,0.000000,0.000000,-0.137598,-0.734492,0.167651,0.187022,0.000000,0.000000,0.000000,0.000000
17.5333,0.310000,0.240000,-0.120000,0.670000,0.000000,0.000000,0.000000,-0.127152,-0.723369,0.158562,0.198755,0.000000,0.000000,0.000000,0.000000
17.5500,0.310000,0.240000,-0.120000,0.670000,0.000000,0.000000,0.000000,-0.116118,-0.710470,0.149913,0.211589,0.000000,0.000000,0.000000,0.000000
17.5667,0.310000,0.240000,-0.120000,0.670000,0.000000,0.000000,0.000000,-0.104384,-0.696108,0.141778,0.225198,0.000000,0.000000,0.000000,0.000000
17.5833,0.310000,0.240000,-0.120000,0.670000,0.000000,0.000000,0.000000,-0.091922,-0.680639,0.134196,0.239266,0.000000,0.000000,0.000000,0.000000
17.6000,0.310000,0.240000,-0.120000,0.670000,0.000000,0.000000,0.000000,-0.078806,-0.664441,0.127196,0.253494,0.000000,0.000000,0.000000,0.000000
17.6167,0.310000,0.240000,-0.120000,0.670000,0.000000,0.000000,0.000000,-0.065220,-0.647914,0.120815,0.267611,0.000000,0.000000,0.000000,0.000000
17.6333,0.310000,0.240000,-0.120000,0.670000,0.000000,0.000000,0.000000,-0.051443,-0.631465,0.115117,0.281378,0.000000,0.000000,0.000000,0.000000
17.6500,0.310000,0.240000,-0.120000,0.670000,0.000000,0.000000,0.000000,-0.037832,-0.615494,0.110196,0.294598,0.000000,0.000000,0.000000,0.000000
17.6667,0.310000,0.240000,-0.120000,0.670000,0.000000,0.000000,0.000000,-0.024769,-0.600383,0.106159,0.307141,0.000000,0.000000,0.000000,0.000000
17.6833,0.310000,0.240000,-0.120000,0.670000,0.000000,0.000000,0.000000,-0.012627,-0.586481,0.103108,0.318970,0.000000,0.000000,0.000000,0.000000
17.7000,0.310000,0.240000,-0.120000,0.670000,0.000000,0.000000,0.000000,-0.001717,-0.574092,0.101102,0.330174,0.000000,0.000000,0.000000,0.000000
17.7167,0.310000,0.240000,-0.120000,0.670000,0.000000,0.000000,0.000000,0.007737,-0.563447,0.100105,0.340995,0.000000,0.000000,0.000000,0.000000
17.7333,0.310000,0.240000,-0.120000,0.670000,0.000000,0.000000,0.000000,0.015630,-0.554687,0.099937,0.351839,0.000000,0.000000,0.000000,0.000000
17.7500,0.310000,0.240000,-0.120000,0.670000,0.000000,0.000000,0.000000,0.021987,-0.547850,0.100241,0.363267,0.000000,0.000000,0.000000,0.000000
17.7667,0.310000,0.240000,-0.120000,0.670000,0.000000,0.000000,0.000000,0.026956,-0.542873,0.100500,0.375982,0.000000,0.000000,0.000000,0.000000
17.7833,0.310000,0.240000,-0.120000,0.670000,0.000000,0.000000,0.000000,0.030784,-0.539606,0.100092,0.390801,0.000000,0.000000,0.000000,0.000000
17.8000,0.310000,0.240000,-0.120000,0.670000,0.000000,0.000000,0.000000,0.033780,-0.537838,0.098363,0.408633,0.000000,0.000000,0.000000,0.000000
17.8167,0.310000,0.240000,-0.120000,0.670000,0.000000,0.000000,0.000000,0.036282,-0.537314,0.094689,0.430452,0.000000,0.000000,0.000000,0.000000
17.8333,0.310000,0.240000,-0.120000,0.670000,0.000000,0.000000,0.000000,0.038622,-0.537766,0.088542,0.457264,0.000000,0.000000,0.000000,0.000000
17.8500,0.310000,0.240000,-0.120000,0.670000,0.000000,0.000000,0.000000,0.041100,-0.538922,0.079544,0.490068,0.000000,0.000000,0.000000,0.000000
17.8667,0.310000,0.240000,-0.120000,0.670000,0.000000,0.000000,0.000000,0.043953,-0.540526,0.067524,0.529795,0.000000,0.000000,0.000000,0.000000
17.8833,0.310000,0.240000,-0.120000,0.670000,0.000000,0.000000,0.000000,0.047338,-0.542339,0.052561,0.577238,0.000000,0.000000,0.000000,0.000000
17.9000,0.310000,0.240000,-0.120000,0.670000,0.000000,0.000000,0.000000,0.051329,-0.544141,0.035036,0.632969,0.000000,0.000000,0.000000,0.000000
17.9167,0.310000,0.240000,-0.120000,0.670000,0.000000,0.000000,0.000000,0.055921,-0.545730,0.015655,0.697238,0.000000,0.000000,0.000000,0.000000
17.9333,0.310000,0.240000,-0.120000,0.670000,0.000000,0.000000,0.000000,0.061043,-0.546918,-0.004517,0.769863,0.000000,0.000000,0.000000,0.000000
17.9500,0.310000,0.240000,-0.120000,0.670000,0.000000,0.000000,0.000000,0.066562,-0.547514,-0.024037,0.850113,0.000000,0.000000,0.000000,0.000000
17.9667,0.310000,0.240000,-0.120000,0.670000,0.000000,0.000000,0.000000,0.072310,-0.547314,-0.041076,0.936572,0.000000,0.000000,0.000000,0.000000
18.0667,0.310000,0.240000,-0.120000,0.670000,0.000000,0.000000,0.000000,0.078096,-0.546081,-0.053469,1.027120,0.000000,0.000000,0.000000,0.000000
18.0833,0.310000,0.240000,-0.120000,0.670000,0.000000,0.000000,0.000000,0.083721,-0.543548,-0.058865,1.119241,0.000000,0.000000,0.000000,0.000000
18.1000,0.310000,0.240000,-0.120000,0.670000,0.000000,0.000000,0.000000,0.088968,-0.539455,-0.054932,1.210562,0.000000,0.000000,0.000000,0.000000
18.1167,0.310000,0.240000,-0.120000,0.670000,0.000000,0.000000,0.000000,0.093599,-0.533592,-0.039479,1.299224,0.000000,0.000000,0.000000,0.000000
18.1333,0.310000,0.240000,-0.120000,0.670000,0.000000,0.000000,0.000000,0.097371,-0.525841,-0.010504,1.383932,0.000000,0.000000,0.000000,0.000000
18.1500,0.310000,0.240000,-0.120000,0.670000,0.000000,0.000000,0.000000,0.100070,-0.516188,0.033778,1.463880,0.000000,0.000000,0.000000,0.000000
18.1667,0.310000,0.240000,-0.120000,0.670000,0.000000,0.000000,0.000000,0.101548,-0.504736,0.094877,1.538651,0.000000,0.000000,0.000000,0.000000
18.1833,0.310000,0.240000,-0.120000,0.670000,0.000000,0.000000,0.000000,0.101765,-0.491691,0.173938,1.608103,0.000000,0.000000,0.000000,0.000000
18.2000,0.310000,0.240000,-0.120000,0.670000,0.000000,0.000000,0.000000,0.100816,-0.477367,0.271623,1.672251,0.000000,0.000000,0.000000,0.000000
18.2167,0.310000,0.240000,-0.120000,0.670000,0.000000,0.000000,0.000000,0.098928,-0.462182,0.387953,1.731149,0.000000,0.000000,0.000000,0.000000
18.2333,0.310000,0.240000,-0.120000,0.670000,0.000000,0.000000,0.000000,0.096436,-0.446671,0.522120,1.784781,0.000000,0.000000,0.000000,0.000000
18.2667,0.310000,0.240000,-0.120000,0.670000,0.000000,0.000000,0.000000,0.093732,-0.431491,0.672279,1.832992,0.000000,0.000000,0.000000,0.000000
18.2833,0.310000,0.240000,-0.120000,0.670000,0.000000,0.000000,0.000000,0.091165,-0.417393,0.835424,1.875537,0.000000,0.000000,0.000000,0.000000
18.3000,0.310000,0.240000,-0.120000,0.670000,0.000000,0.000000,0.000000,0.088915,-0.405121,1.007542,1.912231,0.000000,0.000000,0.000000,0.000000
18.3167,0.310000,0.240000,-0.120000,0.670000,0.000000,0.000000,0.000000,0.086931,-0.395323,1.184136,1.943034,0.000000,0.000000,0.000000,0.000000
18.3333,0.310000,0.240000,-0.120000,0.670000,0.000000,0.000000,0.000000,0.084987,-0.388480,1.360894,1.968041,0.000000,0.000000,0.000000,0.000000
18.3500,0.310000,0.240000,-0.120000,0.670000,0.000000,0.000000,0.000000,0.082759,-0.384869,1.534080,1.987448,0.000000,0.000000,0.000000,0.000000
18.3667,0.310000,0.240000,-0.120000,0.670000,0.000000,0.000000,0.000000,0.079891,-0.384560,1.700598,2.001540,0.000000,0.000000,0.000000,0.000000
18.3833,0.310000,0.240000,-0.120000,0.670000,0.000000,0.000000,0.000000,0.076030,-0.387414,1.857887,2.010678,0.000000,0.000000,0.000000,0.000000
18.4000,0.310000,0.240000,-0.120000,0.670000,0.000000,0.000000,0.000000,0.070851,-0.393104,2.003824,2.015277,0.000000,0.000000,0.000000,0.000000
18.4167,0.310000,0.240000,-0.120000,0.670000,0.000000,0.000000,0.000000,0.064085,-0.401138,2.136696,2.015774,0.000000,0.000000,0.000000,0.000000
18.4333,0.310000,0.240000,-0.120000,0.670000,0.000000,0.000000,0.000000,0.055543,-0.410904,2.255254,2.012598,0.000000,0.000000,0.000000,0.000000
18.4500,0.310000,0.240000,-0.120000,0.670000,0.000000,0.000000,0.000000,0.045157,-0.421728,2.358811,2.006168,0.000000,0.000000,0.000000,0.000000
18.4667,0.310000,0.240000,-0.120000,0.670000,0.000000,0.000000,0.000000,0.033005,-0.432924,2.447298,1.996924,0.000000,0.000000,0.000000,0.000000
18.4833,0.310000,0.240000,-0.120000,0.670000,0.000000,0.000000,0.000000,0.019322,-0.443842,2.521211,1.985364,0.000000,0.000000,0.000000,0.000000
18.5000,0.310000,0.240000,-0.120000,0.670000,0.000000,0.000000,0.000000,0.004483,-0.453905,2.581468,1.972069,0.000000,0.000000,0.000000,0.000000
18.5167,0.310000,0.240000,-0.120000,0.670000,0.000000,0.000000,0.000000,-0.011048,-0.462635,2.629274,1.957681,0.000000,0.000000,0.000000,0.000000
18.5333,0.310000,0.240000,-0.120000,0.670000,0.000000,0.000000,0.000000,-0.026781,-0.469668,2.666000,1.942854,0.000000,0.000000,0.000000,0.000000
18.5500,0.310000,0.240000,-0.120000,0.670000,0.000000,0.000000,0.000000,-0.042273,-0.474761,2.693086,1.928186,0.000000,0.000000,0.000000,0.000000
18.5667,0.310000,0.240000,-0.120000,0.670000,0.000000,0.000000,0.000000,-0.057176,-0.477783,2.711971,1.914160,0.000000,0.000000,0.000000,0.000000
18.5833,0.310000,0.240000,-0.120000,0.670000,0.000000,0.000000,0.000000,-0.071276,-0.478708,2.724035,1.901119,0.000000,0.000000,0.000000,0.000000
18.6000,0.310000,0.240000,-0.120000,0.670000,0.000000,0.000000,0.000000,-0.084508,-0.477595,2.730567,1.889261,0.000000,0.000000,0.000000,0.000000
18.6167,0.310000,0.240000,-0.120000,0.670000,0.000000,0.000000,0.000000,-0.096952,-0.474578,2.732734,1.878653,0.000000,0.000000,0.000000,0.000000
18.6333,0.310000,0.240000,-0.120000,0.670000,0.000000,0.000000,0.000000,-0.108824,-0.469847,2.731570,1.869255,0.000000,0.000000,0.000000,0.000000
18.6500,0.310000,0.240000,-0.120000,0.670000,0.000000,0.000000,0.000000,-0.120463,-0.463642,2.727969,1.860943,0.000000,0.000000,0.000000,0.000000
18.6667,0.310000,0.240000,-0.120000,0.670000,0.000000,0.000000,0.000000,-0.132290,-0.456241,2.722690,1.853542,0.000000,0.000000,0.000000,0.000000
18.6833,0.310000,0.240000,-0.120000,0.670000,0.000000,0.000000,0.000000,-0.144773,-0.447948,2.716359,1.846863,0.000000,0.000000,0.000000,0.000000
18.7000,0.310000,0.240000,-0.120000,0.670000,0.000000,0.000000,0.000000,-0.158391,-0.439087,2.709481,1.840732,0.000000,0.000000,0.000000,0.000000
18.7167,0.310000,0.240000,-0.120000,0.670000,0.000000,0.000000,0.000000,-0.173600,-0.429979,2.702454,1.835024,0.000000,0.000000,0.000000,0.000000
18.7333,0.310000,0.240000,-0.120000,0.670000,0.000000,0.000000,0.000000,-0.190813,-0.420925,2.695575,1.829670,0.000000,0.000000,0.000000,0.000000
18.7500,0.310000,0.240000,-0.120000,0.670000,0.000000,0.000000,0.000000,-0.210387,-0.412197,2.689062,1.824666,0.000000,0.000000,0.000000,0.000000
18.7667,0.310000,0.240000,-0.120000,0.670000,0.000000,0.000000,0.000000,-0.232596,-0.404033,2.683061,1.820070,0.000000,0.000000,0.000000,0.000000
18.7833,0.310000,0.240000,-0.120000,0.670000,0.000000,0.000000,0.000000,-0.257599,-0.396651,2.677661,1.816001,0.000000,0.000000,0.000000,0.000000
18.8000,0.310000,0.240000,-0.120000,0.670000,0.000000,0.000000,0.000000,-0.285395,-0.390259,2.672906,1.812654,0.000000,0.000000,0.000000,0.000000
18.8167,0.310000,0.240000,-0.120000,0.670000,0.000000,0.000000,0.000000,-0.315778,-0.385079,2.668806,1.810311,0.000000,0.000000,0.000000,0.000000
18.8333,0.310000,0.240000,-0.120000,0.670000,0.000000,0.000000,0.000000,-0.348289,-0.381363,2.665341,1.809353,0.000000,0.000000,0.000000,0.000000
18.8500,0.310000,0.240000,-0.120000,0.670000,0.000000,0.000000,0.000000,-0.382198,-0.379412,2.662478,1.810262,0.000000,0.000000,0.000000,0.000000
18.8667,0.310000,0.240000,-0.120000,0.670000,0.000000,0.000000,0.000000,-0.416507,-0.379582,2.660171,1.813593,0.000000,0.000000,0.000000,0.000000
18.8833,0.310000,0.240000,-0.120000,0.670000,0.000000,0.000000,0.000000,-0.449999,-0.382279,2.658368,1.819944,0.000000,0.000000,0.000000,0.000000
18.9000,0.310000,0.240000,-0.120000,0.670000,0.000000,0.000000,0.000000,-0.481337,-0.387923,2.657016,1.829901,0.000000,0.000000,0.000000,0.000000
18.9167,0.310000,0.240000,-0.120000,0.670000,0.000000,0.000000,0.000000,-0.509192,-0.396887,2.656067,1.843982,0.000000,0.000000,0.000000,0.000000
18.9333,0.310000,0.240000,-0.120000,0.670000,0.000000,0.000000,0.000000,-0.532395,-0.409414,2.655477,1.862569,0.000000,0.000000,0.000000,0.000000
18.9500,0.310000,0.240000,-0.120000,0.670000,0.000000,0.000000,0.000000,-0.550056,-0.425553,2.655208,1.885865,0.000000,0.000000,0.000000,0.000000
18.9667,0.310000,0.240000,-0.120000,0.670000,0.000000,0.000000,0.000000,-0.561655,-0.445141,2.655232,1.913855,0.000000,0.000000,0.000000,0.000000
18.9833,0.310000,0.240000,-0.120000,0.670000,0.000000,0.000000,0.000000,-0.567078,-0.467805,2.655531,1.946277,0.000000,0.000000,0.000000,0.000000
19.0000,0.310000,0.240000,-0.120000,0.670000,0.000000,0.000000,0.000000,-0.566603,-0.492990,2.656093,1.982599,0.000000,0.000000,0.000000,0.000000
19.0167,0.310000,0.240000,-0.120000,0.670000,0.000000,0.000000,0.000000,-0.560852,-0.519997,2.656919,2.022001,0.000000,0.000000,0.000000,0.000000
19.0333,0.310000,0.240000,-0.120000,0.670000,0.000000,0.000000,0.000000,-0.550727,-0.548019,2.658012,2.063367,0.000000,0.000000,0.000000,0.000000
19.0500,0.310000,0.240000,-0.120000,0.670000,0.000000,0.000000,0.000000,-0.537338,-0.576192,2.659385,2.105275,0.000000,0.000000,0.000000,0.000000
19.0667,0.310000,0.240000,-0.120000,0.670000,0.000000,0.000000,0.000000,-0.521924,-0.603655,2.661053,2.146038,0.000000,0.000000,0.000000,0.000000
19.0833,0.310000,0.240000,-0.120000,0.670000,0.000000,0.000000,0.000000,-0.505759,-0.629628,2.663032,2.183816,0.000000,0.000000,0.000000,0.000000
19.1000,0.310000,0.240000,-0.120000,0.670000,0.000000,0.000000,0.000000,-0.490028,-0.653506,2.665336,2.216868,0.000000,0.000000,0.000000,0.000000
19.1167,0.310000,0.240000,-0.120000,0.670000,0.000000,0.000000,0.000000,-0.475706,-0.674931,2.667971,2.243830,0.000000,0.000000,0.000000,0.000000
19.1333,0.310000,0.240000,-0.120000,0.670000,0.000000,0.000000,0.000000,-0.463490,-0.693804,2.670935,2.263879,0.000000,0.000000,0.000000,0.000000
19.1500,0.310000,0.240000,-0.120000,0.670000,0.000000,0.000000,0.000000,-0.453768,-0.710264,2.674208,2.276744,0.000000,0.000000,0.000000,0.000000
19.1667,0.310000,0.240000,-0.120000,0.670000,0.000000,0.000000,0.000000,-0.446640,-0.724645,2.677750,2.282637,0.000000,0.000000,0.000000,0.000000
19.1833,0.310000,0.240000,-0.120000,0.670000,0.000000,0.000000,0.000000,-0.441958,-0.737431,2.681491,2.282130,0.000000,0.000000,0.000000,0.000000
19.2000,0.310000,0.240000,-0.120000,0.670000,0.000000,0.000000,0.000000,-0.439378,-0.749195,2.685328,2.276028,0.000000,0.000000,0.000000,0.000000
19.2167,0.310000,0.240000,-0.120000,0.670000,0.000000,0.000000,0.000000,-0.438423,-0.760550,2.689116,2.265243,0.000000,0.000000,0.000000,0.000000
19.2333,0.310000,0.240000,-0.120000,0.670000,0.000000,0.000000,0.000000,-0.438547,-0.772064,2.692658,2.250699,0.000000,0.000000,0.000000,0.000000
19.2500,0.310000,0.240000,-0.120000,0.670000,0.000000,0.000000,0.000000,-0.439213,-0.784176,2.695704,2.233254,0.000000,0.000000,0.000000,0.000000
19.2667,0.310000,0.240000,-0.120000,0.670000,0.000000,0.000000,0.000000,-0.439983,-0.797085,2.697938,2.213642,0.000000,0.000000,0.000000,0.000000
19.3167,0.310000,0.240000,-0.120000,0.670000,0.000000,0.000000,0.000000,-0.440592,-0.810665,2.698976,2.192422,0.000000,0.000000,0.000000,0.000000
19.3333,0.310000,0.240000,-0.120000,0.670000,0.000000,0.000000,0.000000,-0.440971,-0.824474,2.698362,2.169952,0.000000,0.000000,0.000000,0.000000
19.3500,0.310000,0.240000,-0.120000,0.670000,0.000000,0.000000,0.000000,-0.441201,-0.837852,2.695564,2.146386,0.000000,0.000000,0.000000,0.000000
19.3667,0.310000,0.240000,-0.120000,0.670000,0.000000,0.000000,0.000000,-0.441462,-0.850035,2.689977,2.121679,0.000000,0.000000,0.000000,0.000000
19.3833,0.310000,0.240000,-0.120000,0.670000,0.000000,0.000000,0.000000,-0.441983,-0.860249,2.680932,2.095611,0.000000,0.000000,0.000000,0.000000
19.4000,0.310000,0.240000,-0.120000,0.670000,0.000000,0.000000,0.000000,-0.442975,-0.867799,2.667702,2.067871,0.000000,0.000000,0.000000,0.000000
19.4167,0.310000,0.240000,-0.120000,0.670000,0.000000,0.000000,0.000000,-0.444537,-0.872169,2.649525,2.038195,0.000000,0.000000,0.000000,0.000000
19.4333,0.310000,0.240000,-0.120000,0.670000,0.000000,0.000000,0.000000,-0.446567,-0.873108,2.625627,2.006519,0.000000,0.000000,0.000000,0.000000
19.4500,0.310000,0.240000,-0.120000,0.670000,0.000000,0.000000,0.000000,-0.448745,-0.870667,2.595262,1.973053,0.000000,0.000000,0.000000,0.000000
19.4667,0.310000,0.240000,-0.120000,0.670000,0.000000,0.000000,0.000000,-0.450622,-0.865149,2.557756,1.938215,0.000000,0.000000,0.000000,0.000000
19.4833,0.310000,0.240000,-0.120000,0.670000,0.000000,0.000000,0.000000,-0.451775,-0.856998,2.512569,1.902466,0.000000,0.000000,0.000000,0.000000
19.5000,0.310000,0.240000,-0.120000,0.670000,0.000000,0.000000,0.000000,-0.451942,-0.846679,2.459368,1.866159,0.000000,0.000000,0.000000,0.000000
19.5167,0.310000,0.240000,-0.120000,0.670000,0.000000,0.000000,0.000000,-0.451055,-0.834614,2.398115,1.829514,0.000000,0.000000,0.000000,0.000000
19.5333,0.310000,0.240000,-0.120000,0.670000,0.000000,0.000000,0.000000,-0.449164,-0.821208,2.329174,1.792707,0.000000,0.000000,0.000000,0.000000
19.5500,0.310000,0.240000,-0.120000,0.670000,0.000000,0.000000,0.000000,-0.446297,-0.806891,2.253424,1.756040,0.000000,0.000000,0.000000,0.000000
19.6167,0.310000,0.240000,-0.120000,0.670000,0.000000,0.000000,0.000000,-0.442330,-0.792155,2.172278,1.720061,0.000000,0.000000,0.000000,0.000000
19.6333,0.310000,0.240000,-0.120000,0.670000,0.000000,0.000000,0.000000,-0.436993,-0.777503,2.087340,1.685527,0.000000,0.000000,0.000000,0.000000
19.6500,0.310000,0.240000,-0.120000,0.670000,0.000000,0.000000,0.000000,-0.429979,-0.763373,1.999834,1.653157,0.000000,0.000000,0.000000,0.000000
19.6667,0.310000,0.240000,-0.120000,0.670000,0.000000,0.000000,0.000000,-0.421060,-0.750099,1.910285,1.623426,0.000000,0.000000,0.000000,0.000000
19.6833,0.310000,0.240000,-0.120000,0.670000,0.000000,0.000000,0.000000,-0.410091,-0.737904,1.818563,1.596539,0.000000,0.000000,0.000000,0.000000
19.7000,0.310000,0.240000,-0.120000,0.670000,0.000000,0.000000,0.000000,-0.396981,-0.726893,1.724065,1.572514,0.000000,0.000000,0.000000,0.000000
19.7167,0.310000,0.240000,-0.120000,0.670000,0.000000,0.000000,0.000000,-0.381647,-0.717057,1.625889,1.551272,0.000000,0.000000,0.000000,0.000000
19.7333,0.310000,0.240000,-0.120000,0.670000,0.000000,0.000000,0.000000,-0.363981,-0.708283,1.523020,1.532709,0.000000,0.000000,0.000000,0.000000
19.7500,0.310000,0.240000,-0.120000,0.670000,0.000000,0.000000,0.000000,-0.343838,-0.700373,1.414526,1.516748,0.000000,0.000000,0.000000,0.000000
19.7667,0.310000,0.240000,-0.120000,0.670000,0.000000,0.000000,0.000000,-0.321045,-0.693069,1.299757,1.503377,0.000000,0.000000,0.000000,0.000000
19.7833,0.310000,0.240000,-0.120000,0.670000,0.000000,0.000000,0.000000,-0.295450,-0.686081,1.178557,1.492680,0.000000,0.000000,0.000000,0.000000
19.8000,0.310000,0.240000,-0.120000,0.670000,0.000000,0.000000,0.000000,-0.266979,-0.679109,1.051492,1.484849,0.000000,0.000000,0.000000,0.000000
19.8167,0.310000,0.240000,-0.120000,0.670000,0.000000,0.000000,0.000000,-0.235722,-0.671872,0.920080,1.480195,0.000000,0.000000,0.000000,0.000000
19.8333,0.310000,0.240000,-0.120000,0.670000,0.000000,0.000000,0.000000,-0.202009,-0.664129,0.787043,1.479149,0.000000,0.000000,0.000000,0.000000
19.8833,0.310000,0.240000,-0.120000,0.670000,0.000000,0.000000,0.000000,-0.166448,-0.655711,0.656434,1.482219,0.000000,0.000000,0.000000,0.000000
19.9167,0.310000,0.240000,-0.120000,0.670000,0.000000,0.000000,0.000000,-0.129887,-0.646538,0.533293,1.489835,0.000000,0.000000,0.000000,0.000000
19.9667,0.310000,0.240000,-0.120000,0.670000,0.000000,0.000000,0.000000,-0.093273,-0.636594,0.422759,1.502111,0.000000,0.000000,0.000000,0.000000
19.9833,0.310000,0.240000,-0.120000,0.670000,0.000000,0.000000,0.000000,-0.057495,-0.625835,0.329159,1.518751,0.000000,0.000000,0.000000,0.000000
20.0000,0.310000,0.240000,-0.120000,0.670000,0.000000,0.000000,0.000000,-0.023318,-0.614153,0.255611,1.539142,0.000000,0.000000,0.000000,0.000000
20.0167,0.310000,0.240000,-0.120000,0.670000,0.000000,0.000000,0.000000,0.008605,-0.601390,0.204030,1.562509,0.000000,0.000000,0.000000,0.000000
20.0333,0.310000,0.240000,-0.120000,0.670000,0.000000,0.000000,0.000000,0.037698,-0.587397,0.175248,1.587989,0.000000,0.000000,0.000000,0.000000
20.0500,0.310000,0.240000,-0.120000,0.670000,0.000000,0.000000,0.000000,0.063467,-0.572090,0.169118,1.614662,0.000000,0.000000,0.000000,0.000000
20.0667,0.310000,0.240000,-0.120000,0.670000,0.000000,0.000000,0.000000,0.085526,-0.555512,0.184565,1.641562,0.000000,0.000000,0.000000,0.000000
20.0833,0.310000,0.240000,-0.120000,0.670000,0.000000,0.000000,0.000000,0.103653,-0.537877,0.219606,1.667664,0.000000,0.000000,0.000000,0.000000
20.1000,0.310000,0.240000,-0.120000,0.670000,0.000000,0.000000,0.000000,0.117844,-0.519607,0.271314,1.691867,0.000000,0.000000,0.000000,0.000000
20.1167,0.310000,0.240000,-0.120000,0.670000,0.000000,0.000000,0.000000,0.128351,-0.501344,0.335760,1.712966,0.000000,0.000000,0.000000,0.000000
20.1667,0.310000,0.240000,-0.120000,0.670000,0.000000,0.000000,0.000000,0.135652,-0.483913,0.408027,1.729655,0.000000,0.000000,0.000000,0.000000
20.1833,0.310000,0.240000,-0.120000,0.670000,0.000000,0.000000,0.000000,0.140329,-0.468185,0.482614,1.740646,0.000000,0.000000,0.000000,0.000000
20.2000,0.310000,0.240000,-0.120000,0.670000,0.000000,0.000000,0.000000,0.142888,-0.454886,0.554191,1.744879,0.000000,0.000000,0.000000,0.000000
20.2167,0.310000,0.240000,-0.120000,0.670000,0.000000,0.000000,0.000000,0.143679,-0.444457,0.618248,1.741657,0.000000,0.000000,0.000000,0.000000
20.2333,0.310000,0.240000,-0.120000,0.670000,0.000000,0.000000,0.000000,0.142898,-0.437033,0.671311,1.730622,0.000000,0.000000,0.000000,0.000000
20.2500,0.310000,0.240000,-0.120000,0.670000,0.000000,0.000000,0.000000,0.140622,-0.432500,0.710896,1.711682,0.000000,0.000000,0.000000,0.000000
20.2667,0.310000,0.240000,-0.120000,0.670000,0.000000,0.000000,0.000000,0.136854,-0.430570,0.735389,1.684926,0.000000,0.000000,0.000000,0.000000
20.2833,0.310000,0.240000,-0.120000,0.670000,0.000000,0.000000,0.000000,0.131562,-0.430839,0.743931,1.650587,0.000000,0.000000,0.000000,0.000000
20.3000,0.310000,0.240000,-0.120000,0.670000,0.000000,0.000000,0.000000,0.124726,-0.432834,0.736352,1.609032,0.000000,0.000000,0.000000,0.000000
20.3167,0.310000,0.240000,-0.120000,0.670000,0.000000,0.000000,0.000000,0.116383,-0.436053,0.713154,1.560778,0.000000,0.000000,0.000000,0.000000
20.3333,0.310000,0.240000,-0.120000,0.670000,0.000000,0.000000,0.000000,0.106649,-0.440002,0.675520,1.506536,0.000000,0.000000,0.000000,0.000000
20.3500,0.310000,0.240000,-0.120000,0.670000,0.000000,0.000000,0.000000,0.095747,-0.444230,0.625363,1.447279,0.000000,0.000000,0.000000,0.000000
20.3667,0.310000,0.240000,-0.120000,0.670000,0.000000,0.000000,0.000000,0.084000,-0.448364,0.565393,1.384321,0.000000,0.000000,0.000000,0.000000
20.4500,0.310000,0.240000,-0.120000,0.670000,0.000000,0.000000,0.000000,0.071804,-0.452120,0.499099,1.319353,0.000000,0.000000,0.000000,0.000000
20.4667,0.310000,0.240000,-0.120000,0.670000,0.000000,0.000000,0.000000,0.059565,-0.455297,0.430349,1.254260,0.000000,0.000000,0.000000,0.000000
20.4833,0.310000,0.240000,-0.120000,0.670000,0.000000,0.000000,0.000000,0.047630,-0.457726,0.362702,1.190783,0.000000,0.000000,0.000000,0.000000
20.5000,0.310000,0.240000,-0.120000,0.670000,0.000000,0.000000,0.000000,0.036240,-0.459213,0.298894,1.130273,0.000000,0.000000,0.000000,0.000000
20.5167,0.310000,0.240000,-0.120000,0.670000,0.000000,0.000000,0.000000,0.025522,-0.459515,0.240769,1.073656,0.000000,0.000000,0.000000,0.000000
20.5333,0.310000,0.240000,-0.120000,0.670000,0.000000,0.000000,0.000000,0.015501,-0.458378,0.189416,1.021489,0.000000,0.000000,0.000000,0.000000
20.5500,0.310000,0.240000,-0.120000,0.670000,0.000000,0.000000,0.000000,0.006122,-0.455591,0.145325,0.974026,0.000000,0.000000,0.000000,0.000000
20.5667,0.310000,0.240000,-0.120000,0.670000,0.000000,0.000000,0.000000,-0.002716,-0.451041,0.108530,0.931288,0.000000,0.000000,0.000000,0.000000
20.5833,0.310000,0.240000,-0.120000,0.670000,0.000000,0.000000,0.000000,-0.011136,-0.444736,0.078726,0.893100,0.000000,0.000000,0.000000,0.000000
20.6000,0.310000,0.240000,-0.120000,0.670000,0.000000,0.000000,0.000000,-0.019260,-0.436816,0.055393,0.859123,0.000000,0.000000,0.000000,0.000000
20.6167,0.310000,0.240000,-0.120000,0.670000,0.000000,0.000000,0.000000,-0.027189,-0.427545,0.037885,0.828857,0.000000,0.000000,0.000000,0.000000
20.6333,0.310000,0.240000,-0.120000,0.670000,0.000000,0.000000,0.000000,-0.034996,-0.417291,0.025509,0.801658,0.000000,0.000000,0.000000,0.000000
20.6500,0.310000,0.240000,-0.120000,0.670000,0.000000,0.000000,0.000000,-0.042724,-0.406499,0.017566,0.776777,0.000000,0.000000,0.000000,0.000000
20.6667,0.310000,0.240000,-0.120000,0.670000,0.000000,0.000000,0.000000,-0.050392,-0.395664,0.013370,0.753411,0.000000,0.000000,0.000000,0.000000
20.6833,0.310000,0.240000,-0.120000,0.670000,0.000000,0.000000,0.000000,-0.058008,-0.385303,0.012265,0.730765,0.000000,0.000000,0.000000,0.000000
20.7000,0.310000,0.240000,-0.120000,0.670000,0.000000,0.000000,0.000000,-0.065589,-0.375920,0.013631,0.708110,0.000000,0.000000,0.000000,0.000000
20.7167,0.310000,0.240000,-0.120000,0.670000,0.000000,0.000000,0.000000,-0.073170,-0.367992,0.016917,0.684838,0.000000,0.000000,0.000000,0.000000
20.7333,0.310000,0.240000,-0.120000,0.670000,0.000000,0.000000,0.000000,-0.080822,-0.361941,0.021664,0.660499,0.000000,0.000000,0.000000,0.000000
20.7500,0.310000,0.240000,-0.120000,0.670000,0.000000,0.000000,0.000000,-0.088651,-0.358116,0.027532,0.634826,0.000000,0.000000,0.000000,0.000000
20.7667,0.310000,0.240000,-0.120000,0.670000,0.000000,0.000000,0.000000,-0.096789,-0.356766,0.034279,0.607737,0.000000,0.000000,0.000000,0.000000
20.7833,0.310000,0.240000,-0.120000,0.670000,0.000000,0.000000,0.000000,-0.105372,-0.358025,0.041721,0.579326,0.000000,0.000000,0.000000,0.000000
20.8000,0.310000,0.240000,-0.120000,0.670000,0.000000,0.000000,0.000000,-0.114512,-0.361890,0.049674,0.549848,0.000000,0.000000,0.000000,0.000000
20.8167,0.310000,0.240000,-0.120000,0.670000,0.000000,0.000000,0.000000,-0.124277,-0.368236,0.057926,0.519691,0.000000,0.000000,0.000000,0.000000
20.8333,0.310000,0.240000,-0.120000,0.670000,0.000000,0.000000,0.000000,-0.134675,-0.376837,0.066234,0.489361,0.000000,0.000000,0.000000,0.000000
20.8500,0.310000,0.240000,-0.120000,0.670000,0.000000,0.000000,0.000000,-0.145641,-0.387410,0.074341,0.459431,0.000000,0.000000,0.000000,0.000000
20.8667,0.310000,0.240000,-0.120000,0.670000,0.000000,0.000000,0.000000,-0.157014,-0.399674,0.081984,0.430489,0.000000,0.000000,0.000000,0.000000
20.8833,0.310000,0.240000,-0.120000,0.670000,0.000000,0.000000,0.000000,-0.168517,-0.413399,0.088900,0.403077,0.000000,0.000000,0.000000,0.000000
20.9000,0.310000,0.240000,-0.120000,0.670000,0.000000,0.000000,0.000000,-0.179734,-0.428434,0.094809,0.377632,0.000000,0.000000,0.000000,0.000000
20.9167,0.310000,0.240000,-0.120000,0.670000,0.000000,0.000000,0.000000,-0.190141,-0.444712,0.099405,0.354463,0.000000,0.000000,0.000000,0.000000
20.9333,0.310000,0.240000,-0.120000,0.670000,0.000000,0.000000,0.000000,-0.199150,-0.462221,0.102365,0.333760,0.000000,0.000000,0.000000,0.000000
20.9500,0.310000,0.240000,-0.120000,0.670000,0.000000,0.000000,0.000000,-0.206180,-0.480982,0.103369,0.315612,0.000000,0.000000,0.000000,0.000000
20.9667,0.310000,0.240000,-0.120000,0.670000,0.000000,0.000000,0.000000,-0.210719,-0.501018,0.102134,0.300040,0.000000,0.000000,0.000000,0.000000
20.9833,0.310000,0.240000,-0.120000,0.670000,0.000000,0.000000,0.000000,-0.212361,-0.522344,0.098446,0.287013,0.000000,0.000000,0.000000,0.000000
21.0000,0.310000,0.240000,-0.120000,0.670000,0.000000,0.000000,0.000000,-0.210850,-0.544948,0.092199,0.276475,0.000000,0.000000,0.000000,0.000000
21.0167,0.310000,0.240000,-0.120000,0.670000,0.000000,0.000000,0.000000,-0.206124,-0.568761,0.083439,0.268369,0.000000,0.000000,0.000000,0.000000
21.0500,0.310000,0.240000,-0.120000,0.670000,0.000000,0.000000,0.000000,-0.198353,-0.593631,0.072418,0.262665,0.000000,0.000000,0.000000,0.000000
21.0667,0.310000,0.240000,-0.120000,0.670000,0.000000,0.000000,0.000000,-0.187926,-0.619317,0.059605,0.259349,0.000000,0.000000,0.000000,0.000000
21.0833,0.310000,0.240000,-0.120000,0.670000,0.000000,0.000000,0.000000,-0.175380,-0.645512,0.045650,0.258392,0.000000,0.000000,0.000000,0.000000
21.1000,0.310000,0.240000,-0.120000,0.670000,0.000000,0.000000,0.000000,-0.161327,-0.671862,0.031304,0.259716,0.000000,0.000000,0.000000,0.000000
21.1167,0.310000,0.240000,-0.120000,0.670000,0.000000,0.000000,0.000000,-0.146398,-0.697969,0.017337,0.263198,0.000000,0.000000,0.000000,0.000000
21.1333,0.310000,0.240000,-0.120000,0.670000,0.000000,0.000000,0.000000,-0.131217,-0.723394,0.004463,0.268686,0.000000,0.000000,0.000000,0.000000
21.1500,0.310000,0.240000,-0.120000,0.670000,0.000000,0.000000,0.000000,-0.116382,-0.747667,-0.006711,0.276020,0.000000,0.000000,0.000000,0.000000
21.1667,0.310000,0.240000,-0.120000,0.670000,0.000000,0.000000,0.000000,-0.102456,-0.770298,-0.015701,0.285043,0.000000,0.000000,0.000000,0.000000
21.1833,0.310000,0.240000,-0.120000,0.670000,0.000000,0.000000,0.000000,-0.089958,-0.790788,-0.022158,0.295623,0.000000,0.000000,0.000000,0.000000
21.2000,0.310000,0.240000,-0.120000,0.670000,0.000000,0.000000,0.000000,-0.079352,-0.808653,-0.025848,0.307660,0.000000,0.000000,0.000000,0.000000
21.2167,0.310000,0.240000,-0.120000,0.670000,0.000000,0.000000,0.000000,-0.071023,-0.823443,-0.026632,0.321091,0.000000,0.000000,0.000000,0.000000
21.2333,0.310000,0.240000,-0.120000,0.670000,0.000000,0.000000,0.000000,-0.065257,-0.834770,-0.024468,0.335883,0.000000,0.000000,0.000000,0.000000
21.2500,0.310000,0.240000,-0.120000,0.670000,0.000000,0.000000,0.000000,-0.062204,-0.842325,-0.019416,0.352041,0.000000,0.000000,0.000000,0.000000
21.2667,0.310000,0.240000,-0.120000,0.670000,0.000000,0.000000,0.000000,-0.061871,-0.845897,-0.011659,0.369595,0.000000,0.000000,0.000000,0.000000
21.2833,0.310000,0.240000,-0.120000,0.670000,0.000000,0.000000,0.000000,-0.064119,-0.845398,-0.001505,0.388591,0.000000,0.000000,0.000000,0.000000
21.3000,0.310000,0.240000,-0.120000,0.670000,0.000000,0.000000,0.000000,-0.068697,-0.840873,0.010629,0.409055,0.000000,0.000000,0.000000,0.000000
21.3167,0.310000,0.240000,-0.120000,0.670000,0.000000,0.000000,0.000000,-0.075269,-0.832504,0.024243,0.430975,0.000000,0.000000,0.000000,0.000000
21.3333,0.310000,0.240000,-0.120000,0.670000,0.000000,0.000000,0.000000,-0.083452,-0.820614,0.038791,0.454285,0.000000,0.000000,0.000000,0.000000
21.3500,0.310000,0.240000,-0.120000,0.670000,0.000000,0.000000,0.000000,-0.092841,-0.805650,0.053720,0.478840,0.000000,0.000000,0.000000,0.000000
21.3667,0.310000,0.240000,-0.120000,0.670000,0.000000,0.000000,0.000000,-0.103031,-0.788168,0.068511,0.504394,0.000000,0.000000,0.000000,0.000000
21.3833,0.310000,0.240000,-0.120000,0.670000,0.000000,0.000000,0.000000,-0.113630,-0.768817,0.082713,0.530579,0.000000,0.000000,0.000000,0.000000
21.4000,0.310000,0.240000,-0.120000,0.670000,0.000000,0.000000,0.000000,-0.124277,-0.748312,0.095977,0.556901,0.000000,0.000000,0.000000,0.000000
21.4167,0.310000,0.240000,-0.120000,0.670000,0.000000,0.000000,0.000000,-0.134648,-0.727416,0.108073,0.582759,0.000000,0.000000,0.000000,0.000000
21.4333,0.310000,0.240000,-0.120000,0.670000,0.000000,0.000000,0.000000,-0.144459,-0.706902,0.118885,0.607476,0.000000,0.000000,0.000000,0.000000
