t_s,left_shoulder_pitch,left_shoulder_roll,left_shoulder_yaw,left_elbow,left_wrist_roll,left_wrist_pitch,left_wrist_yaw,right_shoulder_pitch,right_shoulder_roll,right_shoulder_yaw,right_elbow,right_wrist_roll,right_wrist_pitch,right_wrist_yaw,waist_yaw
8.7833,0.542989,0.127200,-0.229456,0.562548,0.000000,0.000000,0.000000,0.538604,-0.167810,0.268549,0.044116,0.000000,0.000000,0.000000,0.000000
8.8000,0.532243,0.143770,-0.262202,0.564975,0.000000,0.000000,0.000000,0.541356,-0.227124,0.293385,0.109525,0.000000,0.000000,0.000000,0.000000
8.8667,0.521065,0.159779,-0.295182,0.567325,0.000000,0.000000,0.000000,0.543080,-0.285707,0.317997,0.172557,0.000000,0.000000,0.000000,0.000000
8.9333,0.509395,0.174876,-0.328101,0.569585,0.000000,0.000000,0.000000,0.543711,-0.342730,0.341922,0.231896,0.000000,0.000000,0.000000,0.000000
9.0167,0.497171,0.188731,-0.360717,0.571769,0.000000,0.000000,0.000000,0.543035,-0.397299,0.364823,0.286118,0.000000,0.000000,0.000000,0.000000
9.0333,0.484342,0.201053,-0.392836,0.573891,0.000000,0.000000,0.000000,0.540719,-0.448540,0.386496,0.333837,0.000000,0.000000,0.000000,0.000000
9.0500,0.470878,0.211611,-0.424315,0.575937,0.000000,0.000000,0.000000,0.536411,-0.495733,0.406847,0.373921,0.000000,0.000000,0.000000,0.000000
9.0667,0.456782,0.220241,-0.455042,0.577841,0.000000,0.000000,0.000000,0.529840,-0.538408,0.425868,0.405637,0.000000,0.000000,0.000000,0.000000
9.0833,0.442086,0.226850,-0.484924,0.579486,0.000000,0.000000,0.000000,0.520866,-0.576344,0.443615,0.428662,0.000000,0.000000,0.000000,0.000000
9.1000,0.426848,0.231420,-0.513884,0.580716,0.000000,0.000000,0.000000,0.509519,-0.609551,0.460191,0.443058,0.000000,0.000000,0.000000,0.000000
9.1167,0.411136,0.234005,-0.541863,0.581367,0.000000,0.000000,0.000000,0.496018,-0.638225,0.475721,0.449238,0.000000,0.000000,0.000000,0.000000
9.1333,0.395015,0.234722,-0.568831,0.581297,0.000000,0.000000,0.000000,0.480773,-0.662720,0.490331,0.447948,0.000000,0.000000,0.000000,0.000000
9.2333,0.378536,0.233743,-0.594784,0.580398,0.000000,0.000000,0.000000,0.464355,-0.683492,0.504128,0.440234,0.000000,0.000000,0.000000,0.000000
9.2500,0.361740,0.231279,-0.619735,0.578608,0.000000,0.000000,0.000000,0.447388,-0.701037,0.517192,0.427355,0.000000,0.000000,0.000000,0.000000
9.2667,0.344652,0.227570,-0.643704,0.575906,0.000000,0.000000,0.000000,0.430402,-0.715821,0.529574,0.410622,0.000000,0.000000,0.000000,0.000000
9.2833,0.327294,0.222867,-0.666715,0.572311,0.000000,0.000000,0.000000,0.413758,-0.728245,0.541297,0.391241,0.000000,0.000000,0.000000,0.000000
9.3000,0.309675,0.217415,-0.688790,0.567889,0.000000,0.000000,0.000000,0.397654,-0.738647,0.552372,0.370240,0.000000,0.000000,0.000000,0.000000
9.3167,0.291790,0.211434,-0.709953,0.562755,0.000000,0.000000,0.000000,0.382173,-0.747317,0.562803,0.348448,0.000000,0.000000,0.000000,0.000000
9.3333,0.273615,0.205109,-0.730222,0.557076,0.000000,0.000000,0.000000,0.367333,-0.754519,0.572599,0.326497,0.000000,0.000000,0.000000,0.000000
9.3500,0.255111,0.198584,-0.749596,0.551073,0.000000,0.000000,0.000000,0.353118,-0.760501,0.581775,0.304837,0.000000,0.000000,0.000000,0.000000
9.3667,0.236232,0.191960,-0.768056,0.544999,0.000000,0.000000,0.000000,0.339510,-0.765506,0.590359,0.283760,0.000000,0.000000,0.000000,0.000000
9.3833,0.216946,0.185305,-0.785565,0.539108,0.000000,0.000000,0.000000,0.326499,-0.769772,0.598391,0.263408,0.000000,0.000000,0.000000,0.000000
9.4000,0.197253,0.178654,-0.802078,0.533615,0.000000,0.000000,0.000000,0.314078,-0.773534,0.605923,0.243793,0.000000,0.000000,0.000000,0.000000
9.4167,0.177196,0.172017,-0.817555,0.528675,0.000000,0.000000,0.000000,0.302241,-0.777007,0.613017,0.224809,0.000000,0.000000,0.000000,0.000000
9.4333,0.156859,0.165377,-0.831974,0.524386,0.000000,0.000000,0.000000,0.290969,-0.780381,0.619743,0.206242,0.000000,0.000000,0.000000,0.000000
9.4500,0.136351,0.158696,-0.845342,0.520810,0.000000,0.000000,0.000000,0.280222,-0.783805,0.626175,0.187791,0.000000,0.000000,0.000000,0.000000
9.4667,0.115793,0.151923,-0.857693,0.517984,0.000000,0.000000,0.000000,0.269924,-0.787374,0.632387,0.169077,0.000000,0.000000,0.000000,0.000000
9.4833,0.095304,0.144995,-0.869080,0.515925,0.000000,0.000000,0.000000,0.259960,-0.791122,0.638459,0.149667,0.000000,0.000000,0.000000,0.000000
9.5000,0.074991,0.137849,-0.879568,0.514627,0.000000,0.000000,0.000000,0.250159,-0.795012,0.644466,0.129100,0.000000,0.000000,0.000000,0.000000
9.5167,0.054943,0.130427,-0.889220,0.514056,0.000000,0.000000,0.000000,0.240298,-0.798923,0.650485,0.106923,0.000000,0.000000,0.000000,0.000000
9.5333,0.035241,0.122688,-0.898089,0.514142,0.000000,0.000000,0.000000,0.230100,-0.802658,0.656592,0.082726,0.000000,0.000000,0.000000,0.000000
9.5500,0.015956,0.114617,-0.906214,0.514769,0.000000,0.000000,0.000000,0.219252,-0.805940,0.662859,0.056192,0.000000,0.000000,0.000000,0.000000
9.5667,-0.002835,0.106242,-0.913615,0.515776,0.000000,0.000000,0.000000,0.207410,-0.808419,0.669358,0.027139,0.000000,0.000000,0.000000,0.000000
9.5833,-0.021043,0.097627,-0.920311,0.516967,0.000000,0.000000,0.000000,0.194219,-0.809684,0.676162,-0.004447,0.000000,0.000000,0.000000,0.000000
9.6000,-0.038568,0.088880,-0.926329,0.518121,0.000000,0.000000,0.000000,0.179324,-0.809271,0.683347,-0.038401,0.000000,0.000000,0.000000,0.000000
9.6167,-0.055303,0.080141,-0.931720,0.519011,0.000000,0.000000,0.000000,0.162373,-0.806671,0.690995,-0.074368,0.000000,0.000000,0.000000,0.000000
9.6333,-0.071149,0.071577,-0.936550,0.519399,0.000000,0.000000,0.000000,0.143007,-0.801355,0.699182,-0.111806,0.000000,0.000000,0.000000,0.000000
9.6500,-0.086030,0.063371,-0.940905,0.519034,0.000000,0.000000,0.000000,0.120856,-0.792800,0.707962,-0.149983,0.000000,0.000000,0.000000,0.000000
9.6667,-0.099906,0.055702,-0.944882,0.517647,0.000000,0.000000,0.000000,0.095545,-0.780549,0.717352,-0.187977,0.000000,0.000000,0.000000,0.000000
9.6833,-0.112772,0.048746,-0.948582,0.514943,0.000000,0.000000,0.000000,0.066732,-0.764283,0.727308,-0.224714,0.000000,0.000000,0.000000,0.000000
9.7000,-0.124666,0.042661,-0.952109,0.510607,0.000000,0.000000,0.000000,0.034169,-0.743925,0.737715,-0.259032,0.000000,0.000000,0.000000,0.000000
9.7167,-0.135656,0.037588,-0.955565,0.504300,0.000000,0.000000,0.000000,-0.002196,-0.719747,0.748376,-0.289788,0.000000,0.000000,0.000000,0.000000
9.7833,-0.145841,0.033648,-0.959044,0.495666,0.000000,0.000000,0.000000,-0.042089,-0.692485,0.759027,-0.316009,0.000000,0.000000,0.000000,0.000000
9.8667,-0.155341,0.030937,-0.962636,0.484336,0.000000,0.000000,0.000000,-0.084771,-0.663413,0.769361,-0.337085,0.000000,0.000000,0.000000,0.000000
9.9667,-0.164292,0.029531,-0.966417,0.469939,0.000000,0.000000,0.000000,-0.129047,-0.634202,0.779090,-0.352897,0.000000,0.000000,0.000000,0.000000
10.0667,-0.172839,0.029480,-0.970452,0.452124,0.000000,0.000000,0.000000,-0.173460,-0.606603,0.787982,-0.363752,0.000000,0.000000,0.000000,0.000000
10.0833,-0.181131,0.030819,-0.974790,0.430574,0.000000,0.000000,0.000000,-0.216549,-0.582174,0.795873,-0.370157,0.000000,0.000000,0.000000,0.000000
10.1000,-0.189313,0.033560,-0.979464,0.405038,0.000000,0.000000,0.000000,-0.257044,-0.562134,0.802654,-0.372597,0.000000,0.000000,0.000000,0.000000
10.1167,-0.197516,0.037702,-0.984485,0.375352,0.000000,0.000000,0.000000,-0.293936,-0.547332,0.808257,-0.371446,0.000000,0.000000,0.000000,0.000000
10.1333,-0.205846,0.043229,-0.989848,0.341457,0.000000,0.000000,0.000000,-0.326476,-0.538257,0.812662,-0.366966,0.000000,0.000000,0.000000,0.000000
10.1500,-0.214377,0.050120,-0.995533,0.303408,0.000000,0.000000,0.000000,-0.354127,-0.535071,0.815904,-0.359343,0.000000,0.000000,0.000000,0.000000
10.1667,-0.223144,0.058353,-1.001507,0.261380,0.000000,0.000000,0.000000,-0.376545,-0.537648,0.818065,-0.348727,0.000000,0.000000,0.000000,0.000000
10.1833,-0.232147,0.067901,-1.007719,0.215686,0.000000,0.000000,0.000000,-0.393543,-0.545623,0.819278,-0.335270,0.000000,0.000000,0.000000,0.000000
10.2000,-0.241361,0.078724,-1.014104,0.166777,0.000000,0.000000,0.000000,-0.405067,-0.558450,0.819718,-0.319174,0.000000,0.000000,0.000000,0.000000
10.2167,-0.250750,0.090759,-1.020582,0.115249,0.000000,0.000000,0.000000,-0.411158,-0.575467,0.819590,-0.300735,0.000000,0.000000,0.000000,0.000000
10.2333,-0.260266,0.103902,-1.027062,0.061822,0.000000,0.000000,0.000000,-0.411928,-0.595956,0.819117,-0.280364,0.000000,0.000000,0.000000,0.000000
10.2500,-0.269863,0.118012,-1.033448,0.007314,0.000000,0.000000,0.000000,-0.407549,-0.619184,0.818524,-0.258568,0.000000,0.000000,0.000000,0.000000
10.2667,-0.279497,0.132912,-1.039636,-0.047400,0.000000,0.000000,0.000000,-0.398262,-0.644418,0.818029,-0.235910,0.000000,0.000000,0.000000,0.000000
10.2833,-0.289135,0.148401,-1.045523,-0.101435,0.000000,0.000000,0.000000,-0.384396,-0.670927,0.817828,-0.212941,0.000000,0.000000,0.000000,0.000000
10.3000,-0.298742,0.164265,-1.051017,-0.153943,0.000000,0.000000,0.000000,-0.366401,-0.697972,0.818085,-0.190132,0.000000,0.000000,0.000000,0.000000
10.3167,-0.308282,0.180282,-1.056048,-0.204163,0.000000,0.000000,0.000000,-0.344873,-0.724809,0.818916,-0.167830,0.000000,0.000000,0.000000,0.000000
10.3333,-0.317702,0.196237,-1.060579,-0.251440,0.000000,0.000000,0.000000,-0.320539,-0.750707,0.820384,-0.146247,0.000000,0.000000,0.000000,0.000000
10.3500,-0.326938,0.211918,-1.064607,-0.295236,0.000000,0.000000,0.000000,-0.294217,-0.774996,0.822495,-0.125492,0.000000,0.000000,0.000000,0.000000
10.3667,-0.335922,0.227121,-1.068158,-0.335133,0.000000,0.000000,0.000000,-0.266742,-0.797124,0.825203,-0.105632,0.000000,0.000000,0.000000,0.000000
10.3833,-0.344588,0.241653,-1.071278,-0.370826,0.000000,0.000000,0.000000,-0.238893,-0.816703,0.828423,-0.086743,0.000000,0.000000,0.000000,0.000000
10.4000,-0.352880,0.255351,-1.074020,-0.402130,0.000000,0.000000,0.000000,-0.211336,-0.833533,0.832044,-0.068928,0.000000,0.000000,0.000000,0.000000
10.4167,-0.360756,0.268096,-1.076436,-0.428974,0.000000,0.000000,0.000000,-0.184610,-0.847579,0.835945,-0.052315,0.000000,0.000000,0.000000,0.000000
10.4333,-0.368188,0.279816,-1.078571,-0.451397,0.000000,0.000000,0.000000,-0.159121,-0.858941,0.840006,-0.037026,0.000000,0.000000,0.000000,0.000000
10.4500,-0.375158,0.290491,-1.080466,-0.469528,0.000000,0.000000,0.000000,-0.135159,-0.867813,0.844114,-0.023161,0.000000,0.000000,0.000000,0.000000
10.4667,-0.381659,0.300129,-1.082159,-0.483562,0.000000,0.000000,0.000000,-0.112923,-0.874445,0.848168,-0.010776,0.000000,0.000000,0.000000,0.000000
10.4833,-0.387694,0.308755,-1.083684,-0.493737,0.000000,0.000000,0.000000,-0.092536,-0.879107,0.852077,0.000116,0.000000,0.000000,0.000000,0.000000
10.5000,-0.393276,0.316390,-1.085079,-0.500300,0.000000,0.000000,0.000000,-0.074075,-0.882072,0.855765,0.009543,0.000000,0.000000,0.000000,0.000000
10.5167,-0.398420,0.323043,-1.086382,-0.503493,0.000000,0.000000,0.000000,-0.057578,-0.883588,0.859169,0.017565,0.000000,0.000000,0.000000,0.000000
10.5333,-0.403139,0.328711,-1.087639,-0.503532,0.000000,0.000000,0.000000,-0.043073,-0.883866,0.862236,0.024274,0.000000,0.000000,0.000000,0.000000
10.5667,-0.407443,0.333375,-1.088900,-0.500595,0.000000,0.000000,0.000000,-0.030584,-0.883059,0.864928,0.029799,0.000000,0.000000,0.000000,0.000000
10.5833,-0.411325,0.337004,-1.090222,-0.494823,0.000000,0.000000,0.000000,-0.020128,-0.881267,0.867218,0.034297,0.000000,0.000000,0.000000,0.000000
10.6000,-0.414767,0.339554,-1.091669,-0.486313,0.000000,0.000000,0.000000,-0.011686,-0.878558,0.869099,0.037948,0.000000,0.000000,0.000000,0.000000
10.6167,-0.417728,0.340968,-1.093313,-0.475121,0.000000,0.000000,0.000000,-0.005174,-0.874993,0.870592,0.040939,0.000000,0.000000,0.000000,0.000000
10.6333,-0.420153,0.341182,-1.095228,-0.461269,0.000000,0.000000,0.000000,-0.000438,-0.870649,0.871735,0.043461,0.000000,0.000000,0.000000,0.000000
10.6500,-0.421974,0.340123,-1.097490,-0.444746,0.000000,0.000000,0.000000,0.002752,-0.865634,0.872588,0.045700,0.000000,0.000000,0.000000,0.000000
10.6667,-0.423114,0.337711,-1.100167,-0.425518,0.000000,0.000000,0.000000,0.004699,-0.860088,0.873227,0.047837,0.000000,0.000000,0.000000,0.000000
10.6833,-0.423497,0.333868,-1.103317,-0.403541,0.000000,0.000000,0.000000,0.005773,-0.854191,0.873740,0.050053,0.000000,0.000000,0.000000,0.000000
10.7000,-0.423054,0.328522,-1.106974,-0.378769,0.000000,0.000000,0.000000,0.006404,-0.848152,0.874226,0.052538,0.000000,0.000000,0.000000,0.000000
10.7167,-0.421734,0.321629,-1.111145,-0.351176,0.000000,0.000000,0.000000,0.007074,-0.842198,0.874794,0.055504,0.000000,0.000000,0.000000,0.000000
10.7333,-0.419507,0.313178,-1.115799,-0.320770,0.000000,0.000000,0.000000,0.008293,-0.836549,0.875556,0.059192,0.000000,0.000000,0.000000,0.000000
10.7500,-0.416373,0.303212,-1.120857,-0.287614,0.000000,0.000000,0.000000,0.010584,-0.831399,0.876631,0.063877,0.000000,0.000000,0.000000,0.000000
10.7667,-0.412369,0.291834,-1.126199,-0.251841,0.000000,0.000000,0.000000,0.014463,-0.826900,0.878133,0.069861,0.000000,0.000000,0.000000,0.000000
10.7833,-0.407570,0.279206,-1.131656,-0.213661,0.000000,0.000000,0.000000,0.020424,-0.823165,0.880170,0.077467,0.000000,0.000000,0.000000,0.000000
10.8000,-0.402092,0.265545,-1.137025,-0.173364,0.000000,0.000000,0.000000,0.028929,-0.820269,0.882839,0.087018,0.000000,0.000000,0.000000,0.000000
10.8167,-0.396084,0.251112,-1.142078,-0.131316,0.000000,0.000000,0.000000,0.040400,-0.818257,0.886220,0.098829,0.000000,0.000000,0.000000,0.000000
10.8333,-0.389724,0.236187,-1.146577,-0.087934,0.000000,0.000000,0.000000,0.055194,-0.817147,0.890370,0.113187,0.000000,0.000000,0.000000,0.000000
10.8500,-0.383207,0.221059,-1.150296,-0.043675,0.000000,0.000000,0.000000,0.073590,-0.816927,0.895319,0.130329,0.000000,0.000000,0.000000,0.000000
10.8667,-0.376722,0.205995,-1.153036,0.000985,0.000000,0.000000,0.000000,0.095760,-0.817551,0.901063,0.150430,0.000000,0.000000,0.000000,0.000000
10.8833,-0.370437,0.191234,-1.154647,0.045565,0.000000,0.000000,0.000000,0.121740,-0.818945,0.907554,0.173571,0.000000,0.000000,0.000000,0.000000
10.9000,-0.364486,0.176968,-1.155038,0.089594,0.000000,0.000000,0.000000,0.151415,-0.821004,0.914698,0.199720,0.000000,0.000000,0.000000,0.000000
10.9167,-0.358961,0.163353,-1.154173,0.132624,0.000000,0.000000,0.000000,0.184490,-0.823598,0.922350,0.228708,0.000000,0.000000,0.000000,0.000000
10.9333,-0.353919,0.150518,-1.152069,0.174234,0.000000,0.000000,0.000000,0.220483,-0.826578,0.930314,0.260200,0.000000,0.000000,0.000000,0.000000
10.9500,-0.349388,0.138568,-1.148779,0.214043,0.000000,0.000000,0.000000,0.258715,-0.829779,0.938344,0.293673,0.000000,0.000000,0.000000,0.000000
10.9667,-0.345378,0.127596,-1.144387,0.251708,0.000000,0.000000,0.000000,0.298329,-0.833053,0.946154,0.328376,0.000000,0.000000,0.000000,0.000000
11.0500,-0.341888,0.117673,-1.138997,0.286929,0.000000,0.000000,0.000000,0.338330,-0.836288,0.953437,0.363338,0.000000,0.000000,0.000000,0.000000
11.0667,-0.338902,0.108846,-1.132737,0.319452,0.000000,0.000000,0.000000,0.377700,-0.839436,0.959902,0.397486,0.000000,0.000000,0.000000,0.000000
11.0833,-0.336389,0.101141,-1.125752,0.349070,0.000000,0.000000,0.000000,0.415549,-0.842525,0.965324,0.429847,0.000000,0.000000,0.000000,0.000000
11.1167,-0.334299,0.094567,-1.118208,0.375622,0.000000,0.000000,0.000000,0.451200,-0.845650,0.969563,0.459685,0.000000,0.000000,0.000000,0.000000
11.1500,-0.332567,0.089125,-1.110276,0.398999,0.000000,0.000000,0.000000,0.484184,-0.848937,0.972559,0.486507,0.000000,0.000000,0.000000,0.000000
11.1667,-0.331110,0.084811,-1.102139,0.419146,0.000000,0.000000,0.000000,0.514162,-0.852468,0.974308,0.510026,0.000000,0.000000,0.000000,0.000000
11.1833,-0.329835,0.081606,-1.093979,0.436067,0.000000,0.000000,0.000000,0.540861,-0.856240,0.974835,0.530112,0.000000,0.000000,0.000000,0.000000
11.2000,-0.328638,0.079468,-1.085975,0.449847,0.000000,0.000000,0.000000,0.564037,-0.860163,0.974183,0.546736,0.000000,0.000000,0.000000,0.000000
11.2167,-0.327416,0.078317,-1.078299,0.460662,0.000000,0.000000,0.000000,0.583471,-0.864087,0.972401,0.559936,0.000000,0.000000,0.000000,0.000000
11.2333,-0.326066,0.078039,-1.071106,0.468781,0.000000,0.000000,0.000000,0.598963,-0.867826,0.969537,0.569775,0.000000,0.000000,0.000000,0.000000
11.2500,-0.324488,0.078500,-1.064526,0.474539,0.000000,0.000000,0.000000,0.610334,-0.871187,0.965632,0.576325,0.000000,0.000000,0.000000,0.000000
11.2667,-0.322575,0.079570,-1.058660,0.478302,0.000000,0.000000,0.000000,0.617424,-0.873986,0.960724,0.579647,0.000000,0.000000,0.000000,0.000000
11.2833,-0.320200,0.081141,-1.053585,0.480432,0.000000,0.000000,0.000000,0.620107,-0.876065,0.954840,0.579779,0.000000,0.000000,0.000000,0.000000
11.3000,-0.317215,0.083133,-1.049353,0.481264,0.000000,0.000000,0.000000,0.618291,-0.877301,0.948009,0.576733,0.000000,0.000000,0.000000,0.000000
11.3167,-0.313437,0.085503,-1.046000,0.481103,0.000000,0.000000,0.000000,0.611935,-0.877615,0.940259,0.570495,0.000000,0.000000,0.000000,0.000000
11.3333,-0.308655,0.088242,-1.043552,0.480221,0.000000,0.000000,0.000000,0.601057,-0.876971,0.931633,0.561036,0.000000,0.000000,0.000000,0.000000
11.3500,-0.302628,0.091375,-1.042031,0.478858,0.000000,0.000000,0.000000,0.585751,-0.875380,0.922189,0.548321,0.000000,0.000000,0.000000,0.000000
11.3667,-0.295092,0.094957,-1.041458,0.477228,0.000000,0.000000,0.000000,0.566193,-0.872887,0.912007,0.532337,0.000000,0.000000,0.000000,0.000000
11.3833,-0.285768,0.099069,-1.041851,0.475521,0.000000,0.000000,0.000000,0.542668,-0.869567,0.901202,0.513112,0.000000,0.000000,0.000000,0.000000
11.4000,-0.274380,0.103818,-1.043219,0.473907,0.000000,0.000000,0.000000,0.515590,-0.865522,0.889926,0.490752,0.000000,0.000000,0.000000,0.000000
11.4167,-0.260662,0.109328,-1.045563,0.472530,0.000000,0.000000,0.000000,0.485544,-0.860872,0.878378,0.465481,0.000000,0.000000,0.000000,0.000000
11.4333,-0.244384,0.115738,-1.048861,0.471511,0.000000,0.000000,0.000000,0.453315,-0.855755,0.866819,0.437681,0.000000,0.000000,0.000000,0.000000
11.5333,-0.225367,0.123191,-1.053067,0.470948,0.000000,0.000000,0.000000,0.419898,-0.850324,0.855562,0.407933,0.000000,0.000000,0.000000,0.000000
11.5500,-0.203507,0.131825,-1.058099,0.470908,0.000000,0.000000,0.000000,0.386386,-0.844714,0.844943,0.377003,0.000000,0.000000,0.000000,0.000000
11.5667,-0.178800,0.141764,-1.063835,0.471437,0.000000,0.000000,0.000000,0.353785,-0.839025,0.835261,0.345755,0.000000,0.000000,0.000000,0.000000
11.5833,-0.151365,0.153100,-1.070101,0.472552,0.000000,0.000000,0.000000,0.322896,-0.833327,0.826735,0.315034,0.000000,0.000000,0.000000,0.000000
11.6000,-0.121452,0.165886,-1.076676,0.474240,0.000000,0.000000,0.000000,0.294300,-0.827681,0.819499,0.285597,0.000000,0.000000,0.000000,0.000000
11.6167,-0.089455,0.180119,-1.083294,0.476449,0.000000,0.000000,0.000000,0.268386,-0.822156,0.813604,0.258064,0.000000,0.000000,0.000000,0.000000
11.6333,-0.055890,0.195733,-1.089654,0.479088,0.000000,0.000000,0.000000,0.245373,-0.816830,0.809037,0.232900,0.000000,0.000000,0.000000,0.000000
11.6500,-0.021384,0.212599,-1.095444,0.482022,0.000000,0.000000,0.000000,0.225346,-0.811788,0.805732,0.210408,0.000000,0.000000,0.000000,0.000000
11.6667,0.013364,0.230539,-1.100355,0.485074,0.000000,0.000000,0.000000,0.208271,-0.807114,0.803584,0.190732,0.000000,0.000000,0.000000,0.000000
11.6833,0.047631,0.249359,-1.104111,0.488022,0.000000,0.000000,0.000000,0.194021,-0.802876,0.802466,0.173880,0.000000,0.000000,0.000000,0.000000
11.7000,0.080715,0.268868,-1.106494,0.490615,0.000000,0.000000,0.000000,0.182398,-0.799126,0.802235,0.159753,0.000000,0.000000,0.000000,0.000000
11.7167,0.111994,0.288871,-1.107358,0.492596,0.000000,0.000000,0.000000,0.173156,-0.795896,0.802750,0.148168,0.000000,0.000000,0.000000,0.000000
11.7333,0.140951,0.309149,-1.106644,0.493750,0.000000,0.000000,0.000000,0.166024,-0.793199,0.803870,0.138890,0.000000,0.000000,0.000000,0.000000
11.7500,0.167203,0.329438,-1.104377,0.493930,0.000000,0.000000,0.000000,0.160727,-0.791034,0.805469,0.131649,0.000000,0.000000,0.000000,0.000000
11.7667,0.190501,0.349438,-1.100658,0.493080,0.000000,0.000000,0.000000,0.157002,-0.789394,0.807434,0.126153,0.000000,0.000000,0.000000,0.000000
11.7833,0.210724,0.368812,-1.095655,0.491244,0.000000,0.000000,0.000000,0.154609,-0.788268,0.809672,0.122102,0.000000,0.000000,0.000000,0.000000
11.8000,0.227853,0.387211,-1.089584,0.488563,0.000000,0.000000,0.000000,0.153341,-0.787645,0.812104,0.119189,0.000000,0.000000,0.000000,0.000000
11.8167,0.241957,0.404281,-1.082689,0.485273,0.000000,0.000000,0.000000,0.153016,-0.787516,0.814668,0.117118,0.000000,0.000000,0.000000,0.000000
11.8333,0.253168,0.419694,-1.075220,0.481670,0.000000,0.000000,0.000000,0.153483,-0.787880,0.817313,0.115599,0.000000,0.000000,0.000000,0.000000
11.8500,0.261675,0.433176,-1.067417,0.478071,0.000000,0.000000,0.000000,0.154605,-0.788739,0.819995,0.114362,0.000000,0.000000,0.000000,0.000000
11.8667,0.267709,0.444525,-1.059497,0.474771,0.000000,0.000000,0.000000,0.156261,-0.790099,0.822677,0.113156,0.000000,0.000000,0.000000,0.000000
11.8833,0.271534,0.453626,-1.051646,0.472014,0.000000,0.000000,0.000000,0.158331,-0.791964,0.825323,0.111745,0.000000,0.000000,0.000000,0.000000
11.9000,0.273429,0.460449,-1.044020,0.469972,0.000000,0.000000,0.000000,0.160692,-0.794330,0.827897,0.109906,0.000000,0.000000,0.000000,0.000000
11.9167,0.273674,0.465036,-1.036740,0.468748,0.000000,0.000000,0.000000,0.163210,-0.797180,0.830363,0.107425,0.000000,0.000000,0.000000,0.000000
11.9333,0.272531,0.467487,-1.029905,0.468379,0.000000,0.000000,0.000000,0.165730,-0.800483,0.832681,0.104093,0.000000,0.000000,0.000000,0.000000
11.9500,0.270230,0.467939,-1.023586,0.468852,0.000000,0.000000,0.000000,0.168082,-0.804192,0.834811,0.099706,0.000000,0.000000,0.000000,0.000000
11.9667,0.266963,0.466546,-1.017835,0.470103,0.000000,0.000000,0.000000,0.170067,-0.808248,0.836701,0.094070,0.000000,0.000000,0.000000,0.000000
11.9833,0.262873,0.463462,-1.012693,0.472038,0.000000,0.000000,0.000000,0.171458,-0.812572,0.838295,0.087002,0.000000,0.000000,0.000000,0.000000
12.0000,0.258061,0.458826,-1.008187,0.474535,0.000000,0.000000,0.000000,0.171988,-0.817065,0.839525,0.078329,0.000000,0.000000,0.000000,0.000000
12.0167,0.252574,0.452755,-1.004339,0.477466,0.000000,0.000000,0.000000,0.171347,-0.821598,0.840317,0.067874,0.000000,0.000000,0.000000,0.000000
12.0333,0.246412,0.445330,-1.001164,0.480707,0.000000,0.000000,0.000000,0.169183,-0.826001,0.840601,0.055456,0.000000,0.000000,0.000000,0.000000
12.0500,0.239527,0.436596,-0.998668,0.484152,0.000000,0.000000,0.000000,0.165120,-0.830067,0.840314,0.040879,0.000000,0.000000,0.000000,0.000000
12.0667,0.231832,0.426560,-0.996853,0.487721,0.000000,0.000000,0.000000,0.158769,-0.833549,0.839413,0.023942,0.000000,0.000000,0.000000,0.000000
12.0833,0.223206,0.415199,-0.995710,0.491366,0.000000,0.000000,0.000000,0.149751,-0.836167,0.837880,0.004449,0.000000,0.000000,0.000000,0.000000
12.1000,0.213511,0.402474,-0.995226,0.495070,0.000000,0.000000,0.000000,0.137718,-0.837620,0.835730,-0.017761,0.000000,0.000000,0.000000,0.000000
12.1167,0.202605,0.388346,-0.995376,0.498836,0.000000,0.000000,0.000000,0.122374,-0.837585,0.833020,-0.042774,0.000000,0.000000,0.000000,0.000000
12.1333,0.190360,0.372793,-0.996126,0.502688,0.000000,0.000000,0.000000,0.103502,-0.835733,0.829847,-0.070569,0.000000,0.000000,0.000000,0.000000
12.1500,0.176673,0.355824,-0.997426,0.506661,0.000000,0.000000,0.000000,0.080993,-0.831740,0.826360,-0.100969,0.000000,0.000000,0.000000,0.000000
12.1833,0.161481,0.337483,-0.999209,0.510796,0.000000,0.000000,0.000000,0.054865,-0.825298,0.822754,-0.133604,0.000000,0.000000,0.000000,0.000000
12.2000,0.144772,0.317861,-1.001383,0.515127,0.000000,0.000000,0.000000,0.025263,-0.816131,0.819263,-0.167894,0.000000,0.000000,0.000000,0.000000
12.2167,0.126591,0.297102,-1.003831,0.519671,0.000000,0.000000,0.000000,-0.007563,-0.804012,0.816137,-0.203060,0.000000,0.000000,0.000000,0.000000
12.2333,0.107046,0.275428,-1.006402,0.524398,0.000000,0.000000,0.000000,-0.043265,-0.788796,0.813621,-0.238158,0.000000,0.000000,0.000000,0.000000
12.2667,0.086311,0.253149,-1.008918,0.529209,0.000000,0.000000,0.000000,-0.081361,-0.770486,0.811945,-0.272146,0.000000,0.000000,0.000000,0.000000
12.3167,0.064608,0.230629,-1.011182,0.533940,0.000000,0.000000,0.000000,-0.121210,-0.749288,0.811307,-0.303990,0.000000,0.000000,0.000000,0.000000
12.3333,0.042201,0.208225,-1.013008,0.538401,0.000000,0.000000,0.000000,-0.162040,-0.725630,0.811853,-0.332785,0.000000,0.000000,0.000000,0.000000
12.3500,0.019385,0.186240,-1.014250,0.542424,0.000000,0.000000,0.000000,-0.203054,-0.700098,0.813647,-0.357845,0.000000,0.000000,0.000000,0.000000
12.3667,-0.003513,0.164926,-1.014821,0.545879,0.000000,0.000000,0.000000,-0.243510,-0.673360,0.816664,-0.378738,0.000000,0.000000,0.000000,0.000000
12.3833,-0.026146,0.144506,-1.014699,0.548677,0.000000,0.000000,0.000000,-0.282761,-0.646116,0.820802,-0.395291,0.000000,0.000000,0.000000,0.000000
12.4000,-0.048169,0.125179,-1.013924,0.550767,0.000000,0.000000,0.000000,-0.320249,-0.619060,0.825904,-0.407592,0.000000,0.000000,0.000000,0.000000
12.4167,-0.069257,0.107127,-1.012579,0.552129,0.000000,0.000000,0.000000,-0.355504,-0.592853,0.831777,-0.415959,0.000000,0.000000,0.000000,0.000000
12.4333,-0.089133,0.090501,-1.010781,0.552774,0.000000,0.000000,0.000000,-0.388140,-0.568094,0.838219,-0.420894,0.000000,0.000000,0.000000,0.000000
12.4500,-0.107578,0.075418,-1.008660,0.552742,0.000000,0.000000,0.000000,-0.417855,-0.545293,0.845031,-0.423005,0.000000,0.000000,0.000000,0.000000
12.4667,-0.124444,0.061953,-1.006348,0.552098,0.000000,0.000000,0.000000,-0.444443,-0.524853,0.852031,-0.422941,0.000000,0.000000,0.000000,0.000000
12.4833,-0.139657,0.050134,-1.003961,0.550935,0.000000,0.000000,0.000000,-0.467789,-0.507054,0.859066,-0.421324,0.000000,0.000000,0.000000,0.000000
12.5000,-0.153212,0.039951,-1.001597,0.549368,0.000000,0.000000,0.000000,-0.487872,-0.492056,0.866013,-0.418707,0.000000,0.000000,0.000000,0.000000
12.5167,-0.165164,0.031352,-0.999330,0.547522,0.000000,0.000000,0.000000,-0.504750,-0.479906,0.872781,-0.415542,0.000000,0.000000,0.000000,0.000000
12.5333,-0.175615,0.024255,-0.997211,0.545521,0.000000,0.000000,0.000000,-0.518544,-0.470571,0.879307,-0.412176,0.000000,0.000000,0.000000,0.000000
12.5500,-0.184699,0.018548,-0.995272,0.543478,0.000000,0.000000,0.000000,-0.529414,-0.463955,0.885552,-0.408844,0.000000,0.000000,0.000000,0.000000
12.5667,-0.192578,0.014103,-0.993527,0.541481,0.000000,0.000000,0.000000,-0.537546,-0.459928,0.891489,-0.405669,0.000000,0.000000,0.000000,0.000000
12.5833,-0.199421,0.010782,-0.991978,0.539589,0.000000,0.000000,0.000000,-0.543131,-0.458342,0.897099,-0.402670,0.000000,0.000000,0.000000,0.000000
12.6000,-0.205404,0.008445,-0.990617,0.537825,0.000000,0.000000,0.000000,-0.546356,-0.459050,0.902365,-0.399756,0.000000,0.000000,0.000000,0.000000
12.6167,-0.210701,0.006960,-0.989433,0.536169,0.000000,0.000000,0.000000,-0.547385,-0.461919,0.907268,-0.396741,0.000000,0.000000,0.000000,0.000000
12.6333,-0.215473,0.006209,-0.988409,0.534563,0.000000,0.000000,0.000000,-0.546350,-0.466844,0.911788,-0.393349,0.000000,0.000000,0.000000,0.000000
12.6500,-0.219866,0.006090,-0.987532,0.532906,0.000000,0.000000,0.000000,-0.543338,-0.473750,0.915906,-0.389252,0.000000,0.000000,0.000000,0.000000
12.6667,-0.224007,0.006522,-0.986788,0.531059,0.000000,0.000000,0.000000,-0.538380,-0.482588,0.919617,-0.384091,0.000000,0.000000,0.000000,0.000000
12.6833,-0.228000,0.007447,-0.986169,0.528846,0.000000,0.000000,0.000000,-0.531446,-0.493332,0.922936,-0.377518,0.000000,0.000000,0.000000,0.000000
12.7000,-0.231925,0.008831,-0.985672,0.526057,0.000000,0.000000,0.000000,-0.522442,-0.505966,0.925905,-0.369216,0.000000,0.000000,0.000000,0.000000
12.7167,-0.235835,0.010668,-0.985304,0.522445,0.000000,0.000000,0.000000,-0.511223,-0.520477,0.928585,-0.358927,0.000000,0.000000,0.000000,0.000000
12.7333,-0.239761,0.012972,-0.985080,0.517735,0.000000,0.000000,0.000000,-0.497608,-0.536844,0.931060,-0.346463,0.000000,0.000000,0.000000,0.000000
12.7500,-0.243712,0.015782,-0.985024,0.511630,0.000000,0.000000,0.000000,-0.481403,-0.555022,0.933424,-0.331723,0.000000,0.000000,0.000000,0.000000
12.7667,-0.247683,0.019147,-0.985166,0.503819,0.000000,0.000000,0.000000,-0.462433,-0.574934,0.935772,-0.314713,0.000000,0.000000,0.000000,0.000000
12.7833,-0.251654,0.023125,-0.985544,0.493985,0.000000,0.000000,0.000000,-0.440580,-0.596451,0.938194,-0.295559,0.000000,0.000000,0.000000,0.000000
12.8000,-0.255609,0.027772,-0.986199,0.481819,0.000000,0.000000,0.000000,-0.415819,-0.619381,0.940753,-0.274499,0.000000,0.000000,0.000000,0.000000
12.8167,-0.259532,0.033131,-0.987170,0.467040,0.000000,0.000000,0.000000,-0.388272,-0.643449,0.943480,-0.251873,0.000000,0.000000,0.000000,0.000000
12.8333,-0.263418,0.039230,-0.988499,0.449410,0.000000,0.000000,0.000000,-0.358251,-0.668263,0.946364,-0.228081,0.000000,0.000000,0.000000,0.000000
12.8500,-0.267271,0.046079,-0.990219,0.428753,0.000000,0.000000,0.000000,-0.326321,-0.693268,0.949340,-0.203546,0.000000,0.000000,0.000000,0.000000
12.9333,-0.271106,0.053672,-0.992357,0.404958,0.000000,0.000000,0.000000,-0.293316,-0.717728,0.952297,-0.178674,0.000000,0.000000,0.000000,0.000000
12.9500,-0.274943,0.061998,-0.994926,0.377985,0.000000,0.000000,0.000000,-0.260221,-0.740833,0.955099,-0.153858,0.000000,0.000000,0.000000,0.000000
12.9667,-0.278809,0.071044,-0.997929,0.347863,0.000000,0.000000,0.000000,-0.227948,-0.761893,0.957622,-0.129486,0.000000,0.000000,0.000000,0.000000
12.9833,-0.282723,0.080801,-1.001350,0.314687,0.000000,0.000000,0.000000,-0.197181,-0.780462,0.959785,-0.105925,0.000000,0.000000,0.000000,0.000000
13.0000,-0.286703,0.091263,-1.005161,0.278623,0.000000,0.000000,0.000000,-0.168358,-0.796343,0.961548,-0.083496,0.000000,0.000000,0.000000,0.000000
13.0167,-0.290759,0.102419,-1.009319,0.239914,0.000000,0.000000,0.000000,-0.141726,-0.809530,0.962904,-0.062455,0.000000,0.000000,0.000000,0.000000
13.0333,-0.294902,0.114249,-1.013766,0.198887,0.000000,0.000000,0.000000,-0.117396,-0.820148,0.963861,-0.042986,0.000000,0.000000,0.000000,0.000000
13.0500,-0.299141,0.126715,-1.018431,0.155954,0.000000,0.000000,0.000000,-0.095402,-0.828400,0.964431,-0.025205,0.000000,0.000000,0.000000,0.000000
13.0667,-0.303496,0.139759,-1.023227,0.111613,0.000000,0.000000,0.000000,-0.075734,-0.834525,0.964622,-0.009161,0.000000,0.000000,0.000000,0.000000
13.0833,-0.307995,0.153297,-1.028052,0.066447,0.000000,0.000000,0.000000,-0.058362,-0.838770,0.964439,0.005157,0.000000,0.000000,0.000000,0.000000
13.1000,-0.312685,0.167220,-1.032791,0.021109,0.000000,0.000000,0.000000,-0.043246,-0.841365,0.963882,0.017820,0.000000,0.000000,0.000000,0.000000
13.1167,-0.317632,0.181394,-1.037316,-0.023698,0.000000,0.000000,0.000000,-0.030339,-0.842516,0.962950,0.028946,0.000000,0.000000,0.000000,0.000000
13.1333,-0.322911,0.195665,-1.041495,-0.067252,0.000000,0.000000,0.000000,-0.019584,-0.842404,0.961645,0.038690,0.000000,0.000000,0.000000,0.000000
13.1500,-0.328596,0.209855,-1.045211,-0.108855,0.000000,0.000000,0.000000,-0.010895,-0.841188,0.959980,0.047223,0.000000,0.000000,0.000000,0.000000
13.1667,-0.334736,0.223773,-1.048375,-0.147882,0.000000,0.000000,0.000000,-0.004142,-0.839027,0.957985,0.054709,0.000000,0.000000,0.000000,0.000000
13.1833,-0.341347,0.237222,-1.050943,-0.183809,0.000000,0.000000,0.000000,0.000864,-0.836087,0.955710,0.061288,0.000000,0.000000,0.000000,0.000000
13.2000,-0.348401,0.250024,-1.052912,-0.216243,0.000000,0.000000,0.000000,0.004378,-0.832553,0.953223,0.067072,0.000000,0.000000,0.000000,0.000000
13.2167,-0.355830,0.262033,-1.054316,-0.244932,0.000000,0.000000,0.000000,0.006707,-0.828620,0.950613,0.072158,0.000000,0.000000,0.000000,0.000000
13.2333,-0.363530,0.273147,-1.055220,-0.269770,0.000000,0.000000,0.000000,0.008191,-0.824482,0.947972,0.076644,0.000000,0.000000,0.000000,0.000000
13.2500,-0.371376,0.283317,-1.055706,-0.290787,0.000000,0.000000,0.000000,0.009186,-0.820328,0.945397,0.080636,0.000000,0.000000,0.000000,0.000000
13.2667,-0.379227,0.292541,-1.055866,-0.308138,0.000000,0.000000,0.000000,0.010051,-0.816327,0.942982,0.084256,0.000000,0.000000,0.000000,0.000000
13.2833,-0.386940,0.300860,-1.055795,-0.322081,0.000000,0.000000,0.000000,0.011139,-0.812622,0.940816,0.087641,0.000000,0.000000,0.000000,0.000000
13.3000,-0.394373,0.308342,-1.055586,-0.332945,0.000000,0.000000,0.000000,0.012787,-0.809320,0.938983,0.090946,0.000000,0.000000,0.000000,0.000000
13.3167,-0.401394,0.315071,-1.055330,-0.341098,0.000000,0.000000,0.000000,0.015317,-0.806482,0.937564,0.094340,0.000000,0.000000,0.000000,0.000000
13.3333,-0.407881,0.321126,-1.055113,-0.346911,0.000000,0.000000,0.000000,0.019029,-0.804125,0.936636,0.098010,0.000000,0.000000,0.000000,0.000000
13.3500,-0.413733,0.326581,-1.055016,-0.350739,0.000000,0.000000,0.000000,0.024194,-0.802210,0.936272,0.102159,0.000000,0.000000,0.000000,0.000000
13.3667,-0.418869,0.331491,-1.055109,-0.352897,0.000000,0.000000,0.000000,0.031047,-0.800647,0.936539,0.107001,0.000000,0.000000,0.000000,0.000000
13.3833,-0.423233,0.335902,-1.055449,-0.353654,0.000000,0.000000,0.000000,0.039783,-0.799291,0.937497,0.112759,0.000000,0.000000,0.000000,0.000000
13.4000,-0.426799,0.339840,-1.056079,-0.353212,0.000000,0.000000,0.000000,0.050541,-0.797957,0.939197,0.119651,0.000000,0.000000,0.000000,0.000000
13.4167,-0.429561,0.343313,-1.057026,-0.351708,0.000000,0.000000,0.000000,0.063403,-0.796427,0.941670,0.127883,0.000000,0.000000,0.000000,0.000000
13.4333,-0.431542,0.346313,-1.058306,-0.349203,0.000000,0.000000,0.000000,0.078377,-0.794463,0.944928,0.137637,0.000000,0.000000,0.000000,0.000000
13.4500,-0.432780,0.348815,-1.059922,-0.345687,0.000000,0.000000,0.000000,0.095396,-0.791828,0.948951,0.149050,0.000000,0.000000,0.000000,0.000000
13.4667,-0.433333,0.350779,-1.061862,-0.341083,0.000000,0.000000,0.000000,0.114311,-0.788303,0.953688,0.162196,0.000000,0.000000,0.000000,0.000000
13.4833,-0.433270,0.352156,-1.064106,-0.335260,0.000000,0.000000,0.000000,0.134884,-0.783700,0.959048,0.177069,0.000000,0.000000,0.000000,0.000000
13.5000,-0.432662,0.352889,-1.066623,-0.328038,0.000000,0.000000,0.000000,0.156786,-0.777881,0.964900,0.193563,0.000000,0.000000,0.000000,0.000000
13.5167,-0.431579,0.352915,-1.069379,-0.319209,0.000000,0.000000,0.000000,0.179586,-0.770775,0.971070,0.211452,0.000000,0.000000,0.000000,0.000000
13.5333,-0.430084,0.352172,-1.072337,-0.308548,0.000000,0.000000,0.000000,0.202751,-0.762395,0.977339,0.230374,0.000000,0.000000,0.000000,0.000000
13.5500,-0.428226,0.350600,-1.075457,-0.295836,0.000000,0.000000,0.000000,0.225658,-0.752869,0.983448,0.249800,0.000000,0.000000,0.000000,0.000000
13.6333,-0.426043,0.348143,-1.078699,-0.280873,0.000000,0.000000,0.000000,0.247652,-0.742474,0.989113,0.269072,0.000000,0.000000,0.000000,0.000000
13.6500,-0.423558,0.344758,-1.082020,-0.263501,0.000000,0.000000,0.000000,0.268172,-0.731658,0.994071,0.287549,0.000000,0.000000,0.000000,0.000000
13.7500,-0.420783,0.340421,-1.085375,-0.243625,0.000000,0.000000,0.000000,0.286900,-0.721024,0.998123,0.304836,0.000000,0.000000,0.000000,0.000000
13.7667,-0.417717,0.335127,-1.088711,-0.221226,0.000000,0.000000,0.000000,0.303742,-0.711199,1.001143,0.320826,0.000000,0.000000,0.000000,0.000000
13.7833,-0.414352,0.328897,-1.091977,-0.196374,0.000000,0.000000,0.000000,0.318653,-0.702639,1.003049,0.335521,0.000000,0.000000,0.000000,0.000000
13.8000,-0.410673,0.321766,-1.095120,-0.169225,0.000000,0.000000,0.000000,0.331468,-0.695522,1.003776,0.348791,0.000000,0.000000,0.000000,0.000000
13.8833,-0.406665,0.313785,-1.098091,-0.140015,0.000000,0.000000,0.000000,0.341875,-0.689777,1.003262,0.360262,0.000000,0.000000,0.000000,0.000000
13.9000,-0.402319,0.305013,-1.100844,-0.109050,0.000000,0.000000,0.000000,0.349482,-0.685204,1.001464,0.369385,0.000000,0.000000,0.000000,0.000000
13.9167,-0.397638,0.295524,-1.103337,-0.076690,0.000000,0.000000,0.000000,0.353945,-0.681619,0.998366,0.375648,0.000000,0.000000,0.000000,0.000000
13.9333,-0.392635,0.285407,-1.105527,-0.043331,0.000000,0.000000,0.000000,0.355083,-0.678968,0.993986,0.378753,0.000000,0.000000,0.000000,0.000000
13.9500,-0.387345,0.274770,-1.107372,-0.009387,0.000000,0.000000,0.000000,0.352955,-0.677378,0.988383,0.378693,0.000000,0.000000,0.000000,0.000000
14.0500,-0.381814,0.263738,-1.108833,0.024733,0.000000,0.000000,0.000000,0.347890,-0.677161,0.981655,0.375761,0.000000,0.000000,0.000000,0.000000
14.0667,-0.376109,0.252441,-1.109871,0.058648,0.000000,0.000000,0.000000,0.340426,-0.678727,0.973930,0.370482,0.000000,0.000000,0.000000,0.000000
14.0833,-0.370306,0.241009,-1.110455,0.092015,0.000000,0.000000,0.000000,0.331194,-0.682447,0.965353,0.363456,0.000000,0.000000,0.000000,0.000000
14.1000,-0.364488,0.229565,-1.110561,0.124547,0.000000,0.000000,0.000000,0.320806,-0.688537,0.956076,0.355200,0.000000,0.000000,0.000000,0.000000
14.1167,-0.358745,0.218221,-1.110176,0.156007,0.000000,0.000000,0.000000,0.309807,-0.697010,0.946269,0.346024,0.000000,0.000000,0.000000,0.000000
14.1833,-0.353166,0.207073,-1.109296,0.186211,0.000000,0.000000,0.000000,0.298673,-0.707658,0.936133,0.335987,0.000000,0.000000,0.000000,0.000000
14.2500,-0.347839,0.196202,-1.107924,0.215024,0.000000,0.000000,0.000000,0.287796,-0.720074,0.925908,0.324986,0.000000,0.000000,0.000000,0.000000
14.2667,-0.342848,0.185673,-1.106076,0.242346,0.000000,0.000000,0.000000,0.277481,-0.733722,0.915846,0.312967,0.000000,0.000000,0.000000,0.000000
14.2833,-0.338267,0.175542,-1.103772,0.268109,0.000000,0.000000,0.000000,0.267920,-0.748022,0.906177,0.300064,0.000000,0.000000,0.000000,0.000000
14.3000,-0.334153,0.165860,-1.101045,0.292259,0.000000,0.000000,0.000000,0.259188,-0.762419,0.897085,0.286595,0.000000,0.000000,0.000000,0.000000
14.3167,-0.330541,0.156681,-1.097938,0.314752,0.000000,0.000000,0.000000,0.251276,-0.776431,0.888693,0.272975,0.000000,0.000000,0.000000,0.000000
14.3333,-0.327438,0.148060,-1.094506,0.335548,0.000000,0.000000,0.000000,0.244114,-0.789678,0.881068,0.259623,0.000000,0.000000,0.000000,0.000000
14.3500,-0.324822,0.140054,-1.090816,0.354610,0.000000,0.000000,0.000000,0.237605,-0.801884,0.874230,0.246912,0.000000,0.000000,0.000000,0.000000
14.3667,-0.322645,0.132724,-1.086940,0.371909,0.000000,0.000000,0.000000,0.231647,-0.812882,0.868162,0.235124,0.000000,0.000000,0.000000,0.000000
14.3833,-0.320840,0.126129,-1.082953,0.387427,0.000000,0.000000,0.000000,0.226149,-0.822602,0.862820,0.224436,0.000000,0.000000,0.000000,0.000000
14.4000,-0.319321,0.120321,-1.078932,0.401170,0.000000,0.000000,0.000000,0.221040,-0.831059,0.858141,0.214916,0.000000,0.000000,0.000000,0.000000
14.4167,-0.317984,0.115334,-1.074949,0.413172,0.000000,0.000000,0.000000,0.216265,-0.838334,0.854053,0.206516,0.000000,0.000000,0.000000,0.000000
14.4333,-0.316710,0.111182,-1.071077,0.423498,0.000000,0.000000,0.000000,0.211781,-0.844562,0.850472,0.199086,0.000000,0.000000,0.000000,0.000000
14.4500,-0.315362,0.107856,-1.067386,0.432246,0.000000,0.000000,0.000000,0.207546,-0.849914,0.847311,0.192381,0.000000,0.000000,0.000000,0.000000
14.4667,-0.313787,0.105329,-1.063943,0.439533,0.000000,0.000000,0.000000,0.203522,-0.854586,0.844479,0.186088,0.000000,0.000000,0.000000,0.000000
14.4833,-0.311814,0.103568,-1.060818,0.445483,0.000000,0.000000,0.000000,0.199667,-0.858792,0.841885,0.179846,0.000000,0.000000,0.000000,0.000000
14.5000,-0.309259,0.102540,-1.058081,0.450225,0.000000,0.000000,0.000000,0.195936,-0.862746,0.839444,0.173268,0.000000,0.000000,0.000000,0.000000
14.5167,-0.305919,0.102225,-1.055800,0.453880,0.000000,0.000000,0.000000,0.192281,-0.866656,0.837076,0.165961,0.000000,0.000000,0.000000,0.000000
14.5333,-0.301578,0.102619,-1.054045,0.456565,0.000000,0.000000,0.000000,0.188652,-0.870706,0.834715,0.157541,0.000000,0.000000,0.000000,0.000000
14.5500,-0.296004,0.103738,-1.052879,0.458394,0.000000,0.000000,0.000000,0.184982,-0.875037,0.832306,0.147647,0.000000,0.000000,0.000000,0.000000
14.5667,-0.288953,0.105619,-1.052361,0.459482,0.000000,0.000000,0.000000,0.181177,-0.879732,0.829809,0.135959,0.000000,0.000000,0.000000,0.000000
14.5833,-0.280170,0.108319,-1.052544,0.459950,0.000000,0.000000,0.000000,0.177102,-0.884789,0.827198,0.122203,0.000000,0.000000,0.000000,0.000000
14.6000,-0.269402,0.111913,-1.053473,0.459922,0.000000,0.000000,0.000000,0.172569,-0.890109,0.824462,0.106162,0.000000,0.000000,0.000000,0.000000
14.6167,-0.256405,0.116491,-1.055181,0.459531,0.000000,0.000000,0.000000,0.167337,-0.895485,0.821609,0.087679,0.000000,0.000000,0.000000,0.000000
14.6333,-0.240968,0.122153,-1.057684,0.458914,0.000000,0.000000,0.000000,0.161118,-0.900595,0.818672,0.066646,0.000000,0.000000,0.000000,0.000000
14.6500,-0.222931,0.128997,-1.060976,0.458219,0.000000,0.000000,0.000000,0.153592,-0.905011,0.815709,0.043018,0.000000,0.000000,0.000000,0.000000
14.6667,-0.202206,0.137107,-1.065019,0.457600,0.000000,0.000000,0.000000,0.144416,-0.908201,0.812812,0.016818,0.000000,0.000000,0.000000,0.000000
14.6833,-0.178804,0.146541,-1.069741,0.457223,0.000000,0.000000,0.000000,0.133241,-0.909550,0.810104,-0.011836,0.000000,0.000000,0.000000,0.000000
14.7000,-0.152837,0.157311,-1.075029,0.457255,0.000000,0.000000,0.000000,0.119713,-0.908381,0.807734,-0.042705,0.000000,0.000000,0.000000,0.000000
14.7167,-0.124533,0.169383,-1.080729,0.457852,0.000000,0.000000,0.000000,0.103480,-0.903983,0.805862,-0.075412,0.000000,0.000000,0.000000,0.000000
14.7333,-0.094230,0.182672,-1.086645,0.459138,0.000000,0.000000,0.000000,0.084193,-0.895658,0.804650,-0.109440,0.000000,0.000000,0.000000,0.000000
14.7500,-0.062373,0.197056,-1.092543,0.461195,0.000000,0.000000,0.000000,0.061528,-0.882780,0.804240,-0.144146,0.000000,0.000000,0.000000,0.000000
14.7667,-0.029508,0.212377,-1.098157,0.464042,0.000000,0.000000,0.000000,0.035225,-0.864879,0.804742,-0.178786,0.000000,0.000000,0.000000,0.000000
14.7833,0.003742,0.228464,-1.103199,0.467623,0.000000,0.000000,0.000000,0.005131,-0.841720,0.806218,-0.212545,0.000000,0.000000,0.000000,0.000000
14.8000,0.036711,0.245147,-1.107384,0.471799,0.000000,0.000000,0.000000,-0.028735,-0.813409,0.808666,-0.244575,0.000000,0.000000,0.000000,0.000000
14.8333,0.068738,0.262279,-1.110459,0.476352,0.000000,0.000000,0.000000,-0.066088,-0.780503,0.812018,-0.274085,0.000000,0.000000,0.000000,0.000000
14.8667,0.099208,0.279745,-1.112221,0.480996,0.000000,0.000000,0.000000,-0.106240,-0.744132,0.816158,-0.300500,0.000000,0.000000,0.000000,0.000000
14.9833,0.127591,0.297443,-1.112534,0.485398,0.000000,0.000000,0.000000,-0.148002,-0.705993,0.820961,-0.323635,0.000000,0.000000,0.000000,0.000000
15.0000,0.153468,0.315263,-1.111343,0.489218,0.000000,0.000000,0.000000,-0.189829,-0.668093,0.826318,-0.343670,0.000000,0.000000,0.000000,0.000000
15.0167,0.176542,0.333061,-1.108663,0.492154,0.000000,0.000000,0.000000,-0.230160,-0.632326,0.832130,-0.360911,0.000000,0.000000,0.000000,0.000000
15.0500,0.196641,0.350649,-1.104585,0.493980,0.000000,0.000000,0.000000,-0.267693,-0.600199,0.838275,-0.375578,0.000000,0.000000,0.000000,0.000000
15.0833,0.213714,0.367795,-1.099262,0.494564,0.000000,0.000000,0.000000,-0.301458,-0.572809,0.844604,-0.387754,0.000000,0.000000,0.000000,0.000000
15.1167,0.227812,0.384237,-1.092901,0.493877,0.000000,0.000000,0.000000,-0.330778,-0.550890,0.850955,-0.397411,0.000000,0.000000,0.000000,0.000000
15.1333,0.239077,0.399692,-1.085746,0.491989,0.000000,0.000000,0.000000,-0.355220,-0.534877,0.857164,-0.404456,0.000000,0.000000,0.000000,0.000000
15.1500,0.247719,0.413891,-1.078060,0.489048,0.000000,0.000000,0.000000,-0.374540,-0.524958,0.863087,-0.408768,0.000000,0.000000,0.000000,0.000000
15.1667,0.253998,0.426602,-1.070100,0.485258,0.000000,0.000000,0.000000,-0.388624,-0.521136,0.868606,-0.410224,0.000000,0.000000,0.000000,0.000000
15.1833,0.258208,0.437660,-1.062105,0.480848,0.000000,0.000000,0.000000,-0.397458,-0.523268,0.873637,-0.408720,0.000000,0.000000,0.000000,0.000000
15.2000,0.260653,0.446987,-1.054275,0.476048,0.000000,0.000000,0.000000,-0.401092,-0.531097,0.878132,-0.404183,0.000000,0.000000,0.000000,0.000000
15.2167,0.261639,0.454587,-1.046769,0.471072,0.000000,0.000000,0.000000,-0.399620,-0.544265,0.882086,-0.396581,0.000000,0.000000,0.000000,0.000000
15.2333,0.261455,0.460538,-1.039704,0.466105,0.000000,0.000000,0.000000,-0.393181,-0.562315,0.885532,-0.385940,0.000000,0.000000,0.000000,0.000000
15.2500,0.260369,0.464979,-1.033154,0.461294,0.000000,0.000000,0.000000,-0.381956,-0.584697,0.888542,-0.372353,0.000000,0.000000,0.000000,0.000000
15.2667,0.258624,0.468084,-1.027164,0.456748,0.000000,0.000000,0.000000,-0.366187,-0.610751,0.891213,-0.355988,0.000000,0.000000,0.000000,0.000000
15.2833,0.256431,0.470046,-1.021750,0.452538,0.000000,0.000000,0.000000,-0.346214,-0.639695,0.893663,-0.337094,0.000000,0.000000,0.000000,0.000000
15.3000,0.253969,0.471056,-1.016915,0.448708,0.000000,0.000000,0.000000,-0.322514,-0.670602,0.896015,-0.315976,0.000000,0.000000,0.000000,0.000000
15.3500,0.251381,0.471280,-1.012646,0.445285,0.000000,0.000000,0.000000,-0.295747,-0.702396,0.898383,-0.292978,0.000000,0.000000,0.000000,0.000000
15.3667,0.248772,0.470851,-1.008928,0.442281,0.000000,0.000000,0.000000,-0.266726,-0.733928,0.900855,-0.268463,0.000000,0.000000,0.000000,0.000000
15.3833,0.246205,0.469854,-1.005741,0.439710,0.000000,0.000000,0.000000,-0.236320,-0.764125,0.903482,-0.242825,0.000000,0.000000,0.000000,0.000000
15.4000,0.243702,0.468319,-1.003067,0.437587,0.000000,0.000000,0.000000,-0.205357,-0.792111,0.906277,-0.216493,0.000000,0.000000,0.000000,0.000000
15.4167,0.241241,0.466221,-1.000891,0.435935,0.000000,0.000000,0.000000,-0.174583,-0.817259,0.909213,-0.189920,0.000000,0.000000,0.000000,0.000000
15.4333,0.238757,0.463484,-0.999200,0.434791,0.000000,0.000000,0.000000,-0.144641,-0.839194,0.912227,-0.163561,0.000000,0.000000,0.000000,0.000000
15.4500,0.236146,0.459985,-0.997985,0.434200,0.000000,0.000000,0.000000,-0.116077,-0.857759,0.915231,-0.137848,0.000000,0.000000,0.000000,0.000000
15.4667,0.233271,0.455571,-0.997239,0.434219,0.000000,0.000000,0.000000,-0.089335,-0.872977,0.918118,-0.113163,0.000000,0.000000,0.000000,0.000000
15.4833,0.229965,0.450058,-0.996957,0.434912,0.000000,0.000000,0.000000,-0.064768,-0.884989,0.920779,-0.089816,0.000000,0.000000,0.000000,0.000000
15.5000,0.226043,0.443253,-0.997137,0.436350,0.000000,0.000000,0.000000,-0.042633,-0.894021,0.923108,-0.068025,0.000000,0.000000,0.000000,0.000000
15.5167,0.221308,0.434967,-0.997777,0.438599,0.000000,0.000000,0.000000,-0.023091,-0.900343,0.925019,-0.047924,0.000000,0.000000,0.000000,0.000000
15.5333,0.215562,0.425032,-0.998869,0.441721,0.000000,0.000000,0.000000,-0.006197,-0.904259,0.926451,-0.029567,0.000000,0.000000,0.000000,0.000000
15.5500,0.208617,0.413319,-1.000399,0.445757,0.000000,0.000000,0.000000,0.008103,-0.906083,0.927380,-0.012938,0.000000,0.000000,0.000000,0.000000
15.5667,0.200300,0.399760,-1.002344,0.450728,0.000000,0.000000,0.000000,0.019964,-0.906133,0.927817,0.002044,0.000000,0.000000,0.000000,0.000000
15.5833,0.190465,0.384358,-1.004661,0.456626,0.000000,0.000000,0.000000,0.029637,-0.904719,0.927808,0.015523,0.000000,0.000000,0.000000,0.000000
15.6000,0.179007,0.367197,-1.007292,0.463405,0.000000,0.000000,0.000000,0.037456,-0.902133,0.927432,0.027688,0.000000,0.000000,0.000000,0.000000
15.6167,0.165866,0.348446,-1.010155,0.470974,0.000000,0.000000,0.000000,0.043820,-0.898641,0.926796,0.038763,0.000000,0.000000,0.000000,0.000000
15.6333,0.151044,0.328352,-1.013147,0.479194,0.000000,0.000000,0.000000,0.049175,-0.894464,0.926028,0.049002,0.000000,0.000000,0.000000,0.000000
15.6500,0.134599,0.307217,-1.016147,0.487871,0.000000,0.000000,0.000000,0.053984,-0.889770,0.925271,0.058677,0.000000,0.000000,0.000000,0.000000
15.6667,0.116644,0.285385,-1.019012,0.496764,0.000000,0.000000,0.000000,0.058712,-0.884677,0.924669,0.068078,0.000000,0.000000,0.000000,0.000000
15.6833,0.097334,0.263220,-1.021589,0.505586,0.000000,0.000000,0.000000,0.063810,-0.879247,0.924367,0.077505,0.000000,0.000000,0.000000,0.000000
15.7000,0.076851,0.241070,-1.023717,0.514035,0.000000,0.000000,0.000000,0.069700,-0.873496,0.924500,0.087260,0.000000,0.000000,0.000000,0.000000
15.7167,0.055394,0.219244,-1.025244,0.521824,0.000000,0.000000,0.000000,0.076760,-0.867403,0.925192,0.097633,0.000000,0.000000,0.000000,0.000000
15.7333,0.033170,0.197984,-1.026040,0.528710,0.000000,0.000000,0.000000,0.085313,-0.860907,0.926547,0.108899,0.000000,0.000000,0.000000,0.000000
15.7500,0.010409,0.177478,-1.026015,0.534510,0.000000,0.000000,0.000000,0.095617,-0.853921,0.928646,0.121294,0.000000,0.000000,0.000000,0.000000
15.7667,-0.012635,0.157881,-1.025134,0.539102,0.000000,0.000000,0.000000,0.107843,-0.846326,0.931546,0.135005,0.000000,0.000000,0.000000,0.000000
15.7833,-0.035674,0.139340,-1.023428,0.542415,0.000000,0.000000,0.000000,0.122063,-0.837975,0.935272,0.150147,0.000000,0.000000,0.000000,0.000000
15.8000,-0.058400,0.122005,-1.020982,0.544426,0.000000,0.000000,0.000000,0.138224,-0.828710,0.939812,0.166733,0.000000,0.000000,0.000000,0.000000
15.8167,-0.080506,0.106029,-1.017932,0.545153,0.000000,0.000000,0.000000,0.156129,-0.818373,0.945105,0.184641,0.000000,0.000000,0.000000,0.000000
15.8333,-0.101699,0.091551,-1.014445,0.544656,0.000000,0.000000,0.000000,0.175412,-0.806826,0.951033,0.203585,0.000000,0.000000,0.000000,0.000000
15.8667,-0.121724,0.078685,-1.010700,0.543026,0.000000,0.000000,0.000000,0.195515,-0.793977,0.957415,0.223082,0.000000,0.000000,0.000000,0.000000
15.8833,-0.140378,0.067504,-1.006876,0.540370,0.000000,0.000000,0.000000,0.215688,-0.779798,0.963999,0.242451,0.000000,0.000000,0.000000,0.000000
15.9000,-0.157516,0.058047,-1.003132,0.536786,0.000000,0.000000,0.000000,0.235022,-0.764353,0.970481,0.260841,0.000000,0.000000,0.000000,0.000000
15.9833,-0.173062,0.050321,-0.999603,0.532346,0.000000,0.000000,0.000000,0.252515,-0.747831,0.976519,0.277290,0.000000,0.000000,0.000000,0.000000
16.0000,-0.186997,0.044305,-0.996396,0.527072,0.000000,0.000000,0.000000,0.267229,-0.730598,0.981775,0.290892,0.000000,0.000000,0.000000,0.000000
16.0167,-0.199356,0.039946,-0.993593,0.520934,0.000000,0.000000,0.000000,0.278506,-0.713232,0.985973,0.301012,0.000000,0.000000,0.000000,0.000000
16.0333,-0.210214,0.037158,-0.991257,0.513847,0.000000,0.000000,0.000000,0.286145,-0.696572,0.988935,0.307448,0.000000,0.000000,0.000000,0.000000
16.1667,-0.219673,0.035828,-0.989435,0.505663,0.000000,0.000000,0.000000,0.290454,-0.681699,0.990584,0.310453,0.000000,0.000000,0.000000,0.000000
16.1833,-0.227855,0.035821,-0.988165,0.496177,0.000000,0.000000,0.000000,0.292105,-0.669772,0.990912,0.310642,0.000000,0.000000,0.000000,0.000000
16.2000,-0.234892,0.037000,-0.987479,0.485125,0.000000,0.000000,0.000000,0.291872,-0.661785,0.989942,0.308808,0.000000,0.000000,0.000000,0.000000
16.2167,-0.240926,0.039243,-0.987400,0.472194,0.000000,0.000000,0.000000,0.290419,-0.658403,0.987692,0.305736,0.000000,0.000000,0.000000,0.000000
16.2333,-0.246096,0.042450,-0.987944,0.457030,0.000000,0.000000,0.000000,0.288233,-0.659935,0.984176,0.302079,0.000000,0.000000,0.000000,0.000000
16.2500,-0.250546,0.046555,-0.989120,0.439255,0.000000,0.000000,0.000000,0.285605,-0.666346,0.979404,0.298280,0.000000,0.000000,0.000000,0.000000
16.2667,-0.254413,0.051524,-0.990926,0.418491,0.000000,0.000000,0.000000,0.282635,-0.677290,0.973396,0.294513,0.000000,0.000000,0.000000,0.000000
16.2833,-0.257831,0.057358,-0.993348,0.394387,0.000000,0.000000,0.000000,0.279255,-0.692136,0.966202,0.290660,0.000000,0.000000,0.000000,0.000000
16.3667,-0.260930,0.064081,-0.996356,0.366644,0.000000,0.000000,0.000000,0.275282,-0.710019,0.957920,0.286348,0.000000,0.000000,0.000000,0.000000
16.3833,-0.263831,0.071740,-0.999905,0.335044,0.000000,0.000000,0.000000,0.270514,-0.729924,0.948716,0.281123,0.000000,0.000000,0.000000,0.000000
16.4833,-0.266652,0.080387,-1.003935,0.299482,0.000000,0.000000,0.000000,0.264835,-0.750797,0.938829,0.274698,0.000000,0.000000,0.000000,0.000000
16.5000,-0.269501,0.090074,-1.008365,0.259990,0.000000,0.000000,0.000000,0.258245,-0.771652,0.928549,0.267079,0.000000,0.000000,0.000000,0.000000
16.5167,-0.272485,0.100837,-1.013101,0.216764,0.000000,0.000000,0.000000,0.250840,-0.791641,0.918173,0.258515,0.000000,0.000000,0.000000,0.000000
16.5333,-0.275709,0.112676,-1.018035,0.170184,0.000000,0.000000,0.000000,0.242780,-0.810114,0.907974,0.249359,0.000000,0.000000,0.000000,0.000000
16.5500,-0.279277,0.125547,-1.023043,0.120824,0.000000,0.000000,0.000000,0.234278,-0.826630,0.898187,0.239977,0.000000,0.000000,0.000000,0.000000
16.5667,-0.283300,0.139356,-1.027989,0.069452,0.000000,0.000000,0.000000,0.225584,-0.840945,0.889003,0.230695,0.000000,0.000000,0.000000,0.000000
16.5833,-0.287894,0.153966,-1.032722,0.017007,0.000000,0.000000,0.000000,0.216962,-0.852982,0.880565,0.221782,0.000000,0.000000,0.000000,0.000000
16.6000,-0.293174,0.169217,-1.037078,-0.035445,0.000000,0.000000,0.000000,0.208662,-0.862797,0.872970,0.213436,0.000000,0.000000,0.000000,0.000000
16.6167,-0.299240,0.184933,-1.040890,-0.086792,0.000000,0.000000,0.000000,0.200908,-0.870549,0.866269,0.205788,0.000000,0.000000,0.000000,0.000000
16.6333,-0.306148,0.200940,-1.044016,-0.135982,0.000000,0.000000,0.000000,0.193887,-0.876470,0.860472,0.198908,0.000000,0.000000,0.000000,0.000000
16.6500,-0.313892,0.217063,-1.046356,-0.182110,0.000000,0.000000,0.000000,0.187746,-0.880840,0.855556,0.192811,0.000000,0.000000,0.000000,0.000000
16.6667,-0.322392,0.233135,-1.047876,-0.224466,0.000000,0.000000,0.000000,0.182592,-0.883968,0.851471,0.187469,0.000000,0.000000,0.000000,0.000000
16.6833,-0.331499,0.248987,-1.048608,-0.262555,0.000000,0.000000,0.000000,0.178486,-0.886165,0.848145,0.182819,0.000000,0.000000,0.000000,0.000000
16.7000,-0.341016,0.264457,-1.048643,-0.296089,0.000000,0.000000,0.000000,0.175446,-0.887731,0.845493,0.178769,0.000000,0.000000,0.000000,0.000000
16.7167,-0.350720,0.279379,-1.048113,-0.324967,0.000000,0.000000,0.000000,0.173455,-0.888944,0.843419,0.175202,0.000000,0.000000,0.000000,0.000000
16.7333,-0.360394,0.293595,-1.047174,-0.349241,0.000000,0.000000,0.000000,0.172463,-0.890048,0.841828,0.171974,0.000000,0.000000,0.000000,0.000000
16.7500,-0.369845,0.306961,-1.045988,-0.369090,0.000000,0.000000,0.000000,0.172391,-0.891247,0.840623,0.168918,0.000000,0.000000,0.000000,0.000000
16.7667,-0.378909,0.319356,-1.044705,-0.384782,0.000000,0.000000,0.000000,0.173137,-0.892696,0.839718,0.165839,0.000000,0.000000,0.000000,0.000000
16.7833,-0.387464,0.330692,-1.043458,-0.396638,0.000000,0.000000,0.000000,0.174575,-0.894499,0.839036,0.162514,0.000000,0.000000,0.000000,0.000000
16.8000,-0.395424,0.340908,-1.042352,-0.405005,0.000000,0.000000,0.000000,0.176554,-0.896702,0.838512,0.158695,0.000000,0.000000,0.000000,0.000000
16.8167,-0.402731,0.349977,-1.041471,-0.410227,0.000000,0.000000,0.000000,0.178901,-0.899298,0.838095,0.154102,0.000000,0.000000,0.000000,0.000000
16.8333,-0.409346,0.357890,-1.040877,-0.412637,0.000000,0.000000,0.000000,0.181413,-0.902220,0.837747,0.148426,0.000000,0.000000,0.000000,0.000000
16.8500,-0.415246,0.364654,-1.040622,-0.412534,0.000000,0.000000,0.000000,0.183853,-0.905348,0.837442,0.141334,0.000000,0.000000,0.000000,0.000000
16.8667,-0.420419,0.370272,-1.040746,-0.410167,0.000000,0.000000,0.000000,0.185949,-0.908496,0.837166,0.132475,0.000000,0.000000,0.000000,0.000000
16.8833,-0.424861,0.374741,-1.041282,-0.405725,0.000000,0.000000,0.000000,0.187382,-0.911418,0.836920,0.121493,0.000000,0.000000,0.000000,0.000000
16.9000,-0.428577,0.378049,-1.042255,-0.399325,0.000000,0.000000,0.000000,0.187788,-0.913797,0.836712,0.108044,0.000000,0.000000,0.000000,0.000000
16.9167,-0.431576,0.380172,-1.043683,-0.391009,0.000000,0.000000,0.000000,0.186758,-0.915256,0.836564,0.091808,0.000000,0.000000,0.000000,0.000000
16.9333,-0.433872,0.381067,-1.045581,-0.380748,0.000000,0.000000,0.000000,0.183850,-0.915361,0.836511,0.072509,0.000000,0.000000,0.000000,0.000000
16.9500,-0.435482,0.380681,-1.047953,-0.368447,0.000000,0.000000,0.000000,0.178615,-0.913639,0.836604,0.049936,0.000000,0.000000,0.000000,0.000000
16.9667,-0.436421,0.378949,-1.050801,-0.353961,0.000000,0.000000,0.000000,0.170610,-0.909595,0.836909,0.023963,0.000000,0.000000,0.000000,0.000000
16.9833,-0.436702,0.375801,-1.054115,-0.337106,0.000000,0.000000,0.000000,0.159432,-0.902736,0.837513,-0.005422,0.000000,0.000000,0.000000,0.000000
17.0000,-0.436334,0.371179,-1.057876,-0.317685,0.000000,0.000000,0.000000,0.144734,-0.892600,0.838511,-0.038084,0.000000,0.000000,0.000000,0.000000
17.0167,-0.435321,0.365037,-1.062052,-0.295514,0.000000,0.000000,0.000000,0.126251,-0.878789,0.840009,-0.073717,0.000000,0.000000,0.000000,0.000000
17.0333,-0.433665,0.357359,-1.066591,-0.270439,0.000000,0.000000,0.000000,0.103837,-0.861020,0.842110,-0.111829,0.000000,0.000000,0.000000,0.000000
17.0500,-0.431367,0.348158,-1.071424,-0.242374,0.000000,0.000000,0.000000,0.077490,-0.839182,0.844899,-0.151747,0.000000,0.000000,0.000000,0.000000
17.0667,-0.428432,0.337486,-1.076464,-0.211317,0.000000,0.000000,0.000000,0.047395,-0.813418,0.848430,-0.192634,0.000000,0.000000,0.000000,0.000000
17.0833,-0.424869,0.325433,-1.081605,-0.177373,0.000000,0.000000,0.000000,0.013974,-0.784222,0.852702,-0.233527,0.000000,0.000000,0.000000,0.000000
17.1333,-0.420698,0.312132,-1.086727,-0.140764,0.000000,0.000000,0.000000,-0.022032,-0.752553,0.857647,-0.273413,0.000000,0.000000,0.000000,0.000000
17.2333,-0.415953,0.297756,-1.091699,-0.101835,0.000000,0.000000,0.000000,-0.059524,-0.719869,0.863131,-0.311357,0.000000,0.000000,0.000000,0.000000
17.2500,-0.410683,0.282513,-1.096385,-0.061044,0.000000,0.000000,0.000000,-0.097190,-0.687888,0.868975,-0.346591,0.000000,0.000000,0.000000,0.000000
17.2667,-0.404956,0.266636,-1.100649,-0.018936,0.000000,0.000000,0.000000,-0.133790,-0.658172,0.874978,-0.378464,0.000000,0.000000,0.000000,0.000000
17.2833,-0.398852,0.250375,-1.104367,0.023883,0.000000,0.000000,0.000000,-0.168378,-0.631841,0.880944,-0.406348,0.000000,0.000000,0.000000,0.000000
17.3000,-0.392466,0.233981,-1.107430,0.066786,0.000000,0.000000,0.000000,-0.200317,-0.609564,0.886687,-0.429632,0.000000,0.000000,0.000000,0.000000
17.3167,-0.385905,0.217692,-1.109755,0.109169,0.000000,0.000000,0.000000,-0.229214,-0.591660,0.892044,-0.447765,0.000000,0.000000,0.000000,0.000000
17.3333,-0.379280,0.201728,-1.111283,0.150471,0.000000,0.000000,0.000000,-0.254815,-0.578238,0.896888,-0.460336,0.000000,0.000000,0.000000,0.000000
17.3667,-0.372709,0.186279,-1.111982,0.190204,0.000000,0.000000,0.000000,-0.276908,-0.569316,0.901130,-0.467134,0.000000,0.000000,0.000000,0.000000
17.4167,-0.366305,0.171504,-1.111847,0.227952,0.000000,0.000000,0.000000,-0.295248,-0.564906,0.904732,-0.468171,0.000000,0.000000,0.000000,0.000000
17.4833,-0.360174,0.157538,-1.110899,0.263377,0.000000,0.000000,0.000000,-0.309513,-0.565052,0.907705,-0.463673,0.000000,0.000000,0.000000,0.000000
17.5167,-0.354406,0.144497,-1.109181,0.296208,0.000000,0.000000,0.000000,-0.319320,-0.569802,0.910119,-0.454031,0.000000,0.000000,0.000000,0.000000
17.5333,-0.349067,0.132481,-1.106758,0.326250,0.000000,0.000000,0.000000,-0.324294,-0.579133,0.912089,-0.439719,0.000000,0.000000,0.000000,0.000000
17.5500,-0.344195,0.121572,-1.103712,0.353386,0.000000,0.000000,0.000000,-0.324151,-0.592880,0.913763,-0.421233,0.000000,0.000000,0.000000,0.000000
17.5667,-0.339793,0.111839,-1.100139,0.377581,0.000000,0.000000,0.000000,-0.318747,-0.610706,0.915298,-0.399073,0.000000,0.000000,0.000000,0.000000
17.5833,-0.335824,0.103330,-1.096152,0.398873,0.000000,0.000000,0.000000,-0.308109,-0.632095,0.916855,-0.373754,0.000000,0.000000,0.000000,0.000000
17.6000,-0.332203,0.096083,-1.091872,0.417358,0.000000,0.000000,0.000000,-0.292464,-0.656359,0.918572,-0.345814,0.000000,0.000000,0.000000,0.000000
17.6167,-0.328788,0.090127,-1.087434,0.433176,0.000000,0.000000,0.000000,-0.272280,-0.682641,0.920552,-0.315810,0.000000,0.000000,0.000000,0.000000
17.6667,-0.325383,0.085484,-1.082983,0.446493,0.000000,0.000000,0.000000,-0.248281,-0.709932,0.922846,-0.284298,0.000000,0.000000,0.000000,0.000000
17.6833,-0.321736,0.082173,-1.078670,0.457495,0.000000,0.000000,0.000000,-0.221405,-0.737143,0.925450,-0.251820,0.000000,0.000000,0.000000,0.000000
17.7000,-0.317551,0.080214,-1.074650,0.466377,0.000000,0.000000,0.000000,-0.192680,-0.763251,0.928312,-0.218903,0.000000,0.000000,0.000000,0.000000
17.7167,-0.312493,0.079635,-1.071076,0.473343,0.000000,0.000000,0.000000,-0.163089,-0.787428,0.931344,-0.186063,0.000000,0.000000,0.000000,0.000000
17.7333,-0.306197,0.080469,-1.068096,0.478595,0.000000,0.000000,0.000000,-0.133502,-0.809096,0.934440,-0.153797,0.000000,0.000000,0.000000,0.000000
17.7500,-0.298286,0.082766,-1.065845,0.482335,0.000000,0.000000,0.000000,-0.104632,-0.827941,0.937489,-0.122573,0.000000,0.000000,0.000000,0.000000
17.7667,-0.288382,0.086590,-1.064438,0.484765,0.000000,0.000000,0.000000,-0.077029,-0.843884,0.940379,-0.092796,0.000000,0.000000,0.000000,0.000000
17.7833,-0.276126,0.092013,-1.063969,0.486084,0.000000,0.000000,0.000000,-0.051095,-0.857031,0.943011,-0.064786,0.000000,0.000000,0.000000,0.000000
17.8000,-0.261192,0.099116,-1.064499,0.486496,0.000000,0.000000,0.000000,-0.027095,-0.867611,0.945297,-0.038753,0.000000,0.000000,0.000000,0.000000
17.8167,-0.243313,0.107977,-1.066053,0.486205,0.000000,0.000000,0.000000,-0.005175,-0.875927,0.947171,-0.014805,0.000000,0.000000,0.000000,0.000000
17.8333,-0.222305,0.118663,-1.068617,0.485415,0.000000,0.000000,0.000000,0.014624,-0.882301,0.948594,0.007046,0.000000,0.000000,0.000000,0.000000
17.8500,-0.198095,0.131213,-1.072126,0.484322,0.000000,0.000000,0.000000,0.032345,-0.887040,0.949558,0.026856,0.000000,0.000000,0.000000,0.000000
17.8667,-0.170758,0.145632,-1.076454,0.483115,0.000000,0.000000,0.000000,0.048095,-0.890403,0.950080,0.044739,0.000000,0.000000,0.000000,0.000000
17.8833,-0.140551,0.161871,-1.081406,0.481970,0.000000,0.000000,0.000000,0.062033,-0.892592,0.950209,0.060838,0.000000,0.000000,0.000000,0.000000
17.9000,-0.107942,0.179822,-1.086708,0.481045,0.000000,0.000000,0.000000,0.074350,-0.893740,0.950015,0.075310,0.000000,0.000000,0.000000,0.000000
17.9167,-0.073594,0.199311,-1.092026,0.480459,0.000000,0.000000,0.000000,0.085262,-0.893920,0.949588,0.088315,0.000000,0.000000,0.000000,0.000000
17.9333,-0.038296,0.220102,-1.096991,0.480272,0.000000,0.000000,0.000000,0.094999,-0.893138,0.949035,0.100017,0.000000,0.000000,0.000000,0.000000
17.9500,-0.002886,0.241914,-1.101246,0.480478,0.000000,0.000000,0.000000,0.103792,-0.891342,0.948473,0.110590,0.000000,0.000000,0.000000,0.000000
17.9667,0.031816,0.264457,-1.104474,0.481004,0.000000,0.000000,0.000000,0.111870,-0.888426,0.948023,0.120211,0.000000,0.000000,0.000000,0.000000
17.9833,0.065062,0.287446,-1.106431,0.481719,0.000000,0.000000,0.000000,0.119456,-0.884254,0.947815,0.129064,0.000000,0.000000,0.000000,0.000000
18.0000,0.096218,0.310600,-1.106959,0.482453,0.000000,0.000000,0.000000,0.126765,-0.878663,0.947974,0.137324,0.000000,0.000000,0.000000,0.000000
18.0167,0.124794,0.333627,-1.105994,0.483014,0.000000,0.000000,0.000000,0.133991,-0.871491,0.948622,0.145161,0.000000,0.000000,0.000000,0.000000
18.0333,0.150450,0.356214,-1.103568,0.483235,0.000000,0.000000,0.000000,0.141312,-0.862584,0.949868,0.152721,0.000000,0.000000,0.000000,0.000000
18.0500,0.172998,0.378031,-1.099788,0.483002,0.000000,0.000000,0.000000,0.148873,-0.851820,0.951807,0.160126,0.000000,0.000000,0.000000,0.000000
18.0667,0.192385,0.398743,-1.094830,0.482267,0.000000,0.000000,0.000000,0.156789,-0.839125,0.954507,0.167464,0.000000,0.000000,0.000000,0.000000
18.0833,0.208680,0.418021,-1.088915,0.481042,0.000000,0.000000,0.000000,0.165136,-0.824493,0.958008,0.174788,0.000000,0.000000,0.000000,0.000000
18.1000,0.222043,0.435563,-1.082288,0.479378,0.000000,0.000000,0.000000,0.173950,-0.808011,0.962312,0.182115,0.000000,0.000000,0.000000,0.000000
18.1167,0.232705,0.451106,-1.075194,0.477344,0.000000,0.000000,0.000000,0.183223,-0.789875,0.967372,0.189436,0.000000,0.000000,0.000000,0.000000
18.1333,0.240937,0.464445,-1.067871,0.475030,0.000000,0.000000,0.000000,0.192900,-0.770416,0.973088,0.196716,0.000000,0.000000,0.000000,0.000000
18.1500,0.247026,0.475436,-1.060533,0.472535,0.000000,0.000000,0.000000,0.202888,-0.750128,0.979299,0.203901,0.000000,0.000000,0.000000,0.000000
18.1667,0.251253,0.483995,-1.053367,0.469964,0.000000,0.000000,0.000000,0.213067,-0.729703,0.985777,0.210923,0.000000,0.000000,0.000000,0.000000
18.2667,0.253880,0.490099,-1.046521,0.467416,0.000000,0.000000,0.000000,0.223311,-0.710038,0.992234,0.217735,0.000000,0.000000,0.000000,0.000000
18.3833,0.255135,0.493774,-1.040110,0.464983,0.000000,0.000000,0.000000,0.233522,-0.692140,0.998350,0.224389,0.000000,0.000000,0.000000,0.000000
18.5167,0.255198,0.495078,-1.034212,0.462751,0.000000,0.000000,0.000000,0.243627,-0.676930,1.003817,0.231084,0.000000,0.000000,0.000000,0.000000
18.5333,0.254195,0.494088,-1.028876,0.460803,0.000000,0.000000,0.000000,0.253556,-0.665095,1.008367,0.238078,0.000000,0.000000,0.000000,0.000000
18.5500,0.252198,0.490885,-1.024125,0.459219,0.000000,0.000000,0.000000,0.263239,-0.657082,1.011779,0.245558,0.000000,0.000000,0.000000,0.000000
18.5667,0.249225,0.485544,-1.019962,0.458065,0.000000,0.000000,0.000000,0.272605,-0.653144,1.013878,0.253583,0.000000,0.000000,0.000000,0.000000
18.5833,0.245249,0.478132,-1.016375,0.457392,0.000000,0.000000,0.000000,0.281583,-0.653383,1.014528,0.262070,0.000000,0.000000,0.000000,0.000000
18.6000,0.240205,0.468707,-1.013340,0.457220,0.000000,0.000000,0.000000,0.290084,-0.657762,1.013634,0.270795,0.000000,0.000000,0.000000,0.000000
18.6167,0.234003,0.457325,-1.010825,0.457544,0.000000,0.000000,0.000000,0.297995,-0.666118,1.011142,0.279377,0.000000,0.000000,0.000000,0.000000
18.6333,0.226538,0.444051,-1.008799,0.458321,0.000000,0.000000,0.000000,0.305168,-0.678159,1.007042,0.287270,0.000000,0.000000,0.000000,0.000000
18.6500,0.217710,0.428974,-1.007228,0.459473,0.000000,0.000000,0.000000,0.311408,-0.693458,1.001373,0.293760,0.000000,0.000000,0.000000,0.000000
18.7000,0.207434,0.412223,-1.006082,0.460902,0.000000,0.000000,0.000000,0.316482,-0.711450,0.994234,0.298003,0.000000,0.000000,0.000000,0.000000
18.7167,0.195654,0.393972,-1.005328,0.462500,0.000000,0.000000,0.000000,0.320152,-0.731445,0.985795,0.299163,0.000000,0.000000,0.000000,0.000000
18.7333,0.182349,0.374443,-1.004933,0.464171,0.000000,0.000000,0.000000,0.322241,-0.752682,0.976301,0.296606,0.000000,0.000000,0.000000,0.000000
18.7500,0.167541,0.353900,-1.004857,0.465849,0.000000,0.000000,0.000000,0.322688,-0.774370,0.966063,0.290070,0.000000,0.000000,0.000000,0.000000
18.8167,0.151295,0.332638,-1.005054,0.467510,0.000000,0.000000,0.000000,0.321563,-0.795724,0.955445,0.279741,0.000000,0.000000,0.000000,0.000000
18.8333,0.133721,0.310961,-1.005472,0.469182,0.000000,0.000000,0.000000,0.319041,-0.816017,0.944818,0.266215,0.000000,0.000000,0.000000,0.000000
18.8500,0.114972,0.289157,-1.006052,0.470939,0.000000,0.000000,0.000000,0.315341,-0.834644,0.934521,0.250363,0.000000,0.000000,0.000000,0.000000
18.8667,0.095237,0.267477,-1.006736,0.472887,0.000000,0.000000,0.000000,0.310699,-0.851167,0.924826,0.233155,0.000000,0.000000,0.000000,0.000000
18.8833,0.074729,0.246118,-1.007466,0.475138,0.000000,0.000000,0.000000,0.305345,-0.865331,0.915930,0.215534,0.000000,0.000000,0.000000,0.000000
18.9000,0.053682,0.225217,-1.008185,0.477798,0.000000,0.000000,0.000000,0.299498,-0.877037,0.907957,0.198328,0.000000,0.000000,0.000000,0.000000
18.9167,0.032335,0.204863,-1.008841,0.480937,0.000000,0.000000,0.000000,0.293355,-0.886322,0.900965,0.182205,0.000000,0.000000,0.000000,0.000000
18.9333,0.010931,0.185112,-1.009385,0.484585,0.000000,0.000000,0.000000,0.287089,-0.893334,0.894957,0.167650,0.000000,0.000000,0.000000,0.000000
18.9500,-0.010294,0.166008,-1.009777,0.488730,0.000000,0.000000,0.000000,0.280848,-0.898298,0.889892,0.154969,0.000000,0.000000,0.000000,0.000000
18.9667,-0.031112,0.147594,-1.009987,0.493322,0.000000,0.000000,0.000000,0.274750,-0.901494,0.885693,0.144300,0.000000,0.000000,0.000000,0.000000
18.9833,-0.051299,0.129923,-1.010005,0.498283,0.000000,0.000000,0.000000,0.268884,-0.903224,0.882263,0.135644,0.000000,0.000000,0.000000,0.000000
19.0000,-0.070644,0.113066,-1.009835,0.503509,0.000000,0.000000,0.000000,0.263307,-0.903796,0.879488,0.128884,0.000000,0.000000,0.000000,0.000000
19.0167,-0.088948,0.097110,-1.009498,0.508876,0.000000,0.000000,0.000000,0.258050,-0.903499,0.877251,0.123819,0.000000,0.000000,0.000000,0.000000
19.0333,-0.106030,0.082157,-1.009029,0.514248,0.000000,0.000000,0.000000,0.253110,-0.902595,0.875433,0.120182,0.000000,0.000000,0.000000,0.000000
19.0500,-0.121737,0.068311,-1.008474,0.519481,0.000000,0.000000,0.000000,0.248465,-0.901314,0.873923,0.117655,0.000000,0.000000,0.000000,0.000000
19.0667,-0.135948,0.055671,-1.007881,0.524435,0.000000,0.000000,0.000000,0.244074,-0.899860,0.872615,0.115884,0.000000,0.000000,0.000000,0.000000
19.0833,-0.148589,0.044320,-1.007298,0.528979,0.000000,0.000000,0.000000,0.239888,-0.898411,0.871416,0.114486,0.000000,0.000000,0.000000,0.000000
19.1000,-0.159629,0.034318,-1.006769,0.533001,0.000000,0.000000,0.000000,0.235858,-0.897131,0.870241,0.113055,0.000000,0.000000,0.000000,0.000000
19.1167,-0.169092,0.025695,-1.006329,0.536409,0.000000,0.000000,0.000000,0.231935,-0.896171,0.869019,0.111168,0.000000,0.000000,0.000000,0.000000
19.1333,-0.177045,0.018447,-1.006005,0.539132,0.000000,0.000000,0.000000,0.228080,-0.895665,0.867694,0.108394,0.000000,0.000000,0.000000,0.000000
19.1500,-0.183602,0.012543,-1.005814,0.541109,0.000000,0.000000,0.000000,0.224264,-0.895735,0.866225,0.104295,0.000000,0.000000,0.000000,0.000000
19.1667,-0.188905,0.007927,-1.005761,0.542280,0.000000,0.000000,0.000000,0.220464,-0.896477,0.864589,0.098438,0.000000,0.000000,0.000000,0.000000
19.1833,-0.193122,0.004533,-1.005846,0.542577,0.000000,0.000000,0.000000,0.216646,-0.897950,0.862778,0.090402,0.000000,0.000000,0.000000,0.000000
19.2000,-0.196433,0.002294,-1.006060,0.541904,0.000000,0.000000,0.000000,0.212750,-0.900159,0.860796,0.079788,0.000000,0.000000,0.000000,0.000000
19.2167,-0.199025,0.001152,-1.006390,0.540135,0.000000,0.000000,0.000000,0.208676,-0.903041,0.858657,0.066236,0.000000,0.000000,0.000000,0.000000
19.2333,-0.201084,0.001066,-1.006819,0.537092,0.000000,0.000000,0.000000,0.204266,-0.906451,0.856386,0.049437,0.000000,0.000000,0.000000,0.000000
19.2500,-0.202793,0.002012,-1.007333,0.532547,0.000000,0.000000,0.000000,0.199293,-0.910154,0.854012,0.029162,0.000000,0.000000,0.000000,0.000000
19.2667,-0.204326,0.003987,-1.007920,0.526209,0.000000,0.000000,0.000000,0.193458,-0.913812,0.851570,0.005271,0.000000,0.000000,0.000000,0.000000
19.2833,-0.205845,0.007005,-1.008575,0.517729,0.000000,0.000000,0.000000,0.186394,-0.916994,0.849104,-0.022261,0.000000,0.000000,0.000000,0.000000
19.3000,-0.207498,0.011096,-1.009302,0.506703,0.000000,0.000000,0.000000,0.177672,-0.919179,0.846665,-0.053331,0.000000,0.000000,0.000000,0.000000
19.3167,-0.209417,0.016301,-1.010112,0.492690,0.000000,0.000000,0.000000,0.166811,-0.919773,0.844306,-0.087672,0.000000,0.000000,0.000000,0.000000
19.3333,-0.211716,0.022657,-1.011030,0.475234,0.000000,0.000000,0.000000,0.153295,-0.918131,0.842085,-0.124829,0.000000,0.000000,0.000000,0.000000
19.3500,-0.214486,0.030198,-1.012091,0.453889,0.000000,0.000000,0.000000,0.136591,-0.913591,0.840059,-0.164146,0.000000,0.000000,0.000000,0.000000
19.3667,-0.217793,0.038937,-1.013340,0.428242,0.000000,0.000000,0.000000,0.116191,-0.905520,0.838277,-0.204758,0.000000,0.000000,0.000000,0.000000
19.3833,-0.221671,0.048875,-1.014835,0.397941,0.000000,0.000000,0.000000,0.091661,-0.893375,0.836790,-0.245615,0.000000,0.000000,0.000000,0.000000
19.4000,-0.226122,0.059989,-1.016640,0.362721,0.000000,0.000000,0.000000,0.062726,-0.876782,0.835651,-0.285523,0.000000,0.000000,0.000000,0.000000
19.4333,-0.231115,0.072232,-1.018822,0.322443,0.000000,0.000000,0.000000,0.029349,-0.855615,0.834923,-0.323222,0.000000,0.000000,0.000000,0.000000
19.4500,-0.236590,0.085523,-1.021444,0.277129,0.000000,0.000000,0.000000,-0.008214,-0.830063,0.834679,-0.357505,0.000000,0.000000,0.000000,0.000000
19.4667,-0.242469,0.099744,-1.024556,0.227003,0.000000,0.000000,0.000000,-0.049407,-0.800659,0.834982,-0.387348,0.000000,0.000000,0.000000,0.000000
19.4833,-0.248672,0.114731,-1.028187,0.172519,0.000000,0.000000,0.000000,-0.093408,-0.768264,0.835860,-0.412015,0.000000,0.000000,0.000000,0.000000
19.5000,-0.255137,0.130278,-1.032323,0.114377,0.000000,0.000000,0.000000,-0.139156,-0.734035,0.837303,-0.431142,0.000000,0.000000,0.000000,0.000000
19.5667,-0.261837,0.146151,-1.036902,0.053519,0.000000,0.000000,0.000000,-0.185372,-0.699368,0.839264,-0.444785,0.000000,0.000000,0.000000,0.000000
19.5833,-0.268794,0.162107,-1.041798,-0.008893,0.000000,0.000000,0.000000,-0.230655,-0.665762,0.841676,-0.453363,0.000000,0.000000,0.000000,0.000000
19.6000,-0.276076,0.177916,-1.046827,-0.071527,0.000000,0.000000,0.000000,-0.273656,-0.634605,0.844459,-0.457490,0.000000,0.000000,0.000000,0.000000
19.6167,-0.283764,0.193361,-1.051775,-0.133005,0.000000,0.000000,0.000000,-0.313220,-0.607050,0.847524,-0.457816,0.000000,0.000000,0.000000,0.000000
19.6333,-0.291901,0.208261,-1.056451,-0.192065,0.000000,0.000000,0.000000,-0.348437,-0.583983,0.850766,-0.454940,0.000000,0.000000,0.000000,0.000000
19.7833,-0.300454,0.222485,-1.060732,-0.247667,0.000000,0.000000,0.000000,-0.378642,-0.566053,0.854066,-0.449361,0.000000,0.000000,0.000000,0.000000
19.8000,-0.309313,0.235952,-1.064577,-0.299020,0.000000,0.000000,0.000000,-0.403391,-0.553694,0.857297,-0.441466,0.000000,0.000000,0.000000,0.000000
19.8167,-0.318316,0.248611,-1.068009,-0.345562,0.000000,0.000000,0.000000,-0.422427,-0.547136,0.860344,-0.431522,0.000000,0.000000,0.000000,0.000000
19.8333,-0.327277,0.260419,-1.071094,-0.386946,0.000000,0.000000,0.000000,-0.435640,-0.546418,0.863122,-0.419696,0.000000,0.000000,0.000000,0.000000
19.8500,-0.336014,0.271350,-1.073915,-0.423006,0.000000,0.000000,0.000000,-0.443034,-0.551400,0.865587,-0.406078,0.000000,0.000000,0.000000,0.000000
19.8667,-0.344368,0.281399,-1.076553,-0.453731,0.000000,0.000000,0.000000,-0.444690,-0.561787,0.867739,-0.390708,0.000000,0.000000,0.000000,0.000000
19.8833,-0.352218,0.290589,-1.079068,-0.479224,0.000000,0.000000,0.000000,-0.440752,-0.577143,0.869624,-0.373615,0.000000,0.000000,0.000000,0.000000
19.9000,-0.359480,0.298969,-1.081501,-0.499672,0.000000,0.000000,0.000000,-0.431418,-0.596906,0.871331,-0.354848,0.000000,0.000000,0.000000,0.000000
19.9167,-0.366112,0.306607,-1.083870,-0.515309,0.000000,0.000000,0.000000,-0.416938,-0.620415,0.872981,-0.334501,0.000000,0.000000,0.000000,0.000000
19.9333,-0.372100,0.313581,-1.086174,-0.526385,0.000000,0.000000,0.000000,-0.397621,-0.646927,0.874708,-0.312728,0.000000,0.000000,0.000000,0.000000
19.9500,-0.377452,0.319960,-1.088407,-0.533148,0.000000,0.000000,0.000000,-0.373850,-0.675653,0.876647,-0.289750,0.000000,0.000000,0.000000,0.000000
19.9667,-0.382191,0.325797,-1.090561,-0.535824,0.000000,0.000000,0.000000,-0.346092,-0.705783,0.878911,-0.265842,0.000000,0.000000,0.000000,0.000000
19.9833,-0.386337,0.331118,-1.092639,-0.534616,0.000000,0.000000,0.000000,-0.314929,-0.736494,0.881573,-0.241306,0.000000,0.000000,0.000000,0.000000
20.0000,-0.389908,0.335913,-1.094650,-0.529693,0.000000,0.000000,0.000000,-0.281077,-0.766950,0.884661,-0.216438,0.000000,0.000000,0.000000,0.000000
20.0167,-0.392915,0.340137,-1.096617,-0.521189,0.000000,0.000000,0.000000,-0.245396,-0.796301,0.888146,-0.191509,0.000000,0.000000,0.000000,0.000000
20.0333,-0.395361,0.343708,-1.098569,-0.509211,0.000000,0.000000,0.000000,-0.208884,-0.823697,0.891946,-0.166776,0.000000,0.000000,0.000000,0.000000
20.0667,-0.397239,0.346522,-1.100542,-0.493836,0.000000,0.000000,0.000000,-0.172625,-0.848326,0.895934,-0.142498,0.000000,0.000000,0.000000,0.000000
20.0833,-0.398534,0.348452,-1.102570,-0.475122,0.000000,0.000000,0.000000,-0.137671,-0.869518,0.899954,-0.118969,0.000000,0.000000,0.000000,0.000000
20.1000,-0.399229,0.349361,-1.104687,-0.453111,0.000000,0.000000,0.000000,-0.104913,-0.886851,0.903858,-0.096519,0.000000,0.000000,0.000000,0.000000
20.1167,-0.399311,0.349101,-1.106917,-0.427833,0.000000,0.000000,0.000000,-0.074994,-0.900181,0.907516,-0.075484,0.000000,0.000000,0.000000,0.000000
20.1333,-0.398776,0.347523,-1.109271,-0.399319,0.000000,0.000000,0.000000,-0.048315,-0.909618,0.910834,-0.056165,0.000000,0.000000,0.000000,0.000000
20.1500,-0.397640,0.344492,-1.111742,-0.367612,0.000000,0.000000,0.000000,-0.025062,-0.915457,0.913745,-0.038799,0.000000,0.000000,0.000000,0.000000
20.1667,-0.395929,0.339903,-1.114304,-0.332790,0.000000,0.000000,0.000000,-0.005243,-0.918122,0.916210,-0.023533,0.000000,0.000000,0.000000,0.000000
20.1833,-0.393679,0.333703,-1.116904,-0.294988,0.000000,0.000000,0.000000,0.011272,-0.918109,0.918215,-0.010430,0.000000,0.000000,0.000000,0.000000
20.2000,-0.390934,0.325911,-1.119471,-0.254420,0.000000,0.000000,0.000000,0.024714,-0.915946,0.919764,0.000522,0.000000,0.000000,0.000000,0.000000
20.2167,-0.387736,0.316621,-1.121909,-0.211391,0.000000,0.000000,0.000000,0.035380,-0.912153,0.920879,0.009393,0.000000,0.000000,0.000000,0.000000
20.2333,-0.384136,0.305997,-1.124108,-0.166295,0.000000,0.000000,0.000000,0.043606,-0.907212,0.921595,0.016307,0.000000,0.000000,0.000000,0.000000
20.2500,-0.380181,0.294263,-1.125952,-0.119623,0.000000,0.000000,0.000000,0.049743,-0.901542,0.921954,0.021430,0.000000,0.000000,0.000000,0.000000
20.2667,-0.375920,0.281679,-1.127331,-0.071944,0.000000,0.000000,0.000000,0.054142,-0.895491,0.922008,0.024967,0.000000,0.000000,0.000000,0.000000
20.2833,-0.371399,0.268518,-1.128152,-0.023881,0.000000,0.000000,0.000000,0.057136,-0.889326,0.921814,0.027150,0.000000,0.000000,0.000000,0.000000
20.3000,-0.366668,0.255037,-1.128345,0.023933,0.000000,0.000000,0.000000,0.059039,-0.883238,0.921434,0.028234,0.000000,0.000000,0.000000,0.000000
20.3167,-0.361783,0.241461,-1.127866,0.070883,0.000000,0.000000,0.000000,0.060134,-0.877346,0.920934,0.028479,0.000000,0.000000,0.000000,0.000000
20.3333,-0.356801,0.227983,-1.126703,0.116395,0.000000,0.000000,0.000000,0.060671,-0.871696,0.920378,0.028150,0.000000,0.000000,0.000000,0.000000
20.3500,-0.351780,0.214771,-1.124870,0.159937,0.000000,0.000000,0.000000,0.060862,-0.866266,0.919835,0.027504,0.000000,0.000000,0.000000,0.000000
20.3667,-0.346761,0.201972,-1.122410,0.201030,0.000000,0.000000,0.000000,0.060883,-0.860974,0.919373,0.026789,0.000000,0.000000,0.000000,0.000000
20.3833,-0.341769,0.189706,-1.119396,0.239272,0.000000,0.000000,0.000000,0.060877,-0.855681,0.919063,0.026244,0.000000,0.000000,0.000000,0.000000
20.4000,-0.336800,0.178063,-1.115934,0.274358,0.000000,0.000000,0.000000,0.060960,-0.850203,0.918977,0.026097,0.000000,0.000000,0.000000,0.000000
20.4167,-0.331820,0.167095,-1.112155,0.306097,0.000000,0.000000,0.000000,0.061227,-0.844319,0.919197,0.026566,0.000000,0.000000,0.000000,0.000000
20.4333,-0.326766,0.156834,-1.108206,0.334399,0.000000,0.000000,0.000000,0.061757,-0.837781,0.919803,0.027853,0.000000,0.000000,0.000000,0.000000
20.4500,-0.321553,0.147307,-1.104240,0.359273,0.000000,0.000000,0.000000,0.062614,-0.830333,0.920882,0.030140,0.000000,0.000000,0.000000,0.000000
20.4667,-0.316080,0.138556,-1.100397,0.380805,0.000000,0.000000,0.000000,0.063850,-0.821717,0.922517,0.033580,0.000000,0.000000,0.000000,0.000000
20.4833,-0.310235,0.130642,-1.096800,0.399140,0.000000,0.000000,0.000000,0.065509,-0.811698,0.924782,0.038285,0.000000,0.000000,0.000000,0.000000
20.5000,-0.303901,0.123655,-1.093544,0.414479,0.000000,0.000000,0.000000,0.067617,-0.800074,0.927742,0.044316,0.000000,0.000000,0.000000,0.000000
20.5167,-0.296955,0.117713,-1.090702,0.427061,0.000000,0.000000,0.000000,0.070188,-0.786696,0.931440,0.051679,0.000000,0.000000,0.000000,0.000000
20.5333,-0.289260,0.112958,-1.088320,0.437161,0.000000,0.000000,0.000000,0.073213,-0.771485,0.935898,0.060323,0.000000,0.000000,0.000000,0.000000
20.5500,-0.280652,0.109557,-1.086428,0.445078,0.000000,0.000000,0.000000,0.076662,-0.754449,0.941102,0.070141,0.000000,0.000000,0.000000,0.000000
20.5667,-0.270937,0.107702,-1.085044,0.451123,0.000000,0.000000,0.000000,0.080487,-0.735708,0.947002,0.080977,0.000000,0.000000,0.000000,0.000000
20.5833,-0.259892,0.107601,-1.084175,0.455602,0.000000,0.000000,0.000000,0.084629,-0.715518,0.953506,0.092637,0.000000,0.000000,0.000000,0.000000
20.6000,-0.247267,0.109473,-1.083821,0.458813,0.000000,0.000000,0.000000,0.089024,-0.694292,0.960474,0.104910,0.000000,0.000000,0.000000,0.000000
20.6167,-0.232810,0.113531,-1.083973,0.461037,0.000000,0.000000,0.000000,0.093641,-0.672642,0.967718,0.117603,0.000000,0.000000,0.000000,0.000000
20.6500,-0.216278,0.119972,-1.084608,0.462541,0.000000,0.000000,0.000000,0.098518,-0.651407,0.975007,0.130585,0.000000,0.000000,0.000000,0.000000
20.8167,-0.197463,0.128963,-1.085686,0.463576,0.000000,0.000000,0.000000,0.103812,-0.631643,0.982085,0.143840,0.000000,0.000000,0.000000,0.000000
20.8333,-0.176215,0.140626,-1.087147,0.464380,0.000000,0.000000,0.000000,0.109793,-0.614475,0.988702,0.157475,0.000000,0.000000,0.000000,0.000000
20.8500,-0.152475,0.155030,-1.088900,0.465176,0.000000,0.000000,0.000000,0.116769,-0.600901,0.994638,0.171678,0.000000,0.000000,0.000000,0.000000
20.8667,-0.126295,0.172172,-1.090824,0.466157,0.000000,0.000000,0.000000,0.124993,-0.591658,0.999703,0.186631,0.000000,0.000000,0.000000,0.000000
20.8833,-0.097860,0.191979,-1.092754,0.467474,0.000000,0.000000,0.000000,0.134578,-0.587182,1.003720,0.202430,0.000000,0.000000,0.000000,0.000000
20.9000,-0.067507,0.214296,-1.094490,0.469215,0.000000,0.000000,0.000000,0.145444,-0.587611,1.006507,0.219019,0.000000,0.000000,0.000000,0.000000
20.9500,-0.035717,0.238875,-1.095798,0.471392,0.000000,0.000000,0.000000,0.157300,-0.592822,1.007875,0.236149,0.000000,0.000000,0.000000,0.000000
20.9667,-0.003118,0.265365,-1.096429,0.473927,0.000000,0.000000,0.000000,0.169716,-0.602507,1.007645,0.253399,0.000000,0.000000,0.000000,0.000000
21.0667,0.029551,0.293307,-1.096144,0.476651,0.000000,0.000000,0.000000,0.182244,-0.616259,1.005689,0.270236,0.000000,0.000000,0.000000,0.000000
21.0833,0.061487,0.322148,-1.094746,0.479319,0.000000,0.000000,0.000000,0.194498,-0.633617,1.001958,0.286047,0.000000,0.000000,0.000000,0.000000
21.1000,0.091918,0.351250,-1.092115,0.481653,0.000000,0.000000,0.000000,0.206168,-0.654032,0.996496,0.300122,0.000000,0.000000,0.000000,0.000000
21.1667,0.120216,0.379933,-1.088235,0.483414,0.000000,0.000000,0.000000,0.217005,-0.676853,0.989447,0.311648,0.000000,0.000000,0.000000,0.000000
21.1833,0.145946,0.407534,-1.083189,0.484456,0.000000,0.000000,0.000000,0.226815,-0.701338,0.981039,0.319830,0.000000,0.000000,0.000000,0.000000
21.2000,0.168861,0.433461,-1.077136,0.484749,0.000000,0.000000,0.000000,0.235451,-0.726712,0.971560,0.324084,0.000000,0.000000,0.000000,0.000000
21.2167,0.188862,0.457215,-1.070283,0.484374,0.000000,0.000000,0.000000,0.242815,-0.752220,0.961329,0.324160,0.000000,0.000000,0.000000,0.000000
21.2333,0.205969,0.478411,-1.062858,0.483495,0.000000,0.000000,0.000000,0.248853,-0.777161,0.950670,0.320150,0.000000,0.000000,0.000000,0.000000
21.2500,0.220286,0.496784,-1.055082,0.482326,0.000000,0.000000,0.000000,0.253556,-0.800919,0.939897,0.312431,0.000000,0.000000,0.000000,0.000000
21.2667,0.231976,0.512184,-1.047159,0.481107,0.000000,0.000000,0.000000,0.256953,-0.822990,0.929287,0.301580,0.000000,0.000000,0.000000,0.000000
21.2833,0.241230,0.524562,-1.039261,0.480075,0.000000,0.000000,0.000000,0.259101,-0.843000,0.919071,0.288275,0.000000,0.000000,0.000000,0.000000
21.3000,0.248254,0.533949,-1.031524,0.479451,0.000000,0.000000,0.000000,0.260076,-0.860712,0.909424,0.273204,0.000000,0.000000,0.000000,0.000000
21.3167,0.253246,0.540432,-1.024055,0.479419,0.000000,0.000000,0.000000,0.259967,-0.876025,0.900459,0.256995,0.000000,0.000000,0.000000,0.000000
21.3333,0.256390,0.544140,-1.016930,0.480110,0.000000,0.000000,0.000000,0.258875,-0.888962,0.892240,0.240164,0.000000,0.000000,0.000000,0.000000
21.3500,0.257849,0.545219,-1.010206,0.481591,0.000000,0.000000,0.000000,0.256913,-0.899647,0.884788,0.223099,0.000000,0.000000,0.000000,0.000000
21.3667,0.257755,0.543820,-1.003922,0.483865,0.000000,0.000000,0.000000,0.254196,-0.908272,0.878092,0.206067,0.000000,0.000000,0.000000,0.000000
21.3833,0.256203,0.540079,-0.998106,0.486881,0.000000,0.000000,0.000000,0.250843,-0.915074,0.872120,0.189232,0.000000,0.000000,0.000000,0.000000
21.4000,0.253241,0.534102,-0.992778,0.490549,0.000000,0.000000,0.000000,0.246962,-0.920302,0.866831,0.172668,0.000000,0.000000,0.000000,0.000000
21.4167,0.248872,0.525957,-0.987945,0.494756,0.000000,0.000000,0.000000,0.242651,-0.924202,0.862177,0.156366,0.000000,0.000000,0.000000,0.000000
21.4333,0.243056,0.515671,-0.983610,0.499376,0.000000,0.000000,0.000000,0.237991,-0.926995,0.858113,0.140237,0.000000,0.000000,0.000000,0.000000
21.4500,0.235712,0.503240,-0.979770,0.504267,0.000000,0.000000,0.000000,0.233031,-0.928870,0.854599,0.124118,0.000000,0.000000,0.000000,0.000000
21.4667,0.226731,0.488638,-0.976417,0.509273,0.000000,0.000000,0.000000,0.227775,-0.929960,0.851598,0.107782,0.000000,0.000000,0.000000,0.000000
21.4833,0.215983,0.471837,-0.973542,0.514220,0.000000,0.000000,0.000000,0.222158,-0.930328,0.849071,0.090961,0.000000,0.000000,0.000000,0.000000
21.5000,0.203335,0.452827,-0.971129,0.518907,0.000000,0.000000,0.000000,0.216024,-0.929952,0.846984,0.073374,0.000000,0.000000,0.000000,0.000000
21.5167,0.188659,0.431638,-0.969161,0.523117,0.000000,0.000000,0.000000,0.209113,-0.928702,0.845300,0.054753,0.000000,0.000000,0.000000,0.000000
21.5333,0.171852,0.408356,-0.967611,0.526618,0.000000,0.000000,0.000000,0.201052,-0.926336,0.843979,0.034859,0.000000,0.000000,0.000000,0.000000
21.5500,0.152844,0.383143,-0.966440,0.529189,0.000000,0.000000,0.000000,0.191377,-0.922512,0.842990,0.013487,0.000000,0.000000,0.000000,0.000000
21.5667,0.131617,0.356246,-0.965586,0.530640,0.000000,0.000000,0.000000,0.179558,-0.916805,0.842307,-0.009530,0.000000,0.000000,0.000000,0.000000
21.5833,0.108218,0.328013,-0.964966,0.530829,0.000000,0.000000,0.000000,0.165048,-0.908739,0.841927,-0.034306,0.000000,0.000000,0.000000,0.000000
21.6000,0.082781,0.298914,-0.964467,0.529684,0.000000,0.000000,0.000000,0.147327,-0.897812,0.841872,-0.060869,0.000000,0.000000,0.000000,0.000000
21.6167,0.055544,0.269547,-0.963953,0.527211,0.000000,0.000000,0.000000,0.125930,-0.883521,0.842193,-0.089125,0.000000,0.000000,0.000000,0.000000
21.6333,0.026866,0.240590,-0.963287,0.523492,0.000000,0.000000,0.000000,0.100466,-0.865396,0.842957,-0.118824,0.000000,0.000000,0.000000,0.000000
21.6500,-0.002759,0.212705,-0.962369,0.518692,0.000000,0.000000,0.000000,0.070648,-0.843047,0.844240,-0.149535,0.000000,0.000000,0.000000,0.000000
21.6667,-0.032721,0.186475,-0.961176,0.513058,0.000000,0.000000,0.000000,0.036344,-0.816237,0.846115,-0.180640,0.000000,0.000000,0.000000,0.000000
21.6833,-0.062349,0.162361,-0.959762,0.506904,0.000000,0.000000,0.000000,-0.002350,-0.784974,0.848646,-0.211342,0.000000,0.000000,0.000000,0.000000
21.7000,-0.090990,0.140686,-0.958235,0.500574,0.000000,0.000000,0.000000,-0.045012,-0.749628,0.851879,-0.240695,0.000000,0.000000,0.000000,0.000000
21.8000,-0.118083,0.121623,-0.956722,0.494395,0.000000,0.000000,0.000000,-0.090812,-0.711011,0.855844,-0.267690,0.000000,0.000000,0.000000,0.000000
21.8333,-0.143189,0.105210,-0.955344,0.488654,0.000000,0.000000,0.000000,-0.138554,-0.670324,0.860545,-0.291456,0.000000,0.000000,0.000000,0.000000
21.8500,-0.166009,0.091384,-0.954197,0.483578,0.000000,0.000000,0.000000,-0.186867,-0.628944,0.865953,-0.311481,0.000000,0.000000,0.000000,0.000000
21.8667,-0.186374,0.080006,-0.953345,0.479326,0.000000,0.000000,0.000000,-0.234411,-0.588193,0.872000,-0.327700,0.000000,0.000000,0.000000,0.000000
21.8833,-0.204234,0.070887,-0.952818,0.475983,0.000000,0.000000,0.000000,-0.280013,-0.549214,0.878588,-0.340397,0.000000,0.000000,0.000000,0.000000
21.9000,-0.219630,0.063814,-0.952615,0.473555,0.000000,0.000000,0.000000,-0.322714,-0.512930,0.885607,-0.350078,0.000000,0.000000,0.000000,0.000000
21.9167,-0.232679,0.058561,-0.952712,0.471979,0.000000,0.000000,0.000000,-0.361799,-0.480027,0.892939,-0.357341,0.000000,0.000000,0.000000,0.000000
21.9333,-0.243552,0.054908,-0.953072,0.471135,0.000000,0.000000,0.000000,-0.396790,-0.450969,0.900465,-0.362783,0.000000,0.000000,0.000000,0.000000
21.9500,-0.252458,0.052646,-0.953649,0.470858,0.000000,0.000000,0.000000,-0.427430,-0.426024,0.908074,-0.366933,0.000000,0.000000,0.000000,0.000000
21.9667,-0.259628,0.051577,-0.954398,0.470950,0.000000,0.000000,0.000000,-0.453641,-0.405301,0.915663,-0.370217,0.000000,0.000000,0.000000,0.000000
21.9833,-0.265305,0.051524,-0.955281,0.471192,0.000000,0.000000,0.000000,-0.475485,-0.388794,0.923139,-0.372942,0.000000,0.000000,0.000000,0.000000
22.0000,-0.269730,0.052327,-0.956270,0.471342,0.000000,0.000000,0.000000,-0.493124,-0.376417,0.930409,-0.375293,0.000000,0.000000,0.000000,0.000000
22.0167,-0.273135,0.053852,-0.957348,0.471138,0.000000,0.000000,0.000000,-0.506787,-0.368044,0.937379,-0.377327,0.000000,0.000000,0.000000,0.000000
22.0500,-0.275734,0.055990,-0.958510,0.470300,0.000000,0.000000,0.000000,-0.516738,-0.363539,0.943945,-0.378986,0.000000,0.000000,0.000000,0.000000
22.0833,-0.277724,0.058658,-0.959759,0.468525,0.000000,0.000000,0.000000,-0.523242,-0.362778,0.950001,-0.380119,0.000000,0.000000,0.000000,0.000000
22.1000,-0.279277,0.061796,-0.961109,0.465491,0.000000,0.000000,0.000000,-0.526526,-0.365668,0.955452,-0.380516,0.000000,0.000000,0.000000,0.000000
22.1167,-0.280544,0.065361,-0.962585,0.460859,0.000000,0.000000,0.000000,-0.526748,-0.372159,0.960227,-0.379946,0.000000,0.000000,0.000000,0.000000
22.1333,-0.281656,0.069328,-0.964217,0.454281,0.000000,0.000000,0.000000,-0.523984,-0.382247,0.964283,-0.378174,0.000000,0.000000,0.000000,0.000000
22.1500,-0.282730,0.073681,-0.966042,0.445412,0.000000,0.000000,0.000000,-0.518233,-0.395966,0.967607,-0.374969,0.000000,0.000000,0.000000,0.000000
22.1667,-0.283864,0.078414,-0.968101,0.433920,0.000000,0.000000,0.000000,-0.509422,-0.413372,0.970210,-0.370115,0.000000,0.000000,0.000000,0.000000
22.1833,-0.285148,0.083527,-0.970431,0.419498,0.000000,0.000000,0.000000,-0.497428,-0.434513,0.972132,-0.363412,0.000000,0.000000,0.000000,0.000000
22.2000,-0.286657,0.089028,-0.973071,0.401878,0.000000,0.000000,0.000000,-0.482096,-0.459395,0.973438,-0.354692,0.000000,0.000000,0.000000,0.000000
22.2167,-0.288458,0.094931,-0.976050,0.380847,0.000000,0.000000,0.000000,-0.463263,-0.487947,0.974221,-0.343835,0.000000,0.000000,0.000000,0.000000
22.2333,-0.290603,0.101254,-0.979391,0.356259,0.000000,0.000000,0.000000,-0.440791,-0.519984,0.974601,-0.330782,0.000000,0.000000,0.000000,0.000000
22.2500,-0.293133,0.108020,-0.983106,0.328050,0.000000,0.000000,0.000000,-0.414608,-0.555170,0.974721,-0.315554,0.000000,0.000000,0.000000,0.000000
22.2667,-0.296065,0.115256,-0.987200,0.296244,0.000000,0.000000,0.000000,-0.384759,-0.592993,0.974730,-0.298265,0.000000,0.000000,0.000000,0.000000
22.2833,-0.299395,0.122994,-0.991667,0.260953,0.000000,0.000000,0.000000,-0.351469,-0.632742,0.974768,-0.279106,0.000000,0.000000,0.000000,0.000000
22.3000,-0.303095,0.131265,-0.996490,0.222397,0.000000,0.000000,0.000000,-0.315209,-0.673503,0.974936,-0.258330,0.000000,0.000000,0.000000,0.000000
22.3167,-0.307128,0.140091,-1.001639,0.180900,0.000000,0.000000,0.000000,-0.276766,-0.714137,0.975276,-0.236223,0.000000,0.000000,0.000000,0.000000
22.4000,-0.311451,0.149471,-1.007067,0.136909,0.000000,0.000000,0.000000,-0.237252,-0.753308,0.975751,-0.213099,0.000000,0.000000,0.000000,0.000000
22.4167,-0.316028,0.159379,-1.012714,0.090976,0.000000,0.000000,0.000000,-0.197966,-0.789651,0.976271,-0.189315,0.000000,0.000000,0.000000,0.000000
22.4333,-0.320829,0.169759,-1.018500,0.043761,0.000000,0.000000,0.000000,-0.160128,-0.822028,0.976728,-0.165292,0.000000,0.000000,0.000000,0.000000
22.4500,-0.325844,0.180533,-1.024328,-0.004001,0.000000,0.000000,0.000000,-0.124700,-0.849693,0.977029,-0.141502,0.000000,0.000000,0.000000,0.000000
22.4667,-0.331075,0.191609,-1.030082,-0.051519,0.000000,0.000000,0.000000,-0.092355,-0.872296,0.977107,-0.118417,0.000000,0.000000,0.000000,0.000000
22.4833,-0.336543,0.202894,-1.035630,-0.097995,0.000000,0.000000,0.000000,-0.063511,-0.889807,0.976915,-0.096468,0.000000,0.000000,0.000000,0.000000
22.5000,-0.342269,0.214312,-1.040833,-0.142665,0.000000,0.000000,0.000000,-0.038389,-0.902438,0.976421,-0.075998,0.000000,0.000000,0.000000,0.000000
22.5167,-0.348267,0.225807,-1.045555,-0.184847,0.000000,0.000000,0.000000,-0.017047,-0.910564,0.975600,-0.057244,0.000000,0.000000,0.000000,0.000000
22.5333,-0.354528,0.237341,-1.049686,-0.223978,0.000000,0.000000,0.000000,0.000578,-0.914671,0.974433,-0.040326,0.000000,0.000000,0.000000,0.000000
22.5500,-0.361013,0.248882,-1.053149,-0.259634,0.000000,0.000000,0.000000,0.014654,-0.915308,0.972909,-0.025262,0.000000,0.000000,0.000000,0.000000
22.5667,-0.367650,0.260387,-1.055914,-0.291538,0.000000,0.000000,0.000000,0.025437,-0.913069,0.971030,-0.011998,0.000000,0.000000,0.000000,0.000000
22.5833,-0.374342,0.271798,-1.057995,-0.319549,0.000000,0.000000,0.000000,0.033259,-0.908563,0.968814,-0.000426,0.000000,0.000000,0.000000,0.000000
22.6000,-0.380983,0.283033,-1.059442,-0.343647,0.000000,0.000000,0.000000,0.038514,-0.902398,0.966299,0.009584,0.000000,0.000000,0.000000,0.000000
22.6167,-0.387467,0.293995,-1.060341,-0.363912,0.000000,0.000000,0.000000,0.041636,-0.895156,0.963539,0.018179,0.000000,0.000000,0.000000,0.000000
22.6333,-0.393694,0.304570,-1.060794,-0.380501,0.000000,0.000000,0.000000,0.043080,-0.887371,0.960604,0.025509,0.000000,0.000000,0.000000,0.000000
22.6500,-0.399581,0.314645,-1.060917,-0.393624,0.000000,0.000000,0.000000,0.043295,-0.879510,0.957567,0.031724,0.000000,0.000000,0.000000,0.000000
22.6667,-0.405063,0.324113,-1.060824,-0.403515,0.000000,0.000000,0.000000,0.042709,-0.871957,0.954509,0.036973,0.000000,0.000000,0.000000,0.000000
22.6833,-0.410096,0.332883,-1.060620,-0.410415,0.000000,0.000000,0.000000,0.041720,-0.865007,0.951508,0.041414,0.000000,0.000000,0.000000,0.000000
22.7000,-0.414650,0.340879,-1.060400,-0.414552,0.000000,0.000000,0.000000,0.040684,-0.858862,0.948641,0.045214,0.000000,0.000000,0.000000,0.000000
22.7167,-0.418713,0.348040,-1.060244,-0.416134,0.000000,0.000000,0.000000,0.039920,-0.853636,0.945982,0.048558,0.000000,0.000000,0.000000,0.000000
22.7333,-0.422283,0.354307,-1.060226,-0.415337,0.000000,0.000000,0.000000,0.039713,-0.849364,0.943601,0.051648,0.000000,0.000000,0.000000,0.000000
22.7500,-0.425361,0.359620,-1.060414,-0.412310,0.000000,0.000000,0.000000,0.040322,-0.846019,0.941566,0.054705,0.000000,0.000000,0.000000,0.000000
22.7667,-0.427948,0.363909,-1.060870,-0.407167,0.000000,0.000000,0.000000,0.041984,-0.843518,0.939943,0.057965,0.000000,0.000000,0.000000,0.000000
22.7833,-0.430042,0.367095,-1.061657,-0.399988,0.000000,0.000000,0.000000,0.044926,-0.841736,0.938796,0.061682,0.000000,0.000000,0.000000,0.000000
22.8000,-0.431631,0.369087,-1.062835,-0.390825,0.000000,0.000000,0.000000,0.049361,-0.840517,0.938191,0.066119,0.000000,0.000000,0.000000,0.000000
22.8167,-0.432699,0.369793,-1.064462,-0.379696,0.000000,0.000000,0.000000,0.055497,-0.839679,0.938189,0.071545,0.000000,0.000000,0.000000,0.000000
22.8333,-0.433223,0.369122,-1.066587,-0.366587,0.000000,0.000000,0.000000,0.063523,-0.839022,0.938850,0.078224,0.000000,0.000000,0.000000,0.000000
22.8500,-0.433185,0.366996,-1.069243,-0.351453,0.000000,0.000000,0.000000,0.073609,-0.838336,0.940221,0.086406,0.000000,0.000000,0.000000,0.000000
22.8667,-0.432570,0.363354,-1.072444,-0.334220,0.000000,0.000000,0.000000,0.085892,-0.837402,0.942343,0.096314,0.000000,0.000000,0.000000,0.000000
22.8833,-0.431374,0.358166,-1.076179,-0.314797,0.000000,0.000000,0.000000,0.100470,-0.836006,0.945238,0.108136,0.000000,0.000000,0.000000,0.000000
22.9000,-0.429603,0.351440,-1.080405,-0.293094,0.000000,0.000000,0.000000,0.117393,-0.833941,0.948911,0.122015,0.000000,0.000000,0.000000,0.000000
22.9167,-0.427281,0.343237,-1.085040,-0.269040,0.000000,0.000000,0.000000,0.136660,-0.831024,0.953344,0.138043,0.000000,0.000000,0.000000,0.000000
22.9333,-0.424446,0.333675,-1.089967,-0.242606,0.000000,0.000000,0.000000,0.158209,-0.827113,0.958492,0.156252,0.000000,0.000000,0.000000,0.000000
22.9500,-0.421151,0.322935,-1.095035,-0.213821,0.000000,0.000000,0.000000,0.181910,-0.822113,0.964283,0.176605,0.000000,0.000000,0.000000,0.000000
22.9667,-0.417458,0.311248,-1.100065,-0.182786,0.000000,0.000000,0.000000,0.207559,-0.815995,0.970610,0.198978,0.000000,0.000000,0.000000,0.000000
22.9833,-0.413437,0.298877,-1.104867,-0.149678,0.000000,0.000000,0.000000,0.234872,-0.808813,0.977335,0.223143,0.000000,0.000000,0.000000,0.000000
23.0000,-0.409167,0.286089,-1.109250,-0.114740,0.000000,0.000000,0.000000,0.263490,-0.800720,0.984292,0.248749,0.000000,0.000000,0.000000,0.000000
23.0167,-0.404735,0.273124,-1.113040,-0.078273,0.000000,0.000000,0.000000,0.292975,-0.791986,0.991277,0.275312,0.000000,0.000000,0.000000,0.000000
23.1000,-0.400234,0.260187,-1.116087,-0.040617,0.000000,0.000000,0.000000,0.322836,-0.783006,0.998069,0.302259,0.000000,0.000000,0.000000,0.000000
23.1167,-0.395754,0.247438,-1.118273,-0.002143,0.000000,0.000000,0.000000,0.352623,-0.774297,1.004453,0.329066,0.000000,0.000000,0.000000,0.000000
23.2167,-0.391379,0.234998,-1.119522,0.036759,0.000000,0.000000,0.000000,0.382056,-0.766470,1.010264,0.355424,0.000000,0.000000,0.000000,0.000000
23.2333,-0.387176,0.222952,-1.119799,0.075687,0.000000,0.000000,0.000000,0.411015,-0.760117,1.015392,0.381226,0.000000,0.000000,0.000000,0.000000
23.2500,-0.383195,0.211361,-1.119107,0.114247,0.000000,0.000000,0.000000,0.439383,-0.755666,1.019753,0.406356,0.000000,0.000000,0.000000,0.000000
23.3167,-0.379475,0.200269,-1.117479,0.152067,0.000000,0.000000,0.000000,0.466911,-0.753301,1.023261,0.430495,0.000000,0.000000,0.000000,0.000000
23.3333,-0.376044,0.189712,-1.114973,0.188799,0.000000,0.000000,0.000000,0.493199,-0.752993,1.025829,0.453122,0.000000,0.000000,0.000000,0.000000
23.3500,-0.372920,0.179731,-1.111665,0.224125,0.000000,0.000000,0.000000,0.517762,-0.754571,1.027375,0.473653,0.000000,0.000000,0.000000,0.000000
23.3667,-0.370115,0.170374,-1.107639,0.257750,0.000000,0.000000,0.000000,0.540080,-0.757790,1.027823,0.491558,0.000000,0.000000,0.000000,0.000000
23.3833,-0.367629,0.161689,-1.102992,0.289400,0.000000,0.000000,0.000000,0.559629,-0.762374,1.027101,0.506399,0.000000,0.000000,0.000000,0.000000
23.4000,-0.365448,0.153720,-1.097834,0.318817,0.000000,0.000000,0.000000,0.575899,-0.768042,1.025138,0.517831,0.000000,0.000000,0.000000,0.000000
23.4167,-0.363537,0.146497,-1.092290,0.345766,0.000000,0.000000,0.000000,0.588407,-0.774529,1.021866,0.525593,0.000000,0.000000,0.000000,0.000000
23.4333,-0.361842,0.140033,-1.086494,0.370050,0.000000,0.000000,0.000000,0.596715,-0.781589,1.017225,0.529493,0.000000,0.000000,0.000000,0.000000
23.4500,-0.360298,0.134319,-1.080588,0.391527,0.000000,0.000000,0.000000,0.600458,-0.788999,1.011171,0.529398,0.000000,0.000000,0.000000,0.000000
23.4667,-0.358823,0.129330,-1.074713,0.410132,0.000000,0.000000,0.000000,0.599366,-0.796556,1.003688,0.525229,0.000000,0.000000,0.000000,0.000000
23.4833,-0.357318,0.125027,-1.069003,0.425882,0.000000,0.000000,0.000000,0.593290,-0.804075,0.994794,0.516963,0.000000,0.000000,0.000000,0.000000
23.5000,-0.355670,0.121367,-1.063579,0.438875,0.000000,0.000000,0.000000,0.582221,-0.811388,0.984554,0.504647,0.000000,0.000000,0.000000,0.000000
23.5167,-0.353742,0.118307,-1.058552,0.449278,0.000000,0.000000,0.000000,0.566305,-0.818344,0.973082,0.488416,0.000000,0.000000,0.000000,0.000000
23.5333,-0.351381,0.115813,-1.054015,0.457315,0.000000,0.000000,0.000000,0.545877,-0.824810,0.960556,0.468517,0.000000,0.000000,0.000000,0.000000
23.5500,-0.348416,0.113869,-1.050053,0.463247,0.000000,0.000000,0.000000,0.521482,-0.830683,0.947217,0.445346,0.000000,0.000000,0.000000,0.000000
23.5667,-0.344656,0.112482,-1.046738,0.467355,0.000000,0.000000,0.000000,0.493919,-0.835890,0.933386,0.419488,0.000000,0.000000,0.000000,0.000000
23.6667,-0.339891,0.111694,-1.044130,0.469922,0.000000,0.000000,0.000000,0.464223,-0.840390,0.919452,0.391747,0.000000,0.000000,0.000000,0.000000
23.6833,-0.333890,0.111581,-1.042279,0.471225,0.000000,0.000000,0.000000,0.433549,-0.844158,0.905830,0.363103,0.000000,0.000000,0.000000,0.000000
23.7000,-0.326399,0.112251,-1.041228,0.471520,0.000000,0.000000,0.000000,0.402972,-0.847176,0.892893,0.334583,0.000000,0.000000,0.000000,0.000000
23.7167,-0.317142,0.113837,-1.041013,0.471045,0.000000,0.000000,0.000000,0.373367,-0.849443,0.880927,0.307114,0.000000,0.000000,0.000000,0.000000
23.7333,-0.305832,0.116485,-1.041662,0.470023,0.000000,0.000000,0.000000,0.345399,-0.850995,0.870120,0.281441,0.000000,0.000000,0.000000,0.000000
23.7500,-0.292177,0.120347,-1.043201,0.468661,0.000000,0.000000,0.000000,0.319556,-0.851913,0.860583,0.258102,0.000000,0.000000,0.000000,0.000000
23.7667,-0.275900,0.125574,-1.045642,0.467161,0.000000,0.000000,0.000000,0.296181,-0.852316,0.852354,0.237440,0.000000,0.000000,0.000000,0.000000
23.7833,-0.256758,0.132310,-1.048985,0.465719,0.000000,0.000000,0.000000,0.275499,-0.852352,0.845426,0.219614,0.000000,0.000000,0.000000,0.000000
23.8000,-0.234563,0.140688,-1.053203,0.464515,0.000000,0.000000,0.000000,0.257628,-0.852175,0.839747,0.204627,0.000000,0.000000,0.000000,0.000000
23.8167,-0.209209,0.150826,-1.058234,0.463707,0.000000,0.000000,0.000000,0.242581,-0.851927,0.835236,0.192358,0.000000,0.000000,0.000000,0.000000
23.8333,-0.180701,0.162811,-1.063968,0.463421,0.000000,0.000000,0.000000,0.230269,-0.851722,0.831787,0.182590,0.000000,0.000000,0.000000,0.000000
23.8500,-0.149186,0.176684,-1.070243,0.463746,0.000000,0.000000,0.000000,0.220513,-0.851644,0.829275,0.175041,0.000000,0.000000,0.000000,0.000000
23.8667,-0.114982,0.192430,-1.076837,0.464735,0.000000,0.000000,0.000000,0.213066,-0.851750,0.827565,0.169382,0.000000,0.000000,0.000000,0.000000
23.8833,-0.078589,0.209965,-1.083469,0.466390,0.000000,0.000000,0.000000,0.207634,-0.852073,0.826517,0.165250,0.000000,0.000000,0.000000,0.000000
23.9000,-0.040689,0.229145,-1.089805,0.468648,0.000000,0.000000,0.000000,0.203903,-0.852632,0.825996,0.162265,0.000000,0.000000,0.000000,0.000000
23.9167,-0.002117,0.249757,-1.095480,0.471368,0.000000,0.000000,0.000000,0.201553,-0.853431,0.825875,0.160039,0.000000,0.000000,0.000000,0.000000
23.9333,0.036189,0.271516,-1.100127,0.474347,0.000000,0.000000,0.000000,0.200278,-0.854471,0.826042,0.158184,0.000000,0.000000,0.000000,0.000000
23.9500,0.073253,0.294070,-1.103415,0.477358,0.000000,0.000000,0.000000,0.199788,-0.855743,0.826398,0.156326,0.000000,0.000000,0.000000,0.000000
23.9667,0.108135,0.317001,-1.105089,0.480181,0.000000,0.000000,0.000000,0.199813,-0.857234,0.826860,0.154106,0.000000,0.000000,0.000000,0.000000
23.9833,0.140021,0.339836,-1.104992,0.482636,0.000000,0.000000,0.000000,0.200109,-0.858931,0.827362,0.151192,0.000000,0.000000,0.000000,0.000000
24.0000,0.168301,0.362056,-1.103091,0.484611,0.000000,0.000000,0.000000,0.200450,-0.860812,0.827849,0.147272,0.000000,0.000000,0.000000,0.000000
24.0167,0.192618,0.383125,-1.099472,0.486087,0.000000,0.000000,0.000000,0.200622,-0.862851,0.828282,0.142054,0.000000,0.000000,0.000000,0.000000
24.0333,0.212842,0.402525,-1.094322,0.487155,0.000000,0.000000,0.000000,0.200418,-0.865001,0.828632,0.135260,0.000000,0.000000,0.000000,0.000000
24.0500,0.229039,0.419794,-1.087900,0.487992,0.000000,0.000000,0.000000,0.199620,-0.867188,0.828881,0.126629,0.000000,0.000000,0.000000,0.000000
24.0667,0.241429,0.434573,-1.080497,0.488821,0.000000,0.000000,0.000000,0.197991,-0.869296,0.829020,0.115922,0.000000,0.000000,0.000000,0.000000
24.0833,0.250348,0.446643,-1.072411,0.489852,0.000000,0.000000,0.000000,0.195259,-0.871154,0.829051,0.102937,0.000000,0.000000,0.000000,0.000000
24.1000,0.256209,0.455946,-1.063919,0.491237,0.000000,0.000000,0.000000,0.191106,-0.872521,0.828980,0.087520,0.000000,0.000000,0.000000,0.000000
24.1167,0.259469,0.462576,-1.055265,0.493042,0.000000,0.000000,0.000000,0.185168,-0.873087,0.828823,0.069573,0.000000,0.000000,0.000000,0.000000
24.1333,0.260588,0.466760,-1.046652,0.495248,0.000000,0.000000,0.000000,0.177045,-0.872465,0.828608,0.049060,0.000000,0.000000,0.000000,0.000000
24.1500,0.260005,0.468804,-1.038248,0.497777,0.000000,0.000000,0.000000,0.166319,-0.870208,0.828378,0.026010,0.000000,0.000000,0.000000,0.000000
24.1667,0.258118,0.469053,-1.030184,0.500516,0.000000,0.000000,0.000000,0.152587,-0.865815,0.828203,0.000524,0.000000,0.000000,0.000000,0.000000
24.1833,0.255270,0.467847,-1.022561,0.503344,0.000000,0.000000,0.000000,0.135485,-0.858753,0.828180,-0.027214,0.000000,0.000000,0.000000,0.000000
24.2000,0.251741,0.465491,-1.015453,0.506150,0.000000,0.000000,0.000000,0.114719,-0.848491,0.828431,-0.056918,0.000000,0.000000,0.000000,0.000000
24.2167,0.247745,0.462231,-1.008913,0.508843,0.000000,0.000000,0.000000,0.090082,-0.834538,0.829094,-0.088187,0.000000,0.000000,0.000000,0.000000
24.2333,0.243431,0.458240,-1.002978,0.511356,0.000000,0.000000,0.000000,0.061485,-0.816503,0.830312,-0.120484,0.000000,0.000000,0.000000,0.000000
24.2500,0.238884,0.453611,-0.997673,0.513649,0.000000,0.000000,0.000000,0.028986,-0.794166,0.832211,-0.153135,0.000000,0.000000,0.000000,0.000000
24.2833,0.234132,0.448353,-0.993023,0.515709,0.000000,0.000000,0.000000,-0.007148,-0.767576,0.834884,-0.185345,0.000000,0.000000,0.000000,0.000000
24.3000,0.229153,0.442400,-0.989049,0.517550,0.000000,0.000000,0.000000,-0.046380,-0.737174,0.838370,-0.216252,0.000000,0.000000,0.000000,0.000000
24.3167,0.223878,0.435616,-0.985774,0.519212,0.000000,0.000000,0.000000,-0.087822,-0.703918,0.842629,-0.245002,0.000000,0.000000,0.000000,0.000000
24.6833,0.218202,0.427822,-0.983223,0.520759,0.000000,0.000000,0.000000,-0.130203,-0.669328,0.847541,-0.270824,0.000000,0.000000,0.000000,0.000000
24.7000,0.211986,0.418808,-0.981416,0.522275,0.000000,0.000000,0.000000,-0.172019,-0.635262,0.852922,-0.293079,0.000000,0.000000,0.000000,0.000000
24.7167,0.205069,0.408367,-0.980368,0.523849,0.000000,0.000000,0.000000,-0.211816,-0.603503,0.858574,-0.311288,0.000000,0.000000,0.000000,0.000000
24.7333,0.197273,0.396323,-0.980078,0.525564,0.000000,0.000000,0.000000,-0.248381,-0.575494,0.864314,-0.325138,0.000000,0.000000,0.000000,0.000000
24.7500,0.188417,0.382552,-0.980528,0.527485,0.000000,0.000000,0.000000,-0.280769,-0.552292,0.869988,-0.334470,0.000000,0.000000,0.000000,0.000000
24.7667,0.178324,0.367008,-0.981674,0.529643,0.000000,0.000000,0.000000,-0.308258,-0.534626,0.875474,-0.339239,0.000000,0.000000,0.000000,0.000000
24.7833,0.166841,0.349735,-0.983445,0.532036,0.000000,0.000000,0.000000,-0.330308,-0.522938,0.880685,-0.339486,0.000000,0.000000,0.000000,0.000000
24.8000,0.153845,0.330868,-0.985738,0.534627,0.000000,0.000000,0.000000,-0.346534,-0.517417,0.885580,-0.335298,0.000000,0.000000,0.000000,0.000000
24.8167,0.139255,0.310631,-0.988422,0.537340,0.000000,0.000000,0.000000,-0.356681,-0.518037,0.890161,-0.326797,0.000000,0.000000,0.000000,0.000000
24.8333,0.123043,0.289318,-0.991334,0.540072,0.000000,0.000000,0.000000,-0.360611,-0.524580,0.894472,-0.314141,0.000000,0.000000,0.000000,0.000000
24.8500,0.105235,0.267273,-0.994291,0.542693,0.000000,0.000000,0.000000,-0.358296,-0.536665,0.898592,-0.297549,0.000000,0.000000,0.000000,0.000000
24.8667,0.085912,0.244857,-0.997094,0.545064,0.000000,0.000000,0.000000,-0.349814,-0.553778,0.902620,-0.277333,0.000000,0.000000,0.000000,0.000000
24.8833,0.065206,0.222412,-0.999549,0.547048,0.000000,0.000000,0.000000,-0.335359,-0.575293,0.906664,-0.253924,0.000000,0.000000,0.000000,0.000000
24.9000,0.043302,0.200234,-1.001476,0.548532,0.000000,0.000000,0.000000,-0.315264,-0.600491,0.910822,-0.227885,0.000000,0.000000,0.000000,0.000000
24.9167,0.020440,0.178562,-1.002738,0.549434,0.000000,0.000000,0.000000,-0.290034,-0.628569,0.915159,-0.199900,0.000000,0.000000,0.000000,0.000000
24.9333,-0.003085,0.157600,-1.003252,0.549701,0.000000,0.000000,0.000000,-0.260386,-0.658643,0.919691,-0.170756,0.000000,0.000000,0.000000,0.000000
24.9667,-0.026926,0.137535,-1.003000,0.549308,0.000000,0.000000,0.000000,-0.227285,-0.689748,0.924366,-0.141301,0.000000,0.000000,0.000000,0.000000
25.0167,-0.050709,0.118556,-1.002031,0.548264,0.000000,0.000000,0.000000,-0.191937,-0.720843,0.929071,-0.112376,0.000000,0.000000,0.000000,0.000000
25.0333,-0.074054,0.100854,-1.000445,0.546603,0.000000,0.000000,0.000000,-0.155680,-0.750879,0.933653,-0.084732,0.000000,0.000000,0.000000,0.000000
25.0500,-0.096600,0.084610,-0.998381,0.544377,0.000000,0.000000,0.000000,-0.119798,-0.778946,0.937953,-0.058966,0.000000,0.000000,0.000000,0.000000
25.0667,-0.118031,0.069986,-0.995996,0.541631,0.000000,0.000000,0.000000,-0.085366,-0.804369,0.941832,-0.035498,0.000000,0.000000,0.000000,0.000000
25.0833,-0.138093,0.057108,-0.993453,0.538384,0.000000,0.000000,0.000000,-0.053184,-0.826743,0.945189,-0.014568,0.000000,0.000000,0.000000,0.000000
25.1000,-0.156601,0.046069,-0.990902,0.534601,0.000000,0.000000,0.000000,-0.023770,-0.845911,0.947961,0.003751,0.000000,0.000000,0.000000,0.000000
25.1167,-0.173443,0.036925,-0.988476,0.530183,0.000000,0.000000,0.000000,0.002620,-0.861913,0.950130,0.019535,0.000000,0.000000,0.000000,0.000000
25.1333,-0.188576,0.029700,-0.986292,0.524952,0.000000,0.000000,0.000000,0.025944,-0.874932,0.951712,0.032971,0.000000,0.000000,0.000000,0.000000
25.1500,-0.202013,0.024390,-0.984446,0.518651,0.000000,0.000000,0.000000,0.046324,-0.885242,0.952751,0.044326,0.000000,0.000000,0.000000,0.000000
25.1667,-0.213816,0.020960,-0.983020,0.510947,0.000000,0.000000,0.000000,0.063998,-0.893151,0.953311,0.053924,0.000000,0.000000,0.000000,0.000000
25.1833,-0.224083,0.019354,-0.982078,0.501442,0.000000,0.000000,0.000000,0.079275,-0.898964,0.953474,0.062123,0.000000,0.000000,0.000000,0.000000
25.2000,-0.232941,0.019491,-0.981675,0.489695,0.000000,0.000000,0.000000,0.092503,-0.902953,0.953326,0.069304,0.000000,0.000000,0.000000,0.000000
25.2167,-0.240543,0.021281,-0.981854,0.475245,0.000000,0.000000,0.000000,0.104050,-0.905340,0.952963,0.075860,0.000000,0.000000,0.000000,0.000000
25.2333,-0.247059,0.024622,-0.982649,0.457637,0.000000,0.000000,0.000000,0.114296,-0.906299,0.952486,0.082187,0.000000,0.000000,0.000000,0.000000
25.2500,-0.252675,0.029416,-0.984083,0.436449,0.000000,0.000000,0.000000,0.123624,-0.905968,0.951994,0.088664,0.000000,0.000000,0.000000,0.000000
25.2667,-0.257581,0.035561,-0.986166,0.411316,0.000000,0.000000,0.000000,0.132418,-0.904454,0.951589,0.095646,0.000000,0.000000,0.000000,0.000000
25.2833,-0.261968,0.042956,-0.988900,0.381962,0.000000,0.000000,0.000000,0.141054,-0.901842,0.951370,0.103440,0.000000,0.000000,0.000000,0.000000
25.3000,-0.266020,0.051497,-0.992272,0.348230,0.000000,0.000000,0.000000,0.149893,-0.898200,0.951434,0.112290,0.000000,0.000000,0.000000,0.000000
25.3167,-0.269907,0.061075,-0.996260,0.310101,0.000000,0.000000,0.000000,0.159277,-0.893588,0.951873,0.122360,0.000000,0.000000,0.000000,0.000000
25.3333,-0.273777,0.071583,-1.000826,0.267713,0.000000,0.000000,0.000000,0.169502,-0.888054,0.952771,0.133725,0.000000,0.000000,0.000000,0.000000
25.3500,-0.277759,0.082915,-1.005914,0.221367,0.000000,0.000000,0.000000,0.180804,-0.881639,0.954196,0.146363,0.000000,0.000000,0.000000,0.000000
25.3667,-0.281962,0.094974,-1.011446,0.171537,0.000000,0.000000,0.000000,0.193332,-0.874369,0.956194,0.160143,0.000000,0.000000,0.000000,0.000000
25.3833,-0.286484,0.107667,-1.017320,0.118876,0.000000,0.000000,0.000000,0.207114,-0.866260,0.958779,0.174831,0.000000,0.000000,0.000000,0.000000
25.4000,-0.291408,0.120907,-1.023408,0.064217,0.000000,0.000000,0.000000,0.222040,-0.857312,0.961919,0.190079,0.000000,0.000000,0.000000,0.000000
25.4167,-0.296801,0.134613,-1.029561,0.008556,0.000000,0.000000,0.000000,0.237835,-0.847514,0.965538,0.205437,0.000000,0.000000,0.000000,0.000000
25.4333,-0.302710,0.148712,-1.035613,-0.046982,0.000000,0.000000,0.000000,0.254063,-0.836863,0.969506,0.220356,0.000000,0.000000,0.000000,0.000000
25.4500,-0.309150,0.163142,-1.041391,-0.101246,0.000000,0.000000,0.000000,0.270147,-0.825392,0.973645,0.234220,0.000000,0.000000,0.000000,0.000000
25.5167,-0.316093,0.177836,-1.046749,-0.153192,0.000000,0.000000,0.000000,0.285420,-0.813206,0.977737,0.246418,0.000000,0.000000,0.000000,0.000000
25.5333,-0.323464,0.192717,-1.051576,-0.201968,0.000000,0.000000,0.000000,0.299253,-0.800513,0.981556,0.256501,0.000000,0.000000,0.000000,0.000000
25.5500,-0.331150,0.207685,-1.055812,-0.246934,0.000000,0.000000,0.000000,0.311214,-0.787636,0.984912,0.264400,0.000000,0.000000,0.000000,0.000000
25.5667,-0.339019,0.222621,-1.059437,-0.287645,0.000000,0.000000,0.000000,0.321193,-0.775027,0.987670,0.270560,0.000000,0.000000,0.000000,0.000000
25.7167,-0.346938,0.237381,-1.062461,-0.323828,0.000000,0.000000,0.000000,0.329430,-0.763249,0.989761,0.275928,0.000000,0.000000,0.000000,0.000000
25.7333,-0.354788,0.251811,-1.064914,-0.355360,0.000000,0.000000,0.000000,0.336376,-0.752869,0.991149,0.281695,0.000000,0.000000,0.000000,0.000000
25.7500,-0.362471,0.265753,-1.066841,-0.382251,0.000000,0.000000,0.000000,0.342444,-0.744303,0.991789,0.288889,0.000000,0.000000,0.000000,0.000000
25.7667,-0.369910,0.279054,-1.068300,-0.404623,0.000000,0.000000,0.000000,0.347823,-0.737740,0.991591,0.298023,0.000000,0.000000,0.000000,0.000000
25.7833,-0.377044,0.291571,-1.069362,-0.422696,0.000000,0.000000,0.000000,0.352431,-0.733164,0.990426,0.308961,0.000000,0.000000,0.000000,0.000000
25.8833,-0.383827,0.303183,-1.070106,-0.436760,0.000000,0.000000,0.000000,0.355970,-0.730427,0.988139,0.320954,0.000000,0.000000,0.000000,0.000000
25.9000,-0.390225,0.313793,-1.070618,-0.447158,0.000000,0.000000,0.000000,0.358048,-0.729347,0.984597,0.332873,0.000000,0.000000,0.000000,0.000000
25.9167,-0.396209,0.323334,-1.070986,-0.454263,0.000000,0.000000,0.000000,0.358364,-0.729818,0.979731,0.343571,0.000000,0.000000,0.000000,0.000000
25.9833,-0.401753,0.331771,-1.071293,-0.458456,0.000000,0.000000,0.000000,0.356820,-0.731865,0.973555,0.352141,0.000000,0.000000,0.000000,0.000000
26.0000,-0.406835,0.339095,-1.071616,-0.460110,0.000000,0.000000,0.000000,0.353529,-0.735615,0.966161,0.357977,0.000000,0.000000,0.000000,0.000000
26.0500,-0.411433,0.345313,-1.072027,-0.459570,0.000000,0.000000,0.000000,0.348744,-0.741196,0.957703,0.360705,0.000000,0.000000,0.000000,0.000000
26.0667,-0.415527,0.350446,-1.072592,-0.457137,0.000000,0.000000,0.000000,0.342769,-0.748637,0.948381,0.360085,0.000000,0.000000,0.000000,0.000000
26.1500,-0.419098,0.354517,-1.073369,-0.453058,0.000000,0.000000,0.000000,0.335861,-0.757777,0.938428,0.355928,0.000000,0.000000,0.000000,0.000000
26.1667,-0.422127,0.357552,-1.074409,-0.447522,0.000000,0.000000,0.000000,0.328185,-0.768265,0.928088,0.348117,0.000000,0.000000,0.000000,0.000000
26.1833,-0.424590,0.359573,-1.075762,-0.440651,0.000000,0.000000,0.000000,0.319838,-0.779623,0.917611,0.336725,0.000000,0.000000,0.000000,0.000000
26.2000,-0.426460,0.360597,-1.077471,-0.432508,0.000000,0.000000,0.000000,0.310881,-0.791318,0.907238,0.322103,0.000000,0.000000,0.000000,0.000000
26.2167,-0.427704,0.360634,-1.079577,-0.423094,0.000000,0.000000,0.000000,0.301377,-0.802829,0.897194,0.304849,0.000000,0.000000,0.000000,0.000000
26.2333,-0.428290,0.359682,-1.082114,-0.412345,0.000000,0.000000,0.000000,0.291410,-0.813692,0.887677,0.285725,0.000000,0.000000,0.000000,0.000000
26.2500,-0.428194,0.357732,-1.085103,-0.400141,0.000000,0.000000,0.000000,0.281093,-0.823539,0.878848,0.265557,0.000000,0.000000,0.000000,0.000000
26.2667,-0.427405,0.354768,-1.088549,-0.386310,0.000000,0.000000,0.000000,0.270577,-0.832119,0.870832,0.245141,0.000000,0.000000,0.000000,0.000000
26.2833,-0.425928,0.350768,-1.092434,-0.370639,0.000000,0.000000,0.000000,0.260039,-0.839307,0.863710,0.225188,0.000000,0.000000,0.000000,0.000000
26.3000,-0.423786,0.345716,-1.096720,-0.352903,0.000000,0.000000,0.000000,0.249678,-0.845099,0.857527,0.206274,0.000000,0.000000,0.000000,0.000000
26.3167,-0.421022,0.339602,-1.101341,-0.332885,0.000000,0.000000,0.000000,0.239709,-0.849604,0.852287,0.188823,0.000000,0.000000,0.000000,0.000000
26.3333,-0.417690,0.332437,-1.106209,-0.310405,0.000000,0.000000,0.000000,0.230361,-0.853026,0.847970,0.173097,0.000000,0.000000,0.000000,0.000000
26.3500,-0.413860,0.324257,-1.111212,-0.285349,0.000000,0.000000,0.000000,0.221864,-0.855641,0.844528,0.159199,0.000000,0.000000,0.000000,0.000000
26.3667,-0.409606,0.315135,-1.116220,-0.257689,0.000000,0.000000,0.000000,0.214432,-0.857755,0.841902,0.147088,0.000000,0.000000,0.000000,0.000000
26.3833,-0.405007,0.305177,-1.121089,-0.227495,0.000000,0.000000,0.000000,0.208237,-0.859668,0.840018,0.136595,0.000000,0.000000,0.000000,0.000000
26.4000,-0.400141,0.294524,-1.125673,-0.194947,0.000000,0.000000,0.000000,0.203389,-0.861643,0.838796,0.127441,0.000000,0.000000,0.000000,0.000000
26.4167,-0.395085,0.283345,-1.129824,-0.160336,0.000000,0.000000,0.000000,0.199914,-0.863880,0.838152,0.119256,0.000000,0.000000,0.000000,0.000000
26.4333,-0.389916,0.271825,-1.133408,-0.124056,0.000000,0.000000,0.000000,0.197745,-0.866500,0.838001,0.111606,0.000000,0.000000,0.000000,0.000000
26.4500,-0.384701,0.260144,-1.136313,-0.086579,0.000000,0.000000,0.000000,0.196711,-0.869535,0.838252,0.104019,0.000000,0.000000,0.000000,0.000000
26.4667,-0.379499,0.248462,-1.138462,-0.048415,0.000000,0.000000,0.000000,0.196536,-0.872932,0.838815,0.096011,0.000000,0.000000,0.000000,0.000000
26.4833,-0.374359,0.236908,-1.139813,-0.010083,0.000000,0.000000,0.000000,0.196851,-0.876563,0.839598,0.087103,0.000000,0.000000,0.000000,0.000000
26.5000,-0.369323,0.225580,-1.140360,0.027924,0.000000,0.000000,0.000000,0.197207,-0.880234,0.840507,0.076838,0.000000,0.000000,0.000000,0.000000
26.5167,-0.364428,0.214560,-1.140122,0.065158,0.000000,0.000000,0.000000,0.197089,-0.883686,0.841455,0.064803,0.000000,0.000000,0.000000,0.000000
26.5333,-0.359708,0.203920,-1.139138,0.101222,0.000000,0.000000,0.000000,0.195932,-0.886602,0.842360,0.050645,0.000000,0.000000,0.000000,0.000000
26.5500,-0.355198,0.193731,-1.137456,0.135779,0.000000,0.000000,0.000000,0.193129,-0.888599,0.843153,0.034091,0.000000,0.000000,0.000000,0.000000
26.5667,-0.350933,0.184060,-1.135134,0.168556,0.000000,0.000000,0.000000,0.188048,-0.889236,0.843779,0.014971,0.000000,0.000000,0.000000,0.000000
26.5833,-0.346945,0.174965,-1.132235,0.199349,0.000000,0.000000,0.000000,0.180046,-0.888012,0.844202,-0.006771,0.000000,0.000000,0.000000,0.000000
26.6000,-0.343265,0.166491,-1.128827,0.228020,0.000000,0.000000,0.000000,0.168500,-0.884379,0.844406,-0.031073,0.000000,0.000000,0.000000,0.000000
26.6167,-0.339912,0.158663,-1.124983,0.254493,0.000000,0.000000,0.000000,0.152826,-0.877756,0.844408,-0.057744,0.000000,0.000000,0.000000,0.000000
26.6333,-0.336889,0.151491,-1.120785,0.278741,0.000000,0.000000,0.000000,0.132520,-0.867561,0.844247,-0.086468,0.000000,0.000000,0.000000,0.000000
26.6500,-0.334176,0.144969,-1.116323,0.300773,0.000000,0.000000,0.000000,0.107191,-0.853259,0.843992,-0.116802,0.000000,0.000000,0.000000,0.000000
26.6667,-0.331732,0.139085,-1.111693,0.320618,0.000000,0.000000,0.000000,0.076610,-0.834435,0.843725,-0.148178,0.000000,0.000000,0.000000,0.000000
26.6833,-0.329493,0.133822,-1.106998,0.338321,0.000000,0.000000,0.000000,0.040787,-0.810896,0.843541,-0.179918,0.000000,0.000000,0.000000,0.000000
26.7000,-0.327379,0.129164,-1.102337,0.353937,0.000000,0.000000,0.000000,0.000061,-0.782790,0.843541,-0.211260,0.000000,0.000000,0.000000,0.000000
26.7500,-0.325298,0.125090,-1.097808,0.367538,0.000000,0.000000,0.000000,-0.044768,-0.750749,0.843838,-0.241416,0.000000,0.000000,0.000000,0.000000
26.8833,-0.323152,0.121580,-1.093500,0.379218,0.000000,0.000000,0.000000,-0.092362,-0.715949,0.844567,-0.269695,0.000000,0.000000,0.000000,0.000000
26.9000,-0.320834,0.118612,-1.089488,0.389095,0.000000,0.000000,0.000000,-0.141013,-0.679930,0.845870,-0.295619,0.000000,0.000000,0.000000,0.000000
26.9167,-0.318230,0.116171,-1.085837,0.397308,0.000000,0.000000,0.000000,-0.189020,-0.644227,0.847848,-0.318950,0.000000,0.000000,0.000000,0.000000
26.9333,-0.315207,0.114253,-1.082602,0.404019,0.000000,0.000000,0.000000,-0.234977,-0.610110,0.850536,-0.339651,0.000000,0.000000,0.000000,0.000000
26.9500,-0.311613,0.112875,-1.079829,0.409398,0.000000,0.000000,0.000000,-0.277847,-0.578524,0.853902,-0.357821,0.000000,0.000000,0.000000,0.000000
26.9667,-0.307271,0.112080,-1.077559,0.413619,0.000000,0.000000,0.000000,-0.316938,-0.550119,0.857870,-0.373636,0.000000,0.000000,0.000000,0.000000
26.9833,-0.301980,0.111937,-1.075837,0.416847,0.000000,0.000000,0.000000,-0.351859,-0.525279,0.862333,-0.387306,0.000000,0.000000,0.000000,0.000000
27.0000,-0.295513,0.112540,-1.074705,0.419239,0.000000,0.000000,0.000000,-0.382469,-0.504168,0.867172,-0.399037,0.000000,0.000000,0.000000,0.000000
27.0167,-0.287621,0.113995,-1.074210,0.420945,0.000000,0.000000,0.000000,-0.408821,-0.486773,0.872264,-0.409015,0.000000,0.000000,0.000000,0.000000
27.0333,-0.278039,0.116409,-1.074396,0.422115,0.000000,0.000000,0.000000,-0.431101,-0.472949,0.877492,-0.417393,0.000000,0.000000,0.000000,0.000000
27.0500,-0.266496,0.119880,-1.075305,0.422907,0.000000,0.000000,0.000000,-0.449582,-0.462470,0.882751,-0.424292,0.000000,0.000000,0.000000,0.000000
27.0667,-0.252734,0.124487,-1.076966,0.423489,0.000000,0.000000,0.000000,-0.464577,-0.455072,0.887949,-0.429804,0.000000,0.000000,0.000000,0.000000
27.0833,-0.236522,0.130285,-1.079396,0.424047,0.000000,0.000000,0.000000,-0.476406,-0.450492,0.893011,-0.433991,0.000000,0.000000,0.000000,0.000000
27.1000,-0.217684,0.137299,-1.082591,0.424783,0.000000,0.000000,0.000000,-0.485367,-0.448500,0.897875,-0.436895,0.000000,0.000000,0.000000,0.000000
27.1333,-0.196127,0.145519,-1.086517,0.425912,0.000000,0.000000,0.000000,-0.491711,-0.448924,0.902490,-0.438534,0.000000,0.000000,0.000000,0.000000
27.1500,-0.171860,0.154895,-1.091102,0.427659,0.000000,0.000000,0.000000,-0.495629,-0.451660,0.906817,-0.438911,0.000000,0.000000,0.000000,0.000000
27.1667,-0.145020,0.165329,-1.096228,0.430246,0.000000,0.000000,0.000000,-0.497241,-0.456676,0.910826,-0.438011,0.000000,0.000000,0.000000,0.000000
27.1833,-0.115874,0.176680,-1.101732,0.433865,0.000000,0.000000,0.000000,-0.496591,-0.464003,0.914498,-0.435802,0.000000,0.000000,0.000000,0.000000
27.2000,-0.084816,0.188765,-1.107403,0.438653,0.000000,0.000000,0.000000,-0.493656,-0.473719,0.917829,-0.432231,0.000000,0.000000,0.000000,0.000000
27.2667,-0.052360,0.201387,-1.112993,0.444657,0.000000,0.000000,0.000000,-0.488350,-0.485931,0.920832,-0.427227,0.000000,0.000000,0.000000,0.000000
27.3000,-0.019112,0.214349,-1.118226,0.451809,0.000000,0.000000,0.000000,-0.480543,-0.500755,0.923530,-0.420701,0.000000,0.000000,0.000000,0.000000
27.3167,0.014257,0.227492,-1.122816,0.459911,0.000000,0.000000,0.000000,-0.470079,-0.518290,0.925960,-0.412549,0.000000,0.000000,0.000000,0.000000
27.3333,0.047060,0.240714,-1.126496,0.468646,0.000000,0.000000,0.000000,-0.456800,-0.538592,0.928163,-0.402664,0.000000,0.000000,0.000000,0.000000
27.3500,0.078639,0.253978,-1.129040,0.477622,0.000000,0.000000,0.000000,-0.440567,-0.561649,0.930193,-0.390955,0.000000,0.000000,0.000000,0.000000
27.3667,0.108406,0.267291,-1.130281,0.486422,0.000000,0.000000,0.000000,-0.421277,-0.587354,0.932113,-0.377369,0.000000,0.000000,0.000000,0.000000
27.3833,0.135870,0.280665,-1.130122,0.494676,0.000000,0.000000,0.000000,-0.398888,-0.615492,0.934000,-0.361921,0.000000,0.000000,0.000000,0.000000
27.4000,0.160660,0.294081,-1.128534,0.502084,0.000000,0.000000,0.000000,-0.373443,-0.645728,0.935934,-0.344708,0.000000,0.000000,0.000000,0.000000
27.4167,0.182540,0.307475,-1.125558,0.508434,0.000000,0.000000,0.000000,-0.345104,-0.677598,0.937991,-0.325918,0.000000,0.000000,0.000000,0.000000
27.4333,0.201408,0.320746,-1.121298,0.513588,0.000000,0.000000,0.000000,-0.314193,-0.710495,0.940227,-0.305816,0.000000,0.000000,0.000000,0.000000
27.4500,0.217289,0.333758,-1.115911,0.517479,0.000000,0.000000,0.000000,-0.281235,-0.743654,0.942666,-0.284721,0.000000,0.000000,0.000000,0.000000
27.5000,0.230311,0.346353,-1.109592,0.520107,0.000000,0.000000,0.000000,-0.246982,-0.776166,0.945284,-0.262969,0.000000,0.000000,0.000000,0.000000
27.5167,0.240684,0.358360,-1.102565,0.521533,0.000000,0.000000,0.000000,-0.212336,-0.807068,0.948011,-0.240887,0.000000,0.000000,0.000000,0.000000
27.5333,0.248678,0.369612,-1.095066,0.521870,0.000000,0.000000,0.000000,-0.178204,-0.835494,0.950754,-0.218783,0.000000,0.000000,0.000000,0.000000
27.5500,0.254601,0.379960,-1.087331,0.521268,0.000000,0.000000,0.000000,-0.145355,-0.860800,0.953421,-0.196947,0.000000,0.000000,0.000000,0.000000
27.5667,0.258777,0.389288,-1.079579,0.519893,0.000000,0.000000,0.000000,-0.114344,-0.882600,0.955946,-0.175656,0.000000,0.000000,0.000000,0.000000
27.5833,0.261531,0.397521,-1.072002,0.517912,0.000000,0.000000,0.000000,-0.085504,-0.900760,0.958295,-0.155181,0.000000,0.000000,0.000000,0.000000
27.6000,0.263168,0.404624,-1.064758,0.515485,0.000000,0.000000,0.000000,-0.058976,-0.915348,0.960467,-0.135782,0.000000,0.000000,0.000000,0.000000
27.6167,0.263966,0.410600,-1.057964,0.512754,0.000000,0.000000,0.000000,-0.034766,-0.926575,0.962476,-0.117684,0.000000,0.000000,0.000000,0.000000
27.6333,0.264159,0.415482,-1.051704,0.509846,0.000000,0.000000,0.000000,-0.012807,-0.934729,0.964339,-0.101054,0.000000,0.000000,0.000000,0.000000
27.6500,0.263937,0.419321,-1.046026,0.506863,0.000000,0.000000,0.000000,0.006994,-0.940130,0.966063,-0.085984,0.000000,0.000000,0.000000,0.000000
27.6667,0.263442,0.422175,-1.040952,0.503889,0.000000,0.000000,0.000000,0.024731,-0.943090,0.967644,-0.072483,0.000000,0.000000,0.000000,0.000000
27.6833,0.262769,0.424105,-1.036479,0.500984,0.000000,0.000000,0.000000,0.040486,-0.943902,0.969062,-0.060487,0.000000,0.000000,0.000000,0.000000
27.7000,0.261971,0.425159,-1.032591,0.498190,0.000000,0.000000,0.000000,0.054334,-0.942837,0.970290,-0.049878,0.000000,0.000000,0.000000,0.000000
27.7167,0.261058,0.425371,-1.029260,0.495533,0.000000,0.000000,0.000000,0.066356,-0.940149,0.971302,-0.040506,0.000000,0.000000,0.000000,0.000000
27.7333,0.260004,0.424748,-1.026457,0.493021,0.000000,0.000000,0.000000,0.076644,-0.936082,0.972075,-0.032213,0.000000,0.000000,0.000000,0.000000
27.7500,0.258751,0.423273,-1.024149,0.490651,0.000000,0.000000,0.000000,0.085314,-0.930877,0.972596,-0.024850,0.000000,0.000000,0.000000,0.000000
27.7667,0.257208,0.420899,-1.022311,0.488413,0.000000,0.000000,0.000000,0.092505,-0.924778,0.972862,-0.018279,0.000000,0.000000,0.000000,0.000000
27.7833,0.255260,0.417553,-1.020922,0.486291,0.000000,0.000000,0.000000,0.098374,-0.918026,0.972878,-0.012379,0.000000,0.000000,0.000000,0.000000
27.8000,0.252764,0.413145,-1.019964,0.484275,0.000000,0.000000,0.000000,0.103094,-0.910863,0.972657,-0.007044,0.000000,0.000000,0.000000,0.000000
27.8167,0.249552,0.407580,-1.019422,0.482359,0.000000,0.000000,0.000000,0.106843,-0.903527,0.972218,-0.002202,0.000000,0.000000,0.000000,0.000000
27.8333,0.245434,0.400766,-1.019277,0.480549,0.000000,0.000000,0.000000,0.109800,-0.896253,0.971584,0.002192,0.000000,0.000000,0.000000,0.000000
27.8500,0.240203,0.392629,-1.019505,0.478860,0.000000,0.000000,0.000000,0.112150,-0.889265,0.970782,0.006148,0.000000,0.000000,0.000000,0.000000
27.8667,0.233644,0.383118,-1.020073,0.477324,0.000000,0.000000,0.000000,0.114076,-0.882773,0.969846,0.009665,0.000000,0.000000,0.000000,0.000000
27.8833,0.225541,0.372213,-1.020940,0.475989,0.000000,0.000000,0.000000,0.115759,-0.876961,0.968812,0.012735,0.000000,0.000000,0.000000,0.000000
27.9000,0.215696,0.359924,-1.022054,0.474920,0.000000,0.000000,0.000000,0.117369,-0.871978,0.967720,0.015370,0.000000,0.000000,0.000000,0.000000
27.9167,0.203939,0.346291,-1.023354,0.474199,0.000000,0.000000,0.000000,0.119057,-0.867925,0.966607,0.017607,0.000000,0.000000,0.000000,0.000000
27.9333,0.190145,0.331387,-1.024766,0.473922,0.000000,0.000000,0.000000,0.120939,-0.864846,0.965504,0.019513,0.000000,0.000000,0.000000,0.000000
27.9500,0.174244,0.315312,-1.026205,0.474192,0.000000,0.000000,0.000000,0.123094,-0.862725,0.964435,0.021196,0.000000,0.000000,0.000000,0.000000
27.9667,0.156233,0.298190,-1.027573,0.475112,0.000000,0.000000,0.000000,0.125564,-0.861487,0.963419,0.022794,0.000000,0.000000,0.000000,0.000000
27.9833,0.136177,0.280163,-1.028762,0.476769,0.000000,0.000000,0.000000,0.128366,-0.861011,0.962470,0.024474,0.000000,0.000000,0.000000,0.000000
28.0000,0.114214,0.261378,-1.029663,0.479221,0.000000,0.000000,0.000000,0.131503,-0.861139,0.961599,0.026428,0.000000,0.000000,0.000000,0.000000
28.0167,0.090550,0.241980,-1.030166,0.482486,0.000000,0.000000,0.000000,0.134976,-0.861689,0.960822,0.028862,0.000000,0.000000,0.000000,0.000000
28.0333,0.065449,0.222105,-1.030175,0.486541,0.000000,0.000000,0.000000,0.138800,-0.862464,0.960157,0.031990,0.000000,0.000000,0.000000,0.000000
28.0500,0.039230,0.201891,-1.029610,0.491310,0.000000,0.000000,0.000000,0.143010,-0.863265,0.959630,0.036037,0.000000,0.000000,0.000000,0.000000
28.0667,0.012255,0.181496,-1.028424,0.496671,0.000000,0.000000,0.000000,0.147678,-0.863898,0.959277,0.041228,0.000000,0.000000,0.000000,0.000000
28.0833,-0.015063,0.161120,-1.026604,0.502449,0.000000,0.000000,0.000000,0.152908,-0.864178,0.959145,0.047792,0.000000,0.000000,0.000000,0.000000
28.1000,-0.042276,0.141018,-1.024183,0.508424,0.000000,0.000000,0.000000,0.158832,-0.863929,0.959286,0.055952,0.000000,0.000000,0.000000,0.000000
28.1167,-0.068910,0.121492,-1.021239,0.514350,0.000000,0.000000,0.000000,0.165597,-0.862979,0.959754,0.065926,0.000000,0.000000,0.000000,0.000000
28.1333,-0.094494,0.102869,-1.017895,0.519982,0.000000,0.000000,0.000000,0.173348,-0.861161,0.960602,0.077913,0.000000,0.000000,0.000000,0.000000
28.1500,-0.118592,0.085460,-1.014303,0.525104,0.000000,0.000000,0.000000,0.182215,-0.858309,0.961871,0.092086,0.000000,0.000000,0.000000,0.000000
28.1667,-0.140835,0.069531,-1.010627,0.529549,0.000000,0.000000,0.000000,0.192306,-0.854270,0.963593,0.108582,0.000000,0.000000,0.000000,0.000000
28.1833,-0.160950,0.055272,-1.007023,0.533214,0.000000,0.000000,0.000000,0.203704,-0.848913,0.965783,0.127499,0.000000,0.000000,0.000000,0.000000
28.2000,-0.178769,0.042797,-1.003631,0.536058,0.000000,0.000000,0.000000,0.216460,-0.842148,0.968435,0.148881,0.000000,0.000000,0.000000,0.000000
28.2167,-0.194231,0.032144,-1.000559,0.538091,0.000000,0.000000,0.000000,0.230586,-0.833945,0.971518,0.172699,0.000000,0.000000,0.000000,0.000000
28.2333,-0.207368,0.023281,-0.997885,0.539363,0.000000,0.000000,0.000000,0.246042,-0.824355,0.974968,0.198824,0.000000,0.000000,0.000000,0.000000
28.2500,-0.218289,0.016119,-0.995653,0.539937,0.000000,0.000000,0.000000,0.262711,-0.813525,0.978680,0.226992,0.000000,0.000000,0.000000,0.000000
28.2667,-0.227163,0.010530,-0.993883,0.539879,0.000000,0.000000,0.000000,0.280363,-0.801714,0.982500,0.256750,0.000000,0.000000,0.000000,0.000000
28.2833,-0.234192,0.006360,-0.992571,0.539235,0.000000,0.000000,0.000000,0.298626,-0.789294,0.986209,0.287409,0.000000,0.000000,0.000000,0.000000
28.3833,-0.239598,0.003451,-0.991703,0.538026,0.000000,0.000000,0.000000,0.316976,-0.776754,0.989538,0.318027,0.000000,0.000000,0.000000,0.000000
28.4000,-0.243607,0.001645,-0.991253,0.536238,0.000000,0.000000,0.000000,0.334820,-0.764672,0.992200,0.347543,0.000000,0.000000,0.000000,0.000000
28.4167,-0.246445,0.000799,-0.991191,0.533821,0.000000,0.000000,0.000000,0.351633,-0.753655,0.993952,0.375037,0.000000,0.000000,0.000000,0.000000
28.4833,-0.248331,0.000782,-0.991486,0.530688,0.000000,0.000000,0.000000,0.367040,-0.744284,0.994623,0.399887,0.000000,0.000000,0.000000,0.000000
28.5000,-0.249474,0.001488,-0.992102,0.526714,0.000000,0.000000,0.000000,0.380788,-0.737050,0.994108,0.421722,0.000000,0.000000,0.000000,0.000000
28.5167,-0.250072,0.002831,-0.993007,0.521732,0.000000,0.000000,0.000000,0.392656,-0.732290,0.992338,0.440253,0.000000,0.000000,0.000000,0.000000
28.5667,-0.250303,0.004756,-0.994175,0.515526,0.000000,0.000000,0.000000,0.402390,-0.730157,0.989272,0.455138,0.000000,0.000000,0.000000,0.000000
28.5833,-0.250322,0.007238,-0.995586,0.507829,0.000000,0.000000,0.000000,0.409692,-0.730628,0.984887,0.465963,0.000000,0.000000,0.000000,0.000000
28.6000,-0.250264,0.010286,-0.997226,0.498331,0.000000,0.000000,0.000000,0.414262,-0.733543,0.979190,0.472320,0.000000,0.000000,0.000000,0.000000
28.6167,-0.250238,0.013943,-0.999090,0.486687,0.000000,0.000000,0.000000,0.415833,-0.738637,0.972216,0.473878,0.000000,0.000000,0.000000,0.000000
28.6333,-0.250337,0.018287,-1.001173,0.472532,0.000000,0.000000,0.000000,0.414218,-0.745564,0.964044,0.470423,0.000000,0.000000,0.000000,0.000000
28.6500,-0.250629,0.023423,-1.003474,0.455502,0.000000,0.000000,0.000000,0.409350,-0.753930,0.954796,0.461883,0.000000,0.000000,0.000000,0.000000
28.6667,-0.251166,0.029475,-1.005994,0.435256,0.000000,0.000000,0.000000,0.401310,-0.763324,0.944648,0.448352,0.000000,0.000000,0.000000,0.000000
28.6833,-0.251980,0.036575,-1.008732,0.411499,0.000000,0.000000,0.000000,0.390364,-0.773349,0.933833,0.430121,0.000000,0.000000,0.000000,0.000000
28.7000,-0.253085,0.044851,-1.011682,0.384013,0.000000,0.000000,0.000000,0.376985,-0.783638,0.922644,0.407713,0.000000,0.000000,0.000000,0.000000
28.8000,-0.254481,0.054411,-1.014839,0.352671,0.000000,0.000000,0.000000,0.361835,-0.793864,0.911424,0.381899,0.000000,0.000000,0.000000,0.000000
28.8167,-0.256153,0.065339,-1.018191,0.317455,0.000000,0.000000,0.000000,0.345673,-0.803743,0.900524,0.353658,0.000000,0.000000,0.000000,0.000000
28.8333,-0.258080,0.077676,-1.021719,0.278463,0.000000,0.000000,0.000000,0.329201,-0.813022,0.890255,0.324050,0.000000,0.000000,0.000000,0.000000
28.8500,-0.260235,0.091418,-1.025399,0.235914,0.000000,0.000000,0.000000,0.312967,-0.821490,0.880846,0.294078,0.000000,0.000000,0.000000,0.000000
28.8667,-0.262600,0.106496,-1.029203,0.190160,0.000000,0.000000,0.000000,0.297365,-0.828994,0.872441,0.264613,0.000000,0.000000,0.000000,0.000000
28.8833,-0.265170,0.122774,-1.033092,0.141699,0.000000,0.000000,0.000000,0.282664,-0.835447,0.865113,0.236363,0.000000,0.000000,0.000000,0.000000
28.9000,-0.267957,0.140044,-1.037022,0.091181,0.000000,0.000000,0.000000,0.269041,-0.840831,0.858881,0.209854,0.000000,0.000000,0.000000,0.000000
28.9167,-0.270995,0.158031,-1.040941,0.039403,0.000000,0.000000,0.000000,0.256609,-0.845192,0.853718,0.185437,0.000000,0.000000,0.000000,0.000000
28.9333,-0.274335,0.176406,-1.044788,-0.012724,0.000000,0.000000,0.000000,0.245438,-0.848634,0.849568,0.163303,0.000000,0.000000,0.000000,0.000000
28.9500,-0.278042,0.194808,-1.048496,-0.064226,0.000000,0.000000,0.000000,0.235557,-0.851306,0.846356,0.143507,0.000000,0.000000,0.000000,0.000000
28.9667,-0.282187,0.212868,-1.051995,-0.114128,0.000000,0.000000,0.000000,0.226966,-0.853377,0.843990,0.125990,0.000000,0.000000,0.000000,0.000000
28.9833,-0.286833,0.230230,-1.055220,-0.161517,0.000000,0.000000,0.000000,0.219636,-0.855025,0.842376,0.110599,0.000000,0.000000,0.000000,0.000000
29.0000,-0.292021,0.246586,-1.058117,-0.205598,0.000000,0.000000,0.000000,0.213508,-0.856412,0.841417,0.097105,0.000000,0.000000,0.000000,0.000000
29.0167,-0.297755,0.261700,-1.060652,-0.245743,0.000000,0.000000,0.000000,0.208493,-0.857675,0.841021,0.085218,0.000000,0.000000,0.000000,0.000000
29.0333,-0.304002,0.275433,-1.062805,-0.281520,0.000000,0.000000,0.000000,0.204466,-0.858907,0.841104,0.074603,0.000000,0.000000,0.000000,0.000000
29.0500,-0.310683,0.287751,-1.064576,-0.312713,0.000000,0.000000,0.000000,0.201264,-0.860154,0.841587,0.064900,0.000000,0.000000,0.000000,0.000000
29.0667,-0.317682,0.298701,-1.065988,-0.339307,0.000000,0.000000,0.000000,0.198679,-0.861402,0.842402,0.055732,0.000000,0.000000,0.000000,0.000000
29.0833,-0.324856,0.308387,-1.067083,-0.361464,0.000000,0.000000,0.000000,0.196457,-0.862582,0.843488,0.046723,0.000000,0.000000,0.000000,0.000000
29.1000,-0.332045,0.316938,-1.067924,-0.379476,0.000000,0.000000,0.000000,0.194299,-0.863567,0.844789,0.037512,0.000000,0.000000,0.000000,0.000000
29.1167,-0.339081,0.324488,-1.068588,-0.393735,0.000000,0.000000,0.000000,0.191859,-0.864179,0.846256,0.027763,0.000000,0.000000,0.000000,0.000000
29.1333,-0.345804,0.331165,-1.069163,-0.404694,0.000000,0.000000,0.000000,0.188739,-0.864180,0.847841,0.017178,0.000000,0.000000,0.000000,0.000000
29.1500,-0.352065,0.337086,-1.069740,-0.412837,0.000000,0.000000,0.000000,0.184492,-0.863282,0.849503,0.005498,0.000000,0.000000,0.000000,0.000000
29.1667,-0.357734,0.342350,-1.070407,-0.418642,0.000000,0.000000,0.000000,0.178626,-0.861145,0.851201,-0.007491,0.000000,0.000000,0.000000,0.000000
29.1833,-0.362714,0.347039,-1.071242,-0.422553,0.000000,0.000000,0.000000,0.170616,-0.857382,0.852902,-0.021956,0.000000,0.000000,0.000000,0.000000
29.2000,-0.366941,0.351217,-1.072305,-0.424948,0.000000,0.000000,0.000000,0.159918,-0.851572,0.854581,-0.038010,0.000000,0.000000,0.000000,0.000000
29.2167,-0.370392,0.354925,-1.073639,-0.426121,0.000000,0.000000,0.000000,0.145995,-0.843271,0.856227,-0.055719,0.000000,0.000000,0.000000,0.000000
29.2333,-0.373077,0.358186,-1.075270,-0.426274,0.000000,0.000000,0.000000,0.128344,-0.832029,0.857847,-0.075085,0.000000,0.000000,0.000000,0.000000
29.2500,-0.375038,0.360995,-1.077207,-0.425507,0.000000,0.000000,0.000000,0.106531,-0.817420,0.859467,-0.096045,0.000000,0.000000,0.000000,0.000000
29.2667,-0.376340,0.363319,-1.079444,-0.423824,0.000000,0.000000,0.000000,0.080226,-0.799077,0.861136,-0.118450,0.000000,0.000000,0.000000,0.000000
29.2833,-0.377065,0.365101,-1.081965,-0.421133,0.000000,0.000000,0.000000,0.049259,-0.776755,0.862916,-0.142056,0.000000,0.000000,0.000000,0.000000
29.3000,-0.377309,0.366264,-1.084744,-0.417253,0.000000,0.000000,0.000000,0.013677,-0.750395,0.864887,-0.166523,0.000000,0.000000,0.000000,0.000000
29.3167,-0.377174,0.366711,-1.087744,-0.411933,0.000000,0.000000,0.000000,-0.026186,-0.720218,0.867129,-0.191427,0.000000,0.000000,0.000000,0.000000
29.3333,-0.376764,0.366338,-1.090926,-0.404866,0.000000,0.000000,0.000000,-0.069621,-0.686835,0.869723,-0.216283,0.000000,0.000000,0.000000,0.000000
29.4333,-0.376178,0.365031,-1.094245,-0.395708,0.000000,0.000000,0.000000,-0.115480,-0.651313,0.872745,-0.240587,0.000000,0.000000,0.000000,0.000000
29.4500,-0.375504,0.362678,-1.097657,-0.384107,0.000000,0.000000,0.000000,-0.162284,-0.615062,0.876255,-0.263897,0.000000,0.000000,0.000000,0.000000
29.4833,-0.374817,0.359172,-1.101116,-0.369714,0.000000,0.000000,0.000000,-0.208492,-0.579543,0.880285,-0.285900,0.000000,0.000000,0.000000,0.000000
29.5000,-0.374171,0.354418,-1.104575,-0.352216,0.000000,0.000000,0.000000,-0.252755,-0.546011,0.884835,-0.306444,0.000000,0.000000,0.000000,0.000000
29.5333,-0.373604,0.348340,-1.107987,-0.331357,0.000000,0.000000,0.000000,-0.294028,-0.515410,0.889872,-0.325494,0.000000,0.000000,0.000000,0.000000
29.5500,-0.373126,0.340891,-1.111300,-0.306962,0.000000,0.000000,0.000000,-0.331593,-0.488359,0.895344,-0.343088,0.000000,0.000000,0.000000,0.000000
29.5667,-0.372718,0.332062,-1.114468,-0.278960,0.000000,0.000000,0.000000,-0.365036,-0.465186,0.901180,-0.359297,0.000000,0.000000,0.000000,0.000000
29.5833,-0.372329,0.321886,-1.117446,-0.247399,0.000000,0.000000,0.000000,-0.394194,-0.445976,0.907292,-0.374196,0.000000,0.000000,0.000000,0.000000
29.6000,-0.371876,0.310440,-1.120201,-0.212458,0.000000,0.000000,0.000000,-0.419107,-0.430632,0.913576,-0.387840,0.000000,0.000000,0.000000,0.000000
29.6167,-0.371252,0.297848,-1.122704,-0.174452,0.000000,0.000000,0.000000,-0.439969,-0.418928,0.919918,-0.400255,0.000000,0.000000,0.000000,0.000000
29.6333,-0.370339,0.284272,-1.124929,-0.133827,0.000000,0.000000,0.000000,-0.457084,-0.410559,0.926196,-0.411438,0.000000,0.000000,0.000000,0.000000
29.6667,-0.369029,0.269915,-1.126849,-0.091146,0.000000,0.000000,0.000000,-0.470820,-0.405183,0.932292,-0.421369,0.000000,0.000000,0.000000,0.000000
29.6833,-0.367237,0.255009,-1.128428,-0.047073,0.000000,0.000000,0.000000,-0.481571,-0.402447,0.938102,-0.430020,0.000000,0.000000,0.000000,0.000000
29.7000,-0.364919,0.239814,-1.129619,-0.002336,0.000000,0.000000,0.000000,-0.489716,-0.402019,0.943549,-0.437361,0.000000,0.000000,0.000000,0.000000
29.7167,-0.362079,0.224603,-1.130365,0.042314,0.000000,0.000000,0.000000,-0.495581,-0.403610,0.948586,-0.443366,0.000000,0.000000,0.000000,0.000000
29.7333,-0.358775,0.209645,-1.130600,0.086153,0.000000,0.000000,0.000000,-0.499429,-0.406989,0.953192,-0.448005,0.000000,0.000000,0.000000,0.000000
29.7500,-0.355101,0.195183,-1.130268,0.128533,0.000000,0.000000,0.000000,-0.501444,-0.411999,0.957371,-0.451243,0.000000,0.000000,0.000000,0.000000
29.7667,-0.351173,0.181418,-1.129330,0.168911,0.000000,0.000000,0.000000,-0.501728,-0.418563,0.961142,-0.453043,0.000000,0.000000,0.000000,0.000000
29.8333,-0.347110,0.168506,-1.127771,0.206866,0.000000,0.000000,0.000000,-0.500299,-0.426685,0.964537,-0.453363,0.000000,0.000000,0.000000,0.000000
29.8500,-0.343012,0.156559,-1.125607,0.242082,0.000000,0.000000,0.000000,-0.497096,-0.436448,0.967595,-0.452157,0.000000,0.000000,0.000000,0.000000
29.8667,-0.338951,0.145657,-1.122884,0.274333,0.000000,0.000000,0.000000,-0.491996,-0.448008,0.970354,-0.449373,0.000000,0.000000,0.000000,0.000000
29.9167,-0.334946,0.135861,-1.119680,0.303457,0.000000,0.000000,0.000000,-0.484823,-0.461583,0.972842,-0.444950,0.000000,0.000000,0.000000,0.000000
29.9333,-0.330969,0.127213,-1.116105,0.329349,0.000000,0.000000,0.000000,-0.475365,-0.477424,0.975078,-0.438816,0.000000,0.000000,0.000000,0.000000
29.9500,-0.326937,0.119746,-1.112287,0.351965,0.000000,0.000000,0.000000,-0.463397,-0.495794,0.977072,-0.430889,0.000000,0.000000,0.000000,0.000000
29.9667,-0.322735,0.113477,-1.108366,0.371331,0.000000,0.000000,0.000000,-0.448698,-0.516925,0.978825,-0.421082,0.000000,0.000000,0.000000,0.000000
29.9833,-0.318223,0.108413,-1.104480,0.387547,0.000000,0.000000,0.000000,-0.431079,-0.540986,0.980336,-0.409315,0.000000,0.000000,0.000000,0.000000
30.0000,-0.313248,0.104565,-1.100756,0.400776,0.000000,0.000000,0.000000,-0.410407,-0.568043,0.981600,-0.395525,0.000000,0.000000,0.000000,0.000000
30.0167,-0.307650,0.101957,-1.097306,0.411227,0.000000,0.000000,0.000000,-0.386636,-0.598010,0.982619,-0.379679,0.000000,0.000000,0.000000,0.000000
30.0333,-0.301257,0.100639,-1.094229,0.419134,0.000000,0.000000,0.000000,-0.359845,-0.630612,0.983396,-0.361786,0.000000,0.000000,0.000000,0.000000
30.0500,-0.293887,0.100678,-1.091613,0.424749,0.000000,0.000000,0.000000,-0.330285,-0.665332,0.983942,-0.341919,0.000000,0.000000,0.000000,0.000000
30.0833,-0.285339,0.102151,-1.089538,0.428343,0.000000,0.000000,0.000000,-0.298415,-0.701383,0.984264,-0.320228,0.000000,0.000000,0.000000,0.000000
30.1000,-0.275399,0.105133,-1.088079,0.430202,0.000000,0.000000,0.000000,-0.264939,-0.737709,0.984361,-0.296958,0.000000,0.000000,0.000000,0.000000
30.1333,-0.263836,0.109681,-1.087309,0.430631,0.000000,0.000000,0.000000,-0.230796,-0.773043,0.984209,-0.272465,0.000000,0.000000,0.000000,0.000000
30.1833,-0.250417,0.115829,-1.087299,0.429941,0.000000,0.000000,0.000000,-0.197074,-0.806041,0.983763,-0.247215,0.000000,0.000000,0.000000,0.000000
30.2000,-0.234913,0.123593,-1.088108,0.428437,0.000000,0.000000,0.000000,-0.164827,-0.835510,0.982983,-0.221753,0.000000,0.000000,0.000000,0.000000
30.2167,-0.217127,0.132964,-1.089779,0.426409,0.000000,0.000000,0.000000,-0.134883,-0.860615,0.981857,-0.196630,0.000000,0.000000,0.000000,0.000000
30.2333,-0.196916,0.143914,-1.092322,0.424124,0.000000,0.000000,0.000000,-0.107756,-0.880961,0.980416,-0.172330,0.000000,0.000000,0.000000,0.000000
30.2500,-0.174220,0.156385,-1.095703,0.421826,0.000000,0.000000,0.000000,-0.083684,-0.896527,0.978728,-0.149249,0.000000,0.000000,0.000000,0.000000
30.2667,-0.149091,0.170287,-1.099841,0.419727,0.000000,0.000000,0.000000,-0.062700,-0.907564,0.976873,-0.127675,0.000000,0.000000,0.000000,0.000000
30.2833,-0.121714,0.185495,-1.104592,0.418004,0.000000,0.000000,0.000000,-0.044711,-0.914498,0.974931,-0.107800,0.000000,0.000000,0.000000,0.000000
30.3000,-0.092411,0.201857,-1.109753,0.416778,0.000000,0.000000,0.000000,-0.029540,-0.917865,0.972974,-0.089737,0.000000,0.000000,0.000000,0.000000
30.3167,-0.061651,0.219204,-1.115056,0.416103,0.000000,0.000000,0.000000,-0.016962,-0.918268,0.971062,-0.073541,0.000000,0.000000,0.000000,0.000000
30.3333,-0.030025,0.237359,-1.120185,0.415952,0.000000,0.000000,0.000000,-0.006725,-0.916347,0.969243,-0.059232,0.000000,0.000000,0.000000,0.000000
30.3500,0.001781,0.256137,-1.124799,0.416218,0.000000,0.000000,0.000000,0.001431,-0.912750,0.967553,-0.046800,0.000000,0.000000,0.000000,0.000000
