t_s,left_shoulder_pitch,left_shoulder_roll,left_shoulder_yaw,left_elbow,left_wrist_roll,left_wrist_pitch,left_wrist_yaw,right_shoulder_pitch,right_shoulder_roll,right_shoulder_yaw,right_elbow,right_wrist_roll,right_wrist_pitch,right_wrist_yaw,waist_yaw
8.7833,0.035913,0.067940,0.338941,1.835153,0.000000,0.000000,0.000000,-0.429750,0.328903,0.753259,2.854025,0.000000,0.000000,0.000000,0.000000
8.8000,0.028699,0.086546,0.403254,1.857108,0.000000,0.000000,0.000000,-0.358256,0.238464,0.747670,2.713571,0.000000,0.000000,0.000000,0.000000
8.8667,0.021517,0.103666,0.464978,1.877115,0.000000,0.000000,0.000000,-0.287121,0.149488,0.738360,2.570218,0.000000,0.000000,0.000000,0.000000
8.9333,0.014459,0.118575,0.522418,1.894194,0.000000,0.000000,0.000000,-0.217063,0.063309,0.725076,2.425004,0.000000,0.000000,0.000000,0.000000
9.0167,0.007582,0.130671,0.574345,1.907607,0.000000,0.000000,0.000000,-0.149157,-0.018606,0.707215,2.279291,0.000000,0.000000,0.000000,0.000000
9.0333,0.000901,0.139511,0.620054,1.916905,0.000000,0.000000,0.000000,-0.084684,-0.094785,0.683911,2.134602,0.000000,0.000000,0.000000,0.000000
9.0500,-0.005603,0.144835,0.659374,1.921955,0.000000,0.000000,0.000000,-0.024811,-0.163977,0.654298,1.992283,0.000000,0.000000,0.000000,0.000000
9.0667,-0.011976,0.146582,0.692669,1.922938,0.000000,0.000000,0.000000,0.029636,-0.225311,0.617748,1.853311,0.000000,0.000000,0.000000,0.000000
9.0833,-0.018285,0.144887,0.720800,1.920333,0.000000,0.000000,0.000000,0.078210,-0.278313,0.574005,1.718346,0.000000,0.000000,0.000000,0.000000
9.1000,-0.024616,0.140067,0.745051,1.914868,0.000000,0.000000,0.000000,0.120797,-0.322878,0.523272,1.587885,0.000000,0.000000,0.000000,0.000000
9.1167,-0.031064,0.132583,0.767011,1.907456,0.000000,0.000000,0.000000,0.157546,-0.359226,0.466304,1.462455,0.000000,0.000000,0.000000,0.000000
9.1333,-0.037738,0.122995,0.788425,1.899100,0.000000,0.000000,0.000000,0.188780,-0.387853,0.404505,1.342819,0.000000,0.000000,0.000000,0.000000
9.2333,-0.044745,0.111911,0.811032,1.890810,0.000000,0.000000,0.000000,0.214906,-0.409479,0.339938,1.230096,0.000000,0.000000,0.000000,0.000000
9.2500,-0.052191,0.099939,0.836394,1.883515,0.000000,0.000000,0.000000,0.236346,-0.424978,0.275048,1.125586,0.000000,0.000000,0.000000,0.000000
9.2667,-0.060165,0.087650,0.865758,1.878002,0.000000,0.000000,0.000000,0.253508,-0.435285,0.212143,1.030380,0.000000,0.000000,0.000000,0.000000
9.2833,-0.068736,0.075542,0.899937,1.874857,0.000000,0.000000,0.000000,0.266776,-0.441314,0.153050,0.945089,0.000000,0.000000,0.000000,0.000000
9.3000,-0.077946,0.064008,0.939238,1.874427,0.000000,0.000000,0.000000,0.276513,-0.443913,0.099072,0.869836,0.000000,0.000000,0.000000,0.000000
9.3167,-0.087821,0.053307,0.983418,1.876785,0.000000,0.000000,0.000000,0.283075,-0.443855,0.051074,0.804343,0.000000,0.000000,0.000000,0.000000
9.3333,-0.098372,0.043551,1.031691,1.881715,0.000000,0.000000,0.000000,0.286823,-0.441834,0.009562,0.748026,0.000000,0.000000,0.000000,0.000000
9.3500,-0.109612,0.034711,1.082805,1.888738,0.000000,0.000000,0.000000,0.288134,-0.438471,-0.025264,0.700084,0.000000,0.000000,0.000000,0.000000
9.3667,-0.121563,0.026644,1.135210,1.897173,0.000000,0.000000,0.000000,0.287405,-0.434302,-0.053465,0.659565,0.000000,0.000000,0.000000,0.000000
9.3833,-0.134254,0.019145,1.187298,1.906261,0.000000,0.000000,0.000000,0.285041,-0.429775,-0.075334,0.625425,0.000000,0.000000,0.000000,0.000000
9.4000,-0.147702,0.012008,1.237634,1.915304,0.000000,0.000000,0.000000,0.281445,-0.425232,-0.091372,0.596564,0.000000,0.000000,0.000000,0.000000
9.4167,-0.161899,0.005061,1.285078,1.923767,0.000000,0.000000,0.000000,0.277001,-0.420900,-0.102250,0.571852,0.000000,0.000000,0.000000,0.000000
9.4333,-0.176806,-0.001829,1.328770,1.931299,0.000000,0.000000,0.000000,0.272056,-0.416895,-0.108762,0.550155,0.000000,0.000000,0.000000,0.000000
9.4500,-0.192366,-0.008777,1.368068,1.937699,0.000000,0.000000,0.000000,0.266912,-0.413221,-0.111760,0.530345,0.000000,0.000000,0.000000,0.000000
9.4667,-0.208511,-0.015881,1.402496,1.942869,0.000000,0.000000,0.000000,0.261811,-0.409789,-0.112095,0.511322,0.000000,0.000000,0.000000,0.000000
9.4833,-0.225172,-0.023232,1.431726,1.946782,0.000000,0.000000,0.000000,0.256926,-0.406430,-0.110559,0.492026,0.000000,0.000000,0.000000,0.000000
9.5000,-0.242282,-0.030906,1.455600,1.949462,0.000000,0.000000,0.000000,0.252347,-0.402905,-0.107845,0.471465,0.000000,0.000000,0.000000,0.000000
9.5167,-0.259758,-0.038958,1.474179,1.950976,0.000000,0.000000,0.000000,0.248075,-0.398924,-0.104521,0.448748,0.000000,0.000000,0.000000,0.000000
9.5333,-0.277496,-0.047408,1.487792,1.951436,0.000000,0.000000,0.000000,0.244022,-0.394153,-0.101025,0.423127,0.000000,0.000000,0.000000,0.000000
9.5500,-0.295350,-0.056223,1.497068,1.951017,0.000000,0.000000,0.000000,0.240009,-0.388233,-0.097667,0.394051,0.000000,0.000000,0.000000,0.000000
9.5667,-0.313117,-0.065307,1.502917,1.949963,0.000000,0.000000,0.000000,0.235774,-0.380794,-0.094644,0.361210,0.000000,0.000000,0.000000,0.000000
9.5833,-0.330540,-0.074503,1.506446,1.948585,0.000000,0.000000,0.000000,0.230982,-0.371468,-0.092044,0.324563,0.000000,0.000000,0.000000,0.000000
9.6000,-0.347325,-0.083609,1.508825,1.947238,0.000000,0.000000,0.000000,0.225248,-0.359903,-0.089850,0.284347,0.000000,0.000000,0.000000,0.000000
9.6167,-0.363165,-0.092399,1.511165,1.946302,0.000000,0.000000,0.000000,0.218140,-0.345782,-0.087929,0.241059,0.000000,0.000000,0.000000,0.000000
9.6333,-0.377772,-0.100635,1.514431,1.946179,0.000000,0.000000,0.000000,0.209174,-0.328849,-0.086019,0.195449,0.000000,0.000000,0.000000,0.000000
9.6500,-0.390899,-0.108087,1.519409,1.947305,0.000000,0.000000,0.000000,0.197813,-0.308955,-0.083730,0.148512,0.000000,0.000000,0.000000,0.000000
9.6667,-0.402358,-0.114539,1.526696,1.950152,0.000000,0.000000,0.000000,0.183471,-0.286101,-0.080558,0.101466,0.000000,0.000000,0.000000,0.000000
9.6833,-0.412026,-0.119796,1.536703,1.955226,0.000000,0.000000,0.000000,0.165557,-0.260504,-0.075920,0.055717,0.000000,0.000000,0.000000,0.000000
9.7000,-0.419843,-0.123689,1.549660,1.963060,0.000000,0.000000,0.000000,0.143554,-0.232663,-0.069177,0.012770,0.000000,0.000000,0.000000,0.000000
9.7167,-0.425806,-0.126079,1.565635,1.974206,0.000000,0.000000,0.000000,0.117150,-0.203447,-0.059658,-0.025905,0.000000,0.000000,0.000000,0.000000
9.7833,-0.429962,-0.126851,1.584558,1.989218,0.000000,0.000000,0.000000,0.086414,-0.174146,-0.046702,-0.059044,0.000000,0.000000,0.000000,0.000000
9.8667,-0.432395,-0.125925,1.606252,2.008632,0.000000,0.000000,0.000000,0.051987,-0.146392,-0.029766,-0.085814,0.000000,0.000000,0.000000,0.000000
9.9667,-0.433218,-0.123249,1.630459,2.032936,0.000000,0.000000,0.000000,0.015091,-0.121891,-0.008580,-0.105983,0.000000,0.000000,0.000000,0.000000
10.0667,-0.432567,-0.118805,1.656863,2.062541,0.000000,0.000000,0.000000,-0.022781,-0.102089,0.016573,-0.119871,0.000000,0.000000,0.000000,0.000000
10.0833,-0.430594,-0.112609,1.685089,2.097741,0.000000,0.000000,0.000000,-0.060236,-0.087960,0.044684,-0.128088,0.000000,0.000000,0.000000,0.000000
10.1000,-0.427467,-0.104716,1.714703,2.138678,0.000000,0.000000,0.000000,-0.096148,-0.079987,0.074267,-0.131250,0.000000,0.000000,0.000000,0.000000
10.1167,-0.423368,-0.095214,1.745208,2.185309,0.000000,0.000000,0.000000,-0.129642,-0.078264,0.103803,-0.129829,0.000000,0.000000,0.000000,0.000000
10.1333,-0.418484,-0.084224,1.776053,2.237401,0.000000,0.000000,0.000000,-0.160049,-0.082617,0.131991,-0.124156,0.000000,0.000000,0.000000,0.000000
10.1500,-0.412992,-0.071880,1.806667,2.294546,0.000000,0.000000,0.000000,-0.186865,-0.092684,0.157835,-0.114466,0.000000,0.000000,0.000000,0.000000
10.1667,-0.407047,-0.058323,1.836502,2.356164,0.000000,0.000000,0.000000,-0.209730,-0.107952,0.180656,-0.100942,0.000000,0.000000,0.000000,0.000000
10.1833,-0.400776,-0.043700,1.865092,2.421512,0.000000,0.000000,0.000000,-0.228398,-0.127786,0.200062,-0.083772,0.000000,0.000000,0.000000,0.000000
10.2000,-0.394272,-0.028176,1.892097,2.489685,0.000000,0.000000,0.000000,-0.242707,-0.151459,0.215914,-0.063201,0.000000,0.000000,0.000000,0.000000
10.2167,-0.387597,-0.011944,1.917328,2.559635,0.000000,0.000000,0.000000,-0.252540,-0.178194,0.228261,-0.039590,0.000000,0.000000,0.000000,0.000000
10.2333,-0.380784,0.004770,1.940746,2.630199,0.000000,0.000000,0.000000,-0.257808,-0.207206,0.237298,-0.013440,0.000000,0.000000,0.000000,0.000000
10.2500,-0.373838,0.021705,1.962456,2.700156,0.000000,0.000000,0.000000,-0.258451,-0.237728,0.243317,0.014626,0.000000,0.000000,0.000000,0.000000
10.2667,-0.366741,0.038573,1.982691,2.768284,0.000000,0.000000,0.000000,-0.254465,-0.269023,0.246673,0.043913,0.000000,0.000000,0.000000,0.000000
10.2833,-0.359463,0.055077,2.001775,2.833425,0.000000,0.000000,0.000000,-0.245947,-0.300385,0.247763,0.073725,0.000000,0.000000,0.000000,0.000000
10.3000,-0.351984,0.070936,2.020055,2.894553,0.000000,0.000000,0.000000,-0.233154,-0.331139,0.246997,0.103453,0.000000,0.000000,0.000000,0.000000
10.3167,-0.344303,0.085906,2.037831,2.950837,0.000000,0.000000,0.000000,-0.216538,-0.360636,0.244784,0.132632,0.000000,0.000000,0.000000,0.000000
10.3333,-0.336455,0.099795,2.055305,3.001673,0.000000,0.000000,0.000000,-0.196746,-0.388269,0.241504,0.160963,0.000000,0.000000,0.000000,0.000000
10.3500,-0.328517,0.112469,2.072557,3.046708,0.000000,0.000000,0.000000,-0.174565,-0.413506,0.237488,0.188271,0.000000,0.000000,0.000000,0.000000
10.3667,-0.320614,0.123849,2.089545,3.085840,0.000000,0.000000,0.000000,-0.150827,-0.435921,0.232997,0.214443,0.000000,0.000000,0.000000,0.000000
10.3833,-0.312903,0.133906,2.106133,3.119197,0.000000,0.000000,0.000000,-0.126317,-0.455227,0.228207,0.239361,0.000000,0.000000,0.000000,0.000000
10.4000,-0.305561,0.142660,2.122138,3.147090,0.000000,0.000000,0.000000,-0.101703,-0.471289,0.223217,0.262872,0.000000,0.000000,0.000000,0.000000
10.4167,-0.298754,0.150176,2.137374,3.169954,0.000000,0.000000,0.000000,-0.077515,-0.484121,0.218075,0.284796,0.000000,0.000000,0.000000,0.000000
10.4333,-0.292619,0.156551,2.151686,3.180000,0.000000,0.000000,0.000000,-0.054153,-0.493858,0.212799,0.304950,0.000000,0.000000,0.000000,0.000000
10.4500,-0.287258,0.161908,2.164965,3.180000,0.000000,0.000000,0.000000,-0.031902,-0.500735,0.207411,0.323182,0.000000,0.000000,0.000000,0.000000
10.4667,-0.282741,0.166380,2.177134,3.180000,0.000000,0.000000,0.000000,-0.010963,-0.505053,0.201948,0.339391,0.000000,0.000000,0.000000,0.000000
10.4833,-0.279126,0.170097,2.188128,3.180000,0.000000,0.000000,0.000000,0.008522,-0.507147,0.196469,0.353530,0.000000,0.000000,0.000000,0.000000
10.5000,-0.276465,0.173176,2.197875,3.180000,0.000000,0.000000,0.000000,0.026452,-0.507369,0.191057,0.365603,0.000000,0.000000,0.000000,0.000000
10.5167,-0.274810,0.175713,2.206287,3.180000,0.000000,0.000000,0.000000,0.042751,-0.506066,0.185835,0.375659,0.000000,0.000000,0.000000,0.000000
10.5333,-0.274210,0.177781,2.213255,3.180000,0.000000,0.000000,0.000000,0.057342,-0.503569,0.180978,0.383795,0.000000,0.000000,0.000000,0.000000
10.5667,-0.274706,0.179427,2.218649,3.180000,0.000000,0.000000,0.000000,0.070137,-0.500190,0.176729,0.390154,0.000000,0.000000,0.000000,0.000000
10.5833,-0.276326,0.180670,2.222323,3.180000,0.000000,0.000000,0.000000,0.081037,-0.496205,0.173372,0.394935,0.000000,0.000000,0.000000,0.000000
10.6000,-0.279078,0.181501,2.224116,3.180000,0.000000,0.000000,0.000000,0.089980,-0.491835,0.171153,0.398386,0.000000,0.000000,0.000000,0.000000
10.6167,-0.282950,0.181886,2.223847,3.180000,0.000000,0.000000,0.000000,0.096968,-0.487242,0.170216,0.400795,0.000000,0.000000,0.000000,0.000000
10.6333,-0.287914,0.181768,2.221322,3.180000,0.000000,0.000000,0.000000,0.102086,-0.482539,0.170580,0.402478,0.000000,0.000000,0.000000,0.000000
10.6500,-0.293931,0.181067,2.216329,3.180000,0.000000,0.000000,0.000000,0.105502,-0.477811,0.172145,0.403774,0.000000,0.000000,0.000000,0.000000
10.6667,-0.300953,0.179687,2.208651,3.180000,0.000000,0.000000,0.000000,0.107461,-0.473130,0.174707,0.405041,0.000000,0.000000,0.000000,0.000000
10.6833,-0.308929,0.177515,2.198080,3.165048,0.000000,0.000000,0.000000,0.108275,-0.468564,0.177975,0.406666,0.000000,0.000000,0.000000,0.000000
10.7000,-0.317801,0.174428,2.184433,3.144371,0.000000,0.000000,0.000000,0.108311,-0.464188,0.181580,0.409085,0.000000,0.000000,0.000000,0.000000
10.7167,-0.327504,0.170301,2.167582,3.119834,0.000000,0.000000,0.000000,0.107972,-0.460073,0.185096,0.412792,0.000000,0.000000,0.000000,0.000000
10.7333,-0.337959,0.165019,2.147478,3.091180,0.000000,0.000000,0.000000,0.107670,-0.456286,0.188071,0.418354,0.000000,0.000000,0.000000,0.000000
10.7500,-0.349074,0.158486,2.124179,3.058258,0.000000,0.000000,0.000000,0.107806,-0.452884,0.190064,0.426415,0.000000,0.000000,0.000000,0.000000
10.7667,-0.360737,0.150636,2.097860,3.021050,0.000000,0.000000,0.000000,0.108741,-0.449921,0.190679,0.437684,0.000000,0.000000,0.000000,0.000000
10.7833,-0.372828,0.141450,2.068814,2.979677,0.000000,0.000000,0.000000,0.110789,-0.447452,0.189590,0.452918,0.000000,0.000000,0.000000,0.000000
10.8000,-0.385221,0.130953,2.037439,2.934399,0.000000,0.000000,0.000000,0.114209,-0.445541,0.186554,0.472898,0.000000,0.000000,0.000000,0.000000
10.8167,-0.397795,0.119225,2.004213,2.885592,0.000000,0.000000,0.000000,0.119200,-0.444271,0.181411,0.498398,0.000000,0.000000,0.000000,0.000000
10.8333,-0.410436,0.106385,1.969667,2.833727,0.000000,0.000000,0.000000,0.125893,-0.443733,0.174086,0.530149,0.000000,0.000000,0.000000,0.000000
10.8500,-0.423045,0.092590,1.934350,2.779345,0.000000,0.000000,0.000000,0.134344,-0.444024,0.164589,0.568798,0.000000,0.000000,0.000000,0.000000
10.8667,-0.435537,0.078020,1.898776,2.723034,0.000000,0.000000,0.000000,0.144524,-0.445238,0.153018,0.614854,0.000000,0.000000,0.000000,0.000000
10.8833,-0.447847,0.062865,1.863381,2.665417,0.000000,0.000000,0.000000,0.156307,-0.447461,0.139567,0.668633,0.000000,0.000000,0.000000,0.000000
10.9000,-0.459926,0.047321,1.828496,2.607130,0.000000,0.000000,0.000000,0.169473,-0.450759,0.124522,0.730193,0.000000,0.000000,0.000000,0.000000
10.9167,-0.471735,0.031588,1.794353,2.548812,0.000000,0.000000,0.000000,0.183709,-0.455177,0.108269,0.799260,0.000000,0.000000,0.000000,0.000000
10.9333,-0.483238,0.015868,1.761123,2.491095,0.000000,0.000000,0.000000,0.198628,-0.460716,0.091282,0.875157,0.000000,0.000000,0.000000,0.000000
10.9500,-0.494392,0.000373,1.728958,2.434593,0.000000,0.000000,0.000000,0.213801,-0.467321,0.074102,0.956718,0.000000,0.000000,0.000000,0.000000
10.9667,-0.505154,-0.014679,1.698028,2.379899,0.000000,0.000000,0.000000,0.228804,-0.474861,0.057279,1.042191,0.000000,0.000000,0.000000,0.000000
11.0500,-0.515470,-0.029076,1.668546,2.327573,0.000000,0.000000,0.000000,0.243287,-0.483118,0.041302,1.129230,0.000000,0.000000,0.000000,0.000000
11.0667,-0.525277,-0.042617,1.640779,2.278138,0.000000,0.000000,0.000000,0.257009,-0.491827,0.026537,1.215166,0.000000,0.000000,0.000000,0.000000
11.0833,-0.534491,-0.055119,1.615053,2.232076,0.000000,0.000000,0.000000,0.269839,-0.500753,0.013213,1.297488,0.000000,0.000000,0.000000,0.000000
11.1167,-0.543009,-0.066412,1.591739,2.189816,0.000000,0.000000,0.000000,0.281745,-0.509747,0.001440,1.374167,0.000000,0.000000,0.000000,0.000000
11.1500,-0.550715,-0.076342,1.571247,2.151726,0.000000,0.000000,0.000000,0.292756,-0.518728,-0.008762,1.443710,0.000000,0.000000,0.000000,0.000000
11.1667,-0.557475,-0.084771,1.554004,2.118103,0.000000,0.000000,0.000000,0.302900,-0.527621,-0.017442,1.505093,0.000000,0.000000,0.000000,0.000000
11.1833,-0.563150,-0.091594,1.540420,2.089139,0.000000,0.000000,0.000000,0.312157,-0.536298,-0.024699,1.557682,0.000000,0.000000,0.000000,0.000000
11.2000,-0.567610,-0.096772,1.530815,2.064884,0.000000,0.000000,0.000000,0.320450,-0.544579,-0.030664,1.601129,0.000000,0.000000,0.000000,0.000000
11.2167,-0.570754,-0.100349,1.525307,2.045213,0.000000,0.000000,0.000000,0.327662,-0.552238,-0.035482,1.635288,0.000000,0.000000,0.000000,0.000000
11.2333,-0.572533,-0.102461,1.523722,2.029823,0.000000,0.000000,0.000000,0.333650,-0.559032,-0.039309,1.660133,0.000000,0.000000,0.000000,0.000000
11.2500,-0.572953,-0.103308,1.525580,2.018270,0.000000,0.000000,0.000000,0.338267,-0.564720,-0.042294,1.675699,0.000000,0.000000,0.000000,0.000000
11.2667,-0.572055,-0.103120,1.530167,2.010035,0.000000,0.000000,0.000000,0.341377,-0.569072,-0.044575,1.682037,0.000000,0.000000,0.000000,0.000000
11.2833,-0.569895,-0.102117,1.536632,2.004587,0.000000,0.000000,0.000000,0.342868,-0.571889,-0.046272,1.679180,0.000000,0.000000,0.000000,0.000000
11.3000,-0.566512,-0.100487,1.544057,2.001428,0.000000,0.000000,0.000000,0.342668,-0.573007,-0.047485,1.667137,0.000000,0.000000,0.000000,0.000000
11.3167,-0.561916,-0.098376,1.551513,2.000103,0.000000,0.000000,0.000000,0.340754,-0.572309,-0.048288,1.645900,0.000000,0.000000,0.000000,0.000000
11.3333,-0.556077,-0.095895,1.558085,2.000208,0.000000,0.000000,0.000000,0.337156,-0.569727,-0.048724,1.615463,0.000000,0.000000,0.000000,0.000000
11.3500,-0.548921,-0.093116,1.562893,2.001372,0.000000,0.000000,0.000000,0.331963,-0.565243,-0.048812,1.575871,0.000000,0.000000,0.000000,0.000000
11.3667,-0.540327,-0.090084,1.565116,2.003250,0.000000,0.000000,0.000000,0.325310,-0.558894,-0.048537,1.527273,0.000000,0.000000,0.000000,0.000000
11.3833,-0.530140,-0.086817,1.564007,2.005516,0.000000,0.000000,0.000000,0.317384,-0.550772,-0.047854,1.470007,0.000000,0.000000,0.000000,0.000000
11.4000,-0.518177,-0.083303,1.558914,2.007866,0.000000,0.000000,0.000000,0.308417,-0.541025,-0.046688,1.404686,0.000000,0.000000,0.000000,0.000000
11.4167,-0.504245,-0.079505,1.549299,2.010023,0.000000,0.000000,0.000000,0.298689,-0.529871,-0.044938,1.332317,0.000000,0.000000,0.000000,0.000000
11.4333,-0.488161,-0.075354,1.534755,2.011747,0.000000,0.000000,0.000000,0.288528,-0.517606,-0.042473,1.254419,0.000000,0.000000,0.000000,0.000000
11.5333,-0.469769,-0.070751,1.515036,2.012842,0.000000,0.000000,0.000000,0.278296,-0.504609,-0.039154,1.173086,0.000000,0.000000,0.000000,0.000000
11.5500,-0.448964,-0.065573,1.490081,2.013153,0.000000,0.000000,0.000000,0.268347,-0.491298,-0.034872,1.090779,0.000000,0.000000,0.000000,0.000000
11.5667,-0.425715,-0.059678,1.460058,2.012572,0.000000,0.000000,0.000000,0.258970,-0.478055,-0.029602,1.009925,0.000000,0.000000,0.000000,0.000000
11.5833,-0.400091,-0.052909,1.425380,2.011034,0.000000,0.000000,0.000000,0.250364,-0.465196,-0.023417,0.932600,0.000000,0.000000,0.000000,0.000000
11.6000,-0.372277,-0.045107,1.386723,2.008535,0.000000,0.000000,0.000000,0.242643,-0.452972,-0.016460,0.860439,0.000000,0.000000,0.000000,0.000000
11.6167,-0.342587,-0.036113,1.344999,2.005157,0.000000,0.000000,0.000000,0.235862,-0.441579,-0.008922,0.794628,0.000000,0.000000,0.000000,0.000000
11.6333,-0.311469,-0.025784,1.301329,2.001076,0.000000,0.000000,0.000000,0.230032,-0.431165,-0.001023,0.735917,0.000000,0.000000,0.000000,0.000000
11.6500,-0.279490,-0.013994,1.256989,1.996573,0.000000,0.000000,0.000000,0.225136,-0.421827,0.007005,0.684660,0.000000,0.000000,0.000000,0.000000
11.6667,-0.247312,-0.000640,1.213383,1.992030,0.000000,0.000000,0.000000,0.221137,-0.413615,0.014941,0.640866,0.000000,0.000000,0.000000,0.000000
11.6833,-0.215640,0.014369,1.172011,1.987932,0.000000,0.000000,0.000000,0.217978,-0.406540,0.022595,0.604265,0.000000,0.000000,0.000000,0.000000
11.7000,-0.185166,0.031112,1.134441,1.984835,0.000000,0.000000,0.000000,0.215587,-0.400578,0.029820,0.574380,0.000000,0.000000,0.000000,0.000000
11.7167,-0.156508,0.049632,1.102232,1.983304,0.000000,0.000000,0.000000,0.213886,-0.395679,0.036522,0.550595,0.000000,0.000000,0.000000,0.000000
11.7333,-0.130166,0.069887,1.076806,1.983828,0.000000,0.000000,0.000000,0.212792,-0.391775,0.042653,0.532211,0.000000,0.000000,0.000000,0.000000
11.7500,-0.106497,0.091715,1.059266,1.986732,0.000000,0.000000,0.000000,0.212228,-0.388788,0.048197,0.518496,0.000000,0.000000,0.000000,0.000000
11.7667,-0.085702,0.114802,1.050205,1.992103,0.000000,0.000000,0.000000,0.212136,-0.386629,0.053162,0.508707,0.000000,0.000000,0.000000,0.000000
11.7833,-0.067847,0.138685,1.049577,1.999765,0.000000,0.000000,0.000000,0.212478,-0.385200,0.057557,0.502120,0.000000,0.000000,0.000000,0.000000
11.8000,-0.052893,0.162772,1.056686,2.009302,0.000000,0.000000,0.000000,0.213240,-0.384403,0.061390,0.498038,0.000000,0.000000,0.000000,0.000000
11.8167,-0.040737,0.186394,1.070301,2.020137,0.000000,0.000000,0.000000,0.214424,-0.384136,0.064656,0.495809,0.000000,0.000000,0.000000,0.000000
11.8333,-0.031246,0.208865,1.088828,2.031606,0.000000,0.000000,0.000000,0.216046,-0.384300,0.067338,0.494832,0.000000,0.000000,0.000000,0.000000
11.8500,-0.024266,0.229548,1.110520,2.043040,0.000000,0.000000,0.000000,0.218118,-0.384804,0.069400,0.494566,0.000000,0.000000,0.000000,0.000000
11.8667,-0.019632,0.247912,1.133672,2.053838,0.000000,0.000000,0.000000,0.220647,-0.385561,0.070799,0.494527,0.000000,0.000000,0.000000,0.000000
11.8833,-0.017160,0.263567,1.156780,2.063521,0.000000,0.000000,0.000000,0.223625,-0.386494,0.071490,0.494285,0.000000,0.000000,0.000000,0.000000
11.9000,-0.016647,0.276272,1.178629,2.071751,0.000000,0.000000,0.000000,0.227021,-0.387531,0.071439,0.493454,0.000000,0.000000,0.000000,0.000000
11.9167,-0.017878,0.285926,1.198328,2.078330,0.000000,0.000000,0.000000,0.230774,-0.388606,0.070636,0.491682,0.000000,0.000000,0.000000,0.000000
11.9333,-0.020635,0.292542,1.215297,2.083175,0.000000,0.000000,0.000000,0.234795,-0.389655,0.069095,0.488644,0.000000,0.000000,0.000000,0.000000
11.9500,-0.024712,0.296217,1.229227,2.086302,0.000000,0.000000,0.000000,0.238958,-0.390625,0.066858,0.484040,0.000000,0.000000,0.000000,0.000000
11.9667,-0.029925,0.297106,1.240034,2.087799,0.000000,0.000000,0.000000,0.243099,-0.391466,0.063993,0.477600,0.000000,0.000000,0.000000,0.000000
11.9833,-0.036115,0.295394,1.247804,2.087807,0.000000,0.000000,0.000000,0.247007,-0.392136,0.060590,0.469080,0.000000,0.000000,0.000000,0.000000
12.0000,-0.043159,0.291273,1.252730,2.086490,0.000000,0.000000,0.000000,0.250419,-0.392594,0.056770,0.458253,0.000000,0.000000,0.000000,0.000000
12.0167,-0.050969,0.284919,1.255052,2.084006,0.000000,0.000000,0.000000,0.253022,-0.392795,0.052695,0.444901,0.000000,0.000000,0.000000,0.000000
12.0333,-0.059502,0.276475,1.254986,2.080479,0.000000,0.000000,0.000000,0.254459,-0.392682,0.048577,0.428798,0.000000,0.000000,0.000000,0.000000
12.0500,-0.068751,0.266039,1.252667,2.075972,0.000000,0.000000,0.000000,0.254350,-0.392183,0.044691,0.409710,0.000000,0.000000,0.000000,0.000000
12.0667,-0.078747,0.253657,1.248108,2.070456,0.000000,0.000000,0.000000,0.252315,-0.391212,0.041372,0.387393,0.000000,0.000000,0.000000,0.000000
12.0833,-0.089537,0.239322,1.241171,2.063794,0.000000,0.000000,0.000000,0.247990,-0.389671,0.039014,0.361619,0.000000,0.000000,0.000000,0.000000
12.1000,-0.101178,0.222992,1.231564,2.055745,0.000000,0.000000,0.000000,0.241047,-0.387448,0.038042,0.332211,0.000000,0.000000,0.000000,0.000000
12.1167,-0.113712,0.204612,1.218841,2.045966,0.000000,0.000000,0.000000,0.231209,-0.384415,0.038885,0.299091,0.000000,0.000000,0.000000,0.000000
12.1333,-0.127156,0.184139,1.202412,2.034039,0.000000,0.000000,0.000000,0.218267,-0.380423,0.041933,0.262329,0.000000,0.000000,0.000000,0.000000
12.1500,-0.141489,0.161562,1.181545,2.019490,0.000000,0.000000,0.000000,0.202107,-0.375296,0.047493,0.222206,0.000000,0.000000,0.000000,0.000000
12.1833,-0.156639,0.136923,1.155384,2.001819,0.000000,0.000000,0.000000,0.182713,-0.368827,0.055743,0.179254,0.000000,0.000000,0.000000,0.000000
12.2000,-0.172484,0.110331,1.122990,1.980532,0.000000,0.000000,0.000000,0.160163,-0.360783,0.066710,0.134275,0.000000,0.000000,0.000000,0.000000
12.2167,-0.188835,0.081993,1.083429,1.955189,0.000000,0.000000,0.000000,0.134609,-0.350929,0.080278,0.088316,0.000000,0.000000,0.000000,0.000000
12.2333,-0.205436,0.052250,1.035912,1.925466,0.000000,0.000000,0.000000,0.106275,-0.339057,0.096205,0.042616,0.000000,0.000000,0.000000,0.000000
12.2667,-0.221957,0.021613,0.979955,1.891234,0.000000,0.000000,0.000000,0.075509,-0.325032,0.114109,-0.001469,0.000000,0.000000,0.000000,0.000000
12.3167,-0.238017,-0.009261,0.915487,1.852596,0.000000,0.000000,0.000000,0.042830,-0.308829,0.133464,-0.042599,0.000000,0.000000,0.000000,0.000000
12.3333,-0.253199,-0.039667,0.842825,1.809843,0.000000,0.000000,0.000000,0.008916,-0.290562,0.153632,-0.079616,0.000000,0.000000,0.000000,0.000000
12.3500,-0.267087,-0.068938,0.762597,1.763398,0.000000,0.000000,0.000000,-0.025501,-0.270475,0.173945,-0.111659,0.000000,0.000000,0.000000,0.000000
12.3667,-0.279281,-0.096488,0.675646,1.713766,0.000000,0.000000,0.000000,-0.059727,-0.248925,0.193777,-0.138207,0.000000,0.000000,0.000000,0.000000
12.3833,-0.289430,-0.121827,0.582973,1.661507,0.000000,0.000000,0.000000,-0.093144,-0.226357,0.212591,-0.159076,0.000000,0.000000,0.000000,0.000000
12.4000,-0.297265,-0.144577,0.485698,1.607232,0.000000,0.000000,0.000000,-0.125212,-0.203290,0.229973,-0.174405,0.000000,0.000000,0.000000,0.000000
12.4167,-0.302636,-0.164485,0.385090,1.551623,0.000000,0.000000,0.000000,-0.155460,-0.180296,0.245655,-0.184628,0.000000,0.000000,0.000000,0.000000
12.4333,-0.305543,-0.181420,0.282637,1.495461,0.000000,0.000000,0.000000,-0.183491,-0.157971,0.259518,-0.190397,0.000000,0.000000,0.000000,0.000000
12.4500,-0.306149,-0.195382,0.180104,1.439640,0.000000,0.000000,0.000000,-0.208989,-0.136896,0.271579,-0.192506,0.000000,0.000000,0.000000,0.000000
12.4667,-0.304775,-0.206496,0.079526,1.385148,0.000000,0.000000,0.000000,-0.231727,-0.117597,0.281959,-0.191794,0.000000,0.000000,0.000000,0.000000
12.4833,-0.301858,-0.215009,-0.016920,1.333006,0.000000,0.000000,0.000000,-0.251571,-0.100497,0.290847,-0.189069,0.000000,0.000000,0.000000,0.000000
12.5000,-0.297882,-0.221269,-0.107168,1.284166,0.000000,0.000000,0.000000,-0.268476,-0.085900,0.298460,-0.185047,0.000000,0.000000,0.000000,0.000000
12.5167,-0.293315,-0.225680,-0.189516,1.239406,0.000000,0.000000,0.000000,-0.282475,-0.073979,0.305011,-0.180317,0.000000,0.000000,0.000000,0.000000
12.5333,-0.288557,-0.228647,-0.262790,1.199259,0.000000,0.000000,0.000000,-0.293661,-0.064792,0.310680,-0.175330,0.000000,0.000000,0.000000,0.000000
12.5500,-0.283935,-0.230540,-0.326378,1.164001,0.000000,0.000000,0.000000,-0.302175,-0.058305,0.315607,-0.170388,0.000000,0.000000,0.000000,0.000000
12.5667,-0.279698,-0.231673,-0.380174,1.133673,0.000000,0.000000,0.000000,-0.308186,-0.054419,0.319879,-0.165655,0.000000,0.000000,0.000000,0.000000
12.5833,-0.276025,-0.232296,-0.424484,1.108110,0.000000,0.000000,0.000000,-0.311888,-0.052992,0.323535,-0.161152,0.000000,0.000000,0.000000,0.000000
12.6000,-0.273035,-0.232597,-0.459928,1.086981,0.000000,0.000000,0.000000,-0.313488,-0.053869,0.326569,-0.156766,0.000000,0.000000,0.000000,0.000000
12.6167,-0.270787,-0.232706,-0.487348,1.069813,0.000000,0.000000,0.000000,-0.313197,-0.056902,0.328937,-0.152258,0.000000,0.000000,0.000000,0.000000
12.6333,-0.269291,-0.232700,-0.507720,1.056035,0.000000,0.000000,0.000000,-0.311212,-0.061969,0.330564,-0.147279,0.000000,0.000000,0.000000,0.000000
12.6500,-0.268512,-0.232611,-0.522080,1.044997,0.000000,0.000000,0.000000,-0.307703,-0.068972,0.331353,-0.141407,0.000000,0.000000,0.000000,0.000000
12.6667,-0.268373,-0.232435,-0.531456,1.036008,0.000000,0.000000,0.000000,-0.302779,-0.077833,0.331188,-0.134181,0.000000,0.000000,0.000000,0.000000
12.6833,-0.268762,-0.232135,-0.536819,1.028347,0.000000,0.000000,0.000000,-0.296473,-0.088486,0.329951,-0.125146,0.000000,0.000000,0.000000,0.000000
12.7000,-0.269534,-0.231645,-0.539061,1.021282,0.000000,0.000000,0.000000,-0.288736,-0.100868,0.327530,-0.113887,0.000000,0.000000,0.000000,0.000000
12.7167,-0.270519,-0.230876,-0.538979,1.014079,0.000000,0.000000,0.000000,-0.279439,-0.114917,0.323833,-0.100052,0.000000,0.000000,0.000000,0.000000
12.7333,-0.271529,-0.229723,-0.537283,1.006016,0.000000,0.000000,0.000000,-0.268390,-0.130564,0.318799,-0.083382,0.000000,0.000000,0.000000,0.000000
12.7500,-0.272368,-0.228067,-0.534603,0.996400,0.000000,0.000000,0.000000,-0.255363,-0.147729,0.312403,-0.063731,0.000000,0.000000,0.000000,0.000000
12.7667,-0.272843,-0.225779,-0.531507,0.984572,0.000000,0.000000,0.000000,-0.240121,-0.166303,0.304662,-0.041090,0.000000,0.000000,0.000000,0.000000
12.7833,-0.272778,-0.222729,-0.528513,0.969918,0.000000,0.000000,0.000000,-0.222461,-0.186141,0.295640,-0.015610,0.000000,0.000000,0.000000,0.000000
12.8000,-0.272023,-0.218790,-0.526100,0.951891,0.000000,0.000000,0.000000,-0.202256,-0.207051,0.285445,0.012404,0.000000,0.000000,0.000000,0.000000
12.8167,-0.270475,-0.213853,-0.524701,0.930038,0.000000,0.000000,0.000000,-0.179520,-0.228781,0.274237,0.042502,0.000000,0.000000,0.000000,0.000000
12.8333,-0.268080,-0.207830,-0.524694,0.904022,0.000000,0.000000,0.000000,-0.154465,-0.251003,0.262242,0.074133,0.000000,0.000000,0.000000,0.000000
12.8500,-0.264837,-0.200658,-0.526391,0.873635,0.000000,0.000000,0.000000,-0.127587,-0.273285,0.249780,0.106694,0.000000,0.000000,0.000000,0.000000
12.9333,-0.260792,-0.192303,-0.530019,0.838804,0.000000,0.000000,0.000000,-0.099688,-0.295088,0.237284,0.139576,0.000000,0.000000,0.000000,0.000000
12.9500,-0.256028,-0.182753,-0.535690,0.799583,0.000000,0.000000,0.000000,-0.071752,-0.315841,0.225256,0.172200,0.000000,0.000000,0.000000,0.000000
12.9667,-0.250648,-0.172019,-0.543399,0.756137,0.000000,0.000000,0.000000,-0.044685,-0.335060,0.214158,0.204033,0.000000,0.000000,0.000000,0.000000
12.9833,-0.244765,-0.160134,-0.553025,0.708731,0.000000,0.000000,0.000000,-0.019136,-0.352429,0.204322,0.234598,0.000000,0.000000,0.000000,0.000000
13.0000,-0.238494,-0.147148,-0.564356,0.657724,0.000000,0.000000,0.000000,0.004517,-0.367798,0.195931,0.263484,0.000000,0.000000,0.000000,0.000000
13.0167,-0.231947,-0.133132,-0.577106,0.603564,0.000000,0.000000,0.000000,0.026105,-0.381148,0.189032,0.290354,0.000000,0.000000,0.000000,0.000000
13.0333,-0.225240,-0.118187,-0.590933,0.546795,0.000000,0.000000,0.000000,0.045594,-0.392548,0.183567,0.314945,0.000000,0.000000,0.000000,0.000000
13.0500,-0.218494,-0.102442,-0.605453,0.488050,0.000000,0.000000,0.000000,0.063021,-0.402120,0.179404,0.337077,0.000000,0.000000,0.000000,0.000000
13.0667,-0.211833,-0.086060,-0.620255,0.428049,0.000000,0.000000,0.000000,0.078450,-0.410017,0.176365,0.356644,0.000000,0.000000,0.000000,0.000000
13.0833,-0.205392,-0.069243,-0.634911,0.367590,0.000000,0.000000,0.000000,0.091946,-0.416397,0.174243,0.373620,0.000000,0.000000,0.000000,0.000000
13.1000,-0.199313,-0.052231,-0.648968,0.307533,0.000000,0.000000,0.000000,0.103565,-0.421411,0.172820,0.388057,0.000000,0.000000,0.000000,0.000000
13.1167,-0.193745,-0.035302,-0.661964,0.248775,0.000000,0.000000,0.000000,0.113345,-0.425190,0.171873,0.400079,0.000000,0.000000,0.000000,0.000000
13.1333,-0.188831,-0.018763,-0.673454,0.192210,0.000000,0.000000,0.000000,0.121325,-0.427845,0.171182,0.409871,0.000000,0.000000,0.000000,0.000000
13.1500,-0.184700,-0.002925,-0.683059,0.138682,0.000000,0.000000,0.000000,0.127558,-0.429470,0.170540,0.417664,0.000000,0.000000,0.000000,0.000000
13.1667,-0.181453,0.011916,-0.690510,0.088928,0.000000,0.000000,0.000000,0.132143,-0.430155,0.169757,0.423702,0.000000,0.000000,0.000000,0.000000
13.1833,-0.179147,0.025505,-0.695672,0.043540,0.000000,0.000000,0.000000,0.135244,-0.429995,0.168668,0.428232,0.000000,0.000000,0.000000,0.000000
13.2000,-0.177785,0.037638,-0.698533,0.002942,0.000000,0.000000,0.000000,0.137091,-0.429097,0.167132,0.431501,0.000000,0.000000,0.000000,0.000000
13.2167,-0.177310,0.048180,-0.699177,-0.032623,0.000000,0.000000,0.000000,0.137966,-0.427571,0.165031,0.433775,0.000000,0.000000,0.000000,0.000000
13.2333,-0.177614,0.057062,-0.697757,-0.063091,0.000000,0.000000,0.000000,0.138164,-0.425527,0.162281,0.435369,0.000000,0.000000,0.000000,0.000000
13.2500,-0.178547,0.064287,-0.694475,-0.088567,0.000000,0.000000,0.000000,0.137971,-0.423073,0.158832,0.436667,0.000000,0.000000,0.000000,0.000000
13.2667,-0.179933,0.069926,-0.689570,-0.109303,0.000000,0.000000,0.000000,0.137643,-0.420302,0.154684,0.438139,0.000000,0.000000,0.000000,0.000000
13.2833,-0.181589,0.074104,-0.683301,-0.125672,0.000000,0.000000,0.000000,0.137391,-0.417286,0.149891,0.440349,0.000000,0.000000,0.000000,0.000000
13.3000,-0.183338,0.076996,-0.675953,-0.138130,0.000000,0.000000,0.000000,0.137372,-0.414066,0.144567,0.443960,0.000000,0.000000,0.000000,0.000000
13.3167,-0.185024,0.078810,-0.667834,-0.147173,0.000000,0.000000,0.000000,0.137684,-0.410645,0.138896,0.449744,0.000000,0.000000,0.000000,0.000000
13.3333,-0.186524,0.079775,-0.659277,-0.153301,0.000000,0.000000,0.000000,0.138362,-0.406980,0.133132,0.458584,0.000000,0.000000,0.000000,0.000000
13.3500,-0.187754,0.080127,-0.650633,-0.156985,0.000000,0.000000,0.000000,0.139370,-0.402976,0.127601,0.471466,0.000000,0.000000,0.000000,0.000000
13.3667,-0.188668,0.080094,-0.642245,-0.158651,0.000000,0.000000,0.000000,0.140606,-0.398489,0.122702,0.489469,0.000000,0.000000,0.000000,0.000000
13.3833,-0.189255,0.079884,-0.634435,-0.158656,0.000000,0.000000,0.000000,0.141891,-0.393323,0.118911,0.513745,0.000000,0.000000,0.000000,0.000000
13.4000,-0.189536,0.079671,-0.627481,-0.157277,0.000000,0.000000,0.000000,0.142980,-0.387248,0.116773,0.545478,0.000000,0.000000,0.000000,0.000000
13.4167,-0.189558,0.079586,-0.621604,-0.154704,0.000000,0.000000,0.000000,0.143560,-0.380005,0.116902,0.585844,0.000000,0.000000,0.000000,0.000000
13.4333,-0.189390,0.079707,-0.616965,-0.151025,0.000000,0.000000,0.000000,0.143262,-0.371332,0.119962,0.635944,0.000000,0.000000,0.000000,0.000000
13.4500,-0.189109,0.080063,-0.613653,-0.146240,0.000000,0.000000,0.000000,0.141680,-0.360980,0.126651,0.696728,0.000000,0.000000,0.000000,0.000000
13.4667,-0.188806,0.080631,-0.611688,-0.140258,0.000000,0.000000,0.000000,0.138397,-0.348734,0.137671,0.768898,0.000000,0.000000,0.000000,0.000000
13.4833,-0.188574,0.081343,-0.611025,-0.132915,0.000000,0.000000,0.000000,0.133016,-0.334438,0.153698,0.852792,0.000000,0.000000,0.000000,0.000000
13.5000,-0.188504,0.082096,-0.611568,-0.123984,0.000000,0.000000,0.000000,0.125201,-0.318018,0.175336,0.948262,0.000000,0.000000,0.000000,0.000000
13.5167,-0.188679,0.082760,-0.613180,-0.113194,0.000000,0.000000,0.000000,0.114716,-0.299509,0.203067,1.054526,0.000000,0.000000,0.000000,0.000000
13.5333,-0.189166,0.083185,-0.615692,-0.100251,0.000000,0.000000,0.000000,0.101483,-0.279077,0.237166,1.169998,0.000000,0.000000,0.000000,0.000000
13.5500,-0.190011,0.083212,-0.618914,-0.084855,0.000000,0.000000,0.000000,0.085663,-0.257044,0.277591,1.292113,0.000000,0.000000,0.000000,0.000000
13.6333,-0.191240,0.082678,-0.622644,-0.066733,0.000000,0.000000,0.000000,0.067747,-0.233927,0.323811,1.417242,0.000000,0.000000,0.000000,0.000000
13.6500,-0.192856,0.081430,-0.626674,-0.045651,0.000000,0.000000,0.000000,0.048640,-0.210519,0.374575,1.540901,0.000000,0.000000,0.000000,0.000000
13.7500,-0.194842,0.079332,-0.630803,-0.021450,0.000000,0.000000,0.000000,0.029642,-0.187949,0.427775,1.658275,0.000000,0.000000,0.000000,0.000000
13.7667,-0.197164,0.076283,-0.634847,0.005939,0.000000,0.000000,0.000000,0.012182,-0.167487,0.480692,1.764909,0.000000,0.000000,0.000000,0.000000
13.7833,-0.199777,0.072224,-0.638657,0.036477,0.000000,0.000000,0.000000,-0.002628,-0.150133,0.530534,1.857361,0.000000,0.000000,0.000000,0.000000
13.8000,-0.202633,0.067138,-0.642140,0.070019,0.000000,0.000000,0.000000,-0.014300,-0.136300,0.574826,1.933566,0.000000,0.000000,0.000000,0.000000
13.8833,-0.205688,0.061052,-0.645260,0.106315,0.000000,0.000000,0.000000,-0.022988,-0.125782,0.611477,1.992797,0.000000,0.000000,0.000000,0.000000
13.9000,-0.208902,0.054027,-0.648038,0.145026,0.000000,0.000000,0.000000,-0.029256,-0.117979,0.638791,2.035268,0.000000,0.000000,0.000000,0.000000
13.9167,-0.212245,0.046154,-0.650531,0.185739,0.000000,0.000000,0.000000,-0.033707,-0.112259,0.655520,2.061541,0.000000,0.000000,0.000000,0.000000
13.9333,-0.215695,0.037548,-0.652821,0.227989,0.000000,0.000000,0.000000,-0.036689,-0.108253,0.660904,2.072034,0.000000,0.000000,0.000000,0.000000
13.9500,-0.219240,0.028348,-0.655003,0.271281,0.000000,0.000000,0.000000,-0.038122,-0.106011,0.654671,2.066765,0.000000,0.000000,0.000000,0.000000
14.0500,-0.222884,0.018712,-0.657185,0.315115,0.000000,0.000000,0.000000,-0.037463,-0.106027,0.637004,2.045282,0.000000,0.000000,0.000000,0.000000
14.0667,-0.226656,0.008814,-0.659491,0.359014,0.000000,0.000000,0.000000,-0.033851,-0.109086,0.608469,2.006892,0.000000,0.000000,0.000000,0.000000
14.0833,-0.230601,-0.001171,-0.662056,0.402545,0.000000,0.000000,0.000000,-0.026420,-0.115957,0.569909,1.951136,0.000000,0.000000,0.000000,0.000000
14.1000,-0.234771,-0.011073,-0.665008,0.445330,0.000000,0.000000,0.000000,-0.014595,-0.127132,0.522383,1.878252,0.000000,0.000000,0.000000,0.000000
14.1167,-0.239223,-0.020745,-0.668457,0.487053,0.000000,0.000000,0.000000,0.001728,-0.142654,0.467199,1.789517,0.000000,0.000000,0.000000,0.000000
14.1833,-0.244005,-0.030070,-0.672473,0.527457,0.000000,0.000000,0.000000,0.022102,-0.162044,0.406065,1.687468,0.000000,0.000000,0.000000,0.000000
14.2500,-0.249159,-0.038960,-0.677083,0.566342,0.000000,0.000000,0.000000,0.045597,-0.184349,0.341321,1.575863,0.000000,0.000000,0.000000,0.000000
14.2667,-0.254708,-0.047361,-0.682264,0.603554,0.000000,0.000000,0.000000,0.071021,-0.208385,0.275850,1.459196,0.000000,0.000000,0.000000,0.000000
14.2833,-0.260653,-0.055245,-0.687931,0.638972,0.000000,0.000000,0.000000,0.097155,-0.232999,0.212469,1.341956,0.000000,0.000000,0.000000,0.000000
14.3000,-0.266962,-0.062604,-0.693952,0.672493,0.000000,0.000000,0.000000,0.122903,-0.257222,0.153324,1.228034,0.000000,0.000000,0.000000,0.000000
14.3167,-0.273571,-0.069441,-0.700162,0.704024,0.000000,0.000000,0.000000,0.147349,-0.280302,0.099744,1.120491,0.000000,0.000000,0.000000,0.000000
14.3333,-0.280385,-0.075750,-0.706395,0.733475,0.000000,0.000000,0.000000,0.169777,-0.301695,0.052410,1.021543,0.000000,0.000000,0.000000,0.000000
14.3500,-0.287283,-0.081517,-0.712508,0.760752,0.000000,0.000000,0.000000,0.189682,-0.321054,0.011546,0.932621,0.000000,0.000000,0.000000,0.000000
14.3667,-0.294127,-0.086713,-0.718391,0.785764,0.000000,0.000000,0.000000,0.206761,-0.338207,-0.022929,0.854467,0.000000,0.000000,0.000000,0.000000
14.3833,-0.300768,-0.091302,-0.723948,0.808435,0.000000,0.000000,0.000000,0.220903,-0.353126,-0.051303,0.787229,0.000000,0.000000,0.000000,0.000000
14.4000,-0.307047,-0.095256,-0.729085,0.828721,0.000000,0.000000,0.000000,0.232154,-0.365896,-0.073999,0.730571,0.000000,0.000000,0.000000,0.000000
14.4167,-0.312802,-0.098565,-0.733697,0.846625,0.000000,0.000000,0.000000,0.240691,-0.376676,-0.091525,0.683769,0.000000,0.000000,0.000000,0.000000
14.4333,-0.317868,-0.101247,-0.737672,0.862208,0.000000,0.000000,0.000000,0.246782,-0.385673,-0.104435,0.645803,0.000000,0.000000,0.000000,0.000000
14.4500,-0.322084,-0.103344,-0.740910,0.875588,0.000000,0.000000,0.000000,0.250752,-0.393118,-0.113302,0.615443,0.000000,0.000000,0.000000,0.000000
14.4667,-0.325289,-0.104909,-0.743349,0.886922,0.000000,0.000000,0.000000,0.252956,-0.399251,-0.118699,0.591339,0.000000,0.000000,0.000000,0.000000
14.4833,-0.327327,-0.105996,-0.744985,0.896387,0.000000,0.000000,0.000000,0.253749,-0.404305,-0.121182,0.572093,0.000000,0.000000,0.000000,0.000000
14.5000,-0.328040,-0.106647,-0.745878,0.904165,0.000000,0.000000,0.000000,0.253474,-0.408492,-0.121294,0.556324,0.000000,0.000000,0.000000,0.000000
14.5167,-0.327267,-0.106881,-0.746148,0.910433,0.000000,0.000000,0.000000,0.252449,-0.411995,-0.119563,0.542717,0.000000,0.000000,0.000000,0.000000
14.5333,-0.324841,-0.106693,-0.745970,0.915365,0.000000,0.000000,0.000000,0.250951,-0.414946,-0.116506,0.530054,0.000000,0.000000,0.000000,0.000000
14.5500,-0.320591,-0.106051,-0.745557,0.919134,0.000000,0.000000,0.000000,0.249203,-0.417420,-0.112615,0.517245,0.000000,0.000000,0.000000,0.000000
14.5667,-0.314337,-0.104902,-0.745142,0.921921,0.000000,0.000000,0.000000,0.247362,-0.419420,-0.108350,0.503346,0.000000,0.000000,0.000000,0.000000
14.5833,-0.305895,-0.103173,-0.744960,0.923923,0.000000,0.000000,0.000000,0.245497,-0.420878,-0.104107,0.487570,0.000000,0.000000,0.000000,0.000000
14.6000,-0.295083,-0.100777,-0.745231,0.925350,0.000000,0.000000,0.000000,0.243583,-0.421651,-0.100189,0.469291,0.000000,0.000000,0.000000,0.000000
14.6167,-0.281732,-0.097616,-0.746149,0.926426,0.000000,0.000000,0.000000,0.241506,-0.421527,-0.096775,0.448038,0.000000,0.000000,0.000000,0.000000
14.6333,-0.265705,-0.093583,-0.747879,0.927385,0.000000,0.000000,0.000000,0.239077,-0.420239,-0.093893,0.423480,0.000000,0.000000,0.000000,0.000000
14.6500,-0.246918,-0.088570,-0.750549,0.928471,0.000000,0.000000,0.000000,0.236050,-0.417472,-0.091409,0.395426,0.000000,0.000000,0.000000,0.000000
14.6667,-0.225372,-0.082476,-0.754254,0.929937,0.000000,0.000000,0.000000,0.232136,-0.412876,-0.089033,0.363825,0.000000,0.000000,0.000000,0.000000
14.6833,-0.201165,-0.075224,-0.759042,0.932045,0.000000,0.000000,0.000000,0.227017,-0.406087,-0.086348,0.328793,0.000000,0.000000,0.000000,0.000000
14.7000,-0.174515,-0.066761,-0.764932,0.935048,0.000000,0.000000,0.000000,0.220336,-0.396740,-0.082844,0.290633,0.000000,0.000000,0.000000,0.000000
14.7167,-0.145755,-0.057059,-0.771928,0.939167,0.000000,0.000000,0.000000,0.211705,-0.384502,-0.077949,0.249850,0.000000,0.000000,0.000000,0.000000
14.7333,-0.115337,-0.046109,-0.780045,0.944552,0.000000,0.000000,0.000000,0.200697,-0.369107,-0.071065,0.207138,0.000000,0.000000,0.000000,0.000000
14.7500,-0.083823,-0.033907,-0.789319,0.951254,0.000000,0.000000,0.000000,0.186875,-0.350400,-0.061610,0.163360,0.000000,0.000000,0.000000,0.000000
14.7667,-0.051863,-0.020453,-0.799799,0.959194,0.000000,0.000000,0.000000,0.169828,-0.328385,-0.049072,0.119502,0.000000,0.000000,0.000000,0.000000
14.7833,-0.020166,-0.005740,-0.811547,0.968143,0.000000,0.000000,0.000000,0.149217,-0.303265,-0.033090,0.076644,0.000000,0.000000,0.000000,0.000000
14.8000,0.010548,0.010245,-0.824629,0.977711,0.000000,0.000000,0.000000,0.124845,-0.275493,-0.013521,0.035892,0.000000,0.000000,0.000000,0.000000
14.8333,0.039605,0.027521,-0.839087,0.987365,0.000000,0.000000,0.000000,0.096768,-0.245818,0.009485,-0.001716,0.000000,0.000000,0.000000,0.000000
14.8667,0.066437,0.046105,-0.854918,0.996446,0.000000,0.000000,0.000000,0.065485,-0.215294,0.035409,-0.035402,0.000000,0.000000,0.000000,0.000000
14.9833,0.090615,0.065988,-0.872040,1.004210,0.000000,0.000000,0.000000,0.032085,-0.185195,0.063344,-0.064852,0.000000,0.000000,0.000000,0.000000
15.0000,0.111870,0.087110,-0.890277,1.009911,0.000000,0.000000,0.000000,-0.001886,-0.156833,0.092138,-0.090210,0.000000,0.000000,0.000000,0.000000
15.0167,0.130081,0.109331,-0.909348,1.012892,0.000000,0.000000,0.000000,-0.034854,-0.131355,0.120651,-0.111812,0.000000,0.000000,0.000000,0.000000
15.0500,0.145260,0.132404,-0.928856,1.012703,0.000000,0.000000,0.000000,-0.065547,-0.109667,0.147947,-0.129938,0.000000,0.000000,0.000000,0.000000
15.0833,0.157521,0.155955,-0.948272,1.009187,0.000000,0.000000,0.000000,-0.093079,-0.092447,0.173330,-0.144718,0.000000,0.000000,0.000000,0.000000
15.1167,0.167061,0.179499,-0.966963,1.002499,0.000000,0.000000,0.000000,-0.116891,-0.080170,0.196310,-0.156158,0.000000,0.000000,0.000000,0.000000
15.1333,0.174141,0.202481,-0.984282,0.993058,0.000000,0.000000,0.000000,-0.136678,-0.073114,0.216562,-0.164182,0.000000,0.000000,0.000000,0.000000
15.1500,0.179064,0.224344,-0.999670,0.981444,0.000000,0.000000,0.000000,-0.152308,-0.071382,0.233881,-0.168677,0.000000,0.000000,0.000000,0.000000
15.1667,0.182151,0.244594,-1.012743,0.968311,0.000000,0.000000,0.000000,-0.163756,-0.074931,0.248149,-0.169525,0.000000,0.000000,0.000000,0.000000
15.1833,0.183717,0.262850,-1.023321,0.954300,0.000000,0.000000,0.000000,-0.171061,-0.083592,0.259310,-0.166618,0.000000,0.000000,0.000000,0.000000
15.2000,0.184058,0.278869,-1.031415,0.939997,0.000000,0.000000,0.000000,-0.174285,-0.097087,0.267356,-0.159887,0.000000,0.000000,0.000000,0.000000
15.2167,0.183440,0.292550,-1.037181,0.925894,0.000000,0.000000,0.000000,-0.173499,-0.115037,0.272319,-0.149308,0.000000,0.000000,0.000000,0.000000
15.2333,0.182096,0.303916,-1.040877,0.912381,0.000000,0.000000,0.000000,-0.168772,-0.136967,0.274275,-0.134922,0.000000,0.000000,0.000000,0.000000
15.2500,0.180225,0.313092,-1.042820,0.899739,0.000000,0.000000,0.000000,-0.160186,-0.162315,0.273348,-0.116855,0.000000,0.000000,0.000000,0.000000
15.2667,0.177994,0.320272,-1.043357,0.888151,0.000000,0.000000,0.000000,-0.147849,-0.190422,0.269718,-0.095332,0.000000,0.000000,0.000000,0.000000
15.2833,0.175544,0.325691,-1.042827,0.877714,0.000000,0.000000,0.000000,-0.131946,-0.220528,0.263628,-0.070682,0.000000,0.000000,0.000000,0.000000
15.3000,0.172988,0.329593,-1.041546,0.868465,0.000000,0.000000,0.000000,-0.112794,-0.251754,0.255391,-0.043322,0.000000,0.000000,0.000000,0.000000
15.3500,0.170413,0.332200,-1.039774,0.860405,0.000000,0.000000,0.000000,-0.090902,-0.283123,0.245403,-0.013731,0.000000,0.000000,0.000000,0.000000
15.3667,0.167878,0.333691,-1.037707,0.853516,0.000000,0.000000,0.000000,-0.066954,-0.313628,0.234120,0.017583,0.000000,0.000000,0.000000,0.000000
15.3833,0.165414,0.334189,-1.035470,0.847786,0.000000,0.000000,0.000000,-0.041714,-0.342365,0.222017,0.050076,0.000000,0.000000,0.000000,0.000000
15.4000,0.163019,0.333746,-1.033125,0.843217,0.000000,0.000000,0.000000,-0.015914,-0.368629,0.209533,0.083169,0.000000,0.000000,0.000000,0.000000
15.4167,0.160654,0.332345,-1.030674,0.839836,0.000000,0.000000,0.000000,0.009790,-0.391947,0.197039,0.116253,0.000000,0.000000,0.000000,0.000000
15.4333,0.158238,0.329902,-1.028077,0.837702,0.000000,0.000000,0.000000,0.034835,-0.412070,0.184822,0.148715,0.000000,0.000000,0.000000,0.000000
15.4500,0.155655,0.326278,-1.025260,0.836903,0.000000,0.000000,0.000000,0.058748,-0.428948,0.173091,0.179965,0.000000,0.000000,0.000000,0.000000
15.4667,0.152753,0.321287,-1.022122,0.837556,0.000000,0.000000,0.000000,0.081141,-0.442679,0.161980,0.209481,0.000000,0.000000,0.000000,0.000000
15.4833,0.149351,0.314711,-1.018544,0.839802,0.000000,0.000000,0.000000,0.101697,-0.453470,0.151566,0.236844,0.000000,0.000000,0.000000,0.000000
15.5000,0.145246,0.306315,-1.014395,0.843799,0.000000,0.000000,0.000000,0.120171,-0.461586,0.141871,0.261764,0.000000,0.000000,0.000000,0.000000
15.5167,0.140225,0.295863,-1.009538,0.849705,0.000000,0.000000,0.000000,0.136391,-0.467321,0.132867,0.284091,0.000000,0.000000,0.000000,0.000000
15.5333,0.134070,0.283149,-1.003843,0.857670,0.000000,0.000000,0.000000,0.150275,-0.470966,0.124474,0.303812,0.000000,0.000000,0.000000,0.000000
15.5500,0.126571,0.268015,-0.997193,0.867809,0.000000,0.000000,0.000000,0.161828,-0.472798,0.116573,0.321047,0.000000,0.000000,0.000000,0.000000
15.5667,0.117532,0.250380,-0.989504,0.880194,0.000000,0.000000,0.000000,0.171141,-0.473079,0.109026,0.336058,0.000000,0.000000,0.000000,0.000000
15.5833,0.106784,0.230256,-0.980726,0.894829,0.000000,0.000000,0.000000,0.178374,-0.472052,0.101701,0.349239,0.000000,0.000000,0.000000,0.000000
15.6000,0.094197,0.207765,-0.970855,0.911635,0.000000,0.000000,0.000000,0.183745,-0.469942,0.094496,0.361116,0.000000,0.000000,0.000000,0.000000
15.6167,0.079699,0.183148,-0.959925,0.930428,0.000000,0.000000,0.000000,0.187509,-0.466952,0.087357,0.372335,0.000000,0.000000,0.000000,0.000000
15.6333,0.063291,0.156755,-0.948004,0.950899,0.000000,0.000000,0.000000,0.189935,-0.463246,0.080287,0.383653,0.000000,0.000000,0.000000,0.000000
15.6500,0.045060,0.129025,-0.935164,0.972601,0.000000,0.000000,0.000000,0.191273,-0.458944,0.073350,0.395943,0.000000,0.000000,0.000000,0.000000
15.6667,0.025184,0.100463,-0.921461,0.994944,0.000000,0.000000,0.000000,0.191738,-0.454111,0.066665,0.410186,0.000000,0.000000,0.000000,0.000000
15.6833,0.003922,0.071615,-0.906930,1.017203,0.000000,0.000000,0.000000,0.191488,-0.448753,0.060386,0.427468,0.000000,0.000000,0.000000,0.000000
15.7000,-0.018403,0.043031,-0.891596,1.038554,0.000000,0.000000,0.000000,0.190615,-0.442816,0.054700,0.448965,0.000000,0.000000,0.000000,0.000000
15.7167,-0.041426,0.015222,-0.875496,1.058139,0.000000,0.000000,0.000000,0.189138,-0.436189,0.049825,0.475919,0.000000,0.000000,0.000000,0.000000
15.7333,-0.064765,-0.011376,-0.858696,1.075150,0.000000,0.000000,0.000000,0.186998,-0.428708,0.046009,0.509609,0.000000,0.000000,0.000000,0.000000
15.7500,-0.088029,-0.036419,-0.841308,1.088904,0.000000,0.000000,0.000000,0.184056,-0.420168,0.043541,0.551302,0.000000,0.000000,0.000000,0.000000
15.7667,-0.110837,-0.059656,-0.823493,1.098924,0.000000,0.000000,0.000000,0.180102,-0.410322,0.042762,0.602198,0.000000,0.000000,0.000000,0.000000
15.7833,-0.132826,-0.080917,-0.805430,1.104986,0.000000,0.000000,0.000000,0.174854,-0.398898,0.044079,0.663345,0.000000,0.000000,0.000000,0.000000
15.8000,-0.153677,-0.100114,-0.787286,1.107139,0.000000,0.000000,0.000000,0.167978,-0.385615,0.047968,0.735544,0.000000,0.000000,0.000000,0.000000
15.8167,-0.173123,-0.117223,-0.769197,1.105659,0.000000,0.000000,0.000000,0.159095,-0.370200,0.054964,0.819218,0.000000,0.000000,0.000000,0.000000
15.8333,-0.190958,-0.132268,-0.751293,1.100981,0.000000,0.000000,0.000000,0.147807,-0.352416,0.065643,0.914271,0.000000,0.000000,0.000000,0.000000
15.8667,-0.207036,-0.145309,-0.733722,1.093615,0.000000,0.000000,0.000000,0.133725,-0.332083,0.080600,1.019940,0.000000,0.000000,0.000000,0.000000
15.8833,-0.221271,-0.156422,-0.716661,1.084070,0.000000,0.000000,0.000000,0.116518,-0.309110,0.100384,1.134663,0.000000,0.000000,0.000000,0.000000
15.9000,-0.233634,-0.165685,-0.700302,1.072794,0.000000,0.000000,0.000000,0.095991,-0.283505,0.125393,1.255985,0.000000,0.000000,0.000000,0.000000
15.9833,-0.244146,-0.173174,-0.684833,1.060137,0.000000,0.000000,0.000000,0.072179,-0.255422,0.155728,1.380527,0.000000,0.000000,0.000000,0.000000
16.0000,-0.252866,-0.178955,-0.670424,1.046332,0.000000,0.000000,0.000000,0.045454,-0.225265,0.191059,1.504208,0.000000,0.000000,0.000000,0.000000
16.0167,-0.259886,-0.183097,-0.657234,1.031486,0.000000,0.000000,0.000000,0.016633,-0.193854,0.230511,1.622625,0.000000,0.000000,0.000000,0.000000
16.0333,-0.265317,-0.185671,-0.645421,1.015590,0.000000,0.000000,0.000000,-0.012905,-0.162574,0.272597,1.731292,0.000000,0.000000,0.000000,0.000000
16.1667,-0.269284,-0.186749,-0.635163,0.998520,0.000000,0.000000,0.000000,-0.041201,-0.133387,0.315217,1.825707,0.000000,0.000000,0.000000,0.000000
16.1833,-0.271915,-0.186401,-0.626666,0.980041,0.000000,0.000000,0.000000,-0.065978,-0.108566,0.355926,1.901601,0.000000,0.000000,0.000000,0.000000
16.2000,-0.273336,-0.184682,-0.620168,0.959817,0.000000,0.000000,0.000000,-0.085113,-0.090234,0.392386,1.955390,0.000000,0.000000,0.000000,0.000000
16.2167,-0.273664,-0.181622,-0.615919,0.937426,0.000000,0.000000,0.000000,-0.096986,-0.080031,0.422686,1.984496,0.000000,0.000000,0.000000,0.000000
16.2333,-0.273007,-0.177225,-0.614161,0.912380,0.000000,0.000000,0.000000,-0.100592,-0.078988,0.445402,1.987439,0.000000,0.000000,0.000000,0.000000
16.2500,-0.271453,-0.171474,-0.615077,0.884157,0.000000,0.000000,0.000000,-0.095578,-0.087491,0.459563,1.963902,0.000000,0.000000,0.000000,0.000000
16.2667,-0.269075,-0.164339,-0.618757,0.852241,0.000000,0.000000,0.000000,-0.082265,-0.105256,0.464636,1.914802,0.000000,0.000000,0.000000,0.000000
16.2833,-0.265931,-0.155795,-0.625154,0.816164,0.000000,0.000000,0.000000,-0.061635,-0.131323,0.460543,1.842390,0.000000,0.000000,0.000000,0.000000
16.3667,-0.262067,-0.145832,-0.634072,0.775551,0.000000,0.000000,0.000000,-0.035250,-0.164097,0.447734,1.750261,0.000000,0.000000,0.000000,0.000000
16.3833,-0.257523,-0.134467,-0.645171,0.730158,0.000000,0.000000,0.000000,-0.005047,-0.201551,0.427325,1.643170,0.000000,0.000000,0.000000,0.000000
16.4833,-0.252346,-0.121746,-0.657995,0.679910,0.000000,0.000000,0.000000,0.026951,-0.241533,0.401178,1.526606,0.000000,0.000000,0.000000,0.000000
16.5000,-0.246596,-0.107747,-0.672008,0.624931,0.000000,0.000000,0.000000,0.058895,-0.282060,0.371619,1.406131,0.000000,0.000000,0.000000,0.000000
16.5167,-0.240353,-0.092590,-0.686640,0.565565,0.000000,0.000000,0.000000,0.089289,-0.321484,0.340847,1.286696,0.000000,0.000000,0.000000,0.000000
16.5333,-0.233736,-0.076441,-0.701325,0.502394,0.000000,0.000000,0.000000,0.117072,-0.358534,0.310513,1.172232,0.000000,0.000000,0.000000,0.000000
16.5500,-0.226900,-0.059513,-0.715526,0.436240,0.000000,0.000000,0.000000,0.141607,-0.392287,0.281666,1.065610,0.000000,0.000000,0.000000,0.000000
16.5667,-0.220034,-0.042072,-0.728736,0.368150,0.000000,0.000000,0.000000,0.162613,-0.422137,0.254879,0.968750,0.000000,0.000000,0.000000,0.000000
16.5833,-0.213349,-0.024439,-0.740451,0.299362,0.000000,0.000000,0.000000,0.180091,-0.447755,0.230380,0.882755,0.000000,0.000000,0.000000,0.000000
16.6000,-0.207048,-0.006976,-0.750147,0.231245,0.000000,0.000000,0.000000,0.194237,-0.469052,0.208178,0.808053,0.000000,0.000000,0.000000,0.000000
16.6167,-0.201303,0.009936,-0.757305,0.165200,0.000000,0.000000,0.000000,0.205378,-0.486137,0.188150,0.744535,0.000000,0.000000,0.000000,0.000000
16.6333,-0.196237,0.025939,-0.761492,0.102523,0.000000,0.000000,0.000000,0.213918,-0.499279,0.170106,0.691693,0.000000,0.000000,0.000000,0.000000
16.6500,-0.191912,0.040739,-0.762432,0.044304,0.000000,0.000000,0.000000,0.220293,-0.508863,0.153833,0.648730,0.000000,0.000000,0.000000,0.000000
16.6667,-0.188329,0.054117,-0.760050,-0.008635,0.000000,0.000000,0.000000,0.224942,-0.515348,0.139113,0.614660,0.000000,0.000000,0.000000,0.000000
16.6833,-0.185437,0.065946,-0.754477,-0.055754,0.000000,0.000000,0.000000,0.228278,-0.519227,0.125731,0.588393,0.000000,0.000000,0.000000,0.000000
16.7000,-0.183161,0.076181,-0.746040,-0.096782,0.000000,0.000000,0.000000,0.230674,-0.520993,0.113481,0.568790,0.000000,0.000000,0.000000,0.000000
16.7167,-0.181425,0.084855,-0.735218,-0.131688,0.000000,0.000000,0.000000,0.232456,-0.521105,0.102154,0.554717,0.000000,0.000000,0.000000,0.000000
16.7333,-0.180164,0.092058,-0.722597,-0.160635,0.000000,0.000000,0.000000,0.233902,-0.519971,0.091538,0.545067,0.000000,0.000000,0.000000,0.000000
16.7500,-0.179331,0.097926,-0.708806,-0.183940,0.000000,0.000000,0.000000,0.235241,-0.517929,0.081421,0.538786,0.000000,0.000000,0.000000,0.000000
16.7667,-0.178896,0.102623,-0.694465,-0.202023,0.000000,0.000000,0.000000,0.236655,-0.515236,0.071596,0.534876,0.000000,0.000000,0.000000,0.000000
16.7833,-0.178843,0.106324,-0.680140,-0.215358,0.000000,0.000000,0.000000,0.238280,-0.512063,0.061872,0.532403,0.000000,0.000000,0.000000,0.000000
16.8000,-0.179167,0.109206,-0.666321,-0.224437,0.000000,0.000000,0.000000,0.240213,-0.508494,0.052077,0.530493,0.000000,0.000000,0.000000,0.000000
16.8167,-0.179863,0.111441,-0.653414,-0.229742,0.000000,0.000000,0.000000,0.242504,-0.504530,0.042070,0.528325,0.000000,0.000000,0.000000,0.000000
16.8333,-0.180927,0.113185,-0.641744,-0.231720,0.000000,0.000000,0.000000,0.245161,-0.500088,0.031742,0.525129,0.000000,0.000000,0.000000,0.000000
16.8500,-0.182352,0.114576,-0.631574,-0.230770,0.000000,0.000000,0.000000,0.248147,-0.495009,0.021018,0.520178,0.000000,0.000000,0.000000,0.000000
16.8667,-0.184129,0.115715,-0.623102,-0.227216,0.000000,0.000000,0.000000,0.251374,-0.489060,0.009864,0.512794,0.000000,0.000000,0.000000,0.000000
16.8833,-0.186249,0.116665,-0.616467,-0.221297,0.000000,0.000000,0.000000,0.254697,-0.481940,-0.001704,0.502356,0.000000,0.000000,0.000000,0.000000
16.9000,-0.188701,0.117443,-0.611751,-0.213155,0.000000,0.000000,0.000000,0.257907,-0.473290,-0.013616,0.488308,0.000000,0.000000,0.000000,0.000000
16.9167,-0.191481,0.118027,-0.608986,-0.202835,0.000000,0.000000,0.000000,0.260736,-0.462709,-0.025741,0.470178,0.000000,0.000000,0.000000,0.000000
16.9333,-0.194587,0.118355,-0.608169,-0.190283,0.000000,0.000000,0.000000,0.262866,-0.449765,-0.037896,0.447589,0.000000,0.000000,0.000000,0.000000
16.9500,-0.198030,0.118333,-0.609266,-0.175360,0.000000,0.000000,0.000000,0.263944,-0.434018,-0.049847,0.420287,0.000000,0.000000,0.000000,0.000000
16.9667,-0.201826,0.117847,-0.612222,-0.157855,0.000000,0.000000,0.000000,0.263607,-0.415047,-0.061320,0.388156,0.000000,0.000000,0.000000,0.000000
16.9833,-0.205994,0.116764,-0.616962,-0.137509,0.000000,0.000000,0.000000,0.261492,-0.392486,-0.071999,0.351253,0.000000,0.000000,0.000000,0.000000
17.0000,-0.210545,0.114945,-0.623379,-0.114036,0.000000,0.000000,0.000000,0.257257,-0.366063,-0.081531,0.309837,0.000000,0.000000,0.000000,0.000000
17.0167,-0.215481,0.112245,-0.631326,-0.087158,0.000000,0.000000,0.000000,0.250592,-0.335645,-0.089538,0.264404,0.000000,0.000000,0.000000,0.000000
17.0333,-0.220784,0.108524,-0.640618,-0.056629,0.000000,0.000000,0.000000,0.241244,-0.301283,-0.095647,0.215688,0.000000,0.000000,0.000000,0.000000
17.0500,-0.226426,0.103661,-0.651034,-0.022278,0.000000,0.000000,0.000000,0.229049,-0.263256,-0.099515,0.164652,0.000000,0.000000,0.000000,0.000000
17.0667,-0.232361,0.097562,-0.662326,0.015967,0.000000,0.000000,0.000000,0.213958,-0.222134,-0.100884,0.112454,0.000000,0.000000,0.000000,0.000000
17.0833,-0.238538,0.090176,-0.674240,0.058046,0.000000,0.000000,0.000000,0.196087,-0.178823,-0.099641,0.060396,0.000000,0.000000,0.000000,0.000000
17.1333,-0.244898,0.081505,-0.686525,0.103755,0.000000,0.000000,0.000000,0.175805,-0.134611,-0.095903,0.009828,0.000000,0.000000,0.000000,0.000000
17.2333,-0.251386,0.071606,-0.698947,0.152730,0.000000,0.000000,0.000000,0.153794,-0.091144,-0.090035,-0.038019,0.000000,0.000000,0.000000,0.000000
17.2500,-0.257952,0.060595,-0.711299,0.204462,0.000000,0.000000,0.000000,0.130945,-0.050225,-0.082502,-0.082155,0.000000,0.000000,0.000000,0.000000
17.2667,-0.264552,0.048637,-0.723412,0.258313,0.000000,0.000000,0.000000,0.108086,-0.013529,-0.073637,-0.121787,0.000000,0.000000,0.000000,0.000000
17.2833,-0.271151,0.035940,-0.735156,0.313556,0.000000,0.000000,0.000000,0.085780,0.017589,-0.063521,-0.156200,0.000000,0.000000,0.000000,0.000000
17.3000,-0.277722,0.022732,-0.746445,0.369418,0.000000,0.000000,0.000000,0.064326,0.042124,-0.052005,-0.184708,0.000000,0.000000,0.000000,0.000000
17.3167,-0.284251,0.009254,-0.757232,0.425128,0.000000,0.000000,0.000000,0.043847,0.059400,-0.038832,-0.206706,0.000000,0.000000,0.000000,0.000000
17.3333,-0.290734,-0.004258,-0.767508,0.479955,0.000000,0.000000,0.000000,0.024420,0.069036,-0.023784,-0.221747,0.000000,0.000000,0.000000,0.000000
17.3667,-0.297179,-0.017581,-0.777300,0.533232,0.000000,0.000000,0.000000,0.006172,0.070928,-0.006838,-0.229616,0.000000,0.000000,0.000000,0.000000
17.4167,-0.303602,-0.030510,-0.786664,0.584370,0.000000,0.000000,0.000000,-0.010640,0.065235,0.011737,-0.230358,0.000000,0.000000,0.000000,0.000000
17.4833,-0.310017,-0.042859,-0.795674,0.632858,0.000000,0.000000,0.000000,-0.025596,0.052368,0.031346,-0.224266,0.000000,0.000000,0.000000,0.000000
17.5167,-0.316425,-0.054457,-0.804413,0.678263,0.000000,0.000000,0.000000,-0.038127,0.032959,0.051151,-0.211823,0.000000,0.000000,0.000000,0.000000
17.5333,-0.322810,-0.065152,-0.812949,0.720240,0.000000,0.000000,0.000000,-0.047607,0.007801,0.070237,-0.193618,0.000000,0.000000,0.000000,0.000000
17.5500,-0.329128,-0.074823,-0.821315,0.758546,0.000000,0.000000,0.000000,-0.053460,-0.022212,0.087771,-0.170272,0.000000,0.000000,0.000000,0.000000
17.5667,-0.335308,-0.083382,-0.829502,0.793056,0.000000,0.000000,0.000000,-0.055231,-0.056116,0.103093,-0.142419,0.000000,0.000000,0.000000,0.000000
17.5833,-0.341245,-0.090775,-0.837460,0.823751,0.000000,0.000000,0.000000,-0.052629,-0.092904,0.115756,-0.110727,0.000000,0.000000,0.000000,0.000000
17.6000,-0.346791,-0.096976,-0.845114,0.850706,0.000000,0.000000,0.000000,-0.045582,-0.131536,0.125539,-0.075902,0.000000,0.000000,0.000000,0.000000
17.6167,-0.351756,-0.101979,-0.852377,0.874067,0.000000,0.000000,0.000000,-0.034281,-0.170956,0.132442,-0.038698,0.000000,0.000000,0.000000,0.000000
17.6667,-0.355900,-0.105791,-0.859171,0.894032,0.000000,0.000000,0.000000,-0.019227,-0.210099,0.136668,0.000115,0.000000,0.000000,0.000000,0.000000
17.6833,-0.358940,-0.108430,-0.865431,0.910829,0.000000,0.000000,0.000000,-0.001185,-0.247939,0.138571,0.039782,0.000000,0.000000,0.000000,0.000000
17.7000,-0.360554,-0.109911,-0.871112,0.924716,0.000000,0.000000,0.000000,0.018947,-0.283584,0.138568,0.079579,0.000000,0.000000,0.000000,0.000000
17.7167,-0.360395,-0.110248,-0.876196,0.935965,0.000000,0.000000,0.000000,0.040285,-0.316341,0.137049,0.118822,0.000000,0.000000,0.000000,0.000000
17.7333,-0.358102,-0.109440,-0.880702,0.944859,0.000000,0.000000,0.000000,0.062048,-0.345742,0.134328,0.156867,0.000000,0.000000,0.000000,0.000000
17.7500,-0.353314,-0.107465,-0.884700,0.951685,0.000000,0.000000,0.000000,0.083593,-0.371541,0.130618,0.193134,0.000000,0.000000,0.000000,0.000000
17.7667,-0.345689,-0.104277,-0.888308,0.956725,0.000000,0.000000,0.000000,0.104424,-0.393684,0.126038,0.227142,0.000000,0.000000,0.000000,0.000000
17.7833,-0.334922,-0.099806,-0.891694,0.960270,0.000000,0.000000,0.000000,0.124167,-0.412283,0.120646,0.258555,0.000000,0.000000,0.000000,0.000000
17.8000,-0.320764,-0.093962,-0.895062,0.962610,0.000000,0.000000,0.000000,0.142545,-0.427563,0.114476,0.287216,0.000000,0.000000,0.000000,0.000000
17.8167,-0.303041,-0.086638,-0.898643,0.964038,0.000000,0.000000,0.000000,0.159357,-0.439823,0.107572,0.313155,0.000000,0.000000,0.000000,0.000000
17.8333,-0.281678,-0.077722,-0.902679,0.964834,0.000000,0.000000,0.000000,0.174471,-0.449387,0.100014,0.336587,0.000000,0.000000,0.000000,0.000000
17.8500,-0.256723,-0.067103,-0.907409,0.965255,0.000000,0.000000,0.000000,0.187798,-0.456567,0.091946,0.357897,0.000000,0.000000,0.000000,0.000000
17.8667,-0.228388,-0.054680,-0.913051,0.965525,0.000000,0.000000,0.000000,0.199282,-0.461628,0.083586,0.377623,0.000000,0.000000,0.000000,0.000000
17.8833,-0.197079,-0.040374,-0.919793,0.965828,0.000000,0.000000,0.000000,0.208881,-0.464767,0.075222,0.396442,0.000000,0.000000,0.000000,0.000000
17.9000,-0.163431,-0.024141,-0.927783,0.966294,0.000000,0.000000,0.000000,0.216562,-0.466095,0.067210,0.415146,0.000000,0.000000,0.000000,0.000000
17.9167,-0.128282,-0.005981,-0.937144,0.966979,0.000000,0.000000,0.000000,0.222285,-0.465633,0.059956,0.434646,0.000000,0.000000,0.000000,0.000000
17.9333,-0.092601,0.014061,-0.948009,0.967853,0.000000,0.000000,0.000000,0.225989,-0.463310,0.053920,0.455967,0.000000,0.000000,0.000000,0.000000
17.9500,-0.057395,0.035886,-0.960517,0.968785,0.000000,0.000000,0.000000,0.227584,-0.458972,0.049613,0.480255,0.000000,0.000000,0.000000,0.000000
17.9667,-0.023615,0.059358,-0.974778,0.969554,0.000000,0.000000,0.000000,0.226943,-0.452396,0.047601,0.508763,0.000000,0.000000,0.000000,0.000000
17.9833,0.007920,0.084291,-0.990798,0.969870,0.000000,0.000000,0.000000,0.223906,-0.443315,0.048498,0.542827,0.000000,0.000000,0.000000,0.000000
18.0000,0.036585,0.110434,-1.008402,0.969403,0.000000,0.000000,0.000000,0.218290,-0.431427,0.052948,0.583827,0.000000,0.000000,0.000000,0.000000
18.0167,0.061975,0.137448,-1.027190,0.967837,0.000000,0.000000,0.000000,0.209893,-0.416431,0.061610,0.633134,0.000000,0.000000,0.000000,0.000000
18.0333,0.083907,0.164902,-1.046533,0.964948,0.000000,0.000000,0.000000,0.198515,-0.398045,0.075142,0.692035,0.000000,0.000000,0.000000,0.000000
18.0500,0.102390,0.192277,-1.065635,0.960666,0.000000,0.000000,0.000000,0.183972,-0.376046,0.094168,0.761655,0.000000,0.000000,0.000000,0.000000
18.0667,0.117590,0.218999,-1.083630,0.955091,0.000000,0.000000,0.000000,0.166130,-0.350300,0.119241,0.842842,0.000000,0.000000,0.000000,0.000000
18.0833,0.129783,0.244478,-1.099721,0.948451,0.000000,0.000000,0.000000,0.144930,-0.320803,0.150782,0.936060,0.000000,0.000000,0.000000,0.000000
18.1000,0.139310,0.268169,-1.113287,0.941035,0.000000,0.000000,0.000000,0.120433,-0.287717,0.188998,1.041246,0.000000,0.000000,0.000000,0.000000
18.1167,0.146541,0.289603,-1.123936,0.933143,0.000000,0.000000,0.000000,0.092863,-0.251412,0.233786,1.157662,0.000000,0.000000,0.000000,0.000000
18.1333,0.151836,0.308410,-1.131495,0.925063,0.000000,0.000000,0.000000,0.062661,-0.212514,0.284624,1.283721,0.000000,0.000000,0.000000,0.000000
18.1500,0.155533,0.324321,-1.135974,0.917066,0.000000,0.000000,0.000000,0.030558,-0.171962,0.340444,1.416791,0.000000,0.000000,0.000000,0.000000
18.1667,0.157932,0.337165,-1.137510,0.909393,0.000000,0.000000,0.000000,-0.002348,-0.131063,0.399489,1.552986,0.000000,0.000000,0.000000,0.000000
18.2667,0.159284,0.346860,-1.136324,0.902247,0.000000,0.000000,0.000000,-0.034551,-0.091521,0.459257,1.687127,0.000000,0.000000,0.000000,0.000000
18.3833,0.159789,0.353403,-1.132682,0.895791,0.000000,0.000000,0.000000,-0.064275,-0.055295,0.516810,1.813277,0.000000,0.000000,0.000000,0.000000
18.5167,0.159588,0.356838,-1.126859,0.890160,0.000000,0.000000,0.000000,-0.089787,-0.024279,0.569396,1.925748,0.000000,0.000000,0.000000,0.000000
18.5333,0.158760,0.357241,-1.119122,0.885470,0.000000,0.000000,0.000000,-0.109667,0.000002,0.614835,2.019885,0.000000,0.000000,0.000000,0.000000
18.5500,0.157326,0.354696,-1.109713,0.881825,0.000000,0.000000,0.000000,-0.122887,0.016510,0.651512,2.092252,0.000000,0.000000,0.000000,0.000000
18.5667,0.155251,0.349291,-1.098864,0.879306,0.000000,0.000000,0.000000,-0.128787,0.024649,0.678231,2.140532,0.000000,0.000000,0.000000,0.000000
18.5833,0.152448,0.341115,-1.086802,0.877956,0.000000,0.000000,0.000000,-0.127037,0.024217,0.694112,2.163378,0.000000,0.000000,0.000000,0.000000
18.6000,0.148788,0.330262,-1.073779,0.877772,0.000000,0.000000,0.000000,-0.117618,0.015365,0.698527,2.160313,0.000000,0.000000,0.000000,0.000000
18.6167,0.144106,0.316843,-1.060081,0.878694,0.000000,0.000000,0.000000,-0.100816,-0.001415,0.691062,2.131670,0.000000,0.000000,0.000000,0.000000
18.6333,0.138218,0.300997,-1.046044,0.880602,0.000000,0.000000,0.000000,-0.077229,-0.025281,0.671509,2.078596,0.000000,0.000000,0.000000,0.000000
18.6500,0.130938,0.282909,-1.032053,0.883314,0.000000,0.000000,0.000000,-0.047782,-0.055031,0.639893,2.003083,0.000000,0.000000,0.000000,0.000000
18.7000,0.122093,0.262818,-1.018524,0.886609,0.000000,0.000000,0.000000,-0.013703,-0.089113,0.596553,1.907968,0.000000,0.000000,0.000000,0.000000
18.7167,0.111540,0.241018,-1.005880,0.890255,0.000000,0.000000,0.000000,0.023584,-0.125748,0.542284,1.796793,0.000000,0.000000,0.000000,0.000000
18.7333,0.099176,0.217857,-0.994545,0.894044,0.000000,0.000000,0.000000,0.062620,-0.163140,0.478520,1.673567,0.000000,0.000000,0.000000,0.000000
18.7500,0.084939,0.193726,-0.984926,0.897823,0.000000,0.000000,0.000000,0.102025,-0.199675,0.407524,1.542609,0.000000,0.000000,0.000000,0.000000
18.8167,0.068816,0.169039,-0.977385,0.901523,0.000000,0.000000,0.000000,0.140532,-0.234032,0.332413,1.408451,0.000000,0.000000,0.000000,0.000000
18.8333,0.050850,0.144205,-0.972193,0.905171,0.000000,0.000000,0.000000,0.177026,-0.265256,0.256726,1.275570,0.000000,0.000000,0.000000,0.000000
18.8500,0.031146,0.119591,-0.969476,0.908890,0.000000,0.000000,0.000000,0.210602,-0.292764,0.183657,1.147940,0.000000,0.000000,0.000000,0.000000
18.8667,0.009884,0.095495,-0.969161,0.912866,0.000000,0.000000,0.000000,0.240619,-0.316295,0.115543,1.028721,0.000000,0.000000,0.000000,0.000000
18.8833,-0.012685,0.072120,-0.970951,0.917323,0.000000,0.000000,0.000000,0.266688,-0.335826,0.053852,0.920200,0.000000,0.000000,0.000000,0.000000
18.9000,-0.036243,0.049575,-0.974338,0.922475,0.000000,0.000000,0.000000,0.288646,-0.351521,-0.000628,0.823831,0.000000,0.000000,0.000000,0.000000
18.9167,-0.060419,0.027895,-0.978662,0.928492,0.000000,0.000000,0.000000,0.306519,-0.363681,-0.047603,0.740330,0.000000,0.000000,0.000000,0.000000
18.9333,-0.084820,0.007067,-0.983201,0.935476,0.000000,0.000000,0.000000,0.320487,-0.372710,-0.087133,0.669783,0.000000,0.000000,0.000000,0.000000
18.9500,-0.109058,-0.012932,-0.987278,0.943444,0.000000,0.000000,0.000000,0.330844,-0.379075,-0.119509,0.611760,0.000000,0.000000,0.000000,0.000000
18.9667,-0.132768,-0.032119,-0.990343,0.952341,0.000000,0.000000,0.000000,0.337965,-0.383279,-0.145170,0.565443,0.000000,0.000000,0.000000,0.000000
18.9833,-0.155625,-0.050480,-0.992028,0.962038,0.000000,0.000000,0.000000,0.342268,-0.385823,-0.164645,0.529732,0.000000,0.000000,0.000000,0.000000
19.0000,-0.177349,-0.067963,-0.992170,0.972340,0.000000,0.000000,0.000000,0.344182,-0.387174,-0.178519,0.503353,0.000000,0.000000,0.000000,0.000000
19.0167,-0.197708,-0.084478,-0.990804,0.982992,0.000000,0.000000,0.000000,0.344130,-0.387744,-0.187413,0.484940,0.000000,0.000000,0.000000,0.000000
19.0333,-0.216514,-0.099906,-0.988116,0.993689,0.000000,0.000000,0.000000,0.342503,-0.387870,-0.191964,0.473098,0.000000,0.000000,0.000000,0.000000
19.0500,-0.233617,-0.114110,-0.984394,1.004101,0.000000,0.000000,0.000000,0.339660,-0.387811,-0.192821,0.466454,0.000000,0.000000,0.000000,0.000000
19.0667,-0.248910,-0.126956,-0.979976,1.013892,0.000000,0.000000,0.000000,0.335917,-0.387749,-0.190627,0.463685,0.000000,0.000000,0.000000,0.000000
19.0833,-0.262332,-0.138326,-0.975211,1.022745,0.000000,0.000000,0.000000,0.331560,-0.387805,-0.186006,0.463538,0.000000,0.000000,0.000000,0.000000
19.1000,-0.273869,-0.148132,-0.970427,1.030383,0.000000,0.000000,0.000000,0.326842,-0.388047,-0.179557,0.464842,0.000000,0.000000,0.000000,0.000000
19.1167,-0.283560,-0.156325,-0.965907,1.036587,0.000000,0.000000,0.000000,0.321990,-0.388491,-0.171849,0.466513,0.000000,0.000000,0.000000,0.000000
19.1333,-0.291490,-0.162906,-0.961863,1.041200,0.000000,0.000000,0.000000,0.317213,-0.389109,-0.163431,0.467554,0.000000,0.000000,0.000000,0.000000
19.1500,-0.297781,-0.167921,-0.958426,1.044118,0.000000,0.000000,0.000000,0.312700,-0.389831,-0.154827,0.467058,0.000000,0.000000,0.000000,0.000000
19.1667,-0.302582,-0.171451,-0.955646,1.045272,0.000000,0.000000,0.000000,0.308623,-0.390547,-0.146523,0.464206,0.000000,0.000000,0.000000,0.000000
19.1833,-0.306051,-0.173598,-0.953490,1.044606,0.000000,0.000000,0.000000,0.305123,-0.391113,-0.138937,0.458267,0.000000,0.000000,0.000000,0.000000
19.2000,-0.308347,-0.174473,-0.951845,1.042050,0.000000,0.000000,0.000000,0.302291,-0.391364,-0.132386,0.448598,0.000000,0.000000,0.000000,0.000000
19.2167,-0.309616,-0.174184,-0.950530,1.037504,0.000000,0.000000,0.000000,0.300154,-0.391118,-0.127052,0.434659,0.000000,0.000000,0.000000,0.000000
19.2333,-0.309987,-0.172823,-0.949305,1.030809,0.000000,0.000000,0.000000,0.298660,-0.390192,-0.122956,0.416022,0.000000,0.000000,0.000000,0.000000
19.2500,-0.309566,-0.170461,-0.947902,1.021735,0.000000,0.000000,0.000000,0.297660,-0.388404,-0.119935,0.392388,0.000000,0.000000,0.000000,0.000000
19.2667,-0.308444,-0.167143,-0.946066,1.009968,0.000000,0.000000,0.000000,0.296903,-0.385580,-0.117638,0.363607,0.000000,0.000000,0.000000,0.000000
19.2833,-0.306690,-0.162882,-0.943578,0.995107,0.000000,0.000000,0.000000,0.296035,-0.381554,-0.115551,0.329687,0.000000,0.000000,0.000000,0.000000
19.3000,-0.304364,-0.157662,-0.940275,0.976674,0.000000,0.000000,0.000000,0.294607,-0.376164,-0.113040,0.290821,0.000000,0.000000,0.000000,0.000000
19.3167,-0.301513,-0.151443,-0.936058,0.954142,0.000000,0.000000,0.000000,0.292076,-0.369248,-0.109414,0.247414,0.000000,0.000000,0.000000,0.000000
19.3333,-0.298181,-0.144182,-0.930905,0.926974,0.000000,0.000000,0.000000,0.287809,-0.360643,-0.103978,0.200115,0.000000,0.000000,0.000000,0.000000
19.3500,-0.294413,-0.135831,-0.924880,0.894657,0.000000,0.000000,0.000000,0.281102,-0.350196,-0.096097,0.149825,0.000000,0.000000,0.000000,0.000000
19.3667,-0.290253,-0.126351,-0.918142,0.856737,0.000000,0.000000,0.000000,0.271211,-0.337779,-0.085249,0.097701,0.000000,0.000000,0.000000,0.000000
19.3833,-0.285750,-0.115706,-0.910939,0.812852,0.000000,0.000000,0.000000,0.257418,-0.323301,-0.071087,0.045131,0.000000,0.000000,0.000000,0.000000
19.4000,-0.280953,-0.103871,-0.903609,0.762765,0.000000,0.000000,0.000000,0.239123,-0.306733,-0.053487,-0.006326,0.000000,0.000000,0.000000,0.000000
19.4333,-0.275917,-0.090832,-0.896557,0.706409,0.000000,0.000000,0.000000,0.215954,-0.288133,-0.032588,-0.055034,0.000000,0.000000,0.000000,0.000000
19.4500,-0.270707,-0.076595,-0.890223,0.643930,0.000000,0.000000,0.000000,0.187855,-0.267671,-0.008796,-0.099435,0.000000,0.000000,0.000000,0.000000
19.4667,-0.265400,-0.061200,-0.885034,0.575729,0.000000,0.000000,0.000000,0.155123,-0.245664,0.017260,-0.138209,0.000000,0.000000,0.000000,0.000000
19.4833,-0.260087,-0.044735,-0.881340,0.502501,0.000000,0.000000,0.000000,0.118395,-0.222607,0.044802,-0.170405,0.000000,0.000000,0.000000,0.000000
19.5000,-0.254876,-0.027343,-0.879336,0.425237,0.000000,0.000000,0.000000,0.078639,-0.199186,0.072978,-0.195538,0.000000,0.000000,0.000000,0.000000
19.5667,-0.249884,-0.009232,-0.878989,0.345211,0.000000,0.000000,0.000000,0.037142,-0.176266,0.100908,-0.213637,0.000000,0.000000,0.000000,0.000000
19.5833,-0.245229,0.009333,-0.880011,0.263947,0.000000,0.000000,0.000000,-0.004603,-0.154792,0.127757,-0.225180,0.000000,0.000000,0.000000,0.000000
19.6000,-0.241019,0.028035,-0.881874,0.183151,0.000000,0.000000,0.000000,-0.045120,-0.135658,0.152815,-0.230907,0.000000,0.000000,0.000000,0.000000
19.6167,-0.237343,0.046545,-0.883929,0.104552,0.000000,0.000000,0.000000,-0.083126,-0.119615,0.175538,-0.231624,0.000000,0.000000,0.000000,0.000000
19.6333,-0.234262,0.064568,-0.885600,0.029703,0.000000,0.000000,0.000000,-0.117610,-0.107261,0.195543,-0.228092,0.000000,0.000000,0.000000,0.000000
19.7833,-0.231814,0.081873,-0.886527,-0.040158,0.000000,0.000000,0.000000,-0.147839,-0.099054,0.212570,-0.220955,0.000000,0.000000,0.000000,0.000000
19.8000,-0.230013,0.098289,-0.886593,-0.104127,0.000000,0.000000,0.000000,-0.173336,-0.095320,0.226468,-0.210719,0.000000,0.000000,0.000000,0.000000
19.8167,-0.228847,0.113695,-0.885864,-0.161613,0.000000,0.000000,0.000000,-0.193831,-0.096244,0.237161,-0.197744,0.000000,0.000000,0.000000,0.000000
19.8333,-0.228271,0.127995,-0.884504,-0.212297,0.000000,0.000000,0.000000,-0.209207,-0.101851,0.244640,-0.182258,0.000000,0.000000,0.000000,0.000000
19.8500,-0.228195,0.141108,-0.882691,-0.256087,0.000000,0.000000,0.000000,-0.219450,-0.112007,0.248940,-0.164388,0.000000,0.000000,0.000000,0.000000
19.8667,-0.228487,0.152960,-0.880544,-0.293066,0.000000,0.000000,0.000000,-0.224608,-0.126429,0.250141,-0.144194,0.000000,0.000000,0.000000,0.000000
19.8833,-0.228980,0.163483,-0.878095,-0.323451,0.000000,0.000000,0.000000,-0.224767,-0.144696,0.248363,-0.121716,0.000000,0.000000,0.000000,0.000000
19.9000,-0.229485,0.172619,-0.875280,-0.347542,0.000000,0.000000,0.000000,-0.220040,-0.166271,0.243779,-0.097016,0.000000,0.000000,0.000000,0.000000
19.9167,-0.229816,0.180325,-0.871965,-0.365681,0.000000,0.000000,0.000000,-0.210567,-0.190522,0.236610,-0.070214,0.000000,0.000000,0.000000,0.000000
19.9333,-0.229810,0.186577,-0.867985,-0.378219,0.000000,0.000000,0.000000,-0.196528,-0.216756,0.227126,-0.041507,0.000000,0.000000,0.000000,0.000000
19.9500,-0.229345,0.191373,-0.863181,-0.385492,0.000000,0.000000,0.000000,-0.178167,-0.244244,0.215635,-0.011187,0.000000,0.000000,0.000000,0.000000
19.9667,-0.228347,0.194727,-0.857435,-0.387806,0.000000,0.000000,0.000000,-0.155819,-0.272260,0.202476,0.020378,0.000000,0.000000,0.000000,0.000000
19.9833,-0.226796,0.196671,-0.850703,-0.385425,0.000000,0.000000,0.000000,-0.129946,-0.300098,0.188021,0.052768,0.000000,0.000000,0.000000,0.000000
20.0000,-0.224725,0.197250,-0.843021,-0.378572,0.000000,0.000000,0.000000,-0.101179,-0.327086,0.172684,0.085550,0.000000,0.000000,0.000000,0.000000
20.0167,-0.222217,0.196515,-0.834505,-0.367423,0.000000,0.000000,0.000000,-0.070331,-0.352597,0.156937,0.118299,0.000000,0.000000,0.000000,0.000000
20.0333,-0.219386,0.194518,-0.825337,-0.352111,0.000000,0.000000,0.000000,-0.038390,-0.376066,0.141318,0.150596,0.000000,0.000000,0.000000,0.000000
20.0667,-0.216373,0.191312,-0.815754,-0.332730,0.000000,0.000000,0.000000,-0.006452,-0.397016,0.126423,0.182008,0.000000,0.000000,0.000000,0.000000
20.0833,-0.213334,0.186947,-0.806026,-0.309341,0.000000,0.000000,0.000000,0.024415,-0.415102,0.112833,0.212068,0.000000,0.000000,0.000000,0.000000
20.1000,-0.210440,0.181473,-0.796449,-0.281979,0.000000,0.000000,0.000000,0.053332,-0.430139,0.100993,0.240286,0.000000,0.000000,0.000000,0.000000
20.1167,-0.207873,0.174938,-0.787331,-0.250662,0.000000,0.000000,0.000000,0.079692,-0.442100,0.091142,0.266180,0.000000,0.000000,0.000000,0.000000
20.1333,-0.205822,0.167376,-0.778966,-0.215401,0.000000,0.000000,0.000000,0.103152,-0.451098,0.083321,0.289319,0.000000,0.000000,0.000000,0.000000
20.1500,-0.204468,0.158814,-0.771610,-0.176214,0.000000,0.000000,0.000000,0.123593,-0.457365,0.077423,0.309363,0.000000,0.000000,0.000000,0.000000
20.1667,-0.203971,0.149271,-0.765452,-0.133153,0.000000,0.000000,0.000000,0.141062,-0.461221,0.073251,0.326088,0.000000,0.000000,0.000000,0.000000
20.1833,-0.204446,0.138774,-0.760596,-0.086332,0.000000,0.000000,0.000000,0.155733,-0.463044,0.070552,0.339396,0.000000,0.000000,0.000000,0.000000
20.2000,-0.205957,0.127367,-0.757051,-0.035951,0.000000,0.000000,0.000000,0.167861,-0.463231,0.069049,0.349302,0.000000,0.000000,0.000000,0.000000
20.2167,-0.208511,0.115120,-0.754731,0.017684,0.000000,0.000000,0.000000,0.177751,-0.462172,0.068458,0.355922,0.000000,0.000000,0.000000,0.000000
20.2333,-0.212062,0.102134,-0.753477,0.074153,0.000000,0.000000,0.000000,0.185724,-0.460222,0.068517,0.359471,0.000000,0.000000,0.000000,0.000000
20.2500,-0.216526,0.088545,-0.753090,0.132918,0.000000,0.000000,0.000000,0.192091,-0.457690,0.069008,0.360267,0.000000,0.000000,0.000000,0.000000
20.2667,-0.221788,0.074529,-0.753384,0.193330,0.000000,0.000000,0.000000,0.197130,-0.454830,0.069781,0.358724,0.000000,0.000000,0.000000,0.000000
20.2833,-0.227726,0.060288,-0.754220,0.254653,0.000000,0.000000,0.000000,0.201075,-0.451833,0.070759,0.355365,0.000000,0.000000,0.000000,0.000000
20.3000,-0.234221,0.046033,-0.755534,0.316116,0.000000,0.000000,0.000000,0.204104,-0.448822,0.071930,0.350808,0.000000,0.000000,0.000000,0.000000
20.3167,-0.241172,0.031970,-0.757337,0.376943,0.000000,0.000000,0.000000,0.206333,-0.445844,0.073350,0.345772,0.000000,0.000000,0.000000,0.000000
20.3333,-0.248484,0.018291,-0.759703,0.436385,0.000000,0.000000,0.000000,0.207812,-0.442872,0.075136,0.341072,0.000000,0.000000,0.000000,0.000000
20.3500,-0.256062,0.005172,-0.762741,0.493720,0.000000,0.000000,0.000000,0.208517,-0.439797,0.077472,0.337622,0.000000,0.000000,0.000000,0.000000
20.3667,-0.263788,-0.007232,-0.766564,0.548278,0.000000,0.000000,0.000000,0.208355,-0.436435,0.080605,0.336439,0.000000,0.000000,0.000000,0.000000
20.3833,-0.271526,-0.018797,-0.771278,0.599471,0.000000,0.000000,0.000000,0.207161,-0.432522,0.084840,0.338645,0.000000,0.000000,0.000000,0.000000
20.4000,-0.279114,-0.029445,-0.776968,0.646836,0.000000,0.000000,0.000000,0.204711,-0.427724,0.090533,0.345467,0.000000,0.000000,0.000000,0.000000
20.4167,-0.286375,-0.039139,-0.783706,0.690055,0.000000,0.000000,0.000000,0.200729,-0.421638,0.098078,0.358229,0.000000,0.000000,0.000000,0.000000
20.4333,-0.293120,-0.047878,-0.791527,0.728950,0.000000,0.000000,0.000000,0.194897,-0.413806,0.107901,0.378333,0.000000,0.000000,0.000000,0.000000
20.4500,-0.299154,-0.055680,-0.800407,0.763479,0.000000,0.000000,0.000000,0.186870,-0.403733,0.120460,0.407226,0.000000,0.000000,0.000000,0.000000
20.4667,-0.304278,-0.062563,-0.810251,0.793711,0.000000,0.000000,0.000000,0.176288,-0.390916,0.136237,0.446346,0.000000,0.000000,0.000000,0.000000
20.4833,-0.308306,-0.068536,-0.820903,0.819813,0.000000,0.000000,0.000000,0.162794,-0.374868,0.155732,0.497058,0.000000,0.000000,0.000000,0.000000
20.5000,-0.311067,-0.073586,-0.832165,0.842036,0.000000,0.000000,0.000000,0.146056,-0.355157,0.179449,0.560570,0.000000,0.000000,0.000000,0.000000
20.5167,-0.312413,-0.077674,-0.843821,0.860704,0.000000,0.000000,0.000000,0.125793,-0.331434,0.207858,0.637837,0.000000,0.000000,0.000000,0.000000
20.5333,-0.312204,-0.080740,-0.855635,0.876215,0.000000,0.000000,0.000000,0.101799,-0.303476,0.241362,0.729455,0.000000,0.000000,0.000000,0.000000
20.5500,-0.310293,-0.082700,-0.867360,0.889023,0.000000,0.000000,0.000000,0.073984,-0.271220,0.280235,0.835525,0.000000,0.000000,0.000000,0.000000
20.5667,-0.306515,-0.083450,-0.878739,0.899614,0.000000,0.000000,0.000000,0.042422,-0.234822,0.324551,0.955516,0.000000,0.000000,0.000000,0.000000
20.5833,-0.300678,-0.082865,-0.889511,0.908489,0.000000,0.000000,0.000000,0.007409,-0.194707,0.374112,1.088095,0.000000,0.000000,0.000000,0.000000
20.6000,-0.292573,-0.080805,-0.899427,0.916133,0.000000,0.000000,0.000000,-0.030467,-0.151640,0.428348,1.230963,0.000000,0.000000,0.000000,0.000000
20.6167,-0.281988,-0.077123,-0.908263,0.923012,0.000000,0.000000,0.000000,-0.070241,-0.106807,0.486199,1.380677,0.000000,0.000000,0.000000,0.000000
20.6500,-0.268726,-0.071669,-0.915823,0.929556,0.000000,0.000000,0.000000,-0.110462,-0.061889,0.545949,1.532498,0.000000,0.000000,0.000000,0.000000
20.8167,-0.252630,-0.064305,-0.921947,0.936161,0.000000,0.000000,0.000000,-0.149156,-0.019037,0.605173,1.680446,0.000000,0.000000,0.000000,0.000000
20.8333,-0.233605,-0.054906,-0.926506,0.943171,0.000000,0.000000,0.000000,-0.184024,0.019406,0.661104,1.818017,0.000000,0.000000,0.000000,0.000000
20.8500,-0.211646,-0.043371,-0.929412,0.950868,0.000000,0.000000,0.000000,-0.212865,0.051325,0.711267,1.939335,0.000000,0.000000,0.000000,0.000000
20.8667,-0.186863,-0.029624,-0.930618,0.959435,0.000000,0.000000,0.000000,-0.233907,0.075113,0.753825,2.039873,0.000000,0.000000,0.000000,0.000000
20.8833,-0.159497,-0.013611,-0.930125,0.968924,0.000000,0.000000,0.000000,-0.245960,0.089732,0.787476,2.116516,0.000000,0.000000,0.000000,0.000000
20.9000,-0.129929,0.004695,-0.928012,0.979208,0.000000,0.000000,0.000000,-0.248495,0.094697,0.811229,2.167423,0.000000,0.000000,0.000000,0.000000
20.9500,-0.098686,0.025288,-0.924457,0.989947,0.000000,0.000000,0.000000,-0.241641,0.090048,0.824246,2.191883,0.000000,0.000000,0.000000,0.000000
20.9667,-0.066423,0.048119,-0.919771,1.000559,0.000000,0.000000,0.000000,-0.226042,0.076250,0.825780,2.190118,0.000000,0.000000,0.000000,0.000000
21.0667,-0.033893,0.073079,-0.914436,1.010211,0.000000,0.000000,0.000000,-0.202624,0.054072,0.815173,2.163069,0.000000,0.000000,0.000000,0.000000
21.0833,-0.001897,0.099973,-0.909107,1.017886,0.000000,0.000000,0.000000,-0.172456,0.024531,0.791881,2.112305,0.000000,0.000000,0.000000,0.000000
21.1000,0.028786,0.128469,-0.904503,1.022618,0.000000,0.000000,0.000000,-0.136755,-0.011062,0.755498,2.040078,0.000000,0.000000,0.000000,0.000000
21.1667,0.057483,0.158041,-0.901212,1.023821,0.000000,0.000000,0.000000,-0.096902,-0.051078,0.705852,1.949363,0.000000,0.000000,0.000000,0.000000
21.1833,0.083667,0.187987,-0.899557,1.021450,0.000000,0.000000,0.000000,-0.054382,-0.093692,0.643319,1.843706,0.000000,0.000000,0.000000,0.000000
21.2000,0.106962,0.217528,-0.899658,1.015921,0.000000,0.000000,0.000000,-0.010666,-0.137122,0.569320,1.726927,0.000000,0.000000,0.000000,0.000000
21.2167,0.127140,0.245910,-0.901556,1.007924,0.000000,0.000000,0.000000,0.032871,-0.179803,0.486713,1.602968,0.000000,0.000000,0.000000,0.000000
21.2333,0.144092,0.272480,-0.905289,0.998267,0.000000,0.000000,0.000000,0.075002,-0.220450,0.399569,1.475872,0.000000,0.000000,0.000000,0.000000
21.2500,0.157821,0.296723,-0.910878,0.987766,0.000000,0.000000,0.000000,0.114712,-0.258082,0.312260,1.349584,0.000000,0.000000,0.000000,0.000000
21.2667,0.168414,0.318259,-0.918274,0.977197,0.000000,0.000000,0.000000,0.151238,-0.292032,0.228498,1.227560,0.000000,0.000000,0.000000,0.000000
21.2833,0.176024,0.336823,-0.927318,0.967260,0.000000,0.000000,0.000000,0.184056,-0.321920,0.150925,1.112493,0.000000,0.000000,0.000000,0.000000
21.3000,0.180855,0.352246,-0.937724,0.958562,0.000000,0.000000,0.000000,0.212857,-0.347608,0.081200,1.006286,0.000000,0.000000,0.000000,0.000000
21.3167,0.183139,0.364438,-0.949109,0.951591,0.000000,0.000000,0.000000,0.237527,-0.369158,0.020225,0.910103,0.000000,0.000000,0.000000,0.000000
21.3333,0.183126,0.373370,-0.961014,0.946698,0.000000,0.000000,0.000000,0.258124,-0.386793,-0.031646,0.824450,0.000000,0.000000,0.000000,0.000000
21.3500,0.181065,0.379061,-0.972945,0.944084,0.000000,0.000000,0.000000,0.274849,-0.400855,-0.074478,0.749288,0.000000,0.000000,0.000000,0.000000
21.3667,0.177197,0.381564,-0.984394,0.943804,0.000000,0.000000,0.000000,0.288007,-0.411750,-0.108644,0.684153,0.000000,0.000000,0.000000,0.000000
21.3833,0.171733,0.380945,-0.994858,0.945787,0.000000,0.000000,0.000000,0.297968,-0.419905,-0.134761,0.628283,0.000000,0.000000,0.000000,0.000000
21.4000,0.164846,0.377261,-1.003850,0.949876,0.000000,0.000000,0.000000,0.305135,-0.425728,-0.153623,0.580712,0.000000,0.000000,0.000000,0.000000
21.4167,0.156662,0.370549,-1.010896,0.955853,0.000000,0.000000,0.000000,0.309920,-0.429578,-0.166144,0.540345,0.000000,0.000000,0.000000,0.000000
21.4333,0.147261,0.360818,-1.015541,0.963460,0.000000,0.000000,0.000000,0.312733,-0.431745,-0.173296,0.506007,0.000000,0.000000,0.000000,0.000000
21.4500,0.136679,0.348057,-1.017366,0.972402,0.000000,0.000000,0.000000,0.313952,-0.432441,-0.176058,0.476478,0.000000,0.000000,0.000000,0.000000
21.4667,0.124916,0.332251,-1.016008,0.982342,0.000000,0.000000,0.000000,0.313904,-0.431794,-0.175362,0.450533,0.000000,0.000000,0.000000,0.000000
21.4833,0.111945,0.313405,-1.011177,0.992890,0.000000,0.000000,0.000000,0.312832,-0.429855,-0.172044,0.426988,0.000000,0.000000,0.000000,0.000000
21.5000,0.097721,0.291568,-1.002690,1.003596,0.000000,0.000000,0.000000,0.310865,-0.426598,-0.166804,0.404737,0.000000,0.000000,0.000000,0.000000
21.5167,0.082194,0.266857,-0.990478,1.013940,0.000000,0.000000,0.000000,0.307992,-0.421927,-0.160169,0.382798,0.000000,0.000000,0.000000,0.000000
21.5333,0.065327,0.239476,-0.974592,1.023358,0.000000,0.000000,0.000000,0.304055,-0.415687,-0.152472,0.360323,0.000000,0.000000,0.000000,0.000000
21.5500,0.047103,0.209726,-0.955189,1.031275,0.000000,0.000000,0.000000,0.298771,-0.407673,-0.143850,0.336609,0.000000,0.000000,0.000000,0.000000
21.5667,0.027541,0.178009,-0.932523,1.037142,0.000000,0.000000,0.000000,0.291767,-0.397646,-0.134261,0.311093,0.000000,0.000000,0.000000,0.000000
21.5833,0.006711,0.144834,-0.906924,1.040497,0.000000,0.000000,0.000000,0.282627,-0.385352,-0.123513,0.283363,0.000000,0.000000,0.000000,0.000000
21.6000,-0.015264,0.110829,-0.878790,1.041011,0.000000,0.000000,0.000000,0.270935,-0.370541,-0.111312,0.253196,0.000000,0.000000,0.000000,0.000000
21.6167,-0.038185,0.076728,-0.848572,1.038532,0.000000,0.000000,0.000000,0.256295,-0.352982,-0.097302,0.220584,0.000000,0.000000,0.000000,0.000000
21.6333,-0.061786,0.043313,-0.816795,1.033142,0.000000,0.000000,0.000000,0.238342,-0.332496,-0.081107,0.185773,0.000000,0.000000,0.000000,0.000000
21.6500,-0.085729,0.011307,-0.784104,1.025196,0.000000,0.000000,0.000000,0.216764,-0.308992,-0.062372,0.149279,0.000000,0.000000,0.000000,0.000000
21.6667,-0.109630,-0.018690,-0.751336,1.015293,0.000000,0.000000,0.000000,0.191345,-0.282508,-0.040842,0.111890,0.000000,0.000000,0.000000,0.000000
21.6833,-0.133092,-0.046208,-0.719500,1.004171,0.000000,0.000000,0.000000,0.162038,-0.253245,-0.016467,0.074648,0.000000,0.000000,0.000000,0.000000
21.7000,-0.155737,-0.070902,-0.689649,0.992571,0.000000,0.000000,0.000000,0.129063,-0.221602,0.010476,0.038805,0.000000,0.000000,0.000000,0.000000
21.8000,-0.177236,-0.092564,-0.662701,0.981148,0.000000,0.000000,0.000000,0.093006,-0.188193,0.039304,0.005711,0.000000,0.000000,0.000000,0.000000
21.8333,-0.197329,-0.111124,-0.639329,0.970438,0.000000,0.000000,0.000000,0.054820,-0.153820,0.069022,-0.023456,0.000000,0.000000,0.000000,0.000000
21.8500,-0.215835,-0.126628,-0.619934,0.960849,0.000000,0.000000,0.000000,0.015692,-0.119378,0.098585,-0.047988,0.000000,0.000000,0.000000,0.000000
21.8667,-0.232648,-0.139214,-0.604657,0.952657,0.000000,0.000000,0.000000,-0.023153,-0.085756,0.127122,-0.067753,0.000000,0.000000,0.000000,0.000000
21.8833,-0.247726,-0.149086,-0.593416,0.946001,0.000000,0.000000,0.000000,-0.060582,-0.053773,0.154024,-0.083080,0.000000,0.000000,0.000000,0.000000
21.9000,-0.261076,-0.156489,-0.585952,0.940881,0.000000,0.000000,0.000000,-0.095639,-0.024135,0.178933,-0.094585,0.000000,0.000000,0.000000,0.000000
21.9167,-0.272737,-0.161693,-0.581861,0.937181,0.000000,0.000000,0.000000,-0.127585,0.002600,0.201680,-0.103013,0.000000,0.000000,0.000000,0.000000
21.9333,-0.282773,-0.164979,-0.580641,0.934693,0.000000,0.000000,0.000000,-0.155909,0.026034,0.222232,-0.109115,0.000000,0.000000,0.000000,0.000000
21.9500,-0.291264,-0.166628,-0.581726,0.933139,0.000000,0.000000,0.000000,-0.180318,0.045931,0.240626,-0.113560,0.000000,0.000000,0.000000,0.000000
21.9667,-0.298301,-0.166913,-0.584526,0.932200,0.000000,0.000000,0.000000,-0.200707,0.062196,0.256927,-0.116893,0.000000,0.000000,0.000000,0.000000
21.9833,-0.303982,-0.166087,-0.588473,0.931526,0.000000,0.000000,0.000000,-0.217123,0.074843,0.271203,-0.119505,0.000000,0.000000,0.000000,0.000000
22.0000,-0.308407,-0.164376,-0.593057,0.930746,0.000000,0.000000,0.000000,-0.229734,0.083957,0.283505,-0.121634,0.000000,0.000000,0.000000,0.000000
22.0167,-0.311676,-0.161965,-0.597863,0.929464,0.000000,0.000000,0.000000,-0.238806,0.089657,0.293858,-0.123360,0.000000,0.000000,0.000000,0.000000
22.0500,-0.313885,-0.158992,-0.602588,0.927263,0.000000,0.000000,0.000000,-0.244669,0.092070,0.302253,-0.124615,0.000000,0.000000,0.000000,0.000000
22.0833,-0.315125,-0.155546,-0.607053,0.923696,0.000000,0.000000,0.000000,-0.247682,0.091302,0.308648,-0.125215,0.000000,0.000000,0.000000,0.000000
22.1000,-0.315474,-0.151670,-0.611194,0.918294,0.000000,0.000000,0.000000,-0.248175,0.087423,0.312989,-0.124897,0.000000,0.000000,0.000000,0.000000
22.1167,-0.315009,-0.147369,-0.615061,0.910569,0.000000,0.000000,0.000000,-0.246406,0.080456,0.315220,-0.123366,0.000000,0.000000,0.000000,0.000000
22.1333,-0.313796,-0.142616,-0.618794,0.900031,0.000000,0.000000,0.000000,-0.242539,0.070381,0.315287,-0.120317,0.000000,0.000000,0.000000,0.000000
22.1500,-0.311906,-0.137360,-0.622599,0.886208,0.000000,0.000000,0.000000,-0.236638,0.057144,0.313134,-0.115447,0.000000,0.000000,0.000000,0.000000
22.1667,-0.309408,-0.131540,-0.626724,0.868658,0.000000,0.000000,0.000000,-0.228678,0.040687,0.308697,-0.108468,0.000000,0.000000,0.000000,0.000000
22.1833,-0.306373,-0.125086,-0.631418,0.846996,0.000000,0.000000,0.000000,-0.218555,0.020978,0.301913,-0.099115,0.000000,0.000000,0.000000,0.000000
22.2000,-0.302873,-0.117936,-0.636911,0.820908,0.000000,0.000000,0.000000,-0.206100,-0.001965,0.292728,-0.087161,0.000000,0.000000,0.000000,0.000000
22.2167,-0.298981,-0.110034,-0.643376,0.790173,0.000000,0.000000,0.000000,-0.191101,-0.028036,0.281122,-0.072438,0.000000,0.000000,0.000000,0.000000
22.2333,-0.294768,-0.101347,-0.650908,0.754685,0.000000,0.000000,0.000000,-0.173330,-0.057016,0.267128,-0.054859,0.000000,0.000000,0.000000,0.000000
22.2500,-0.290300,-0.091864,-0.659515,0.714464,0.000000,0.000000,0.000000,-0.152583,-0.088548,0.250861,-0.034447,0.000000,0.000000,0.000000,0.000000
22.2667,-0.285629,-0.081593,-0.669123,0.669660,0.000000,0.000000,0.000000,-0.128746,-0.122133,0.232537,-0.011346,0.000000,0.000000,0.000000,0.000000
22.2833,-0.280788,-0.070563,-0.679592,0.620546,0.000000,0.000000,0.000000,-0.101873,-0.157125,0.212502,0.014177,0.000000,0.000000,0.000000,0.000000
22.3000,-0.275795,-0.058826,-0.690722,0.567527,0.000000,0.000000,0.000000,-0.072280,-0.192758,0.191256,0.041758,0.000000,0.000000,0.000000,0.000000
22.3167,-0.270660,-0.046463,-0.702261,0.511140,0.000000,0.000000,0.000000,-0.040642,-0.228161,0.169477,0.070958,0.000000,0.000000,0.000000,0.000000
22.4000,-0.265394,-0.033589,-0.713922,0.452055,0.000000,0.000000,0.000000,-0.008020,-0.262389,0.148035,0.101282,0.000000,0.000000,0.000000,0.000000
22.4167,-0.260018,-0.020359,-0.725394,0.391060,0.000000,0.000000,0.000000,0.024307,-0.294525,0.127890,0.132192,0.000000,0.000000,0.000000,0.000000
22.4333,-0.254566,-0.006969,-0.736342,0.329048,0.000000,0.000000,0.000000,0.055138,-0.323824,0.109920,0.163109,0.000000,0.000000,0.000000,0.000000
22.4500,-0.249077,0.006351,-0.746405,0.266986,0.000000,0.000000,0.000000,0.083566,-0.349794,0.094775,0.193431,0.000000,0.000000,0.000000,0.000000
22.4667,-0.243593,0.019339,-0.755186,0.205879,0.000000,0.000000,0.000000,0.109005,-0.372191,0.082847,0.222559,0.000000,0.000000,0.000000,0.000000
22.4833,-0.238144,0.031722,-0.762256,0.146720,0.000000,0.000000,0.000000,0.131134,-0.390977,0.074283,0.249946,0.000000,0.000000,0.000000,0.000000
22.5000,-0.232739,0.043230,-0.767177,0.090437,0.000000,0.000000,0.000000,0.149830,-0.406267,0.069024,0.275140,0.000000,0.000000,0.000000,0.000000
22.5167,-0.227365,0.053630,-0.769540,0.037841,0.000000,0.000000,0.000000,0.165106,-0.418281,0.066834,0.297830,0.000000,0.000000,0.000000,0.000000
22.5333,-0.221991,0.062749,-0.769036,-0.010420,0.000000,0.000000,0.000000,0.177074,-0.427309,0.067348,0.317849,0.000000,0.000000,0.000000,0.000000
22.5500,-0.216592,0.070490,-0.765515,-0.053885,0.000000,0.000000,0.000000,0.185921,-0.433692,0.070110,0.335169,0.000000,0.000000,0.000000,0.000000
22.5667,-0.211166,0.076839,-0.759025,-0.092286,0.000000,0.000000,0.000000,0.191908,-0.437802,0.074610,0.349863,0.000000,0.000000,0.000000,0.000000
22.5833,-0.205746,0.081859,-0.749815,-0.125535,0.000000,0.000000,0.000000,0.195365,-0.440023,0.080312,0.362079,0.000000,0.000000,0.000000,0.000000
22.6000,-0.200405,0.085677,-0.738303,-0.153699,0.000000,0.000000,0.000000,0.196680,-0.440738,0.086671,0.372011,0.000000,0.000000,0.000000,0.000000
22.6167,-0.195248,0.088468,-0.725040,-0.176973,0.000000,0.000000,0.000000,0.196285,-0.440302,0.093151,0.379887,0.000000,0.000000,0.000000,0.000000
22.6333,-0.190400,0.090434,-0.710653,-0.195641,0.000000,0.000000,0.000000,0.194626,-0.439035,0.099253,0.385955,0.000000,0.000000,0.000000,0.000000
22.6500,-0.185989,0.091789,-0.695784,-0.210046,0.000000,0.000000,0.000000,0.192140,-0.437213,0.104539,0.390487,0.000000,0.000000,0.000000,0.000000
22.6667,-0.182136,0.092734,-0.681046,-0.220552,0.000000,0.000000,0.000000,0.189226,-0.435062,0.108660,0.393779,0.000000,0.000000,0.000000,0.000000
22.6833,-0.178939,0.093446,-0.666973,-0.227519,0.000000,0.000000,0.000000,0.186233,-0.432754,0.111363,0.396172,0.000000,0.000000,0.000000,0.000000
22.7000,-0.176472,0.094068,-0.654003,-0.231276,0.000000,0.000000,0.000000,0.183443,-0.430409,0.112506,0.398061,0.000000,0.000000,0.000000,0.000000
22.7167,-0.174787,0.094704,-0.642485,-0.232116,0.000000,0.000000,0.000000,0.181065,-0.428094,0.112047,0.399914,0.000000,0.000000,0.000000,0.000000
22.7333,-0.173922,0.095425,-0.632697,-0.230282,0.000000,0.000000,0.000000,0.179245,-0.425828,0.110041,0.402276,0.000000,0.000000,0.000000,0.000000
22.7500,-0.173903,0.096273,-0.624870,-0.225973,0.000000,0.000000,0.000000,0.178063,-0.423588,0.106633,0.405781,0.000000,0.000000,0.000000,0.000000
22.7667,-0.174748,0.097268,-0.619204,-0.219336,0.000000,0.000000,0.000000,0.177549,-0.421311,0.102051,0.411146,0.000000,0.000000,0.000000,0.000000
22.7833,-0.176468,0.098405,-0.615881,-0.210470,0.000000,0.000000,0.000000,0.177687,-0.418909,0.096604,0.419177,0.000000,0.000000,0.000000,0.000000
22.8000,-0.179058,0.099657,-0.615055,-0.199430,0.000000,0.000000,0.000000,0.178419,-0.416265,0.090679,0.430759,0.000000,0.000000,0.000000,0.000000
22.8167,-0.182498,0.100966,-0.616840,-0.186223,0.000000,0.000000,0.000000,0.179654,-0.413247,0.084745,0.446837,0.000000,0.000000,0.000000,0.000000
22.8333,-0.186743,0.102238,-0.621282,-0.170807,0.000000,0.000000,0.000000,0.181267,-0.409715,0.079355,0.468396,0.000000,0.000000,0.000000,0.000000
22.8500,-0.191733,0.103350,-0.628352,-0.153094,0.000000,0.000000,0.000000,0.183103,-0.405523,0.075149,0.496427,0.000000,0.000000,0.000000,0.000000
22.8667,-0.197394,0.104149,-0.637924,-0.132951,0.000000,0.000000,0.000000,0.184977,-0.400528,0.072843,0.531888,0.000000,0.000000,0.000000,0.000000
22.8833,-0.203637,0.104459,-0.649765,-0.110215,0.000000,0.000000,0.000000,0.186680,-0.394595,0.073222,0.575658,0.000000,0.000000,0.000000,0.000000
22.9000,-0.210359,0.104092,-0.663523,-0.084715,0.000000,0.000000,0.000000,0.187992,-0.387605,0.077118,0.628485,0.000000,0.000000,0.000000,0.000000
22.9167,-0.217438,0.102851,-0.678715,-0.056290,0.000000,0.000000,0.000000,0.188694,-0.379469,0.085374,0.690928,0.000000,0.000000,0.000000,0.000000
22.9333,-0.224729,0.100548,-0.694727,-0.024823,0.000000,0.000000,0.000000,0.188586,-0.370135,0.098808,0.763282,0.000000,0.000000,0.000000,0.000000
22.9500,-0.232076,0.097025,-0.710847,0.009744,0.000000,0.000000,0.000000,0.187514,-0.359612,0.118168,0.845486,0.000000,0.000000,0.000000,0.000000
22.9667,-0.239324,0.092178,-0.726324,0.047381,0.000000,0.000000,0.000000,0.185395,-0.347985,0.144094,0.937016,0.000000,0.000000,0.000000,0.000000
22.9833,-0.246337,0.085966,-0.740431,0.087970,0.000000,0.000000,0.000000,0.182262,-0.335441,0.177060,1.036758,0.000000,0.000000,0.000000,0.000000
23.0000,-0.253017,0.078410,-0.752529,0.131297,0.000000,0.000000,0.000000,0.178315,-0.322290,0.217300,1.142871,0.000000,0.000000,0.000000,0.000000
23.0167,-0.259318,0.069583,-0.762109,0.177067,0.000000,0.000000,0.000000,0.173962,-0.308986,0.264703,1.252654,0.000000,0.000000,0.000000,0.000000
23.1000,-0.265244,0.059592,-0.768819,0.224920,0.000000,0.000000,0.000000,0.169863,-0.296141,0.318657,1.362524,0.000000,0.000000,0.000000,0.000000
23.1167,-0.270843,0.048575,-0.772480,0.274441,0.000000,0.000000,0.000000,0.166957,-0.284587,0.377889,1.468248,0.000000,0.000000,0.000000,0.000000
23.2167,-0.276199,0.036705,-0.773094,0.325165,0.000000,0.000000,0.000000,0.166421,-0.275396,0.440404,1.565465,0.000000,0.000000,0.000000,0.000000
23.2333,-0.281416,0.024180,-0.770836,0.376592,0.000000,0.000000,0.000000,0.169411,-0.269686,0.503735,1.650373,0.000000,0.000000,0.000000,0.000000
23.2500,-0.286602,0.011218,-0.766013,0.428209,0.000000,0.000000,0.000000,0.176641,-0.268225,0.565389,1.720391,0.000000,0.000000,0.000000,0.000000
23.3167,-0.291854,-0.001961,-0.759016,0.479502,0.000000,0.000000,0.000000,0.188141,-0.271176,0.623159,1.774441,0.000000,0.000000,0.000000,0.000000
23.3333,-0.297242,-0.015141,-0.750266,0.529976,0.000000,0.000000,0.000000,0.203346,-0.278149,0.675203,1.812696,0.000000,0.000000,0.000000,0.000000
23.3500,-0.302802,-0.028114,-0.740183,0.579147,0.000000,0.000000,0.000000,0.221363,-0.288438,0.720043,1.836058,0.000000,0.000000,0.000000,0.000000
23.3667,-0.308545,-0.040675,-0.729183,0.626548,0.000000,0.000000,0.000000,0.241188,-0.301213,0.756547,1.845740,0.000000,0.000000,0.000000,0.000000
23.3833,-0.314451,-0.052626,-0.717696,0.671714,0.000000,0.000000,0.000000,0.261817,-0.315637,0.783874,1.843015,0.000000,0.000000,0.000000,0.000000
23.4000,-0.320470,-0.063777,-0.706175,0.714189,0.000000,0.000000,0.000000,0.282301,-0.330922,0.801411,1.829082,0.000000,0.000000,0.000000,0.000000
23.4167,-0.326515,-0.073961,-0.695084,0.753527,0.000000,0.000000,0.000000,0.301783,-0.346367,0.808716,1.804987,0.000000,0.000000,0.000000,0.000000
23.4333,-0.332472,-0.083044,-0.684874,0.789328,0.000000,0.000000,0.000000,0.319523,-0.361365,0.805483,1.771587,0.000000,0.000000,0.000000,0.000000
23.4500,-0.338204,-0.090936,-0.675955,0.821267,0.000000,0.000000,0.000000,0.334927,-0.375401,0.791533,1.729554,0.000000,0.000000,0.000000,0.000000
23.4667,-0.343567,-0.097591,-0.668676,0.849137,0.000000,0.000000,0.000000,0.347554,-0.388045,0.766812,1.679415,0.000000,0.000000,0.000000,0.000000
23.4833,-0.348414,-0.103008,-0.663303,0.872870,0.000000,0.000000,0.000000,0.357125,-0.398950,0.731428,1.621610,0.000000,0.000000,0.000000,0.000000
23.5000,-0.352601,-0.107222,-0.660003,0.892536,0.000000,0.000000,0.000000,0.363518,-0.407842,0.685692,1.556576,0.000000,0.000000,0.000000,0.000000
23.5167,-0.355981,-0.110298,-0.658854,0.908341,0.000000,0.000000,0.000000,0.366748,-0.414521,0.630189,1.484855,0.000000,0.000000,0.000000,0.000000
23.5333,-0.358409,-0.112318,-0.659848,0.920601,0.000000,0.000000,0.000000,0.366961,-0.418867,0.565866,1.407211,0.000000,0.000000,0.000000,0.000000
23.5500,-0.359734,-0.113370,-0.662905,0.929713,0.000000,0.000000,0.000000,0.364423,-0.420851,0.494143,1.324768,0.000000,0.000000,0.000000,0.000000
23.5667,-0.359796,-0.113533,-0.667888,0.936125,0.000000,0.000000,0.000000,0.359504,-0.420552,0.417033,1.239154,0.000000,0.000000,0.000000,0.000000
23.6667,-0.358416,-0.112868,-0.674609,0.940309,0.000000,0.000000,0.000000,0.352653,-0.418165,0.337170,1.152567,0.000000,0.000000,0.000000,0.000000
23.6833,-0.355395,-0.111408,-0.682843,0.942736,0.000000,0.000000,0.000000,0.344341,-0.413998,0.257507,1.067533,0.000000,0.000000,0.000000,0.000000
23.7000,-0.350507,-0.109159,-0.692348,0.943864,0.000000,0.000000,0.000000,0.335007,-0.408430,0.180746,0.986438,0.000000,0.000000,0.000000,0.000000
23.7167,-0.343504,-0.106101,-0.702881,0.944127,0.000000,0.000000,0.000000,0.325033,-0.401868,0.108964,0.911176,0.000000,0.000000,0.000000,0.000000
23.7333,-0.334128,-0.102194,-0.714216,0.943943,0.000000,0.000000,0.000000,0.314756,-0.394720,0.043581,0.843073,0.000000,0.000000,0.000000,0.000000
23.7500,-0.322123,-0.097382,-0.726161,0.943711,0.000000,0.000000,0.000000,0.304478,-0.387376,-0.014539,0.782928,0.000000,0.000000,0.000000,0.000000
23.7667,-0.307255,-0.091595,-0.738561,0.943817,0.000000,0.000000,0.000000,0.294484,-0.380196,-0.064990,0.731073,0.000000,0.000000,0.000000,0.000000
23.7833,-0.289330,-0.084752,-0.751302,0.944626,0.000000,0.000000,0.000000,0.285039,-0.373485,-0.107741,0.687454,0.000000,0.000000,0.000000,0.000000
23.8000,-0.268220,-0.076755,-0.764301,0.946456,0.000000,0.000000,0.000000,0.276382,-0.367482,-0.143056,0.651699,0.000000,0.000000,0.000000,0.000000
23.8167,-0.243875,-0.067492,-0.777490,0.949559,0.000000,0.000000,0.000000,0.268702,-0.362349,-0.171406,0.623206,0.000000,0.000000,0.000000,0.000000
23.8333,-0.216357,-0.056847,-0.790787,0.954096,0.000000,0.000000,0.000000,0.262119,-0.358183,-0.193386,0.601214,0.000000,0.000000,0.000000,0.000000
23.8500,-0.185860,-0.044718,-0.804077,0.960121,0.000000,0.000000,0.000000,0.256685,-0.355020,-0.209644,0.584862,0.000000,0.000000,0.000000,0.000000
23.8667,-0.152736,-0.031026,-0.817189,0.967576,0.000000,0.000000,0.000000,0.252389,-0.352853,-0.220842,0.573246,0.000000,0.000000,0.000000,0.000000
23.8833,-0.117506,-0.015724,-0.829892,0.976265,0.000000,0.000000,0.000000,0.249175,-0.351640,-0.227623,0.565444,0.000000,0.000000,0.000000,0.000000
23.9000,-0.080850,0.001205,-0.841906,0.985819,0.000000,0.000000,0.000000,0.246957,-0.351308,-0.230601,0.560552,0.000000,0.000000,0.000000,0.000000
23.9167,-0.043575,0.019746,-0.852918,0.995689,0.000000,0.000000,0.000000,0.245632,-0.351759,-0.230350,0.557698,0.000000,0.000000,0.000000,0.000000
23.9333,-0.006561,0.039831,-0.862616,1.005171,0.000000,0.000000,0.000000,0.245092,-0.352876,-0.227413,0.556062,0.000000,0.000000,0.000000,0.000000
23.9500,0.029291,0.061323,-0.870734,1.013480,0.000000,0.000000,0.000000,0.245227,-0.354517,-0.222302,0.554888,0.000000,0.000000,0.000000,0.000000
23.9667,0.063126,0.084000,-0.877083,1.019837,0.000000,0.000000,0.000000,0.245925,-0.356523,-0.215515,0.553491,0.000000,0.000000,0.000000,0.000000
23.9833,0.094200,0.107521,-0.881573,1.023617,0.000000,0.000000,0.000000,0.247070,-0.358718,-0.207537,0.551263,0.000000,0.000000,0.000000,0.000000
24.0000,0.121938,0.131391,-0.884162,1.024536,0.000000,0.000000,0.000000,0.248545,-0.360907,-0.198843,0.547667,0.000000,0.000000,0.000000,0.000000
24.0167,0.145952,0.154961,-0.884831,1.022781,0.000000,0.000000,0.000000,0.250227,-0.362885,-0.189875,0.542223,0.000000,0.000000,0.000000,0.000000
24.0333,0.166027,0.177493,-0.883661,1.018954,0.000000,0.000000,0.000000,0.251986,-0.364436,-0.181031,0.534500,0.000000,0.000000,0.000000,0.000000
24.0500,0.182090,0.198280,-0.880954,1.013882,0.000000,0.000000,0.000000,0.253672,-0.365336,-0.172628,0.524114,0.000000,0.000000,0.000000,0.000000
24.0667,0.194201,0.216760,-0.877252,1.008416,0.000000,0.000000,0.000000,0.255105,-0.365357,-0.164889,0.510733,0.000000,0.000000,0.000000,0.000000
24.0833,0.202547,0.232570,-0.873215,1.003286,0.000000,0.000000,0.000000,0.256058,-0.364266,-0.157918,0.494090,0.000000,0.000000,0.000000,0.000000
24.1000,0.207434,0.245553,-0.869437,0.999016,0.000000,0.000000,0.000000,0.256246,-0.361829,-0.151690,0.473996,0.000000,0.000000,0.000000,0.000000
24.1167,0.209274,0.255735,-0.866344,0.995905,0.000000,0.000000,0.000000,0.255328,-0.357817,-0.146039,0.450347,0.000000,0.000000,0.000000,0.000000
24.1333,0.208543,0.263293,-0.864175,0.994040,0.000000,0.000000,0.000000,0.252912,-0.352009,-0.140650,0.423135,0.000000,0.000000,0.000000,0.000000
24.1500,0.205736,0.268501,-0.863011,0.993347,0.000000,0.000000,0.000000,0.248584,-0.344199,-0.135069,0.392443,0.000000,0.000000,0.000000,0.000000
24.1667,0.201335,0.271683,-0.862822,0.993656,0.000000,0.000000,0.000000,0.241937,-0.334203,-0.128723,0.358461,0.000000,0.000000,0.000000,0.000000
24.1833,0.195769,0.273169,-0.863504,0.994754,0.000000,0.000000,0.000000,0.232606,-0.321865,-0.120948,0.321491,0.000000,0.000000,0.000000,0.000000
24.2000,0.189405,0.273261,-0.864926,0.996426,0.000000,0.000000,0.000000,0.220279,-0.307076,-0.111040,0.281966,0.000000,0.000000,0.000000,0.000000
24.2167,0.182524,0.272210,-0.866955,0.998481,0.000000,0.000000,0.000000,0.204721,-0.289799,-0.098295,0.240472,0.000000,0.000000,0.000000,0.000000
24.2333,0.175325,0.270196,-0.869488,1.000770,0.000000,0.000000,0.000000,0.185780,-0.270098,-0.082089,0.197763,0.000000,0.000000,0.000000,0.000000
24.2500,0.167923,0.267321,-0.872453,1.003194,0.000000,0.000000,0.000000,0.163416,-0.248162,-0.061972,0.154762,0.000000,0.000000,0.000000,0.000000
24.2833,0.160359,0.263600,-0.875802,1.005705,0.000000,0.000000,0.000000,0.137734,-0.224331,-0.037798,0.112539,0.000000,0.000000,0.000000,0.000000
24.3000,0.152610,0.258963,-0.879482,1.008315,0.000000,0.000000,0.000000,0.109056,-0.199138,-0.009836,0.072246,0.000000,0.000000,0.000000,0.000000
24.3167,0.144601,0.253259,-0.883407,1.011098,0.000000,0.000000,0.000000,0.078007,-0.173373,0.021169,0.035012,0.000000,0.000000,0.000000,0.000000
24.6833,0.136217,0.246272,-0.887437,1.014182,0.000000,0.000000,0.000000,0.045559,-0.148118,0.054017,0.001849,0.000000,0.000000,0.000000,0.000000
24.7000,0.127315,0.237744,-0.891365,1.017739,0.000000,0.000000,0.000000,0.012919,-0.124609,0.087243,-0.026421,0.000000,0.000000,0.000000,0.000000
24.7167,0.117735,0.227406,-0.894915,1.021958,0.000000,0.000000,0.000000,-0.018731,-0.103984,0.119419,-0.049213,0.000000,0.000000,0.000000,0.000000
24.7333,0.107309,0.215014,-0.897756,1.027014,0.000000,0.000000,0.000000,-0.048391,-0.087121,0.149358,-0.066176,0.000000,0.000000,0.000000,0.000000
24.7500,0.095884,0.200387,-0.899511,1.033032,0.000000,0.000000,0.000000,-0.075258,-0.074630,0.176149,-0.077154,0.000000,0.000000,0.000000,0.000000
24.7667,0.083326,0.183433,-0.899780,1.040067,0.000000,0.000000,0.000000,-0.098691,-0.066890,0.199135,-0.082131,0.000000,0.000000,0.000000,0.000000
24.7833,0.069533,0.164173,-0.898171,1.048081,0.000000,0.000000,0.000000,-0.118183,-0.064094,0.217881,-0.081192,0.000000,0.000000,0.000000,0.000000
24.8000,0.054449,0.142751,-0.894333,1.056938,0.000000,0.000000,0.000000,-0.133333,-0.066269,0.232149,-0.074481,0.000000,0.000000,0.000000,0.000000
24.8167,0.038068,0.119433,-0.887998,1.066394,0.000000,0.000000,0.000000,-0.143837,-0.073296,0.241865,-0.062185,0.000000,0.000000,0.000000,0.000000
24.8333,0.020438,0.094603,-0.879015,1.076096,0.000000,0.000000,0.000000,-0.149469,-0.084919,0.247090,-0.044538,0.000000,0.000000,0.000000,0.000000
24.8500,0.001666,0.068733,-0.867382,1.085590,0.000000,0.000000,0.000000,-0.150072,-0.100761,0.247998,-0.021856,0.000000,0.000000,0.000000,0.000000
24.8667,-0.018088,0.042357,-0.853262,1.094331,0.000000,0.000000,0.000000,-0.145555,-0.120339,0.244856,0.005423,0.000000,0.000000,0.000000,0.000000
24.8833,-0.038612,0.016019,-0.836976,1.101731,0.000000,0.000000,0.000000,-0.135900,-0.143077,0.238002,0.036699,0.000000,0.000000,0.000000,0.000000
24.9000,-0.059654,-0.009780,-0.818977,1.107229,0.000000,0.000000,0.000000,-0.121197,-0.168319,0.227837,0.071194,0.000000,0.000000,0.000000,0.000000
24.9167,-0.080928,-0.034628,-0.799784,1.110376,0.000000,0.000000,0.000000,-0.101685,-0.195345,0.214814,0.107952,0.000000,0.000000,0.000000,0.000000
24.9333,-0.102132,-0.058219,-0.779888,1.110931,0.000000,0.000000,0.000000,-0.077813,-0.223383,0.199437,0.145868,0.000000,0.000000,0.000000,0.000000
24.9667,-0.122960,-0.080351,-0.759672,1.108900,0.000000,0.000000,0.000000,-0.050296,-0.251613,0.182263,0.183729,0.000000,0.000000,0.000000,0.000000
25.0167,-0.143122,-0.100903,-0.739382,1.104518,0.000000,0.000000,0.000000,-0.020128,-0.279194,0.163913,0.220317,0.000000,0.000000,0.000000,0.000000
25.0333,-0.162347,-0.119806,-0.719171,1.098163,0.000000,0.000000,0.000000,0.011507,-0.305324,0.145045,0.254554,0.000000,0.000000,0.000000,0.000000
25.0500,-0.180395,-0.137020,-0.699170,1.090258,0.000000,0.000000,0.000000,0.043414,-0.329337,0.126265,0.285607,0.000000,0.000000,0.000000,0.000000
25.0667,-0.197065,-0.152513,-0.679533,1.081192,0.000000,0.000000,0.000000,0.074552,-0.350765,0.108042,0.312928,0.000000,0.000000,0.000000,0.000000
25.0833,-0.212205,-0.166255,-0.660454,1.071258,0.000000,0.000000,0.000000,0.104111,-0.369351,0.090669,0.336256,0.000000,0.000000,0.000000,0.000000
25.1000,-0.225710,-0.178209,-0.642161,1.060615,0.000000,0.000000,0.000000,0.131521,-0.385027,0.074271,0.355594,0.000000,0.000000,0.000000,0.000000
25.1167,-0.237527,-0.188327,-0.624914,1.049267,0.000000,0.000000,0.000000,0.156435,-0.397886,0.058849,0.371185,0.000000,0.000000,0.000000,0.000000
25.1333,-0.247642,-0.196551,-0.609011,1.037057,0.000000,0.000000,0.000000,0.178686,-0.408134,0.044319,0.383467,0.000000,0.000000,0.000000,0.000000
25.1500,-0.256076,-0.202804,-0.594797,1.023667,0.000000,0.000000,0.000000,0.198238,-0.416050,0.030560,0.393040,0.000000,0.000000,0.000000,0.000000
25.1667,-0.262874,-0.207003,-0.582665,1.008637,0.000000,0.000000,0.000000,0.215139,-0.421938,0.017434,0.400640,0.000000,0.000000,0.000000,0.000000
25.1833,-0.268105,-0.209059,-0.573040,0.991388,0.000000,0.000000,0.000000,0.229474,-0.426086,0.004809,0.407124,0.000000,0.000000,0.000000,0.000000
25.2000,-0.271849,-0.208894,-0.566352,0.971272,0.000000,0.000000,0.000000,0.241329,-0.428745,-0.007424,0.413462,0.000000,0.000000,0.000000,0.000000
25.2167,-0.274204,-0.206446,-0.562986,0.947614,0.000000,0.000000,0.000000,0.250773,-0.430105,-0.019341,0.420738,0.000000,0.000000,0.000000,0.000000
25.2333,-0.275280,-0.201685,-0.563243,0.919761,0.000000,0.000000,0.000000,0.257849,-0.430297,-0.030980,0.430137,0.000000,0.000000,0.000000,0.000000
25.2500,-0.275198,-0.194616,-0.567291,0.887134,0.000000,0.000000,0.000000,0.262568,-0.429393,-0.042344,0.442929,0.000000,0.000000,0.000000,0.000000
25.2667,-0.274087,-0.185291,-0.575153,0.849260,0.000000,0.000000,0.000000,0.264915,-0.427412,-0.053379,0.460449,0.000000,0.000000,0.000000,0.000000
25.2833,-0.272081,-0.173811,-0.586694,0.805824,0.000000,0.000000,0.000000,0.264850,-0.424332,-0.063956,0.484059,0.000000,0.000000,0.000000,0.000000
25.3000,-0.269316,-0.160337,-0.601615,0.756708,0.000000,0.000000,0.000000,0.262318,-0.420092,-0.073853,0.515109,0.000000,0.000000,0.000000,0.000000
25.3167,-0.265918,-0.145092,-0.619461,0.702011,0.000000,0.000000,0.000000,0.257253,-0.414593,-0.082745,0.554888,0.000000,0.000000,0.000000,0.000000
25.3333,-0.261992,-0.128359,-0.639627,0.642060,0.000000,0.000000,0.000000,0.249580,-0.407706,-0.090189,0.604572,0.000000,0.000000,0.000000,0.000000
25.3500,-0.257611,-0.110476,-0.661372,0.577406,0.000000,0.000000,0.000000,0.239215,-0.399269,-0.095616,0.665156,0.000000,0.000000,0.000000,0.000000
25.3667,-0.252812,-0.091834,-0.683832,0.508819,0.000000,0.000000,0.000000,0.226065,-0.389100,-0.098312,0.737380,0.000000,0.000000,0.000000,0.000000
25.3833,-0.247603,-0.072868,-0.706045,0.437283,0.000000,0.000000,0.000000,0.210032,-0.377003,-0.097416,0.821641,0.000000,0.000000,0.000000,0.000000
25.4000,-0.241964,-0.054045,-0.726999,0.363987,0.000000,0.000000,0.000000,0.191022,-0.362782,-0.091916,0.917883,0.000000,0.000000,0.000000,0.000000
25.4167,-0.235850,-0.035847,-0.745678,0.290299,0.000000,0.000000,0.000000,0.168977,-0.346253,-0.080671,1.025487,0.000000,0.000000,0.000000,0.000000
25.4333,-0.229198,-0.018741,-0.761112,0.217704,0.000000,0.000000,0.000000,0.143913,-0.327276,-0.062448,1.143141,0.000000,0.000000,0.000000,0.000000
25.4500,-0.221947,-0.003144,-0.772466,0.147679,0.000000,0.000000,0.000000,0.115999,-0.305790,-0.036000,1.268735,0.000000,0.000000,0.000000,0.000000
25.5167,-0.214070,0.010636,-0.779176,0.081522,0.000000,0.000000,0.000000,0.085634,-0.281879,-0.000193,1.399320,0.000000,0.000000,0.000000,0.000000
25.5333,-0.205596,0.022415,-0.781016,0.020239,0.000000,0.000000,0.000000,0.053531,-0.255875,0.045818,1.531291,0.000000,0.000000,0.000000,0.000000
25.5500,-0.196615,0.032132,-0.778087,-0.035465,0.000000,0.000000,0.000000,0.020791,-0.228503,0.102391,1.660716,0.000000,0.000000,0.000000,0.000000
25.5667,-0.187269,0.039823,-0.770752,-0.085153,0.000000,0.000000,0.000000,-0.011010,-0.201002,0.169241,1.783509,0.000000,0.000000,0.000000,0.000000
25.7167,-0.177742,0.045591,-0.759558,-0.128624,0.000000,0.000000,0.000000,-0.039835,-0.175110,0.245422,1.895522,0.000000,0.000000,0.000000,0.000000
25.7333,-0.168245,0.049589,-0.745160,-0.165866,0.000000,0.000000,0.000000,-0.063523,-0.152739,0.329653,1.992987,0.000000,0.000000,0.000000,0.000000
25.7500,-0.158997,0.052006,-0.728274,-0.197033,0.000000,0.000000,0.000000,-0.080377,-0.135439,0.420843,2.073264,0.000000,0.000000,0.000000,0.000000
25.7667,-0.150212,0.053054,-0.709631,-0.222409,0.000000,0.000000,0.000000,-0.089565,-0.124060,0.518356,2.135328,0.000000,0.000000,0.000000,0.000000
25.7833,-0.142085,0.052962,-0.689957,-0.242380,0.000000,0.000000,0.000000,-0.091203,-0.118720,0.621909,2.179802,0.000000,0.000000,0.000000,0.000000
25.8833,-0.134777,0.051967,-0.669939,-0.257408,0.000000,0.000000,0.000000,-0.086225,-0.118947,0.731368,2.208714,0.000000,0.000000,0.000000,0.000000
25.9000,-0.128412,0.050304,-0.650206,-0.268001,0.000000,0.000000,0.000000,-0.076018,-0.123961,0.846641,2.224952,0.000000,0.000000,0.000000,0.000000
25.9167,-0.123066,0.048202,-0.631305,-0.274686,0.000000,0.000000,0.000000,-0.061932,-0.133050,0.967641,2.231517,0.000000,0.000000,0.000000,0.000000
25.9833,-0.118774,0.045870,-0.613696,-0.277984,0.000000,0.000000,0.000000,-0.044960,-0.145808,1.094214,2.231001,0.000000,0.000000,0.000000,0.000000
26.0000,-0.115531,0.043499,-0.597747,-0.278390,0.000000,0.000000,0.000000,-0.025708,-0.162130,1.226014,2.225476,0.000000,0.000000,0.000000,0.000000
26.0500,-0.113303,0.041253,-0.583750,-0.276351,0.000000,0.000000,0.000000,-0.004537,-0.182013,1.362356,2.216655,0.000000,0.000000,0.000000,0.000000
26.0667,-0.112040,0.039268,-0.571922,-0.272251,0.000000,0.000000,0.000000,0.018234,-0.205316,1.502051,2.206132,0.000000,0.000000,0.000000,0.000000
26.1500,-0.111679,0.037647,-0.562419,-0.266399,0.000000,0.000000,0.000000,0.042143,-0.231565,1.643250,2.195541,0.000000,0.000000,0.000000,0.000000
26.1667,-0.112146,0.036461,-0.555337,-0.259020,0.000000,0.000000,0.000000,0.066526,-0.259955,1.783433,2.186466,0.000000,0.000000,0.000000,0.000000
26.1833,-0.113361,0.035747,-0.550724,-0.250259,0.000000,0.000000,0.000000,0.090602,-0.289523,1.919610,2.180132,0.000000,0.000000,0.000000,0.000000
26.2000,-0.115236,0.035512,-0.548586,-0.240177,0.000000,0.000000,0.000000,0.113588,-0.319293,2.048679,2.177212,0.000000,0.000000,0.000000,0.000000
26.2167,-0.117682,0.035728,-0.548891,-0.228755,0.000000,0.000000,0.000000,0.134788,-0.348324,2.167905,2.177882,0.000000,0.000000,0.000000,0.000000
26.2333,-0.120614,0.036334,-0.551570,-0.215895,0.000000,0.000000,0.000000,0.153669,-0.375757,2.275328,2.181960,0.000000,0.000000,0.000000,0.000000
26.2500,-0.123959,0.037234,-0.556510,-0.201424,0.000000,0.000000,0.000000,0.169896,-0.400879,2.369880,2.189031,0.000000,0.000000,0.000000,0.000000
26.2667,-0.127664,0.038301,-0.563554,-0.185103,0.000000,0.000000,0.000000,0.183328,-0.423156,2.451259,2.198536,0.000000,0.000000,0.000000,0.000000
26.2833,-0.131695,0.039375,-0.572494,-0.166646,0.000000,0.000000,0.000000,0.193996,-0.442250,2.519742,2.209864,0.000000,0.000000,0.000000,0.000000
26.3000,-0.136038,0.040279,-0.583074,-0.145742,0.000000,0.000000,0.000000,0.202077,-0.458018,2.576025,2.222418,0.000000,0.000000,0.000000,0.000000
26.3167,-0.140691,0.040821,-0.594993,-0.122087,0.000000,0.000000,0.000000,0.207867,-0.470498,2.621090,2.235677,0.000000,0.000000,0.000000,0.000000
26.3333,-0.145659,0.040811,-0.607905,-0.095420,0.000000,0.000000,0.000000,0.211766,-0.479886,2.656094,2.249237,0.000000,0.000000,0.000000,0.000000
26.3500,-0.150943,0.040071,-0.621431,-0.065554,0.000000,0.000000,0.000000,0.214243,-0.486499,2.660000,2.262837,0.000000,0.000000,0.000000,0.000000
26.3667,-0.156540,0.038456,-0.635171,-0.032400,0.000000,0.000000,0.000000,0.215798,-0.490731,2.660000,2.276360,0.000000,0.000000,0.000000,0.000000
26.3833,-0.162432,0.035863,-0.648724,0.004011,0.000000,0.000000,0.000000,0.216917,-0.493006,2.660000,2.289829,0.000000,0.000000,0.000000,0.000000
26.4000,-0.168598,0.032248,-0.661719,0.043514,0.000000,0.000000,0.000000,0.218033,-0.493739,2.660000,2.303386,0.000000,0.000000,0.000000,0.000000
26.4167,-0.175007,0.027626,-0.673830,0.085806,0.000000,0.000000,0.000000,0.219491,-0.493306,2.660000,2.317277,0.000000,0.000000,0.000000,0.000000
26.4333,-0.181629,0.022071,-0.684810,0.130448,0.000000,0.000000,0.000000,0.221525,-0.492014,2.660000,2.331827,0.000000,0.000000,0.000000,0.000000
26.4500,-0.188435,0.015708,-0.694515,0.176897,0.000000,0.000000,0.000000,0.224239,-0.490081,2.660000,2.347430,0.000000,0.000000,0.000000,0.000000
26.4667,-0.195406,0.008695,-0.702922,0.224547,0.000000,0.000000,0.000000,0.227604,-0.487631,2.660000,2.364527,0.000000,0.000000,0.000000,0.000000
26.4833,-0.202525,0.001209,-0.710114,0.272766,0.000000,0.000000,0.000000,0.231470,-0.484688,2.660000,2.383605,0.000000,0.000000,0.000000,0.000000
26.5000,-0.209775,-0.006577,-0.716240,0.320943,0.000000,0.000000,0.000000,0.235573,-0.481189,2.660000,2.405174,0.000000,0.000000,0.000000,0.000000
26.5167,-0.217129,-0.014503,-0.721470,0.368504,0.000000,0.000000,0.000000,0.239554,-0.476996,2.660000,2.429740,0.000000,0.000000,0.000000,0.000000
26.5333,-0.224552,-0.022424,-0.725951,0.414933,0.000000,0.000000,0.000000,0.242961,-0.471904,2.660000,2.457754,0.000000,0.000000,0.000000,0.000000
26.5500,-0.231995,-0.030212,-0.729789,0.459779,0.000000,0.000000,0.000000,0.245259,-0.465671,2.660000,2.489562,0.000000,0.000000,0.000000,0.000000
26.5667,-0.239404,-0.037763,-0.733037,0.502665,0.000000,0.000000,0.000000,0.245839,-0.458032,2.660000,2.525354,0.000000,0.000000,0.000000,0.000000
26.5833,-0.246720,-0.044997,-0.735692,0.543299,0.000000,0.000000,0.000000,0.244031,-0.448731,2.660000,2.565126,0.000000,0.000000,0.000000,0.000000
26.6000,-0.253883,-0.051866,-0.737710,0.581468,0.000000,0.000000,0.000000,0.239137,-0.437543,2.660000,2.608649,0.000000,0.000000,0.000000,0.000000
26.6167,-0.260825,-0.058350,-0.739014,0.617041,0.000000,0.000000,0.000000,0.230470,-0.424305,2.660000,2.655469,0.000000,0.000000,0.000000,0.000000
26.6333,-0.267470,-0.064453,-0.739519,0.649948,0.000000,0.000000,0.000000,0.217396,-0.408941,2.660000,2.704918,0.000000,0.000000,0.000000,0.000000
26.6500,-0.273730,-0.070195,-0.739146,0.680163,0.000000,0.000000,0.000000,0.199395,-0.391490,2.659900,2.756140,0.000000,0.000000,0.000000,0.000000
26.6667,-0.279501,-0.075596,-0.737840,0.707688,0.000000,0.000000,0.000000,0.176121,-0.372125,2.657438,2.808131,0.000000,0.000000,0.000000,0.000000
26.6833,-0.284670,-0.080677,-0.735580,0.732539,0.000000,0.000000,0.000000,0.147488,-0.351175,2.655496,2.859788,0.000000,0.000000,0.000000,0.000000
26.7000,-0.289126,-0.085449,-0.732393,0.754748,0.000000,0.000000,0.000000,0.113775,-0.329119,2.654064,2.909962,0.000000,0.000000,0.000000,0.000000
26.7500,-0.292764,-0.089914,-0.728349,0.774364,0.000000,0.000000,0.000000,0.075758,-0.306569,2.653131,2.957534,0.000000,0.000000,0.000000,0.000000
26.8833,-0.295493,-0.094072,-0.723557,0.791473,0.000000,0.000000,0.000000,0.034778,-0.284159,2.652663,3.001537,0.000000,0.000000,0.000000,0.000000
26.9000,-0.297239,-0.097917,-0.718158,0.806202,0.000000,0.000000,0.000000,-0.007437,-0.262434,2.652588,3.041282,0.000000,0.000000,0.000000,0.000000
26.9167,-0.297940,-0.101434,-0.712324,0.818723,0.000000,0.000000,0.000000,-0.049156,-0.241793,2.652815,3.076406,0.000000,0.000000,0.000000,0.000000
26.9333,-0.297537,-0.104596,-0.706254,0.829248,0.000000,0.000000,0.000000,-0.088942,-0.222517,2.653257,3.106819,0.000000,0.000000,0.000000,0.000000
26.9500,-0.295965,-0.107356,-0.700160,0.838018,0.000000,0.000000,0.000000,-0.125727,-0.204804,2.653844,3.132639,0.000000,0.000000,0.000000,0.000000
26.9667,-0.293136,-0.109650,-0.694250,0.845293,0.000000,0.000000,0.000000,-0.158805,-0.188789,2.654515,3.154130,0.000000,0.000000,0.000000,0.000000
26.9833,-0.288935,-0.111394,-0.688710,0.851335,0.000000,0.000000,0.000000,-0.187790,-0.174564,2.655224,3.171654,0.000000,0.000000,0.000000,0.000000
27.0000,-0.283213,-0.112495,-0.683707,0.856408,0.000000,0.000000,0.000000,-0.212571,-0.162184,2.655934,3.180000,0.000000,0.000000,0.000000,0.000000
27.0167,-0.275798,-0.112855,-0.679389,0.860782,0.000000,0.000000,0.000000,-0.233246,-0.151671,2.656618,3.180000,0.000000,0.000000,0.000000,0.000000
27.0333,-0.266500,-0.112382,-0.675892,0.864741,0.000000,0.000000,0.000000,-0.250063,-0.143019,2.657258,3.180000,0.000000,0.000000,0.000000,0.000000
27.0500,-0.255131,-0.111000,-0.673345,0.868591,0.000000,0.000000,0.000000,-0.263361,-0.136210,2.657841,3.180000,0.000000,0.000000,0.000000,0.000000
27.0667,-0.241521,-0.108650,-0.671868,0.872666,0.000000,0.000000,0.000000,-0.273516,-0.131226,2.658359,3.180000,0.000000,0.000000,0.000000,0.000000
27.0833,-0.225538,-0.105295,-0.671569,0.877327,0.000000,0.000000,0.000000,-0.280912,-0.128078,2.658810,3.180000,0.000000,0.000000,0.000000,0.000000
27.1000,-0.207117,-0.100927,-0.672540,0.882957,0.000000,0.000000,0.000000,-0.285902,-0.126810,2.659195,3.180000,0.000000,0.000000,0.000000,0.000000
27.1333,-0.186279,-0.095562,-0.674846,0.889948,0.000000,0.000000,0.000000,-0.288788,-0.127513,2.659516,3.180000,0.000000,0.000000,0.000000,0.000000
27.1500,-0.163159,-0.089246,-0.678516,0.898691,0.000000,0.000000,0.000000,-0.289799,-0.130316,2.659778,3.180000,0.000000,0.000000,0.000000,0.000000
27.1667,-0.138016,-0.082051,-0.683544,0.909540,0.000000,0.000000,0.000000,-0.289083,-0.135373,2.659987,3.180000,0.000000,0.000000,0.000000,0.000000
27.1833,-0.111238,-0.074071,-0.689911,0.922773,0.000000,0.000000,0.000000,-0.286696,-0.142833,2.660000,3.180000,0.000000,0.000000,0.000000,0.000000
27.2000,-0.083329,-0.065399,-0.697622,0.938529,0.000000,0.000000,0.000000,-0.282612,-0.152820,2.660000,3.180000,0.000000,0.000000,0.000000,0.000000
27.2667,-0.054887,-0.056109,-0.706722,0.956747,0.000000,0.000000,0.000000,-0.276722,-0.165405,2.660000,3.180000,0.000000,0.000000,0.000000,0.000000
27.3000,-0.026558,-0.046224,-0.717309,0.977112,0.000000,0.000000,0.000000,-0.268861,-0.180601,2.660000,3.180000,0.000000,0.000000,0.000000,0.000000
27.3167,0.001002,-0.035700,-0.729544,0.999024,0.000000,0.000000,0.000000,-0.258833,-0.198351,2.660000,3.178399,0.000000,0.000000,0.000000,0.000000
27.3333,0.027180,-0.024409,-0.743676,1.021613,0.000000,0.000000,0.000000,-0.246438,-0.218524,2.660000,3.165752,0.000000,0.000000,0.000000,0.000000
27.3500,0.051448,-0.012142,-0.760055,1.043794,0.000000,0.000000,0.000000,-0.231491,-0.240915,2.660000,3.150608,0.000000,0.000000,0.000000,0.000000
27.3667,0.073391,0.001349,-0.779084,1.064377,0.000000,0.000000,0.000000,-0.213840,-0.265240,2.660000,3.132737,0.000000,0.000000,0.000000,0.000000
27.3833,0.092725,0.016299,-0.801141,1.082192,0.000000,0.000000,0.000000,-0.193386,-0.291136,2.660000,3.111969,0.000000,0.000000,0.000000,0.000000
27.4000,0.109301,0.032865,-0.826468,1.096221,0.000000,0.000000,0.000000,-0.170112,-0.318164,2.660000,3.088228,0.000000,0.000000,0.000000,0.000000
27.4167,0.123092,0.051078,-0.855076,1.105711,0.000000,0.000000,0.000000,-0.144121,-0.345822,2.660000,3.061573,0.000000,0.000000,0.000000,0.000000
27.4333,0.134180,0.070812,-0.886637,1.110265,0.000000,0.000000,0.000000,-0.115686,-0.373544,2.660000,3.032237,0.000000,0.000000,0.000000,0.000000
27.4500,0.142732,0.091765,-0.920405,1.109902,0.000000,0.000000,0.000000,-0.085316,-0.400707,2.660000,3.000615,0.000000,0.000000,0.000000,0.000000
27.5000,0.148983,0.113467,-0.955222,1.105050,0.000000,0.000000,0.000000,-0.053795,-0.426648,2.659920,2.967206,0.000000,0.000000,0.000000,0.000000
27.5167,0.153238,0.135335,-0.989657,1.096445,0.000000,0.000000,0.000000,-0.022111,-0.450736,2.659783,2.932524,0.000000,0.000000,0.000000,0.000000
27.5333,0.155856,0.156750,-1.022236,1.084982,0.000000,0.000000,0.000000,0.008728,-0.472461,2.659626,2.897045,0.000000,0.000000,0.000000,0.000000
27.5500,0.157236,0.177134,-1.051637,1.071570,0.000000,0.000000,0.000000,0.037875,-0.491493,2.659449,2.861209,0.000000,0.000000,0.000000,0.000000
27.5667,0.157782,0.196002,-1.076813,1.057050,0.000000,0.000000,0.000000,0.064746,-0.507677,2.659252,2.825453,0.000000,0.000000,0.000000,0.000000
27.5833,0.157869,0.212985,-1.097027,1.042147,0.000000,0.000000,0.000000,0.089046,-0.521004,2.659036,2.790232,0.000000,0.000000,0.000000,0.000000
27.6000,0.157829,0.227835,-1.111849,1.027451,0.000000,0.000000,0.000000,0.110725,-0.531581,2.658804,2.756018,0.000000,0.000000,0.000000,0.000000
27.6167,0.157929,0.240415,-1.121128,1.013421,0.000000,0.000000,0.000000,0.129895,-0.539600,2.658560,2.723258,0.000000,0.000000,0.000000,0.000000
27.6333,0.158361,0.250683,-1.124965,1.000387,0.000000,0.000000,0.000000,0.146741,-0.545305,2.658311,2.692314,0.000000,0.000000,0.000000,0.000000
27.6500,0.159242,0.258677,-1.123682,0.988565,0.000000,0.000000,0.000000,0.161447,-0.548972,2.658066,2.663415,0.000000,0.000000,0.000000,0.000000
27.6667,0.160612,0.264490,-1.117775,0.978069,0.000000,0.000000,0.000000,0.174154,-0.550881,2.657839,2.636628,0.000000,0.000000,0.000000,0.000000
27.6833,0.162450,0.268257,-1.107858,0.968927,0.000000,0.000000,0.000000,0.184954,-0.551290,2.657647,2.611880,0.000000,0.000000,0.000000,0.000000
27.7000,0.164684,0.270124,-1.094608,0.961102,0.000000,0.000000,0.000000,0.193906,-0.550428,2.657510,2.588997,0.000000,0.000000,0.000000,0.000000
27.7167,0.167202,0.270237,-1.078707,0.954504,0.000000,0.000000,0.000000,0.201067,-0.548486,2.657453,2.567761,0.000000,0.000000,0.000000,0.000000
27.7333,0.169864,0.268722,-1.060807,0.949009,0.000000,0.000000,0.000000,0.206509,-0.545626,2.657508,2.547955,0.000000,0.000000,0.000000,0.000000
27.7500,0.172512,0.265676,-1.041499,0.944472,0.000000,0.000000,0.000000,0.210343,-0.541991,2.657708,2.529396,0.000000,0.000000,0.000000,0.000000
27.7667,0.174971,0.261159,-1.021308,0.940739,0.000000,0.000000,0.000000,0.212719,-0.537712,2.658095,2.511944,0.000000,0.000000,0.000000,0.000000
27.7833,0.177052,0.255196,-1.000690,0.937667,0.000000,0.000000,0.000000,0.213828,-0.532913,2.658712,2.495514,0.000000,0.000000,0.000000,0.000000
27.8000,0.178546,0.247784,-0.980047,0.935129,0.000000,0.000000,0.000000,0.213889,-0.527712,2.659606,2.480076,0.000000,0.000000,0.000000,0.000000
27.8167,0.179223,0.238909,-0.959745,0.933019,0.000000,0.000000,0.000000,0.213149,-0.522231,2.660000,2.465670,0.000000,0.000000,0.000000,0.000000
27.8333,0.178828,0.228560,-0.940120,0.931262,0.000000,0.000000,0.000000,0.211872,-0.516606,2.660000,2.452400,0.000000,0.000000,0.000000,0.000000
27.8500,0.177088,0.216738,-0.921484,0.929810,0.000000,0.000000,0.000000,0.210332,-0.510986,2.660000,2.440413,0.000000,0.000000,0.000000,0.000000
27.8667,0.173720,0.203468,-0.904104,0.928656,0.000000,0.000000,0.000000,0.208805,-0.505527,2.660000,2.429868,0.000000,0.000000,0.000000,0.000000
27.8833,0.168442,0.188795,-0.888186,0.927836,0.000000,0.000000,0.000000,0.207549,-0.500381,2.660000,2.420906,0.000000,0.000000,0.000000,0.000000
27.9000,0.160994,0.172791,-0.873850,0.927432,0.000000,0.000000,0.000000,0.206793,-0.495672,2.660000,2.413620,0.000000,0.000000,0.000000,0.000000
27.9167,0.151153,0.155548,-0.861120,0.927573,0.000000,0.000000,0.000000,0.206709,-0.491488,2.660000,2.408040,0.000000,0.000000,0.000000,0.000000
27.9333,0.138748,0.137180,-0.849920,0.928427,0.000000,0.000000,0.000000,0.207398,-0.487869,2.660000,2.404111,0.000000,0.000000,0.000000,0.000000
27.9500,0.123673,0.117823,-0.840091,0.930191,0.000000,0.000000,0.000000,0.208872,-0.484802,2.660000,2.401686,0.000000,0.000000,0.000000,0.000000
27.9667,0.105897,0.097635,-0.831399,0.933065,0.000000,0.000000,0.000000,0.211063,-0.482226,2.660000,2.400525,0.000000,0.000000,0.000000,0.000000
27.9833,0.085479,0.076783,-0.823541,0.937229,0.000000,0.000000,0.000000,0.213835,-0.480045,2.660000,2.400310,0.000000,0.000000,0.000000,0.000000
28.0000,0.062577,0.055429,-0.816119,0.942815,0.000000,0.000000,0.000000,0.217002,-0.478131,2.660000,2.400663,0.000000,0.000000,0.000000,0.000000
28.0167,0.037458,0.033708,-0.808626,0.949888,0.000000,0.000000,0.000000,0.220350,-0.476342,2.660000,2.401172,0.000000,0.000000,0.000000,0.000000
28.0333,0.010491,0.011719,-0.800444,0.958436,0.000000,0.000000,0.000000,0.223659,-0.474521,2.660000,2.401408,0.000000,0.000000,0.000000,0.000000
28.0500,-0.017861,-0.010471,-0.790891,0.968367,0.000000,0.000000,0.000000,0.226723,-0.472508,2.660000,2.400949,0.000000,0.000000,0.000000,0.000000
28.0667,-0.047069,-0.032791,-0.779337,0.979497,0.000000,0.000000,0.000000,0.229363,-0.470140,2.660000,2.399389,0.000000,0.000000,0.000000,0.000000
28.0833,-0.076559,-0.055125,-0.765334,0.991540,0.000000,0.000000,0.000000,0.231438,-0.467246,2.660000,2.396358,0.000000,0.000000,0.000000,0.000000
28.1000,-0.105742,-0.077282,-0.748726,1.004107,0.000000,0.000000,0.000000,0.232840,-0.463656,2.660000,2.391519,0.000000,0.000000,0.000000,0.000000
28.1167,-0.134034,-0.098996,-0.729685,1.016730,0.000000,0.000000,0.000000,0.233483,-0.459196,2.660000,2.384572,0.000000,0.000000,0.000000,0.000000
28.1333,-0.160885,-0.119945,-0.708674,1.028913,0.000000,0.000000,0.000000,0.233285,-0.453696,2.660000,2.375248,0.000000,0.000000,0.000000,0.000000
28.1500,-0.185801,-0.139795,-0.686351,1.040183,0.000000,0.000000,0.000000,0.232168,-0.446995,2.660000,2.363312,0.000000,0.000000,0.000000,0.000000
28.1667,-0.208381,-0.158240,-0.663455,1.050142,0.000000,0.000000,0.000000,0.230058,-0.438945,2.642950,2.348562,0.000000,0.000000,0.000000,0.000000
28.1833,-0.228338,-0.175038,-0.640699,1.058509,0.000000,0.000000,0.000000,0.226893,-0.429420,2.607343,2.330841,0.000000,0.000000,0.000000,0.000000
28.2000,-0.245511,-0.190027,-0.618702,1.065126,0.000000,0.000000,0.000000,0.222640,-0.418329,2.562162,2.310045,0.000000,0.000000,0.000000,0.000000
28.2167,-0.259870,-0.203127,-0.597943,1.069959,0.000000,0.000000,0.000000,0.217310,-0.405635,2.506418,2.286144,0.000000,0.000000,0.000000,0.000000
28.2333,-0.271491,-0.214333,-0.578764,1.073061,0.000000,0.000000,0.000000,0.210974,-0.391383,2.439329,2.259210,0.000000,0.000000,0.000000,0.000000
28.2500,-0.280538,-0.223697,-0.561374,1.074542,0.000000,0.000000,0.000000,0.203765,-0.375732,2.360420,2.229439,0.000000,0.000000,0.000000,0.000000
28.2667,-0.287235,-0.231315,-0.545894,1.074532,0.000000,0.000000,0.000000,0.195883,-0.358982,2.269660,2.197183,0.000000,0.000000,0.000000,0.000000
28.2833,-0.291841,-0.237309,-0.532400,1.073146,0.000000,0.000000,0.000000,0.187597,-0.341605,2.167614,2.162986,0.000000,0.000000,0.000000,0.000000
28.3833,-0.294627,-0.241805,-0.520963,1.070465,0.000000,0.000000,0.000000,0.179257,-0.324252,2.055559,2.127564,0.000000,0.000000,0.000000,0.000000
28.4000,-0.295866,-0.244921,-0.511679,1.066522,0.000000,0.000000,0.000000,0.171305,-0.307727,1.935435,2.091523,0.000000,0.000000,0.000000,0.000000
28.4167,-0.295818,-0.246761,-0.504661,1.061290,0.000000,0.000000,0.000000,0.164271,-0.292956,1.809693,2.054885,0.000000,0.000000,0.000000,0.000000
28.4833,-0.294725,-0.247412,-0.500019,1.054687,0.000000,0.000000,0.000000,0.158763,-0.280951,1.681165,2.016831,0.000000,0.000000,0.000000,0.000000
28.5000,-0.292805,-0.246948,-0.497829,1.046579,0.000000,0.000000,0.000000,0.155386,-0.272657,1.552751,1.975933,0.000000,0.000000,0.000000,0.000000
28.5167,-0.290242,-0.245424,-0.498122,1.036765,0.000000,0.000000,0.000000,0.154572,-0.268694,1.426867,1.930725,0.000000,0.000000,0.000000,0.000000
28.5667,-0.287176,-0.242873,-0.500875,1.024981,0.000000,0.000000,0.000000,0.156439,-0.269196,1.305053,1.880132,0.000000,0.000000,0.000000,0.000000
28.5833,-0.283705,-0.239302,-0.506017,1.010890,0.000000,0.000000,0.000000,0.160791,-0.273841,1.187986,1.823547,0.000000,0.000000,0.000000,0.000000
28.6000,-0.279878,-0.234696,-0.513426,0.994099,0.000000,0.000000,0.000000,0.167232,-0.282011,1.075690,1.760684,0.000000,0.000000,0.000000,0.000000
28.6167,-0.275707,-0.229014,-0.522936,0.974172,0.000000,0.000000,0.000000,0.175289,-0.292930,0.967771,1.691445,0.000000,0.000000,0.000000,0.000000
28.6333,-0.271171,-0.222199,-0.534337,0.950658,0.000000,0.000000,0.000000,0.184483,-0.305750,0.863625,1.615903,0.000000,0.000000,0.000000,0.000000
28.6500,-0.266227,-0.214180,-0.547377,0.923121,0.000000,0.000000,0.000000,0.194375,-0.319616,0.762631,1.534343,0.000000,0.000000,0.000000,0.000000
28.6667,-0.260815,-0.204889,-0.561760,0.891176,0.000000,0.000000,0.000000,0.204600,-0.333723,0.664347,1.447330,0.000000,0.000000,0.000000,0.000000
28.6833,-0.254871,-0.194269,-0.577141,0.854525,0.000000,0.000000,0.000000,0.214873,-0.347356,0.568708,1.355820,0.000000,0.000000,0.000000,0.000000
28.7000,-0.248331,-0.182290,-0.593132,0.812998,0.000000,0.000000,0.000000,0.224979,-0.359926,0.476210,1.261282,0.000000,0.000000,0.000000,0.000000
28.8000,-0.241140,-0.168958,-0.609315,0.766569,0.000000,0.000000,0.000000,0.234749,-0.370993,0.388000,1.165752,0.000000,0.000000,0.000000,0.000000
28.8167,-0.233260,-0.154319,-0.625268,0.715371,0.000000,0.000000,0.000000,0.244030,-0.380282,0.305612,1.071601,0.000000,0.000000,0.000000,0.000000
28.8333,-0.224671,-0.138462,-0.640587,0.659686,0.000000,0.000000,0.000000,0.252674,-0.387667,0.230445,0.981080,0.000000,0.000000,0.000000,0.000000
28.8500,-0.215384,-0.121519,-0.654912,0.599946,0.000000,0.000000,0.000000,0.260538,-0.393143,0.163405,0.896003,0.000000,0.000000,0.000000,0.000000
28.8667,-0.205445,-0.103671,-0.667946,0.536733,0.000000,0.000000,0.000000,0.267496,-0.396792,0.104873,0.817677,0.000000,0.000000,0.000000,0.000000
28.8833,-0.194953,-0.085153,-0.679461,0.470787,0.000000,0.000000,0.000000,0.273459,-0.398762,0.054830,0.746938,0.000000,0.000000,0.000000,0.000000
28.9000,-0.184063,-0.066251,-0.689291,0.403013,0.000000,0.000000,0.000000,0.278395,-0.399265,0.012966,0.684195,0.000000,0.000000,0.000000,0.000000
28.9167,-0.172983,-0.047299,-0.697328,0.334467,0.000000,0.000000,0.000000,0.282329,-0.398558,-0.021219,0.629490,0.000000,0.000000,0.000000,0.000000
28.9333,-0.161961,-0.028671,-0.703508,0.266309,0.000000,0.000000,0.000000,0.285348,-0.396934,-0.048341,0.582565,0.000000,0.000000,0.000000,0.000000
28.9500,-0.151264,-0.010764,-0.707788,0.199743,0.000000,0.000000,0.000000,0.287577,-0.394699,-0.069086,0.542934,0.000000,0.000000,0.000000,0.000000
28.9667,-0.141152,0.006025,-0.710144,0.135943,0.000000,0.000000,0.000000,0.289173,-0.392156,-0.084163,0.509946,0.000000,0.000000,0.000000,0.000000
28.9833,-0.131864,0.021327,-0.710584,0.075977,0.000000,0.000000,0.000000,0.290301,-0.389571,-0.094288,0.482833,0.000000,0.000000,0.000000,0.000000
29.0000,-0.123590,0.034836,-0.709154,0.020748,0.000000,0.000000,0.000000,0.291127,-0.387162,-0.100163,0.460755,0.000000,0.000000,0.000000,0.000000
29.0167,-0.116454,0.046330,-0.705935,-0.029058,0.000000,0.000000,0.000000,0.291800,-0.385072,-0.102469,0.442832,0.000000,0.000000,0.000000,0.000000
29.0333,-0.110493,0.055694,-0.701020,-0.073001,0.000000,0.000000,0.000000,0.292436,-0.383361,-0.101861,0.428177,0.000000,0.000000,0.000000,0.000000
29.0500,-0.105659,0.062920,-0.694515,-0.110902,0.000000,0.000000,0.000000,0.293112,-0.382000,-0.098961,0.415916,0.000000,0.000000,0.000000,0.000000
29.0667,-0.101841,0.068110,-0.686565,-0.142827,0.000000,0.000000,0.000000,0.293847,-0.380874,-0.094347,0.405215,0.000000,0.000000,0.000000,0.000000
29.0833,-0.098884,0.071451,-0.677366,-0.169050,0.000000,0.000000,0.000000,0.294598,-0.379787,-0.088547,0.395292,0.000000,0.000000,0.000000,0.000000
29.1000,-0.096620,0.073194,-0.667178,-0.190002,0.000000,0.000000,0.000000,0.295258,-0.378479,-0.082032,0.385439,0.000000,0.000000,0.000000,0.000000
29.1167,-0.094877,0.073631,-0.656314,-0.206226,0.000000,0.000000,0.000000,0.295647,-0.376643,-0.075198,0.375029,0.000000,0.000000,0.000000,0.000000
29.1333,-0.093498,0.073077,-0.645135,-0.218340,0.000000,0.000000,0.000000,0.295507,-0.373937,-0.068348,0.363527,0.000000,0.000000,0.000000,0.000000
29.1500,-0.092343,0.071852,-0.634028,-0.226986,0.000000,0.000000,0.000000,0.294509,-0.370000,-0.061680,0.350488,0.000000,0.000000,0.000000,0.000000
29.1667,-0.091300,0.070265,-0.623377,-0.232798,0.000000,0.000000,0.000000,0.292255,-0.364466,-0.055276,0.335559,0.000000,0.000000,0.000000,0.000000
29.1833,-0.090284,0.068592,-0.613539,-0.236358,0.000000,0.000000,0.000000,0.288291,-0.356981,-0.049089,0.318478,0.000000,0.000000,0.000000,0.000000
29.2000,-0.089253,0.067068,-0.604823,-0.238161,0.000000,0.000000,0.000000,0.282131,-0.347215,-0.042946,0.299071,0.000000,0.000000,0.000000,0.000000
29.2167,-0.088204,0.065879,-0.597481,-0.238597,0.000000,0.000000,0.000000,0.273279,-0.334883,-0.036539,0.277253,0.000000,0.000000,0.000000,0.000000
29.2333,-0.087174,0.065154,-0.591702,-0.237933,0.000000,0.000000,0.000000,0.261266,-0.319761,-0.029435,0.253035,0.000000,0.000000,0.000000,0.000000
29.2500,-0.086239,0.064968,-0.587619,-0.236310,0.000000,0.000000,0.000000,0.245679,-0.301705,-0.021107,0.226527,0.000000,0.000000,0.000000,0.000000
29.2667,-0.085503,0.065338,-0.585309,-0.233745,0.000000,0.000000,0.000000,0.226201,-0.280664,-0.010990,0.197964,0.000000,0.000000,0.000000,0.000000
29.2833,-0.085099,0.066236,-0.584812,-0.230131,0.000000,0.000000,0.000000,0.202656,-0.256696,0.001423,0.167711,0.000000,0.000000,0.000000,0.000000
29.3000,-0.085186,0.067592,-0.586131,-0.225254,0.000000,0.000000,0.000000,0.175066,-0.229977,0.016475,0.136270,0.000000,0.000000,0.000000,0.000000
29.3167,-0.085940,0.069306,-0.589243,-0.218802,0.000000,0.000000,0.000000,0.143719,-0.200829,0.034229,0.104258,0.000000,0.000000,0.000000,0.000000
29.3333,-0.087543,0.071251,-0.594096,-0.210395,0.000000,0.000000,0.000000,0.109255,-0.169767,0.054374,0.072381,0.000000,0.000000,0.000000,0.000000
29.4333,-0.090163,0.073269,-0.600601,-0.199601,0.000000,0.000000,0.000000,0.072733,-0.137531,0.076181,0.041372,0.000000,0.000000,0.000000,0.000000
29.4500,-0.093942,0.075172,-0.608627,-0.185962,0.000000,0.000000,0.000000,0.035532,-0.105039,0.098636,0.011874,0.000000,0.000000,0.000000,0.000000
29.4833,-0.098982,0.076743,-0.617993,-0.169021,0.000000,0.000000,0.000000,-0.000906,-0.073242,0.120717,-0.015679,0.000000,0.000000,0.000000,0.000000
29.5000,-0.105330,0.077737,-0.628462,-0.148347,0.000000,0.000000,0.000000,-0.035326,-0.042991,0.141608,-0.041093,0.000000,0.000000,0.000000,0.000000
29.5333,-0.112972,0.077892,-0.639736,-0.123568,0.000000,0.000000,0.000000,-0.066771,-0.014965,0.160756,-0.064355,0.000000,0.000000,0.000000,0.000000
29.5500,-0.121828,0.076940,-0.651469,-0.094399,0.000000,0.000000,0.000000,-0.094602,0.010362,0.177838,-0.085554,0.000000,0.000000,0.000000,0.000000
29.5667,-0.131755,0.074641,-0.663291,-0.060673,0.000000,0.000000,0.000000,-0.118477,0.032715,0.192712,-0.104825,0.000000,0.000000,0.000000,0.000000
29.5833,-0.142560,0.070813,-0.674857,-0.022362,0.000000,0.000000,0.000000,-0.138308,0.051993,0.205358,-0.122313,0.000000,0.000000,0.000000,0.000000
29.6000,-0.154020,0.065356,-0.685878,0.020401,0.000000,0.000000,0.000000,-0.154215,0.068231,0.215839,-0.138132,0.000000,0.000000,0.000000,0.000000
29.6167,-0.165894,0.058270,-0.696151,0.067310,0.000000,0.000000,0.000000,-0.166477,0.081556,0.224268,-0.152361,0.000000,0.000000,0.000000,0.000000
29.6333,-0.177940,0.049642,-0.705555,0.117882,0.000000,0.000000,0.000000,-0.175489,0.092160,0.230784,-0.165038,0.000000,0.000000,0.000000,0.000000
29.6667,-0.189925,0.039643,-0.714033,0.171475,0.000000,0.000000,0.000000,-0.181709,0.100269,0.235530,-0.176173,0.000000,0.000000,0.000000,0.000000
29.6833,-0.201643,0.028504,-0.721578,0.227302,0.000000,0.000000,0.000000,-0.185605,0.106124,0.238649,-0.185758,0.000000,0.000000,0.000000,0.000000
29.7000,-0.212921,0.016505,-0.728210,0.284474,0.000000,0.000000,0.000000,-0.187612,0.109955,0.240283,-0.193777,0.000000,0.000000,0.000000,0.000000
29.7167,-0.223636,0.003957,-0.733965,0.342042,0.000000,0.000000,0.000000,-0.188097,0.111949,0.240578,-0.200204,0.000000,0.000000,0.000000,0.000000
29.7333,-0.233719,-0.008827,-0.738881,0.399073,0.000000,0.000000,0.000000,-0.187350,0.112241,0.239679,-0.205004,0.000000,0.000000,0.000000,0.000000
29.7500,-0.243152,-0.021550,-0.743019,0.454703,0.000000,0.000000,0.000000,-0.185573,0.110890,0.237725,-0.208132,0.000000,0.000000,0.000000,0.000000
29.7667,-0.251955,-0.033947,-0.746466,0.508193,0.000000,0.000000,0.000000,-0.182881,0.107883,0.234836,-0.209533,0.000000,0.000000,0.000000,0.000000
29.8333,-0.260171,-0.045792,-0.749344,0.558936,0.000000,0.000000,0.000000,-0.179303,0.103129,0.231116,-0.209144,0.000000,0.000000,0.000000,0.000000
29.8500,-0.267844,-0.056897,-0.751816,0.606454,0.000000,0.000000,0.000000,-0.174788,0.096472,0.226639,-0.206896,0.000000,0.000000,0.000000,0.000000
29.8667,-0.274997,-0.067101,-0.754081,0.650371,0.000000,0.000000,0.000000,-0.169223,0.087710,0.221426,-0.202711,0.000000,0.000000,0.000000,0.000000
29.9167,-0.281614,-0.076261,-0.756382,0.690386,0.000000,0.000000,0.000000,-0.162444,0.076621,0.215431,-0.196498,0.000000,0.000000,0.000000,0.000000
29.9333,-0.287629,-0.084250,-0.758992,0.726265,0.000000,0.000000,0.000000,-0.154255,0.062980,0.208550,-0.188155,0.000000,0.000000,0.000000,0.000000
29.9500,-0.292930,-0.090961,-0.762178,0.757850,0.000000,0.000000,0.000000,-0.144447,0.046587,0.200630,-0.177566,0.000000,0.000000,0.000000,0.000000
29.9667,-0.297370,-0.096325,-0.766159,0.785084,0.000000,0.000000,0.000000,-0.132812,0.027285,0.191498,-0.164615,0.000000,0.000000,0.000000,0.000000
29.9833,-0.300782,-0.100308,-0.771064,0.808020,0.000000,0.000000,0.000000,-0.119168,0.004987,0.180987,-0.149193,0.000000,0.000000,0.000000,0.000000
30.0000,-0.302989,-0.102912,-0.776912,0.826819,0.000000,0.000000,0.000000,-0.103375,-0.020293,0.168966,-0.131219,0.000000,0.000000,0.000000,0.000000
30.0167,-0.303804,-0.104149,-0.783616,0.841719,0.000000,0.000000,0.000000,-0.085360,-0.048411,0.155366,-0.110652,0.000000,0.000000,0.000000,0.000000
30.0333,-0.303033,-0.104036,-0.791006,0.853016,0.000000,0.000000,0.000000,-0.065153,-0.079058,0.140215,-0.087514,0.000000,0.000000,0.000000,0.000000
30.0500,-0.300471,-0.102583,-0.798868,0.861050,0.000000,0.000000,0.000000,-0.042924,-0.111730,0.123675,-0.061911,0.000000,0.000000,0.000000,0.000000
30.0833,-0.295911,-0.099799,-0.806980,0.866204,0.000000,0.000000,0.000000,-0.019030,-0.145721,0.106076,-0.034059,0.000000,0.000000,0.000000,0.000000
30.1000,-0.289147,-0.095700,-0.815146,0.868909,0.000000,0.000000,0.000000,0.005949,-0.180139,0.087945,-0.004307,0.000000,0.000000,0.000000,0.000000
30.1333,-0.279985,-0.090308,-0.823227,0.869629,0.000000,0.000000,0.000000,0.031210,-0.213985,0.070018,0.026855,0.000000,0.000000,0.000000,0.000000
30.1833,-0.268248,-0.083648,-0.831175,0.868846,0.000000,0.000000,0.000000,0.055806,-0.246265,0.053196,0.058802,0.000000,0.000000,0.000000,0.000000
30.2000,-0.253799,-0.075742,-0.839053,0.867030,0.000000,0.000000,0.000000,0.078830,-0.276121,0.038377,0.090841,0.000000,0.000000,0.000000,0.000000
30.2167,-0.236556,-0.066591,-0.847031,0.864612,0.000000,0.000000,0.000000,0.099605,-0.302920,0.026223,0.122315,0.000000,0.000000,0.000000,0.000000
30.2333,-0.216517,-0.056178,-0.855370,0.861972,0.000000,0.000000,0.000000,0.117761,-0.326278,0.017049,0.152666,0.000000,0.000000,0.000000,0.000000
30.2500,-0.193784,-0.044475,-0.864378,0.859430,0.000000,0.000000,0.000000,0.133195,-0.346041,0.010859,0.181451,0.000000,0.000000,0.000000,0.000000
30.2667,-0.168582,-0.031451,-0.874369,0.857244,0.000000,0.000000,0.000000,0.145982,-0.362245,0.007449,0.208344,0.000000,0.000000,0.000000,0.000000
30.2833,-0.141268,-0.017078,-0.885628,0.855597,0.000000,0.000000,0.000000,0.156303,-0.375076,0.006498,0.233131,0.000000,0.000000,0.000000,0.000000
30.3000,-0.112339,-0.001334,-0.898379,0.854573,0.000000,0.000000,0.000000,0.164397,-0.384832,0.007632,0.255685,0.000000,0.000000,0.000000,0.000000
30.3167,-0.082417,0.015807,-0.912764,0.854139,0.000000,0.000000,0.000000,0.170529,-0.391884,0.010447,0.275943,0.000000,0.000000,0.000000,0.000000
30.3333,-0.052232,0.034369,-0.928840,0.854132,0.000000,0.000000,0.000000,0.174983,-0.396644,0.014515,0.293882,0.000000,0.000000,0.000000,0.000000
30.3500,-0.022577,0.054357,-0.946599,0.854272,0.000000,0.000000,0.000000,0.178035,-0.399541,0.019403,0.309506,0.000000,0.000000,0.000000,0.000000
