t_s,q_pitch,q_roll,q_yaw,q_elbow,target_x,target_y,target_z
8.1833,-2.071486,1.068655,-0.848492,0.195635,0.312579,0.285672,0.754009
8.2000,-2.120023,1.080159,-0.918920,0.201220,0.269242,0.272648,0.800089
8.2167,-2.120550,1.080250,-0.921778,0.203884,0.268534,0.273362,0.798872
8.2333,-2.113586,1.070027,-0.906500,0.212763,0.270406,0.272439,0.799002
8.2500,-2.091889,1.042672,-0.857836,0.228645,0.274392,0.269492,0.798827
8.2667,-2.064904,1.002517,-0.794909,0.250049,0.280651,0.264309,0.798661
8.2833,-2.047260,0.964510,-0.739922,0.270081,0.285501,0.258838,0.799863
8.3000,-2.025213,0.916563,-0.674029,0.287502,0.290946,0.251077,0.799512
8.3167,-2.012613,0.880912,-0.653811,0.309151,0.300058,0.243146,0.797691
8.3333,-2.009801,0.849812,-0.658588,0.342803,0.310852,0.235173,0.796198
8.3500,-2.009856,0.844178,-0.661263,0.357752,0.314293,0.234861,0.796182
8.3667,-2.014428,0.838868,-0.675180,0.377372,0.318502,0.233713,0.796537
8.3833,-2.014427,0.835374,-0.678154,0.394849,0.321879,0.234747,0.796500
8.4000,-2.012821,0.830709,-0.663314,0.407621,0.322877,0.236710,0.797655
8.4167,-2.006112,0.819698,-0.626169,0.410085,0.321636,0.237442,0.798775
8.4333,-1.999951,0.810614,-0.595120,0.411044,0.320826,0.238070,0.799616
8.4833,-2.031104,0.730960,-0.322614,0.432289,0.291168,0.246082,0.826283
8.5000,-2.027465,0.712647,-0.245275,0.413143,0.281754,0.249250,0.829364
8.5167,-2.029040,0.719789,-0.220963,0.396733,0.274726,0.254377,0.831371
8.5333,-2.035838,0.734774,-0.236432,0.383659,0.269475,0.255535,0.833041
8.5500,-2.043696,0.759106,-0.274330,0.377563,0.266349,0.257262,0.834153
8.5667,-2.046226,0.782103,-0.312793,0.366218,0.264471,0.258310,0.833241
8.5833,-2.048007,0.804300,-0.350616,0.360129,0.264301,0.259977,0.832143
8.6000,-2.046863,0.824061,-0.382978,0.349658,0.264189,0.261334,0.830151
8.6167,-2.043901,0.837705,-0.413719,0.337245,0.265246,0.260423,0.827365
8.6333,-2.041050,0.842509,-0.440385,0.326424,0.267397,0.256919,0.824444
8.6500,-2.043105,0.831024,-0.451141,0.328769,0.270199,0.250938,0.823696
8.6667,-2.048929,0.847972,-0.480075,0.321591,0.268851,0.251887,0.823566
8.6833,-2.054838,0.860409,-0.502209,0.323803,0.268648,0.253600,0.823929
8.7000,-2.056286,0.867836,-0.512862,0.329967,0.269572,0.255948,0.823916
8.7167,-2.058894,0.867024,-0.536746,0.343257,0.274415,0.254070,0.823301
8.7333,-2.067965,0.864310,-0.574651,0.359095,0.279758,0.249592,0.823184
8.7500,-2.076749,0.861308,-0.609568,0.372874,0.284210,0.245387,0.822829
8.7667,-2.081831,0.853293,-0.622191,0.382518,0.286585,0.241674,0.822862
8.7833,-2.082085,0.845492,-0.617185,0.388472,0.287498,0.239991,0.823083
8.8000,-2.077944,0.836143,-0.595886,0.392701,0.287629,0.239772,0.823451
8.8167,-2.073178,0.825206,-0.566652,0.393821,0.286738,0.239539,0.824201
8.8333,-2.067378,0.816365,-0.537281,0.391100,0.285377,0.239836,0.824610
8.8500,-2.061498,0.805947,-0.502958,0.388654,0.283718,0.240410,0.825247
8.8667,-2.061843,0.815231,-0.496519,0.380742,0.280458,0.243916,0.826300
8.8833,-2.065491,0.835067,-0.499137,0.366910,0.274778,0.249412,0.827568
8.9000,-2.070973,0.864089,-0.511961,0.348144,0.267764,0.256241,0.828532
8.9167,-2.078220,0.891528,-0.525718,0.328071,0.260250,0.261871,0.829431
8.9333,-2.084768,0.916331,-0.539707,0.310667,0.253776,0.266764,0.829909
8.9500,-2.095597,0.943253,-0.575009,0.292107,0.248868,0.269068,0.829788
8.9667,-2.104904,0.966857,-0.607004,0.279322,0.245393,0.271740,0.829282
8.9833,-2.107366,0.988859,-0.626724,0.262383,0.241969,0.275154,0.827527
9.0000,-2.108788,1.011190,-0.645674,0.243734,0.238765,0.278478,0.825528
9.0167,-2.109300,1.032202,-0.666478,0.227886,0.236873,0.281578,0.823236
9.0333,-2.104805,1.044656,-0.671662,0.216004,0.235758,0.284147,0.820929
9.0500,-2.102326,1.053385,-0.681468,0.215471,0.237006,0.286476,0.819724
9.0667,-2.096055,1.059550,-0.687643,0.217060,0.239405,0.288879,0.817891
9.0833,-2.086876,1.058772,-0.678669,0.217756,0.241111,0.290284,0.816384
9.1000,-2.080138,1.049704,-0.673013,0.224757,0.244842,0.289025,0.815667
9.1167,-2.075346,1.040303,-0.671252,0.235430,0.249123,0.287728,0.815248
9.1333,-2.071956,1.027315,-0.670811,0.246071,0.253699,0.284799,0.814859
9.1500,-2.070473,1.013834,-0.675019,0.257481,0.258592,0.281125,0.814513
9.1667,-2.068456,1.000546,-0.678782,0.269207,0.263501,0.277641,0.813947
9.1833,-2.067652,0.981892,-0.678269,0.281475,0.268168,0.272450,0.813862
9.2000,-2.063594,0.962347,-0.670914,0.291992,0.272527,0.267531,0.813305
9.2167,-2.061949,0.940350,-0.662937,0.303205,0.276535,0.261538,0.813410
9.2333,-2.060719,0.914240,-0.648664,0.314011,0.279782,0.254466,0.813874
9.2500,-2.060725,0.886665,-0.633732,0.324324,0.282562,0.246626,0.814577
9.2667,-2.059341,0.867607,-0.626488,0.330499,0.285156,0.240724,0.814287
9.2833,-2.055685,0.857685,-0.625090,0.333492,0.287783,0.237523,0.813041
9.3000,-2.053601,0.853297,-0.628321,0.338888,0.290397,0.236271,0.812199
9.3167,-2.054284,0.844421,-0.627363,0.345743,0.292200,0.233716,0.812307
9.3333,-2.052733,0.833829,-0.619468,0.349452,0.293306,0.231011,0.812153
9.3500,-2.046367,0.830610,-0.608699,0.353176,0.294835,0.232113,0.811350
9.3667,-2.045202,0.839924,-0.609108,0.356315,0.294950,0.236456,0.811796
9.3833,-2.050387,0.864606,-0.631776,0.353546,0.293273,0.242986,0.812487
9.4000,-2.050783,0.876507,-0.630984,0.349818,0.290857,0.247500,0.812933
9.4167,-2.048630,0.891481,-0.623862,0.337813,0.286739,0.252820,0.813169
9.4333,-2.046923,0.916652,-0.618827,0.316672,0.280048,0.260412,0.813369
9.4500,-2.047820,0.950258,-0.618146,0.289180,0.270940,0.269404,0.813706
9.4667,-2.045391,0.980484,-0.607491,0.263409,0.261747,0.278533,0.813573
9.4833,-2.032800,0.987922,-0.584607,0.241476,0.257612,0.281485,0.811185
9.5000,-2.030501,1.022234,-0.593087,0.213306,0.250733,0.288748,0.809601
9.5167,-2.041798,1.058966,-0.636555,0.190756,0.245911,0.292743,0.808481
9.5333,-2.047178,1.065425,-0.669605,0.188431,0.248435,0.290951,0.806551
9.5500,-2.043096,1.049372,-0.679543,0.203065,0.255739,0.286802,0.804810
9.5667,-2.035370,1.026691,-0.676614,0.217973,0.263198,0.281608,0.803258
9.5833,-2.026285,1.002914,-0.668658,0.235088,0.270755,0.276856,0.801877
9.6000,-2.017594,0.975338,-0.656424,0.257581,0.278853,0.271865,0.800996
9.6167,-2.013346,0.939649,-0.643216,0.282241,0.286918,0.263647,0.800957
9.6333,-2.010324,0.893992,-0.618598,0.311444,0.294686,0.253232,0.801699
9.6500,-2.008926,0.857255,-0.602633,0.340860,0.302089,0.244924,0.802242
9.6667,-2.013423,0.820145,-0.588275,0.368477,0.307551,0.235254,0.803904
9.6833,-2.020118,0.787144,-0.573453,0.391578,0.310757,0.226258,0.806074
9.7000,-2.026572,0.770506,-0.561529,0.397741,0.309692,0.221193,0.808293
9.7167,-2.032126,0.765264,-0.553033,0.393774,0.306443,0.219116,0.810310
9.7333,-2.032159,0.755908,-0.535288,0.388257,0.303942,0.216908,0.811127
9.7500,-2.030875,0.743513,-0.513579,0.383243,0.301936,0.214239,0.811783
9.7667,-2.027731,0.732187,-0.493915,0.377865,0.300676,0.211918,0.811752
9.7833,-2.019601,0.729502,-0.480085,0.371214,0.300786,0.212636,0.810256
9.8000,-2.009853,0.734154,-0.474234,0.362111,0.301394,0.215010,0.808015
9.8167,-2.007460,0.748022,-0.493885,0.366703,0.304403,0.218486,0.806773
9.8333,-2.012230,0.771504,-0.521928,0.365744,0.303966,0.223599,0.807160
9.8500,-2.019223,0.805991,-0.555685,0.354168,0.300374,0.230952,0.807782
9.8667,-2.022661,0.833703,-0.581843,0.340054,0.297199,0.236559,0.807230
9.8833,-2.028652,0.881161,-0.617925,0.310586,0.290076,0.246332,0.806745
9.9000,-2.036510,0.927726,-0.653223,0.279601,0.282220,0.255361,0.806077
9.9167,-2.041179,0.968815,-0.680163,0.245898,0.274461,0.262847,0.804331
9.9333,-2.034501,0.982887,-0.681152,0.228979,0.272165,0.266079,0.801648
9.9500,-2.016993,0.987014,-0.661205,0.211475,0.271243,0.268346,0.797883
9.9667,-2.010753,0.994140,-0.660298,0.202394,0.271215,0.270011,0.796338
9.9833,-2.012271,0.996079,-0.678673,0.208175,0.274590,0.269490,0.795499
10.0000,-2.031160,1.001349,-0.734501,0.230106,0.280557,0.267920,0.796587
10.0167,-2.042168,0.989836,-0.772911,0.259574,0.288604,0.264004,0.796325
10.0333,-2.044586,0.968051,-0.790494,0.288398,0.297173,0.258441,0.795350
10.0500,-2.039683,0.939518,-0.783326,0.313499,0.304519,0.252137,0.794423
10.0667,-2.040005,0.903385,-0.764885,0.338116,0.309594,0.242982,0.795917
10.0833,-2.038968,0.872604,-0.740204,0.357463,0.312557,0.235809,0.797530
10.1000,-2.040728,0.842463,-0.716380,0.374086,0.314357,0.228082,0.799676
10.1167,-2.038872,0.813605,-0.680516,0.385893,0.314652,0.221861,0.801643
10.1333,-2.040349,0.786985,-0.651966,0.400699,0.315353,0.215971,0.804056
10.1500,-2.038380,0.767071,-0.616795,0.408511,0.314491,0.213156,0.806045
10.1667,-2.032196,0.757746,-0.583163,0.407449,0.312928,0.213897,0.806959
10.1833,-2.026939,0.756274,-0.559118,0.407465,0.311943,0.216907,0.807781
10.2000,-2.022349,0.752363,-0.531315,0.403814,0.309875,0.218966,0.808757
10.2167,-2.016905,0.747377,-0.507198,0.400361,0.308694,0.220249,0.809016
10.2500,-2.041166,0.823296,-0.589527,0.368709,0.298354,0.233890,0.812903
10.2667,-2.064537,0.871395,-0.654314,0.350648,0.290900,0.241379,0.814908
10.2833,-2.105031,0.948036,-0.757524,0.316799,0.278712,0.253265,0.817764
10.3000,-2.160851,1.038935,-0.881511,0.268622,0.262203,0.267559,0.819534
10.3167,-2.234586,1.125096,-1.018703,0.222782,0.244521,0.281082,0.821067
10.3333,-2.308344,1.189118,-1.150517,0.179432,0.230441,0.289684,0.819526
10.3500,-2.378309,1.220094,-1.274965,0.156963,0.223710,0.292062,0.817855
10.3667,-2.423702,1.226248,-1.362499,0.148462,0.222996,0.290670,0.815332
10.3833,-2.430741,1.218357,-1.382049,0.149518,0.225179,0.287796,0.813292
10.4000,-2.386720,1.180532,-1.332156,0.176415,0.236986,0.279840,0.811238
10.4167,-2.343347,1.145762,-1.275182,0.205363,0.247917,0.273435,0.811178
10.4500,-2.240320,1.072481,-1.110216,0.266987,0.267049,0.264818,0.808917
10.4667,-2.180793,1.027390,-1.007623,0.296958,0.279201,0.259520,0.808308
10.4833,-2.116025,0.966266,-0.885464,0.332433,0.292607,0.252733,0.805051
10.5000,-2.059471,0.912161,-0.774129,0.358546,0.304598,0.248197,0.800845
10.5167,-2.019949,0.875813,-0.704332,0.372919,0.314489,0.245318,0.796112
10.5333,-1.989283,0.851835,-0.656903,0.383017,0.322654,0.244581,0.791156
10.5500,-1.970550,0.824941,-0.615399,0.388852,0.327661,0.240658,0.788433
10.5667,-1.963280,0.799354,-0.582491,0.390613,0.329303,0.234876,0.788142
10.5833,-1.960504,0.779977,-0.558126,0.388481,0.329005,0.229821,0.788528
10.6000,-1.962133,0.772515,-0.551339,0.387019,0.328299,0.227185,0.789321
10.6167,-1.968087,0.774912,-0.558503,0.383307,0.326469,0.226119,0.790634
10.6333,-1.973912,0.777950,-0.567676,0.374093,0.323771,0.224314,0.791461
10.6500,-1.989845,0.798576,-0.611574,0.359348,0.319868,0.223557,0.792894
10.6667,-2.018293,0.824208,-0.680442,0.360998,0.317647,0.223765,0.795960
10.6833,-2.047676,0.852504,-0.748234,0.358586,0.313971,0.225549,0.798809
10.7000,-2.077364,0.883413,-0.816496,0.351137,0.309558,0.228458,0.801166
10.7167,-2.100685,0.919643,-0.874435,0.327003,0.303090,0.233068,0.801536
10.7333,-2.122764,0.963101,-0.938722,0.289910,0.296231,0.238638,0.799681
10.7500,-2.143793,1.006203,-1.002544,0.249447,0.289922,0.244225,0.796314
10.7667,-2.162936,1.038358,-1.057286,0.215218,0.285214,0.247562,0.792725
10.7833,-2.193133,1.060324,-1.121729,0.197530,0.282203,0.248844,0.791722
10.8000,-2.213138,1.071438,-1.169587,0.191422,0.281762,0.249683,0.790120
10.8167,-2.218720,1.072872,-1.185279,0.193271,0.282390,0.249995,0.789238
10.8333,-2.216227,1.068189,-1.182009,0.194889,0.283188,0.248660,0.788714
10.8500,-2.215522,1.063040,-1.181603,0.211540,0.285631,0.249460,0.790141
10.8667,-2.218260,1.058585,-1.184549,0.233797,0.288018,0.251229,0.792648
10.8833,-2.227507,1.056627,-1.203644,0.252012,0.290277,0.252506,0.794536
10.9000,-2.216794,1.056302,-1.178173,0.263323,0.290279,0.255982,0.795519
10.9167,-2.207363,1.056347,-1.162128,0.264304,0.290762,0.257253,0.795269
10.9333,-2.196962,1.057055,-1.143077,0.262849,0.290739,0.258611,0.794815
10.9500,-2.188524,1.047608,-1.124520,0.266280,0.291949,0.256401,0.794926
10.9667,-2.181951,1.042566,-1.111193,0.267977,0.292694,0.255480,0.794888
10.9833,-2.174846,1.040502,-1.096446,0.268206,0.292828,0.255721,0.794794
11.0000,-2.166503,1.039687,-1.077802,0.267763,0.292482,0.256670,0.794833
11.0167,-2.157409,1.040571,-1.056150,0.265946,0.291527,0.258332,0.795021
11.0333,-2.148831,1.042848,-1.036342,0.263766,0.290500,0.260439,0.795183
11.0500,-2.142093,1.038138,-1.015840,0.265175,0.290074,0.260221,0.795925
11.0667,-2.138893,1.029941,-0.998640,0.265562,0.289406,0.257970,0.797019
11.0833,-2.136727,1.021894,-0.986850,0.267364,0.289358,0.255712,0.797782
11.1000,-2.140826,1.017917,-0.986053,0.267207,0.288483,0.253694,0.799003
11.1167,-2.148502,1.018955,-0.995163,0.266429,0.287305,0.252858,0.800074
11.1333,-2.154761,1.023473,-1.001712,0.267941,0.285889,0.254215,0.801259
11.1500,-2.160018,1.025255,-1.001212,0.270634,0.284105,0.255115,0.803003
11.1667,-2.166956,1.027328,-1.004603,0.273468,0.282423,0.255785,0.804853
11.1833,-2.180816,1.033993,-1.015226,0.261920,0.277608,0.254898,0.806710
11.2000,-2.193636,1.039855,-1.025308,0.251861,0.273116,0.254133,0.808184
11.2167,-2.213490,1.036447,-1.053233,0.263846,0.272960,0.251969,0.811147
11.2333,-2.235158,1.033640,-1.090122,0.276807,0.273524,0.249898,0.813448
11.2500,-2.258150,1.039367,-1.138418,0.282906,0.273788,0.249999,0.814353
11.2667,-2.277041,1.069794,-1.181176,0.263594,0.269181,0.257064,0.812927
11.2833,-2.290067,1.099441,-1.215735,0.254276,0.266163,0.266483,0.811621
11.3000,-2.301535,1.126504,-1.248443,0.252120,0.264261,0.276405,0.810684
11.3167,-2.300198,1.146592,-1.255765,0.253815,0.263202,0.285454,0.809432
11.3333,-2.288510,1.165868,-1.242418,0.246958,0.261355,0.293362,0.807336
11.3500,-2.265674,1.177895,-1.205560,0.244162,0.260246,0.300036,0.805669
11.3667,-2.239552,1.170376,-1.153280,0.242633,0.260606,0.299460,0.805256
11.3833,-2.213531,1.149522,-1.095217,0.245752,0.262317,0.294848,0.805847
11.4000,-2.188693,1.118878,-1.033206,0.252869,0.264811,0.287655,0.807121
11.4167,-2.165367,1.079065,-0.965829,0.262332,0.267494,0.278048,0.808943
11.4333,-2.139878,1.030868,-0.886914,0.277881,0.270777,0.267980,0.811036
11.4500,-2.120496,0.998114,-0.830614,0.285123,0.273183,0.261456,0.811895
11.4667,-2.107351,0.982802,-0.798617,0.286031,0.274598,0.258939,0.811693
11.4833,-2.086169,0.973922,-0.748231,0.279136,0.273542,0.260526,0.810447
11.5000,-2.058878,0.966009,-0.685351,0.269098,0.272024,0.264218,0.808661
11.5167,-2.033003,0.956541,-0.624499,0.258827,0.270792,0.267545,0.806963
11.5333,-2.015605,0.951153,-0.585802,0.247834,0.269841,0.269498,0.805553
11.5500,-2.009335,0.963030,-0.587435,0.239916,0.269686,0.272827,0.804267
11.5667,-2.015873,0.983930,-0.626340,0.239283,0.271104,0.275448,0.803497
11.5833,-2.026066,0.997302,-0.663059,0.246148,0.272885,0.276924,0.803457
11.6000,-2.036102,1.008240,-0.697248,0.251923,0.274401,0.277853,0.803341
11.6167,-2.047438,1.017917,-0.733624,0.256236,0.275904,0.277958,0.803176
11.6333,-2.064124,1.034541,-0.785862,0.253829,0.276561,0.278049,0.802603
11.6500,-2.085692,1.049038,-0.842584,0.247087,0.276285,0.276380,0.802086
11.6667,-2.104463,1.059917,-0.888496,0.241004,0.275625,0.274980,0.801512
11.6833,-2.113348,1.065113,-0.906883,0.228837,0.273500,0.273136,0.800529
11.7000,-2.121354,1.064082,-0.918657,0.225640,0.272670,0.270827,0.800853
11.7167,-2.123289,1.068862,-0.928891,0.214597,0.271708,0.270014,0.799299
11.7333,-2.117619,1.070480,-0.928232,0.207184,0.272187,0.269857,0.797132
11.7500,-2.108048,1.068399,-0.919991,0.206351,0.273974,0.270124,0.795354
11.7667,-2.099859,1.066364,-0.908298,0.203135,0.274565,0.270101,0.794270
11.7833,-2.096856,1.063951,-0.906060,0.211724,0.276639,0.270965,0.794501
11.8000,-2.099144,1.061701,-0.913334,0.224458,0.279098,0.271626,0.795289
11.8167,-2.104408,1.057123,-0.926026,0.245090,0.282662,0.272242,0.796644
11.8333,-2.106404,1.054572,-0.928224,0.258224,0.284172,0.273347,0.797667
11.8500,-2.102823,1.050193,-0.917884,0.267039,0.285079,0.274154,0.798251
11.8667,-2.095374,1.040245,-0.895813,0.273614,0.285874,0.273362,0.798818
11.8833,-2.089944,1.028200,-0.871711,0.281467,0.286307,0.271971,0.800290
11.9000,-2.081625,1.004806,-0.835932,0.294109,0.287848,0.268069,0.801944
11.9167,-2.072352,0.981025,-0.788866,0.302729,0.287565,0.264585,0.804187
11.9333,-2.066348,0.957760,-0.742916,0.309061,0.286229,0.260918,0.807012
11.9667,-2.057590,0.891758,-0.585415,0.350301,0.279689,0.259662,0.818551
12.0000,-2.078441,0.875715,-0.616932,0.378274,0.284129,0.251212,0.823659
12.0167,-2.096943,0.882245,-0.664633,0.386025,0.284754,0.248113,0.824997
12.0333,-2.113652,0.894260,-0.712737,0.380945,0.283653,0.245763,0.825170
12.0500,-2.131255,0.912742,-0.768110,0.373549,0.282542,0.245350,0.824876
12.0667,-2.150758,0.935554,-0.833635,0.361336,0.281524,0.245442,0.823640
12.0833,-2.174801,0.960656,-0.911601,0.351840,0.281450,0.246476,0.822149
12.1000,-2.196628,0.985476,-0.986391,0.338778,0.281513,0.248278,0.819438
12.1167,-2.215377,1.006840,-1.047961,0.320331,0.280666,0.249503,0.816339
12.1333,-2.225355,1.015993,-1.079358,0.310566,0.280288,0.249635,0.814319
12.1500,-2.222161,1.015806,-1.071088,0.302734,0.279009,0.248898,0.813285
12.1667,-2.216378,1.010144,-1.055484,0.302606,0.278963,0.247606,0.813328
12.1833,-2.203625,1.000017,-1.030434,0.304927,0.280403,0.245896,0.812578
12.2000,-2.184818,0.983767,-0.989893,0.318370,0.283396,0.245023,0.812628
12.2167,-2.164364,0.965051,-0.945390,0.335630,0.287315,0.244399,0.812796
12.2333,-2.142743,0.950395,-0.897229,0.348475,0.290294,0.245454,0.812664
12.2500,-2.111948,0.922604,-0.826521,0.370607,0.295755,0.245619,0.811868
12.2667,-2.084641,0.879153,-0.752666,0.396912,0.302921,0.240517,0.811343
12.2833,-2.059008,0.823829,-0.664907,0.422186,0.309464,0.232412,0.810932
12.3000,-2.041576,0.790279,-0.598839,0.423956,0.310872,0.227619,0.810651
12.3167,-2.026292,0.755754,-0.537992,0.419017,0.311296,0.221437,0.809670
12.3333,-2.010913,0.729908,-0.478748,0.398686,0.308458,0.217472,0.808370
12.3500,-1.995245,0.729957,-0.433281,0.362409,0.301911,0.220977,0.806956
12.3667,-1.989839,0.735703,-0.401791,0.338842,0.295459,0.225763,0.807945
12.3833,-1.989493,0.751205,-0.385839,0.325208,0.289644,0.232869,0.809800
12.4000,-1.989611,0.744188,-0.335818,0.318135,0.283088,0.237784,0.812817
12.4167,-1.993383,0.741331,-0.308811,0.322362,0.279932,0.241455,0.815866
12.4333,-2.000628,0.738004,-0.300912,0.332165,0.278888,0.242051,0.818620
12.4500,-2.006057,0.744998,-0.315247,0.343609,0.279907,0.243198,0.819981
12.4667,-2.011655,0.762169,-0.350217,0.344442,0.280101,0.243716,0.820169
12.4833,-2.012896,0.766035,-0.373493,0.348013,0.282503,0.241823,0.819051
12.5000,-2.009396,0.767081,-0.396772,0.347461,0.286209,0.238651,0.816331
12.5167,-2.010997,0.774806,-0.433747,0.344833,0.289043,0.235374,0.814283
12.5333,-2.011050,0.792133,-0.486442,0.330317,0.291213,0.232338,0.810284
12.5500,-2.013220,0.818349,-0.561192,0.310541,0.294341,0.229248,0.804638
12.5667,-2.011296,0.847630,-0.618447,0.282977,0.295241,0.229724,0.798411
12.5833,-2.008099,0.860435,-0.650123,0.276307,0.298438,0.230311,0.794252
12.6000,-2.008404,0.876766,-0.677650,0.275353,0.300617,0.233497,0.792179
12.6167,-2.011325,0.885604,-0.696435,0.288308,0.303573,0.236786,0.792078
12.6333,-2.017238,0.882106,-0.716973,0.312366,0.308817,0.236462,0.792488
12.6500,-2.021477,0.877130,-0.733141,0.331572,0.313175,0.235469,0.792433
12.6667,-2.024236,0.855701,-0.725562,0.351101,0.316378,0.230292,0.793520
12.6833,-2.021428,0.834275,-0.706974,0.366806,0.319155,0.226039,0.793974
12.7000,-2.020875,0.809436,-0.687896,0.381018,0.321493,0.219892,0.794875
12.7167,-2.019624,0.783733,-0.664843,0.393010,0.323169,0.213557,0.795681
12.7333,-2.015129,0.757685,-0.633603,0.401502,0.324295,0.207881,0.796063
12.7500,-2.007493,0.730629,-0.592396,0.408129,0.325132,0.203216,0.796255
12.7667,-1.992392,0.710706,-0.545406,0.407378,0.326014,0.202306,0.794880
12.7833,-1.979233,0.686052,-0.492004,0.407791,0.326640,0.200719,0.794296
12.8000,-1.966879,0.660080,-0.436504,0.406910,0.326905,0.199172,0.793766
12.8167,-1.957253,0.635020,-0.386615,0.403417,0.326610,0.197063,0.793361
12.8333,-1.940401,0.630239,-0.355070,0.390642,0.327009,0.200321,0.790384
12.8500,-1.930681,0.632945,-0.348648,0.379609,0.327573,0.202060,0.788139
12.8667,-1.922053,0.646601,-0.362331,0.369389,0.328711,0.204889,0.785268
12.8833,-1.913941,0.658418,-0.376487,0.362129,0.330404,0.207226,0.782269
12.9000,-1.909201,0.667675,-0.392386,0.357550,0.332007,0.208241,0.779970
12.9167,-1.913434,0.681213,-0.432598,0.360718,0.334600,0.207204,0.778647
12.9333,-1.916369,0.697780,-0.469295,0.353751,0.334825,0.207196,0.777021
12.9500,-1.916566,0.721069,-0.496397,0.338369,0.332852,0.210706,0.775724
12.9667,-1.921888,0.751450,-0.538369,0.324737,0.331131,0.214693,0.774965
12.9833,-1.927198,0.779371,-0.564635,0.306997,0.326945,0.219549,0.775230
13.0000,-1.936929,0.816640,-0.596681,0.287798,0.321223,0.226744,0.776730
13.0167,-1.938992,0.841598,-0.609978,0.264229,0.315560,0.231484,0.776459
13.0333,-1.940443,0.861837,-0.625423,0.252936,0.313227,0.235780,0.775974
13.0500,-1.950945,0.875205,-0.665454,0.260988,0.315810,0.236570,0.775833
13.0667,-1.981003,0.900446,-0.743960,0.274660,0.317748,0.237753,0.777987
13.0833,-1.998397,0.896126,-0.781011,0.294201,0.320608,0.234251,0.778920
13.1000,-2.014860,0.891580,-0.809557,0.309008,0.322130,0.230795,0.780709
13.1167,-2.029973,0.888119,-0.831882,0.318912,0.322255,0.227749,0.782718
13.1333,-2.036554,0.877851,-0.832288,0.329189,0.322396,0.224608,0.784349
13.1500,-2.035946,0.860724,-0.809339,0.340895,0.322399,0.221469,0.786368
13.1667,-2.030301,0.846840,-0.781815,0.351917,0.323124,0.220475,0.787639
13.1833,-2.023587,0.836117,-0.756402,0.360034,0.323986,0.220319,0.788364
13.2000,-2.013462,0.823375,-0.721382,0.366503,0.324615,0.220506,0.788791
13.2167,-1.993272,0.793924,-0.639535,0.377748,0.324687,0.221085,0.790075
13.2333,-1.973164,0.766981,-0.564459,0.377919,0.324445,0.221106,0.790207
13.2500,-1.958870,0.740611,-0.498306,0.377705,0.323905,0.220523,0.790815
13.2667,-1.956902,0.722060,-0.470900,0.373583,0.322833,0.216339,0.791759
13.2833,-1.959599,0.711306,-0.459577,0.369560,0.321043,0.212795,0.792918
13.3000,-1.972101,0.708230,-0.478332,0.371695,0.319936,0.207763,0.794938
13.3167,-1.986047,0.711779,-0.513219,0.372265,0.319017,0.202900,0.796044
13.3333,-1.997702,0.723299,-0.556366,0.375117,0.319594,0.200945,0.796080
13.3500,-1.997533,0.738887,-0.581719,0.362609,0.318841,0.202392,0.793889
13.3667,-1.993551,0.762571,-0.607889,0.339782,0.317421,0.205947,0.790686
13.3833,-1.988345,0.795387,-0.637792,0.308865,0.314957,0.211688,0.786819
13.4000,-1.980690,0.831521,-0.663814,0.278470,0.312621,0.219459,0.782561
13.4167,-1.971753,0.865169,-0.681845,0.255384,0.311009,0.228226,0.778811
13.4333,-1.972108,0.900244,-0.714511,0.246411,0.310918,0.237176,0.776932
13.4500,-1.979063,0.902710,-0.738418,0.269497,0.315728,0.238807,0.777434
13.4667,-1.990034,0.893311,-0.760644,0.293981,0.320345,0.235792,0.778627
13.4833,-2.002192,0.887155,-0.779497,0.315412,0.323074,0.233914,0.780643
13.5000,-2.011515,0.870360,-0.787999,0.335368,0.325887,0.228591,0.782193
13.5167,-2.015100,0.844474,-0.782343,0.357808,0.329630,0.221566,0.783111
13.5333,-2.014131,0.817982,-0.764584,0.377026,0.332736,0.215209,0.783815
13.5500,-2.015340,0.800387,-0.748090,0.393021,0.334230,0.211757,0.785613
13.5667,-2.017093,0.785285,-0.730203,0.404523,0.334417,0.208779,0.787653
13.5833,-2.017936,0.772992,-0.711670,0.416222,0.334612,0.207225,0.789627
13.6000,-2.015512,0.762662,-0.690846,0.425441,0.335037,0.206724,0.790785
13.6167,-2.012214,0.752581,-0.668858,0.432765,0.335428,0.206295,0.791708
13.6333,-2.012359,0.752655,-0.661060,0.432102,0.334405,0.207092,0.792754
13.6500,-2.010720,0.751311,-0.652758,0.428836,0.333446,0.207155,0.792963
13.6667,-2.007465,0.747121,-0.646514,0.424113,0.333290,0.205661,0.792150
13.6833,-2.001878,0.744326,-0.642758,0.419037,0.334025,0.204634,0.790395
13.7000,-1.991866,0.741194,-0.637038,0.409007,0.335113,0.203388,0.787224
13.7167,-1.978188,0.738393,-0.619622,0.393288,0.334978,0.203320,0.784070
13.7500,-1.977050,0.792360,-0.648659,0.337333,0.325356,0.214190,0.783049
13.7667,-1.976643,0.821807,-0.664880,0.306637,0.319882,0.219919,0.781841
13.7833,-1.970193,0.847704,-0.664844,0.273499,0.313825,0.226105,0.780047
13.8000,-1.966737,0.874226,-0.668383,0.241622,0.307690,0.231769,0.778805
13.8167,-1.971172,0.901784,-0.688886,0.219615,0.303170,0.236536,0.778348
13.8333,-1.980035,0.917060,-0.714021,0.216192,0.302111,0.238555,0.778666
13.8500,-1.981626,0.919221,-0.718810,0.217762,0.302079,0.239118,0.778569
13.8667,-1.989134,0.923515,-0.740749,0.225914,0.304025,0.239154,0.778956
13.8833,-2.001977,0.925458,-0.772195,0.241857,0.307093,0.238301,0.779963
13.9000,-2.015420,0.923733,-0.800266,0.263428,0.310434,0.237409,0.781559
13.9167,-2.026450,0.919570,-0.817104,0.283786,0.312736,0.236694,0.783576
13.9333,-2.028256,0.902975,-0.812771,0.305801,0.316130,0.233782,0.784676
13.9500,-2.024609,0.878530,-0.792633,0.328903,0.320077,0.229565,0.785622
13.9667,-2.019928,0.845335,-0.759922,0.353987,0.323963,0.223237,0.787142
13.9833,-2.020031,0.798329,-0.717120,0.390207,0.328241,0.213421,0.790524
14.0000,-2.017340,0.741775,-0.650060,0.421683,0.330399,0.201863,0.794102
14.0167,-2.004870,0.693330,-0.566602,0.436890,0.330877,0.194953,0.795680
14.0333,-1.985398,0.654904,-0.476686,0.438340,0.330766,0.193160,0.795517
14.0500,-1.971326,0.614560,-0.383944,0.433303,0.328719,0.191120,0.796441
14.0667,-1.956759,0.589058,-0.311906,0.418655,0.326344,0.192202,0.795904
14.0833,-1.946898,0.571979,-0.265356,0.399885,0.323545,0.192332,0.795150
14.1000,-1.942022,0.565493,-0.249149,0.382294,0.320984,0.191350,0.794368
14.1167,-1.942259,0.569886,-0.260993,0.369567,0.319068,0.189707,0.793895
14.1500,-1.950481,0.668828,-0.360517,0.351608,0.314205,0.209565,0.796201
14.1667,-1.956563,0.711797,-0.405939,0.341379,0.310868,0.217990,0.796740
14.1833,-1.967981,0.756751,-0.462814,0.340427,0.309159,0.226199,0.798140
14.2000,-1.971637,0.813459,-0.510778,0.316374,0.303310,0.238486,0.797462
14.2167,-1.973170,0.877196,-0.561255,0.287544,0.297213,0.252597,0.795578
14.2333,-1.977123,0.934160,-0.610953,0.257917,0.291247,0.263777,0.793310
14.2500,-1.980167,0.984263,-0.659148,0.225307,0.285995,0.272099,0.789728
14.2667,-1.984647,1.022032,-0.698521,0.203868,0.282552,0.278532,0.787000
14.2833,-1.991649,1.047852,-0.730798,0.192261,0.280415,0.282758,0.785575
14.3000,-2.002355,1.060337,-0.753762,0.190267,0.278929,0.284329,0.786134
14.3167,-2.013771,1.067553,-0.767213,0.199765,0.277771,0.286796,0.788475
14.3333,-2.022270,1.058865,-0.771023,0.215318,0.278951,0.285309,0.790882
14.3500,-2.022958,1.050090,-0.764982,0.229964,0.280664,0.285038,0.792188
14.3667,-2.009806,1.025499,-0.737022,0.247616,0.285785,0.282183,0.791498
14.3833,-1.994066,0.995734,-0.702231,0.263379,0.291619,0.277840,0.790520
14.4000,-1.980972,0.969539,-0.676932,0.276972,0.297591,0.273405,0.789184
14.4167,-1.969740,0.929635,-0.642649,0.295851,0.304340,0.265396,0.788460
14.4333,-1.961215,0.879819,-0.602339,0.321417,0.311791,0.255009,0.788481
14.4500,-1.958818,0.816365,-0.553168,0.349042,0.318210,0.239973,0.789892
14.4667,-1.961286,0.752069,-0.502739,0.374670,0.322530,0.223939,0.792097
14.4833,-1.970557,0.720069,-0.476795,0.392277,0.322885,0.215913,0.795759
14.5000,-1.976462,0.689992,-0.452984,0.402652,0.322721,0.207742,0.797785
14.5167,-1.975372,0.691528,-0.450248,0.394140,0.320845,0.207775,0.797706
14.5333,-1.972364,0.682661,-0.440655,0.387458,0.320260,0.205008,0.796821
14.5500,-1.966000,0.686615,-0.452952,0.385681,0.323026,0.204980,0.793995
14.5667,-1.963303,0.686075,-0.468317,0.387378,0.326110,0.202807,0.791646
14.5833,-1.959320,0.695293,-0.489546,0.391367,0.329747,0.204301,0.789061
14.6000,-1.961938,0.696699,-0.508915,0.396432,0.332051,0.202467,0.788117
14.6167,-1.961753,0.707029,-0.532372,0.400243,0.334513,0.203982,0.786475
14.6333,-1.959313,0.732650,-0.555015,0.394697,0.334701,0.211132,0.785197
14.6500,-1.954600,0.763340,-0.563801,0.378896,0.331632,0.221071,0.784711
14.6667,-1.959602,0.816394,-0.599152,0.353815,0.325131,0.234297,0.785851
14.6833,-1.965882,0.874615,-0.635900,0.323829,0.316615,0.248506,0.786597
14.7000,-1.978764,0.936932,-0.677855,0.287601,0.305378,0.261945,0.787994
14.7167,-2.000464,0.989264,-0.727319,0.264305,0.295872,0.272017,0.790319
14.7333,-2.008651,1.014852,-0.738869,0.246465,0.288567,0.277490,0.791021
14.7500,-2.006364,1.016830,-0.732858,0.244731,0.287450,0.278807,0.790796
14.7667,-2.001533,1.014253,-0.723056,0.243761,0.287549,0.278954,0.790341
14.7833,-2.000875,1.014149,-0.720676,0.242678,0.287369,0.278965,0.790471
14.8000,-1.992366,1.001413,-0.709372,0.248739,0.290692,0.276837,0.788990
14.8167,-1.984478,0.986964,-0.705021,0.256492,0.295699,0.273498,0.787054
14.8333,-1.981128,0.970563,-0.704918,0.266056,0.300574,0.268887,0.785838
14.8500,-1.980426,0.952523,-0.706780,0.276354,0.305122,0.263288,0.784995
14.8667,-1.981879,0.934548,-0.712045,0.288147,0.309613,0.257358,0.784394
14.8833,-1.984413,0.916380,-0.719054,0.300315,0.313965,0.251064,0.783819
14.9000,-1.988778,0.890614,-0.720861,0.313668,0.317940,0.242155,0.783883
14.9167,-1.998326,0.881425,-0.734972,0.324764,0.319767,0.237848,0.785118
14.9333,-2.011464,0.869836,-0.749360,0.333864,0.320286,0.231914,0.787062
14.9500,-2.022045,0.859677,-0.765000,0.340071,0.320934,0.226186,0.787951
14.9667,-2.031104,0.846553,-0.778802,0.346245,0.322054,0.219499,0.788343
14.9833,-2.043249,0.843453,-0.803301,0.348576,0.322217,0.215124,0.788956
15.0000,-2.071490,0.852272,-0.854238,0.347002,0.319539,0.211567,0.791953
15.0167,-2.086925,0.861075,-0.899062,0.348859,0.319977,0.210756,0.791394
15.0333,-2.104405,0.885592,-0.955988,0.349532,0.320519,0.215903,0.791099
15.0500,-2.123054,0.918632,-1.014023,0.347264,0.319695,0.224840,0.791134
15.0667,-2.116770,0.951145,-1.005022,0.328587,0.314201,0.236987,0.790449
15.0833,-2.098195,0.973026,-0.957546,0.312239,0.308119,0.247961,0.790938
15.1000,-2.080616,0.989733,-0.910795,0.301398,0.303057,0.257582,0.792027
15.1167,-2.060674,1.005429,-0.857759,0.285279,0.296833,0.266704,0.792577
15.1333,-2.036376,1.016201,-0.796320,0.267212,0.290686,0.274788,0.792356
15.1500,-2.010958,1.021375,-0.734438,0.251586,0.285769,0.281599,0.791708
15.1667,-1.988488,1.021803,-0.681322,0.239220,0.282479,0.286467,0.790844
15.1833,-1.982695,1.030459,-0.668581,0.230046,0.280119,0.289708,0.791043
15.2000,-1.983473,1.039384,-0.675690,0.227352,0.279480,0.291746,0.790964
15.2167,-1.996614,1.041656,-0.706382,0.241511,0.282369,0.290970,0.792446
15.2333,-2.010846,1.035105,-0.732319,0.257653,0.285342,0.287792,0.794083
15.2500,-2.023022,1.018050,-0.742131,0.271299,0.287403,0.281736,0.796238
15.2667,-2.032099,1.004594,-0.750925,0.278192,0.288695,0.276093,0.797555
15.2833,-2.038988,0.987854,-0.755205,0.283493,0.290164,0.269386,0.798491
15.3000,-2.045614,0.962985,-0.752780,0.296021,0.292670,0.261206,0.800115
15.3167,-2.053875,0.930418,-0.755109,0.312007,0.296698,0.249649,0.801490
15.3333,-2.060809,0.894014,-0.755742,0.330591,0.301324,0.236974,0.802363
15.3500,-2.066508,0.857013,-0.754505,0.348900,0.305761,0.224015,0.802824
15.3667,-2.065685,0.817716,-0.731926,0.372394,0.309956,0.213515,0.803565
15.3833,-2.061155,0.788690,-0.705218,0.389234,0.312963,0.207000,0.803936
15.4000,-2.052206,0.759989,-0.667661,0.400410,0.315199,0.201480,0.803714
15.4167,-2.045957,0.741212,-0.648856,0.408356,0.317900,0.197287,0.802876
15.4333,-2.040985,0.756159,-0.666343,0.411905,0.321322,0.202452,0.800885
15.4500,-2.032337,0.778595,-0.679300,0.404759,0.322808,0.210285,0.798146
15.4667,-2.022812,0.802095,-0.681045,0.396245,0.322748,0.219716,0.796367
15.4833,-2.015571,0.821209,-0.679944,0.387191,0.321798,0.227206,0.795291
15.5000,-2.012870,0.835615,-0.678991,0.378466,0.319843,0.232267,0.795280
15.5167,-2.012605,0.848962,-0.679471,0.370135,0.317320,0.236535,0.795751
15.5333,-2.016050,0.870528,-0.689801,0.363229,0.314218,0.243016,0.796843
15.5500,-2.022688,0.901051,-0.711290,0.354618,0.310238,0.251479,0.798004
15.5667,-2.033056,0.938621,-0.744823,0.341879,0.305273,0.260682,0.798910
15.5833,-2.049729,0.978848,-0.798144,0.328991,0.301003,0.268787,0.799242
15.6000,-2.066424,1.009111,-0.838196,0.304346,0.294573,0.272289,0.799194
15.6167,-2.092772,1.037239,-0.902895,0.292360,0.291340,0.274828,0.799603
15.6333,-2.127312,1.067486,-0.978423,0.278805,0.287004,0.277584,0.800279
15.6500,-2.145388,1.082085,-1.019616,0.269494,0.284623,0.278661,0.799309
15.6667,-2.147921,1.072014,-1.014864,0.267413,0.283922,0.274341,0.799451
15.6833,-2.154825,1.069946,-1.023335,0.274180,0.284150,0.273752,0.800916
15.7000,-2.164194,1.061794,-1.026447,0.283077,0.283705,0.271153,0.803500
15.7167,-2.176731,1.054375,-1.044470,0.287785,0.284078,0.267058,0.804946
15.7333,-2.191206,1.046960,-1.071170,0.289811,0.284925,0.262000,0.805501
15.7500,-2.199963,1.033671,-1.091413,0.293349,0.287271,0.255523,0.804934
15.7667,-2.193997,1.016237,-1.098039,0.301227,0.292925,0.249730,0.801989
15.7833,-2.178544,0.995997,-1.091376,0.311113,0.300186,0.244276,0.798079
15.8000,-2.165433,0.995223,-1.080172,0.313535,0.303200,0.245869,0.795943
15.8167,-2.149631,0.987349,-1.063933,0.319124,0.307284,0.245442,0.793460
15.8333,-2.141778,0.987068,-1.060545,0.319900,0.309659,0.246173,0.791833
15.8500,-2.140188,0.981121,-1.058145,0.322116,0.310921,0.244207,0.791618
15.8667,-2.132836,0.972725,-1.050659,0.326207,0.313400,0.242274,0.790160
15.8833,-2.123486,0.968813,-1.029955,0.324572,0.313443,0.242097,0.789710
15.9000,-2.105522,0.958067,-0.989849,0.325925,0.314184,0.241416,0.788969
15.9167,-2.090646,0.948367,-0.942526,0.320569,0.312194,0.240460,0.789874
15.9333,-2.090242,0.958199,-0.934744,0.309787,0.309001,0.243145,0.791084
15.9500,-2.097751,0.974623,-0.945393,0.301713,0.305517,0.247309,0.792510
15.9667,-2.112325,0.988630,-0.969828,0.300994,0.303062,0.250380,0.794476
15.9833,-2.132725,1.009289,-1.009237,0.299108,0.300105,0.254940,0.796327
16.0000,-2.157538,1.034302,-1.059622,0.293550,0.296517,0.260200,0.797676
16.0167,-2.182590,1.053162,-1.108355,0.293009,0.293833,0.264358,0.799059
16.0333,-2.199646,1.065718,-1.142162,0.290970,0.291820,0.267079,0.799418
16.0500,-2.211808,1.071127,-1.170669,0.295451,0.292135,0.268621,0.799479
16.0667,-2.215596,1.082402,-1.190746,0.295721,0.292549,0.272873,0.798038
16.0833,-2.218591,1.085206,-1.207898,0.299979,0.294396,0.274366,0.796976
16.1000,-2.220151,1.086449,-1.218046,0.300164,0.295418,0.274688,0.795996
16.1167,-2.222852,1.080768,-1.224442,0.303408,0.296689,0.272549,0.795976
16.1333,-2.223871,1.070966,-1.217462,0.305457,0.296717,0.268751,0.796948
16.1500,-2.227523,1.065616,-1.218482,0.307649,0.296585,0.266504,0.797969
16.1667,-2.229028,1.063638,-1.213060,0.303744,0.295084,0.264907,0.798628
16.1833,-2.231136,1.073708,-1.219160,0.295611,0.293342,0.267456,0.798093
16.2000,-2.234532,1.086313,-1.231151,0.289709,0.292064,0.271350,0.797341
16.2167,-2.237222,1.094446,-1.239585,0.285468,0.291156,0.273770,0.796751
16.2333,-2.233552,1.106008,-1.235712,0.278379,0.289459,0.277792,0.795725
16.2500,-2.227894,1.117022,-1.225817,0.271084,0.287497,0.281694,0.795049
16.2667,-2.222454,1.126337,-1.214848,0.264630,0.285571,0.284983,0.794686
16.2833,-2.220228,1.134820,-1.209359,0.257018,0.283567,0.287332,0.794433
16.3000,-2.221231,1.141076,-1.209053,0.252161,0.281939,0.288941,0.794546
16.3167,-2.224953,1.143481,-1.212430,0.251971,0.280999,0.289575,0.795211
16.3333,-2.231622,1.145298,-1.219941,0.251081,0.279849,0.289560,0.796036
16.3500,-2.240717,1.146239,-1.231569,0.249891,0.278705,0.288909,0.796893
16.3667,-2.249327,1.144585,-1.242701,0.252909,0.278279,0.288057,0.797938
16.3833,-2.259813,1.142470,-1.260076,0.257142,0.278464,0.287042,0.798850
16.4000,-2.268694,1.143751,-1.278321,0.257416,0.278456,0.286903,0.798783
16.4167,-2.273804,1.150932,-1.293050,0.253855,0.277921,0.288901,0.797819
16.4333,-2.278872,1.163540,-1.313379,0.252405,0.277719,0.293610,0.796478
16.4500,-2.279739,1.177160,-1.331603,0.252234,0.278337,0.299395,0.794238
16.4667,-2.277445,1.187293,-1.344961,0.252076,0.279669,0.303947,0.791728
16.4833,-2.271679,1.194082,-1.353245,0.258790,0.282133,0.308663,0.789586
16.5000,-2.269034,1.196856,-1.363410,0.262774,0.284478,0.310906,0.787882
16.5167,-2.269129,1.190627,-1.368205,0.266526,0.286595,0.309067,0.787522
16.5333,-2.269518,1.179090,-1.366129,0.273621,0.288483,0.305523,0.788439
16.5500,-2.274763,1.167317,-1.368169,0.276743,0.289292,0.300697,0.789899
16.5667,-2.279921,1.158354,-1.369464,0.277154,0.289262,0.296562,0.791068
16.5833,-2.283016,1.149073,-1.366111,0.276363,0.289039,0.292169,0.792119
16.6000,-2.284151,1.139433,-1.358241,0.275689,0.288719,0.287741,0.793252
16.6167,-2.281871,1.132657,-1.346237,0.273976,0.288256,0.284589,0.793923
16.6333,-2.276782,1.127935,-1.330842,0.272355,0.287847,0.282558,0.794343
16.6500,-2.271612,1.118614,-1.309547,0.270466,0.287171,0.278527,0.795447
16.6667,-2.267482,1.113058,-1.293794,0.267982,0.286426,0.275960,0.796178
16.6833,-2.264362,1.102745,-1.276285,0.266337,0.285782,0.271505,0.797309
16.7000,-2.264036,1.090579,-1.260952,0.264959,0.284811,0.266115,0.798900
16.7167,-2.262178,1.080289,-1.242914,0.264436,0.283572,0.261921,0.800430
16.7333,-2.262111,1.070011,-1.225145,0.263977,0.281811,0.257649,0.802456
16.7500,-2.259345,1.068278,-1.214320,0.266099,0.281152,0.257670,0.803320
16.7667,-2.260226,1.071457,-1.215152,0.268042,0.280813,0.259270,0.803901
16.7833,-2.258996,1.082691,-1.212774,0.263138,0.278958,0.263356,0.803708
16.8000,-2.259548,1.092341,-1.217886,0.266788,0.278738,0.268024,0.803919
16.8167,-2.262441,1.096873,-1.225579,0.267801,0.278638,0.269813,0.803961
16.8333,-2.271470,1.106073,-1.243485,0.264825,0.277346,0.272261,0.804133
16.8500,-2.282139,1.113811,-1.260803,0.263077,0.275640,0.274309,0.804707
16.8667,-2.287237,1.119922,-1.271274,0.263354,0.274831,0.276588,0.804676
16.8833,-2.283303,1.123448,-1.266901,0.262126,0.274678,0.278270,0.803885
16.9000,-2.272758,1.122985,-1.251835,0.261785,0.275520,0.278954,0.802846
16.9167,-2.258082,1.117770,-1.229405,0.266066,0.277517,0.278886,0.802087
16.9333,-2.239563,1.105258,-1.196551,0.274384,0.280374,0.277027,0.801800
16.9500,-2.221461,1.087563,-1.161888,0.287345,0.284010,0.273986,0.802143
16.9667,-2.200095,1.054990,-1.107836,0.301408,0.287605,0.265924,0.803293
16.9833,-2.174052,1.016807,-1.043925,0.313797,0.291628,0.256435,0.803665
17.0000,-2.146874,0.991960,-0.994259,0.320536,0.296273,0.251595,0.801818
17.0167,-2.128667,0.980451,-0.968116,0.322551,0.299964,0.249861,0.799813
17.0333,-2.121548,0.986962,-0.969213,0.319953,0.301699,0.252544,0.798105
17.0500,-2.117025,1.000625,-0.979588,0.318713,0.303094,0.257860,0.796144
17.0667,-2.114713,1.016999,-0.991570,0.315426,0.303382,0.263734,0.794498
17.0833,-2.116284,1.033048,-1.007742,0.315154,0.303426,0.269513,0.793633
17.1000,-2.119332,1.053244,-1.030034,0.313655,0.303120,0.276474,0.792409
17.1167,-2.123211,1.075715,-1.054011,0.307149,0.301905,0.283413,0.790787
17.1333,-2.122805,1.094094,-1.065282,0.300201,0.300387,0.289484,0.789137
17.1500,-2.128539,1.103995,-1.086713,0.301183,0.300804,0.292582,0.788488
17.1667,-2.134394,1.112018,-1.099032,0.295908,0.299323,0.294115,0.788281
17.1833,-2.141604,1.114850,-1.115756,0.297621,0.299532,0.294567,0.788358
17.2000,-2.152791,1.118471,-1.137121,0.298547,0.299132,0.294811,0.788934
17.2167,-2.163121,1.122145,-1.151716,0.295986,0.297505,0.294750,0.789722
17.2333,-2.173717,1.126427,-1.164600,0.290694,0.295198,0.294443,0.790658
17.2500,-2.185026,1.129511,-1.177018,0.285943,0.292829,0.293716,0.791855
17.2667,-2.193705,1.128835,-1.184366,0.283604,0.291154,0.292212,0.792990
17.2833,-2.202806,1.128275,-1.193319,0.283088,0.289779,0.291027,0.794281
17.3000,-2.206526,1.130698,-1.194703,0.279045,0.288017,0.291020,0.794684
17.3167,-2.207558,1.131154,-1.193838,0.274890,0.287070,0.290366,0.794674
17.3333,-2.204999,1.130036,-1.187121,0.272299,0.286650,0.289734,0.794515
17.3500,-2.196826,1.128410,-1.173942,0.272670,0.287197,0.290021,0.793888
17.3667,-2.186276,1.125101,-1.157002,0.273169,0.288210,0.289890,0.793143
17.3833,-2.173971,1.118693,-1.135115,0.275864,0.289629,0.289187,0.792653
17.4000,-2.159210,1.108367,-1.110342,0.282957,0.292302,0.288034,0.792067
17.4167,-2.145427,1.095864,-1.087599,0.293005,0.295714,0.286469,0.791647
17.4333,-2.132891,1.083142,-1.067982,0.303271,0.299349,0.284724,0.791072
17.4500,-2.125662,1.073552,-1.058786,0.309467,0.302271,0.282715,0.790485
17.4667,-2.123727,1.061347,-1.053668,0.314670,0.304485,0.278851,0.790617
17.4833,-2.122813,1.050234,-1.050127,0.317696,0.306107,0.274902,0.790614
17.5000,-2.122265,1.042038,-1.044965,0.318249,0.306660,0.271776,0.790826
17.5167,-2.123976,1.032133,-1.040477,0.321697,0.307153,0.268240,0.791781
17.5333,-2.125104,1.029842,-1.038064,0.321034,0.306605,0.267149,0.792299
17.5500,-2.123165,1.030309,-1.027401,0.316402,0.304894,0.267171,0.792728
17.5667,-2.121426,1.037500,-1.023484,0.311423,0.303300,0.269608,0.792759
17.5833,-2.127565,1.046581,-1.039716,0.308988,0.302619,0.271687,0.792883
17.6000,-2.134597,1.056060,-1.053619,0.303958,0.300832,0.273622,0.793081
17.6167,-2.141390,1.059883,-1.060460,0.299369,0.298789,0.273594,0.793867
17.6333,-2.152888,1.058187,-1.072173,0.299520,0.297350,0.271508,0.795661
17.6500,-2.170251,1.051900,-1.091210,0.303179,0.296151,0.267399,0.798280
17.6667,-2.186856,1.055285,-1.114788,0.303532,0.294100,0.266806,0.800060
17.6833,-2.203663,1.062746,-1.138367,0.300491,0.291174,0.267430,0.801691
17.7000,-2.216512,1.066123,-1.149371,0.295016,0.287729,0.266632,0.803297
17.7167,-2.227116,1.068727,-1.155059,0.290272,0.284312,0.265948,0.805060
17.7333,-2.226288,1.071882,-1.146206,0.283447,0.281784,0.266432,0.805179
17.7500,-2.216218,1.072756,-1.128453,0.279266,0.281401,0.267367,0.804185
17.7667,-2.211091,1.077331,-1.121735,0.274962,0.281046,0.269049,0.803601
17.7833,-2.207296,1.080547,-1.115967,0.268263,0.280300,0.269625,0.802856
17.8000,-2.205584,1.084494,-1.116904,0.265969,0.280313,0.270934,0.802283
17.8167,-2.206569,1.087020,-1.121776,0.265707,0.280521,0.271703,0.802045
17.8333,-2.208136,1.090100,-1.128770,0.267339,0.280944,0.272973,0.801825
17.8500,-2.209962,1.094429,-1.137102,0.270118,0.281432,0.274947,0.801623
17.8667,-2.211604,1.098554,-1.144291,0.274243,0.281924,0.277162,0.801599
17.8833,-2.211949,1.103241,-1.149031,0.277591,0.282237,0.279652,0.801455
17.9000,-2.209679,1.110155,-1.149722,0.277148,0.282029,0.282678,0.800813
17.9167,-2.204907,1.117015,-1.144076,0.274223,0.281350,0.285553,0.800078
17.9333,-2.197943,1.112413,-1.123301,0.272860,0.280653,0.284499,0.800496
17.9500,-2.190620,1.100541,-1.094101,0.272984,0.279795,0.281026,0.801907
17.9667,-2.185032,1.085405,-1.063906,0.273246,0.278645,0.276252,0.803861
17.9833,-2.185179,1.076532,-1.051568,0.271827,0.277617,0.272678,0.805318
18.0000,-2.186559,1.075124,-1.045704,0.266120,0.275754,0.271161,0.805971
18.0167,-2.193110,1.078412,-1.056132,0.262868,0.274662,0.270934,0.806455
18.0333,-2.198465,1.084514,-1.063762,0.258173,0.272872,0.271936,0.806651
18.0500,-2.209514,1.089833,-1.086661,0.257964,0.272499,0.272360,0.807048
18.0667,-2.219640,1.091624,-1.102233,0.257232,0.271513,0.271721,0.807649
18.0833,-2.224524,1.093072,-1.104846,0.253714,0.269710,0.271310,0.808118
18.1000,-2.221071,1.094416,-1.090855,0.249674,0.267687,0.271973,0.808359
18.1167,-2.216624,1.095644,-1.078761,0.249219,0.266795,0.273176,0.808705
18.1333,-2.215635,1.096225,-1.072534,0.248498,0.265944,0.273568,0.809276
18.1500,-2.217950,1.097550,-1.073596,0.248633,0.265234,0.273905,0.809905
18.1667,-2.220766,1.098301,-1.077709,0.246997,0.264746,0.273545,0.810028
18.1833,-2.223713,1.103640,-1.089276,0.243683,0.264721,0.274488,0.809261
18.2000,-2.227149,1.108782,-1.103362,0.238680,0.264898,0.274953,0.808087
18.2167,-2.225761,1.114267,-1.112325,0.234989,0.265755,0.276389,0.806276
18.2333,-2.220270,1.114039,-1.111377,0.233058,0.267224,0.276398,0.804638
18.2500,-2.216612,1.113099,-1.112686,0.231120,0.268674,0.275842,0.803370
18.2667,-2.213718,1.113171,-1.114522,0.231879,0.270045,0.276150,0.802471
18.2833,-2.214342,1.115469,-1.124397,0.234972,0.271604,0.277289,0.801839
18.3000,-2.217872,1.115617,-1.136472,0.240902,0.273148,0.277835,0.801821
18.3167,-2.222178,1.112779,-1.147797,0.249549,0.274898,0.277646,0.802215
18.3333,-2.224491,1.106156,-1.152856,0.258886,0.276737,0.276335,0.802767
18.3500,-2.224879,1.101244,-1.154973,0.264845,0.278139,0.275308,0.802950
18.3667,-2.223478,1.092439,-1.149409,0.268591,0.279173,0.272549,0.803298
18.3833,-2.222641,1.084220,-1.144620,0.271609,0.280010,0.269800,0.803743
18.4000,-2.223229,1.081586,-1.147686,0.274577,0.280954,0.269069,0.803779
18.4167,-2.224954,1.081437,-1.151681,0.274529,0.281106,0.268752,0.803739
18.4333,-2.228577,1.079629,-1.158272,0.276757,0.281502,0.267937,0.804056
18.4500,-2.232565,1.081949,-1.168558,0.279025,0.281812,0.268790,0.804106
18.4667,-2.237687,1.079055,-1.179017,0.285056,0.282826,0.268046,0.804610
18.4833,-2.241986,1.070459,-1.186105,0.296100,0.284665,0.265944,0.805560
18.5000,-2.246607,1.058863,-1.191803,0.304687,0.286310,0.262051,0.806484
18.5167,-2.250345,1.050591,-1.201042,0.313155,0.288317,0.259543,0.806808
18.5333,-2.255012,1.045623,-1.215552,0.322541,0.290573,0.258470,0.806934
18.5500,-2.257559,1.039850,-1.225381,0.331100,0.292743,0.257190,0.806857
18.5667,-2.262608,1.043257,-1.247036,0.334505,0.294465,0.258589,0.805955
18.5833,-2.267250,1.051468,-1.271691,0.334474,0.295894,0.261598,0.804246
18.6000,-2.269433,1.061687,-1.277520,0.324657,0.294136,0.264107,0.803304
18.6167,-2.268480,1.069038,-1.270919,0.311645,0.291415,0.265051,0.802772
18.6333,-2.264190,1.073749,-1.255309,0.300806,0.288752,0.265578,0.802668
18.6500,-2.257414,1.076867,-1.236645,0.291391,0.286662,0.265917,0.802435
18.6667,-2.248284,1.084335,-1.219776,0.277886,0.284680,0.267551,0.801101
18.6833,-2.238314,1.094481,-1.204092,0.260474,0.282470,0.269656,0.799120
18.7000,-2.228116,1.102804,-1.194216,0.251868,0.282245,0.272509,0.797148
18.7167,-2.214369,1.109206,-1.181206,0.247587,0.283185,0.275711,0.794866
18.7333,-2.199010,1.111465,-1.163281,0.240173,0.284109,0.276816,0.792411
18.7500,-2.195509,1.113153,-1.169935,0.241729,0.286485,0.277793,0.791134
18.7667,-2.200671,1.108387,-1.185461,0.249950,0.289059,0.276563,0.791234
18.7833,-2.208016,1.098452,-1.202450,0.262944,0.292103,0.273917,0.791849
18.8000,-2.212946,1.087473,-1.212790,0.275416,0.294760,0.271055,0.792489
18.8167,-2.219214,1.079359,-1.224205,0.283640,0.296427,0.268449,0.793185
18.8333,-2.224055,1.072264,-1.232099,0.290878,0.297670,0.266276,0.793835
18.8500,-2.221966,1.068708,-1.225386,0.294053,0.297865,0.265654,0.794117
18.8667,-2.215702,1.067280,-1.209558,0.295588,0.297557,0.266100,0.794477
18.8833,-2.205153,1.066631,-1.184561,0.296708,0.296994,0.267368,0.794849
18.9000,-2.191497,1.067652,-1.152219,0.297526,0.295996,0.269820,0.795376
18.9167,-2.174439,1.061227,-1.104542,0.300057,0.294734,0.270363,0.796739
18.9333,-2.157569,1.058625,-1.058893,0.298245,0.292813,0.271942,0.797769
18.9500,-2.143054,1.057249,-1.018125,0.293611,0.290506,0.273419,0.798632
18.9667,-2.126432,1.055543,-0.969946,0.288509,0.287510,0.275579,0.799554
18.9833,-2.107100,1.047433,-0.907499,0.282697,0.283774,0.276513,0.800998
19.0000,-2.090364,1.046281,-0.862644,0.275591,0.281040,0.279073,0.801425
19.0167,-2.084844,1.051664,-0.848485,0.272673,0.279574,0.282039,0.802008
19.0333,-2.074777,1.055599,-0.823696,0.268750,0.277480,0.285628,0.801846
19.0500,-2.067635,1.057946,-0.808634,0.268954,0.276981,0.288284,0.801851
19.0667,-2.066708,1.055659,-0.802788,0.270659,0.277026,0.288170,0.802451
19.0833,-2.081252,1.058523,-0.831616,0.272804,0.277368,0.286161,0.803880
19.1000,-2.102052,1.061429,-0.871418,0.271831,0.276897,0.282610,0.805113
19.1167,-2.119895,1.065560,-0.909240,0.271040,0.276663,0.280266,0.805497
19.1333,-2.132660,1.069613,-0.941229,0.266461,0.276690,0.278168,0.804776
19.1500,-2.141185,1.073385,-0.970439,0.261890,0.277746,0.276572,0.803202
19.1667,-2.145827,1.066689,-0.989874,0.265407,0.280802,0.273093,0.801945
19.1833,-2.148453,1.052187,-1.003052,0.279064,0.285601,0.268692,0.801463
19.2000,-2.151119,1.038480,-1.022415,0.301740,0.292203,0.265888,0.801016
19.2167,-2.152553,1.020656,-1.035509,0.321407,0.298303,0.261193,0.800406
19.2333,-2.146853,1.000139,-1.026605,0.335543,0.302747,0.255933,0.799757
19.2500,-2.136919,0.980029,-1.004091,0.345024,0.305888,0.250980,0.799310
19.2667,-2.123854,0.968803,-0.985478,0.352411,0.309388,0.249548,0.797775
19.2833,-2.109348,0.970833,-0.975059,0.350792,0.312075,0.251893,0.794832
19.3000,-2.096553,0.970174,-0.961233,0.351328,0.314351,0.253583,0.792774
19.3167,-2.080587,0.948591,-0.929704,0.365585,0.319029,0.250248,0.791516
19.3333,-2.065767,0.938045,-0.905449,0.370558,0.322106,0.249471,0.789826
19.3500,-2.054475,0.932790,-0.887944,0.369168,0.323712,0.249140,0.788278
19.3667,-2.041389,0.930448,-0.868465,0.365128,0.324757,0.249999,0.786323
19.3833,-2.022346,0.927695,-0.837845,0.359469,0.325758,0.251921,0.783707
19.4000,-2.000664,0.919742,-0.797636,0.356385,0.327246,0.253325,0.781288
19.4167,-1.980182,0.895894,-0.747361,0.367754,0.331076,0.251706,0.779971
19.4333,-1.968823,0.882371,-0.724157,0.370975,0.333797,0.249743,0.778687
19.4500,-1.970354,0.879167,-0.730299,0.367607,0.334472,0.246938,0.778387
19.4667,-1.977848,0.886737,-0.752903,0.360376,0.333508,0.245935,0.778375
19.4833,-1.988008,0.892035,-0.778649,0.356235,0.332807,0.244106,0.778589
19.5000,-1.998911,0.897407,-0.800416,0.346937,0.330546,0.241856,0.779186
19.5167,-2.019639,0.904357,-0.849110,0.345823,0.330344,0.238531,0.780054
19.5333,-2.043113,0.919095,-0.911803,0.342087,0.329980,0.237317,0.779959
19.5500,-2.068938,0.933770,-0.977127,0.327552,0.328088,0.234573,0.779147
19.5667,-2.093617,0.955594,-1.043751,0.314425,0.326349,0.235996,0.777917
19.5833,-2.108793,0.983306,-1.101016,0.303957,0.325836,0.242475,0.775128
19.6000,-2.119448,1.008614,-1.159038,0.307234,0.328706,0.251386,0.771617
19.6167,-2.129272,1.047024,-1.207404,0.298477,0.327502,0.264648,0.768754
19.6333,-2.129157,1.068188,-1.213565,0.284649,0.324349,0.271250,0.767209
19.6500,-2.127260,1.061995,-1.203482,0.282925,0.324063,0.268619,0.767543
19.6667,-2.116402,1.043725,-1.163926,0.286551,0.323802,0.263216,0.769172
19.6833,-2.109370,1.023244,-1.134103,0.297120,0.325026,0.257673,0.771331
19.7000,-2.105620,1.004524,-1.113301,0.309684,0.326614,0.252827,0.773286
19.7167,-2.103111,0.991459,-1.102148,0.323335,0.328687,0.250239,0.774510
19.7333,-2.100247,0.982927,-1.094633,0.335875,0.330764,0.249344,0.775155
19.7500,-2.097622,0.975079,-1.087091,0.345515,0.332415,0.248207,0.775647
19.7667,-2.093023,0.965859,-1.073517,0.353257,0.333693,0.246558,0.776055
19.7833,-2.085747,0.959270,-1.056391,0.358797,0.334725,0.246071,0.776099
19.8000,-2.076622,0.953821,-1.036648,0.362342,0.335638,0.246050,0.775840
19.8167,-2.060142,0.940875,-0.992724,0.366381,0.336119,0.244923,0.775919
19.8333,-2.048794,0.932406,-0.963544,0.367641,0.336643,0.244091,0.776022
19.8500,-2.043273,0.920075,-0.940185,0.367619,0.336523,0.240646,0.776753
19.8667,-2.040824,0.908638,-0.923725,0.365096,0.335906,0.236518,0.777379
19.8833,-2.037255,0.900422,-0.909939,0.360161,0.335217,0.233364,0.777272
19.9000,-2.030240,0.893469,-0.892211,0.351560,0.334341,0.230799,0.776406
19.9167,-2.019987,0.884589,-0.868778,0.342044,0.333708,0.228089,0.775080
19.9333,-2.016138,0.897104,-0.861539,0.314394,0.328931,0.229588,0.774366
19.9500,-2.020178,0.923062,-0.877463,0.288530,0.323971,0.234448,0.773953
19.9667,-2.018715,0.942613,-0.881616,0.264001,0.319437,0.238298,0.772554
19.9833,-2.002229,0.944593,-0.868900,0.249991,0.319998,0.239196,0.768200
20.0000,-1.983096,0.933401,-0.844179,0.249902,0.323251,0.238218,0.764851
20.0167,-1.976079,0.920850,-0.834626,0.260416,0.327215,0.236125,0.763943
20.0333,-1.975955,0.921198,-0.836691,0.258942,0.327539,0.235804,0.763681
20.0500,-1.981490,0.925496,-0.848493,0.259265,0.327379,0.236129,0.764198
20.0667,-1.991568,0.930534,-0.866798,0.264741,0.327405,0.236767,0.765561
20.0833,-1.997129,0.932788,-0.876218,0.271744,0.327689,0.237719,0.766479
20.1000,-2.002594,0.926683,-0.880716,0.287926,0.329559,0.237131,0.768101
20.1167,-2.008363,0.921431,-0.888505,0.303243,0.331586,0.236451,0.769410
20.1333,-2.014475,0.904973,-0.894732,0.333278,0.336424,0.233650,0.771041
20.1500,-2.014837,0.888449,-0.888061,0.360859,0.340645,0.231855,0.772236
20.1667,-2.008062,0.875767,-0.869892,0.383408,0.344402,0.232347,0.772543
20.1833,-1.992936,0.853791,-0.838071,0.410401,0.350571,0.231485,0.771126
20.2000,-1.971969,0.825462,-0.794185,0.439226,0.358198,0.229874,0.768436
20.2167,-1.955208,0.808623,-0.756795,0.457623,0.363243,0.230682,0.766658
20.2333,-1.948437,0.801189,-0.727682,0.461869,0.363487,0.231625,0.767609
20.2500,-1.950271,0.798094,-0.706987,0.458531,0.360475,0.231645,0.770650
20.2667,-1.953897,0.779884,-0.678155,0.458169,0.357673,0.226413,0.773917
20.2833,-1.957093,0.750358,-0.639961,0.459696,0.355155,0.217856,0.777099
20.3000,-1.958424,0.711642,-0.588448,0.463095,0.352740,0.207732,0.780168
20.3167,-1.961585,0.697344,-0.564538,0.452070,0.348338,0.202694,0.782693
20.3333,-1.958500,0.699688,-0.544531,0.429532,0.342729,0.203567,0.783755
20.3500,-1.952884,0.695975,-0.527360,0.411731,0.339687,0.202454,0.783189
20.3667,-1.943038,0.690008,-0.508744,0.391346,0.337487,0.200784,0.781114
20.3833,-1.928705,0.693477,-0.495502,0.363475,0.335157,0.201829,0.777682
20.4000,-1.912362,0.697867,-0.483116,0.347860,0.335783,0.204935,0.773811
20.4167,-1.893147,0.704111,-0.470279,0.330767,0.336717,0.208958,0.769173
20.4333,-1.875495,0.709965,-0.457441,0.322144,0.338809,0.213759,0.765176
20.4500,-1.860712,0.710281,-0.443627,0.322660,0.342062,0.217405,0.761866
20.4667,-1.849710,0.714599,-0.435616,0.324526,0.344673,0.221585,0.759509
20.4833,-1.842764,0.715943,-0.429406,0.330533,0.347262,0.224480,0.758045
20.5000,-1.834481,0.720297,-0.427331,0.329729,0.348931,0.227183,0.755857
20.5167,-1.830516,0.717725,-0.424762,0.326456,0.349629,0.226488,0.754571
20.5333,-1.832329,0.726186,-0.439980,0.324043,0.349710,0.226952,0.754324
20.5500,-1.837366,0.729480,-0.454497,0.327290,0.350190,0.226017,0.754732
20.5667,-1.842418,0.731406,-0.470658,0.333815,0.351483,0.224758,0.754857
20.5833,-1.846352,0.728668,-0.483514,0.345456,0.354067,0.222960,0.754576
20.6000,-1.849385,0.724277,-0.494921,0.354212,0.356377,0.220407,0.753974
20.6167,-1.851814,0.715541,-0.506690,0.362803,0.359246,0.216046,0.752720
20.6333,-1.853912,0.714744,-0.523944,0.368324,0.361545,0.213793,0.751381
20.6500,-1.856021,0.712342,-0.537791,0.371538,0.363178,0.211105,0.750227
20.6667,-1.858306,0.719753,-0.548232,0.367860,0.362357,0.212032,0.750382
20.6833,-1.859489,0.730204,-0.557965,0.362429,0.361195,0.214181,0.750482
20.7000,-1.859720,0.741174,-0.564758,0.354480,0.359504,0.216677,0.750595
20.7167,-1.858565,0.753910,-0.569209,0.346972,0.357858,0.220387,0.750655
20.7333,-1.860290,0.765407,-0.574227,0.341618,0.356041,0.223518,0.751562
20.7500,-1.863227,0.774043,-0.577480,0.340813,0.354633,0.226260,0.752894
20.7667,-1.865265,0.773295,-0.572204,0.343844,0.353948,0.226937,0.754187
20.7833,-1.868198,0.774543,-0.571450,0.346702,0.353389,0.227686,0.755463
20.8000,-1.870179,0.770501,-0.563252,0.351805,0.353052,0.227706,0.756837
20.8167,-1.876165,0.762566,-0.561775,0.364987,0.354273,0.225976,0.758629
20.8333,-1.876766,0.755720,-0.553773,0.373043,0.355027,0.225354,0.759257
20.8500,-1.873355,0.749080,-0.531706,0.377806,0.354849,0.226658,0.760083
20.8667,-1.869607,0.746629,-0.513003,0.375809,0.353742,0.228299,0.760746
20.8833,-1.865255,0.751492,-0.503595,0.368799,0.352253,0.231012,0.760725
20.9000,-1.860837,0.758735,-0.499695,0.362290,0.351249,0.234003,0.760239
20.9167,-1.860423,0.762459,-0.497064,0.362261,0.350811,0.235930,0.760722
20.9333,-1.861347,0.770188,-0.501836,0.361737,0.350219,0.238230,0.761170
20.9500,-1.867229,0.761463,-0.509644,0.378017,0.353313,0.235346,0.761741
20.9667,-1.872747,0.752835,-0.516196,0.390431,0.355450,0.232147,0.762246
20.9833,-1.880706,0.743295,-0.531990,0.405708,0.358533,0.227421,0.762529
21.0000,-1.884487,0.745679,-0.547016,0.407831,0.359054,0.226355,0.762301
21.0167,-1.883314,0.746678,-0.554056,0.406998,0.359790,0.225851,0.761089
21.0333,-1.881665,0.753225,-0.565214,0.403571,0.360320,0.226772,0.759758
21.0500,-1.882000,0.760749,-0.577050,0.400521,0.360385,0.227912,0.759095
21.0667,-1.884126,0.769143,-0.589695,0.398198,0.360046,0.229279,0.759016
21.0833,-1.888263,0.778681,-0.604383,0.397130,0.359453,0.230900,0.759483
21.1000,-1.890060,0.784313,-0.611166,0.395418,0.358773,0.232034,0.759672
21.1167,-1.891842,0.789676,-0.619121,0.394301,0.358453,0.232982,0.759750
21.1333,-1.893010,0.791537,-0.620584,0.394427,0.358079,0.233523,0.760090
21.1500,-1.901602,0.800876,-0.635484,0.392723,0.356293,0.234565,0.762071
21.1667,-1.905457,0.801644,-0.630215,0.390220,0.353806,0.234837,0.763922
21.1833,-1.906986,0.791448,-0.609378,0.392283,0.352093,0.233310,0.766086
21.2000,-1.909374,0.774602,-0.581543,0.398266,0.350747,0.230441,0.768891
21.2167,-1.915469,0.763907,-0.559220,0.397652,0.347277,0.228192,0.772698
21.2333,-1.930568,0.767837,-0.569025,0.389860,0.342229,0.225927,0.777026
21.2500,-1.935164,0.757226,-0.543731,0.389249,0.338265,0.224511,0.780262
21.2833,-1.959866,0.787583,-0.598343,0.370992,0.331504,0.224868,0.784631
21.3000,-1.960145,0.794714,-0.594068,0.352430,0.326145,0.225844,0.784691
21.3167,-1.948023,0.794091,-0.561487,0.331053,0.321862,0.227922,0.783586
21.3333,-1.928121,0.786288,-0.508202,0.313377,0.318935,0.231454,0.781935
21.3500,-1.910288,0.790977,-0.479391,0.297260,0.317762,0.236678,0.779486
21.3667,-1.897480,0.805187,-0.472246,0.286331,0.317593,0.242782,0.777132
21.3833,-1.891246,0.809642,-0.469290,0.286267,0.318884,0.245445,0.775887
21.4000,-1.887406,0.811543,-0.471944,0.290251,0.321007,0.246651,0.774710
21.4167,-1.892054,0.813263,-0.487862,0.309409,0.325068,0.247298,0.775215
21.4333,-1.899293,0.814702,-0.511022,0.328113,0.328936,0.246672,0.775629
21.4500,-1.906528,0.816167,-0.535086,0.345485,0.332541,0.245918,0.775819
21.4667,-1.914464,0.809321,-0.550577,0.358969,0.335112,0.242415,0.776401
21.4833,-1.921179,0.802928,-0.568729,0.370879,0.337976,0.238593,0.776330
21.5000,-1.926833,0.801144,-0.589327,0.380526,0.340554,0.236165,0.775905
21.5167,-1.930946,0.813684,-0.608726,0.379599,0.340127,0.238478,0.775929
21.5333,-1.927213,0.816663,-0.604443,0.378165,0.339914,0.240450,0.775198
21.5500,-1.925079,0.818536,-0.605830,0.379278,0.340792,0.241402,0.774544
21.5667,-1.919736,0.821616,-0.603793,0.375948,0.341204,0.242904,0.773142
21.5833,-1.913448,0.824763,-0.600035,0.370940,0.341472,0.244453,0.771624
21.6000,-1.907972,0.819274,-0.592023,0.374293,0.343356,0.244198,0.770378
21.6167,-1.906380,0.817826,-0.592890,0.378607,0.344972,0.244270,0.769794
21.6333,-1.908350,0.813854,-0.595673,0.382775,0.345975,0.242733,0.769926
21.6500,-1.906367,0.798955,-0.581028,0.387774,0.347118,0.239374,0.769770
21.6667,-1.906374,0.790804,-0.573543,0.392997,0.348039,0.237698,0.770129
21.6833,-1.902839,0.789991,-0.564008,0.389956,0.347431,0.238462,0.769898
21.7000,-1.895614,0.781576,-0.542237,0.383514,0.346730,0.237564,0.769112
21.7167,-1.887974,0.762338,-0.513645,0.378793,0.346929,0.233522,0.768131
21.7333,-1.882007,0.755246,-0.505580,0.369436,0.347010,0.230850,0.766474
21.7500,-1.882121,0.754694,-0.512701,0.367181,0.347689,0.229220,0.765754
21.7667,-1.880057,0.756319,-0.519749,0.363761,0.348302,0.228599,0.764345
21.7833,-1.872869,0.756391,-0.514528,0.356371,0.348394,0.229009,0.762351
21.8000,-1.868053,0.764581,-0.515187,0.346118,0.347386,0.231221,0.761241
21.8167,-1.865619,0.775952,-0.518858,0.337410,0.345934,0.234294,0.760834
21.8333,-1.866637,0.784057,-0.525172,0.338120,0.345771,0.236705,0.761139
21.8500,-1.871341,0.792371,-0.540158,0.339905,0.345722,0.237836,0.761730
21.8667,-1.881800,0.800418,-0.565224,0.349667,0.346633,0.238257,0.763173
21.8833,-1.890133,0.808498,-0.587241,0.353903,0.346588,0.238645,0.764034
21.9000,-1.905157,0.822294,-0.625277,0.358369,0.346277,0.238919,0.765758
21.9167,-1.924777,0.836769,-0.675873,0.364010,0.346269,0.238166,0.767394
21.9333,-1.935519,0.849530,-0.713138,0.366189,0.346509,0.238931,0.767142
21.9500,-1.939897,0.853584,-0.732512,0.372713,0.348071,0.239398,0.766450
21.9667,-1.934079,0.856809,-0.723787,0.370101,0.347602,0.241849,0.765553
21.9833,-1.925567,0.854839,-0.701119,0.366216,0.346723,0.243563,0.765258
22.0000,-1.918235,0.850895,-0.676528,0.362865,0.345667,0.244694,0.765543
22.0167,-1.915915,0.859727,-0.666660,0.355041,0.342988,0.248337,0.766594
22.0333,-1.914277,0.876109,-0.665630,0.343976,0.339685,0.253516,0.767142
22.0500,-1.908568,0.888363,-0.657567,0.334260,0.337142,0.258362,0.766796
22.0667,-1.900314,0.882435,-0.639757,0.337759,0.338391,0.259301,0.765879
22.0833,-1.893587,0.875075,-0.624334,0.337086,0.339210,0.258561,0.765038
22.1000,-1.889431,0.864772,-0.611904,0.334227,0.339729,0.255732,0.764402
22.1167,-1.884292,0.859674,-0.603481,0.326518,0.339522,0.253885,0.763200
22.1333,-1.879957,0.863630,-0.603557,0.315601,0.338630,0.254078,0.761856
22.1500,-1.875986,0.854646,-0.597404,0.315997,0.340165,0.251650,0.760605
22.1667,-1.870201,0.838793,-0.586163,0.320038,0.342894,0.247826,0.758916
22.1833,-1.862810,0.822074,-0.574742,0.321041,0.345659,0.243344,0.756561
22.2000,-1.854124,0.809798,-0.567120,0.319153,0.348276,0.239853,0.753581
22.2167,-1.846536,0.801015,-0.563489,0.313581,0.350095,0.236620,0.750674
22.2333,-1.844124,0.810625,-0.574464,0.300520,0.349123,0.237254,0.749122
22.2500,-1.838994,0.821120,-0.575703,0.286230,0.347107,0.239649,0.747725
22.2667,-1.835161,0.821134,-0.571463,0.286220,0.347709,0.240571,0.746950
22.2833,-1.833923,0.813585,-0.567375,0.297721,0.350415,0.239928,0.746677
22.3000,-1.834928,0.799442,-0.563630,0.312779,0.353818,0.236898,0.746592
22.3167,-1.838574,0.796192,-0.568844,0.322725,0.355546,0.236012,0.747130
22.3333,-1.841446,0.802875,-0.578205,0.324788,0.355483,0.237537,0.747555
22.3500,-1.844785,0.814328,-0.590758,0.322747,0.354515,0.239952,0.748055
22.3667,-1.849235,0.829354,-0.606987,0.318829,0.353009,0.242994,0.748698
22.3833,-1.855286,0.847330,-0.627691,0.314209,0.351193,0.246477,0.749482
22.4000,-1.860836,0.859703,-0.649128,0.313958,0.350903,0.248445,0.749555
22.4167,-1.868597,0.872692,-0.671960,0.314402,0.350305,0.250517,0.750225
22.4333,-1.868231,0.872494,-0.679176,0.319508,0.351891,0.250584,0.749120
22.4500,-1.872867,0.875959,-0.693693,0.324548,0.353028,0.250822,0.749228
22.4667,-1.875927,0.882307,-0.708655,0.328184,0.353884,0.252191,0.748844
22.4833,-1.872744,0.874325,-0.701061,0.333636,0.355334,0.250989,0.748114
22.5000,-1.870674,0.857518,-0.690966,0.343671,0.358130,0.246984,0.747648
22.5167,-1.870870,0.851125,-0.686895,0.349782,0.359299,0.245741,0.747931
22.5333,-1.873360,0.845375,-0.683719,0.352515,0.359322,0.243909,0.748825
22.5500,-1.875055,0.834954,-0.668218,0.353059,0.358052,0.241264,0.750547
22.5667,-1.876827,0.814782,-0.641348,0.355719,0.356727,0.236272,0.752990
22.5833,-1.872670,0.806084,-0.615438,0.349226,0.354373,0.235160,0.754015
22.6000,-1.867688,0.808969,-0.594518,0.336927,0.350872,0.237504,0.754979
22.6167,-1.861809,0.800599,-0.568329,0.331714,0.349342,0.237224,0.755411
22.6333,-1.855135,0.785854,-0.541080,0.331575,0.349506,0.235460,0.755238
22.6500,-1.852975,0.780448,-0.537666,0.333649,0.350860,0.234135,0.754647
22.6667,-1.853232,0.791651,-0.548444,0.324399,0.349419,0.235780,0.754305
22.6833,-1.855232,0.792510,-0.547435,0.312192,0.346536,0.234335,0.754891
22.7000,-1.855924,0.793576,-0.547026,0.301289,0.344229,0.233170,0.755034
22.7167,-1.853225,0.795178,-0.542194,0.287878,0.341803,0.232796,0.754518
22.7333,-1.847026,0.795728,-0.532017,0.275050,0.339937,0.233162,0.753409
22.7500,-1.843305,0.789633,-0.518733,0.267228,0.338708,0.231866,0.753099
22.7667,-1.845637,0.788440,-0.523945,0.272478,0.339969,0.231105,0.753384
22.7833,-1.850837,0.784706,-0.529703,0.278883,0.340740,0.229255,0.754261
22.8000,-1.855328,0.785914,-0.538679,0.283964,0.341264,0.228788,0.754888
22.8167,-1.859900,0.789321,-0.545781,0.286901,0.340949,0.229184,0.755872
22.8333,-1.862484,0.788762,-0.544587,0.290529,0.340631,0.229450,0.756861
22.8500,-1.862482,0.793459,-0.546729,0.293225,0.340814,0.231408,0.757056
22.8667,-1.864070,0.797111,-0.550064,0.295520,0.340836,0.232598,0.757539
22.8833,-1.866093,0.796724,-0.550465,0.297243,0.340626,0.232470,0.758153
22.9000,-1.867182,0.790317,-0.545009,0.300034,0.340716,0.230979,0.758683
22.9167,-1.866366,0.779229,-0.536279,0.305030,0.341809,0.228534,0.758648
22.9333,-1.862420,0.764915,-0.523720,0.311440,0.343915,0.225806,0.757760
22.9500,-1.859806,0.759541,-0.516251,0.312441,0.344574,0.225055,0.757376
22.9667,-1.857690,0.746875,-0.505114,0.314649,0.345517,0.222061,0.756943
22.9833,-1.857418,0.729829,-0.494115,0.317487,0.346472,0.217198,0.756742
23.0000,-1.858854,0.708937,-0.481693,0.321515,0.347246,0.211005,0.756919
23.0167,-1.860319,0.688992,-0.463268,0.321412,0.346384,0.205626,0.757747
23.0333,-1.861409,0.683770,-0.450499,0.313529,0.343599,0.204426,0.759002
23.0500,-1.862522,0.675923,-0.440406,0.311660,0.342446,0.202534,0.759790
23.0667,-1.859975,0.673790,-0.431001,0.310927,0.342162,0.203325,0.759777
23.0833,-1.860994,0.673500,-0.433751,0.310748,0.342269,0.202600,0.759838
23.1000,-1.861454,0.673563,-0.432428,0.309826,0.341777,0.202706,0.760112
23.1167,-1.859923,0.682721,-0.430694,0.306359,0.340623,0.206385,0.760538
23.1333,-1.856259,0.686645,-0.422361,0.303466,0.339921,0.209305,0.760505
23.1500,-1.853987,0.694226,-0.416484,0.299968,0.338749,0.213045,0.761000
23.1667,-1.850692,0.697057,-0.401532,0.296884,0.337277,0.216567,0.761658
23.1833,-1.846808,0.688132,-0.375239,0.305162,0.338077,0.218771,0.762401
23.2000,-1.846028,0.685258,-0.361327,0.314803,0.339173,0.221116,0.763434
23.2167,-1.851087,0.687925,-0.370483,0.327830,0.341088,0.221633,0.764623
23.2333,-1.855263,0.695895,-0.388165,0.334961,0.342232,0.222365,0.764985
23.2500,-1.858496,0.707855,-0.404810,0.334703,0.341754,0.224160,0.765350
23.2667,-1.859195,0.715040,-0.412281,0.332841,0.341181,0.225596,0.765339
23.2833,-1.857772,0.714010,-0.403570,0.330269,0.340183,0.226446,0.765570
23.3000,-1.855541,0.706972,-0.391458,0.327853,0.339770,0.225498,0.765449
23.3167,-1.852530,0.699047,-0.379996,0.325988,0.339879,0.224244,0.764943
23.3333,-1.849740,0.693949,-0.373503,0.323158,0.340030,0.223168,0.764254
23.3500,-1.850838,0.688619,-0.369652,0.323687,0.340041,0.221635,0.764585
23.3667,-1.853803,0.678337,-0.357235,0.324824,0.339077,0.219530,0.765902
23.3833,-1.855934,0.668456,-0.346048,0.324716,0.338150,0.217290,0.766859
23.4000,-1.858319,0.659049,-0.328282,0.325468,0.336651,0.216513,0.768507
23.4167,-1.861340,0.650973,-0.308328,0.325703,0.334577,0.216575,0.770630
23.4333,-1.868460,0.670092,-0.316817,0.317757,0.329978,0.221063,0.773751
23.4500,-1.874028,0.691532,-0.331621,0.317348,0.327474,0.226427,0.775888
23.4667,-1.879498,0.710550,-0.358277,0.315376,0.326248,0.228663,0.776684
23.4833,-1.882767,0.715805,-0.374475,0.314307,0.326120,0.227678,0.776533
23.5000,-1.887857,0.713224,-0.383411,0.319860,0.326836,0.225448,0.777159
23.5167,-1.888841,0.706929,-0.385980,0.323062,0.327880,0.222850,0.776742
23.5333,-1.893306,0.706840,-0.407929,0.329497,0.330233,0.219551,0.776218
23.5500,-1.895323,0.714335,-0.439187,0.330546,0.332462,0.217515,0.774341
23.5667,-1.890000,0.714060,-0.450906,0.326688,0.334474,0.215628,0.771182
23.5833,-1.879843,0.708972,-0.447191,0.322706,0.336785,0.214599,0.767708
23.6000,-1.867512,0.702984,-0.434722,0.319967,0.339208,0.214923,0.764433
23.6167,-1.857256,0.707076,-0.434911,0.317434,0.341670,0.217071,0.761410
23.6333,-1.851965,0.712571,-0.441277,0.316638,0.343530,0.218613,0.759466
23.6500,-1.851733,0.719216,-0.452870,0.317065,0.344534,0.219526,0.758722
23.6667,-1.855480,0.735505,-0.479411,0.318257,0.345247,0.221801,0.758465
23.6833,-1.859442,0.746282,-0.495356,0.313863,0.344036,0.222873,0.758746
23.7000,-1.856235,0.738341,-0.482871,0.311540,0.343584,0.221623,0.758253
23.7167,-1.854851,0.723788,-0.464266,0.316318,0.344178,0.219360,0.758730
23.7333,-1.867979,0.721412,-0.484456,0.329131,0.345574,0.215687,0.761026
23.7500,-1.876260,0.713657,-0.487754,0.340268,0.345907,0.212827,0.762822
23.7667,-1.894453,0.711233,-0.520459,0.362341,0.348485,0.208221,0.765445
23.7833,-1.917144,0.707953,-0.569205,0.392519,0.352590,0.202060,0.767636
23.8000,-1.931872,0.710646,-0.607728,0.415562,0.355770,0.200088,0.768546
23.8167,-1.935126,0.717430,-0.621310,0.425020,0.356980,0.202452,0.768607
23.8333,-1.932162,0.723633,-0.615985,0.427652,0.357073,0.206525,0.768718
23.8500,-1.929675,0.733974,-0.618678,0.425340,0.356944,0.210517,0.768466
23.8667,-1.920821,0.741453,-0.607576,0.415442,0.355911,0.214515,0.767174
23.8833,-1.913201,0.756481,-0.608715,0.404053,0.355193,0.219748,0.765621
23.9000,-1.904247,0.763145,-0.592873,0.387761,0.352657,0.223013,0.764701
23.9167,-1.895426,0.767566,-0.578676,0.373851,0.350898,0.225436,0.763572
23.9333,-1.886904,0.765426,-0.555824,0.360213,0.348651,0.226379,0.762978
23.9500,-1.878766,0.763508,-0.536527,0.345642,0.346510,0.226844,0.762144
23.9667,-1.871030,0.762764,-0.522037,0.331480,0.344746,0.227231,0.760982
23.9833,-1.864916,0.764933,-0.517512,0.314363,0.342879,0.226854,0.759407
24.0000,-1.857232,0.763027,-0.514387,0.301220,0.342613,0.225387,0.756816
24.0167,-1.853498,0.756403,-0.511073,0.297762,0.343488,0.223066,0.755365
24.0333,-1.852662,0.749332,-0.503353,0.307604,0.345375,0.222783,0.755578
24.0500,-1.851442,0.745017,-0.499522,0.317193,0.347443,0.223004,0.755427
24.0667,-1.849493,0.742157,-0.495795,0.320011,0.348359,0.222955,0.755003
24.0833,-1.851330,0.750190,-0.513889,0.327844,0.350718,0.224411,0.754408
24.1000,-1.855997,0.758171,-0.532541,0.341198,0.353189,0.226486,0.754651
24.1167,-1.869426,0.760454,-0.558716,0.364967,0.356450,0.226024,0.756675
24.1333,-1.880933,0.757887,-0.581826,0.383878,0.359090,0.223645,0.757825
24.1500,-1.885053,0.748150,-0.584659,0.394734,0.360661,0.220476,0.758048
24.1667,-1.896271,0.735659,-0.598068,0.412677,0.363201,0.215016,0.759486
24.1833,-1.888652,0.721735,-0.569717,0.415096,0.363332,0.213974,0.758745
24.2000,-1.881984,0.708821,-0.537046,0.416827,0.363283,0.213772,0.759115
24.2167,-1.882088,0.702190,-0.514650,0.412701,0.360941,0.213460,0.761209
24.2333,-1.887549,0.698884,-0.499219,0.407117,0.357071,0.212969,0.764589
24.2500,-1.893642,0.697842,-0.480867,0.399358,0.351896,0.213621,0.768562
24.2667,-1.898533,0.696890,-0.459507,0.389882,0.346353,0.214744,0.772338
24.2833,-1.898650,0.703094,-0.443138,0.377991,0.341625,0.218263,0.774499
24.3000,-1.896236,0.712596,-0.444967,0.368884,0.339945,0.220873,0.774276
24.3167,-1.895100,0.715713,-0.451892,0.361544,0.339459,0.220212,0.773389
24.3333,-1.890164,0.721549,-0.456429,0.350602,0.338814,0.220922,0.771604
24.3500,-1.885408,0.719956,-0.459162,0.344706,0.339682,0.219506,0.769537
24.3667,-1.880268,0.723432,-0.467678,0.341385,0.341308,0.219623,0.767193
24.3833,-1.876095,0.728542,-0.477233,0.339692,0.342933,0.220405,0.765176
24.4000,-1.868747,0.732796,-0.481024,0.334243,0.344120,0.221519,0.762554
24.4167,-1.860767,0.739435,-0.483509,0.326184,0.344726,0.223474,0.760052
24.4333,-1.854137,0.744583,-0.483805,0.318128,0.344857,0.225017,0.758119
24.4500,-1.849915,0.741134,-0.476808,0.313932,0.344964,0.224513,0.757134
24.4667,-1.848337,0.742567,-0.475605,0.310622,0.344664,0.224940,0.756853
24.4833,-1.852648,0.740590,-0.476286,0.309434,0.343613,0.223490,0.758055
24.5000,-1.857836,0.739537,-0.478113,0.309948,0.342469,0.222396,0.759495
24.5167,-1.863162,0.739691,-0.481832,0.311360,0.341519,0.221609,0.760879
24.5333,-1.866418,0.733659,-0.471934,0.314728,0.340466,0.220890,0.762553
24.5500,-1.868856,0.730880,-0.464603,0.317898,0.339702,0.221079,0.763998
24.5667,-1.871263,0.716042,-0.445159,0.323750,0.339214,0.218698,0.765716
24.5833,-1.875887,0.692249,-0.423023,0.332466,0.339213,0.213284,0.767718
24.6000,-1.878715,0.662322,-0.393047,0.340453,0.339212,0.206779,0.769256
24.6167,-1.879975,0.650281,-0.396821,0.342530,0.340558,0.201256,0.768375
24.6333,-1.878474,0.636352,-0.387899,0.343482,0.341272,0.197365,0.767523
24.6500,-1.878802,0.618874,-0.370374,0.346131,0.341336,0.193499,0.767853
24.6667,-1.882977,0.603426,-0.369539,0.356688,0.343238,0.188004,0.768043
24.6833,-1.884208,0.591045,-0.365368,0.360111,0.343824,0.183898,0.767722
24.7000,-1.882471,0.582140,-0.357991,0.357441,0.343625,0.181415,0.767022
24.7167,-1.876192,0.575768,-0.349997,0.357025,0.345105,0.180717,0.765111
24.7333,-1.868516,0.574849,-0.347937,0.355466,0.347094,0.181213,0.762667
24.7500,-1.865779,0.579108,-0.351216,0.350082,0.347072,0.182071,0.761846
24.7667,-1.863006,0.587712,-0.352719,0.339335,0.345374,0.184498,0.761540
24.7833,-1.858914,0.604134,-0.358570,0.324413,0.343092,0.188961,0.761031
24.8000,-1.853970,0.622011,-0.365925,0.309623,0.341119,0.193761,0.760150
24.8167,-1.847270,0.639940,-0.371500,0.295678,0.339610,0.199057,0.758813
24.8333,-1.835632,0.658155,-0.374000,0.282350,0.339244,0.205408,0.756148
24.8500,-1.824664,0.671906,-0.373902,0.271478,0.339340,0.210572,0.753609
24.8667,-1.815541,0.678447,-0.373715,0.273322,0.341952,0.214168,0.751215
24.8833,-1.805163,0.685936,-0.371527,0.274538,0.344360,0.218528,0.748649
24.9000,-1.801470,0.684210,-0.374223,0.286636,0.348488,0.219119,0.747098
24.9167,-1.802133,0.686812,-0.388324,0.296336,0.351561,0.218831,0.746142
24.9333,-1.806607,0.682603,-0.397556,0.303164,0.352984,0.216075,0.746312
24.9500,-1.813247,0.676555,-0.403785,0.308475,0.353251,0.212691,0.747374
24.9667,-1.822280,0.668238,-0.410544,0.316821,0.353610,0.208428,0.749014
24.9833,-1.832142,0.654534,-0.413956,0.329549,0.354525,0.202963,0.750812
25.0000,-1.839851,0.647094,-0.419714,0.336411,0.354550,0.199099,0.752160
25.0167,-1.844225,0.635551,-0.419118,0.343400,0.355192,0.194927,0.752649
25.0333,-1.846797,0.622443,-0.414275,0.350230,0.356082,0.190912,0.752835
25.0500,-1.848868,0.607240,-0.405823,0.357712,0.357079,0.186714,0.753026
25.0667,-1.853067,0.592630,-0.395924,0.367342,0.357762,0.182992,0.754140
25.0833,-1.856759,0.584919,-0.392714,0.371045,0.357508,0.180368,0.755016
25.1000,-1.864269,0.581056,-0.391408,0.374929,0.356171,0.178691,0.757378
25.1167,-1.872532,0.581604,-0.392224,0.375351,0.353714,0.178058,0.760185
25.1333,-1.879138,0.582182,-0.392866,0.371694,0.350833,0.177209,0.762409
25.1500,-1.884104,0.583920,-0.393444,0.364900,0.347765,0.176679,0.764160
25.1667,-1.886614,0.597738,-0.407492,0.351140,0.344612,0.178311,0.764750
25.1833,-1.888592,0.607731,-0.418985,0.339535,0.342113,0.179101,0.764980
25.2000,-1.889819,0.632428,-0.441453,0.323193,0.339186,0.183561,0.765002
25.2167,-1.885702,0.647857,-0.446987,0.308826,0.337056,0.187739,0.764123
25.2333,-1.876043,0.659832,-0.443447,0.297690,0.336590,0.192747,0.762187
25.2500,-1.863733,0.665802,-0.432809,0.288552,0.337056,0.196918,0.759693
25.2667,-1.851555,0.666287,-0.418785,0.282679,0.338213,0.199816,0.757205
25.2833,-1.840626,0.663960,-0.404043,0.279858,0.339740,0.201983,0.754998
25.3000,-1.837098,0.665174,-0.408457,0.283028,0.342110,0.202306,0.753589
25.3167,-1.838695,0.673001,-0.429385,0.292831,0.345304,0.202898,0.752687
25.3333,-1.839733,0.684132,-0.456024,0.302422,0.348748,0.204132,0.751134
25.3500,-1.847504,0.698587,-0.495380,0.304965,0.350225,0.203459,0.750509
25.3667,-1.853552,0.692710,-0.506299,0.307567,0.350353,0.199342,0.750628
25.3833,-1.855797,0.679849,-0.497561,0.310448,0.350000,0.195680,0.751236
25.4000,-1.858302,0.668805,-0.488424,0.315386,0.349969,0.192967,0.752239
25.4167,-1.855817,0.664704,-0.476023,0.313526,0.349189,0.193232,0.752445
25.4333,-1.850271,0.658817,-0.459176,0.310966,0.348957,0.193704,0.751956
25.4500,-1.843396,0.656808,-0.441480,0.304750,0.348163,0.195612,0.751423
25.4667,-1.842113,0.656047,-0.435536,0.304822,0.348255,0.196335,0.751657
25.4833,-1.844293,0.655756,-0.436605,0.309330,0.348736,0.196340,0.752325
25.5000,-1.848149,0.655875,-0.439694,0.315355,0.349095,0.196235,0.753362
25.5167,-1.850672,0.656364,-0.443706,0.318267,0.349209,0.195900,0.753832
25.5333,-1.852364,0.658657,-0.446260,0.321001,0.349287,0.196597,0.754344
25.5500,-1.855351,0.659088,-0.447754,0.324449,0.349199,0.196675,0.755261
25.5667,-1.861865,0.660102,-0.456042,0.329556,0.349075,0.195766,0.756696
25.5833,-1.869857,0.661756,-0.468317,0.333608,0.348560,0.194270,0.758199
25.6000,-1.879016,0.662214,-0.482927,0.337613,0.347967,0.191852,0.759694
25.6167,-1.883817,0.664123,-0.497619,0.336714,0.347522,0.189862,0.759723
25.6333,-1.879836,0.669790,-0.497061,0.322121,0.345223,0.190909,0.758641
25.6500,-1.874565,0.670392,-0.485964,0.310230,0.343321,0.191923,0.757998
25.6667,-1.870319,0.670145,-0.475555,0.304509,0.342509,0.193124,0.757692
25.6833,-1.863228,0.668152,-0.462515,0.301888,0.342882,0.194696,0.756616
25.7000,-1.858890,0.669303,-0.459857,0.303839,0.344371,0.196150,0.755665
25.7167,-1.856487,0.665443,-0.458335,0.310021,0.346487,0.195776,0.754795
25.7333,-1.857506,0.661605,-0.461948,0.319410,0.348748,0.194656,0.754524
25.7500,-1.855939,0.660667,-0.464360,0.323976,0.350326,0.194591,0.753671
25.7667,-1.852850,0.662819,-0.465422,0.322547,0.350904,0.195416,0.752674
25.7833,-1.845356,0.670063,-0.458182,0.310778,0.349513,0.198785,0.751467
25.8000,-1.838688,0.671913,-0.444589,0.300804,0.348102,0.201116,0.750822
25.8167,-1.828860,0.663756,-0.423063,0.297983,0.348811,0.201917,0.749165
25.8333,-1.815291,0.648404,-0.394911,0.300291,0.351551,0.201974,0.746312
25.8500,-1.802090,0.628071,-0.365295,0.305722,0.355263,0.200714,0.743177
25.8667,-1.791284,0.608331,-0.341556,0.311409,0.358974,0.198547,0.740141
25.8833,-1.783345,0.587384,-0.317661,0.315825,0.361706,0.195618,0.737856
25.9000,-1.779018,0.570489,-0.302179,0.320212,0.363872,0.192458,0.736276
25.9167,-1.777495,0.561427,-0.296122,0.323848,0.365283,0.190382,0.735448
25.9333,-1.778237,0.554951,-0.293368,0.326337,0.365846,0.188439,0.735331
25.9500,-1.778860,0.552208,-0.291656,0.327149,0.365864,0.187663,0.735444
25.9667,-1.778565,0.552324,-0.291217,0.325756,0.365594,0.187685,0.735415
25.9833,-1.777433,0.554240,-0.287361,0.320757,0.364457,0.188820,0.735646
26.0000,-1.775258,0.561630,-0.283025,0.316814,0.363479,0.192405,0.736069
26.0167,-1.775111,0.565878,-0.276920,0.319252,0.363379,0.195465,0.736983
26.0333,-1.774027,0.577732,-0.271452,0.311587,0.360873,0.200557,0.738341
26.0500,-1.775064,0.575623,-0.263301,0.310095,0.359852,0.201008,0.739289
26.0667,-1.776375,0.579387,-0.260548,0.300285,0.356982,0.201944,0.740461
26.0833,-1.777437,0.589079,-0.262924,0.289034,0.353830,0.204123,0.741590
26.1000,-1.776851,0.600370,-0.265584,0.277725,0.350972,0.207000,0.742218
26.1167,-1.780707,0.613317,-0.280230,0.270582,0.348793,0.208194,0.743343
26.1333,-1.785403,0.615227,-0.288813,0.271048,0.348103,0.207006,0.744256
26.1500,-1.789123,0.610912,-0.291912,0.274750,0.348304,0.204822,0.744811
26.1667,-1.793190,0.612729,-0.302975,0.277652,0.348547,0.203392,0.745283
26.1833,-1.796197,0.621259,-0.321375,0.278546,0.348804,0.203184,0.745244
26.2000,-1.797256,0.612514,-0.325167,0.287627,0.351182,0.199980,0.744401
26.2167,-1.794483,0.603904,-0.321613,0.292389,0.353109,0.197998,0.743007
26.2333,-1.792119,0.592014,-0.317324,0.299901,0.355791,0.195040,0.741513
26.2500,-1.793783,0.578010,-0.320084,0.314068,0.359469,0.190180,0.740430
26.2667,-1.800866,0.558599,-0.326717,0.336387,0.363772,0.182670,0.740172
26.2833,-1.810399,0.544217,-0.333318,0.358829,0.366853,0.176888,0.741174
26.3000,-1.816077,0.546932,-0.345218,0.366751,0.367396,0.176121,0.742116
26.3167,-1.820469,0.559565,-0.362341,0.365853,0.366530,0.177836,0.743142
26.3333,-1.820512,0.565580,-0.365851,0.360571,0.365226,0.179224,0.743400
26.3500,-1.817005,0.570248,-0.363004,0.354283,0.364400,0.181348,0.742968
26.3667,-1.812879,0.569924,-0.357648,0.351605,0.364660,0.182266,0.742074
26.3833,-1.809990,0.564157,-0.350460,0.352310,0.365452,0.181506,0.741244
26.4000,-1.808182,0.553784,-0.341404,0.356018,0.366628,0.179389,0.740489
26.4167,-1.808193,0.539124,-0.329757,0.363796,0.368147,0.176183,0.740139
26.4333,-1.813885,0.531935,-0.329875,0.375337,0.369392,0.173699,0.741279
26.4500,-1.817724,0.521485,-0.325149,0.385077,0.370307,0.170765,0.741897
26.4667,-1.819092,0.516154,-0.318695,0.385728,0.369730,0.169631,0.742477
26.4833,-1.820996,0.518938,-0.324877,0.384826,0.369311,0.169383,0.742843
26.5000,-1.817266,0.526393,-0.325942,0.377127,0.368392,0.171951,0.742275
26.5167,-1.814456,0.535515,-0.327446,0.368408,0.367163,0.174898,0.742182
26.5333,-1.813175,0.547722,-0.332773,0.359342,0.365540,0.178215,0.742533
26.5500,-1.811480,0.556985,-0.334911,0.353954,0.364607,0.181279,0.742691
26.5667,-1.806481,0.561271,-0.331278,0.349246,0.364504,0.183704,0.741764
26.5833,-1.801025,0.570208,-0.328640,0.339944,0.363506,0.187397,0.741090
26.6000,-1.795007,0.577370,-0.322784,0.326423,0.361607,0.190574,0.740396
26.6167,-1.785481,0.574849,-0.302611,0.309992,0.359442,0.192560,0.738992
26.6333,-1.784403,0.579376,-0.299865,0.300953,0.357739,0.194011,0.739430
26.6500,-1.788591,0.599534,-0.319591,0.294288,0.355676,0.197259,0.740847
26.6667,-1.787254,0.602684,-0.320424,0.291638,0.355132,0.198297,0.740556
26.6833,-1.785900,0.603564,-0.323702,0.290672,0.355554,0.198073,0.739843
26.7000,-1.784728,0.611306,-0.334362,0.286929,0.355545,0.198915,0.739074
26.7167,-1.785724,0.610547,-0.344487,0.292438,0.357367,0.197307,0.738269
26.7333,-1.786331,0.606996,-0.350901,0.296775,0.358822,0.195188,0.737440
26.7500,-1.787503,0.603926,-0.356609,0.302455,0.360327,0.193457,0.736922
26.7667,-1.788729,0.602599,-0.362209,0.307745,0.361598,0.192395,0.736594
26.7833,-1.787512,0.594519,-0.362086,0.317362,0.364272,0.190324,0.735340
26.8000,-1.794124,0.584871,-0.364442,0.334419,0.366828,0.187158,0.736368
26.8167,-1.797014,0.578874,-0.362028,0.342751,0.367670,0.185745,0.736976
26.8333,-1.795789,0.568021,-0.355095,0.350905,0.369575,0.183488,0.736110
26.8500,-1.791264,0.566905,-0.349742,0.351606,0.370582,0.184459,0.734945
26.8667,-1.784863,0.563035,-0.342452,0.353901,0.372497,0.185001,0.733001
26.8833,-1.779340,0.565584,-0.339162,0.353484,0.373665,0.187089,0.731629
26.9000,-1.775507,0.559616,-0.331391,0.355636,0.375003,0.186617,0.730426
26.9167,-1.772169,0.552149,-0.324010,0.360498,0.376838,0.185669,0.729144
26.9333,-1.770159,0.542523,-0.317088,0.366977,0.378802,0.183776,0.728016
26.9500,-1.771588,0.532439,-0.314805,0.375299,0.380577,0.180676,0.727557
26.9667,-1.774829,0.523779,-0.316752,0.384084,0.382059,0.177255,0.727437
26.9833,-1.777088,0.513683,-0.311892,0.389332,0.382567,0.174223,0.727574
27.0000,-1.780898,0.497792,-0.299841,0.391382,0.381820,0.169611,0.728485
27.0167,-1.786206,0.482764,-0.285400,0.394873,0.380754,0.165754,0.730205
27.0333,-1.788886,0.486277,-0.275821,0.384220,0.376982,0.167783,0.732790
27.0500,-1.789791,0.498524,-0.270052,0.367323,0.372284,0.172375,0.735358
27.0667,-1.789318,0.515536,-0.267189,0.349807,0.367751,0.178399,0.737546
27.0833,-1.788559,0.534430,-0.267664,0.331787,0.363250,0.184445,0.739399
27.1000,-1.786990,0.534337,-0.261452,0.325624,0.361953,0.185212,0.739509
27.1167,-1.786231,0.520705,-0.250570,0.329347,0.362984,0.182205,0.738881
27.1333,-1.784115,0.502724,-0.237320,0.332507,0.364292,0.177973,0.737543
27.1500,-1.779325,0.484375,-0.224455,0.333704,0.365948,0.173617,0.735182
27.1667,-1.777395,0.489767,-0.232312,0.324554,0.364930,0.173674,0.734511
27.1833,-1.777955,0.509251,-0.252467,0.313434,0.362862,0.176624,0.734945
27.2000,-1.773829,0.524216,-0.268865,0.303846,0.362213,0.179089,0.733509
27.2167,-1.767998,0.533264,-0.279314,0.297929,0.362840,0.180785,0.731382
27.2333,-1.763111,0.535821,-0.284012,0.297658,0.364400,0.181383,0.729443
27.2500,-1.762608,0.525504,-0.283546,0.308936,0.367511,0.178423,0.728138
27.2667,-1.761146,0.518416,-0.282956,0.319975,0.370501,0.176790,0.726786
27.2833,-1.758998,0.508226,-0.280246,0.332783,0.374044,0.174506,0.725004
27.3000,-1.754525,0.506201,-0.276161,0.338606,0.376289,0.175377,0.723455
27.3167,-1.751629,0.519714,-0.279045,0.336058,0.376231,0.180322,0.723552
27.3333,-1.756165,0.547651,-0.307805,0.339006,0.376435,0.186070,0.725050
27.3500,-1.760439,0.565829,-0.331033,0.341926,0.376489,0.189181,0.725925
27.3667,-1.762157,0.574017,-0.343223,0.345176,0.376995,0.190574,0.725985
27.3833,-1.767280,0.593656,-0.368101,0.348213,0.377100,0.194055,0.727066
27.4000,-1.772168,0.618426,-0.394858,0.347040,0.376135,0.199050,0.728322
27.4167,-1.775738,0.644658,-0.417106,0.341921,0.374230,0.205169,0.729677
27.4333,-1.776701,0.657298,-0.424611,0.337767,0.372791,0.208559,0.730364
27.4500,-1.778819,0.665414,-0.426462,0.332404,0.370747,0.210710,0.731704
27.4667,-1.782837,0.675530,-0.428353,0.323801,0.367418,0.213043,0.733911
27.4833,-1.788518,0.683705,-0.429038,0.314843,0.363551,0.214572,0.736609
27.5000,-1.790099,0.672829,-0.412262,0.311943,0.361577,0.212482,0.738021
27.5167,-1.790143,0.672070,-0.394131,0.303020,0.358066,0.214078,0.739990
27.5333,-1.787929,0.675167,-0.376606,0.290442,0.354196,0.216939,0.741402
27.5500,-1.785366,0.671973,-0.356867,0.281759,0.351552,0.218271,0.742322
27.5667,-1.785022,0.668671,-0.338094,0.271903,0.348239,0.219139,0.743840
27.5833,-1.787551,0.665421,-0.326219,0.266459,0.345675,0.219098,0.745612
27.6000,-1.792300,0.649350,-0.316639,0.271056,0.345761,0.214649,0.746797
27.6167,-1.791936,0.629988,-0.306952,0.278568,0.347911,0.209695,0.745950
27.6333,-1.787947,0.612947,-0.301613,0.286813,0.351506,0.205195,0.743611
27.6500,-1.785374,0.606696,-0.304494,0.294298,0.354575,0.203170,0.741881
27.6667,-1.785361,0.588920,-0.306517,0.312289,0.359755,0.197574,0.739923
27.6833,-1.786740,0.561856,-0.309318,0.342114,0.367438,0.188994,0.737200
27.7000,-1.787182,0.548517,-0.319097,0.364230,0.373291,0.183889,0.734682
27.7167,-1.788569,0.533390,-0.331062,0.390177,0.379823,0.177921,0.731860
27.7333,-1.789930,0.530974,-0.348047,0.406665,0.384055,0.175454,0.729920
27.7500,-1.791118,0.533793,-0.363223,0.416890,0.386674,0.174987,0.728760
27.7667,-1.791486,0.535230,-0.369742,0.421631,0.387857,0.174980,0.728203
27.7833,-1.799161,0.551262,-0.399629,0.425514,0.388119,0.176425,0.729425
27.8000,-1.804309,0.566897,-0.421123,0.423727,0.387046,0.178921,0.730594
27.8167,-1.801668,0.589585,-0.434694,0.412795,0.385305,0.185421,0.730606
27.8333,-1.797977,0.619692,-0.455013,0.403433,0.384496,0.194191,0.730122
27.8500,-1.794571,0.655375,-0.479838,0.393907,0.383527,0.204549,0.729630
27.8667,-1.791628,0.689617,-0.502080,0.383773,0.382018,0.214558,0.729299
27.8833,-1.787619,0.719945,-0.515381,0.370663,0.379480,0.223861,0.729154
27.9000,-1.782374,0.739425,-0.516770,0.359566,0.377232,0.230664,0.728901
27.9167,-1.776395,0.750630,-0.507473,0.349839,0.375007,0.235764,0.728914
27.9333,-1.769992,0.755341,-0.490828,0.342252,0.373089,0.239587,0.729075
27.9500,-1.763758,0.751358,-0.470215,0.339981,0.372553,0.241249,0.728954
27.9667,-1.759363,0.756640,-0.456695,0.333936,0.370711,0.244890,0.729529
27.9833,-1.759337,0.749818,-0.436804,0.328405,0.368442,0.244394,0.731233
28.0000,-1.760738,0.738699,-0.418577,0.325028,0.366742,0.242163,0.732850
28.0167,-1.759192,0.730949,-0.399446,0.320937,0.365109,0.241690,0.733769
28.0333,-1.757437,0.722241,-0.379002,0.314896,0.363244,0.240907,0.734644
28.0500,-1.755963,0.695847,-0.350104,0.320570,0.364534,0.236157,0.734762
28.0667,-1.756081,0.664688,-0.326130,0.330342,0.367242,0.229032,0.734365
28.0833,-1.754525,0.623666,-0.300768,0.345657,0.372102,0.218963,0.732297
28.1000,-1.755538,0.578725,-0.280246,0.368391,0.378426,0.206731,0.729865
28.1167,-1.754352,0.569910,-0.280252,0.368649,0.379420,0.203207,0.728607
28.1333,-1.753151,0.579730,-0.292165,0.358299,0.377881,0.204095,0.728262
28.1500,-1.753127,0.599974,-0.313064,0.348541,0.376144,0.207535,0.728375
28.1667,-1.753754,0.617513,-0.330350,0.340986,0.374560,0.210722,0.728657
28.1833,-1.754986,0.633369,-0.345375,0.334709,0.373026,0.213695,0.729140
28.2000,-1.758027,0.650576,-0.361434,0.331332,0.371604,0.217181,0.730199
28.2167,-1.763298,0.663770,-0.376358,0.328454,0.369907,0.219131,0.731735
28.2333,-1.766714,0.676718,-0.388632,0.327181,0.368673,0.221822,0.732812
28.2500,-1.767439,0.679497,-0.391928,0.329828,0.368929,0.222690,0.732906
28.2667,-1.768397,0.686596,-0.404729,0.332968,0.369903,0.223734,0.732486
28.2833,-1.769085,0.698932,-0.428894,0.338751,0.372090,0.225513,0.731123
28.3000,-1.765306,0.721706,-0.455386,0.343531,0.374409,0.231653,0.728752
28.3167,-1.763436,0.739255,-0.477196,0.345417,0.375860,0.235989,0.727056
28.3333,-1.758322,0.747658,-0.477648,0.338384,0.375014,0.238897,0.725867
28.3500,-1.756661,0.746388,-0.473392,0.334996,0.374639,0.238705,0.725667
28.3667,-1.752600,0.739782,-0.455825,0.330126,0.373543,0.238410,0.725682
28.3833,-1.752066,0.733558,-0.444738,0.326782,0.372685,0.237153,0.726292
28.4000,-1.751494,0.727547,-0.431307,0.323683,0.371466,0.236449,0.727125
28.4167,-1.749454,0.721110,-0.416018,0.319792,0.370307,0.235947,0.727596
28.4333,-1.747730,0.716449,-0.401603,0.314341,0.368759,0.235821,0.728242
28.4500,-1.745777,0.711282,-0.386649,0.308802,0.367234,0.235656,0.728793
28.4667,-1.747366,0.708857,-0.379993,0.304317,0.365669,0.235027,0.729939
28.4833,-1.752408,0.695150,-0.376450,0.308721,0.366239,0.230279,0.730853
28.5000,-1.758182,0.675013,-0.376222,0.319622,0.368607,0.223122,0.731005
28.5167,-1.761907,0.645949,-0.368376,0.334067,0.372013,0.214206,0.730297
28.5333,-1.764185,0.607563,-0.352333,0.351285,0.376193,0.203178,0.728892
28.5500,-1.767119,0.600681,-0.360055,0.354127,0.377113,0.199002,0.728456
28.5667,-1.771566,0.611020,-0.383551,0.351260,0.376643,0.198455,0.728584
28.5833,-1.777510,0.639466,-0.419281,0.347192,0.375432,0.203116,0.729548
28.6000,-1.783301,0.652552,-0.445059,0.351618,0.376043,0.204398,0.729830
28.6167,-1.788740,0.649147,-0.456212,0.362087,0.377721,0.202092,0.730011
28.6333,-1.790015,0.642906,-0.458461,0.372993,0.379900,0.200432,0.729456
28.6500,-1.789197,0.649250,-0.460324,0.374870,0.380149,0.203095,0.729539
28.6667,-1.788628,0.663018,-0.465735,0.371491,0.379203,0.207591,0.730081
28.6833,-1.786997,0.683278,-0.474498,0.362098,0.377160,0.213561,0.730484
28.7000,-1.786479,0.705119,-0.485728,0.351720,0.374751,0.219518,0.731085
28.7167,-1.784284,0.726425,-0.492576,0.337632,0.371553,0.225506,0.731469
28.7333,-1.779963,0.743081,-0.491674,0.324161,0.368564,0.230943,0.731532
28.7500,-1.778525,0.759936,-0.499109,0.314990,0.366596,0.235448,0.731655
28.7667,-1.782701,0.770051,-0.512165,0.313803,0.365885,0.237055,0.732445
28.7833,-1.783159,0.776048,-0.512772,0.310778,0.364515,0.238937,0.732982
28.8000,-1.781704,0.776449,-0.504516,0.307365,0.363237,0.239939,0.733465
28.8167,-1.778326,0.775152,-0.492102,0.302009,0.361855,0.240759,0.733643
28.8333,-1.773761,0.771284,-0.476835,0.295871,0.360634,0.241010,0.733520
28.8500,-1.767934,0.760966,-0.456320,0.292108,0.360271,0.240033,0.733004
28.8667,-1.762603,0.746297,-0.433409,0.290220,0.360392,0.238020,0.732539
28.8833,-1.758191,0.730964,-0.412747,0.288560,0.360669,0.235437,0.732040
28.9000,-1.756832,0.714587,-0.396112,0.286964,0.360733,0.231610,0.732017
28.9167,-1.755903,0.699598,-0.381331,0.284854,0.360526,0.227994,0.732014
28.9333,-1.755462,0.684925,-0.369739,0.282723,0.360457,0.223972,0.731837
28.9500,-1.759131,0.675690,-0.368982,0.282684,0.360346,0.220103,0.732400
28.9667,-1.760847,0.673712,-0.373106,0.278817,0.359627,0.218002,0.732383
28.9833,-1.762078,0.676025,-0.380676,0.274869,0.359047,0.217042,0.732191
29.0000,-1.762058,0.683048,-0.391232,0.269053,0.358337,0.217320,0.731634
29.0167,-1.761665,0.684486,-0.396754,0.268495,0.358736,0.216960,0.730981
29.0333,-1.761459,0.682207,-0.398378,0.270674,0.359560,0.216101,0.730508
29.0500,-1.762222,0.677508,-0.397708,0.275512,0.360631,0.214891,0.730421
29.0667,-1.761947,0.672350,-0.394842,0.282880,0.362236,0.214251,0.730173
29.0833,-1.762401,0.669705,-0.393993,0.290606,0.363776,0.214214,0.730181
29.1000,-1.762422,0.669520,-0.394404,0.296747,0.365008,0.214794,0.730111
29.1167,-1.761916,0.670616,-0.393723,0.301765,0.365946,0.215991,0.730089
29.1333,-1.763561,0.675544,-0.401849,0.307176,0.367009,0.217075,0.730211
29.1500,-1.764478,0.670270,-0.403899,0.316841,0.369203,0.215754,0.729737
29.1667,-1.768082,0.660993,-0.405856,0.332031,0.372147,0.213215,0.729814
29.1833,-1.769410,0.644079,-0.398120,0.347396,0.375239,0.209386,0.729360
29.2000,-1.765812,0.627263,-0.381685,0.357604,0.377841,0.206823,0.728088
29.2167,-1.759880,0.609950,-0.359465,0.363999,0.380031,0.204798,0.726525
29.2333,-1.755487,0.589569,-0.334560,0.367817,0.381478,0.201574,0.725466
29.2500,-1.749284,0.570688,-0.308466,0.368686,0.382591,0.199115,0.723976
29.2667,-1.743256,0.552770,-0.282032,0.368137,0.383417,0.197056,0.722618
29.2833,-1.739182,0.544980,-0.248858,0.352472,0.379619,0.198910,0.723977
29.3000,-1.739838,0.559285,-0.245980,0.333632,0.374646,0.203255,0.726435
29.3167,-1.740724,0.570256,-0.251740,0.320136,0.371289,0.205160,0.727597
29.3333,-1.739733,0.570798,-0.247501,0.307226,0.368448,0.205099,0.727934
29.3500,-1.738564,0.569259,-0.249781,0.292046,0.365912,0.202749,0.727436
29.3667,-1.740256,0.563075,-0.255001,0.291696,0.366270,0.199145,0.726960
29.3833,-1.742750,0.560754,-0.266779,0.292437,0.366773,0.195831,0.726476
29.4000,-1.746822,0.551972,-0.277716,0.300219,0.368606,0.190667,0.725866
29.4167,-1.752733,0.541469,-0.290760,0.313562,0.371269,0.184729,0.725407
29.4333,-1.758184,0.535797,-0.306235,0.324505,0.373332,0.180096,0.725009
29.4500,-1.767069,0.531924,-0.326544,0.340846,0.375882,0.175507,0.725386
29.4667,-1.773703,0.529122,-0.343876,0.355885,0.378295,0.172082,0.725345
29.4833,-1.777969,0.523368,-0.357760,0.373805,0.381815,0.168610,0.724404
29.5000,-1.782151,0.521139,-0.370008,0.392109,0.385247,0.166963,0.723935
29.5167,-1.781026,0.522582,-0.375072,0.400508,0.387361,0.167681,0.722885
29.5333,-1.775764,0.527176,-0.376498,0.403555,0.389249,0.170215,0.721158
29.5500,-1.771561,0.530877,-0.374811,0.405825,0.390669,0.172713,0.720099
29.5667,-1.770044,0.540516,-0.386337,0.408911,0.392232,0.175280,0.719191
29.5833,-1.770203,0.555237,-0.407944,0.413080,0.393985,0.178357,0.718251
29.6000,-1.766655,0.570542,-0.415958,0.406270,0.393352,0.183158,0.717752
29.6167,-1.763410,0.571948,-0.410282,0.407311,0.393940,0.185148,0.717281
29.6333,-1.759767,0.576333,-0.402842,0.401447,0.392996,0.187900,0.717373
29.6500,-1.757820,0.574909,-0.396845,0.399609,0.392858,0.188263,0.717228
29.6667,-1.755003,0.568782,-0.384272,0.398183,0.392698,0.187910,0.716980
29.6833,-1.751537,0.560282,-0.366161,0.395420,0.392200,0.187445,0.716879
29.7000,-1.746896,0.556875,-0.345568,0.385644,0.390194,0.188964,0.717315
29.7167,-1.742486,0.555862,-0.323436,0.370668,0.386894,0.191288,0.718357
29.7333,-1.740418,0.563266,-0.311216,0.352748,0.382647,0.194827,0.720120
29.7500,-1.742591,0.568526,-0.304171,0.338578,0.378497,0.196562,0.722522
29.7667,-1.745075,0.578650,-0.304301,0.323596,0.374156,0.198837,0.724729
29.7833,-1.750251,0.571678,-0.302490,0.322577,0.372894,0.195787,0.726116
29.8000,-1.756567,0.594338,-0.329959,0.315410,0.370476,0.198477,0.727887
29.8167,-1.761212,0.610260,-0.357986,0.311306,0.369540,0.199062,0.728106
29.8333,-1.762115,0.615018,-0.373624,0.303229,0.368511,0.197373,0.727182
29.8500,-1.760603,0.626795,-0.385182,0.285808,0.365600,0.198339,0.726541
29.8667,-1.756534,0.624379,-0.384746,0.273833,0.364326,0.196598,0.724926
29.8833,-1.754921,0.621342,-0.389449,0.267711,0.364244,0.194079,0.723533
29.9000,-1.759153,0.623535,-0.402456,0.269271,0.364620,0.192472,0.723709
29.9167,-1.761579,0.615132,-0.406734,0.277731,0.366395,0.189170,0.723213
29.9333,-1.765018,0.604588,-0.409853,0.292335,0.369225,0.185714,0.722987
29.9500,-1.771787,0.594934,-0.415218,0.312330,0.372393,0.182446,0.723714
29.9667,-1.778782,0.589231,-0.425595,0.334008,0.375902,0.180082,0.724267
29.9833,-1.784237,0.590058,-0.440147,0.356578,0.379944,0.180025,0.724373
30.0000,-1.788997,0.595373,-0.458103,0.376173,0.383644,0.181159,0.724268
30.0167,-1.790630,0.615100,-0.483821,0.385355,0.386030,0.186380,0.723650
30.0333,-1.789395,0.638241,-0.504980,0.385137,0.386786,0.193057,0.722909
30.0500,-1.785399,0.656929,-0.515569,0.380191,0.386665,0.199142,0.721995
30.0667,-1.782396,0.670785,-0.518268,0.372212,0.385369,0.203806,0.721976
30.0833,-1.778846,0.662520,-0.498768,0.371281,0.384841,0.203492,0.722257
30.1000,-1.780911,0.671096,-0.495597,0.359134,0.381349,0.205658,0.724432
30.1167,-1.777836,0.657200,-0.478089,0.359307,0.381341,0.202905,0.724063
30.1333,-1.776468,0.642253,-0.462518,0.361771,0.381825,0.199541,0.723976
30.1500,-1.774112,0.619195,-0.442069,0.365886,0.382866,0.193947,0.723210
30.1667,-1.772626,0.591979,-0.420103,0.370645,0.383943,0.186898,0.722435
30.1833,-1.772871,0.591563,-0.422322,0.361273,0.382345,0.185202,0.722411
30.2000,-1.775545,0.604746,-0.438461,0.349687,0.380074,0.186403,0.722977
30.2167,-1.781372,0.625881,-0.463629,0.339919,0.377688,0.189356,0.724264
30.2333,-1.791266,0.656108,-0.499133,0.330571,0.374774,0.194166,0.726468
30.2500,-1.801142,0.692529,-0.539118,0.318995,0.371442,0.200755,0.728396
30.2667,-1.807540,0.722456,-0.571297,0.306008,0.368411,0.206141,0.729118
30.2833,-1.806923,0.735452,-0.586464,0.297531,0.367469,0.208333,0.727877
30.3000,-1.806216,0.734915,-0.592073,0.299040,0.368567,0.207683,0.726786
30.3167,-1.808716,0.727510,-0.595976,0.309478,0.370811,0.205370,0.726574
30.3333,-1.817005,0.712452,-0.605331,0.334266,0.375190,0.200587,0.727128
30.3500,-1.826092,0.694662,-0.615125,0.366657,0.380620,0.195546,0.727611
30.3667,-1.833562,0.673541,-0.620227,0.400105,0.386178,0.189919,0.727664
30.3833,-1.837412,0.659908,-0.623451,0.421971,0.389916,0.186362,0.727254
30.4000,-1.834190,0.652063,-0.612869,0.427593,0.390985,0.185468,0.726584
30.4167,-1.831543,0.642120,-0.602528,0.433023,0.392281,0.183514,0.725909
30.4333,-1.827472,0.627692,-0.584713,0.438721,0.393504,0.180804,0.725147
30.4500,-1.826942,0.615873,-0.571200,0.444001,0.394111,0.178229,0.725434
30.4667,-1.828358,0.607350,-0.561384,0.447825,0.394019,0.176207,0.726309
30.4833,-1.831565,0.601170,-0.551052,0.452160,0.393360,0.175175,0.728150
30.5000,-1.830946,0.598028,-0.536691,0.450907,0.392100,0.175715,0.729406
30.5167,-1.828349,0.596462,-0.519103,0.446187,0.390497,0.177191,0.730522
30.5333,-1.823919,0.597639,-0.501148,0.438306,0.388680,0.179747,0.731314
30.5500,-1.812609,0.594081,-0.455558,0.421420,0.384861,0.184200,0.732394
30.5667,-1.799266,0.597319,-0.406502,0.394893,0.379286,0.191533,0.733884
30.5833,-1.791061,0.596528,-0.358604,0.373462,0.373755,0.197540,0.736420
30.6000,-1.785033,0.595577,-0.322962,0.354561,0.369007,0.201805,0.738189
30.6167,-1.778979,0.610313,-0.305030,0.331547,0.363608,0.209003,0.739580
30.6333,-1.773037,0.622192,-0.288743,0.309295,0.358503,0.214864,0.740419
30.6500,-1.765927,0.635169,-0.276385,0.289904,0.354405,0.220798,0.740464
30.6667,-1.762630,0.653824,-0.280238,0.268337,0.349832,0.225239,0.740760
30.6833,-1.763321,0.668111,-0.288678,0.256050,0.346763,0.227755,0.741444
30.7000,-1.767930,0.670049,-0.297168,0.259831,0.346963,0.226965,0.742347
30.7167,-1.770374,0.666420,-0.303119,0.267791,0.348678,0.225180,0.742279
30.7333,-1.767179,0.668687,-0.304113,0.272685,0.350240,0.226728,0.741276
30.7500,-1.768085,0.668658,-0.308319,0.283091,0.352607,0.227034,0.741163
30.7667,-1.768623,0.665589,-0.312456,0.291941,0.354878,0.226059,0.740640
30.7833,-1.764168,0.660947,-0.311071,0.296357,0.357137,0.225428,0.738790
30.8000,-1.759129,0.657317,-0.307723,0.298156,0.358923,0.225279,0.737036
30.8167,-1.756886,0.663573,-0.322900,0.305747,0.362044,0.226056,0.735296
30.8333,-1.759109,0.689216,-0.356595,0.310942,0.363436,0.230715,0.734932
30.8500,-1.770288,0.728827,-0.408203,0.313972,0.362538,0.237209,0.736874
30.8667,-1.780737,0.754527,-0.451530,0.315329,0.361812,0.239957,0.737845
30.8833,-1.789457,0.765933,-0.481992,0.316873,0.361757,0.239451,0.738249
30.9000,-1.800941,0.773537,-0.507350,0.321088,0.361449,0.238413,0.739869
30.9167,-1.805852,0.776823,-0.511825,0.320152,0.359790,0.238592,0.741194
30.9333,-1.801318,0.776738,-0.493720,0.311144,0.357008,0.240345,0.741595
30.9500,-1.792144,0.774628,-0.466531,0.299999,0.354501,0.242772,0.741333
30.9667,-1.781649,0.769516,-0.435982,0.289022,0.352457,0.244809,0.740737
30.9833,-1.773494,0.755692,-0.405003,0.285527,0.352206,0.244518,0.740238
31.0000,-1.764658,0.742243,-0.374831,0.279062,0.351604,0.244118,0.739344
31.0167,-1.757261,0.740890,-0.353838,0.266029,0.349147,0.246018,0.738944
31.0333,-1.751489,0.747864,-0.342595,0.247056,0.345218,0.248607,0.738720
31.0500,-1.750601,0.749093,-0.344373,0.242533,0.344883,0.248214,0.738384
31.0667,-1.748850,0.745165,-0.349052,0.241770,0.346173,0.246002,0.737002
31.0833,-1.746289,0.736751,-0.350951,0.246096,0.348809,0.243304,0.735248
31.1000,-1.739970,0.724552,-0.349319,0.248415,0.351986,0.239849,0.732235
31.1167,-1.728824,0.707822,-0.343982,0.250570,0.356428,0.235718,0.727521
