t_s,q_pitch,q_roll,q_yaw,q_elbow,target_x,target_y,target_z
2.8333,0.091341,-0.161441,0.044524,0.985649,0.071529,-0.292302,-0.099190
2.8667,0.044022,-0.112973,-0.149107,1.043910,0.074097,-0.290621,-0.092916
2.9000,-0.001393,-0.105450,-0.141080,1.121933,0.074376,-0.290376,-0.092007
2.9333,-0.051642,-0.082044,-0.348823,1.165325,0.074686,-0.289969,-0.090486
2.9667,-0.098324,-0.075955,-0.422149,1.184209,0.074819,-0.289704,-0.089499
3.0000,-0.136273,-0.065370,-0.504686,1.180637,0.074937,-0.289349,-0.088177
3.0333,-0.166030,-0.053617,-0.563069,1.221064,0.074964,-0.289078,-0.087166
3.0667,-0.200353,-0.049745,-0.638597,1.249002,0.074955,-0.288858,-0.086348
3.1000,-0.238796,-0.049010,-0.809360,1.314979,0.074903,-0.288610,-0.085422
3.1333,-0.264433,-0.056449,-0.916007,1.367176,0.074756,-0.288392,-0.084612
3.1667,-0.295181,-0.072861,-1.180940,1.457666,0.074638,-0.288235,-0.084025
3.2000,-0.297075,-0.085318,-1.361741,1.504597,0.074424,-0.288108,-0.083557
3.2333,-0.301403,-0.089589,-1.252814,1.505069,0.074367,-0.288164,-0.083765
3.2667,-0.307431,-0.090461,-1.323845,1.504890,0.074376,-0.288085,-0.083469
3.3000,-0.319010,-0.096896,-1.270707,1.505017,0.074330,-0.288059,-0.083372
3.3333,-0.319351,-0.100151,-1.196620,1.505053,0.074288,-0.287935,-0.082911
3.3667,-0.328184,-0.090782,-1.433209,1.504659,0.074308,-0.287900,-0.082780
3.4000,-0.325575,-0.078637,-1.341412,1.504990,0.074203,-0.287909,-0.082812
3.4333,-0.335223,-0.069054,-1.509631,1.503468,0.074236,-0.287903,-0.082793
3.4667,-0.333778,-0.050042,-1.496417,1.476781,0.074152,-0.287864,-0.082648
3.5000,-0.285200,0.012654,-1.058319,1.319832,0.074162,-0.287874,-0.082685
3.5333,-0.259530,0.033040,-0.915490,1.252046,0.074507,-0.288135,-0.083653
3.5667,-0.233680,0.048422,-0.825237,1.197913,0.074653,-0.288278,-0.084188
3.6000,-0.224177,0.043922,-0.711546,1.172598,0.074759,-0.288449,-0.084825
3.6333,-0.217098,0.039957,-0.584340,1.185092,0.074833,-0.288452,-0.084834
3.6667,-0.218834,0.027639,-0.480070,1.178492,0.074912,-0.288417,-0.084700
3.7000,-0.193971,0.032127,-0.386971,1.132358,0.074967,-0.288315,-0.084321
3.7333,-0.150651,0.042429,-0.218741,1.137791,0.075048,-0.288460,-0.084859
3.7667,-0.159469,0.021992,-0.008992,1.193011,0.075145,-0.288703,-0.085764
3.8000,-0.138558,0.018151,-0.077569,1.169507,0.075274,-0.288441,-0.084781
3.8333,-0.139589,0.003694,-0.041692,1.158377,0.075216,-0.288688,-0.085706
3.8667,-0.094667,0.002144,-0.038918,1.142087,0.075239,-0.288648,-0.085554
3.9000,-0.038706,0.006588,-0.061939,1.054969,0.075152,-0.289048,-0.087049
3.9333,0.000333,-0.002477,-0.033628,0.961713,0.074931,-0.289568,-0.088990
3.9667,0.002580,-0.020070,-0.010483,0.939748,0.074739,-0.289890,-0.090191
4.0000,0.002599,-0.036406,0.002803,0.910273,0.074739,-0.289890,-0.090190
4.0333,0.008109,-0.046489,-0.021463,0.871542,0.074747,-0.289879,-0.090148
4.0667,0.021113,-0.065144,0.029212,0.814593,0.074698,-0.289948,-0.090408
4.1000,0.018373,-0.084989,0.074042,0.835840,0.074643,-0.290019,-0.090673
4.1333,0.009451,-0.101693,0.083346,0.853187,0.074688,-0.289957,-0.090439
4.1667,0.015533,-0.118434,0.090952,0.875167,0.074751,-0.289870,-0.090115
4.2000,0.004439,-0.133790,0.081979,0.901828,0.074716,-0.289918,-0.090291
4.2333,0.019139,-0.149697,0.078915,0.903359,0.074781,-0.289827,-0.089954
4.2667,0.010368,-0.165812,0.081704,0.915334,0.074685,-0.289960,-0.090448
4.3000,0.001278,-0.182948,0.094309,0.920816,0.074744,-0.289880,-0.090150
4.3333,-0.015459,-0.189439,0.051773,0.960865,0.074808,-0.289789,-0.089810
4.3667,-0.064139,-0.194174,0.061744,1.023663,0.074879,-0.289677,-0.089393
4.4000,-0.082024,-0.197523,0.008246,1.095837,0.075111,-0.289235,-0.087743
4.4333,-0.126843,-0.192427,-0.077590,1.172196,0.075142,-0.289121,-0.087318
4.4667,-0.151827,-0.185704,-0.123524,1.151942,0.075200,-0.288793,-0.086098
4.5000,-0.149459,-0.185998,-0.144285,1.130620,0.075202,-0.288609,-0.085411
4.5333,-0.138733,-0.185471,-0.144419,1.083517,0.075188,-0.288649,-0.085559
4.5667,-0.100959,-0.198193,-0.114830,1.041306,0.075177,-0.288745,-0.085919
4.6000,-0.036364,-0.228695,-0.033782,0.939052,0.075124,-0.289058,-0.087087
4.6333,0.020276,-0.258273,0.034659,0.841173,0.074936,-0.289565,-0.088976
4.6667,0.033285,-0.279890,0.116805,0.797048,0.074652,-0.290007,-0.090627
4.7000,0.065189,-0.310744,0.177661,0.732405,0.074609,-0.290052,-0.090793
4.7333,0.075268,-0.330785,0.204465,0.723009,0.074399,-0.290281,-0.091646
4.7667,0.065243,-0.325481,0.177413,0.763769,0.074329,-0.290347,-0.091892
4.8000,0.041316,-0.307502,0.184638,0.772446,0.074398,-0.290282,-0.091649
4.8333,0.031281,-0.299183,0.167585,0.791518,0.074589,-0.290066,-0.090845
4.8667,0.036223,-0.310873,0.182095,0.783171,0.074652,-0.289992,-0.090568
4.9000,0.023558,-0.295375,0.123261,0.829499,0.074625,-0.290024,-0.090686
4.9333,0.009130,-0.270778,0.063607,0.847541,0.074681,-0.289961,-0.090453
4.9667,0.008565,-0.260875,0.044229,0.842891,0.074741,-0.289884,-0.090167
5.0000,0.006159,-0.255599,0.020536,0.856385,0.074734,-0.289896,-0.090211
5.0333,0.000779,-0.239601,0.011514,0.851901,0.074735,-0.289895,-0.090208
5.0667,-0.004419,-0.224644,0.036042,0.832327,0.074763,-0.289855,-0.090059
5.1000,-0.003146,-0.214502,0.054288,0.813504,0.074808,-0.289788,-0.089808
5.1333,0.002513,-0.213470,0.073195,0.792358,0.074811,-0.289784,-0.089792
5.1667,0.009609,-0.212864,0.106465,0.754676,0.074788,-0.289818,-0.089918
5.2000,0.016471,-0.222179,0.112171,0.744405,0.074763,-0.289852,-0.090047
5.2333,0.025524,-0.241296,0.114559,0.741083,0.074722,-0.289908,-0.090255
5.2667,0.030824,-0.257880,0.096530,0.738793,0.074663,-0.289986,-0.090545
5.3000,0.035961,-0.268160,0.080149,0.741541,0.074615,-0.290048,-0.090776
5.3333,0.032957,-0.276695,0.020522,0.770544,0.074569,-0.290107,-0.090997
5.3667,0.030078,-0.280470,-0.011109,0.795579,0.074556,-0.290131,-0.091090
5.4000,0.029847,-0.286951,-0.028817,0.807193,0.074558,-0.290133,-0.091098
5.4333,0.028278,-0.291580,-0.043612,0.817335,0.074550,-0.290147,-0.091148
5.4667,0.029871,-0.294124,-0.034838,0.817955,0.074552,-0.290146,-0.091144
5.5000,0.027534,-0.295218,-0.052814,0.826500,0.074546,-0.290152,-0.091168
5.5333,0.025924,-0.291168,-0.056524,0.831442,0.074552,-0.290147,-0.091150
5.5667,0.025548,-0.289135,-0.047715,0.829607,0.074561,-0.290136,-0.091109
5.6000,0.023860,-0.283623,-0.053297,0.833965,0.074568,-0.290125,-0.091068
5.6333,0.022435,-0.278535,-0.057208,0.837690,0.074577,-0.290115,-0.091031
5.6667,0.021222,-0.275478,-0.057117,0.846729,0.074584,-0.290106,-0.090997
5.7000,0.020255,-0.274075,-0.054990,0.851287,0.074592,-0.290095,-0.090956
5.7333,0.020211,-0.273989,-0.045578,0.852022,0.074600,-0.290085,-0.090918
5.7667,0.019134,-0.272691,-0.043986,0.852733,0.074606,-0.290076,-0.090886
5.8000,0.019023,-0.275111,-0.028623,0.849018,0.074614,-0.290065,-0.090845
5.8333,0.019216,-0.277724,-0.020958,0.847292,0.074624,-0.290051,-0.090791
5.8667,0.020228,-0.281305,-0.013140,0.850099,0.074627,-0.290046,-0.090773
5.9000,0.020536,-0.286192,0.002132,0.854629,0.074625,-0.290048,-0.090780
5.9333,0.019735,-0.288164,0.002835,0.856377,0.074632,-0.290038,-0.090741
5.9667,0.016451,-0.282788,-0.016620,0.865502,0.074637,-0.290030,-0.090712
6.0000,0.010534,-0.267795,-0.057181,0.883071,0.074648,-0.290018,-0.090667
6.0333,0.008967,-0.262260,-0.065298,0.885278,0.074662,-0.290001,-0.090605
6.0667,0.006348,-0.257520,-0.077665,0.889091,0.074667,-0.289994,-0.090580
6.1000,0.004755,-0.254986,-0.080448,0.890976,0.074676,-0.289982,-0.090534
6.1333,0.000077,-0.247636,-0.094640,0.897539,0.074685,-0.289970,-0.090490
6.1667,-0.001047,-0.247667,-0.095570,0.899115,0.074705,-0.289941,-0.090382
6.2000,-0.003118,-0.243561,-0.102799,0.901621,0.074711,-0.289932,-0.090348
6.2333,-0.004089,-0.242726,-0.104616,0.902358,0.074719,-0.289920,-0.090303
6.2667,-0.004708,-0.241886,-0.108224,0.903164,0.074723,-0.289913,-0.090277
6.3000,-0.006584,-0.237997,-0.122213,0.905967,0.074725,-0.289911,-0.090269
6.3333,-0.007207,-0.237415,-0.126111,0.906264,0.074728,-0.289906,-0.090252
6.3667,-0.007282,-0.237248,-0.128119,0.905651,0.074729,-0.289904,-0.090245
6.4000,-0.007387,-0.237103,-0.129752,0.904566,0.074728,-0.289905,-0.090249
6.4333,-0.007268,-0.237002,-0.130336,0.903445,0.074728,-0.289906,-0.090251
6.4667,-0.007002,-0.237414,-0.130432,0.902268,0.074727,-0.289907,-0.090257
6.5000,-0.007605,-0.236650,-0.139102,0.903468,0.074725,-0.289910,-0.090266
6.5333,-0.008512,-0.235349,-0.148647,0.905232,0.074723,-0.289912,-0.090274
6.5667,-0.009179,-0.233783,-0.155850,0.906483,0.074723,-0.289912,-0.090276
6.6000,-0.009840,-0.232932,-0.161013,0.906702,0.074722,-0.289913,-0.090277
6.6333,-0.009891,-0.232057,-0.163910,0.905551,0.074723,-0.289911,-0.090272
6.6667,-0.009398,-0.232660,-0.160476,0.902429,0.074722,-0.289914,-0.090280
6.7000,-0.008538,-0.234307,-0.153586,0.898946,0.074721,-0.289915,-0.090285
6.7333,-0.007333,-0.238114,-0.142169,0.894032,0.074720,-0.289917,-0.090291
6.7667,-0.006613,-0.240600,-0.136805,0.891025,0.074720,-0.289917,-0.090293
6.8000,-0.006186,-0.241907,-0.134399,0.889247,0.074719,-0.289919,-0.090299
6.8333,-0.006853,-0.242174,-0.131585,0.887353,0.074718,-0.289921,-0.090306
6.8667,-0.007394,-0.241503,-0.126625,0.885857,0.074724,-0.289912,-0.090274
6.9000,-0.007247,-0.239356,-0.111308,0.882324,0.074730,-0.289903,-0.090240
6.9333,-0.006788,-0.238730,-0.091453,0.879030,0.074738,-0.289891,-0.090195
6.9667,-0.007486,-0.238706,-0.085723,0.878563,0.074747,-0.289878,-0.090145
7.0000,-0.008452,-0.239348,-0.081851,0.877283,0.074754,-0.289866,-0.090103
7.0333,-0.008576,-0.241129,-0.069925,0.873483,0.074762,-0.289854,-0.090058
7.0667,-0.008825,-0.242203,-0.059576,0.870269,0.074770,-0.289843,-0.090015
7.1000,-0.009214,-0.242805,-0.050263,0.867439,0.074777,-0.289832,-0.089973
7.1333,-0.009958,-0.242749,-0.043950,0.866006,0.074785,-0.289820,-0.089930
7.1667,-0.010881,-0.240639,-0.036269,0.864122,0.074793,-0.289808,-0.089885
7.2000,-0.013428,-0.235303,-0.040830,0.865767,0.074803,-0.289793,-0.089829
7.2333,-0.017112,-0.228035,-0.048651,0.868759,0.074814,-0.289775,-0.089760
7.2667,-0.020724,-0.219930,-0.059747,0.873870,0.074830,-0.289749,-0.089663
7.3000,-0.023817,-0.212952,-0.069592,0.879360,0.074843,-0.289726,-0.089580
7.3333,-0.024958,-0.209321,-0.066562,0.880320,0.074853,-0.289707,-0.089509
7.3667,-0.026226,-0.206470,-0.066545,0.881894,0.074861,-0.289695,-0.089461
7.4000,-0.027329,-0.205623,-0.068080,0.882280,0.074867,-0.289683,-0.089419
7.4333,-0.027789,-0.205889,-0.067501,0.881701,0.074872,-0.289675,-0.089388
7.4667,-0.027657,-0.206487,-0.066419,0.880257,0.074875,-0.289670,-0.089371
7.5000,-0.027023,-0.207463,-0.062594,0.878170,0.074875,-0.289670,-0.089371
7.5333,-0.025718,-0.209242,-0.059572,0.873724,0.074874,-0.289673,-0.089380
7.5667,-0.023671,-0.211162,-0.053564,0.871907,0.074869,-0.289682,-0.089413
7.6000,-0.020447,-0.213341,-0.038786,0.869417,0.074862,-0.289695,-0.089462
7.6333,-0.017624,-0.214863,-0.027180,0.866975,0.074854,-0.289710,-0.089520
7.6667,-0.015714,-0.215704,-0.020037,0.865136,0.074845,-0.289725,-0.089576
7.7000,-0.012854,-0.219213,-0.008959,0.861367,0.074839,-0.289736,-0.089616
7.7333,-0.010701,-0.223016,-0.009408,0.861824,0.074830,-0.289752,-0.089675
7.7667,-0.008231,-0.225406,-0.001966,0.860634,0.074817,-0.289771,-0.089748
7.8000,-0.006736,-0.225319,-0.003043,0.861816,0.074808,-0.289787,-0.089805
7.8333,-0.005348,-0.225409,-0.007468,0.864992,0.074799,-0.289801,-0.089858
7.8667,-0.003608,-0.225577,-0.012525,0.868839,0.074788,-0.289817,-0.089918
7.9000,-0.001603,-0.226561,-0.015306,0.871707,0.074775,-0.289837,-0.089992
7.9333,0.000765,-0.226933,-0.014273,0.871150,0.074761,-0.289857,-0.090068
7.9667,0.003665,-0.227650,-0.009889,0.869551,0.074748,-0.289877,-0.090142
8.0000,0.005942,-0.227639,-0.008909,0.869268,0.074733,-0.289899,-0.090224
8.0333,0.006098,-0.225134,-0.015251,0.871178,0.074719,-0.289918,-0.090296
8.0667,0.003879,-0.218355,-0.037343,0.876901,0.074715,-0.289925,-0.090322
8.1000,-0.000384,-0.214277,-0.075102,0.887118,0.074715,-0.289925,-0.090320
8.1333,-0.000095,-0.214429,-0.081888,0.886920,0.074719,-0.289920,-0.090303
8.1667,-0.000941,-0.211350,-0.095528,0.891665,0.074713,-0.289929,-0.090335
8.2000,-0.000949,-0.210173,-0.090573,0.892231,0.074710,-0.289933,-0.090351
8.2333,-0.002781,-0.207550,-0.084732,0.888962,0.074713,-0.289929,-0.090335
8.2667,-0.003320,-0.205645,-0.088198,0.888271,0.074727,-0.289907,-0.090255
8.3000,-0.004195,-0.202736,-0.092613,0.888699,0.074729,-0.289905,-0.090249
8.3333,-0.005156,-0.202567,-0.095085,0.889269,0.074731,-0.289902,-0.090234
8.3667,-0.006880,-0.200799,-0.105885,0.892131,0.074735,-0.289895,-0.090211
8.4000,-0.009779,-0.198287,-0.120376,0.897771,0.074739,-0.289889,-0.090189
8.4333,-0.012771,-0.196535,-0.127628,0.901114,0.074747,-0.289876,-0.090141
8.4667,-0.016785,-0.194940,-0.137615,0.904921,0.074759,-0.289856,-0.090066
8.5000,-0.018755,-0.196146,-0.140603,0.904640,0.074776,-0.289829,-0.089965
8.5333,-0.020774,-0.197551,-0.140482,0.903590,0.074784,-0.289814,-0.089910
8.5667,-0.022484,-0.199171,-0.138875,0.902489,0.074795,-0.289796,-0.089843
8.6000,-0.025140,-0.198877,-0.141395,0.903106,0.074805,-0.289780,-0.089781
8.6333,-0.028509,-0.198918,-0.142438,0.903678,0.074817,-0.289758,-0.089701
8.6667,-0.031652,-0.198865,-0.139644,0.908295,0.074834,-0.289729,-0.089593
8.7000,-0.033858,-0.200704,-0.126607,0.910280,0.074851,-0.289699,-0.089479
8.7333,-0.035152,-0.205903,-0.101160,0.904840,0.074870,-0.289668,-0.089363
8.7667,-0.038255,-0.208693,-0.089208,0.905433,0.074891,-0.289634,-0.089236
8.8000,-0.041675,-0.208613,-0.073476,0.902681,0.074913,-0.289596,-0.089094
8.8333,-0.045293,-0.206717,-0.060653,0.901425,0.074938,-0.289552,-0.088929
8.8667,-0.049403,-0.203625,-0.057315,0.900943,0.074962,-0.289508,-0.088767
8.9000,-0.053667,-0.201481,-0.050669,0.897564,0.074982,-0.289469,-0.088619
8.9333,-0.058396,-0.200899,-0.053965,0.897861,0.075004,-0.289425,-0.088455
8.9667,-0.061893,-0.204833,-0.043654,0.894048,0.075021,-0.289386,-0.088309
9.0000,-0.066731,-0.205401,-0.043532,0.891435,0.075041,-0.289346,-0.088158
9.0333,-0.072384,-0.204931,-0.050323,0.889130,0.075059,-0.289302,-0.087997
9.0667,-0.077545,-0.204790,-0.052311,0.889944,0.075076,-0.289258,-0.087830
9.1000,-0.083316,-0.205298,-0.057129,0.892733,0.075092,-0.289213,-0.087665
9.1333,-0.093022,-0.198930,-0.080289,0.902073,0.075108,-0.289166,-0.087488
9.1667,-0.104672,-0.190803,-0.107171,0.917182,0.075123,-0.289099,-0.087239
9.2000,-0.112689,-0.188120,-0.113387,0.928795,0.075137,-0.289018,-0.086938
9.2333,-0.119950,-0.184111,-0.125626,0.939939,0.075152,-0.288952,-0.086690
9.2667,-0.123645,-0.180304,-0.106388,0.944110,0.075159,-0.288897,-0.086487
9.3000,-0.130085,-0.169908,-0.108438,0.951412,0.075177,-0.288847,-0.086300
9.3333,-0.141322,-0.159832,-0.142883,0.968743,0.075186,-0.288791,-0.086091
9.3667,-0.148799,-0.157213,-0.156883,0.976350,0.075181,-0.288720,-0.085827
9.4000,-0.165260,-0.137119,-0.232835,0.997538,0.075180,-0.288666,-0.085623
9.4333,-0.175713,-0.128115,-0.272458,1.016297,0.075145,-0.288584,-0.085320
9.4667,-0.186743,-0.118319,-0.319200,1.032212,0.075122,-0.288525,-0.085100
9.5000,-0.196028,-0.111583,-0.358649,1.043523,0.075092,-0.288466,-0.084882
9.5333,-0.206464,-0.100308,-0.409715,1.051334,0.075063,-0.288417,-0.084699
9.5667,-0.214334,-0.091498,-0.450060,1.055813,0.075024,-0.288367,-0.084513
9.6000,-0.217539,-0.089991,-0.451515,1.056171,0.074990,-0.288331,-0.084377
9.6333,-0.220488,-0.084653,-0.451580,1.054746,0.074985,-0.288303,-0.084274
9.6667,-0.224620,-0.082191,-0.456197,1.054336,0.074980,-0.288277,-0.084176
9.7000,-0.229099,-0.078974,-0.473693,1.056209,0.074971,-0.288244,-0.084052
9.7333,-0.233541,-0.073743,-0.499462,1.057762,0.074952,-0.288218,-0.083957
9.7667,-0.236182,-0.069198,-0.512413,1.058041,0.074929,-0.288200,-0.083889
9.8000,-0.237649,-0.065596,-0.515456,1.057535,0.074916,-0.288187,-0.083841
9.8333,-0.237832,-0.065045,-0.503359,1.057598,0.074911,-0.288176,-0.083801
9.8667,-0.238461,-0.064525,-0.500664,1.055917,0.074918,-0.288164,-0.083757
9.9000,-0.239114,-0.064281,-0.498481,1.053939,0.074918,-0.288157,-0.083728
9.9333,-0.239841,-0.064190,-0.496379,1.051949,0.074918,-0.288149,-0.083699
9.9667,-0.240596,-0.064150,-0.494299,1.050007,0.074917,-0.288141,-0.083668
10.0000,-0.239747,-0.064853,-0.487018,1.048230,0.074916,-0.288132,-0.083637
10.0333,-0.239675,-0.064853,-0.482472,1.046604,0.074923,-0.288134,-0.083642
10.0667,-0.241014,-0.064014,-0.484708,1.045751,0.074925,-0.288130,-0.083631
10.1000,-0.242644,-0.062614,-0.489969,1.045718,0.074921,-0.288120,-0.083593
10.1333,-0.244551,-0.061455,-0.495609,1.045726,0.074914,-0.288110,-0.083555
10.1667,-0.245878,-0.060650,-0.499702,1.045773,0.074906,-0.288098,-0.083508
10.2000,-0.247127,-0.059050,-0.505551,1.045960,0.074901,-0.288089,-0.083477
10.2333,-0.247671,-0.058447,-0.508003,1.046084,0.074894,-0.288083,-0.083453
10.2667,-0.247545,-0.058804,-0.507111,1.046077,0.074891,-0.288080,-0.083443
10.3000,-0.248095,-0.057092,-0.512817,1.046491,0.074892,-0.288080,-0.083444
10.3333,-0.248109,-0.055893,-0.518935,1.046293,0.074888,-0.288080,-0.083443
10.3667,-0.246962,-0.055296,-0.519997,1.046141,0.074884,-0.288085,-0.083462
10.4000,-0.244655,-0.055669,-0.515252,1.046003,0.074887,-0.288096,-0.083503
10.4333,-0.241709,-0.056687,-0.509650,1.046785,0.074895,-0.288113,-0.083566
10.4667,-0.238641,-0.057459,-0.505129,1.047841,0.074905,-0.288135,-0.083647
10.5000,-0.234572,-0.058651,-0.499775,1.048707,0.074915,-0.288159,-0.083736
10.5333,-0.229413,-0.059633,-0.495910,1.048335,0.074927,-0.288191,-0.083855
10.5667,-0.223669,-0.060202,-0.489038,1.046926,0.074939,-0.288234,-0.084016
10.6000,-0.217276,-0.062080,-0.479832,1.046290,0.074954,-0.288280,-0.084187
10.6333,-0.208009,-0.070005,-0.453842,1.045766,0.074969,-0.288329,-0.084372
10.6667,-0.195048,-0.083139,-0.406098,1.041271,0.074997,-0.288391,-0.084601
10.7000,-0.181821,-0.089828,-0.371123,1.030533,0.075036,-0.288467,-0.084884
10.7333,-0.166979,-0.089037,-0.316767,1.017148,0.075063,-0.288556,-0.085215
10.7667,-0.152761,-0.093560,-0.267718,1.010409,0.075096,-0.288642,-0.085537
10.8000,-0.139323,-0.098177,-0.228692,0.997332,0.075118,-0.288727,-0.085854
10.8333,-0.129461,-0.100228,-0.212243,0.991680,0.075128,-0.288814,-0.086176
10.8667,-0.116451,-0.104335,-0.187314,0.975455,0.075124,-0.288888,-0.086453
10.9000,-0.102490,-0.111436,-0.160228,0.944681,0.075116,-0.288983,-0.086807
10.9333,-0.084701,-0.131004,-0.093311,0.916245,0.075101,-0.289084,-0.087185
10.9667,-0.071289,-0.139771,-0.033001,0.894557,0.075091,-0.289185,-0.087560
11.0000,-0.053187,-0.161146,0.018680,0.849440,0.075082,-0.289252,-0.087810
11.0333,-0.048190,-0.167256,0.038913,0.824401,0.075042,-0.289369,-0.088246
11.0667,-0.043166,-0.183268,0.047462,0.753349,0.075033,-0.289396,-0.088347
11.1000,-0.041809,-0.195960,0.059213,0.730070,0.075015,-0.289434,-0.088487
11.1333,-0.043451,-0.203179,0.043840,0.678706,0.075016,-0.289436,-0.088494
11.1667,-0.047044,-0.210514,0.046677,0.674433,0.075015,-0.289434,-0.088489
11.2000,-0.056028,-0.210679,0.033478,0.647634,0.075032,-0.289400,-0.088360
11.2333,-0.070726,-0.204831,-0.000368,0.604985,0.075063,-0.289331,-0.088104
11.2667,-0.094123,-0.181590,-0.081831,0.605295,0.075099,-0.289229,-0.087723
11.3000,-0.114109,-0.174750,-0.137944,0.477427,0.075125,-0.289091,-0.087207
11.3333,-0.130941,-0.185225,-0.176789,0.396438,0.075140,-0.288960,-0.086723
11.3667,-0.145180,-0.194475,-0.194947,0.279211,0.075147,-0.288843,-0.086287
11.4000,-0.157574,-0.185861,-0.227682,0.167434,0.075154,-0.288731,-0.085869
11.4333,-0.169912,-0.179440,-0.246859,0.130780,0.075144,-0.288649,-0.085561
11.4667,-0.181078,-0.192493,-0.254118,0.071502,0.075137,-0.288555,-0.085210
11.5000,-0.189147,-0.205929,-0.249061,0.044227,0.075132,-0.288461,-0.084860
11.5333,-0.200370,-0.215134,-0.254850,-0.004618,0.075132,-0.288384,-0.084572
11.5667,-0.205206,-0.229515,-0.232706,0.048272,0.075120,-0.288288,-0.084215
11.6000,-0.215002,-0.232387,-0.247963,0.053746,0.075129,-0.288225,-0.083980
11.6333,-0.221706,-0.241839,-0.247615,0.048331,0.075107,-0.288151,-0.083702
11.6667,-0.224340,-0.256177,-0.232356,0.072813,0.075097,-0.288090,-0.083476
11.7000,-0.230093,-0.259056,-0.239484,0.099028,0.075102,-0.288053,-0.083338
11.7333,-0.235955,-0.260906,-0.248340,0.120524,0.075087,-0.288008,-0.083169
11.7667,-0.237611,-0.276664,-0.241803,0.134390,0.075069,-0.287963,-0.083001
11.8000,-0.241730,-0.276357,-0.246426,0.141460,0.075070,-0.287942,-0.082925
11.8333,-0.243841,-0.276452,-0.248622,0.143058,0.075057,-0.287909,-0.082802
11.8667,-0.246408,-0.277822,-0.253676,0.137291,0.075051,-0.287892,-0.082738
11.9000,-0.249043,-0.280597,-0.260103,0.137428,0.075042,-0.287874,-0.082669
11.9333,-0.251980,-0.287185,-0.259264,0.148203,0.075031,-0.287856,-0.082602
11.9667,-0.253717,-0.287680,-0.264394,0.146682,0.075024,-0.287829,-0.082501
12.0000,-0.253961,-0.287238,-0.266888,0.149342,0.075016,-0.287818,-0.082460
12.0333,-0.253676,-0.286984,-0.270975,0.152794,0.075014,-0.287818,-0.082460
12.0667,-0.253322,-0.286998,-0.274930,0.155657,0.075012,-0.287824,-0.082483
12.1000,-0.253863,-0.283419,-0.282144,0.157306,0.075011,-0.287830,-0.082507
12.1333,-0.253091,-0.282653,-0.285301,0.158105,0.075005,-0.287832,-0.082513
12.1667,-0.252037,-0.282442,-0.286553,0.157196,0.075005,-0.287842,-0.082549
12.2000,-0.251009,-0.282809,-0.287671,0.151588,0.075008,-0.287852,-0.082588
12.2333,-0.249291,-0.283413,-0.293453,0.151693,0.075010,-0.287862,-0.082626
12.2667,-0.245085,-0.291362,-0.283455,0.152449,0.075011,-0.287883,-0.082703
12.3000,-0.240255,-0.291856,-0.274649,0.147442,0.075027,-0.287912,-0.082811
12.3333,-0.235355,-0.283663,-0.279662,0.133559,0.075044,-0.287947,-0.082944
12.3667,-0.234361,-0.283917,-0.280046,0.131401,0.075052,-0.287996,-0.083124
12.4000,-0.233729,-0.283006,-0.278685,0.128566,0.075054,-0.288005,-0.083159
12.4333,-0.230299,-0.294541,-0.260897,0.108808,0.075056,-0.288009,-0.083175
12.4667,-0.228294,-0.300263,-0.254898,0.088962,0.075074,-0.288025,-0.083232
12.5000,-0.226963,-0.303271,-0.250296,0.078020,0.075081,-0.288037,-0.083279
12.5333,-0.226643,-0.302200,-0.248765,0.077963,0.075086,-0.288045,-0.083309
12.5667,-0.226059,-0.306258,-0.241417,0.081507,0.075088,-0.288047,-0.083315
12.6000,-0.224751,-0.310709,-0.233056,0.080850,0.075093,-0.288046,-0.083310
12.6333,-0.224576,-0.310285,-0.231738,0.083244,0.075100,-0.288050,-0.083326
12.6667,-0.224571,-0.309210,-0.231909,0.085109,0.075101,-0.288050,-0.083328
12.7000,-0.224085,-0.307893,-0.230431,0.083025,0.075101,-0.288051,-0.083329
12.7333,-0.222858,-0.308014,-0.225707,0.079210,0.075103,-0.288054,-0.083340
12.7667,-0.220696,-0.309513,-0.218521,0.073144,0.075108,-0.288061,-0.083366
12.8000,-0.218855,-0.308916,-0.211836,0.066668,0.075116,-0.288074,-0.083415
12.8333,-0.216481,-0.306877,-0.208020,0.063394,0.075123,-0.288084,-0.083454
12.8667,-0.213704,-0.304762,-0.206279,0.053040,0.075129,-0.288102,-0.083521
12.9000,-0.209307,-0.292019,-0.209443,0.025258,0.075134,-0.288126,-0.083609
12.9333,-0.206571,-0.279539,-0.216402,0.019240,0.075138,-0.288168,-0.083766
12.9667,-0.202469,-0.274573,-0.220013,0.009609,0.075137,-0.288199,-0.083881
13.0000,-0.202946,-0.249372,-0.250231,0.006973,0.075139,-0.288239,-0.084030
13.0333,-0.195717,-0.246374,-0.250144,-0.000995,0.075121,-0.288261,-0.084113
13.0667,-0.186725,-0.257542,-0.234636,0.016208,0.075127,-0.288326,-0.084356
13.1000,-0.168874,-0.295718,-0.158017,0.098125,0.075142,-0.288393,-0.084606
13.1333,-0.148245,-0.316241,-0.079207,0.216490,0.075190,-0.288486,-0.084953
13.1667,-0.123319,-0.335648,-0.006215,0.314734,0.075225,-0.288603,-0.085386
13.2000,-0.095415,-0.327832,0.100599,0.480024,0.075236,-0.288763,-0.085983
13.2333,-0.069422,-0.323710,0.183387,0.534299,0.075235,-0.288922,-0.086575
13.2667,-0.049739,-0.315784,0.204423,0.578706,0.075199,-0.289085,-0.087184
13.3000,-0.029300,-0.314603,0.240969,0.597791,0.075133,-0.289244,-0.087775
13.3333,-0.009298,-0.331961,0.282792,0.576610,0.075058,-0.289396,-0.088343
13.3667,0.008313,-0.337157,0.322750,0.617228,0.074974,-0.289541,-0.088881
13.4000,0.015170,-0.331500,0.278259,0.651940,0.074890,-0.289665,-0.089346
13.4333,0.021594,-0.323115,0.282152,0.669340,0.074822,-0.289761,-0.089703
13.4667,0.024811,-0.315165,0.284340,0.691676,0.074782,-0.289814,-0.089902
13.5000,0.023643,-0.307956,0.276870,0.690021,0.074761,-0.289841,-0.090002
13.5333,0.015756,-0.289179,0.261123,0.712403,0.074765,-0.289836,-0.089986
13.5667,0.010945,-0.278169,0.252053,0.725545,0.074809,-0.289779,-0.089773
13.6000,0.001201,-0.257066,0.228911,0.749007,0.074835,-0.289744,-0.089641
13.6333,-0.004496,-0.249616,0.215591,0.763932,0.074883,-0.289677,-0.089390
13.6667,-0.017350,-0.235128,0.191035,0.792462,0.074910,-0.289637,-0.089242
13.7000,-0.028529,-0.218862,0.149299,0.802585,0.074969,-0.289543,-0.088892
13.7333,-0.038110,-0.213436,0.143056,0.815481,0.075004,-0.289478,-0.088650
13.7667,-0.047779,-0.208749,0.135645,0.826130,0.075047,-0.289398,-0.088352
13.8000,-0.056041,-0.204986,0.122051,0.827193,0.075086,-0.289318,-0.088053
13.8333,-0.067010,-0.196931,0.112332,0.842374,0.075114,-0.289256,-0.087821
13.8667,-0.078377,-0.190287,0.102853,0.844822,0.075151,-0.289166,-0.087486
13.9000,-0.085966,-0.188749,0.100252,0.853645,0.075185,-0.289072,-0.087137
13.9333,-0.095099,-0.184948,0.092879,0.868036,0.075208,-0.289007,-0.086891
13.9667,-0.104018,-0.183457,0.085330,0.879441,0.075230,-0.288931,-0.086610
14.0000,-0.111869,-0.182712,0.081987,0.876644,0.075248,-0.288858,-0.086335
14.0333,-0.119049,-0.183346,0.079034,0.877600,0.075264,-0.288790,-0.086083
14.0667,-0.127106,-0.183235,0.074337,0.886189,0.075277,-0.288728,-0.085852
14.1000,-0.135799,-0.181280,0.062120,0.898441,0.075289,-0.288660,-0.085597
14.1333,-0.143306,-0.181521,0.046858,0.909342,0.075294,-0.288592,-0.085345
14.1667,-0.151355,-0.180250,0.035813,0.921309,0.075294,-0.288538,-0.085142
14.2000,-0.157358,-0.179781,0.028992,0.931961,0.075295,-0.288475,-0.084908
14.2333,-0.163464,-0.178480,0.019822,0.938282,0.075295,-0.288427,-0.084729
14.2667,-0.170076,-0.174523,0.001152,0.946547,0.075293,-0.288380,-0.084553
14.3000,-0.175977,-0.171265,-0.019974,0.956682,0.075284,-0.288337,-0.084392
14.3333,-0.179629,-0.169677,-0.029800,0.962369,0.075271,-0.288302,-0.084263
14.3667,-0.181600,-0.169922,-0.032018,0.966016,0.075265,-0.288278,-0.084172
14.4000,-0.183353,-0.170307,-0.033773,0.969674,0.075263,-0.288262,-0.084113
14.4333,-0.184617,-0.170931,-0.037807,0.971944,0.075262,-0.288247,-0.084060
14.4667,-0.185431,-0.171342,-0.038509,0.972553,0.075259,-0.288240,-0.084031
14.5000,-0.186329,-0.171467,-0.039609,0.973630,0.075258,-0.288233,-0.084006
14.5333,-0.187546,-0.170453,-0.044401,0.976226,0.075257,-0.288226,-0.083980
14.5667,-0.190432,-0.165158,-0.066817,0.983473,0.075254,-0.288219,-0.083954
14.6000,-0.194231,-0.157583,-0.094829,0.992799,0.075239,-0.288213,-0.083931
14.6333,-0.197138,-0.151209,-0.118013,1.000229,0.075220,-0.288203,-0.083895
14.6667,-0.197411,-0.149332,-0.116874,1.001240,0.075204,-0.288197,-0.083874
14.7000,-0.197378,-0.147808,-0.112620,1.000792,0.075205,-0.288194,-0.083861
14.7333,-0.198836,-0.143367,-0.116381,1.002987,0.075207,-0.288190,-0.083848
14.7667,-0.201088,-0.140281,-0.122764,1.005067,0.075204,-0.288180,-0.083811
14.8000,-0.203052,-0.139324,-0.124294,1.004821,0.075198,-0.288166,-0.083757
14.8333,-0.204517,-0.139193,-0.123103,1.003047,0.075195,-0.288150,-0.083696
14.8667,-0.205246,-0.139403,-0.119552,1.000769,0.075194,-0.288135,-0.083643
14.9000,-0.206361,-0.138579,-0.118709,0.999933,0.075196,-0.288126,-0.083607
14.9333,-0.207099,-0.138000,-0.116720,0.999060,0.075195,-0.288115,-0.083567
14.9667,-0.208122,-0.136488,-0.118497,0.997817,0.075195,-0.288107,-0.083536
15.0000,-0.210526,-0.133116,-0.130502,0.999542,0.075193,-0.288099,-0.083507
15.0333,-0.212433,-0.131329,-0.136865,1.000084,0.075183,-0.288088,-0.083466
15.0667,-0.215577,-0.127980,-0.152570,1.003041,0.075177,-0.288076,-0.083423
15.1000,-0.218000,-0.125857,-0.162243,1.004800,0.075163,-0.288062,-0.083369
15.1333,-0.221835,-0.121236,-0.182257,1.009153,0.075154,-0.288049,-0.083320
15.1667,-0.225559,-0.116776,-0.201631,1.014355,0.075135,-0.288032,-0.083257
15.2000,-0.230325,-0.112616,-0.228478,1.022895,0.075118,-0.288015,-0.083196
15.2333,-0.234974,-0.111405,-0.256189,1.033014,0.075093,-0.287996,-0.083125
15.2667,-0.241255,-0.103937,-0.294198,1.045086,0.075067,-0.287979,-0.083060
15.3000,-0.244234,-0.102784,-0.309197,1.049948,0.075030,-0.287955,-0.082974
15.3333,-0.245322,-0.104082,-0.311602,1.052418,0.075014,-0.287942,-0.082923
15.3667,-0.250194,-0.108352,-0.353559,1.060186,0.075010,-0.287934,-0.082895
15.4000,-0.253989,-0.113822,-0.396569,1.069924,0.074973,-0.287927,-0.082868
15.4333,-0.254811,-0.116582,-0.423435,1.074111,0.074938,-0.287930,-0.082879
15.4667,-0.255103,-0.116702,-0.458683,1.078201,0.074920,-0.287945,-0.082938
15.5000,-0.250814,-0.119017,-0.462092,1.077481,0.074899,-0.287972,-0.083040
15.5333,-0.245822,-0.118418,-0.466066,1.076269,0.074909,-0.288014,-0.083194
15.5667,-0.241855,-0.114111,-0.484828,1.075746,0.074920,-0.288062,-0.083373
15.6000,-0.234167,-0.112908,-0.485373,1.072505,0.074919,-0.288113,-0.083565
15.6333,-0.224604,-0.113426,-0.485069,1.068242,0.074936,-0.288182,-0.083824
15.6667,-0.215801,-0.110848,-0.492684,1.064486,0.074954,-0.288268,-0.084143
15.7000,-0.206296,-0.105985,-0.499785,1.060069,0.074964,-0.288353,-0.084462
15.7333,-0.194326,-0.100760,-0.511747,1.045880,0.074973,-0.288444,-0.084803
15.7667,-0.179192,-0.099513,-0.509248,1.034229,0.074977,-0.288562,-0.085241
15.8000,-0.167305,-0.100575,-0.531001,1.030940,0.074985,-0.288696,-0.085741
15.8333,-0.154383,-0.108047,-0.555990,1.025977,0.074973,-0.288821,-0.086207
15.8667,-0.140099,-0.113874,-0.563331,1.021242,0.074953,-0.288957,-0.086717
15.9000,-0.126564,-0.125974,-0.571296,1.010734,0.074936,-0.289091,-0.087218
15.9333,-0.111408,-0.142222,-0.544617,1.001773,0.074913,-0.289219,-0.087696
15.9667,-0.107153,-0.145475,-0.582609,1.000335,0.074899,-0.289334,-0.088122
16.0000,-0.098289,-0.159463,-0.582447,0.995303,0.074868,-0.289403,-0.088380
16.0333,-0.085972,-0.180868,-0.543096,0.980934,0.074847,-0.289482,-0.088676
16.0667,-0.081546,-0.190499,-0.551395,0.972854,0.074833,-0.289560,-0.088968
16.1000,-0.075650,-0.189875,-0.525469,0.976678,0.074815,-0.289607,-0.089141
16.1333,-0.065903,-0.201038,-0.455220,0.976427,0.074810,-0.289638,-0.089259
16.1667,-0.055337,-0.217550,-0.378413,0.971459,0.074815,-0.289667,-0.089364
16.2000,-0.050897,-0.222251,-0.340316,0.966720,0.074817,-0.289696,-0.089472
16.2333,-0.041267,-0.238209,-0.248011,0.952568,0.074821,-0.289703,-0.089496
16.2667,-0.036239,-0.240692,-0.180397,0.937830,0.074833,-0.289708,-0.089516
16.3000,-0.035194,-0.239331,-0.138045,0.940314,0.074849,-0.289694,-0.089461
16.3333,-0.035472,-0.238183,-0.096677,0.934722,0.074869,-0.289666,-0.089356
16.3667,-0.038327,-0.236598,-0.088043,0.939315,0.074895,-0.289627,-0.089211
16.4000,-0.043777,-0.232931,-0.097555,0.949435,0.074914,-0.289594,-0.089088
16.4333,-0.051590,-0.228718,-0.107224,0.966310,0.074933,-0.289554,-0.088938
16.4667,-0.057407,-0.222684,-0.110531,0.977130,0.074962,-0.289493,-0.088710
16.5000,-0.064702,-0.208807,-0.129040,0.988269,0.074984,-0.289444,-0.088527
16.5333,-0.072293,-0.195339,-0.158126,0.997590,0.075001,-0.289395,-0.088345
16.5667,-0.079200,-0.184492,-0.188469,1.005228,0.075012,-0.289353,-0.088187
16.6000,-0.082208,-0.182903,-0.191837,1.006188,0.075017,-0.289318,-0.088056
16.6333,-0.084239,-0.182371,-0.194321,1.007670,0.075025,-0.289294,-0.087967
16.6667,-0.085424,-0.181714,-0.197150,1.009148,0.075030,-0.289278,-0.087907
16.7000,-0.084004,-0.184478,-0.184324,1.007443,0.075032,-0.289269,-0.087877
16.7333,-0.079895,-0.192353,-0.153708,1.000200,0.075035,-0.289271,-0.087882
16.7667,-0.075835,-0.200270,-0.127501,0.993839,0.075040,-0.289281,-0.087919
16.8000,-0.074015,-0.201768,-0.120859,0.991726,0.075042,-0.289294,-0.087968
16.8333,-0.070581,-0.205286,-0.103333,0.986811,0.075040,-0.289305,-0.088007
16.8667,-0.065983,-0.211335,-0.085459,0.980761,0.075038,-0.289320,-0.088064
16.9000,-0.063000,-0.211155,-0.090575,0.978789,0.075032,-0.289345,-0.088159
16.9333,-0.063861,-0.205718,-0.124131,0.981096,0.075017,-0.289377,-0.088275
16.9667,-0.062399,-0.205049,-0.149403,0.974446,0.075001,-0.289398,-0.088356
17.0000,-0.062556,-0.203970,-0.178864,0.979793,0.074980,-0.289433,-0.088488
17.0333,-0.061194,-0.204505,-0.199252,0.981352,0.074963,-0.289458,-0.088580
17.0667,-0.063420,-0.200454,-0.246482,0.984540,0.074946,-0.289488,-0.088692
17.1000,-0.063636,-0.198515,-0.275533,0.983309,0.074927,-0.289509,-0.088773
17.1333,-0.064938,-0.194782,-0.305809,0.984120,0.074910,-0.289533,-0.088861
17.1667,-0.064915,-0.193241,-0.318463,0.982785,0.074898,-0.289548,-0.088917
17.2000,-0.065227,-0.192436,-0.321018,0.983335,0.074890,-0.289559,-0.088959
17.2333,-0.066289,-0.189522,-0.322996,0.984558,0.074890,-0.289558,-0.088956
17.2667,-0.067775,-0.187220,-0.320099,0.985227,0.074893,-0.289550,-0.088927
17.3000,-0.068827,-0.184413,-0.305611,0.983258,0.074900,-0.289535,-0.088868
17.3333,-0.071274,-0.180386,-0.299085,0.983207,0.074912,-0.289513,-0.088786
17.3667,-0.074778,-0.173216,-0.288398,0.983984,0.074925,-0.289485,-0.088683
17.4000,-0.077522,-0.167924,-0.251278,0.992993,0.074943,-0.289444,-0.088532
17.4333,-0.083730,-0.160882,-0.243170,0.997029,0.074974,-0.289388,-0.088318
17.4667,-0.091013,-0.159481,-0.244593,1.000615,0.074999,-0.289325,-0.088085
17.5000,-0.099268,-0.154841,-0.235751,1.002913,0.075020,-0.289261,-0.087846
17.5333,-0.106332,-0.153185,-0.215085,1.004215,0.075048,-0.289179,-0.087541
17.5667,-0.114771,-0.149861,-0.208474,1.004353,0.075077,-0.289098,-0.087237
17.6000,-0.126741,-0.144665,-0.220158,1.011691,0.075100,-0.289016,-0.086932
17.6333,-0.139892,-0.135810,-0.242123,1.020164,0.075115,-0.288919,-0.086570
17.6667,-0.149940,-0.134990,-0.242049,1.027478,0.075120,-0.288820,-0.086201
17.7000,-0.158838,-0.135118,-0.229236,1.033080,0.075131,-0.288730,-0.085864
17.7333,-0.165561,-0.132318,-0.184859,1.024589,0.075144,-0.288639,-0.085524
17.7667,-0.175206,-0.131383,-0.175786,1.030147,0.075173,-0.288540,-0.085153
17.8000,-0.184392,-0.131258,-0.184836,1.036379,0.075179,-0.288445,-0.084799
17.8333,-0.191357,-0.132415,-0.187391,1.036329,0.075172,-0.288370,-0.084521
17.8667,-0.197540,-0.133191,-0.180598,1.035371,0.075167,-0.288310,-0.084296
17.9000,-0.203500,-0.132884,-0.181822,1.035694,0.075167,-0.288248,-0.084066
17.9333,-0.209013,-0.132049,-0.181686,1.036550,0.075161,-0.288196,-0.083870
17.9667,-0.215290,-0.131275,-0.186906,1.038462,0.075154,-0.288146,-0.083685
18.0000,-0.219877,-0.130150,-0.184753,1.037046,0.075143,-0.288095,-0.083492
18.0333,-0.221830,-0.129274,-0.163602,1.032427,0.075137,-0.288051,-0.083331
18.0667,-0.220769,-0.129322,-0.132364,1.024160,0.075147,-0.288015,-0.083196
18.1000,-0.221760,-0.129295,-0.128560,1.022592,0.075167,-0.287997,-0.083129
18.1333,-0.221667,-0.129208,-0.130205,1.022411,0.075167,-0.287985,-0.083083
18.1667,-0.221047,-0.129016,-0.132626,1.022392,0.075167,-0.287988,-0.083092
18.2000,-0.219737,-0.129159,-0.134948,1.022071,0.075166,-0.287995,-0.083120
18.2333,-0.217619,-0.129189,-0.134042,1.020992,0.075167,-0.288009,-0.083172
18.2667,-0.214560,-0.129768,-0.130652,1.019001,0.075171,-0.288027,-0.083240
18.3000,-0.211233,-0.129947,-0.128634,1.017259,0.075177,-0.288052,-0.083331
18.3333,-0.207663,-0.129615,-0.126687,1.015414,0.075183,-0.288080,-0.083436
18.3667,-0.203646,-0.129124,-0.124745,1.013062,0.075189,-0.288110,-0.083549
18.4000,-0.199690,-0.127635,-0.122999,1.010416,0.075194,-0.288145,-0.083678
18.4333,-0.195865,-0.125635,-0.125223,1.009135,0.075199,-0.288179,-0.083805
18.4667,-0.191303,-0.125126,-0.124784,1.006332,0.075201,-0.288215,-0.083940
18.5000,-0.186263,-0.124803,-0.122696,1.002091,0.075204,-0.288256,-0.084092
18.5333,-0.181162,-0.124667,-0.119665,0.999142,0.075208,-0.288299,-0.084254
18.5667,-0.176185,-0.124725,-0.116649,0.995513,0.075212,-0.288342,-0.084415
18.6000,-0.170812,-0.125514,-0.111520,0.991751,0.075214,-0.288384,-0.084572
18.6333,-0.165274,-0.126524,-0.106120,0.987732,0.075217,-0.288428,-0.084735
18.6667,-0.160322,-0.127097,-0.101870,0.985982,0.075220,-0.288473,-0.084903
18.7000,-0.154661,-0.126728,-0.093117,0.983006,0.075220,-0.288514,-0.085055
18.7333,-0.147453,-0.126740,-0.071121,0.975067,0.075222,-0.288557,-0.085217
18.7667,-0.141653,-0.126024,-0.063771,0.968570,0.075230,-0.288603,-0.085386
18.8000,-0.136557,-0.126043,-0.059583,0.963716,0.075228,-0.288648,-0.085557
18.8333,-0.131066,-0.125577,-0.047824,0.960113,0.075224,-0.288690,-0.085714
18.8667,-0.127695,-0.119312,-0.058227,0.960031,0.075224,-0.288729,-0.085859
18.9000,-0.121466,-0.119023,-0.052108,0.953085,0.075212,-0.288769,-0.086006
18.9333,-0.116633,-0.118445,-0.049349,0.946455,0.075205,-0.288819,-0.086195
18.9667,-0.109633,-0.126837,-0.047013,0.922775,0.075198,-0.288860,-0.086348
19.0000,-0.092988,-0.151170,0.017467,0.887513,0.075184,-0.288921,-0.086575
19.0333,-0.085703,-0.163470,0.044370,0.868212,0.075180,-0.289014,-0.086922
19.0667,-0.080709,-0.173418,0.036104,0.869493,0.075175,-0.289057,-0.087079
19.1000,-0.074637,-0.180864,0.049557,0.865261,0.075154,-0.289108,-0.087272
19.1333,-0.073553,-0.185786,0.059782,0.857909,0.075142,-0.289151,-0.087431
19.1667,-0.074425,-0.190884,0.062544,0.838993,0.075144,-0.289152,-0.087435
19.2000,-0.076225,-0.200778,0.081104,0.819840,0.075149,-0.289142,-0.087397
19.2333,-0.087260,-0.210046,0.014772,0.814892,0.075165,-0.289110,-0.087278
19.2667,-0.093407,-0.219696,0.016749,0.775091,0.075162,-0.289068,-0.087122
19.3000,-0.103626,-0.223713,-0.013171,0.736270,0.075181,-0.289011,-0.086910
19.3333,-0.119549,-0.209254,-0.046903,0.716939,0.075190,-0.288946,-0.086665
19.3667,-0.136177,-0.207058,-0.077755,0.718132,0.075205,-0.288832,-0.086242
19.4000,-0.157749,-0.184241,-0.133877,0.753601,0.075213,-0.288710,-0.085786
19.4333,-0.172946,-0.179712,-0.127362,0.734194,0.075200,-0.288565,-0.085247
19.4667,-0.187903,-0.182994,-0.123574,0.719282,0.075208,-0.288423,-0.084716
19.5000,-0.214087,-0.184657,-0.180573,0.685472,0.075207,-0.288285,-0.084202
19.5333,-0.248877,-0.175358,-0.259407,0.695049,0.075148,-0.288100,-0.083511
19.5667,-0.275079,-0.203594,-0.242138,0.702540,0.075032,-0.287857,-0.082605
19.6000,-0.281807,-0.201399,-0.251448,0.641699,0.074962,-0.287607,-0.081673
19.6333,-0.288555,-0.203963,-0.254776,0.586375,0.074932,-0.287555,-0.081479
19.6667,-0.294578,-0.201946,-0.259229,0.563745,0.074904,-0.287498,-0.081265
19.7000,-0.299935,-0.206698,-0.257865,0.552380,0.074877,-0.287448,-0.081079
19.7333,-0.287218,-0.222349,-0.227138,0.492053,0.074855,-0.287399,-0.080897
19.7667,-0.258447,-0.220757,-0.219516,0.388684,0.074926,-0.287485,-0.081219
19.8000,-0.245451,-0.235453,-0.197110,0.330188,0.075029,-0.287736,-0.082155
19.8333,-0.236028,-0.288195,-0.129934,0.300976,0.075078,-0.287833,-0.082515
19.8667,-0.237129,-0.294488,-0.142272,0.283608,0.075139,-0.287858,-0.082610
19.9000,-0.236025,-0.293747,-0.149805,0.271240,0.075130,-0.287859,-0.082614
19.9333,-0.234131,-0.288083,-0.159522,0.262073,0.075128,-0.287876,-0.082675
19.9667,-0.231923,-0.283300,-0.165376,0.256828,0.075126,-0.287901,-0.082771
20.0000,-0.231381,-0.284641,-0.162159,0.254589,0.075127,-0.287926,-0.082864
20.0333,-0.231493,-0.285321,-0.159742,0.246259,0.075130,-0.287928,-0.082871
20.0667,-0.234137,-0.293362,-0.144244,0.257376,0.075131,-0.287925,-0.082860
20.1000,-0.232830,-0.299323,-0.138175,0.246638,0.075135,-0.287888,-0.082720
20.1333,-0.230673,-0.305604,-0.128201,0.242362,0.075141,-0.287894,-0.082744
20.1667,-0.226480,-0.311550,-0.113808,0.233398,0.075151,-0.287905,-0.082783
20.2000,-0.221616,-0.301333,-0.124241,0.220476,0.075168,-0.287930,-0.082877
20.2333,-0.218843,-0.296378,-0.130629,0.203162,0.075170,-0.287983,-0.083074
20.2667,-0.214863,-0.288300,-0.137300,0.184714,0.075171,-0.288013,-0.083188
20.3000,-0.213224,-0.287065,-0.137234,0.183391,0.075173,-0.288055,-0.083343
20.3333,-0.212922,-0.283879,-0.143989,0.191908,0.075175,-0.288070,-0.083398
20.3667,-0.214294,-0.283257,-0.145669,0.209539,0.075172,-0.288078,-0.083430
20.4000,-0.214384,-0.277694,-0.153123,0.223183,0.075169,-0.288067,-0.083390
20.4333,-0.213841,-0.272902,-0.158886,0.235753,0.075164,-0.288073,-0.083411
20.4667,-0.213185,-0.272141,-0.161058,0.240337,0.075162,-0.288083,-0.083448
20.5000,-0.212688,-0.270003,-0.161514,0.245869,0.075161,-0.288091,-0.083477
20.5333,-0.211325,-0.267820,-0.163834,0.245281,0.075162,-0.288096,-0.083495
20.5667,-0.208507,-0.263389,-0.171492,0.240115,0.075162,-0.288110,-0.083549
20.6000,-0.206316,-0.262501,-0.177428,0.237938,0.075161,-0.288142,-0.083668
20.6333,-0.203849,-0.258525,-0.184334,0.232111,0.075160,-0.288167,-0.083761
20.6667,-0.200429,-0.254926,-0.188459,0.223529,0.075159,-0.288195,-0.083867
20.7000,-0.197617,-0.252365,-0.190511,0.214449,0.075160,-0.288229,-0.083995
20.7333,-0.196398,-0.252218,-0.190213,0.212094,0.075161,-0.288256,-0.084096
20.7667,-0.195561,-0.252161,-0.189241,0.214236,0.075162,-0.288267,-0.084136
20.8000,-0.194109,-0.251011,-0.188928,0.214275,0.075163,-0.288274,-0.084161
20.8333,-0.192977,-0.248920,-0.189595,0.216675,0.075165,-0.288287,-0.084208
20.8667,-0.191525,-0.249321,-0.185384,0.220451,0.075165,-0.288297,-0.084249
20.9000,-0.190855,-0.247786,-0.184823,0.222822,0.075168,-0.288307,-0.084283
20.9333,-0.191278,-0.247694,-0.184324,0.227545,0.075169,-0.288312,-0.084304
20.9667,-0.193189,-0.250919,-0.182486,0.241244,0.075169,-0.288308,-0.084288
21.0000,-0.193224,-0.250985,-0.181396,0.250326,0.075169,-0.288289,-0.084218
21.0333,-0.192580,-0.250416,-0.183327,0.250649,0.075170,-0.288288,-0.084213
21.0667,-0.192471,-0.249753,-0.184248,0.253937,0.075169,-0.288295,-0.084241
21.1000,-0.193011,-0.249565,-0.183120,0.259181,0.075168,-0.288297,-0.084248
21.1333,-0.197661,-0.259488,-0.163845,0.287694,0.075169,-0.288291,-0.084226
21.1667,-0.202120,-0.263339,-0.158247,0.311596,0.075177,-0.288233,-0.084007
21.2000,-0.210539,-0.275988,-0.139693,0.359810,0.075176,-0.288188,-0.083839
21.2333,-0.217409,-0.289034,-0.120977,0.409147,0.075177,-0.288096,-0.083496
21.2667,-0.216830,-0.294195,-0.104410,0.414179,0.075179,-0.288018,-0.083204
21.3000,-0.219128,-0.305502,-0.082682,0.449445,0.075190,-0.288008,-0.083169
21.3333,-0.225019,-0.282196,-0.119273,0.489779,0.075199,-0.287969,-0.083021
21.3667,-0.215239,-0.291637,-0.084024,0.534083,0.075167,-0.287948,-0.082943
21.4000,-0.208976,-0.291793,-0.067469,0.587446,0.075204,-0.288005,-0.083155
21.4333,-0.191978,-0.282091,0.009581,0.658547,0.075222,-0.288047,-0.083311
21.4667,-0.186219,-0.249608,-0.014555,0.691828,0.075283,-0.288132,-0.083630
21.5000,-0.167850,-0.245253,0.062886,0.709382,0.075272,-0.288205,-0.083902
21.5333,-0.150465,-0.242839,0.117076,0.713383,0.075319,-0.288304,-0.084268
21.5667,-0.134993,-0.250930,0.131948,0.693956,0.075341,-0.288414,-0.084679
21.6000,-0.119899,-0.269288,0.138906,0.696437,0.075333,-0.288540,-0.085151
21.6333,-0.103256,-0.286044,0.175902,0.673074,0.075313,-0.288670,-0.085634
21.6667,-0.086476,-0.305351,0.219771,0.644120,0.075298,-0.288789,-0.086076
21.7000,-0.070661,-0.328215,0.266752,0.600130,0.075276,-0.288903,-0.086503
21.7333,-0.064986,-0.320808,0.245652,0.597726,0.075249,-0.289007,-0.086889
21.7667,-0.059382,-0.320573,0.226028,0.596249,0.075217,-0.289074,-0.087142
21.8000,-0.054582,-0.312864,0.229209,0.619565,0.075185,-0.289140,-0.087388
21.8333,-0.048949,-0.311132,0.243298,0.612576,0.075167,-0.289180,-0.087538
21.8667,-0.043031,-0.312906,0.257925,0.612292,0.075151,-0.289219,-0.087683
21.9000,-0.038271,-0.312707,0.251919,0.611618,0.075133,-0.289260,-0.087836
21.9333,-0.036636,-0.303422,0.243704,0.647208,0.075108,-0.289308,-0.088012
21.9667,-0.034516,-0.297696,0.221583,0.640575,0.075096,-0.289329,-0.088091
22.0000,-0.034286,-0.285066,0.210333,0.651513,0.075073,-0.289365,-0.088229
22.0333,-0.030612,-0.280165,0.202658,0.653221,0.075066,-0.289377,-0.088271
22.0667,-0.028169,-0.265860,0.182999,0.656807,0.075044,-0.289416,-0.088416
22.1000,-0.025941,-0.257869,0.179619,0.681686,0.075021,-0.289453,-0.088558
22.1333,-0.027305,-0.238621,0.149202,0.704508,0.075008,-0.289476,-0.088642
22.1667,-0.027698,-0.224765,0.137975,0.720591,0.074998,-0.289489,-0.088691
22.2000,-0.026172,-0.219028,0.131206,0.722831,0.074993,-0.289495,-0.088713
22.2333,-0.024066,-0.215344,0.125923,0.726197,0.074982,-0.289514,-0.088785
22.2667,-0.022120,-0.212151,0.121005,0.729247,0.074968,-0.289537,-0.088872
22.3000,-0.020784,-0.208807,0.115806,0.732797,0.074955,-0.289559,-0.088952
22.3333,-0.020200,-0.205908,0.112646,0.737401,0.074945,-0.289575,-0.089012
22.3667,-0.020554,-0.201761,0.114643,0.742773,0.074940,-0.289583,-0.089042
22.4000,-0.020356,-0.198146,0.113612,0.746540,0.074943,-0.289578,-0.089024
22.4333,-0.019682,-0.197759,0.109403,0.747496,0.074941,-0.289581,-0.089033
22.4667,-0.019583,-0.196509,0.104267,0.750157,0.074935,-0.289590,-0.089069
22.5000,-0.022027,-0.190796,0.088283,0.757340,0.074932,-0.289595,-0.089089
22.5333,-0.030484,-0.170655,0.027232,0.781519,0.074936,-0.289587,-0.089058
22.5667,-0.038461,-0.154744,-0.018514,0.800319,0.074944,-0.289564,-0.088973
22.6000,-0.044464,-0.147038,-0.042316,0.815273,0.074955,-0.289533,-0.088856
22.6333,-0.050373,-0.141701,-0.059282,0.827810,0.074969,-0.289500,-0.088734
22.6667,-0.055931,-0.140576,-0.065919,0.841742,0.074985,-0.289462,-0.088593
22.7000,-0.066697,-0.132988,-0.085618,0.865682,0.075004,-0.289418,-0.088430
22.7333,-0.073450,-0.131687,-0.084622,0.876247,0.075034,-0.289339,-0.088135
22.7667,-0.077030,-0.130012,-0.063376,0.875083,0.075059,-0.289278,-0.087907
22.8000,-0.082360,-0.123442,-0.057634,0.881074,0.075084,-0.289227,-0.087718
22.8333,-0.087720,-0.126888,-0.040679,0.890904,0.075105,-0.289175,-0.087521
22.8667,-0.093598,-0.127348,-0.041188,0.894655,0.075131,-0.289112,-0.087287
22.9000,-0.099589,-0.128333,-0.040790,0.903186,0.075148,-0.289060,-0.087092
22.9333,-0.104329,-0.132695,-0.032878,0.910218,0.075164,-0.289006,-0.086890
22.9667,-0.111763,-0.131932,-0.038283,0.917181,0.075180,-0.288956,-0.086706
23.0000,-0.120450,-0.131424,-0.057733,0.925462,0.075194,-0.288894,-0.086475
23.0333,-0.127326,-0.132376,-0.071310,0.933912,0.075200,-0.288833,-0.086247
23.0667,-0.133589,-0.130928,-0.084787,0.939131,0.075204,-0.288784,-0.086061
23.1000,-0.138715,-0.130040,-0.088226,0.942684,0.075205,-0.288739,-0.085896
23.1333,-0.143735,-0.128242,-0.096389,0.949208,0.075210,-0.288696,-0.085735
23.1667,-0.148632,-0.125804,-0.108020,0.955819,0.075211,-0.288658,-0.085594
23.2000,-0.152690,-0.124649,-0.115191,0.961606,0.075209,-0.288624,-0.085468
23.2333,-0.155698,-0.125177,-0.116153,0.967281,0.075208,-0.288594,-0.085355
23.2667,-0.159510,-0.122651,-0.121704,0.975201,0.075209,-0.288568,-0.085257
23.3000,-0.164531,-0.117186,-0.138504,0.983644,0.075208,-0.288539,-0.085148
23.3333,-0.170403,-0.107463,-0.168876,0.995636,0.075200,-0.288508,-0.085035
23.3667,-0.172993,-0.104709,-0.178071,1.000544,0.075183,-0.288482,-0.084938
23.4000,-0.174381,-0.104807,-0.180180,1.004154,0.075178,-0.288467,-0.084881
23.4333,-0.176736,-0.102949,-0.191195,1.011336,0.075177,-0.288456,-0.084841
23.4667,-0.178101,-0.101994,-0.197377,1.016739,0.075170,-0.288445,-0.084799
23.5000,-0.178620,-0.102196,-0.200359,1.020615,0.075166,-0.288438,-0.084773
23.5333,-0.179638,-0.100968,-0.204477,1.023047,0.075165,-0.288436,-0.084765
23.5667,-0.180914,-0.099680,-0.213386,1.026655,0.075162,-0.288430,-0.084745
23.6000,-0.181920,-0.098402,-0.220919,1.029693,0.075156,-0.288427,-0.084731
23.6333,-0.182176,-0.098626,-0.221023,1.030621,0.075152,-0.288424,-0.084722
23.6667,-0.184103,-0.096201,-0.232088,1.033965,0.075151,-0.288422,-0.084714
23.7000,-0.188872,-0.089541,-0.260161,1.040656,0.075144,-0.288414,-0.084686
23.7333,-0.191654,-0.086238,-0.275787,1.044529,0.075126,-0.288396,-0.084618
23.7667,-0.193214,-0.085175,-0.284088,1.046804,0.075115,-0.288385,-0.084576
23.8000,-0.194624,-0.084277,-0.289429,1.048656,0.075109,-0.288378,-0.084551
23.8333,-0.195905,-0.083938,-0.292204,1.050400,0.075105,-0.288370,-0.084521
23.8667,-0.196848,-0.083339,-0.289407,1.051189,0.075102,-0.288361,-0.084487
23.9000,-0.198770,-0.080530,-0.293200,1.053189,0.075103,-0.288350,-0.084446
23.9333,-0.203553,-0.073770,-0.321241,1.060677,0.075099,-0.288336,-0.084394
23.9667,-0.208446,-0.069185,-0.347693,1.069267,0.075078,-0.288317,-0.084325
24.0000,-0.214606,-0.063380,-0.384802,1.080984,0.075057,-0.288296,-0.084247
24.0333,-0.218759,-0.063163,-0.408466,1.092897,0.075028,-0.288273,-0.084160
24.0667,-0.221052,-0.066532,-0.415171,1.098353,0.075008,-0.288256,-0.084097
24.1000,-0.219493,-0.073883,-0.397378,1.096847,0.075000,-0.288241,-0.084041
24.1333,-0.222200,-0.075911,-0.417667,1.099555,0.075013,-0.288240,-0.084037
24.1667,-0.224907,-0.078226,-0.442183,1.102383,0.074997,-0.288233,-0.084011
24.2000,-0.227773,-0.084103,-0.483947,1.106644,0.074978,-0.288229,-0.083998
24.2333,-0.226516,-0.090997,-0.496820,1.105602,0.074949,-0.288238,-0.084034
24.2667,-0.224372,-0.094973,-0.497147,1.104075,0.074944,-0.288260,-0.084116
24.3000,-0.222043,-0.095331,-0.488916,1.100120,0.074948,-0.288280,-0.084189
24.3333,-0.219692,-0.094144,-0.493754,1.090642,0.074957,-0.288294,-0.084241
24.3667,-0.216538,-0.094677,-0.494710,1.085530,0.074958,-0.288319,-0.084335
24.4000,-0.214763,-0.091743,-0.510414,1.085450,0.074962,-0.288348,-0.084444
24.4333,-0.209922,-0.091350,-0.506351,1.083086,0.074956,-0.288377,-0.084552
24.4667,-0.203279,-0.092388,-0.493726,1.077796,0.074965,-0.288417,-0.084702
24.5000,-0.192985,-0.097696,-0.463602,1.067546,0.074979,-0.288467,-0.084885
24.5333,-0.180077,-0.104528,-0.433728,1.055882,0.075005,-0.288534,-0.085136
24.5667,-0.165814,-0.116490,-0.397528,1.045836,0.075028,-0.288625,-0.085474
24.6000,-0.149796,-0.130402,-0.342891,1.035278,0.075048,-0.288722,-0.085837
24.6333,-0.129100,-0.152641,-0.248459,1.016335,0.075071,-0.288819,-0.086198
24.6667,-0.108212,-0.181880,-0.162932,0.991756,0.075102,-0.288923,-0.086584
24.7000,-0.091186,-0.202844,-0.117954,0.973095,0.075113,-0.289035,-0.087002
24.7333,-0.073983,-0.223605,-0.068216,0.952928,0.075096,-0.289148,-0.087424
24.7667,-0.060395,-0.239872,-0.022689,0.937617,0.075071,-0.289259,-0.087835
24.8000,-0.050774,-0.246802,-0.016079,0.928387,0.075047,-0.289341,-0.088140
24.8333,-0.045143,-0.244224,-0.041517,0.929542,0.075012,-0.289421,-0.088439
24.8667,-0.039915,-0.238486,-0.061541,0.933486,0.074972,-0.289493,-0.088709
24.9000,-0.033329,-0.236476,-0.063850,0.935836,0.074937,-0.289557,-0.088948
24.9333,-0.027512,-0.234461,-0.073597,0.935241,0.074904,-0.289618,-0.089175
24.9667,-0.023026,-0.234325,-0.090560,0.934329,0.074870,-0.289678,-0.089400
25.0000,-0.018395,-0.232796,-0.100498,0.932046,0.074837,-0.289733,-0.089604
25.0333,-0.013824,-0.230678,-0.110798,0.925498,0.074806,-0.289783,-0.089790
25.0667,-0.009502,-0.229381,-0.114103,0.926936,0.074775,-0.289832,-0.089975
25.1000,-0.006415,-0.229901,-0.126305,0.925433,0.074749,-0.289873,-0.090129
25.1333,-0.004836,-0.229179,-0.148084,0.928763,0.074724,-0.289911,-0.090272
25.1667,-0.004127,-0.229960,-0.176108,0.927248,0.074702,-0.289944,-0.090395
25.2000,-0.001814,-0.230919,-0.185131,0.915580,0.074681,-0.289975,-0.090511
25.2333,0.000897,-0.232115,-0.186905,0.907780,0.074662,-0.290004,-0.090617
25.2667,0.002959,-0.231834,-0.191529,0.904114,0.074645,-0.290029,-0.090712
25.3000,0.004618,-0.230775,-0.193852,0.901554,0.074630,-0.290052,-0.090796
25.3333,0.006185,-0.230366,-0.193789,0.899934,0.074618,-0.290068,-0.090858
25.3667,0.006572,-0.226110,-0.203100,0.899239,0.074609,-0.290082,-0.090910
25.4000,0.007036,-0.222255,-0.207138,0.898038,0.074601,-0.290094,-0.090953
25.4333,0.007665,-0.220047,-0.208403,0.897422,0.074595,-0.290101,-0.090982
25.4667,0.008566,-0.219048,-0.208501,0.897275,0.074591,-0.290108,-0.091007
25.5000,0.009734,-0.218828,-0.205763,0.897309,0.074585,-0.290116,-0.091037
25.5333,0.010642,-0.218775,-0.203816,0.896883,0.074579,-0.290124,-0.091066
25.5667,0.011269,-0.218578,-0.202498,0.896846,0.074575,-0.290130,-0.091090
25.6000,0.012038,-0.218822,-0.198675,0.897173,0.074571,-0.290135,-0.091106
25.6333,0.012616,-0.219199,-0.195466,0.895819,0.074569,-0.290138,-0.091119
25.6667,0.012942,-0.219249,-0.193665,0.894969,0.074567,-0.290140,-0.091127
25.7000,0.012932,-0.219002,-0.192779,0.893919,0.074566,-0.290142,-0.091132
25.7333,0.012944,-0.218861,-0.191796,0.893190,0.074566,-0.290141,-0.091129
25.7667,0.012869,-0.218898,-0.191388,0.891867,0.074567,-0.290140,-0.091126
25.8000,0.012822,-0.219245,-0.190914,0.889640,0.074568,-0.290139,-0.091122
25.8333,0.012840,-0.220294,-0.188238,0.887022,0.074568,-0.290138,-0.091119
25.8667,0.012385,-0.220516,-0.189528,0.886107,0.074570,-0.290136,-0.091111
25.9000,0.011849,-0.221025,-0.192341,0.885951,0.074572,-0.290133,-0.091100
25.9333,0.011537,-0.222889,-0.191321,0.885310,0.074574,-0.290131,-0.091092
25.9667,0.011381,-0.224065,-0.189408,0.884917,0.074576,-0.290127,-0.091078
26.0000,0.011117,-0.224866,-0.188833,0.885430,0.074578,-0.290124,-0.091067
26.0333,0.010968,-0.225320,-0.186342,0.886304,0.074580,-0.290121,-0.091056
26.0667,0.011185,-0.225886,-0.183493,0.886689,0.074583,-0.290118,-0.091043
26.1000,0.011178,-0.225495,-0.180549,0.886408,0.074583,-0.290117,-0.091041
26.1333,0.011434,-0.225275,-0.175178,0.885927,0.074585,-0.290115,-0.091031
26.1667,0.011353,-0.225051,-0.172639,0.885523,0.074587,-0.290112,-0.091022
26.2000,0.010784,-0.224927,-0.173714,0.886295,0.074589,-0.290109,-0.091011
26.2333,0.009899,-0.223974,-0.175757,0.887047,0.074592,-0.290105,-0.090995
26.2667,0.009149,-0.223331,-0.176434,0.888775,0.074596,-0.290099,-0.090973
26.3000,0.007752,-0.221172,-0.182874,0.892608,0.074600,-0.290093,-0.090950
26.3333,0.006383,-0.219159,-0.187479,0.897576,0.074605,-0.290086,-0.090925
26.3667,0.005275,-0.217667,-0.188896,0.904398,0.074611,-0.290078,-0.090895
26.4000,0.004325,-0.216620,-0.185101,0.912120,0.074617,-0.290070,-0.090864
26.4333,0.003089,-0.215201,-0.181943,0.914153,0.074625,-0.290058,-0.090820
26.4667,0.001780,-0.214203,-0.180220,0.915113,0.074635,-0.290044,-0.090769
26.5000,0.000877,-0.213415,-0.174249,0.914779,0.074644,-0.290031,-0.090720
26.5333,0.000328,-0.213437,-0.165056,0.914376,0.074653,-0.290018,-0.090670
26.5667,-0.000038,-0.213174,-0.151938,0.915400,0.074661,-0.290005,-0.090622
26.6000,-0.000353,-0.213469,-0.133747,0.915862,0.074671,-0.289990,-0.090567
26.6333,-0.001586,-0.213386,-0.123208,0.914657,0.074684,-0.289972,-0.090496
26.6667,-0.002759,-0.212647,-0.109463,0.912525,0.074698,-0.289951,-0.090421
26.7000,-0.003768,-0.211164,-0.090969,0.909659,0.074713,-0.289929,-0.090337
26.7333,-0.005532,-0.208672,-0.084560,0.908530,0.074730,-0.289904,-0.090243
26.7667,-0.008449,-0.206550,-0.089408,0.909113,0.074744,-0.289883,-0.090164
26.8000,-0.011201,-0.205060,-0.093474,0.909437,0.074758,-0.289861,-0.090083
26.8333,-0.013511,-0.204789,-0.093358,0.908299,0.074771,-0.289840,-0.090005
26.8667,-0.015905,-0.204065,-0.093004,0.907160,0.074784,-0.289820,-0.089929
26.9000,-0.018193,-0.203152,-0.089919,0.905116,0.074797,-0.289798,-0.089848
26.9333,-0.020228,-0.201258,-0.082146,0.901752,0.074811,-0.289775,-0.089762
26.9667,-0.022598,-0.199094,-0.076144,0.898600,0.074827,-0.289750,-0.089669
27.0000,-0.026628,-0.191627,-0.084304,0.899161,0.074843,-0.289724,-0.089571
27.0333,-0.029411,-0.191783,-0.076053,0.896255,0.074859,-0.289695,-0.089464
27.0667,-0.034437,-0.190293,-0.080463,0.896373,0.074878,-0.289663,-0.089345
27.1000,-0.041507,-0.184852,-0.097575,0.901278,0.074900,-0.289622,-0.089192
27.1333,-0.050640,-0.173303,-0.132664,0.910879,0.074923,-0.289574,-0.089013
27.1667,-0.060568,-0.158407,-0.175293,0.923848,0.074942,-0.289524,-0.088825
27.2000,-0.069711,-0.145759,-0.209736,0.937068,0.074958,-0.289473,-0.088634
27.2333,-0.078242,-0.137442,-0.235188,0.953079,0.074972,-0.289421,-0.088443
27.2667,-0.088226,-0.126177,-0.272808,0.968149,0.074986,-0.289367,-0.088242
27.3000,-0.100273,-0.113571,-0.317678,0.983412,0.074995,-0.289311,-0.088031
27.3333,-0.114577,-0.098950,-0.379653,0.997425,0.075002,-0.289242,-0.087775
27.3667,-0.123025,-0.096774,-0.391411,1.007612,0.074999,-0.289167,-0.087497
27.4000,-0.131157,-0.095801,-0.393187,1.016360,0.075008,-0.289101,-0.087252
27.4333,-0.138702,-0.093374,-0.382588,1.024229,0.075020,-0.289030,-0.086985
27.4667,-0.148669,-0.092656,-0.384767,1.032447,0.075037,-0.288953,-0.086698
27.5000,-0.155096,-0.093280,-0.373766,1.039278,0.075046,-0.288865,-0.086371
27.5333,-0.160821,-0.091404,-0.361615,1.042696,0.075057,-0.288798,-0.086120
27.5667,-0.169536,-0.087284,-0.379409,1.048042,0.075067,-0.288736,-0.085889
27.6000,-0.180602,-0.079638,-0.417631,1.057703,0.075059,-0.288673,-0.085654
27.6333,-0.184196,-0.080428,-0.399563,1.056117,0.075037,-0.288606,-0.085405
27.6667,-0.189691,-0.077957,-0.391060,1.056943,0.075046,-0.288559,-0.085227
27.7000,-0.197151,-0.075667,-0.401237,1.063464,0.075049,-0.288502,-0.085015
27.7333,-0.201907,-0.074669,-0.399564,1.066643,0.075038,-0.288444,-0.084798
27.7667,-0.205603,-0.072441,-0.388036,1.068175,0.075034,-0.288399,-0.084633
27.8000,-0.208463,-0.070571,-0.381528,1.069251,0.075037,-0.288356,-0.084472
27.8333,-0.210255,-0.069214,-0.374684,1.068400,0.075038,-0.288325,-0.084355
27.8667,-0.212940,-0.068061,-0.383172,1.069407,0.075039,-0.288303,-0.084273
27.9000,-0.214410,-0.068114,-0.387470,1.069774,0.075031,-0.288286,-0.084211
27.9333,-0.215124,-0.068283,-0.388582,1.069535,0.075026,-0.288277,-0.084175
27.9667,-0.215381,-0.068451,-0.389432,1.069382,0.075025,-0.288271,-0.084155
28.0000,-0.215416,-0.068188,-0.391214,1.069470,0.075024,-0.288270,-0.084149
28.0333,-0.214630,-0.068032,-0.391987,1.068594,0.075023,-0.288271,-0.084154
28.0667,-0.213181,-0.067997,-0.391220,1.067181,0.075023,-0.288279,-0.084182
28.1000,-0.211186,-0.067640,-0.390132,1.065414,0.075026,-0.288291,-0.084228
28.1333,-0.208730,-0.067095,-0.388741,1.063415,0.075029,-0.288308,-0.084292
28.1667,-0.205566,-0.066599,-0.385191,1.060829,0.075033,-0.288329,-0.084370
28.2000,-0.202109,-0.065895,-0.380964,1.057962,0.075039,-0.288354,-0.084464
28.2333,-0.198268,-0.065120,-0.377341,1.054807,0.075045,-0.288382,-0.084567
28.2667,-0.193633,-0.065069,-0.370587,1.051171,0.075050,-0.288413,-0.084684
28.3000,-0.188220,-0.065462,-0.360613,1.046153,0.075058,-0.288449,-0.084817
28.3333,-0.181796,-0.065998,-0.345727,1.040467,0.075067,-0.288489,-0.084967
28.3667,-0.172935,-0.068595,-0.312407,1.032888,0.075078,-0.288534,-0.085134
28.4000,-0.164665,-0.069666,-0.288184,1.025084,0.075099,-0.288585,-0.085323
28.4333,-0.155228,-0.070222,-0.261364,1.016280,0.075112,-0.288638,-0.085521
28.4667,-0.146022,-0.069852,-0.239889,1.009261,0.075123,-0.288699,-0.085750
28.5000,-0.138169,-0.069143,-0.238723,1.006284,0.075128,-0.288763,-0.085989
28.5333,-0.127889,-0.074504,-0.223837,1.001545,0.075120,-0.288833,-0.086248
28.5667,-0.120331,-0.074356,-0.232462,1.002541,0.075115,-0.288912,-0.086544
28.6000,-0.110390,-0.072432,-0.236772,0.999480,0.075097,-0.288987,-0.086825
28.6333,-0.099974,-0.071586,-0.239511,0.996714,0.075074,-0.289080,-0.087172
28.6667,-0.090657,-0.067306,-0.258250,0.994731,0.075047,-0.289176,-0.087530
28.7000,-0.076248,-0.069865,-0.251928,0.988743,0.075011,-0.289276,-0.087903
28.7333,-0.059452,-0.075839,-0.258009,0.990333,0.074970,-0.289400,-0.088363
28.7667,-0.048297,-0.077196,-0.275255,0.992758,0.074905,-0.289555,-0.088943
28.8000,-0.035592,-0.079212,-0.277154,0.987472,0.074848,-0.289670,-0.089371
28.8333,-0.021741,-0.081579,-0.269770,0.986737,0.074789,-0.289784,-0.089800
28.8667,-0.008246,-0.084359,-0.258139,0.982021,0.074724,-0.289901,-0.090235
28.9000,0.003984,-0.090791,-0.229845,0.973060,0.074657,-0.290011,-0.090644
28.9333,0.012414,-0.096661,-0.212120,0.956601,0.074601,-0.290094,-0.090955
28.9667,0.025277,-0.107968,-0.170597,0.951969,0.074558,-0.290153,-0.091175
29.0000,0.047472,-0.141804,-0.075028,0.904376,0.074497,-0.290230,-0.091462
29.0333,0.056808,-0.158705,-0.028243,0.877864,0.074393,-0.290342,-0.091876
29.0667,0.058046,-0.163910,-0.041155,0.869574,0.074348,-0.290383,-0.092029
29.1000,0.065732,-0.181210,-0.026049,0.836635,0.074331,-0.290405,-0.092111
29.1333,0.067994,-0.201370,-0.016647,0.822783,0.074277,-0.290459,-0.092313
29.1667,0.063985,-0.210263,-0.022906,0.821944,0.074264,-0.290470,-0.092356
29.2000,0.055156,-0.212185,-0.033087,0.827746,0.074294,-0.290441,-0.092246
29.2333,0.043917,-0.214129,-0.023673,0.818097,0.074358,-0.290372,-0.091991
29.2667,0.042256,-0.228592,0.091003,0.771313,0.074450,-0.290266,-0.091592
29.3000,0.034003,-0.236264,0.172631,0.708824,0.074529,-0.290153,-0.091169
29.3333,0.014417,-0.219414,0.176613,0.704618,0.074636,-0.290012,-0.090642
29.3667,-0.008048,-0.224194,0.162204,0.733636,0.074772,-0.289836,-0.089986
29.4000,-0.039015,-0.204001,0.101036,0.751833,0.074901,-0.289649,-0.089289
29.4333,-0.075187,-0.177400,-0.003532,0.757889,0.075027,-0.289425,-0.088454
29.4667,-0.101063,-0.178835,-0.019157,0.734271,0.075113,-0.289192,-0.087584
29.5000,-0.129415,-0.175167,-0.047282,0.760302,0.075180,-0.288974,-0.086771
29.5333,-0.161949,-0.174160,-0.085594,0.762134,0.075221,-0.288744,-0.085913
29.5667,-0.187066,-0.175935,-0.096766,0.750307,0.075231,-0.288485,-0.084948
29.6000,-0.208935,-0.186939,-0.065526,0.788483,0.075223,-0.288269,-0.084142
29.6333,-0.229753,-0.192211,-0.058867,0.801627,0.075223,-0.288045,-0.083306
29.6667,-0.251042,-0.197168,-0.059450,0.787826,0.075194,-0.287853,-0.082587
29.7000,-0.275398,-0.200731,-0.061076,0.780872,0.075145,-0.287662,-0.081876
29.7333,-0.299992,-0.198136,-0.090824,0.763578,0.075068,-0.287446,-0.081068
29.7667,-0.321398,-0.192358,-0.122226,0.761884,0.074953,-0.287252,-0.080346
29.8000,-0.330645,-0.189787,-0.132952,0.764392,0.074833,-0.287089,-0.079738
29.8333,-0.334068,-0.189350,-0.139806,0.754357,0.074778,-0.287016,-0.079467
29.8667,-0.321244,-0.195828,-0.131293,0.704300,0.074755,-0.286992,-0.079376
29.9000,-0.305612,-0.202652,-0.111622,0.639629,0.074829,-0.287098,-0.079773
29.9333,-0.279821,-0.260982,0.007098,0.564060,0.074916,-0.287220,-0.080227
29.9667,-0.266906,-0.305719,0.074628,0.525333,0.075092,-0.287347,-0.080699
30.0000,-0.258120,-0.319031,0.086873,0.497358,0.075176,-0.287405,-0.080913
30.0333,-0.251768,-0.321450,0.076853,0.477435,0.075210,-0.287473,-0.081167
30.0667,-0.242402,-0.317141,0.049261,0.443664,0.075222,-0.287538,-0.081411
30.1000,-0.235471,-0.304013,0.014285,0.418887,0.075230,-0.287646,-0.081813
30.1333,-0.226608,-0.295898,-0.004881,0.400062,0.075225,-0.287738,-0.082158
30.1667,-0.218542,-0.287082,-0.024926,0.392252,0.075232,-0.287834,-0.082516
30.2000,-0.211375,-0.279946,-0.036264,0.386422,0.075234,-0.287924,-0.082852
30.2333,-0.203640,-0.271017,-0.051324,0.383120,0.075237,-0.287998,-0.083129
30.2667,-0.198269,-0.264617,-0.061585,0.391417,0.075238,-0.288080,-0.083437
30.3000,-0.193375,-0.252443,-0.079379,0.401692,0.075237,-0.288138,-0.083651
30.3333,-0.185192,-0.251812,-0.069465,0.427888,0.075230,-0.288197,-0.083873
30.3667,-0.178939,-0.250634,-0.072762,0.441315,0.075240,-0.288262,-0.084115
30.4000,-0.172657,-0.251832,-0.075114,0.453875,0.075240,-0.288321,-0.084336
30.4333,-0.166873,-0.254503,-0.078984,0.472207,0.075239,-0.288380,-0.084554
30.4667,-0.161335,-0.255439,-0.075703,0.487490,0.075236,-0.288435,-0.084761
30.5000,-0.156371,-0.255102,-0.071297,0.505344,0.075236,-0.288482,-0.084936
30.5333,-0.150229,-0.246473,-0.075128,0.505400,0.075236,-0.288523,-0.085088
30.5667,-0.149249,-0.235482,-0.087332,0.508358,0.075230,-0.288581,-0.085306
30.6000,-0.148073,-0.228839,-0.093317,0.512264,0.075222,-0.288601,-0.085379
30.6333,-0.146462,-0.225913,-0.095720,0.508272,0.075217,-0.288616,-0.085438
30.6667,-0.145121,-0.222868,-0.097112,0.500120,0.075214,-0.288633,-0.085500
30.7000,-0.144190,-0.222408,-0.095751,0.493545,0.075212,-0.288646,-0.085550
30.7333,-0.143823,-0.223953,-0.092375,0.489077,0.075212,-0.288653,-0.085576
30.7667,-0.144620,-0.224062,-0.092942,0.489347,0.075213,-0.288654,-0.085578
30.8000,-0.146065,-0.224175,-0.093595,0.490013,0.075214,-0.288647,-0.085553
30.8333,-0.148272,-0.224072,-0.094517,0.489330,0.075215,-0.288635,-0.085506
30.8667,-0.151156,-0.223431,-0.097332,0.489086,0.075216,-0.288616,-0.085435
30.9000,-0.154770,-0.221827,-0.101267,0.490183,0.075217,-0.288592,-0.085348
30.9333,-0.158179,-0.220877,-0.102180,0.486487,0.075217,-0.288563,-0.085240
30.9667,-0.161700,-0.220347,-0.101446,0.484048,0.075219,-0.288533,-0.085128
31.0000,-0.165498,-0.220298,-0.101364,0.485710,0.075221,-0.288501,-0.085008
31.0333,-0.170733,-0.220611,-0.103125,0.496529,0.075222,-0.288467,-0.084880
31.0667,-0.175972,-0.221298,-0.104613,0.509141,0.075222,-0.288421,-0.084710
31.1000,-0.181439,-0.225916,-0.106089,0.524091,0.075222,-0.288376,-0.084540
31.1333,-0.186136,-0.229423,-0.102566,0.540280,0.075220,-0.288328,-0.084361
31.1667,-0.190341,-0.232932,-0.098148,0.556150,0.075220,-0.288282,-0.084192
31.2000,-0.193187,-0.233430,-0.098515,0.560606,0.075221,-0.288241,-0.084036
31.2333,-0.195232,-0.233336,-0.096698,0.567818,0.075219,-0.288216,-0.083942
31.2667,-0.197011,-0.232369,-0.097903,0.568001,0.075218,-0.288196,-0.083868
31.3000,-0.200374,-0.224118,-0.114455,0.573046,0.075216,-0.288181,-0.083812
31.3333,-0.204645,-0.209954,-0.141956,0.582771,0.075204,-0.288165,-0.083754
31.3667,-0.203833,-0.208411,-0.142338,0.583593,0.075183,-0.288151,-0.083701
31.4000,-0.202063,-0.206158,-0.142285,0.584682,0.075184,-0.288158,-0.083729
31.4333,-0.198648,-0.204799,-0.138548,0.582857,0.075185,-0.288174,-0.083788
31.4667,-0.194111,-0.203553,-0.137585,0.585798,0.075191,-0.288202,-0.083891
31.5000,-0.187860,-0.203168,-0.133904,0.589302,0.075195,-0.288242,-0.084040
31.5333,-0.177996,-0.205830,-0.113632,0.587269,0.075201,-0.288294,-0.084237
31.5667,-0.165168,-0.204795,-0.068014,0.578191,0.075216,-0.288365,-0.084501
31.6000,-0.147403,-0.217235,0.004517,0.575218,0.075242,-0.288441,-0.084782
31.6333,-0.132998,-0.229354,0.038378,0.576521,0.075274,-0.288537,-0.085142
31.6667,-0.117408,-0.243571,0.077778,0.575593,0.075277,-0.288638,-0.085515
31.7000,-0.104677,-0.245415,0.092032,0.582965,0.075273,-0.288744,-0.085911
31.7333,-0.090790,-0.246757,0.110409,0.580270,0.075254,-0.288846,-0.086292
31.7667,-0.076597,-0.248047,0.126986,0.581890,0.075228,-0.288955,-0.086698
31.8000,-0.062459,-0.250314,0.139903,0.589356,0.075193,-0.289068,-0.087120
31.8333,-0.048150,-0.252593,0.152890,0.599319,0.075149,-0.289184,-0.087551
31.8667,-0.034800,-0.255324,0.157085,0.604530,0.075098,-0.289300,-0.087987
31.9000,-0.022839,-0.254179,0.151797,0.605116,0.075039,-0.289416,-0.088418
31.9333,-0.010667,-0.252448,0.153157,0.609406,0.074976,-0.289527,-0.088831
31.9667,0.000178,-0.248375,0.146972,0.616027,0.074911,-0.289634,-0.089230
32.0000,0.011578,-0.245113,0.154593,0.635574,0.074844,-0.289735,-0.089608
32.0333,0.022647,-0.242431,0.161390,0.657154,0.074778,-0.289829,-0.089961
32.0667,0.029256,-0.238113,0.131423,0.692420,0.074709,-0.289921,-0.090304
32.1000,0.031591,-0.234361,0.084742,0.774205,0.074646,-0.290004,-0.090615
32.1333,0.034980,-0.226178,0.060060,0.801202,0.074603,-0.290064,-0.090839
32.1667,0.035909,-0.218435,0.023176,0.833661,0.074565,-0.290115,-0.091029
32.2000,0.032774,-0.190978,-0.041601,0.865455,0.074537,-0.290155,-0.091178
32.2333,0.027690,-0.162562,-0.125021,0.899556,0.074521,-0.290183,-0.091285
32.2667,0.029033,-0.156286,-0.135717,0.907523,0.074508,-0.290212,-0.091392
32.3000,0.029621,-0.153747,-0.133601,0.916043,0.074492,-0.290233,-0.091471
32.3333,0.028133,-0.150531,-0.135266,0.921832,0.074489,-0.290236,-0.091483
32.3667,0.027153,-0.146935,-0.146102,0.923694,0.074499,-0.290224,-0.091440
32.4000,0.024264,-0.139529,-0.171435,0.928880,0.074499,-0.290225,-0.091443
32.4333,0.022353,-0.128711,-0.178778,0.940937,0.074504,-0.290222,-0.091432
32.4667,0.020184,-0.125050,-0.187452,0.941376,0.074513,-0.290212,-0.091393
32.5000,0.018070,-0.121183,-0.195789,0.942812,0.074522,-0.290200,-0.091350
32.5333,0.014253,-0.114342,-0.204376,0.945997,0.074531,-0.290189,-0.091308
32.5667,0.010360,-0.111006,-0.207396,0.951051,0.074551,-0.290163,-0.091210
32.6000,0.002577,-0.099995,-0.246464,0.957641,0.074574,-0.290131,-0.091092
32.6333,-0.003498,-0.098889,-0.246705,0.956265,0.074600,-0.290096,-0.090964
32.6667,-0.007374,-0.098898,-0.241834,0.955030,0.074636,-0.290043,-0.090764
32.7000,-0.010903,-0.096849,-0.214090,0.952711,0.074661,-0.290004,-0.090619
32.7333,-0.015980,-0.094413,-0.205099,0.950791,0.074698,-0.289949,-0.090412
32.7667,-0.021663,-0.093694,-0.203088,0.949077,0.074731,-0.289896,-0.090214
32.8000,-0.028197,-0.092966,-0.205634,0.949638,0.074763,-0.289843,-0.090019
32.8333,-0.034179,-0.093182,-0.189788,0.949480,0.074795,-0.289788,-0.089811
32.8667,-0.042960,-0.094819,-0.165308,0.960176,0.074834,-0.289720,-0.089560
32.9000,-0.050223,-0.099891,-0.134977,0.963694,0.074889,-0.289621,-0.089188
32.9333,-0.057053,-0.103205,-0.121537,0.966462,0.074939,-0.289529,-0.088846
32.9667,-0.063021,-0.103921,-0.120448,0.962561,0.074976,-0.289457,-0.088575
33.0000,-0.069187,-0.105364,-0.113043,0.965730,0.075000,-0.289403,-0.088372
33.0333,-0.077012,-0.104711,-0.114980,0.972475,0.075027,-0.289341,-0.088142
33.0667,-0.084774,-0.104177,-0.128878,0.976817,0.075053,-0.289273,-0.087888
33.1000,-0.090862,-0.105507,-0.135308,0.979038,0.075070,-0.289215,-0.087674
33.1333,-0.095554,-0.106795,-0.133212,0.979236,0.075084,-0.289167,-0.087492
33.1667,-0.099997,-0.107317,-0.129747,0.980812,0.075099,-0.289123,-0.087328
33.2000,-0.103725,-0.103396,-0.125677,0.979337,0.075113,-0.289080,-0.087168
33.2333,-0.106216,-0.102687,-0.113871,0.976298,0.075124,-0.289043,-0.087030
33.2667,-0.109432,-0.101790,-0.107471,0.974378,0.075137,-0.289010,-0.086908
33.3000,-0.113766,-0.100629,-0.109303,0.973549,0.075148,-0.288976,-0.086779
33.3333,-0.117880,-0.098833,-0.114788,0.974195,0.075157,-0.288938,-0.086640
33.3667,-0.122164,-0.096568,-0.124492,0.976226,0.075162,-0.288906,-0.086520
33.4000,-0.128416,-0.090381,-0.147674,0.980637,0.075164,-0.288876,-0.086409
33.4333,-0.131652,-0.090548,-0.151735,0.981721,0.075161,-0.288841,-0.086276
33.4667,-0.134496,-0.090129,-0.153836,0.983611,0.075163,-0.288815,-0.086180
33.5000,-0.137370,-0.090483,-0.156287,0.985996,0.075166,-0.288791,-0.086092
33.5333,-0.140568,-0.091520,-0.161018,0.988102,0.075168,-0.288768,-0.086004
33.5667,-0.144304,-0.091748,-0.168170,0.991400,0.075169,-0.288743,-0.085912
33.6000,-0.148376,-0.091237,-0.174023,0.993322,0.075169,-0.288716,-0.085810
33.6333,-0.152293,-0.091029,-0.180974,0.998144,0.075169,-0.288684,-0.085693
33.6667,-0.156247,-0.090772,-0.188984,1.004404,0.075169,-0.288655,-0.085585
33.7000,-0.160814,-0.089986,-0.202533,1.009497,0.075166,-0.288627,-0.085478
33.7333,-0.164097,-0.089906,-0.205705,1.011216,0.075161,-0.288598,-0.085370
33.7667,-0.167474,-0.090154,-0.210386,1.014186,0.075160,-0.288571,-0.085270
33.8000,-0.170830,-0.090139,-0.215487,1.015944,0.075158,-0.288545,-0.085172
33.8333,-0.174272,-0.089993,-0.220233,1.017524,0.075156,-0.288519,-0.085076
33.8667,-0.178241,-0.088927,-0.225878,1.020261,0.075153,-0.288492,-0.084977
33.9000,-0.181915,-0.087948,-0.232713,1.023796,0.075150,-0.288462,-0.084862
33.9333,-0.184723,-0.087275,-0.238022,1.025765,0.075145,-0.288434,-0.084761
33.9667,-0.187286,-0.086683,-0.243582,1.027374,0.075141,-0.288414,-0.084685
34.0000,-0.189611,-0.086842,-0.247522,1.028925,0.075136,-0.288396,-0.084617
34.0333,-0.191794,-0.086806,-0.252241,1.030948,0.075133,-0.288378,-0.084552
34.0667,-0.194137,-0.087107,-0.258657,1.033109,0.075129,-0.288363,-0.084494
34.1000,-0.196418,-0.087095,-0.265609,1.035232,0.075123,-0.288347,-0.084436
34.1333,-0.198780,-0.086907,-0.274893,1.038107,0.075117,-0.288333,-0.084383
34.1667,-0.200306,-0.086451,-0.280121,1.039960,0.075110,-0.288320,-0.084334
34.2000,-0.201809,-0.086718,-0.287342,1.042286,0.075106,-0.288311,-0.084300
34.2333,-0.203631,-0.086702,-0.298874,1.045452,0.075100,-0.288303,-0.084273
34.2667,-0.205163,-0.087574,-0.310101,1.048948,0.075091,-0.288297,-0.084250
34.3000,-0.206235,-0.087928,-0.318055,1.051657,0.075083,-0.288293,-0.084235
34.3333,-0.207186,-0.088451,-0.325873,1.054381,0.075077,-0.288290,-0.084225
34.3667,-0.207919,-0.088767,-0.331951,1.057030,0.075072,-0.288289,-0.084218
34.4000,-0.208433,-0.088845,-0.336174,1.059192,0.075067,-0.288287,-0.084214
34.4333,-0.208912,-0.089115,-0.341282,1.061351,0.075064,-0.288286,-0.084210
34.4667,-0.209173,-0.089324,-0.345144,1.063045,0.075060,-0.288286,-0.084210
34.5000,-0.209248,-0.090405,-0.348637,1.064780,0.075058,-0.288287,-0.084214
34.5333,-0.208350,-0.092646,-0.345395,1.065305,0.075056,-0.288290,-0.084223
34.5667,-0.208124,-0.093117,-0.346649,1.066430,0.075059,-0.288295,-0.084243
34.6000,-0.207857,-0.093893,-0.347072,1.067937,0.075058,-0.288298,-0.084254
34.6333,-0.208451,-0.094693,-0.350345,1.070812,0.075058,-0.288301,-0.084265
34.6667,-0.209949,-0.094708,-0.363633,1.073761,0.075056,-0.288298,-0.084255
34.7000,-0.212205,-0.094618,-0.382400,1.077840,0.075046,-0.288296,-0.084248
34.7333,-0.215732,-0.091550,-0.409708,1.087276,0.075032,-0.288292,-0.084233
34.7667,-0.218159,-0.089597,-0.437611,1.092003,0.075012,-0.288284,-0.084202
34.8000,-0.221422,-0.085887,-0.470884,1.098269,0.074992,-0.288286,-0.084210
34.8333,-0.223632,-0.086195,-0.499877,1.102819,0.074968,-0.288285,-0.084205
34.8667,-0.226019,-0.088383,-0.539969,1.107802,0.074948,-0.288289,-0.084222
34.9000,-0.227043,-0.089914,-0.568724,1.110521,0.074921,-0.288301,-0.084266
34.9333,-0.225428,-0.090369,-0.578598,1.110864,0.074903,-0.288315,-0.084319
34.9667,-0.221837,-0.090456,-0.578132,1.109183,0.074901,-0.288337,-0.084403
35.0000,-0.217677,-0.090383,-0.580044,1.107048,0.074908,-0.288369,-0.084522
35.0333,-0.213761,-0.088419,-0.585825,1.105831,0.074913,-0.288408,-0.084667
35.0667,-0.208631,-0.086457,-0.586220,1.103141,0.074916,-0.288448,-0.084816
35.1000,-0.200833,-0.085385,-0.578872,1.096867,0.074922,-0.288494,-0.084989
35.1333,-0.192742,-0.084432,-0.572470,1.092940,0.074935,-0.288558,-0.085228
35.1667,-0.182844,-0.084344,-0.557838,1.085816,0.074945,-0.288626,-0.085480
35.2000,-0.171737,-0.084358,-0.543360,1.076201,0.074957,-0.288703,-0.085768
35.2333,-0.160275,-0.084966,-0.527342,1.067658,0.074967,-0.288791,-0.086096
35.2667,-0.147943,-0.086169,-0.508129,1.055135,0.074973,-0.288881,-0.086431
35.3000,-0.134464,-0.087422,-0.488911,1.039081,0.074975,-0.288976,-0.086785
35.3333,-0.117173,-0.094242,-0.454435,1.018150,0.074970,-0.289081,-0.087177
35.3667,-0.102334,-0.100972,-0.434394,1.002663,0.074961,-0.289207,-0.087648
35.4000,-0.086455,-0.113891,-0.420101,0.991666,0.074940,-0.289323,-0.088082
35.4333,-0.075543,-0.123365,-0.426661,0.978508,0.074904,-0.289453,-0.088567
35.4667,-0.064156,-0.130978,-0.418506,0.967534,0.074865,-0.289557,-0.088952
35.5000,-0.057865,-0.140058,-0.458840,0.967519,0.074829,-0.289652,-0.089306
35.5333,-0.049098,-0.144544,-0.482005,0.964199,0.074781,-0.289742,-0.089644
35.5667,-0.037553,-0.150954,-0.488590,0.951955,0.074732,-0.289839,-0.090009
35.6000,-0.029004,-0.163447,-0.484533,0.942927,0.074676,-0.289948,-0.090413
35.6333,-0.021849,-0.173996,-0.449001,0.940063,0.074637,-0.290021,-0.090684
35.6667,-0.011935,-0.191172,-0.403069,0.925712,0.074620,-0.290054,-0.090810
35.7000,-0.005850,-0.201890,-0.373037,0.910058,0.074593,-0.290103,-0.090992
35.7333,-0.003160,-0.208602,-0.356824,0.900107,0.074575,-0.290132,-0.091097
35.7667,0.000608,-0.216653,-0.335788,0.887620,0.074569,-0.290141,-0.091134
35.8000,0.003136,-0.222699,-0.310262,0.883957,0.074559,-0.290157,-0.091190
35.8333,0.005815,-0.231541,-0.277397,0.878475,0.074559,-0.290157,-0.091191
35.8667,0.005485,-0.234721,-0.263434,0.881082,0.074561,-0.290152,-0.091172
35.9000,0.003720,-0.234971,-0.258301,0.883002,0.074572,-0.290137,-0.091115
35.9333,0.002110,-0.236174,-0.249431,0.883560,0.074586,-0.290117,-0.091040
35.9667,0.000971,-0.241390,-0.225996,0.883936,0.074601,-0.290095,-0.090958
36.0000,-0.004728,-0.237807,-0.229648,0.891582,0.074621,-0.290064,-0.090843
36.0333,-0.009267,-0.236102,-0.221772,0.909768,0.074653,-0.290017,-0.090667
36.0667,-0.013246,-0.234680,-0.209657,0.917337,0.074684,-0.289970,-0.090491
36.1000,-0.017139,-0.235622,-0.186488,0.930049,0.074713,-0.289924,-0.090320
36.1333,-0.020470,-0.234126,-0.168424,0.940266,0.074749,-0.289869,-0.090114
36.1667,-0.024532,-0.233000,-0.157181,0.942501,0.074777,-0.289824,-0.089945
36.2000,-0.028175,-0.230741,-0.137130,0.944437,0.074805,-0.289778,-0.089773
36.2333,-0.031713,-0.225768,-0.123159,0.945006,0.074835,-0.289728,-0.089586
36.2667,-0.035783,-0.219665,-0.121059,0.945713,0.074861,-0.289684,-0.089423
36.3000,-0.039748,-0.214992,-0.123684,0.946563,0.074882,-0.289646,-0.089281
36.3333,-0.043525,-0.210352,-0.127060,0.949234,0.074899,-0.289613,-0.089158
36.3667,-0.047097,-0.207458,-0.135496,0.951897,0.074915,-0.289582,-0.089043
36.4000,-0.050236,-0.206130,-0.145769,0.954545,0.074925,-0.289558,-0.088952
36.4333,-0.052794,-0.204937,-0.155019,0.957760,0.074933,-0.289539,-0.088881
36.4667,-0.054285,-0.204875,-0.157618,0.960702,0.074938,-0.289524,-0.088827
36.5000,-0.055191,-0.205457,-0.159027,0.962637,0.074943,-0.289513,-0.088786
36.5333,-0.055826,-0.206388,-0.161729,0.964408,0.074946,-0.289506,-0.088760
36.5667,-0.055881,-0.207022,-0.161468,0.965495,0.074947,-0.289503,-0.088748
36.6000,-0.055915,-0.207187,-0.163352,0.966785,0.074947,-0.289502,-0.088745
36.6333,-0.056263,-0.207057,-0.167058,0.967114,0.074946,-0.289504,-0.088750
36.6667,-0.056217,-0.207022,-0.169466,0.967078,0.074946,-0.289504,-0.088751
36.7000,-0.056118,-0.206893,-0.172301,0.966665,0.074944,-0.289506,-0.088760
36.7333,-0.055970,-0.206669,-0.175067,0.966768,0.074942,-0.289510,-0.088773
36.7667,-0.055537,-0.206512,-0.175847,0.966883,0.074940,-0.289513,-0.088787
36.8000,-0.054608,-0.206300,-0.172787,0.964900,0.074937,-0.289518,-0.088804
36.8333,-0.053652,-0.206202,-0.169679,0.963237,0.074935,-0.289524,-0.088825
36.8667,-0.052584,-0.206220,-0.165657,0.962005,0.074933,-0.289529,-0.088846
36.9000,-0.051838,-0.206178,-0.165145,0.961346,0.074931,-0.289535,-0.088869
36.9333,-0.051485,-0.206162,-0.166499,0.961527,0.074928,-0.289542,-0.088892
36.9667,-0.051731,-0.205834,-0.169318,0.962045,0.074926,-0.289546,-0.088908
37.0000,-0.051898,-0.205620,-0.172908,0.962643,0.074925,-0.289546,-0.088909
37.0333,-0.052047,-0.205334,-0.175959,0.963703,0.074924,-0.289548,-0.088915
37.0667,-0.052704,-0.204777,-0.182872,0.966331,0.074923,-0.289549,-0.088920
37.1000,-0.053145,-0.204122,-0.190758,0.969131,0.074921,-0.289549,-0.088921
37.1333,-0.054719,-0.200033,-0.202991,0.976869,0.074919,-0.289552,-0.088933
37.1667,-0.055311,-0.197711,-0.210311,0.979873,0.074918,-0.289549,-0.088920
37.2000,-0.055302,-0.196200,-0.213017,0.981561,0.074916,-0.289550,-0.088925
37.2333,-0.055434,-0.194571,-0.215494,0.982696,0.074914,-0.289553,-0.088934
37.2667,-0.056328,-0.190728,-0.226878,0.985068,0.074913,-0.289554,-0.088938
37.3000,-0.058347,-0.183158,-0.247258,0.989567,0.074910,-0.289556,-0.088945
37.3333,-0.063138,-0.171000,-0.290578,0.997479,0.074906,-0.289555,-0.088945
37.3667,-0.065485,-0.164765,-0.316088,0.998790,0.074900,-0.289550,-0.088927
37.4000,-0.066137,-0.161638,-0.327706,0.999394,0.074894,-0.289552,-0.088932
37.4333,-0.067294,-0.155246,-0.347448,1.001348,0.074889,-0.289556,-0.088948
37.4667,-0.068421,-0.147993,-0.372851,1.003943,0.074882,-0.289563,-0.088973
37.5000,-0.070713,-0.141165,-0.403372,1.005259,0.074871,-0.289574,-0.089018
37.5333,-0.073149,-0.134689,-0.429174,1.006370,0.074862,-0.289580,-0.089039
37.5667,-0.076652,-0.125409,-0.464913,1.007364,0.074856,-0.289580,-0.089040
37.6000,-0.077087,-0.122910,-0.470657,1.005841,0.074847,-0.289579,-0.089036
37.6333,-0.077143,-0.122420,-0.471921,1.004139,0.074846,-0.289580,-0.089040
37.6667,-0.076719,-0.122898,-0.466449,1.002531,0.074845,-0.289581,-0.089042
37.7000,-0.076796,-0.123322,-0.462746,1.001548,0.074847,-0.289580,-0.089039
37.7333,-0.077284,-0.123727,-0.458500,1.000875,0.074849,-0.289576,-0.089025
37.7667,-0.078316,-0.124016,-0.456087,1.000417,0.074853,-0.289568,-0.088995
37.8000,-0.079348,-0.123577,-0.450620,0.999734,0.074858,-0.289557,-0.088953
37.8333,-0.081424,-0.122608,-0.449705,0.999307,0.074864,-0.289543,-0.088901
37.8667,-0.084981,-0.120813,-0.458262,0.999887,0.074872,-0.289524,-0.088829
37.9000,-0.089598,-0.117880,-0.469498,1.002021,0.074878,-0.289499,-0.088737
37.9333,-0.094181,-0.115330,-0.471504,1.004830,0.074885,-0.289467,-0.088618
37.9667,-0.099338,-0.111059,-0.478829,1.009057,0.074897,-0.289428,-0.088472
38.0000,-0.106003,-0.106531,-0.494424,1.015745,0.074907,-0.289388,-0.088322
38.0333,-0.116629,-0.095532,-0.529239,1.026354,0.074915,-0.289341,-0.088148
38.0667,-0.128371,-0.085591,-0.562102,1.037074,0.074918,-0.289274,-0.087900
38.1000,-0.140279,-0.075838,-0.588088,1.048097,0.074921,-0.289196,-0.087607
38.1333,-0.154943,-0.062952,-0.609760,1.058668,0.074923,-0.289110,-0.087287
38.1667,-0.162463,-0.054658,-0.602471,1.056795,0.074925,-0.288995,-0.086860
38.2000,-0.171826,-0.046410,-0.596113,1.062043,0.074932,-0.288922,-0.086586
38.2333,-0.177823,-0.041210,-0.578342,1.068478,0.074938,-0.288833,-0.086253
38.2667,-0.181037,-0.042180,-0.563227,1.070882,0.074947,-0.288765,-0.085998
38.3000,-0.183056,-0.042988,-0.536139,1.070324,0.074955,-0.288723,-0.085845
38.3333,-0.186917,-0.044150,-0.534371,1.071726,0.074969,-0.288683,-0.085694
38.3667,-0.189454,-0.045933,-0.523975,1.071517,0.074969,-0.288647,-0.085559
38.4000,-0.190333,-0.049095,-0.505930,1.069686,0.074973,-0.288616,-0.085442
38.4333,-0.191538,-0.051727,-0.492650,1.068196,0.074983,-0.288593,-0.085357
38.4667,-0.192083,-0.054974,-0.475148,1.067481,0.074990,-0.288571,-0.085275
38.5000,-0.193860,-0.057609,-0.463324,1.068578,0.074999,-0.288552,-0.085202
38.5333,-0.195674,-0.059332,-0.459848,1.070867,0.075005,-0.288526,-0.085105
38.5667,-0.198066,-0.056482,-0.453713,1.072011,0.075005,-0.288507,-0.085034
38.6000,-0.199463,-0.054817,-0.442433,1.073031,0.075007,-0.288480,-0.084934
38.6333,-0.200576,-0.053788,-0.431770,1.073790,0.075012,-0.288458,-0.084852
38.6667,-0.200332,-0.052953,-0.407868,1.070781,0.075017,-0.288439,-0.084780
38.7000,-0.198398,-0.051563,-0.367844,1.065308,0.075031,-0.288421,-0.084713
38.7333,-0.199381,-0.050824,-0.356699,1.064397,0.075056,-0.288404,-0.084649
38.7667,-0.200863,-0.050352,-0.345473,1.064833,0.075062,-0.288385,-0.084580
38.8000,-0.201401,-0.050492,-0.335924,1.063355,0.075067,-0.288362,-0.084494
38.8333,-0.200597,-0.053071,-0.316662,1.060674,0.075072,-0.288349,-0.084445
38.8667,-0.200826,-0.054192,-0.306636,1.059609,0.075084,-0.288340,-0.084409
38.9000,-0.201324,-0.054605,-0.299085,1.059100,0.075089,-0.288329,-0.084369
38.9333,-0.202139,-0.054891,-0.294620,1.059385,0.075093,-0.288318,-0.084328
38.9667,-0.203542,-0.055162,-0.295197,1.060164,0.075095,-0.288307,-0.084286
39.0000,-0.205160,-0.055150,-0.298392,1.061243,0.075094,-0.288295,-0.084241
39.0333,-0.206916,-0.054987,-0.303017,1.062450,0.075090,-0.288283,-0.084197
39.0667,-0.208962,-0.054955,-0.308281,1.063556,0.075085,-0.288271,-0.084153
39.1000,-0.210910,-0.055013,-0.312118,1.064558,0.075080,-0.288257,-0.084102
39.1333,-0.213084,-0.054879,-0.316603,1.065222,0.075075,-0.288243,-0.084049
39.1667,-0.214940,-0.054992,-0.318506,1.065398,0.075069,-0.288228,-0.083991
39.2000,-0.216970,-0.055164,-0.320708,1.065701,0.075066,-0.288213,-0.083934
39.2333,-0.219100,-0.055205,-0.322881,1.066355,0.075061,-0.288196,-0.083874
39.2667,-0.221213,-0.055085,-0.324200,1.066805,0.075057,-0.288179,-0.083809
39.3000,-0.223268,-0.054283,-0.324355,1.067042,0.075053,-0.288161,-0.083743
39.3333,-0.225319,-0.054259,-0.324252,1.067506,0.075049,-0.288143,-0.083674
39.3667,-0.227331,-0.054044,-0.323956,1.068045,0.075046,-0.288124,-0.083605
39.4000,-0.229697,-0.054057,-0.324758,1.069109,0.075042,-0.288106,-0.083537
39.4333,-0.232141,-0.054208,-0.326090,1.070486,0.075037,-0.288086,-0.083460
39.4667,-0.233407,-0.054918,-0.323557,1.070567,0.075032,-0.288065,-0.083383
39.5000,-0.234288,-0.055802,-0.322324,1.070377,0.075030,-0.288051,-0.083332
39.5333,-0.235193,-0.056393,-0.320905,1.069944,0.075029,-0.288042,-0.083299
39.5667,-0.236688,-0.056692,-0.329037,1.071024,0.075028,-0.288033,-0.083264
39.6000,-0.238405,-0.056856,-0.343071,1.072783,0.075020,-0.288027,-0.083240
39.6333,-0.240021,-0.057148,-0.359402,1.074647,0.075008,-0.288023,-0.083228
39.6667,-0.240499,-0.058104,-0.369588,1.075165,0.074995,-0.288023,-0.083227
39.7000,-0.239490,-0.058566,-0.371274,1.074462,0.074988,-0.288027,-0.083244
39.7333,-0.237835,-0.058394,-0.368717,1.072940,0.074989,-0.288038,-0.083283
39.7667,-0.235900,-0.058438,-0.364315,1.071268,0.074995,-0.288050,-0.083330
39.8000,-0.233694,-0.058279,-0.360223,1.069325,0.075001,-0.288064,-0.083381
39.8333,-0.231071,-0.057866,-0.357265,1.067454,0.075008,-0.288080,-0.083442
39.8667,-0.227738,-0.058071,-0.352078,1.064280,0.075016,-0.288101,-0.083520
39.9000,-0.223798,-0.058169,-0.345874,1.060134,0.075025,-0.288127,-0.083615
39.9333,-0.219013,-0.058035,-0.338566,1.055923,0.075036,-0.288157,-0.083727
39.9667,-0.213395,-0.057870,-0.329717,1.053309,0.075048,-0.288193,-0.083863
40.0000,-0.206647,-0.058493,-0.321605,1.052246,0.075061,-0.288236,-0.084023
40.0333,-0.198331,-0.060555,-0.304694,1.047034,0.075075,-0.288290,-0.084223
40.0667,-0.192572,-0.059026,-0.305303,1.046538,0.075093,-0.288350,-0.084446
40.1000,-0.185494,-0.058266,-0.298023,1.044959,0.075097,-0.288402,-0.084641
40.1333,-0.175884,-0.057014,-0.281958,1.039686,0.075105,-0.288459,-0.084855
40.1667,-0.164106,-0.057762,-0.255677,1.030188,0.075117,-0.288532,-0.085125
40.2000,-0.153108,-0.060710,-0.237607,1.021910,0.075131,-0.288615,-0.085434
40.2333,-0.144310,-0.061529,-0.227731,1.019125,0.075136,-0.288698,-0.085743
40.2667,-0.130234,-0.071054,-0.188713,1.006769,0.075134,-0.288768,-0.086006
40.3000,-0.118095,-0.077125,-0.169773,0.997375,0.075139,-0.288860,-0.086350
40.3333,-0.108972,-0.077427,-0.169770,0.992835,0.075129,-0.288953,-0.086694
40.3667,-0.096610,-0.085587,-0.143080,0.985798,0.075110,-0.289034,-0.086999
40.4000,-0.087672,-0.086334,-0.150752,0.982945,0.075096,-0.289122,-0.087325
40.4333,-0.079051,-0.086351,-0.165784,0.984171,0.075066,-0.289209,-0.087649
40.4667,-0.070195,-0.087615,-0.170390,0.987133,0.075030,-0.289299,-0.087987
40.5000,-0.064190,-0.089167,-0.203610,0.989437,0.074997,-0.289382,-0.088297
40.5333,-0.059369,-0.089821,-0.233500,0.993583,0.074955,-0.289465,-0.088607
40.5667,-0.053940,-0.091395,-0.257607,0.987252,0.074919,-0.289534,-0.088866
40.6000,-0.048240,-0.093948,-0.256512,0.987148,0.074882,-0.289604,-0.089125
40.6333,-0.042082,-0.096803,-0.245613,0.983163,0.074859,-0.289654,-0.089312
40.6667,-0.036801,-0.099467,-0.241685,0.980509,0.074838,-0.289699,-0.089481
40.7000,-0.033460,-0.103127,-0.248240,0.974556,0.074816,-0.289743,-0.089643
40.7333,-0.029129,-0.113588,-0.229593,0.964126,0.074796,-0.289778,-0.089776
40.7667,-0.027398,-0.117133,-0.218985,0.957330,0.074785,-0.289800,-0.089858
40.8000,-0.025611,-0.120060,-0.204390,0.952274,0.074783,-0.289806,-0.089881
40.8333,-0.024233,-0.125293,-0.186519,0.944267,0.074783,-0.289809,-0.089892
40.8667,-0.022502,-0.134194,-0.167788,0.931460,0.074786,-0.289806,-0.089879
40.9000,-0.021918,-0.141936,-0.144226,0.881772,0.074788,-0.289805,-0.089875
40.9333,-0.021557,-0.152231,-0.099798,0.847530,0.074799,-0.289790,-0.089817
40.9667,-0.028402,-0.157259,-0.094930,0.797230,0.074823,-0.289754,-0.089683
41.0000,-0.033358,-0.170345,-0.075854,0.756293,0.074862,-0.289689,-0.089440
41.0333,-0.039725,-0.186584,-0.053218,0.706621,0.074897,-0.289628,-0.089213
41.0667,-0.045663,-0.191193,0.014928,0.665848,0.074941,-0.289552,-0.088928
41.1000,-0.047813,-0.204760,0.119749,0.662342,0.075008,-0.289440,-0.088509
41.1333,-0.066020,-0.204695,0.089156,0.626673,0.075078,-0.289331,-0.088102
41.1667,-0.096920,-0.159284,-0.027030,0.596223,0.075134,-0.289194,-0.087592
41.2000,-0.116646,-0.152020,-0.064884,0.541417,0.075165,-0.289018,-0.086935
41.2333,-0.133469,-0.153996,-0.089046,0.534353,0.075189,-0.288874,-0.086398
41.2667,-0.152522,-0.154675,-0.145680,0.507486,0.075203,-0.288744,-0.085914
41.3000,-0.166181,-0.168851,-0.176509,0.499753,0.075190,-0.288622,-0.085461
41.3333,-0.171454,-0.192638,-0.147783,0.474594,0.075178,-0.288527,-0.085104
41.3667,-0.172209,-0.216188,-0.113743,0.439361,0.075196,-0.288454,-0.084833
41.4000,-0.175575,-0.218121,-0.112719,0.400998,0.075216,-0.288417,-0.084696
41.4333,-0.178431,-0.207344,-0.131645,0.336670,0.075217,-0.288386,-0.084580
41.4667,-0.179377,-0.197198,-0.146491,0.277767,0.075205,-0.288377,-0.084546
41.5000,-0.181797,-0.194994,-0.140905,0.248887,0.075196,-0.288382,-0.084563
41.5333,-0.181539,-0.193645,-0.134083,0.224423,0.075199,-0.288355,-0.084463
41.5667,-0.185078,-0.195335,-0.136784,0.219989,0.075203,-0.288351,-0.084450
41.6000,-0.187956,-0.200335,-0.137723,0.207415,0.075200,-0.288322,-0.084340
41.6333,-0.189597,-0.205449,-0.134590,0.188905,0.075199,-0.288297,-0.084246
41.6667,-0.191759,-0.208369,-0.138258,0.163939,0.075200,-0.288279,-0.084181
41.7000,-0.193522,-0.210243,-0.144714,0.141589,0.075196,-0.288263,-0.084121
41.7333,-0.194557,-0.211996,-0.150148,0.128739,0.075191,-0.288253,-0.084083
41.7667,-0.194842,-0.215558,-0.150662,0.125548,0.075187,-0.288249,-0.084066
41.8000,-0.194467,-0.216191,-0.150507,0.128537,0.075187,-0.288246,-0.084058
41.8333,-0.193558,-0.218021,-0.148378,0.132832,0.075187,-0.288250,-0.084070
41.8667,-0.192333,-0.217682,-0.148281,0.131544,0.075189,-0.288256,-0.084094
41.9000,-0.191173,-0.216526,-0.150693,0.130040,0.075190,-0.288267,-0.084134
41.9333,-0.189505,-0.216094,-0.148550,0.138642,0.075189,-0.288279,-0.084181
41.9667,-0.187693,-0.215798,-0.147718,0.140918,0.075191,-0.288293,-0.084230
42.0000,-0.186361,-0.215349,-0.152882,0.150947,0.075193,-0.288308,-0.084288
42.0333,-0.184589,-0.214688,-0.155732,0.166174,0.075190,-0.288325,-0.084350
42.0667,-0.182057,-0.213871,-0.154239,0.183342,0.075189,-0.288343,-0.084419
42.1000,-0.180555,-0.208659,-0.156428,0.196915,0.075191,-0.288364,-0.084499
42.1333,-0.177798,-0.205691,-0.151270,0.203609,0.075190,-0.288380,-0.084556
42.1667,-0.176086,-0.199753,-0.151526,0.213115,0.075194,-0.288400,-0.084632
42.2000,-0.174424,-0.195926,-0.152030,0.223976,0.075194,-0.288416,-0.084690
42.2333,-0.172286,-0.194694,-0.148965,0.229515,0.075194,-0.288431,-0.084747
42.2667,-0.172029,-0.192077,-0.148577,0.247382,0.075195,-0.288448,-0.084809
42.3000,-0.171979,-0.190134,-0.146418,0.272473,0.075196,-0.288450,-0.084816
42.3333,-0.171268,-0.189092,-0.139348,0.306978,0.075197,-0.288448,-0.084811
42.3667,-0.170150,-0.188478,-0.134457,0.322842,0.075201,-0.288448,-0.084811
42.4000,-0.170227,-0.190514,-0.127038,0.339055,0.075204,-0.288454,-0.084833
42.4333,-0.169865,-0.191154,-0.118107,0.344534,0.075208,-0.288447,-0.084806
42.4667,-0.169945,-0.193875,-0.112037,0.351706,0.075213,-0.288442,-0.084789
42.5000,-0.170405,-0.196132,-0.109471,0.361881,0.075217,-0.288436,-0.084766
42.5333,-0.172250,-0.198629,-0.110403,0.384181,0.075219,-0.288430,-0.084742
42.5667,-0.174795,-0.202882,-0.102940,0.414710,0.075218,-0.288414,-0.084683
42.6000,-0.177252,-0.205632,-0.096199,0.435360,0.075223,-0.288385,-0.084574
42.6333,-0.178939,-0.205083,-0.095622,0.444968,0.075226,-0.288357,-0.084469
42.6667,-0.181903,-0.205977,-0.104619,0.457379,0.075227,-0.288341,-0.084411
42.7000,-0.184429,-0.204676,-0.112180,0.465297,0.075221,-0.288322,-0.084341
42.7333,-0.186030,-0.204204,-0.114162,0.469115,0.075215,-0.288306,-0.084281
42.7667,-0.187595,-0.203103,-0.115863,0.472077,0.075213,-0.288294,-0.084234
42.8000,-0.188617,-0.203059,-0.115264,0.473513,0.075212,-0.288281,-0.084187
42.8333,-0.189253,-0.203013,-0.115134,0.473919,0.075212,-0.288271,-0.084150
42.8667,-0.189673,-0.202135,-0.115359,0.473107,0.075211,-0.288265,-0.084129
42.9000,-0.190016,-0.201024,-0.118316,0.471815,0.075211,-0.288262,-0.084115
42.9333,-0.190222,-0.201015,-0.125218,0.464711,0.075209,-0.288261,-0.084114
42.9667,-0.190240,-0.202658,-0.137460,0.466191,0.075205,-0.288266,-0.084129
43.0000,-0.189841,-0.200124,-0.149825,0.463363,0.075198,-0.288276,-0.084169
43.0333,-0.189277,-0.194618,-0.163588,0.463989,0.075190,-0.288291,-0.084223
43.0667,-0.187426,-0.195073,-0.172174,0.460905,0.075183,-0.288308,-0.084287
43.1000,-0.188341,-0.195943,-0.183529,0.491149,0.075178,-0.288332,-0.084377
43.1333,-0.183440,-0.197074,-0.181091,0.505092,0.075171,-0.288334,-0.084384
43.1667,-0.179085,-0.191067,-0.188421,0.519961,0.075175,-0.288376,-0.084540
43.2000,-0.172243,-0.186181,-0.188902,0.561084,0.075172,-0.288421,-0.084711
43.2333,-0.166912,-0.171771,-0.207221,0.603302,0.075172,-0.288483,-0.084942
43.2667,-0.157148,-0.165328,-0.200330,0.617565,0.075160,-0.288547,-0.085181
43.3000,-0.141875,-0.161663,-0.152329,0.645425,0.075160,-0.288629,-0.085486
43.3333,-0.124153,-0.163555,-0.097328,0.647514,0.075176,-0.288724,-0.085840
43.3667,-0.106829,-0.168722,-0.053443,0.634591,0.075183,-0.288835,-0.086253
43.4000,-0.085238,-0.188904,0.019969,0.675776,0.075174,-0.288952,-0.086689
43.4333,-0.064384,-0.209571,0.077653,0.668776,0.075159,-0.289082,-0.087173
43.4667,-0.049466,-0.207973,0.086084,0.663472,0.075121,-0.289219,-0.087684
43.5000,-0.035911,-0.205214,0.079664,0.679575,0.075065,-0.289345,-0.088154
43.5333,-0.020468,-0.209911,0.090894,0.682134,0.075000,-0.289471,-0.088625
43.5667,-0.006937,-0.211645,0.084603,0.690806,0.074929,-0.289599,-0.089102
43.6000,0.005775,-0.207049,0.077804,0.691347,0.074851,-0.289724,-0.089570
43.6333,0.019728,-0.204308,0.083173,0.713555,0.074771,-0.289843,-0.090011
43.6667,0.029897,-0.200323,0.054450,0.749155,0.074684,-0.289961,-0.090454
43.7000,0.041697,-0.197268,0.049099,0.799625,0.074598,-0.290075,-0.090880
43.7333,0.049451,-0.198482,0.005987,0.839817,0.074509,-0.290184,-0.091284
43.7667,0.062268,-0.205262,0.026465,0.859490,0.074426,-0.290289,-0.091677
43.8000,0.072742,-0.202935,0.023135,0.875945,0.074336,-0.290383,-0.092030
43.8333,0.080198,-0.196183,0.001630,0.895006,0.074248,-0.290477,-0.092382
43.8667,0.085958,-0.190201,-0.026969,0.906379,0.074171,-0.290561,-0.092693
43.9000,0.091215,-0.184863,-0.039589,0.927972,0.074103,-0.290636,-0.092973
43.9333,0.097277,-0.180386,-0.043894,0.939699,0.074049,-0.290692,-0.093185
43.9667,0.103530,-0.175322,-0.046018,0.952126,0.073990,-0.290749,-0.093395
44.0000,0.108511,-0.172543,-0.045854,0.955759,0.073930,-0.290805,-0.093603
44.0333,0.112401,-0.169351,-0.047102,0.959737,0.073883,-0.290847,-0.093763
44.0667,0.115537,-0.168653,-0.042869,0.962444,0.073844,-0.290882,-0.093893
44.1000,0.116865,-0.168161,-0.038705,0.962135,0.073816,-0.290905,-0.093980
44.1333,0.117344,-0.169077,-0.029971,0.957673,0.073805,-0.290913,-0.094009
44.1667,0.114310,-0.169147,-0.038453,0.955432,0.073805,-0.290910,-0.093996
44.2000,0.109698,-0.167680,-0.047581,0.953189,0.073830,-0.290891,-0.093926
44.2333,0.105213,-0.167098,-0.050395,0.947429,0.073870,-0.290859,-0.093807
44.2667,0.100030,-0.166926,-0.051546,0.940957,0.073912,-0.290823,-0.093672
44.3000,0.092196,-0.165306,-0.057290,0.935392,0.073960,-0.290779,-0.093509
44.3333,0.083884,-0.164152,-0.063175,0.931346,0.074029,-0.290716,-0.093274
44.3667,0.074451,-0.160248,-0.072044,0.931078,0.074101,-0.290649,-0.093024
44.4000,0.062666,-0.157032,-0.086381,0.928049,0.074177,-0.290575,-0.092747
44.4333,0.053713,-0.153738,-0.089848,0.924930,0.074267,-0.290485,-0.092410
44.4667,0.040858,-0.150701,-0.086610,0.920092,0.074336,-0.290409,-0.092129
44.5000,0.024664,-0.134040,-0.120632,0.926209,0.074436,-0.290294,-0.091698
44.5333,0.009906,-0.129335,-0.108054,0.922771,0.074531,-0.290181,-0.091278
44.5667,-0.000556,-0.128751,-0.107325,0.922073,0.074636,-0.290040,-0.090751
44.6000,-0.014921,-0.122328,-0.124565,0.921459,0.074701,-0.289947,-0.090403
44.6333,-0.029149,-0.118336,-0.135628,0.924712,0.074773,-0.289834,-0.089984
44.6667,-0.041133,-0.112399,-0.153755,0.925321,0.074841,-0.289718,-0.089549
44.7000,-0.051160,-0.112481,-0.150184,0.931587,0.074888,-0.289627,-0.089210
44.7333,-0.058163,-0.111851,-0.130856,0.935110,0.074934,-0.289534,-0.088865
44.7667,-0.067536,-0.103995,-0.136680,0.938681,0.074975,-0.289455,-0.088568
44.8000,-0.074109,-0.104842,-0.125267,0.938951,0.075007,-0.289376,-0.088275
44.8333,-0.080294,-0.103172,-0.112077,0.938712,0.075037,-0.289308,-0.088018
44.8667,-0.087139,-0.101251,-0.111772,0.945200,0.075066,-0.289241,-0.087769
44.9000,-0.092690,-0.102625,-0.109112,0.947305,0.075087,-0.289179,-0.087539
44.9333,-0.097767,-0.101341,-0.101207,0.947416,0.075105,-0.289127,-0.087345
44.9667,-0.102501,-0.101547,-0.097103,0.950609,0.075124,-0.289075,-0.087149
45.0000,-0.108052,-0.100962,-0.110289,0.959996,0.075138,-0.289029,-0.086977
45.0333,-0.113303,-0.099869,-0.117372,0.964461,0.075144,-0.288991,-0.086835
45.0667,-0.117587,-0.098567,-0.125527,0.968583,0.075151,-0.288950,-0.086682
45.1000,-0.120994,-0.101913,-0.126515,0.972626,0.075155,-0.288918,-0.086565
45.1333,-0.123791,-0.104903,-0.127431,0.975337,0.075161,-0.288889,-0.086455
45.1667,-0.127658,-0.107969,-0.139876,0.979805,0.075165,-0.288864,-0.086364
45.2000,-0.131819,-0.109244,-0.153889,0.985803,0.075164,-0.288841,-0.086275
45.2333,-0.136224,-0.106080,-0.171216,0.992462,0.075162,-0.288815,-0.086182
45.2667,-0.141353,-0.099893,-0.195118,0.999505,0.075158,-0.288791,-0.086091
45.3000,-0.146638,-0.094061,-0.219052,1.006164,0.075150,-0.288766,-0.085998
45.3333,-0.152630,-0.087593,-0.247421,1.014434,0.075141,-0.288740,-0.085899
45.3667,-0.156408,-0.086033,-0.254326,1.021936,0.075129,-0.288711,-0.085792
45.4000,-0.161762,-0.084789,-0.265400,1.029511,0.075128,-0.288683,-0.085688
45.4333,-0.166852,-0.083847,-0.274864,1.034968,0.075124,-0.288644,-0.085544
45.4667,-0.171667,-0.082844,-0.282060,1.038543,0.075120,-0.288607,-0.085405
45.5000,-0.176091,-0.082354,-0.287407,1.040713,0.075117,-0.288570,-0.085267
45.5333,-0.181045,-0.081684,-0.294499,1.043990,0.075113,-0.288535,-0.085136
45.5667,-0.184613,-0.082142,-0.291289,1.045180,0.075108,-0.288496,-0.084993
45.6000,-0.187380,-0.082328,-0.278949,1.044643,0.075109,-0.288461,-0.084863
45.6333,-0.190512,-0.079860,-0.262424,1.043891,0.075115,-0.288426,-0.084729
45.6667,-0.194060,-0.076158,-0.258826,1.044087,0.075123,-0.288383,-0.084570
45.7000,-0.199013,-0.075826,-0.267298,1.048667,0.075123,-0.288348,-0.084440
45.7333,-0.203562,-0.076733,-0.271973,1.051810,0.075114,-0.288311,-0.084301
45.7667,-0.207982,-0.077948,-0.279869,1.055197,0.075107,-0.288274,-0.084164
45.8000,-0.212725,-0.078324,-0.291197,1.058627,0.075098,-0.288241,-0.084042
45.8333,-0.217190,-0.078362,-0.303238,1.061607,0.075085,-0.288209,-0.083920
45.8667,-0.221341,-0.078113,-0.314318,1.064135,0.075071,-0.288179,-0.083809
45.9000,-0.225863,-0.077598,-0.332652,1.068743,0.075058,-0.288151,-0.083706
45.9333,-0.230637,-0.076957,-0.352449,1.072907,0.075040,-0.288127,-0.083615
45.9667,-0.233737,-0.076895,-0.363932,1.075810,0.075019,-0.288101,-0.083519
46.0000,-0.236024,-0.077026,-0.372047,1.078049,0.075006,-0.288083,-0.083452
46.0333,-0.236666,-0.077645,-0.374219,1.079657,0.074997,-0.288070,-0.083402
46.0667,-0.237376,-0.077494,-0.378295,1.081208,0.074994,-0.288066,-0.083387
46.1000,-0.238282,-0.077028,-0.387529,1.083758,0.074990,-0.288063,-0.083377
46.1333,-0.238484,-0.078107,-0.394062,1.085719,0.074983,-0.288063,-0.083376
46.1667,-0.237452,-0.079324,-0.398847,1.086881,0.074978,-0.288066,-0.083390
46.2000,-0.237175,-0.079491,-0.411937,1.089098,0.074978,-0.288080,-0.083440
46.2333,-0.236424,-0.079207,-0.424499,1.091478,0.074971,-0.288093,-0.083491
46.2667,-0.236136,-0.077542,-0.445573,1.094247,0.074965,-0.288111,-0.083556
46.3000,-0.235581,-0.074394,-0.467799,1.096654,0.074954,-0.288131,-0.083633
46.3333,-0.232665,-0.073580,-0.475794,1.096882,0.074943,-0.288155,-0.083722
46.3667,-0.229643,-0.073912,-0.489497,1.097358,0.074944,-0.288188,-0.083844
46.4000,-0.225398,-0.073756,-0.495869,1.095510,0.074943,-0.288226,-0.083988
46.4333,-0.219308,-0.074608,-0.492010,1.092840,0.074947,-0.288270,-0.084150
46.4667,-0.211858,-0.075439,-0.481032,1.088833,0.074959,-0.288321,-0.084342
46.5000,-0.202586,-0.077600,-0.459467,1.083739,0.074976,-0.288379,-0.084558
46.5333,-0.194213,-0.078135,-0.450474,1.079849,0.074999,-0.288444,-0.084801
46.5667,-0.186135,-0.076983,-0.446915,1.074016,0.075012,-0.288512,-0.085053
46.6000,-0.179976,-0.076028,-0.467613,1.073461,0.075018,-0.288581,-0.085313
46.6333,-0.171526,-0.074980,-0.477526,1.070504,0.075008,-0.288654,-0.085585
46.6667,-0.162377,-0.078761,-0.484835,1.069080,0.075003,-0.288738,-0.085899
46.7000,-0.152829,-0.080271,-0.505495,1.065859,0.074997,-0.288827,-0.086229
46.7333,-0.147331,-0.090600,-0.572748,1.070203,0.074980,-0.288930,-0.086613
46.7667,-0.139159,-0.095080,-0.631248,1.069545,0.074939,-0.289034,-0.087004
46.8000,-0.125722,-0.122903,-0.681418,1.070242,0.074898,-0.289154,-0.087453
46.8333,-0.109884,-0.144466,-0.701284,1.068121,0.074853,-0.289314,-0.088049
46.8667,-0.092026,-0.161940,-0.660257,1.063809,0.074812,-0.289471,-0.088636
46.9000,-0.075359,-0.185480,-0.617501,1.055407,0.074788,-0.289600,-0.089116
46.9333,-0.062409,-0.198413,-0.604102,1.048250,0.074759,-0.289715,-0.089547
46.9667,-0.052898,-0.207161,-0.605651,1.042567,0.074719,-0.289820,-0.089939
47.0000,-0.044990,-0.212128,-0.621149,1.036272,0.074680,-0.289906,-0.090260
47.0333,-0.038033,-0.217179,-0.631916,1.030976,0.074637,-0.289989,-0.090570
47.0667,-0.031610,-0.220383,-0.635251,1.027173,0.074600,-0.290060,-0.090833
47.1000,-0.027340,-0.220851,-0.640860,1.028197,0.074567,-0.290120,-0.091056
47.1333,-0.022910,-0.220142,-0.633786,1.025559,0.074543,-0.290162,-0.091214
47.1667,-0.019468,-0.220191,-0.615282,1.026738,0.074524,-0.290196,-0.091340
47.2000,-0.018155,-0.219021,-0.611546,1.028114,0.074516,-0.290212,-0.091400
47.2333,-0.017739,-0.215753,-0.612708,1.029047,0.074510,-0.290220,-0.091432
47.2667,-0.021339,-0.209807,-0.617483,1.025162,0.074508,-0.290225,-0.091449
47.3000,-0.026916,-0.206430,-0.628288,1.017577,0.074524,-0.290197,-0.091344
47.3333,-0.030568,-0.204930,-0.634480,1.017986,0.074547,-0.290156,-0.091191
47.3667,-0.033570,-0.205680,-0.631198,1.018149,0.074562,-0.290128,-0.091088
47.4000,-0.038544,-0.203791,-0.629240,1.015053,0.074579,-0.290099,-0.090979
47.4333,-0.043495,-0.204035,-0.625100,1.012924,0.074604,-0.290053,-0.090808
47.4667,-0.047303,-0.207905,-0.614128,1.010156,0.074629,-0.290006,-0.090631
47.5000,-0.051036,-0.210087,-0.584097,1.010063,0.074651,-0.289963,-0.090472
47.5333,-0.057699,-0.210866,-0.571511,1.008909,0.074684,-0.289906,-0.090258
47.5667,-0.061062,-0.211111,-0.540743,1.009751,0.074718,-0.289836,-0.089998
47.6000,-0.064245,-0.210445,-0.508655,1.014318,0.074748,-0.289781,-0.089792
47.6333,-0.065410,-0.209176,-0.462635,1.016830,0.074778,-0.289726,-0.089587
47.6667,-0.066840,-0.207986,-0.424586,1.019030,0.074809,-0.289678,-0.089404
47.7000,-0.066887,-0.207438,-0.379377,1.014222,0.074836,-0.289633,-0.089236
47.7333,-0.067013,-0.215159,-0.342890,1.005696,0.074862,-0.289594,-0.089090
47.7667,-0.066916,-0.220658,-0.308329,0.993647,0.074884,-0.289561,-0.088968
47.8000,-0.063255,-0.228185,-0.248753,0.978262,0.074903,-0.289532,-0.088859
47.8333,-0.060905,-0.231254,-0.211204,0.961352,0.074925,-0.289513,-0.088786
47.8667,-0.058430,-0.231357,-0.170336,0.949013,0.074938,-0.289501,-0.088741
47.9000,-0.057462,-0.230772,-0.148329,0.943181,0.074952,-0.289487,-0.088689
47.9333,-0.056296,-0.225630,-0.122248,0.935435,0.074961,-0.289477,-0.088649
47.9667,-0.056376,-0.218979,-0.114395,0.932006,0.074972,-0.289464,-0.088602
48.0000,-0.058514,-0.211071,-0.127961,0.934102,0.074977,-0.289457,-0.088574
48.0333,-0.059412,-0.207485,-0.136503,0.934906,0.074978,-0.289449,-0.088547
48.0667,-0.059434,-0.205746,-0.140075,0.935059,0.074976,-0.289449,-0.088545
48.1000,-0.059177,-0.205128,-0.146377,0.936799,0.074974,-0.289452,-0.088556
48.1333,-0.058859,-0.204299,-0.150968,0.938717,0.074970,-0.289460,-0.088586
48.1667,-0.058358,-0.203784,-0.153632,0.938083,0.074966,-0.289466,-0.088611
48.2000,-0.057738,-0.203287,-0.155781,0.937300,0.074962,-0.289473,-0.088637
48.2333,-0.057238,-0.203141,-0.159799,0.937244,0.074958,-0.289481,-0.088665
48.2667,-0.056772,-0.202356,-0.163739,0.937264,0.074954,-0.289489,-0.088694
48.3000,-0.056280,-0.201653,-0.166346,0.936604,0.074950,-0.289496,-0.088723
48.3333,-0.056020,-0.200263,-0.170421,0.936397,0.074946,-0.289503,-0.088748
48.3667,-0.056258,-0.197462,-0.175998,0.936654,0.074943,-0.289509,-0.088770
48.4000,-0.056301,-0.195576,-0.180595,0.936847,0.074940,-0.289512,-0.088780
48.4333,-0.056147,-0.194566,-0.182341,0.936550,0.074938,-0.289515,-0.088794
48.4667,-0.055986,-0.193766,-0.183411,0.936107,0.074936,-0.289518,-0.088805
48.5000,-0.056528,-0.191922,-0.189103,0.936774,0.074935,-0.289521,-0.088814
48.5333,-0.056963,-0.191234,-0.194083,0.937607,0.074934,-0.289521,-0.088814
48.5667,-0.057288,-0.190807,-0.196989,0.938100,0.074932,-0.289521,-0.088816
48.6000,-0.057770,-0.190318,-0.198772,0.938812,0.074932,-0.289521,-0.088815
48.6333,-0.058185,-0.190002,-0.199497,0.939575,0.074933,-0.289518,-0.088805
48.6667,-0.058365,-0.190499,-0.196857,0.939186,0.074934,-0.289515,-0.088793
48.7000,-0.058627,-0.191317,-0.192712,0.938407,0.074936,-0.289511,-0.088779
48.7333,-0.059397,-0.191452,-0.191815,0.938210,0.074940,-0.289505,-0.088756
48.7667,-0.060329,-0.191483,-0.191402,0.937911,0.074943,-0.289497,-0.088728
48.8000,-0.061186,-0.191727,-0.190942,0.937144,0.074947,-0.289489,-0.088695
48.8333,-0.061990,-0.192471,-0.188484,0.936110,0.074951,-0.289481,-0.088665
48.8667,-0.062850,-0.193377,-0.184285,0.935015,0.074956,-0.289471,-0.088630
48.9000,-0.063814,-0.194452,-0.179450,0.933849,0.074961,-0.289460,-0.088588
48.9333,-0.064785,-0.195705,-0.175025,0.932666,0.074968,-0.289447,-0.088540
48.9667,-0.065710,-0.196968,-0.169710,0.930781,0.074974,-0.289435,-0.088493
49.0000,-0.066279,-0.198725,-0.161978,0.928321,0.074981,-0.289422,-0.088445
49.0333,-0.066627,-0.200957,-0.155601,0.925560,0.074988,-0.289410,-0.088400
49.0667,-0.066410,-0.202663,-0.145811,0.920966,0.074993,-0.289401,-0.088368
49.1000,-0.066069,-0.203594,-0.132323,0.917776,0.074998,-0.289394,-0.088343
49.1333,-0.066939,-0.204657,-0.130901,0.916691,0.075004,-0.289386,-0.088310
49.1667,-0.068343,-0.204878,-0.134897,0.914740,0.075008,-0.289377,-0.088276
49.2000,-0.072413,-0.198656,-0.164866,0.913149,0.075011,-0.289368,-0.088242
49.2333,-0.076926,-0.191872,-0.201391,0.916209,0.075008,-0.289358,-0.088205
49.2667,-0.081068,-0.185181,-0.239573,0.914762,0.075002,-0.289349,-0.088175
49.3000,-0.086612,-0.174067,-0.292760,0.908475,0.074993,-0.289346,-0.088162
49.3333,-0.089657,-0.168025,-0.322682,0.906800,0.074979,-0.289342,-0.088151
49.3667,-0.092886,-0.159193,-0.363766,0.901145,0.074970,-0.289341,-0.088146
49.4000,-0.096809,-0.145700,-0.422107,0.897923,0.074956,-0.289348,-0.088171
49.4333,-0.100492,-0.133597,-0.479222,0.898107,0.074933,-0.289362,-0.088227
49.4667,-0.102122,-0.136903,-0.533186,0.898572,0.074910,-0.289378,-0.088285
49.5000,-0.102705,-0.134657,-0.564417,0.893206,0.074884,-0.289408,-0.088398
49.5333,-0.101236,-0.135004,-0.580137,0.893542,0.074868,-0.289428,-0.088474
49.5667,-0.098849,-0.134061,-0.588780,0.894941,0.074856,-0.289454,-0.088570
49.6000,-0.095573,-0.133377,-0.592089,0.896879,0.074845,-0.289482,-0.088676
49.6333,-0.092704,-0.130352,-0.598668,0.902740,0.074834,-0.289514,-0.088796
49.6667,-0.089196,-0.129889,-0.600754,0.906512,0.074823,-0.289545,-0.088911
49.7000,-0.085251,-0.130442,-0.599839,0.911064,0.074812,-0.289578,-0.089035
49.7333,-0.082632,-0.130151,-0.601029,0.917561,0.074800,-0.289613,-0.089164
49.7667,-0.080961,-0.128707,-0.606236,0.925026,0.074791,-0.289637,-0.089255
49.8000,-0.079443,-0.127816,-0.606594,0.939384,0.074783,-0.289656,-0.089326
49.8333,-0.078995,-0.128037,-0.608639,0.945624,0.074778,-0.289670,-0.089378
49.8667,-0.078227,-0.128078,-0.585013,0.954872,0.074776,-0.289676,-0.089399
49.9000,-0.078235,-0.126757,-0.565876,0.959595,0.074786,-0.289664,-0.089354
49.9333,-0.078929,-0.124321,-0.534504,0.976627,0.074796,-0.289648,-0.089296
49.9667,-0.081905,-0.122652,-0.518004,0.986542,0.074816,-0.289616,-0.089177
50.0000,-0.086061,-0.118736,-0.503679,0.994052,0.074835,-0.289576,-0.089027
50.0333,-0.092205,-0.110848,-0.487889,1.008836,0.074856,-0.289527,-0.088843
50.0667,-0.097882,-0.104806,-0.464608,1.012414,0.074882,-0.289459,-0.088589
50.1000,-0.102158,-0.097577,-0.417551,1.008196,0.074911,-0.289389,-0.088326
50.1333,-0.113068,-0.095200,-0.412477,1.022906,0.074949,-0.289311,-0.088034
50.1667,-0.121221,-0.094795,-0.399251,1.027613,0.074977,-0.289208,-0.087653
50.2000,-0.130057,-0.094685,-0.400514,1.028932,0.075000,-0.289124,-0.087337
50.2333,-0.138794,-0.091789,-0.401282,1.031304,0.075014,-0.289046,-0.087045
50.2667,-0.147652,-0.089517,-0.403396,1.036179,0.075026,-0.288968,-0.086755
50.3000,-0.156824,-0.084392,-0.408901,1.039888,0.075034,-0.288890,-0.086465
50.3333,-0.164678,-0.085266,-0.413890,1.045468,0.075038,-0.288813,-0.086175
50.3667,-0.173722,-0.083044,-0.409523,1.056681,0.075038,-0.288746,-0.085927
50.4000,-0.181928,-0.079895,-0.417413,1.058085,0.075042,-0.288661,-0.085610
50.4333,-0.188736,-0.077788,-0.417843,1.060413,0.075037,-0.288594,-0.085360
50.4667,-0.194176,-0.074384,-0.397804,1.064657,0.075034,-0.288533,-0.085133
50.5000,-0.196926,-0.073209,-0.363280,1.063433,0.075042,-0.288467,-0.084887
50.5333,-0.202943,-0.070875,-0.355041,1.066902,0.075060,-0.288413,-0.084683
50.5667,-0.210153,-0.069023,-0.372175,1.071871,0.075059,-0.288352,-0.084455
50.6000,-0.214463,-0.069221,-0.373419,1.073261,0.075041,-0.288302,-0.084269
50.6333,-0.218963,-0.068071,-0.374614,1.075495,0.075034,-0.288264,-0.084128
50.6667,-0.225980,-0.065712,-0.389906,1.082487,0.075027,-0.288225,-0.083981
50.7000,-0.231493,-0.065305,-0.401972,1.086990,0.075006,-0.288175,-0.083795
50.7333,-0.235891,-0.065746,-0.410921,1.091324,0.074989,-0.288136,-0.083649
50.7667,-0.239313,-0.067148,-0.415700,1.094129,0.074974,-0.288104,-0.083531
50.8000,-0.242430,-0.067989,-0.418653,1.095994,0.074964,-0.288077,-0.083432
50.8333,-0.245385,-0.068688,-0.423787,1.098085,0.074955,-0.288052,-0.083337
50.8667,-0.247587,-0.069802,-0.426414,1.099915,0.074945,-0.288030,-0.083254
50.9000,-0.249052,-0.071310,-0.425872,1.101083,0.074938,-0.288012,-0.083189
50.9333,-0.249708,-0.073499,-0.420667,1.101571,0.074934,-0.287999,-0.083138
50.9667,-0.250247,-0.075974,-0.414492,1.101396,0.074936,-0.287988,-0.083100
51.0000,-0.251194,-0.077164,-0.412202,1.102097,0.074938,-0.287978,-0.083062
51.0333,-0.252407,-0.077483,-0.411067,1.103370,0.074937,-0.287968,-0.083023
51.0667,-0.253691,-0.077313,-0.412642,1.104953,0.074934,-0.287956,-0.082979
51.1000,-0.254218,-0.077334,-0.413200,1.106127,0.074930,-0.287946,-0.082941
51.1333,-0.253951,-0.076873,-0.408910,1.106213,0.074928,-0.287942,-0.082925
51.1667,-0.253226,-0.076235,-0.404615,1.105996,0.074931,-0.287940,-0.082920
51.2000,-0.252044,-0.075728,-0.400735,1.105189,0.074935,-0.287943,-0.082931
51.2333,-0.250989,-0.075114,-0.399707,1.104636,0.074941,-0.287951,-0.082958
51.2667,-0.249835,-0.073945,-0.401553,1.104324,0.074944,-0.287959,-0.082990
51.3000,-0.248030,-0.072415,-0.401351,1.103275,0.074946,-0.287971,-0.083034
51.3333,-0.245389,-0.071867,-0.397970,1.102203,0.074951,-0.287987,-0.083094
51.3667,-0.242182,-0.071188,-0.393117,1.100426,0.074960,-0.288008,-0.083172
51.4000,-0.239464,-0.070431,-0.389478,1.099161,0.074970,-0.288032,-0.083263
51.4333,-0.236680,-0.069765,-0.386696,1.097994,0.074979,-0.288054,-0.083343
51.4667,-0.234123,-0.068779,-0.384952,1.096837,0.074987,-0.288076,-0.083427
51.5000,-0.231591,-0.068241,-0.384335,1.095720,0.074993,-0.288098,-0.083507
51.5333,-0.229077,-0.067664,-0.383930,1.094401,0.074999,-0.288120,-0.083590
51.5667,-0.227138,-0.066595,-0.385794,1.093418,0.075004,-0.288142,-0.083673
51.6000,-0.226737,-0.064331,-0.395885,1.094512,0.075007,-0.288161,-0.083743
51.6333,-0.227215,-0.060008,-0.414552,1.095928,0.075001,-0.288173,-0.083789
51.6667,-0.227558,-0.056520,-0.430344,1.096518,0.074990,-0.288185,-0.083833
51.7000,-0.227344,-0.053301,-0.442778,1.096694,0.074980,-0.288195,-0.083872
51.7333,-0.226045,-0.051230,-0.444162,1.095288,0.074973,-0.288208,-0.083918
51.7667,-0.224368,-0.050232,-0.441914,1.093493,0.074975,-0.288221,-0.083966
51.8000,-0.222608,-0.049192,-0.438011,1.091612,0.074979,-0.288234,-0.084015
51.8333,-0.221659,-0.049071,-0.437172,1.090179,0.074985,-0.288246,-0.084062
51.8667,-0.220877,-0.048959,-0.435760,1.088341,0.074987,-0.288254,-0.084091
51.9000,-0.219977,-0.049304,-0.434324,1.085946,0.074989,-0.288260,-0.084113
51.9333,-0.219700,-0.050038,-0.438991,1.084755,0.074991,-0.288267,-0.084138
51.9667,-0.219991,-0.050787,-0.443273,1.083772,0.074989,-0.288273,-0.084162
52.0000,-0.220226,-0.051412,-0.444062,1.082354,0.074986,-0.288274,-0.084166
52.0333,-0.220920,-0.052341,-0.441369,1.080807,0.074985,-0.288273,-0.084161
52.0667,-0.222783,-0.052362,-0.442355,1.080473,0.074985,-0.288264,-0.084129
52.1000,-0.224977,-0.052295,-0.443458,1.079750,0.074982,-0.288248,-0.084070
52.1333,-0.227453,-0.052316,-0.444108,1.079435,0.074977,-0.288230,-0.084000
52.1667,-0.230137,-0.052504,-0.446104,1.079204,0.074972,-0.288208,-0.083919
52.2000,-0.232797,-0.053014,-0.445081,1.078562,0.074966,-0.288186,-0.083835
52.2333,-0.235360,-0.053329,-0.444224,1.077486,0.074961,-0.288161,-0.083743
52.2667,-0.237879,-0.053846,-0.443082,1.076262,0.074956,-0.288137,-0.083655
52.3000,-0.240453,-0.054250,-0.442446,1.075431,0.074952,-0.288114,-0.083567
52.3333,-0.242861,-0.054354,-0.441643,1.074585,0.074946,-0.288090,-0.083478
52.3667,-0.245067,-0.054729,-0.440278,1.073944,0.074941,-0.288068,-0.083395
52.4000,-0.247686,-0.054521,-0.441050,1.073447,0.074936,-0.288047,-0.083317
52.4333,-0.250790,-0.053108,-0.445547,1.073480,0.074929,-0.288024,-0.083232
52.4667,-0.254256,-0.050514,-0.453791,1.073694,0.074919,-0.288000,-0.083142
52.5000,-0.258058,-0.047711,-0.465699,1.074834,0.074904,-0.287976,-0.083053
52.5333,-0.260618,-0.046876,-0.469310,1.074920,0.074887,-0.287952,-0.082963
52.5667,-0.263415,-0.045835,-0.475252,1.075504,0.074877,-0.287932,-0.082889
52.6000,-0.265859,-0.045259,-0.478570,1.075838,0.074865,-0.287912,-0.082814
52.6333,-0.267858,-0.045118,-0.478745,1.075641,0.074856,-0.287893,-0.082743
52.6667,-0.270134,-0.044643,-0.480070,1.075876,0.074849,-0.287875,-0.082677
52.7000,-0.272521,-0.044020,-0.482350,1.076314,0.074841,-0.287856,-0.082605
52.7333,-0.274702,-0.043598,-0.483964,1.077135,0.074831,-0.287836,-0.082532
52.7667,-0.276887,-0.042904,-0.485886,1.077661,0.074823,-0.287818,-0.082465
52.8000,-0.278529,-0.042579,-0.485885,1.077679,0.074814,-0.287800,-0.082398
52.8333,-0.279817,-0.042458,-0.485497,1.077447,0.074808,-0.287785,-0.082343
52.8667,-0.280929,-0.042331,-0.485148,1.077313,0.074804,-0.287774,-0.082299
52.9000,-0.281768,-0.042166,-0.484561,1.077101,0.074800,-0.287763,-0.082261
52.9333,-0.282301,-0.041840,-0.483848,1.076859,0.074797,-0.287755,-0.082231
52.9667,-0.281949,-0.042513,-0.479485,1.076191,0.074795,-0.287750,-0.082211
53.0000,-0.280960,-0.043363,-0.473073,1.075291,0.074799,-0.287750,-0.082209
53.0333,-0.279499,-0.044164,-0.465604,1.074169,0.074807,-0.287753,-0.082222
53.0667,-0.276993,-0.046059,-0.453577,1.072443,0.074816,-0.287760,-0.082247
53.1000,-0.274453,-0.046655,-0.445426,1.070758,0.074832,-0.287772,-0.082293
53.1333,-0.271337,-0.047544,-0.436576,1.068134,0.074846,-0.287788,-0.082352
53.1667,-0.268283,-0.047196,-0.432940,1.066313,0.074861,-0.287808,-0.082428
53.2000,-0.264725,-0.046486,-0.430530,1.064322,0.074874,-0.287833,-0.082518
53.2333,-0.260147,-0.046242,-0.427260,1.060801,0.074887,-0.287862,-0.082629
53.2667,-0.254511,-0.046413,-0.422487,1.058079,0.074903,-0.287901,-0.082772
53.3000,-0.247626,-0.046185,-0.415801,1.054163,0.074922,-0.287947,-0.082945
53.3333,-0.239461,-0.048124,-0.401177,1.051451,0.074944,-0.288003,-0.083154
53.3667,-0.229640,-0.051308,-0.380485,1.047550,0.074972,-0.288064,-0.083380
53.4000,-0.220615,-0.052367,-0.366047,1.043900,0.075005,-0.288134,-0.083643
53.4333,-0.210429,-0.052336,-0.344344,1.038971,0.075029,-0.288203,-0.083898
53.4667,-0.201829,-0.051796,-0.340738,1.036140,0.075057,-0.288275,-0.084170
53.5000,-0.191118,-0.054254,-0.329451,1.031146,0.075069,-0.288350,-0.084446
53.5333,-0.181423,-0.052874,-0.326515,1.028372,0.075084,-0.288436,-0.084769
53.5667,-0.171797,-0.049215,-0.330010,1.024278,0.075090,-0.288521,-0.085084
53.6000,-0.161133,-0.047419,-0.329928,1.023302,0.075088,-0.288610,-0.085419
53.6333,-0.145522,-0.050288,-0.318454,1.016268,0.075086,-0.288706,-0.085776
53.6667,-0.133444,-0.049660,-0.312980,1.011613,0.075082,-0.288836,-0.086262
53.7000,-0.121893,-0.049383,-0.307109,1.005500,0.075070,-0.288940,-0.086649
53.7333,-0.108750,-0.050005,-0.289377,1.003945,0.075055,-0.289039,-0.087017
53.7667,-0.094143,-0.052060,-0.276873,0.995338,0.075039,-0.289141,-0.087399
53.8000,-0.081911,-0.053589,-0.272042,0.986445,0.075010,-0.289261,-0.087847
53.8333,-0.066465,-0.062854,-0.230899,0.969363,0.074976,-0.289366,-0.088240
53.8667,-0.055431,-0.066360,-0.215778,0.955821,0.074947,-0.289469,-0.088621
53.9000,-0.044462,-0.081377,-0.202709,0.937591,0.074913,-0.289554,-0.088939
53.9333,-0.033816,-0.099021,-0.185039,0.907445,0.074874,-0.289640,-0.089261
53.9667,-0.027595,-0.103442,-0.175528,0.894081,0.074835,-0.289720,-0.089556
54.0000,-0.023799,-0.108169,-0.181768,0.851506,0.074810,-0.289767,-0.089732
54.0333,-0.022209,-0.112853,-0.170863,0.823365,0.074787,-0.289806,-0.089878
54.0667,-0.021420,-0.122493,-0.153456,0.803296,0.074785,-0.289810,-0.089895
54.1000,-0.016874,-0.141111,-0.120388,0.762707,0.074791,-0.289802,-0.089864
54.1333,-0.016675,-0.159932,-0.107353,0.731032,0.074786,-0.289813,-0.089906
54.1667,-0.025503,-0.163814,-0.081832,0.703484,0.074793,-0.289804,-0.089870
54.2000,-0.032183,-0.171375,-0.019422,0.665192,0.074855,-0.289703,-0.089493
54.2333,-0.040206,-0.201351,0.035053,0.672291,0.074925,-0.289589,-0.089068
54.2667,-0.054147,-0.206359,0.071407,0.644982,0.074995,-0.289471,-0.088625
54.3000,-0.078642,-0.187141,0.026767,0.580066,0.075077,-0.289316,-0.088045
54.3333,-0.106924,-0.175839,-0.050933,0.460334,0.075142,-0.289135,-0.087371
54.3667,-0.133129,-0.170334,-0.095868,0.452424,0.075176,-0.288949,-0.086678
54.4000,-0.155315,-0.169865,-0.138396,0.417503,0.075198,-0.288753,-0.085947
54.4333,-0.166324,-0.150987,-0.193636,0.275954,0.075196,-0.288591,-0.085343
54.4667,-0.178041,-0.144426,-0.222571,0.201541,0.075168,-0.288540,-0.085156
54.5000,-0.187992,-0.151381,-0.231885,0.178410,0.075151,-0.288460,-0.084858
54.5333,-0.197882,-0.147150,-0.249496,0.127318,0.075143,-0.288379,-0.084555
54.5667,-0.207167,-0.151039,-0.255726,0.123749,0.075126,-0.288306,-0.084281
54.6000,-0.219842,-0.154355,-0.271899,0.131758,0.075113,-0.288228,-0.083990
54.6333,-0.230414,-0.157707,-0.277025,0.135837,0.075086,-0.288128,-0.083618
54.6667,-0.238688,-0.159367,-0.278482,0.132201,0.075064,-0.288038,-0.083281
54.7000,-0.245740,-0.159889,-0.280591,0.128156,0.075046,-0.287965,-0.083009
54.7333,-0.252115,-0.159281,-0.282634,0.121518,0.075028,-0.287903,-0.082780
54.7667,-0.257742,-0.160405,-0.283869,0.124038,0.075010,-0.287848,-0.082573
54.8000,-0.262735,-0.161283,-0.285583,0.125318,0.074993,-0.287799,-0.082389
54.8333,-0.267091,-0.161279,-0.287313,0.123651,0.074977,-0.287755,-0.082228
54.8667,-0.270579,-0.161986,-0.286166,0.117771,0.074962,-0.287718,-0.082088
54.9000,-0.272725,-0.163339,-0.277826,0.098260,0.074951,-0.287686,-0.081968
54.9333,-0.274459,-0.164469,-0.272477,0.078288,0.074949,-0.287659,-0.081869
54.9667,-0.275482,-0.165223,-0.267346,0.072077,0.074946,-0.287639,-0.081793
55.0000,-0.276184,-0.165347,-0.267601,0.069109,0.074946,-0.287625,-0.081743
55.0333,-0.277140,-0.163511,-0.274192,0.059843,0.074943,-0.287619,-0.081720
55.0667,-0.276707,-0.162669,-0.278401,0.048710,0.074936,-0.287617,-0.081710
55.1000,-0.275265,-0.163895,-0.277689,0.042444,0.074935,-0.287624,-0.081738
55.1333,-0.271682,-0.169472,-0.271713,0.045340,0.074940,-0.287636,-0.081784
55.1667,-0.266754,-0.178421,-0.264598,0.045976,0.074956,-0.287663,-0.081884
55.2000,-0.262667,-0.175252,-0.262721,0.045918,0.074977,-0.287701,-0.082025
55.2333,-0.260554,-0.170304,-0.267752,0.047916,0.074991,-0.287736,-0.082155
55.2667,-0.257884,-0.164440,-0.272331,0.050443,0.074994,-0.287759,-0.082242
55.3000,-0.255442,-0.158653,-0.279808,0.050963,0.074999,-0.287787,-0.082346
55.3333,-0.252326,-0.161253,-0.279869,0.053086,0.075002,-0.287816,-0.082453
55.3667,-0.248750,-0.162267,-0.281078,0.057985,0.075011,-0.287844,-0.082557
55.4000,-0.245221,-0.159640,-0.281920,0.061206,0.075020,-0.287877,-0.082680
55.4333,-0.241846,-0.156946,-0.281518,0.066898,0.075028,-0.287909,-0.082801
55.4667,-0.238320,-0.156435,-0.278067,0.079731,0.075036,-0.287939,-0.082913
55.5000,-0.235096,-0.159315,-0.274100,0.098031,0.075047,-0.287968,-0.083020
55.5333,-0.229981,-0.170328,-0.255364,0.112281,0.075056,-0.287993,-0.083115
55.5667,-0.229494,-0.170794,-0.255108,0.118146,0.075077,-0.288023,-0.083224
55.6000,-0.230202,-0.169178,-0.253343,0.119924,0.075079,-0.288027,-0.083240
55.6333,-0.231492,-0.169328,-0.249489,0.123114,0.075078,-0.288019,-0.083210
55.6667,-0.233083,-0.170118,-0.244884,0.126010,0.075078,-0.288004,-0.083155
55.7000,-0.235552,-0.172859,-0.234148,0.131838,0.075077,-0.287986,-0.083086
55.7333,-0.238545,-0.175769,-0.204760,0.162639,0.075079,-0.287954,-0.082968
55.7667,-0.244033,-0.181675,-0.186898,0.197426,0.075089,-0.287901,-0.082772
55.8000,-0.249374,-0.186249,-0.165697,0.217889,0.075087,-0.287837,-0.082529
55.8333,-0.253450,-0.188430,-0.140417,0.224584,0.075086,-0.287770,-0.082281
55.8667,-0.261169,-0.189537,-0.121890,0.254859,0.075090,-0.287711,-0.082061
55.9000,-0.268052,-0.194941,-0.117351,0.288254,0.075079,-0.287626,-0.081743
55.9333,-0.271871,-0.194444,-0.118359,0.292923,0.075060,-0.287561,-0.081498
55.9667,-0.275579,-0.194429,-0.115988,0.294003,0.075046,-0.287527,-0.081374
56.0000,-0.278551,-0.193849,-0.110975,0.295938,0.075035,-0.287492,-0.081242
56.0333,-0.281481,-0.191917,-0.107564,0.295550,0.075027,-0.287461,-0.081126
56.0667,-0.283425,-0.188018,-0.105129,0.291522,0.075018,-0.287432,-0.081018
56.1000,-0.284385,-0.186077,-0.104683,0.284995,0.075013,-0.287412,-0.080945
56.1333,-0.285472,-0.185444,-0.104744,0.281715,0.075009,-0.287403,-0.080911
56.1667,-0.286014,-0.184061,-0.106588,0.276562,0.075005,-0.287394,-0.080875
56.2000,-0.285041,-0.181765,-0.107901,0.268429,0.075002,-0.287391,-0.080863
56.2333,-0.283376,-0.179733,-0.105067,0.264039,0.075005,-0.287400,-0.080900
56.2667,-0.281557,-0.179802,-0.103859,0.270601,0.075013,-0.287413,-0.080946
56.3000,-0.279862,-0.180488,-0.104482,0.281524,0.075020,-0.287428,-0.081003
56.3333,-0.276863,-0.181351,-0.103845,0.291336,0.075026,-0.287444,-0.081061
56.3667,-0.275221,-0.182714,-0.113903,0.316217,0.075038,-0.287470,-0.081159
56.4000,-0.273105,-0.185808,-0.111501,0.345444,0.075037,-0.287493,-0.081247
56.4333,-0.269792,-0.187977,-0.117756,0.361607,0.075046,-0.287510,-0.081310
56.4667,-0.267237,-0.185995,-0.132007,0.388307,0.075054,-0.287545,-0.081441
56.5000,-0.267222,-0.192416,-0.134458,0.443001,0.075054,-0.287581,-0.081573
56.5333,-0.267097,-0.189764,-0.147410,0.503374,0.075052,-0.287583,-0.081582
56.5667,-0.262208,-0.168976,-0.191950,0.554360,0.075045,-0.287595,-0.081628
56.6000,-0.257536,-0.146731,-0.238676,0.582796,0.075034,-0.287678,-0.081938
56.6333,-0.245304,-0.138475,-0.246947,0.633135,0.075020,-0.287761,-0.082248
56.6667,-0.227742,-0.129556,-0.212935,0.680526,0.075048,-0.287878,-0.082684
56.7000,-0.206193,-0.126426,-0.159473,0.709782,0.075107,-0.288006,-0.083160
56.7333,-0.187272,-0.126057,-0.150984,0.717285,0.075171,-0.288152,-0.083706
56.7667,-0.168354,-0.121857,-0.157729,0.712279,0.075191,-0.288315,-0.084313
56.8000,-0.147764,-0.118946,-0.158152,0.712662,0.075190,-0.288491,-0.084970
56.8333,-0.120601,-0.129542,-0.106829,0.738310,0.075178,-0.288676,-0.085661
56.8667,-0.093345,-0.135633,-0.055565,0.746982,0.075171,-0.288875,-0.086403
56.9000,-0.068948,-0.137843,-0.036001,0.749809,0.075139,-0.289075,-0.087147
56.9333,-0.044662,-0.137219,-0.021029,0.738060,0.075072,-0.289276,-0.087898
56.9667,-0.022018,-0.135581,-0.019547,0.734262,0.074982,-0.289480,-0.088658
57.0000,-0.000195,-0.136760,-0.030896,0.745598,0.074873,-0.289680,-0.089406
57.0333,0.021420,-0.132324,-0.030686,0.747613,0.074744,-0.289883,-0.090165
57.0667,0.041964,-0.129029,-0.037136,0.750301,0.074606,-0.290074,-0.090877
57.1000,0.057844,-0.125829,-0.081634,0.766213,0.074457,-0.290260,-0.091572
57.1333,0.075287,-0.127916,-0.101236,0.779247,0.074309,-0.290438,-0.092237
57.1667,0.094806,-0.136716,-0.086028,0.778603,0.074153,-0.290608,-0.092870
57.2000,0.111226,-0.137990,-0.082045,0.783609,0.073988,-0.290764,-0.093453
57.2333,0.123510,-0.138401,-0.092658,0.804127,0.073835,-0.290902,-0.093969
57.2667,0.137196,-0.141133,-0.074543,0.813121,0.073706,-0.291017,-0.094399
57.3000,0.151543,-0.147614,-0.033227,0.810922,0.073575,-0.291119,-0.094777
57.3333,0.157697,-0.154595,-0.038761,0.807039,0.073443,-0.291205,-0.095099
57.3667,0.157822,-0.152287,-0.071427,0.815506,0.073371,-0.291263,-0.095313
57.4000,0.156236,-0.156195,-0.106388,0.858104,0.073351,-0.291292,-0.095424
57.4333,0.151595,-0.150632,-0.110026,0.876420,0.073348,-0.291309,-0.095488
57.4667,0.142071,-0.152656,-0.133453,0.887584,0.073397,-0.291273,-0.095352
57.5000,0.133233,-0.153426,-0.146598,0.890611,0.073488,-0.291212,-0.095126
57.5333,0.122279,-0.150949,-0.179674,0.895240,0.073574,-0.291148,-0.094887
57.5667,0.112326,-0.149832,-0.187888,0.896977,0.073667,-0.291083,-0.094645
57.6000,0.101693,-0.148333,-0.189276,0.893860,0.073762,-0.291005,-0.094352
57.6333,0.089614,-0.146998,-0.211047,0.895433,0.073863,-0.290914,-0.094014
57.6667,0.077000,-0.144708,-0.215490,0.901206,0.073962,-0.290828,-0.093695
57.7000,0.064124,-0.142713,-0.217710,0.901840,0.074071,-0.290723,-0.093301
57.7333,0.049162,-0.138015,-0.230060,0.904446,0.074177,-0.290612,-0.092889
57.7667,0.034534,-0.125380,-0.250135,0.912488,0.074289,-0.290492,-0.092441
57.8000,0.023531,-0.120453,-0.243138,0.911116,0.074385,-0.290381,-0.092028
57.8333,0.011586,-0.117179,-0.235142,0.908209,0.074466,-0.290278,-0.091643
57.8667,0.000397,-0.110086,-0.222340,0.909371,0.074550,-0.290166,-0.091224
57.9000,-0.008419,-0.106496,-0.189049,0.911077,0.074627,-0.290056,-0.090812
57.9333,-0.022065,-0.104561,-0.183969,0.919826,0.074698,-0.289949,-0.090412
57.9667,-0.034024,-0.104554,-0.178002,0.919924,0.074776,-0.289823,-0.089943
58.0000,-0.047747,-0.102809,-0.165858,0.925714,0.074840,-0.289712,-0.089526
58.0333,-0.059209,-0.100631,-0.153107,0.934019,0.074910,-0.289579,-0.089030
58.0667,-0.070598,-0.099381,-0.138048,0.936089,0.074966,-0.289465,-0.088607
58.1000,-0.081289,-0.096493,-0.120242,0.939911,0.075018,-0.289350,-0.088177
58.1333,-0.092348,-0.095497,-0.121624,0.937817,0.075064,-0.289239,-0.087762
58.1667,-0.103092,-0.095567,-0.117552,0.940927,0.075097,-0.289141,-0.087397
58.2000,-0.111678,-0.097731,-0.113779,0.944121,0.075128,-0.289041,-0.087024
58.2333,-0.120158,-0.098344,-0.115948,0.950838,0.075150,-0.288961,-0.086725
58.2667,-0.128583,-0.096945,-0.117416,0.955258,0.075165,-0.288887,-0.086448
58.3000,-0.134984,-0.097704,-0.114937,0.954867,0.075179,-0.288813,-0.086171
58.3333,-0.141006,-0.097226,-0.113342,0.956880,0.075190,-0.288753,-0.085948
58.3667,-0.145791,-0.097720,-0.108410,0.956700,0.075198,-0.288697,-0.085741
58.4000,-0.152467,-0.096440,-0.113079,0.963785,0.075206,-0.288650,-0.085564
58.4333,-0.157859,-0.095856,-0.118075,0.969093,0.075209,-0.288594,-0.085356
58.4667,-0.162526,-0.094761,-0.123964,0.971991,0.075209,-0.288550,-0.085191
58.5000,-0.166359,-0.093374,-0.129278,0.973533,0.075208,-0.288513,-0.085054
58.5333,-0.169141,-0.092812,-0.130861,0.975153,0.075206,-0.288484,-0.084943
58.5667,-0.172170,-0.091548,-0.136325,0.978371,0.075206,-0.288460,-0.084855
58.6000,-0.174247,-0.091288,-0.138243,0.979988,0.075203,-0.288438,-0.084771
58.6333,-0.176604,-0.089708,-0.145234,0.985673,0.075202,-0.288421,-0.084708
58.6667,-0.177035,-0.091049,-0.149900,0.987249,0.075197,-0.288406,-0.084652
58.7000,-0.176700,-0.092064,-0.148463,0.987071,0.075195,-0.288406,-0.084653
58.7333,-0.177239,-0.091909,-0.152228,0.988012,0.075196,-0.288407,-0.084659
58.7667,-0.177823,-0.091456,-0.158481,0.989263,0.075193,-0.288406,-0.084654
58.8000,-0.178649,-0.090773,-0.165260,0.991910,0.075189,-0.288406,-0.084655
58.8333,-0.179322,-0.090090,-0.172235,0.995007,0.075185,-0.288405,-0.084649
58.8667,-0.179888,-0.089409,-0.179250,0.997273,0.075181,-0.288405,-0.084649
58.9000,-0.180612,-0.089631,-0.189885,1.001003,0.075177,-0.288406,-0.084654
58.9333,-0.181327,-0.089362,-0.199324,1.003261,0.075170,-0.288409,-0.084664
58.9667,-0.182097,-0.089455,-0.207408,1.005272,0.075165,-0.288411,-0.084671
59.0000,-0.182537,-0.090959,-0.210421,1.007178,0.075160,-0.288411,-0.084672
59.0333,-0.182192,-0.092270,-0.209877,1.007559,0.075158,-0.288409,-0.084667
59.0667,-0.182028,-0.093669,-0.206343,1.006951,0.075158,-0.288412,-0.084677
59.1000,-0.182624,-0.093625,-0.206587,1.007611,0.075160,-0.288410,-0.084671
59.1333,-0.183293,-0.093859,-0.206025,1.007844,0.075160,-0.288405,-0.084652
59.1667,-0.183958,-0.094476,-0.204858,1.007859,0.075160,-0.288399,-0.084627
59.2000,-0.184958,-0.094756,-0.203434,1.008060,0.075160,-0.288392,-0.084601
59.2333,-0.185880,-0.095382,-0.200101,1.008050,0.075161,-0.288381,-0.084563
59.2667,-0.187464,-0.095530,-0.200006,1.009271,0.075163,-0.288370,-0.084521
59.3000,-0.190085,-0.095083,-0.205553,1.012757,0.075162,-0.288356,-0.084468
59.3333,-0.193465,-0.093493,-0.217871,1.017847,0.075157,-0.288337,-0.084398
59.3667,-0.196455,-0.092787,-0.225816,1.021941,0.075148,-0.288318,-0.084325
59.4000,-0.199260,-0.092092,-0.235492,1.025627,0.075141,-0.288298,-0.084251
59.4333,-0.202221,-0.091258,-0.243988,1.029035,0.075133,-0.288281,-0.084189
59.4667,-0.204949,-0.090457,-0.253666,1.031888,0.075125,-0.288262,-0.084117
59.5000,-0.207506,-0.090427,-0.261975,1.034247,0.075116,-0.288246,-0.084058
59.5333,-0.209843,-0.089733,-0.270803,1.036754,0.075109,-0.288230,-0.083999
59.5667,-0.213085,-0.086756,-0.287960,1.040348,0.075101,-0.288217,-0.083950
59.6000,-0.216841,-0.082058,-0.308439,1.044310,0.075086,-0.288203,-0.083897
59.6333,-0.219135,-0.081418,-0.314298,1.045929,0.075069,-0.288187,-0.083838
59.6667,-0.221931,-0.079349,-0.328312,1.048370,0.075062,-0.288171,-0.083780
59.7000,-0.223530,-0.077626,-0.335031,1.048440,0.075049,-0.288158,-0.083732
59.7333,-0.225611,-0.075718,-0.347894,1.050509,0.075043,-0.288150,-0.083700
59.7667,-0.229501,-0.071346,-0.369511,1.055029,0.075031,-0.288142,-0.083672
59.8000,-0.232124,-0.070347,-0.374273,1.057593,0.075011,-0.288126,-0.083612
59.8333,-0.232934,-0.070800,-0.370544,1.057529,0.075004,-0.288107,-0.083539
59.8667,-0.235591,-0.071101,-0.385464,1.061988,0.075004,-0.288096,-0.083500
59.9000,-0.236895,-0.071870,-0.398815,1.065665,0.074990,-0.288085,-0.083459
59.9333,-0.239867,-0.072508,-0.431661,1.069980,0.074979,-0.288085,-0.083459
59.9667,-0.240140,-0.078226,-0.441728,1.072001,0.074954,-0.288086,-0.083464
60.0000,-0.239254,-0.084583,-0.446439,1.073649,0.074947,-0.288092,-0.083487
60.0333,-0.238496,-0.086569,-0.450891,1.073806,0.074947,-0.288104,-0.083531
60.0667,-0.237581,-0.088425,-0.456999,1.073006,0.074946,-0.288115,-0.083571
60.1000,-0.233456,-0.094594,-0.447681,1.065260,0.074944,-0.288128,-0.083621
60.1333,-0.229649,-0.098105,-0.441681,1.060803,0.074959,-0.288157,-0.083729
60.1667,-0.225800,-0.102577,-0.434173,1.056437,0.074970,-0.288186,-0.083838
60.2000,-0.222791,-0.104490,-0.436146,1.055215,0.074981,-0.288214,-0.083943
60.2333,-0.217778,-0.106545,-0.424593,1.053600,0.074985,-0.288243,-0.084050
60.2667,-0.212591,-0.109011,-0.407449,1.051217,0.075000,-0.288278,-0.084181
60.3000,-0.203585,-0.115392,-0.377246,1.043519,0.075017,-0.288310,-0.084300
60.3333,-0.193812,-0.123720,-0.341123,1.035887,0.075046,-0.288365,-0.084505
60.3667,-0.178423,-0.137636,-0.280628,1.023832,0.075075,-0.288422,-0.084716
60.4000,-0.164091,-0.150574,-0.225992,1.018078,0.075117,-0.288508,-0.085035
60.4333,-0.151536,-0.162798,-0.182954,1.013848,0.075148,-0.288589,-0.085337
60.4667,-0.143733,-0.170152,-0.150723,1.009461,0.075167,-0.288664,-0.085617
60.5000,-0.134996,-0.180573,-0.109132,1.002042,0.075179,-0.288706,-0.085772
60.5333,-0.129167,-0.185665,-0.092871,0.998748,0.075193,-0.288748,-0.085928
60.5667,-0.124571,-0.187129,-0.087531,0.997599,0.075194,-0.288786,-0.086070
60.6000,-0.119989,-0.190261,-0.078649,0.995574,0.075190,-0.288822,-0.086207
60.6333,-0.115093,-0.195321,-0.063235,0.991756,0.075187,-0.288856,-0.086331
60.6667,-0.111771,-0.197768,-0.061485,0.992235,0.075187,-0.288886,-0.086445
60.7000,-0.110383,-0.197334,-0.065088,0.996541,0.075181,-0.288915,-0.086550
60.7333,-0.109043,-0.197523,-0.067238,0.998239,0.075175,-0.288930,-0.086608
60.7667,-0.108469,-0.197189,-0.070077,0.999376,0.075171,-0.288944,-0.086660
60.8000,-0.108312,-0.196865,-0.071921,1.000154,0.075168,-0.288952,-0.086689
60.8333,-0.108378,-0.196555,-0.070846,0.999811,0.075167,-0.288955,-0.086700
60.8667,-0.108630,-0.196466,-0.068384,0.998940,0.075168,-0.288953,-0.086694
60.9000,-0.109200,-0.195332,-0.069038,0.998011,0.075170,-0.288949,-0.086678
60.9333,-0.110188,-0.194593,-0.071874,0.997522,0.075170,-0.288944,-0.086661
60.9667,-0.111097,-0.194080,-0.069915,0.996353,0.075171,-0.288938,-0.086637
61.0000,-0.111909,-0.193799,-0.068848,0.995150,0.075174,-0.288928,-0.086600
61.0333,-0.112443,-0.193622,-0.066870,0.994414,0.075177,-0.288920,-0.086570
61.0667,-0.112766,-0.193113,-0.064097,0.993042,0.075179,-0.288913,-0.086545
61.1000,-0.112895,-0.192020,-0.058294,0.989816,0.075181,-0.288908,-0.086525
61.1333,-0.113301,-0.190862,-0.052497,0.986883,0.075185,-0.288902,-0.086502
61.1667,-0.113484,-0.188292,-0.047038,0.984752,0.075189,-0.288893,-0.086470
61.2000,-0.113056,-0.185725,-0.041730,0.983232,0.075193,-0.288887,-0.086446
61.2333,-0.112733,-0.182064,-0.039224,0.982772,0.075195,-0.288886,-0.086443
61.2667,-0.112158,-0.178775,-0.035187,0.982555,0.075196,-0.288887,-0.086445
61.3000,-0.112173,-0.172002,-0.036925,0.984493,0.075197,-0.288888,-0.086451
61.3333,-0.111444,-0.169000,-0.027500,0.986172,0.075196,-0.288890,-0.086457
61.3667,-0.110747,-0.164823,-0.016768,0.988265,0.075200,-0.288888,-0.086450
61.4000,-0.118576,-0.140125,-0.093461,1.010870,0.075205,-0.288885,-0.086439
61.4333,-0.124292,-0.122208,-0.154117,1.028478,0.075176,-0.288881,-0.086427
61.4667,-0.135335,-0.093674,-0.259039,1.043753,0.075150,-0.288883,-0.086435
61.5000,-0.132828,-0.085367,-0.247998,1.038536,0.075105,-0.288876,-0.086410
61.5333,-0.134190,-0.070275,-0.273401,1.043059,0.075108,-0.288889,-0.086457
61.5667,-0.130348,-0.071219,-0.240158,1.039473,0.075095,-0.288899,-0.086495
61.6000,-0.127632,-0.066337,-0.227892,1.029689,0.075109,-0.288904,-0.086515
61.6333,-0.126120,-0.054516,-0.218138,1.028115,0.075112,-0.288918,-0.086565
61.6667,-0.127367,-0.041338,-0.273441,1.030181,0.075115,-0.288923,-0.086584
61.7000,-0.128351,-0.038248,-0.288879,1.031726,0.075085,-0.288960,-0.086724
61.7333,-0.128345,-0.034045,-0.302813,1.030796,0.075077,-0.288965,-0.086741
61.7667,-0.130063,-0.023011,-0.325496,1.025820,0.075069,-0.288977,-0.086787
61.8000,-0.123875,-0.008861,-0.263709,1.023290,0.075058,-0.288981,-0.086803
61.8333,-0.125581,0.010341,-0.286167,1.017292,0.075084,-0.288983,-0.086809
61.8667,-0.124246,0.061754,-0.279808,1.017262,0.075074,-0.288987,-0.086825
61.9000,-0.121990,0.064783,-0.240687,1.013392,0.075076,-0.288994,-0.086849
61.9333,-0.125027,0.069245,-0.211511,1.008569,0.075095,-0.288980,-0.086796
61.9667,-0.132331,0.074229,-0.208814,1.019928,0.075117,-0.288927,-0.086599
62.0000,-0.145896,0.072705,-0.216397,0.997274,0.075130,-0.288859,-0.086345
62.0333,-0.157528,0.068712,-0.284737,0.962748,0.075142,-0.288744,-0.085916
62.0667,-0.166333,0.059291,-0.304124,0.941510,0.075111,-0.288699,-0.085750
62.1000,-0.158507,0.066993,-0.287347,0.924124,0.075103,-0.288637,-0.085518
62.1333,-0.143773,0.082079,-0.276810,0.873733,0.075110,-0.288693,-0.085725
62.1667,-0.149624,0.076040,-0.241283,0.873735,0.075104,-0.288816,-0.086185
62.2000,-0.147514,0.075583,-0.228498,0.860832,0.075131,-0.288732,-0.085872
62.2333,-0.150986,0.072085,-0.234321,0.851272,0.075136,-0.288740,-0.085901
62.2667,-0.152356,0.071186,-0.268503,0.820141,0.075136,-0.288714,-0.085804
62.3000,-0.157124,0.063343,-0.261301,0.823166,0.075117,-0.288731,-0.085870
62.3333,-0.156323,0.053123,-0.239361,0.817705,0.075124,-0.288682,-0.085686
62.3667,-0.160277,0.050405,-0.245329,0.810685,0.075137,-0.288670,-0.085641
62.4000,-0.161126,0.051150,-0.238049,0.813999,0.075135,-0.288640,-0.085528
62.4333,-0.163199,0.048534,-0.230043,0.830601,0.075140,-0.288626,-0.085476
62.4667,-0.163346,0.050355,-0.235449,0.841444,0.075145,-0.288600,-0.085380
62.5000,-0.167005,0.048961,-0.236334,0.845031,0.075142,-0.288604,-0.085393
62.5333,-0.168579,0.048551,-0.243112,0.847096,0.075143,-0.288572,-0.085273
62.5667,-0.169172,0.051565,-0.260715,0.849719,0.075139,-0.288563,-0.085243
62.6000,-0.176454,0.049446,-0.281669,0.857649,0.075129,-0.288573,-0.085280
62.6333,-0.180040,0.050618,-0.303564,0.860115,0.075117,-0.288526,-0.085105
62.6667,-0.185936,0.049829,-0.316061,0.882124,0.075103,-0.288513,-0.085056
62.7000,-0.172866,0.069912,-0.387524,0.875747,0.075094,-0.288471,-0.084899
62.7333,-0.166565,0.081240,-0.430510,0.887307,0.075055,-0.288650,-0.085568
62.7667,-0.170706,0.076876,-0.411286,0.916117,0.075029,-0.288743,-0.085917
62.8000,-0.169787,0.079521,-0.403400,0.940766,0.075041,-0.288690,-0.085717
62.8333,-0.168156,0.084431,-0.418668,0.949836,0.075046,-0.288691,-0.085723
62.8667,-0.169033,0.087104,-0.446572,0.955934,0.075037,-0.288719,-0.085826
62.9000,-0.169766,0.091190,-0.470079,0.952380,0.075021,-0.288735,-0.085885
62.9333,-0.175511,0.089440,-0.479436,0.947389,0.075008,-0.288748,-0.085935
62.9667,-0.188667,0.083261,-0.525877,0.930349,0.075002,-0.288704,-0.085771
63.0000,-0.195542,0.082304,-0.539654,0.928808,0.074973,-0.288624,-0.085475
63.0333,-0.214486,0.068590,-0.564317,0.927296,0.074961,-0.288574,-0.085286
63.0667,-0.224408,0.060656,-0.540386,0.971912,0.074926,-0.288424,-0.084727
63.1000,-0.230259,0.052549,-0.500427,0.992320,0.074924,-0.288315,-0.084321
63.1333,-0.234482,0.025413,-0.431118,0.966428,0.074935,-0.288230,-0.084002
63.1667,-0.218392,0.037217,-0.365699,0.913647,0.074966,-0.288134,-0.083642
63.2000,-0.214607,0.022549,-0.257667,0.814105,0.075033,-0.288222,-0.083972
63.2333,-0.203087,0.028312,-0.122006,0.866663,0.075102,-0.288163,-0.083747
63.2667,-0.141206,0.202723,-0.316940,0.796232,0.075196,-0.288147,-0.083687
63.3000,-0.096509,0.279901,-0.258097,0.788689,0.075078,-0.288874,-0.086402
63.3333,-0.116565,0.281460,-0.280724,0.798157,0.075027,-0.289224,-0.087706
63.4333,-0.204823,0.339547,-0.349961,0.859999,0.075061,-0.289063,-0.087109
63.4667,-0.181380,0.380000,-0.103799,0.880965,0.075060,-0.288331,-0.084376
63.5000,-0.126073,0.380000,-0.100456,0.791308,0.075221,-0.288326,-0.084356
63.5333,-0.042258,0.380000,-0.043310,0.689143,0.075185,-0.288820,-0.086199
