t_s,q_pitch,q_roll,q_yaw,q_elbow,target_x,target_y,target_z
2.7000,-0.063817,-0.252231,0.638347,1.297436,0.077531,-0.316462,-0.116730
2.7333,-0.206989,-0.249727,0.777553,1.357335,0.081094,-0.312871,-0.103677
2.7667,-0.176105,-0.178356,0.004521,1.492297,0.081274,-0.311490,-0.098593
2.8000,-0.164780,-0.143447,-0.360260,1.504242,0.081368,-0.312464,-0.101717
2.8333,-0.209653,-0.172081,-1.483019,1.504564,0.081409,-0.312962,-0.103285
2.8667,-0.222803,-0.171546,-1.618156,1.504461,0.081479,-0.313411,-0.104337
2.9000,-0.250779,-0.183829,-1.806553,1.503269,0.081463,-0.313322,-0.103984
2.9333,-0.257850,-0.178024,-1.645871,1.504695,0.081403,-0.313079,-0.103071
2.9667,-0.262767,-0.168937,-1.652904,1.504464,0.081382,-0.313012,-0.102822
3.0000,-0.236026,-0.151908,-1.545627,1.504662,0.081368,-0.312969,-0.102660
3.0333,-0.219596,-0.174576,-0.647001,1.505039,0.081436,-0.313191,-0.103501
3.0667,-0.234271,-0.206922,-0.841470,1.508171,0.081405,-0.312764,-0.102332
3.1000,-0.261356,-0.237325,-0.824365,1.505623,0.081397,-0.312811,-0.102375
3.1333,-0.266764,-0.230984,-0.775412,1.505588,0.081326,-0.312553,-0.101424
3.1667,-0.271302,-0.233184,-0.608089,1.505713,0.081304,-0.312462,-0.101114
3.2000,-0.267650,-0.235768,-0.468791,1.505925,0.081272,-0.312263,-0.100488
3.2333,-0.262544,-0.233421,-0.497253,1.505403,0.081269,-0.312154,-0.100184
3.2667,-0.256042,-0.228114,-0.479915,1.505518,0.081289,-0.312229,-0.100443
3.3000,-0.255611,-0.229349,-0.550684,1.505302,0.081306,-0.312269,-0.100607
3.3333,-0.254126,-0.224702,-0.570308,1.505400,0.081315,-0.312346,-0.100839
3.3667,-0.256868,-0.219677,-0.603389,1.505163,0.081321,-0.312379,-0.100948
3.4000,-0.256045,-0.207290,-0.729684,1.504811,0.081317,-0.312387,-0.100956
3.4333,-0.257912,-0.195160,-0.929888,1.504479,0.081333,-0.312516,-0.101347
3.4667,-0.249183,-0.167648,-1.149805,1.502060,0.081346,-0.312672,-0.101803
3.5000,-0.244843,-0.154228,-1.199682,1.502799,0.081387,-0.312906,-0.102560
3.5333,-0.204188,-0.092723,-1.112452,1.428660,0.081401,-0.312974,-0.102794
3.5667,-0.227790,-0.113843,-1.057912,1.453091,0.081467,-0.313286,-0.103997
3.6000,-0.223419,-0.099803,-0.774683,1.362268,0.081428,-0.313037,-0.103096
3.6333,-0.188714,-0.073071,-0.627477,1.244591,0.081412,-0.312850,-0.102562
3.6667,-0.160774,-0.060522,-0.552758,1.178150,0.081436,-0.313023,-0.103310
3.7000,-0.155092,-0.063854,-0.493660,1.153684,0.081429,-0.313199,-0.104023
3.7333,-0.177887,-0.079812,-0.416722,1.175109,0.081419,-0.313190,-0.104032
3.7667,-0.183776,-0.088110,-0.356581,1.170142,0.081416,-0.312904,-0.103026
3.8000,-0.205240,-0.098771,-0.271152,1.170665,0.081408,-0.312787,-0.102636
3.8333,-0.236714,-0.108412,-0.173040,1.122938,0.081383,-0.312502,-0.101639
3.8667,-0.213398,-0.112075,-0.126844,1.134553,0.081319,-0.312113,-0.100264
3.9000,-0.195019,-0.123351,-0.118687,1.194871,0.081356,-0.312271,-0.100894
3.9333,-0.179649,-0.134378,-0.102881,1.245663,0.081374,-0.312428,-0.101483
3.9667,-0.171273,-0.143647,-0.062011,1.260160,0.081380,-0.312548,-0.101947
4.0000,-0.160887,-0.153655,-0.022256,1.302191,0.081375,-0.312579,-0.102095
4.0333,-0.125800,-0.157523,-0.029265,1.284397,0.081368,-0.312630,-0.102314
4.0667,-0.122354,-0.168262,-0.022735,1.313493,0.081332,-0.312952,-0.103513
4.1000,-0.144904,-0.179956,-0.127782,1.423851,0.081325,-0.312976,-0.103607
4.1333,-0.151126,-0.191091,-0.245273,1.473414,0.081369,-0.312888,-0.103194
4.1667,-0.172216,-0.201893,-0.341821,1.498017,0.081388,-0.312960,-0.103370
4.2000,-0.140445,-0.227642,-0.239684,1.505517,0.081408,-0.312875,-0.102976
4.2333,-0.140183,-0.249084,-0.131539,1.505398,0.081377,-0.313050,-0.103709
4.2667,-0.162689,-0.258505,-0.387139,1.505546,0.081364,-0.312934,-0.103364
4.3000,-0.197598,-0.252757,-0.727221,1.505371,0.081411,-0.313009,-0.103441
4.3333,-0.208972,-0.230024,-0.759335,1.436231,0.081440,-0.313038,-0.103297
4.3667,-0.200604,-0.209767,-0.457834,1.321798,0.081432,-0.312966,-0.103005
4.4000,-0.204156,-0.201496,-0.389460,1.283734,0.081409,-0.312743,-0.102394
4.4333,-0.164275,-0.208351,-0.211146,1.179740,0.081397,-0.312639,-0.102058
4.4667,-0.116704,-0.229112,-0.079635,1.101064,0.081391,-0.312805,-0.102817
4.5000,-0.091703,-0.245727,0.010487,1.048115,0.081321,-0.313089,-0.103981
4.5333,-0.065052,-0.265454,0.057838,1.006768,0.081250,-0.313215,-0.104525
4.5667,-0.092710,-0.247528,0.024081,1.033597,0.081157,-0.313403,-0.105263
4.6000,-0.081409,-0.260701,0.046880,1.014097,0.081252,-0.313192,-0.104448
4.6333,-0.098867,-0.242483,0.066377,0.995715,0.081215,-0.313268,-0.104752
4.6667,-0.077862,-0.259269,0.094261,0.950725,0.081263,-0.313091,-0.104107
4.7000,-0.082477,-0.258230,0.071697,0.963375,0.081198,-0.313250,-0.104720
4.7333,-0.087221,-0.266170,0.014020,0.995796,0.081216,-0.313232,-0.104638
4.7667,-0.098126,-0.247839,-0.002648,0.998284,0.081237,-0.313252,-0.104664
4.8000,-0.115622,-0.234290,-0.115863,1.049912,0.081269,-0.313172,-0.104353
4.8333,-0.134847,-0.214162,-0.216726,1.082452,0.081323,-0.313138,-0.104136
4.8667,-0.139416,-0.201115,-0.226029,1.077544,0.081367,-0.313075,-0.103822
4.9000,-0.145303,-0.182007,-0.214533,1.071101,0.081374,-0.313044,-0.103699
4.9333,-0.138781,-0.178219,-0.159959,1.048383,0.081379,-0.312979,-0.103464
4.9667,-0.127173,-0.175693,-0.086169,1.009820,0.081366,-0.312978,-0.103504
5.0000,-0.113203,-0.181121,-0.019449,0.967041,0.081341,-0.313002,-0.103652
5.0333,-0.102362,-0.185565,0.033318,0.940197,0.081307,-0.313055,-0.103903
5.0667,-0.095940,-0.184458,0.058518,0.931569,0.081276,-0.313095,-0.104096
5.1000,-0.091423,-0.194781,0.050063,0.936146,0.081256,-0.313126,-0.104230
5.1333,-0.088307,-0.200063,0.038186,0.935674,0.081245,-0.313175,-0.104408
5.1667,-0.081754,-0.210055,0.072343,0.928875,0.081237,-0.313216,-0.104550
5.2000,-0.077154,-0.216717,0.092426,0.922390,0.081213,-0.313238,-0.104660
5.2333,-0.074935,-0.222994,0.106795,0.915537,0.081196,-0.313258,-0.104750
5.2667,-0.073336,-0.228919,0.122301,0.909446,0.081187,-0.313263,-0.104778
5.3000,-0.071081,-0.229147,0.147792,0.899007,0.081179,-0.313261,-0.104783
5.3333,-0.069376,-0.237830,0.155166,0.895498,0.081169,-0.313254,-0.104779
5.3667,-0.066785,-0.244304,0.183025,0.882688,0.081162,-0.313262,-0.104813
5.4000,-0.068005,-0.247523,0.175145,0.885228,0.081149,-0.313257,-0.104813
5.4333,-0.065427,-0.252301,0.200328,0.874738,0.081155,-0.313254,-0.104796
5.4667,-0.066162,-0.250612,0.185709,0.879938,0.081142,-0.313251,-0.104805
5.5000,-0.069663,-0.247270,0.149729,0.895936,0.081147,-0.313259,-0.104825
5.5333,-0.070057,-0.250072,0.145080,0.896922,0.081163,-0.313265,-0.104820
5.5667,-0.070297,-0.249211,0.148939,0.899170,0.081165,-0.313266,-0.104821
5.6000,-0.069403,-0.249764,0.156172,0.899132,0.081166,-0.313260,-0.104801
5.6333,-0.070664,-0.248179,0.141133,0.905238,0.081162,-0.313261,-0.104809
5.6667,-0.072922,-0.241681,0.119176,0.913210,0.081168,-0.313265,-0.104813
5.7000,-0.075486,-0.234254,0.097797,0.921126,0.081178,-0.313268,-0.104807
5.7333,-0.083790,-0.215354,0.038762,0.941595,0.081190,-0.313267,-0.104788
5.7667,-0.085166,-0.212484,0.024146,0.944856,0.081223,-0.313256,-0.104699
5.8000,-0.085948,-0.211798,0.021282,0.944163,0.081229,-0.313259,-0.104700
5.8333,-0.088033,-0.206978,0.015480,0.943329,0.081232,-0.313255,-0.104683
5.8667,-0.089641,-0.203573,0.000539,0.948815,0.081239,-0.313243,-0.104632
5.9000,-0.088775,-0.206631,0.005724,0.948287,0.081245,-0.313244,-0.104626
5.9333,-0.088047,-0.209238,0.011508,0.946849,0.081242,-0.313247,-0.104639
5.9667,-0.090257,-0.202413,-0.007695,0.951712,0.081240,-0.313247,-0.104644
6.0000,-0.094565,-0.190549,-0.050326,0.960945,0.081248,-0.313248,-0.104632
6.0333,-0.098219,-0.179470,-0.083447,0.968762,0.081265,-0.313255,-0.104627
6.0667,-0.100031,-0.172505,-0.098194,0.972676,0.081279,-0.313258,-0.104612
6.1000,-0.103601,-0.159641,-0.125028,0.980059,0.081285,-0.313258,-0.104600
6.1333,-0.102138,-0.159952,-0.112933,0.976638,0.081297,-0.313256,-0.104568
6.1667,-0.103238,-0.159121,-0.118973,0.977703,0.081292,-0.313255,-0.104578
6.2000,-0.103007,-0.160799,-0.116806,0.977103,0.081296,-0.313252,-0.104561
6.2333,-0.104216,-0.162432,-0.115771,0.975362,0.081295,-0.313252,-0.104561
6.2667,-0.103013,-0.166076,-0.122820,0.972695,0.081298,-0.313240,-0.104517
6.3000,-0.097762,-0.175483,-0.099172,0.964147,0.081296,-0.313258,-0.104581
6.3333,-0.097599,-0.178356,-0.107846,0.966181,0.081280,-0.313280,-0.104679
6.3667,-0.096678,-0.180662,-0.118256,0.968481,0.081280,-0.313291,-0.104713
6.4000,-0.091717,-0.187901,-0.099137,0.962580,0.081279,-0.313310,-0.104778
6.4333,-0.086914,-0.191568,-0.084695,0.956686,0.081263,-0.313334,-0.104881
6.4667,-0.083399,-0.193781,-0.078519,0.953566,0.081247,-0.313361,-0.104994
6.5000,-0.080410,-0.194923,-0.082119,0.950278,0.081236,-0.313386,-0.105092
6.5333,-0.078043,-0.195244,-0.091489,0.949887,0.081227,-0.313416,-0.105203
6.5667,-0.074680,-0.195298,-0.097617,0.949388,0.081220,-0.313448,-0.105313
6.6000,-0.072148,-0.194039,-0.110255,0.952055,0.081209,-0.313485,-0.105445
6.6333,-0.068651,-0.193113,-0.117319,0.953636,0.081202,-0.313521,-0.105571
6.6667,-0.065311,-0.190091,-0.127760,0.956775,0.081190,-0.313560,-0.105711
6.7000,-0.062142,-0.188291,-0.139651,0.959294,0.081179,-0.313601,-0.105856
6.7333,-0.059366,-0.185945,-0.152969,0.961474,0.081169,-0.313643,-0.106001
6.7667,-0.056211,-0.185255,-0.166741,0.960562,0.081159,-0.313682,-0.106137
6.8000,-0.052940,-0.184986,-0.182543,0.957930,0.081148,-0.313725,-0.106287
6.8333,-0.049520,-0.185964,-0.183811,0.956700,0.081137,-0.313771,-0.106448
6.8667,-0.046106,-0.185969,-0.188109,0.955508,0.081122,-0.313803,-0.106566
6.9000,-0.043053,-0.187331,-0.195256,0.949270,0.081108,-0.313839,-0.106693
6.9333,-0.036831,-0.193030,-0.186636,0.930701,0.081095,-0.313874,-0.106818
6.9667,-0.028552,-0.200758,-0.176148,0.907337,0.081065,-0.313920,-0.106997
7.0000,-0.023513,-0.203907,-0.174414,0.887805,0.081024,-0.313982,-0.107237
7.0333,-0.018315,-0.206555,-0.162210,0.871921,0.080998,-0.314025,-0.107399
7.0667,-0.013485,-0.208331,-0.140489,0.841093,0.080969,-0.314057,-0.107531
7.1000,-0.009926,-0.204619,-0.113913,0.815467,0.080940,-0.314077,-0.107620
7.1333,-0.009302,-0.202080,-0.099155,0.807454,0.080917,-0.314079,-0.107651
7.1667,-0.004088,-0.196759,-0.073010,0.772222,0.080912,-0.314069,-0.107623
7.2000,-0.003397,-0.192947,-0.050663,0.756276,0.080878,-0.314086,-0.107711
7.2333,-0.001649,-0.193815,-0.015583,0.727214,0.080872,-0.314068,-0.107661
7.2667,-0.003331,-0.196272,-0.005919,0.715382,0.080857,-0.314046,-0.107605
7.3000,-0.007620,-0.197545,-0.017915,0.716521,0.080866,-0.314020,-0.107518
7.3333,-0.009389,-0.203990,-0.006964,0.710129,0.080892,-0.313995,-0.107415
7.3667,-0.013197,-0.204040,-0.012469,0.712307,0.080901,-0.313968,-0.107321
7.4000,-0.019234,-0.202057,-0.025860,0.709964,0.080923,-0.313940,-0.107213
7.4333,-0.024130,-0.201460,-0.043942,0.707276,0.080958,-0.313901,-0.107056
7.4667,-0.028458,-0.199938,-0.072323,0.722789,0.080986,-0.313877,-0.106952
7.5000,-0.032246,-0.201090,-0.107486,0.738155,0.081011,-0.313869,-0.106901
7.5333,-0.034537,-0.201160,-0.135126,0.748776,0.081034,-0.313874,-0.106890
7.5667,-0.035722,-0.200344,-0.157843,0.755535,0.081048,-0.313884,-0.106904
7.6000,-0.035540,-0.198181,-0.173879,0.764019,0.081057,-0.313898,-0.106939
7.6333,-0.033898,-0.197460,-0.183213,0.772084,0.081058,-0.313917,-0.106998
7.6667,-0.031416,-0.194731,-0.189904,0.777107,0.081051,-0.313942,-0.107083
7.7000,-0.027809,-0.193602,-0.192873,0.781687,0.081039,-0.313971,-0.107187
7.7333,-0.023239,-0.193313,-0.192568,0.785917,0.081022,-0.314007,-0.107317
7.7667,-0.019463,-0.192091,-0.200816,0.791676,0.080998,-0.314047,-0.107468
7.8000,-0.015539,-0.190651,-0.202574,0.794756,0.080979,-0.314089,-0.107620
7.8333,-0.011307,-0.189471,-0.202349,0.798859,0.080958,-0.314126,-0.107755
7.8667,-0.006720,-0.189340,-0.199461,0.803622,0.080935,-0.314164,-0.107895
7.9000,-0.002385,-0.189114,-0.197047,0.804545,0.080908,-0.314201,-0.108037
7.9333,0.001410,-0.188578,-0.195246,0.806417,0.080883,-0.314237,-0.108173
7.9667,0.004941,-0.187754,-0.192913,0.806841,0.080860,-0.314268,-0.108292
8.0000,0.007899,-0.187241,-0.191754,0.807346,0.080838,-0.314297,-0.108401
8.0333,0.009751,-0.184919,-0.197055,0.809423,0.080820,-0.314322,-0.108495
8.0667,0.011059,-0.182307,-0.203177,0.811077,0.080808,-0.314344,-0.108573
8.1000,0.012442,-0.181586,-0.204653,0.811757,0.080801,-0.314362,-0.108636
8.1333,0.013631,-0.181282,-0.205722,0.812621,0.080792,-0.314376,-0.108687
8.1667,0.012877,-0.177984,-0.217332,0.813540,0.080785,-0.314388,-0.108730
8.2000,0.011305,-0.173989,-0.230647,0.813854,0.080791,-0.314394,-0.108743
8.2333,0.008767,-0.168927,-0.247497,0.815403,0.080803,-0.314395,-0.108734
8.2667,0.006306,-0.165483,-0.259522,0.817510,0.080821,-0.314390,-0.108706
8.3000,0.003092,-0.161597,-0.275723,0.820990,0.080837,-0.314382,-0.108664
8.3333,0.000389,-0.158705,-0.292078,0.824646,0.080859,-0.314371,-0.108611
8.3667,-0.002415,-0.154075,-0.308036,0.826398,0.080877,-0.314365,-0.108575
8.4000,-0.006344,-0.148407,-0.326841,0.828668,0.080896,-0.314357,-0.108534
8.4333,-0.008885,-0.146631,-0.331936,0.829540,0.080921,-0.314343,-0.108465
8.4667,-0.010473,-0.147525,-0.329483,0.829292,0.080936,-0.314326,-0.108397
8.5000,-0.011630,-0.150031,-0.322218,0.829253,0.080945,-0.314309,-0.108337
8.5333,-0.012115,-0.153811,-0.311462,0.828553,0.080951,-0.314291,-0.108275
8.5667,-0.013110,-0.155921,-0.306364,0.828518,0.080952,-0.314275,-0.108224
8.6000,-0.013537,-0.160082,-0.301873,0.827269,0.080957,-0.314261,-0.108175
8.6333,-0.014352,-0.162569,-0.302977,0.827641,0.080959,-0.314252,-0.108146
8.6667,-0.014817,-0.166385,-0.303688,0.825124,0.080964,-0.314246,-0.108122
8.7000,-0.014087,-0.174129,-0.296223,0.819681,0.080966,-0.314243,-0.108109
8.7333,-0.012248,-0.178874,-0.287728,0.817301,0.080961,-0.314241,-0.108109
8.7667,-0.009596,-0.183762,-0.275694,0.812741,0.080950,-0.314248,-0.108143
8.8000,-0.006883,-0.188672,-0.262588,0.809071,0.080934,-0.314259,-0.108191
8.8333,-0.004996,-0.192484,-0.252456,0.807984,0.080917,-0.314268,-0.108238
8.8667,-0.004038,-0.194634,-0.247460,0.808742,0.080905,-0.314274,-0.108267
8.9000,-0.003789,-0.195923,-0.245836,0.812147,0.080898,-0.314277,-0.108283
8.9333,-0.003923,-0.195255,-0.248997,0.814640,0.080897,-0.314278,-0.108286
8.9667,-0.005273,-0.193480,-0.257515,0.820094,0.080898,-0.314280,-0.108292
9.0000,-0.006949,-0.192123,-0.265990,0.830978,0.080907,-0.314277,-0.108275
9.0333,-0.010460,-0.191621,-0.284483,0.845226,0.080918,-0.314271,-0.108247
9.0667,-0.014139,-0.189396,-0.289844,0.861183,0.080940,-0.314260,-0.108191
9.1000,-0.018524,-0.185037,-0.292036,0.876406,0.080961,-0.314234,-0.108087
9.1333,-0.025680,-0.175479,-0.294648,0.893991,0.080985,-0.314197,-0.107949
9.1667,-0.036375,-0.158284,-0.324921,0.910551,0.081023,-0.314136,-0.107720
9.2000,-0.041626,-0.153871,-0.286141,0.930949,0.081079,-0.314074,-0.107463
9.2333,-0.052677,-0.146624,-0.254623,0.950458,0.081099,-0.313985,-0.107163
9.2667,-0.065035,-0.129985,-0.209843,0.961278,0.081144,-0.313852,-0.106692
9.3000,-0.071103,-0.129309,-0.157726,0.956364,0.081188,-0.313693,-0.106134
9.3333,-0.080676,-0.128892,-0.137676,0.959861,0.081204,-0.313582,-0.105761
9.3667,-0.092974,-0.127723,-0.139291,0.962008,0.081234,-0.313475,-0.105376
9.4000,-0.109762,-0.120173,-0.165444,0.973753,0.081271,-0.313366,-0.104970
9.4333,-0.127206,-0.112593,-0.190388,0.985080,0.081316,-0.313244,-0.104494
9.4667,-0.138372,-0.105546,-0.188709,0.987742,0.081353,-0.313115,-0.103992
9.5000,-0.148471,-0.106488,-0.196272,0.990558,0.081369,-0.313013,-0.103612
9.5333,-0.159443,-0.106006,-0.211313,0.998221,0.081380,-0.312931,-0.103298
9.5667,-0.168548,-0.102318,-0.222849,1.003535,0.081389,-0.312848,-0.102980
9.6000,-0.175340,-0.098971,-0.225061,1.002667,0.081394,-0.312779,-0.102712
9.6333,-0.182578,-0.095815,-0.232427,1.006812,0.081394,-0.312721,-0.102492
9.6667,-0.190655,-0.092731,-0.244109,1.011788,0.081394,-0.312664,-0.102273
9.7000,-0.198103,-0.090311,-0.252453,1.015770,0.081392,-0.312604,-0.102040
9.7333,-0.202884,-0.089840,-0.254025,1.014986,0.081387,-0.312546,-0.101818
9.7667,-0.207330,-0.089502,-0.250601,1.015077,0.081383,-0.312505,-0.101663
9.8000,-0.210338,-0.089397,-0.243681,1.013200,0.081378,-0.312461,-0.101502
9.8333,-0.212171,-0.091772,-0.233195,1.011629,0.081373,-0.312426,-0.101379
9.8667,-0.213696,-0.094249,-0.225156,1.009173,0.081370,-0.312399,-0.101283
9.9000,-0.215200,-0.095249,-0.221271,1.007509,0.081367,-0.312376,-0.101206
9.9333,-0.216545,-0.095239,-0.220615,1.006061,0.081364,-0.312358,-0.101143
9.9667,-0.217659,-0.095406,-0.219702,1.004356,0.081362,-0.312346,-0.101095
10.0000,-0.218408,-0.095244,-0.219796,1.002712,0.081360,-0.312335,-0.101055
10.0333,-0.218995,-0.094954,-0.219820,1.001621,0.081359,-0.312328,-0.101030
10.0667,-0.219651,-0.093188,-0.221733,1.000947,0.081358,-0.312323,-0.101011
10.1000,-0.219129,-0.092297,-0.218963,0.999779,0.081357,-0.312319,-0.100995
10.1333,-0.217425,-0.092651,-0.213342,0.997757,0.081358,-0.312321,-0.101003
10.1667,-0.214669,-0.094527,-0.202269,0.994065,0.081360,-0.312330,-0.101042
10.2000,-0.209786,-0.096756,-0.182617,0.986502,0.081363,-0.312342,-0.101098
10.2333,-0.205827,-0.099794,-0.167961,0.980480,0.081367,-0.312365,-0.101198
10.2667,-0.202839,-0.101784,-0.159114,0.977110,0.081370,-0.312384,-0.101282
10.3000,-0.200555,-0.102118,-0.154362,0.974913,0.081372,-0.312401,-0.101353
10.3333,-0.197911,-0.102333,-0.149362,0.973041,0.081374,-0.312417,-0.101414
10.3667,-0.194961,-0.102123,-0.145979,0.971267,0.081375,-0.312435,-0.101487
10.4000,-0.191514,-0.102168,-0.142631,0.969362,0.081377,-0.312458,-0.101575
10.4333,-0.185633,-0.106602,-0.128336,0.963637,0.081379,-0.312485,-0.101679
10.4667,-0.180591,-0.108280,-0.123051,0.959529,0.081381,-0.312522,-0.101830
10.5000,-0.175316,-0.107706,-0.120817,0.956645,0.081382,-0.312562,-0.101981
10.5333,-0.168343,-0.109286,-0.112034,0.951645,0.081382,-0.312607,-0.102151
10.5667,-0.160744,-0.111804,-0.096774,0.944885,0.081381,-0.312660,-0.102356
10.6000,-0.152228,-0.113922,-0.084285,0.936707,0.081376,-0.312712,-0.102561
10.6333,-0.143765,-0.112954,-0.074705,0.931130,0.081370,-0.312775,-0.102806
10.6667,-0.134056,-0.111743,-0.064187,0.922433,0.081361,-0.312840,-0.103058
10.7000,-0.125210,-0.110462,-0.058081,0.916992,0.081348,-0.312916,-0.103350
10.7333,-0.115169,-0.109643,-0.048376,0.906708,0.081334,-0.312989,-0.103626
10.7667,-0.104191,-0.112625,-0.037175,0.893279,0.081314,-0.313068,-0.103931
10.8000,-0.092130,-0.118803,-0.020320,0.883055,0.081289,-0.313155,-0.104262
10.8333,-0.080296,-0.125416,-0.015072,0.873224,0.081255,-0.313245,-0.104611
10.8667,-0.066729,-0.133932,-0.000403,0.861993,0.081219,-0.313345,-0.104989
10.9000,-0.047723,-0.159405,0.065329,0.835825,0.081170,-0.313450,-0.105394
10.9333,-0.033483,-0.170721,0.096653,0.824557,0.081085,-0.313550,-0.105817
10.9667,-0.022343,-0.176721,0.105926,0.792776,0.081016,-0.313643,-0.106191
11.0000,-0.011700,-0.189274,0.135055,0.774134,0.080959,-0.313733,-0.106531
11.0333,-0.002646,-0.198179,0.142280,0.767617,0.080898,-0.313797,-0.106792
11.0667,0.005334,-0.208161,0.151695,0.757501,0.080845,-0.313869,-0.107069
11.1000,0.008650,-0.212130,0.194110,0.738238,0.080796,-0.313930,-0.107303
11.1333,0.008247,-0.223675,0.199790,0.707339,0.080771,-0.313916,-0.107282
11.1667,0.004376,-0.230173,0.228431,0.685028,0.080772,-0.313907,-0.107251
11.2000,-0.011786,-0.230226,0.195059,0.668359,0.080793,-0.313843,-0.107037
11.2333,-0.027506,-0.230951,0.205048,0.687827,0.080892,-0.313734,-0.106604
11.2667,-0.052584,-0.227035,0.159217,0.612101,0.080975,-0.313584,-0.106052
11.3000,-0.073455,-0.235087,0.172239,0.645675,0.081096,-0.313408,-0.105360
11.3333,-0.111959,-0.198290,0.066434,0.650767,0.081174,-0.313208,-0.104624
11.3667,-0.154807,-0.170194,-0.057288,0.640144,0.081294,-0.312974,-0.103668
11.4000,-0.190252,-0.170891,-0.094227,0.659447,0.081369,-0.312722,-0.102631
11.4333,-0.214886,-0.169646,-0.096711,0.666785,0.081374,-0.312444,-0.101563
11.4667,-0.247931,-0.175543,-0.142532,0.662586,0.081350,-0.312225,-0.100745
11.5000,-0.272667,-0.174747,-0.176607,0.672905,0.081289,-0.311979,-0.099789
11.5333,-0.288673,-0.190971,-0.152218,0.697474,0.081219,-0.311794,-0.099074
11.5667,-0.305759,-0.199362,-0.153172,0.698705,0.081157,-0.311625,-0.098460
11.6000,-0.318295,-0.204347,-0.139002,0.700848,0.081084,-0.311473,-0.097895
11.6333,-0.329799,-0.205843,-0.134125,0.713832,0.081022,-0.311346,-0.097432
11.6667,-0.338014,-0.211659,-0.123212,0.716817,0.080962,-0.311239,-0.097035
11.7000,-0.345881,-0.214348,-0.118646,0.720011,0.080915,-0.311154,-0.096727
11.7333,-0.353398,-0.215004,-0.118931,0.711270,0.080869,-0.311079,-0.096452
11.7667,-0.359673,-0.216051,-0.118163,0.711751,0.080823,-0.311013,-0.096204
11.8000,-0.367172,-0.218591,-0.115970,0.723411,0.080783,-0.310957,-0.095995
11.8333,-0.372535,-0.219863,-0.118117,0.737918,0.080734,-0.310888,-0.095741
11.8667,-0.375012,-0.220490,-0.116429,0.743450,0.080698,-0.310843,-0.095571
11.9000,-0.372960,-0.222072,-0.113380,0.738742,0.080681,-0.310820,-0.095485
11.9333,-0.368696,-0.223820,-0.110614,0.728512,0.080694,-0.310834,-0.095542
11.9667,-0.363416,-0.225095,-0.110460,0.718750,0.080723,-0.310869,-0.095673
12.0000,-0.353239,-0.233847,-0.094088,0.697091,0.080758,-0.310915,-0.095847
12.0333,-0.339555,-0.245936,-0.079699,0.666799,0.080821,-0.310987,-0.096129
12.0667,-0.316626,-0.270326,-0.038773,0.606839,0.080901,-0.311093,-0.096534
12.1000,-0.291182,-0.282571,-0.022857,0.526161,0.081019,-0.311252,-0.097160
12.1333,-0.276028,-0.270668,-0.052091,0.482255,0.081131,-0.311462,-0.097955
12.1667,-0.263127,-0.262800,-0.056849,0.495963,0.081193,-0.311629,-0.098555
12.2000,-0.252792,-0.260913,-0.060175,0.523449,0.081236,-0.311749,-0.099001
12.2333,-0.244026,-0.258142,-0.068592,0.527346,0.081267,-0.311845,-0.099357
12.2667,-0.232643,-0.244855,-0.090947,0.491498,0.081290,-0.311933,-0.099678
12.3000,-0.223806,-0.248063,-0.084718,0.482342,0.081318,-0.312060,-0.100132
12.3333,-0.215913,-0.243865,-0.089416,0.466318,0.081334,-0.312132,-0.100407
12.3667,-0.208703,-0.238804,-0.087360,0.461996,0.081348,-0.312208,-0.100687
12.4000,-0.202200,-0.236595,-0.084885,0.471390,0.081357,-0.312271,-0.100922
12.4333,-0.196826,-0.237119,-0.082971,0.471542,0.081364,-0.312326,-0.101132
12.4667,-0.192516,-0.239546,-0.084357,0.479851,0.081369,-0.312372,-0.101306
12.5000,-0.188831,-0.239966,-0.082833,0.496598,0.081372,-0.312413,-0.101455
12.5333,-0.187332,-0.233904,-0.093496,0.510222,0.081374,-0.312444,-0.101574
12.5667,-0.185013,-0.232030,-0.095782,0.511444,0.081376,-0.312469,-0.101659
12.6000,-0.183324,-0.227863,-0.100662,0.503358,0.081377,-0.312493,-0.101744
12.6333,-0.182166,-0.225639,-0.101096,0.503908,0.081378,-0.312513,-0.101817
12.6667,-0.181863,-0.223760,-0.104689,0.503160,0.081379,-0.312524,-0.101857
12.7000,-0.182724,-0.219381,-0.112341,0.502286,0.081379,-0.312531,-0.101879
12.7333,-0.184838,-0.213767,-0.124393,0.505472,0.081380,-0.312531,-0.101875
12.7667,-0.186599,-0.211710,-0.131007,0.507484,0.081380,-0.312525,-0.101843
12.8000,-0.188146,-0.210182,-0.134124,0.507909,0.081381,-0.312517,-0.101806
12.8333,-0.190082,-0.207439,-0.136027,0.509561,0.081380,-0.312506,-0.101764
12.8667,-0.191904,-0.205149,-0.136911,0.509846,0.081379,-0.312491,-0.101706
12.9000,-0.193542,-0.203705,-0.136374,0.511173,0.081378,-0.312475,-0.101647
12.9333,-0.194774,-0.202558,-0.131278,0.512059,0.081377,-0.312460,-0.101591
12.9667,-0.196110,-0.202004,-0.129459,0.512698,0.081376,-0.312444,-0.101533
13.0000,-0.197310,-0.202011,-0.127561,0.512249,0.081375,-0.312430,-0.101482
13.0333,-0.197905,-0.203867,-0.123354,0.511003,0.081373,-0.312417,-0.101436
13.0667,-0.198447,-0.205015,-0.121086,0.509843,0.081372,-0.312407,-0.101402
13.1000,-0.198352,-0.207768,-0.116284,0.509271,0.081372,-0.312399,-0.101376
13.1333,-0.198214,-0.209367,-0.113056,0.509313,0.081371,-0.312395,-0.101364
13.1667,-0.197903,-0.210363,-0.110818,0.510770,0.081371,-0.312393,-0.101358
13.2000,-0.197390,-0.210597,-0.109522,0.513598,0.081371,-0.312393,-0.101361
13.2333,-0.196301,-0.211718,-0.106260,0.516030,0.081371,-0.312396,-0.101374
13.2667,-0.194957,-0.212310,-0.103967,0.517453,0.081372,-0.312403,-0.101400
13.3000,-0.192739,-0.214247,-0.098490,0.517861,0.081372,-0.312412,-0.101437
13.3333,-0.190629,-0.215082,-0.095639,0.518686,0.081373,-0.312426,-0.101494
13.3667,-0.188047,-0.216050,-0.091562,0.519202,0.081374,-0.312442,-0.101555
13.4000,-0.184967,-0.216169,-0.085014,0.518758,0.081375,-0.312461,-0.101628
13.4333,-0.181900,-0.216233,-0.081984,0.518890,0.081376,-0.312481,-0.101710
13.4667,-0.178579,-0.215846,-0.077745,0.520276,0.081377,-0.312505,-0.101803
13.5000,-0.175448,-0.212676,-0.073787,0.521516,0.081377,-0.312531,-0.101901
13.5333,-0.172944,-0.208734,-0.078094,0.525484,0.081377,-0.312555,-0.101993
13.5667,-0.168837,-0.207920,-0.072904,0.525917,0.081377,-0.312582,-0.102091
13.6000,-0.163645,-0.208819,-0.063345,0.522978,0.081376,-0.312613,-0.102212
13.6333,-0.157040,-0.211324,-0.045915,0.519657,0.081374,-0.312649,-0.102355
13.6667,-0.148881,-0.213729,-0.018348,0.513334,0.081369,-0.312690,-0.102520
13.7000,-0.140366,-0.211247,0.008297,0.504645,0.081360,-0.312733,-0.102704
13.7333,-0.132857,-0.209425,0.015281,0.502715,0.081348,-0.312781,-0.102903
13.7667,-0.124732,-0.201066,0.028263,0.499882,0.081337,-0.312841,-0.103132
13.8000,-0.116804,-0.199605,0.030985,0.513478,0.081323,-0.312900,-0.103363
13.8333,-0.103579,-0.204613,0.063166,0.526802,0.081308,-0.312968,-0.103620
13.8667,-0.089235,-0.205465,0.086443,0.523839,0.081276,-0.313052,-0.103959
13.9000,-0.075864,-0.201454,0.086273,0.530203,0.081234,-0.313156,-0.104365
13.9333,-0.061187,-0.196033,0.088724,0.551415,0.081192,-0.313276,-0.104812
13.9667,-0.044294,-0.191664,0.094037,0.564888,0.081138,-0.313405,-0.105294
14.0000,-0.026017,-0.187938,0.098998,0.574492,0.081067,-0.313550,-0.105840
14.0333,-0.007046,-0.182604,0.104529,0.582409,0.080979,-0.313707,-0.106431
14.0667,0.014948,-0.184707,0.128988,0.588599,0.080875,-0.313870,-0.107042
14.1000,0.036858,-0.187143,0.143849,0.603896,0.080737,-0.314039,-0.107691
14.1333,0.057045,-0.187041,0.161572,0.598079,0.080585,-0.314216,-0.108365
14.1667,0.077057,-0.187351,0.177954,0.607991,0.080430,-0.314375,-0.108971
14.2000,0.096022,-0.188681,0.202474,0.645609,0.080262,-0.314533,-0.109572
14.2333,0.111119,-0.191986,0.201521,0.660692,0.080090,-0.314672,-0.110111
14.2667,0.124885,-0.192607,0.194858,0.682725,0.079947,-0.314804,-0.110601
14.3000,0.131507,-0.191591,0.148709,0.722547,0.079810,-0.314929,-0.111064
14.3333,0.136546,-0.197347,0.116317,0.744484,0.079747,-0.315033,-0.111418
14.3667,0.139365,-0.204463,0.081217,0.792866,0.079697,-0.315110,-0.111681
14.4000,0.140097,-0.213292,0.082009,0.829320,0.079671,-0.315171,-0.111881
14.4333,0.136414,-0.219085,0.043616,0.842623,0.079663,-0.315177,-0.111902
14.4667,0.128781,-0.209984,0.009796,0.865530,0.079707,-0.315186,-0.111907
14.5000,0.114449,-0.197875,0.011569,0.864418,0.079791,-0.315157,-0.111772
14.5333,0.101332,-0.186742,0.003295,0.856660,0.079935,-0.315032,-0.111306
14.5667,0.085197,-0.174713,-0.014633,0.866429,0.080063,-0.314927,-0.110910
14.6000,0.072426,-0.164390,-0.043701,0.865866,0.080213,-0.314807,-0.110446
14.6333,0.052085,-0.136657,-0.104858,0.882075,0.080327,-0.314727,-0.110125
14.6667,0.025888,-0.118610,-0.115848,0.894526,0.080499,-0.314616,-0.109662
14.7000,0.008922,-0.115355,-0.098830,0.899688,0.080692,-0.314398,-0.108839
14.7333,-0.001978,-0.114319,-0.080330,0.898739,0.080802,-0.314230,-0.108224
14.7667,-0.011955,-0.115360,-0.068448,0.895580,0.080867,-0.314113,-0.107804
14.8000,-0.024886,-0.112764,-0.063844,0.898774,0.080923,-0.314012,-0.107435
14.8333,-0.035813,-0.111587,-0.046498,0.894951,0.080992,-0.313892,-0.106992
14.8667,-0.047238,-0.113146,-0.042542,0.896975,0.081044,-0.313776,-0.106573
14.9000,-0.057305,-0.114950,-0.038446,0.898798,0.081096,-0.313670,-0.106180
14.9333,-0.068310,-0.114987,-0.040927,0.900577,0.081138,-0.313576,-0.105832
14.9667,-0.077245,-0.115870,-0.042755,0.900577,0.081180,-0.313480,-0.105473
15.0000,-0.087170,-0.116216,-0.046599,0.905935,0.081212,-0.313402,-0.105181
15.0333,-0.097317,-0.114307,-0.056331,0.911917,0.081244,-0.313317,-0.104862
15.0667,-0.108852,-0.107517,-0.078929,0.928655,0.081273,-0.313237,-0.104554
15.1000,-0.118541,-0.101559,-0.096613,0.940261,0.081304,-0.313158,-0.104242
15.1333,-0.126479,-0.101471,-0.108507,0.947590,0.081327,-0.313091,-0.103975
15.1667,-0.135320,-0.099117,-0.124523,0.956112,0.081342,-0.313032,-0.103748
15.2000,-0.143835,-0.093821,-0.143623,0.963651,0.081357,-0.312970,-0.103504
15.2333,-0.150251,-0.094392,-0.145803,0.970094,0.081369,-0.312915,-0.103281
15.2667,-0.156680,-0.094736,-0.149446,0.977163,0.081376,-0.312859,-0.103073
15.3000,-0.163898,-0.094253,-0.156233,0.986757,0.081381,-0.312806,-0.102870
15.3333,-0.171368,-0.093727,-0.170556,0.996594,0.081385,-0.312748,-0.102650
15.3667,-0.177402,-0.094311,-0.181598,1.003938,0.081388,-0.312697,-0.102446
15.4000,-0.182835,-0.095216,-0.188012,1.010153,0.081389,-0.312655,-0.102280
15.4333,-0.187295,-0.096517,-0.191140,1.015896,0.081389,-0.312613,-0.102119
15.4667,-0.191014,-0.098274,-0.194093,1.020051,0.081387,-0.312576,-0.101980
15.5000,-0.194495,-0.100073,-0.198577,1.022989,0.081386,-0.312546,-0.101865
15.5333,-0.197781,-0.101787,-0.203227,1.026359,0.081384,-0.312520,-0.101762
15.5667,-0.200825,-0.102975,-0.204285,1.029499,0.081382,-0.312495,-0.101667
15.6000,-0.204171,-0.103660,-0.209761,1.033910,0.081379,-0.312469,-0.101569
15.6333,-0.207555,-0.104483,-0.221942,1.038982,0.081377,-0.312445,-0.101475
15.6667,-0.209894,-0.104756,-0.226955,1.042015,0.081374,-0.312428,-0.101401
15.7000,-0.211693,-0.104265,-0.229349,1.043794,0.081372,-0.312412,-0.101339
15.7333,-0.212763,-0.102883,-0.228864,1.044760,0.081370,-0.312399,-0.101287
15.7667,-0.212751,-0.101805,-0.224561,1.044078,0.081368,-0.312388,-0.101249
15.8000,-0.211254,-0.101030,-0.213113,1.040993,0.081368,-0.312384,-0.101236
15.8333,-0.210394,-0.099513,-0.214544,1.040434,0.081369,-0.312385,-0.101248
15.8667,-0.208588,-0.098003,-0.215283,1.039253,0.081370,-0.312394,-0.101282
15.9000,-0.206106,-0.096043,-0.218469,1.038166,0.081372,-0.312411,-0.101345
15.9333,-0.203516,-0.094143,-0.221188,1.036775,0.081375,-0.312437,-0.101438
15.9667,-0.199437,-0.093602,-0.218470,1.034458,0.081379,-0.312463,-0.101534
16.0000,-0.196072,-0.092808,-0.226818,1.034933,0.081382,-0.312497,-0.101662
16.0333,-0.191203,-0.096260,-0.227559,1.034617,0.081386,-0.312536,-0.101802
16.0667,-0.187610,-0.097407,-0.243904,1.036131,0.081389,-0.312581,-0.101968
16.1000,-0.182318,-0.097429,-0.255596,1.035976,0.081393,-0.312631,-0.102142
16.1333,-0.177068,-0.094847,-0.263328,1.034946,0.081397,-0.312691,-0.102357
16.1667,-0.171918,-0.095180,-0.289159,1.036201,0.081399,-0.312747,-0.102559
16.2000,-0.166372,-0.096150,-0.316172,1.038011,0.081402,-0.312821,-0.102815
16.2333,-0.157042,-0.099794,-0.312013,1.034240,0.081404,-0.312900,-0.103089
16.2667,-0.145946,-0.099530,-0.299287,1.029093,0.081400,-0.312979,-0.103389
16.3000,-0.130685,-0.103771,-0.271729,1.013112,0.081390,-0.313065,-0.103719
16.3333,-0.116198,-0.108623,-0.268107,0.996494,0.081368,-0.313173,-0.104141
16.3667,-0.104857,-0.113588,-0.268242,0.989194,0.081342,-0.313299,-0.104615
16.4000,-0.093407,-0.116951,-0.270150,0.984256,0.081317,-0.313401,-0.104995
16.4333,-0.081524,-0.122369,-0.256608,0.975785,0.081288,-0.313505,-0.105384
16.4667,-0.070886,-0.124922,-0.246280,0.972069,0.081251,-0.313597,-0.105737
16.5000,-0.063498,-0.128945,-0.258576,0.966171,0.081214,-0.313681,-0.106058
16.5333,-0.047813,-0.148867,-0.202577,0.950501,0.081188,-0.313760,-0.106345
16.5667,-0.036652,-0.166022,-0.174193,0.935275,0.081117,-0.313839,-0.106684
16.6000,-0.029350,-0.176556,-0.181620,0.920786,0.081063,-0.313908,-0.106962
16.6333,-0.023662,-0.189455,-0.205854,0.918667,0.081028,-0.313981,-0.107229
16.6667,-0.021421,-0.188662,-0.245915,0.916818,0.081002,-0.314058,-0.107497
16.7000,-0.017024,-0.192358,-0.279005,0.911086,0.080995,-0.314121,-0.107702
16.7333,-0.013758,-0.196523,-0.287829,0.897317,0.080975,-0.314196,-0.107956
16.7667,-0.008873,-0.203637,-0.274523,0.893284,0.080959,-0.314235,-0.108093
16.8000,-0.005830,-0.206229,-0.275159,0.881251,0.080930,-0.314264,-0.108211
16.8333,-0.002234,-0.211495,-0.261690,0.867104,0.080912,-0.314291,-0.108314
16.8667,-0.000176,-0.213350,-0.254315,0.863265,0.080890,-0.314309,-0.108389
16.9000,0.001217,-0.214026,-0.256567,0.859543,0.080876,-0.314319,-0.108433
16.9333,0.002699,-0.214132,-0.258007,0.855802,0.080868,-0.314334,-0.108486
16.9667,0.004475,-0.214818,-0.255058,0.859019,0.080859,-0.314348,-0.108540
17.0000,0.005501,-0.214750,-0.253742,0.864676,0.080848,-0.314361,-0.108589
17.0333,0.007412,-0.216977,-0.241625,0.867301,0.080842,-0.314368,-0.108618
17.0667,0.011152,-0.219113,-0.218881,0.869025,0.080828,-0.314372,-0.108642
17.1000,0.015719,-0.223221,-0.194230,0.870745,0.080802,-0.314380,-0.108691
17.1333,0.019539,-0.227631,-0.176771,0.873840,0.080770,-0.314394,-0.108761
17.1667,0.022720,-0.229612,-0.162875,0.879158,0.080742,-0.314408,-0.108829
17.2000,0.026253,-0.230214,-0.148616,0.880330,0.080719,-0.314421,-0.108888
17.2333,0.028551,-0.230132,-0.147911,0.884495,0.080694,-0.314437,-0.108958
17.2667,0.031100,-0.230278,-0.144822,0.892704,0.080678,-0.314456,-0.109031
17.3000,0.034480,-0.232418,-0.134113,0.899760,0.080659,-0.314475,-0.109105
17.3333,0.038070,-0.235612,-0.121891,0.900319,0.080634,-0.314493,-0.109181
17.3667,0.041475,-0.238876,-0.108714,0.899223,0.080607,-0.314512,-0.109258
17.4000,0.044076,-0.239858,-0.103577,0.900711,0.080580,-0.314527,-0.109327
17.4333,0.046674,-0.240796,-0.099746,0.902282,0.080560,-0.314544,-0.109395
17.4667,0.048944,-0.242271,-0.094785,0.901608,0.080540,-0.314563,-0.109468
17.5000,0.050755,-0.243693,-0.089268,0.900152,0.080522,-0.314577,-0.109526
17.5333,0.051417,-0.243550,-0.089808,0.899762,0.080508,-0.314587,-0.109567
17.5667,0.051888,-0.243631,-0.087315,0.898120,0.080502,-0.314594,-0.109591
17.6000,0.052212,-0.244265,-0.082063,0.895685,0.080499,-0.314595,-0.109598
17.6333,0.051907,-0.244486,-0.077754,0.893728,0.080495,-0.314592,-0.109591
17.6667,0.051548,-0.245277,-0.072586,0.889680,0.080497,-0.314585,-0.109567
17.7000,0.051112,-0.246197,-0.067260,0.885285,0.080499,-0.314576,-0.109539
17.7333,0.050670,-0.247023,-0.059601,0.879655,0.080502,-0.314567,-0.109507
17.7667,0.049272,-0.246679,-0.057276,0.873687,0.080505,-0.314554,-0.109468
17.8000,0.047190,-0.245881,-0.055852,0.867577,0.080515,-0.314540,-0.109414
17.8333,0.044944,-0.245345,-0.054322,0.862888,0.080531,-0.314520,-0.109342
17.8667,0.041998,-0.244799,-0.056605,0.857993,0.080548,-0.314498,-0.109263
17.9000,0.038174,-0.243301,-0.063755,0.856035,0.080570,-0.314475,-0.109174
17.9333,0.033830,-0.239995,-0.074964,0.849257,0.080599,-0.314449,-0.109072
17.9667,0.030417,-0.237953,-0.080348,0.846947,0.080632,-0.314423,-0.108966
18.0000,0.027213,-0.236325,-0.086516,0.846979,0.080657,-0.314399,-0.108872
18.0333,0.024275,-0.236124,-0.092132,0.847388,0.080680,-0.314378,-0.108786
18.0667,0.021273,-0.235564,-0.095911,0.847515,0.080701,-0.314358,-0.108708
18.1000,0.019224,-0.235749,-0.095253,0.846812,0.080721,-0.314335,-0.108622
18.1333,0.017853,-0.236800,-0.094193,0.846801,0.080735,-0.314317,-0.108552
18.1667,0.016655,-0.237315,-0.092852,0.847465,0.080744,-0.314303,-0.108504
18.2000,0.015688,-0.238394,-0.089737,0.846949,0.080752,-0.314291,-0.108460
18.2333,0.014492,-0.238263,-0.089974,0.847174,0.080758,-0.314279,-0.108418
18.2667,0.013573,-0.238453,-0.089841,0.846743,0.080766,-0.314269,-0.108379
18.3000,0.012798,-0.238563,-0.090433,0.846176,0.080771,-0.314261,-0.108348
18.3333,0.012122,-0.238388,-0.091489,0.844940,0.080777,-0.314255,-0.108325
18.3667,0.011545,-0.237077,-0.092430,0.842762,0.080781,-0.314250,-0.108306
18.4000,0.010818,-0.234279,-0.092724,0.840185,0.080785,-0.314246,-0.108290
18.4333,0.010642,-0.233196,-0.092133,0.838078,0.080790,-0.314240,-0.108267
18.4667,0.010939,-0.233125,-0.091690,0.836068,0.080791,-0.314237,-0.108259
18.5000,0.011582,-0.233585,-0.092261,0.835449,0.080789,-0.314240,-0.108268
18.5333,0.012898,-0.235169,-0.087933,0.834634,0.080785,-0.314246,-0.108291
18.5667,0.014480,-0.236594,-0.084151,0.834330,0.080776,-0.314253,-0.108320
18.6000,0.015677,-0.236320,-0.085256,0.834512,0.080765,-0.314263,-0.108360
18.6333,0.016938,-0.235705,-0.087966,0.834770,0.080757,-0.314274,-0.108403
18.6667,0.017986,-0.234634,-0.094137,0.836168,0.080749,-0.314289,-0.108453
18.7000,0.019192,-0.234010,-0.100882,0.837456,0.080743,-0.314305,-0.108508
18.7333,0.020491,-0.233430,-0.106643,0.839532,0.080736,-0.314323,-0.108569
18.7667,0.021883,-0.233249,-0.111988,0.841839,0.080728,-0.314340,-0.108631
18.8000,0.023132,-0.233134,-0.118095,0.844624,0.080719,-0.314358,-0.108694
18.8333,0.024659,-0.233858,-0.120932,0.846800,0.080711,-0.314376,-0.108755
18.8667,0.026093,-0.233920,-0.121994,0.848164,0.080701,-0.314393,-0.108815
18.9000,0.027299,-0.233718,-0.123223,0.849328,0.080692,-0.314406,-0.108866
18.9333,0.028305,-0.233440,-0.123634,0.849536,0.080683,-0.314418,-0.108909
18.9667,0.028984,-0.233209,-0.123864,0.849679,0.080676,-0.314428,-0.108944
19.0000,0.029413,-0.233170,-0.123241,0.849400,0.080672,-0.314434,-0.108967
19.0333,0.029558,-0.233361,-0.122514,0.849126,0.080669,-0.314437,-0.108979
19.0667,0.029247,-0.232576,-0.122227,0.848776,0.080668,-0.314437,-0.108981
19.1000,0.028515,-0.231999,-0.122529,0.848687,0.080670,-0.314434,-0.108970
19.1333,0.027722,-0.232049,-0.119490,0.848161,0.080675,-0.314428,-0.108947
19.1667,0.026900,-0.232397,-0.113721,0.847654,0.080680,-0.314418,-0.108911
19.2000,0.025537,-0.232704,-0.110882,0.846800,0.080685,-0.314404,-0.108865
19.2333,0.023825,-0.232805,-0.108333,0.845552,0.080694,-0.314389,-0.108811
19.2667,0.022011,-0.232904,-0.105831,0.844260,0.080706,-0.314371,-0.108746
19.3000,0.019869,-0.233294,-0.106281,0.844052,0.080718,-0.314353,-0.108678
19.3333,0.017947,-0.236704,-0.108651,0.845452,0.080732,-0.314334,-0.108609
19.3667,0.017245,-0.239053,-0.103505,0.845017,0.080745,-0.314320,-0.108554
19.4000,0.016086,-0.240243,-0.102818,0.839317,0.080749,-0.314308,-0.108514
19.4333,0.015138,-0.241779,-0.101768,0.838715,0.080757,-0.314297,-0.108474
19.4667,0.013496,-0.242451,-0.107348,0.838719,0.080763,-0.314288,-0.108439
19.5000,0.011618,-0.240130,-0.128064,0.836072,0.080774,-0.314279,-0.108403
19.5333,0.008229,-0.232488,-0.165275,0.836389,0.080789,-0.314285,-0.108409
19.5667,0.005964,-0.227086,-0.195460,0.836119,0.080814,-0.314296,-0.108419
19.6000,0.003634,-0.220014,-0.227999,0.834843,0.080832,-0.314309,-0.108443
19.6333,0.002866,-0.216675,-0.249696,0.828223,0.080850,-0.314324,-0.108473
19.6667,0.003953,-0.215146,-0.259492,0.825915,0.080857,-0.314341,-0.108518
19.7000,0.006276,-0.215587,-0.264716,0.825578,0.080852,-0.314361,-0.108586
19.7333,0.010396,-0.216503,-0.262091,0.827415,0.080838,-0.314387,-0.108680
19.7667,0.014406,-0.216293,-0.258954,0.828461,0.080812,-0.314421,-0.108807
19.8000,0.015829,-0.212019,-0.268535,0.833851,0.080786,-0.314453,-0.108929
19.8333,0.016285,-0.207744,-0.272332,0.833847,0.080778,-0.314476,-0.109007
19.8667,0.017179,-0.204786,-0.271480,0.836419,0.080775,-0.314484,-0.109035
19.9000,0.014940,-0.196468,-0.284798,0.848776,0.080769,-0.314491,-0.109061
19.9333,0.012010,-0.177767,-0.305940,0.864090,0.080785,-0.314486,-0.109031
19.9667,0.005900,-0.155325,-0.334098,0.883481,0.080807,-0.314483,-0.109003
20.0000,0.001427,-0.151496,-0.334814,0.899751,0.080849,-0.314459,-0.108893
20.0333,-0.003201,-0.144198,-0.341290,0.918012,0.080876,-0.314420,-0.108747
20.0667,-0.007663,-0.133915,-0.305563,0.930763,0.080904,-0.314386,-0.108615
20.1000,-0.012465,-0.126261,-0.272334,0.926401,0.080926,-0.314308,-0.108352
20.1333,-0.020178,-0.119955,-0.241577,0.936568,0.080950,-0.314229,-0.108085
20.1667,-0.028969,-0.117504,-0.229965,0.946559,0.080988,-0.314128,-0.107729
20.2000,-0.036485,-0.115053,-0.207694,0.945780,0.081032,-0.314037,-0.107400
20.2333,-0.047649,-0.109339,-0.223261,0.945963,0.081066,-0.313946,-0.107077
20.2667,-0.056308,-0.107868,-0.222888,0.948836,0.081119,-0.313863,-0.106757
20.3000,-0.064124,-0.101757,-0.226424,0.948529,0.081155,-0.313785,-0.106468
20.3333,-0.072564,-0.096918,-0.212888,0.949723,0.081186,-0.313720,-0.106219
20.3667,-0.080982,-0.089813,-0.200599,0.956283,0.081216,-0.313629,-0.105893
20.4000,-0.091320,-0.083107,-0.220916,0.965776,0.081242,-0.313541,-0.105572
20.4333,-0.096948,-0.083137,-0.218686,0.967191,0.081276,-0.313470,-0.105293
20.4667,-0.100545,-0.082615,-0.194859,0.964526,0.081291,-0.313417,-0.105097
20.5000,-0.105650,-0.081241,-0.186047,0.964781,0.081298,-0.313359,-0.104899
20.5333,-0.109838,-0.081125,-0.190159,0.965451,0.081309,-0.313304,-0.104699
20.5667,-0.111682,-0.081086,-0.174692,0.961189,0.081320,-0.313271,-0.104573
20.6000,-0.117521,-0.077875,-0.186661,0.967048,0.081322,-0.313237,-0.104460
20.6333,-0.120253,-0.077672,-0.187338,0.968325,0.081335,-0.313198,-0.104304
20.6667,-0.123232,-0.074899,-0.191231,0.969434,0.081340,-0.313174,-0.104215
20.7000,-0.125990,-0.074288,-0.193644,0.970673,0.081346,-0.313152,-0.104128
20.7333,-0.128215,-0.074232,-0.193677,0.972265,0.081351,-0.313130,-0.104043
20.7667,-0.129648,-0.075086,-0.191789,0.972446,0.081355,-0.313110,-0.103969
20.8000,-0.130907,-0.076192,-0.190510,0.974528,0.081357,-0.313095,-0.103915
20.8333,-0.132604,-0.076559,-0.191668,0.976984,0.081359,-0.313082,-0.103868
20.8667,-0.134361,-0.077053,-0.191536,0.980696,0.081361,-0.313068,-0.103815
20.9000,-0.136050,-0.077887,-0.192102,0.983547,0.081364,-0.313052,-0.103756
20.9333,-0.137627,-0.078934,-0.190828,0.984755,0.081366,-0.313038,-0.103701
20.9667,-0.139086,-0.080295,-0.188709,0.985483,0.081368,-0.313022,-0.103644
21.0000,-0.140540,-0.081498,-0.184785,0.986485,0.081369,-0.313007,-0.103588
21.0333,-0.142219,-0.083271,-0.180749,0.986645,0.081371,-0.312989,-0.103527
21.0667,-0.144455,-0.082711,-0.182691,0.987847,0.081372,-0.312970,-0.103457
21.1000,-0.146418,-0.083264,-0.185019,0.988936,0.081375,-0.312952,-0.103389
21.1333,-0.148140,-0.083889,-0.186448,0.991091,0.081377,-0.312937,-0.103330
21.1667,-0.149628,-0.084290,-0.189119,0.992158,0.081379,-0.312923,-0.103277
21.2000,-0.150685,-0.084816,-0.191696,0.992487,0.081380,-0.312912,-0.103236
21.2333,-0.150872,-0.085357,-0.193459,0.992007,0.081381,-0.312906,-0.103209
21.2667,-0.151196,-0.085413,-0.197225,0.992473,0.081382,-0.312906,-0.103209
21.3000,-0.150914,-0.085577,-0.199609,0.992793,0.081382,-0.312907,-0.103210
21.3333,-0.149500,-0.086012,-0.199436,0.992520,0.081382,-0.312912,-0.103227
21.3667,-0.147601,-0.085829,-0.199220,0.992060,0.081381,-0.312925,-0.103274
21.4000,-0.145319,-0.085371,-0.199291,0.991133,0.081380,-0.312942,-0.103337
21.4333,-0.142674,-0.084653,-0.199870,0.990399,0.081377,-0.312962,-0.103414
21.4667,-0.140000,-0.083135,-0.203185,0.990235,0.081375,-0.312987,-0.103505
21.5000,-0.136771,-0.082099,-0.205255,0.990096,0.081372,-0.313014,-0.103605
21.5333,-0.133166,-0.081041,-0.207491,0.989756,0.081368,-0.313045,-0.103720
21.5667,-0.129464,-0.079251,-0.211469,0.987812,0.081364,-0.313080,-0.103848
21.6000,-0.126238,-0.076178,-0.221534,0.987546,0.081359,-0.313118,-0.103985
21.6333,-0.123672,-0.071962,-0.238868,0.989569,0.081355,-0.313158,-0.104126
21.6667,-0.118949,-0.071652,-0.240357,0.988967,0.081353,-0.313200,-0.104269
21.7000,-0.113560,-0.071654,-0.239224,0.987832,0.081344,-0.313244,-0.104432
21.7333,-0.107736,-0.071701,-0.236843,0.986349,0.081333,-0.313291,-0.104609
21.7667,-0.100947,-0.071220,-0.233148,0.983210,0.081320,-0.313341,-0.104796
21.8000,-0.094306,-0.071923,-0.228142,0.979692,0.081304,-0.313397,-0.105011
21.8333,-0.088333,-0.071799,-0.223843,0.978193,0.081285,-0.313451,-0.105217
21.8667,-0.082143,-0.071785,-0.224861,0.969094,0.081268,-0.313500,-0.105402
21.9000,-0.073205,-0.072885,-0.203861,0.951773,0.081249,-0.313557,-0.105612
21.9333,-0.066252,-0.076459,-0.189095,0.945995,0.081217,-0.313614,-0.105842
21.9667,-0.057791,-0.083730,-0.160467,0.933709,0.081190,-0.313660,-0.106026
22.0000,-0.044443,-0.101213,-0.090369,0.916241,0.081154,-0.313704,-0.106214
22.0333,-0.036687,-0.107116,-0.070499,0.907709,0.081089,-0.313747,-0.106429
22.0667,-0.030038,-0.112068,-0.060945,0.893323,0.081051,-0.313794,-0.106622
22.1000,-0.024091,-0.122909,-0.066357,0.870300,0.081018,-0.313843,-0.106812
22.1333,-0.013824,-0.128542,-0.067555,0.851860,0.080988,-0.313902,-0.107026
22.1667,-0.011485,-0.129774,-0.086976,0.859266,0.080933,-0.313994,-0.107371
22.2000,-0.009134,-0.132161,-0.084429,0.850458,0.080922,-0.314036,-0.107511
22.2333,-0.005567,-0.144201,-0.050800,0.842645,0.080909,-0.314054,-0.107581
22.2667,0.000792,-0.164706,0.003733,0.826089,0.080884,-0.314049,-0.107589
22.3000,0.001869,-0.174882,0.019729,0.806765,0.080840,-0.314047,-0.107623
22.3333,-0.000937,-0.180611,0.025622,0.796754,0.080832,-0.314039,-0.107607
22.3667,-0.006570,-0.183850,0.019437,0.784493,0.080848,-0.314008,-0.107495
22.4000,-0.013531,-0.187175,0.007767,0.759697,0.080882,-0.313964,-0.107329
22.4333,-0.022929,-0.189774,-0.006869,0.730805,0.080923,-0.313915,-0.107136
22.4667,-0.034420,-0.195129,-0.021688,0.712263,0.080975,-0.313848,-0.106872
22.5000,-0.056086,-0.174202,-0.083516,0.690476,0.081034,-0.313761,-0.106539
22.5333,-0.074736,-0.157294,-0.104654,0.674640,0.081138,-0.313635,-0.106019
22.5667,-0.090069,-0.155387,-0.105033,0.663961,0.081210,-0.313492,-0.105466
22.6000,-0.103746,-0.150033,-0.079448,0.657126,0.081259,-0.313355,-0.104955
22.6333,-0.119930,-0.150380,-0.081774,0.647156,0.081292,-0.313205,-0.104414
22.6667,-0.135914,-0.147067,-0.079177,0.622084,0.081327,-0.313062,-0.103880
22.7000,-0.151737,-0.147793,-0.094084,0.608463,0.081353,-0.312916,-0.103336
22.7333,-0.165349,-0.160501,-0.116834,0.602939,0.081371,-0.312790,-0.102854
22.7667,-0.174871,-0.184688,-0.122438,0.573358,0.081381,-0.312692,-0.102472
22.8000,-0.182418,-0.194658,-0.120566,0.536155,0.081382,-0.312613,-0.102171
22.8333,-0.175918,-0.255472,-0.041023,0.453886,0.081381,-0.312543,-0.101912
22.8667,-0.177051,-0.276280,-0.018961,0.425574,0.081373,-0.312515,-0.101871
22.9000,-0.180351,-0.293178,-0.012516,0.379620,0.081370,-0.312481,-0.101761
22.9333,-0.188062,-0.294288,-0.029260,0.339616,0.081369,-0.312444,-0.101630
22.9667,-0.195508,-0.299593,-0.039143,0.297344,0.081368,-0.312393,-0.101425
23.0000,-0.202977,-0.295518,-0.062883,0.234818,0.081364,-0.312337,-0.101208
23.0333,-0.209092,-0.294683,-0.076334,0.194090,0.081361,-0.312295,-0.101034
23.0667,-0.214883,-0.288227,-0.090236,0.161278,0.081355,-0.312255,-0.100873
23.1000,-0.220802,-0.288498,-0.101842,0.143579,0.081349,-0.312218,-0.100724
23.1333,-0.227090,-0.279824,-0.118660,0.131640,0.081341,-0.312178,-0.100564
23.1667,-0.231519,-0.276432,-0.120086,0.095828,0.081332,-0.312140,-0.100408
23.2000,-0.235318,-0.273568,-0.121804,0.080207,0.081324,-0.312101,-0.100265
23.2333,-0.238916,-0.274068,-0.128157,0.073885,0.081316,-0.312069,-0.100143
23.2667,-0.241437,-0.275094,-0.130593,0.076236,0.081309,-0.312044,-0.100043
23.3000,-0.243680,-0.275865,-0.139181,0.073961,0.081304,-0.312024,-0.099967
23.3333,-0.245169,-0.276460,-0.144032,0.075820,0.081299,-0.312013,-0.099920
23.3667,-0.246080,-0.276788,-0.149421,0.077187,0.081296,-0.312005,-0.099886
23.4000,-0.248488,-0.268183,-0.160324,0.083647,0.081295,-0.312003,-0.099873
23.4333,-0.250003,-0.260520,-0.166781,0.086642,0.081290,-0.311993,-0.099829
23.4667,-0.250186,-0.255248,-0.169006,0.088994,0.081287,-0.311987,-0.099799
23.5000,-0.247988,-0.257115,-0.165010,0.085962,0.081286,-0.311987,-0.099800
23.5333,-0.244467,-0.263111,-0.155782,0.081230,0.081292,-0.312003,-0.099861
23.5667,-0.242111,-0.265264,-0.151816,0.079293,0.081299,-0.312024,-0.099948
23.6000,-0.240156,-0.265357,-0.149195,0.077037,0.081305,-0.312041,-0.100014
23.6333,-0.238279,-0.265619,-0.147380,0.076311,0.081309,-0.312056,-0.100071
23.6667,-0.236612,-0.266104,-0.145850,0.076472,0.081313,-0.312071,-0.100128
23.7000,-0.235040,-0.265648,-0.145137,0.076842,0.081316,-0.312084,-0.100179
23.7333,-0.233570,-0.264284,-0.143752,0.077858,0.081320,-0.312097,-0.100229
23.7667,-0.231865,-0.263658,-0.142485,0.080241,0.081323,-0.312109,-0.100274
23.8000,-0.230080,-0.263744,-0.141813,0.086361,0.081326,-0.312123,-0.100326
23.8333,-0.227592,-0.265433,-0.136740,0.095098,0.081330,-0.312138,-0.100384
23.8667,-0.225203,-0.265532,-0.132257,0.103348,0.081334,-0.312155,-0.100451
23.9000,-0.223033,-0.264325,-0.128934,0.109336,0.081338,-0.312171,-0.100516
23.9333,-0.220846,-0.262821,-0.126102,0.115883,0.081341,-0.312187,-0.100578
23.9667,-0.218281,-0.260915,-0.122822,0.120910,0.081344,-0.312204,-0.100642
24.0000,-0.215360,-0.259350,-0.119894,0.123702,0.081348,-0.312223,-0.100717
24.0333,-0.212078,-0.257117,-0.115799,0.125660,0.081352,-0.312246,-0.100805
24.0667,-0.208634,-0.254189,-0.112568,0.127797,0.081356,-0.312271,-0.100902
24.1000,-0.204204,-0.252734,-0.106292,0.128505,0.081360,-0.312299,-0.101007
24.1333,-0.199352,-0.250741,-0.101420,0.128691,0.081364,-0.312332,-0.101135
24.1667,-0.194478,-0.248658,-0.096704,0.130024,0.081369,-0.312370,-0.101282
24.2000,-0.188772,-0.248760,-0.088178,0.131308,0.081372,-0.312408,-0.101430
24.2333,-0.182415,-0.251109,-0.078245,0.134855,0.081374,-0.312450,-0.101593
24.2667,-0.175267,-0.259012,-0.066038,0.137507,0.081376,-0.312497,-0.101774
24.3000,-0.169780,-0.265662,-0.058499,0.155628,0.081376,-0.312548,-0.101974
24.3333,-0.164518,-0.268180,-0.051771,0.163834,0.081375,-0.312589,-0.102133
24.3667,-0.159316,-0.273080,-0.044862,0.177545,0.081373,-0.312629,-0.102288
24.4000,-0.154148,-0.274764,-0.034810,0.212143,0.081370,-0.312668,-0.102440
24.4333,-0.150444,-0.275738,-0.037055,0.230135,0.081366,-0.312704,-0.102581
24.4667,-0.147189,-0.275154,-0.036689,0.241689,0.081363,-0.312739,-0.102712
24.5000,-0.143635,-0.276941,-0.026800,0.266973,0.081360,-0.312768,-0.102820
24.5333,-0.141381,-0.275775,-0.027353,0.294570,0.081356,-0.312789,-0.102907
24.5667,-0.138527,-0.275484,-0.029358,0.321352,0.081353,-0.312810,-0.102984
24.6000,-0.134669,-0.273914,-0.024106,0.345300,0.081350,-0.312838,-0.103087
24.6333,-0.135151,-0.262660,-0.039568,0.381160,0.081344,-0.312867,-0.103199
24.6667,-0.136627,-0.243879,-0.050192,0.440155,0.081347,-0.312879,-0.103233
24.7000,-0.132876,-0.230927,-0.053026,0.465995,0.081350,-0.312878,-0.103218
24.7333,-0.125635,-0.225130,-0.030680,0.491533,0.081345,-0.312914,-0.103353
24.7667,-0.116065,-0.230423,-0.008490,0.518209,0.081332,-0.312955,-0.103523
24.8000,-0.104660,-0.233211,0.016406,0.543222,0.081311,-0.313017,-0.103772
24.8333,-0.096665,-0.221969,0.013866,0.565644,0.081284,-0.313093,-0.104073
24.8667,-0.083131,-0.219284,0.025128,0.578710,0.081264,-0.313167,-0.104349
24.9000,-0.068031,-0.216119,0.029865,0.593133,0.081223,-0.313276,-0.104765
24.9333,-0.050601,-0.214522,0.033067,0.605949,0.081171,-0.313406,-0.105253
24.9667,-0.031577,-0.214391,0.036585,0.609634,0.081102,-0.313558,-0.105824
25.0000,-0.011132,-0.214617,0.043264,0.605528,0.081014,-0.313724,-0.106445
25.0333,0.009631,-0.212204,0.048794,0.603507,0.080905,-0.313899,-0.107101
25.0667,0.030201,-0.209896,0.051739,0.604836,0.080781,-0.314076,-0.107770
25.1000,0.046785,-0.199930,0.022623,0.619778,0.080643,-0.314255,-0.108437
25.1333,0.066073,-0.201225,0.019901,0.668369,0.080525,-0.314432,-0.109074
25.1667,0.082817,-0.197648,0.014951,0.660316,0.080372,-0.314603,-0.109713
25.2000,0.098445,-0.200396,0.009655,0.679644,0.080230,-0.314754,-0.110273
25.2333,0.112777,-0.210030,0.014002,0.684534,0.080089,-0.314896,-0.110796
25.2667,0.124239,-0.212874,0.012473,0.705999,0.079951,-0.315015,-0.111244
25.3000,0.136387,-0.220905,0.050402,0.725823,0.079837,-0.315115,-0.111617
25.3333,0.144378,-0.224014,0.076502,0.739058,0.079706,-0.315179,-0.111884
25.3667,0.147013,-0.229052,0.086821,0.749525,0.079618,-0.315219,-0.112056
25.4000,0.149044,-0.236509,0.114812,0.755568,0.079588,-0.315231,-0.112107
25.4333,0.146199,-0.239808,0.114908,0.758354,0.079562,-0.315219,-0.112084
25.4667,0.138679,-0.236476,0.077493,0.772978,0.079593,-0.315194,-0.111993
25.5000,0.129640,-0.230776,0.051788,0.788628,0.079679,-0.315169,-0.111871
25.5333,0.118717,-0.217733,0.023022,0.801590,0.079777,-0.315119,-0.111664
25.5667,0.107510,-0.206194,0.004563,0.804440,0.079891,-0.315056,-0.111406
25.6000,0.094064,-0.192017,-0.015827,0.818386,0.080004,-0.314979,-0.111105
25.6333,0.081639,-0.184673,-0.025093,0.831897,0.080133,-0.314885,-0.110737
25.6667,0.068548,-0.179894,-0.033784,0.835451,0.080245,-0.314787,-0.110364
25.7000,0.053729,-0.176010,-0.038439,0.838184,0.080358,-0.314683,-0.109967
25.7333,0.037073,-0.163281,-0.043350,0.847425,0.080478,-0.314558,-0.109499
25.7667,0.021116,-0.154159,-0.058932,0.848111,0.080605,-0.314417,-0.108970
25.8000,0.010240,-0.150696,-0.045580,0.844218,0.080718,-0.314294,-0.108496
25.8333,0.000648,-0.150380,-0.037285,0.842964,0.080788,-0.314183,-0.108094
25.8667,-0.009021,-0.150567,-0.038859,0.840440,0.080846,-0.314090,-0.107751
25.9000,-0.017689,-0.149209,-0.020705,0.846970,0.080903,-0.314006,-0.107436
25.9333,-0.025695,-0.147919,-0.000564,0.849952,0.080949,-0.313909,-0.107090
25.9667,-0.034431,-0.146732,0.008696,0.855562,0.080989,-0.313816,-0.106760
26.0000,-0.039731,-0.146290,0.039961,0.854531,0.081031,-0.313729,-0.106440
26.0333,-0.046458,-0.146978,0.042414,0.855968,0.081052,-0.313648,-0.106163
26.0667,-0.051978,-0.153003,0.059448,0.851959,0.081083,-0.313585,-0.105932
26.1000,-0.057951,-0.154864,0.064431,0.854093,0.081104,-0.313518,-0.105694
26.1333,-0.063163,-0.156508,0.069228,0.855183,0.081128,-0.313459,-0.105479
26.1667,-0.068796,-0.157399,0.070697,0.861577,0.081148,-0.313408,-0.105290
26.2000,-0.074752,-0.157297,0.069847,0.874094,0.081169,-0.313356,-0.105097
26.2333,-0.080810,-0.154793,0.060563,0.880560,0.081190,-0.313303,-0.104901
26.2667,-0.088897,-0.149115,0.029756,0.892856,0.081211,-0.313259,-0.104729
26.3000,-0.096602,-0.144971,-0.002368,0.902930,0.081240,-0.313220,-0.104557
26.3333,-0.103228,-0.142969,-0.016477,0.909268,0.081265,-0.313185,-0.104403
26.3667,-0.108556,-0.142085,-0.028392,0.912534,0.081284,-0.313141,-0.104227
26.4000,-0.113415,-0.142882,-0.037295,0.914628,0.081298,-0.313106,-0.104087
26.4333,-0.118779,-0.143136,-0.047391,0.918817,0.081309,-0.313072,-0.103954
26.4667,-0.124011,-0.143282,-0.060027,0.924716,0.081321,-0.313035,-0.103807
26.5000,-0.129363,-0.142105,-0.073282,0.930139,0.081332,-0.313002,-0.103673
26.5333,-0.134211,-0.141887,-0.082859,0.934237,0.081343,-0.312968,-0.103537
26.5667,-0.138247,-0.141284,-0.084671,0.936577,0.081351,-0.312935,-0.103405
26.6000,-0.141706,-0.139188,-0.081370,0.938524,0.081356,-0.312901,-0.103276
26.6333,-0.144409,-0.137461,-0.074045,0.940509,0.081360,-0.312866,-0.103149
26.6667,-0.146511,-0.136575,-0.065548,0.941618,0.081362,-0.312834,-0.103035
26.7000,-0.147956,-0.137869,-0.059145,0.940982,0.081363,-0.312806,-0.102937
26.7333,-0.149055,-0.139159,-0.051508,0.939767,0.081364,-0.312786,-0.102867
26.7667,-0.150348,-0.139940,-0.049172,0.939838,0.081364,-0.312768,-0.102806
26.8000,-0.151129,-0.140830,-0.048176,0.939427,0.081364,-0.312753,-0.102755
26.8333,-0.151454,-0.141507,-0.046637,0.939335,0.081365,-0.312745,-0.102725
26.8667,-0.151097,-0.142882,-0.042062,0.938289,0.081365,-0.312741,-0.102709
26.9000,-0.150821,-0.143244,-0.039217,0.937788,0.081364,-0.312739,-0.102706
26.9333,-0.149884,-0.142945,-0.041369,0.938401,0.081364,-0.312738,-0.102706
26.9667,-0.149162,-0.141747,-0.045060,0.940615,0.081363,-0.312749,-0.102745
27.0000,-0.146976,-0.140909,-0.051892,0.942090,0.081363,-0.312760,-0.102781
27.0333,-0.144434,-0.138940,-0.059928,0.943406,0.081362,-0.312787,-0.102877
27.0667,-0.144236,-0.137224,-0.103353,0.956296,0.081360,-0.312818,-0.102988
27.1000,-0.144769,-0.136838,-0.153039,0.972144,0.081365,-0.312867,-0.103136
27.1333,-0.143127,-0.139280,-0.193464,0.983467,0.081371,-0.312917,-0.103281
27.1667,-0.136841,-0.145877,-0.197692,0.983971,0.081375,-0.312976,-0.103468
27.2000,-0.130066,-0.147356,-0.191494,0.983718,0.081368,-0.313037,-0.103693
27.2333,-0.123462,-0.147587,-0.194763,0.984783,0.081357,-0.313091,-0.103900
27.2667,-0.116501,-0.146865,-0.202706,0.985580,0.081347,-0.313154,-0.104132
27.3000,-0.107100,-0.147206,-0.195482,0.980454,0.081335,-0.313225,-0.104391
27.3333,-0.099899,-0.145015,-0.210807,0.975746,0.081314,-0.313301,-0.104682
27.3667,-0.092736,-0.144476,-0.234474,0.968486,0.081298,-0.313382,-0.104973
27.4000,-0.081135,-0.146091,-0.232417,0.956843,0.081282,-0.313472,-0.105290
27.4333,-0.069768,-0.147723,-0.242414,0.939098,0.081247,-0.313574,-0.105671
27.4667,-0.059468,-0.148761,-0.241757,0.928195,0.081209,-0.313687,-0.106083
27.5000,-0.051814,-0.151158,-0.263999,0.914763,0.081170,-0.313778,-0.106424
27.5333,-0.046477,-0.154099,-0.290566,0.916295,0.081141,-0.313870,-0.106752
27.5667,-0.039766,-0.159063,-0.287496,0.909878,0.081121,-0.313947,-0.107016
27.6000,-0.035875,-0.163135,-0.303086,0.915024,0.081091,-0.314003,-0.107229
27.6333,-0.036916,-0.166814,-0.375065,0.921649,0.081074,-0.314055,-0.107409
27.6667,-0.032693,-0.172613,-0.378340,0.919885,0.081088,-0.314123,-0.107607
27.7000,-0.024179,-0.189065,-0.333526,0.910830,0.081068,-0.314164,-0.107757
27.7333,-0.018882,-0.194714,-0.305154,0.904016,0.081020,-0.314192,-0.107896
27.7667,-0.016575,-0.197381,-0.308198,0.895695,0.080988,-0.314208,-0.107979
27.8000,-0.013919,-0.200226,-0.304655,0.898744,0.080976,-0.314232,-0.108066
27.8333,-0.014347,-0.203097,-0.310943,0.904915,0.080961,-0.314252,-0.108142
27.8667,-0.014486,-0.206568,-0.311256,0.900552,0.080965,-0.314255,-0.108148
27.9000,-0.014841,-0.211581,-0.298972,0.901952,0.080965,-0.314254,-0.108145
27.9333,-0.014339,-0.216986,-0.287497,0.905498,0.080966,-0.314237,-0.108093
27.9667,-0.016559,-0.220983,-0.281685,0.900793,0.080962,-0.314229,-0.108073
28.0000,-0.017166,-0.224943,-0.261475,0.891622,0.080973,-0.314203,-0.107980
28.0333,-0.017573,-0.230613,-0.230077,0.871621,0.080974,-0.314176,-0.107894
28.0667,-0.020866,-0.235418,-0.222220,0.868726,0.080973,-0.314138,-0.107778
28.1000,-0.024804,-0.236688,-0.211717,0.869950,0.080989,-0.314100,-0.107643
28.1333,-0.028039,-0.237984,-0.194578,0.863337,0.081009,-0.314054,-0.107478
28.1667,-0.032318,-0.241000,-0.183269,0.858440,0.081023,-0.314006,-0.107315
28.2000,-0.036707,-0.240493,-0.172207,0.854124,0.081043,-0.313956,-0.107136
28.2333,-0.041723,-0.237718,-0.168596,0.851180,0.081063,-0.313905,-0.106954
28.2667,-0.048436,-0.229774,-0.180374,0.849253,0.081086,-0.313856,-0.106775
28.3000,-0.053810,-0.225667,-0.182250,0.845775,0.081117,-0.313809,-0.106591
28.3333,-0.059033,-0.220150,-0.184254,0.841429,0.081140,-0.313763,-0.106418
28.3667,-0.064293,-0.214168,-0.191328,0.840298,0.081162,-0.313719,-0.106250
28.4000,-0.068966,-0.209923,-0.197744,0.839755,0.081183,-0.313680,-0.106098
28.4333,-0.073424,-0.205043,-0.206593,0.840780,0.081201,-0.313645,-0.105963
28.4667,-0.077227,-0.201598,-0.213186,0.840048,0.081218,-0.313615,-0.105844
28.5000,-0.079861,-0.200751,-0.214199,0.839470,0.081232,-0.313588,-0.105738
28.5333,-0.082005,-0.200061,-0.215691,0.839674,0.081240,-0.313566,-0.105654
28.5667,-0.083688,-0.199638,-0.217444,0.840074,0.081247,-0.313548,-0.105587
28.6000,-0.084973,-0.198656,-0.219492,0.840446,0.081253,-0.313535,-0.105536
28.6333,-0.085709,-0.197682,-0.220909,0.840636,0.081257,-0.313526,-0.105500
28.6667,-0.085791,-0.197164,-0.220363,0.841212,0.081260,-0.313521,-0.105480
28.7000,-0.085237,-0.196884,-0.218434,0.841606,0.081260,-0.313519,-0.105476
28.7333,-0.084348,-0.196748,-0.217973,0.842340,0.081258,-0.313522,-0.105488
28.7667,-0.082589,-0.198137,-0.213501,0.842535,0.081255,-0.313529,-0.105516
28.8000,-0.080689,-0.198892,-0.211922,0.843407,0.081249,-0.313540,-0.105560
28.8333,-0.078745,-0.198876,-0.212710,0.845197,0.081243,-0.313556,-0.105619
28.8667,-0.076515,-0.198932,-0.213560,0.848426,0.081237,-0.313574,-0.105686
28.9000,-0.074079,-0.199025,-0.214746,0.853022,0.081229,-0.313595,-0.105763
28.9333,-0.071192,-0.200070,-0.213974,0.857130,0.081221,-0.313618,-0.105849
28.9667,-0.067995,-0.201445,-0.210952,0.858028,0.081211,-0.313643,-0.105942
29.0000,-0.064420,-0.203494,-0.203826,0.857501,0.081199,-0.313668,-0.106039
29.0333,-0.061260,-0.204210,-0.201149,0.857652,0.081185,-0.313692,-0.106135
29.0667,-0.058435,-0.204477,-0.201830,0.856999,0.081172,-0.313718,-0.106232
29.1000,-0.055932,-0.204931,-0.204327,0.857790,0.081161,-0.313744,-0.106328
29.1333,-0.053743,-0.205774,-0.208945,0.859010,0.081151,-0.313769,-0.106419
29.1667,-0.051447,-0.207486,-0.208958,0.859534,0.081143,-0.313793,-0.106507
29.2000,-0.049701,-0.207303,-0.210229,0.861310,0.081133,-0.313814,-0.106584
29.2333,-0.048114,-0.207018,-0.209860,0.862096,0.081126,-0.313831,-0.106646
29.2667,-0.046755,-0.206897,-0.209644,0.861602,0.081119,-0.313844,-0.106698
29.3000,-0.045843,-0.206865,-0.210741,0.860938,0.081113,-0.313856,-0.106742
29.3333,-0.045151,-0.207341,-0.212909,0.859682,0.081109,-0.313866,-0.106776
29.3667,-0.044583,-0.208264,-0.211342,0.858901,0.081107,-0.313874,-0.106806
29.4000,-0.043879,-0.209487,-0.206454,0.861072,0.081104,-0.313877,-0.106820
29.4333,-0.043129,-0.209754,-0.199883,0.861082,0.081100,-0.313878,-0.106828
29.4667,-0.042670,-0.209596,-0.194493,0.858760,0.081096,-0.313878,-0.106831
29.5000,-0.042375,-0.209049,-0.188260,0.855707,0.081093,-0.313876,-0.106829
29.5333,-0.042884,-0.206108,-0.187869,0.853417,0.081091,-0.313872,-0.106818
29.5667,-0.043310,-0.198770,-0.183628,0.848767,0.081093,-0.313867,-0.106800
29.6000,-0.044798,-0.186527,-0.186107,0.845715,0.081095,-0.313859,-0.106772
29.6333,-0.044316,-0.181575,-0.170985,0.837524,0.081102,-0.313848,-0.106730
29.6667,-0.044251,-0.179603,-0.162331,0.832880,0.081098,-0.313836,-0.106697
29.7000,-0.044249,-0.178748,-0.154620,0.829870,0.081097,-0.313827,-0.106671
29.7333,-0.044603,-0.178322,-0.151807,0.829530,0.081096,-0.313818,-0.106645
29.7667,-0.045689,-0.177643,-0.156284,0.831528,0.081097,-0.313812,-0.106625
29.8000,-0.046284,-0.178566,-0.157309,0.831836,0.081102,-0.313807,-0.106603
29.8333,-0.046504,-0.180091,-0.154678,0.830612,0.081105,-0.313803,-0.106587
29.8667,-0.045772,-0.184141,-0.145387,0.826061,0.081106,-0.313798,-0.106571
29.9000,-0.045007,-0.187432,-0.135145,0.823147,0.081101,-0.313795,-0.106565
29.9333,-0.045095,-0.189062,-0.134144,0.822150,0.081097,-0.313790,-0.106557
29.9667,-0.045499,-0.189013,-0.137609,0.821955,0.081097,-0.313789,-0.106550
30.0000,-0.045683,-0.189446,-0.141242,0.822272,0.081099,-0.313789,-0.106548
30.0333,-0.045562,-0.189888,-0.145357,0.818634,0.081100,-0.313791,-0.106554
30.0667,-0.045801,-0.190394,-0.156007,0.820985,0.081100,-0.313797,-0.106571
30.1000,-0.045788,-0.189004,-0.163459,0.820603,0.081103,-0.313806,-0.106598
30.1333,-0.047210,-0.184708,-0.188918,0.832001,0.081104,-0.313814,-0.106623
30.1667,-0.049057,-0.176440,-0.218867,0.835048,0.081113,-0.313830,-0.106659
30.2000,-0.050998,-0.166647,-0.251532,0.836955,0.081124,-0.313846,-0.106696
30.2333,-0.051116,-0.160983,-0.270704,0.835059,0.081136,-0.313864,-0.106738
30.2667,-0.049370,-0.159576,-0.275653,0.832302,0.081139,-0.313884,-0.106797
30.3000,-0.048941,-0.154320,-0.294790,0.821709,0.081132,-0.313905,-0.106871
30.3333,-0.046755,-0.152767,-0.299390,0.820038,0.081133,-0.313929,-0.106947
30.3667,-0.044651,-0.150472,-0.305962,0.817541,0.081124,-0.313954,-0.107035
30.4000,-0.042628,-0.146775,-0.313891,0.812535,0.081115,-0.313980,-0.107126
30.4333,-0.040643,-0.144244,-0.322717,0.811065,0.081107,-0.314006,-0.107219
30.4667,-0.039000,-0.142502,-0.334551,0.808903,0.081099,-0.314034,-0.107314
30.5000,-0.037987,-0.142375,-0.352419,0.807883,0.081093,-0.314061,-0.107407
30.5333,-0.035782,-0.143622,-0.355876,0.807524,0.081090,-0.314089,-0.107498
30.5667,-0.034199,-0.144501,-0.359741,0.805116,0.081080,-0.314113,-0.107583
30.6000,-0.032950,-0.142099,-0.364758,0.802565,0.081073,-0.314131,-0.107648
30.6333,-0.030736,-0.142323,-0.360945,0.804825,0.081067,-0.314147,-0.107705
30.6667,-0.030152,-0.142704,-0.368219,0.807349,0.081056,-0.314163,-0.107767
30.7000,-0.029464,-0.142139,-0.368919,0.818275,0.081054,-0.314176,-0.107809
30.7333,-0.029719,-0.141610,-0.371419,0.824087,0.081051,-0.314183,-0.107834
30.7667,-0.029979,-0.142045,-0.364963,0.826897,0.081052,-0.314183,-0.107834
30.8000,-0.031437,-0.141929,-0.354126,0.841680,0.081053,-0.314174,-0.107805
30.8333,-0.033503,-0.143677,-0.332188,0.858652,0.081059,-0.314149,-0.107721
30.8667,-0.036427,-0.144793,-0.305938,0.877772,0.081066,-0.314107,-0.107582
30.9000,-0.045023,-0.138534,-0.287680,0.901067,0.081077,-0.314053,-0.107400
30.9333,-0.052851,-0.134467,-0.270003,0.909852,0.081115,-0.313957,-0.107055
30.9667,-0.057849,-0.132035,-0.242794,0.913308,0.081146,-0.313868,-0.106737
31.0000,-0.064991,-0.123076,-0.200573,0.924779,0.081164,-0.313793,-0.106481
31.0333,-0.070928,-0.118403,-0.178565,0.928084,0.081187,-0.313684,-0.106105
31.0667,-0.078174,-0.116315,-0.165311,0.930458,0.081206,-0.313607,-0.105835
31.1000,-0.086115,-0.115234,-0.157925,0.931686,0.081229,-0.313527,-0.105550
31.1333,-0.093493,-0.114212,-0.147330,0.934187,0.081253,-0.313448,-0.105261
31.1667,-0.101337,-0.112077,-0.139814,0.934974,0.081274,-0.313370,-0.104979
31.2000,-0.109675,-0.110006,-0.146424,0.947890,0.081294,-0.313292,-0.104692
31.2333,-0.116679,-0.102800,-0.157669,0.948630,0.081314,-0.313224,-0.104435
31.2667,-0.127387,-0.090030,-0.189172,0.956446,0.081330,-0.313174,-0.104237
31.3000,-0.137663,-0.078202,-0.215197,0.965476,0.081353,-0.313112,-0.103982
31.3333,-0.144579,-0.072892,-0.225761,0.969215,0.081371,-0.313048,-0.103723
31.3667,-0.149857,-0.068803,-0.231119,0.970759,0.081380,-0.312998,-0.103525
31.4000,-0.152938,-0.068667,-0.220031,0.969168,0.081385,-0.312956,-0.103366
31.4333,-0.156204,-0.070428,-0.216228,0.971420,0.081386,-0.312916,-0.103226
31.4667,-0.159282,-0.071581,-0.215081,0.974629,0.081388,-0.312883,-0.103104
31.5000,-0.161903,-0.072459,-0.213561,0.975324,0.081390,-0.312854,-0.102997
31.5333,-0.164273,-0.072787,-0.212745,0.975315,0.081391,-0.312829,-0.102905
31.5667,-0.166266,-0.073354,-0.211944,0.975075,0.081391,-0.312807,-0.102822
31.6000,-0.168159,-0.073739,-0.211278,0.975169,0.081392,-0.312788,-0.102753
31.6333,-0.170141,-0.073880,-0.212259,0.976032,0.081392,-0.312770,-0.102687
31.6667,-0.171587,-0.075334,-0.209032,0.976436,0.081393,-0.312753,-0.102624
31.7000,-0.172794,-0.076571,-0.206297,0.976741,0.081392,-0.312737,-0.102565
31.7333,-0.173671,-0.077828,-0.202295,0.977000,0.081392,-0.312723,-0.102516
31.7667,-0.174546,-0.078540,-0.200918,0.977605,0.081392,-0.312711,-0.102473
31.8000,-0.174980,-0.079604,-0.199306,0.977942,0.081392,-0.312701,-0.102439
31.8333,-0.175199,-0.080657,-0.197855,0.978443,0.081391,-0.312696,-0.102419
31.8667,-0.175399,-0.081152,-0.197270,0.978865,0.081391,-0.312692,-0.102407
31.9000,-0.174909,-0.082418,-0.193656,0.978560,0.081391,-0.312690,-0.102399
31.9333,-0.174113,-0.084166,-0.188194,0.977884,0.081391,-0.312690,-0.102403
31.9667,-0.171959,-0.088466,-0.174726,0.975522,0.081390,-0.312691,-0.102412
32.0000,-0.169435,-0.093065,-0.162853,0.973208,0.081388,-0.312696,-0.102440
32.0333,-0.167579,-0.094341,-0.157942,0.972085,0.081387,-0.312706,-0.102486
32.0667,-0.165733,-0.094470,-0.156158,0.970976,0.081386,-0.312717,-0.102532
32.1000,-0.163283,-0.094960,-0.152372,0.969472,0.081385,-0.312732,-0.102588
32.1333,-0.160177,-0.095617,-0.146223,0.966876,0.081384,-0.312750,-0.102658
32.1667,-0.156694,-0.096484,-0.140951,0.964109,0.081382,-0.312771,-0.102742
32.2000,-0.152602,-0.097819,-0.134877,0.960993,0.081380,-0.312796,-0.102841
32.2333,-0.148185,-0.100016,-0.130881,0.959197,0.081376,-0.312826,-0.102959
32.2667,-0.142930,-0.101586,-0.124519,0.955188,0.081372,-0.312862,-0.103094
32.3000,-0.137462,-0.102812,-0.118833,0.951987,0.081366,-0.312902,-0.103249
32.3333,-0.132310,-0.100291,-0.113827,0.948017,0.081359,-0.312945,-0.103414
32.3667,-0.126396,-0.100081,-0.103999,0.940999,0.081352,-0.312986,-0.103570
32.4000,-0.120048,-0.100471,-0.092533,0.934377,0.081341,-0.313028,-0.103736
32.4333,-0.113251,-0.101722,-0.086559,0.922789,0.081329,-0.313073,-0.103911
32.4667,-0.106328,-0.102343,-0.076459,0.915775,0.081315,-0.313127,-0.104119
32.5000,-0.099035,-0.104475,-0.051499,0.908794,0.081298,-0.313178,-0.104318
32.5333,-0.091482,-0.108630,-0.041226,0.897015,0.081277,-0.313216,-0.104481
32.5667,-0.085261,-0.111065,-0.035382,0.886415,0.081256,-0.313273,-0.104700
32.6000,-0.074669,-0.122854,-0.005991,0.868202,0.081237,-0.313322,-0.104889
32.6333,-0.069719,-0.129071,0.003525,0.856550,0.081199,-0.313385,-0.105147
32.6667,-0.063617,-0.138435,0.025427,0.838100,0.081180,-0.313419,-0.105282
32.7000,-0.058166,-0.149155,0.046385,0.807352,0.081155,-0.313450,-0.105415
32.7333,-0.056014,-0.150384,0.047788,0.791913,0.081131,-0.313477,-0.105529
32.7667,-0.052812,-0.155598,0.056257,0.777289,0.081122,-0.313494,-0.105597
32.8000,-0.049510,-0.163736,0.063076,0.744016,0.081108,-0.313514,-0.105676
32.8333,-0.046498,-0.173640,0.085016,0.708171,0.081093,-0.313536,-0.105764
32.8667,-0.045976,-0.182521,0.091731,0.680706,0.081078,-0.313540,-0.105795
32.9000,-0.046407,-0.192885,0.098864,0.634074,0.081075,-0.313537,-0.105791
32.9333,-0.054045,-0.185889,0.082090,0.634506,0.081076,-0.313526,-0.105754
32.9667,-0.066238,-0.170494,0.039216,0.585734,0.081110,-0.313475,-0.105553
33.0000,-0.074029,-0.170329,0.032965,0.611347,0.081163,-0.313412,-0.105283
33.0333,-0.084606,-0.170964,0.006291,0.614683,0.081192,-0.313349,-0.105043
33.0667,-0.095066,-0.167294,-0.006605,0.619052,0.081230,-0.313283,-0.104776
33.1000,-0.113444,-0.142313,-0.075985,0.615756,0.081262,-0.313203,-0.104468
33.1333,-0.124579,-0.139371,-0.093215,0.609282,0.081314,-0.313114,-0.104079
33.1667,-0.139495,-0.138985,-0.154706,0.579815,0.081337,-0.313033,-0.103762
33.2000,-0.150560,-0.134969,-0.176505,0.568952,0.081366,-0.312966,-0.103463
33.2333,-0.164558,-0.126142,-0.224308,0.548284,0.081379,-0.312890,-0.103164
33.2667,-0.176946,-0.114390,-0.256457,0.550853,0.081393,-0.312817,-0.102851
33.3000,-0.184457,-0.116774,-0.254165,0.542124,0.081398,-0.312740,-0.102540
33.3333,-0.191427,-0.114794,-0.252712,0.535889,0.081396,-0.312670,-0.102281
33.3667,-0.191376,-0.132404,-0.215587,0.526346,0.081392,-0.312606,-0.102042
33.4000,-0.190704,-0.155490,-0.184326,0.516374,0.081388,-0.312566,-0.101923
33.4333,-0.189086,-0.168674,-0.160417,0.467288,0.081385,-0.312538,-0.101843
33.4667,-0.189391,-0.172666,-0.159145,0.440137,0.081383,-0.312526,-0.101819
33.5000,-0.190283,-0.168836,-0.164354,0.424040,0.081382,-0.312522,-0.101804
33.5333,-0.192840,-0.160871,-0.170466,0.419816,0.081383,-0.312520,-0.101792
33.5667,-0.192260,-0.163316,-0.161598,0.419376,0.081382,-0.312504,-0.101726
33.6000,-0.191775,-0.165309,-0.154098,0.428444,0.081381,-0.312499,-0.101716
33.6333,-0.191312,-0.166382,-0.150747,0.441818,0.081380,-0.312495,-0.101708
33.6667,-0.189011,-0.171466,-0.139169,0.448595,0.081380,-0.312496,-0.101713
33.7000,-0.187201,-0.171131,-0.128768,0.448689,0.081380,-0.312504,-0.101752
33.7333,-0.182962,-0.178414,-0.110358,0.448740,0.081380,-0.312509,-0.101778
33.7667,-0.179649,-0.183662,-0.100312,0.494180,0.081380,-0.312527,-0.101860
33.8000,-0.178282,-0.183268,-0.098000,0.517880,0.081379,-0.312546,-0.101939
33.8333,-0.177193,-0.182053,-0.097021,0.532538,0.081379,-0.312555,-0.101977
33.8667,-0.176014,-0.180514,-0.096362,0.538204,0.081379,-0.312564,-0.102010
33.9000,-0.174202,-0.179080,-0.090496,0.541454,0.081379,-0.312574,-0.102048
33.9333,-0.172264,-0.179857,-0.082850,0.539863,0.081379,-0.312584,-0.102089
33.9667,-0.170325,-0.182074,-0.074883,0.534459,0.081378,-0.312593,-0.102129
34.0000,-0.168867,-0.184367,-0.067723,0.528390,0.081377,-0.312602,-0.102168
34.0333,-0.165493,-0.195175,-0.047453,0.517762,0.081376,-0.312607,-0.102194
34.0667,-0.163261,-0.201932,-0.035409,0.506457,0.081372,-0.312615,-0.102241
34.1000,-0.163520,-0.203081,-0.037221,0.502686,0.081370,-0.312622,-0.102277
34.1333,-0.163937,-0.203345,-0.040536,0.497550,0.081371,-0.312622,-0.102274
34.1667,-0.164495,-0.203391,-0.042151,0.494989,0.081371,-0.312622,-0.102271
34.2000,-0.165367,-0.203022,-0.046341,0.493510,0.081372,-0.312619,-0.102257
34.2333,-0.166540,-0.202379,-0.051928,0.494772,0.081372,-0.312615,-0.102242
34.2667,-0.167355,-0.200434,-0.057164,0.494372,0.081373,-0.312611,-0.102221
34.3000,-0.168341,-0.198496,-0.059697,0.493411,0.081374,-0.312609,-0.102210
34.3333,-0.169991,-0.196008,-0.068235,0.497200,0.081375,-0.312603,-0.102185
34.3667,-0.170917,-0.195681,-0.070338,0.497395,0.081376,-0.312598,-0.102158
34.4000,-0.171304,-0.196034,-0.068668,0.495615,0.081376,-0.312592,-0.102134
34.4333,-0.172036,-0.196744,-0.067747,0.497656,0.081376,-0.312586,-0.102115
34.4667,-0.173361,-0.194796,-0.079501,0.502095,0.081376,-0.312579,-0.102088
34.5000,-0.175175,-0.193081,-0.099611,0.508940,0.081377,-0.312580,-0.102082
34.5333,-0.175340,-0.191455,-0.105936,0.510360,0.081380,-0.312585,-0.102086
34.5667,-0.175519,-0.190739,-0.114969,0.514235,0.081380,-0.312591,-0.102102
34.6000,-0.174799,-0.192664,-0.113515,0.521106,0.081381,-0.312599,-0.102125
34.6333,-0.173434,-0.194471,-0.111618,0.524637,0.081381,-0.312604,-0.102144
34.6667,-0.172162,-0.195462,-0.111577,0.530807,0.081381,-0.312614,-0.102184
34.7000,-0.172425,-0.191710,-0.119239,0.542248,0.081381,-0.312625,-0.102227
34.7333,-0.173067,-0.185593,-0.132631,0.551579,0.081382,-0.312631,-0.102243
34.7667,-0.172172,-0.179024,-0.134367,0.553827,0.081384,-0.312640,-0.102265
34.8000,-0.170169,-0.178684,-0.131954,0.553075,0.081384,-0.312650,-0.102301
34.8333,-0.167745,-0.178380,-0.125940,0.550361,0.081383,-0.312665,-0.102360
34.8667,-0.166137,-0.176789,-0.126458,0.551503,0.081382,-0.312681,-0.102422
34.9000,-0.164400,-0.175884,-0.128730,0.550187,0.081382,-0.312696,-0.102477
34.9333,-0.162083,-0.174785,-0.126254,0.550998,0.081382,-0.312714,-0.102543
34.9667,-0.158159,-0.174308,-0.110874,0.552309,0.081381,-0.312732,-0.102613
35.0000,-0.154582,-0.170375,-0.100321,0.556076,0.081377,-0.312750,-0.102694
35.0333,-0.151130,-0.169135,-0.094681,0.555375,0.081373,-0.312771,-0.102779
35.0667,-0.148354,-0.163837,-0.096674,0.559040,0.081370,-0.312796,-0.102877
35.1000,-0.144849,-0.159656,-0.093994,0.563218,0.081368,-0.312823,-0.102976
35.1333,-0.141067,-0.142675,-0.087902,0.560907,0.081365,-0.312851,-0.103085
35.1667,-0.134321,-0.141110,-0.072230,0.555772,0.081360,-0.312879,-0.103192
35.2000,-0.126344,-0.147415,-0.056610,0.552580,0.081350,-0.312922,-0.103367
35.2333,-0.116024,-0.158520,-0.030962,0.548301,0.081336,-0.312977,-0.103583
35.2667,-0.104662,-0.167400,-0.000833,0.545901,0.081314,-0.313042,-0.103846
35.3000,-0.094903,-0.169340,0.009810,0.542328,0.081286,-0.313111,-0.104128
35.3333,-0.082735,-0.175781,0.032055,0.545910,0.081259,-0.313187,-0.104421
35.3667,-0.071709,-0.178349,0.040907,0.544719,0.081221,-0.313272,-0.104756
35.4000,-0.060006,-0.181147,0.050739,0.558098,0.081183,-0.313362,-0.105095
35.4333,-0.047916,-0.181207,0.056574,0.562494,0.081138,-0.313456,-0.105454
35.4667,-0.034583,-0.187892,0.064187,0.572581,0.081087,-0.313557,-0.105838
35.5000,-0.020935,-0.191708,0.072430,0.580034,0.081025,-0.313668,-0.106257
35.5333,-0.007333,-0.198922,0.076987,0.601698,0.080955,-0.313781,-0.106684
35.5667,0.004821,-0.202856,0.075144,0.612839,0.080880,-0.313896,-0.107120
35.6000,0.018844,-0.210703,0.078557,0.652634,0.080808,-0.314006,-0.107527
35.6333,0.027976,-0.213182,0.046422,0.680263,0.080717,-0.314126,-0.107978
35.6667,0.038108,-0.220998,0.057766,0.707532,0.080659,-0.314241,-0.108381
35.7000,0.044267,-0.223067,0.050127,0.719773,0.080586,-0.314318,-0.108678
35.7333,0.045954,-0.224793,0.022545,0.732548,0.080541,-0.314380,-0.108904
35.7667,0.050681,-0.229586,0.051450,0.753887,0.080531,-0.314424,-0.109047
35.8000,0.052179,-0.232991,0.060658,0.748604,0.080492,-0.314435,-0.109109
35.8333,0.047028,-0.223846,0.063744,0.772784,0.080479,-0.314438,-0.109129
35.8667,0.040357,-0.215846,0.057584,0.785608,0.080518,-0.314390,-0.108951
35.9000,0.033087,-0.209132,0.057646,0.805423,0.080569,-0.314338,-0.108752
35.9333,0.023082,-0.201581,0.050457,0.809467,0.080622,-0.314274,-0.108513
35.9667,0.010818,-0.190306,0.042600,0.840744,0.080692,-0.314193,-0.108207
36.0000,0.001418,-0.184697,0.061812,0.839370,0.080774,-0.314094,-0.107829
36.0333,-0.007214,-0.176554,0.073055,0.837567,0.080830,-0.313990,-0.107457
36.0667,-0.016660,-0.174334,0.076735,0.840835,0.080880,-0.313902,-0.107136
36.1000,-0.025903,-0.172659,0.073465,0.839093,0.080932,-0.313814,-0.106812
36.1333,-0.033221,-0.170437,0.080132,0.838553,0.080981,-0.313735,-0.106516
36.1667,-0.043337,-0.161339,0.078358,0.843109,0.081017,-0.313663,-0.106252
36.2000,-0.055111,-0.147964,0.063892,0.852507,0.081065,-0.313575,-0.105921
36.2333,-0.065064,-0.139943,0.046058,0.863838,0.081117,-0.313485,-0.105575
36.2667,-0.073017,-0.136999,0.047618,0.870226,0.081158,-0.313415,-0.105301
36.3000,-0.079149,-0.134956,0.051935,0.869207,0.081187,-0.313343,-0.105030
36.3333,-0.084086,-0.134691,0.053333,0.869254,0.081207,-0.313283,-0.104812
36.3667,-0.089848,-0.131606,0.047750,0.870744,0.081223,-0.313238,-0.104642
36.4000,-0.095220,-0.129334,0.038506,0.876116,0.081241,-0.313192,-0.104468
36.4333,-0.100062,-0.128027,0.025362,0.879536,0.081257,-0.313154,-0.104318
36.4667,-0.103412,-0.127134,0.021872,0.879341,0.081271,-0.313124,-0.104198
36.5000,-0.106681,-0.127567,0.022669,0.880816,0.081280,-0.313098,-0.104097
36.5333,-0.110363,-0.126281,0.021620,0.884068,0.081288,-0.313068,-0.103985
36.5667,-0.112910,-0.126478,0.020957,0.890979,0.081296,-0.313036,-0.103865
36.6000,-0.114714,-0.126339,0.021772,0.892325,0.081302,-0.313014,-0.103782
36.6333,-0.118197,-0.123835,0.015106,0.896975,0.081305,-0.312997,-0.103719
36.6667,-0.121139,-0.121792,0.010917,0.902200,0.081313,-0.312973,-0.103624
36.7000,-0.123053,-0.121339,0.008953,0.908143,0.081319,-0.312951,-0.103539
36.7333,-0.124000,-0.120690,0.007664,0.909394,0.081323,-0.312936,-0.103481
36.7667,-0.124773,-0.119523,0.006163,0.909110,0.081324,-0.312929,-0.103454
36.8000,-0.125489,-0.117815,0.003232,0.910748,0.081326,-0.312923,-0.103433
36.8333,-0.125911,-0.116098,-0.000298,0.912586,0.081327,-0.312920,-0.103418
36.8667,-0.126234,-0.115516,-0.003655,0.914845,0.081329,-0.312920,-0.103415
36.9000,-0.126948,-0.113840,-0.006248,0.916338,0.081329,-0.312921,-0.103415
36.9333,-0.127531,-0.112121,-0.009776,0.917912,0.081331,-0.312917,-0.103400
36.9667,-0.127599,-0.111282,-0.008179,0.918945,0.081332,-0.312916,-0.103392
37.0000,-0.127395,-0.111207,-0.004016,0.919894,0.081332,-0.312913,-0.103384
37.0333,-0.127224,-0.111245,-0.000040,0.920912,0.081331,-0.312911,-0.103378
37.0667,-0.127104,-0.111252,0.004971,0.922430,0.081331,-0.312908,-0.103370
37.1000,-0.127351,-0.111104,0.006961,0.925479,0.081330,-0.312904,-0.103358
37.1333,-0.127668,-0.110549,0.009723,0.927638,0.081330,-0.312899,-0.103344
37.1667,-0.127546,-0.110686,0.014060,0.928316,0.081330,-0.312893,-0.103324
37.2000,-0.127476,-0.111890,0.018589,0.930232,0.081330,-0.312890,-0.103314
37.2333,-0.127964,-0.111595,0.017365,0.932626,0.081329,-0.312886,-0.103302
37.2667,-0.128636,-0.110463,0.013508,0.935577,0.081330,-0.312883,-0.103290
37.3000,-0.129917,-0.108124,0.005987,0.938649,0.081331,-0.312881,-0.103279
37.3333,-0.130621,-0.106679,0.001152,0.940586,0.081334,-0.312877,-0.103261
37.3667,-0.131278,-0.104907,-0.002299,0.941321,0.081336,-0.312876,-0.103253
37.4000,-0.131187,-0.103824,-0.004564,0.941638,0.081337,-0.312874,-0.103242
37.4333,-0.130763,-0.102986,-0.008688,0.941603,0.081337,-0.312877,-0.103252
37.4667,-0.130141,-0.102331,-0.017435,0.943712,0.081337,-0.312885,-0.103280
37.5000,-0.129753,-0.100921,-0.028034,0.947930,0.081337,-0.312901,-0.103329
37.5333,-0.128495,-0.101100,-0.033295,0.950971,0.081338,-0.312915,-0.103376
37.5667,-0.127177,-0.102032,-0.047025,0.956930,0.081337,-0.312932,-0.103436
37.6000,-0.128155,-0.103948,-0.086515,0.967734,0.081336,-0.312959,-0.103524
37.6333,-0.130371,-0.104869,-0.134438,0.975713,0.081342,-0.312993,-0.103620
37.6667,-0.129350,-0.102011,-0.150560,0.975615,0.081351,-0.313026,-0.103703
37.7000,-0.130419,-0.103130,-0.193550,0.983434,0.081352,-0.313052,-0.103790
37.7333,-0.131292,-0.108844,-0.259048,0.993418,0.081358,-0.313090,-0.103895
37.7667,-0.128515,-0.110277,-0.284081,0.990533,0.081367,-0.313153,-0.104079
37.8000,-0.125191,-0.112683,-0.293470,0.990560,0.081366,-0.313205,-0.104254
37.8333,-0.121069,-0.113281,-0.294073,0.990665,0.081362,-0.313245,-0.104396
37.8667,-0.116263,-0.114610,-0.290243,0.989679,0.081354,-0.313283,-0.104536
37.9000,-0.110166,-0.118466,-0.280033,0.986068,0.081345,-0.313322,-0.104685
37.9333,-0.100834,-0.127533,-0.250577,0.981825,0.081331,-0.313366,-0.104855
37.9667,-0.092024,-0.137483,-0.224606,0.974815,0.081305,-0.313417,-0.105072
38.0000,-0.083203,-0.145499,-0.219756,0.965217,0.081279,-0.313468,-0.105281
38.0333,-0.075367,-0.157742,-0.215299,0.962049,0.081252,-0.313542,-0.105560
38.0667,-0.071430,-0.159563,-0.237887,0.965462,0.081226,-0.313607,-0.105807
38.1000,-0.068130,-0.161035,-0.261463,0.968498,0.081215,-0.313667,-0.106013
38.1333,-0.064260,-0.161055,-0.281875,0.967578,0.081205,-0.313722,-0.106200
38.1667,-0.060277,-0.159230,-0.284158,0.965691,0.081193,-0.313779,-0.106395
38.2000,-0.055649,-0.159824,-0.307140,0.960374,0.081178,-0.313817,-0.106535
38.2333,-0.049355,-0.161441,-0.311504,0.957062,0.081162,-0.313883,-0.106764
38.2667,-0.042154,-0.167237,-0.312156,0.954822,0.081136,-0.313944,-0.106988
38.3000,-0.034796,-0.170507,-0.308746,0.944091,0.081105,-0.314009,-0.107230
38.3333,-0.028716,-0.172171,-0.305771,0.935203,0.081070,-0.314071,-0.107463
38.3667,-0.022271,-0.176988,-0.291544,0.930767,0.081040,-0.314121,-0.107655
38.4000,-0.015236,-0.181090,-0.276863,0.924573,0.081005,-0.314163,-0.107823
38.4333,-0.007511,-0.187481,-0.249528,0.920250,0.080965,-0.314210,-0.108008
38.4667,-0.002278,-0.191050,-0.233477,0.918771,0.080919,-0.314249,-0.108175
38.5000,0.001734,-0.191284,-0.231535,0.915508,0.080886,-0.314277,-0.108295
38.5333,0.004197,-0.191047,-0.231607,0.915444,0.080862,-0.314311,-0.108422
38.5667,0.005883,-0.190508,-0.232724,0.916282,0.080847,-0.314333,-0.108503
38.6000,0.007094,-0.190405,-0.231636,0.915623,0.080837,-0.314349,-0.108562
38.6333,0.007551,-0.189655,-0.233467,0.915487,0.080829,-0.314358,-0.108599
38.6667,0.008325,-0.189677,-0.228298,0.915069,0.080827,-0.314364,-0.108620
38.7000,0.008884,-0.189440,-0.224585,0.913890,0.080821,-0.314366,-0.108628
38.7333,0.009490,-0.190112,-0.217475,0.913954,0.080817,-0.314367,-0.108635
38.7667,0.009511,-0.190051,-0.214538,0.914728,0.080813,-0.314364,-0.108631
38.8000,0.008939,-0.189492,-0.213979,0.916020,0.080812,-0.314361,-0.108623
38.8333,0.008444,-0.188982,-0.210276,0.916160,0.080816,-0.314355,-0.108602
38.8667,0.007666,-0.188570,-0.207211,0.916259,0.080818,-0.314347,-0.108573
38.9000,0.006850,-0.188139,-0.203540,0.915843,0.080823,-0.314337,-0.108538
38.9333,0.005807,-0.187943,-0.200460,0.915262,0.080827,-0.314326,-0.108499
38.9667,0.004898,-0.188046,-0.196946,0.914330,0.080834,-0.314313,-0.108454
39.0000,0.003783,-0.187753,-0.196163,0.913198,0.080839,-0.314301,-0.108413
39.0333,0.002801,-0.187491,-0.194672,0.911661,0.080846,-0.314290,-0.108373
39.0667,0.002376,-0.187310,-0.190629,0.908814,0.080851,-0.314280,-0.108336
39.1000,0.001901,-0.187148,-0.188629,0.906594,0.080854,-0.314272,-0.108309
39.1333,0.002018,-0.186725,-0.182190,0.903476,0.080856,-0.314266,-0.108287
39.1667,0.002168,-0.186098,-0.177472,0.900981,0.080855,-0.314260,-0.108269
39.2000,0.001907,-0.185051,-0.178376,0.899183,0.080853,-0.314256,-0.108259
39.2333,0.001651,-0.184131,-0.180097,0.898962,0.080855,-0.314254,-0.108253
39.2667,0.001654,-0.183579,-0.180591,0.898901,0.080857,-0.314254,-0.108250
39.3000,0.001706,-0.183163,-0.181292,0.898289,0.080857,-0.314255,-0.108252
39.3333,0.001671,-0.182651,-0.182735,0.896854,0.080857,-0.314256,-0.108256
39.3667,0.001529,-0.182137,-0.183415,0.895402,0.080857,-0.314257,-0.108260
39.4000,0.001296,-0.181435,-0.183896,0.893482,0.080858,-0.314257,-0.108257
39.4333,0.001134,-0.180218,-0.182264,0.891201,0.080859,-0.314255,-0.108251
39.4667,0.000818,-0.179446,-0.178849,0.888916,0.080860,-0.314252,-0.108240
39.5000,0.000165,-0.178822,-0.177656,0.887621,0.080862,-0.314245,-0.108219
39.5333,-0.001862,-0.176181,-0.185788,0.887832,0.080865,-0.314238,-0.108193
39.5667,-0.003823,-0.175398,-0.188828,0.887085,0.080878,-0.314229,-0.108153
39.6000,-0.006038,-0.175118,-0.189530,0.885859,0.080890,-0.314215,-0.108098
39.6333,-0.008585,-0.175267,-0.188932,0.885180,0.080903,-0.314196,-0.108027
39.6667,-0.011637,-0.175880,-0.185630,0.885877,0.080918,-0.314173,-0.107941
39.7000,-0.015693,-0.175495,-0.185366,0.886245,0.080935,-0.314142,-0.107829
39.7333,-0.019469,-0.175679,-0.182072,0.886640,0.080957,-0.314106,-0.107694
39.7667,-0.024947,-0.173720,-0.181528,0.888804,0.080977,-0.314069,-0.107558
39.8000,-0.030463,-0.172323,-0.178633,0.892705,0.081006,-0.314020,-0.107375
39.8333,-0.035938,-0.171344,-0.176933,0.895045,0.081033,-0.313967,-0.107182
39.8667,-0.042074,-0.169713,-0.180678,0.899200,0.081060,-0.313917,-0.106995
39.9000,-0.047886,-0.168897,-0.183099,0.901641,0.081089,-0.313866,-0.106803
39.9333,-0.052773,-0.169380,-0.176448,0.905731,0.081115,-0.313817,-0.106618
39.9667,-0.056315,-0.173952,-0.158461,0.907062,0.081135,-0.313766,-0.106433
40.0000,-0.061022,-0.174453,-0.148128,0.911508,0.081148,-0.313715,-0.106256
40.0333,-0.065932,-0.173979,-0.137383,0.911662,0.081165,-0.313662,-0.106066
40.0667,-0.070169,-0.172758,-0.119853,0.909697,0.081183,-0.313606,-0.105867
40.1000,-0.074431,-0.172836,-0.112459,0.910787,0.081196,-0.313549,-0.105668
40.1333,-0.078538,-0.172061,-0.105276,0.915083,0.081210,-0.313503,-0.105502
40.1667,-0.082789,-0.171512,-0.100807,0.921984,0.081223,-0.313458,-0.105341
40.2000,-0.088324,-0.166347,-0.110346,0.932673,0.081236,-0.313416,-0.105185
40.2333,-0.091832,-0.167232,-0.108419,0.938815,0.081255,-0.313376,-0.105031
40.2667,-0.095213,-0.167556,-0.105973,0.946314,0.081264,-0.313343,-0.104907
40.3000,-0.098398,-0.167999,-0.103533,0.952014,0.081274,-0.313310,-0.104786
40.3333,-0.101805,-0.168228,-0.101620,0.959180,0.081282,-0.313279,-0.104672
40.3667,-0.103365,-0.166132,-0.081827,0.962296,0.081290,-0.313246,-0.104552
40.4000,-0.104664,-0.162416,-0.059669,0.963070,0.081292,-0.313211,-0.104435
40.4333,-0.107515,-0.158207,-0.058843,0.964911,0.081292,-0.313175,-0.104319
40.4667,-0.111232,-0.152882,-0.069397,0.968497,0.081299,-0.313148,-0.104221
40.5000,-0.116648,-0.143620,-0.098159,0.977209,0.081308,-0.313126,-0.104131
40.5333,-0.120041,-0.138654,-0.109677,0.981445,0.081323,-0.313109,-0.104044
40.5667,-0.123334,-0.137712,-0.118889,0.986713,0.081331,-0.313091,-0.103968
40.6000,-0.126938,-0.134880,-0.137670,0.992376,0.081338,-0.313072,-0.103887
40.6333,-0.134003,-0.123495,-0.183738,1.004136,0.081346,-0.313060,-0.103828
40.6667,-0.139437,-0.115541,-0.214082,1.012881,0.081362,-0.313047,-0.103742
40.7000,-0.141600,-0.115046,-0.219271,1.015005,0.081373,-0.313031,-0.103660
40.7333,-0.144008,-0.114679,-0.224567,1.017934,0.081376,-0.313017,-0.103604
40.7667,-0.147668,-0.112149,-0.237900,1.022034,0.081379,-0.313002,-0.103541
40.8000,-0.155270,-0.104473,-0.273712,1.031376,0.081384,-0.312983,-0.103462
40.8333,-0.160590,-0.100873,-0.284142,1.038348,0.081394,-0.312954,-0.103323
40.8667,-0.165175,-0.100543,-0.287871,1.041280,0.081398,-0.312917,-0.103179
40.9000,-0.169314,-0.100607,-0.291507,1.045672,0.081401,-0.312880,-0.103037
40.9333,-0.172911,-0.100502,-0.290905,1.052323,0.081402,-0.312847,-0.102910
40.9667,-0.172733,-0.099188,-0.251791,1.048666,0.081402,-0.312814,-0.102788
41.0000,-0.173154,-0.085582,-0.206028,1.039289,0.081398,-0.312773,-0.102666
41.0333,-0.174567,-0.072270,-0.170035,1.030875,0.081392,-0.312719,-0.102503
41.0667,-0.178258,-0.066928,-0.159711,1.027786,0.081388,-0.312667,-0.102337
41.1000,-0.182171,-0.063774,-0.154675,1.026133,0.081386,-0.312623,-0.102180
41.1333,-0.185860,-0.063241,-0.156679,1.026608,0.081385,-0.312582,-0.102032
41.1667,-0.189245,-0.064387,-0.160638,1.028287,0.081384,-0.312551,-0.101915
41.2000,-0.192513,-0.065376,-0.166275,1.030200,0.081383,-0.312525,-0.101814
41.2333,-0.194759,-0.066034,-0.166060,1.031050,0.081381,-0.312502,-0.101723
41.2667,-0.197132,-0.064878,-0.168855,1.031790,0.081380,-0.312482,-0.101647
41.3000,-0.199129,-0.063856,-0.169775,1.032114,0.081378,-0.312463,-0.101577
41.3333,-0.200376,-0.063854,-0.169118,1.032243,0.081377,-0.312446,-0.101513
41.3667,-0.201306,-0.063786,-0.170062,1.032514,0.081376,-0.312435,-0.101469
41.4000,-0.202193,-0.063441,-0.173438,1.033374,0.081375,-0.312427,-0.101441
41.4333,-0.202621,-0.062886,-0.176877,1.034304,0.081374,-0.312423,-0.101422
41.4667,-0.202921,-0.061069,-0.182711,1.035793,0.081374,-0.312423,-0.101419
41.5000,-0.203631,-0.058118,-0.194995,1.038652,0.081375,-0.312426,-0.101428
41.5333,-0.202870,-0.057287,-0.199683,1.039626,0.081375,-0.312434,-0.101444
41.5667,-0.201020,-0.057325,-0.197303,1.038749,0.081377,-0.312445,-0.101485
41.6000,-0.198242,-0.059302,-0.190969,1.035850,0.081378,-0.312460,-0.101540
41.6333,-0.195559,-0.060739,-0.186096,1.033371,0.081380,-0.312478,-0.101612
41.6667,-0.192860,-0.061771,-0.182554,1.031722,0.081382,-0.312496,-0.101686
41.7000,-0.190044,-0.062884,-0.178705,1.030179,0.081383,-0.312517,-0.101765
41.7333,-0.187219,-0.063770,-0.175552,1.028274,0.081384,-0.312538,-0.101847
41.7667,-0.184700,-0.063960,-0.173469,1.026662,0.081385,-0.312560,-0.101931
41.8000,-0.181991,-0.064312,-0.171690,1.025445,0.081386,-0.312580,-0.102009
41.8333,-0.178925,-0.065043,-0.168085,1.022959,0.081387,-0.312603,-0.102094
41.8667,-0.175550,-0.066665,-0.162840,1.019748,0.081387,-0.312626,-0.102185
41.9000,-0.172423,-0.067599,-0.159681,1.017669,0.081387,-0.312651,-0.102281
41.9333,-0.169151,-0.068047,-0.155606,1.015559,0.081387,-0.312675,-0.102375
41.9667,-0.165515,-0.067910,-0.148601,1.011035,0.081386,-0.312700,-0.102472
42.0000,-0.161223,-0.069378,-0.138679,1.006256,0.081384,-0.312725,-0.102571
42.0333,-0.156321,-0.071594,-0.125337,1.000797,0.081382,-0.312753,-0.102682
42.0667,-0.152522,-0.071136,-0.122354,0.997891,0.081378,-0.312783,-0.102803
42.1000,-0.148994,-0.070196,-0.120280,0.995153,0.081375,-0.312813,-0.102921
42.1333,-0.145128,-0.069488,-0.119599,0.990350,0.081372,-0.312843,-0.103032
42.1667,-0.140943,-0.067911,-0.120324,0.984440,0.081368,-0.312877,-0.103159
42.2000,-0.136141,-0.066696,-0.121332,0.980219,0.081364,-0.312915,-0.103302
42.2333,-0.130645,-0.066396,-0.124894,0.976661,0.081358,-0.312959,-0.103466
42.2667,-0.123935,-0.065865,-0.124001,0.971410,0.081351,-0.313013,-0.103662
42.3000,-0.118128,-0.064324,-0.127186,0.968638,0.081340,-0.313072,-0.103884
42.3333,-0.111490,-0.063479,-0.125914,0.963816,0.081329,-0.313128,-0.104089
42.3667,-0.102859,-0.065746,-0.112317,0.954369,0.081316,-0.313186,-0.104307
42.4000,-0.094739,-0.068148,-0.105550,0.946967,0.081294,-0.313248,-0.104551
42.4333,-0.088290,-0.069241,-0.113412,0.941193,0.081272,-0.313314,-0.104801
42.4667,-0.080523,-0.070658,-0.106540,0.931691,0.081255,-0.313380,-0.105042
42.5000,-0.072175,-0.073850,-0.100447,0.923666,0.081230,-0.313442,-0.105279
42.5333,-0.062906,-0.079459,-0.090901,0.913999,0.081201,-0.313510,-0.105538
42.5667,-0.052975,-0.083588,-0.073789,0.907282,0.081166,-0.313583,-0.105816
42.6000,-0.042465,-0.089710,-0.062145,0.896951,0.081124,-0.313653,-0.106091
42.6333,-0.032583,-0.092796,-0.048571,0.884164,0.081077,-0.313734,-0.106403
42.6667,-0.017042,-0.107845,0.004810,0.863810,0.081029,-0.313807,-0.106687
42.7000,-0.005074,-0.111303,0.011212,0.850943,0.080942,-0.313887,-0.107029
42.7333,0.005221,-0.116487,0.021786,0.837792,0.080874,-0.313987,-0.107405
42.7667,0.016602,-0.128727,0.056190,0.822406,0.080811,-0.314066,-0.107711
42.8000,0.027398,-0.140506,0.081082,0.802194,0.080735,-0.314130,-0.107976
42.8333,0.039528,-0.149309,0.093306,0.776176,0.080659,-0.314199,-0.108252
42.8667,0.049978,-0.159941,0.113058,0.768275,0.080571,-0.314293,-0.108611
42.9000,0.058324,-0.167724,0.126200,0.764157,0.080490,-0.314364,-0.108891
42.9333,0.065241,-0.175269,0.122363,0.729566,0.080423,-0.314423,-0.109123
42.9667,0.067832,-0.180028,0.106266,0.715554,0.080368,-0.314487,-0.109360
43.0000,0.075029,-0.190888,0.116365,0.710277,0.080348,-0.314527,-0.109495
43.0333,0.079209,-0.199416,0.129707,0.695891,0.080286,-0.314579,-0.109698
43.0667,0.079143,-0.203018,0.149117,0.680621,0.080249,-0.314601,-0.109792
43.1000,0.077619,-0.206552,0.140345,0.650751,0.080247,-0.314581,-0.109729
43.1333,0.072702,-0.209153,0.132678,0.637869,0.080261,-0.314576,-0.109707
43.1667,0.062181,-0.202961,0.105884,0.620012,0.080304,-0.314542,-0.109571
43.2000,0.051125,-0.204358,0.100089,0.619532,0.080395,-0.314478,-0.109312
43.2333,0.040663,-0.210977,0.104732,0.623204,0.080483,-0.314387,-0.108969
43.2667,0.025948,-0.213047,0.091165,0.604147,0.080561,-0.314291,-0.108612
43.3000,0.007138,-0.206808,0.068737,0.567122,0.080668,-0.314175,-0.108172
43.3333,-0.013794,-0.202408,0.026223,0.549495,0.080794,-0.314033,-0.107624
43.3667,-0.032904,-0.192070,-0.009778,0.534315,0.080922,-0.313893,-0.107068
43.4000,-0.048876,-0.182162,-0.032985,0.542511,0.081026,-0.313762,-0.106550
43.4333,-0.060555,-0.177842,-0.033648,0.542890,0.081102,-0.313645,-0.106095
43.4667,-0.070345,-0.179005,-0.032491,0.538357,0.081150,-0.313541,-0.105708
43.5000,-0.079585,-0.178789,-0.036974,0.542881,0.081187,-0.313453,-0.105378
43.5333,-0.087767,-0.178668,-0.043750,0.545279,0.081219,-0.313375,-0.105084
43.5667,-0.090808,-0.184693,-0.015146,0.541894,0.081245,-0.313309,-0.104832
43.6000,-0.094582,-0.189362,-0.001966,0.549785,0.081251,-0.313251,-0.104638
43.6333,-0.097612,-0.191174,0.009047,0.553547,0.081260,-0.313203,-0.104469
43.6667,-0.100513,-0.192313,0.012055,0.554608,0.081267,-0.313164,-0.104332
43.7000,-0.102495,-0.193419,0.013030,0.556819,0.081274,-0.313135,-0.104226
43.7333,-0.102827,-0.197194,0.021164,0.554856,0.081279,-0.313116,-0.104156
43.7667,-0.102552,-0.200569,0.027426,0.552955,0.081279,-0.313104,-0.104119
43.8000,-0.101345,-0.205037,0.034810,0.550230,0.081277,-0.313100,-0.104108
43.8333,-0.099570,-0.209107,0.041755,0.550321,0.081273,-0.313103,-0.104125
43.8667,-0.097946,-0.210378,0.042261,0.552288,0.081268,-0.313111,-0.104162
43.9000,-0.095687,-0.211720,0.044554,0.554341,0.081264,-0.313125,-0.104215
43.9333,-0.093139,-0.212101,0.045404,0.556217,0.081257,-0.313143,-0.104283
43.9667,-0.090271,-0.211862,0.045162,0.557633,0.081250,-0.313165,-0.104365
44.0000,-0.087617,-0.210282,0.040171,0.559800,0.081242,-0.313191,-0.104462
44.0333,-0.084293,-0.210034,0.038806,0.559428,0.081235,-0.313220,-0.104567
44.0667,-0.080617,-0.211088,0.039931,0.558409,0.081225,-0.313251,-0.104682
44.1000,-0.077127,-0.211234,0.041491,0.558826,0.081213,-0.313283,-0.104801
44.1333,-0.073524,-0.210872,0.047037,0.558477,0.081202,-0.313312,-0.104913
44.1667,-0.070548,-0.210248,0.049288,0.559772,0.081189,-0.313339,-0.105015
44.2000,-0.068199,-0.209228,0.049290,0.558595,0.081178,-0.313363,-0.105107
44.2333,-0.066575,-0.207172,0.047222,0.558343,0.081169,-0.313384,-0.105186
44.2667,-0.065921,-0.207546,0.040813,0.561492,0.081164,-0.313401,-0.105246
44.3000,-0.065464,-0.207993,0.038355,0.563279,0.081162,-0.313413,-0.105289
44.3333,-0.065443,-0.207684,0.037320,0.564616,0.081161,-0.313420,-0.105312
44.3667,-0.065954,-0.207915,0.036029,0.567070,0.081161,-0.313421,-0.105316
44.4000,-0.067195,-0.206919,0.032234,0.569066,0.081163,-0.313418,-0.105303
44.4333,-0.068521,-0.206733,0.030890,0.567565,0.081168,-0.313411,-0.105274
44.4667,-0.069691,-0.206889,0.033045,0.563927,0.081173,-0.313401,-0.105234
44.5000,-0.070810,-0.207340,0.037063,0.560807,0.081177,-0.313388,-0.105188
44.5333,-0.071999,-0.208098,0.040238,0.559965,0.081180,-0.313374,-0.105138
44.5667,-0.073107,-0.209164,0.043308,0.560505,0.081184,-0.313360,-0.105088
44.6000,-0.074329,-0.210008,0.044031,0.560769,0.081188,-0.313346,-0.105041
44.6333,-0.075317,-0.210854,0.044742,0.561129,0.081192,-0.313335,-0.104998
44.6667,-0.075956,-0.211614,0.045783,0.562220,0.081195,-0.313325,-0.104963
44.7000,-0.076404,-0.212312,0.044269,0.563796,0.081197,-0.313318,-0.104938
44.7333,-0.076549,-0.212597,0.042281,0.565469,0.081199,-0.313316,-0.104928
44.7667,-0.076190,-0.212276,0.042158,0.565722,0.081200,-0.313317,-0.104929
44.8000,-0.075301,-0.212126,0.042454,0.564582,0.081198,-0.313320,-0.104942
44.8333,-0.073882,-0.212074,0.043884,0.562578,0.081195,-0.313328,-0.104971
44.8667,-0.072156,-0.212036,0.045402,0.561352,0.081190,-0.313339,-0.105013
44.9000,-0.070027,-0.212686,0.047153,0.560221,0.081184,-0.313353,-0.105066
44.9333,-0.067402,-0.213753,0.050887,0.559795,0.081176,-0.313370,-0.105131
44.9667,-0.064337,-0.215554,0.056594,0.558109,0.081166,-0.313389,-0.105207
45.0000,-0.060605,-0.218789,0.065799,0.556067,0.081154,-0.313411,-0.105291
45.0333,-0.056497,-0.222728,0.076842,0.552969,0.081139,-0.313434,-0.105386
45.0667,-0.052351,-0.226250,0.086459,0.549950,0.081121,-0.313459,-0.105488
45.1000,-0.048522,-0.228098,0.092622,0.550203,0.081103,-0.313486,-0.105595
45.1333,-0.044874,-0.228790,0.096317,0.549217,0.081086,-0.313514,-0.105703
45.1667,-0.041439,-0.228578,0.097063,0.547336,0.081069,-0.313542,-0.105813
45.2000,-0.038046,-0.227109,0.096798,0.546139,0.081054,-0.313572,-0.105925
45.2333,-0.034706,-0.224374,0.095136,0.546699,0.081038,-0.313603,-0.106039
45.2667,-0.032939,-0.214577,0.078911,0.553094,0.081022,-0.313634,-0.106155
45.3000,-0.031317,-0.205359,0.057508,0.563362,0.081016,-0.313667,-0.106265
45.3333,-0.028013,-0.201457,0.047520,0.567464,0.081010,-0.313704,-0.106387
45.3667,-0.023356,-0.200830,0.047037,0.569423,0.080995,-0.313744,-0.106528
45.4000,-0.017769,-0.201903,0.051453,0.572096,0.080971,-0.313786,-0.106684
45.4333,-0.012271,-0.202010,0.053705,0.572782,0.080941,-0.313831,-0.106855
45.4667,-0.004118,-0.205189,0.078094,0.571139,0.080911,-0.313877,-0.107030
45.5000,0.002463,-0.207643,0.084206,0.574639,0.080861,-0.313924,-0.107222
45.5333,0.008223,-0.207328,0.085660,0.573925,0.080821,-0.313975,-0.107420
45.5667,0.014098,-0.207222,0.087652,0.573664,0.080785,-0.314025,-0.107606
45.6000,0.020141,-0.207356,0.090780,0.576275,0.080748,-0.314075,-0.107793
45.6333,0.026633,-0.208770,0.095467,0.580062,0.080707,-0.314125,-0.107982
45.6667,0.032410,-0.209133,0.098381,0.582041,0.080663,-0.314177,-0.108181
45.7000,0.039385,-0.210643,0.115134,0.577519,0.080622,-0.314225,-0.108362
45.7333,0.043703,-0.208068,0.114980,0.579472,0.080570,-0.314268,-0.108538
45.7667,0.048779,-0.208101,0.123126,0.605409,0.080538,-0.314307,-0.108680
45.8000,0.052845,-0.208127,0.127112,0.616536,0.080498,-0.314343,-0.108820
45.8333,0.057205,-0.211654,0.146022,0.638303,0.080466,-0.314374,-0.108941
45.8667,0.058317,-0.210209,0.147565,0.657286,0.080430,-0.314392,-0.109024
45.9000,0.056536,-0.208248,0.139059,0.685601,0.080421,-0.314401,-0.109056
45.9333,0.054906,-0.209678,0.124343,0.695237,0.080436,-0.314394,-0.109024
45.9667,0.052260,-0.206261,0.125576,0.727912,0.080451,-0.314395,-0.109017
46.0000,0.047126,-0.206469,0.089678,0.739046,0.080471,-0.314370,-0.108926
46.0333,0.044397,-0.202093,0.090212,0.758269,0.080515,-0.314363,-0.108872
46.0667,0.040985,-0.199533,0.087516,0.757069,0.080535,-0.314339,-0.108781
46.1000,0.031244,-0.184003,0.054436,0.772317,0.080561,-0.314312,-0.108677
46.1333,0.022403,-0.169334,0.027968,0.796280,0.080635,-0.314261,-0.108463
46.1667,0.014366,-0.156782,0.005425,0.801355,0.080699,-0.314211,-0.108257
46.2000,0.005532,-0.138668,-0.014248,0.819108,0.080755,-0.314165,-0.108065
46.2333,-0.003287,-0.122547,-0.038947,0.830519,0.080814,-0.314108,-0.107837
46.2667,-0.009649,-0.119879,-0.041716,0.834276,0.080870,-0.314057,-0.107626
46.3000,-0.015691,-0.119398,-0.041111,0.839848,0.080907,-0.314003,-0.107425
46.3333,-0.023014,-0.116755,-0.041410,0.846036,0.080940,-0.313949,-0.107223
46.3667,-0.032003,-0.111895,-0.044887,0.853624,0.080979,-0.313884,-0.106981
46.4000,-0.039479,-0.111116,-0.044430,0.857279,0.081025,-0.313808,-0.106694
46.4333,-0.047480,-0.111472,-0.042123,0.868989,0.081061,-0.313741,-0.106444
46.4667,-0.054970,-0.114542,-0.032239,0.874132,0.081097,-0.313667,-0.106171
46.5000,-0.061080,-0.120950,-0.024020,0.880164,0.081127,-0.313590,-0.105889
46.5333,-0.070758,-0.119447,-0.030703,0.885979,0.081151,-0.313526,-0.105659
46.5667,-0.083265,-0.113264,-0.049107,0.893389,0.081188,-0.313447,-0.105358
46.6000,-0.091744,-0.109872,-0.053215,0.894174,0.081232,-0.313355,-0.105000
46.6333,-0.100420,-0.108565,-0.057014,0.905045,0.081258,-0.313284,-0.104730
46.6667,-0.108302,-0.107295,-0.061313,0.911143,0.081282,-0.313210,-0.104453
46.7000,-0.115241,-0.106630,-0.065828,0.915876,0.081301,-0.313144,-0.104203
46.7333,-0.120589,-0.107918,-0.064075,0.920800,0.081316,-0.313087,-0.103985
46.7667,-0.127023,-0.108323,-0.068013,0.924248,0.081327,-0.313037,-0.103800
46.8000,-0.135401,-0.107822,-0.090495,0.933888,0.081338,-0.312983,-0.103598
46.8333,-0.141478,-0.109430,-0.099281,0.940441,0.081353,-0.312933,-0.103390
46.8667,-0.147165,-0.110267,-0.105750,0.947088,0.081362,-0.312888,-0.103215
46.9000,-0.153337,-0.110319,-0.118405,0.954561,0.081368,-0.312843,-0.103046
46.9333,-0.157677,-0.111156,-0.120897,0.957481,0.081375,-0.312802,-0.102880
46.9667,-0.163261,-0.111226,-0.138820,0.962610,0.081378,-0.312766,-0.102743
47.0000,-0.166812,-0.111763,-0.142963,0.963816,0.081382,-0.312735,-0.102614
47.0333,-0.169628,-0.112468,-0.143154,0.964198,0.081384,-0.312708,-0.102509
47.0667,-0.171345,-0.113170,-0.138701,0.964659,0.081385,-0.312682,-0.102415
47.1000,-0.173156,-0.113488,-0.136396,0.966035,0.081384,-0.312662,-0.102343
47.1333,-0.174978,-0.112972,-0.134431,0.967323,0.081384,-0.312643,-0.102274
47.1667,-0.176152,-0.113589,-0.133041,0.968166,0.081384,-0.312625,-0.102207
47.2000,-0.177351,-0.114179,-0.132356,0.968709,0.081384,-0.312613,-0.102163
47.2333,-0.178258,-0.114705,-0.131301,0.970060,0.081383,-0.312601,-0.102121
47.2667,-0.179648,-0.114556,-0.135535,0.972811,0.081383,-0.312592,-0.102087
47.3000,-0.181481,-0.114080,-0.145440,0.977753,0.081383,-0.312584,-0.102054
47.3333,-0.183150,-0.113411,-0.147182,0.981259,0.081384,-0.312578,-0.102025
47.3667,-0.184291,-0.113285,-0.147093,0.982724,0.081384,-0.312565,-0.101975
47.4000,-0.185383,-0.113031,-0.147470,0.984667,0.081383,-0.312555,-0.101936
47.4333,-0.186694,-0.110006,-0.146845,0.986640,0.081383,-0.312546,-0.101901
47.4667,-0.189969,-0.104397,-0.164089,0.993281,0.081382,-0.312533,-0.101855
47.5000,-0.191737,-0.101138,-0.174402,0.995912,0.081383,-0.312523,-0.101801
47.5333,-0.193358,-0.098515,-0.187225,0.999773,0.081383,-0.312518,-0.101776
47.5667,-0.195412,-0.097588,-0.207714,1.006847,0.081383,-0.312517,-0.101763
47.6000,-0.198281,-0.100015,-0.244276,1.015686,0.081384,-0.312521,-0.101762
47.6333,-0.200242,-0.101073,-0.275743,1.022348,0.081386,-0.312535,-0.101785
47.6667,-0.203120,-0.100450,-0.315680,1.033015,0.081388,-0.312552,-0.101822
47.7000,-0.203168,-0.103433,-0.342221,1.040115,0.081390,-0.312569,-0.101855
47.7333,-0.200291,-0.105544,-0.345579,1.041832,0.081393,-0.312598,-0.101939
47.7667,-0.194221,-0.113179,-0.336127,1.041913,0.081396,-0.312627,-0.102047
47.8000,-0.188111,-0.118034,-0.328357,1.041435,0.081400,-0.312671,-0.102220
47.8333,-0.182096,-0.119043,-0.321244,1.037469,0.081403,-0.312718,-0.102399
47.8667,-0.175927,-0.119894,-0.322965,1.037546,0.081404,-0.312764,-0.102578
47.9000,-0.169665,-0.120475,-0.317757,1.036104,0.081406,-0.312822,-0.102791
47.9333,-0.161785,-0.121948,-0.317133,1.027058,0.081405,-0.312872,-0.102984
47.9667,-0.151295,-0.124469,-0.303277,1.021840,0.081403,-0.312942,-0.103246
48.0000,-0.138012,-0.131849,-0.265708,1.004339,0.081395,-0.313022,-0.103553
48.0333,-0.126331,-0.136139,-0.253684,0.988318,0.081377,-0.313100,-0.103876
48.0667,-0.115337,-0.141037,-0.237378,0.981614,0.081359,-0.313192,-0.104228
48.1000,-0.098257,-0.158044,-0.175316,0.963504,0.081337,-0.313273,-0.104543
48.1333,-0.085497,-0.168100,-0.133423,0.953876,0.081290,-0.313358,-0.104912
48.1667,-0.076986,-0.169253,-0.134267,0.948822,0.081249,-0.313427,-0.105201
48.2000,-0.069470,-0.168700,-0.141057,0.945397,0.081222,-0.313504,-0.105488
48.2333,-0.062636,-0.169047,-0.147933,0.940335,0.081196,-0.313579,-0.105761
48.2667,-0.056297,-0.168922,-0.160490,0.942286,0.081171,-0.313647,-0.106011
48.3000,-0.049077,-0.168191,-0.165216,0.943560,0.081148,-0.313717,-0.106264
48.3333,-0.040809,-0.171679,-0.169885,0.931003,0.081118,-0.313787,-0.106520
48.3667,-0.032233,-0.174785,-0.173305,0.922313,0.081082,-0.313866,-0.106810
48.4000,-0.024612,-0.180566,-0.181622,0.922480,0.081041,-0.313946,-0.107106
48.4333,-0.017688,-0.185194,-0.200317,0.922400,0.081004,-0.314023,-0.107386
48.4667,-0.010609,-0.189258,-0.198974,0.917525,0.080970,-0.314105,-0.107677
48.5000,-0.005559,-0.191893,-0.200641,0.918043,0.080931,-0.314166,-0.107907
48.5333,0.002461,-0.197903,-0.177453,0.913302,0.080902,-0.314213,-0.108079
48.5667,0.007914,-0.200529,-0.169165,0.903368,0.080851,-0.314258,-0.108269
48.6000,0.011009,-0.200981,-0.169524,0.892790,0.080817,-0.314297,-0.108421
48.6333,0.013363,-0.201480,-0.168254,0.886009,0.080797,-0.314325,-0.108525
48.6667,0.015535,-0.202479,-0.161522,0.881414,0.080782,-0.314345,-0.108598
48.7000,0.017136,-0.204199,-0.155139,0.877393,0.080767,-0.314356,-0.108648
48.7333,0.017919,-0.205762,-0.150212,0.874156,0.080756,-0.314364,-0.108679
48.7667,0.016786,-0.201705,-0.157467,0.869830,0.080750,-0.314365,-0.108689
48.8000,0.014504,-0.197450,-0.170216,0.868946,0.080758,-0.314363,-0.108675
48.8333,0.012425,-0.194403,-0.179985,0.865741,0.080775,-0.314357,-0.108642
48.8667,0.010567,-0.190683,-0.188014,0.860667,0.080789,-0.314349,-0.108606
48.9000,0.008652,-0.187679,-0.194529,0.854313,0.080802,-0.314341,-0.108571
48.9333,0.007389,-0.187558,-0.193423,0.852756,0.080815,-0.314332,-0.108529
48.9667,0.006728,-0.189274,-0.191112,0.851819,0.080823,-0.314319,-0.108483
49.0000,0.005676,-0.190284,-0.191083,0.852704,0.080827,-0.314311,-0.108454
49.0333,0.004839,-0.191420,-0.186486,0.852495,0.080833,-0.314302,-0.108419
49.0667,0.003806,-0.191872,-0.184453,0.851811,0.080838,-0.314289,-0.108377
49.1000,0.003368,-0.192537,-0.179760,0.850436,0.080844,-0.314278,-0.108336
49.1333,0.003513,-0.193657,-0.172154,0.848307,0.080846,-0.314269,-0.108306
49.1667,0.004221,-0.195959,-0.163305,0.846125,0.080844,-0.314262,-0.108286
49.2000,0.005217,-0.198746,-0.153722,0.843857,0.080839,-0.314258,-0.108280
49.2333,0.006512,-0.201530,-0.143772,0.841358,0.080832,-0.314257,-0.108282
49.2667,0.008184,-0.205007,-0.131373,0.839767,0.080823,-0.314257,-0.108292
49.3000,0.009798,-0.207571,-0.121846,0.837427,0.080811,-0.314259,-0.108306
49.3333,0.010832,-0.208420,-0.119607,0.835478,0.080799,-0.314262,-0.108329
49.3667,0.012325,-0.210414,-0.113772,0.832291,0.080793,-0.314269,-0.108355
49.4000,0.013508,-0.210830,-0.111218,0.830235,0.080782,-0.314276,-0.108385
49.4333,0.014625,-0.211425,-0.109716,0.828153,0.080774,-0.314284,-0.108416
49.4667,0.015371,-0.211494,-0.111402,0.827255,0.080767,-0.314292,-0.108448
49.5000,0.015949,-0.211221,-0.113763,0.826166,0.080762,-0.314300,-0.108478
49.5333,0.016672,-0.210715,-0.113809,0.824359,0.080759,-0.314308,-0.108505
49.5667,0.017304,-0.209941,-0.112202,0.822920,0.080754,-0.314314,-0.108529
49.6000,0.017484,-0.208818,-0.112348,0.824404,0.080750,-0.314318,-0.108544
49.6333,0.016912,-0.206297,-0.118472,0.826240,0.080749,-0.314320,-0.108551
49.6667,0.016418,-0.203814,-0.126250,0.827669,0.080753,-0.314322,-0.108552
49.7000,0.016264,-0.202267,-0.131557,0.830068,0.080757,-0.314326,-0.108561
49.7333,0.016438,-0.201951,-0.133530,0.830493,0.080759,-0.314330,-0.108573
49.7667,0.016776,-0.203734,-0.133297,0.828505,0.080758,-0.314334,-0.108586
49.8000,0.016467,-0.202793,-0.136940,0.825768,0.080756,-0.314337,-0.108596
49.8333,0.017256,-0.202937,-0.129814,0.819118,0.080758,-0.314338,-0.108598
49.8667,0.017894,-0.202694,-0.125400,0.814084,0.080752,-0.314337,-0.108600
49.9000,0.018209,-0.204197,-0.124095,0.811587,0.080747,-0.314338,-0.108607
49.9333,0.017106,-0.203548,-0.136534,0.811862,0.080745,-0.314339,-0.108613
49.9667,0.016568,-0.202918,-0.142890,0.811954,0.080754,-0.314343,-0.108617
50.0000,0.016644,-0.201907,-0.148778,0.813091,0.080758,-0.314345,-0.108621
50.0333,0.016054,-0.200462,-0.160748,0.815277,0.080758,-0.314352,-0.108642
50.0667,0.015260,-0.196248,-0.174079,0.817251,0.080764,-0.314360,-0.108662
50.1000,0.014836,-0.191365,-0.183634,0.822755,0.080770,-0.314368,-0.108680
50.1333,0.015168,-0.188538,-0.187239,0.824273,0.080774,-0.314374,-0.108697
50.1667,0.015693,-0.186623,-0.188512,0.827023,0.080773,-0.314381,-0.108720
50.2000,0.016180,-0.183991,-0.189995,0.828545,0.080769,-0.314387,-0.108741
50.2333,0.017671,-0.182502,-0.189394,0.829893,0.080766,-0.314393,-0.108762
50.2667,0.018293,-0.180094,-0.193000,0.831165,0.080756,-0.314406,-0.108809
50.3000,0.018824,-0.179450,-0.192707,0.830818,0.080753,-0.314415,-0.108841
50.3333,0.019223,-0.179802,-0.185357,0.829861,0.080749,-0.314419,-0.108858
50.3667,0.019268,-0.181602,-0.177238,0.829479,0.080746,-0.314415,-0.108847
50.4000,0.018649,-0.182047,-0.176795,0.831580,0.080744,-0.314407,-0.108822
50.4333,0.015927,-0.181397,-0.176383,0.833528,0.080748,-0.314401,-0.108800
50.4667,0.013400,-0.179940,-0.165128,0.831954,0.080766,-0.314376,-0.108709
50.5000,0.009131,-0.178879,-0.166816,0.835962,0.080781,-0.314342,-0.108589
50.5333,0.004022,-0.178122,-0.168001,0.845337,0.080809,-0.314306,-0.108454
50.5667,-0.002278,-0.176346,-0.172359,0.856656,0.080841,-0.314262,-0.108289
50.6000,-0.010169,-0.173354,-0.179630,0.873725,0.080879,-0.314211,-0.108095
50.6333,-0.019083,-0.170077,-0.188138,0.889093,0.080926,-0.314149,-0.107858
50.6667,-0.028352,-0.166090,-0.189929,0.903015,0.080976,-0.314079,-0.107591
50.7000,-0.038450,-0.151528,-0.184960,0.921813,0.081024,-0.313999,-0.107289
50.7333,-0.051370,-0.135376,-0.182623,0.937329,0.081073,-0.313903,-0.106938
50.7667,-0.068559,-0.117281,-0.212364,0.949894,0.081130,-0.313786,-0.106500
50.8000,-0.085869,-0.108774,-0.231024,0.965995,0.081201,-0.313665,-0.106025
50.8333,-0.101017,-0.099891,-0.229971,0.980297,0.081261,-0.313530,-0.105508
50.8667,-0.116628,-0.088262,-0.228040,0.980259,0.081303,-0.313393,-0.104998
50.9000,-0.132412,-0.076466,-0.229660,0.982577,0.081338,-0.313251,-0.104469
50.9333,-0.144955,-0.072966,-0.220012,0.980894,0.081365,-0.313111,-0.103946
50.9667,-0.153515,-0.072971,-0.201474,0.979254,0.081380,-0.312988,-0.103494
51.0000,-0.165437,-0.071013,-0.220064,0.983286,0.081385,-0.312891,-0.103146
51.0333,-0.178434,-0.067931,-0.243812,0.991663,0.081393,-0.312804,-0.102807
51.0667,-0.188583,-0.068508,-0.256968,0.996956,0.081396,-0.312713,-0.102449
51.1000,-0.196284,-0.070850,-0.259575,1.001868,0.081394,-0.312636,-0.102152
51.1333,-0.202376,-0.072768,-0.258129,1.003954,0.081390,-0.312570,-0.101902
51.1667,-0.206165,-0.075862,-0.247697,1.001826,0.081384,-0.312514,-0.101693
51.2000,-0.205282,-0.079033,-0.196379,0.991222,0.081379,-0.312468,-0.101532
51.2333,-0.206810,-0.079684,-0.169432,0.985737,0.081374,-0.312420,-0.101394
51.2667,-0.210801,-0.081238,-0.167757,0.985390,0.081369,-0.312377,-0.101254
51.3000,-0.214129,-0.082589,-0.168741,0.986954,0.081364,-0.312339,-0.101115
51.3333,-0.217633,-0.083701,-0.176644,0.988891,0.081359,-0.312311,-0.101007
51.3667,-0.221333,-0.083453,-0.188112,0.991364,0.081355,-0.312288,-0.100915
51.4000,-0.225315,-0.080993,-0.202735,0.996361,0.081351,-0.312267,-0.100829
51.4333,-0.226585,-0.080954,-0.200659,0.996280,0.081346,-0.312247,-0.100743
51.4667,-0.226590,-0.081588,-0.193908,0.995509,0.081343,-0.312234,-0.100694
51.5000,-0.226880,-0.080465,-0.195226,0.996325,0.081342,-0.312226,-0.100672
51.5333,-0.227767,-0.077126,-0.202350,0.998725,0.081342,-0.312225,-0.100666
51.5667,-0.228553,-0.073745,-0.212869,1.001257,0.081341,-0.312225,-0.100660
51.6000,-0.227613,-0.073119,-0.215092,1.001522,0.081341,-0.312229,-0.100668
51.6333,-0.227116,-0.072346,-0.218667,1.002517,0.081343,-0.312240,-0.100707
51.6667,-0.226308,-0.071891,-0.221368,1.003072,0.081344,-0.312248,-0.100735
51.7000,-0.224905,-0.071720,-0.220812,1.002933,0.081346,-0.312259,-0.100771
51.7333,-0.223573,-0.072717,-0.222838,1.003135,0.081348,-0.312271,-0.100816
51.7667,-0.221431,-0.074916,-0.220435,1.002124,0.081351,-0.312285,-0.100867
51.8000,-0.219452,-0.075759,-0.218457,1.001063,0.081354,-0.312301,-0.100931
51.8333,-0.217536,-0.076409,-0.218498,1.001431,0.081357,-0.312317,-0.100991
51.8667,-0.215938,-0.076694,-0.220252,1.001622,0.081360,-0.312334,-0.101055
51.9000,-0.214233,-0.077157,-0.220263,1.001141,0.081363,-0.312351,-0.101115
51.9333,-0.212638,-0.077377,-0.220637,1.000731,0.081365,-0.312366,-0.101172
51.9667,-0.211530,-0.077284,-0.223429,1.000823,0.081368,-0.312381,-0.101226
52.0000,-0.209476,-0.079247,-0.219818,0.999422,0.081369,-0.312394,-0.101273
52.0333,-0.207584,-0.080216,-0.216124,0.997731,0.081372,-0.312408,-0.101330
52.0667,-0.206176,-0.080289,-0.215216,0.996896,0.081373,-0.312421,-0.101381
52.1000,-0.204099,-0.081720,-0.209771,0.995136,0.081375,-0.312433,-0.101425
52.1333,-0.202179,-0.081633,-0.204345,0.993266,0.081377,-0.312445,-0.101477
52.1667,-0.198987,-0.082849,-0.189982,0.988102,0.081378,-0.312457,-0.101524
52.2000,-0.196586,-0.084572,-0.182694,0.983412,0.081379,-0.312470,-0.101584
52.2333,-0.195261,-0.085456,-0.184104,0.981932,0.081380,-0.312483,-0.101640
52.2667,-0.193934,-0.085744,-0.185329,0.980866,0.081382,-0.312497,-0.101689
52.3000,-0.191995,-0.087887,-0.184942,0.979130,0.081383,-0.312510,-0.101738
52.3333,-0.189696,-0.090786,-0.182622,0.977280,0.081384,-0.312527,-0.101802
52.3667,-0.186992,-0.092555,-0.177874,0.974772,0.081385,-0.312545,-0.101871
52.4000,-0.184979,-0.092356,-0.177944,0.973645,0.081386,-0.312564,-0.101946
52.4333,-0.182795,-0.091835,-0.178775,0.972719,0.081387,-0.312582,-0.102014
52.4667,-0.180236,-0.091182,-0.178555,0.971380,0.081388,-0.312603,-0.102090
52.5000,-0.177417,-0.090353,-0.177704,0.969932,0.081388,-0.312626,-0.102175
52.5333,-0.174619,-0.088221,-0.177529,0.969412,0.081389,-0.312650,-0.102267
52.5667,-0.171027,-0.087757,-0.174457,0.968259,0.081389,-0.312675,-0.102360
52.6000,-0.167199,-0.087175,-0.173149,0.967540,0.081388,-0.312704,-0.102471
52.6333,-0.161913,-0.087601,-0.165435,0.965155,0.081388,-0.312737,-0.102595
52.6667,-0.156642,-0.087210,-0.158244,0.962781,0.081385,-0.312776,-0.102747
52.7000,-0.148826,-0.088909,-0.141030,0.956327,0.081382,-0.312816,-0.102900
52.7333,-0.141009,-0.089835,-0.126456,0.953810,0.081374,-0.312867,-0.103106
52.7667,-0.129802,-0.093717,-0.100482,0.938753,0.081364,-0.312921,-0.103320
52.8000,-0.117903,-0.094383,-0.077111,0.921952,0.081346,-0.312994,-0.103611
52.8333,-0.104976,-0.101377,-0.052570,0.908207,0.081323,-0.313075,-0.103933
52.8667,-0.090235,-0.106612,-0.032458,0.898590,0.081292,-0.313164,-0.104286
52.9000,-0.070215,-0.117571,0.003595,0.885778,0.081251,-0.313275,-0.104713
52.9333,-0.051874,-0.126035,0.031036,0.879000,0.081182,-0.313415,-0.105265
52.9667,-0.030423,-0.136353,0.054045,0.867508,0.081107,-0.313549,-0.105788
53.0000,-0.012300,-0.144104,0.074394,0.861294,0.081006,-0.313716,-0.106428
53.0333,0.003848,-0.151729,0.101158,0.852465,0.080908,-0.313855,-0.106964
53.0667,0.020855,-0.159497,0.119514,0.842978,0.080811,-0.313970,-0.107413
53.1000,0.040727,-0.164305,0.134931,0.819556,0.080699,-0.314101,-0.107915
53.1333,0.060998,-0.168352,0.213079,0.788749,0.080558,-0.314260,-0.108520
53.1667,0.075771,-0.166198,0.210042,0.768838,0.080392,-0.314357,-0.108942
53.2000,0.095916,-0.170611,0.222151,0.745811,0.080270,-0.314489,-0.109432
53.2333,0.106653,-0.168353,0.217051,0.728789,0.080089,-0.314652,-0.110048
53.2667,0.116574,-0.167604,0.198302,0.759924,0.079988,-0.314750,-0.110410
53.3000,0.127611,-0.154058,0.152574,0.793636,0.079893,-0.314854,-0.110787
53.3333,0.139350,-0.158120,0.174035,0.802664,0.079786,-0.314996,-0.111282
53.3667,0.145690,-0.153949,0.169429,0.810189,0.079661,-0.315074,-0.111590
53.4000,0.159942,-0.157149,0.191742,0.801233,0.079593,-0.315133,-0.111807
53.4333,0.166249,-0.163962,0.209114,0.789409,0.079432,-0.315232,-0.112191
53.4667,0.169823,-0.168351,0.223776,0.781743,0.079357,-0.315268,-0.112337
53.5000,0.176883,-0.171870,0.263485,0.760749,0.079314,-0.315283,-0.112406
53.5333,0.177859,-0.173048,0.269638,0.756345,0.079227,-0.315303,-0.112510
53.5667,0.176033,-0.173559,0.265508,0.751347,0.079214,-0.315305,-0.112522
53.6000,0.169309,-0.175856,0.222848,0.752220,0.079237,-0.315294,-0.112477
53.6333,0.165747,-0.180263,0.212181,0.751572,0.079320,-0.315280,-0.112392
53.6667,0.163714,-0.196490,0.217444,0.735109,0.079363,-0.315260,-0.112312
53.7000,0.152871,-0.192759,0.163123,0.724960,0.079386,-0.315238,-0.112232
53.7333,0.143587,-0.191195,0.126002,0.707329,0.079514,-0.315201,-0.112055
53.7667,0.138300,-0.193773,0.113882,0.710800,0.079621,-0.315160,-0.111875
53.8000,0.137348,-0.201908,0.135125,0.699756,0.079679,-0.315128,-0.111744
53.8333,0.135523,-0.209870,0.150213,0.686087,0.079687,-0.315098,-0.111647
53.8667,0.132995,-0.214878,0.163005,0.674133,0.079704,-0.315066,-0.111542
53.9000,0.130431,-0.220164,0.165406,0.668293,0.079729,-0.315031,-0.111421
53.9333,0.127471,-0.221323,0.162171,0.665210,0.079756,-0.315007,-0.111332
53.9667,0.123847,-0.221559,0.153753,0.662070,0.079787,-0.314985,-0.111247
54.0000,0.120894,-0.222128,0.150184,0.653992,0.079825,-0.314962,-0.111157
54.0333,0.118828,-0.223149,0.149556,0.653293,0.079855,-0.314941,-0.111074
54.0667,0.116209,-0.223582,0.145504,0.649372,0.079876,-0.314924,-0.111009
54.1000,0.114053,-0.223883,0.144598,0.649551,0.079903,-0.314905,-0.110938
54.1333,0.111342,-0.224464,0.142987,0.650530,0.079924,-0.314888,-0.110871
54.1667,0.108590,-0.224682,0.148220,0.642315,0.079951,-0.314866,-0.110789
54.2000,0.105051,-0.223647,0.148961,0.631387,0.079977,-0.314837,-0.110684
54.2333,0.099674,-0.218976,0.143615,0.617590,0.080011,-0.314805,-0.110568
54.2667,0.096070,-0.217484,0.141922,0.609220,0.080062,-0.314765,-0.110411
54.3000,0.092822,-0.215843,0.137670,0.603431,0.080096,-0.314735,-0.110300
54.3333,0.091054,-0.215659,0.136047,0.595260,0.080127,-0.314711,-0.110208
54.3667,0.090297,-0.215067,0.135124,0.590248,0.080143,-0.314698,-0.110156
54.4000,0.090500,-0.213905,0.134843,0.587120,0.080150,-0.314692,-0.110134
54.4333,0.092358,-0.213952,0.136962,0.590282,0.080148,-0.314694,-0.110142
54.4667,0.095125,-0.215458,0.136649,0.593812,0.080131,-0.314708,-0.110195
54.5000,0.098106,-0.215223,0.140607,0.594806,0.080105,-0.314732,-0.110286
54.5333,0.103386,-0.220040,0.156348,0.591859,0.080077,-0.314754,-0.110370
54.5667,0.110040,-0.228063,0.176058,0.593896,0.080026,-0.314783,-0.110491
54.6000,0.113115,-0.227724,0.169864,0.602243,0.079960,-0.314821,-0.110645
54.6333,0.115798,-0.227085,0.164579,0.606493,0.079930,-0.314853,-0.110763
54.6667,0.118304,-0.226616,0.160129,0.611420,0.079905,-0.314882,-0.110865
54.7000,0.120771,-0.225590,0.161318,0.616190,0.079880,-0.314908,-0.110960
54.7333,0.124123,-0.226025,0.168851,0.626689,0.079855,-0.314928,-0.111035
54.7667,0.126699,-0.225392,0.174793,0.636131,0.079820,-0.314949,-0.111119
54.8000,0.128016,-0.223089,0.177006,0.641716,0.079793,-0.314965,-0.111184
54.8333,0.128223,-0.218349,0.172570,0.649580,0.079780,-0.314974,-0.111219
54.8667,0.128708,-0.214795,0.172432,0.656636,0.079778,-0.314981,-0.111239
54.9000,0.129639,-0.212763,0.180010,0.660716,0.079773,-0.314985,-0.111255
54.9333,0.129879,-0.210951,0.182651,0.667574,0.079762,-0.314985,-0.111262
54.9667,0.130402,-0.210389,0.187607,0.673650,0.079760,-0.314984,-0.111261
55.0000,0.130648,-0.210157,0.190178,0.677990,0.079754,-0.314984,-0.111263
55.0333,0.130876,-0.210002,0.191703,0.683228,0.079751,-0.314983,-0.111263
55.0667,0.130826,-0.209132,0.188676,0.691464,0.079748,-0.314984,-0.111265
55.1000,0.129603,-0.207965,0.183687,0.697510,0.079749,-0.314986,-0.111273
55.1333,0.128426,-0.206320,0.178910,0.704336,0.079762,-0.314981,-0.111249
55.1667,0.126328,-0.204594,0.173221,0.706896,0.079775,-0.314976,-0.111226
55.2000,0.124853,-0.204424,0.162282,0.717976,0.079797,-0.314964,-0.111177
55.2333,0.123563,-0.204787,0.154515,0.726968,0.079814,-0.314962,-0.111163
55.2667,0.122240,-0.205223,0.153478,0.725872,0.079828,-0.314959,-0.111146
55.3000,0.120039,-0.204979,0.149717,0.718167,0.079841,-0.314949,-0.111107
55.3333,0.118172,-0.205790,0.143276,0.711374,0.079864,-0.314934,-0.111048
55.3667,0.115900,-0.205773,0.137640,0.701508,0.079883,-0.314925,-0.111008
55.4000,0.114151,-0.206120,0.133014,0.698642,0.079907,-0.314911,-0.110952
55.4333,0.113021,-0.207856,0.133602,0.695357,0.079924,-0.314901,-0.110910
55.4667,0.111583,-0.209692,0.134254,0.689652,0.079935,-0.314890,-0.110872
55.5000,0.109969,-0.211632,0.127645,0.689029,0.079949,-0.314877,-0.110824
55.5333,0.107165,-0.212651,0.115321,0.688567,0.079966,-0.314870,-0.110793
55.5667,0.103210,-0.213064,0.104372,0.682780,0.079994,-0.314859,-0.110741
55.6000,0.099073,-0.212877,0.091565,0.684761,0.080033,-0.314836,-0.110648
55.6333,0.094729,-0.212605,0.079720,0.683386,0.080074,-0.314814,-0.110555
55.6667,0.090711,-0.211682,0.072337,0.679530,0.080116,-0.314789,-0.110452
55.7000,0.086451,-0.210516,0.067739,0.670120,0.080153,-0.314762,-0.110345
55.7333,0.083711,-0.209048,0.070490,0.658932,0.080192,-0.314730,-0.110222
55.7667,0.081409,-0.206348,0.073865,0.649744,0.080216,-0.314703,-0.110124
55.8000,0.078182,-0.200580,0.070718,0.645710,0.080236,-0.314679,-0.110039
55.8333,0.076232,-0.191224,0.076449,0.639617,0.080264,-0.314655,-0.109944
55.8667,0.074062,-0.189832,0.075739,0.635398,0.080281,-0.314632,-0.109863
55.9000,0.075015,-0.195275,0.076499,0.640236,0.080299,-0.314613,-0.109794
55.9333,0.072847,-0.193575,0.068230,0.638003,0.080291,-0.314621,-0.109823
55.9667,0.071204,-0.192230,0.058932,0.644649,0.080310,-0.314611,-0.109779
56.0000,0.070220,-0.191520,0.059396,0.658769,0.080325,-0.314606,-0.109755
56.0333,0.068387,-0.191269,0.056892,0.653517,0.080333,-0.314597,-0.109722
56.0667,0.067327,-0.193222,0.064584,0.657667,0.080349,-0.314584,-0.109670
56.1000,0.065464,-0.194716,0.067329,0.653455,0.080357,-0.314566,-0.109611
56.1333,0.062939,-0.194554,0.069838,0.665776,0.080372,-0.314547,-0.109541
56.1667,0.060478,-0.194951,0.077076,0.694149,0.080392,-0.314523,-0.109451
56.2000,0.056083,-0.194493,0.066533,0.712976,0.080412,-0.314493,-0.109348
56.2333,0.051616,-0.193809,0.065784,0.719574,0.080448,-0.314466,-0.109238
56.2667,0.046140,-0.193578,0.067337,0.729258,0.080483,-0.314428,-0.109094
56.3000,0.038936,-0.197580,0.065397,0.748170,0.080525,-0.314378,-0.108910
56.3333,0.032258,-0.201865,0.067382,0.748244,0.080579,-0.314317,-0.108680
56.3667,0.022110,-0.193998,0.061054,0.768873,0.080627,-0.314256,-0.108455
56.4000,0.012360,-0.180503,0.042794,0.775484,0.080698,-0.314174,-0.108142
56.4333,0.005138,-0.178046,0.047063,0.791307,0.080764,-0.314107,-0.107879
56.4667,-0.005073,-0.164409,0.030049,0.808206,0.080809,-0.314039,-0.107627
56.5000,-0.017375,-0.148923,0.013340,0.816132,0.080872,-0.313966,-0.107344
56.5333,-0.026855,-0.138176,-0.006887,0.825642,0.080943,-0.313875,-0.106991
56.5667,-0.038345,-0.137981,-0.040818,0.838700,0.080995,-0.313813,-0.106742
56.6000,-0.046908,-0.138381,-0.049539,0.844669,0.081055,-0.313747,-0.106470
56.6333,-0.055609,-0.136012,-0.052943,0.851443,0.081095,-0.313680,-0.106214
56.6667,-0.063281,-0.136016,-0.050387,0.853312,0.081132,-0.313606,-0.105935
56.7000,-0.069828,-0.133487,-0.044861,0.848305,0.081163,-0.313535,-0.105671
56.7333,-0.074657,-0.129243,-0.035254,0.841625,0.081186,-0.313471,-0.105435
56.7667,-0.080872,-0.123793,-0.044850,0.843894,0.081202,-0.313417,-0.105243
56.8000,-0.085731,-0.121886,-0.049388,0.844830,0.081224,-0.313372,-0.105066
56.8333,-0.089836,-0.120304,-0.043640,0.854959,0.081240,-0.313333,-0.104919
56.8667,-0.093057,-0.119497,-0.029497,0.855696,0.081251,-0.313290,-0.104763
56.9000,-0.095182,-0.120288,-0.004730,0.852940,0.081259,-0.313246,-0.104609
56.9333,-0.097814,-0.120540,0.006135,0.849403,0.081262,-0.313200,-0.104458
56.9667,-0.099971,-0.119706,0.026294,0.846567,0.081268,-0.313165,-0.104335
57.0000,-0.103122,-0.119694,0.026657,0.851779,0.081271,-0.313124,-0.104198
57.0333,-0.106368,-0.119709,0.025852,0.854360,0.081279,-0.313096,-0.104091
57.0667,-0.107661,-0.120024,0.026467,0.856195,0.081286,-0.313067,-0.103985
57.1000,-0.109070,-0.117380,0.026030,0.859206,0.081289,-0.313055,-0.103940
57.1333,-0.111238,-0.114023,0.023940,0.861350,0.081293,-0.313043,-0.103894
57.1667,-0.113137,-0.111654,0.019560,0.862622,0.081298,-0.313026,-0.103829
57.2000,-0.114415,-0.110320,0.012218,0.864721,0.081302,-0.313013,-0.103779
57.2333,-0.116020,-0.109528,0.000369,0.869045,0.081306,-0.313010,-0.103760
57.2667,-0.117124,-0.108315,-0.007065,0.870499,0.081310,-0.313008,-0.103744
57.3000,-0.117673,-0.108044,-0.009968,0.872970,0.081313,-0.313006,-0.103731
57.3333,-0.118571,-0.107295,-0.014447,0.877254,0.081315,-0.313004,-0.103722
57.3667,-0.119045,-0.106569,-0.017878,0.879586,0.081317,-0.313001,-0.103707
57.4000,-0.118784,-0.107280,-0.017802,0.880928,0.081318,-0.313001,-0.103702
57.4333,-0.118247,-0.109158,-0.021561,0.883624,0.081318,-0.313003,-0.103711
57.4667,-0.117541,-0.111581,-0.025380,0.886244,0.081317,-0.313012,-0.103741
57.5000,-0.117626,-0.113006,-0.028813,0.888688,0.081316,-0.313022,-0.103777
57.5333,-0.117542,-0.114976,-0.028689,0.890348,0.081317,-0.313025,-0.103785
57.5667,-0.118107,-0.115804,-0.029346,0.892352,0.081317,-0.313026,-0.103787
57.6000,-0.118855,-0.115877,-0.031707,0.893892,0.081318,-0.313021,-0.103771
57.6333,-0.120015,-0.114908,-0.036082,0.896381,0.081320,-0.313017,-0.103753
57.6667,-0.121896,-0.112531,-0.044509,0.900209,0.081322,-0.313012,-0.103729
57.7000,-0.123572,-0.111140,-0.048655,0.902413,0.081327,-0.313004,-0.103693
57.7333,-0.125404,-0.109926,-0.051008,0.904198,0.081330,-0.312993,-0.103650
57.7667,-0.127591,-0.108889,-0.055069,0.906394,0.081334,-0.312979,-0.103597
57.8000,-0.130021,-0.108056,-0.060341,0.908912,0.081338,-0.312964,-0.103537
57.8333,-0.132860,-0.106537,-0.066126,0.914745,0.081342,-0.312948,-0.103472
57.8667,-0.135724,-0.104669,-0.072450,0.922787,0.081347,-0.312929,-0.103396
57.9000,-0.138120,-0.103115,-0.074659,0.925658,0.081352,-0.312910,-0.103321
57.9333,-0.140094,-0.103664,-0.073899,0.927136,0.081355,-0.312891,-0.103248
57.9667,-0.142042,-0.104442,-0.073723,0.927829,0.081357,-0.312872,-0.103179
58.0000,-0.144189,-0.105528,-0.073763,0.927576,0.081359,-0.312855,-0.103113
58.0333,-0.146147,-0.106258,-0.073112,0.927761,0.081362,-0.312835,-0.103041
58.0667,-0.148023,-0.106557,-0.073153,0.928027,0.081363,-0.312817,-0.102973
58.1000,-0.149669,-0.106837,-0.074731,0.928324,0.081365,-0.312800,-0.102911
58.1333,-0.150967,-0.106784,-0.075550,0.929019,0.081367,-0.312787,-0.102861
58.1667,-0.152266,-0.106607,-0.077939,0.930422,0.081368,-0.312776,-0.102820
58.2000,-0.154104,-0.105211,-0.086002,0.933831,0.081369,-0.312767,-0.102784
58.2333,-0.155509,-0.103476,-0.091876,0.936181,0.081371,-0.312760,-0.102749
58.2667,-0.156274,-0.102383,-0.092886,0.937497,0.081373,-0.312753,-0.102721
58.3000,-0.156716,-0.101710,-0.092194,0.938932,0.081374,-0.312748,-0.102698
58.3333,-0.156912,-0.100920,-0.093026,0.940316,0.081374,-0.312743,-0.102681
58.3667,-0.156852,-0.100293,-0.094340,0.941605,0.081374,-0.312742,-0.102677
58.4000,-0.156534,-0.099516,-0.096626,0.943237,0.081374,-0.312744,-0.102684
58.4333,-0.156746,-0.097734,-0.102796,0.946381,0.081374,-0.312749,-0.102702
58.4667,-0.156568,-0.096172,-0.109051,0.949280,0.081375,-0.312754,-0.102715
58.5000,-0.156965,-0.094651,-0.121313,0.954171,0.081376,-0.312763,-0.102741
58.5333,-0.157556,-0.092377,-0.136141,0.959611,0.081377,-0.312772,-0.102768
58.5667,-0.157417,-0.090373,-0.148566,0.963597,0.081379,-0.312783,-0.102797
58.6000,-0.156752,-0.088829,-0.157369,0.966785,0.081381,-0.312798,-0.102842
58.6333,-0.157579,-0.087855,-0.176430,0.973113,0.081382,-0.312814,-0.102893
58.6667,-0.156919,-0.087862,-0.185654,0.976205,0.081384,-0.312827,-0.102928
58.7000,-0.157246,-0.088058,-0.203919,0.982459,0.081385,-0.312843,-0.102980
58.7333,-0.158051,-0.089490,-0.229961,0.990267,0.081387,-0.312860,-0.103029
58.7667,-0.157974,-0.089641,-0.245444,0.995182,0.081391,-0.312881,-0.103087
58.8000,-0.156464,-0.090144,-0.247564,0.996793,0.081393,-0.312899,-0.103141
58.8333,-0.155099,-0.090745,-0.253204,0.997027,0.081392,-0.312915,-0.103198
58.8667,-0.153590,-0.090930,-0.255724,0.998055,0.081392,-0.312933,-0.103262
58.9000,-0.152350,-0.090843,-0.259212,0.999425,0.081391,-0.312949,-0.103321
58.9333,-0.151544,-0.090559,-0.267726,1.001946,0.081391,-0.312964,-0.103374
58.9667,-0.150371,-0.089740,-0.269883,1.003795,0.081391,-0.312981,-0.103429
59.0000,-0.148619,-0.089401,-0.272214,1.005778,0.081390,-0.312994,-0.103475
59.0333,-0.146903,-0.088702,-0.271362,1.008265,0.081389,-0.313012,-0.103542
59.0667,-0.143666,-0.089101,-0.267054,1.009163,0.081387,-0.313026,-0.103596
59.1000,-0.139751,-0.089677,-0.262763,1.007928,0.081384,-0.313051,-0.103691
59.1333,-0.135689,-0.091328,-0.266060,1.005199,0.081379,-0.313081,-0.103808
59.1667,-0.130681,-0.094001,-0.265644,1.000311,0.081374,-0.313121,-0.103955
59.2000,-0.124488,-0.095890,-0.261973,0.995506,0.081367,-0.313166,-0.104121
59.2333,-0.118352,-0.099420,-0.261348,0.984943,0.081357,-0.313218,-0.104317
59.2667,-0.112276,-0.102067,-0.255942,0.978674,0.081346,-0.313272,-0.104520
59.3000,-0.100080,-0.117247,-0.202448,0.964814,0.081333,-0.313321,-0.104706
59.3333,-0.085554,-0.141571,-0.122171,0.941401,0.081298,-0.313372,-0.104939
59.3667,-0.077050,-0.148134,-0.100526,0.931891,0.081248,-0.313414,-0.105162
59.4000,-0.070813,-0.152434,-0.101084,0.926071,0.081218,-0.313467,-0.105375
59.4333,-0.064911,-0.154046,-0.102328,0.925309,0.081196,-0.313523,-0.105585
59.4667,-0.059737,-0.158029,-0.095540,0.926743,0.081175,-0.313577,-0.105786
59.5000,-0.057880,-0.159130,-0.118389,0.930396,0.081154,-0.313616,-0.105937
59.5333,-0.058738,-0.159813,-0.167156,0.931139,0.081149,-0.313657,-0.106073
59.5667,-0.055314,-0.159834,-0.176500,0.928045,0.081158,-0.313703,-0.106204
59.6000,-0.052855,-0.157313,-0.191860,0.929645,0.081146,-0.313744,-0.106349
59.6333,-0.050433,-0.158896,-0.205190,0.928722,0.081137,-0.313782,-0.106481
59.6667,-0.049862,-0.158799,-0.234542,0.926127,0.081129,-0.313819,-0.106605
59.7000,-0.048165,-0.156740,-0.250116,0.925018,0.081130,-0.313856,-0.106720
59.7333,-0.045034,-0.159919,-0.257642,0.928831,0.081124,-0.313888,-0.106828
59.7667,-0.041718,-0.161398,-0.271629,0.925286,0.081111,-0.313924,-0.106956
59.8000,-0.038146,-0.162534,-0.277569,0.913171,0.081098,-0.313969,-0.107112
59.8333,-0.034987,-0.164373,-0.276323,0.906975,0.081082,-0.314007,-0.107250
59.8667,-0.032564,-0.165527,-0.275744,0.904293,0.081067,-0.314034,-0.107351
59.9000,-0.029163,-0.169851,-0.261242,0.904590,0.081055,-0.314055,-0.107430
59.9333,-0.025426,-0.174857,-0.247239,0.902196,0.081037,-0.314069,-0.107496
59.9667,-0.025208,-0.175187,-0.251496,0.906958,0.081016,-0.314087,-0.107574
60.0000,-0.025043,-0.174920,-0.256630,0.912274,0.081015,-0.314094,-0.107595
60.0333,-0.023747,-0.177844,-0.252938,0.915753,0.081015,-0.314101,-0.107617
60.0667,-0.021763,-0.182136,-0.238282,0.914626,0.081008,-0.314108,-0.107648
60.1000,-0.022611,-0.182482,-0.236724,0.920545,0.080996,-0.314110,-0.107666
60.1333,-0.022418,-0.183390,-0.232145,0.923816,0.081000,-0.314101,-0.107633
60.1667,-0.021900,-0.183033,-0.223301,0.925472,0.080999,-0.314097,-0.107624
60.2000,-0.021014,-0.182675,-0.221626,0.926924,0.080995,-0.314092,-0.107613
60.2333,-0.020731,-0.181813,-0.222272,0.928821,0.080990,-0.314098,-0.107636
60.2667,-0.020137,-0.181550,-0.222531,0.931049,0.080989,-0.314102,-0.107648
60.3000,-0.019776,-0.180753,-0.222536,0.934848,0.080986,-0.314107,-0.107668
60.3333,-0.019000,-0.179556,-0.220575,0.937392,0.080984,-0.314110,-0.107680
60.3667,-0.018013,-0.178983,-0.216659,0.939047,0.080979,-0.314115,-0.107700
60.4000,-0.017036,-0.178983,-0.215146,0.939538,0.080973,-0.314120,-0.107720
60.4333,-0.016492,-0.178546,-0.215503,0.939731,0.080968,-0.314127,-0.107747
60.4667,-0.016133,-0.178039,-0.216389,0.939864,0.080965,-0.314132,-0.107766
60.5000,-0.014687,-0.178386,-0.207188,0.937305,0.080963,-0.314136,-0.107781
60.5333,-0.012488,-0.179291,-0.190185,0.932656,0.080954,-0.314139,-0.107799
60.5667,-0.009317,-0.180992,-0.163258,0.924786,0.080940,-0.314140,-0.107816
60.6000,-0.006245,-0.181940,-0.132411,0.914639,0.080919,-0.314138,-0.107833
60.6333,-0.004130,-0.182786,-0.109045,0.906274,0.080898,-0.314132,-0.107833
60.6667,-0.003370,-0.183289,-0.095894,0.900788,0.080883,-0.314125,-0.107827
60.7000,-0.003366,-0.183395,-0.088165,0.896614,0.080877,-0.314118,-0.107809
60.7333,-0.003094,-0.183846,-0.075856,0.890366,0.080876,-0.314109,-0.107784
60.7667,-0.003739,-0.183663,-0.069002,0.885558,0.080873,-0.314098,-0.107753
60.8000,-0.004477,-0.183594,-0.059788,0.879594,0.080876,-0.314085,-0.107709
60.8333,-0.005432,-0.184272,-0.051474,0.873306,0.080879,-0.314069,-0.107655
60.8667,-0.006888,-0.184404,-0.044488,0.867633,0.080884,-0.314051,-0.107596
60.9000,-0.008626,-0.185555,-0.038150,0.863978,0.080891,-0.314031,-0.107525
60.9333,-0.010928,-0.186723,-0.033302,0.858838,0.080901,-0.314008,-0.107447
60.9667,-0.014011,-0.187481,-0.032853,0.854569,0.080913,-0.313983,-0.107355
61.0000,-0.017593,-0.188205,-0.034385,0.850670,0.080930,-0.313955,-0.107252
61.0333,-0.021114,-0.189297,-0.034551,0.846891,0.080950,-0.313925,-0.107138
61.0667,-0.024607,-0.190084,-0.032771,0.842236,0.080969,-0.313894,-0.107022
61.1000,-0.027948,-0.192418,-0.028325,0.836256,0.080987,-0.313861,-0.106900
61.1333,-0.032619,-0.192328,-0.031684,0.832249,0.081003,-0.313826,-0.106775
61.1667,-0.037301,-0.187848,-0.033461,0.824191,0.081027,-0.313788,-0.106631
61.2000,-0.041642,-0.189262,-0.039645,0.815362,0.081050,-0.313749,-0.106481
61.2333,-0.046307,-0.188823,-0.048617,0.807180,0.081070,-0.313717,-0.106357
61.2667,-0.052412,-0.184948,-0.073944,0.805099,0.081092,-0.313685,-0.106231
61.3000,-0.058193,-0.182339,-0.103303,0.791400,0.081122,-0.313658,-0.106110
61.3333,-0.065099,-0.182840,-0.143726,0.784256,0.081149,-0.313638,-0.106013
61.3667,-0.071588,-0.182120,-0.184323,0.787019,0.081180,-0.313621,-0.105915
61.4000,-0.075060,-0.181918,-0.200459,0.783634,0.081209,-0.313607,-0.105832
61.4333,-0.077010,-0.180000,-0.206630,0.768222,0.081223,-0.313593,-0.105769
61.4667,-0.077469,-0.179994,-0.207907,0.758132,0.081230,-0.313583,-0.105724
61.5000,-0.078330,-0.178403,-0.219435,0.752246,0.081232,-0.313580,-0.105713
61.5333,-0.078377,-0.174864,-0.229334,0.741423,0.081236,-0.313585,-0.105722
61.5667,-0.077933,-0.168557,-0.242625,0.730013,0.081237,-0.313595,-0.105753
61.6000,-0.076454,-0.160878,-0.253833,0.722421,0.081237,-0.313614,-0.105811
61.6333,-0.074241,-0.155185,-0.267745,0.727987,0.081234,-0.313639,-0.105897
61.6667,-0.071620,-0.149768,-0.283384,0.736483,0.081228,-0.313674,-0.106016
61.7000,-0.070318,-0.146963,-0.318002,0.742191,0.081220,-0.313715,-0.106155
61.7333,-0.067928,-0.140995,-0.341989,0.761347,0.081220,-0.313764,-0.106310
61.7667,-0.063692,-0.138297,-0.351353,0.774467,0.081214,-0.313811,-0.106468
61.8000,-0.058001,-0.138528,-0.349313,0.798546,0.081199,-0.313859,-0.106639
61.8333,-0.054558,-0.132921,-0.366214,0.820930,0.081177,-0.313907,-0.106822
61.8667,-0.052589,-0.128099,-0.386269,0.844526,0.081165,-0.313956,-0.106991
61.9000,-0.054716,-0.116668,-0.425139,0.873561,0.081159,-0.313995,-0.107121
61.9333,-0.056612,-0.105738,-0.429883,0.926087,0.081172,-0.314018,-0.107174
61.9667,-0.063239,-0.097768,-0.429900,0.953787,0.081180,-0.314006,-0.107126
62.0000,-0.072793,-0.089217,-0.430923,0.968696,0.081206,-0.313947,-0.106905
62.0333,-0.082025,-0.078300,-0.440583,0.972369,0.081242,-0.313862,-0.106590
62.0667,-0.090437,-0.067146,-0.444681,0.980054,0.081274,-0.313790,-0.106312
62.1000,-0.096274,-0.065431,-0.427891,0.982648,0.081299,-0.313719,-0.106044
62.1333,-0.100955,-0.063512,-0.401541,0.983980,0.081314,-0.313649,-0.105796
62.1667,-0.108395,-0.063293,-0.393620,0.987195,0.081323,-0.313579,-0.105556
62.2000,-0.116613,-0.062977,-0.389516,0.988707,0.081340,-0.313504,-0.105281
62.2333,-0.125479,-0.062702,-0.393138,0.992853,0.081357,-0.313426,-0.104993
62.2667,-0.134999,-0.062599,-0.386468,0.997840,0.081374,-0.313350,-0.104708
62.3000,-0.145473,-0.062428,-0.391130,1.002229,0.081387,-0.313257,-0.104368
62.3333,-0.154700,-0.064175,-0.372281,1.000935,0.081400,-0.313168,-0.104031
62.3667,-0.163086,-0.063981,-0.358993,0.998150,0.081405,-0.313065,-0.103662
62.4000,-0.175498,-0.061364,-0.370866,1.003002,0.081408,-0.312976,-0.103338
62.4333,-0.186420,-0.059454,-0.380585,1.008004,0.081411,-0.312877,-0.102960
62.4667,-0.195873,-0.060960,-0.377974,1.012587,0.081410,-0.312789,-0.102624
62.5000,-0.201758,-0.062563,-0.368783,1.012295,0.081404,-0.312701,-0.102299
62.5333,-0.205905,-0.064863,-0.350898,1.010093,0.081397,-0.312639,-0.102072
62.5667,-0.208391,-0.071080,-0.327597,1.006899,0.081391,-0.312582,-0.101876
62.6000,-0.213817,-0.070796,-0.326877,1.009258,0.081385,-0.312535,-0.101717
62.6333,-0.218363,-0.066320,-0.314415,1.007654,0.081378,-0.312485,-0.101533
62.6667,-0.221831,-0.066668,-0.307525,1.005327,0.081370,-0.312431,-0.101340
62.7000,-0.225778,-0.065383,-0.310516,1.004236,0.081364,-0.312393,-0.101202
62.7333,-0.229752,-0.063956,-0.314831,1.004523,0.081357,-0.312360,-0.101079
62.7667,-0.232806,-0.062472,-0.310979,1.003944,0.081350,-0.312329,-0.100960
62.8000,-0.234723,-0.062526,-0.305347,1.003032,0.081344,-0.312298,-0.100845
62.8333,-0.236007,-0.063450,-0.302208,1.003265,0.081339,-0.312274,-0.100763
62.8667,-0.235664,-0.065948,-0.294929,1.003104,0.081336,-0.312260,-0.100710
62.9000,-0.234892,-0.068367,-0.288372,1.003182,0.081336,-0.312255,-0.100698
62.9333,-0.233666,-0.070296,-0.281725,1.003497,0.081337,-0.312255,-0.100702
62.9667,-0.232760,-0.070616,-0.278547,1.004634,0.081339,-0.312258,-0.100721
63.0000,-0.231932,-0.070049,-0.278331,1.005958,0.081340,-0.312263,-0.100741
63.0333,-0.231034,-0.068881,-0.280971,1.007710,0.081342,-0.312270,-0.100768
63.0667,-0.230217,-0.067075,-0.285921,1.009621,0.081344,-0.312281,-0.100807
63.1000,-0.228637,-0.066378,-0.288049,1.011410,0.081346,-0.312294,-0.100851
63.1333,-0.227064,-0.065750,-0.289922,1.012850,0.081349,-0.312310,-0.100910
63.1667,-0.225461,-0.065259,-0.293380,1.014721,0.081353,-0.312326,-0.100969
63.2000,-0.224031,-0.064886,-0.298890,1.016954,0.081356,-0.312345,-0.101034
63.2333,-0.222543,-0.064455,-0.304025,1.018953,0.081359,-0.312363,-0.101100
63.2667,-0.220845,-0.063650,-0.306283,1.020329,0.081362,-0.312382,-0.101166
63.3000,-0.219332,-0.062593,-0.309826,1.021507,0.081365,-0.312400,-0.101231
63.3333,-0.218172,-0.061117,-0.315284,1.022545,0.081368,-0.312417,-0.101293
63.3667,-0.217168,-0.059565,-0.319952,1.023405,0.081371,-0.312434,-0.101349
63.4000,-0.216212,-0.058118,-0.324259,1.023889,0.081373,-0.312448,-0.101398
63.4333,-0.215626,-0.056627,-0.329253,1.024226,0.081375,-0.312461,-0.101444
63.4667,-0.214391,-0.056560,-0.327759,1.023155,0.081376,-0.312472,-0.101480
63.5000,-0.213030,-0.056768,-0.324206,1.021394,0.081378,-0.312481,-0.101516
63.5333,-0.212009,-0.056965,-0.320923,1.019811,0.081379,-0.312490,-0.101551
63.5667,-0.210301,-0.057616,-0.310233,1.016862,0.081380,-0.312495,-0.101574
63.6000,-0.209410,-0.058364,-0.302839,1.014989,0.081381,-0.312499,-0.101597
63.6333,-0.208766,-0.059456,-0.296913,1.013133,0.081381,-0.312499,-0.101603
63.6667,-0.208188,-0.061014,-0.290068,1.011322,0.081381,-0.312498,-0.101605
63.7000,-0.207914,-0.062401,-0.284151,1.009721,0.081381,-0.312496,-0.101602
63.7333,-0.208251,-0.062930,-0.281690,1.008876,0.081381,-0.312492,-0.101592
63.7667,-0.208962,-0.063297,-0.280963,1.008331,0.081380,-0.312486,-0.101573
63.8000,-0.209718,-0.063673,-0.279932,1.007741,0.081379,-0.312479,-0.101547
63.8333,-0.210472,-0.064172,-0.277908,1.006978,0.081378,-0.312471,-0.101518
63.8667,-0.211165,-0.064597,-0.275251,1.005990,0.081377,-0.312462,-0.101486
63.9000,-0.211707,-0.065262,-0.271446,1.004772,0.081376,-0.312453,-0.101454
63.9333,-0.212321,-0.065397,-0.270168,1.004058,0.081375,-0.312444,-0.101424
63.9667,-0.212435,-0.066320,-0.265883,1.002511,0.081374,-0.312437,-0.101399
64.0000,-0.212505,-0.067120,-0.263324,1.001323,0.081373,-0.312432,-0.101381
64.0333,-0.212397,-0.067892,-0.260644,1.000049,0.081373,-0.312428,-0.101370
64.0667,-0.212549,-0.068794,-0.260066,0.999660,0.081373,-0.312426,-0.101365
64.1000,-0.211943,-0.070036,-0.257314,0.997210,0.081372,-0.312424,-0.101358
64.1333,-0.210419,-0.070519,-0.254421,0.995986,0.081373,-0.312427,-0.101370
64.1667,-0.208221,-0.070208,-0.250284,0.995084,0.081374,-0.312437,-0.101411
64.2000,-0.202959,-0.073114,-0.227220,0.988792,0.081377,-0.312453,-0.101471
64.2333,-0.197571,-0.073899,-0.205813,0.981076,0.081380,-0.312475,-0.101572
64.2667,-0.190165,-0.077454,-0.184418,0.970755,0.081382,-0.312500,-0.101683
64.3000,-0.184543,-0.078857,-0.176878,0.966189,0.081385,-0.312543,-0.101861
64.3333,-0.175962,-0.082496,-0.163615,0.956062,0.081387,-0.312585,-0.102025
64.3667,-0.167015,-0.087080,-0.146710,0.949993,0.081387,-0.312648,-0.102269
64.4000,-0.156312,-0.095897,-0.115811,0.940441,0.081384,-0.312710,-0.102514
64.4333,-0.145410,-0.105613,-0.092279,0.928205,0.081376,-0.312772,-0.102772
64.4667,-0.137504,-0.111435,-0.097576,0.921628,0.081365,-0.312845,-0.103061
64.5000,-0.129116,-0.111391,-0.096630,0.913113,0.081357,-0.312921,-0.103343
64.5333,-0.121163,-0.112559,-0.097469,0.906820,0.081345,-0.312996,-0.103621
64.5667,-0.112277,-0.113838,-0.092772,0.900903,0.081332,-0.313068,-0.103890
64.6000,-0.104195,-0.114383,-0.097820,0.887193,0.081313,-0.313143,-0.104172
64.6333,-0.097994,-0.112512,-0.110376,0.876725,0.081296,-0.313221,-0.104459
64.6667,-0.089944,-0.112843,-0.109678,0.870030,0.081282,-0.313290,-0.104708
64.7000,-0.077901,-0.121935,-0.077054,0.850632,0.081259,-0.313361,-0.104975
64.7333,-0.067308,-0.126580,-0.058086,0.796140,0.081218,-0.313433,-0.105270
64.7667,-0.057699,-0.135004,-0.020312,0.749177,0.081179,-0.313508,-0.105562
64.8000,-0.054475,-0.139990,-0.024801,0.734880,0.081137,-0.313552,-0.105760
64.8333,-0.053885,-0.146532,-0.039975,0.725572,0.081125,-0.313586,-0.105882
64.8667,-0.060783,-0.144440,-0.074615,0.735262,0.081124,-0.313608,-0.105950
64.9000,-0.068412,-0.142826,-0.093777,0.740722,0.081156,-0.313584,-0.105833
64.9333,-0.078802,-0.134703,-0.121517,0.729093,0.081187,-0.313536,-0.105642
64.9667,-0.087285,-0.135285,-0.129969,0.717864,0.081226,-0.313474,-0.105386
65.0000,-0.093977,-0.135624,-0.112681,0.720578,0.081254,-0.313407,-0.105130
65.0333,-0.103751,-0.131271,-0.115894,0.693919,0.081271,-0.313328,-0.104850
65.0667,-0.111136,-0.136960,-0.099966,0.709729,0.081297,-0.313244,-0.104533
65.1000,-0.121401,-0.141352,-0.113697,0.690672,0.081312,-0.313161,-0.104234
65.1333,-0.131697,-0.142503,-0.121868,0.678992,0.081334,-0.313083,-0.103935
65.1667,-0.143744,-0.134011,-0.134310,0.684024,0.081352,-0.313000,-0.103617
65.2000,-0.150820,-0.135230,-0.123810,0.682147,0.081368,-0.312905,-0.103254
65.2333,-0.155014,-0.158556,-0.114860,0.669521,0.081373,-0.312830,-0.102982
65.2667,-0.157078,-0.172337,-0.087545,0.666905,0.081375,-0.312783,-0.102812
65.3000,-0.162520,-0.172915,-0.093394,0.669811,0.081374,-0.312735,-0.102654
65.3333,-0.168121,-0.177171,-0.096375,0.673696,0.081377,-0.312692,-0.102491
65.3667,-0.171170,-0.179067,-0.102983,0.671856,0.081379,-0.312645,-0.102312
65.4000,-0.171034,-0.181312,-0.104493,0.671530,0.081380,-0.312625,-0.102232
65.4333,-0.169692,-0.182574,-0.109582,0.672621,0.081380,-0.312628,-0.102241
65.4667,-0.165822,-0.180349,-0.117068,0.651119,0.081381,-0.312645,-0.102303
65.5000,-0.158063,-0.190710,-0.096595,0.623800,0.081381,-0.312688,-0.102457
65.5333,-0.150643,-0.193054,-0.088275,0.605935,0.081375,-0.312736,-0.102650
65.5667,-0.144716,-0.194933,-0.093751,0.593544,0.081369,-0.312793,-0.102872
65.6000,-0.137929,-0.194922,-0.089599,0.591390,0.081364,-0.312852,-0.103089
65.6333,-0.126805,-0.196974,-0.051813,0.584645,0.081356,-0.312909,-0.103303
65.6667,-0.118339,-0.197762,-0.043155,0.576292,0.081336,-0.312968,-0.103552
65.7000,-0.109159,-0.200285,-0.034932,0.569174,0.081320,-0.313034,-0.103808
65.7333,-0.097334,-0.208832,-0.005707,0.564721,0.081300,-0.313108,-0.104088
65.7667,-0.087248,-0.211044,0.010879,0.570804,0.081268,-0.313182,-0.104389
65.8000,-0.078229,-0.212179,0.020408,0.577529,0.081237,-0.313255,-0.104673
65.8333,-0.070746,-0.206499,0.025275,0.573337,0.081208,-0.313325,-0.104944
65.8667,-0.064117,-0.199526,0.026860,0.570040,0.081181,-0.313387,-0.105178
65.9000,-0.057622,-0.197325,0.028319,0.565421,0.081157,-0.313444,-0.105394
65.9333,-0.051517,-0.197123,0.030495,0.565546,0.081131,-0.313501,-0.105605
65.9667,-0.046878,-0.194487,0.026389,0.565356,0.081106,-0.313553,-0.105802
66.0000,-0.042554,-0.193217,0.024733,0.563491,0.081086,-0.313599,-0.105969
66.0333,-0.038756,-0.192548,0.023913,0.559601,0.081067,-0.313639,-0.106118
66.0667,-0.035628,-0.191966,0.022519,0.555026,0.081050,-0.313674,-0.106247
66.1000,-0.033308,-0.190558,0.019173,0.550233,0.081035,-0.313703,-0.106356
66.1333,-0.031177,-0.189173,0.018625,0.545698,0.081024,-0.313727,-0.106444
66.1667,-0.029551,-0.186952,0.017419,0.541557,0.081014,-0.313747,-0.106516
66.2000,-0.028071,-0.185972,0.016223,0.537219,0.081006,-0.313763,-0.106574
66.2333,-0.026933,-0.184393,0.013158,0.533890,0.080999,-0.313777,-0.106627
66.2667,-0.026278,-0.180923,0.006486,0.532508,0.080993,-0.313790,-0.106675
66.3000,-0.025119,-0.178951,0.002627,0.530960,0.080991,-0.313803,-0.106718
66.3333,-0.023286,-0.177596,0.003005,0.530230,0.080985,-0.313818,-0.106769
66.3667,-0.020802,-0.177220,0.005688,0.530497,0.080976,-0.313834,-0.106828
66.4000,-0.017997,-0.177465,0.009263,0.529531,0.080962,-0.313853,-0.106902
66.4333,-0.014268,-0.181099,0.017258,0.527137,0.080947,-0.313874,-0.106983
66.4667,-0.011285,-0.182167,0.018752,0.527014,0.080926,-0.313899,-0.107081
66.5000,-0.007719,-0.186316,0.023802,0.524722,0.080909,-0.313923,-0.107175
66.5333,-0.004735,-0.189173,0.025199,0.528054,0.080888,-0.313950,-0.107277
66.5667,-0.000510,-0.199011,0.035047,0.527882,0.080871,-0.313975,-0.107371
66.6000,0.001950,-0.205429,0.035455,0.535963,0.080845,-0.314001,-0.107479
66.6333,0.002909,-0.204277,0.034614,0.536829,0.080830,-0.314023,-0.107559
66.6667,0.002652,-0.207082,0.023333,0.542978,0.080824,-0.314032,-0.107593
66.7000,0.003283,-0.213346,0.027747,0.542481,0.080827,-0.314042,-0.107621
66.7333,0.002997,-0.216213,0.034377,0.540517,0.080823,-0.314043,-0.107628
66.7667,0.001794,-0.218342,0.041334,0.542283,0.080824,-0.314033,-0.107597
66.8000,-0.000994,-0.217759,0.041830,0.544519,0.080830,-0.314015,-0.107535
66.8333,-0.004580,-0.216306,0.039887,0.548659,0.080847,-0.313990,-0.107441
66.8667,-0.008228,-0.215844,0.037542,0.550150,0.080868,-0.313960,-0.107329
66.9000,-0.011900,-0.215901,0.036148,0.551655,0.080890,-0.313930,-0.107216
66.9333,-0.015736,-0.215227,0.032567,0.554487,0.080910,-0.313899,-0.107099
66.9667,-0.019734,-0.214285,0.026420,0.558157,0.080932,-0.313869,-0.106983
67.0000,-0.022949,-0.214183,0.024593,0.560063,0.080954,-0.313840,-0.106871
67.0333,-0.026639,-0.210875,0.017100,0.564441,0.080972,-0.313814,-0.106770
67.0667,-0.029598,-0.207216,0.012049,0.568868,0.080991,-0.313789,-0.106672
67.1000,-0.032146,-0.201658,0.005448,0.573097,0.081007,-0.313768,-0.106590
67.1333,-0.034366,-0.192922,-0.004636,0.577447,0.081020,-0.313752,-0.106526
67.1667,-0.035193,-0.185590,-0.012043,0.584741,0.081032,-0.313744,-0.106485
67.2000,-0.034391,-0.180564,-0.016242,0.591495,0.081037,-0.313744,-0.106482
67.2333,-0.031691,-0.178464,-0.015789,0.595563,0.081034,-0.313756,-0.106522
67.2667,-0.027446,-0.177258,-0.013504,0.598670,0.081020,-0.313779,-0.106610
67.3000,-0.022131,-0.175575,-0.013359,0.601223,0.080999,-0.313815,-0.106744
67.3333,-0.016122,-0.172142,-0.016178,0.603155,0.080972,-0.313862,-0.106919
67.3667,-0.008509,-0.169791,-0.016334,0.603889,0.080940,-0.313918,-0.107128
67.4000,0.001096,-0.167899,-0.008730,0.605112,0.080897,-0.313986,-0.107380
67.4333,0.011695,-0.166963,-0.001964,0.610513,0.080840,-0.314063,-0.107673
67.4667,0.022424,-0.165454,-0.001264,0.622912,0.080773,-0.314149,-0.108001
67.5000,0.034839,-0.167416,-0.005529,0.646521,0.080703,-0.314243,-0.108352
67.5333,0.046628,-0.164811,-0.009843,0.661534,0.080616,-0.314357,-0.108774
67.5667,0.058263,-0.161565,-0.011058,0.671190,0.080530,-0.314465,-0.109174
67.6000,0.067795,-0.154641,-0.012096,0.670815,0.080439,-0.314568,-0.109558
67.6333,0.076730,-0.150429,-0.009173,0.670568,0.080362,-0.314653,-0.109872
67.6667,0.084866,-0.145566,-0.012648,0.674362,0.080286,-0.314727,-0.110153
67.7000,0.093146,-0.143360,-0.010847,0.678404,0.080215,-0.314802,-0.110429
67.7333,0.098406,-0.134903,-0.032311,0.694265,0.080140,-0.314872,-0.110691
67.7667,0.108521,-0.137107,-0.035081,0.717004,0.080094,-0.314941,-0.110931
67.8000,0.113484,-0.135155,-0.048305,0.730962,0.079999,-0.315031,-0.111266
67.8333,0.118443,-0.136769,-0.056182,0.739079,0.079952,-0.315088,-0.111469
67.8667,0.126477,-0.145052,-0.064185,0.757362,0.079903,-0.315139,-0.111654
67.9000,0.134320,-0.149595,-0.051294,0.762678,0.079823,-0.315217,-0.111938
67.9333,0.141431,-0.172891,0.008666,0.764816,0.079740,-0.315270,-0.112147
67.9667,0.144884,-0.197647,0.047544,0.770285,0.079657,-0.315266,-0.112179
68.0000,0.140199,-0.190476,0.033605,0.804206,0.079615,-0.315254,-0.112165
68.0333,0.132643,-0.189079,0.029910,0.820961,0.079668,-0.315229,-0.112060
68.0667,0.120811,-0.188388,0.048723,0.837168,0.079748,-0.315168,-0.111830
68.1000,0.113699,-0.194164,0.069412,0.808477,0.079868,-0.315047,-0.111391
68.1333,0.101670,-0.188777,0.057420,0.792614,0.079936,-0.314964,-0.111097
68.1667,0.090283,-0.186738,0.057815,0.799512,0.080053,-0.314872,-0.110747
68.2000,0.075088,-0.178157,0.050895,0.796845,0.080159,-0.314773,-0.110378
68.2333,0.063459,-0.169582,0.038795,0.792513,0.080293,-0.314649,-0.109907
68.2667,0.048580,-0.153302,0.004449,0.796034,0.080392,-0.314560,-0.109567
68.3000,0.035461,-0.148239,-0.009793,0.795934,0.080513,-0.314467,-0.109192
68.3333,0.019718,-0.132879,-0.017442,0.809806,0.080613,-0.314367,-0.108808
68.3667,0.004286,-0.121522,-0.028407,0.817836,0.080723,-0.314237,-0.108315
68.4000,-0.007367,-0.115287,-0.012438,0.816799,0.080823,-0.314112,-0.107842
68.4333,-0.021289,-0.111459,-0.018630,0.823857,0.080890,-0.313992,-0.107405
68.4667,-0.033684,-0.105771,-0.038497,0.824255,0.080968,-0.313875,-0.106964
68.5000,-0.050982,-0.099516,-0.053429,0.838968,0.081033,-0.313786,-0.106617
68.5333,-0.063875,-0.097322,-0.061922,0.844267,0.081113,-0.313648,-0.106091
68.5667,-0.073383,-0.101219,-0.047340,0.851512,0.081166,-0.313542,-0.105689
68.6000,-0.081966,-0.103235,-0.036244,0.853401,0.081199,-0.313442,-0.105324
68.6333,-0.088306,-0.106223,-0.038128,0.854668,0.081226,-0.313353,-0.105002
68.6667,-0.094918,-0.108072,-0.039186,0.856179,0.081246,-0.313298,-0.104796
68.7000,-0.101173,-0.110865,-0.039553,0.859089,0.081265,-0.313240,-0.104579
68.7333,-0.109853,-0.111228,-0.042383,0.866331,0.081281,-0.313184,-0.104371
68.7667,-0.119009,-0.109341,-0.057051,0.875352,0.081302,-0.313110,-0.104089
68.8000,-0.128683,-0.106048,-0.070217,0.889345,0.081323,-0.313043,-0.103831
68.8333,-0.137789,-0.102027,-0.092523,0.901674,0.081341,-0.312971,-0.103549
68.8667,-0.146593,-0.097186,-0.112430,0.907786,0.081357,-0.312913,-0.103317
68.9000,-0.153693,-0.097542,-0.127043,0.914046,0.081368,-0.312856,-0.103087
68.9333,-0.161161,-0.097939,-0.145015,0.926862,0.081376,-0.312808,-0.102897
68.9667,-0.168394,-0.097745,-0.165519,0.935810,0.081382,-0.312761,-0.102705
69.0000,-0.174838,-0.098011,-0.187634,0.945776,0.081387,-0.312718,-0.102530
69.0333,-0.178927,-0.098247,-0.195499,0.952345,0.081390,-0.312684,-0.102386
69.0667,-0.183588,-0.095244,-0.210594,0.960106,0.081391,-0.312656,-0.102274
69.1000,-0.187712,-0.092827,-0.221017,0.966544,0.081391,-0.312631,-0.102168
69.1333,-0.192777,-0.087072,-0.240976,0.972085,0.081391,-0.312605,-0.102063
69.1667,-0.194562,-0.086602,-0.242286,0.973364,0.081390,-0.312581,-0.101959
69.2000,-0.196423,-0.086144,-0.246168,0.974695,0.081389,-0.312567,-0.101903
69.2333,-0.197063,-0.086021,-0.245689,0.974737,0.081388,-0.312554,-0.101853
69.2667,-0.196428,-0.087732,-0.237008,0.973211,0.081387,-0.312548,-0.101830
69.3000,-0.195298,-0.090432,-0.227220,0.972116,0.081387,-0.312544,-0.101823
69.3333,-0.194170,-0.091796,-0.220315,0.971314,0.081387,-0.312544,-0.101829
69.3667,-0.193764,-0.091173,-0.217688,0.972064,0.081387,-0.312546,-0.101845
69.4000,-0.193593,-0.089476,-0.220281,0.973133,0.081387,-0.312547,-0.101850
69.4333,-0.193301,-0.088647,-0.222269,0.974564,0.081387,-0.312551,-0.101864
69.4667,-0.193540,-0.087515,-0.226717,0.976338,0.081387,-0.312556,-0.101880
69.5000,-0.194439,-0.085921,-0.236458,0.979707,0.081388,-0.312559,-0.101887
69.5333,-0.194779,-0.086084,-0.243334,0.982569,0.081388,-0.312561,-0.101888
69.5667,-0.193961,-0.087903,-0.244326,0.983219,0.081389,-0.312566,-0.101899
69.6000,-0.192936,-0.088759,-0.246391,0.984333,0.081390,-0.312574,-0.101930
69.6333,-0.191624,-0.089065,-0.246306,0.984628,0.081391,-0.312586,-0.101971
69.6667,-0.189050,-0.089563,-0.242522,0.984377,0.081391,-0.312597,-0.102015
69.7000,-0.187014,-0.090247,-0.242260,0.984688,0.081392,-0.312616,-0.102089
69.7333,-0.185183,-0.090096,-0.246014,0.985734,0.081393,-0.312634,-0.102156
69.7667,-0.182867,-0.089998,-0.247744,0.986646,0.081395,-0.312655,-0.102230
69.8000,-0.180240,-0.089736,-0.250217,0.987619,0.081396,-0.312678,-0.102313
69.8333,-0.177583,-0.088647,-0.253515,0.989092,0.081397,-0.312704,-0.102409
69.8667,-0.174481,-0.087356,-0.256514,0.990236,0.081398,-0.312731,-0.102509
69.9000,-0.171347,-0.085225,-0.261531,0.991916,0.081398,-0.312763,-0.102623
69.9333,-0.167672,-0.082059,-0.262569,0.993356,0.081399,-0.312796,-0.102745
69.9667,-0.161391,-0.081225,-0.246154,0.991606,0.081398,-0.312830,-0.102871
70.0000,-0.155311,-0.079687,-0.237706,0.990152,0.081394,-0.312869,-0.103028
70.0333,-0.149060,-0.079733,-0.237007,0.990671,0.081390,-0.312914,-0.103205
70.0667,-0.142169,-0.080929,-0.235589,0.992336,0.081385,-0.312970,-0.103412
70.1000,-0.129852,-0.092206,-0.198298,0.975914,0.081378,-0.313030,-0.103638
70.1333,-0.116618,-0.103178,-0.162946,0.952444,0.081358,-0.313100,-0.103929
70.1667,-0.099975,-0.121237,-0.102833,0.935964,0.081331,-0.313180,-0.104257
70.2000,-0.087559,-0.139044,-0.084931,0.921184,0.081286,-0.313264,-0.104617
70.2333,-0.074648,-0.156049,-0.054692,0.910943,0.081249,-0.313356,-0.104974
70.2667,-0.065164,-0.160357,-0.056669,0.903306,0.081204,-0.313438,-0.105306
70.3000,-0.058703,-0.173793,-0.087750,0.895274,0.081170,-0.313525,-0.105629
70.3333,-0.048141,-0.206105,-0.069723,0.888998,0.081149,-0.313617,-0.105946
70.3667,-0.032803,-0.232113,-0.005964,0.854168,0.081103,-0.313691,-0.106238
70.4000,-0.023599,-0.246582,0.010600,0.845812,0.081025,-0.313759,-0.106541
70.4333,-0.018600,-0.242254,-0.005570,0.842017,0.080976,-0.313823,-0.106793
70.4667,-0.014405,-0.238222,-0.011366,0.845630,0.080952,-0.313885,-0.107011
70.5000,-0.006480,-0.245861,0.018255,0.840780,0.080930,-0.313928,-0.107169
70.5333,0.001087,-0.253008,0.047938,0.831868,0.080882,-0.313967,-0.107336
70.5667,0.006408,-0.256838,0.061616,0.827291,0.080834,-0.314002,-0.107491
70.6000,0.010275,-0.256821,0.071925,0.825524,0.080799,-0.314034,-0.107622
70.6333,0.015997,-0.256418,0.108536,0.811664,0.080774,-0.314058,-0.107717
70.6667,0.019337,-0.255327,0.126080,0.805245,0.080733,-0.314069,-0.107790
70.7000,0.022680,-0.256220,0.140552,0.800618,0.080709,-0.314081,-0.107845
70.7333,0.026198,-0.256640,0.155618,0.794405,0.080685,-0.314095,-0.107910
70.7667,0.029995,-0.256372,0.190424,0.780833,0.080659,-0.314110,-0.107978
70.8000,0.033108,-0.254599,0.223347,0.768944,0.080629,-0.314108,-0.107996
70.8333,0.035451,-0.250950,0.251192,0.759165,0.080603,-0.314102,-0.107998
70.8667,0.036247,-0.247879,0.267847,0.756997,0.080583,-0.314095,-0.107991
70.9000,0.034998,-0.246299,0.267604,0.760456,0.080576,-0.314085,-0.107967
70.9333,0.033923,-0.245448,0.267720,0.762906,0.080585,-0.314074,-0.107927
70.9667,0.032077,-0.244918,0.264741,0.767998,0.080593,-0.314065,-0.107892
71.0000,0.029482,-0.244431,0.258404,0.775211,0.080606,-0.314051,-0.107840
71.0333,0.027697,-0.244144,0.263424,0.779260,0.080625,-0.314035,-0.107773
71.0667,0.025496,-0.242678,0.267020,0.783828,0.080637,-0.314014,-0.107700
71.1000,0.022224,-0.239455,0.265424,0.792534,0.080652,-0.313991,-0.107617
71.1333,0.017829,-0.234844,0.260594,0.802122,0.080674,-0.313964,-0.107514
71.1667,0.011171,-0.228591,0.252833,0.821478,0.080704,-0.313930,-0.107384
71.2000,0.001220,-0.216493,0.233362,0.851126,0.080748,-0.313879,-0.107188
71.2333,-0.014502,-0.179299,0.131661,0.908105,0.080812,-0.313810,-0.106918
71.2667,-0.026134,-0.162274,0.081901,0.938972,0.080914,-0.313775,-0.106710
71.3000,-0.039651,-0.140475,0.011599,0.975734,0.080981,-0.313724,-0.106481
71.3333,-0.054939,-0.115158,-0.083916,1.012151,0.081055,-0.313679,-0.106257
71.3667,-0.064015,-0.107739,-0.139984,1.024730,0.081133,-0.313646,-0.106058
71.4000,-0.069600,-0.117012,-0.151106,1.034651,0.081176,-0.313626,-0.105939
71.4333,-0.076190,-0.120886,-0.154129,1.047849,0.081198,-0.313588,-0.105790
71.4667,-0.088671,-0.119766,-0.194291,1.073251,0.081221,-0.313533,-0.105580
71.5000,-0.099530,-0.107425,-0.298741,1.083024,0.081265,-0.313465,-0.105294
71.5333,-0.102157,-0.102432,-0.329972,1.088074,0.081308,-0.313481,-0.105272
71.5667,-0.109009,-0.106423,-0.320614,1.094171,0.081318,-0.313492,-0.105286
71.6000,-0.120070,-0.073336,-0.428655,1.094549,0.081333,-0.313420,-0.105026
71.6333,-0.122332,-0.061453,-0.442401,1.093968,0.081368,-0.313436,-0.105002
71.6667,-0.121633,-0.033151,-0.480379,1.088063,0.081374,-0.313430,-0.104970
71.7000,-0.115796,-0.006169,-0.465158,1.091698,0.081377,-0.313476,-0.105112
71.7333,-0.109106,0.014237,-0.433351,1.088030,0.081364,-0.313513,-0.105260
71.7667,-0.110855,0.014684,-0.412631,1.091255,0.081346,-0.313540,-0.105384
71.8000,-0.122371,0.022761,-0.428170,1.096347,0.081348,-0.313502,-0.105260
71.8333,-0.129840,0.032440,-0.503768,1.075480,0.081372,-0.313415,-0.104923
71.8667,-0.132011,0.029654,-0.499406,1.065292,0.081393,-0.313427,-0.104910
71.9000,-0.139366,0.025229,-0.481795,1.044553,0.081396,-0.313403,-0.104824
71.9333,-0.145038,0.011933,-0.409251,1.026996,0.081403,-0.313319,-0.104522
71.9667,-0.150015,0.003280,-0.366114,1.004132,0.081402,-0.313192,-0.104104
72.0000,-0.157750,-0.005022,-0.387127,0.964815,0.081401,-0.313101,-0.103799
72.0333,-0.166063,-0.011950,-0.411508,0.929374,0.081409,-0.313054,-0.103607
72.0667,-0.168241,-0.015330,-0.420326,0.891574,0.081415,-0.313005,-0.103406
72.1000,-0.173839,-0.022734,-0.426108,0.858260,0.081417,-0.312995,-0.103361
72.1333,-0.174010,-0.029990,-0.407152,0.824355,0.081418,-0.312951,-0.103191
72.1667,-0.170657,-0.040561,-0.378441,0.792834,0.081416,-0.312929,-0.103125
72.2000,-0.174679,-0.058839,-0.335928,0.800200,0.081412,-0.312929,-0.103146
72.2333,-0.172201,-0.054624,-0.318618,0.805192,0.081407,-0.312847,-0.102874
72.2667,-0.168925,-0.050305,-0.303845,0.806606,0.081405,-0.312850,-0.102902
72.3000,-0.180206,-0.070434,-0.241540,0.841235,0.081403,-0.312864,-0.102964
72.3333,-0.178170,-0.064484,-0.217982,0.843295,0.081396,-0.312695,-0.102382
72.3667,-0.165731,-0.048775,-0.193612,0.853905,0.081393,-0.312687,-0.102373
72.4000,-0.148458,-0.030908,-0.169567,0.859230,0.081390,-0.312773,-0.102711
72.4333,-0.135102,-0.012435,-0.158480,0.864756,0.081377,-0.312902,-0.103211
72.4667,-0.126803,0.000380,-0.123558,0.887303,0.081361,-0.313009,-0.103623
72.5000,-0.110765,0.036518,-0.194442,0.877988,0.081344,-0.313046,-0.103787
72.5333,-0.104209,0.056807,-0.234188,0.876341,0.081322,-0.313267,-0.104556
72.5667,-0.107238,0.063056,-0.265178,0.876939,0.081312,-0.313369,-0.104905
72.6000,-0.110992,0.064141,-0.269457,0.885508,0.081322,-0.313376,-0.104905
72.6333,-0.120720,0.066129,-0.303585,0.879675,0.081331,-0.313347,-0.104793
72.6667,-0.129554,0.067334,-0.340813,0.865127,0.081355,-0.313297,-0.104579
72.7000,-0.133989,0.074977,-0.405123,0.842846,0.081374,-0.313257,-0.104403
72.7333,-0.140344,0.086873,-0.490880,0.802931,0.081388,-0.313286,-0.104461
72.7667,-0.150177,0.087472,-0.546827,0.768660,0.081406,-0.313319,-0.104518
72.8000,-0.158072,0.087406,-0.588557,0.744759,0.081422,-0.313288,-0.104361
72.8333,-0.161962,0.087353,-0.617790,0.746111,0.081431,-0.313260,-0.104222
72.8667,-0.166934,0.089864,-0.641880,0.770014,0.081436,-0.313254,-0.104178
72.9000,-0.174120,0.082921,-0.665797,0.809357,0.081440,-0.313233,-0.104082
72.9333,-0.177818,0.082877,-0.681293,0.836610,0.081444,-0.313191,-0.103911
72.9667,-0.184557,0.075168,-0.692770,0.873550,0.081445,-0.313173,-0.103831
73.0000,-0.194231,0.061115,-0.698143,0.897294,0.081444,-0.313123,-0.103638
73.0333,-0.198401,0.054975,-0.701367,0.896697,0.081440,-0.313041,-0.103329
73.0667,-0.193194,0.046328,-0.646960,0.932850,0.081437,-0.313007,-0.103198
73.1000,-0.169034,0.057624,-0.557709,0.884876,0.081435,-0.313002,-0.103216
73.1333,-0.152469,0.061529,-0.491311,0.809207,0.081432,-0.313130,-0.103761
73.1667,-0.117704,0.043865,-0.303821,0.739949,0.081417,-0.313211,-0.104113
73.2000,-0.027956,-0.038907,-0.099026,0.370379,0.081349,-0.313324,-0.104680
73.2333,0.103524,0.074250,0.105676,0.291946,0.081012,-0.313903,-0.107005
73.2667,0.110687,0.046103,0.164935,0.360792,0.080030,-0.314837,-0.110654
73.3000,0.192968,0.221086,0.015333,0.543256,0.079955,-0.314838,-0.110700
73.3333,0.083083,0.260433,-0.173016,0.752981,0.079058,-0.315696,-0.113787
73.3667,0.055258,0.247271,-0.187255,0.732987,0.080250,-0.314961,-0.110894
73.4000,0.039710,0.222462,-0.126703,0.719428,0.080484,-0.314734,-0.110035
