t_s,q_pitch,q_roll,q_yaw,q_elbow,target_x,target_y,target_z
7.6667,-0.294783,-0.275731,-0.439107,1.011987,0.218739,0.014857,-0.031581
7.6833,-0.286285,-0.246271,-0.527558,0.974557,0.222644,0.010838,-0.010954
7.7000,-0.282772,-0.238683,-0.551786,0.963643,0.221936,0.011026,-0.011020
7.7167,-0.279300,-0.233443,-0.559184,0.954781,0.221615,0.012168,-0.011032
7.7333,-0.274811,-0.226646,-0.562036,0.942982,0.221599,0.014386,-0.010994
7.7500,-0.269924,-0.218523,-0.565186,0.929765,0.221599,0.017151,-0.011017
7.7667,-0.263292,-0.213508,-0.573604,0.921704,0.219563,0.018413,-0.011736
7.7833,-0.257208,-0.206022,-0.580411,0.914878,0.217980,0.021079,-0.013038
7.8000,-0.243705,-0.198367,-0.581801,0.904732,0.214318,0.024417,-0.015045
7.8167,-0.223987,-0.187820,-0.598791,0.893123,0.206929,0.027791,-0.018458
7.8333,-0.198866,-0.179092,-0.612934,0.888350,0.196750,0.031327,-0.023702
7.8667,-0.122383,-0.162584,-0.703440,0.920200,0.153460,0.036732,-0.042493
7.8833,-0.080560,-0.142469,-0.737648,0.939909,0.131098,0.047250,-0.055527
7.9000,-0.050430,-0.120504,-0.758302,0.978079,0.111664,0.062109,-0.068139
7.9167,-0.026816,-0.104122,-0.765484,1.025860,0.094236,0.076774,-0.079160
7.9333,0.002005,-0.085984,-0.761751,1.055861,0.076991,0.091104,-0.087196
7.9500,0.032792,-0.076728,-0.735044,1.086337,0.059609,0.102529,-0.093705
7.9667,0.066916,-0.060255,-0.706254,1.092426,0.043678,0.114610,-0.097835
7.9833,0.100360,-0.034282,-0.666207,1.086747,0.030051,0.130960,-0.101308
8.0000,0.151308,0.014986,-0.642633,1.013031,0.017636,0.150229,-0.099501
8.0167,0.186693,0.046810,-0.617815,0.958500,0.009962,0.163276,-0.097874
8.0333,0.207340,0.065678,-0.603954,0.927571,0.005184,0.171348,-0.096775
8.0500,0.217173,0.065833,-0.572485,0.922352,0.003187,0.174479,-0.097041
8.0667,0.225014,0.069393,-0.553710,0.913683,0.001849,0.177702,-0.096636
8.0833,0.229619,0.076112,-0.549666,0.905236,0.001020,0.180890,-0.096230
8.1000,0.230512,0.079769,-0.548300,0.900055,0.001435,0.182460,-0.096015
8.1167,0.227093,0.078856,-0.534716,0.908523,0.002492,0.184459,-0.096958
8.1333,0.222175,0.074353,-0.517964,0.916278,0.004735,0.184896,-0.097638
8.1500,0.217938,0.071221,-0.505510,0.921436,0.006777,0.185266,-0.098009
8.1667,0.215662,0.071742,-0.494674,0.923381,0.008216,0.187003,-0.098166
8.1833,0.209110,0.077341,-0.500348,0.928563,0.009999,0.189805,-0.098714
8.2000,0.204411,0.079636,-0.500385,0.932673,0.011616,0.191328,-0.099008
8.2167,0.204916,0.084328,-0.499009,0.924528,0.012918,0.193100,-0.098276
8.2333,0.204552,0.082436,-0.490176,0.920626,0.014424,0.192786,-0.097992
8.2500,0.202619,0.073039,-0.482286,0.919909,0.016250,0.188820,-0.097793
8.2667,0.200122,0.062187,-0.482685,0.916707,0.018391,0.182902,-0.097193
8.2833,0.195855,0.049967,-0.488394,0.912329,0.021378,0.175522,-0.096336
8.3000,0.185598,0.032302,-0.506462,0.912517,0.025860,0.164278,-0.095402
8.3167,0.162436,0.005105,-0.543345,0.931419,0.032272,0.147692,-0.095039
8.3333,0.124262,-0.036682,-0.588534,0.979268,0.040642,0.125770,-0.095155
8.3500,0.077706,-0.096875,-0.627185,1.051832,0.049500,0.098211,-0.094024
8.3667,0.034831,-0.174022,-0.642710,1.129723,0.056818,0.065067,-0.089181
8.3833,-0.011559,-0.286418,-0.563790,1.265687,0.058398,0.025110,-0.082487
8.4000,-0.059616,-0.363257,-0.478566,1.344303,0.066655,-0.003321,-0.072371
8.4167,-0.096885,-0.380000,-0.448430,1.342275,0.082597,-0.016729,-0.062635
8.4333,-0.120699,-0.372655,-0.488584,1.258567,0.106942,-0.015756,-0.055459
8.4500,-0.136464,-0.332753,-0.524620,1.151194,0.132123,-0.009222,-0.048403
8.4667,-0.153847,-0.305286,-0.472670,1.067223,0.157918,-0.000243,-0.041056
8.4833,-0.178182,-0.291432,-0.401716,1.012721,0.181556,0.008478,-0.033224
8.5000,-0.196295,-0.277081,-0.362013,0.968381,0.198516,0.016700,-0.026106
8.5167,-0.205630,-0.264092,-0.310794,0.926030,0.212474,0.026530,-0.020288
8.5333,-0.209652,-0.257165,-0.266531,0.895201,0.221393,0.034198,-0.016193
8.5500,-0.210398,-0.252766,-0.228696,0.873441,0.227010,0.040737,-0.013808
8.5667,-0.208574,-0.255244,-0.206175,0.863558,0.228502,0.042559,-0.012661
8.5833,-0.203795,-0.251309,-0.230548,0.858468,0.225813,0.041576,-0.012678
8.6000,-0.194158,-0.243647,-0.266636,0.847197,0.221977,0.040744,-0.012802
8.6167,-0.187617,-0.234031,-0.301303,0.836070,0.219478,0.040767,-0.012906
8.6333,-0.187823,-0.224232,-0.337962,0.831719,0.218360,0.040404,-0.012973
8.6500,-0.190174,-0.219198,-0.364964,0.832497,0.217751,0.039066,-0.012897
8.6667,-0.189037,-0.219540,-0.384349,0.834539,0.215734,0.036422,-0.012945
8.6833,-0.185713,-0.222843,-0.389594,0.836258,0.213789,0.034342,-0.013224
8.7000,-0.182390,-0.227274,-0.386687,0.837405,0.212384,0.032812,-0.013446
8.7167,-0.180468,-0.230399,-0.382314,0.837150,0.211819,0.032000,-0.013419
8.7333,-0.179488,-0.233205,-0.381448,0.837510,0.211256,0.030868,-0.013275
8.7500,-0.180288,-0.234658,-0.388351,0.837939,0.210856,0.029293,-0.012867
8.7667,-0.182990,-0.237415,-0.402898,0.840502,0.210278,0.026102,-0.012078
8.7833,-0.190563,-0.242269,-0.421676,0.848392,0.210461,0.021408,-0.010915
8.8000,-0.195156,-0.244820,-0.457980,0.850068,0.208835,0.015542,-0.009051
8.8167,-0.195180,-0.238982,-0.498182,0.829104,0.208333,0.012108,-0.005363
8.8333,-0.193312,-0.232097,-0.534414,0.792986,0.208878,0.008701,0.000455
8.8500,-0.209318,-0.233456,-0.551198,0.770481,0.215600,0.003816,0.008014
8.8667,-0.224554,-0.237125,-0.550601,0.740577,0.223921,-0.000404,0.017925
8.8833,-0.236960,-0.245654,-0.550437,0.699474,0.231182,-0.007071,0.030761
8.9000,-0.242811,-0.237337,-0.568591,0.632408,0.236610,-0.009411,0.044888
8.9167,-0.254707,-0.218575,-0.614527,0.556820,0.240374,-0.011928,0.060274
8.9333,-0.257567,-0.202730,-0.687329,0.469347,0.235435,-0.019776,0.077264
8.9500,-0.265400,-0.173719,-0.764269,0.369245,0.229647,-0.023406,0.094588
8.9667,-0.282405,-0.157778,-0.841505,0.284361,0.221593,-0.031405,0.112218
8.9833,-0.302506,-0.131509,-0.915116,0.190860,0.212628,-0.034415,0.129381
9.0000,-0.334123,-0.116123,-1.000152,0.109683,0.200259,-0.041263,0.146068
9.0167,-0.376702,-0.109227,-1.077864,0.043104,0.189305,-0.048382,0.162070
9.0333,-0.407109,-0.098077,-1.127438,-0.019053,0.181227,-0.049601,0.175237
9.0500,-0.418233,-0.073894,-1.113980,-0.075341,0.185033,-0.040730,0.185896
9.0667,-0.416095,-0.050009,-1.069957,-0.115552,0.193497,-0.028987,0.193155
9.0833,-0.399231,-0.026920,-0.995702,-0.144627,0.206037,-0.013491,0.197994
9.1000,-0.379678,-0.009326,-0.913601,-0.157358,0.219541,0.002410,0.199647
9.1167,-0.367132,-0.000638,-0.837188,-0.164636,0.231792,0.015885,0.201913
9.1333,-0.366390,0.007231,-0.778560,-0.168877,0.242295,0.026786,0.204680
9.1500,-0.375735,0.017129,-0.746393,-0.168042,0.250177,0.033921,0.206857
9.1667,-0.389405,0.027425,-0.736622,-0.168390,0.254878,0.037507,0.209203
9.1833,-0.399877,0.038404,-0.739107,-0.171015,0.256857,0.039645,0.210719
9.2000,-0.409940,0.048436,-0.750651,-0.176609,0.256905,0.040226,0.212142
9.2167,-0.419162,0.051856,-0.761389,-0.176132,0.257099,0.039016,0.213113
9.2333,-0.417091,0.052873,-0.766326,-0.175743,0.256025,0.038661,0.212424
9.2500,-0.410460,0.054549,-0.761339,-0.175979,0.255920,0.040382,0.211235
9.2667,-0.401034,0.055911,-0.754257,-0.177479,0.255397,0.042492,0.209682
9.2833,-0.389796,0.058507,-0.750602,-0.175124,0.254401,0.044512,0.206419
9.3000,-0.379873,0.059407,-0.749955,-0.171520,0.253105,0.045495,0.203126
9.3167,-0.371572,0.060220,-0.749630,-0.166027,0.252238,0.046307,0.199848
9.3333,-0.364719,0.060431,-0.751440,-0.160900,0.251138,0.046505,0.196916
9.3500,-0.362223,0.058474,-0.754930,-0.154328,0.250558,0.045520,0.194813
9.3667,-0.362893,0.056399,-0.758638,-0.146037,0.250709,0.044255,0.193172
9.3833,-0.366904,0.051601,-0.766394,-0.133356,0.250952,0.041277,0.191474
9.4000,-0.367975,0.044974,-0.770483,-0.119312,0.251239,0.038472,0.189547
9.4167,-0.369111,0.042740,-0.778809,-0.106451,0.250967,0.036396,0.186841
9.4333,-0.371677,0.041586,-0.790665,-0.093460,0.250460,0.034098,0.184011
9.4500,-0.373631,0.038929,-0.799107,-0.075357,0.250790,0.031938,0.180514
9.4667,-0.370233,0.041574,-0.805177,-0.060897,0.250511,0.032178,0.176046
9.4833,-0.363552,0.044967,-0.807086,-0.044375,0.250484,0.033586,0.170465
9.5000,-0.358196,0.048131,-0.815725,-0.026391,0.249442,0.033950,0.164214
9.5167,-0.353161,0.049925,-0.823444,0.000767,0.249184,0.034261,0.156405
9.5333,-0.354635,0.043447,-0.844871,0.039987,0.247771,0.029830,0.147471
9.5500,-0.354842,0.029466,-0.842739,0.093219,0.250666,0.026757,0.138385
9.5667,-0.350038,0.010822,-0.813691,0.161009,0.256945,0.026740,0.127355
9.5833,-0.343270,-0.012217,-0.748544,0.251643,0.268118,0.031908,0.112967
9.6000,-0.341460,-0.027157,-0.707299,0.337097,0.274509,0.036659,0.097453
9.6167,-0.346792,-0.050966,-0.653743,0.418986,0.282455,0.039399,0.086109
9.6333,-0.353756,-0.076076,-0.593574,0.507775,0.289416,0.042759,0.073834
9.6500,-0.367643,-0.099627,-0.555245,0.584468,0.293986,0.041944,0.064798
9.6667,-0.370532,-0.119252,-0.530802,0.637740,0.293470,0.039767,0.057501
9.6833,-0.367249,-0.129319,-0.532308,0.668237,0.289479,0.037144,0.051492
9.7000,-0.362944,-0.134278,-0.549699,0.685040,0.284622,0.033900,0.047126
9.7167,-0.353178,-0.129245,-0.570605,0.689015,0.279248,0.034301,0.042775
9.7333,-0.342065,-0.121806,-0.581120,0.692878,0.274873,0.037359,0.037874
9.7500,-0.333094,-0.117275,-0.616080,0.701135,0.267579,0.036170,0.032444
9.7667,-0.326635,-0.123833,-0.656482,0.725014,0.258630,0.030526,0.026048
9.7833,-0.326309,-0.139128,-0.685088,0.768070,0.251328,0.023982,0.018974
9.8000,-0.330773,-0.155398,-0.695644,0.818258,0.247168,0.019730,0.012460
9.8167,-0.336816,-0.168805,-0.688305,0.865158,0.245768,0.018426,0.007109
9.8333,-0.339410,-0.185241,-0.675765,0.902177,0.243575,0.015381,0.003643
9.8500,-0.337138,-0.198759,-0.664495,0.927658,0.240333,0.012683,0.000837
9.8667,-0.333472,-0.210864,-0.637555,0.946146,0.238726,0.011350,-0.001177
9.8833,-0.330865,-0.217305,-0.616030,0.957170,0.237951,0.011529,-0.002678
9.9000,-0.328186,-0.223851,-0.590287,0.963560,0.237907,0.011506,-0.003309
9.9167,-0.324509,-0.229341,-0.572299,0.966672,0.237087,0.011092,-0.003777
9.9333,-0.316632,-0.233004,-0.550277,0.963173,0.235938,0.011530,-0.004219
9.9500,-0.314302,-0.230853,-0.526039,0.961641,0.237435,0.015002,-0.005090
9.9667,-0.309441,-0.232088,-0.499580,0.957517,0.238015,0.016986,-0.005289
9.9833,-0.302845,-0.235867,-0.471973,0.953556,0.237720,0.018071,-0.005589
10.0000,-0.298471,-0.240856,-0.456878,0.953252,0.236647,0.017571,-0.005938
10.0167,-0.295481,-0.247121,-0.455515,0.958821,0.234234,0.015334,-0.006666
10.0333,-0.289392,-0.245291,-0.467702,0.957625,0.231182,0.015309,-0.007923
10.0500,-0.284426,-0.230583,-0.492219,0.948514,0.229726,0.019641,-0.009678
10.0667,-0.273616,-0.208739,-0.526283,0.933078,0.226430,0.026151,-0.012435
10.0833,-0.253540,-0.177526,-0.558458,0.905487,0.221457,0.036689,-0.016283
10.1000,-0.228590,-0.151109,-0.618616,0.889262,0.209592,0.043123,-0.022415
10.1167,-0.197470,-0.132701,-0.695042,0.883029,0.191340,0.045151,-0.030083
10.1333,-0.153665,-0.133399,-0.771951,0.904916,0.163115,0.041758,-0.040857
10.1500,-0.097068,-0.146390,-0.833112,0.959552,0.126676,0.038899,-0.054669
10.1667,-0.034836,-0.155019,-0.842721,1.012184,0.092468,0.042378,-0.067125
10.1833,0.027279,-0.169720,-0.787190,1.092126,0.058252,0.050588,-0.080023
10.2000,0.085480,-0.167018,-0.705668,1.135244,0.029545,0.063640,-0.088886
10.2167,0.140233,-0.147134,-0.638272,1.144964,0.004625,0.080255,-0.094637
10.2333,0.173733,-0.121872,-0.595966,1.154588,-0.012740,0.098045,-0.099528
10.2500,0.167207,-0.125104,-0.513369,1.251729,-0.025839,0.111509,-0.107056
10.2667,0.168924,-0.105152,-0.466830,1.292248,-0.034415,0.129323,-0.109978
10.2833,0.170932,-0.068481,-0.467061,1.306436,-0.039360,0.151829,-0.111925
10.3000,0.173705,-0.026583,-0.513298,1.300915,-0.041450,0.173034,-0.112450
10.3167,0.178908,0.024161,-0.605230,1.270764,-0.041527,0.193036,-0.111977
10.3333,0.181674,0.084667,-0.739965,1.213358,-0.038838,0.210381,-0.110702
10.3500,0.181040,0.149725,-0.886860,1.133004,-0.035543,0.223051,-0.108128
10.3667,0.173845,0.200027,-0.993456,1.071974,-0.032838,0.232030,-0.105672
10.3833,0.167033,0.238933,-1.051353,1.019833,-0.029288,0.239035,-0.102910
10.4000,0.159374,0.248244,-1.054496,1.010274,-0.024884,0.241773,-0.102694
10.4167,0.153096,0.247898,-1.038017,1.012348,-0.020237,0.242947,-0.103013
10.4333,0.146297,0.243106,-1.020489,1.018535,-0.015582,0.242711,-0.103599
10.4500,0.139021,0.234623,-1.000892,1.026537,-0.010711,0.240971,-0.104346
10.4667,0.135650,0.229853,-0.985408,1.024595,-0.007176,0.239042,-0.104271
10.4833,0.132633,0.227674,-0.978237,1.023313,-0.004710,0.238146,-0.104230
10.5000,0.132292,0.230776,-0.972980,1.014000,-0.002949,0.238389,-0.103583
10.5167,0.129653,0.233637,-0.971009,1.007930,-0.000684,0.238947,-0.103254
10.5333,0.126322,0.234811,-0.966915,1.004201,0.001884,0.239151,-0.103046
10.5500,0.121879,0.234547,-0.961529,1.004012,0.004760,0.239345,-0.103056
10.5667,0.117690,0.236044,-0.957438,1.000620,0.007769,0.239793,-0.102776
10.5833,0.114544,0.246826,-0.969440,0.986786,0.009914,0.242157,-0.101613
10.6000,0.113448,0.260611,-0.981282,0.966878,0.011530,0.244870,-0.100022
10.6167,0.111651,0.273258,-0.996522,0.949189,0.012804,0.247143,-0.098622
10.6333,0.106773,0.284045,-1.018433,0.932662,0.014727,0.248162,-0.097382
10.6500,0.102076,0.290074,-1.036066,0.922504,0.016245,0.248120,-0.096591
10.6667,0.099724,0.292241,-1.044780,0.918716,0.016858,0.247872,-0.096255
10.6833,0.100571,0.294420,-1.048591,0.915490,0.016297,0.248093,-0.095925
10.7000,0.100865,0.297621,-1.052575,0.912906,0.015919,0.249008,-0.095690
10.7167,0.098666,0.298348,-1.057114,0.913612,0.016463,0.249236,-0.095784
10.7333,0.096251,0.300600,-1.062326,0.913627,0.017125,0.250068,-0.095702
10.7500,0.097099,0.301509,-1.059751,0.914064,0.016939,0.250755,-0.095612
10.7667,0.097333,0.301383,-1.053837,0.913995,0.017491,0.251068,-0.095602
10.7833,0.092570,0.290887,-1.048597,0.925972,0.019432,0.248262,-0.096796
10.8000,0.089316,0.280252,-1.042582,0.935502,0.020932,0.244883,-0.097621
10.8167,0.084449,0.267008,-1.032424,0.950355,0.023149,0.241418,-0.098875
10.8333,0.079443,0.246809,-1.013016,0.974206,0.025424,0.236535,-0.100721
10.8500,0.073213,0.218952,-0.981654,1.010356,0.027953,0.230570,-0.103297
10.8667,0.065077,0.195024,-0.949539,1.044612,0.031319,0.226226,-0.105389
10.8833,0.055313,0.168517,-0.909297,1.085051,0.034933,0.221865,-0.107602
10.9000,0.048259,0.147992,-0.882574,1.104270,0.038342,0.215937,-0.108288
10.9167,0.047787,0.142084,-0.877198,1.093104,0.040543,0.211190,-0.107289
10.9333,0.052185,0.142373,-0.879682,1.069959,0.041054,0.207147,-0.105867
10.9500,0.057401,0.141868,-0.877758,1.050278,0.040975,0.203582,-0.104778
10.9667,0.060002,0.143507,-0.874885,1.031885,0.042180,0.201520,-0.103699
10.9833,0.062461,0.151012,-0.893385,0.994854,0.043961,0.197883,-0.101109
11.0000,0.059529,0.159781,-0.936153,0.948726,0.046786,0.191320,-0.097620
11.0167,0.045338,0.149429,-0.979083,0.929681,0.051519,0.179155,-0.095556
11.0333,0.025706,0.111152,-1.018239,0.943922,0.055669,0.158531,-0.094678
11.0500,0.002108,0.064133,-1.043244,0.961094,0.062866,0.134866,-0.092366
11.0667,-0.018496,0.011700,-1.062982,0.977173,0.068941,0.108665,-0.088174
11.0833,-0.037759,-0.051755,-1.085008,0.998311,0.073132,0.077806,-0.081948
11.1000,-0.053548,-0.162104,-1.052713,1.087291,0.074250,0.037503,-0.075253
11.1167,-0.066856,-0.292782,-0.956192,1.208392,0.072747,-0.004937,-0.064986
11.1333,-0.090360,-0.363204,-0.858933,1.254118,0.080609,-0.029239,-0.054441
11.1500,-0.115880,-0.359347,-0.799528,1.205167,0.100200,-0.032120,-0.047710
11.1667,-0.137665,-0.338639,-0.718189,1.141153,0.123507,-0.026929,-0.042513
11.2167,-0.196684,-0.304160,-0.314891,1.024184,0.195004,0.007913,-0.032074
11.2333,-0.216392,-0.324759,-0.131423,1.008174,0.209889,0.016826,-0.026398
11.2500,-0.227651,-0.330347,-0.053146,0.993145,0.217598,0.022888,-0.023470
11.2667,-0.236754,-0.333359,0.009792,0.984954,0.223738,0.028189,-0.022132
11.2833,-0.239044,-0.331476,0.015813,0.986852,0.223737,0.029998,-0.022348
11.3000,-0.228879,-0.330059,0.000160,0.980997,0.220074,0.029749,-0.022877
11.3167,-0.219422,-0.326415,-0.040076,0.980918,0.215241,0.027734,-0.023969
11.3333,-0.205728,-0.328021,-0.072535,0.975963,0.209720,0.024003,-0.024383
11.3500,-0.203396,-0.329792,-0.108571,0.983841,0.206220,0.019267,-0.024808
11.3667,-0.204402,-0.331434,-0.139869,0.993929,0.203830,0.014938,-0.024856
11.3833,-0.210063,-0.334628,-0.167530,1.011301,0.201986,0.010221,-0.025038
11.4000,-0.213742,-0.334934,-0.199798,1.019713,0.200679,0.006671,-0.024449
11.4167,-0.214347,-0.328360,-0.245954,1.018843,0.199354,0.005243,-0.023930
11.4333,-0.214565,-0.320062,-0.288067,1.019919,0.197925,0.005038,-0.024405
11.4500,-0.209146,-0.310319,-0.323121,1.008423,0.196586,0.005995,-0.024315
11.4667,-0.201134,-0.301929,-0.352744,0.992523,0.194892,0.006709,-0.023998
11.4833,-0.193851,-0.293165,-0.390026,0.974572,0.193010,0.006651,-0.023197
11.5000,-0.190523,-0.286967,-0.425814,0.961722,0.191710,0.005377,-0.022157
11.5167,-0.189821,-0.282812,-0.457374,0.953362,0.190779,0.003584,-0.021069
11.5333,-0.189611,-0.278072,-0.488108,0.945567,0.189863,0.002137,-0.020083
11.5500,-0.191642,-0.271579,-0.516887,0.936616,0.190100,0.001525,-0.018959
11.5667,-0.195508,-0.268889,-0.538139,0.938118,0.189986,0.000484,-0.018720
11.5833,-0.200987,-0.269280,-0.553169,0.945045,0.190062,-0.001013,-0.018649
11.6000,-0.201957,-0.265567,-0.575264,0.936487,0.189851,-0.002185,-0.017234
11.6167,-0.197813,-0.262042,-0.586670,0.915409,0.190145,-0.003248,-0.014629
11.6333,-0.187692,-0.252448,-0.609930,0.874205,0.189421,-0.003904,-0.010469
11.6500,-0.181205,-0.247514,-0.608095,0.832325,0.192340,-0.004290,-0.005046
11.6667,-0.174485,-0.241967,-0.589961,0.780720,0.197683,-0.002774,0.002112
11.6833,-0.179318,-0.241226,-0.578570,0.731352,0.205590,-0.004039,0.011959
11.7000,-0.179307,-0.234447,-0.582189,0.658736,0.212088,-0.005265,0.025452
11.7167,-0.178115,-0.228817,-0.573198,0.577739,0.219709,-0.004851,0.040915
11.7333,-0.182182,-0.222459,-0.602805,0.494469,0.222620,-0.009677,0.058656
11.7500,-0.186029,-0.209337,-0.655047,0.404156,0.221224,-0.015262,0.077329
11.7833,-0.228058,-0.104698,-0.823978,0.177686,0.212161,-0.009182,0.113104
11.8000,-0.244962,-0.049401,-0.846936,0.078268,0.215224,0.004698,0.129140
11.8167,-0.260524,-0.008935,-0.855257,0.007520,0.217348,0.015674,0.140715
11.8333,-0.286292,0.029435,-0.884128,-0.048159,0.217250,0.022568,0.149996
11.8500,-0.293134,0.051699,-0.871182,-0.079537,0.221289,0.031024,0.156371
11.8667,-0.294042,0.063280,-0.842871,-0.102107,0.226119,0.038532,0.161734
11.8833,-0.300080,0.081101,-0.820331,-0.122323,0.231217,0.047025,0.166111
11.9000,-0.307733,0.100657,-0.802749,-0.138279,0.236053,0.055265,0.169742
11.9167,-0.315769,0.118925,-0.790554,-0.152705,0.239915,0.062249,0.173187
11.9333,-0.323797,0.136141,-0.781696,-0.158249,0.243852,0.068476,0.174864
11.9500,-0.329860,0.148501,-0.773703,-0.159082,0.247289,0.073208,0.175801
11.9667,-0.333275,0.161268,-0.767798,-0.158806,0.249889,0.077945,0.175778
11.9833,-0.335796,0.166265,-0.759922,-0.156698,0.252297,0.080630,0.176142
12.0000,-0.334107,0.169042,-0.748582,-0.153036,0.254311,0.083436,0.175800
12.0167,-0.332789,0.169690,-0.739159,-0.149068,0.255928,0.085270,0.175340
12.0333,-0.333998,0.172378,-0.735627,-0.145814,0.257193,0.086670,0.174878
12.0500,-0.335806,0.174696,-0.734249,-0.143242,0.258188,0.087571,0.174661
12.0667,-0.340106,0.175799,-0.734170,-0.138501,0.259679,0.087783,0.174571
12.0833,-0.345513,0.176664,-0.733891,-0.134788,0.261348,0.087851,0.175075
12.1000,-0.350037,0.179798,-0.734129,-0.132220,0.262765,0.088592,0.175417
12.1167,-0.352205,0.183046,-0.733222,-0.127546,0.264051,0.089770,0.174885
12.1333,-0.355450,0.182116,-0.734942,-0.116613,0.265446,0.089278,0.173342
12.1500,-0.359520,0.180426,-0.737475,-0.103497,0.267056,0.088439,0.171580
12.1667,-0.362269,0.178080,-0.738495,-0.090850,0.268511,0.087703,0.169852
12.1833,-0.357019,0.178831,-0.731486,-0.082960,0.269189,0.089659,0.167723
12.2000,-0.354110,0.175631,-0.725719,-0.073662,0.270008,0.090017,0.165724
12.2167,-0.355135,0.172650,-0.726598,-0.061017,0.270937,0.089234,0.163365
12.2333,-0.352972,0.167580,-0.725701,-0.045483,0.271490,0.088339,0.160190
12.2500,-0.343547,0.159295,-0.720437,-0.030472,0.270655,0.087493,0.156008
12.2667,-0.332421,0.147944,-0.721382,-0.001518,0.269034,0.085230,0.147951
12.2833,-0.328272,0.132926,-0.733475,0.036360,0.267449,0.079832,0.139007
12.3000,-0.330218,0.111312,-0.750753,0.088246,0.266629,0.071503,0.129083
12.3167,-0.330507,0.086472,-0.758656,0.145908,0.266520,0.063850,0.118986
12.3333,-0.329790,0.066471,-0.768191,0.199197,0.265384,0.057650,0.108978
12.3500,-0.324376,0.052269,-0.772624,0.247263,0.263592,0.054592,0.098789
12.3667,-0.319498,0.039329,-0.766773,0.301918,0.263458,0.054116,0.087659
12.3833,-0.308449,0.028060,-0.765284,0.348155,0.259984,0.053596,0.076552
12.4000,-0.295564,0.011733,-0.762274,0.395622,0.255272,0.051528,0.065444
12.4167,-0.288940,-0.002821,-0.754863,0.449554,0.252790,0.051051,0.054339
12.4333,-0.280779,-0.012580,-0.752685,0.498103,0.248721,0.051637,0.043527
12.4500,-0.274060,-0.026233,-0.776633,0.538974,0.240616,0.046462,0.034317
12.4667,-0.265808,-0.051069,-0.781712,0.588830,0.233617,0.039762,0.025672
12.4833,-0.263624,-0.070096,-0.777153,0.638367,0.230103,0.036571,0.017925
12.5000,-0.268905,-0.098294,-0.779220,0.696925,0.226684,0.028895,0.011465
12.5167,-0.282643,-0.119897,-0.777618,0.751424,0.227284,0.023871,0.007014
12.5333,-0.298710,-0.127713,-0.772889,0.791846,0.230870,0.024075,0.004066
12.5500,-0.307219,-0.128955,-0.761041,0.819298,0.233719,0.027118,0.001458
12.5667,-0.312400,-0.131146,-0.754463,0.842570,0.234698,0.029023,-0.001158
12.5833,-0.312268,-0.129422,-0.756823,0.853363,0.233757,0.030867,-0.003318
12.6000,-0.309205,-0.124730,-0.773717,0.856837,0.230806,0.032157,-0.005568
12.6167,-0.305117,-0.124627,-0.792512,0.863707,0.226683,0.031533,-0.008053
12.6333,-0.298763,-0.125238,-0.806018,0.866378,0.222503,0.030665,-0.009995
12.6500,-0.294956,-0.127341,-0.812827,0.872902,0.219706,0.030059,-0.011859
12.6667,-0.290669,-0.137114,-0.810769,0.883916,0.216722,0.027060,-0.013150
12.6833,-0.284989,-0.147414,-0.798594,0.892027,0.214429,0.024376,-0.013901
12.7000,-0.281773,-0.160140,-0.777392,0.906507,0.213336,0.021965,-0.014880
12.7167,-0.276956,-0.167282,-0.750681,0.914889,0.212977,0.022079,-0.015854
12.7333,-0.267920,-0.168882,-0.722342,0.915270,0.212123,0.024378,-0.017142
12.7500,-0.256731,-0.165547,-0.702501,0.906924,0.210633,0.027584,-0.018294
12.7667,-0.245480,-0.161364,-0.689251,0.895920,0.208783,0.030369,-0.019226
12.7833,-0.236753,-0.156064,-0.686412,0.887256,0.206737,0.032858,-0.020359
12.8000,-0.226675,-0.152899,-0.693946,0.877354,0.203044,0.033155,-0.021091
12.8167,-0.217670,-0.145865,-0.703006,0.862783,0.200363,0.034584,-0.021448
12.8333,-0.205764,-0.139448,-0.708351,0.849816,0.196690,0.036336,-0.022362
12.8500,-0.190662,-0.135456,-0.702341,0.843509,0.192164,0.038931,-0.024574
12.8667,-0.173598,-0.135549,-0.698421,0.845271,0.185447,0.040312,-0.027910
12.8833,-0.150756,-0.136957,-0.710641,0.856799,0.173419,0.040612,-0.033453
12.9000,-0.112693,-0.124078,-0.729420,0.852791,0.156527,0.046006,-0.040327
12.9167,-0.065653,-0.114417,-0.732704,0.860626,0.135643,0.052901,-0.049436
12.9333,-0.018428,-0.103596,-0.722812,0.876745,0.114210,0.062551,-0.059341
12.9500,0.026259,-0.101773,-0.724941,0.921878,0.087678,0.069604,-0.070441
12.9667,0.062231,-0.087034,-0.737147,0.962173,0.063949,0.081528,-0.080323
12.9833,0.107520,-0.048380,-0.747652,0.956091,0.041999,0.100103,-0.086115
13.0000,0.143155,0.005011,-0.762939,0.939407,0.024662,0.124405,-0.090818
13.0167,0.164443,0.031159,-0.763832,0.955559,0.010755,0.140211,-0.095277
13.0333,0.169164,0.058814,-0.792687,1.000452,-0.001898,0.158756,-0.100886
13.0500,0.163145,0.085534,-0.835230,1.030241,-0.007381,0.174150,-0.104138
13.0667,0.151432,0.110352,-0.896045,1.061747,-0.010967,0.188319,-0.106589
13.0833,0.139968,0.143912,-0.982726,1.062517,-0.012419,0.200911,-0.106670
13.1000,0.128959,0.175083,-1.051609,1.048669,-0.011476,0.210782,-0.106021
13.1167,0.117175,0.189900,-1.087799,1.049695,-0.008918,0.216802,-0.106231
13.1333,0.106167,0.203743,-1.121136,1.043138,-0.005707,0.221168,-0.105783
13.1500,0.095753,0.211481,-1.142086,1.042012,-0.002188,0.224000,-0.105696
13.1667,0.086187,0.222383,-1.168686,1.029538,0.001245,0.226020,-0.104845
13.1833,0.074908,0.227538,-1.189054,1.025228,0.005422,0.226935,-0.104602
13.2000,0.065135,0.234770,-1.212106,1.016070,0.008852,0.227856,-0.103895
13.2167,0.051705,0.246250,-1.244556,1.004021,0.013254,0.230133,-0.103023
13.2333,0.040803,0.260521,-1.278432,0.984749,0.016322,0.232291,-0.101518
13.2500,0.033526,0.269200,-1.298989,0.972997,0.018331,0.233571,-0.100562
13.2667,0.031084,0.268056,-1.303832,0.977231,0.018831,0.233613,-0.100729
13.2833,0.032138,0.263119,-1.296361,0.987999,0.018613,0.233491,-0.101389
13.3000,0.033530,0.256412,-1.283615,1.001589,0.018639,0.233256,-0.102279
13.3167,0.033124,0.250687,-1.276718,1.012116,0.019107,0.232723,-0.102958
13.3333,0.032461,0.246566,-1.274553,1.018669,0.019383,0.232010,-0.103349
13.3500,0.030776,0.250741,-1.284517,1.010507,0.019659,0.232178,-0.102799
13.3667,0.029260,0.251778,-1.285870,1.005720,0.020492,0.231625,-0.102545
13.3833,0.027652,0.250129,-1.284960,1.003240,0.021535,0.230229,-0.102427
13.4000,0.023564,0.258080,-1.298211,0.981852,0.023229,0.229467,-0.101042
13.4167,0.017140,0.257931,-1.312817,0.967101,0.025484,0.225720,-0.100156
13.4333,0.007973,0.255394,-1.333443,0.949452,0.028415,0.219909,-0.098994
13.4500,0.000178,0.240779,-1.340590,0.944267,0.031595,0.210712,-0.098564
13.4667,-0.004014,0.205445,-1.321656,0.964666,0.035018,0.196669,-0.099619
13.4833,-0.007974,0.153500,-1.279414,1.000189,0.040002,0.177671,-0.100925
13.5000,-0.013757,0.081402,-1.211332,1.057054,0.046447,0.153138,-0.101973
13.5167,-0.023865,0.012927,-1.140113,1.100539,0.054561,0.127947,-0.100424
13.5333,-0.036816,-0.053240,-1.079100,1.136715,0.062327,0.102170,-0.096716
13.5500,-0.045820,-0.120705,-1.033947,1.160252,0.066886,0.072815,-0.090100
13.5667,-0.058520,-0.193758,-0.950248,1.194592,0.073481,0.043830,-0.082641
13.5833,-0.064742,-0.284746,-0.859795,1.253985,0.072277,0.010455,-0.072675
13.6000,-0.088562,-0.354442,-0.762555,1.297895,0.078874,-0.014720,-0.062795
13.6167,-0.113004,-0.375008,-0.717951,1.266620,0.094183,-0.027364,-0.053004
13.6500,-0.185013,-0.326991,-0.673646,1.141907,0.145802,-0.019225,-0.041331
13.6667,-0.220183,-0.311664,-0.610091,1.107331,0.169978,-0.013302,-0.033607
13.6833,-0.260171,-0.299393,-0.495106,1.090290,0.197078,-0.002766,-0.027891
13.7000,-0.295565,-0.291107,-0.362700,1.081512,0.220944,0.009367,-0.022553
13.7167,-0.323428,-0.284763,-0.252397,1.072696,0.239133,0.020306,-0.017608
13.7333,-0.337788,-0.276106,-0.191590,1.059734,0.249665,0.029379,-0.014199
13.7500,-0.337681,-0.274907,-0.171092,1.047478,0.251924,0.031960,-0.012368
13.7667,-0.329299,-0.279184,-0.185026,1.038389,0.248604,0.029050,-0.011737
13.7833,-0.314166,-0.285031,-0.215474,1.027162,0.242303,0.023855,-0.011695
13.8000,-0.298698,-0.291190,-0.243520,1.016085,0.236115,0.018562,-0.011784
13.8167,-0.274672,-0.294725,-0.270864,0.992057,0.228693,0.014567,-0.011603
13.8333,-0.255612,-0.299197,-0.294681,0.977165,0.221959,0.010469,-0.012026
13.8500,-0.240504,-0.304505,-0.308237,0.967818,0.216479,0.006922,-0.012452
13.8667,-0.236665,-0.313889,-0.312903,0.975940,0.212947,0.002418,-0.013129
13.8833,-0.238602,-0.311650,-0.322377,0.977406,0.213061,0.002522,-0.013354
13.9000,-0.241388,-0.311721,-0.339263,0.981947,0.212387,0.000794,-0.013155
13.9167,-0.250718,-0.307885,-0.363178,0.985310,0.214281,-0.000095,-0.012196
13.9333,-0.252089,-0.304272,-0.396547,0.971417,0.214800,-0.002570,-0.009215
13.9500,-0.245214,-0.293992,-0.441196,0.936603,0.214443,-0.003886,-0.005291
13.9667,-0.247956,-0.285076,-0.464441,0.889301,0.220535,-0.005081,0.002365
13.9833,-0.249720,-0.276413,-0.494132,0.834501,0.225492,-0.007604,0.012007
14.0000,-0.251607,-0.263207,-0.530560,0.765715,0.230585,-0.009857,0.023961
14.0167,-0.244637,-0.248078,-0.576454,0.682654,0.231405,-0.013048,0.037289
14.0333,-0.235985,-0.232235,-0.608262,0.595193,0.232190,-0.014201,0.051108
14.0500,-0.234920,-0.215345,-0.680951,0.496667,0.227723,-0.021568,0.068892
14.0833,-0.266547,-0.142983,-0.908812,0.253841,0.203803,-0.034593,0.109631
14.1000,-0.283412,-0.101723,-0.964480,0.144867,0.199577,-0.029558,0.127694
14.1167,-0.301415,-0.071322,-0.966063,0.073876,0.203637,-0.021017,0.140774
14.1333,-0.315704,-0.039113,-0.938892,0.011334,0.211989,-0.008163,0.152771
14.1500,-0.326330,-0.016584,-0.906933,-0.036350,0.219449,0.002495,0.163205
14.1667,-0.330265,-0.000693,-0.878059,-0.076467,0.224161,0.011161,0.171868
14.1833,-0.336618,0.012973,-0.868724,-0.110114,0.225436,0.016483,0.178522
14.2000,-0.348694,0.027985,-0.889217,-0.139565,0.222350,0.017924,0.183159
14.2167,-0.352766,0.043849,-0.904925,-0.167545,0.219023,0.020841,0.186527
14.2333,-0.343132,0.069577,-0.907164,-0.193338,0.216610,0.029180,0.186282
14.2500,-0.334919,0.076002,-0.902366,-0.197130,0.216167,0.032279,0.184750
14.2667,-0.326245,0.078705,-0.898233,-0.195451,0.215565,0.034079,0.182506
14.2833,-0.318291,0.073924,-0.883904,-0.186771,0.217202,0.034893,0.180796
14.3000,-0.312418,0.068191,-0.869375,-0.178604,0.219006,0.035338,0.179614
14.3167,-0.314320,0.066463,-0.863714,-0.169953,0.221000,0.035410,0.178520
14.3333,-0.315349,0.068093,-0.860713,-0.161895,0.222569,0.036189,0.177026
14.3500,-0.315535,0.067372,-0.854679,-0.153718,0.224419,0.036752,0.175906
14.3667,-0.316597,0.066164,-0.848818,-0.145736,0.226320,0.037101,0.174993
14.3833,-0.317316,0.063974,-0.842411,-0.138081,0.228136,0.037246,0.174294
14.4000,-0.318511,0.063272,-0.836512,-0.131818,0.229940,0.037776,0.173709
14.4167,-0.319263,0.064243,-0.830538,-0.126396,0.231718,0.038879,0.173004
14.4333,-0.321918,0.064828,-0.831236,-0.120216,0.232650,0.038794,0.172057
14.4500,-0.324065,0.065007,-0.831003,-0.113391,0.233752,0.038776,0.171111
14.4667,-0.326906,0.063577,-0.830222,-0.104494,0.235145,0.038300,0.170105
14.4833,-0.325025,0.065662,-0.824522,-0.095065,0.236746,0.039939,0.167957
14.5000,-0.322199,0.063467,-0.809918,-0.079333,0.239931,0.041674,0.165324
14.5167,-0.319735,0.058194,-0.786579,-0.057372,0.244880,0.043835,0.162326
14.5333,-0.315196,0.055140,-0.763557,-0.034578,0.249236,0.046913,0.158256
14.5500,-0.305928,0.056604,-0.740258,-0.019357,0.252154,0.051888,0.154090
14.5667,-0.301527,0.055728,-0.732835,0.002771,0.253530,0.053458,0.148492
14.5833,-0.301415,0.047455,-0.731305,0.037663,0.255156,0.051661,0.141811
14.6000,-0.309444,0.028625,-0.723286,0.098908,0.260351,0.047527,0.133016
14.6167,-0.321947,0.006278,-0.700295,0.176376,0.268967,0.044875,0.123165
14.6333,-0.334491,-0.014251,-0.664865,0.257304,0.278689,0.045193,0.112963
14.6500,-0.345406,-0.026397,-0.633560,0.332071,0.286550,0.048138,0.102285
14.6667,-0.352465,-0.029539,-0.612923,0.389630,0.291441,0.052656,0.092824
14.6833,-0.340774,-0.023921,-0.606880,0.447029,0.288635,0.060133,0.077087
14.7000,-0.336767,-0.027258,-0.625139,0.503014,0.283607,0.060037,0.063236
14.7167,-0.331486,-0.029339,-0.650042,0.546724,0.277319,0.059170,0.051875
14.7333,-0.335955,-0.026657,-0.701001,0.589343,0.271038,0.056801,0.041591
14.7500,-0.344157,-0.036681,-0.737609,0.644802,0.266603,0.052365,0.032195
14.7667,-0.352701,-0.056956,-0.757769,0.703412,0.263210,0.046073,0.024577
14.7833,-0.359673,-0.086225,-0.779357,0.762984,0.257751,0.036039,0.017957
14.8000,-0.364717,-0.125426,-0.785656,0.833938,0.251615,0.024531,0.011190
14.8167,-0.375198,-0.163254,-0.773915,0.907830,0.248814,0.015493,0.005840
14.8333,-0.385631,-0.194931,-0.760039,0.972031,0.246466,0.008450,0.001955
14.8500,-0.399334,-0.216996,-0.738984,1.027627,0.247075,0.005328,-0.000854
14.8667,-0.411572,-0.224578,-0.723460,1.062548,0.249390,0.006410,-0.002505
14.8833,-0.420356,-0.219676,-0.718853,1.077081,0.252510,0.010552,-0.003436
14.9000,-0.427782,-0.215675,-0.702979,1.093073,0.255863,0.015095,-0.004672
14.9167,-0.421289,-0.207721,-0.697622,1.088252,0.255029,0.019203,-0.006107
14.9333,-0.406373,-0.199644,-0.707550,1.069790,0.250908,0.021181,-0.007678
14.9500,-0.393715,-0.200258,-0.714159,1.060352,0.246244,0.019975,-0.009205
14.9667,-0.381853,-0.202516,-0.718357,1.051784,0.241779,0.018169,-0.010301
14.9833,-0.372401,-0.197152,-0.723050,1.036030,0.239655,0.019074,-0.010792
15.0000,-0.365619,-0.197254,-0.723550,1.026769,0.237770,0.018208,-0.010864
15.0167,-0.357006,-0.192538,-0.723668,1.011235,0.236201,0.019082,-0.010853
15.0333,-0.352513,-0.196083,-0.718619,1.009814,0.234691,0.017810,-0.011159
15.0500,-0.351091,-0.204126,-0.707941,1.016833,0.233654,0.015596,-0.011414
15.0667,-0.349953,-0.210174,-0.696433,1.023000,0.233005,0.014309,-0.011675
15.0833,-0.341741,-0.206008,-0.693547,1.014427,0.231182,0.016063,-0.012457
15.1000,-0.336145,-0.199679,-0.702114,1.004892,0.229725,0.017808,-0.013228
15.1167,-0.326429,-0.194056,-0.714505,0.993908,0.226342,0.018826,-0.014343
15.1333,-0.316143,-0.183640,-0.742512,0.978069,0.222053,0.020448,-0.015751
15.1500,-0.300123,-0.172468,-0.780001,0.955938,0.214930,0.021030,-0.017332
15.1667,-0.282019,-0.162089,-0.801606,0.935008,0.208253,0.022568,-0.019292
15.1833,-0.260113,-0.153546,-0.820455,0.920380,0.199418,0.024426,-0.022575
15.2000,-0.233370,-0.151144,-0.849132,0.916943,0.185983,0.024141,-0.027504
15.2167,-0.206744,-0.157162,-0.871806,0.935402,0.170900,0.023051,-0.034347
15.2333,-0.170578,-0.157415,-0.880053,0.952794,0.153685,0.026027,-0.042521
15.2500,-0.124653,-0.155999,-0.849797,0.977859,0.135181,0.033886,-0.052763
15.2667,-0.082203,-0.147562,-0.816643,1.011218,0.116343,0.046613,-0.064398
15.2833,-0.040157,-0.143936,-0.779689,1.071970,0.092757,0.060648,-0.077412
15.3000,0.004880,-0.131071,-0.726039,1.117383,0.069028,0.078052,-0.088327
15.3167,0.038075,-0.123655,-0.645098,1.185225,0.046399,0.096406,-0.098779
15.3333,0.083080,-0.088937,-0.613770,1.191998,0.023925,0.118672,-0.104025
15.3500,0.120280,-0.057846,-0.581593,1.197821,0.004707,0.138283,-0.108041
15.3667,0.145959,-0.035159,-0.547660,1.220068,-0.012131,0.155285,-0.111123
15.3833,0.147442,-0.016102,-0.525311,1.254554,-0.019561,0.171298,-0.113939
15.4000,0.153623,0.003929,-0.513371,1.264727,-0.024834,0.184142,-0.114485
15.4167,0.166650,0.035973,-0.571125,1.238995,-0.028748,0.196295,-0.112869
15.4333,0.175936,0.080949,-0.686379,1.194599,-0.030573,0.208305,-0.110999
15.4500,0.166987,0.114545,-0.797518,1.179958,-0.029343,0.217584,-0.110920
15.4667,0.160118,0.144035,-0.891069,1.158920,-0.028347,0.224240,-0.110041
15.4833,0.155489,0.177502,-0.984707,1.123801,-0.028049,0.230437,-0.108294
15.5000,0.148592,0.203343,-1.056422,1.095391,-0.027192,0.234824,-0.107033
15.5167,0.145876,0.221697,-1.085813,1.066157,-0.025742,0.237046,-0.105675
15.5333,0.143940,0.226246,-1.071181,1.051851,-0.022289,0.237218,-0.105320
15.5500,0.144612,0.231375,-1.048237,1.035836,-0.018969,0.238044,-0.104507
15.5667,0.145274,0.227165,-1.010056,1.033668,-0.015619,0.237600,-0.104642
15.5833,0.141201,0.214772,-0.964679,1.050507,-0.011379,0.237024,-0.105986
15.6000,0.138624,0.205274,-0.925024,1.062196,-0.008031,0.236680,-0.106684
15.6167,0.134174,0.194847,-0.884601,1.078141,-0.004511,0.236639,-0.107697
15.6333,0.129654,0.185112,-0.844364,1.093676,-0.001214,0.236818,-0.108561
15.6500,0.126546,0.180992,-0.814061,1.101366,0.001522,0.238017,-0.108827
15.6667,0.125499,0.180239,-0.795755,1.101294,0.003390,0.238926,-0.108666
15.6833,0.125546,0.180683,-0.777862,1.099960,0.004743,0.240191,-0.108518
15.7000,0.128174,0.183452,-0.771713,1.092745,0.004880,0.241012,-0.107978
15.7167,0.129400,0.183553,-0.762375,1.089329,0.005330,0.241185,-0.107875
15.7333,0.128957,0.179123,-0.748874,1.090025,0.006341,0.239899,-0.108071
15.7500,0.131296,0.184367,-0.755046,1.074849,0.007096,0.239963,-0.107075
15.7667,0.131397,0.188289,-0.775525,1.060187,0.007867,0.238260,-0.106341
15.7833,0.127478,0.185005,-0.793914,1.057829,0.008978,0.234727,-0.106476
15.8000,0.124297,0.178931,-0.801222,1.057820,0.010172,0.230841,-0.106635
15.8167,0.121397,0.171954,-0.809210,1.052198,0.012014,0.225574,-0.106436
15.8333,0.114531,0.158696,-0.820315,1.045353,0.015890,0.216543,-0.106225
15.8500,0.106135,0.132766,-0.824813,1.039101,0.021065,0.201253,-0.105720
15.8667,0.092880,0.092179,-0.819767,1.038986,0.028714,0.179866,-0.104774
15.8833,0.072769,0.031561,-0.811248,1.059684,0.037226,0.151356,-0.103278
15.9000,0.053379,-0.020733,-0.791121,1.057760,0.049146,0.124538,-0.098634
15.9167,0.029931,-0.071710,-0.760533,1.054103,0.063645,0.099175,-0.092376
15.9333,-0.000413,-0.130527,-0.748267,1.071136,0.076327,0.071476,-0.085118
15.9500,-0.019262,-0.184569,-0.758818,1.075880,0.083082,0.043271,-0.075404
15.9667,-0.042347,-0.221192,-0.755875,1.065321,0.094527,0.023001,-0.065870
15.9833,-0.070005,-0.249764,-0.751003,1.045165,0.108843,0.005980,-0.055098
16.0000,-0.098746,-0.290138,-0.771760,1.047626,0.117208,-0.015625,-0.043471
16.0167,-0.130378,-0.284117,-0.776467,1.009902,0.134452,-0.018588,-0.035138
16.0333,-0.160851,-0.282852,-0.755844,0.995549,0.150288,-0.019301,-0.029113
16.0500,-0.187987,-0.271395,-0.715481,0.981373,0.167087,-0.013324,-0.025353
16.0667,-0.213546,-0.260636,-0.691426,0.976312,0.180438,-0.007689,-0.022577
16.0833,-0.227665,-0.244330,-0.648365,0.962368,0.192715,0.001703,-0.020737
16.1000,-0.241507,-0.237529,-0.599665,0.962200,0.202932,0.008782,-0.019647
16.1167,-0.250276,-0.236982,-0.541636,0.963738,0.211044,0.014231,-0.018528
16.1333,-0.253980,-0.239494,-0.478093,0.963089,0.217262,0.019075,-0.017662
16.1500,-0.256097,-0.244775,-0.417569,0.963839,0.221813,0.022751,-0.017167
16.1667,-0.254767,-0.249326,-0.374688,0.959780,0.224114,0.025074,-0.016556
16.1833,-0.248697,-0.252930,-0.349295,0.950443,0.224142,0.026087,-0.015964
16.2000,-0.244147,-0.255517,-0.346652,0.946187,0.222681,0.025355,-0.015914
16.2167,-0.235934,-0.254345,-0.351673,0.931338,0.221213,0.025174,-0.015068
16.2333,-0.229457,-0.254368,-0.365903,0.920736,0.219137,0.023474,-0.014370
16.2500,-0.219492,-0.249109,-0.393440,0.901733,0.216196,0.022474,-0.013355
16.2667,-0.212125,-0.235224,-0.437879,0.879085,0.213842,0.023159,-0.012498
16.2833,-0.205913,-0.223380,-0.481576,0.859533,0.211213,0.022739,-0.011606
16.3000,-0.206068,-0.213070,-0.519008,0.848763,0.210130,0.022459,-0.011087
16.3167,-0.206882,-0.201551,-0.557576,0.837921,0.208953,0.022523,-0.010527
16.3333,-0.204782,-0.192487,-0.590809,0.826371,0.206872,0.022070,-0.010005
16.3500,-0.202506,-0.188139,-0.609158,0.818083,0.205461,0.021372,-0.009531
16.3667,-0.198658,-0.186160,-0.614601,0.811539,0.204338,0.021282,-0.009316
16.3833,-0.196231,-0.187902,-0.610815,0.810348,0.203883,0.020921,-0.009328
16.4000,-0.194596,-0.191158,-0.604757,0.808832,0.203838,0.020072,-0.008861
16.4167,-0.193502,-0.194332,-0.603328,0.805672,0.203644,0.018580,-0.007959
16.4333,-0.192375,-0.200161,-0.601135,0.805227,0.203121,0.016125,-0.007076
16.4500,-0.191053,-0.206685,-0.598390,0.803176,0.202701,0.013309,-0.005788
16.4667,-0.187444,-0.202322,-0.597820,0.785585,0.203443,0.014308,-0.003885
16.4833,-0.182779,-0.188569,-0.608794,0.752677,0.204518,0.017224,-0.000855
16.5000,-0.182201,-0.177920,-0.601881,0.716104,0.209309,0.020511,0.004113
16.5167,-0.186713,-0.169308,-0.596848,0.681011,0.215154,0.022612,0.010307
16.5333,-0.197323,-0.165044,-0.604453,0.650177,0.220803,0.021003,0.017857
16.5500,-0.208536,-0.162405,-0.625092,0.613429,0.225016,0.016380,0.027399
16.5667,-0.222937,-0.159325,-0.666465,0.572108,0.227147,0.008581,0.038490
16.5833,-0.235609,-0.155346,-0.681821,0.520902,0.232239,0.004407,0.051621
16.6000,-0.244457,-0.148128,-0.690054,0.452066,0.236872,0.002180,0.067451
16.6167,-0.244191,-0.135831,-0.737727,0.362268,0.231616,-0.003879,0.084644
16.6667,-0.293501,-0.122167,-1.034449,0.150659,0.182525,-0.044474,0.127455
16.6833,-0.311097,-0.107798,-1.117612,0.077283,0.169240,-0.048440,0.141367
16.7000,-0.328156,-0.096429,-1.155849,0.023879,0.162968,-0.048235,0.151147
16.7167,-0.332399,-0.072127,-1.134580,-0.017661,0.169072,-0.038882,0.157462
16.7333,-0.334345,-0.047389,-1.085537,-0.055503,0.180274,-0.026758,0.164062
16.7500,-0.325557,-0.025131,-1.014356,-0.083537,0.193801,-0.012257,0.169068
16.7667,-0.308242,-0.003264,-0.936687,-0.103030,0.206513,0.004398,0.170889
16.7833,-0.290854,0.015363,-0.865141,-0.123163,0.216606,0.020579,0.172529
16.8000,-0.279006,0.033728,-0.815630,-0.143024,0.222780,0.034062,0.173774
16.8167,-0.270166,0.042392,-0.780210,-0.159446,0.226332,0.042626,0.175795
16.8333,-0.263012,0.051420,-0.759286,-0.169786,0.228007,0.049052,0.176110
16.8500,-0.262284,0.055808,-0.753179,-0.173433,0.228697,0.051371,0.176138
16.8667,-0.264823,0.064166,-0.759397,-0.175121,0.228407,0.052746,0.175406
16.8833,-0.272978,0.064351,-0.773283,-0.167949,0.228277,0.050128,0.174648
16.9000,-0.282477,0.057836,-0.787108,-0.157770,0.228302,0.045419,0.174648
16.9167,-0.292020,0.052335,-0.801820,-0.151013,0.227888,0.040918,0.175233
16.9333,-0.300339,0.046857,-0.814693,-0.145271,0.227434,0.036815,0.175927
16.9500,-0.303620,0.046239,-0.819445,-0.144563,0.227368,0.035745,0.176524
16.9667,-0.303116,0.048969,-0.817842,-0.144237,0.227855,0.036859,0.176210
16.9833,-0.300147,0.053617,-0.812125,-0.143527,0.228707,0.039312,0.175188
17.0000,-0.298890,0.055713,-0.804483,-0.140979,0.230203,0.041181,0.174489
17.0167,-0.301803,0.054616,-0.796690,-0.131913,0.232891,0.041837,0.173705
17.0333,-0.305320,0.051930,-0.790223,-0.122284,0.235355,0.041733,0.173194
17.0500,-0.306428,0.047610,-0.781955,-0.111324,0.237618,0.041536,0.172309
17.0667,-0.308112,0.044780,-0.775912,-0.096727,0.239950,0.041463,0.170303
17.0833,-0.309612,0.039409,-0.771615,-0.078869,0.241968,0.040347,0.167828
17.1000,-0.310222,0.035922,-0.771367,-0.062577,0.243037,0.039268,0.164978
17.1167,-0.309745,0.035980,-0.775117,-0.048555,0.243240,0.038814,0.161626
17.1333,-0.308225,0.040649,-0.786444,-0.039172,0.241833,0.038780,0.157903
17.1500,-0.302182,0.044322,-0.784236,-0.025389,0.242192,0.040938,0.153342
17.1667,-0.299024,0.044054,-0.783250,-0.001493,0.243133,0.041614,0.147391
17.1833,-0.301728,0.039905,-0.787271,0.032932,0.244798,0.040161,0.140635
17.2000,-0.308604,0.027072,-0.790874,0.082148,0.247583,0.035986,0.132967
17.2167,-0.311419,-0.000199,-0.765272,0.162744,0.254461,0.032406,0.121493
17.2333,-0.306200,-0.024539,-0.705397,0.241884,0.263643,0.035927,0.109326
17.2500,-0.304836,-0.060066,-0.611052,0.330599,0.275948,0.041278,0.097506
17.2667,-0.311680,-0.089800,-0.522479,0.416877,0.286507,0.047249,0.085865
17.2833,-0.311606,-0.106653,-0.449870,0.482542,0.291573,0.055121,0.074573
17.3000,-0.311113,-0.118719,-0.401819,0.538360,0.292786,0.060216,0.063868
17.3167,-0.311735,-0.138688,-0.411935,0.592824,0.286888,0.051631,0.054360
17.3333,-0.309852,-0.151995,-0.432563,0.637987,0.280179,0.044352,0.045905
17.3500,-0.303136,-0.164034,-0.452121,0.669856,0.272732,0.037804,0.039185
17.3667,-0.293017,-0.166890,-0.476932,0.684778,0.265379,0.034256,0.033952
17.3833,-0.287229,-0.155453,-0.509415,0.688455,0.260681,0.035436,0.029838
17.4000,-0.283726,-0.153406,-0.544721,0.702176,0.254881,0.032528,0.025634
17.4167,-0.287211,-0.151046,-0.592256,0.721881,0.249651,0.028475,0.021571
17.4333,-0.297165,-0.159284,-0.630779,0.762244,0.245454,0.022399,0.016629
17.4500,-0.310899,-0.173525,-0.656485,0.815315,0.242565,0.016515,0.011379
17.4667,-0.320192,-0.191795,-0.674199,0.868768,0.238322,0.010406,0.006286
17.4833,-0.328644,-0.197491,-0.691753,0.902922,0.236436,0.008910,0.002629
17.5000,-0.331459,-0.201481,-0.704975,0.928432,0.233780,0.008260,-0.000700
17.5167,-0.328918,-0.208759,-0.715326,0.947602,0.229536,0.006047,-0.003430
17.5333,-0.322860,-0.211694,-0.718102,0.956554,0.226000,0.005679,-0.005768
17.5500,-0.317302,-0.214160,-0.714924,0.959558,0.223745,0.005384,-0.007075
17.5667,-0.310983,-0.216462,-0.709093,0.957344,0.221869,0.004859,-0.007573
17.5833,-0.307031,-0.219270,-0.699818,0.953886,0.221300,0.004147,-0.007332
17.6000,-0.305072,-0.221457,-0.689534,0.952772,0.221424,0.003996,-0.007185
17.6167,-0.304551,-0.222353,-0.673030,0.951973,0.222807,0.004953,-0.006979
17.6333,-0.301116,-0.218385,-0.666399,0.942833,0.223253,0.006761,-0.006657
17.6500,-0.296299,-0.212710,-0.662845,0.930568,0.223397,0.008863,-0.006407
17.6667,-0.291435,-0.206722,-0.663122,0.918226,0.223183,0.010781,-0.006246
17.6833,-0.287159,-0.202813,-0.668769,0.911063,0.221982,0.011678,-0.006574
17.7000,-0.281541,-0.198248,-0.675555,0.904631,0.220158,0.012882,-0.007363
17.7167,-0.272382,-0.190685,-0.675826,0.895113,0.218193,0.015989,-0.008730
17.7333,-0.257658,-0.181223,-0.660854,0.882461,0.216067,0.021505,-0.010849
17.7500,-0.236180,-0.171062,-0.637667,0.868767,0.212135,0.028623,-0.014189
17.7667,-0.207009,-0.158871,-0.609297,0.853779,0.205735,0.037762,-0.019051
17.7833,-0.180404,-0.146384,-0.587847,0.846680,0.198490,0.047105,-0.025029
17.8000,-0.142248,-0.133281,-0.607261,0.834063,0.182761,0.052007,-0.031347
17.8333,-0.027072,-0.143991,-0.717891,0.884950,0.116194,0.043649,-0.051005
17.8667,0.069538,-0.176237,-0.657525,1.078023,0.049750,0.055389,-0.080826
17.8833,0.109164,-0.159235,-0.585512,1.127313,0.025606,0.075803,-0.092727
17.9000,0.149906,-0.106287,-0.553612,1.113272,0.008247,0.105214,-0.098971
17.9167,0.174655,-0.048974,-0.569284,1.094888,-0.003478,0.132908,-0.102956
17.9333,0.191115,0.011673,-0.641201,1.070927,-0.013221,0.156698,-0.104254
17.9500,0.193534,0.053144,-0.694956,1.071217,-0.018979,0.174250,-0.106019
17.9667,0.188562,0.095448,-0.773105,1.071666,-0.022538,0.190923,-0.106740
17.9833,0.176674,0.119207,-0.848069,1.082427,-0.023634,0.199941,-0.107594
18.0000,0.165054,0.147571,-0.927148,1.083279,-0.023841,0.210070,-0.107552
18.0167,0.154347,0.174028,-1.004172,1.077178,-0.023827,0.218429,-0.107038
18.0333,0.141506,0.195107,-1.072660,1.069829,-0.022277,0.224498,-0.106607
18.0500,0.127811,0.210820,-1.144304,1.050520,-0.019863,0.225431,-0.105562
18.0667,0.117496,0.213786,-1.184998,1.046754,-0.018141,0.224226,-0.105452
18.0833,0.112939,0.223670,-1.203829,1.037970,-0.017064,0.226751,-0.104844
18.1000,0.110246,0.227539,-1.203092,1.039045,-0.015750,0.229010,-0.104922
18.1167,0.107397,0.225880,-1.195341,1.048867,-0.014202,0.230503,-0.105505
18.1333,0.102769,0.229439,-1.199987,1.048574,-0.012127,0.232230,-0.105445
18.1500,0.098465,0.231821,-1.203434,1.046812,-0.010062,0.232997,-0.105350
18.1667,0.093512,0.232116,-1.199665,1.048298,-0.007207,0.233620,-0.105521
18.1833,0.087019,0.230469,-1.195620,1.051408,-0.003579,0.233583,-0.105784
18.2000,0.081861,0.224417,-1.183128,1.060695,-0.000312,0.232776,-0.106349
18.2167,0.079276,0.217458,-1.162587,1.072572,0.002092,0.232353,-0.106974
18.2333,0.078557,0.219489,-1.152613,1.067830,0.003832,0.232930,-0.106591
18.2500,0.075740,0.220608,-1.143727,1.068807,0.006063,0.234158,-0.106647
18.2667,0.072377,0.225650,-1.142077,1.064364,0.008397,0.236054,-0.106276
18.2833,0.067332,0.229879,-1.137866,1.064391,0.011450,0.238518,-0.106178
18.3000,0.062574,0.228145,-1.124821,1.074348,0.014334,0.240198,-0.106593
18.3167,0.057411,0.224357,-1.108271,1.088390,0.017369,0.241797,-0.107168
18.3333,0.052970,0.218261,-1.091371,1.105259,0.019731,0.242740,-0.107827
18.3500,0.048286,0.218392,-1.082761,1.111102,0.022496,0.244430,-0.107844
18.3667,0.042401,0.220448,-1.088030,1.113886,0.025096,0.245914,-0.107683
18.3833,0.036301,0.231902,-1.118307,1.099195,0.027314,0.247747,-0.106570
18.4000,0.029028,0.241864,-1.150931,1.086754,0.029397,0.249034,-0.105753
18.4167,0.024520,0.249002,-1.175525,1.074329,0.030461,0.249112,-0.105004
18.4333,0.018012,0.255344,-1.198071,1.063488,0.032546,0.249248,-0.104366
18.4500,0.013711,0.253813,-1.212714,1.061923,0.033498,0.247433,-0.104304
18.4667,0.011235,0.248815,-1.226608,1.046852,0.034278,0.240944,-0.103798
18.4833,0.010203,0.228839,-1.217237,1.051985,0.035193,0.231569,-0.104587
18.5000,0.009884,0.202401,-1.189699,1.055005,0.037590,0.219009,-0.105084
18.5167,0.010890,0.161894,-1.144549,1.061655,0.040587,0.200447,-0.105351
18.5333,0.008360,0.106797,-1.080810,1.084272,0.045456,0.178213,-0.105605
18.5500,0.000567,0.035348,-1.004560,1.121164,0.051743,0.150509,-0.104823
18.5667,-0.010355,-0.031309,-0.953477,1.147418,0.057766,0.122240,-0.101456
18.5833,-0.021489,-0.086660,-0.926889,1.151714,0.064052,0.094943,-0.095555
18.6000,-0.025678,-0.140427,-0.920175,1.143079,0.066791,0.065600,-0.087225
18.6167,-0.040270,-0.209523,-0.866189,1.175316,0.072152,0.037138,-0.079880
18.6333,-0.053372,-0.280190,-0.804424,1.209781,0.075715,0.008962,-0.070392
18.6500,-0.075114,-0.321753,-0.747083,1.214007,0.086381,-0.008912,-0.061652
18.6667,-0.096677,-0.347596,-0.718049,1.200870,0.097733,-0.022102,-0.052754
18.6833,-0.122199,-0.339317,-0.693697,1.148758,0.117264,-0.023698,-0.045653
18.7000,-0.149668,-0.314950,-0.635741,1.087410,0.142321,-0.015898,-0.039876
18.7167,-0.177714,-0.293641,-0.569719,1.038463,0.166407,-0.006059,-0.033762
18.7333,-0.203157,-0.280623,-0.525381,1.010582,0.184238,0.000912,-0.028188
18.7500,-0.225429,-0.274943,-0.471650,0.998894,0.198941,0.006677,-0.023956
18.7667,-0.235143,-0.278066,-0.390744,0.987848,0.209683,0.011706,-0.020589
18.7833,-0.233849,-0.286911,-0.299407,0.972037,0.216342,0.016292,-0.018216
18.8000,-0.252770,-0.295808,-0.235619,0.988002,0.223693,0.018622,-0.017668
18.8167,-0.264192,-0.307837,-0.196754,1.008123,0.225550,0.016720,-0.017303
18.8333,-0.284921,-0.315865,-0.153709,1.034597,0.230633,0.016348,-0.017171
18.8500,-0.307629,-0.318475,-0.118811,1.050492,0.237909,0.017349,-0.015211
18.8667,-0.318288,-0.317524,-0.107018,1.049238,0.242406,0.018438,-0.012675
18.8833,-0.328926,-0.315094,-0.110090,1.048162,0.246617,0.018822,-0.010328
18.9000,-0.336534,-0.317963,-0.117783,1.048092,0.248905,0.016182,-0.007739
18.9167,-0.345470,-0.326966,-0.108870,1.052871,0.251190,0.011879,-0.005149
18.9333,-0.348597,-0.336867,-0.099655,1.046087,0.252701,0.007608,-0.001692
18.9500,-0.344735,-0.348264,-0.092817,1.026095,0.253344,0.002926,0.002654
18.9667,-0.339668,-0.365313,-0.087309,1.000178,0.253837,-0.004301,0.008646
18.9833,-0.346985,-0.375152,-0.098570,0.978229,0.258024,-0.010273,0.015958
19.0000,-0.349782,-0.365494,-0.149027,0.935245,0.263218,-0.011107,0.024397
19.0167,-0.364608,-0.345296,-0.188292,0.888532,0.274674,-0.007436,0.034369
19.0333,-0.391231,-0.320974,-0.212225,0.844068,0.290205,-0.001368,0.046623
19.0500,-0.421148,-0.296837,-0.284743,0.805689,0.300727,-0.002503,0.060494
19.0667,-0.440352,-0.273421,-0.373305,0.744663,0.306454,-0.007159,0.076863
19.0833,-0.457268,-0.242505,-0.470293,0.670134,0.309324,-0.011118,0.093445
19.1000,-0.476044,-0.198103,-0.601283,0.571211,0.306349,-0.016419,0.111558
19.1167,-0.491218,-0.147561,-0.699223,0.454076,0.302340,-0.016116,0.130615
19.1333,-0.496447,-0.105862,-0.748560,0.336557,0.297493,-0.012093,0.149317
19.1500,-0.504107,-0.083989,-0.771933,0.248520,0.293415,-0.010652,0.165773
19.1667,-0.513709,-0.063866,-0.791244,0.176664,0.289610,-0.008562,0.179313
19.1833,-0.520945,-0.044627,-0.830569,0.112916,0.281022,-0.008872,0.188518
19.2000,-0.531143,-0.035565,-0.881107,0.061143,0.269888,-0.013496,0.195818
19.2167,-0.535269,-0.030950,-0.906312,0.025266,0.263078,-0.015405,0.201427
19.2333,-0.532739,-0.031628,-0.900121,0.005108,0.261811,-0.014702,0.205979
19.2500,-0.523552,-0.031305,-0.873663,-0.008023,0.263949,-0.010732,0.209059
19.2667,-0.511700,-0.027047,-0.843346,-0.017697,0.267061,-0.004665,0.210139
19.2833,-0.495909,-0.021471,-0.806397,-0.026832,0.270822,0.003236,0.210383
19.3000,-0.479163,-0.016247,-0.774361,-0.040107,0.272789,0.010681,0.210504
19.3167,-0.458279,-0.012112,-0.739683,-0.061155,0.273474,0.018781,0.211484
19.3333,-0.439258,-0.015283,-0.708314,-0.075696,0.273627,0.024175,0.211984
19.3500,-0.424243,-0.017170,-0.683589,-0.089961,0.273436,0.028821,0.212625
19.3667,-0.412465,-0.018900,-0.664509,-0.101564,0.273116,0.032446,0.213145
19.3833,-0.405572,-0.020199,-0.655229,-0.108309,0.272529,0.034177,0.213195
19.4000,-0.399654,-0.020042,-0.651461,-0.112736,0.271615,0.035322,0.212669
19.4167,-0.394395,-0.019170,-0.649187,-0.113157,0.271077,0.036348,0.211357
19.4333,-0.393165,-0.022311,-0.651539,-0.106089,0.270852,0.034963,0.209699
19.4500,-0.395496,-0.023263,-0.658221,-0.095031,0.271135,0.033208,0.207633
19.4667,-0.394770,-0.023660,-0.661243,-0.086558,0.271300,0.032512,0.205698
19.4833,-0.393893,-0.020890,-0.665860,-0.078235,0.271402,0.032547,0.203098
19.5000,-0.391566,-0.018140,-0.673179,-0.070422,0.270713,0.032236,0.200099
19.5167,-0.393906,-0.017206,-0.685628,-0.059058,0.270201,0.030214,0.197296
19.5333,-0.399603,-0.017699,-0.702672,-0.036982,0.270332,0.026759,0.193061
19.5500,-0.405104,-0.022083,-0.724627,-0.005265,0.269916,0.021373,0.187050
19.5667,-0.408599,-0.033061,-0.741509,0.034479,0.269852,0.014989,0.180169
19.5833,-0.411152,-0.046615,-0.750692,0.084749,0.271180,0.009236,0.171611
19.6000,-0.410153,-0.058279,-0.738174,0.141177,0.275815,0.007981,0.161871
19.6167,-0.409071,-0.074802,-0.706311,0.207752,0.282992,0.008423,0.151319
19.6333,-0.410062,-0.096166,-0.664036,0.280916,0.290839,0.008952,0.140577
19.6500,-0.408615,-0.116149,-0.603798,0.356044,0.299483,0.013284,0.128802
19.6667,-0.405774,-0.129401,-0.540352,0.427365,0.306719,0.020930,0.115730
19.6833,-0.405021,-0.136258,-0.483530,0.490418,0.312353,0.029764,0.103370
19.7000,-0.407215,-0.138836,-0.436343,0.544690,0.316791,0.038281,0.092824
19.7167,-0.409593,-0.137512,-0.413652,0.586959,0.318386,0.043988,0.084180
19.7333,-0.410266,-0.140845,-0.406956,0.625927,0.317152,0.045110,0.076262
19.7500,-0.412416,-0.142947,-0.405499,0.661908,0.315975,0.045824,0.069262
19.7667,-0.411764,-0.144362,-0.411789,0.694979,0.313143,0.045864,0.062093
19.7833,-0.413291,-0.144163,-0.422947,0.728605,0.310602,0.046026,0.055161
19.8000,-0.405590,-0.134125,-0.462769,0.742221,0.304243,0.046560,0.048572
19.8167,-0.402878,-0.130015,-0.493453,0.763717,0.299604,0.046063,0.042261
19.8333,-0.397596,-0.122125,-0.530734,0.777256,0.294076,0.046406,0.036488
19.8500,-0.389646,-0.111229,-0.574021,0.781607,0.287782,0.047147,0.031308
19.8667,-0.385489,-0.107312,-0.598943,0.794069,0.283566,0.047426,0.026595
19.8833,-0.383816,-0.115754,-0.615912,0.820160,0.278780,0.044009,0.021623
19.9000,-0.382109,-0.130182,-0.612783,0.861519,0.274286,0.041495,0.015094
19.9167,-0.381259,-0.145951,-0.613628,0.899903,0.269336,0.037681,0.009590
19.9333,-0.375284,-0.159433,-0.617883,0.924563,0.263253,0.033580,0.005370
19.9500,-0.371419,-0.167507,-0.622515,0.939193,0.259321,0.030982,0.002690
19.9667,-0.368110,-0.183783,-0.621191,0.961022,0.254607,0.025595,0.000217
19.9833,-0.367619,-0.192799,-0.617991,0.976971,0.252330,0.023180,-0.001522
20.0000,-0.365209,-0.201762,-0.611531,0.987833,0.249993,0.020604,-0.002599
20.0167,-0.360630,-0.209859,-0.602828,0.993212,0.247583,0.018206,-0.003298
20.0333,-0.355534,-0.216863,-0.583841,1.001841,0.245650,0.017552,-0.004859
20.0500,-0.354305,-0.220838,-0.554492,1.010042,0.246303,0.019023,-0.006044
20.0667,-0.351141,-0.225453,-0.524898,1.013932,0.246390,0.019935,-0.006698
20.0833,-0.344433,-0.229586,-0.504374,1.009564,0.245280,0.019846,-0.006799
20.1000,-0.338290,-0.231941,-0.490361,1.002464,0.244459,0.019837,-0.006691
20.1167,-0.330563,-0.230837,-0.479898,0.989939,0.243782,0.020870,-0.006445
20.1333,-0.323472,-0.228825,-0.480356,0.977833,0.242550,0.021394,-0.006290
20.1500,-0.318068,-0.226015,-0.487515,0.968734,0.241226,0.021744,-0.006388
20.1667,-0.310851,-0.217373,-0.499599,0.957245,0.239627,0.024306,-0.007242
20.1833,-0.298999,-0.202606,-0.519610,0.941803,0.236495,0.028955,-0.009259
20.2000,-0.283797,-0.181826,-0.542663,0.921899,0.232658,0.035930,-0.012113
20.2167,-0.259710,-0.160776,-0.564900,0.900100,0.225286,0.043271,-0.016324
20.2333,-0.229017,-0.141763,-0.597942,0.881703,0.213286,0.049013,-0.022118
20.2667,-0.130437,-0.153137,-0.718001,0.931274,0.154409,0.040891,-0.043747
20.2833,-0.065495,-0.163878,-0.754314,0.978329,0.117655,0.039966,-0.058586
20.3000,-0.003606,-0.194222,-0.713337,1.092497,0.077241,0.042903,-0.075154
20.3167,0.049050,-0.213123,-0.616170,1.210204,0.038872,0.053722,-0.089083
20.3333,0.109659,-0.188570,-0.525446,1.241167,0.006993,0.075377,-0.097467
20.3500,0.130965,-0.178213,-0.413844,1.321622,-0.017785,0.093233,-0.105503
20.3667,0.124588,-0.156394,-0.295348,1.414855,-0.034279,0.114319,-0.112371
20.3833,0.124359,-0.122661,-0.215650,1.460733,-0.044827,0.137756,-0.114981
20.4000,0.131304,-0.083087,-0.167489,1.482560,-0.053796,0.165530,-0.113743
20.4167,0.106186,-0.060494,-0.045187,1.566354,-0.059691,0.184320,-0.111366
20.4333,0.007614,0.009199,0.370721,1.809305,-0.058981,0.202187,-0.105077
20.4500,-0.062059,0.143096,0.692379,2.064874,-0.054209,0.217417,-0.094679
20.4667,-0.081476,0.227786,0.822928,2.185602,-0.049880,0.230362,-0.085845
20.4833,-0.083668,0.275852,0.893752,2.231160,-0.046787,0.240824,-0.081397
20.5000,-0.079964,0.293584,0.932013,2.231308,-0.044382,0.246450,-0.081211
20.5167,-0.079904,0.287034,0.943617,2.208840,-0.040681,0.246181,-0.083889
20.5333,-0.085391,0.268164,0.928930,2.176550,-0.035866,0.243493,-0.087697
20.5500,-0.086947,0.249674,0.919626,2.142553,-0.032120,0.240640,-0.090746
20.5667,-0.087031,0.234510,0.911606,2.113162,-0.029397,0.238520,-0.093265
20.5833,-0.087244,0.214497,0.893730,2.074256,-0.026155,0.236144,-0.096561
20.6000,-0.090248,0.190814,0.861626,2.026140,-0.021008,0.234210,-0.100474
20.6167,-0.093387,0.169904,0.829233,1.979773,-0.015384,0.233107,-0.103635
20.6333,-0.097057,0.156667,0.808814,1.947229,-0.010173,0.232805,-0.105461
20.6500,-0.100425,0.149005,0.801994,1.923768,-0.005443,0.233064,-0.106474
20.6667,-0.104611,0.146084,0.806887,1.910029,-0.001009,0.233580,-0.106901
20.6833,-0.103616,0.142241,0.819998,1.891593,0.001740,0.233913,-0.107241
20.7000,-0.101496,0.139569,0.844584,1.876690,0.003826,0.233857,-0.107369
20.7167,-0.096931,0.137986,0.868296,1.860727,0.004667,0.234675,-0.107600
20.7333,-0.092451,0.139787,0.890898,1.845083,0.005345,0.237477,-0.107738
20.7500,-0.087934,0.144292,0.919733,1.833487,0.005588,0.240913,-0.107445
20.7667,-0.083119,0.152179,0.960021,1.833073,0.004742,0.243726,-0.106693
20.7833,-0.079106,0.160591,0.999263,1.837077,0.003965,0.245973,-0.106193
20.8000,-0.079754,0.166375,1.019359,1.838921,0.005239,0.247906,-0.106409
20.8167,-0.080876,0.171809,1.034592,1.842461,0.006284,0.249538,-0.106199
20.8333,-0.083959,0.164648,1.035389,1.840191,0.008307,0.246047,-0.106833
20.8500,-0.088631,0.160286,1.060426,1.851382,0.010763,0.240653,-0.106243
20.8667,-0.096122,0.138791,1.067188,1.854163,0.014912,0.228174,-0.107082
20.9000,-0.118562,-0.006835,0.898047,1.759783,0.030522,0.171290,-0.113128
20.9167,-0.128879,-0.100686,0.712595,1.688330,0.041059,0.135630,-0.111798
20.9333,-0.141379,-0.188940,0.549882,1.644147,0.051229,0.095950,-0.105877
20.9500,-0.143489,-0.287497,0.375224,1.600957,0.057741,0.045483,-0.095505
20.9667,-0.148905,-0.377633,0.375224,1.613536,0.054181,-0.006023,-0.078576
20.9833,-0.179186,-0.380000,0.375224,1.616893,0.063567,-0.040535,-0.063309
21.0500,-0.279191,-0.380000,0.248952,1.207734,0.192912,-0.001749,-0.039651
21.0667,-0.296997,-0.380000,0.202767,1.137235,0.216697,0.006365,-0.027563
21.0833,-0.313355,-0.380000,0.205575,1.095515,0.232692,0.013067,-0.020632
21.1000,-0.322609,-0.380000,0.219931,1.070925,0.241096,0.016335,-0.015963
21.1167,-0.320321,-0.380000,0.223095,1.051118,0.243297,0.017862,-0.013508
21.1333,-0.313851,-0.380000,0.219585,1.043623,0.241153,0.014469,-0.012394
21.1500,-0.304297,-0.380000,0.205445,1.040355,0.237099,0.010554,-0.012267
21.1667,-0.302055,-0.380000,0.184535,1.042625,0.235789,0.009596,-0.012727
21.1833,-0.299961,-0.380000,0.157030,1.048813,0.233546,0.006774,-0.012852
21.2000,-0.303396,-0.380000,0.120779,1.052749,0.234412,0.007319,-0.012796
21.2167,-0.303200,-0.375664,0.084009,1.052567,0.234847,0.009583,-0.013229
21.2333,-0.303393,-0.363838,0.050305,1.050324,0.235808,0.012195,-0.013573
21.2500,-0.302403,-0.347121,0.008339,1.031885,0.238985,0.016906,-0.012231
21.2667,-0.297698,-0.335073,-0.026095,1.008171,0.241334,0.019903,-0.010194
21.2833,-0.294656,-0.320087,-0.065752,0.982530,0.244293,0.023510,-0.007841
21.3000,-0.291753,-0.312438,-0.095961,0.961079,0.246234,0.024069,-0.005120
21.3167,-0.292627,-0.303197,-0.121692,0.939298,0.249698,0.025538,-0.001902
21.3333,-0.286931,-0.297799,-0.138170,0.904668,0.252392,0.026391,0.002760
21.3500,-0.280129,-0.294716,-0.166673,0.856366,0.255245,0.024636,0.010345
21.3667,-0.271499,-0.306484,-0.187440,0.803580,0.256937,0.016806,0.020871
21.3833,-0.260057,-0.311916,-0.207209,0.737225,0.259219,0.012457,0.032693
21.4000,-0.250696,-0.307324,-0.226376,0.658472,0.263543,0.012835,0.046096
21.4167,-0.254332,-0.296526,-0.249674,0.581988,0.270748,0.014375,0.061624
21.4333,-0.260685,-0.264677,-0.336187,0.495582,0.272989,0.012732,0.079239
21.5167,-0.363975,-0.167215,-0.959293,0.184228,0.205828,-0.055319,0.143111
21.5333,-0.375089,-0.141184,-1.055851,0.094057,0.192880,-0.057125,0.160275
21.5500,-0.377084,-0.111751,-1.077212,0.015124,0.187617,-0.049129,0.170409
21.5667,-0.369061,-0.075647,-1.064669,-0.054190,0.187925,-0.035442,0.177307
21.5833,-0.357690,-0.044142,-1.026341,-0.107105,0.193226,-0.020590,0.182848
21.6000,-0.348960,-0.019186,-0.985669,-0.145975,0.199151,-0.007536,0.187225
21.6167,-0.341539,0.000853,-0.943657,-0.172189,0.205751,0.004178,0.190381
21.6333,-0.336262,0.015912,-0.911957,-0.191002,0.210423,0.013135,0.192594
21.6500,-0.332630,0.025680,-0.883716,-0.202177,0.214880,0.020033,0.194326
21.6667,-0.331780,0.030648,-0.860219,-0.207112,0.219007,0.024740,0.195778
21.6833,-0.334602,0.030949,-0.845801,-0.206436,0.222169,0.026578,0.196938
21.7000,-0.337579,0.028452,-0.834770,-0.206184,0.224506,0.027167,0.198587
21.7167,-0.340344,0.026235,-0.826075,-0.204478,0.226541,0.027516,0.199722
21.7333,-0.341453,0.024218,-0.815003,-0.201712,0.228868,0.028367,0.200480
21.7500,-0.342384,0.023843,-0.806274,-0.197687,0.230930,0.029350,0.200461
21.7667,-0.343190,0.026884,-0.802303,-0.193191,0.232411,0.030647,0.199494
21.7833,-0.340063,0.035342,-0.803574,-0.191209,0.232399,0.033050,0.197165
21.8000,-0.335274,0.041523,-0.803668,-0.189761,0.232126,0.035136,0.194961
21.8167,-0.330251,0.046110,-0.802957,-0.188432,0.231790,0.036898,0.192966
21.8333,-0.329574,0.047869,-0.801291,-0.181929,0.232745,0.037671,0.191190
21.8500,-0.334548,0.046906,-0.802616,-0.167576,0.234742,0.036756,0.189180
21.8667,-0.339993,0.045275,-0.804022,-0.151290,0.236947,0.035580,0.187159
21.8833,-0.341966,0.045618,-0.803261,-0.136865,0.238830,0.035566,0.184737
21.9000,-0.344469,0.044403,-0.803973,-0.119093,0.240684,0.034855,0.181695
21.9167,-0.342182,0.044253,-0.798123,-0.102801,0.242715,0.035789,0.178347
21.9333,-0.337826,0.044354,-0.793158,-0.086847,0.244008,0.036837,0.174323
21.9500,-0.328944,0.039142,-0.781094,-0.066421,0.245502,0.037614,0.169569
21.9667,-0.325674,0.031912,-0.792759,-0.048034,0.243279,0.033741,0.164833
21.9833,-0.322890,0.022583,-0.803188,-0.020023,0.242075,0.029545,0.158874
22.0000,-0.322282,0.006881,-0.804552,0.027239,0.243633,0.024745,0.150741
22.0167,-0.322611,-0.021762,-0.778564,0.101835,0.250423,0.020091,0.140407
22.0333,-0.322945,-0.053428,-0.737403,0.189229,0.258715,0.017079,0.128086
22.0500,-0.322503,-0.079123,-0.676328,0.273446,0.268675,0.019656,0.115602
22.0667,-0.324625,-0.092415,-0.608695,0.341238,0.278957,0.027713,0.104901
22.0833,-0.323990,-0.098079,-0.537245,0.394292,0.287750,0.039439,0.095355
22.1000,-0.326549,-0.106850,-0.464910,0.447715,0.295561,0.050077,0.086338
22.1167,-0.326333,-0.108494,-0.447101,0.489187,0.295551,0.053851,0.077341
22.1333,-0.324031,-0.113404,-0.448520,0.525593,0.292697,0.053037,0.069223
22.1500,-0.322757,-0.120693,-0.459869,0.559299,0.288887,0.049493,0.062210
22.1667,-0.320314,-0.128523,-0.477795,0.589959,0.283920,0.044741,0.055747
22.1833,-0.303555,-0.124050,-0.490239,0.593379,0.277201,0.046030,0.050259
22.2000,-0.286906,-0.125281,-0.491652,0.603133,0.270873,0.046941,0.043949
22.2167,-0.271102,-0.128817,-0.507423,0.618473,0.262385,0.044832,0.036953
22.2333,-0.259245,-0.128597,-0.549951,0.636686,0.252153,0.040456,0.029723
22.2500,-0.248105,-0.122169,-0.591155,0.646967,0.243313,0.038826,0.023682
22.2667,-0.239149,-0.116720,-0.619558,0.655473,0.236702,0.038517,0.018773
22.2833,-0.234506,-0.116441,-0.638014,0.668169,0.232065,0.037411,0.014819
22.3000,-0.232230,-0.120870,-0.656960,0.685874,0.227415,0.034441,0.011193
22.3167,-0.231478,-0.128398,-0.675972,0.705739,0.222912,0.030251,0.008054
22.3333,-0.230489,-0.134385,-0.688257,0.721423,0.219565,0.027353,0.005637
22.3500,-0.233894,-0.141994,-0.693547,0.741402,0.218245,0.024780,0.003520
22.3667,-0.241461,-0.152822,-0.694438,0.770268,0.218021,0.021834,0.001177
22.3833,-0.246090,-0.159914,-0.693318,0.790753,0.217753,0.020236,-0.000487
22.4000,-0.250304,-0.162003,-0.693606,0.806116,0.217909,0.020435,-0.002169
22.4167,-0.253570,-0.163882,-0.690094,0.817846,0.218463,0.020850,-0.003331
22.4333,-0.257956,-0.166546,-0.685153,0.829367,0.219517,0.020988,-0.004138
22.4500,-0.262863,-0.164121,-0.676795,0.836930,0.221875,0.023492,-0.004876
22.4667,-0.272698,-0.168947,-0.671139,0.854494,0.224324,0.022992,-0.005386
22.4833,-0.280904,-0.174745,-0.662439,0.874273,0.226162,0.022560,-0.006221
22.5000,-0.286972,-0.180569,-0.658226,0.891934,0.226789,0.021587,-0.007115
22.5167,-0.286447,-0.181513,-0.659501,0.895129,0.226026,0.021323,-0.007456
22.5333,-0.280767,-0.178608,-0.662347,0.891331,0.224130,0.022352,-0.008312
22.5500,-0.272394,-0.171381,-0.670831,0.880916,0.221561,0.024417,-0.009341
22.5667,-0.258944,-0.161267,-0.676001,0.865974,0.218001,0.027958,-0.010945
22.5833,-0.249399,-0.156842,-0.681004,0.859819,0.214682,0.029517,-0.012679
22.6000,-0.237325,-0.150933,-0.679578,0.852295,0.211266,0.032373,-0.014633
22.6167,-0.221174,-0.145996,-0.664013,0.849229,0.207212,0.036908,-0.017905
22.6333,-0.197723,-0.137801,-0.654003,0.841574,0.200061,0.042421,-0.022139
22.6500,-0.174886,-0.133703,-0.669416,0.850761,0.188326,0.044876,-0.028718
22.6667,-0.135842,-0.125105,-0.698051,0.858928,0.168695,0.048543,-0.037600
22.6833,-0.088410,-0.111487,-0.731944,0.868634,0.144481,0.054610,-0.048049
22.7000,-0.034324,-0.099698,-0.770910,0.896235,0.113862,0.061554,-0.060344
22.7167,0.017971,-0.105439,-0.771135,0.972419,0.080404,0.069300,-0.075074
22.7333,0.065161,-0.111378,-0.728666,1.049606,0.050495,0.080264,-0.087162
22.7500,0.106100,-0.092654,-0.664716,1.097764,0.026626,0.101375,-0.096778
22.7667,0.146070,-0.051610,-0.639970,1.101771,0.006373,0.126008,-0.101880
22.7833,0.169976,-0.012709,-0.644744,1.141229,-0.014342,0.151716,-0.107248
22.8000,0.177135,0.016128,-0.690655,1.206230,-0.032307,0.173823,-0.110745
22.8167,0.153295,-0.009710,-0.564869,1.370908,-0.046532,0.185717,-0.116854
22.8333,0.124797,-0.008621,-0.428100,1.470676,-0.049331,0.202102,-0.116899
22.8500,0.081764,0.002584,-0.244659,1.564206,-0.045976,0.218506,-0.115511
22.8667,0.027496,0.027425,0.003349,1.670116,-0.041601,0.232013,-0.112878
22.8833,-0.031758,0.076503,0.291188,1.796710,-0.036592,0.241911,-0.108872
22.9000,-0.062698,0.127561,0.508957,1.886384,-0.032833,0.246631,-0.105295
22.9167,-0.068958,0.161704,0.657009,1.923797,-0.030012,0.249547,-0.103187
22.9333,-0.067425,0.183299,0.767900,1.939661,-0.027556,0.251238,-0.102162
22.9500,-0.064437,0.205376,0.871614,1.961294,-0.025889,0.252900,-0.100576
22.9667,-0.059975,0.221504,0.955588,1.979586,-0.024639,0.253169,-0.099498
22.9833,-0.055436,0.230736,1.013153,1.990328,-0.023785,0.252801,-0.099086
23.0000,-0.053418,0.239976,1.055616,2.004654,-0.022821,0.252678,-0.098443
23.0167,-0.052793,0.252878,1.088995,2.025321,-0.022169,0.253705,-0.097212
23.0333,-0.051724,0.261900,1.113187,2.038052,-0.021622,0.254698,-0.096377
23.0500,-0.051347,0.271781,1.129720,2.051359,-0.021350,0.256407,-0.095455
23.0667,-0.051977,0.276188,1.131267,2.055404,-0.021143,0.257831,-0.095285
23.0833,-0.053425,0.275152,1.122128,2.050580,-0.020815,0.258713,-0.095724
23.1000,-0.056978,0.271926,1.104634,2.042026,-0.019817,0.259628,-0.096469
23.1167,-0.060257,0.263193,1.084271,2.027803,-0.018641,0.258898,-0.097580
23.1333,-0.063690,0.252078,1.063773,2.012307,-0.017151,0.257154,-0.098818
23.1500,-0.068231,0.233069,1.034280,1.987627,-0.014686,0.253433,-0.100912
23.1667,-0.075106,0.216342,1.000607,1.972223,-0.011979,0.249268,-0.102446
23.1833,-0.083783,0.193896,0.969122,1.956508,-0.007924,0.241952,-0.104021
23.2000,-0.096434,0.171609,0.957001,1.956133,-0.002194,0.230868,-0.104572
23.2167,-0.109342,0.143719,0.962351,1.954655,0.004893,0.216009,-0.104739
23.2500,-0.143441,-0.012044,0.854236,1.854798,0.027820,0.154326,-0.108689
23.2667,-0.162120,-0.098394,0.745020,1.787663,0.041394,0.122410,-0.106058
23.2833,-0.188940,-0.160116,0.708505,1.771278,0.053702,0.094048,-0.098858
23.3000,-0.211055,-0.225299,0.678164,1.768304,0.060957,0.060840,-0.089789
23.3167,-0.213393,-0.313670,0.558267,1.713760,0.065487,0.022276,-0.080675
23.3333,-0.226738,-0.380000,0.465635,1.689589,0.070734,-0.007039,-0.069286
23.3500,-0.254897,-0.380000,0.428574,1.669343,0.083344,-0.022873,-0.059325
23.3667,-0.294709,-0.380000,0.436050,1.642314,0.103020,-0.028386,-0.050590
23.4000,-0.271250,-0.380000,0.085081,1.346057,0.150242,-0.015220,-0.036551
23.4167,-0.208482,-0.359043,-0.320824,1.118056,0.169857,-0.007950,-0.029272
23.4333,-0.203073,-0.295044,-0.493945,1.004180,0.183996,-0.002122,-0.023955
23.4500,-0.214525,-0.266660,-0.500438,0.946460,0.199578,0.005080,-0.017875
23.4667,-0.225881,-0.256778,-0.503011,0.926473,0.207083,0.007556,-0.013922
23.4833,-0.231108,-0.253291,-0.520134,0.920495,0.208559,0.006720,-0.012023
23.5000,-0.237679,-0.252884,-0.532494,0.923634,0.209768,0.005458,-0.011217
23.5167,-0.241910,-0.261922,-0.527794,0.936437,0.209690,0.002210,-0.010932
23.5333,-0.237911,-0.267838,-0.527026,0.937226,0.207600,-0.000319,-0.010501
23.5500,-0.234110,-0.276948,-0.524354,0.941055,0.205198,-0.003927,-0.010233
23.5667,-0.227390,-0.281111,-0.528168,0.934614,0.202727,-0.006389,-0.009444
23.5833,-0.218743,-0.281713,-0.533492,0.921813,0.200519,-0.007680,-0.008567
23.6000,-0.217817,-0.278563,-0.536314,0.912325,0.201357,-0.007041,-0.007874
23.6167,-0.221790,-0.282324,-0.530779,0.915847,0.202705,-0.008199,-0.007228
23.6333,-0.232062,-0.284435,-0.524459,0.919645,0.206478,-0.008761,-0.005779
23.6500,-0.238257,-0.283548,-0.526966,0.914735,0.209130,-0.009257,-0.003655
23.6667,-0.237597,-0.273902,-0.537269,0.885719,0.212023,-0.007767,0.000027
23.6833,-0.243632,-0.274101,-0.564042,0.847130,0.215715,-0.013618,0.008736
23.7000,-0.248633,-0.272135,-0.582740,0.790533,0.221333,-0.018816,0.020768
23.7167,-0.253778,-0.262176,-0.579196,0.718503,0.230743,-0.018334,0.034493
23.7333,-0.257602,-0.248598,-0.563052,0.643346,0.240747,-0.013983,0.048306
23.7500,-0.263721,-0.233347,-0.542235,0.573505,0.250921,-0.007381,0.061560
23.8333,-0.385102,-0.195882,-0.933793,0.230833,0.217537,-0.062418,0.145904
23.8500,-0.400110,-0.173648,-0.985014,0.141223,0.212198,-0.062161,0.166686
23.8667,-0.414285,-0.151085,-0.979634,0.065369,0.214317,-0.054525,0.181666
23.9000,-0.407268,-0.122405,-0.859644,-0.042360,0.233478,-0.028696,0.205736
23.9167,-0.422444,-0.110855,-0.832175,-0.085850,0.237335,-0.021429,0.216204
23.9333,-0.431111,-0.100549,-0.807535,-0.125628,0.240486,-0.014239,0.226067
23.9500,-0.436112,-0.099938,-0.767157,-0.142126,0.247172,-0.007859,0.233075
23.9667,-0.441688,-0.104991,-0.732674,-0.143334,0.253296,-0.004437,0.237403
23.9833,-0.445338,-0.098731,-0.718396,-0.156288,0.255287,-0.000330,0.240528
24.0000,-0.446495,-0.086342,-0.717689,-0.173203,0.254871,0.003751,0.242166
24.0167,-0.445601,-0.073660,-0.718663,-0.188863,0.254179,0.007805,0.243020
24.0333,-0.444035,-0.063616,-0.719951,-0.201865,0.253336,0.011018,0.243564
24.0500,-0.444721,-0.053872,-0.723727,-0.210100,0.252867,0.013417,0.243534
24.0667,-0.447306,-0.044611,-0.729930,-0.214691,0.252611,0.015033,0.243206
24.0833,-0.451306,-0.038017,-0.736089,-0.215097,0.252801,0.015685,0.242851
24.1000,-0.457927,-0.035645,-0.745033,-0.211108,0.252923,0.014411,0.242645
24.1167,-0.455587,-0.036230,-0.738444,-0.191554,0.256112,0.014720,0.239305
24.1333,-0.448536,-0.037041,-0.732856,-0.172753,0.258059,0.015139,0.234559
24.1500,-0.438793,-0.032424,-0.727486,-0.158469,0.259569,0.017504,0.229104
24.1667,-0.425597,-0.027889,-0.722817,-0.143663,0.260319,0.020032,0.222612
24.1833,-0.413585,-0.021367,-0.721400,-0.130065,0.260630,0.022697,0.215951
24.2000,-0.403177,-0.012050,-0.726729,-0.120387,0.259768,0.025166,0.209605
24.2167,-0.398177,-0.005343,-0.745568,-0.109921,0.257223,0.024425,0.203770
24.2333,-0.397576,-0.007528,-0.766892,-0.089753,0.255141,0.020340,0.198222
24.2500,-0.400714,-0.018520,-0.797345,-0.058939,0.251968,0.011919,0.192037
24.2667,-0.398844,-0.027270,-0.814898,-0.026399,0.250522,0.006599,0.185227
24.2833,-0.397247,-0.040879,-0.819068,0.020655,0.252039,0.001714,0.176876
24.3000,-0.392348,-0.054985,-0.795609,0.075587,0.258163,0.001012,0.167901
24.3167,-0.385619,-0.072961,-0.757133,0.140041,0.265826,0.001681,0.157366
24.3333,-0.377706,-0.089250,-0.717007,0.202491,0.272298,0.003595,0.146133
24.3500,-0.372899,-0.113372,-0.660854,0.276615,0.280548,0.005575,0.134377
24.3667,-0.368463,-0.131543,-0.593506,0.351887,0.289161,0.011853,0.121100
24.3833,-0.364763,-0.141292,-0.522139,0.416568,0.296983,0.022017,0.108359
24.4000,-0.363889,-0.143871,-0.459565,0.474191,0.303135,0.033366,0.096185
24.4167,-0.366189,-0.144533,-0.424017,0.519988,0.306131,0.040353,0.086797
24.4333,-0.366906,-0.145209,-0.395908,0.558934,0.307610,0.045977,0.078639
24.4500,-0.365746,-0.139841,-0.393931,0.588787,0.306313,0.049767,0.071033
24.4667,-0.371064,-0.137902,-0.401850,0.626245,0.305457,0.050465,0.063894
24.4833,-0.378874,-0.137772,-0.418403,0.664852,0.304207,0.049111,0.057602
24.5000,-0.384973,-0.135274,-0.445044,0.702698,0.301572,0.047823,0.050789
24.5167,-0.389938,-0.139636,-0.477893,0.749685,0.296615,0.043709,0.042552
24.5333,-0.386984,-0.141572,-0.512718,0.783890,0.289681,0.040801,0.034745
24.5500,-0.375368,-0.151434,-0.525286,0.819183,0.280932,0.037967,0.025897
24.5667,-0.374251,-0.169973,-0.540306,0.873365,0.272932,0.031927,0.016940
24.5833,-0.368224,-0.188718,-0.544701,0.914739,0.264798,0.026256,0.010238
24.6000,-0.357715,-0.202936,-0.550414,0.939155,0.256597,0.021586,0.005222
24.6167,-0.348414,-0.215736,-0.542797,0.957752,0.250700,0.018286,0.001464
24.6333,-0.342077,-0.224070,-0.529620,0.972067,0.247095,0.017145,-0.001459
24.6500,-0.338092,-0.220110,-0.523625,0.977139,0.245882,0.020430,-0.004044
24.6667,-0.337374,-0.211129,-0.518505,0.979106,0.246717,0.025595,-0.006062
24.6833,-0.335593,-0.199504,-0.523575,0.973224,0.247357,0.030496,-0.007138
24.7000,-0.334783,-0.189280,-0.534948,0.966829,0.247808,0.033959,-0.007722
24.7167,-0.335166,-0.182722,-0.546373,0.963980,0.248002,0.035803,-0.008125
24.7333,-0.335744,-0.179169,-0.555647,0.965940,0.247649,0.036793,-0.008878
24.7500,-0.336396,-0.178280,-0.562106,0.969802,0.247099,0.036924,-0.009564
24.7667,-0.338728,-0.181361,-0.555099,0.982483,0.247055,0.037072,-0.010840
24.7833,-0.341138,-0.186751,-0.547328,0.997341,0.246494,0.036406,-0.012099
24.8000,-0.338997,-0.189483,-0.544260,1.008163,0.244380,0.036514,-0.013954
24.8167,-0.327416,-0.182045,-0.557523,1.000788,0.240170,0.039059,-0.016161
24.8333,-0.303123,-0.159371,-0.592727,0.965406,0.233360,0.044986,-0.018477
24.8500,-0.274247,-0.136987,-0.630336,0.937212,0.223277,0.051167,-0.023111
24.8667,-0.237484,-0.122788,-0.671588,0.905777,0.208671,0.052661,-0.027359
24.8833,-0.193581,-0.118193,-0.731575,0.888283,0.186528,0.049243,-0.033559
24.9000,-0.137570,-0.119282,-0.793123,0.887434,0.156644,0.045084,-0.042339
24.9167,-0.070929,-0.131426,-0.846503,0.908855,0.119917,0.039226,-0.052205
24.9333,-0.004016,-0.139460,-0.897811,0.943102,0.081545,0.037262,-0.061967
24.9500,0.039764,-0.170280,-0.875834,1.060627,0.049940,0.040438,-0.076080
24.9667,0.078443,-0.175609,-0.821329,1.153384,0.023184,0.054774,-0.087574
24.9833,0.114885,-0.147900,-0.772157,1.195982,0.001410,0.078525,-0.096296
25.0000,0.145622,-0.110885,-0.737817,1.210805,-0.015489,0.102397,-0.102020
25.0167,0.156666,-0.093639,-0.664558,1.276525,-0.030371,0.124219,-0.108246
25.0333,0.163162,-0.082878,-0.586991,1.328389,-0.041531,0.140229,-0.111068
25.0667,0.187217,0.031662,-0.733363,1.264383,-0.047911,0.190543,-0.109179
25.0833,0.194350,0.140410,-0.978109,1.128833,-0.047231,0.212371,-0.105917
25.1000,0.178241,0.233305,-1.150149,1.012847,-0.043715,0.229447,-0.101489
25.1167,0.158017,0.280952,-1.230943,0.958349,-0.038569,0.239431,-0.098494
25.1333,0.146667,0.301619,-1.244788,0.938371,-0.033231,0.245421,-0.097100
25.1500,0.146102,0.307875,-1.222287,0.936884,-0.030215,0.249302,-0.096731
25.1667,0.145383,0.311065,-1.201224,0.940472,-0.027598,0.252781,-0.096885
25.1833,0.143511,0.314034,-1.185194,0.940648,-0.024733,0.255239,-0.096872
25.2000,0.145209,0.308040,-1.157044,0.951939,-0.023258,0.255816,-0.097649
25.2167,0.145755,0.300135,-1.129768,0.966198,-0.021668,0.256055,-0.098739
25.2333,0.145250,0.286946,-1.097692,0.989359,-0.020032,0.255558,-0.100467
25.2500,0.145506,0.280313,-1.071838,0.998345,-0.018305,0.255353,-0.101098
25.2667,0.145114,0.267377,-1.042148,1.016555,-0.016975,0.253834,-0.102468
25.2833,0.145784,0.264222,-1.024462,1.019268,-0.015846,0.253802,-0.102602
25.3000,0.146230,0.262743,-1.011089,1.021355,-0.015030,0.254270,-0.102718
25.3167,0.148243,0.260391,-0.999057,1.020990,-0.014909,0.253695,-0.102705
25.3333,0.150173,0.259272,-0.984738,1.021860,-0.014730,0.254174,-0.102757
25.3500,0.152470,0.259923,-0.976945,1.017296,-0.014683,0.254187,-0.102453
25.3667,0.156016,0.262772,-0.969138,1.009654,-0.014965,0.254764,-0.101903
25.3833,0.158519,0.266615,-0.964088,1.001487,-0.014887,0.255633,-0.101356
25.4000,0.159337,0.264569,-0.957335,1.003610,-0.014962,0.255417,-0.101576
25.4167,0.159815,0.260513,-0.950439,1.008385,-0.015135,0.254632,-0.101954
25.4333,0.161720,0.259019,-0.946841,1.006376,-0.015534,0.253715,-0.101837
25.4500,0.160951,0.250977,-0.936468,1.016832,-0.015477,0.252091,-0.102738
25.4667,0.159892,0.241782,-0.923626,1.029062,-0.015268,0.250326,-0.103645
25.4833,0.160052,0.233104,-0.906495,1.038899,-0.015103,0.248646,-0.104347
25.5000,0.160004,0.226860,-0.891553,1.044601,-0.014537,0.247399,-0.104793
25.5167,0.162186,0.225154,-0.881150,1.039764,-0.014144,0.246375,-0.104518
25.5333,0.164340,0.223141,-0.869451,1.035855,-0.013793,0.245458,-0.104386
25.5500,0.165935,0.219265,-0.854770,1.036513,-0.013531,0.244579,-0.104540
25.5667,0.164146,0.210666,-0.829512,1.048443,-0.012292,0.243889,-0.105489
25.5833,0.165399,0.204863,-0.802908,1.051763,-0.011359,0.243322,-0.105678
25.6000,0.162617,0.196398,-0.779925,1.056207,-0.008808,0.241359,-0.106237
25.6167,0.154321,0.185103,-0.765150,1.063448,-0.004348,0.237735,-0.107045
25.6333,0.147382,0.176248,-0.773304,1.050737,0.000937,0.230489,-0.106510
25.6500,0.134863,0.150369,-0.777625,1.048628,0.007837,0.216002,-0.106865
25.6667,0.116330,0.100733,-0.761692,1.065051,0.016734,0.193122,-0.107629
25.6833,0.085146,0.019529,-0.723315,1.119402,0.027691,0.160295,-0.108463
25.7000,0.052465,-0.059580,-0.684872,1.162262,0.040230,0.126284,-0.105435
25.7167,0.016194,-0.150531,-0.631148,1.224934,0.050481,0.088748,-0.099971
25.7500,-0.078892,-0.357065,-0.442487,1.417403,0.061994,0.002922,-0.080945
25.7667,-0.126276,-0.380000,-0.442487,1.453224,0.073765,-0.026255,-0.067060
25.8167,-0.154018,-0.364516,-0.360762,1.161165,0.144776,-0.015250,-0.044731
25.8333,-0.185440,-0.358229,-0.307492,1.107167,0.169402,-0.011517,-0.035481
25.8500,-0.221940,-0.362533,-0.257879,1.099084,0.187140,-0.011418,-0.028677
25.8667,-0.256897,-0.371845,-0.205648,1.117048,0.199164,-0.013040,-0.024284
25.8833,-0.298793,-0.380000,-0.144238,1.169047,0.207384,-0.016616,-0.022625
25.9000,-0.327095,-0.380000,-0.108292,1.196418,0.213584,-0.017629,-0.020234
25.9167,-0.351021,-0.380000,-0.089495,1.224579,0.217767,-0.017998,-0.019189
25.9333,-0.367617,-0.380000,-0.092620,1.241095,0.220799,-0.017882,-0.017904
25.9500,-0.369462,-0.380000,-0.106650,1.231251,0.223173,-0.016599,-0.016228
25.9667,-0.373793,-0.380000,-0.130076,1.228754,0.224996,-0.015850,-0.015348
25.9833,-0.361255,-0.371703,-0.187830,1.199309,0.224225,-0.013570,-0.014135
26.0000,-0.342659,-0.346650,-0.259672,1.146949,0.225795,-0.007128,-0.013228
26.0167,-0.319193,-0.325914,-0.309300,1.092452,0.225560,-0.002533,-0.012280
26.0333,-0.291819,-0.297318,-0.360641,1.018864,0.225879,0.004535,-0.010012
26.0500,-0.275703,-0.288081,-0.389424,0.945877,0.228981,0.003109,-0.002191
26.0667,-0.259161,-0.282511,-0.434990,0.867369,0.229486,-0.002276,0.008472
26.0833,-0.251734,-0.272904,-0.484718,0.797339,0.230999,-0.006853,0.019131
26.1000,-0.253213,-0.252346,-0.545036,0.716008,0.234621,-0.009465,0.032460
26.1167,-0.247787,-0.221184,-0.576219,0.613497,0.239701,-0.004767,0.047338
26.1333,-0.250198,-0.194015,-0.576895,0.533890,0.247484,0.003317,0.059867
26.1500,-0.256025,-0.177170,-0.614811,0.453365,0.248453,0.001060,0.075729
26.1667,-0.259111,-0.161410,-0.669936,0.367484,0.244281,-0.004317,0.092466
26.2167,-0.321201,-0.149215,-0.970178,0.194584,0.201310,-0.047806,0.131348
26.2333,-0.339481,-0.134169,-1.049471,0.133965,0.190564,-0.052312,0.143634
26.2500,-0.353886,-0.111421,-1.082990,0.071044,0.185821,-0.048699,0.153287
26.2667,-0.371439,-0.087578,-1.086168,0.016024,0.188024,-0.041885,0.162948
26.2833,-0.365339,-0.036255,-1.056637,-0.057263,0.193395,-0.022288,0.169908
26.3000,-0.345844,0.011504,-0.998195,-0.117246,0.201748,0.000039,0.174671
26.3167,-0.324160,0.048088,-0.931447,-0.157576,0.210521,0.020560,0.177406
26.3333,-0.306815,0.061003,-0.875078,-0.178374,0.216792,0.032844,0.179738
26.3500,-0.281158,0.081817,-0.830205,-0.201623,0.218952,0.046873,0.179265
26.3667,-0.266675,0.088520,-0.806840,-0.215632,0.219031,0.053158,0.179143
26.3833,-0.268018,0.087978,-0.811234,-0.218122,0.217957,0.052234,0.179048
26.4000,-0.269346,0.083319,-0.821969,-0.215965,0.216127,0.049141,0.178825
26.4167,-0.281465,0.071766,-0.839253,-0.206202,0.215571,0.042494,0.179485
26.4333,-0.287823,0.066322,-0.850882,-0.201237,0.214878,0.038820,0.180075
26.4500,-0.296349,0.057354,-0.860762,-0.197264,0.214536,0.034281,0.181670
26.4667,-0.306881,0.045195,-0.869081,-0.187019,0.215136,0.028809,0.182987
26.4833,-0.311992,0.038049,-0.873709,-0.177870,0.215573,0.025599,0.183162
26.5000,-0.316023,0.034131,-0.877404,-0.171873,0.215906,0.023613,0.183173
26.5167,-0.316551,0.033077,-0.873361,-0.167439,0.217176,0.023751,0.182945
26.5333,-0.320805,0.028268,-0.864062,-0.154902,0.220573,0.023189,0.182469
26.5500,-0.323844,0.025430,-0.858647,-0.137318,0.223424,0.022643,0.180224
26.5667,-0.326612,0.023314,-0.859016,-0.120220,0.225113,0.021591,0.177499
26.5833,-0.328482,0.022839,-0.859463,-0.103315,0.226781,0.021161,0.174405
26.6000,-0.328014,0.024052,-0.856229,-0.087373,0.228730,0.021965,0.171029
26.6167,-0.327651,0.025145,-0.853064,-0.072774,0.230497,0.022772,0.167860
26.6333,-0.323123,0.018521,-0.871470,-0.036071,0.227960,0.018400,0.158886
26.6833,-0.310909,-0.062093,-0.737394,0.206076,0.256477,0.015353,0.123562
26.7000,-0.305670,-0.087489,-0.674046,0.286917,0.264019,0.018365,0.109808
26.7167,-0.299208,-0.107551,-0.616439,0.355623,0.269300,0.022615,0.097307
26.7333,-0.292124,-0.118755,-0.579487,0.408292,0.270619,0.026532,0.085972
26.7500,-0.282508,-0.123047,-0.583393,0.448183,0.265515,0.026266,0.075131
26.7667,-0.281746,-0.129261,-0.589723,0.492185,0.262594,0.024747,0.065803
26.7833,-0.276984,-0.133720,-0.589193,0.531010,0.259344,0.025140,0.056973
26.8000,-0.263576,-0.124407,-0.603735,0.548538,0.252879,0.028721,0.048492
26.8167,-0.253108,-0.117496,-0.619765,0.567833,0.246901,0.031224,0.040485
26.8333,-0.241641,-0.118072,-0.604526,0.591547,0.243796,0.035426,0.033104
26.8500,-0.242695,-0.115577,-0.596782,0.624201,0.243193,0.039864,0.025788
26.8667,-0.250787,-0.123535,-0.602906,0.666492,0.241846,0.037914,0.019857
26.8833,-0.266864,-0.126780,-0.612071,0.705693,0.243615,0.037213,0.015814
26.9000,-0.279897,-0.136933,-0.611048,0.743388,0.245006,0.034758,0.012998
26.9167,-0.291895,-0.151423,-0.599673,0.783784,0.246383,0.031873,0.010192
26.9333,-0.302640,-0.165508,-0.580518,0.818456,0.248276,0.029630,0.008301
26.9500,-0.306919,-0.178975,-0.560205,0.844044,0.248356,0.027330,0.006736
26.9667,-0.306732,-0.190489,-0.539579,0.858877,0.247763,0.025347,0.005806
26.9833,-0.311826,-0.193482,-0.521793,0.873150,0.249601,0.026785,0.004588
27.0000,-0.319416,-0.190188,-0.499110,0.884698,0.253608,0.031347,0.003664
27.0167,-0.331330,-0.187476,-0.480418,0.905397,0.257756,0.035608,0.002150
27.0333,-0.335939,-0.186834,-0.468606,0.916468,0.259239,0.037737,0.001364
27.0500,-0.342733,-0.186112,-0.458527,0.930706,0.261140,0.039844,0.000240
27.0667,-0.341106,-0.185827,-0.442780,0.931766,0.261609,0.041792,-0.000128
27.0833,-0.340168,-0.191457,-0.432785,0.939754,0.260509,0.040795,-0.001132
27.1000,-0.335458,-0.196787,-0.433022,0.943697,0.257626,0.038770,-0.002197
27.1167,-0.333975,-0.204196,-0.434872,0.955136,0.254906,0.035873,-0.003726
27.1333,-0.332425,-0.212468,-0.440144,0.971970,0.251143,0.032584,-0.005955
27.1500,-0.327654,-0.212352,-0.453770,0.977139,0.247656,0.031976,-0.007893
27.1667,-0.313862,-0.200541,-0.480008,0.963770,0.242938,0.034970,-0.010114
27.1833,-0.287485,-0.184780,-0.504954,0.937399,0.235095,0.039494,-0.013301
27.2000,-0.253371,-0.169418,-0.524863,0.911766,0.224144,0.044692,-0.018222
27.2167,-0.211309,-0.159664,-0.535192,0.878137,0.210998,0.047767,-0.022216
27.2333,-0.168098,-0.148872,-0.558366,0.852315,0.194954,0.050501,-0.027586
27.2500,-0.123522,-0.131641,-0.622895,0.839248,0.172590,0.052408,-0.035406
27.2667,-0.070393,-0.111439,-0.693087,0.835735,0.144273,0.056011,-0.045257
27.2833,-0.017640,-0.103090,-0.746263,0.864361,0.112736,0.059164,-0.057142
27.3000,0.029862,-0.093823,-0.788410,0.907796,0.081812,0.065920,-0.068952
27.3167,0.062806,-0.096967,-0.796526,1.005154,0.052591,0.076754,-0.083367
27.3333,0.091409,-0.071312,-0.822470,1.054760,0.029372,0.095465,-0.092631
27.3500,0.108693,-0.045722,-0.837322,1.109987,0.011380,0.116399,-0.100657
27.3667,0.129324,-0.037523,-0.820818,1.177529,-0.008040,0.132243,-0.106167
27.3833,0.149176,-0.036513,-0.759107,1.275988,-0.030810,0.151171,-0.110936
27.4000,0.143359,-0.050087,-0.599499,1.403008,-0.046697,0.166278,-0.115404
27.4167,0.130934,-0.043883,-0.434659,1.489393,-0.056323,0.182124,-0.116571
27.4333,0.111973,-0.027349,-0.305719,1.553598,-0.061142,0.194517,-0.118494
27.4500,0.091107,-0.005220,-0.200305,1.593138,-0.058937,0.209357,-0.118165
27.4667,0.061921,0.020646,-0.100135,1.630890,-0.051963,0.224804,-0.117627
27.4833,0.031969,0.047405,0.007472,1.664126,-0.043379,0.238793,-0.116155
27.5000,0.005293,0.073505,0.125941,1.691143,-0.034914,0.250351,-0.114105
27.5167,-0.018462,0.096346,0.244468,1.716568,-0.027204,0.258178,-0.112353
27.5333,-0.048292,0.126460,0.395669,1.767856,-0.020348,0.265043,-0.109377
27.5500,-0.073117,0.162573,0.559752,1.830635,-0.015479,0.269278,-0.106082
27.5667,-0.089142,0.195390,0.684111,1.883754,-0.011369,0.271970,-0.103878
27.5833,-0.102303,0.228704,0.788125,1.941953,-0.007995,0.273995,-0.100938
27.6000,-0.112913,0.250234,0.846923,1.978718,-0.003622,0.275255,-0.099279
27.6167,-0.123068,0.270716,0.892367,2.015054,0.000312,0.276663,-0.097011
27.6333,-0.132265,0.291945,0.933113,2.051844,0.003921,0.278411,-0.094326
27.6500,-0.135398,0.299658,0.956896,2.065550,0.006085,0.278262,-0.093311
27.6667,-0.136800,0.299196,0.966427,2.061456,0.008208,0.278137,-0.093642
27.6833,-0.139851,0.299721,0.967077,2.060347,0.010061,0.278577,-0.093787
27.7000,-0.142012,0.296362,0.961647,2.051831,0.011767,0.278741,-0.094362
27.7167,-0.144084,0.294630,0.956734,2.045974,0.013146,0.279233,-0.094660
27.7333,-0.143990,0.295662,0.957610,2.047059,0.013019,0.279504,-0.094406
27.7500,-0.142209,0.296009,0.958799,2.048175,0.012036,0.279393,-0.094304
27.7667,-0.140436,0.297035,0.963344,2.051705,0.011045,0.278990,-0.094087
27.7833,-0.139067,0.298974,0.969099,2.056583,0.010238,0.278732,-0.093790
27.8000,-0.137921,0.302339,0.976410,2.064572,0.009344,0.278528,-0.093257
27.8167,-0.135457,0.300181,0.982169,2.061661,0.008874,0.277577,-0.093533
27.8333,-0.133895,0.298951,0.991478,2.060117,0.009017,0.276661,-0.093699
27.8500,-0.131926,0.299250,1.003769,2.059920,0.009069,0.276103,-0.093678
27.8667,-0.129634,0.301134,1.019924,2.062628,0.008995,0.275598,-0.093435
27.8833,-0.127138,0.303908,1.039455,2.067094,0.008979,0.275033,-0.093076
27.9000,-0.124010,0.309271,1.059601,2.079370,0.007992,0.274259,-0.092242
27.9167,-0.122569,0.316651,1.074107,2.094693,0.007198,0.274263,-0.091246
27.9333,-0.118212,0.316842,1.087636,2.097140,0.006024,0.273086,-0.091086
27.9500,-0.115664,0.309459,1.090896,2.085660,0.006085,0.271357,-0.092267
27.9667,-0.114593,0.292849,1.079843,2.061937,0.006692,0.267993,-0.094521
27.9833,-0.115578,0.271875,1.060625,2.033269,0.008224,0.263675,-0.097055
28.0000,-0.118287,0.247113,1.039248,2.005725,0.010565,0.257123,-0.099479
28.0167,-0.122942,0.213177,1.004051,1.966174,0.014494,0.248523,-0.102681
28.0333,-0.131245,0.179519,0.986120,1.949675,0.019163,0.234649,-0.104166
28.0500,-0.142466,0.137311,0.984827,1.940525,0.025505,0.213860,-0.104770
28.0667,-0.154216,0.079033,0.981422,1.921888,0.032714,0.186141,-0.104798
28.0833,-0.168549,0.008029,0.969973,1.900961,0.040375,0.152284,-0.102892
28.1000,-0.188004,-0.056116,0.976897,1.887531,0.050123,0.120152,-0.097975
28.1167,-0.213768,-0.096718,1.004033,1.890324,0.062159,0.096889,-0.091838
28.1333,-0.235314,-0.154158,0.995615,1.865009,0.072447,0.070840,-0.085681
28.1500,-0.251546,-0.246428,0.886100,1.787912,0.081103,0.037954,-0.079390
28.1667,-0.266963,-0.324702,0.745742,1.725409,0.089210,0.009787,-0.071061
28.1833,-0.296936,-0.364784,0.678293,1.682360,0.104795,-0.001707,-0.062178
28.2000,-0.320327,-0.380000,0.638755,1.614109,0.122578,-0.000243,-0.053988
28.2167,-0.283342,-0.380000,0.318108,1.410444,0.142320,0.005780,-0.046238
28.2333,-0.176857,-0.344346,-0.189944,1.126478,0.159320,0.012861,-0.039910
28.2500,-0.147907,-0.292867,-0.325800,0.993411,0.174042,0.017186,-0.035363
28.2667,-0.159735,-0.279915,-0.305767,0.953047,0.188918,0.022888,-0.031188
28.2833,-0.169399,-0.281016,-0.256860,0.927979,0.199585,0.026747,-0.026437
28.3000,-0.189135,-0.275392,-0.253527,0.916970,0.209134,0.028971,-0.022150
28.3167,-0.220070,-0.267905,-0.279713,0.933971,0.217651,0.028463,-0.019601
28.3333,-0.251548,-0.267271,-0.299283,0.964210,0.224723,0.025715,-0.017703
28.3500,-0.275277,-0.278012,-0.311773,0.997915,0.227646,0.018955,-0.015971
28.3667,-0.290539,-0.287706,-0.332070,1.025103,0.227560,0.012505,-0.014929
28.3833,-0.295749,-0.291758,-0.354478,1.035715,0.226356,0.008549,-0.014146
28.4000,-0.291658,-0.287242,-0.388385,1.021149,0.225089,0.006973,-0.012492
28.4167,-0.287833,-0.281763,-0.418142,1.004122,0.224608,0.005912,-0.010897
28.4333,-0.283380,-0.274111,-0.441212,0.985515,0.224566,0.006353,-0.009607
28.4500,-0.275388,-0.263278,-0.465958,0.955769,0.224448,0.007540,-0.007541
28.4667,-0.268155,-0.254646,-0.478134,0.932042,0.224552,0.009160,-0.006216
28.4833,-0.258482,-0.245420,-0.487746,0.902022,0.224476,0.011055,-0.004256
28.5000,-0.249523,-0.232804,-0.501195,0.863048,0.225401,0.013512,-0.001046
28.5167,-0.241231,-0.226797,-0.501794,0.827675,0.226716,0.014480,0.002801
28.5333,-0.230330,-0.224852,-0.495306,0.784712,0.228034,0.014310,0.008386
28.5500,-0.221280,-0.219291,-0.488120,0.731214,0.231224,0.015636,0.015816
28.5667,-0.227536,-0.223053,-0.476733,0.699536,0.237373,0.013865,0.023625
28.5833,-0.231240,-0.220724,-0.477754,0.657460,0.242292,0.012837,0.032814
28.6000,-0.233309,-0.214335,-0.502438,0.605228,0.244658,0.009834,0.043485
28.6167,-0.236588,-0.204552,-0.554553,0.549594,0.243710,0.003756,0.054849
28.6333,-0.239697,-0.194321,-0.592777,0.486679,0.243916,-0.000339,0.067725
28.6500,-0.238423,-0.178905,-0.645824,0.404213,0.239932,-0.005057,0.083000
28.7167,-0.311270,-0.152813,-1.071218,0.138660,0.172891,-0.058990,0.137042
28.7833,-0.257085,-0.073394,-0.891339,-0.081518,0.202284,-0.008802,0.173233
28.8000,-0.254604,-0.059703,-0.844712,-0.118379,0.207478,0.002493,0.177498
28.8167,-0.250231,-0.046010,-0.823628,-0.146232,0.209201,0.010355,0.180838
28.8333,-0.238973,-0.034182,-0.793295,-0.168265,0.211864,0.019543,0.182601
28.8500,-0.242273,-0.037685,-0.772836,-0.175874,0.215286,0.021753,0.185684
28.8667,-0.241281,-0.035954,-0.758543,-0.177283,0.217515,0.024506,0.186094
28.8833,-0.239842,-0.026011,-0.753229,-0.181631,0.218318,0.028361,0.185245
28.9000,-0.242092,-0.017588,-0.755915,-0.184187,0.218515,0.030297,0.184647
28.9167,-0.254449,-0.007668,-0.772205,-0.182922,0.218680,0.029909,0.184349
28.9333,-0.259390,0.004556,-0.779963,-0.186988,0.218891,0.032116,0.184300
28.9500,-0.272867,0.009393,-0.793201,-0.180279,0.220058,0.030678,0.184047
28.9667,-0.286790,0.013797,-0.811460,-0.174571,0.220277,0.028358,0.184150
28.9833,-0.302129,0.012374,-0.829405,-0.158815,0.221297,0.024223,0.183312
29.0000,-0.312387,0.013425,-0.843355,-0.145846,0.221994,0.021780,0.182011
29.0167,-0.315660,0.017390,-0.848065,-0.136143,0.223026,0.022023,0.180053
29.0333,-0.311691,0.022130,-0.843900,-0.129173,0.224049,0.024209,0.177519
29.0500,-0.303222,0.029706,-0.839795,-0.125254,0.223951,0.027560,0.174065
29.0667,-0.289339,0.037663,-0.833038,-0.120704,0.223221,0.031758,0.169462
29.0833,-0.274011,0.044463,-0.823547,-0.111965,0.222784,0.036150,0.163853
29.1000,-0.265012,0.044550,-0.819922,-0.091112,0.222841,0.037290,0.157342
29.1167,-0.261092,0.038007,-0.818752,-0.057957,0.223854,0.035791,0.150134
29.1333,-0.261258,0.023229,-0.804258,-0.010315,0.228495,0.033629,0.142626
29.1500,-0.264107,-0.000890,-0.771782,0.058345,0.236931,0.031346,0.133284
29.1667,-0.266784,-0.026677,-0.729035,0.129130,0.245933,0.030333,0.123894
29.1833,-0.268614,-0.039895,-0.702777,0.189526,0.251216,0.031146,0.113714
29.2000,-0.278911,-0.050912,-0.694473,0.252187,0.255461,0.029721,0.103774
29.2167,-0.290480,-0.060582,-0.670226,0.312918,0.262429,0.031522,0.095322
29.2333,-0.292113,-0.063491,-0.648757,0.361529,0.265763,0.035772,0.086276
29.2500,-0.292040,-0.073500,-0.639131,0.421233,0.265556,0.036148,0.074746
29.2667,-0.289361,-0.084674,-0.658813,0.472052,0.259745,0.031407,0.064059
29.2833,-0.280957,-0.090448,-0.689771,0.506439,0.251191,0.027067,0.054837
29.3000,-0.261406,-0.093122,-0.693692,0.530846,0.243408,0.028176,0.045714
29.3167,-0.254833,-0.101354,-0.715413,0.564353,0.236097,0.024514,0.037506
29.3333,-0.257125,-0.124151,-0.728293,0.623890,0.230754,0.017270,0.028874
29.3500,-0.263368,-0.146444,-0.748555,0.682588,0.225338,0.009351,0.021629
29.3667,-0.270610,-0.162693,-0.782641,0.733818,0.219135,0.002420,0.015293
29.3833,-0.278002,-0.173187,-0.812550,0.778598,0.214576,-0.001442,0.009567
29.4000,-0.289519,-0.182854,-0.821217,0.825428,0.214348,-0.002419,0.004518
29.4167,-0.291008,-0.193277,-0.806297,0.861339,0.213658,-0.002233,0.000538
29.4333,-0.282818,-0.199921,-0.791025,0.873960,0.210863,-0.002234,-0.001777
29.4500,-0.273728,-0.205442,-0.763377,0.880985,0.209626,-0.001140,-0.003636
29.4667,-0.266835,-0.210194,-0.729192,0.887888,0.209811,0.000884,-0.005318
29.4833,-0.262152,-0.215248,-0.693154,0.897561,0.210521,0.003171,-0.007103
29.5000,-0.255195,-0.214884,-0.658451,0.895756,0.211523,0.006958,-0.008182
29.5167,-0.252621,-0.219242,-0.621215,0.901363,0.213239,0.009334,-0.009182
29.5333,-0.251949,-0.223159,-0.593807,0.905532,0.214679,0.010760,-0.009576
29.5500,-0.255094,-0.219993,-0.576743,0.907334,0.217400,0.014138,-0.010034
29.5667,-0.254795,-0.207807,-0.574435,0.896369,0.219511,0.019399,-0.010098
29.5833,-0.256212,-0.195542,-0.579127,0.887277,0.221521,0.024008,-0.010222
29.6000,-0.258055,-0.184399,-0.588137,0.881194,0.222892,0.027801,-0.010521
29.6167,-0.260243,-0.169743,-0.602681,0.874027,0.224231,0.032566,-0.011067
29.6333,-0.253491,-0.154461,-0.615896,0.859757,0.222903,0.037502,-0.011983
29.6500,-0.240644,-0.136432,-0.626155,0.840589,0.220025,0.043955,-0.013736
29.6667,-0.220738,-0.118903,-0.626983,0.824946,0.214772,0.051896,-0.017335
29.6833,-0.204733,-0.104918,-0.627117,0.810074,0.210644,0.058163,-0.019990
29.7333,-0.079622,-0.120004,-0.754069,0.912379,0.132557,0.053348,-0.051959
29.7500,-0.029351,-0.116632,-0.802697,0.947998,0.101883,0.056862,-0.065636
29.7667,0.019222,-0.113403,-0.807880,1.003920,0.072331,0.066372,-0.077656
29.7833,0.068288,-0.090148,-0.786930,1.047433,0.044775,0.086563,-0.088812
29.8000,0.102908,-0.065755,-0.739275,1.103220,0.022183,0.110858,-0.099055
29.8167,0.115281,-0.064280,-0.632105,1.199781,0.004796,0.131141,-0.108405
29.8333,0.128718,-0.058388,-0.510340,1.279181,-0.013327,0.149886,-0.113693
29.8500,0.150885,-0.041177,-0.415788,1.307787,-0.029042,0.166699,-0.115196
29.8667,0.172774,-0.034954,-0.357601,1.310660,-0.040386,0.173487,-0.114851
29.8833,0.196683,-0.025261,-0.356397,1.287915,-0.048326,0.178063,-0.113152
29.9000,0.208637,0.001365,-0.411340,1.267715,-0.052110,0.189084,-0.112250
29.9167,0.223059,0.047647,-0.513085,1.214910,-0.052571,0.203161,-0.110378
29.9333,0.233525,0.110588,-0.661310,1.141964,-0.051586,0.217963,-0.107470
29.9500,0.236238,0.175711,-0.788808,1.062029,-0.048707,0.230922,-0.103982
29.9667,0.224860,0.226068,-0.887792,1.009814,-0.043783,0.241318,-0.101431
29.9833,0.203957,0.257723,-0.962663,0.987586,-0.037167,0.248660,-0.100384
30.0000,0.184990,0.296884,-1.042304,0.944351,-0.030585,0.255673,-0.097180
30.0167,0.172088,0.328880,-1.089018,0.899147,-0.024810,0.260393,-0.093608
30.0333,0.163994,0.351812,-1.109307,0.857636,-0.019369,0.262703,-0.090211
30.0500,0.155623,0.348550,-1.098519,0.858619,-0.013765,0.261899,-0.090656
30.0667,0.148879,0.336495,-1.077509,0.876474,-0.009205,0.260559,-0.092334
30.0833,0.143938,0.312567,-1.043888,0.913901,-0.006193,0.257635,-0.095568
30.1000,0.140973,0.291270,-1.011281,0.947036,-0.004364,0.255075,-0.098190
30.1167,0.138117,0.268723,-0.975888,0.982672,-0.003098,0.252375,-0.100894
30.1333,0.139303,0.252798,-0.943978,1.003984,-0.003070,0.250109,-0.102327
30.1500,0.142926,0.243801,-0.917862,1.013040,-0.003656,0.248843,-0.102906
30.1667,0.146759,0.241096,-0.903775,1.013427,-0.004440,0.248547,-0.102906
30.1833,0.150455,0.237889,-0.891214,1.015434,-0.005554,0.248130,-0.103062
30.2000,0.154701,0.237112,-0.882123,1.012435,-0.006611,0.247873,-0.102865
30.2167,0.158566,0.236472,-0.872631,1.011943,-0.007793,0.248162,-0.102825
30.2333,0.164457,0.245070,-0.872960,0.996500,-0.008885,0.250023,-0.101601
30.2500,0.171564,0.256955,-0.878050,0.974210,-0.010190,0.252010,-0.099911
30.2667,0.179001,0.271247,-0.887282,0.947245,-0.011518,0.254059,-0.097833
30.2833,0.185713,0.282640,-0.892835,0.923239,-0.012572,0.255331,-0.095996
30.3000,0.191929,0.297820,-0.902889,0.894216,-0.013248,0.257282,-0.093599
30.3167,0.195050,0.310775,-0.914784,0.871993,-0.013496,0.259055,-0.091752
30.3333,0.194217,0.311499,-0.916154,0.873160,-0.013439,0.259523,-0.091957
30.3500,0.190884,0.306188,-0.911683,0.887933,-0.013071,0.259794,-0.093223
30.3667,0.186964,0.299085,-0.908156,0.904355,-0.012671,0.259334,-0.094574
30.3833,0.184618,0.292061,-0.905593,0.917891,-0.012824,0.258282,-0.095641
30.4000,0.182234,0.284352,-0.902601,0.931726,-0.012983,0.256955,-0.096783
30.4167,0.179160,0.272870,-0.895653,0.949393,-0.012891,0.254624,-0.098293
30.4333,0.176655,0.262959,-0.889291,0.961888,-0.012499,0.252130,-0.099358
30.4500,0.171788,0.248697,-0.874425,0.982467,-0.011218,0.249391,-0.101100
30.4667,0.167772,0.238306,-0.863296,0.996474,-0.009884,0.247219,-0.102161
30.4833,0.163277,0.228770,-0.853167,1.008754,-0.008229,0.245087,-0.103127
30.5000,0.157443,0.216436,-0.841580,1.020583,-0.005711,0.241466,-0.104169
30.5167,0.146896,0.200125,-0.827811,1.038807,-0.001477,0.236947,-0.105693
30.5333,0.136948,0.184934,-0.827523,1.043087,0.003442,0.229648,-0.106156
30.5500,0.121938,0.159808,-0.834000,1.046983,0.010578,0.216442,-0.106710
30.5667,0.100577,0.113898,-0.828555,1.066739,0.019806,0.195446,-0.107621
30.5833,0.073268,0.042864,-0.802397,1.108236,0.030429,0.165621,-0.107917
30.6000,0.045452,-0.040627,-0.758801,1.157415,0.040514,0.130880,-0.105639
30.6167,0.016514,-0.122513,-0.699172,1.206654,0.050494,0.097306,-0.100901
30.6333,-0.011671,-0.195075,-0.635599,1.244668,0.060340,0.066892,-0.093890
30.6500,-0.040595,-0.261059,-0.577453,1.274388,0.070108,0.038451,-0.084995
30.6667,-0.075731,-0.328993,-0.510101,1.311215,0.079986,0.009581,-0.074422
30.6833,-0.101448,-0.367222,-0.474420,1.317552,0.089555,-0.007579,-0.065048
30.7000,-0.109232,-0.367272,-0.533245,1.257641,0.100883,-0.014655,-0.056190
30.7167,-0.112343,-0.328565,-0.620206,1.140680,0.118394,-0.013208,-0.048419
30.7333,-0.118145,-0.296159,-0.602011,1.044157,0.138614,-0.006917,-0.041551
30.7500,-0.121551,-0.279772,-0.528313,0.977545,0.156290,0.001777,-0.035634
30.7667,-0.131312,-0.263223,-0.486122,0.928821,0.170800,0.010796,-0.030612
30.7833,-0.147221,-0.249352,-0.461282,0.903781,0.183040,0.018211,-0.027049
30.8000,-0.169045,-0.250353,-0.435642,0.912520,0.192355,0.020162,-0.025143
30.8167,-0.191216,-0.257765,-0.392436,0.930838,0.201317,0.021243,-0.023653
30.8333,-0.211078,-0.262797,-0.341059,0.945724,0.210067,0.024172,-0.022402
30.8500,-0.236022,-0.269765,-0.288891,0.967211,0.219310,0.026073,-0.021044
30.8667,-0.254737,-0.273797,-0.260314,0.979967,0.225734,0.026690,-0.018996
30.8833,-0.263915,-0.272130,-0.248184,0.975632,0.230533,0.028216,-0.016493
30.9000,-0.269454,-0.270882,-0.268389,0.974772,0.231524,0.026454,-0.014786
30.9167,-0.271041,-0.269763,-0.306523,0.974664,0.229975,0.022835,-0.013689
30.9333,-0.272488,-0.272534,-0.351707,0.976422,0.227340,0.016675,-0.012347
30.9500,-0.272133,-0.272644,-0.401528,0.975460,0.224120,0.011377,-0.011317
30.9667,-0.269863,-0.269497,-0.453365,0.965912,0.221185,0.007077,-0.009828
30.9833,-0.262805,-0.263174,-0.499003,0.947587,0.217957,0.004467,-0.008432
31.0000,-0.251014,-0.251964,-0.531862,0.914742,0.215754,0.004527,-0.006458
31.0167,-0.243697,-0.242655,-0.550817,0.881836,0.215944,0.004842,-0.003571
31.0333,-0.237913,-0.232880,-0.568113,0.840675,0.217339,0.004831,0.001264
31.0500,-0.230014,-0.224744,-0.566886,0.790655,0.220357,0.005685,0.007815
31.0667,-0.228285,-0.218905,-0.551528,0.741610,0.226531,0.007404,0.015734
31.0833,-0.221981,-0.214421,-0.542934,0.685924,0.230381,0.007920,0.024857
31.1000,-0.214705,-0.203579,-0.545159,0.615664,0.233879,0.009520,0.035886
31.1167,-0.208874,-0.192494,-0.548062,0.541286,0.237456,0.011244,0.048390
31.1333,-0.208464,-0.182923,-0.546641,0.472690,0.242090,0.013322,0.061345
31.1500,-0.212695,-0.174674,-0.576844,0.402184,0.242694,0.009475,0.076449
31.2000,-0.229268,-0.093714,-0.902453,0.135477,0.195187,-0.017422,0.118697
31.2167,-0.230925,-0.055268,-0.958783,0.035733,0.187230,-0.011810,0.133270
31.2333,-0.231890,-0.025077,-0.944061,-0.037159,0.190057,-0.000044,0.144612
31.2500,-0.259726,-0.016069,-0.928258,-0.075076,0.197997,0.003826,0.156282
31.2667,-0.275933,-0.006075,-0.898081,-0.112024,0.205864,0.010297,0.167616
31.2833,-0.283131,0.005353,-0.861427,-0.140406,0.213205,0.018670,0.175443
31.3000,-0.290630,0.013559,-0.840984,-0.157967,0.217543,0.023757,0.180379
31.3167,-0.294272,0.025178,-0.831056,-0.175132,0.219380,0.028622,0.183548
31.3333,-0.295474,0.033550,-0.824868,-0.185703,0.220399,0.032065,0.185147
31.3500,-0.282173,0.047468,-0.809094,-0.197580,0.220606,0.039383,0.184178
31.3667,-0.275356,0.057114,-0.798908,-0.204795,0.221001,0.044272,0.183172
31.3833,-0.273045,0.061121,-0.793176,-0.207286,0.221537,0.046494,0.182780
31.4000,-0.262816,0.066270,-0.773384,-0.208062,0.223292,0.051668,0.181490
31.4167,-0.259781,0.066703,-0.760311,-0.204531,0.225154,0.053977,0.180457
31.4333,-0.261576,0.062300,-0.750210,-0.195598,0.227703,0.054075,0.179911
31.4500,-0.262829,0.062977,-0.745672,-0.188513,0.229286,0.054820,0.178821
31.4667,-0.263162,0.064247,-0.740568,-0.182704,0.230775,0.055959,0.177803
31.4833,-0.258479,0.069130,-0.731467,-0.179164,0.231909,0.059164,0.176048
31.5000,-0.256303,0.072762,-0.726136,-0.175439,0.232790,0.061256,0.174479
31.5167,-0.255873,0.071279,-0.720358,-0.170278,0.233982,0.061779,0.173721
31.5333,-0.255814,0.066121,-0.706816,-0.161144,0.236700,0.062480,0.173150
31.5500,-0.257562,0.061901,-0.691041,-0.151286,0.240177,0.063741,0.172730
31.5667,-0.263214,0.056856,-0.681424,-0.141432,0.243344,0.063436,0.172880
31.5833,-0.271099,0.050148,-0.674415,-0.126777,0.246869,0.062039,0.172692
31.6000,-0.278615,0.041445,-0.668386,-0.105029,0.250537,0.059858,0.171207
31.6167,-0.281657,0.037976,-0.667396,-0.086214,0.252422,0.058697,0.168484
31.6333,-0.279379,0.038306,-0.668985,-0.072126,0.252606,0.058682,0.164916
31.6500,-0.275949,0.037149,-0.679355,-0.053706,0.251209,0.056806,0.159696
31.6667,-0.277411,0.036309,-0.705279,-0.031639,0.248518,0.052221,0.153801
31.6833,-0.279388,0.031398,-0.725093,0.003229,0.247505,0.047713,0.146310
31.7000,-0.282940,0.016218,-0.730140,0.065486,0.249861,0.042730,0.135303
31.7167,-0.286008,-0.007822,-0.713393,0.148354,0.255233,0.038892,0.121928
31.7333,-0.296404,-0.033999,-0.680569,0.240052,0.263852,0.036933,0.108953
31.7500,-0.304652,-0.050572,-0.658303,0.319976,0.269081,0.036717,0.096403
31.7667,-0.311363,-0.062892,-0.645688,0.392413,0.271737,0.036722,0.084215
31.7833,-0.314674,-0.068817,-0.662723,0.446716,0.268970,0.034339,0.073438
31.8000,-0.309947,-0.072713,-0.695249,0.484708,0.261727,0.030552,0.063745
31.8167,-0.300979,-0.077314,-0.714553,0.519952,0.255037,0.028903,0.054226
31.8333,-0.286135,-0.085883,-0.737810,0.551031,0.245173,0.025281,0.044899
31.8500,-0.276426,-0.101043,-0.756192,0.587969,0.236839,0.019827,0.036706
31.8667,-0.263206,-0.118110,-0.763236,0.630333,0.228265,0.015660,0.027805
31.8833,-0.252320,-0.136451,-0.766342,0.677504,0.220261,0.011805,0.018881
31.9000,-0.247026,-0.157326,-0.764686,0.730092,0.213936,0.007618,0.010820
31.9167,-0.243061,-0.173273,-0.760495,0.771410,0.209070,0.004859,0.004818
31.9333,-0.236708,-0.183205,-0.732600,0.797983,0.207550,0.006009,0.000514
31.9500,-0.230711,-0.190987,-0.702181,0.818996,0.206498,0.007912,-0.003193
31.9667,-0.233996,-0.190249,-0.669987,0.838782,0.209573,0.013459,-0.006682
31.9833,-0.246953,-0.187582,-0.645969,0.864042,0.214799,0.019048,-0.009515
32.0000,-0.256585,-0.193310,-0.627466,0.889169,0.217376,0.020034,-0.011045
32.0167,-0.270975,-0.194891,-0.613313,0.911855,0.221852,0.022095,-0.012019
32.0333,-0.281931,-0.190524,-0.608039,0.923321,0.225722,0.025225,-0.012319
32.0500,-0.284422,-0.189025,-0.608028,0.924580,0.226624,0.025887,-0.011962
32.0667,-0.282375,-0.190629,-0.614333,0.922925,0.225220,0.024428,-0.011720
32.0833,-0.275137,-0.192289,-0.627044,0.914684,0.221855,0.021952,-0.011382
32.1000,-0.269014,-0.195033,-0.637466,0.911417,0.218623,0.019603,-0.011690
32.1167,-0.261061,-0.192777,-0.657347,0.903517,0.214529,0.018407,-0.012279
32.1333,-0.254699,-0.189176,-0.682054,0.897266,0.210504,0.017450,-0.013174
32.1500,-0.247592,-0.184543,-0.701273,0.892094,0.206712,0.017610,-0.014488
32.1667,-0.236208,-0.177140,-0.716708,0.880524,0.202333,0.018991,-0.015829
32.1833,-0.224447,-0.166959,-0.721742,0.867992,0.199159,0.022630,-0.017591
32.2000,-0.212351,-0.156509,-0.715004,0.858700,0.196758,0.027942,-0.019947
32.2167,-0.195535,-0.142004,-0.704771,0.846989,0.193172,0.035588,-0.023195
32.2333,-0.180816,-0.129199,-0.708200,0.844783,0.187717,0.042004,-0.027614
32.2500,-0.161306,-0.120474,-0.706494,0.849253,0.179920,0.047782,-0.033027
32.2667,-0.129691,-0.114423,-0.719568,0.859597,0.164409,0.051851,-0.040545
32.2833,-0.096833,-0.104432,-0.749648,0.881650,0.145082,0.057604,-0.050423
32.3000,-0.052915,-0.100220,-0.760095,0.913570,0.121219,0.063857,-0.061164
32.3167,-0.010482,-0.113979,-0.742762,0.984247,0.094293,0.068294,-0.073684
32.3333,0.036229,-0.135319,-0.672335,1.069625,0.065161,0.074200,-0.085448
32.3500,0.071581,-0.147774,-0.568708,1.142063,0.041667,0.083917,-0.094824
32.3667,0.095132,-0.147517,-0.453015,1.211953,0.021015,0.098546,-0.103084
32.3833,0.103927,-0.138174,-0.348085,1.297010,0.000967,0.115971,-0.110336
32.4000,0.107795,-0.116942,-0.266052,1.368030,-0.016015,0.135481,-0.114913
32.4167,0.099670,-0.106855,-0.189438,1.431660,-0.025843,0.145326,-0.117714
32.4333,0.112121,-0.086663,-0.156137,1.449663,-0.036544,0.160668,-0.116238
32.4500,0.121858,-0.061336,-0.144712,1.467159,-0.045818,0.179481,-0.113605
32.4667,0.116084,-0.038321,-0.105713,1.500911,-0.050409,0.196925,-0.110945
32.4833,0.077622,-0.015948,0.059196,1.594700,-0.051879,0.210712,-0.109608
32.5000,0.027507,0.024392,0.300009,1.711086,-0.050720,0.220362,-0.109046
32.5167,-0.014717,0.085095,0.528189,1.827730,-0.047445,0.230007,-0.106682
32.5333,-0.034287,0.136310,0.674299,1.899121,-0.043843,0.238388,-0.104321
32.5500,-0.046760,0.182829,0.790882,1.957535,-0.039899,0.246542,-0.101166
32.5667,-0.049598,0.203518,0.860707,1.973706,-0.036007,0.250170,-0.100358
32.5833,-0.051063,0.223349,0.937027,1.995968,-0.032606,0.252098,-0.098711
32.6000,-0.052341,0.244021,1.004765,2.025201,-0.029752,0.253574,-0.096881
32.6167,-0.054916,0.254919,1.049732,2.042930,-0.026187,0.253372,-0.096142
32.6333,-0.053180,0.250753,1.075902,2.036619,-0.024089,0.250966,-0.096793
32.6500,-0.052318,0.248542,1.097841,2.032091,-0.022164,0.249597,-0.097238
32.6667,-0.050168,0.243355,1.114853,2.022693,-0.020958,0.247901,-0.097910
32.6833,-0.046209,0.238448,1.131075,2.013700,-0.020874,0.246348,-0.098412
32.7000,-0.041222,0.231616,1.146207,2.001737,-0.021247,0.244474,-0.099094
32.7167,-0.036288,0.226871,1.161545,1.993569,-0.021931,0.242972,-0.099521
32.7333,-0.030974,0.219433,1.173491,1.980848,-0.022798,0.241140,-0.100226
32.7500,-0.026258,0.212931,1.182976,1.969716,-0.023725,0.239612,-0.100826
32.7667,-0.022667,0.207389,1.188829,1.958200,-0.024362,0.238835,-0.101439
32.7833,-0.019961,0.201781,1.194323,1.948299,-0.024706,0.237718,-0.101930
32.8000,-0.015985,0.197555,1.203916,1.942302,-0.025700,0.236366,-0.102048
32.8167,-0.012501,0.194339,1.214715,1.937802,-0.026449,0.235224,-0.102188
32.8333,-0.012384,0.182763,1.203534,1.915469,-0.025823,0.234106,-0.103678
32.8500,-0.017223,0.169593,1.168005,1.888502,-0.023704,0.233887,-0.105539
32.8667,-0.021631,0.158765,1.132584,1.868778,-0.022063,0.233374,-0.106468
32.8833,-0.027318,0.156244,1.115403,1.866686,-0.020001,0.233141,-0.106442
32.9000,-0.035295,0.147954,1.108726,1.856470,-0.015379,0.231121,-0.106864
32.9167,-0.046796,0.140325,1.116615,1.860840,-0.009282,0.225973,-0.106852
32.9333,-0.063996,0.124258,1.124951,1.873995,-0.000752,0.214383,-0.106957
32.9500,-0.085531,0.075657,1.094608,1.862223,0.009884,0.191451,-0.108028
32.9667,-0.110641,-0.006678,1.020696,1.823045,0.022414,0.156896,-0.107941
32.9833,-0.136952,-0.094041,0.927570,1.788467,0.034424,0.118975,-0.104230
33.0000,-0.164460,-0.176159,0.829727,1.747711,0.048126,0.084684,-0.097930
33.0167,-0.188536,-0.269274,0.709228,1.694307,0.061926,0.045658,-0.088049
33.0333,-0.210816,-0.338756,0.607851,1.664141,0.072317,0.015380,-0.076772
33.0500,-0.246185,-0.373919,0.586558,1.661755,0.084799,0.000678,-0.066188
33.0667,-0.294208,-0.380000,0.677019,1.675005,0.101238,-0.002174,-0.055663
33.0833,-0.360391,-0.353340,0.915219,1.738548,0.123284,-0.002113,-0.044237
33.1000,-0.399106,-0.254177,1.330822,1.904747,0.148937,0.000890,-0.032875
33.1167,-0.392149,-0.173140,1.626167,2.035101,0.172143,0.008297,-0.024099
33.1333,-0.394695,-0.133432,1.758129,2.100148,0.189637,0.015520,-0.018213
33.1500,-0.412136,-0.111606,1.808699,2.118992,0.204201,0.022586,-0.014579
33.1667,-0.432058,-0.109051,1.795294,2.109382,0.210973,0.024143,-0.013529
33.1833,-0.456160,-0.113947,1.750820,2.086817,0.215668,0.023927,-0.013488
33.2000,-0.480087,-0.131768,1.682470,2.050098,0.217351,0.020193,-0.014248
33.2167,-0.499103,-0.151006,1.614409,2.015606,0.217666,0.016299,-0.014824
33.2333,-0.511296,-0.167766,1.566108,1.988946,0.217513,0.012855,-0.014740
33.2500,-0.514027,-0.171744,1.551270,1.983069,0.216967,0.012123,-0.014298
33.2667,-0.514160,-0.172326,1.550223,1.982917,0.216776,0.011916,-0.014030
33.2833,-0.512887,-0.171701,1.556159,1.983956,0.216731,0.012025,-0.013873
33.3000,-0.512160,-0.172190,1.563097,1.984828,0.216889,0.011558,-0.013529
33.3167,-0.510466,-0.172546,1.577469,1.987011,0.217176,0.010876,-0.012789
