t_s,q_pitch,q_roll,q_yaw,q_elbow,target_x,target_y,target_z
7.6167,0.046929,-0.190084,1.534823,2.193530,-0.032418,-0.440906,-0.047579
7.6333,0.091622,-0.329486,1.430383,1.969179,-0.061213,-0.467590,-0.036816
7.6500,-0.114180,0.123531,1.239804,2.712017,-0.015046,-0.354894,-0.011047
7.6833,-0.400890,0.380000,0.986637,3.122309,0.031943,-0.233511,0.036126
7.7833,-0.505340,0.380000,0.978373,3.180000,0.060931,-0.188197,0.059057
7.8000,-0.410473,0.380000,1.116590,3.180000,0.054011,-0.206341,0.064372
7.8167,-0.310371,0.380000,1.266538,3.159654,0.051015,-0.208115,0.057609
7.8333,-0.263192,0.380000,1.320648,3.055784,0.050081,-0.215103,0.035683
7.8500,-0.403577,0.380000,1.105493,3.146801,0.054549,-0.218443,0.047705
7.8667,-0.311436,0.380000,1.186156,2.940495,0.048745,-0.255728,0.018469
7.8833,-0.232613,0.225176,1.240797,2.726178,0.040401,-0.309075,-0.009749
7.9000,-0.120174,0.018281,1.305575,2.464566,0.013158,-0.372900,-0.029569
7.9167,-0.070111,-0.072211,1.456175,2.353742,0.017260,-0.404935,-0.033347
7.9333,-0.009045,-0.153315,1.698124,2.250112,0.023471,-0.427876,-0.034199
7.9500,0.155720,-0.229415,2.364608,2.297097,0.032351,-0.427209,-0.023715
7.9667,0.212285,-0.402357,2.656199,2.184944,0.011824,-0.468795,-0.019675
7.9833,0.269682,-0.537584,2.660000,2.190336,0.003090,-0.496243,-0.000242
8.0000,0.263991,-0.689292,2.660000,2.206274,0.032876,-0.486041,0.013222
8.0167,0.267796,-0.744995,2.660000,2.248251,0.042629,-0.484090,0.024899
8.0333,0.260863,-0.774107,2.660000,2.300170,0.055022,-0.476252,0.031659
8.0500,0.231908,-0.772685,2.660000,2.304508,0.068544,-0.471797,0.031733
8.0667,0.227046,-0.770036,2.660000,2.332831,0.074459,-0.461384,0.032369
8.0833,0.229210,-0.761285,2.660000,2.371302,0.077524,-0.448496,0.031571
8.1000,0.245201,-0.738431,2.660000,2.426899,0.076495,-0.437308,0.030513
8.1167,0.225611,-0.724136,2.660000,2.434975,0.085913,-0.435233,0.029611
8.1333,0.205734,-0.728215,2.660000,2.439763,0.095492,-0.435168,0.032441
8.1500,0.204127,-0.712610,2.660000,2.491334,0.101589,-0.424145,0.034359
8.1667,0.178981,-0.707793,2.660000,2.488124,0.111998,-0.421630,0.034805
8.1833,0.128535,-0.733364,2.660000,2.444269,0.127365,-0.416090,0.036577
8.2000,0.091698,-0.745864,2.660000,2.388833,0.136695,-0.412206,0.037009
8.2167,0.072226,-0.751833,2.660000,2.337272,0.139417,-0.409984,0.035992
8.2333,0.074991,-0.755843,2.660000,2.333832,0.137729,-0.409478,0.036559
8.2500,0.085352,-0.758648,2.660000,2.339498,0.134452,-0.414164,0.037019
8.2667,0.104750,-0.775155,2.660000,2.379518,0.129970,-0.418375,0.041200
8.2833,0.113992,-0.780565,2.660000,2.404289,0.128274,-0.419663,0.042802
8.3000,0.116349,-0.779995,2.660000,2.433114,0.128560,-0.412699,0.043245
8.3167,0.112638,-0.778222,2.660000,2.489901,0.133734,-0.404605,0.046679
8.3333,0.140774,-0.777330,2.660000,2.558279,0.129843,-0.408888,0.051963
8.3500,0.177649,-0.778709,2.660000,2.662651,0.128057,-0.420735,0.064164
8.3667,0.240678,-0.778438,2.660000,2.750725,0.114554,-0.432253,0.074823
8.3833,0.261916,-0.806211,2.660000,2.804689,0.113617,-0.446228,0.088360
8.4000,0.246537,-0.818531,2.660000,2.889830,0.125186,-0.438459,0.099529
8.4167,0.151041,-0.814975,2.660000,2.976185,0.160277,-0.413460,0.110313
8.4333,0.145836,-0.798928,2.660000,3.091291,0.167755,-0.397872,0.126252
8.4500,0.181735,-0.786895,2.660000,3.180000,0.161578,-0.393714,0.140967
8.4667,0.312387,-0.756383,2.660000,3.180000,0.128784,-0.402992,0.157313
8.4833,0.220436,-0.771218,2.660000,3.180000,0.146732,-0.350502,0.191232
8.5000,0.211944,-0.678208,2.660000,3.180000,0.142192,-0.315108,0.207856
8.5167,0.253307,-0.581785,2.660000,3.180000,0.125095,-0.293204,0.221909
8.5333,0.074878,-0.563345,2.660000,3.180000,0.156663,-0.266774,0.231823
8.5500,-0.112679,-0.494704,2.660000,3.180000,0.200202,-0.235087,0.241543
8.6000,-0.331936,-0.373630,2.660000,3.180000,0.271320,-0.182390,0.226120
8.6167,-0.342758,-0.360288,2.660000,3.180000,0.279684,-0.179291,0.226656
8.6500,-0.355899,-0.221392,2.660000,3.180000,0.290609,-0.153649,0.223911
8.6833,-0.216864,-0.031899,2.660000,3.180000,0.265381,-0.149838,0.210812
8.7000,-0.232454,-0.078245,2.660000,3.180000,0.267331,-0.154400,0.209613
8.7167,-0.252027,-0.149260,2.660000,3.180000,0.268456,-0.156764,0.210709
8.7833,-0.248103,-0.277249,2.660000,3.180000,0.257275,-0.168278,0.212337
8.8333,-0.266061,-0.364149,2.660000,3.180000,0.250214,-0.171310,0.216023
8.8833,-0.372959,-0.394292,2.660000,3.180000,0.268882,-0.165290,0.234654
8.9000,-0.388087,-0.384635,2.660000,3.180000,0.271457,-0.159854,0.239478
8.9167,-0.316861,-0.366182,2.660000,3.180000,0.255750,-0.161732,0.230753
8.9333,-0.298293,-0.346671,2.660000,3.180000,0.255629,-0.166089,0.228868
8.9500,-0.296923,-0.382798,2.660000,3.180000,0.258133,-0.176680,0.225033
8.9667,-0.295932,-0.462344,2.660000,3.180000,0.261050,-0.201901,0.227458
8.9833,-0.247193,-0.561791,2.660000,3.180000,0.254160,-0.236205,0.222259
9.0000,-0.296030,-0.619810,2.660000,3.180000,0.266710,-0.242958,0.217544
9.0167,-0.337977,-0.661335,2.660000,3.180000,0.278996,-0.248404,0.211943
9.0333,-0.304557,-0.701400,2.660000,3.180000,0.274878,-0.266650,0.203331
9.0500,-0.373824,-0.672693,2.660000,3.180000,0.297350,-0.256673,0.189319
9.0667,-0.271647,-0.719086,2.660000,3.180000,0.273282,-0.284202,0.176911
9.0833,-0.188676,-0.764504,2.660000,3.180000,0.255270,-0.314589,0.165025
9.1000,-0.064876,-0.806202,2.660000,3.180000,0.225344,-0.349324,0.155777
9.1167,0.065540,-0.828294,2.660000,3.145786,0.189800,-0.379695,0.139858
9.1333,0.061080,-0.827720,2.660000,3.041111,0.187851,-0.388570,0.122789
9.1500,-0.039967,-0.813719,2.660000,2.920906,0.211638,-0.373223,0.110271
9.1667,-0.126972,-0.795542,2.660000,2.756164,0.233061,-0.360884,0.103333
9.1833,-0.119743,-0.791187,2.660000,2.748919,0.228185,-0.354824,0.101091
9.2000,-0.173559,-0.766112,2.660000,2.626036,0.239680,-0.340408,0.093592
9.2167,-0.217170,-0.751802,2.660000,2.477100,0.247342,-0.331537,0.089487
9.2333,-0.181791,-0.755465,2.660000,2.450295,0.238981,-0.348566,0.086139
9.2500,-0.105703,-0.765559,2.660000,2.518079,0.218931,-0.368136,0.081551
9.2667,-0.052868,-0.765217,2.660000,2.579424,0.205130,-0.377677,0.078359
9.2833,-0.050020,-0.753119,2.660000,2.554613,0.202840,-0.376194,0.072112
9.3000,-0.018921,-0.759977,2.660000,2.585874,0.189833,-0.371858,0.068998
9.3167,-0.015741,-0.772883,2.660000,2.558637,0.183824,-0.370668,0.064912
9.3333,-0.011863,-0.784322,2.660000,2.534949,0.179064,-0.371590,0.062985
9.3500,-0.043612,-0.787416,2.660000,2.445708,0.182647,-0.365497,0.059306
9.3667,-0.096336,-0.782586,2.660000,2.265095,0.188662,-0.356439,0.055449
9.3833,-0.063965,-0.766605,2.660000,2.309655,0.182092,-0.357807,0.054263
9.4000,-0.106124,-0.763130,2.660000,2.171448,0.188050,-0.356704,0.050883
9.4167,-0.133984,-0.775039,2.660000,2.032093,0.186965,-0.362327,0.053600
9.4333,-0.056201,-0.750917,-2.401383,2.743167,0.178514,-0.378230,0.055417
9.4500,-0.061387,-0.754879,-2.404180,2.745866,0.180456,-0.382460,0.051991
9.4667,-0.029393,-0.784307,-2.420805,2.743226,0.169178,-0.397336,0.054754
9.4833,-0.044537,-0.778893,-2.411838,2.743779,0.174179,-0.393876,0.053758
9.5000,-0.027687,-0.774272,-2.424546,2.743178,0.168923,-0.394097,0.052515
9.5167,-0.009520,-0.771510,-2.448508,2.748429,0.164761,-0.395556,0.052442
9.5333,-0.003166,-0.770551,-2.459636,2.750403,0.163604,-0.396467,0.052382
9.5500,0.009121,-0.764685,-2.472741,2.752196,0.160261,-0.395905,0.051256
9.5667,-0.007537,-0.762713,-2.451738,2.755965,0.164610,-0.391497,0.050707
9.5833,0.000191,-0.757252,-2.472717,2.750382,0.163896,-0.393070,0.050890
9.6000,0.005326,-0.747395,-2.494932,2.735068,0.163576,-0.394988,0.048774
9.6167,0.006240,-0.744480,-2.502206,2.710371,0.162411,-0.399267,0.045763
9.6333,0.032837,-0.743863,-2.513297,2.708340,0.152320,-0.401615,0.043419
9.6500,0.110917,-0.735753,-2.588439,2.706228,0.127411,-0.410985,0.040648
9.6667,0.184126,-0.698023,-2.679233,2.699332,0.103826,-0.412751,0.033363
9.6833,0.263613,-0.666598,-2.782258,2.662363,0.072829,-0.423800,0.026257
9.7000,0.310107,-0.658248,-2.786459,2.554853,0.035535,-0.437515,0.010649
9.7167,0.330252,-0.611471,-2.859121,2.444900,0.010856,-0.444249,-0.004175
9.7333,0.339473,-0.542950,-2.997595,2.317425,-0.013636,-0.448471,-0.018966
9.7500,0.281325,-0.500755,-3.010000,2.107500,-0.027104,-0.458466,-0.037189
9.7667,0.196548,-0.385502,-3.010000,1.883788,-0.029638,-0.446937,-0.053351
9.7833,-0.049301,-0.228702,-2.119325,0.985838,-0.039417,-0.432615,-0.061116
9.8000,-0.071295,-0.327837,-2.576162,1.052920,-0.054330,-0.437740,-0.057039
9.8167,0.137392,-0.474176,-3.010000,1.449392,-0.097038,-0.463055,-0.049426
9.8333,0.230698,-0.519853,-3.010000,1.477518,-0.141900,-0.475025,-0.035215
9.8500,-0.198615,-0.077088,-2.564397,0.589060,-0.063650,-0.357680,-0.054361
9.8667,-0.374779,0.138678,-2.555370,0.284228,-0.015980,-0.286885,-0.024342
9.8833,-0.462850,0.228428,-2.587902,0.209458,0.007899,-0.250338,-0.014376
9.9000,-0.530750,0.286328,-2.609871,0.151189,0.024810,-0.228743,-0.004838
9.9167,-0.588149,0.344704,-2.610117,0.105802,0.040419,-0.210435,0.004061
9.9500,-0.306130,0.027202,-2.685171,0.413733,-0.048847,-0.297424,-0.024264
9.9667,-0.380907,0.118446,-2.624058,0.339439,-0.014977,-0.278244,-0.030461
9.9833,-0.181768,-0.078063,-2.671054,0.619351,-0.075954,-0.333697,-0.042008
10.0000,0.258710,-0.397350,-3.010000,1.493703,-0.156840,-0.397330,-0.054967
10.0167,0.286449,-0.433263,-3.010000,1.493157,-0.173621,-0.418580,-0.055508
10.0333,0.294135,-0.473264,-3.010000,1.492521,-0.177069,-0.439403,-0.045621
10.0500,0.267958,-0.481104,-3.010000,1.492176,-0.163406,-0.445573,-0.048749
10.0667,0.237641,-0.480123,-3.010000,1.492134,-0.147193,-0.446715,-0.053492
10.0833,0.211877,-0.467407,-3.010000,1.492369,-0.133421,-0.441231,-0.059844
10.1000,0.186027,-0.449100,-3.010000,1.492720,-0.119590,-0.432646,-0.067264
10.1167,0.182347,-0.439523,-3.010000,1.492949,-0.117375,-0.427710,-0.069117
10.1333,0.194757,-0.460345,-3.010000,1.492584,-0.123639,-0.438248,-0.062291
10.1500,0.217268,-0.508357,-3.010000,1.491596,-0.134782,-0.462043,-0.047255
10.1667,0.163634,-0.480043,-3.010000,1.492304,-0.107100,-0.450291,-0.062911
10.1833,0.099789,-0.481986,-3.010000,1.494486,-0.071272,-0.454353,-0.067702
10.2000,-0.081734,-0.404017,-2.760337,1.172738,-0.035082,-0.453951,-0.062170
10.2167,0.034099,-0.126369,-1.481187,0.828075,-0.003347,-0.421961,-0.041202
10.2333,0.196678,-0.224568,-1.008083,0.819182,-0.018375,-0.448312,-0.027976
10.2500,0.322200,-0.335383,-0.568454,0.724974,-0.016908,-0.460582,-0.013025
10.2667,0.357262,-0.406823,-0.384781,0.592920,0.005268,-0.466696,0.004554
10.2833,0.320155,-0.458639,-0.231445,0.514762,0.045257,-0.459989,0.011926
10.3000,0.311624,-0.482059,-0.166361,0.436721,0.065587,-0.452417,0.023473
10.3167,0.299055,-0.480422,-0.205597,0.428116,0.071869,-0.457892,0.029451
10.3333,0.296933,-0.486773,-0.210862,0.424874,0.073584,-0.460869,0.032352
10.3500,0.320856,-0.531681,-0.047738,0.341401,0.079060,-0.440994,0.035789
10.3667,0.323440,-0.530861,-0.059167,0.362901,0.074629,-0.444694,0.033338
10.3833,0.343352,-0.509615,-0.088086,0.342418,0.068258,-0.440926,0.034127
10.4000,0.333976,-0.503588,-0.145665,0.399204,0.062647,-0.454016,0.030530
10.4167,0.321760,-0.502383,-0.166245,0.439443,0.061336,-0.460104,0.027216
10.4333,0.318326,-0.514792,-0.120053,0.425600,0.066322,-0.455376,0.027405
10.4500,0.306425,-0.527307,-0.079162,0.398246,0.076613,-0.450114,0.030313
10.4667,0.319877,-0.521685,-0.082693,0.371397,0.074841,-0.446383,0.033237
10.4833,0.319773,-0.520353,-0.075562,0.353250,0.077324,-0.443118,0.034425
10.5000,0.299801,-0.520985,-0.038818,0.343636,0.087224,-0.435378,0.032932
10.5167,0.282566,-0.516317,-0.023749,0.349106,0.094009,-0.430910,0.031167
10.5333,0.259579,-0.504768,0.004274,0.341085,0.104736,-0.420140,0.029154
10.5500,0.264883,-0.511539,-0.011732,0.368418,0.099386,-0.428036,0.028394
10.5667,0.244420,-0.529035,0.031487,0.370678,0.107693,-0.426370,0.028212
10.5833,0.249851,-0.524965,0.023832,0.350196,0.108523,-0.424103,0.031671
10.6000,0.256801,-0.522070,0.011014,0.330393,0.108256,-0.423678,0.034850
10.6167,0.271018,-0.522390,0.012793,0.278734,0.108747,-0.418628,0.041599
10.6333,0.270052,-0.498110,-0.044942,0.296602,0.106701,-0.423002,0.039924
10.6500,0.310784,-0.478947,-0.081835,0.209762,0.099976,-0.416550,0.051802
10.6667,0.334661,-0.473691,-0.078864,0.201381,0.090279,-0.414238,0.049121
10.6833,0.321058,-0.456254,-0.109733,0.192774,0.095877,-0.413784,0.050833
10.7000,0.321806,-0.449149,-0.130073,0.158490,0.099328,-0.412574,0.058041
10.7167,0.346938,-0.444256,-0.217415,0.138743,0.089317,-0.427263,0.068702
10.7333,0.376463,-0.445657,-0.306363,0.128226,0.074819,-0.444893,0.078779
10.7500,0.311664,-0.503672,-0.173741,0.055719,0.113715,-0.429089,0.090855
10.7667,0.326142,-0.540412,-0.157550,-0.015936,0.117405,-0.428093,0.110262
10.7833,0.366111,-0.547074,-0.226861,-0.077834,0.106780,-0.436940,0.128542
10.8000,0.431790,-0.483065,-0.342980,-0.143635,0.080734,-0.437293,0.137959
10.8167,0.468251,-0.502342,-0.328258,-0.234771,0.075489,-0.429756,0.152820
10.8333,0.281979,-0.572371,-0.032644,-0.377545,0.141112,-0.368555,0.167847
10.8500,0.202257,-0.532051,0.073592,-0.491581,0.159588,-0.323215,0.188510
10.8667,0.239331,-0.425616,0.007372,-0.593769,0.145559,-0.304860,0.203605
10.8833,0.120494,-0.336371,0.096548,-0.637936,0.166957,-0.264716,0.212776
10.9000,-0.019232,-0.231667,0.195204,-0.591033,0.200620,-0.219946,0.219360
10.9167,-0.079992,-0.051281,0.151822,-0.473470,0.228714,-0.185111,0.213944
10.9333,-0.131647,0.076871,0.079571,-0.371219,0.251310,-0.164660,0.209189
10.9500,-0.139143,0.100380,0.055174,-0.337242,0.256545,-0.162248,0.205813
10.9667,-0.111356,0.119119,-0.012863,-0.345164,0.250600,-0.174276,0.201002
10.9833,-0.038017,0.157222,-0.098211,-0.387907,0.229562,-0.188687,0.192737
11.0000,-0.092711,0.098788,0.007462,-0.384185,0.242702,-0.177881,0.201254
11.0167,0.011387,0.101940,-0.141970,-0.512595,0.205913,-0.215821,0.208055
11.0333,0.046620,0.264626,-0.414900,-0.590299,0.174006,-0.235036,0.203807
11.0500,-0.269930,0.380000,-1.134260,-0.686760,0.146155,-0.254551,0.202505
11.0667,0.014620,0.353204,-0.446137,-0.604633,0.177149,-0.216438,0.214654
11.0833,-0.043400,0.071794,-0.037319,-0.494859,0.220900,-0.199081,0.210361
11.1000,-0.171521,0.079971,0.070254,-0.368549,0.259835,-0.163917,0.215319
11.1167,-0.265603,0.091081,0.111610,-0.279468,0.286064,-0.142271,0.224617
11.1333,-0.222767,0.101184,0.056430,-0.321496,0.274997,-0.155088,0.225930
11.1500,-0.065421,0.174040,-0.100010,-0.458717,0.228947,-0.184592,0.216729
11.1667,-0.074345,0.157527,-0.029801,-0.411764,0.235968,-0.172980,0.204992
11.1833,-0.001838,0.285048,-0.270188,-0.461971,0.208070,-0.197663,0.194721
11.2000,-0.052348,0.380000,-0.679377,-0.541524,0.173940,-0.217801,0.186983
11.2167,-0.414850,0.380000,-1.359798,-0.624571,0.152862,-0.239468,0.184568
11.2333,-0.845647,0.380000,-2.049811,-0.677692,0.145180,-0.256019,0.191685
11.2667,-0.673657,0.380000,-1.695566,-0.680599,0.149945,-0.224565,0.215176
11.3000,-0.034815,0.376731,-0.334261,-0.456998,0.207531,-0.179883,0.212243
11.3167,-0.057693,0.151135,-0.066021,-0.384886,0.234468,-0.182729,0.193078
11.3333,-0.179463,-0.089561,0.182211,-0.360047,0.261023,-0.182293,0.210317
11.3500,-0.248532,-0.180671,0.293070,-0.350158,0.271828,-0.177526,0.222462
11.3667,-0.272808,-0.210223,0.315794,-0.342266,0.276561,-0.178714,0.227415
11.3833,-0.277383,-0.233105,0.319491,-0.330970,0.278978,-0.183886,0.226744
11.4000,-0.283862,-0.306558,0.352812,-0.297484,0.283295,-0.198254,0.219466
11.4167,-0.285859,-0.390786,0.360971,-0.229822,0.291643,-0.224442,0.208216
11.4333,-0.198200,-0.460267,0.320796,-0.239320,0.272739,-0.257256,0.196911
11.4500,-0.239312,-0.447381,0.313421,-0.120636,0.293054,-0.263446,0.180430
11.4667,-0.099564,-0.506424,0.216030,-0.136455,0.258290,-0.307202,0.168761
11.4833,-0.082115,-0.502857,0.202468,-0.098557,0.255066,-0.315289,0.153758
11.5000,-0.036368,-0.537796,0.196002,-0.075214,0.241643,-0.332346,0.143973
11.5167,-0.076817,-0.533105,0.234447,-0.002595,0.253361,-0.330105,0.131259
11.5333,-0.116765,-0.518589,0.279627,0.057318,0.264547,-0.320990,0.122430
11.5500,-0.093661,-0.527733,0.287762,0.085029,0.256251,-0.326795,0.113591
11.5667,-0.063580,-0.541963,0.278410,0.116791,0.245704,-0.339258,0.103435
11.5833,-0.022074,-0.557882,0.262985,0.124481,0.231331,-0.351078,0.096862
11.6000,0.019061,-0.547522,0.213548,0.163342,0.216945,-0.364151,0.085090
11.6167,0.095496,-0.569911,0.137779,0.198770,0.188493,-0.394368,0.077547
11.6333,0.157933,-0.576551,0.096114,0.207309,0.164043,-0.408635,0.071060
11.6500,0.189278,-0.575206,0.105857,0.203061,0.150841,-0.407458,0.064484
11.6667,0.192778,-0.594687,0.175934,0.195069,0.146952,-0.400253,0.059653
11.6833,0.181518,-0.596251,0.208211,0.212536,0.148098,-0.396631,0.054569
11.7000,0.160482,-0.588147,0.248003,0.210116,0.154437,-0.385367,0.051793
11.7167,0.145207,-0.605644,0.280779,0.211834,0.158682,-0.385075,0.053232
11.7333,0.140909,-0.597835,0.254901,0.229102,0.160864,-0.388969,0.053215
11.7500,0.111860,-0.562298,0.253336,0.228897,0.172569,-0.375534,0.051364
11.7667,0.118262,-0.566572,0.271577,0.212803,0.170400,-0.371615,0.052792
11.7833,0.096781,-0.543467,0.259513,0.238317,0.177681,-0.367972,0.048958
11.8000,0.095305,-0.534964,0.262408,0.236650,0.178394,-0.363892,0.048514
11.8167,0.125498,-0.565063,0.285217,0.194395,0.168121,-0.366266,0.053780
11.8333,0.134577,-0.575547,0.271423,0.181928,0.166212,-0.371445,0.056967
11.8500,0.211043,-0.585476,0.155193,0.210101,0.139762,-0.402614,0.058159
11.8667,0.237115,-0.601306,0.137212,0.243938,0.125690,-0.417159,0.052683
11.8833,0.242010,-0.592334,0.090000,0.264762,0.122720,-0.425710,0.052040
11.9000,0.218991,-0.574912,0.094813,0.293200,0.128313,-0.421750,0.045370
11.9167,0.215224,-0.550939,0.074094,0.317260,0.127485,-0.419542,0.040272
11.9333,0.274398,-0.556468,0.041445,0.314235,0.103646,-0.428519,0.040830
11.9500,0.340971,-0.559017,-0.004417,0.318829,0.074728,-0.439925,0.040340
11.9667,0.416125,-0.583615,-0.025407,0.345528,0.038708,-0.456136,0.040553
11.9833,0.457158,-0.552469,-0.085595,0.512802,-0.011313,-0.470455,0.019673
12.0000,0.418162,-0.499825,-0.172206,0.634537,-0.021337,-0.471967,0.001104
12.0167,0.361719,-0.359480,-0.577107,0.759763,-0.044605,-0.470692,-0.013082
12.0333,-0.006302,-0.135799,-1.736941,0.671995,-0.030163,-0.450605,-0.026106
12.0500,-0.097656,-0.175297,-2.033029,0.675801,-0.030530,-0.451220,-0.018574
12.0667,-0.123174,-0.134638,-2.125738,0.633590,-0.035257,-0.429452,-0.021501
12.0833,-0.155835,-0.219416,-2.395478,0.663804,-0.054109,-0.435840,-0.020828
12.1000,-0.119819,-0.243192,-2.501936,0.720490,-0.076386,-0.428158,-0.025310
12.1167,-0.150964,-0.187981,-2.550096,0.666524,-0.072874,-0.401021,-0.033928
12.1333,-0.212166,-0.118388,-2.567045,0.580840,-0.055719,-0.373395,-0.037141
12.1500,-0.371990,0.078946,-2.593890,0.347905,-0.013316,-0.300252,-0.031226
12.1667,-0.490724,0.174203,-2.657061,0.207373,0.012496,-0.260043,-0.014009
12.1833,-0.572561,0.238304,-2.688186,0.119611,0.029861,-0.235807,0.000790
12.2000,-0.611701,0.249410,-2.727833,0.101336,0.037626,-0.225119,0.005454
12.2167,-0.644448,0.278510,-2.709517,0.032097,0.042979,-0.223360,0.018488
12.2333,-0.636860,0.277750,-2.694048,0.026062,0.040770,-0.226697,0.020746
12.2500,-0.614472,0.261747,-2.684146,0.057555,0.037577,-0.231769,0.015493
12.2667,-0.566927,0.232794,-2.651191,0.109974,0.029954,-0.244398,0.007406
12.2833,-0.516788,0.192619,-2.627412,0.188810,0.023354,-0.258060,-0.004925
12.3000,-0.458606,0.122035,-2.613919,0.265008,0.011115,-0.283037,-0.014004
12.3167,-0.376170,0.034146,-2.612594,0.372260,-0.011177,-0.312180,-0.023912
12.3333,-0.290934,-0.051906,-2.618928,0.498092,-0.034451,-0.340010,-0.033458
12.3500,-0.190605,-0.146060,-2.632916,0.687497,-0.057020,-0.368200,-0.045727
12.3667,-0.118585,-0.221651,-2.685379,0.828073,-0.075050,-0.388067,-0.052236
12.3833,-0.062343,-0.295835,-2.764456,0.954532,-0.086727,-0.407688,-0.054579
12.4000,-0.003476,-0.364029,-2.894045,1.066152,-0.101274,-0.423174,-0.053486
12.4167,0.007357,-0.389474,-2.884612,1.070101,-0.106159,-0.436413,-0.048068
12.4333,0.183383,-0.513707,-3.010000,1.488985,-0.115111,-0.467633,-0.043787
12.4500,0.166585,-0.556904,-3.010000,1.490967,-0.106627,-0.489596,-0.040476
12.4667,-0.025121,-0.449773,-2.807429,1.112071,-0.079974,-0.473600,-0.043780
12.4833,-0.022980,-0.442667,-2.750147,1.148158,-0.070458,-0.472059,-0.041265
12.5000,-0.018090,-0.201281,-1.866532,0.872212,-0.032257,-0.446324,-0.036819
12.5167,0.098452,-0.210231,-1.428077,0.835970,-0.028688,-0.459502,-0.024271
12.5333,0.264365,-0.295527,-0.798287,0.744116,-0.015008,-0.468636,-0.009254
12.5500,0.340307,-0.400291,-0.325500,0.586345,0.017870,-0.454637,-0.000715
12.5667,0.325528,-0.458213,-0.127263,0.443276,0.057432,-0.437318,0.012040
12.5833,0.312849,-0.524487,-0.043974,0.377075,0.076583,-0.440978,0.028348
12.6000,0.325666,-0.544739,-0.037326,0.340389,0.077474,-0.443440,0.037277
12.6167,0.338316,-0.567701,-0.014121,0.306819,0.077242,-0.444013,0.043444
12.6333,0.313772,-0.567055,-0.015214,0.359675,0.079943,-0.449177,0.036714
12.6500,0.297396,-0.584331,0.020076,0.403857,0.080802,-0.453225,0.031944
12.6667,0.320068,-0.610921,0.023584,0.429989,0.068040,-0.465012,0.033960
12.6833,0.312999,-0.599994,0.011366,0.463073,0.065310,-0.466691,0.028297
12.7000,0.287203,-0.567445,0.026462,0.474912,0.073434,-0.452948,0.018690
12.7167,0.278581,-0.555918,0.044211,0.483544,0.075543,-0.446051,0.014287
12.7333,0.271146,-0.556565,0.050027,0.473147,0.080628,-0.444075,0.015789
12.7500,0.250841,-0.553695,0.091291,0.441102,0.093589,-0.432145,0.016400
12.7667,0.252733,-0.546618,0.036710,0.451472,0.092854,-0.439876,0.019848
12.7833,0.257251,-0.528763,-0.049354,0.468938,0.088666,-0.449994,0.022159
12.8000,0.312400,-0.564286,-0.050637,0.403094,0.075582,-0.458194,0.036545
12.8167,0.347627,-0.562616,-0.077013,0.328882,0.070904,-0.456027,0.046613
12.8333,0.336436,-0.556598,-0.061933,0.310808,0.077290,-0.449651,0.045469
12.8500,0.317744,-0.570548,-0.033833,0.321188,0.084232,-0.449961,0.044946
12.8667,0.305972,-0.559099,-0.030527,0.335987,0.087012,-0.446540,0.041113
12.8833,0.300706,-0.580969,-0.012977,0.349181,0.088147,-0.452157,0.042634
12.9000,0.319200,-0.551729,-0.060679,0.332247,0.082213,-0.449131,0.043445
12.9167,0.329672,-0.520011,-0.080106,0.299886,0.080833,-0.439105,0.042558
12.9333,0.343342,-0.507343,-0.112165,0.251642,0.080994,-0.436793,0.050172
12.9500,0.400164,-0.506507,-0.159846,0.172901,0.067408,-0.439351,0.065523
12.9667,0.379124,-0.478459,-0.263706,0.171002,0.071149,-0.450615,0.071661
12.9833,0.373475,-0.483635,-0.288152,0.124651,0.078528,-0.452840,0.084461
13.0000,0.325511,-0.529418,-0.169238,0.016753,0.113155,-0.431668,0.101578
13.0167,0.354715,-0.510505,-0.235874,-0.046371,0.106367,-0.432661,0.117404
13.0333,0.344803,-0.527108,-0.217732,-0.141471,0.116675,-0.422796,0.135868
13.0500,0.432290,-0.507941,-0.283007,-0.241685,0.091033,-0.420451,0.153780
13.0667,0.490316,-0.505569,-0.300147,-0.330412,0.075127,-0.413903,0.166576
13.0833,0.601422,-0.536678,-0.281064,-0.456140,0.049941,-0.401789,0.186951
13.1000,0.516537,-0.562985,-0.123442,-0.602386,0.073200,-0.360682,0.198894
13.1167,0.389123,-0.532254,-0.000644,-0.683625,0.100255,-0.323197,0.208620
13.1333,0.140139,-0.416044,0.164402,-0.691989,0.152629,-0.266804,0.215550
13.1500,-0.040337,-0.310835,0.262038,-0.609758,0.199503,-0.223037,0.223103
13.1667,-0.125272,-0.201428,0.271390,-0.488352,0.231909,-0.193445,0.220101
13.1833,-0.189429,-0.084529,0.189478,-0.376732,0.260925,-0.178017,0.219068
13.2000,-0.221785,0.050117,0.096525,-0.298341,0.277157,-0.159826,0.217267
13.2167,-0.237191,0.168521,0.030464,-0.248590,0.284142,-0.139587,0.215417
13.2333,-0.256133,0.217526,-0.020363,-0.211346,0.291045,-0.134183,0.213374
13.2500,-0.242440,0.192720,0.015652,-0.199186,0.289163,-0.133216,0.208056
13.2667,-0.241324,0.177414,0.052764,-0.187426,0.289235,-0.128858,0.205388
13.2833,-0.242889,0.232515,0.018846,-0.177662,0.289546,-0.120086,0.206061
13.3000,-0.228508,0.248900,0.021583,-0.189640,0.285060,-0.116387,0.206274
13.3167,-0.221936,0.234604,0.048356,-0.185392,0.283672,-0.114751,0.203540
13.3333,-0.225067,0.250998,0.017644,-0.171372,0.285773,-0.116009,0.201001
13.3500,-0.223327,0.224430,0.050617,-0.152570,0.286555,-0.115290,0.196192
13.3833,-0.233836,0.216916,0.103105,-0.114749,0.289312,-0.102976,0.192330
13.4333,-0.265081,-0.024411,0.299323,-0.205216,0.285350,-0.131273,0.203637
13.4500,-0.288412,-0.072794,0.340173,-0.230595,0.285961,-0.134937,0.212220
13.4833,-0.300787,-0.130270,0.336087,-0.278527,0.285611,-0.151109,0.223584
13.5000,-0.282361,-0.132967,0.327863,-0.296356,0.280647,-0.154547,0.223453
13.5167,-0.270854,-0.152521,0.321359,-0.310075,0.277939,-0.162098,0.222596
13.5333,-0.268236,-0.204608,0.343389,-0.332384,0.274584,-0.171854,0.223514
13.5500,-0.258083,-0.263243,0.341706,-0.352934,0.271490,-0.188238,0.224683
13.5667,-0.244027,-0.320629,0.349683,-0.369154,0.267088,-0.202442,0.223837
13.5833,-0.214970,-0.404031,0.285760,-0.361863,0.266555,-0.238991,0.223633
13.6000,0.027689,-0.544127,0.163402,-0.391877,0.211491,-0.307662,0.203163
13.6167,-0.105503,-0.486763,0.241616,-0.252462,0.251801,-0.287371,0.178870
13.6333,-0.056552,-0.518430,0.244941,-0.221315,0.240665,-0.299891,0.169753
13.6500,-0.055346,-0.509464,0.227336,-0.165456,0.243549,-0.307053,0.157975
13.6667,-0.072378,-0.506225,0.239067,-0.127418,0.249369,-0.306930,0.152108
13.6833,-0.044565,-0.520303,0.240505,-0.083847,0.241929,-0.316982,0.139688
13.7000,-0.079554,-0.525426,0.273673,0.007766,0.252258,-0.320986,0.124521
13.7167,-0.035899,-0.542961,0.253215,0.038350,0.238774,-0.336308,0.115549
13.7333,0.008885,-0.564865,0.219901,0.085224,0.223667,-0.358387,0.103736
13.7500,0.035224,-0.586441,0.209694,0.137036,0.212268,-0.375862,0.092612
13.7667,0.007108,-0.580990,0.233127,0.175762,0.219468,-0.373691,0.085871
13.7833,0.022960,-0.570406,0.184937,0.198528,0.214719,-0.382378,0.084131
13.8000,0.092451,-0.586441,0.101456,0.209303,0.190225,-0.408028,0.083513
13.8167,0.105998,-0.584539,0.099994,0.223156,0.183248,-0.410710,0.076441
13.8333,0.090820,-0.575515,0.147987,0.232922,0.186558,-0.399447,0.068953
13.8500,0.082838,-0.575417,0.194871,0.233672,0.187750,-0.390282,0.064986
13.8667,0.084736,-0.574463,0.221682,0.224432,0.186389,-0.383727,0.063325
13.8833,0.083243,-0.577892,0.263201,0.208010,0.185728,-0.375083,0.062055
13.9000,0.118448,-0.592057,0.279335,0.180390,0.172737,-0.374693,0.062337
13.9167,0.136733,-0.598474,0.260321,0.193555,0.165469,-0.383079,0.059910
13.9333,0.183990,-0.621877,0.221666,0.198862,0.148624,-0.400595,0.061450
13.9500,0.157820,-0.605135,0.230747,0.203107,0.157441,-0.393432,0.058140
13.9667,0.171774,-0.608027,0.202766,0.220007,0.152325,-0.401976,0.058468
13.9833,0.153689,-0.588084,0.188242,0.241983,0.157994,-0.400164,0.054623
14.0000,0.159426,-0.574429,0.161884,0.251614,0.156045,-0.401510,0.053486
14.0167,0.192359,-0.549915,0.080757,0.264396,0.143791,-0.410742,0.052171
14.0333,0.183080,-0.546592,0.085173,0.275594,0.145785,-0.410184,0.048942
14.0500,0.189223,-0.552660,0.089433,0.271412,0.143769,-0.411130,0.049941
14.0667,0.185405,-0.546832,0.094422,0.266579,0.145545,-0.407521,0.049301
14.0833,0.223784,-0.563309,0.080738,0.252322,0.131977,-0.415209,0.052541
14.1000,0.262447,-0.588669,0.069432,0.261716,0.115329,-0.428359,0.052787
14.1167,0.279993,-0.606306,0.046654,0.276346,0.106972,-0.440936,0.054478
14.1333,0.310614,-0.617326,0.019338,0.276551,0.095139,-0.450327,0.057616
14.1500,0.316307,-0.638758,0.056201,0.282446,0.091132,-0.451932,0.055566
14.1667,0.318142,-0.639010,0.049506,0.288403,0.089787,-0.453930,0.055453
14.1833,0.328906,-0.651004,0.056891,0.332744,0.079332,-0.462270,0.050701
14.2000,0.323554,-0.628675,0.038717,0.360836,0.077007,-0.461150,0.044078
14.2167,0.337386,-0.622975,0.011631,0.379617,0.068847,-0.466151,0.043190
14.2333,0.374704,-0.619777,-0.029567,0.410005,0.048414,-0.475805,0.042205
14.2500,0.426047,-0.619121,-0.084374,0.472049,0.015450,-0.491152,0.040429
14.2667,0.501076,-0.600778,-0.106766,0.472536,-0.019775,-0.488250,0.039159
14.2833,0.539540,-0.573366,-0.131482,0.520594,-0.049726,-0.485881,0.031239
14.3000,0.504477,-0.500857,-0.300012,0.635951,-0.065806,-0.490729,0.017872
14.3167,0.478835,-0.424123,-0.536807,0.749671,-0.093692,-0.491536,0.009308
14.3333,0.252691,-0.198133,-1.404763,0.712657,-0.100924,-0.469663,-0.004863
14.3500,-0.031603,-0.294948,-2.362754,0.761549,-0.103447,-0.466050,-0.017489
14.3667,0.077094,-0.458445,-2.809475,1.095294,-0.134741,-0.472971,-0.020837
14.3833,0.202811,-0.503154,-3.010000,1.295158,-0.165987,-0.462262,-0.026658
14.4000,0.229148,-0.428698,-3.010000,1.378465,-0.161795,-0.446499,-0.045254
14.4167,-0.321000,0.018463,-2.685078,0.316132,-0.054990,-0.313981,-0.033150
14.4333,-0.592518,0.196699,-2.787126,-0.063067,0.006297,-0.245197,0.027039
14.5333,0.273836,-0.615646,-2.137034,3.106419,0.014284,-0.240290,0.071822
14.5500,0.407031,-0.549548,-2.350449,3.084007,0.000265,-0.254292,0.042690
14.5667,-0.703649,0.380000,-2.616328,-0.280644,0.035295,-0.213791,0.043623
14.5833,-0.735523,0.379223,-2.719075,-0.278702,0.036045,-0.211812,0.077609
14.6000,-0.690324,0.358047,-2.694934,-0.187056,0.032121,-0.215744,0.061324
14.6167,-0.595125,0.273531,-2.675070,-0.047969,0.016717,-0.236857,0.035959
14.6333,-0.473098,0.163097,-2.661889,0.170061,-0.003134,-0.264247,0.000614
14.6500,-0.374623,0.087638,-2.637260,0.330412,-0.021520,-0.287961,-0.021516
14.6667,-0.293013,0.025248,-2.632335,0.462375,-0.040372,-0.306042,-0.036462
14.6833,-0.184299,-0.075798,-2.668216,0.635243,-0.071472,-0.333035,-0.047847
14.7000,0.064398,-0.422936,-3.010000,1.179943,-0.116561,-0.434031,-0.045545
14.7167,0.221059,-0.496261,-3.010000,1.454654,-0.140408,-0.469165,-0.036097
14.7333,0.197126,-0.501264,-3.010000,1.469904,-0.127021,-0.470506,-0.046426
14.7500,0.164069,-0.543051,-3.010000,1.490376,-0.105651,-0.484324,-0.044407
14.7667,0.145320,-0.557434,-3.010000,1.495355,-0.093954,-0.491866,-0.041942
14.7833,0.142567,-0.595206,-3.010000,1.504987,-0.089230,-0.510433,-0.030863
14.8000,0.158562,-0.634692,-3.010000,1.541627,-0.093727,-0.523933,-0.020419
14.8167,0.247129,-0.559564,-3.010000,1.771963,-0.077145,-0.510932,-0.014625
14.8333,0.321959,-0.543956,-3.010000,2.225167,-0.015679,-0.489944,-0.000459
14.8500,0.332611,-0.658611,-2.976797,2.411961,0.012473,-0.483507,0.014604
14.8667,0.352723,-0.707921,-2.926074,2.514014,0.021013,-0.482771,0.030069
14.8833,0.335192,-0.716499,-2.902352,2.563402,0.035493,-0.476096,0.033181
14.9000,0.331368,-0.723872,-2.876630,2.588193,0.039900,-0.471423,0.035043
14.9167,0.346824,-0.743568,-2.877355,2.611664,0.037805,-0.475285,0.041940
14.9333,0.355980,-0.756281,-2.835953,2.658206,0.037766,-0.466876,0.044308
14.9500,0.330933,-0.740564,-2.811336,2.676025,0.047970,-0.454981,0.039740
14.9667,0.302440,-0.716669,-2.824371,2.664503,0.059289,-0.449793,0.035830
14.9833,0.270346,-0.710074,-2.791673,2.689220,0.073964,-0.438141,0.035695
15.0000,0.216149,-0.701821,-2.752874,2.703333,0.095880,-0.426093,0.035337
15.0167,0.163776,-0.773124,-2.575645,2.772340,0.108079,-0.413988,0.044688
15.0333,0.135939,-0.778953,-2.533426,2.775644,0.115286,-0.409278,0.045274
15.0500,0.174380,-0.772680,-2.599066,2.739060,0.104160,-0.422694,0.044593
15.0667,0.146443,-0.758820,-2.596171,2.714677,0.112829,-0.421121,0.039672
15.0833,0.157788,-0.783902,-2.598563,2.698847,0.107422,-0.433523,0.043535
15.1000,0.145095,-0.806960,-2.560165,2.719691,0.110478,-0.433187,0.047217
15.1167,0.119811,-0.769027,-2.600681,2.688867,0.122773,-0.429281,0.042482
15.1333,0.103098,-0.731103,-2.642211,2.682692,0.133736,-0.420994,0.040670
15.1500,0.173707,-0.742435,-2.702165,2.707871,0.112505,-0.430801,0.046927
15.1667,0.267018,-0.769793,-2.775619,2.753048,0.085280,-0.445854,0.058025
15.1833,0.282171,-0.780217,-2.866893,2.784640,0.090021,-0.458796,0.071095
15.2000,0.343896,-0.792556,-2.928803,2.888680,0.082452,-0.456447,0.090672
15.2167,0.380247,-0.773766,-2.996883,2.924373,0.075394,-0.457051,0.096420
15.2333,0.387422,-0.735770,-3.010000,3.007956,0.081642,-0.442572,0.105391
15.2500,0.431535,-0.720337,-3.010000,3.108321,0.077482,-0.437497,0.125339
15.2667,0.543388,-0.694247,-3.010000,3.177558,0.046884,-0.444932,0.143508
15.2833,0.616644,-0.685310,-3.010000,3.180000,0.027753,-0.443223,0.158126
15.3000,0.503667,-0.771072,-3.010000,3.180000,0.068281,-0.403238,0.171649
15.3167,0.332295,-0.778823,-2.963934,3.180000,0.108032,-0.355592,0.193207
15.3333,0.368551,-0.714355,-3.002548,3.180000,0.096161,-0.329548,0.217004
15.3500,0.281383,-0.668811,-2.948794,3.180000,0.107031,-0.305803,0.223200
15.3667,-0.010568,-0.567989,-2.805962,3.180000,0.170333,-0.265048,0.223237
15.3833,-0.203874,-0.430358,-2.737796,3.180000,0.229397,-0.223662,0.224025
15.4167,-0.101644,-0.322704,-2.786729,3.180000,0.215632,-0.210898,0.205568
15.4333,-0.007458,-0.282228,-2.975343,3.180000,0.198865,-0.238916,0.206292
15.4500,-0.161335,-0.224631,-2.880234,3.180000,0.236054,-0.203228,0.211074
15.4667,-0.250213,-0.089088,-2.879980,3.180000,0.261993,-0.163128,0.220393
15.4833,-0.343469,-0.091817,-2.835330,3.180000,0.287094,-0.148536,0.226865
15.5000,-0.412817,-0.130993,-2.764274,3.180000,0.302933,-0.140828,0.231166
15.5167,-0.427337,-0.215552,-2.702230,3.180000,0.302635,-0.152848,0.232342
15.5333,-0.344639,-0.202635,-2.790868,3.180000,0.284086,-0.169455,0.232183
15.5500,-0.310917,-0.181597,-2.880896,3.180000,0.279101,-0.183290,0.233567
15.5667,-0.252033,-0.053311,-2.994215,3.180000,0.269759,-0.175556,0.224910
15.5833,-0.107859,0.146033,-3.010000,3.180000,0.236796,-0.174712,0.201547
15.6000,-0.210818,0.139213,-3.010000,3.180000,0.264372,-0.172817,0.207124
15.6167,-0.127609,0.182368,-3.010000,3.180000,0.240366,-0.182345,0.200225
15.6333,-0.040371,0.084229,-3.010000,3.180000,0.218608,-0.198032,0.190479
15.6500,-0.047357,0.004770,-3.010000,3.180000,0.221296,-0.187077,0.185684
15.6667,-0.161622,-0.169669,-2.820840,3.180000,0.244848,-0.179890,0.184912
15.7167,-0.388670,-0.235717,-2.650794,3.180000,0.298761,-0.156547,0.197619
15.7333,-0.414510,-0.303431,-2.622805,3.180000,0.299087,-0.167732,0.215827
15.7500,-0.447437,-0.320672,-2.612813,3.180000,0.301499,-0.167506,0.229876
15.7667,-0.446412,-0.332161,-2.579103,3.180000,0.293185,-0.163637,0.233910
15.7833,-0.405432,-0.345635,-2.583940,3.180000,0.279588,-0.169182,0.232791
15.8000,-0.378188,-0.425530,-2.590027,3.180000,0.273711,-0.194036,0.230729
15.8167,-0.368881,-0.468565,-2.538322,3.180000,0.271848,-0.201346,0.217148
15.8333,-0.310811,-0.557399,-2.575192,3.180000,0.266695,-0.238872,0.206382
15.8500,-0.289517,-0.599159,-2.567170,3.180000,0.267418,-0.257926,0.190508
15.8667,-0.300806,-0.589222,-2.548802,3.180000,0.273517,-0.257427,0.179653
15.8833,-0.315662,-0.589595,-2.533918,3.153662,0.279969,-0.259808,0.172856
15.9000,-0.249079,-0.626307,-2.541073,3.142740,0.262607,-0.278257,0.159893
15.9167,-0.104271,-0.697979,-2.619806,3.148138,0.226533,-0.320421,0.146882
15.9333,-0.009758,-0.738848,-2.669700,3.099235,0.201661,-0.353262,0.129275
15.9500,-0.034881,-0.732021,-2.646308,3.018515,0.207342,-0.359889,0.112797
15.9667,-0.114395,-0.702268,-2.575978,2.926904,0.227645,-0.350390,0.099100
15.9833,-0.146600,-0.681936,-2.498719,2.882166,0.230640,-0.337557,0.087791
16.0000,-0.130984,-0.702114,-2.496411,2.829108,0.223519,-0.354332,0.080235
16.0167,-0.049658,-0.726052,-2.562385,2.837728,0.199811,-0.374313,0.079051
16.0333,0.061266,-0.749464,-2.641156,2.870195,0.166526,-0.392981,0.078941
16.0500,0.096634,-0.753195,-2.674705,2.866869,0.155409,-0.401673,0.075371
16.0667,0.092670,-0.765946,-2.660038,2.842127,0.153641,-0.408280,0.071987
16.0833,0.069715,-0.762826,-2.621689,2.845173,0.158756,-0.400556,0.070014
16.1000,0.040819,-0.759219,-2.579905,2.833909,0.164972,-0.394419,0.067076
16.1167,-0.006689,-0.731918,-2.533571,2.826126,0.178206,-0.377757,0.062947
16.1333,-0.022476,-0.717833,-2.504604,2.835617,0.181678,-0.366125,0.062365
16.1500,-0.018879,-0.708517,-2.492918,2.846816,0.179311,-0.359227,0.061198
16.1667,-0.022415,-0.695502,-2.485711,2.839687,0.179495,-0.354488,0.057769
16.1833,-0.025320,-0.670562,-2.510663,2.794592,0.181812,-0.355686,0.050675
16.2000,-0.004865,-0.688321,-2.511090,2.784886,0.172974,-0.364940,0.049323
16.2167,0.018368,-0.695018,-2.518334,2.785853,0.164216,-0.369308,0.047595
16.2333,0.047323,-0.703788,-2.545803,2.788925,0.155654,-0.376984,0.048087
16.2500,0.083889,-0.699359,-2.583629,2.780585,0.144139,-0.383277,0.045173
16.2667,0.092658,-0.703030,-2.596833,2.771994,0.141086,-0.388470,0.043975
16.2833,0.082747,-0.727638,-2.561439,2.768647,0.140905,-0.393160,0.044952
16.3000,0.086839,-0.735373,-2.563090,2.773932,0.139903,-0.395450,0.047040
16.3167,0.094453,-0.743214,-2.559641,2.784297,0.137095,-0.396348,0.048534
16.3333,0.116711,-0.750050,-2.540273,2.813047,0.127482,-0.391920,0.049046
16.3500,0.113613,-0.751025,-2.529666,2.829791,0.128349,-0.388097,0.049825
16.3667,0.129440,-0.751692,-2.556017,2.811972,0.123939,-0.395346,0.049033
16.3833,0.103047,-0.749420,-2.546836,2.799489,0.132668,-0.394890,0.048021
16.4000,0.120485,-0.741458,-2.587433,2.768179,0.128105,-0.403089,0.046066
16.4167,0.132237,-0.737869,-2.601866,2.739184,0.122143,-0.409086,0.041794
16.4333,0.180280,-0.736003,-2.637929,2.718239,0.103508,-0.418034,0.038596
16.4500,0.262424,-0.754585,-2.660457,2.676504,0.065553,-0.436559,0.034679
16.4667,0.336639,-0.756340,-2.650040,2.569457,0.016047,-0.454370,0.022223
16.4833,0.402469,-0.732826,-2.725824,2.415274,-0.033356,-0.478974,0.014809
16.5000,0.381656,-0.676610,-2.760089,2.188955,-0.066690,-0.490927,-0.004941
16.5167,0.317893,-0.436114,-3.010000,1.888163,-0.088807,-0.483123,-0.017632
16.5333,0.012644,-0.418400,-2.485030,0.997272,-0.105133,-0.491784,-0.023368
16.5500,0.138695,-0.580001,-3.010000,1.299929,-0.129424,-0.505802,-0.013197
16.5667,0.229931,-0.519514,-3.010000,1.388479,-0.156586,-0.490074,-0.020456
16.5833,-0.125425,-0.154651,-2.616117,0.654965,-0.096227,-0.379027,-0.047546
16.6000,-0.378206,0.120975,-2.621141,0.161794,-0.037704,-0.291399,-0.004929
16.7667,-0.600025,0.290135,-2.636563,-0.029858,0.029689,-0.239275,0.023048
16.7833,-0.438213,0.166098,-2.585554,0.239614,0.000057,-0.271243,-0.008469
16.8000,-0.305052,0.030969,-2.585621,0.474000,-0.027982,-0.310153,-0.036350
16.8167,-0.174161,-0.136176,-2.634056,0.677542,-0.067155,-0.363482,-0.043833
16.8333,-0.116955,-0.239360,-2.603855,0.775893,-0.078631,-0.409780,-0.038157
16.8500,-0.068961,-0.375784,-2.674742,0.976796,-0.075031,-0.454741,-0.036868
16.8667,-0.050637,-0.451377,-2.785384,1.124483,-0.061674,-0.474769,-0.039535
16.8833,0.029905,-0.536634,-3.010000,1.408652,-0.048773,-0.490677,-0.043361
16.9000,-0.080999,-0.459430,-2.650680,1.174111,-0.031396,-0.487065,-0.041581
16.9167,-0.105561,-0.396776,-2.365679,1.059485,-0.021569,-0.486114,-0.032927
16.9333,-0.002105,-0.182034,-1.637651,0.767445,-0.009227,-0.457275,-0.018731
16.9500,0.190583,-0.204993,-1.050210,0.728755,-0.011032,-0.452401,-0.015125
16.9667,0.238185,-0.270987,-0.866586,0.756243,-0.013413,-0.464476,-0.016599
16.9833,0.305378,-0.345420,-0.652018,0.819958,-0.032694,-0.470279,-0.018674
17.0000,0.272620,-0.315617,-0.812146,0.796242,-0.029818,-0.475786,-0.015605
17.0167,0.293082,-0.319104,-0.808780,0.761298,-0.033577,-0.479261,-0.007941
17.0333,0.309100,-0.314643,-0.743454,0.677154,-0.021269,-0.475862,-0.000935
17.0500,0.354535,-0.338830,-0.669227,0.640349,-0.027944,-0.478269,0.006763
17.0667,0.353504,-0.386795,-0.646906,0.673125,-0.029006,-0.494214,0.011401
17.0833,0.368606,-0.454529,-0.483792,0.639120,-0.012701,-0.500473,0.019638
17.1000,0.392030,-0.525607,-0.305724,0.591525,-0.000893,-0.500849,0.026745
17.1167,0.384953,-0.563491,-0.217165,0.629373,-0.000489,-0.503683,0.022648
17.1333,0.376308,-0.642123,-0.024487,0.591589,0.015541,-0.501626,0.026482
17.1500,0.362059,-0.588246,-0.051432,0.576610,0.022579,-0.483729,0.017292
17.1667,0.384907,-0.583016,-0.069143,0.545243,0.018111,-0.481899,0.021668
17.1833,0.366956,-0.576721,-0.048796,0.530503,0.027972,-0.475264,0.018630
17.2000,0.304404,-0.548905,-0.009671,0.519863,0.057068,-0.456894,0.010395
17.2167,0.255207,-0.543048,0.048818,0.485684,0.085064,-0.440434,0.011213
17.2333,0.211248,-0.540686,0.103388,0.454340,0.109047,-0.425587,0.013787
17.2500,0.184522,-0.544071,0.105119,0.448296,0.122635,-0.424895,0.018820
17.2667,0.176191,-0.562508,0.111073,0.437031,0.128412,-0.429240,0.025232
17.2833,0.174684,-0.579016,0.106109,0.416744,0.132415,-0.433887,0.032638
17.3000,0.166193,-0.599993,0.109824,0.397903,0.138882,-0.438530,0.040393
17.3167,0.152973,-0.603260,0.116038,0.393911,0.145044,-0.437711,0.042639
17.3333,0.071749,-0.591406,0.190883,0.352456,0.181245,-0.412251,0.048373
17.3500,0.029761,-0.580466,0.223768,0.296110,0.202861,-0.392478,0.060857
17.3667,-0.000770,-0.542118,0.207793,0.221075,0.221283,-0.370107,0.076071
17.3833,-0.014208,-0.507862,0.203462,0.210730,0.227444,-0.356506,0.076636
17.4000,-0.045863,-0.477354,0.182818,0.199273,0.240988,-0.346480,0.083249
17.4167,-0.050696,-0.468911,0.169434,0.188535,0.243932,-0.344405,0.087567
17.4333,-0.050122,-0.468782,0.168460,0.185091,0.243917,-0.344188,0.088337
17.4500,-0.067941,-0.456848,0.206791,0.182604,0.249084,-0.331063,0.086853
17.4667,-0.087916,-0.457686,0.219682,0.198042,0.255372,-0.329160,0.087465
17.4833,-0.071449,-0.477081,0.203066,0.189850,0.250361,-0.339275,0.090583
17.5000,-0.064437,-0.478425,0.189130,0.180856,0.248634,-0.342049,0.091982
17.5167,-0.040639,-0.475314,0.162250,0.161883,0.241611,-0.345553,0.093068
17.5333,-0.025872,-0.455085,0.128944,0.143889,0.237883,-0.344326,0.093580
17.5500,-0.038589,-0.439609,0.125034,0.143786,0.242564,-0.339249,0.093869
17.5667,-0.028014,-0.424927,0.104483,0.114736,0.240301,-0.336015,0.098207
17.5833,0.007184,-0.428070,0.055462,0.085872,0.229471,-0.346482,0.102141
17.6000,0.040847,-0.445593,0.020975,0.066216,0.218291,-0.359546,0.104659
17.6167,0.096163,-0.486665,0.001374,0.031093,0.200003,-0.375760,0.109608
17.6333,0.142092,-0.506884,-0.012977,-0.007078,0.185123,-0.383036,0.113172
17.6500,0.175268,-0.544367,-0.002102,-0.042199,0.174927,-0.389324,0.118743
17.6667,0.190369,-0.521275,-0.003455,-0.106017,0.171243,-0.376649,0.124464
17.6833,0.219463,-0.524553,-0.058798,-0.141213,0.162771,-0.385737,0.134234
17.7000,0.233317,-0.546470,-0.030880,-0.182606,0.159136,-0.381779,0.139635
17.7167,0.202952,-0.584762,0.049521,-0.257976,0.168338,-0.365540,0.153515
17.7333,0.245421,-0.585279,-0.021424,-0.293553,0.157432,-0.375671,0.165136
17.7500,0.365276,-0.547689,-0.185816,-0.349820,0.120734,-0.395010,0.176872
17.7667,0.521707,-0.525820,-0.255745,-0.432434,0.073537,-0.396723,0.183894
17.7833,0.652516,-0.475985,-0.326650,-0.522614,0.033127,-0.390441,0.194669
17.8000,0.703200,-0.343968,-0.441133,-0.556503,0.004526,-0.382556,0.193828
17.8167,0.653791,-0.062359,-0.839460,-0.557274,-0.042598,-0.384050,0.195824
17.8333,0.738257,-0.201341,-0.584039,-0.687527,-0.018469,-0.363432,0.216817
17.8500,0.375534,-0.369418,-0.023911,-0.805510,0.086348,-0.291367,0.216216
17.8833,0.422388,0.037868,-0.203558,-0.683730,0.088301,-0.255318,0.185508
17.9667,-0.117595,0.380000,-0.720607,-0.632898,0.168300,-0.215879,0.197556
18.1833,-0.333365,-0.386300,0.356411,-0.439590,0.276653,-0.212654,0.249806
18.2000,-0.383894,-0.370838,0.381225,-0.406957,0.287169,-0.198772,0.263719
18.2167,-0.400156,-0.381996,0.376786,-0.396536,0.291697,-0.201344,0.268405
18.2333,-0.312793,-0.438374,0.346077,-0.479892,0.266433,-0.222592,0.266907
18.2500,-0.014613,-0.555347,0.265312,-0.617657,0.194571,-0.269616,0.245267
18.2667,0.038499,-0.574605,0.241104,-0.558833,0.190691,-0.287226,0.220176
18.2833,0.226099,-0.631264,0.112870,-0.535021,0.153843,-0.329576,0.208514
18.3000,0.365388,-0.653230,-0.048496,-0.450518,0.124546,-0.377283,0.194970
18.3167,0.431334,-0.662479,-0.165441,-0.334619,0.105238,-0.418251,0.182089
18.3333,0.393472,-0.682420,-0.133830,-0.264853,0.113772,-0.426839,0.169832
18.3500,0.226153,-0.700984,0.033662,-0.217034,0.161367,-0.403460,0.158843
18.3667,-0.029382,-0.665055,0.275319,-0.096843,0.232143,-0.355757,0.142991
18.3833,-0.116640,-0.608999,0.384702,0.006341,0.256455,-0.325851,0.127991
18.4000,-0.029347,-0.649078,0.341076,-0.007724,0.231002,-0.348145,0.127317
18.4167,0.040151,-0.675175,0.314071,-0.009635,0.209129,-0.364881,0.119769
18.4333,0.089880,-0.697767,0.291383,-0.011436,0.193329,-0.378213,0.116453
18.4500,0.092845,-0.683784,0.281385,-0.002444,0.192270,-0.377643,0.111883
18.4667,0.033398,-0.661133,0.351821,0.078941,0.205354,-0.367703,0.094045
18.4833,-0.008093,-0.648892,0.392745,0.146937,0.215252,-0.364101,0.084333
18.5000,-0.049292,-0.611758,0.439636,0.174279,0.225873,-0.344597,0.077112
18.5167,-0.000511,-0.616433,0.392832,0.157438,0.212433,-0.353624,0.079288
18.5333,0.003586,-0.610740,0.371663,0.171719,0.211780,-0.357987,0.076209
18.5500,0.004800,-0.610532,0.354507,0.186616,0.211955,-0.363136,0.075365
18.5667,-0.007852,-0.629278,0.386159,0.199207,0.213589,-0.365741,0.074268
18.5833,-0.027117,-0.629853,0.409871,0.199594,0.219034,-0.360964,0.075157
18.6000,-0.047571,-0.613571,0.422118,0.201074,0.225884,-0.351984,0.075343
18.6167,-0.052095,-0.609060,0.406492,0.214399,0.228527,-0.354455,0.075934
18.6333,-0.046468,-0.633646,0.422703,0.202705,0.225409,-0.359320,0.078598
18.6500,-0.064006,-0.624217,0.422972,0.211226,0.231748,-0.356236,0.078849
18.6667,-0.089154,-0.614288,0.438083,0.218727,0.239815,-0.349737,0.079654
18.6833,-0.094284,-0.617883,0.433710,0.232924,0.241688,-0.353385,0.080248
18.7000,-0.100797,-0.623533,0.441569,0.246547,0.242941,-0.355900,0.079281
18.7167,-0.077759,-0.644656,0.408826,0.257786,0.236282,-0.371902,0.080761
18.7333,-0.078714,-0.646381,0.403958,0.257229,0.237002,-0.373454,0.081131
18.7500,-0.065991,-0.652923,0.377916,0.252302,0.234382,-0.379961,0.084064
18.7667,-0.048838,-0.653168,0.362439,0.235448,0.229781,-0.381045,0.085158
18.7833,-0.029503,-0.654812,0.353011,0.222708,0.223657,-0.382403,0.084587
18.8000,-0.022362,-0.651123,0.362356,0.212752,0.220620,-0.378577,0.082378
18.8167,-0.014309,-0.648229,0.362608,0.214260,0.217390,-0.378160,0.079953
18.8333,-0.004757,-0.648917,0.353773,0.221519,0.213949,-0.381486,0.078102
18.8500,0.008684,-0.651605,0.350582,0.231414,0.208318,-0.385179,0.074752
18.8667,0.001760,-0.644210,0.359897,0.241198,0.209624,-0.382249,0.071405
18.8833,0.011394,-0.653132,0.356910,0.255338,0.205194,-0.388450,0.069738
18.9000,0.026576,-0.658919,0.339396,0.270026,0.199425,-0.396397,0.067959
18.9167,0.040327,-0.666587,0.350756,0.274044,0.192617,-0.398663,0.064621
18.9333,0.051990,-0.671808,0.332797,0.293855,0.187654,-0.407063,0.062758
18.9500,0.065057,-0.688147,0.351513,0.307826,0.179635,-0.412771,0.059231
18.9667,0.078822,-0.685632,0.354217,0.314890,0.172971,-0.413107,0.055100
18.9833,0.071949,-0.678629,0.345951,0.359599,0.172152,-0.418611,0.048972
19.0000,0.087490,-0.648191,0.322720,0.375877,0.165486,-0.413871,0.041545
19.0167,0.158414,-0.661895,0.297771,0.366357,0.137854,-0.423991,0.039938
19.0333,0.230467,-0.641341,0.220888,0.368488,0.110476,-0.431862,0.035655
19.0500,0.283790,-0.600914,0.155612,0.375774,0.087781,-0.430920,0.027754
19.0667,0.326558,-0.544093,0.056858,0.417670,0.063817,-0.433043,0.017509
19.0833,0.342277,-0.473058,-0.075424,0.478841,0.045277,-0.435420,0.006207
19.1000,0.306025,-0.324333,-0.483566,0.638818,0.011792,-0.447126,-0.012879
19.1167,0.028554,-0.192974,-1.838112,0.867464,-0.055898,-0.445941,-0.043942
19.1333,-0.006051,-0.273582,-2.228640,0.988862,-0.071759,-0.444656,-0.046856
19.1500,-0.022317,-0.332966,-2.569706,1.029190,-0.084322,-0.441493,-0.048990
19.1667,0.184045,-0.476668,-3.010000,1.468157,-0.118887,-0.458532,-0.047285
19.1833,0.258625,-0.513737,-3.010000,1.491280,-0.155867,-0.463543,-0.038044
19.2000,-0.157214,-0.107988,-2.574721,0.591439,-0.085610,-0.368972,-0.047258
19.2167,-0.468877,0.217986,-2.588278,0.031480,-0.008827,-0.270219,0.010888
19.2333,-0.590445,0.301917,-2.644072,-0.041478,0.021995,-0.233934,0.027686
19.2667,-0.721972,0.380000,-2.731717,-0.145963,0.042780,-0.194850,0.048828
19.3000,-0.726972,0.380000,-2.695147,-0.126783,0.049318,-0.193844,0.050120
19.3167,-0.745669,0.380000,-2.599192,-0.222156,0.055575,-0.183832,0.070950
19.3333,-0.716599,0.380000,-2.637315,-0.256000,0.040709,-0.209888,0.075464
19.3500,-0.589808,0.358425,-2.516831,-0.148033,0.026139,-0.242012,0.057109
19.3667,-0.551211,0.380000,-2.193063,-0.055843,0.077761,-0.204138,0.042677
19.3833,-0.430599,0.380000,-2.009644,0.161811,0.089473,-0.254273,0.009903
19.4000,-0.303359,0.146976,-2.007601,0.384611,0.053847,-0.338900,-0.014546
19.4167,-0.240696,-0.030237,-2.075776,0.519458,0.021959,-0.398478,-0.017895
19.4333,-0.214736,-0.035463,-2.042867,0.505079,0.013742,-0.405489,-0.014506
19.4500,-0.143834,-0.074413,-1.952411,0.512795,-0.004420,-0.428138,-0.003492
19.4667,-0.082461,-0.164030,-1.891126,0.553379,-0.021385,-0.466256,0.011817
19.4833,0.178904,-0.237550,-1.167643,0.604604,-0.010636,-0.485969,0.023730
19.5000,0.374448,-0.405146,-0.316635,0.374146,0.040121,-0.448168,0.032607
19.5167,0.349037,-0.477754,-0.146166,0.340291,0.063231,-0.441209,0.031763
19.5333,0.350519,-0.462530,-0.104304,0.290382,0.070454,-0.423511,0.033061
19.5500,0.356387,-0.466647,-0.070968,0.255289,0.073117,-0.415577,0.035754
19.5667,0.349784,-0.480430,-0.023261,0.233912,0.078842,-0.408967,0.036899
19.5833,0.337434,-0.512000,0.041832,0.229671,0.084382,-0.406339,0.037254
19.6000,0.337820,-0.498191,0.032939,0.222463,0.085296,-0.402379,0.037416
19.6167,0.342953,-0.475405,0.004317,0.220279,0.083401,-0.400064,0.036499
19.6333,0.344804,-0.458332,-0.038215,0.238489,0.080183,-0.404367,0.034591
19.6500,0.364998,-0.440716,-0.078631,0.237558,0.071259,-0.406558,0.034699
19.6667,0.367101,-0.425265,-0.114110,0.267310,0.065110,-0.410702,0.029880
19.6833,0.367173,-0.419379,-0.114631,0.254859,0.066563,-0.407908,0.030753
19.7000,0.341937,-0.414408,-0.105898,0.255013,0.077290,-0.404141,0.030004
19.7167,0.333308,-0.411082,-0.081440,0.220280,0.086107,-0.395140,0.034162
19.7333,0.323780,-0.412721,-0.059087,0.206111,0.092194,-0.389802,0.035606
19.7500,0.308834,-0.406651,-0.057823,0.210205,0.098030,-0.387379,0.035054
19.7667,0.309083,-0.438653,-0.051842,0.237361,0.095513,-0.399425,0.035536
19.7833,0.312780,-0.490692,-0.012812,0.236463,0.095119,-0.409738,0.040696
19.8000,0.297079,-0.476585,-0.048313,0.252230,0.099673,-0.412986,0.040267
19.8167,0.324566,-0.523889,0.011196,0.214290,0.093706,-0.414264,0.047457
19.8333,0.358768,-0.466681,-0.112753,0.190260,0.081278,-0.417963,0.051956
19.8500,0.380173,-0.443350,-0.197989,0.152104,0.074305,-0.424908,0.061270
19.8667,0.371611,-0.436448,-0.200212,0.124023,0.080261,-0.421117,0.064723
19.8833,0.343338,-0.392727,-0.302413,0.139575,0.084065,-0.428251,0.066308
19.9000,0.311741,-0.452273,-0.186285,0.085699,0.109337,-0.418874,0.077726
19.9167,0.299748,-0.508311,-0.115255,0.033850,0.122319,-0.415595,0.091869
19.9333,0.341044,-0.499560,-0.185265,-0.034196,0.111615,-0.420584,0.108545
19.9500,0.479951,-0.533005,-0.279407,-0.238120,0.077583,-0.426263,0.154925
19.9667,0.542036,-0.613618,-0.194178,-0.344404,0.067975,-0.415541,0.169590
19.9833,0.388794,-0.619237,-0.015617,-0.492262,0.109496,-0.363478,0.182252
20.0000,0.075255,-0.553146,0.237966,-0.576154,0.175714,-0.287204,0.203498
20.0167,-0.168558,-0.424111,0.248219,-0.496274,0.241549,-0.248598,0.232153
20.0333,-0.223331,-0.348616,0.295959,-0.521727,0.246970,-0.216101,0.249122
20.0500,-0.263648,-0.298269,0.342741,-0.492448,0.255006,-0.193617,0.250019
20.0667,-0.269625,-0.254014,0.351281,-0.446817,0.260947,-0.181265,0.244115
20.0833,-0.257952,-0.111426,0.339522,-0.379833,0.264792,-0.148222,0.233459
20.1000,-0.071319,-0.044487,0.258775,-0.438579,0.225712,-0.158978,0.212114
20.1167,0.194040,0.203850,-0.130111,-0.551833,0.161915,-0.198636,0.190923
20.1333,-0.000444,0.116121,-0.005832,-0.519744,0.207609,-0.186421,0.204426
20.1500,-0.172371,0.043435,0.003611,-0.494434,0.246722,-0.190060,0.237290
20.1667,-0.321053,0.068448,0.002149,-0.401307,0.285382,-0.172180,0.259579
20.1833,-0.385029,0.063103,0.029198,-0.340365,0.303156,-0.160412,0.269730
20.2000,-0.405360,0.024829,0.086571,-0.307368,0.309684,-0.154949,0.270448
20.2167,-0.290099,0.079102,0.052288,-0.367251,0.282049,-0.157543,0.254499
20.2333,-0.291119,0.024689,0.093430,-0.356952,0.284299,-0.163073,0.247524
20.2500,-0.277178,-0.005887,0.138098,-0.344658,0.282245,-0.161837,0.240769
20.2667,-0.095860,0.075602,0.035865,-0.423589,0.239499,-0.175950,0.218582
20.2833,0.070197,0.291611,-0.220081,-0.496321,0.191412,-0.190323,0.194124
20.3000,0.088857,0.380000,-0.545666,-0.529909,0.156579,-0.190525,0.175993
20.3167,-0.615092,0.380000,-1.735229,-0.670415,0.135364,-0.215025,0.173787
20.3333,-0.945865,0.380000,-2.366824,-0.730239,0.116053,-0.252089,0.192792
20.3500,-0.789862,0.179281,-2.380622,-0.669590,0.068268,-0.310938,0.195431
20.3667,-0.964274,0.380000,-2.278017,-0.742076,0.128382,-0.247312,0.208243
20.3833,0.173651,0.092051,-0.240099,-0.560744,0.148172,-0.236783,0.216997
20.4000,0.013461,-0.304905,0.136090,-0.511965,0.203487,-0.252604,0.200888
20.4167,-0.130339,-0.344208,0.216272,-0.469271,0.238623,-0.239087,0.220753
20.4333,-0.187567,-0.336324,0.257023,-0.465513,0.249561,-0.225005,0.233160
20.4500,-0.211148,-0.331119,0.271325,-0.451790,0.255284,-0.219657,0.236325
20.4667,-0.239455,-0.370261,0.264680,-0.392000,0.269187,-0.231556,0.234115
20.4833,-0.264338,-0.409911,0.272742,-0.301930,0.284823,-0.244068,0.225084
20.5000,-0.271677,-0.419803,0.292498,-0.208232,0.295038,-0.249105,0.208346
20.5167,-0.263553,-0.441264,0.295742,-0.149294,0.298048,-0.260202,0.196146
20.5333,-0.258173,-0.451755,0.297613,-0.088519,0.301029,-0.269063,0.183137
20.5500,-0.266359,-0.431650,0.313094,-0.038076,0.305421,-0.263772,0.171788
20.5667,-0.165779,-0.472226,0.276003,-0.066966,0.277479,-0.287944,0.160442
20.5833,-0.029066,-0.526948,0.197473,-0.093249,0.239183,-0.326263,0.147558
20.6000,0.127343,-0.566089,0.096993,-0.072328,0.191821,-0.368529,0.128839
20.6167,0.192462,-0.576472,0.038254,-0.002539,0.167170,-0.395566,0.110200
20.6333,0.149031,-0.588339,0.092887,0.047222,0.178048,-0.393807,0.099830
20.6500,0.086022,-0.570361,0.155768,0.087232,0.197062,-0.378134,0.092507
20.6667,0.136176,-0.594213,0.159966,0.087497,0.179112,-0.386330,0.090582
20.6833,0.136720,-0.622217,0.236844,0.099840,0.173648,-0.383099,0.081769
20.7000,0.160293,-0.626946,0.228909,0.101652,0.165159,-0.387011,0.080305
20.7167,0.167492,-0.616693,0.231933,0.094681,0.162269,-0.382644,0.077742
20.7333,0.207601,-0.605511,0.214108,0.088476,0.148200,-0.382838,0.074189
20.7500,0.197381,-0.577876,0.225184,0.105299,0.149318,-0.373925,0.065465
20.7667,0.172575,-0.577437,0.276947,0.109747,0.155220,-0.363688,0.061970
20.7833,0.151207,-0.581679,0.317634,0.110784,0.160697,-0.356690,0.061322
20.8000,0.146871,-0.590330,0.347073,0.125274,0.159251,-0.355815,0.058032
20.8167,0.151933,-0.604211,0.393184,0.121331,0.153339,-0.351929,0.055108
20.8333,0.149424,-0.612984,0.395258,0.146461,0.152437,-0.358043,0.052116
20.8500,0.142446,-0.595604,0.398986,0.169415,0.153151,-0.354119,0.046384
20.8667,0.139129,-0.601802,0.375866,0.198192,0.154628,-0.364273,0.045690
20.8833,0.146737,-0.608256,0.360517,0.209190,0.152086,-0.371101,0.045765
20.9000,0.181494,-0.624727,0.329490,0.217441,0.139824,-0.384745,0.046527
20.9167,0.181384,-0.611753,0.310870,0.237006,0.139015,-0.386452,0.042288
20.9333,0.196442,-0.603791,0.288833,0.233814,0.134675,-0.387521,0.042354
20.9500,0.199443,-0.581749,0.262153,0.234811,0.134812,-0.384824,0.040657
20.9667,0.218022,-0.569551,0.248116,0.207827,0.130531,-0.380159,0.042568
20.9833,0.238875,-0.569703,0.234114,0.197848,0.123594,-0.382273,0.043193
21.0000,0.226216,-0.536472,0.238116,0.184131,0.129180,-0.367984,0.040406
21.0167,0.207436,-0.545911,0.273326,0.160356,0.136878,-0.361088,0.044404
21.0333,0.219542,-0.543774,0.247956,0.168257,0.133294,-0.366253,0.044847
21.0500,0.231837,-0.562852,0.235488,0.184503,0.127617,-0.377785,0.044724
21.0667,0.253267,-0.572365,0.198041,0.199842,0.119606,-0.390723,0.045537
21.0833,0.275377,-0.603192,0.180339,0.215861,0.110105,-0.407409,0.047912
21.1000,0.331477,-0.638927,0.144399,0.220828,0.089129,-0.427907,0.053857
21.1167,0.356208,-0.654751,0.147778,0.218981,0.078590,-0.433160,0.053870
21.1333,0.399534,-0.638961,0.121963,0.268069,0.054310,-0.439448,0.044999
21.1500,0.445207,-0.626895,0.018202,0.316663,0.031141,-0.460277,0.046947
21.1667,0.461636,-0.506844,-0.250121,0.410087,0.001360,-0.474986,0.038791
21.1833,0.481281,-0.422493,-0.510587,0.500651,-0.043482,-0.489902,0.036537
21.2000,0.370065,-0.316420,-0.984913,0.648550,-0.078537,-0.501876,0.023799
21.2167,0.181559,-0.331808,-1.593706,0.817016,-0.095413,-0.517363,0.013313
21.2333,0.096136,-0.410952,-2.043939,0.964773,-0.106914,-0.519959,0.005609
21.2500,0.054650,-0.485521,-2.460282,1.066694,-0.110990,-0.516612,-0.002976
21.2667,0.043436,-0.299600,-2.190373,0.886038,-0.104418,-0.469500,-0.016744
21.2833,-0.029679,-0.301915,-2.443123,0.802432,-0.105496,-0.455660,-0.019176
21.3000,-0.053263,-0.302481,-2.598852,0.824528,-0.103856,-0.436383,-0.029761
21.3167,0.108850,-0.436871,-3.010000,1.165612,-0.142967,-0.439597,-0.038585
21.3333,-0.116235,-0.182700,-2.719006,0.725394,-0.096999,-0.371941,-0.053384
21.3500,-0.267447,-0.025452,-2.715465,0.490974,-0.056169,-0.313957,-0.045205
21.3667,-0.398960,0.097438,-2.703656,0.315387,-0.018632,-0.274886,-0.029199
21.4167,-0.523313,0.180624,-2.745643,0.233393,0.019422,-0.238910,-0.019872
21.4333,-0.517707,0.190569,-2.727133,0.253658,0.020300,-0.235759,-0.018797
21.4500,-0.483519,0.183675,-2.677222,0.275975,0.014231,-0.245803,-0.020839
21.4667,-0.419238,0.172291,-2.578880,0.291587,0.000167,-0.266323,-0.020314
21.4833,-0.350303,0.106756,-2.531093,0.347764,-0.016741,-0.296965,-0.023663
21.5000,-0.271302,-0.016723,-2.527050,0.464857,-0.038057,-0.341504,-0.028430
21.5167,-0.165853,-0.168588,-2.534671,0.653741,-0.065583,-0.394223,-0.031053
21.5333,-0.003515,-0.398279,-2.786109,1.040362,-0.102619,-0.449720,-0.035261
21.5500,0.114851,-0.534081,-3.010000,1.365629,-0.104187,-0.483542,-0.035579
21.5667,0.077969,-0.564133,-3.010000,1.369014,-0.084102,-0.501721,-0.033832
21.5833,-0.086508,-0.384629,-2.380265,1.009354,-0.041153,-0.484861,-0.032913
21.6000,-0.087292,-0.335909,-2.110337,0.907320,-0.026004,-0.491480,-0.016438
21.6167,-0.048841,-0.396955,-2.001179,0.968249,-0.027638,-0.517048,-0.003724
21.6333,0.078775,-0.288890,-1.416298,0.743118,-0.012322,-0.505762,0.014426
21.6500,0.332361,-0.393025,-0.557092,0.597359,0.005371,-0.485370,0.022180
21.6667,0.351808,-0.483353,-0.250529,0.486565,0.036454,-0.471335,0.023693
21.6833,0.325173,-0.540190,-0.064173,0.429977,0.062983,-0.455605,0.025098
21.7000,0.266593,-0.589876,0.068941,0.433579,0.088504,-0.449712,0.024873
21.7167,0.248154,-0.613550,0.142439,0.407266,0.099423,-0.441717,0.028474
21.7333,0.234025,-0.576058,0.159140,0.351442,0.111826,-0.417644,0.028254
21.7500,0.262931,-0.535937,0.117531,0.314042,0.105323,-0.406702,0.028980
21.7667,0.254355,-0.491673,0.086833,0.325014,0.107378,-0.397521,0.022121
21.7833,0.247024,-0.450662,0.045144,0.341478,0.108860,-0.391598,0.017174
21.8000,0.250668,-0.423537,0.009726,0.342811,0.107261,-0.388454,0.015501
21.8167,0.261442,-0.422727,0.011486,0.333801,0.103603,-0.387371,0.015716
21.8333,0.270528,-0.434640,0.023586,0.328624,0.100177,-0.389304,0.016493
21.8500,0.286330,-0.427892,0.006382,0.315818,0.094985,-0.389449,0.017789
21.8667,0.258321,-0.454149,0.071776,0.299001,0.108357,-0.384470,0.020156
21.8833,0.260286,-0.468958,0.092186,0.284507,0.109465,-0.384254,0.023870
21.9000,0.271530,-0.454462,0.058308,0.302241,0.103022,-0.387436,0.021014
21.9167,0.279369,-0.448534,0.050628,0.298480,0.099976,-0.386710,0.020417
21.9333,0.284109,-0.432172,0.035848,0.293434,0.098481,-0.383307,0.019406
21.9500,0.304458,-0.416464,-0.001967,0.274053,0.092420,-0.383936,0.022140
21.9667,0.314226,-0.402458,-0.009479,0.261997,0.089249,-0.379776,0.021373
21.9833,0.347703,-0.384212,-0.046211,0.200535,0.082624,-0.376816,0.030363
22.0000,0.352756,-0.399010,-0.022922,0.156705,0.085518,-0.374189,0.036831
22.0167,0.363733,-0.382606,-0.140983,0.180338,0.076922,-0.395018,0.040551
22.0333,0.390658,-0.366079,-0.236116,0.129984,0.068458,-0.406242,0.054430
22.0500,0.339400,-0.411829,-0.161211,0.082195,0.097459,-0.401741,0.065167
22.0667,0.311303,-0.438570,-0.175043,0.056301,0.112370,-0.409565,0.079987
22.0833,0.257945,-0.501449,-0.086595,0.015121,0.139238,-0.404773,0.094788
22.1000,0.295484,-0.514212,-0.135155,-0.038986,0.130267,-0.412685,0.111291
22.1167,0.419541,-0.532127,-0.290876,-0.081351,0.086521,-0.445474,0.132395
22.1333,0.543760,-0.517444,-0.360938,-0.185827,0.047913,-0.445215,0.149446
22.1500,0.627049,-0.453268,-0.517851,-0.219536,0.007765,-0.455197,0.161905
22.1667,0.491437,-0.551424,-0.212411,-0.447499,0.078024,-0.393995,0.178966
22.1833,0.679530,-0.507178,-0.270941,-0.583788,0.032051,-0.378382,0.204109
22.2000,0.749125,-0.448465,-0.307941,-0.647656,0.007995,-0.367835,0.208861
22.2167,0.370023,-0.492604,0.035173,-0.754027,0.092313,-0.305600,0.211313
22.2333,0.037915,-0.413406,0.201619,-0.675861,0.174773,-0.257097,0.223500
22.2500,-0.102736,-0.320671,0.238122,-0.558582,0.220683,-0.227381,0.229371
22.2667,-0.149348,-0.159955,0.198048,-0.467369,0.242878,-0.196824,0.226474
22.2833,-0.130587,-0.028889,0.138562,-0.402891,0.247434,-0.178223,0.214694
22.3000,-0.090428,0.049564,0.086459,-0.390858,0.240939,-0.172241,0.205592
22.3167,-0.060261,0.117499,0.038963,-0.384053,0.235336,-0.167517,0.198419
22.3333,-0.023742,0.161428,-0.022754,-0.392593,0.226537,-0.172505,0.192047
22.3500,0.028112,0.159610,-0.035655,-0.404117,0.213432,-0.178934,0.183302
22.3667,0.047405,0.204073,-0.090278,-0.420733,0.206584,-0.181698,0.181246
22.3833,0.083017,0.216777,-0.167823,-0.465206,0.192124,-0.198005,0.181457
22.4000,0.125698,0.303156,-0.360054,-0.529986,0.164782,-0.218929,0.180129
22.4167,-0.089377,0.380000,-0.879650,-0.576564,0.150882,-0.227719,0.177334
22.4333,0.051797,0.346265,-0.350199,-0.502096,0.186436,-0.201354,0.188481
22.4500,0.099784,0.258840,-0.309645,-0.536532,0.174324,-0.218570,0.187725
22.4667,0.090941,0.248218,-0.249934,-0.517411,0.181496,-0.209203,0.185944
22.4833,0.074341,0.232679,-0.177801,-0.492042,0.191262,-0.197036,0.186374
22.5000,0.055924,0.191352,-0.092996,-0.468619,0.200330,-0.187589,0.187563
22.5167,-0.012595,0.166323,0.020560,-0.410375,0.221784,-0.164061,0.191052
22.5333,-0.073522,0.141116,0.104956,-0.356160,0.238647,-0.146110,0.195107
22.5500,-0.164308,0.005352,0.214541,-0.342791,0.256343,-0.151027,0.206960
22.5667,-0.205558,-0.056527,0.288904,-0.310008,0.264779,-0.147789,0.208234
22.5833,-0.248345,-0.143659,0.365104,-0.309177,0.269956,-0.152801,0.212453
22.6000,-0.287443,-0.122992,0.362450,-0.296377,0.278693,-0.144792,0.221562
22.6167,-0.286656,-0.162027,0.381994,-0.340712,0.272879,-0.151144,0.228783
22.6333,-0.248301,-0.226557,0.391391,-0.412035,0.257661,-0.168104,0.231477
22.6500,-0.235997,-0.258726,0.370826,-0.411723,0.257698,-0.181396,0.228399
22.6667,-0.206465,-0.336309,0.322827,-0.405078,0.256991,-0.212636,0.224298
22.6833,-0.220323,-0.355755,0.324613,-0.335231,0.268048,-0.220199,0.213025
22.7000,-0.152628,-0.418301,0.310561,-0.313926,0.255639,-0.245092,0.198016
22.7167,-0.013612,-0.498124,0.248182,-0.321082,0.223106,-0.285769,0.181032
22.7333,0.012681,-0.510389,0.232304,-0.244571,0.220127,-0.302070,0.158930
22.7500,0.093418,-0.536827,0.195485,-0.199810,0.198877,-0.325113,0.142196
22.7667,0.172763,-0.555456,0.126177,-0.125679,0.175666,-0.356258,0.123448
22.7833,0.247918,-0.570361,0.052020,-0.083810,0.150636,-0.383337,0.114480
22.8000,0.228338,-0.557041,0.033867,-0.001706,0.152434,-0.393175,0.098936
22.8167,0.209208,-0.549816,0.037176,0.054333,0.155925,-0.396242,0.089754
22.8333,0.194020,-0.551662,0.058850,0.112108,0.157226,-0.398658,0.079377
22.8500,0.255704,-0.557194,0.069661,0.093031,0.134972,-0.397698,0.076204
22.8667,0.201003,-0.539022,0.099373,0.144113,0.149812,-0.390879,0.064541
22.8833,0.195259,-0.564599,0.166348,0.159613,0.149009,-0.387604,0.060860
22.9000,0.236813,-0.566772,0.169018,0.164443,0.131887,-0.389401,0.056104
22.9167,0.254581,-0.574654,0.184184,0.182329,0.121624,-0.392168,0.049864
22.9333,0.284657,-0.591665,0.205202,0.179741,0.108336,-0.394456,0.047881
22.9500,0.270002,-0.600415,0.228343,0.196770,0.110764,-0.395242,0.044382
22.9667,0.236629,-0.608005,0.283986,0.204266,0.120053,-0.387795,0.041537
22.9833,0.268766,-0.613859,0.259697,0.231152,0.106282,-0.398160,0.039765
23.0000,0.265610,-0.608903,0.259865,0.234956,0.106586,-0.397131,0.037513
23.0167,0.237308,-0.588194,0.280612,0.216370,0.118576,-0.382901,0.036939
23.0333,0.252083,-0.576500,0.268890,0.194487,0.115810,-0.378130,0.039461
23.0500,0.263764,-0.571488,0.240811,0.197885,0.112356,-0.382442,0.039687
23.0667,0.275693,-0.559639,0.204374,0.203548,0.108798,-0.386265,0.039407
23.0833,0.270514,-0.537838,0.184872,0.213991,0.110374,-0.383617,0.036204
23.1000,0.290275,-0.538227,0.163983,0.207557,0.104042,-0.387430,0.038136
23.1167,0.294592,-0.538196,0.145503,0.213877,0.102139,-0.391999,0.038113
23.1333,0.291806,-0.540684,0.132797,0.214818,0.103786,-0.395451,0.039753
23.1500,0.278559,-0.541485,0.140607,0.210477,0.109496,-0.393467,0.040769
23.1667,0.290831,-0.537408,0.117177,0.219224,0.104561,-0.397693,0.040701
23.1833,0.314512,-0.541950,0.120034,0.228903,0.093198,-0.400366,0.037676
23.2000,0.294845,-0.543610,0.130274,0.254250,0.097585,-0.401691,0.033469
23.2167,0.253594,-0.515409,0.120804,0.292306,0.110656,-0.396588,0.027112
23.2333,0.254700,-0.508173,0.117904,0.284751,0.111712,-0.393404,0.028501
23.2500,0.275470,-0.479514,0.094142,0.269402,0.105031,-0.386444,0.026985
23.2667,0.391985,-0.521738,0.027533,0.293009,0.054281,-0.418566,0.031481
23.2833,0.450844,-0.465535,-0.083616,0.342224,0.018169,-0.424970,0.021609
23.3000,0.494422,-0.417239,-0.249326,0.406891,-0.018396,-0.442027,0.019957
23.3167,0.449116,-0.291033,-0.616595,0.514240,-0.050082,-0.455303,0.011055
23.3333,0.342990,-0.197780,-1.004471,0.563671,-0.063483,-0.461619,0.006749
23.3500,0.234772,-0.154155,-1.297738,0.610985,-0.066525,-0.458991,-0.001774
23.3667,-0.018795,-0.151780,-1.968795,0.637113,-0.063922,-0.449855,-0.016689
23.3833,-0.062411,-0.307498,-2.412845,0.820067,-0.083213,-0.460946,-0.021780
23.4000,0.164065,-0.542919,-3.010000,1.493329,-0.103360,-0.482290,-0.037861
23.4167,-0.374113,0.107734,-2.412260,0.372370,0.014135,-0.318381,-0.042675
23.4333,-0.672913,0.380000,-2.507569,0.142152,0.096689,-0.200279,-0.001693
23.4500,-0.745832,0.380000,-2.560470,-0.042041,0.084038,-0.175969,0.038643
23.6000,-0.661088,0.380000,-2.550085,-0.092439,0.047049,-0.189680,0.046219
23.6167,-0.683950,0.380000,-2.547258,-0.122285,0.053836,-0.187221,0.049832
23.6333,-0.645749,0.380000,-2.551763,-0.051721,0.048832,-0.202269,0.036582
23.6500,-0.670138,0.380000,-2.537332,-0.140101,0.050522,-0.200111,0.052096
23.6667,-0.638192,0.380000,-2.511892,-0.115955,0.045327,-0.205387,0.048341
23.6833,-0.604335,0.380000,-2.473743,-0.070818,0.043866,-0.206791,0.039544
23.7000,-0.512052,0.366924,-2.442298,0.102572,0.033542,-0.227790,0.009172
23.7167,-0.474414,0.380000,-2.133625,0.182018,0.080761,-0.194165,0.000446
23.7333,-0.434555,0.380000,-1.905797,0.238118,0.114644,-0.179894,-0.000930
23.7500,-0.240235,0.380000,-1.513997,0.304637,0.117905,-0.187510,-0.006496
23.7667,0.089877,0.345616,-0.840907,0.356144,0.104635,-0.219068,-0.014581
23.7833,0.283014,0.050635,-0.589142,0.385990,0.047761,-0.312918,-0.020790
23.8000,0.350617,-0.090598,-0.634673,0.481400,-0.004320,-0.376122,-0.021537
23.8167,0.227418,-0.064718,-1.172722,0.577634,-0.040348,-0.416921,-0.021697
23.8333,0.210070,-0.128004,-1.238926,0.617640,-0.044048,-0.443846,-0.010922
23.8500,0.196252,-0.214026,-1.251496,0.710527,-0.044404,-0.472052,-0.006723
23.8667,0.204807,-0.271893,-1.229819,0.749360,-0.046486,-0.491702,0.001893
23.8833,0.321578,-0.332805,-0.912427,0.710131,-0.050554,-0.497711,0.014639
23.9000,0.373181,-0.388121,-0.733058,0.672355,-0.046196,-0.504396,0.021505
23.9167,0.418601,-0.467956,-0.506880,0.659231,-0.040692,-0.508313,0.025145
23.9333,0.430055,-0.524039,-0.356457,0.643360,-0.031326,-0.509251,0.026286
23.9500,0.420451,-0.537211,-0.319440,0.638035,-0.023566,-0.508854,0.025931
23.9667,0.428124,-0.555679,-0.272605,0.630107,-0.022584,-0.508615,0.027391
23.9833,0.435104,-0.583050,-0.200950,0.616070,-0.019844,-0.507663,0.028456
24.0000,0.449664,-0.589843,-0.154034,0.579413,-0.018488,-0.500643,0.029007
24.0167,0.457590,-0.560018,-0.177190,0.534559,-0.015740,-0.490209,0.028321
24.0333,0.453796,-0.531680,-0.180576,0.506586,-0.010864,-0.478647,0.024201
24.0500,0.470243,-0.502216,-0.194342,0.468081,-0.012969,-0.467528,0.023804
24.0667,0.482831,-0.491717,-0.162782,0.431111,-0.012431,-0.455943,0.022278
24.0833,0.451143,-0.480706,-0.106823,0.392220,0.008067,-0.439469,0.017524
24.1000,0.399271,-0.469211,-0.044084,0.365484,0.035687,-0.421249,0.013059
24.1167,0.348103,-0.432264,-0.039932,0.352185,0.060563,-0.404881,0.010327
24.1333,0.317484,-0.404451,-0.053462,0.348521,0.075077,-0.396071,0.009895
24.1500,0.291827,-0.381318,-0.027345,0.337525,0.088143,-0.380777,0.007735
24.1667,0.290411,-0.387190,-0.003764,0.322699,0.091266,-0.376983,0.010025
24.1833,0.253580,-0.391160,0.028432,0.328101,0.106567,-0.371729,0.009543
24.2000,0.236684,-0.390762,0.039805,0.324829,0.114862,-0.368344,0.011591
24.2167,0.239482,-0.397488,0.036434,0.320577,0.114561,-0.371166,0.013925
24.2333,0.247063,-0.401723,0.020133,0.321191,0.111392,-0.376282,0.015172
24.2500,0.258802,-0.404077,0.011345,0.313505,0.107266,-0.378661,0.016447
24.2667,0.263533,-0.408241,0.017648,0.305877,0.106003,-0.378566,0.017108
24.2833,0.251236,-0.404665,0.030810,0.287007,0.113486,-0.372845,0.019433
24.3000,0.278334,-0.391324,-0.042495,0.249395,0.107092,-0.380438,0.028797
24.3167,0.302062,-0.420016,-0.056535,0.245776,0.097491,-0.394079,0.032761
24.3333,0.361020,-0.457666,-0.074331,0.230312,0.075150,-0.410629,0.039867
24.3500,0.360686,-0.441895,-0.116965,0.210681,0.076201,-0.412646,0.042984
24.3667,0.361412,-0.424347,-0.171048,0.180033,0.078340,-0.415312,0.050618
24.3833,0.342470,-0.409072,-0.186091,0.125708,0.091502,-0.409084,0.060022
24.4000,0.328401,-0.421192,-0.214583,0.098679,0.099821,-0.416210,0.071712
24.4167,0.366021,-0.414848,-0.238859,0.034212,0.090861,-0.414525,0.083316
24.4333,0.384438,-0.443873,-0.218121,0.010781,0.087353,-0.417447,0.088492
24.4500,0.316946,-0.483702,-0.117369,-0.052118,0.120440,-0.401092,0.100181
24.4667,0.334792,-0.503081,-0.126059,-0.087006,0.118292,-0.404120,0.111901
24.4833,0.358424,-0.507287,-0.199687,-0.132128,0.111675,-0.415451,0.127838
24.5000,0.400700,-0.521451,-0.255308,-0.167648,0.098423,-0.426615,0.140418
24.5167,0.423155,-0.540009,-0.219979,-0.256205,0.096889,-0.414331,0.152841
24.5333,0.418169,-0.576700,-0.137926,-0.344550,0.103500,-0.395737,0.164535
24.5500,0.202826,-0.563560,0.102973,-0.429529,0.159367,-0.332399,0.172161
24.5667,0.229223,-0.548526,0.115357,-0.542154,0.149856,-0.313947,0.195263
24.5833,0.179477,-0.518442,0.175455,-0.625400,0.152762,-0.288825,0.208228
24.6000,0.178777,-0.432529,0.179604,-0.681227,0.148151,-0.267181,0.215473
24.6167,0.108625,-0.390682,0.199274,-0.681292,0.162523,-0.253590,0.220565
24.6333,-0.011351,-0.324396,0.257213,-0.609185,0.194224,-0.227716,0.220050
24.6500,-0.044048,-0.134556,0.210523,-0.484316,0.217949,-0.194251,0.206654
24.6667,-0.058642,0.019418,0.129206,-0.395062,0.232364,-0.172902,0.196738
24.6833,-0.062590,0.083294,0.086391,-0.354663,0.237543,-0.165048,0.191277
24.7000,-0.124420,0.138027,0.033599,-0.310908,0.255428,-0.157839,0.195962
24.7167,-0.155714,0.185247,0.024616,-0.280131,0.264317,-0.143644,0.200278
24.7333,-0.180130,0.194302,0.007336,-0.273787,0.270193,-0.143028,0.205304
24.7500,-0.200010,0.190660,-0.010793,-0.266566,0.275384,-0.146303,0.208263
24.7667,-0.218429,0.169166,0.010416,-0.224361,0.282975,-0.144293,0.204208
24.7833,-0.217120,0.152217,0.042072,-0.208498,0.283592,-0.141195,0.201378
24.8000,-0.100535,0.162070,0.001041,-0.301236,0.251244,-0.158360,0.193989
24.8167,-0.101848,0.160022,0.052484,-0.293588,0.251295,-0.148047,0.190144
24.8333,-0.129925,0.161172,0.082329,-0.260725,0.259168,-0.138092,0.190369
24.8500,-0.141041,0.247171,0.012759,-0.235898,0.263555,-0.128026,0.191505
24.8667,-0.128831,0.328923,-0.054002,-0.237693,0.259979,-0.121087,0.191369
24.8833,-0.120475,0.259051,0.011451,-0.252414,0.257753,-0.127182,0.190773
24.9000,-0.030848,0.193018,0.058907,-0.336199,0.231950,-0.143466,0.187860
24.9167,-0.062376,0.070792,0.164716,-0.338671,0.236164,-0.150791,0.187018
24.9500,-0.208631,-0.150339,0.327678,-0.367478,0.258467,-0.165670,0.211862
24.9667,-0.227656,-0.191336,0.357551,-0.380795,0.259514,-0.167804,0.221234
24.9833,-0.236843,-0.220788,0.387606,-0.378515,0.259809,-0.168967,0.220875
25.0000,-0.230700,-0.227626,0.379017,-0.368739,0.260499,-0.172867,0.218439
25.0167,-0.214079,-0.234064,0.372702,-0.362263,0.258402,-0.176982,0.213626
25.0333,-0.216054,-0.267320,0.365326,-0.336887,0.262780,-0.188144,0.208553
25.0500,-0.206101,-0.302793,0.357555,-0.323722,0.263073,-0.200488,0.204358
25.0667,-0.271232,-0.325910,0.348008,-0.223621,0.289037,-0.209789,0.200283
25.0833,-0.296753,-0.310896,0.375635,-0.167558,0.297800,-0.200516,0.194755
25.1000,-0.293453,-0.284296,0.395172,-0.142593,0.296906,-0.189562,0.187767
25.1167,-0.314391,-0.273650,0.389084,-0.053465,0.309328,-0.190752,0.175159
25.1333,-0.341712,-0.262311,0.372965,0.040306,0.323461,-0.193639,0.164890
25.1500,-0.315478,-0.286122,0.354564,0.059981,0.319239,-0.208941,0.156380
25.1667,-0.139432,-0.390974,0.282348,-0.002936,0.270814,-0.267356,0.135835
25.1833,-0.017286,-0.437761,0.217529,0.009531,0.234808,-0.306010,0.111659
25.2000,0.070103,-0.468740,0.150665,0.019844,0.206707,-0.336293,0.099864
25.2167,0.187581,-0.504090,0.122774,-0.037183,0.167482,-0.352479,0.098271
25.2333,0.233814,-0.508426,0.088423,-0.003621,0.148966,-0.367022,0.086723
25.2500,0.309203,-0.523260,0.057862,0.008613,0.120594,-0.381532,0.081055
25.2667,0.292378,-0.528635,0.101249,0.025378,0.122997,-0.376573,0.073088
25.2833,0.247822,-0.506437,0.127004,0.082858,0.134421,-0.369339,0.061347
25.3000,0.224930,-0.502871,0.147952,0.113483,0.140595,-0.366254,0.056816
25.3167,0.208577,-0.484897,0.184662,0.114531,0.145333,-0.352175,0.052929
25.3333,0.242256,-0.475081,0.139561,0.137457,0.132186,-0.361106,0.048987
25.3500,0.231466,-0.470918,0.159958,0.163467,0.132650,-0.358291,0.041634
25.3667,0.231098,-0.479156,0.170308,0.189504,0.129992,-0.361718,0.037583
25.3833,0.208164,-0.471547,0.204715,0.208165,0.135797,-0.353469,0.032279
25.4000,0.190628,-0.458237,0.202914,0.226715,0.141625,-0.350165,0.030026
25.4167,0.204817,-0.473820,0.195938,0.224667,0.136581,-0.357318,0.032205
25.4333,0.209597,-0.496918,0.211599,0.211382,0.135064,-0.361461,0.035287
25.4500,0.210831,-0.494148,0.205456,0.202429,0.135720,-0.360715,0.036810
25.4667,0.209721,-0.504665,0.195530,0.207709,0.136294,-0.367026,0.038447
25.4833,0.205302,-0.504498,0.182702,0.214855,0.138109,-0.370165,0.038941
25.5000,0.226219,-0.508655,0.159989,0.215326,0.130589,-0.376687,0.039845
25.5167,0.247442,-0.527760,0.151999,0.233237,0.120142,-0.387772,0.038131
25.5333,0.258234,-0.521818,0.137393,0.238937,0.115224,-0.389551,0.036173
25.5500,0.268620,-0.512129,0.124280,0.234474,0.111586,-0.388504,0.035468
25.5667,0.283950,-0.506782,0.108992,0.234605,0.105450,-0.390028,0.034642
25.5833,0.290099,-0.496267,0.097072,0.232895,0.103053,-0.388734,0.033466
25.6000,0.284621,-0.487876,0.114319,0.216003,0.106446,-0.380563,0.033366
25.6167,0.285168,-0.477393,0.118534,0.200003,0.107822,-0.374309,0.034211
25.6333,0.276687,-0.479259,0.125919,0.189403,0.112273,-0.372226,0.036224
25.6500,0.288637,-0.492147,0.118355,0.208898,0.105731,-0.380455,0.035006
25.6667,0.308100,-0.494350,0.090362,0.223488,0.096727,-0.388763,0.034058
25.6833,0.319576,-0.495264,0.075047,0.240108,0.089988,-0.394189,0.031725
25.7000,0.334077,-0.521564,0.072289,0.249982,0.083090,-0.405349,0.033848
25.7167,0.327731,-0.503551,0.030024,0.292590,0.080546,-0.411461,0.028360
25.7333,0.343387,-0.525159,0.020134,0.336197,0.068416,-0.425548,0.026494
25.7500,0.383550,-0.508670,-0.039471,0.369909,0.045676,-0.434192,0.023302
25.7667,0.402178,-0.457299,-0.132175,0.384161,0.032301,-0.434124,0.019105
25.7833,0.426766,-0.428883,-0.222105,0.433886,0.009304,-0.443013,0.015062
25.8000,0.456213,-0.387987,-0.336870,0.457798,-0.015356,-0.448529,0.014826
25.8167,0.450183,-0.318925,-0.473832,0.480083,-0.029726,-0.445136,0.009115
25.8333,0.438170,-0.275536,-0.558936,0.500555,-0.037394,-0.441119,0.004024
25.8500,0.368200,-0.190386,-0.821205,0.566939,-0.049294,-0.439055,-0.006991
25.8667,0.103981,-0.080374,-1.553863,0.610639,-0.051937,-0.434320,-0.021857
25.8833,-0.095214,-0.226845,-2.264927,0.745039,-0.059482,-0.448039,-0.029913
25.9000,-0.060400,-0.329830,-2.506164,0.903735,-0.080186,-0.454861,-0.030562
25.9167,0.185341,-0.551812,-3.010000,1.491141,-0.114619,-0.486336,-0.031890
25.9333,0.215047,-0.572285,-3.010000,1.490696,-0.131382,-0.495406,-0.028905
25.9500,-0.317434,-0.002689,-2.488484,0.512447,-0.005786,-0.343309,-0.056108
25.9667,-0.466206,0.215592,-2.482785,0.197317,0.024874,-0.274443,-0.011063
26.1333,-0.642175,0.380000,-2.526119,-0.084826,0.049958,-0.201139,0.036132
26.1500,-0.556229,0.367186,-2.480991,0.065349,0.041081,-0.225725,0.016096
26.1667,-0.669444,0.380000,-2.445070,0.094130,0.096331,-0.199534,0.013246
26.1833,-0.603590,0.372069,-2.379399,0.168948,0.091484,-0.225182,0.005254
26.2000,-0.448293,0.296477,-2.205684,0.249958,0.067388,-0.269379,-0.005446
26.2167,-0.325116,0.058677,-2.251208,0.422317,0.023220,-0.350236,-0.019402
26.2333,-0.147827,-0.219594,-2.285393,0.667195,-0.043994,-0.446420,-0.008550
26.2500,-0.073565,-0.314572,-2.300752,0.792261,-0.068592,-0.476640,-0.006889
26.2667,0.125935,-0.250721,-1.457182,0.711632,-0.041109,-0.492609,0.014461
26.2833,0.425897,-0.369828,-0.500863,0.508268,-0.019303,-0.467981,0.025897
26.3000,0.453449,-0.473076,-0.205213,0.369709,0.010310,-0.453365,0.030367
26.3167,0.431299,-0.544212,-0.023075,0.281236,0.037780,-0.437014,0.036638
26.3333,0.407290,-0.563985,0.034536,0.239821,0.054089,-0.427946,0.041237
26.3500,0.406643,-0.542198,0.028531,0.177357,0.062756,-0.414838,0.047886
26.3667,0.400361,-0.533116,0.040556,0.145471,0.068676,-0.406041,0.050135
26.3833,0.431128,-0.530296,0.003313,0.162180,0.055110,-0.414430,0.050409
26.4000,0.462302,-0.538488,-0.013036,0.171546,0.041182,-0.421729,0.050822
26.4167,0.468860,-0.543248,-0.008913,0.171939,0.037888,-0.422788,0.050215
26.4333,0.480374,-0.519210,-0.058805,0.209408,0.027458,-0.428372,0.045732
26.4500,0.457449,-0.471511,-0.127852,0.277901,0.024248,-0.431576,0.033903
26.4667,0.457065,-0.454190,-0.143709,0.281008,0.023343,-0.428785,0.032250
26.4833,0.387958,-0.464488,-0.062087,0.264968,0.056039,-0.415041,0.028715
26.5000,0.364264,-0.483099,-0.020069,0.257024,0.069009,-0.411751,0.031871
26.5167,0.355912,-0.503762,-0.001435,0.259081,0.073140,-0.415170,0.034498
26.5333,0.359794,-0.510065,-0.002222,0.250512,0.073070,-0.416634,0.037209
26.5500,0.358653,-0.514366,0.007829,0.246589,0.073952,-0.415801,0.037459
26.5667,0.359438,-0.503390,0.013039,0.239460,0.074140,-0.410269,0.036013
26.5833,0.354494,-0.501008,0.022449,0.229880,0.077213,-0.406599,0.036300
26.6000,0.356456,-0.491483,0.016421,0.225148,0.076967,-0.404005,0.036082
26.6167,0.360312,-0.488238,-0.003834,0.226716,0.075406,-0.407121,0.037144
26.6333,0.356867,-0.498590,0.002334,0.220824,0.077748,-0.408926,0.039273
26.6500,0.380329,-0.474653,-0.027870,0.173976,0.073849,-0.402688,0.044976
26.6667,0.410953,-0.458424,-0.084992,0.148068,0.063982,-0.407116,0.050670
26.6833,0.437988,-0.443129,-0.168708,0.140449,0.052087,-0.418936,0.056637
26.7000,0.416329,-0.415400,-0.244835,0.158646,0.054604,-0.426709,0.056373
26.7167,0.423555,-0.422911,-0.304066,0.154220,0.050502,-0.440314,0.065623
26.7333,0.397220,-0.396666,-0.379936,0.151138,0.055569,-0.446230,0.069744
26.7500,0.393852,-0.393491,-0.454816,0.159936,0.050512,-0.459400,0.076747
26.7667,0.337027,-0.510674,-0.098095,0.022156,0.107736,-0.413591,0.086263
26.7833,0.366008,-0.514072,-0.113228,-0.065881,0.105921,-0.407592,0.105281
26.8000,0.457830,-0.501376,-0.194479,-0.187995,0.081165,-0.408666,0.129424
26.8167,0.483776,-0.523232,-0.195362,-0.249578,0.075859,-0.408005,0.140694
26.8333,0.432908,-0.599053,-0.066509,-0.341675,0.098100,-0.388354,0.155625
26.8500,0.254341,-0.636399,0.110723,-0.417474,0.146144,-0.349708,0.171065
26.8667,0.137637,-0.579704,0.198308,-0.510787,0.170667,-0.306397,0.192976
26.8833,0.172489,-0.537639,0.171410,-0.616849,0.156533,-0.292780,0.212263
26.9000,0.027475,-0.452246,0.248620,-0.645716,0.181489,-0.256146,0.223664
26.9167,-0.117218,-0.383917,0.310233,-0.589984,0.215945,-0.226230,0.234093
26.9500,-0.234710,-0.287109,0.328324,-0.454095,0.255631,-0.197079,0.234503
26.9667,-0.131785,-0.001836,0.161446,-0.388809,0.247824,-0.165474,0.215855
26.9833,0.118863,0.361075,-0.260760,-0.531883,0.175628,-0.185386,0.195532
27.0000,-0.337054,0.380000,-1.255531,-0.653195,0.144251,-0.218337,0.184871
27.0167,-0.666867,0.380000,-2.018370,-0.719940,0.098455,-0.289325,0.191814
27.0333,-0.587333,0.209298,-2.112318,-0.643867,0.059041,-0.333942,0.194237
27.0500,-0.479077,-0.016447,-2.160580,-0.483706,0.019596,-0.395516,0.185545
27.0667,-0.740567,0.380000,-2.009052,-0.701273,0.120663,-0.275072,0.195319
27.0833,-0.394353,0.380000,-1.289260,-0.600420,0.153653,-0.195659,0.202438
27.1000,0.076535,0.380000,-0.453488,-0.465198,0.173950,-0.175687,0.183092
27.1167,-0.050019,0.380000,-0.724912,-0.499268,0.169524,-0.186372,0.172681
27.1333,0.075638,0.228463,-0.095733,-0.416066,0.200270,-0.177000,0.176545
27.1500,-0.062298,0.002378,0.171201,-0.343210,0.235281,-0.168262,0.180757
27.1667,-0.164781,-0.042539,0.266649,-0.265848,0.261011,-0.151738,0.187670
27.2000,-0.352007,-0.117793,0.409495,-0.163233,0.301425,-0.130976,0.205067
27.2333,-0.371747,-0.184223,0.476976,-0.211305,0.295994,-0.134185,0.218732
27.2500,-0.360728,-0.202922,0.487156,-0.250775,0.288899,-0.137691,0.222991
27.2667,-0.342076,-0.205827,0.483699,-0.278280,0.282547,-0.140068,0.223654
27.2833,-0.298450,-0.229965,0.486219,-0.321970,0.269476,-0.148741,0.220237
27.3000,-0.248233,-0.249609,0.481992,-0.354780,0.256618,-0.157819,0.213790
27.3167,-0.222409,-0.313525,0.416007,-0.367320,0.257378,-0.189193,0.213089
27.3333,-0.216853,-0.355039,0.383116,-0.319129,0.264703,-0.209502,0.204469
27.3500,-0.249661,-0.375359,0.405936,-0.219858,0.280534,-0.214798,0.190186
27.3667,-0.250889,-0.382043,0.425654,-0.150480,0.285000,-0.217451,0.175823
27.3833,-0.260403,-0.383900,0.442220,-0.082501,0.290918,-0.219442,0.162751
27.4000,-0.260851,-0.371354,0.422884,-0.025265,0.295922,-0.223397,0.153140
27.4167,-0.169021,-0.429731,0.384562,-0.051121,0.271619,-0.254217,0.142934
27.4333,-0.007011,-0.517573,0.320859,-0.095666,0.224872,-0.300131,0.128859
27.4500,0.026380,-0.521318,0.295576,-0.048414,0.215275,-0.314614,0.111122
27.4667,0.092140,-0.547582,0.242421,-0.001398,0.194888,-0.342011,0.099020
27.4833,0.175728,-0.571040,0.179319,0.016351,0.167146,-0.367643,0.092136
27.5000,0.191378,-0.547750,0.108252,0.082017,0.159323,-0.383530,0.080040
27.5167,0.206652,-0.544151,0.107567,0.105556,0.151430,-0.386033,0.072784
27.5333,0.231531,-0.544123,0.104976,0.109635,0.141313,-0.387873,0.069130
27.5500,0.278977,-0.543885,0.094979,0.101201,0.123485,-0.390236,0.066340
27.5667,0.314183,-0.531388,0.080757,0.101606,0.109093,-0.390263,0.061460
27.5833,0.329795,-0.527762,0.096309,0.091018,0.102668,-0.385420,0.058780
27.6000,0.334091,-0.522204,0.111370,0.096950,0.099333,-0.381421,0.054560
27.6167,0.338822,-0.518891,0.121810,0.110205,0.095447,-0.379776,0.050292
27.6333,0.290202,-0.512873,0.187742,0.115794,0.110861,-0.364256,0.045047
27.6500,0.241337,-0.498071,0.230422,0.156488,0.124928,-0.353553,0.037497
27.6667,0.211363,-0.493048,0.258302,0.187742,0.133192,-0.348538,0.033167
27.6833,0.208153,-0.486519,0.257033,0.195141,0.134292,-0.346860,0.032475
27.7000,0.186683,-0.497766,0.267601,0.210995,0.141108,-0.350116,0.032467
27.7167,0.208979,-0.483547,0.221108,0.225225,0.133535,-0.355956,0.030949
27.7333,0.184364,-0.477732,0.251037,0.224616,0.141727,-0.347472,0.029182
27.7500,0.222370,-0.492489,0.190947,0.241888,0.127920,-0.367321,0.031018
27.7667,0.238623,-0.515368,0.200610,0.235266,0.120957,-0.373862,0.031814
27.7833,0.263436,-0.528453,0.194576,0.224732,0.111965,-0.379203,0.033655
27.8000,0.297056,-0.538936,0.184580,0.204912,0.100467,-0.383435,0.036316
27.8167,0.317871,-0.541574,0.169627,0.197867,0.092948,-0.387088,0.037042
27.8333,0.337647,-0.544068,0.158749,0.188866,0.086056,-0.389531,0.038216
27.8500,0.342691,-0.536698,0.145773,0.184316,0.084683,-0.389252,0.038208
27.8667,0.344945,-0.532584,0.136880,0.177608,0.084809,-0.388928,0.039234
27.8833,0.339689,-0.528044,0.133680,0.173734,0.087458,-0.387530,0.039653
27.9000,0.349293,-0.526124,0.120023,0.181286,0.083262,-0.390500,0.039181
27.9167,0.360032,-0.531228,0.112674,0.175098,0.079840,-0.393261,0.040923
27.9333,0.353179,-0.525972,0.103432,0.174262,0.082869,-0.393214,0.041173
27.9500,0.338023,-0.519448,0.096661,0.176875,0.089073,-0.392362,0.041384
27.9667,0.358292,-0.517493,0.064188,0.189678,0.080527,-0.399668,0.041780
27.9833,0.368343,-0.517372,0.015886,0.203248,0.075671,-0.410902,0.043689
28.0000,0.363434,-0.513409,-0.027719,0.206444,0.077811,-0.418565,0.047111
28.0167,0.382952,-0.499887,-0.087734,0.220257,0.067907,-0.427359,0.048327
28.0333,0.368336,-0.500609,-0.076688,0.216224,0.074084,-0.425179,0.047732
28.0500,0.362067,-0.500184,-0.069459,0.216716,0.076857,-0.423461,0.047477
28.0667,0.339682,-0.505167,-0.049376,0.230887,0.084499,-0.422187,0.045190
28.0833,0.310022,-0.515380,-0.064217,0.219581,0.099126,-0.426718,0.053201
28.1000,0.279580,-0.550850,-0.080462,0.189980,0.116695,-0.437509,0.070475
28.1167,0.243116,-0.602165,-0.095343,0.175099,0.134845,-0.453369,0.090372
28.1333,0.268035,-0.637670,-0.182922,0.159362,0.128121,-0.477980,0.112367
28.1500,0.359137,-0.657138,-0.318410,0.161921,0.091407,-0.508935,0.129429
28.1667,0.337020,-0.658559,-0.373062,0.187271,0.092511,-0.521770,0.132555
28.1833,0.316521,-0.692834,-0.387088,0.247477,0.094809,-0.539037,0.137161
28.2000,0.275138,-0.699656,-0.359919,0.281844,0.107794,-0.539628,0.133104
28.2167,0.251566,-0.700970,-0.336990,0.325146,0.112972,-0.540414,0.126399
28.2333,0.217227,-0.677714,-0.292929,0.347019,0.124287,-0.528517,0.112990
28.2500,0.223806,-0.636861,-0.274211,0.383964,0.116223,-0.516939,0.092946
28.2667,0.263838,-0.598727,-0.308746,0.407945,0.093185,-0.513424,0.079716
28.2833,0.279613,-0.545374,-0.421085,0.549153,0.054871,-0.522200,0.054217
28.3000,0.238794,-0.449428,-0.631327,0.627527,0.038124,-0.517531,0.034738
28.3167,0.170495,-0.349986,-0.956982,0.693177,0.018090,-0.511417,0.018727
28.3333,0.072143,-0.316758,-1.362928,0.759606,-0.002333,-0.516074,0.011825
28.3500,0.067244,-0.258934,-1.481364,0.671832,-0.016743,-0.502920,0.016681
28.3667,0.002058,-0.279339,-1.725162,0.734219,-0.027268,-0.504182,0.007757
28.3833,-0.089539,-0.275012,-2.091997,0.739454,-0.039153,-0.484087,-0.006573
28.4000,-0.092436,-0.388962,-2.400511,0.934655,-0.050573,-0.490559,-0.018546
28.4167,0.064257,-0.579202,-3.010000,1.489903,-0.049435,-0.506980,-0.034430
28.4333,0.051553,-0.541296,-3.010000,1.496760,-0.042908,-0.485525,-0.052598
28.4500,-0.471631,0.261073,-2.294623,0.352235,0.076173,-0.267884,-0.041899
28.4667,-0.484773,0.281216,-2.340545,0.327209,0.070343,-0.251321,-0.025108
28.4833,-0.573001,0.380000,-2.386706,0.119839,0.069733,-0.203003,0.004174
28.6667,-0.482031,0.380000,-2.291572,0.042620,0.041779,-0.232443,0.020721
28.6833,-0.515476,0.380000,-2.105418,0.052367,0.091604,-0.190106,0.023012
28.7000,-0.573311,0.380000,-2.266538,0.147912,0.096343,-0.214472,0.005132
28.7167,-0.614047,0.380000,-2.169239,0.188603,0.132809,-0.185032,0.009566
28.7333,-0.588001,0.380000,-2.045941,0.208198,0.147103,-0.180363,0.013435
28.7500,-0.265374,0.380000,-1.462768,0.262415,0.137822,-0.206696,0.010147
28.7667,-0.109653,0.365437,-1.318659,0.273273,0.105017,-0.264223,-0.003205
28.7833,-0.102266,0.217394,-1.471496,0.351275,0.069831,-0.328611,-0.014488
28.8000,0.187630,-0.041510,-0.980009,0.482445,0.024233,-0.397073,-0.005789
28.8167,0.221498,-0.184496,-0.880926,0.587374,0.012879,-0.441901,-0.008309
28.8333,0.242820,-0.254026,-0.824334,0.601133,0.010370,-0.464175,0.001847
28.8500,0.280712,-0.354222,-0.677866,0.656774,0.005031,-0.485382,0.007758
28.8667,0.367046,-0.460542,-0.418219,0.651274,-0.008759,-0.493332,0.015163
28.8833,0.365092,-0.508444,-0.274594,0.587944,0.012192,-0.489506,0.018823
28.9000,0.343054,-0.473379,-0.298989,0.525984,0.031118,-0.477201,0.020751
28.9167,0.338731,-0.460146,-0.308897,0.500731,0.036778,-0.472658,0.022665
28.9333,0.331730,-0.453627,-0.293207,0.480426,0.043845,-0.466693,0.022556
28.9500,0.329931,-0.468805,-0.217119,0.436050,0.055519,-0.456807,0.024903
28.9667,0.328910,-0.452366,-0.196675,0.404327,0.061091,-0.445022,0.024109
28.9833,0.350270,-0.458344,-0.115675,0.350463,0.061656,-0.428681,0.024560
29.0000,0.329055,-0.457950,-0.051473,0.308258,0.077085,-0.412748,0.024844
29.0167,0.305030,-0.450746,-0.016498,0.283217,0.090996,-0.400578,0.026125
29.0333,0.287202,-0.438762,-0.002480,0.266696,0.100870,-0.391505,0.027390
29.0500,0.293113,-0.420490,-0.011090,0.248628,0.100671,-0.385103,0.028466
29.0667,0.309951,-0.387778,-0.067953,0.232539,0.094926,-0.384148,0.030001
29.0833,0.326086,-0.381096,-0.100561,0.227671,0.087941,-0.388611,0.031162
29.1000,0.326497,-0.397403,-0.069276,0.218072,0.089280,-0.387450,0.031995
29.1167,0.332410,-0.388994,-0.082095,0.206620,0.088015,-0.386351,0.033594
29.1333,0.353223,-0.351426,-0.182064,0.189485,0.078568,-0.393158,0.038538
29.1500,0.347192,-0.305340,-0.340018,0.195031,0.070886,-0.409682,0.043460
29.1667,0.320566,-0.374044,-0.217637,0.140249,0.096615,-0.404964,0.055581
29.1833,0.282452,-0.375032,-0.253167,0.116523,0.113442,-0.409771,0.067701
29.2000,0.228333,-0.425636,-0.156934,0.075263,0.143366,-0.401174,0.081275
29.2167,0.235252,-0.448121,-0.137615,-0.003173,0.148105,-0.396422,0.099776
29.2333,0.286756,-0.439956,-0.234245,-0.040918,0.128807,-0.411638,0.111043
29.2500,0.364390,-0.433370,-0.363084,-0.088268,0.097038,-0.432849,0.126145
29.2667,0.500597,-0.393756,-0.518073,-0.168394,0.041839,-0.445788,0.145130
29.2833,0.591652,-0.332909,-0.683092,-0.209075,-0.008123,-0.455128,0.159162
29.3000,0.604769,-0.500532,-0.274739,-0.458965,0.043749,-0.395101,0.177907
29.3167,0.430087,-0.452594,-0.032969,-0.680016,0.087596,-0.317000,0.198345
29.3333,0.106731,-0.262853,0.128123,-0.685902,0.160840,-0.243634,0.213670
29.3500,-0.043412,-0.208757,0.210071,-0.617082,0.201739,-0.210623,0.227955
29.3667,-0.171925,-0.149921,0.218623,-0.518607,0.239446,-0.189306,0.237820
29.3833,-0.248218,-0.086306,0.213300,-0.434771,0.264005,-0.169766,0.243836
29.4000,-0.226377,-0.076490,0.230401,-0.387928,0.264588,-0.164040,0.232300
29.4167,-0.192372,-0.079582,0.254854,-0.366998,0.258907,-0.161732,0.219155
29.4333,-0.162423,-0.075188,0.254086,-0.360619,0.253397,-0.162730,0.210564
29.4500,-0.094655,0.039015,0.177726,-0.344266,0.242930,-0.153383,0.198047
29.4667,-0.087709,0.023666,0.187079,-0.323608,0.242702,-0.155922,0.189007
29.4833,-0.113881,-0.027905,0.246255,-0.325833,0.245779,-0.155343,0.191626
29.5000,-0.173443,-0.027369,0.216549,-0.299619,0.262923,-0.157752,0.200339
29.5333,-0.156184,-0.100093,0.152161,-0.352053,0.258411,-0.191747,0.209219
29.5833,-0.163363,-0.119900,0.189096,-0.410205,0.252454,-0.188231,0.220305
29.6000,-0.130500,-0.077627,0.180012,-0.419391,0.244550,-0.181367,0.216622
29.6167,-0.144664,-0.104503,0.198800,-0.429461,0.245784,-0.183543,0.219367
29.6333,-0.156469,-0.166046,0.259906,-0.416491,0.247195,-0.185414,0.216392
29.6500,-0.124348,-0.163527,0.294019,-0.410171,0.238907,-0.179423,0.207717
29.6667,-0.130871,-0.181570,0.324923,-0.396309,0.239774,-0.177809,0.203333
29.6833,-0.126273,-0.223406,0.299038,-0.415025,0.239060,-0.193603,0.207266
29.7000,-0.136996,-0.255493,0.325785,-0.394186,0.242086,-0.196485,0.203121
29.7167,-0.154986,-0.295424,0.325751,-0.343679,0.251595,-0.207666,0.197068
29.7333,-0.182945,-0.339073,0.340902,-0.263102,0.264994,-0.218919,0.186693
29.7500,-0.201533,-0.341614,0.322065,-0.204414,0.275796,-0.225494,0.181631
29.7667,-0.115771,-0.410271,0.282297,-0.228814,0.254514,-0.256951,0.174771
29.7833,0.112201,-0.517371,0.151739,-0.306152,0.193301,-0.316740,0.167800
29.8000,0.036946,-0.499489,0.210958,-0.232165,0.213588,-0.306924,0.149099
29.8167,0.193778,-0.540967,0.095238,-0.240297,0.171492,-0.345469,0.146728
29.8333,0.257500,-0.545120,0.016834,-0.188384,0.151178,-0.371616,0.133072
29.8500,0.342582,-0.527790,-0.105959,-0.119621,0.119654,-0.402412,0.121351
29.8667,0.372498,-0.517485,-0.186526,0.003590,0.097078,-0.430645,0.101733
29.8833,0.261938,-0.545682,-0.018281,0.018390,0.137294,-0.404993,0.091630
29.9000,0.204485,-0.548510,0.058244,0.044768,0.157240,-0.390789,0.088159
29.9167,0.087767,-0.529537,0.173932,0.077609,0.195169,-0.360785,0.083739
29.9333,0.014182,-0.502392,0.215200,0.125295,0.219605,-0.344556,0.082619
29.9500,0.080827,-0.493177,0.198074,0.115226,0.196486,-0.345908,0.076480
29.9667,0.168020,-0.481873,0.102900,0.112804,0.166504,-0.364933,0.070712
29.9833,0.253536,-0.484345,0.028349,0.106185,0.134649,-0.383767,0.067469
30.0000,0.303343,-0.479866,-0.005244,0.112863,0.113612,-0.391867,0.061851
30.0167,0.340158,-0.480716,-0.040743,0.124072,0.097377,-0.401619,0.059625
30.0333,0.375544,-0.525178,-0.021188,0.146423,0.081093,-0.415125,0.058379
30.0500,0.338114,-0.507235,-0.023626,0.177394,0.091434,-0.412601,0.051299
30.0667,0.324383,-0.498937,-0.039318,0.194404,0.095611,-0.414116,0.050595
30.0833,0.313573,-0.493304,-0.053809,0.215430,0.097665,-0.416833,0.048675
30.1000,0.292720,-0.498773,-0.018895,0.229576,0.104618,-0.412731,0.045192
30.1167,0.283372,-0.499237,-0.001423,0.233802,0.108155,-0.409456,0.044062
30.1333,0.266462,-0.499583,0.031898,0.229133,0.115324,-0.402095,0.042963
30.1500,0.313566,-0.527004,0.019787,0.243071,0.095161,-0.416043,0.044266
30.1667,0.345368,-0.552742,0.030933,0.242132,0.081714,-0.423468,0.044885
30.1833,0.307247,-0.542468,0.096285,0.222871,0.097042,-0.404934,0.039911
30.2000,0.272724,-0.530661,0.137923,0.208283,0.111805,-0.390039,0.039500
30.2167,0.245809,-0.521400,0.155806,0.199270,0.123536,-0.381335,0.041008
30.2333,0.251787,-0.523504,0.141388,0.209440,0.121100,-0.385919,0.041493
30.2500,0.277608,-0.513984,0.094724,0.226261,0.110073,-0.394184,0.039722
30.2667,0.299405,-0.503501,0.059365,0.229186,0.101071,-0.398485,0.038699
30.2833,0.282383,-0.498631,0.084008,0.207067,0.109556,-0.389552,0.039451
30.3000,0.297180,-0.512090,0.071877,0.226716,0.102033,-0.398783,0.039250
30.3167,0.296388,-0.498538,0.062549,0.215327,0.103471,-0.394859,0.039362
30.3333,0.287643,-0.487977,0.050427,0.212033,0.107633,-0.393111,0.040022
30.3500,0.289304,-0.489408,0.042062,0.214374,0.107032,-0.395491,0.040847
30.3667,0.285202,-0.481929,0.020845,0.216167,0.108804,-0.397253,0.041709
30.3833,0.280041,-0.484704,0.039010,0.224873,0.109647,-0.395345,0.039278
30.4000,0.283317,-0.476641,0.027791,0.236551,0.107043,-0.395872,0.037045
30.4167,0.277953,-0.467067,0.033207,0.251082,0.107165,-0.392713,0.032693
30.4333,0.277318,-0.457245,0.017371,0.275640,0.104540,-0.394515,0.028710
30.4500,0.268497,-0.468761,0.014002,0.328460,0.101685,-0.403963,0.023022
30.4667,0.288913,-0.463452,-0.023803,0.346035,0.090733,-0.411090,0.021982
30.4833,0.321270,-0.465839,-0.041180,0.361499,0.073976,-0.417228,0.019467
30.5000,0.354284,-0.461723,-0.063637,0.376992,0.056293,-0.421746,0.016518
30.5167,0.383351,-0.463551,-0.074528,0.400385,0.038921,-0.426629,0.013147
30.5333,0.407503,-0.447939,-0.119680,0.436237,0.020574,-0.431669,0.008817
30.5500,0.427543,-0.435924,-0.170122,0.495591,-0.001007,-0.439430,0.003339
30.5667,0.466213,-0.435946,-0.232535,0.537333,-0.028583,-0.451636,0.005539
30.5833,0.469724,-0.323220,-0.563626,0.651930,-0.077680,-0.455917,-0.002122
30.6000,0.130494,-0.187358,-1.639863,0.771215,-0.082225,-0.461009,-0.024607
30.6167,0.177542,-0.197462,-1.543048,0.874078,-0.088059,-0.448142,-0.029111
30.6333,0.131996,-0.484214,-3.010000,1.385018,-0.108509,-0.479148,-0.048478
30.6500,0.179161,-0.512486,-3.010000,1.389243,-0.130576,-0.489093,-0.030883
30.6667,0.224218,-0.546816,-3.010000,1.390620,-0.152668,-0.503668,-0.015085
30.6833,-0.336987,0.035502,-2.506730,0.586551,0.012571,-0.316719,-0.072747
30.7000,-0.643630,0.380000,-2.478481,0.242326,0.102780,-0.195744,-0.017048
30.7167,-0.618179,0.380000,-2.493115,0.220342,0.083754,-0.199618,-0.006416
30.7333,-0.600645,0.380000,-2.492116,0.146921,0.067133,-0.207790,0.002643
30.7500,-0.611241,0.380000,-2.518063,0.085018,0.059115,-0.205754,0.011259
30.7667,-0.570576,0.380000,-2.497472,0.141106,0.052710,-0.209685,0.002438
30.7833,-0.589050,0.380000,-2.514529,0.092856,0.052180,-0.209675,0.008712
30.8000,-0.561697,0.380000,-2.481679,0.069297,0.043657,-0.219125,0.013550
30.8167,-0.544071,0.287163,-2.554720,0.143862,0.037325,-0.237471,0.000401
30.8333,-0.436348,0.173483,-2.528163,0.298246,0.015695,-0.273201,-0.018921
30.8667,-0.229863,-0.102076,-2.613312,0.680589,-0.036894,-0.350559,-0.048841
30.8833,-0.479595,0.380000,-2.173804,0.269715,0.088744,-0.222237,-0.022085
30.9000,-0.372779,0.380000,-2.025399,0.317810,0.073836,-0.239000,-0.019937
30.9167,-0.378753,0.278488,-2.170350,0.358031,0.055551,-0.269140,-0.029691
30.9333,-0.324045,0.086766,-2.318676,0.532202,0.025865,-0.318103,-0.045437
30.9500,-0.189877,-0.173660,-2.547934,0.812043,-0.029765,-0.384080,-0.055068
30.9667,0.124727,-0.494109,-3.010000,1.494284,-0.082920,-0.457313,-0.051505
30.9833,0.189120,-0.567172,-3.010000,1.491668,-0.117151,-0.493927,-0.032214
31.0000,0.203749,-0.592104,-3.010000,1.490564,-0.124846,-0.505955,-0.024647
31.0167,-0.080287,-0.353831,-2.605784,1.094374,-0.045720,-0.446730,-0.063820
31.0333,-0.076332,-0.333566,-2.394179,1.041185,-0.041267,-0.455792,-0.046217
31.0500,-0.032471,-0.293289,-2.012976,1.005738,-0.033376,-0.464183,-0.038290
31.0667,0.178841,-0.199202,-0.981530,0.748560,0.002297,-0.442076,-0.022255
31.0833,0.294780,-0.302194,-0.535385,0.645239,0.012371,-0.444785,-0.012414
31.1000,0.324477,-0.382755,-0.290499,0.529054,0.036441,-0.440462,-0.000160
31.1167,0.369692,-0.479716,-0.138706,0.463613,0.034915,-0.448848,0.014915
31.1333,0.373333,-0.538781,-0.115838,0.491940,0.030668,-0.469146,0.021494
31.1500,0.382974,-0.530631,-0.178132,0.507489,0.022643,-0.477585,0.024490
31.1667,0.394604,-0.529199,-0.200017,0.518197,0.014767,-0.481479,0.024974
31.1833,0.390281,-0.517839,-0.217537,0.528373,0.013615,-0.480830,0.022409
31.2000,0.385966,-0.518603,-0.185319,0.500284,0.021357,-0.474167,0.022518
31.2167,0.375251,-0.500548,-0.185887,0.495000,0.026319,-0.467107,0.019056
31.2333,0.371505,-0.487114,-0.198984,0.502676,0.025924,-0.464619,0.016586
31.2500,0.376314,-0.492395,-0.187670,0.469100,0.030232,-0.462705,0.021078
31.2667,0.366835,-0.497564,-0.147505,0.430128,0.041945,-0.455035,0.023098
31.2833,0.337598,-0.495680,-0.122215,0.416432,0.057652,-0.448531,0.022799
31.3000,0.307854,-0.483179,-0.095880,0.406334,0.072768,-0.437822,0.020704
31.3167,0.285798,-0.473923,-0.072847,0.417032,0.081279,-0.430406,0.016764
31.3333,0.255945,-0.476071,-0.031572,0.413644,0.095542,-0.422670,0.015963
31.3500,0.242104,-0.486442,-0.005573,0.403947,0.103683,-0.420397,0.018837
31.3667,0.250420,-0.468121,-0.031484,0.393748,0.101464,-0.417433,0.019316
31.3833,0.245640,-0.453500,-0.026545,0.371627,0.106246,-0.409199,0.019553
31.4000,0.254666,-0.450840,-0.025689,0.343115,0.106219,-0.405826,0.023105
31.4167,0.262248,-0.454240,-0.061132,0.348784,0.102149,-0.414590,0.025501
31.4333,0.289208,-0.441910,-0.082568,0.317304,0.094203,-0.412349,0.028388
31.4500,0.306213,-0.442809,-0.056834,0.256491,0.094666,-0.403297,0.034212
31.4667,0.348962,-0.417461,-0.092300,0.191491,0.083961,-0.397229,0.041661
31.4833,0.344678,-0.396038,-0.186603,0.205249,0.080991,-0.410387,0.043799
31.5000,0.299982,-0.394383,-0.153899,0.150972,0.106531,-0.398729,0.052746
31.5167,0.269510,-0.385404,-0.252646,0.171999,0.113695,-0.416253,0.060725
31.5333,0.250873,-0.420856,-0.250619,0.159411,0.123881,-0.425940,0.072100
31.5500,0.249801,-0.433991,-0.291837,0.110383,0.127539,-0.434101,0.089378
31.5667,0.307584,-0.430176,-0.348704,0.025712,0.109651,-0.438317,0.106537
