t_s,q_pitch,q_roll,q_yaw,q_elbow,target_x,target_y,target_z
7.6167,0.308053,-0.480334,0.105951,0.944562,-0.032418,-0.440906,-0.047579
7.6333,0.250878,-0.512965,0.116872,1.231426,-0.064554,-0.470571,-0.047335
7.6500,0.479854,-0.422042,0.209969,0.399726,-0.016661,-0.355971,-0.018497
7.6833,0.492640,-0.255476,0.344608,0.048483,0.025459,-0.237509,0.015930
7.7833,0.424095,-0.207729,0.444178,-0.015855,0.054853,-0.194950,0.029663
7.8000,0.429655,-0.277886,0.463736,-0.041448,0.050187,-0.213691,0.033661
7.8167,0.422517,-0.302651,0.504819,-0.023592,0.046104,-0.214612,0.029699
7.8333,0.386508,-0.324779,0.547994,0.077833,0.044636,-0.220712,0.011240
7.8500,0.378676,-0.368552,0.583262,0.000219,0.049696,-0.223429,0.025944
7.8667,0.332259,-0.424987,0.597165,0.206554,0.044720,-0.262135,-0.007605
7.8833,0.290861,-0.488292,0.599892,0.416818,0.036575,-0.314457,-0.031534
7.9000,0.271296,-0.545383,0.597154,0.670227,0.009651,-0.377445,-0.047559
7.9167,0.233647,-0.575838,0.587506,0.773462,0.013996,-0.408389,-0.047013
7.9333,0.198176,-0.594205,0.573635,0.854147,0.020818,-0.430636,-0.045067
7.9500,0.223212,-0.634693,0.570878,0.722400,0.030260,-0.429132,-0.031312
7.9667,0.237315,-0.689198,0.557259,0.813039,0.011110,-0.469240,-0.021407
7.9833,0.276065,-0.764503,0.542401,0.767759,0.003216,-0.495929,0.000073
8.0000,0.267598,-0.799063,0.536554,0.615002,0.033272,-0.485432,0.013991
8.0167,0.274845,-0.830859,0.536811,0.531416,0.043069,-0.483414,0.025698
8.0333,0.267315,-0.842710,0.540649,0.465233,0.055403,-0.475576,0.032337
8.0500,0.239026,-0.835822,0.542460,0.458102,0.068909,-0.471109,0.032450
8.0667,0.232770,-0.829551,0.552042,0.421044,0.074819,-0.460703,0.033071
8.0833,0.231313,-0.818807,0.565659,0.381655,0.077916,-0.447798,0.032339
8.1000,0.236489,-0.810513,0.581346,0.347521,0.076965,-0.436585,0.031430
8.1167,0.211733,-0.805137,0.587653,0.353941,0.086526,-0.434412,0.030910
8.1333,0.192206,-0.808211,0.586454,0.348587,0.096147,-0.434287,0.033921
8.1500,0.182902,-0.801266,0.597529,0.311768,0.102227,-0.423286,0.035843
8.1667,0.157602,-0.795751,0.600719,0.314794,0.112708,-0.420693,0.036567
8.1833,0.122302,-0.784948,0.602663,0.313877,0.128007,-0.415114,0.038355
8.2000,0.098826,-0.775698,0.607199,0.320135,0.137116,-0.411339,0.038317
8.2167,0.089369,-0.769963,0.614091,0.327457,0.139696,-0.409219,0.036878
8.2333,0.092334,-0.773516,0.620770,0.321988,0.137932,-0.408787,0.037128
8.2500,0.098366,-0.783926,0.623310,0.326359,0.134667,-0.413462,0.037589
8.2667,0.111247,-0.805072,0.627816,0.306279,0.130240,-0.417614,0.041896
8.2833,0.115563,-0.814037,0.632071,0.296902,0.128611,-0.418833,0.043710
8.3000,0.115708,-0.810246,0.642014,0.273356,0.128950,-0.411822,0.044320
8.3167,0.106705,-0.807709,0.649118,0.240927,0.134143,-0.403696,0.047847
8.3333,0.118752,-0.831804,0.653001,0.216482,0.130337,-0.407925,0.053304
8.3500,0.131382,-0.880204,0.647320,0.181193,0.128759,-0.419628,0.066011
8.3667,0.171871,-0.935233,0.648414,0.136683,0.115612,-0.430954,0.077397
8.3833,0.183571,-0.988916,0.639432,0.111159,0.115060,-0.444714,0.091575
8.4000,0.163625,-1.000680,0.634837,0.053604,0.126763,-0.436867,0.103006
8.4167,0.077237,-0.960465,0.626430,-0.000191,0.161747,-0.411828,0.113988
8.4333,0.060418,-0.967620,0.626602,-0.090223,0.168875,-0.396326,0.129721
8.4500,0.077652,-1.004550,0.627841,-0.173888,0.162824,-0.392082,0.144816
8.4667,0.173865,-1.102339,0.636380,-0.277914,0.130454,-0.401250,0.161703
8.4833,0.083581,-1.043583,0.632200,-0.490758,0.149166,-0.348478,0.196586
8.5000,0.048015,-0.982907,0.660174,-0.625649,0.144192,-0.313174,0.213385
8.5167,0.050606,-0.951998,0.694625,-0.749541,0.127356,-0.291129,0.228438
8.5333,-0.092962,-0.844214,0.694869,-0.743326,0.159236,-0.264355,0.239698
8.5500,-0.256223,-0.719038,0.702747,-0.669093,0.201192,-0.233002,0.248612
8.6000,-0.442678,-0.526252,0.750704,-0.378882,0.270965,-0.180697,0.232505
8.6167,-0.465814,-0.520900,0.760690,-0.347855,0.278531,-0.177913,0.231959
8.6500,-0.513838,-0.452760,0.796278,-0.284724,0.289273,-0.152402,0.229658
8.6833,-0.456338,-0.453621,0.843080,-0.341847,0.263841,-0.148621,0.217762
8.7000,-0.463214,-0.467417,0.842776,-0.343067,0.265824,-0.152355,0.219448
8.7167,-0.468005,-0.477026,0.845112,-0.343479,0.266873,-0.154667,0.220239
8.7833,-0.442946,-0.519004,0.851318,-0.394437,0.255697,-0.166074,0.221349
8.8333,-0.435455,-0.535839,0.859263,-0.429650,0.248835,-0.169126,0.224334
8.8833,-0.506668,-0.521576,0.837246,-0.410786,0.267418,-0.163281,0.242088
8.9000,-0.523887,-0.509652,0.841517,-0.408098,0.269789,-0.158213,0.245612
8.9167,-0.483864,-0.521003,0.869844,-0.442519,0.254120,-0.160103,0.236976
8.9333,-0.481572,-0.535176,0.871092,-0.443536,0.254035,-0.164193,0.236233
8.9500,-0.474452,-0.565972,0.866383,-0.431455,0.256479,-0.174569,0.232927
8.9667,-0.463767,-0.642502,0.842308,-0.434385,0.259466,-0.199691,0.235116
8.9833,-0.413599,-0.745327,0.825159,-0.438185,0.252781,-0.233913,0.229506
9.0000,-0.428181,-0.749487,0.817565,-0.375290,0.265547,-0.240586,0.224709
9.0167,-0.440730,-0.746465,0.813292,-0.306765,0.277812,-0.246285,0.217893
9.0333,-0.407679,-0.787863,0.811474,-0.280305,0.273857,-0.264733,0.208259
9.0500,-0.448161,-0.721281,0.818232,-0.157867,0.296322,-0.254801,0.194287
9.0667,-0.367102,-0.796767,0.823770,-0.180081,0.272480,-0.282503,0.180895
9.0833,-0.300792,-0.869089,0.823561,-0.167474,0.254742,-0.312612,0.169720
9.1000,-0.208334,-0.963580,0.827529,-0.173394,0.225233,-0.347128,0.160997
9.1167,-0.106549,-1.035259,0.846182,-0.151659,0.190365,-0.377185,0.146077
9.1333,-0.097212,-1.013337,0.849018,-0.070833,0.189144,-0.385799,0.129928
9.1500,-0.153283,-0.927098,0.839210,0.011054,0.212711,-0.370588,0.117002
9.1667,-0.201756,-0.860432,0.829433,0.083650,0.233445,-0.358675,0.108634
9.1833,-0.189112,-0.849273,0.832838,0.072498,0.228303,-0.352975,0.105102
9.2000,-0.217327,-0.794066,0.832794,0.115573,0.239738,-0.338643,0.097458
9.2167,-0.235345,-0.758676,0.831189,0.148464,0.247261,-0.330026,0.092512
9.2333,-0.211225,-0.787264,0.826565,0.171665,0.238963,-0.347280,0.088299
9.2500,-0.160317,-0.831147,0.827169,0.170290,0.219043,-0.366738,0.084064
9.2667,-0.125837,-0.854608,0.827953,0.163338,0.205423,-0.376052,0.081708
9.2833,-0.120799,-0.841119,0.828919,0.180192,0.203277,-0.374424,0.076083
9.3000,-0.089610,-0.841128,0.835082,0.152513,0.190328,-0.370099,0.072881
9.3167,-0.076410,-0.836066,0.839229,0.154898,0.184409,-0.368887,0.068778
9.3333,-0.065287,-0.836714,0.840797,0.156913,0.179637,-0.369879,0.066507
9.3500,-0.073913,-0.813943,0.839322,0.172161,0.183162,-0.363845,0.062592
9.3667,-0.088694,-0.782974,0.838515,0.192274,0.188995,-0.355003,0.057982
9.3833,-0.073581,-0.786325,0.841173,0.192226,0.182328,-0.356735,0.055541
9.4000,-0.087427,-0.770769,0.836049,0.218899,0.188305,-0.355481,0.052752
9.4167,-0.083046,-0.783596,0.831298,0.219504,0.187142,-0.361348,0.054502
9.4333,-0.061809,-0.815871,0.826815,0.230171,0.178651,-0.377484,0.055182
9.4500,-0.066100,-0.817508,0.821804,0.232372,0.181198,-0.378834,0.056520
9.4667,-0.037713,-0.853170,0.817245,0.229094,0.170073,-0.393615,0.059117
9.4833,-0.048222,-0.840656,0.812782,0.235814,0.175016,-0.390167,0.058236
9.5000,-0.036174,-0.842185,0.814174,0.232444,0.169818,-0.390450,0.056855
9.5167,-0.025286,-0.847602,0.812802,0.226091,0.165760,-0.391904,0.056924
9.5333,-0.021877,-0.849588,0.811021,0.225083,0.164664,-0.392795,0.057065
9.5500,-0.014095,-0.849111,0.811806,0.222022,0.161391,-0.392255,0.056028
9.5667,-0.023241,-0.837967,0.809544,0.221652,0.165693,-0.387824,0.055622
9.5833,-0.021133,-0.840025,0.807612,0.224621,0.164966,-0.389466,0.055608
9.6000,-0.020943,-0.837245,0.805422,0.238899,0.164689,-0.391415,0.053675
9.6167,-0.019509,-0.835161,0.802146,0.263023,0.163546,-0.395698,0.050796
9.6333,0.002906,-0.840979,0.805293,0.260801,0.153574,-0.398078,0.048395
9.6500,0.057453,-0.866773,0.814547,0.253311,0.129058,-0.407503,0.045697
9.6667,0.104153,-0.870022,0.829359,0.256783,0.106018,-0.409373,0.039066
9.6833,0.162916,-0.883678,0.843601,0.286779,0.075665,-0.420506,0.032589
9.7000,0.217425,-0.868093,0.861245,0.390479,0.038908,-0.434263,0.017292
9.7167,0.242344,-0.830991,0.866977,0.502881,0.014357,-0.441279,0.002262
9.7333,0.262243,-0.782957,0.865228,0.628698,-0.010229,-0.445937,-0.012705
9.7500,0.240409,-0.707084,0.835027,0.845658,-0.024268,-0.456344,-0.031426
9.7667,0.217936,-0.624509,0.785624,0.978046,-0.027974,-0.445647,-0.048363
9.7833,0.228341,-0.570855,0.741958,1.031628,-0.039117,-0.432053,-0.057983
9.8000,0.234590,-0.537315,0.660199,1.144186,-0.056233,-0.438654,-0.060248
9.8167,0.197857,-0.483454,0.378805,1.501300,-0.098645,-0.463618,-0.054987
9.8333,0.271916,-0.507798,0.182077,1.526858,-0.141758,-0.474245,-0.034675
9.8500,0.453779,-0.381069,0.236146,0.703894,-0.064285,-0.358001,-0.053335
9.8667,0.461238,-0.315020,0.322646,0.451637,-0.023189,-0.293164,-0.041234
9.8833,0.428539,-0.275556,0.385462,0.384133,0.000941,-0.258673,-0.037199
9.9000,0.402020,-0.263241,0.439720,0.323613,0.019062,-0.237882,-0.029664
9.9167,0.370549,-0.255372,0.491991,0.276078,0.035800,-0.220228,-0.022232
9.9500,0.446273,-0.397520,0.511385,0.557562,-0.051464,-0.306163,-0.050786
9.9667,0.400345,-0.371706,0.533584,0.508403,-0.021874,-0.285473,-0.050263
9.9833,0.421801,-0.429126,0.551220,0.764622,-0.080828,-0.340423,-0.062639
10.0000,0.306630,-0.364995,0.322859,1.504373,-0.161422,-0.401062,-0.070110
10.0167,0.332965,-0.399505,0.155736,1.505504,-0.173421,-0.418022,-0.054566
10.0333,0.341929,-0.438382,0.051337,1.504570,-0.177054,-0.438930,-0.045120
10.0500,0.316235,-0.446145,-0.012275,1.504586,-0.163590,-0.445223,-0.048567
10.0667,0.285868,-0.445098,-0.054212,1.504597,-0.147461,-0.446457,-0.053514
10.0833,0.259782,-0.432107,-0.081556,1.504598,-0.133720,-0.441050,-0.059993
10.1000,0.233626,-0.413388,-0.099103,1.504596,-0.119904,-0.432525,-0.067484
10.1167,0.229457,-0.403957,-0.109682,1.504605,-0.117665,-0.427625,-0.069392
10.1333,0.241866,-0.425474,-0.119084,1.504630,-0.123910,-0.438147,-0.062601
10.1500,0.264997,-0.474255,-0.126175,1.504684,-0.135056,-0.461898,-0.047618
10.1667,0.211757,-0.445323,-0.128198,1.504596,-0.107485,-0.450186,-0.063269
10.1833,0.146804,-0.450021,-0.129337,1.504592,-0.071654,-0.454256,-0.068098
10.2000,0.130049,-0.451170,-0.102845,1.389840,-0.035466,-0.453971,-0.062508
10.2167,0.301588,-0.420099,-0.021641,0.829634,-0.004303,-0.423512,-0.046132
10.2333,0.336241,-0.480494,-0.013565,0.827103,-0.020067,-0.449524,-0.032966
10.2500,0.380836,-0.533637,0.023380,0.714184,-0.017595,-0.460510,-0.014743
10.2667,0.388217,-0.585064,0.057308,0.589101,0.005155,-0.466241,0.004391
10.2833,0.329119,-0.596397,0.084162,0.523162,0.045307,-0.459459,0.012194
10.3000,0.315321,-0.617608,0.117772,0.435409,0.065856,-0.451917,0.024025
10.3167,0.305957,-0.642994,0.131861,0.424905,0.072176,-0.457411,0.030077
10.3333,0.303874,-0.657585,0.142229,0.420215,0.073908,-0.460311,0.033017
10.3500,0.312793,-0.654389,0.188799,0.334924,0.079405,-0.440365,0.036460
10.3667,0.313347,-0.670323,0.216064,0.355668,0.075063,-0.444180,0.034154
10.3833,0.330769,-0.682461,0.246014,0.331387,0.068794,-0.440342,0.035098
10.4000,0.322463,-0.707143,0.270926,0.390132,0.063307,-0.453312,0.031718
10.4167,0.309001,-0.719433,0.296651,0.429858,0.062075,-0.459257,0.028585
10.4333,0.299332,-0.720108,0.314144,0.415343,0.067123,-0.454418,0.028919
10.4500,0.281364,-0.726012,0.334113,0.388930,0.077449,-0.449150,0.031934
10.4667,0.291079,-0.738401,0.355576,0.356281,0.075751,-0.445422,0.034983
10.4833,0.286829,-0.743464,0.371591,0.339928,0.078330,-0.442086,0.036335
10.5000,0.261931,-0.734274,0.389845,0.332745,0.088274,-0.434297,0.034996
10.5167,0.241615,-0.728870,0.406686,0.336445,0.095063,-0.429830,0.033350
10.5333,0.214149,-0.712909,0.426191,0.329276,0.105781,-0.419044,0.031459
10.5500,0.219099,-0.729580,0.437241,0.349319,0.100456,-0.426914,0.030812
10.5667,0.194817,-0.729604,0.452976,0.357298,0.108770,-0.425176,0.030701
10.5833,0.195816,-0.741215,0.468542,0.331690,0.109594,-0.422937,0.034215
10.6000,0.198058,-0.755122,0.483027,0.310525,0.109424,-0.422440,0.037580
10.6167,0.205177,-0.771265,0.497899,0.257664,0.110031,-0.417306,0.044528
10.6333,0.203370,-0.779632,0.508589,0.274307,0.108125,-0.421634,0.043105
10.6500,0.233916,-0.812118,0.527235,0.181800,0.101556,-0.415086,0.055175
10.6667,0.251426,-0.815268,0.546129,0.174443,0.092194,-0.412620,0.052891
10.6833,0.237636,-0.818741,0.550345,0.170065,0.097943,-0.412127,0.054826
10.7000,0.233919,-0.837986,0.559825,0.133927,0.101413,-0.410865,0.062151
10.7167,0.264820,-0.894682,0.562741,0.108801,0.091569,-0.425487,0.072997
10.7333,0.305825,-0.955032,0.566339,0.097620,0.077268,-0.443032,0.083060
10.7500,0.220294,-0.939375,0.555681,0.042662,0.115996,-0.427014,0.094991
10.7667,0.225629,-0.987244,0.552071,-0.040335,0.119658,-0.426026,0.114690
10.7833,0.268377,-1.060335,0.549917,-0.106189,0.109260,-0.434839,0.133136
10.8000,0.345245,-1.115817,0.570520,-0.175042,0.083577,-0.435253,0.142572
10.8167,0.367869,-1.154314,0.578732,-0.259726,0.078633,-0.427568,0.157232
10.8333,0.148158,-1.007569,0.572931,-0.378278,0.144037,-0.366054,0.172725
10.8500,0.048726,-0.921983,0.595855,-0.504143,0.161839,-0.321025,0.194098
10.8667,0.052807,-0.915903,0.624961,-0.621215,0.147613,-0.302782,0.209794
10.8833,-0.071630,-0.786827,0.663585,-0.652141,0.169349,-0.262357,0.220355
10.9000,-0.219913,-0.635665,0.708496,-0.603353,0.202009,-0.217729,0.227225
10.9167,-0.317462,-0.526944,0.755820,-0.496199,0.229078,-0.183104,0.222061
10.9333,-0.388617,-0.468828,0.783523,-0.400937,0.251020,-0.162495,0.218795
10.9500,-0.404812,-0.466713,0.798438,-0.375498,0.255670,-0.159956,0.216333
10.9667,-0.383525,-0.508259,0.807660,-0.389681,0.249655,-0.171943,0.211914
10.9833,-0.324107,-0.562005,0.829407,-0.439591,0.229005,-0.186383,0.204125
11.0000,-0.379421,-0.532518,0.829312,-0.421049,0.242616,-0.175313,0.213470
11.0167,-0.282706,-0.675116,0.828345,-0.569506,0.205548,-0.213259,0.219897
11.0333,-0.194576,-0.758834,0.850590,-0.642713,0.174866,-0.232868,0.216352
11.0500,-0.106548,-0.850966,0.868403,-0.693844,0.146918,-0.254093,0.213912
11.0667,-0.217960,-0.714402,0.872580,-0.632343,0.178057,-0.219362,0.214749
11.0833,-0.347988,-0.627323,0.850436,-0.525018,0.221664,-0.196885,0.222039
11.1000,-0.468508,-0.510213,0.854806,-0.398611,0.259385,-0.161145,0.227966
11.1167,-0.552001,-0.447308,0.855214,-0.312991,0.284181,-0.139635,0.236526
11.1333,-0.525611,-0.493355,0.861803,-0.370575,0.272421,-0.152602,0.237210
11.1500,-0.404340,-0.599165,0.891093,-0.524582,0.226935,-0.182090,0.228823
11.1667,-0.420591,-0.558225,0.910766,-0.460892,0.235301,-0.170109,0.219049
11.1833,-0.331859,-0.644093,0.930477,-0.525569,0.207472,-0.195040,0.208746
11.2000,-0.234600,-0.724809,0.957754,-0.594381,0.174392,-0.216190,0.201125
11.2167,-0.158547,-0.813635,0.969619,-0.618030,0.152633,-0.240437,0.194681
11.2333,-0.114581,-0.883407,0.969005,-0.598792,0.143821,-0.261720,0.187965
11.2667,-0.171543,-0.793231,0.964652,-0.622497,0.156031,-0.234601,0.197254
11.3000,-0.339743,-0.609776,0.937567,-0.487457,0.212366,-0.185989,0.202414
11.3167,-0.397515,-0.586005,0.919748,-0.429788,0.234460,-0.180178,0.206908
11.3333,-0.474282,-0.580024,0.883977,-0.394879,0.260091,-0.178766,0.224280
11.3500,-0.511977,-0.568786,0.872843,-0.384903,0.269929,-0.174441,0.233908
11.3667,-0.525173,-0.573765,0.866530,-0.378754,0.274381,-0.175988,0.237378
11.3833,-0.524568,-0.588004,0.863424,-0.368808,0.276727,-0.181260,0.236226
11.4000,-0.511395,-0.622424,0.858186,-0.335015,0.281062,-0.195590,0.228725
11.4167,-0.492046,-0.677781,0.844778,-0.266706,0.289615,-0.221895,0.216701
11.4333,-0.415701,-0.769698,0.843153,-0.286005,0.271054,-0.254835,0.204651
11.4500,-0.438381,-0.741375,0.839430,-0.153326,0.291827,-0.260854,0.188743
11.4667,-0.324802,-0.866493,0.840507,-0.193368,0.257117,-0.304698,0.176421
11.4833,-0.304158,-0.862721,0.844581,-0.142454,0.254747,-0.312360,0.162633
11.5000,-0.258949,-0.896812,0.847935,-0.123520,0.241548,-0.329368,0.152753
11.5167,-0.279628,-0.851675,0.845680,-0.039433,0.253546,-0.327114,0.140084
11.5333,-0.302235,-0.801288,0.844956,0.022687,0.264435,-0.318272,0.130508
11.5500,-0.276301,-0.804877,0.849226,0.042308,0.255979,-0.324304,0.120963
11.5667,-0.244897,-0.819522,0.851793,0.072147,0.245632,-0.336784,0.110690
11.5833,-0.207478,-0.843117,0.855828,0.078358,0.231511,-0.348578,0.104084
11.6000,-0.169609,-0.855145,0.859088,0.114262,0.217447,-0.361594,0.092486
11.6167,-0.099630,-0.913910,0.863066,0.140475,0.189400,-0.391663,0.085121
11.6333,-0.044579,-0.942677,0.872703,0.149987,0.165618,-0.405728,0.078948
11.6500,-0.016539,-0.937737,0.880846,0.150300,0.152953,-0.404418,0.072640
11.6667,-0.008694,-0.919486,0.884373,0.147422,0.149281,-0.397181,0.067832
11.6833,-0.010920,-0.898260,0.880261,0.168162,0.150349,-0.393737,0.062438
11.7000,-0.024291,-0.868516,0.876716,0.169431,0.156501,-0.382629,0.059318
11.7167,-0.031492,-0.865947,0.870318,0.171970,0.160515,-0.382458,0.060425
11.7333,-0.034408,-0.866810,0.862804,0.187987,0.162540,-0.386497,0.060084
11.7500,-0.059906,-0.830449,0.855821,0.192631,0.174189,-0.373070,0.058285
11.7667,-0.052413,-0.829230,0.854248,0.172255,0.171838,-0.369174,0.059621
11.7833,-0.069266,-0.806106,0.848557,0.201290,0.179116,-0.365605,0.055721
11.8000,-0.070133,-0.797631,0.847876,0.197272,0.179690,-0.361554,0.055176
11.8167,-0.042042,-0.822450,0.846419,0.151403,0.169441,-0.363906,0.060383
11.8333,-0.035063,-0.838310,0.840896,0.142594,0.167712,-0.369108,0.063537
11.8500,0.028295,-0.908622,0.841034,0.155773,0.141442,-0.400233,0.064773
11.8667,0.056501,-0.923756,0.842067,0.194876,0.128036,-0.414442,0.059859
11.8833,0.062744,-0.932327,0.837062,0.218311,0.125241,-0.422999,0.059146
11.9000,0.047127,-0.903733,0.832337,0.251230,0.130858,-0.418986,0.052565
11.9167,0.047370,-0.886668,0.830642,0.271978,0.129833,-0.416883,0.047278
11.9333,0.102011,-0.915241,0.836831,0.257921,0.106072,-0.425855,0.047715
11.9500,0.163255,-0.943899,0.847984,0.259382,0.077695,-0.437187,0.047293
11.9667,0.235664,-0.976147,0.863159,0.281112,0.042313,-0.453263,0.047542
11.9833,0.299860,-0.931002,0.887715,0.443278,-0.007106,-0.467628,0.026603
12.0000,0.288981,-0.864686,0.879298,0.579185,-0.017187,-0.469323,0.007496
12.0167,0.307700,-0.805880,0.870157,0.697318,-0.040921,-0.468477,-0.006999
12.0333,0.280087,-0.752085,0.853104,0.712161,-0.028399,-0.449598,-0.020305
12.0500,0.286418,-0.744445,0.836220,0.738591,-0.032901,-0.452717,-0.021375
12.0667,0.303967,-0.711474,0.832742,0.707055,-0.038299,-0.432137,-0.027643
12.0833,0.331072,-0.702770,0.821533,0.758571,-0.057776,-0.438540,-0.028489
12.1000,0.357559,-0.661333,0.811869,0.821898,-0.080385,-0.431358,-0.035352
12.1167,0.360799,-0.617381,0.807883,0.785033,-0.077479,-0.404456,-0.043731
12.1333,0.349852,-0.586753,0.802277,0.709452,-0.060739,-0.377519,-0.048175
12.1500,0.322635,-0.517294,0.817939,0.487721,-0.018832,-0.305889,-0.044177
12.1667,0.297427,-0.483973,0.834573,0.352039,0.007637,-0.267417,-0.031735
12.1833,0.272756,-0.464335,0.848630,0.266181,0.026235,-0.244321,-0.020351
12.2000,0.254589,-0.449230,0.856003,0.248496,0.035248,-0.234185,-0.017653
12.2167,0.250197,-0.472225,0.865916,0.175743,0.041385,-0.232703,-0.005435
12.2333,0.250890,-0.487071,0.875795,0.166864,0.039744,-0.236282,-0.003952
12.2500,0.246980,-0.493856,0.889239,0.196477,0.036462,-0.241234,-0.008888
12.2667,0.250582,-0.510002,0.899191,0.243502,0.028689,-0.253502,-0.016020
12.2833,0.247431,-0.515942,0.907477,0.319998,0.021497,-0.266614,-0.026786
12.3000,0.258179,-0.544808,0.908650,0.390468,0.008837,-0.290788,-0.033983
12.3167,0.281780,-0.568893,0.909444,0.491622,-0.013927,-0.319053,-0.042184
12.3333,0.302253,-0.577858,0.903447,0.614619,-0.037870,-0.345894,-0.049670
12.3500,0.304944,-0.557751,0.880497,0.803095,-0.060746,-0.372998,-0.059737
12.3667,0.310831,-0.537416,0.835831,0.941632,-0.078711,-0.391625,-0.063089
12.3833,0.305574,-0.518761,0.763350,1.074101,-0.090200,-0.410343,-0.063488
12.4000,0.308187,-0.500548,0.657745,1.187327,-0.104317,-0.425090,-0.060807
12.4167,0.316945,-0.523400,0.645339,1.194443,-0.108999,-0.437895,-0.054142
12.4333,0.231843,-0.493152,0.367396,1.504128,-0.117656,-0.468509,-0.050076
12.4500,0.214886,-0.531591,0.195203,1.504543,-0.106598,-0.488653,-0.039544
12.4667,0.281924,-0.525479,0.156905,1.226695,-0.080275,-0.473191,-0.043133
12.4833,0.216019,-0.509147,0.113163,1.353213,-0.073236,-0.473700,-0.048420
12.5000,0.320563,-0.511645,0.155012,0.919630,-0.033940,-0.447858,-0.041759
12.5167,0.335304,-0.554387,0.174221,0.874167,-0.031092,-0.461329,-0.030757
12.5333,0.362956,-0.608966,0.200144,0.738515,-0.016296,-0.469060,-0.012818
12.5500,0.352727,-0.627168,0.233942,0.579233,0.017688,-0.453935,-0.001077
12.5667,0.312982,-0.641480,0.266625,0.441107,0.057969,-0.436454,0.013126
12.5833,0.293872,-0.685008,0.282117,0.371008,0.077277,-0.440138,0.029687
12.6000,0.303599,-0.716358,0.298887,0.328950,0.078185,-0.442666,0.038618
12.6167,0.311749,-0.740922,0.318111,0.295158,0.078027,-0.443179,0.044875
12.6333,0.283857,-0.744093,0.345352,0.352131,0.080780,-0.448319,0.038270
12.6500,0.264927,-0.748112,0.369495,0.394042,0.081680,-0.452268,0.033668
12.6667,0.288084,-0.775186,0.378278,0.411414,0.068940,-0.464042,0.035708
12.6833,0.277346,-0.772427,0.400835,0.449481,0.066227,-0.465727,0.030039
12.7000,0.246821,-0.741747,0.429124,0.464035,0.074415,-0.451916,0.020657
12.7167,0.236889,-0.728697,0.445096,0.467454,0.076563,-0.444968,0.016447
12.7333,0.226903,-0.731869,0.454415,0.457498,0.081641,-0.442988,0.017987
12.7500,0.203323,-0.719241,0.467203,0.428902,0.094602,-0.431033,0.018698
12.7667,0.204685,-0.738336,0.468614,0.432110,0.093859,-0.438800,0.022185
12.7833,0.209877,-0.759662,0.473110,0.446156,0.089756,-0.448824,0.024658
12.8000,0.259374,-0.815165,0.481213,0.373014,0.076842,-0.456817,0.039186
12.8167,0.286478,-0.847588,0.494576,0.302615,0.072392,-0.454606,0.049385
12.8333,0.271158,-0.838688,0.502594,0.291478,0.078995,-0.448103,0.048561
12.8500,0.250755,-0.837998,0.509712,0.301865,0.085931,-0.448372,0.048151
12.8667,0.236251,-0.828586,0.524835,0.315110,0.088655,-0.444991,0.044354
12.8833,0.230514,-0.840379,0.529169,0.326384,0.089798,-0.450536,0.045973
12.9000,0.245011,-0.847540,0.543623,0.305057,0.083882,-0.447575,0.046784
12.9167,0.249096,-0.841529,0.560984,0.273418,0.082701,-0.437454,0.046170
12.9333,0.257837,-0.863072,0.569244,0.224012,0.083053,-0.435055,0.054050
12.9500,0.307520,-0.919148,0.580401,0.138227,0.069738,-0.437521,0.069577
12.9667,0.301264,-0.947191,0.574228,0.145562,0.073819,-0.448698,0.076030
12.9833,0.296380,-0.981462,0.572078,0.100429,0.081055,-0.450844,0.088666
13.0000,0.227185,-0.975288,0.561256,0.001750,0.115537,-0.429512,0.105822
13.0167,0.257276,-1.028188,0.563722,-0.074140,0.108833,-0.430607,0.122033
13.0333,0.238872,-1.054696,0.559859,-0.162532,0.119288,-0.420594,0.140585
13.0500,0.320589,-1.129209,0.574512,-0.274337,0.093904,-0.418284,0.158646
13.0667,0.367642,-1.173304,0.591835,-0.359201,0.078632,-0.411618,0.171562
13.0833,0.444668,-1.235084,0.618702,-0.489994,0.054099,-0.399372,0.191980
13.1000,0.335143,-1.142461,0.620949,-0.618410,0.078210,-0.357987,0.204682
13.1167,0.201180,-1.023932,0.630810,-0.696965,0.104794,-0.320562,0.215254
13.1333,-0.031374,-0.800410,0.659842,-0.693677,0.155960,-0.264382,0.222779
13.1500,-0.213436,-0.642672,0.693157,-0.615224,0.200877,-0.220983,0.229999
13.1667,-0.319630,-0.548237,0.729952,-0.504029,0.232113,-0.191553,0.227017
13.1833,-0.404124,-0.502326,0.745387,-0.398889,0.260447,-0.176058,0.226768
13.2000,-0.460614,-0.455007,0.772798,-0.328398,0.276030,-0.157846,0.225903
13.2167,-0.499187,-0.406316,0.806766,-0.284951,0.282497,-0.137609,0.225155
13.2333,-0.521672,-0.395074,0.819723,-0.251937,0.288966,-0.132137,0.224103
13.2500,-0.515855,-0.395201,0.834665,-0.244316,0.286861,-0.131115,0.219065
13.2667,-0.522227,-0.387256,0.851324,-0.231638,0.286970,-0.126643,0.216580
13.2833,-0.536365,-0.368525,0.867777,-0.222919,0.287232,-0.117915,0.217387
13.3000,-0.536752,-0.364433,0.883713,-0.237812,0.282592,-0.114167,0.218132
13.3167,-0.535870,-0.362130,0.894411,-0.234579,0.281171,-0.112370,0.215914
13.3333,-0.540316,-0.367639,0.901481,-0.220983,0.283284,-0.113601,0.213492
13.3500,-0.540384,-0.366779,0.912641,-0.203310,0.283993,-0.112831,0.208838
13.3833,-0.555415,-0.334239,0.931407,-0.164053,0.286723,-0.100476,0.204941
13.4333,-0.543896,-0.419750,0.910538,-0.249381,0.282477,-0.128231,0.216201
13.4500,-0.553953,-0.435547,0.905076,-0.269382,0.283411,-0.132279,0.222716
13.4833,-0.557660,-0.487891,0.885639,-0.316444,0.283030,-0.148521,0.233469
13.5000,-0.547408,-0.501833,0.891257,-0.337121,0.278099,-0.152036,0.233028
13.5167,-0.537664,-0.525814,0.891233,-0.351142,0.275456,-0.159474,0.232495
13.5333,-0.526723,-0.557162,0.887594,-0.372239,0.272179,-0.169137,0.233492
13.5500,-0.509860,-0.608011,0.877245,-0.392799,0.269239,-0.185536,0.234315
13.5667,-0.489047,-0.652166,0.870952,-0.408650,0.265025,-0.199726,0.233241
13.5833,-0.456153,-0.757947,0.841794,-0.403720,0.264739,-0.236240,0.232774
13.6000,-0.254281,-0.983749,0.848872,-0.462878,0.210279,-0.304692,0.212247
13.6167,-0.340204,-0.845459,0.848620,-0.280292,0.252321,-0.283862,0.189790
13.6333,-0.295915,-0.874922,0.856983,-0.268096,0.240279,-0.296897,0.178872
13.6500,-0.288582,-0.868024,0.856444,-0.207382,0.243546,-0.304024,0.167269
13.6667,-0.295613,-0.849144,0.852946,-0.166494,0.249374,-0.303929,0.161246
13.6833,-0.265344,-0.858049,0.859261,-0.129456,0.241882,-0.314077,0.148445
13.7000,-0.278905,-0.824246,0.857160,-0.029677,0.252377,-0.318094,0.133197
13.7167,-0.237394,-0.851503,0.860508,-0.009112,0.238776,-0.333648,0.123407
13.7333,-0.192225,-0.883226,0.861110,0.035519,0.224038,-0.355640,0.111692
13.7500,-0.159883,-0.898437,0.860488,0.088783,0.212999,-0.373031,0.100595
13.7667,-0.174910,-0.867886,0.853108,0.136958,0.220336,-0.370906,0.093672
13.7833,-0.160195,-0.879772,0.847767,0.153214,0.215426,-0.379772,0.091448
13.8000,-0.098585,-0.940403,0.846756,0.153654,0.191167,-0.405305,0.090936
13.8167,-0.082963,-0.933358,0.847351,0.174747,0.184717,-0.407765,0.084274
13.8333,-0.090750,-0.894839,0.845485,0.190432,0.188074,-0.396536,0.076725
13.8500,-0.092745,-0.870247,0.845083,0.191737,0.189101,-0.387533,0.072408
13.8667,-0.089009,-0.857626,0.846076,0.183071,0.187652,-0.381127,0.070439
13.8833,-0.086421,-0.842063,0.846219,0.168438,0.186976,-0.372549,0.069040
13.9000,-0.053934,-0.854467,0.849293,0.136122,0.173991,-0.372263,0.069066
13.9167,-0.036701,-0.867024,0.848018,0.150782,0.166956,-0.380656,0.066645
13.9333,0.004452,-0.909574,0.847099,0.150830,0.150297,-0.398109,0.068202
13.9500,-0.016160,-0.882025,0.840540,0.166379,0.159420,-0.390851,0.065141
13.9667,-0.003013,-0.897813,0.837933,0.176366,0.154131,-0.399455,0.065284
13.9833,-0.016610,-0.878650,0.831794,0.203004,0.159882,-0.397611,0.061535
14.0000,-0.011620,-0.878608,0.830562,0.208368,0.157824,-0.398986,0.060312
14.0167,0.015864,-0.897406,0.832553,0.214987,0.145694,-0.408197,0.059085
14.0333,0.010380,-0.886012,0.828854,0.231748,0.147964,-0.407448,0.056203
14.0500,0.017114,-0.889935,0.825462,0.226557,0.145874,-0.408426,0.057065
14.0667,0.013936,-0.881772,0.823596,0.223579,0.147669,-0.404847,0.056389
14.0833,0.048710,-0.910195,0.823059,0.202575,0.134138,-0.412530,0.059559
14.1000,0.085488,-0.938875,0.826390,0.211010,0.117814,-0.425604,0.059838
14.1167,0.104571,-0.961527,0.822868,0.228005,0.109741,-0.438131,0.061512
14.1333,0.133274,-0.986459,0.822421,0.226579,0.098074,-0.447488,0.064574
14.1500,0.141058,-0.984131,0.821669,0.236427,0.094289,-0.449002,0.062550
14.1667,0.144288,-0.985440,0.819540,0.242935,0.092914,-0.451104,0.062271
14.1833,0.161568,-0.983829,0.820568,0.284516,0.082475,-0.459428,0.057458
14.2000,0.161169,-0.963210,0.819519,0.315283,0.080128,-0.458419,0.050621
14.2167,0.177454,-0.967583,0.819312,0.330207,0.071936,-0.463433,0.049622
14.2333,0.217133,-0.980180,0.825496,0.354138,0.051657,-0.473071,0.048559
14.2500,0.276060,-0.991411,0.834886,0.409874,0.019019,-0.488381,0.046665
14.2667,0.345009,-0.990607,0.856232,0.406890,-0.015816,-0.485509,0.045101
14.2833,0.389280,-0.961642,0.870418,0.456457,-0.045174,-0.483151,0.037213
14.3000,0.390020,-0.910701,0.865901,0.578853,-0.061127,-0.488174,0.023770
14.3167,0.417656,-0.863371,0.863859,0.684777,-0.089455,-0.489172,0.014800
14.3333,0.422790,-0.803229,0.859235,0.708184,-0.097857,-0.468352,0.000489
14.3500,0.396147,-0.726242,0.830489,0.862722,-0.105380,-0.465939,-0.016478
14.3667,0.366320,-0.598122,0.680178,1.221124,-0.138569,-0.474513,-0.028958
14.3833,0.360756,-0.509298,0.427002,1.422364,-0.168534,-0.462983,-0.031815
14.4000,0.315742,-0.453596,0.226726,1.504126,-0.163221,-0.446572,-0.047396
14.4167,0.534707,-0.354163,0.291756,0.446781,-0.056620,-0.314921,-0.033375
14.4333,0.523657,-0.311251,0.386737,0.122725,-0.002927,-0.253421,0.003529
14.5333,0.534410,-0.371783,0.445061,-0.077736,0.010770,-0.247862,0.039311
14.5500,0.556132,-0.404350,0.469066,-0.074217,-0.001802,-0.254031,0.039143
14.5667,0.464427,-0.351255,0.547994,-0.104882,0.030583,-0.217426,0.043574
14.5833,0.452795,-0.379982,0.563212,-0.106864,0.032261,-0.223809,0.044318
14.6000,0.423198,-0.396499,0.607589,-0.017843,0.029337,-0.227687,0.027341
14.6167,0.411272,-0.435998,0.645677,0.113587,0.013828,-0.247937,0.004482
14.6333,0.386173,-0.452266,0.680371,0.327918,-0.007012,-0.274010,-0.027287
14.6500,0.374265,-0.463959,0.703991,0.479073,-0.026100,-0.296161,-0.044616
14.6667,0.370001,-0.466245,0.722476,0.604185,-0.045276,-0.313003,-0.055819
14.6833,0.377845,-0.468902,0.728100,0.769277,-0.076298,-0.338760,-0.064276
14.7000,0.267295,-0.452609,0.456777,1.420283,-0.120785,-0.437314,-0.058985
14.7167,0.280723,-0.499128,0.244648,1.500741,-0.141849,-0.469515,-0.039846
14.7333,0.251091,-0.493259,0.113472,1.504555,-0.127220,-0.469910,-0.046110
14.7500,0.212733,-0.516961,0.028852,1.504582,-0.105907,-0.483822,-0.044307
14.7667,0.191844,-0.530788,-0.027428,1.504593,-0.094175,-0.491437,-0.041947
14.7833,0.185217,-0.568977,-0.064111,1.504602,-0.089437,-0.510030,-0.031004
14.8000,0.195613,-0.598343,-0.092829,1.504561,-0.093876,-0.523526,-0.020575
14.8167,0.334837,-0.587046,-0.036905,1.112117,-0.077139,-0.510700,-0.014628
14.8333,0.368554,-0.594987,0.016315,0.754557,-0.016402,-0.490032,-0.001815
14.8500,0.376612,-0.625868,0.053878,0.592709,0.012431,-0.482997,0.014538
14.8667,0.401488,-0.665754,0.084106,0.486695,0.021137,-0.482043,0.030186
14.8833,0.383694,-0.673633,0.112384,0.445061,0.035590,-0.475236,0.033369
14.9000,0.381816,-0.683302,0.140720,0.416552,0.040098,-0.470455,0.035334
14.9167,0.396764,-0.712838,0.160261,0.389469,0.038075,-0.474199,0.042249
14.9333,0.408782,-0.720576,0.190365,0.343447,0.038072,-0.465722,0.044649
14.9500,0.384543,-0.703030,0.213487,0.330144,0.048264,-0.453740,0.040213
14.9667,0.349656,-0.699462,0.244437,0.342295,0.059608,-0.448528,0.036439
14.9833,0.320005,-0.687052,0.263196,0.317132,0.074391,-0.436803,0.036550
15.0000,0.267720,-0.675681,0.294733,0.305780,0.096237,-0.424695,0.036281
15.0167,0.253161,-0.684083,0.322206,0.235725,0.108436,-0.412267,0.045570
15.0333,0.233225,-0.683865,0.344464,0.233239,0.115300,-0.407493,0.045369
15.0500,0.251203,-0.714911,0.356503,0.259306,0.104319,-0.420919,0.044525
15.0667,0.217613,-0.710231,0.381135,0.291212,0.113033,-0.419279,0.040249
15.0833,0.228660,-0.740821,0.382813,0.299038,0.107828,-0.431517,0.044242
15.1000,0.223618,-0.753169,0.395291,0.282709,0.110821,-0.431096,0.047885
15.1167,0.182224,-0.739885,0.416678,0.315791,0.122988,-0.427289,0.043140
15.1333,0.150781,-0.727997,0.437763,0.317956,0.134136,-0.419024,0.041907
15.1500,0.205709,-0.777066,0.455300,0.275443,0.113333,-0.428732,0.048487
15.1667,0.280383,-0.845601,0.468698,0.225362,0.086457,-0.443670,0.059847
15.1833,0.278693,-0.894459,0.465644,0.205480,0.091343,-0.456539,0.073370
15.2000,0.323471,-0.954270,0.474713,0.094512,0.084074,-0.454220,0.093159
15.2167,0.345625,-0.982003,0.487886,0.061515,0.077324,-0.454861,0.099288
15.2333,0.339183,-0.991461,0.501172,-0.018671,0.083781,-0.440485,0.108608
15.2500,0.370141,-1.046762,0.505722,-0.123608,0.079963,-0.435371,0.128919
15.2667,0.473623,-1.137420,0.521293,-0.199283,0.049937,-0.442833,0.147315
15.2833,0.540680,-1.197852,0.541614,-0.270044,0.031370,-0.441144,0.161932
15.3000,0.415386,-1.138561,0.535116,-0.410613,0.071928,-0.400825,0.175546
15.3167,0.256727,-1.042597,0.537626,-0.557348,0.111274,-0.352951,0.197843
15.3333,0.253273,-1.034072,0.566266,-0.716798,0.098966,-0.327043,0.221703
15.3500,0.169673,-0.959945,0.595266,-0.767843,0.110272,-0.303108,0.229219
15.3667,-0.075395,-0.773268,0.617142,-0.676208,0.172381,-0.262440,0.229920
15.3833,-0.271435,-0.619667,0.653804,-0.522976,0.229518,-0.221670,0.230112
15.4167,-0.235200,-0.591433,0.715985,-0.512016,0.215731,-0.209249,0.212167
15.4333,-0.184721,-0.698115,0.710543,-0.565485,0.199484,-0.236895,0.215118
15.4500,-0.319933,-0.581089,0.736319,-0.471976,0.236488,-0.201123,0.220828
15.4667,-0.430290,-0.470272,0.772063,-0.397332,0.261231,-0.161711,0.229903
15.4833,-0.511265,-0.432226,0.779151,-0.316206,0.285286,-0.146939,0.237045
15.5000,-0.561546,-0.415356,0.787833,-0.260197,0.300387,-0.139194,0.240923
15.5167,-0.557163,-0.453369,0.787149,-0.274088,0.299833,-0.150991,0.241567
15.5333,-0.514250,-0.514784,0.797063,-0.355457,0.281780,-0.167803,0.241059
15.5500,-0.501329,-0.561375,0.792865,-0.387587,0.276884,-0.181409,0.243610
15.5667,-0.481168,-0.544119,0.820951,-0.396410,0.267792,-0.174073,0.235428
15.5833,-0.389588,-0.550948,0.880007,-0.442926,0.235372,-0.173671,0.212985
15.6000,-0.462034,-0.538642,0.857548,-0.367913,0.263364,-0.171267,0.220476
15.6167,-0.398801,-0.579074,0.885236,-0.432603,0.238961,-0.181254,0.212404
15.6333,-0.335035,-0.632292,0.904620,-0.475349,0.218103,-0.196363,0.203523
15.6500,-0.348663,-0.595351,0.919310,-0.449033,0.221515,-0.184854,0.199621
15.6667,-0.404279,-0.562129,0.909508,-0.369052,0.244570,-0.176850,0.199113
15.7167,-0.541045,-0.477194,0.879673,-0.199772,0.296809,-0.153673,0.210252
15.7333,-0.553029,-0.520091,0.861121,-0.254531,0.296312,-0.165303,0.225605
15.7500,-0.577985,-0.527405,0.849831,-0.282862,0.298603,-0.165115,0.239161
15.7667,-0.573721,-0.524833,0.859196,-0.323558,0.290266,-0.161252,0.242893
15.7833,-0.545418,-0.548200,0.869553,-0.375806,0.276901,-0.166717,0.241806
15.8000,-0.512873,-0.622770,0.857170,-0.403208,0.271185,-0.191042,0.240106
15.8167,-0.485296,-0.636963,0.868907,-0.371655,0.269595,-0.198170,0.226285
15.8333,-0.431611,-0.736288,0.854656,-0.350352,0.264974,-0.235362,0.214938
15.8500,-0.401218,-0.768351,0.854520,-0.287074,0.266027,-0.254220,0.199064
15.8667,-0.402657,-0.746909,0.858885,-0.228454,0.272228,-0.253829,0.187962
15.8833,-0.406951,-0.736130,0.857019,-0.179466,0.278638,-0.256268,0.180870
15.9000,-0.347800,-0.780501,0.865322,-0.179222,0.261665,-0.274619,0.167519
15.9167,-0.236823,-0.895701,0.872158,-0.196766,0.226489,-0.316415,0.154584
15.9333,-0.157887,-0.958931,0.880821,-0.146198,0.202486,-0.348910,0.137815
15.9500,-0.163353,-0.928473,0.878238,-0.052264,0.208486,-0.355491,0.121778
15.9667,-0.206287,-0.854977,0.869397,0.048246,0.228311,-0.346226,0.107592
15.9833,-0.212032,-0.803339,0.874368,0.089179,0.230892,-0.333683,0.095259
16.0000,-0.189601,-0.819894,0.869334,0.136937,0.223810,-0.350495,0.086909
16.0167,-0.129518,-0.872896,0.868412,0.119411,0.200537,-0.370464,0.085393
16.0333,-0.048366,-0.935563,0.874778,0.080597,0.167947,-0.388987,0.085704
16.0500,-0.022794,-0.950863,0.876951,0.091715,0.157386,-0.397545,0.082892
16.0667,-0.017722,-0.951453,0.871886,0.120227,0.155766,-0.404071,0.079701
16.0833,-0.028044,-0.929151,0.866903,0.121897,0.160737,-0.396405,0.077482
16.1000,-0.041267,-0.905340,0.861802,0.135300,0.166709,-0.390314,0.074243
16.1167,-0.071320,-0.856095,0.856276,0.148635,0.179590,-0.373814,0.069805
16.1333,-0.078941,-0.832674,0.856810,0.136849,0.182821,-0.362319,0.068793
16.1500,-0.073240,-0.820599,0.858656,0.124128,0.180427,-0.355488,0.067436
16.1667,-0.074092,-0.804692,0.859565,0.132104,0.180599,-0.350805,0.064003
16.1833,-0.080499,-0.787129,0.857385,0.176423,0.182878,-0.352134,0.056923
16.2000,-0.059656,-0.805785,0.857277,0.181573,0.174141,-0.361317,0.055565
16.2167,-0.039099,-0.815689,0.858310,0.180201,0.165535,-0.365669,0.053777
16.2333,-0.018045,-0.834903,0.856743,0.176162,0.157160,-0.373309,0.054289
16.2500,0.006967,-0.847036,0.860494,0.181623,0.145896,-0.379616,0.051553
16.2667,0.014313,-0.853307,0.857243,0.192751,0.143014,-0.384751,0.050632
16.2833,0.016129,-0.860924,0.852695,0.198732,0.142816,-0.389339,0.051546
16.3000,0.020970,-0.867988,0.848063,0.193799,0.141752,-0.391652,0.053286
16.3167,0.029612,-0.874223,0.845486,0.183441,0.138980,-0.392534,0.054707
16.3333,0.053419,-0.877138,0.849711,0.152841,0.129488,-0.388089,0.055125
16.3500,0.052964,-0.872393,0.848053,0.141218,0.130395,-0.384241,0.055880
16.3667,0.063062,-0.883086,0.846155,0.155529,0.126030,-0.391509,0.055004
16.3833,0.043973,-0.871629,0.837767,0.174084,0.134699,-0.391044,0.054162
16.4000,0.053355,-0.879877,0.835819,0.198097,0.130095,-0.399348,0.052002
16.4167,0.064079,-0.880106,0.835210,0.226151,0.124253,-0.405362,0.047906
16.4333,0.102108,-0.895921,0.842991,0.239420,0.105848,-0.414360,0.044649
16.4500,0.177634,-0.927378,0.858039,0.271302,0.068413,-0.432824,0.040766
16.4667,0.258334,-0.923659,0.881807,0.371996,0.019494,-0.450653,0.028256
16.4833,0.327562,-0.912207,0.892190,0.520715,-0.029511,-0.475442,0.020544
16.5000,0.337964,-0.828403,0.879054,0.752987,-0.062899,-0.487771,0.000700
16.5167,0.355202,-0.759590,0.851376,0.869669,-0.086296,-0.481499,-0.012016
16.5333,0.339978,-0.682234,0.762971,1.089330,-0.105002,-0.490717,-0.020737
16.5500,0.283222,-0.587790,0.463176,1.458174,-0.131973,-0.506096,-0.018885
16.5667,0.314698,-0.544255,0.249006,1.499767,-0.157469,-0.489790,-0.022369
16.5833,0.488506,-0.436374,0.292019,0.767040,-0.097383,-0.379516,-0.047620
16.6000,0.544886,-0.378430,0.379705,0.323641,-0.045652,-0.297233,-0.020253
16.7667,0.449134,-0.318601,0.433864,0.156162,0.020558,-0.248508,-0.002286
16.7833,0.410836,-0.361694,0.472425,0.408489,-0.004243,-0.281196,-0.037945
16.8000,0.383828,-0.399243,0.503261,0.634813,-0.033043,-0.317915,-0.059261
16.8167,0.390110,-0.460650,0.511228,0.825011,-0.072130,-0.369142,-0.061478
16.8333,0.381313,-0.525361,0.500293,0.921118,-0.083772,-0.413871,-0.051764
16.8500,0.294096,-0.544839,0.444204,1.157758,-0.079765,-0.457684,-0.048403
16.8667,0.208982,-0.535291,0.321493,1.323315,-0.064787,-0.476432,-0.047338
16.8833,0.111148,-0.530765,0.158355,1.504218,-0.050590,-0.491401,-0.048730
16.9000,0.180563,-0.543435,0.117379,1.258417,-0.031890,-0.486960,-0.042179
16.9167,0.201725,-0.554915,0.127394,1.170007,-0.023323,-0.487360,-0.038487
16.9333,0.327664,-0.564663,0.174507,0.796882,-0.010795,-0.459231,-0.025035
16.9500,0.352875,-0.575726,0.206800,0.739129,-0.013123,-0.454033,-0.021371
16.9667,0.347606,-0.599929,0.222004,0.759894,-0.014290,-0.464529,-0.018114
16.9833,0.364717,-0.609393,0.247314,0.804721,-0.032865,-0.469761,-0.019085
17.0000,0.362931,-0.628267,0.259467,0.793977,-0.029562,-0.475166,-0.014844
17.0167,0.387333,-0.653876,0.278789,0.752310,-0.033523,-0.478704,-0.007724
17.0333,0.392807,-0.675981,0.300399,0.672277,-0.021288,-0.475315,-0.000773
17.0500,0.423200,-0.703535,0.320138,0.626515,-0.027751,-0.477606,0.007053
17.0667,0.412713,-0.733443,0.331002,0.665402,-0.028725,-0.493338,0.011982
17.0833,0.395046,-0.763168,0.336527,0.629597,-0.012274,-0.499333,0.020342
17.1000,0.389736,-0.788227,0.349104,0.576651,-0.000112,-0.499535,0.027894
17.1167,0.370960,-0.786778,0.367024,0.615231,0.000519,-0.502388,0.024194
17.1333,0.348884,-0.798269,0.375997,0.580831,0.016579,-0.500266,0.028123
17.1500,0.333171,-0.765286,0.392151,0.562675,0.023590,-0.482729,0.018963
17.1667,0.353804,-0.781782,0.408102,0.523386,0.019221,-0.480809,0.023473
17.1833,0.331454,-0.771338,0.419433,0.516377,0.029163,-0.474100,0.020579
17.2000,0.263037,-0.733751,0.439866,0.514956,0.058222,-0.455739,0.012520
17.2167,0.212364,-0.711646,0.446290,0.478039,0.086143,-0.439267,0.013527
17.2333,0.167668,-0.692394,0.453445,0.446729,0.109970,-0.424505,0.016060
17.2500,0.140889,-0.697409,0.455022,0.436931,0.123437,-0.423890,0.021021
17.2667,0.131511,-0.716563,0.458566,0.423105,0.129166,-0.428216,0.027438
17.2833,0.127444,-0.740838,0.464663,0.401128,0.133163,-0.432845,0.034863
17.3000,0.116829,-0.763738,0.469048,0.383275,0.139652,-0.437427,0.042713
17.3167,0.103002,-0.766003,0.472850,0.379416,0.145808,-0.436584,0.045033
17.3333,0.021751,-0.725253,0.486857,0.351750,0.181905,-0.411131,0.050811
17.3500,-0.021860,-0.711733,0.499467,0.289762,0.203321,-0.391486,0.063184
17.3667,-0.061605,-0.698270,0.514540,0.212381,0.221653,-0.369166,0.078432
17.3833,-0.079780,-0.676958,0.529551,0.196922,0.227792,-0.355450,0.079403
17.4000,-0.117359,-0.664518,0.540307,0.186991,0.241299,-0.345375,0.086240
17.4167,-0.127226,-0.671056,0.549827,0.171105,0.244182,-0.343200,0.090849
17.4333,-0.129212,-0.675778,0.557136,0.165927,0.244166,-0.342901,0.091846
17.4500,-0.148580,-0.651705,0.577011,0.165711,0.249315,-0.329754,0.090474
17.4667,-0.168785,-0.647676,0.586711,0.180810,0.255534,-0.327875,0.091079
17.4833,-0.156287,-0.679309,0.589482,0.167206,0.250486,-0.337978,0.094182
17.5000,-0.153850,-0.692549,0.596538,0.158750,0.248817,-0.340682,0.095761
17.5167,-0.138124,-0.713561,0.607504,0.135883,0.241848,-0.344114,0.097053
17.5333,-0.131421,-0.720758,0.617628,0.117935,0.238230,-0.342775,0.097939
17.5500,-0.147284,-0.711703,0.627064,0.120119,0.242963,-0.337576,0.098619
17.5667,-0.144896,-0.721172,0.637679,0.087221,0.240675,-0.334312,0.103108
17.5833,-0.117451,-0.763189,0.642102,0.052956,0.229959,-0.344655,0.107386
17.6000,-0.088715,-0.806989,0.645259,0.032275,0.219014,-0.357541,0.110277
17.6167,-0.039828,-0.868129,0.647418,-0.006094,0.200999,-0.373591,0.115421
17.6333,-0.001907,-0.907812,0.654609,-0.042983,0.186490,-0.380754,0.119175
17.6500,0.024654,-0.944571,0.658470,-0.076377,0.176622,-0.386890,0.124959
17.6667,0.028636,-0.942650,0.670206,-0.137542,0.173168,-0.374224,0.130853
17.6833,0.053167,-0.992628,0.668122,-0.175959,0.164922,-0.383199,0.140968
17.7000,0.059430,-1.003287,0.672840,-0.214512,0.161549,-0.379072,0.146580
17.7167,0.025829,-0.991270,0.669621,-0.283388,0.170786,-0.362756,0.160594
17.7333,0.058886,-1.053321,0.666181,-0.328360,0.159732,-0.373023,0.172141
17.7500,0.170935,-1.169826,0.677431,-0.395050,0.123678,-0.392243,0.184221
17.7667,0.301673,-1.247516,0.722723,-0.481993,0.077894,-0.393728,0.191447
17.7833,0.409267,-1.301865,0.774206,-0.571849,0.039330,-0.387386,0.202526
17.8000,0.474609,-1.300596,0.822847,-0.601455,0.012415,-0.379751,0.202003
17.8167,0.597322,-1.331058,0.900580,-0.594815,-0.034357,-0.382330,0.203968
17.8333,0.541420,-1.321146,0.880063,-0.717016,-0.013076,-0.362063,0.221270
17.8500,0.139708,-0.976061,0.765441,-0.803761,0.093231,-0.288290,0.224212
17.8833,0.119702,-0.818080,0.846244,-0.726381,0.092845,-0.253329,0.194651
17.9667,-0.147784,-0.652006,0.794132,-0.627534,0.173000,-0.214767,0.209420
18.1833,-0.452775,-0.612221,0.680938,-0.427814,0.275440,-0.210312,0.254779
18.2000,-0.514327,-0.582869,0.687547,-0.419446,0.285991,-0.197358,0.268352
18.2167,-0.532024,-0.594241,0.684912,-0.414450,0.290198,-0.199868,0.273281
18.2333,-0.466322,-0.679153,0.689147,-0.509984,0.264915,-0.221059,0.271813
18.2500,-0.227833,-0.874544,0.715024,-0.677187,0.193472,-0.267722,0.251016
18.2667,-0.175546,-0.912432,0.734164,-0.595449,0.191197,-0.284567,0.228252
18.2833,-0.027259,-1.068810,0.745248,-0.589024,0.154984,-0.326795,0.216580
18.3000,0.097104,-1.208275,0.758008,-0.504256,0.127617,-0.373929,0.204263
18.3167,0.172512,-1.286538,0.773354,-0.383378,0.109968,-0.414502,0.191741
18.3333,0.148401,-1.254797,0.769102,-0.301463,0.119048,-0.422899,0.179207
18.3500,0.014417,-1.122527,0.739032,-0.236850,0.165741,-0.399602,0.167988
18.3667,-0.178166,-0.905470,0.728134,-0.098982,0.234337,-0.352552,0.151247
18.3833,-0.241895,-0.792228,0.749261,-0.008520,0.256748,-0.323743,0.133894
18.4000,-0.170763,-0.864489,0.751600,-0.045877,0.231003,-0.346398,0.132200
18.4167,-0.112416,-0.907712,0.760320,-0.047611,0.209586,-0.362883,0.125256
18.4333,-0.070791,-0.943033,0.764906,-0.048151,0.194212,-0.376038,0.122324
18.4500,-0.069430,-0.933773,0.768375,-0.034115,0.193458,-0.375362,0.118048
18.4667,-0.106507,-0.863867,0.776933,0.056014,0.206496,-0.365403,0.100320
18.4833,-0.132092,-0.824642,0.779025,0.123791,0.215960,-0.362134,0.089778
18.5000,-0.161710,-0.765448,0.786824,0.154026,0.226318,-0.342873,0.081986
18.5167,-0.126685,-0.799185,0.787438,0.123814,0.212739,-0.352072,0.083690
18.5333,-0.125347,-0.800784,0.786435,0.142267,0.212313,-0.356233,0.081162
18.5500,-0.125109,-0.806288,0.783250,0.156771,0.212517,-0.361319,0.080453
18.5667,-0.128688,-0.805407,0.780526,0.171816,0.214145,-0.363872,0.079411
18.5833,-0.141547,-0.792690,0.778289,0.175434,0.219498,-0.359240,0.079929
18.6000,-0.158594,-0.770616,0.778081,0.178284,0.226241,-0.350376,0.079862
18.6167,-0.164123,-0.771852,0.774299,0.189047,0.228799,-0.352900,0.080320
18.6333,-0.154870,-0.788015,0.770789,0.176669,0.225668,-0.357716,0.083034
18.6500,-0.170169,-0.775745,0.767992,0.188880,0.232012,-0.354707,0.083126
18.6667,-0.190091,-0.757077,0.765875,0.198226,0.239993,-0.348238,0.083861
18.6833,-0.193731,-0.760750,0.762007,0.209777,0.241775,-0.351959,0.084245
18.7000,-0.196412,-0.760408,0.759693,0.223776,0.243006,-0.354482,0.083229
18.7167,-0.178223,-0.793975,0.753465,0.230455,0.236348,-0.370522,0.084550
18.7333,-0.179317,-0.796027,0.750838,0.232898,0.237142,-0.371976,0.085138
18.7500,-0.171000,-0.813761,0.745385,0.225821,0.234531,-0.378470,0.088078
18.7667,-0.158106,-0.823230,0.743959,0.207360,0.229990,-0.379472,0.089365
18.7833,-0.142468,-0.831394,0.745017,0.193925,0.223948,-0.380762,0.088963
18.8000,-0.135397,-0.825114,0.748344,0.185463,0.220995,-0.376887,0.086897
18.8167,-0.128032,-0.823120,0.750960,0.186520,0.217800,-0.376486,0.084458
18.8333,-0.119843,-0.827717,0.751582,0.192835,0.214400,-0.379803,0.082630
18.8500,-0.107004,-0.831968,0.753978,0.201374,0.208823,-0.383464,0.079339
18.8667,-0.111437,-0.818578,0.755423,0.214501,0.210177,-0.380527,0.076023
18.8833,-0.101020,-0.827803,0.755035,0.225676,0.205722,-0.386760,0.074251
18.9000,-0.087653,-0.839782,0.753832,0.239319,0.200005,-0.394704,0.072441
18.9167,-0.072631,-0.842344,0.756972,0.243546,0.193277,-0.396917,0.069186
18.9333,-0.061799,-0.852708,0.755009,0.262865,0.188373,-0.405345,0.067247
18.9500,-0.044605,-0.858788,0.756427,0.276601,0.180417,-0.411001,0.063764
18.9667,-0.030943,-0.855533,0.760457,0.283823,0.173792,-0.411417,0.059450
18.9833,-0.034166,-0.845266,0.758291,0.331212,0.173020,-0.416926,0.053321
19.0000,-0.022206,-0.827592,0.764508,0.342842,0.166331,-0.412227,0.045811
19.0167,0.041126,-0.859633,0.772101,0.322390,0.138857,-0.422254,0.044348
19.0333,0.098702,-0.878771,0.783600,0.321314,0.111903,-0.430034,0.040308
19.0500,0.141671,-0.873849,0.798611,0.326819,0.089778,-0.428866,0.032985
19.0667,0.180862,-0.861314,0.812595,0.364621,0.066323,-0.430856,0.023183
19.0833,0.203861,-0.838429,0.821190,0.424941,0.048221,-0.433144,0.012226
19.1000,0.234412,-0.794800,0.828962,0.580104,0.014946,-0.445023,-0.006591
19.1167,0.288798,-0.668941,0.826845,0.877048,-0.053920,-0.444655,-0.037978
19.1333,0.285123,-0.597266,0.763417,1.049967,-0.073521,-0.445456,-0.048996
19.1500,0.296198,-0.559402,0.692618,1.118782,-0.086552,-0.442491,-0.052643
19.1667,0.237713,-0.476376,0.399034,1.502909,-0.120978,-0.459163,-0.053039
19.1833,0.301123,-0.486934,0.199115,1.515555,-0.155633,-0.462734,-0.037205
19.2000,0.496738,-0.411609,0.248225,0.702252,-0.086214,-0.369229,-0.046200
19.2167,0.533765,-0.340835,0.356266,0.198365,-0.017195,-0.276746,-0.005884
19.2333,0.474234,-0.299603,0.416274,0.140728,0.013933,-0.243928,-0.000301
19.2667,0.435234,-0.263959,0.498979,0.034324,0.037231,-0.205873,0.018298
19.3000,0.397973,-0.280997,0.531932,0.047680,0.046707,-0.205666,0.016718
19.3167,0.387697,-0.304966,0.586060,-0.063826,0.053896,-0.195868,0.038431
19.3333,0.415691,-0.399571,0.608729,-0.098378,0.039307,-0.221848,0.043199
19.3500,0.419510,-0.472392,0.625723,0.002725,0.023990,-0.253587,0.025153
19.3667,0.269066,-0.380206,0.678543,0.081724,0.073928,-0.215548,0.014433
19.3833,0.197394,-0.446399,0.671364,0.272034,0.087793,-0.263735,-0.011634
19.4000,0.227847,-0.565002,0.662871,0.468969,0.052175,-0.345413,-0.029395
19.4167,0.260721,-0.642985,0.657063,0.604255,0.019286,-0.403136,-0.029428
19.4333,0.281611,-0.664324,0.661170,0.590993,0.010545,-0.409807,-0.025033
19.4500,0.323059,-0.718357,0.659980,0.584042,-0.007571,-0.432119,-0.013759
19.4667,0.356880,-0.790344,0.649462,0.617994,-0.024850,-0.469381,0.002675
19.4833,0.343668,-0.835207,0.634117,0.611181,-0.013132,-0.488077,0.015140
19.5000,0.304472,-0.851188,0.629035,0.350099,0.040200,-0.447067,0.031715
19.5167,0.258028,-0.845275,0.621733,0.317544,0.065666,-0.439108,0.036026
19.5333,0.248898,-0.831036,0.634902,0.260833,0.072893,-0.421577,0.037561
19.5500,0.246407,-0.831623,0.645767,0.224151,0.075670,-0.413608,0.040484
19.5667,0.234119,-0.826387,0.652956,0.204632,0.081472,-0.406950,0.041803
19.5833,0.220941,-0.822792,0.656142,0.200963,0.086968,-0.404293,0.042217
19.6000,0.218097,-0.819335,0.662719,0.192091,0.087771,-0.400459,0.042280
19.6167,0.220235,-0.817663,0.670339,0.187751,0.085954,-0.398130,0.041512
19.6333,0.222074,-0.823554,0.677579,0.203993,0.082856,-0.402380,0.039786
19.6500,0.239658,-0.834289,0.687851,0.199709,0.074053,-0.404526,0.040012
19.6667,0.243279,-0.833808,0.699121,0.229996,0.068102,-0.408611,0.035370
19.6833,0.239869,-0.833853,0.704739,0.218880,0.069607,-0.405773,0.036313
19.7000,0.214035,-0.823625,0.706013,0.222232,0.080335,-0.401974,0.035714
19.7167,0.198388,-0.819820,0.710945,0.186361,0.089026,-0.392973,0.039931
19.7333,0.185569,-0.813959,0.713221,0.172180,0.095113,-0.387601,0.041562
19.7500,0.170071,-0.807932,0.716995,0.175635,0.100891,-0.385187,0.041094
19.7667,0.172937,-0.828331,0.716947,0.199228,0.098310,-0.397156,0.041590
19.7833,0.175908,-0.854849,0.713800,0.199695,0.097867,-0.407402,0.046590
19.8000,0.162883,-0.855742,0.713474,0.217022,0.102374,-0.410743,0.046096
19.8167,0.182830,-0.881012,0.717632,0.175122,0.096383,-0.411891,0.053248
19.8333,0.213914,-0.907660,0.725948,0.147268,0.084187,-0.415754,0.057815
19.8500,0.236940,-0.946796,0.727053,0.110754,0.077665,-0.422524,0.067485
19.8667,0.225622,-0.948586,0.726647,0.088539,0.083810,-0.418628,0.071082
19.8833,0.216380,-0.960344,0.723254,0.104285,0.087585,-0.425834,0.072856
19.9000,0.166878,-0.958102,0.708445,0.057421,0.112497,-0.416267,0.083975
19.9167,0.144963,-0.979278,0.697762,0.002378,0.125336,-0.412906,0.098345
19.9333,0.182790,-1.040184,0.696582,-0.073562,0.114693,-0.417983,0.115125
19.9500,0.304212,-1.206670,0.696977,-0.285678,0.081315,-0.423504,0.161473
19.9667,0.330479,-1.239759,0.706834,-0.381055,0.072899,-0.412389,0.176289
19.9833,0.179827,-1.113208,0.684779,-0.507785,0.114843,-0.360196,0.189844
20.0000,-0.086518,-0.863724,0.683788,-0.573200,0.179190,-0.284280,0.211410
20.0167,-0.316810,-0.725061,0.665105,-0.495040,0.242363,-0.246560,0.238561
20.0333,-0.390748,-0.642364,0.694868,-0.537410,0.246428,-0.214286,0.255110
20.0500,-0.438262,-0.577838,0.728730,-0.511878,0.254012,-0.191728,0.256550
20.0667,-0.458356,-0.543708,0.758070,-0.471474,0.259663,-0.179391,0.250798
20.0833,-0.488560,-0.451879,0.819441,-0.408544,0.263343,-0.146358,0.240667
20.1000,-0.377996,-0.493975,0.878230,-0.493776,0.224116,-0.156787,0.220865
20.1167,-0.189965,-0.639662,0.937518,-0.631464,0.161803,-0.196067,0.202638
20.1333,-0.336023,-0.589503,0.883892,-0.551077,0.210177,-0.183091,0.219965
20.1500,-0.458981,-0.603268,0.818775,-0.522676,0.246581,-0.186921,0.250914
20.1667,-0.582296,-0.547945,0.793842,-0.427131,0.283463,-0.169581,0.271289
20.1833,-0.642245,-0.516108,0.793626,-0.373075,0.300027,-0.158102,0.280279
20.2000,-0.661581,-0.501927,0.801610,-0.344944,0.306036,-0.152646,0.280595
20.2167,-0.589618,-0.518410,0.844811,-0.420710,0.278531,-0.155364,0.264453
20.2333,-0.583885,-0.533188,0.849150,-0.401630,0.281122,-0.160339,0.259296
20.2500,-0.571951,-0.529402,0.862854,-0.390559,0.279195,-0.159107,0.252202
20.2667,-0.449883,-0.581271,0.915578,-0.490795,0.236946,-0.173346,0.230038
20.2833,-0.314389,-0.634665,0.977618,-0.571718,0.190599,-0.187620,0.208145
20.3000,-0.222353,-0.641993,1.034751,-0.598908,0.157935,-0.188554,0.191697
20.3167,-0.148359,-0.739459,1.046538,-0.635380,0.135841,-0.215220,0.187422
20.3333,-0.065526,-0.897861,1.042501,-0.634767,0.116221,-0.259565,0.182453
20.3500,0.081765,-1.102220,1.064804,-0.583718,0.074978,-0.319790,0.173476
20.3667,-0.092427,-0.881148,1.004820,-0.616663,0.130869,-0.258042,0.184687
20.3833,-0.180213,-0.825915,0.965306,-0.604992,0.160050,-0.243895,0.196389
20.4000,-0.298965,-0.825063,0.891206,-0.543787,0.205847,-0.248174,0.215612
20.4167,-0.400910,-0.774219,0.852474,-0.497151,0.238831,-0.235458,0.232965
20.4333,-0.447986,-0.733489,0.844505,-0.498124,0.248498,-0.221913,0.243651
20.4500,-0.467479,-0.716050,0.842939,-0.487174,0.253767,-0.216737,0.246295
20.4667,-0.479311,-0.739801,0.826492,-0.427490,0.267471,-0.228649,0.243849
20.4833,-0.485260,-0.752234,0.817110,-0.336742,0.283006,-0.241269,0.234209
20.5000,-0.480180,-0.737464,0.824276,-0.244365,0.293223,-0.246489,0.216784
20.5167,-0.464149,-0.746699,0.824959,-0.187032,0.296332,-0.257692,0.204123
20.5333,-0.451190,-0.746597,0.826792,-0.126028,0.299460,-0.266610,0.190858
20.5500,-0.452927,-0.713362,0.834404,-0.073351,0.303948,-0.261409,0.179281
20.5667,-0.368407,-0.784305,0.840611,-0.117692,0.276153,-0.285603,0.167682
20.5833,-0.255302,-0.892949,0.848416,-0.151755,0.238584,-0.323620,0.155477
20.6000,-0.121286,-0.997890,0.868155,-0.139137,0.192393,-0.365466,0.137711
20.6167,-0.055722,-1.028957,0.880934,-0.061554,0.169209,-0.392105,0.119925
20.6333,-0.080450,-0.985629,0.871538,0.004121,0.180588,-0.390219,0.109601
20.6500,-0.123856,-0.919369,0.861776,0.049718,0.199013,-0.374843,0.101633
20.6667,-0.077633,-0.946127,0.867092,0.035713,0.180591,-0.383301,0.098920
20.6833,-0.065948,-0.925631,0.872096,0.055182,0.175483,-0.380017,0.090143
20.7000,-0.045020,-0.935107,0.874257,0.055709,0.166948,-0.384180,0.088119
20.7167,-0.038536,-0.924990,0.876023,0.050907,0.164249,-0.379793,0.085638
20.7333,-0.005773,-0.930079,0.883573,0.039140,0.150293,-0.380006,0.082088
20.7500,-0.010911,-0.893728,0.885462,0.062042,0.151735,-0.371038,0.073621
20.7667,-0.024874,-0.862852,0.883930,0.069949,0.157485,-0.360862,0.069967
20.7833,-0.036509,-0.843341,0.880579,0.072904,0.162664,-0.354045,0.068883
20.8000,-0.032890,-0.834573,0.881039,0.086114,0.160997,-0.353320,0.065197
20.8167,-0.020371,-0.826196,0.886667,0.082948,0.155003,-0.349547,0.061938
20.8333,-0.017626,-0.828662,0.883411,0.109458,0.154066,-0.355801,0.058591
20.8500,-0.020660,-0.807114,0.883717,0.133884,0.154730,-0.351946,0.052694
20.8667,-0.022204,-0.818284,0.875524,0.161381,0.156143,-0.362132,0.051865
20.8833,-0.015257,-0.829807,0.871946,0.170554,0.153593,-0.368935,0.051919
20.9000,0.014308,-0.860518,0.870197,0.173804,0.141422,-0.382536,0.052699
20.9167,0.015081,-0.851675,0.866707,0.197574,0.140859,-0.384164,0.048659
20.9333,0.026327,-0.855887,0.865277,0.192010,0.136545,-0.385216,0.048735
20.9500,0.025935,-0.847769,0.864508,0.193436,0.136816,-0.382475,0.047205
20.9667,0.038579,-0.848920,0.864184,0.164229,0.132624,-0.377747,0.049287
20.9833,0.055385,-0.858674,0.864834,0.153115,0.125880,-0.379793,0.050098
21.0000,0.041831,-0.826746,0.866113,0.144326,0.131620,-0.365492,0.047477
21.0167,0.027576,-0.818718,0.860462,0.123107,0.139213,-0.358576,0.051521
21.0333,0.036821,-0.830169,0.859547,0.125846,0.135472,-0.363844,0.051752
21.0500,0.050213,-0.851419,0.857136,0.140265,0.129925,-0.375288,0.051738
21.0667,0.068846,-0.877085,0.855248,0.153534,0.122023,-0.388211,0.052497
21.0833,0.091224,-0.911295,0.852036,0.168429,0.112737,-0.404774,0.054963
21.1000,0.141412,-0.964894,0.853162,0.167924,0.091986,-0.425215,0.060815
21.1167,0.163862,-0.977069,0.856477,0.170875,0.081919,-0.430357,0.060931
21.1333,0.207495,-0.972135,0.871035,0.212963,0.057886,-0.436676,0.052049
21.1500,0.253017,-1.003802,0.875167,0.257668,0.035109,-0.457497,0.053901
21.1667,0.297443,-0.995394,0.886175,0.346712,0.005891,-0.472253,0.045942
21.1833,0.371308,-0.993397,0.904269,0.431201,-0.038641,-0.487183,0.043495
21.2000,0.401179,-0.935961,0.906498,0.604547,-0.074221,-0.499645,0.030136
21.2167,0.389076,-0.863439,0.873218,0.825560,-0.093910,-0.515821,0.017261
21.2333,0.373398,-0.782637,0.805396,1.010616,-0.108238,-0.519327,0.005067
21.2500,0.348087,-0.708022,0.694967,1.156384,-0.113371,-0.516433,-0.005992
21.2667,0.403449,-0.674693,0.662508,0.945318,-0.106895,-0.470646,-0.020910
21.2833,0.419309,-0.655532,0.651584,0.911833,-0.109448,-0.457304,-0.024772
21.3000,0.399678,-0.597113,0.638183,0.959550,-0.108819,-0.438954,-0.038645
21.3167,0.339927,-0.474993,0.431344,1.362397,-0.147143,-0.441827,-0.048343
21.3333,0.442064,-0.449986,0.450500,0.850650,-0.099963,-0.373545,-0.057482
21.3500,0.434593,-0.396454,0.501449,0.657321,-0.062862,-0.318852,-0.058677
21.3667,0.413035,-0.374656,0.547391,0.484127,-0.025530,-0.281606,-0.047508
21.4167,0.352584,-0.327097,0.577627,0.410600,0.013245,-0.247050,-0.041980
21.4333,0.337955,-0.328619,0.600097,0.418069,0.016501,-0.244530,-0.043218
21.4500,0.340433,-0.353201,0.615796,0.432164,0.010716,-0.254389,-0.044504
21.4667,0.363933,-0.401171,0.625908,0.436021,-0.003554,-0.274586,-0.042711
21.4833,0.379354,-0.457738,0.638462,0.487149,-0.021286,-0.304589,-0.044282
21.5000,0.385011,-0.518842,0.643906,0.602157,-0.043106,-0.348056,-0.046984
21.5167,0.381998,-0.566842,0.636194,0.786732,-0.070644,-0.399367,-0.047123
21.5333,0.319663,-0.537500,0.535746,1.206455,-0.107094,-0.452889,-0.048017
21.5500,0.215280,-0.524820,0.296570,1.502640,-0.106977,-0.484543,-0.042239
21.5667,0.176412,-0.556476,0.138926,1.503825,-0.084783,-0.501365,-0.034700
21.5833,0.269056,-0.563184,0.142199,1.092313,-0.041955,-0.485026,-0.034042
21.6000,0.279286,-0.597200,0.158952,1.011564,-0.028794,-0.493410,-0.024203
21.6167,0.265743,-0.646637,0.164368,1.061119,-0.030349,-0.518640,-0.011482
21.6333,0.358544,-0.691833,0.191547,0.764006,-0.014122,-0.507089,0.008438
21.6500,0.388125,-0.702165,0.225026,0.586388,0.003683,-0.485711,0.017050
21.6667,0.352600,-0.707651,0.249794,0.484073,0.036597,-0.470387,0.024023
21.6833,0.307923,-0.698286,0.275204,0.428813,0.063613,-0.454641,0.026294
21.7000,0.245453,-0.694105,0.301406,0.436686,0.089140,-0.448879,0.026191
21.7167,0.227800,-0.696831,0.323491,0.403660,0.099947,-0.441064,0.029654
21.7333,0.208011,-0.671920,0.358721,0.347231,0.112270,-0.417126,0.029305
21.7500,0.227790,-0.673967,0.390187,0.299828,0.105866,-0.406125,0.030257
21.7667,0.211400,-0.658606,0.422494,0.313729,0.108142,-0.396769,0.023865
21.7833,0.197765,-0.650309,0.450250,0.326931,0.109778,-0.390709,0.019341
21.8000,0.198153,-0.648734,0.464183,0.324278,0.108327,-0.387430,0.018058
21.8167,0.204486,-0.656656,0.481313,0.313499,0.104781,-0.386246,0.018498
21.8333,0.209925,-0.669353,0.495589,0.307672,0.101454,-0.388110,0.019427
21.8500,0.219903,-0.683447,0.515467,0.292443,0.096349,-0.388238,0.020824
21.8667,0.189006,-0.680319,0.526054,0.283288,0.109817,-0.383121,0.023446
21.8833,0.186866,-0.694656,0.541457,0.263654,0.110838,-0.382955,0.027110
21.9000,0.194342,-0.702407,0.556113,0.277179,0.104460,-0.386136,0.024363
21.9167,0.198572,-0.705435,0.566174,0.273878,0.101551,-0.385312,0.023994
21.9333,0.199490,-0.703165,0.577323,0.268321,0.100150,-0.381878,0.023138
21.9500,0.213232,-0.720340,0.593437,0.244759,0.094214,-0.382462,0.026046
21.9667,0.217201,-0.719969,0.609060,0.233309,0.091266,-0.378198,0.025600
21.9833,0.240273,-0.746276,0.624620,0.167523,0.084835,-0.375200,0.034797
22.0000,0.236447,-0.761915,0.636341,0.127647,0.088048,-0.372403,0.041651
22.0167,0.254793,-0.809900,0.636173,0.145974,0.079614,-0.393217,0.045589
22.0333,0.285492,-0.867874,0.639221,0.094806,0.071341,-0.404375,0.059521
22.0500,0.225121,-0.871379,0.627913,0.061291,0.100382,-0.399647,0.070370
22.0667,0.199562,-0.908792,0.614188,0.031687,0.115070,-0.407443,0.085326
22.0833,0.140131,-0.914830,0.600695,-0.003948,0.141662,-0.402509,0.100078
22.1000,0.173342,-0.978047,0.599184,-0.070477,0.132532,-0.410520,0.116547
22.1167,0.309891,-1.123442,0.602068,-0.125098,0.089302,-0.443201,0.137700
22.1333,0.427150,-1.207083,0.631528,-0.225619,0.051518,-0.442889,0.154350
22.1500,0.543776,-1.288659,0.671245,-0.256399,0.012338,-0.452959,0.166855
22.1667,0.336768,-1.176018,0.626290,-0.454290,0.081993,-0.391340,0.183377
22.1833,0.472085,-1.258083,0.677113,-0.629102,0.036790,-0.375930,0.209851
22.2000,0.526979,-1.262690,0.720428,-0.686324,0.015046,-0.365205,0.215484
22.2167,0.184525,-0.980917,0.671302,-0.750808,0.099216,-0.302548,0.218757
22.2333,-0.119461,-0.767161,0.662337,-0.670159,0.177768,-0.254693,0.230716
22.2500,-0.273337,-0.658010,0.680252,-0.566743,0.221356,-0.225460,0.235786
22.2667,-0.356762,-0.564808,0.725326,-0.487736,0.242691,-0.194986,0.233368
22.2833,-0.377522,-0.514826,0.773936,-0.436336,0.246781,-0.176186,0.223053
22.3000,-0.363754,-0.501873,0.803182,-0.432756,0.240232,-0.169949,0.215570
22.3167,-0.353261,-0.492344,0.828071,-0.428551,0.234878,-0.165106,0.209520
22.3333,-0.330829,-0.514119,0.848287,-0.440835,0.226344,-0.170014,0.204008
22.3500,-0.294745,-0.540294,0.872477,-0.456423,0.213674,-0.176330,0.195970
22.3667,-0.282678,-0.555090,0.886949,-0.471512,0.207383,-0.179072,0.194498
22.3833,-0.244431,-0.615692,0.893262,-0.519683,0.193251,-0.195377,0.195126
22.4000,-0.169912,-0.700122,0.911276,-0.587935,0.166529,-0.216631,0.193874
22.4167,-0.128731,-0.740884,0.925682,-0.606133,0.152793,-0.226805,0.190360
22.4333,-0.236104,-0.648426,0.910626,-0.536818,0.187402,-0.202297,0.194882
22.4500,-0.208617,-0.705826,0.909046,-0.588996,0.175890,-0.216588,0.200851
22.4667,-0.234564,-0.672052,0.915343,-0.565018,0.183443,-0.206986,0.199589
22.4833,-0.269451,-0.630114,0.920477,-0.539921,0.192975,-0.194580,0.200434
22.5000,-0.301151,-0.598317,0.923676,-0.517493,0.201686,-0.184805,0.202043
22.5167,-0.372931,-0.521675,0.927106,-0.453577,0.222614,-0.161059,0.205734
22.5333,-0.428960,-0.467373,0.931277,-0.400138,0.238422,-0.142993,0.209537
22.5500,-0.476954,-0.482353,0.904668,-0.382382,0.255185,-0.147672,0.220902
22.5667,-0.496582,-0.473697,0.906153,-0.350371,0.262943,-0.144770,0.220265
22.5833,-0.508258,-0.489351,0.897487,-0.346187,0.267884,-0.149899,0.223465
22.6000,-0.544680,-0.469544,0.893462,-0.330010,0.276570,-0.142257,0.231272
22.6167,-0.541643,-0.494695,0.890865,-0.377715,0.270445,-0.148605,0.238324
22.6333,-0.506693,-0.553943,0.891746,-0.453167,0.255321,-0.165522,0.240879
22.6500,-0.493214,-0.594409,0.885852,-0.450641,0.255672,-0.178736,0.237947
22.6667,-0.459810,-0.687307,0.865069,-0.447316,0.255119,-0.209871,0.233847
22.6833,-0.460446,-0.693018,0.863188,-0.372501,0.266441,-0.217388,0.222577
22.7000,-0.396881,-0.759163,0.868154,-0.361386,0.254137,-0.242327,0.207090
22.7167,-0.280464,-0.880419,0.877956,-0.379798,0.222319,-0.282826,0.190303
22.7333,-0.247541,-0.890588,0.885146,-0.292527,0.220492,-0.298782,0.169152
22.7500,-0.176428,-0.938688,0.899502,-0.256393,0.199636,-0.321818,0.152196
22.7667,-0.102647,-0.991532,0.910997,-0.185996,0.177309,-0.352789,0.133766
22.7833,-0.034658,-1.047086,0.921197,-0.146273,0.153227,-0.379689,0.124985
22.8000,-0.035893,-1.021324,0.916559,-0.053654,0.155802,-0.389370,0.109734
22.8167,-0.040465,-0.996537,0.909639,0.003449,0.159003,-0.392565,0.100055
22.8333,-0.041457,-0.969942,0.905098,0.061185,0.160029,-0.395107,0.089228
22.8500,0.011677,-0.980368,0.915829,0.032889,0.137685,-0.394313,0.085509
22.8667,-0.024037,-0.925075,0.904420,0.099771,0.152948,-0.387490,0.074038
22.8833,-0.020316,-0.909877,0.902843,0.110802,0.151551,-0.384379,0.069736
22.9000,0.017269,-0.914827,0.913296,0.109477,0.134350,-0.386393,0.064487
22.9167,0.038492,-0.910456,0.917020,0.129539,0.124439,-0.389134,0.058282
22.9333,0.068282,-0.917171,0.921531,0.126341,0.111284,-0.391471,0.056080
22.9500,0.063321,-0.904998,0.913918,0.150645,0.113880,-0.392297,0.052476
22.9667,0.044504,-0.877991,0.904873,0.163761,0.122903,-0.384967,0.049301
22.9833,0.075383,-0.895472,0.907027,0.180266,0.108793,-0.395556,0.046966
23.0000,0.074738,-0.886584,0.903026,0.190086,0.109331,-0.394490,0.044751
23.0167,0.050936,-0.856012,0.895819,0.177387,0.121239,-0.380306,0.044132
23.0333,0.061318,-0.856496,0.893815,0.149521,0.118263,-0.375622,0.046513
23.0500,0.069735,-0.865228,0.891972,0.152212,0.114965,-0.379890,0.046874
23.0667,0.078047,-0.872042,0.890635,0.156417,0.111557,-0.383655,0.046741
23.0833,0.073699,-0.858618,0.888437,0.168223,0.113275,-0.380944,0.043738
23.1000,0.090111,-0.872252,0.887255,0.158245,0.106955,-0.384729,0.045686
23.1167,0.094742,-0.879283,0.884490,0.165591,0.105241,-0.389243,0.045771
23.1333,0.092964,-0.885885,0.879037,0.168034,0.106929,-0.392664,0.047429
23.1500,0.082333,-0.880975,0.873222,0.165901,0.112599,-0.390665,0.048452
23.1667,0.093825,-0.889176,0.873015,0.170242,0.107569,-0.394934,0.048298
23.1833,0.116731,-0.892530,0.879070,0.177079,0.096357,-0.397560,0.045306
23.2000,0.104846,-0.878395,0.872760,0.209353,0.100866,-0.398887,0.041080
23.2167,0.073383,-0.844126,0.864139,0.251140,0.113660,-0.393902,0.034542
23.2333,0.074391,-0.841626,0.861009,0.238618,0.114388,-0.390782,0.035723
23.2500,0.089735,-0.833407,0.865933,0.219778,0.107760,-0.383870,0.034227
23.2667,0.199219,-0.914395,0.882872,0.221500,0.057422,-0.415860,0.038781
23.2833,0.259774,-0.906212,0.903392,0.275750,0.022347,-0.422269,0.029010
23.3000,0.322784,-0.921390,0.916700,0.336829,-0.013541,-0.439318,0.027399
23.3167,0.361511,-0.898358,0.924289,0.453402,-0.044955,-0.452924,0.018394
23.3333,0.376216,-0.877751,0.918429,0.527722,-0.059555,-0.459914,0.013022
23.3500,0.369793,-0.835821,0.907615,0.601576,-0.064781,-0.458263,0.002281
23.3667,0.346421,-0.768783,0.890875,0.698661,-0.064948,-0.450146,-0.014700
23.3833,0.339646,-0.699056,0.848244,0.913149,-0.086621,-0.462484,-0.027107
23.4000,0.210804,-0.522959,0.508585,1.504289,-0.106318,-0.483103,-0.045722
23.4167,0.335008,-0.453230,0.533772,0.485264,0.013048,-0.319314,-0.040965
23.4333,0.200662,-0.286288,0.624134,0.313128,0.091401,-0.208746,-0.020575
23.4500,0.242804,-0.306045,0.687172,0.098101,0.084261,-0.186322,0.014166
23.6000,0.321001,-0.375358,0.732988,0.038607,0.048218,-0.200848,0.018511
23.6167,0.304534,-0.384915,0.756644,0.020653,0.052260,-0.198520,0.022251
23.6333,0.290775,-0.414863,0.777514,0.090493,0.047860,-0.213342,0.009049
23.6500,0.292832,-0.444715,0.802940,-0.003048,0.049141,-0.210964,0.026021
23.6667,0.291551,-0.461500,0.822312,0.017648,0.044369,-0.216418,0.021628
23.6833,0.277764,-0.462720,0.847208,0.059433,0.042514,-0.217574,0.013959
23.7000,0.261317,-0.467358,0.865865,0.227838,0.032045,-0.237761,-0.014550
23.7167,0.145364,-0.374809,0.873478,0.293017,0.078726,-0.203820,-0.020018
23.7333,0.062318,-0.337310,0.873319,0.318884,0.113845,-0.188640,-0.016141
23.7500,0.049380,-0.349003,0.874995,0.332116,0.118271,-0.194939,-0.017328
23.7667,0.078991,-0.415566,0.876026,0.318480,0.105378,-0.223329,-0.018288
23.7833,0.200532,-0.612548,0.867204,0.315533,0.049947,-0.312711,-0.015748
23.8000,0.287324,-0.713904,0.868964,0.416416,-0.001078,-0.374785,-0.015217
23.8167,0.333238,-0.750415,0.866968,0.550184,-0.037496,-0.415965,-0.015709
23.8333,0.340000,-0.785950,0.848329,0.605191,-0.043366,-0.443770,-0.008770
23.8500,0.326485,-0.801741,0.821857,0.701324,-0.044103,-0.471666,-0.005310
23.8667,0.330560,-0.829047,0.801807,0.732787,-0.046105,-0.491002,0.003131
23.8833,0.364135,-0.868516,0.784024,0.669407,-0.049666,-0.496592,0.015548
23.9000,0.371651,-0.896936,0.767146,0.632560,-0.044366,-0.502566,0.024178
23.9167,0.368735,-0.910764,0.755653,0.616183,-0.038315,-0.506014,0.028451
23.9333,0.356383,-0.916828,0.744068,0.601091,-0.028458,-0.506747,0.030330
23.9500,0.343130,-0.916473,0.737258,0.596002,-0.020559,-0.506412,0.030289
23.9667,0.346209,-0.919852,0.731493,0.585192,-0.019606,-0.506171,0.031733
23.9833,0.345815,-0.922034,0.725679,0.572797,-0.016869,-0.505217,0.032759
24.0000,0.353495,-0.921935,0.723075,0.535621,-0.015475,-0.498285,0.033322
24.0167,0.358087,-0.916903,0.723078,0.492025,-0.012615,-0.487970,0.032738
24.0333,0.351195,-0.899814,0.724923,0.466671,-0.007612,-0.476401,0.028800
24.0500,0.363400,-0.894073,0.731181,0.424263,-0.009615,-0.465319,0.028530
24.0667,0.367090,-0.883247,0.737602,0.389284,-0.008896,-0.453705,0.027138
24.0833,0.328334,-0.854695,0.734987,0.358874,0.011674,-0.437231,0.022615
24.1000,0.272522,-0.818718,0.732382,0.336471,0.039090,-0.419046,0.018368
24.1167,0.220942,-0.785283,0.731472,0.322608,0.063644,-0.402788,0.015794
24.1333,0.190882,-0.768150,0.731479,0.314644,0.077905,-0.394002,0.015518
24.1500,0.162223,-0.738145,0.736768,0.303405,0.090805,-0.378718,0.013483
24.1667,0.157588,-0.738344,0.740274,0.285114,0.093822,-0.374910,0.015845
24.1833,0.121808,-0.722480,0.740251,0.296205,0.109048,-0.369647,0.015432
24.2000,0.105213,-0.717985,0.739417,0.289813,0.117106,-0.366302,0.017429
24.2167,0.106748,-0.728775,0.741046,0.282381,0.116722,-0.369127,0.019737
24.2333,0.113584,-0.741634,0.742066,0.281793,0.113599,-0.374220,0.021023
24.2500,0.122853,-0.752106,0.745986,0.273080,0.109555,-0.376566,0.022347
24.2667,0.125269,-0.755820,0.749780,0.266444,0.108388,-0.376431,0.023093
24.2833,0.110328,-0.749805,0.750885,0.251054,0.115885,-0.370703,0.025486
24.3000,0.132150,-0.789031,0.751025,0.205967,0.109514,-0.378316,0.034909
24.3167,0.154869,-0.824904,0.751123,0.202026,0.100228,-0.391757,0.039149
24.3333,0.208728,-0.879172,0.757348,0.180427,0.078146,-0.408226,0.046181
24.3500,0.207730,-0.889900,0.756754,0.170376,0.079580,-0.410229,0.049406
24.3667,0.209478,-0.912980,0.754060,0.139548,0.081807,-0.412859,0.057187
24.3833,0.187969,-0.921636,0.747503,0.089951,0.095000,-0.406585,0.066737
24.4000,0.177471,-0.955422,0.736214,0.062271,0.103247,-0.413629,0.078575
24.4167,0.207460,-0.991286,0.741107,-0.007822,0.094309,-0.411958,0.090116
24.4333,0.218299,-1.012396,0.742497,-0.028370,0.091152,-0.414727,0.095456
24.4500,0.143274,-0.989753,0.722115,-0.078227,0.124195,-0.398231,0.107317
24.4667,0.155064,-1.027080,0.719302,-0.124462,0.121661,-0.401324,0.119098
24.4833,0.181650,-1.092717,0.711971,-0.170490,0.115287,-0.412602,0.135166
24.5000,0.224612,-1.157428,0.713247,-0.207306,0.102341,-0.423661,0.147687
24.5167,0.229264,-1.173151,0.715199,-0.291048,0.101156,-0.411267,0.160055
24.5333,0.205510,-1.162580,0.711518,-0.375802,0.108031,-0.392522,0.172111
24.5500,0.008534,-0.969457,0.701611,-0.438056,0.163467,-0.329171,0.180382
24.5667,0.007636,-0.973308,0.711073,-0.573747,0.152196,-0.311263,0.202812
24.5833,-0.041891,-0.912578,0.724319,-0.650650,0.155370,-0.285963,0.216665
24.6000,-0.064984,-0.853948,0.753018,-0.711948,0.150356,-0.264500,0.223937
24.6167,-0.129932,-0.803413,0.756479,-0.707006,0.164722,-0.250738,0.229870
24.6333,-0.237947,-0.701779,0.770775,-0.628608,0.195641,-0.224994,0.229308
24.6500,-0.307968,-0.585858,0.816674,-0.513343,0.218362,-0.191914,0.215550
24.6667,-0.352934,-0.519095,0.848682,-0.432262,0.232367,-0.170413,0.207154
24.6833,-0.370152,-0.497102,0.865943,-0.398119,0.237248,-0.162384,0.203025
24.7000,-0.425900,-0.477104,0.863282,-0.350073,0.254898,-0.155167,0.208317
24.7167,-0.464156,-0.440165,0.873772,-0.322838,0.263117,-0.141151,0.212551
24.7333,-0.485632,-0.440992,0.870160,-0.318633,0.268549,-0.140510,0.217807
24.7500,-0.499607,-0.452086,0.865457,-0.312104,0.273470,-0.143816,0.220685
24.7667,-0.514130,-0.445437,0.872318,-0.270246,0.280865,-0.141822,0.216459
24.7833,-0.517469,-0.438451,0.884203,-0.256220,0.281340,-0.138724,0.213414
24.8000,-0.436255,-0.500598,0.912844,-0.363202,0.249223,-0.155859,0.206105
24.8167,-0.446517,-0.470948,0.928751,-0.344260,0.250158,-0.145205,0.203755
24.8333,-0.472870,-0.441808,0.934440,-0.309446,0.257868,-0.135169,0.204116
24.8500,-0.492654,-0.414891,0.942734,-0.287394,0.261945,-0.125307,0.205050
24.8667,-0.493220,-0.398323,0.955032,-0.293315,0.258190,-0.118528,0.205383
24.8833,-0.487573,-0.417718,0.957362,-0.308236,0.255961,-0.124382,0.205489
24.9000,-0.425088,-0.473275,0.979430,-0.400843,0.230429,-0.140445,0.202476
24.9167,-0.431225,-0.493130,0.970644,-0.391292,0.235447,-0.147216,0.202498
24.9500,-0.494894,-0.539736,0.915683,-0.401463,0.257230,-0.161915,0.226049
24.9667,-0.503294,-0.552197,0.909359,-0.419487,0.257514,-0.164901,0.231978
24.9833,-0.502488,-0.556364,0.910737,-0.417159,0.257748,-0.166156,0.231141
25.0000,-0.497327,-0.567478,0.911267,-0.408601,0.258490,-0.170162,0.228289
25.0167,-0.484259,-0.578805,0.915906,-0.403778,0.256454,-0.174249,0.223543
25.0333,-0.477661,-0.606926,0.909241,-0.377439,0.260941,-0.185326,0.218621
25.0500,-0.462998,-0.639495,0.904108,-0.365370,0.261318,-0.197696,0.214144
25.0667,-0.500317,-0.641894,0.881304,-0.256404,0.287336,-0.207004,0.209920
25.0833,-0.515518,-0.604870,0.887157,-0.202369,0.295820,-0.198021,0.203397
25.1000,-0.513023,-0.571014,0.901437,-0.180451,0.294868,-0.187224,0.195988
25.1167,-0.523218,-0.551606,0.902043,-0.089845,0.307290,-0.188431,0.183380
25.1333,-0.538756,-0.533859,0.897597,0.004156,0.321363,-0.191426,0.172748
25.1500,-0.512574,-0.564008,0.896333,0.016254,0.317120,-0.206794,0.163856
25.1667,-0.361954,-0.721948,0.902133,-0.070812,0.269088,-0.265042,0.143384
25.1833,-0.255835,-0.805698,0.917335,-0.055511,0.234287,-0.303252,0.120393
25.2000,-0.179644,-0.872965,0.924140,-0.042759,0.207254,-0.333226,0.109301
25.2167,-0.084736,-0.940156,0.938526,-0.104028,0.168997,-0.349158,0.108134
25.2333,-0.039996,-0.957917,0.947655,-0.064873,0.151680,-0.363480,0.097223
25.2500,0.026254,-0.992899,0.962562,-0.057877,0.123926,-0.377919,0.091527
25.2667,0.020249,-0.961009,0.957258,-0.028033,0.127073,-0.372853,0.083754
25.2833,-0.005155,-0.908760,0.948737,0.033784,0.138133,-0.365820,0.071654
25.3000,-0.015984,-0.884679,0.940171,0.063445,0.143726,-0.362930,0.066555
25.3167,-0.026401,-0.846980,0.938962,0.065575,0.148151,-0.349017,0.062289
25.3333,0.003629,-0.862516,0.943885,0.079279,0.134878,-0.358076,0.058077
25.3500,0.001561,-0.838228,0.940870,0.112020,0.135650,-0.355173,0.050907
25.3667,0.008121,-0.834092,0.938286,0.136670,0.132832,-0.358695,0.046527
25.3833,-0.004774,-0.801502,0.933152,0.160740,0.138535,-0.350538,0.040988
25.4000,-0.015719,-0.783759,0.925269,0.179575,0.144077,-0.347391,0.038374
25.4167,-0.000992,-0.802244,0.920219,0.173511,0.138895,-0.354574,0.040341
25.4333,0.005979,-0.815554,0.913561,0.162961,0.137479,-0.358688,0.043367
25.4500,0.007184,-0.816164,0.908478,0.155173,0.138142,-0.358001,0.044762
25.4667,0.008280,-0.828085,0.901958,0.160380,0.138726,-0.364290,0.046396
25.4833,0.005916,-0.831416,0.896425,0.167749,0.140520,-0.367435,0.046837
25.5000,0.024818,-0.847786,0.894335,0.164577,0.133003,-0.373951,0.047691
25.5167,0.048066,-0.866054,0.893537,0.180935,0.122763,-0.384962,0.046027
25.5333,0.058283,-0.866313,0.894118,0.188250,0.118000,-0.386767,0.043977
25.5500,0.066639,-0.864955,0.894408,0.184580,0.114475,-0.385710,0.043308
25.5667,0.080290,-0.868838,0.895616,0.183216,0.108468,-0.387209,0.042554
25.5833,0.085656,-0.865415,0.895552,0.182351,0.106219,-0.385900,0.041444
25.6000,0.079550,-0.851080,0.893971,0.168649,0.109662,-0.377719,0.041400
25.6167,0.078784,-0.842745,0.892228,0.151864,0.110989,-0.371506,0.042244
25.6333,0.071264,-0.840814,0.887273,0.143321,0.115432,-0.369417,0.044289
25.6500,0.085930,-0.853686,0.886386,0.157987,0.108835,-0.377647,0.043012
25.6667,0.104953,-0.868197,0.887826,0.170519,0.099933,-0.385972,0.041947
25.6833,0.118078,-0.872795,0.888167,0.187815,0.093385,-0.391356,0.039642
25.7000,0.134086,-0.895448,0.885630,0.197465,0.086586,-0.402466,0.041678
25.7167,0.135195,-0.887654,0.882142,0.241552,0.084121,-0.408629,0.036130
25.7333,0.158070,-0.902146,0.880384,0.280613,0.071953,-0.422663,0.034102
25.7500,0.201217,-0.910341,0.887802,0.308294,0.049335,-0.431404,0.030639
25.7667,0.224434,-0.902427,0.893301,0.324496,0.036326,-0.431389,0.026434
25.7833,0.262880,-0.902781,0.900219,0.369348,0.013615,-0.440249,0.022434
25.8000,0.308449,-0.907427,0.908053,0.391659,-0.010830,-0.445883,0.021937
25.8167,0.329464,-0.886110,0.912737,0.420470,-0.025051,-0.442706,0.016054
25.8333,0.339138,-0.864626,0.912954,0.445300,-0.032934,-0.438902,0.010610
25.8500,0.345596,-0.823485,0.910839,0.522181,-0.045253,-0.437288,-0.000566
25.8667,0.330451,-0.763731,0.899354,0.628290,-0.050001,-0.433675,-0.016323
25.8833,0.309066,-0.703142,0.865361,0.832537,-0.061856,-0.448784,-0.030620
25.9000,0.314704,-0.647895,0.808471,0.996415,-0.083353,-0.456797,-0.037745
25.9167,0.232678,-0.533261,0.472280,1.503503,-0.117115,-0.487018,-0.039245
25.9333,0.262147,-0.549105,0.248385,1.506123,-0.131130,-0.494278,-0.027743
25.9500,0.357194,-0.382738,0.303898,0.646827,-0.006748,-0.343853,-0.055081
25.9667,0.396476,-0.338246,0.390085,0.350774,0.019537,-0.281438,-0.028959
26.1333,0.404379,-0.273370,0.502149,0.073891,0.044731,-0.210850,0.011967
26.1500,0.365588,-0.326602,0.533524,0.224331,0.038028,-0.236644,-0.013319
26.1667,0.223435,-0.279391,0.578537,0.263055,0.092466,-0.209857,-0.012528
26.1833,0.208068,-0.334543,0.590984,0.309724,0.091564,-0.235041,-0.019324
26.2000,0.241532,-0.423847,0.602979,0.363022,0.067127,-0.278176,-0.027093
26.2167,0.290461,-0.547624,0.600135,0.529623,0.020949,-0.356864,-0.036554
26.2333,0.362675,-0.675213,0.584310,0.757776,-0.047039,-0.450880,-0.023249
26.2500,0.370516,-0.690121,0.572222,0.896317,-0.072840,-0.479624,-0.018016
26.2667,0.380880,-0.777823,0.552694,0.737600,-0.044257,-0.494970,0.005277
26.2833,0.417752,-0.822005,0.560712,0.475924,-0.020023,-0.467767,0.022330
26.3000,0.386658,-0.839254,0.562774,0.348357,0.012215,-0.451578,0.032984
26.3167,0.345422,-0.838324,0.567011,0.263020,0.040211,-0.435137,0.040146
26.3333,0.316285,-0.839001,0.574782,0.219929,0.056474,-0.426230,0.044911
26.3500,0.306241,-0.841541,0.588337,0.153673,0.065092,-0.413203,0.051647
26.3667,0.293833,-0.837542,0.599967,0.121772,0.071178,-0.404312,0.054228
26.3833,0.321860,-0.859840,0.609383,0.130159,0.057733,-0.412664,0.054664
26.4000,0.349957,-0.879523,0.619648,0.138432,0.044063,-0.419869,0.055168
26.4167,0.353802,-0.883552,0.627682,0.141994,0.040970,-0.420870,0.054633
26.4333,0.364233,-0.887692,0.644724,0.176192,0.030644,-0.426474,0.050228
26.4500,0.346607,-0.866316,0.662439,0.247133,0.027588,-0.429641,0.038616
26.4667,0.345700,-0.861309,0.669710,0.246598,0.026665,-0.426774,0.037072
26.4833,0.271273,-0.826793,0.668479,0.243769,0.059242,-0.412946,0.033680
26.5000,0.246585,-0.825852,0.666136,0.228777,0.071880,-0.409681,0.036925
26.5167,0.238471,-0.835661,0.665317,0.228030,0.075856,-0.413122,0.039501
26.5333,0.239690,-0.846416,0.669626,0.217870,0.075731,-0.414610,0.042162
26.5500,0.236845,-0.847284,0.673526,0.214437,0.076665,-0.413742,0.042493
26.5667,0.234613,-0.838772,0.681083,0.206850,0.076865,-0.408228,0.041095
26.5833,0.227386,-0.834914,0.685224,0.198119,0.079973,-0.404536,0.041480
26.6000,0.226835,-0.833070,0.690991,0.191750,0.079736,-0.401949,0.041333
26.6167,0.229606,-0.842193,0.693781,0.191951,0.078241,-0.405033,0.042492
26.6333,0.225020,-0.849708,0.694303,0.187565,0.080635,-0.406773,0.044695
26.6500,0.239226,-0.861734,0.705015,0.136538,0.076780,-0.400581,0.050429
26.6667,0.264524,-0.891155,0.713822,0.107578,0.067265,-0.404917,0.056436
26.6833,0.294088,-0.930247,0.718151,0.098967,0.055755,-0.416646,0.062631
26.7000,0.284497,-0.939569,0.717592,0.122854,0.058478,-0.424375,0.062493
26.7167,0.300622,-0.982267,0.714227,0.116170,0.054258,-0.437931,0.071598
26.7333,0.291905,-0.997540,0.708825,0.118459,0.059271,-0.443900,0.075649
26.7500,0.308061,-1.032302,0.706114,0.125864,0.053981,-0.457106,0.082363
26.7667,0.185978,-0.964167,0.688852,0.005207,0.110672,-0.410930,0.091410
26.7833,0.202427,-1.009072,0.687069,-0.101355,0.109134,-0.405062,0.111572
26.8000,0.280036,-1.096887,0.696227,-0.231383,0.084899,-0.406076,0.135983
26.8167,0.296467,-1.132639,0.700482,-0.285035,0.080469,-0.405168,0.147576
26.8333,0.233690,-1.112781,0.684943,-0.366522,0.102830,-0.385270,0.162683
26.8500,0.076462,-1.008680,0.664045,-0.427962,0.150162,-0.346672,0.178458
26.8667,-0.036839,-0.909040,0.672378,-0.523890,0.173024,-0.303902,0.199815
26.8833,-0.033135,-0.914522,0.688517,-0.645836,0.158181,-0.290475,0.219000
26.9000,-0.161935,-0.788444,0.708272,-0.658273,0.183335,-0.253603,0.231586
26.9167,-0.294783,-0.682978,0.721016,-0.600522,0.216570,-0.223970,0.241512
26.9500,-0.413498,-0.582165,0.741705,-0.466643,0.255239,-0.195092,0.241443
26.9667,-0.405802,-0.495682,0.819703,-0.428940,0.246830,-0.163783,0.222846
26.9833,-0.218961,-0.581359,0.904421,-0.606111,0.175101,-0.183400,0.206309
27.0000,-0.117126,-0.709263,0.919407,-0.656569,0.145602,-0.217337,0.198744
27.0167,0.076202,-0.998773,0.921838,-0.657703,0.096981,-0.293902,0.189668
27.0333,0.208719,-1.149021,0.950820,-0.566530,0.060099,-0.342005,0.175946
27.0500,0.335718,-1.289685,0.987926,-0.406033,0.018353,-0.402659,0.165682
27.0667,0.036093,-0.928407,0.904516,-0.576001,0.115721,-0.285172,0.174040
27.0833,-0.133655,-0.655594,0.921575,-0.566175,0.158008,-0.206395,0.182389
27.1000,-0.197660,-0.568027,0.937659,-0.506538,0.175924,-0.180489,0.179945
27.1167,-0.192826,-0.592792,0.941335,-0.540506,0.171063,-0.186046,0.185214
27.1333,-0.273867,-0.554984,0.923316,-0.458637,0.201335,-0.176352,0.186127
27.1500,-0.371942,-0.514100,0.898020,-0.377144,0.236202,-0.164884,0.195182
27.1667,-0.444269,-0.463637,0.894225,-0.299067,0.260353,-0.148721,0.199844
27.2000,-0.561810,-0.400594,0.871203,-0.181897,0.299698,-0.128200,0.215785
27.2333,-0.566140,-0.422590,0.871794,-0.240513,0.293611,-0.132108,0.226467
27.2500,-0.558768,-0.439963,0.877353,-0.281155,0.286656,-0.135784,0.230036
27.2667,-0.549720,-0.452147,0.885954,-0.309967,0.280350,-0.138126,0.230820
27.2833,-0.517292,-0.482753,0.898524,-0.357614,0.267311,-0.146679,0.227763
27.3000,-0.480386,-0.513442,0.913105,-0.392751,0.254671,-0.155618,0.221763
27.3167,-0.458403,-0.606602,0.888521,-0.405309,0.255690,-0.186785,0.221580
27.3333,-0.446622,-0.655470,0.875997,-0.356712,0.263168,-0.206951,0.213234
27.3500,-0.457880,-0.645504,0.875231,-0.252702,0.279052,-0.212249,0.198806
27.3667,-0.449343,-0.634458,0.883677,-0.185819,0.283489,-0.215124,0.183646
27.3833,-0.447683,-0.619494,0.888645,-0.116435,0.289489,-0.217218,0.170217
27.4000,-0.446729,-0.612100,0.888930,-0.060288,0.294544,-0.221300,0.160206
27.4167,-0.369052,-0.695580,0.890294,-0.100338,0.270342,-0.252046,0.149989
27.4333,-0.235719,-0.828335,0.902223,-0.157639,0.224269,-0.297666,0.136504
27.4500,-0.202274,-0.837443,0.907926,-0.096664,0.215805,-0.311763,0.119908
27.4667,-0.143206,-0.888727,0.913147,-0.057091,0.195786,-0.339084,0.107821
27.4833,-0.072532,-0.947689,0.921356,-0.043952,0.168728,-0.364542,0.101187
27.5000,-0.051832,-0.950881,0.919310,0.027495,0.161712,-0.380250,0.089575
27.5167,-0.033253,-0.943273,0.921692,0.050937,0.154016,-0.382678,0.082294
27.5333,-0.010213,-0.945364,0.926226,0.054145,0.144056,-0.384555,0.078489
27.5500,0.030696,-0.956529,0.934246,0.042035,0.126533,-0.386916,0.075688
27.5667,0.060795,-0.955626,0.943706,0.042785,0.112653,-0.386918,0.070928
27.5833,0.074107,-0.945923,0.947839,0.035375,0.106604,-0.382032,0.068355
27.6000,0.081084,-0.930786,0.948684,0.042137,0.103407,-0.378063,0.064134
27.6167,0.089193,-0.919049,0.949482,0.055256,0.099522,-0.376480,0.059731
27.6333,0.055042,-0.869115,0.939637,0.071056,0.114832,-0.361015,0.054387
27.6500,0.023439,-0.821288,0.931827,0.113474,0.128233,-0.350545,0.046378
27.6667,0.006052,-0.794223,0.925128,0.144026,0.135914,-0.345736,0.041505
27.6833,0.004856,-0.787883,0.923074,0.148372,0.136692,-0.344214,0.040388
27.7000,-0.008125,-0.785801,0.913063,0.167650,0.143439,-0.347469,0.040319
27.7167,0.009156,-0.796216,0.913986,0.174708,0.135702,-0.353420,0.038520
27.7333,-0.008721,-0.771452,0.908666,0.181878,0.144066,-0.344829,0.037016
27.7500,0.025044,-0.815098,0.905032,0.188092,0.130097,-0.364763,0.038556
27.7667,0.041914,-0.830716,0.902380,0.185409,0.123480,-0.371152,0.039541
27.7833,0.064103,-0.848281,0.901610,0.174060,0.114617,-0.376512,0.041275
27.8000,0.092690,-0.868085,0.901941,0.152578,0.103360,-0.380714,0.043953
27.8167,0.110280,-0.879264,0.902021,0.147128,0.096151,-0.384325,0.044772
27.8333,0.126969,-0.889377,0.902295,0.138034,0.089477,-0.386725,0.046015
27.8500,0.130503,-0.889410,0.901247,0.135466,0.088293,-0.386425,0.046083
27.8667,0.131771,-0.890971,0.898878,0.129391,0.088490,-0.386075,0.047174
27.8833,0.127338,-0.888104,0.895440,0.126306,0.091168,-0.384662,0.047646
27.9000,0.136697,-0.893237,0.895840,0.130823,0.086948,-0.387637,0.047160
27.9167,0.146229,-0.902730,0.893962,0.124899,0.083629,-0.390371,0.048900
27.9333,0.140589,-0.901015,0.889859,0.126364,0.086743,-0.390318,0.049183
27.9500,0.128512,-0.895489,0.883125,0.130563,0.092874,-0.389465,0.049412
27.9667,0.147675,-0.911112,0.884805,0.137152,0.084240,-0.396787,0.049743
27.9833,0.159217,-0.932651,0.881334,0.150736,0.079604,-0.407967,0.051698
28.0000,0.157271,-0.948509,0.873428,0.156592,0.081858,-0.415570,0.055161
28.0167,0.179307,-0.967108,0.874980,0.165457,0.072004,-0.424345,0.056386
28.0333,0.166864,-0.958305,0.868095,0.168000,0.078332,-0.422083,0.055822
28.0500,0.162016,-0.953330,0.864842,0.167546,0.080950,-0.420399,0.055513
28.0667,0.145146,-0.939224,0.856765,0.184667,0.088467,-0.419131,0.053195
28.0833,0.120338,-0.953755,0.839525,0.176421,0.102796,-0.423709,0.061043
28.1000,0.094602,-0.995062,0.812417,0.149462,0.120068,-0.434430,0.078224
28.1167,0.065739,-1.044533,0.782261,0.137311,0.137899,-0.450199,0.097991
28.1333,0.097609,-1.130683,0.762911,0.113577,0.130956,-0.474800,0.119722
28.1500,0.199665,-1.235107,0.770864,0.106624,0.094644,-0.505649,0.136548
28.1667,0.196191,-1.245447,0.760508,0.148704,0.096266,-0.518307,0.139451
28.1833,0.189620,-1.257179,0.747619,0.209731,0.098222,-0.535517,0.143573
28.2000,0.154063,-1.227493,0.730464,0.249139,0.110830,-0.536168,0.139168
28.2167,0.135884,-1.198634,0.720758,0.289839,0.115661,-0.537062,0.132291
28.2333,0.102178,-1.142240,0.713027,0.314119,0.126700,-0.525312,0.118771
28.2500,0.110642,-1.087379,0.722514,0.342809,0.118475,-0.513934,0.098721
28.2667,0.155730,-1.066621,0.737748,0.358783,0.095555,-0.510565,0.085425
28.2833,0.202649,-1.012025,0.757664,0.495505,0.057478,-0.519454,0.059896
28.3000,0.212136,-0.951812,0.761643,0.584521,0.040531,-0.515111,0.039954
28.3167,0.232021,-0.898245,0.761677,0.660870,0.019894,-0.509504,0.023239
28.3333,0.252144,-0.865064,0.750265,0.753863,-0.001734,-0.514830,0.014620
28.3500,0.307083,-0.870662,0.744856,0.675704,-0.017225,-0.502819,0.016507
28.3667,0.302712,-0.828234,0.733029,0.773154,-0.028959,-0.504537,0.005970
28.3833,0.312198,-0.765218,0.727450,0.812767,-0.041816,-0.485169,-0.010122
28.4000,0.268061,-0.682528,0.670985,1.047603,-0.053926,-0.492092,-0.025754
28.4167,0.112889,-0.566037,0.403170,1.504391,-0.051925,-0.507415,-0.041474
28.4333,0.096775,-0.518950,0.213522,1.504498,-0.042980,-0.484580,-0.051565
28.4500,0.258840,-0.252571,0.303844,0.463331,0.075294,-0.269005,-0.041150
28.4667,0.266763,-0.245867,0.343784,0.472705,0.067701,-0.259218,-0.044819
28.4833,0.319546,-0.212236,0.437933,0.261663,0.067029,-0.211793,-0.016504
28.6667,0.392178,-0.321474,0.473038,0.171537,0.039559,-0.242338,-0.004009
28.6833,0.264249,-0.255345,0.547681,0.186793,0.087102,-0.200478,-0.001020
28.7000,0.215941,-0.304278,0.569675,0.285859,0.093804,-0.223878,-0.015609
28.7167,0.110718,-0.254101,0.615562,0.321783,0.131718,-0.194745,-0.011827
28.7333,0.069064,-0.254353,0.632986,0.315692,0.147878,-0.189698,-0.005649
28.7500,0.085488,-0.320848,0.645583,0.300591,0.139732,-0.215006,-0.006189
28.7667,0.166401,-0.445447,0.641847,0.285094,0.104602,-0.269143,-0.009341
28.7833,0.222688,-0.559057,0.640249,0.378562,0.068521,-0.332054,-0.017993
28.8000,0.299223,-0.683938,0.635503,0.458687,0.023691,-0.399330,-0.010910
28.8167,0.294406,-0.735922,0.626543,0.571921,0.013207,-0.441619,-0.007268
28.8333,0.302012,-0.781906,0.616569,0.580534,0.011176,-0.463319,0.003717
28.8500,0.302498,-0.810242,0.610393,0.629135,0.006028,-0.484026,0.009678
28.8667,0.338334,-0.838198,0.611693,0.609290,-0.007214,-0.491460,0.017533
28.8833,0.310904,-0.848182,0.604811,0.560830,0.014133,-0.487502,0.022006
28.9000,0.287855,-0.845953,0.604516,0.498976,0.033222,-0.475346,0.024399
28.9167,0.282968,-0.848693,0.607256,0.470352,0.038893,-0.470778,0.026448
28.9333,0.271547,-0.843365,0.610093,0.451390,0.045959,-0.464799,0.026409
28.9500,0.256217,-0.840033,0.613522,0.407665,0.057639,-0.454857,0.028848
28.9667,0.248457,-0.828807,0.622877,0.373993,0.063300,-0.443127,0.028301
28.9833,0.254628,-0.817733,0.637813,0.317510,0.063967,-0.426746,0.028902
29.0000,0.224623,-0.796301,0.644394,0.282040,0.079514,-0.410814,0.029464
29.0167,0.196862,-0.778995,0.647880,0.257063,0.093352,-0.398675,0.030919
29.0333,0.176255,-0.766395,0.652289,0.239194,0.103121,-0.389635,0.032275
29.0500,0.176908,-0.763873,0.663291,0.216688,0.102895,-0.383252,0.033447
29.0667,0.188960,-0.774544,0.676308,0.196634,0.097299,-0.382289,0.035196
29.0833,0.203038,-0.791049,0.684341,0.190641,0.090562,-0.386636,0.036653
29.1000,0.199237,-0.792509,0.688614,0.184246,0.092032,-0.385373,0.037613
29.1167,0.201692,-0.798535,0.696223,0.171011,0.090799,-0.384303,0.039266
29.1333,0.224875,-0.829372,0.704344,0.149385,0.081515,-0.391141,0.044365
29.1500,0.243599,-0.869248,0.701710,0.157424,0.074075,-0.407665,0.049505
29.1667,0.195971,-0.877084,0.688457,0.113455,0.099556,-0.402734,0.061271
29.1833,0.165204,-0.902397,0.674429,0.088462,0.116299,-0.407539,0.073761
29.2000,0.100755,-0.897373,0.659207,0.052568,0.145847,-0.398803,0.087232
29.2167,0.097794,-0.931038,0.654408,-0.033795,0.150370,-0.394073,0.105812
29.2333,0.153945,-1.003504,0.656522,-0.079477,0.131306,-0.409277,0.117286
29.2500,0.248065,-1.105895,0.663356,-0.129582,0.100062,-0.430430,0.132332
29.2667,0.408238,-1.224922,0.700253,-0.214693,0.045578,-0.443514,0.150831
29.2833,0.546037,-1.306900,0.751144,-0.247341,-0.003683,-0.453157,0.164188
29.3000,0.408351,-1.226898,0.713598,-0.477331,0.047599,-0.392564,0.181685
29.3167,0.206571,-1.020340,0.707925,-0.691916,0.093328,-0.314141,0.205664
29.3333,-0.099047,-0.733173,0.719458,-0.685740,0.164888,-0.241108,0.222274
29.3500,-0.256901,-0.619593,0.730770,-0.629967,0.203035,-0.208309,0.236326
29.3667,-0.383764,-0.552326,0.734333,-0.534663,0.239467,-0.187050,0.246338
29.3833,-0.469427,-0.498787,0.751339,-0.456689,0.262987,-0.167630,0.252248
29.4000,-0.463721,-0.486637,0.783335,-0.422882,0.262941,-0.161849,0.240995
29.4167,-0.442520,-0.484332,0.815874,-0.405693,0.257314,-0.159387,0.228413
29.4333,-0.423867,-0.490102,0.835265,-0.400806,0.252010,-0.160270,0.220272
29.4500,-0.400328,-0.467993,0.876326,-0.391277,0.241815,-0.150973,0.208217
29.4667,-0.395024,-0.476017,0.890008,-0.369350,0.241889,-0.153064,0.200995
29.4833,-0.408385,-0.476526,0.890701,-0.367246,0.244969,-0.152381,0.203655
29.5000,-0.454926,-0.483876,0.872262,-0.336377,0.261861,-0.154931,0.211736
29.5333,-0.433280,-0.592020,0.845100,-0.397076,0.256904,-0.188925,0.220175
29.5833,-0.443700,-0.592945,0.847387,-0.449700,0.251120,-0.185378,0.231288
29.6000,-0.430996,-0.576345,0.868706,-0.464051,0.243187,-0.178582,0.227607
29.6167,-0.439202,-0.584720,0.865782,-0.470673,0.244534,-0.180515,0.231098
29.6333,-0.437338,-0.590249,0.869834,-0.457738,0.245828,-0.182358,0.227824
29.6500,-0.415793,-0.574235,0.897533,-0.454694,0.237610,-0.176541,0.218518
29.6667,-0.416415,-0.568815,0.906661,-0.437498,0.238691,-0.174818,0.214446
29.6833,-0.409164,-0.620396,0.893041,-0.457028,0.237978,-0.190628,0.218088
29.7000,-0.409014,-0.626477,0.894986,-0.434422,0.241048,-0.193473,0.213899
29.7167,-0.411918,-0.650428,0.886080,-0.382915,0.250525,-0.204728,0.207386
29.7333,-0.418403,-0.663683,0.878758,-0.300225,0.263848,-0.216070,0.196462
29.7500,-0.429337,-0.666894,0.871788,-0.241113,0.274577,-0.222860,0.190616
29.7667,-0.356028,-0.760385,0.869971,-0.279016,0.253327,-0.254283,0.183498
29.7833,-0.174578,-0.967254,0.880229,-0.377948,0.193040,-0.313753,0.176999
29.8000,-0.219125,-0.887477,0.878332,-0.269194,0.215188,-0.303323,0.160153
29.8167,-0.095644,-1.017537,0.891140,-0.305956,0.172655,-0.342182,0.156576
29.8333,-0.034303,-1.064432,0.900346,-0.247470,0.154056,-0.367855,0.144077
29.8500,0.050746,-1.123133,0.918934,-0.185343,0.123455,-0.398561,0.132430
29.8667,0.101979,-1.131153,0.934111,-0.059597,0.101969,-0.426647,0.112842
29.8833,0.009165,-1.026820,0.900476,-0.018818,0.142049,-0.400933,0.102254
29.9000,-0.032918,-0.974630,0.885475,0.002492,0.160569,-0.387148,0.098119
29.9167,-0.120839,-0.872176,0.865501,0.047758,0.197612,-0.357437,0.093193
29.9333,-0.175807,-0.812060,0.853407,0.092546,0.220877,-0.341698,0.091003
29.9500,-0.119737,-0.826290,0.866599,0.062481,0.197332,-0.343302,0.084170
29.9667,-0.048492,-0.875969,0.877352,0.053694,0.167973,-0.362224,0.078745
29.9833,0.025091,-0.927774,0.889391,0.044097,0.137037,-0.380775,0.076129
30.0000,0.069460,-0.943830,0.901654,0.053473,0.116898,-0.388688,0.070910
30.0167,0.104440,-0.963704,0.908617,0.065085,0.101216,-0.398363,0.068799
30.0333,0.140030,-0.987928,0.912822,0.087021,0.085339,-0.411727,0.067508
30.0500,0.114536,-0.956427,0.902261,0.129054,0.095843,-0.409296,0.060329
30.0667,0.107435,-0.951602,0.894671,0.143252,0.099598,-0.410900,0.059375
30.0833,0.103392,-0.946509,0.888544,0.163843,0.101488,-0.413651,0.057327
30.1000,0.088463,-0.924952,0.880588,0.181316,0.108260,-0.409562,0.053700
30.1167,0.082310,-0.913816,0.875665,0.184680,0.111530,-0.406393,0.052340
30.1333,0.068142,-0.895021,0.870021,0.182586,0.118543,-0.399088,0.051124
30.1500,0.114066,-0.928925,0.874458,0.185407,0.098296,-0.413074,0.052210
30.1667,0.143790,-0.946667,0.877022,0.187397,0.085235,-0.420450,0.052731
30.1833,0.110165,-0.900202,0.870156,0.181332,0.100690,-0.401952,0.047768
30.2000,0.080439,-0.868356,0.863412,0.167815,0.115016,-0.387218,0.047183
30.2167,0.057247,-0.850097,0.856307,0.159002,0.126390,-0.378630,0.048531
30.2333,0.063851,-0.858968,0.854527,0.163682,0.123747,-0.383269,0.048891
30.2500,0.087192,-0.873823,0.857788,0.175441,0.112817,-0.391535,0.047111
30.2667,0.106058,-0.882930,0.860800,0.178613,0.104096,-0.395760,0.046230
30.2833,0.089052,-0.866724,0.856534,0.163910,0.112752,-0.386753,0.047141
30.3000,0.105768,-0.883461,0.856640,0.176537,0.105118,-0.396003,0.046883
30.3167,0.103271,-0.876899,0.855648,0.169300,0.106648,-0.392106,0.046946
30.3333,0.095401,-0.873056,0.851803,0.166637,0.110819,-0.390343,0.047702
30.3500,0.097819,-0.878220,0.849579,0.167360,0.110172,-0.392705,0.048542
30.3667,0.095012,-0.880955,0.845917,0.169667,0.111954,-0.394473,0.049404
30.3833,0.092178,-0.871157,0.845334,0.178631,0.112767,-0.392534,0.046993
30.4000,0.096889,-0.867394,0.846021,0.188649,0.110099,-0.393127,0.044654
30.4167,0.093986,-0.851674,0.847263,0.204177,0.110231,-0.389979,0.040295
30.4333,0.097068,-0.844556,0.847297,0.227457,0.107550,-0.391825,0.036241
30.4500,0.097673,-0.841447,0.844252,0.280167,0.104655,-0.401253,0.030469
30.4667,0.119749,-0.852906,0.846900,0.292461,0.093617,-0.408468,0.029136
30.4833,0.152414,-0.861804,0.852863,0.305237,0.077076,-0.414565,0.026596
30.5000,0.185709,-0.866548,0.860152,0.319320,0.059671,-0.419086,0.023591
30.5167,0.216708,-0.867753,0.865977,0.342215,0.042574,-0.423951,0.020168
30.5333,0.246805,-0.864244,0.872184,0.376405,0.024444,-0.429046,0.015727
30.5500,0.278452,-0.856134,0.877177,0.433558,0.003044,-0.436829,0.010110
30.5667,0.327456,-0.870268,0.883082,0.469538,-0.024408,-0.449074,0.011973
30.5833,0.395673,-0.834557,0.897851,0.579049,-0.073255,-0.453719,0.004174
30.6000,0.354437,-0.743484,0.867753,0.798032,-0.079338,-0.459661,-0.018538
30.6167,0.355388,-0.685209,0.841678,0.871230,-0.088820,-0.448699,-0.030138
30.6333,0.216238,-0.512072,0.509440,1.504300,-0.109646,-0.477765,-0.048411
30.6500,0.259018,-0.537065,0.270484,1.509901,-0.130677,-0.488271,-0.030799
30.6667,0.305571,-0.568604,0.118933,1.507922,-0.152928,-0.503055,-0.015479
30.6833,0.291399,-0.275898,0.206237,0.754969,0.011085,-0.317593,-0.073168
30.7000,0.230202,-0.111705,0.309043,0.418163,0.098408,-0.202947,-0.034337
30.7167,0.265220,-0.156182,0.366596,0.375841,0.083514,-0.209056,-0.031208
30.7333,0.314110,-0.212066,0.421846,0.298242,0.066026,-0.217380,-0.022320
30.7500,0.339039,-0.241971,0.472028,0.240737,0.056934,-0.215735,-0.014538
30.7667,0.326486,-0.262138,0.514040,0.297070,0.050350,-0.219891,-0.024266
30.7833,0.331483,-0.290333,0.553616,0.246068,0.049367,-0.219566,-0.016277
30.8000,0.346361,-0.335518,0.586084,0.216195,0.041088,-0.229194,-0.012051
30.8167,0.328879,-0.372003,0.616132,0.298019,0.033988,-0.247097,-0.024502
30.8333,0.324279,-0.420094,0.637841,0.443232,0.012752,-0.281954,-0.042599
30.8667,0.310334,-0.464764,0.633315,0.822897,-0.040194,-0.357046,-0.068593
30.8833,0.179309,-0.328207,0.670706,0.406050,0.084003,-0.228971,-0.035354
30.9000,0.198431,-0.370483,0.680189,0.408535,0.072766,-0.247035,-0.036364
30.9167,0.221561,-0.423421,0.693420,0.459131,0.053129,-0.275997,-0.042910
30.9333,0.229839,-0.469362,0.698096,0.643475,0.023273,-0.324179,-0.059470
30.9500,0.257169,-0.506986,0.677666,0.921400,-0.032240,-0.388381,-0.067721
30.9667,0.171076,-0.471600,0.389721,1.503961,-0.085121,-0.459125,-0.061582
30.9833,0.230993,-0.543601,0.191064,1.517066,-0.116925,-0.492922,-0.031224
31.0000,0.252042,-0.566858,0.069641,1.505297,-0.124782,-0.505147,-0.024038
31.0167,0.191813,-0.453349,0.072880,1.287435,-0.046206,-0.446608,-0.063477
31.0333,0.247639,-0.490604,0.097997,1.141613,-0.043074,-0.457330,-0.052082
31.0500,0.255118,-0.517782,0.118655,1.092199,-0.035630,-0.466022,-0.045224
31.0667,0.324349,-0.537040,0.166313,0.743202,0.001004,-0.443460,-0.027557
31.0833,0.343909,-0.575250,0.197310,0.635583,0.011810,-0.444654,-0.013815
31.1000,0.333251,-0.605994,0.226426,0.522598,0.036667,-0.439763,0.000357
31.1167,0.362921,-0.657911,0.244155,0.448826,0.035527,-0.448007,0.015943
31.1333,0.364228,-0.703651,0.251649,0.480904,0.031337,-0.468365,0.022590
31.1500,0.377593,-0.726132,0.262556,0.493375,0.023349,-0.476827,0.025611
31.1667,0.390356,-0.736235,0.271947,0.503200,0.015535,-0.480615,0.026154
31.1833,0.384501,-0.737852,0.292819,0.516495,0.014411,-0.479931,0.023640
31.2000,0.373547,-0.738476,0.313016,0.489561,0.022226,-0.473184,0.023886
31.2167,0.361270,-0.727814,0.326782,0.482993,0.027275,-0.466122,0.020603
31.2333,0.356848,-0.725884,0.343434,0.488040,0.026922,-0.463617,0.018226
31.2500,0.356426,-0.742357,0.363403,0.453697,0.031288,-0.461640,0.022801
31.2667,0.338808,-0.744292,0.381443,0.417623,0.043081,-0.453908,0.024991
31.2833,0.305027,-0.738152,0.394447,0.405639,0.058839,-0.447382,0.024894
31.3000,0.270551,-0.722399,0.411132,0.394913,0.073939,-0.436672,0.022943
31.3167,0.244052,-0.709480,0.432877,0.403318,0.082441,-0.429245,0.019151
31.3333,0.209243,-0.699298,0.450667,0.401119,0.096686,-0.421471,0.018502
31.3500,0.192794,-0.703802,0.460547,0.388200,0.104798,-0.419185,0.021475
31.3667,0.197366,-0.709649,0.478935,0.372538,0.102589,-0.416254,0.022006
31.3833,0.187448,-0.703188,0.494201,0.352589,0.107470,-0.407937,0.022479
31.4000,0.190978,-0.714096,0.510452,0.320640,0.107520,-0.404511,0.026213
31.4167,0.198920,-0.735858,0.513287,0.324473,0.103565,-0.413207,0.028798
31.4333,0.220040,-0.751066,0.531141,0.289790,0.095722,-0.410928,0.031764
31.4500,0.226480,-0.759866,0.548658,0.231244,0.096385,-0.401776,0.037830
31.4667,0.259467,-0.782737,0.569054,0.160611,0.085928,-0.395695,0.045543
31.4833,0.262687,-0.812283,0.572299,0.177800,0.083293,-0.408744,0.048079
31.5000,0.210338,-0.805290,0.573267,0.133003,0.108753,-0.396987,0.057112
31.5167,0.195643,-0.845973,0.564459,0.148424,0.115821,-0.414497,0.065321
31.5333,0.177453,-0.879192,0.556474,0.137490,0.125792,-0.424080,0.076470
31.5500,0.181245,-0.931308,0.549944,0.086542,0.129397,-0.432226,0.093711
31.5667,0.241708,-1.000739,0.558014,-0.005020,0.111644,-0.436449,0.110761
