t_s,q_pitch,q_roll,q_yaw,q_elbow,target_x,target_y,target_z
7.6667,0.299482,-0.646084,0.109622,0.244434,0.101181,-0.439415,0.057374
7.6833,0.270032,-0.612031,0.097179,0.240217,0.113274,-0.429241,0.054629
7.7000,0.298377,-0.619480,0.080599,0.228151,0.104396,-0.433610,0.058751
7.7167,0.279706,-0.601815,0.083284,0.219216,0.111965,-0.426065,0.056689
7.7333,0.256135,-0.587146,0.076582,0.227786,0.120791,-0.422787,0.055748
7.7500,0.259721,-0.578439,0.058976,0.240782,0.118528,-0.424599,0.054463
7.7667,0.290107,-0.590689,0.057408,0.244217,0.105885,-0.430110,0.054070
7.7833,0.301634,-0.566357,0.024401,0.263656,0.098369,-0.430741,0.048360
7.8000,0.330418,-0.572285,0.008549,0.311858,0.080047,-0.441539,0.042258
7.8167,0.384061,-0.552236,-0.068664,0.359979,0.049600,-0.454171,0.037533
7.8333,0.381543,-0.551130,-0.045510,0.437749,0.036423,-0.457198,0.022945
7.8500,0.375937,-0.523475,-0.107355,0.493661,0.028314,-0.462005,0.016652
7.8667,0.413653,-0.510576,-0.116014,0.508452,0.007704,-0.459562,0.013288
7.8833,0.448222,-0.471158,-0.182752,0.601162,-0.029673,-0.459995,0.001341
7.9000,0.472851,-0.446316,-0.173123,0.626438,-0.048500,-0.449182,-0.007039
7.9167,0.462864,-0.422442,-0.231602,0.667090,-0.054943,-0.449742,-0.012131
7.9333,0.439781,-0.433839,-0.202468,0.718480,-0.053380,-0.451681,-0.018281
7.9500,0.435961,-0.408618,-0.284796,0.770647,-0.065289,-0.452722,-0.021125
7.9667,0.417763,-0.350864,-0.467074,0.811660,-0.075785,-0.450397,-0.025367
7.9833,0.158478,-0.134242,-1.559396,0.824619,-0.084106,-0.428185,-0.043416
8.0000,0.043150,-0.211028,-2.057321,0.948515,-0.084697,-0.430809,-0.050915
8.0167,-0.015382,-0.143478,-2.047101,0.836018,-0.061426,-0.414906,-0.049122
8.0333,-0.081162,-0.081076,-2.064413,0.720616,-0.039146,-0.399995,-0.045895
8.0500,-0.168725,-0.072079,-2.208425,0.666169,-0.020641,-0.390445,-0.045470
8.0667,-0.206327,-0.055083,-2.258053,0.642536,-0.010972,-0.379693,-0.044972
8.0833,-0.218890,-0.075918,-2.320893,0.657624,-0.011487,-0.380617,-0.045502
8.1000,-0.244827,-0.075237,-2.360048,0.650954,-0.004195,-0.376548,-0.046708
8.1167,-0.254727,-0.053842,-2.375405,0.637932,-0.002780,-0.365891,-0.048125
8.1333,-0.251696,-0.062511,-2.378376,0.637546,-0.004864,-0.369469,-0.046389
8.1500,-0.247889,-0.056430,-2.366096,0.629834,-0.006235,-0.368899,-0.045587
8.1667,-0.221428,-0.085805,-2.395628,0.676688,-0.017285,-0.374141,-0.048297
8.1833,-0.209473,-0.091276,-2.421102,0.692242,-0.024279,-0.372165,-0.050945
8.2000,-0.180812,-0.146646,-2.459974,0.775225,-0.031518,-0.385704,-0.054139
8.2167,-0.198672,-0.146117,-2.470888,0.789709,-0.020958,-0.383404,-0.058628
8.2333,-0.228716,-0.134160,-2.444724,0.740569,-0.010044,-0.385483,-0.053512
8.2500,-0.231116,-0.149854,-2.385367,0.718943,-0.005605,-0.401527,-0.044036
8.2667,-0.218399,-0.178034,-2.347072,0.715152,-0.008620,-0.419014,-0.035652
8.2833,-0.184974,-0.069851,-2.028298,0.616499,0.010879,-0.409743,-0.026844
8.3000,0.051187,-0.071222,-1.415662,0.652415,0.002823,-0.419258,-0.020227
8.3167,0.321465,-0.261971,-0.614548,0.631672,-0.005998,-0.437951,-0.009247
8.3333,0.379290,-0.389830,-0.294322,0.575039,0.001789,-0.445150,-0.004906
8.3500,0.377883,-0.478001,-0.134951,0.521558,0.019747,-0.451524,0.005216
8.3667,0.368103,-0.547414,-0.075015,0.488723,0.033763,-0.465261,0.019250
8.3833,0.364824,-0.595531,-0.027987,0.449256,0.044183,-0.471255,0.030549
8.4000,0.337073,-0.615419,0.004165,0.419881,0.061704,-0.469627,0.035913
8.4167,0.327181,-0.614926,-0.015790,0.412125,0.068247,-0.471656,0.040372
8.4333,0.301695,-0.609851,0.011264,0.401481,0.080310,-0.463768,0.038596
8.4500,0.281903,-0.601605,0.058319,0.354885,0.094489,-0.446869,0.039298
8.4667,0.287305,-0.586713,0.046122,0.332631,0.095485,-0.441126,0.040997
8.4833,0.289003,-0.569038,0.034594,0.307621,0.097796,-0.434380,0.041954
8.5000,0.279743,-0.546711,0.035314,0.291320,0.103144,-0.424559,0.040335
8.5167,0.244457,-0.526019,0.072160,0.267167,0.119712,-0.406884,0.039134
8.5333,0.240505,-0.519237,0.083490,0.252392,0.123166,-0.400269,0.040617
8.5500,0.226382,-0.515178,0.086375,0.274020,0.126517,-0.400188,0.037440
8.5667,0.248960,-0.528741,0.060624,0.270339,0.118649,-0.409962,0.041764
8.5833,0.263717,-0.545033,0.062494,0.270615,0.112373,-0.415906,0.042645
8.6000,0.271255,-0.563878,0.078768,0.271706,0.108799,-0.419801,0.043256
8.6167,0.265287,-0.561797,0.085204,0.275064,0.110526,-0.418158,0.041862
8.6333,0.270682,-0.556609,0.082913,0.276956,0.108046,-0.417033,0.040618
8.6500,0.275555,-0.555910,0.084930,0.272902,0.106310,-0.416096,0.040357
8.6667,0.297462,-0.576015,0.092607,0.269531,0.097648,-0.421719,0.042251
8.6833,0.288805,-0.590933,0.118473,0.265154,0.100848,-0.421581,0.042774
8.7000,0.268726,-0.595145,0.123297,0.278509,0.107742,-0.423272,0.042805
8.7167,0.263498,-0.587307,0.124175,0.270569,0.110980,-0.419139,0.043362
8.7333,0.291066,-0.586772,0.111878,0.241959,0.103482,-0.418284,0.047156
8.7500,0.315240,-0.569988,0.052883,0.236272,0.095464,-0.423677,0.049182
8.7667,0.357017,-0.557223,0.007856,0.192712,0.084060,-0.424133,0.055503
8.7833,0.392789,-0.542793,-0.067010,0.188106,0.070044,-0.434244,0.059372
8.8000,0.405429,-0.535546,-0.121793,0.191957,0.063594,-0.443365,0.062322
8.8167,0.404917,-0.539624,-0.151686,0.163816,0.067315,-0.447767,0.070916
8.8333,0.420844,-0.544750,-0.201665,0.147480,0.062859,-0.457337,0.080505
8.8500,0.380294,-0.529816,-0.205782,0.128332,0.079751,-0.451560,0.082038
8.8667,0.370167,-0.528210,-0.208943,0.069656,0.090747,-0.445328,0.093879
8.8833,0.386345,-0.536122,-0.231890,0.001727,0.091533,-0.444866,0.109874
8.9000,0.441046,-0.500261,-0.307582,-0.088617,0.075447,-0.441102,0.125527
8.9167,0.473429,-0.491445,-0.351759,-0.159209,0.066674,-0.440351,0.139583
8.9333,0.540308,-0.518707,-0.415831,-0.199435,0.046584,-0.453965,0.158485
8.9500,0.392721,-0.620890,-0.147806,-0.372170,0.110530,-0.403285,0.176553
8.9667,0.528803,-0.627993,-0.296108,-0.425301,0.077050,-0.422630,0.203944
8.9833,0.377584,-0.621000,-0.153688,-0.577686,0.111738,-0.375324,0.216318
9.0000,0.219988,-0.588983,-0.047972,-0.627326,0.146956,-0.341332,0.228389
9.0167,-0.007284,-0.525849,0.092408,-0.560051,0.203519,-0.303307,0.231187
9.0333,-0.155825,-0.470865,0.137471,-0.477877,0.245650,-0.281066,0.242524
9.0500,-0.250881,-0.356523,0.183190,-0.406295,0.273090,-0.243351,0.243833
9.0667,-0.259343,-0.223899,0.140384,-0.367104,0.280035,-0.219094,0.239919
9.0833,-0.246064,-0.033638,0.027518,-0.361486,0.278418,-0.195794,0.236989
9.1000,-0.229431,0.157267,-0.128202,-0.369939,0.271902,-0.182785,0.232779
9.1167,-0.232134,0.141529,-0.127787,-0.379066,0.271740,-0.186927,0.233973
9.1333,-0.230793,0.158384,-0.139297,-0.388274,0.269992,-0.185484,0.235260
9.1500,-0.223145,0.219710,-0.177230,-0.397556,0.265856,-0.179009,0.234283
9.1667,-0.191387,0.207452,-0.140357,-0.408651,0.259146,-0.176529,0.230585
9.1833,-0.181879,0.380000,-0.413846,-0.505069,0.232588,-0.186904,0.230442
9.2000,-0.126296,0.222851,-0.217691,-0.474474,0.236633,-0.195130,0.224323
9.2167,-0.053889,0.238379,-0.306426,-0.520837,0.211961,-0.214539,0.214740
9.2333,0.020974,0.112025,-0.212937,-0.509607,0.201086,-0.228857,0.202093
9.2500,-0.026654,-0.034820,-0.028006,-0.448840,0.222099,-0.222850,0.198800
9.2667,-0.028966,-0.066407,-0.014176,-0.440144,0.223850,-0.226897,0.199950
9.2833,0.114225,0.026522,-0.216055,-0.521587,0.177624,-0.252725,0.193273
9.3167,0.130682,0.056134,-0.272055,-0.508962,0.170131,-0.259440,0.181818
9.3500,-0.167671,-0.314438,0.227009,-0.327157,0.260723,-0.235957,0.193837
9.3667,-0.283250,-0.332237,0.348474,-0.272726,0.286907,-0.208689,0.211336
9.4000,-0.412705,-0.345316,0.385116,-0.202284,0.319654,-0.198965,0.232332
9.4167,-0.374794,-0.349138,0.376511,-0.235218,0.307888,-0.201509,0.233593
9.4333,-0.347815,-0.339183,0.361505,-0.262539,0.300230,-0.202294,0.231739
9.4500,-0.317714,-0.331541,0.344975,-0.286141,0.292380,-0.204462,0.229105
9.4667,-0.270897,-0.351469,0.326132,-0.323135,0.279926,-0.215199,0.225923
9.4833,-0.254189,-0.372854,0.331054,-0.312151,0.277690,-0.222214,0.218396
9.5000,-0.217960,-0.439659,0.297165,-0.296700,0.273676,-0.250544,0.212813
9.5167,-0.233223,-0.473323,0.333816,-0.235994,0.281143,-0.257340,0.201353
9.5333,-0.217327,-0.506686,0.296120,-0.168928,0.284823,-0.281258,0.192325
9.5500,-0.256070,-0.495518,0.334439,-0.076050,0.299278,-0.277699,0.177741
9.5667,-0.178681,-0.567467,0.351300,-0.095216,0.275192,-0.299771,0.168473
9.5833,-0.012038,-0.637476,0.260460,-0.122770,0.230017,-0.343621,0.156596
9.6000,0.190393,-0.678890,0.113805,-0.129023,0.173091,-0.390882,0.145993
9.6167,0.308562,-0.673104,-0.008389,-0.088965,0.134653,-0.422989,0.134693
9.6333,0.318517,-0.665669,0.010092,-0.044097,0.125831,-0.425467,0.118134
9.6500,0.300957,-0.668062,0.022941,-0.022471,0.130092,-0.426332,0.114530
9.6667,0.196326,-0.661920,0.107782,0.014455,0.161931,-0.410941,0.107368
9.6833,0.090092,-0.643799,0.182628,0.071298,0.195077,-0.394710,0.102363
9.7000,0.033806,-0.629080,0.228698,0.118715,0.212107,-0.384718,0.098108
9.7167,0.046833,-0.625273,0.238254,0.121376,0.207103,-0.382119,0.095459
9.7333,0.070150,-0.624377,0.234586,0.128170,0.198192,-0.384540,0.090395
9.7500,0.125340,-0.639919,0.227363,0.121101,0.178126,-0.392366,0.086245
9.7667,0.172801,-0.656840,0.225280,0.132913,0.158929,-0.402044,0.079600
9.7833,0.205418,-0.664960,0.233144,0.143087,0.144478,-0.406140,0.073193
9.8000,0.217145,-0.666174,0.252862,0.170194,0.135672,-0.407524,0.064483
9.8167,0.207801,-0.656877,0.270242,0.186895,0.136273,-0.403544,0.058680
9.8333,0.222829,-0.663228,0.270451,0.184249,0.130669,-0.405558,0.059077
9.8500,0.236669,-0.656961,0.254276,0.185086,0.125900,-0.406879,0.058021
9.8667,0.236708,-0.675868,0.265736,0.189466,0.124789,-0.412007,0.059028
9.8833,0.218456,-0.684887,0.301953,0.195808,0.128816,-0.409280,0.057023
9.9000,0.184983,-0.704439,0.334859,0.203000,0.139518,-0.410392,0.059519
9.9167,0.183550,-0.714943,0.317592,0.217611,0.140976,-0.418678,0.062949
9.9333,0.197813,-0.731111,0.330141,0.199449,0.136043,-0.419664,0.065638
9.9500,0.171663,-0.696082,0.304749,0.215016,0.146616,-0.413764,0.062128
9.9667,0.162769,-0.706200,0.321464,0.224161,0.148476,-0.415424,0.062398
9.9833,0.180047,-0.719859,0.304774,0.217582,0.143849,-0.422176,0.066652
10.0000,0.196596,-0.722653,0.254713,0.229602,0.139897,-0.433835,0.069857
10.0167,0.217145,-0.733144,0.231341,0.218491,0.134485,-0.440226,0.074116
10.0333,0.223805,-0.706324,0.199242,0.220007,0.132852,-0.437521,0.071101
10.0500,0.223616,-0.649870,0.153172,0.240460,0.131900,-0.429924,0.061967
10.0667,0.235935,-0.606485,0.087737,0.297722,0.122000,-0.434690,0.051208
10.0833,0.239984,-0.541190,-0.011489,0.354374,0.113426,-0.436510,0.039450
10.1000,0.272107,-0.530694,-0.040390,0.383705,0.095146,-0.441686,0.033342
10.1167,0.321643,-0.575719,-0.010087,0.413928,0.069473,-0.456429,0.032258
10.1333,0.398856,-0.572171,-0.057329,0.438230,0.031068,-0.466378,0.030944
10.1500,0.442237,-0.542288,-0.176380,0.573835,-0.016564,-0.485392,0.020761
10.1667,0.426468,-0.492100,-0.275377,0.697290,-0.040264,-0.486131,0.003933
10.1833,0.401058,-0.421986,-0.428483,0.790281,-0.057319,-0.477858,-0.010589
10.2000,0.119254,-0.235020,-1.570411,0.901417,-0.065440,-0.464770,-0.035843
10.2167,-0.049735,-0.330766,-2.391206,0.977658,-0.066180,-0.462124,-0.043227
10.2333,-0.089426,-0.266840,-2.471294,0.850156,-0.070118,-0.434311,-0.039941
10.2500,-0.080540,-0.262547,-2.579947,0.827124,-0.087514,-0.420547,-0.039374
10.2667,-0.138600,-0.154130,-2.581459,0.695135,-0.077750,-0.379450,-0.045625
10.2833,-0.287793,0.057747,-2.587760,0.418167,-0.043483,-0.304544,-0.038424
10.3000,-0.301957,0.075367,-2.610021,0.400406,-0.042083,-0.293333,-0.033427
10.3833,-0.612521,0.380000,-2.548505,-0.001714,0.044272,-0.195302,0.015777
10.4000,-0.560958,0.380000,-2.543891,0.070956,0.032465,-0.210760,0.012909
10.4167,-0.477859,0.308575,-2.500599,0.164282,0.018148,-0.235640,-0.002015
10.4333,-0.400959,0.205551,-2.504994,0.284718,0.000808,-0.265073,-0.019279
10.4500,-0.328773,0.110105,-2.518256,0.392274,-0.019437,-0.293668,-0.030738
10.4667,-0.255504,-0.009182,-2.556748,0.552804,-0.036967,-0.326881,-0.044396
10.4833,-0.153510,-0.123170,-2.627821,0.746658,-0.065945,-0.353947,-0.055603
10.5000,-0.059954,-0.240234,-2.757156,0.953734,-0.087582,-0.381005,-0.063127
10.5167,0.027559,-0.337712,-3.010000,1.157527,-0.101380,-0.398093,-0.068306
10.5333,0.133252,-0.396348,-3.010000,1.392406,-0.110133,-0.413768,-0.069393
10.5500,0.143470,-0.371024,-3.010000,1.375953,-0.117389,-0.420539,-0.070142
10.5667,-0.091979,-0.200623,-2.701361,0.866904,-0.084806,-0.375977,-0.068748
10.5833,-0.156325,-0.108635,-2.620556,0.709642,-0.069772,-0.352043,-0.057272
10.6000,-0.201010,-0.045795,-2.582701,0.617067,-0.057398,-0.335260,-0.052246
10.6167,-0.237408,0.015639,-2.559414,0.530889,-0.049170,-0.317687,-0.046374
10.6333,-0.263359,0.038152,-2.572798,0.484188,-0.044552,-0.309280,-0.042184
10.6500,-0.275941,0.050331,-2.563805,0.451193,-0.041951,-0.307936,-0.037671
10.6667,-0.291470,0.079196,-2.546480,0.426712,-0.035747,-0.300204,-0.036402
10.6833,-0.301266,0.089670,-2.517717,0.416421,-0.028702,-0.301153,-0.035033
10.7000,-0.269560,0.033841,-2.554394,0.477676,-0.040357,-0.314240,-0.038648
10.7167,-0.239211,-0.003493,-2.569723,0.548356,-0.047028,-0.322820,-0.045381
10.7333,-0.212804,-0.030415,-2.580527,0.593325,-0.054801,-0.329768,-0.048639
10.7500,-0.231678,-0.020240,-2.549046,0.524113,-0.051693,-0.335800,-0.040133
10.7667,-0.198556,-0.072308,-2.532338,0.599147,-0.055945,-0.355583,-0.041758
10.7833,-0.131309,-0.198726,-2.530674,0.799286,-0.060843,-0.398908,-0.047308
10.8000,-0.087916,-0.279210,-2.571770,0.918632,-0.068004,-0.423610,-0.048167
10.8167,-0.037639,-0.363047,-2.716362,1.052586,-0.079484,-0.440822,-0.048843
10.8333,-0.023927,-0.427461,-2.836158,1.137065,-0.074783,-0.458622,-0.047325
10.8500,-0.055273,-0.401483,-2.717589,1.074723,-0.066349,-0.458959,-0.045538
10.8667,-0.053624,-0.357555,-2.631467,1.023061,-0.072277,-0.448161,-0.045491
10.8833,-0.056411,-0.324296,-2.542320,0.984890,-0.071754,-0.443304,-0.045286
10.9000,-0.041208,-0.334593,-2.521274,0.971182,-0.080551,-0.450707,-0.038615
10.9167,-0.058877,-0.329451,-2.522784,0.939622,-0.076667,-0.450961,-0.037829
10.9333,-0.062778,-0.332018,-2.535364,0.929382,-0.077211,-0.451503,-0.036076
10.9500,-0.064025,-0.328043,-2.548765,0.915989,-0.079728,-0.449090,-0.035617
10.9667,-0.045147,-0.308069,-2.522696,0.931338,-0.084903,-0.440902,-0.039284
10.9833,-0.062334,-0.236979,-2.372566,0.830568,-0.076914,-0.431784,-0.036794
11.0000,0.021371,-0.244585,-2.116718,0.892322,-0.083527,-0.448753,-0.029317
11.0167,0.203375,-0.203521,-1.494832,0.846123,-0.092011,-0.453330,-0.017489
11.0333,0.399974,-0.303841,-0.791317,0.780594,-0.087228,-0.466710,-0.005167
11.0500,0.467683,-0.426573,-0.341340,0.618348,-0.050043,-0.467746,0.004838
11.0667,0.458807,-0.512500,-0.136040,0.507570,-0.014860,-0.464373,0.014242
11.0833,0.433822,-0.552397,-0.081575,0.412212,0.016535,-0.462456,0.028253
11.1000,0.385703,-0.591426,-0.003193,0.356633,0.048136,-0.456768,0.035863
11.1167,0.358469,-0.619020,0.026643,0.332432,0.065100,-0.457630,0.043871
11.1333,0.348389,-0.640858,0.041017,0.328612,0.071055,-0.461698,0.048800
11.1500,0.328899,-0.634501,0.038837,0.324340,0.079922,-0.459086,0.049352
11.1667,0.328891,-0.621024,0.030510,0.301260,0.083170,-0.453146,0.051038
11.1833,0.302535,-0.618893,0.039146,0.315065,0.092033,-0.452138,0.049005
11.2000,0.278616,-0.597834,0.017766,0.354826,0.096963,-0.452625,0.043548
11.2167,0.274092,-0.573949,0.001955,0.356754,0.098483,-0.447070,0.040751
11.2333,0.277025,-0.552847,-0.038739,0.364356,0.096052,-0.447790,0.039590
11.2500,0.279735,-0.563593,-0.011461,0.357133,0.095831,-0.446077,0.039519
11.2667,0.297747,-0.567619,0.017693,0.328014,0.091695,-0.439396,0.040161
11.2833,0.312707,-0.564344,0.017071,0.307908,0.087722,-0.436534,0.041169
11.3000,0.328509,-0.573781,0.031762,0.295351,0.082416,-0.436071,0.041983
11.3167,0.330022,-0.583771,0.039563,0.295268,0.081682,-0.438181,0.042657
11.3333,0.316244,-0.598409,0.056809,0.297211,0.087239,-0.440080,0.044114
11.3500,0.280773,-0.618495,0.092009,0.312030,0.099952,-0.441694,0.044693
11.3667,0.293209,-0.599465,0.053493,0.315501,0.095567,-0.442298,0.045068
11.3833,0.299722,-0.607060,0.048201,0.329251,0.091122,-0.447749,0.044564
11.4000,0.264519,-0.625163,0.095850,0.352262,0.101844,-0.447847,0.041682
11.4167,0.263817,-0.634773,0.155434,0.321418,0.104296,-0.436529,0.042060
11.4333,0.274131,-0.640266,0.213290,0.282415,0.101501,-0.423213,0.041158
11.4500,0.242783,-0.646861,0.258892,0.275402,0.112457,-0.415955,0.040222
11.4667,0.229953,-0.631097,0.231582,0.285500,0.118838,-0.415887,0.041022
11.4833,0.237197,-0.619391,0.182505,0.285115,0.118790,-0.420501,0.044253
11.5000,0.248897,-0.614362,0.148627,0.279651,0.116080,-0.424533,0.046755
11.5167,0.268930,-0.615868,0.146766,0.250122,0.111115,-0.422218,0.049619
11.5333,0.286418,-0.604070,0.120667,0.221687,0.107854,-0.419947,0.052769
11.5500,0.300469,-0.584658,0.092156,0.192288,0.105870,-0.415690,0.055384
11.5667,0.328894,-0.574387,0.072009,0.167158,0.097391,-0.413869,0.057394
11.5833,0.363316,-0.569119,0.027186,0.159874,0.085203,-0.420761,0.059966
11.6000,0.390454,-0.554108,-0.043744,0.167374,0.073762,-0.431191,0.062017
11.6167,0.400559,-0.555126,-0.081513,0.137674,0.073384,-0.436087,0.070226
11.6333,0.413045,-0.539834,-0.190159,0.124026,0.068921,-0.451131,0.082299
11.6500,0.380585,-0.562418,-0.174096,0.107230,0.084475,-0.452844,0.088716
11.6667,0.345109,-0.600794,-0.099947,0.047674,0.106736,-0.441988,0.100122
11.6833,0.358698,-0.592663,-0.152868,0.001591,0.106263,-0.443993,0.113793
11.7000,0.355373,-0.566605,-0.240208,-0.054999,0.108899,-0.447017,0.130163
11.7167,0.385333,-0.597532,-0.274082,-0.122753,0.104357,-0.452817,0.151376
11.7333,0.479927,-0.554082,-0.424539,-0.181945,0.068420,-0.463812,0.168459
11.7500,0.565515,-0.582183,-0.413467,-0.274760,0.050237,-0.456897,0.183144
11.7667,0.633330,-0.514879,-0.357492,-0.477866,0.037043,-0.408662,0.194969
11.7833,0.450426,-0.465396,-0.207677,-0.566629,0.085169,-0.362057,0.191759
11.8000,0.409234,-0.430884,-0.166260,-0.630947,0.097558,-0.339497,0.203809
11.8167,0.472052,-0.414224,-0.225637,-0.677142,0.080139,-0.342252,0.214190
11.8333,0.220565,-0.444795,-0.050064,-0.657073,0.140502,-0.314963,0.215923
11.8500,-0.021362,-0.339872,0.104288,-0.521502,0.210623,-0.264641,0.211633
11.8667,-0.127396,-0.299769,0.250295,-0.407974,0.243163,-0.224125,0.205441
11.8833,-0.188633,-0.285906,0.346426,-0.333113,0.258801,-0.199620,0.199944
11.9167,-0.209997,-0.306552,0.366257,-0.284871,0.267229,-0.201520,0.195737
11.9500,-0.222061,-0.305507,0.364795,-0.273300,0.271224,-0.201085,0.197013
12.0333,-0.182387,-0.283255,0.323277,-0.296896,0.262429,-0.204329,0.196467
12.0833,-0.150824,-0.295392,0.322813,-0.312049,0.253764,-0.209394,0.191461
12.1000,-0.155269,-0.276031,0.315119,-0.310057,0.255338,-0.205697,0.191343
12.1167,-0.184699,-0.261720,0.318406,-0.310664,0.261794,-0.199301,0.197663
12.1333,-0.215190,-0.247657,0.305580,-0.296141,0.270839,-0.196413,0.203404
12.1500,-0.235561,-0.240836,0.296784,-0.285192,0.276947,-0.195153,0.207484
12.1667,-0.235266,-0.245183,0.303190,-0.292330,0.275773,-0.194663,0.209069
12.1833,-0.260192,-0.220835,0.316670,-0.266949,0.282472,-0.184191,0.208955
12.2000,-0.264489,-0.231729,0.303496,-0.272829,0.283856,-0.189332,0.212922
12.2167,-0.255725,-0.213513,0.296959,-0.244658,0.284844,-0.186860,0.205694
12.2333,-0.102077,-0.252629,0.233474,-0.369383,0.241993,-0.215998,0.201241
12.2500,-0.184926,-0.352012,0.325401,-0.261204,0.266804,-0.226314,0.186421
12.2667,-0.237576,-0.415288,0.346794,-0.151957,0.288046,-0.244498,0.180144
12.2833,-0.245057,-0.427716,0.369686,-0.099850,0.292079,-0.247418,0.171528
12.3000,-0.275507,-0.422381,0.361892,-0.018911,0.305834,-0.252349,0.163956
12.3167,-0.177967,-0.500355,0.320395,-0.047987,0.279148,-0.289422,0.157304
12.3333,-0.085293,-0.564722,0.257294,-0.060814,0.254274,-0.326672,0.150446
12.3500,-0.040607,-0.590945,0.237111,-0.036327,0.241335,-0.344935,0.139363
12.3667,0.043584,-0.620472,0.188214,-0.012528,0.215664,-0.370731,0.128475
12.3833,0.171579,-0.670490,0.144544,-0.026306,0.174205,-0.397540,0.122621
12.4000,0.262828,-0.705948,0.100161,-0.015808,0.143457,-0.420985,0.118484
12.4167,0.253099,-0.698466,0.115748,0.027603,0.141879,-0.423050,0.105802
12.4333,0.215156,-0.683400,0.133247,0.078329,0.151122,-0.421633,0.096652
12.4500,0.211107,-0.668609,0.125085,0.110009,0.150846,-0.422666,0.091352
12.4667,0.241480,-0.673862,0.118416,0.095956,0.140979,-0.424359,0.092359
12.4833,0.241443,-0.685901,0.149628,0.099796,0.138943,-0.423206,0.088927
12.5000,0.226236,-0.683444,0.180730,0.111621,0.141905,-0.418129,0.084021
12.5167,0.208301,-0.662765,0.201494,0.119463,0.146642,-0.408351,0.078559
12.5333,0.186544,-0.648939,0.228430,0.161924,0.149936,-0.404180,0.068774
12.5500,0.207913,-0.644972,0.221983,0.199232,0.138711,-0.409595,0.061411
12.5667,0.252946,-0.627460,0.174887,0.212720,0.121287,-0.415335,0.056850
12.5833,0.246059,-0.646606,0.213399,0.229828,0.119677,-0.417529,0.052405
12.6000,0.252295,-0.672657,0.243294,0.228107,0.115952,-0.420911,0.053877
12.6167,0.258782,-0.685107,0.245390,0.226082,0.113610,-0.424598,0.055731
12.6333,0.247167,-0.703129,0.267601,0.234029,0.116204,-0.427874,0.056247
12.6500,0.229787,-0.698590,0.283775,0.245585,0.120910,-0.424810,0.053584
12.6667,0.214269,-0.687977,0.276541,0.258670,0.126563,-0.423769,0.052484
12.6833,0.203624,-0.678917,0.272655,0.263092,0.130834,-0.421553,0.051983
12.7000,0.193157,-0.671284,0.271959,0.266100,0.134911,-0.419097,0.051460
12.7167,0.182146,-0.662265,0.275655,0.280016,0.137746,-0.416933,0.048670
12.7333,0.174875,-0.677915,0.283629,0.290654,0.139503,-0.422383,0.050426
12.7500,0.164976,-0.687977,0.293328,0.296329,0.142586,-0.424825,0.051776
12.7667,0.164906,-0.692731,0.284106,0.303341,0.142804,-0.428958,0.053305
12.7833,0.173390,-0.679974,0.257118,0.317010,0.139500,-0.431175,0.051225
12.8000,0.194866,-0.668495,0.236446,0.293474,0.134136,-0.427913,0.052166
12.8167,0.190831,-0.641477,0.217140,0.298905,0.135650,-0.422599,0.047897
12.8333,0.224086,-0.625355,0.158294,0.316988,0.122504,-0.430434,0.046038
12.8500,0.255112,-0.605567,0.116022,0.321692,0.109685,-0.432623,0.042563
12.8667,0.279360,-0.604460,0.101158,0.335318,0.097593,-0.437326,0.039411
12.8833,0.310400,-0.589368,0.076101,0.375363,0.078481,-0.441711,0.031152
12.9000,0.361281,-0.588317,0.061200,0.345102,0.060747,-0.441452,0.033706
12.9167,0.416041,-0.591935,0.019209,0.421368,0.025032,-0.458836,0.027799
12.9333,0.460962,-0.576085,-0.035202,0.522741,-0.014214,-0.471663,0.019134
12.9500,0.470843,-0.542510,-0.118230,0.577029,-0.031468,-0.476488,0.014098
12.9667,0.479003,-0.535030,-0.120778,0.638402,-0.048645,-0.477534,0.007492
12.9833,0.437745,-0.496842,-0.181001,0.758496,-0.057317,-0.476366,-0.008691
13.0000,0.335989,-0.344039,-0.712880,0.934941,-0.076097,-0.466891,-0.030056
13.0167,0.073303,-0.284868,-1.780136,1.021108,-0.065775,-0.467370,-0.044623
13.0333,0.111131,-0.498397,-3.010000,1.386865,-0.095636,-0.486245,-0.044013
13.0500,0.130233,-0.491452,-3.010000,1.388786,-0.105362,-0.480986,-0.042984
13.0667,0.192155,-0.471753,-3.010000,1.383267,-0.139656,-0.468900,-0.039195
13.0833,0.150613,-0.396506,-3.010000,1.376568,-0.121410,-0.433782,-0.065425
13.1000,-0.014971,-0.322455,-2.913535,1.084220,-0.093496,-0.402620,-0.072271
13.1167,-0.080644,-0.247741,-2.770768,0.945543,-0.079182,-0.385211,-0.067456
13.1333,-0.107320,-0.211582,-2.701132,0.887573,-0.071562,-0.378820,-0.064763
13.1500,-0.110709,-0.199525,-2.699957,0.876891,-0.071507,-0.373539,-0.064944
13.1667,-0.120546,-0.188868,-2.670372,0.840186,-0.070806,-0.374402,-0.061574
13.1833,-0.098437,-0.211735,-2.720605,0.859622,-0.082310,-0.377257,-0.059695
13.2000,-0.076522,-0.242379,-2.740813,0.884743,-0.090638,-0.387900,-0.056688
13.2167,-0.020305,-0.275953,-2.842115,0.961134,-0.110941,-0.387772,-0.057993
13.2333,-0.000955,-0.300878,-2.865925,0.999730,-0.114852,-0.396261,-0.058045
13.2500,0.003776,-0.320345,-2.870055,1.013577,-0.114916,-0.405121,-0.056079
13.2667,0.038973,-0.355995,-2.991559,1.110125,-0.117166,-0.408929,-0.059596
13.2833,0.032604,-0.351831,-3.006218,1.124069,-0.111342,-0.406082,-0.064070
13.3000,0.008071,-0.340336,-2.951160,1.096560,-0.102998,-0.406104,-0.064681
13.3167,0.002026,-0.330021,-2.937467,1.074607,-0.103813,-0.402436,-0.064046
13.3333,-0.005121,-0.319535,-2.914720,1.053508,-0.103685,-0.399869,-0.063711
13.3500,-0.003283,-0.316677,-2.914267,1.044831,-0.106334,-0.398480,-0.062848
13.3667,0.064903,-0.382946,-3.010000,1.178991,-0.117859,-0.413816,-0.060195
13.3833,0.136121,-0.421855,-3.010000,1.351534,-0.120924,-0.423694,-0.062507
13.4000,0.178719,-0.424553,-3.010000,1.377699,-0.134938,-0.446292,-0.052869
13.4167,0.143734,-0.430621,-3.010000,1.380740,-0.116153,-0.451022,-0.058378
13.4333,0.096185,-0.466945,-3.010000,1.322694,-0.105654,-0.451158,-0.056634
13.4500,0.039245,-0.449437,-2.999379,1.223912,-0.094037,-0.455592,-0.052151
13.4667,-0.039239,-0.337039,-2.439943,1.040099,-0.064913,-0.453917,-0.046478
13.4833,0.075910,-0.292708,-1.807767,1.037034,-0.065699,-0.464872,-0.033900
13.5000,0.308818,-0.352078,-0.783301,0.936029,-0.064405,-0.475412,-0.018161
13.5167,0.405060,-0.428214,-0.330012,0.736652,-0.042206,-0.467954,-0.009796
13.5333,0.440214,-0.496747,-0.165318,0.618600,-0.027987,-0.468703,0.003203
13.5500,0.424564,-0.558535,-0.091353,0.526515,0.000642,-0.475453,0.018299
13.5667,0.396684,-0.636366,0.036264,0.431199,0.032454,-0.473729,0.032975
13.5833,0.384097,-0.661401,0.041358,0.400487,0.045045,-0.477662,0.042950
13.6000,0.354607,-0.665894,0.047402,0.403321,0.057640,-0.478263,0.043981
13.6167,0.341793,-0.668083,0.046270,0.409777,0.062876,-0.479630,0.045163
13.6333,0.325617,-0.646818,0.022834,0.396943,0.071815,-0.474449,0.045314
13.6500,0.340684,-0.619776,-0.009294,0.375495,0.068398,-0.468293,0.045306
13.6667,0.334249,-0.616302,0.011982,0.331709,0.076674,-0.458625,0.047393
13.6833,0.311911,-0.596263,0.031387,0.297124,0.089739,-0.443989,0.046774
13.7000,0.295496,-0.577192,0.045105,0.284739,0.097625,-0.433056,0.044638
13.7167,0.283945,-0.562620,0.037490,0.284330,0.102597,-0.429036,0.043901
13.7333,0.283293,-0.552460,0.032331,0.288350,0.102349,-0.426826,0.042196
13.7500,0.295599,-0.570958,0.036935,0.295371,0.096665,-0.433375,0.043570
13.7667,0.313384,-0.593366,0.046034,0.289635,0.090213,-0.439135,0.046595
13.7833,0.333418,-0.602173,0.039820,0.283687,0.082828,-0.442990,0.048481
13.8000,0.340673,-0.597400,0.034969,0.276803,0.080332,-0.441741,0.048068
13.8167,0.356736,-0.629971,0.047511,0.297977,0.071469,-0.453167,0.049749
13.8333,0.375996,-0.619930,0.026130,0.287844,0.064829,-0.452732,0.050380
13.8500,0.378103,-0.611230,0.015063,0.280521,0.064563,-0.451203,0.050155
13.8667,0.384594,-0.604300,0.004883,0.269598,0.063321,-0.449612,0.051100
13.8833,0.366542,-0.595229,0.008477,0.281290,0.068574,-0.447139,0.047505
13.9000,0.393918,-0.597874,-0.002788,0.242230,0.063400,-0.445834,0.054505
13.9167,0.402176,-0.562495,-0.052679,0.204343,0.064087,-0.439906,0.057717
13.9333,0.423491,-0.561384,-0.141713,0.169465,0.060590,-0.453118,0.073025
13.9500,0.413882,-0.565261,-0.185021,0.177211,0.062838,-0.463408,0.077890
13.9667,0.345118,-0.602019,-0.159163,0.145995,0.095947,-0.465221,0.091288
13.9833,0.330785,-0.619828,-0.132314,0.091519,0.109475,-0.458036,0.103564
14.0000,0.374090,-0.600567,-0.190197,0.041245,0.097364,-0.458042,0.113265
14.0167,0.446063,-0.588221,-0.273478,-0.025674,0.075147,-0.463605,0.128523
14.0333,0.538269,-0.558096,-0.361945,-0.097320,0.044231,-0.465142,0.142170
14.0500,0.611215,-0.550546,-0.380955,-0.203588,0.027611,-0.454909,0.157982
14.0667,0.708640,-0.491315,-0.434913,-0.344392,0.001794,-0.434685,0.177960
14.0833,0.763618,-0.418134,-0.479466,-0.480699,-0.013702,-0.411280,0.195350
14.1000,0.735608,-0.261038,-0.573138,-0.584677,-0.020212,-0.384926,0.201790
14.1167,0.615412,-0.267165,-0.427487,-0.683490,0.023385,-0.353355,0.204792
14.1333,0.368433,-0.349614,-0.147025,-0.679459,0.099400,-0.318038,0.201851
14.1500,0.080978,-0.396045,0.090975,-0.574467,0.180135,-0.281409,0.205302
14.1667,-0.091262,-0.353531,0.224338,-0.449948,0.231387,-0.243394,0.206794
14.1833,-0.156639,-0.314220,0.234019,-0.371581,0.254705,-0.230307,0.208562
14.2000,-0.178876,-0.290525,0.207737,-0.328264,0.265342,-0.229625,0.208263
14.2167,-0.205886,-0.239061,0.228381,-0.284877,0.274327,-0.211263,0.203633
14.2333,-0.072073,-0.218540,0.140082,-0.373427,0.238369,-0.228846,0.198957
14.2500,-0.085443,-0.248161,0.126112,-0.362101,0.242908,-0.240418,0.196212
14.2667,-0.097630,-0.238054,0.171683,-0.352075,0.245202,-0.227757,0.194006
14.2833,-0.129382,-0.248534,0.211400,-0.333191,0.252829,-0.220923,0.195042
14.3000,-0.155687,-0.255940,0.244280,-0.318632,0.258812,-0.214744,0.196849
14.3167,-0.126811,-0.282970,0.255508,-0.335333,0.250066,-0.220403,0.194824
14.3333,-0.064549,-0.335786,0.275094,-0.392260,0.229102,-0.231205,0.192994
14.3667,-0.032571,-0.357446,0.299545,-0.427147,0.216665,-0.232250,0.190958
14.4167,-0.206740,-0.329287,0.358510,-0.312075,0.264391,-0.209858,0.196010
14.4333,-0.211465,-0.334697,0.349223,-0.325544,0.265144,-0.210617,0.206610
14.4500,-0.212488,-0.282748,0.322469,-0.331240,0.265975,-0.201328,0.209735
14.4667,-0.229210,-0.304040,0.308193,-0.317870,0.272338,-0.209560,0.212206
14.4833,-0.228930,-0.296450,0.310884,-0.327845,0.270910,-0.206408,0.214300
14.5000,-0.159114,-0.331209,0.292354,-0.405161,0.248653,-0.220041,0.216363
14.5167,-0.152244,-0.326605,0.309652,-0.366741,0.250079,-0.218204,0.203462
14.5333,-0.080902,-0.379578,0.266240,-0.412125,0.231839,-0.241840,0.203221
14.5500,0.045673,-0.466223,0.196885,-0.467290,0.199699,-0.278704,0.200399
14.5667,-0.118461,-0.458092,0.294331,-0.305952,0.248147,-0.264123,0.183831
14.5833,-0.185818,-0.472705,0.322379,-0.193156,0.273278,-0.266992,0.179875
14.6000,-0.123580,-0.516919,0.285255,-0.155976,0.260783,-0.293903,0.168852
14.6167,-0.006394,-0.582372,0.191620,-0.140626,0.231463,-0.339377,0.158694
14.6333,0.099284,-0.630906,0.107024,-0.088655,0.201518,-0.381571,0.144610
14.6500,0.200388,-0.646259,0.019673,-0.038333,0.168310,-0.413845,0.131916
14.6667,0.260081,-0.650130,-0.027042,0.010429,0.144705,-0.433106,0.120234
14.6833,0.164159,-0.662791,0.123640,0.108077,0.167828,-0.420074,0.094734
14.7000,0.065734,-0.630732,0.232878,0.124902,0.198985,-0.387554,0.088928
14.7167,0.021899,-0.605040,0.296146,0.137713,0.211656,-0.366288,0.085038
14.7333,0.051751,-0.586880,0.268441,0.139612,0.202466,-0.366191,0.081929
14.7500,0.115493,-0.587575,0.227627,0.131899,0.180873,-0.375888,0.077601
14.7667,0.177617,-0.597048,0.185232,0.142292,0.157955,-0.391146,0.072181
14.7833,0.277735,-0.630460,0.123567,0.153162,0.120685,-0.418276,0.071755
14.8000,0.335018,-0.648202,0.095936,0.161841,0.097501,-0.432215,0.069951
14.8167,0.333045,-0.649716,0.095621,0.173017,0.096153,-0.434701,0.067001
14.8333,0.305452,-0.648455,0.115955,0.181183,0.105280,-0.431163,0.064859
14.8500,0.265697,-0.641167,0.156716,0.180516,0.119386,-0.420207,0.062357
14.8667,0.246707,-0.623070,0.171925,0.185381,0.125868,-0.411257,0.059230
14.8833,0.232178,-0.595999,0.170975,0.189670,0.131081,-0.402362,0.055666
14.9000,0.214735,-0.584345,0.193674,0.189768,0.136861,-0.393584,0.053121
14.9167,0.228812,-0.603739,0.201768,0.201711,0.130053,-0.400441,0.052871
14.9333,0.264628,-0.634515,0.199711,0.211497,0.114953,-0.413533,0.053722
14.9500,0.312422,-0.643725,0.167301,0.192356,0.099283,-0.421145,0.057653
14.9667,0.310780,-0.650373,0.184924,0.187865,0.098757,-0.419968,0.056052
14.9833,0.321226,-0.658196,0.191069,0.173514,0.095974,-0.419601,0.058310
15.0000,0.328508,-0.656178,0.172282,0.175105,0.093880,-0.422742,0.059241
15.0167,0.337530,-0.665689,0.169062,0.190309,0.088884,-0.428725,0.058548
15.0333,0.368739,-0.658173,0.137013,0.176006,0.079469,-0.430655,0.061146
15.0500,0.375121,-0.649508,0.117415,0.173722,0.077371,-0.431542,0.060906
15.0667,0.347134,-0.634127,0.120421,0.183384,0.086657,-0.427012,0.057285
15.0833,0.351171,-0.619938,0.127679,0.178554,0.085147,-0.420267,0.054968
15.1000,0.354850,-0.609850,0.082596,0.208707,0.081796,-0.429171,0.053692
15.1167,0.353050,-0.627184,0.089584,0.214961,0.082002,-0.434433,0.055302
15.1333,0.382658,-0.574924,-0.008110,0.248502,0.066618,-0.439582,0.050401
15.1500,0.405166,-0.573759,-0.023110,0.268084,0.054004,-0.444679,0.047429
15.1667,0.386567,-0.577589,-0.029515,0.304711,0.056343,-0.451042,0.043734
15.1833,0.402603,-0.576775,-0.033503,0.346236,0.043408,-0.455657,0.038675
15.2000,0.395633,-0.564510,-0.050615,0.380360,0.040281,-0.457829,0.033165
15.2167,0.392864,-0.549621,-0.075971,0.426426,0.033412,-0.461075,0.027052
15.2333,0.403650,-0.533101,-0.090806,0.415059,0.029823,-0.456788,0.026392
15.2500,0.395035,-0.516076,-0.100004,0.458620,0.025029,-0.455635,0.017776
15.2667,0.397273,-0.460559,-0.229951,0.574110,-0.001547,-0.462713,0.004807
15.2833,0.425275,-0.461415,-0.263970,0.666311,-0.034121,-0.471049,-0.000779
15.3000,0.419444,-0.444908,-0.299229,0.720121,-0.045001,-0.470498,-0.007989
15.3167,0.359212,-0.336725,-0.646292,0.845644,-0.066181,-0.463742,-0.024077
15.3333,0.126796,-0.226221,-1.672620,0.933627,-0.082782,-0.454255,-0.040653
15.3500,0.007670,-0.288607,-2.196894,0.987444,-0.076821,-0.454682,-0.044111
15.3667,-0.035544,-0.354469,-2.534612,1.041610,-0.073187,-0.454472,-0.046231
15.3833,0.118794,-0.495326,-3.010000,1.410500,-0.096535,-0.468149,-0.046954
15.4000,-0.006008,-0.389344,-2.788293,1.124337,-0.086351,-0.444995,-0.055665
15.4167,-0.034271,-0.340905,-2.729827,1.013842,-0.089377,-0.430964,-0.051400
15.4333,0.019962,-0.383174,-2.958603,1.144131,-0.099387,-0.425755,-0.057897
15.4500,0.184069,-0.429276,-3.010000,1.481011,-0.118001,-0.429200,-0.062003
15.4667,0.182570,-0.431102,-3.010000,1.493475,-0.117488,-0.423256,-0.070930
15.4833,0.162341,-0.402382,-3.010000,1.468695,-0.111009,-0.416437,-0.075406
15.5000,0.053771,-0.370315,-3.010000,1.245037,-0.099836,-0.406963,-0.076303
15.5167,-0.003613,-0.334052,-2.949312,1.135895,-0.088795,-0.403394,-0.071874
15.5333,0.010245,-0.371746,-3.010000,1.209715,-0.081687,-0.413012,-0.070899
15.5500,0.111699,-0.390877,-3.010000,1.440917,-0.086853,-0.418381,-0.074222
15.5667,0.092922,-0.371176,-3.010000,1.390392,-0.086852,-0.421109,-0.077287
15.5833,0.087865,-0.382547,-3.010000,1.379203,-0.089140,-0.408156,-0.079317
15.6000,0.096690,-0.355316,-3.010000,1.376593,-0.091676,-0.413701,-0.078233
15.6167,0.102341,-0.356378,-3.010000,1.376575,-0.094825,-0.414142,-0.077608
15.6333,0.100372,-0.358125,-3.010000,1.376681,-0.093770,-0.415155,-0.077681
15.6500,0.098349,-0.355577,-3.010000,1.376369,-0.092741,-0.413894,-0.078369
15.6667,0.099743,-0.361458,-3.010000,1.376561,-0.093390,-0.416862,-0.076933
15.6833,0.021094,-0.366539,-3.010000,1.246515,-0.081138,-0.406073,-0.078844
15.7000,-0.007012,-0.344700,-3.010000,1.178427,-0.078773,-0.402652,-0.075129
15.7167,-0.057029,-0.286047,-2.859790,1.071204,-0.070772,-0.389680,-0.075413
15.7333,-0.062618,-0.285590,-2.851508,1.060668,-0.069439,-0.390371,-0.073520
15.7500,-0.062726,-0.272102,-2.841199,1.052223,-0.070699,-0.384843,-0.074537
15.7667,-0.098100,-0.237983,-2.732162,0.950811,-0.066758,-0.384712,-0.068837
15.7833,-0.108966,-0.243285,-2.665463,0.893989,-0.067425,-0.398047,-0.058383
15.8000,-0.083161,-0.302000,-2.705416,0.986116,-0.066938,-0.416484,-0.057504
15.8167,-0.118502,-0.261012,-2.586759,0.927981,-0.051261,-0.413761,-0.057732
15.8333,-0.106319,-0.303417,-2.583296,0.960067,-0.052159,-0.431751,-0.050944
15.8500,-0.147249,-0.235597,-2.360346,0.851227,-0.028448,-0.431847,-0.044820
15.8667,-0.037554,-0.167739,-1.888261,0.822310,-0.027845,-0.436043,-0.034380
15.8833,0.048685,-0.209850,-1.589078,0.874845,-0.027517,-0.455265,-0.031378
15.9000,0.259010,-0.295348,-0.733332,0.787251,-0.011823,-0.458325,-0.018628
15.9167,0.304945,-0.377905,-0.434918,0.684994,0.009743,-0.462258,-0.010000
15.9333,0.383367,-0.489136,-0.184390,0.605356,0.002342,-0.468093,0.004916
15.9500,0.425368,-0.543480,-0.132005,0.567284,-0.007252,-0.478732,0.016414
15.9667,0.416976,-0.569118,-0.162359,0.553445,0.000174,-0.492615,0.026315
15.9833,0.395182,-0.608848,-0.105913,0.525876,0.017864,-0.496322,0.032809
16.0000,0.372831,-0.622029,-0.089195,0.496953,0.034272,-0.495605,0.038083
16.0167,0.332478,-0.602786,-0.051781,0.448635,0.059307,-0.477690,0.035712
16.0333,0.348433,-0.596837,-0.046093,0.394941,0.061374,-0.469045,0.041181
16.0500,0.345038,-0.592893,-0.018754,0.335258,0.071042,-0.456764,0.044577
16.0667,0.375988,-0.594688,-0.029625,0.310611,0.061922,-0.456911,0.048754
16.0833,0.341126,-0.589341,0.006799,0.307870,0.075460,-0.448113,0.043914
16.1000,0.344893,-0.594848,0.019715,0.285926,0.077491,-0.444891,0.047569
16.1167,0.349637,-0.602940,0.024039,0.275353,0.077127,-0.445681,0.049983
16.1333,0.356547,-0.609871,0.025171,0.273588,0.074667,-0.447695,0.051154
16.1500,0.372815,-0.618102,0.014997,0.283486,0.067052,-0.453642,0.052011
16.1667,0.378638,-0.626729,0.022035,0.277065,0.065418,-0.454684,0.053212
16.1833,0.391398,-0.629949,0.007919,0.286880,0.059215,-0.459559,0.053848
16.2000,0.403797,-0.622018,-0.015738,0.296507,0.052622,-0.462482,0.053067
16.2167,0.393766,-0.638016,-0.008586,0.313172,0.054780,-0.468465,0.053533
16.2333,0.392266,-0.633710,-0.024500,0.319110,0.054918,-0.470409,0.054136
16.2500,0.393151,-0.642225,-0.030066,0.335538,0.052691,-0.476064,0.054789
16.2667,0.382312,-0.629700,-0.026699,0.335845,0.056378,-0.471307,0.051552
16.2833,0.392897,-0.632414,-0.031281,0.337818,0.052065,-0.473206,0.052591
16.3000,0.397643,-0.627392,-0.010062,0.302748,0.054330,-0.464006,0.052781
16.3167,0.416002,-0.608729,-0.015685,0.275147,0.049789,-0.455866,0.052427
16.3333,0.431201,-0.609614,-0.012309,0.257447,0.045654,-0.453796,0.053754
16.3500,0.400980,-0.609914,0.013084,0.271388,0.055160,-0.450765,0.049031
16.3667,0.377185,-0.611340,0.047637,0.268196,0.065053,-0.444095,0.047172
16.3833,0.359450,-0.613511,0.068328,0.261145,0.073227,-0.439772,0.047534
16.4000,0.361705,-0.614717,0.030544,0.252637,0.075306,-0.445916,0.054066
16.4167,0.363999,-0.620641,0.015615,0.253361,0.074950,-0.450786,0.056866
16.4333,0.400101,-0.607582,-0.028847,0.221621,0.064970,-0.451468,0.062674
16.4500,0.418847,-0.593203,-0.071196,0.193668,0.060529,-0.452192,0.067335
16.4667,0.415945,-0.560920,-0.126704,0.202886,0.058712,-0.453663,0.065587
16.4833,0.385378,-0.551948,-0.145845,0.203187,0.070493,-0.454277,0.067034
16.5000,0.360967,-0.526978,-0.225403,0.211925,0.077198,-0.461681,0.072054
16.5167,0.350299,-0.522201,-0.244941,0.199065,0.082634,-0.462487,0.076603
16.5333,0.363814,-0.536547,-0.238015,0.137663,0.085874,-0.459840,0.088905
16.5500,0.417256,-0.497184,-0.350963,0.095862,0.063351,-0.466185,0.099403
16.5667,0.421995,-0.449818,-0.436612,0.022117,0.060277,-0.462804,0.111196
16.5833,0.430133,-0.466296,-0.396111,-0.071046,0.069997,-0.451331,0.126025
16.6000,0.452665,-0.425615,-0.464303,-0.132249,0.060032,-0.447780,0.136945
16.6167,0.477094,-0.558181,-0.255271,-0.308798,0.081747,-0.419547,0.165434
16.6333,0.517207,-0.599240,-0.191792,-0.450966,0.077723,-0.397444,0.187240
16.6500,0.399342,-0.540755,-0.113114,-0.556190,0.104729,-0.358184,0.195604
16.6667,0.470030,-0.466178,-0.179747,-0.640667,0.084627,-0.347083,0.208927
16.6833,0.340051,-0.481420,-0.121342,-0.659849,0.113672,-0.335948,0.215378
16.7000,0.046044,-0.391269,0.054617,-0.561540,0.190421,-0.286462,0.211533
16.7167,-0.122158,-0.288378,0.114770,-0.445415,0.242648,-0.248101,0.218428
16.7333,-0.185926,-0.222721,0.129578,-0.354220,0.266636,-0.227287,0.216560
16.7500,-0.211290,-0.123552,0.156567,-0.278919,0.277884,-0.194560,0.206504
16.7667,-0.193189,-0.076499,0.186272,-0.251924,0.274125,-0.175942,0.197016
16.7833,-0.092434,0.006603,0.112138,-0.299151,0.248872,-0.175690,0.187650
16.8000,0.029756,0.014532,0.008632,-0.407718,0.212966,-0.204558,0.184531
16.8167,0.094093,0.315924,-0.352335,-0.489726,0.176789,-0.211963,0.178349
16.8333,-0.002860,0.380000,-0.761763,-0.559479,0.148506,-0.236130,0.175339
16.8500,-0.159073,0.380000,-1.092114,-0.598170,0.134732,-0.255294,0.177212
16.8833,0.128705,0.275187,-0.776193,-0.581222,0.111308,-0.290141,0.184276
16.9000,0.276282,-0.045274,-0.320026,-0.567353,0.125292,-0.293758,0.182952
16.9500,-0.205339,-0.303454,0.285467,-0.306804,0.266401,-0.221015,0.188543
16.9667,-0.258954,-0.266778,0.341899,-0.247442,0.283333,-0.193351,0.201727
16.9833,-0.278832,-0.241005,0.365259,-0.215889,0.288410,-0.180339,0.200351
17.0000,-0.295671,-0.224178,0.373332,-0.204357,0.292138,-0.172712,0.202454
17.0167,-0.312815,-0.225963,0.383982,-0.205529,0.294907,-0.169756,0.206732
17.0333,-0.284376,-0.213232,0.342861,-0.235821,0.288498,-0.175142,0.209588
17.0500,-0.267905,-0.213601,0.342653,-0.268416,0.281754,-0.175772,0.211138
17.0667,-0.255628,-0.237641,0.331091,-0.288311,0.278461,-0.185349,0.212265
17.0833,-0.226910,-0.250008,0.294724,-0.328741,0.270666,-0.196856,0.215801
17.1000,-0.128906,-0.303766,0.235364,-0.431969,0.242023,-0.224961,0.219090
17.1167,0.077119,-0.385751,0.101733,-0.545323,0.188689,-0.274256,0.215569
17.1333,0.081685,-0.464724,0.093654,-0.479141,0.192417,-0.299976,0.201208
17.1500,-0.060293,-0.490628,0.211338,-0.359989,0.233109,-0.287493,0.192495
17.1667,-0.162614,-0.493577,0.294676,-0.225998,0.266339,-0.277372,0.183603
17.1833,-0.249928,-0.497726,0.348184,-0.102129,0.295115,-0.274033,0.177846
17.2000,-0.218078,-0.537089,0.336859,-0.075314,0.288484,-0.292699,0.172796
17.2167,-0.044379,-0.627548,0.242291,-0.084035,0.241710,-0.347141,0.158116
17.2333,0.120022,-0.675304,0.169340,-0.099749,0.192949,-0.381129,0.143452
17.2500,0.214557,-0.693030,0.131360,-0.076029,0.161820,-0.401202,0.129046
17.2667,0.274203,-0.687502,0.063356,-0.015747,0.139956,-0.423305,0.117571
17.2833,0.200730,-0.686971,0.129235,0.022660,0.159906,-0.415222,0.108085
17.3000,0.142836,-0.661025,0.158581,0.066631,0.177516,-0.405776,0.101679
17.3167,0.090585,-0.643218,0.202632,0.098238,0.193192,-0.394114,0.096604
17.3333,0.060229,-0.614078,0.223212,0.133750,0.201841,-0.383998,0.089214
17.3500,0.073354,-0.608352,0.211559,0.148424,0.196953,-0.386472,0.086087
17.3667,0.122322,-0.608206,0.180837,0.139713,0.180333,-0.393024,0.083688
17.3833,0.153102,-0.617241,0.185687,0.126828,0.168784,-0.394967,0.081040
17.4000,0.205976,-0.637487,0.164927,0.111978,0.150698,-0.405256,0.082409
17.4167,0.243748,-0.638343,0.149763,0.103733,0.137001,-0.408779,0.080108
17.4333,0.262241,-0.641489,0.140240,0.102456,0.130040,-0.412175,0.079110
17.4500,0.260811,-0.627916,0.130087,0.136346,0.127436,-0.414444,0.071909
17.4667,0.290392,-0.646980,0.134898,0.138828,0.115838,-0.420618,0.072003
17.4833,0.266668,-0.634022,0.140319,0.162096,0.121826,-0.418290,0.066298
17.5000,0.271110,-0.640446,0.150776,0.169922,0.119232,-0.419393,0.065353
17.5167,0.290856,-0.662942,0.164969,0.176268,0.110426,-0.425399,0.065314
17.5333,0.296871,-0.675620,0.185194,0.184678,0.105919,-0.427315,0.063037
17.5500,0.295969,-0.682571,0.203201,0.188099,0.104821,-0.426871,0.061589
17.5667,0.311912,-0.685310,0.194505,0.182189,0.099748,-0.428696,0.063041
17.5833,0.316934,-0.687085,0.186728,0.175991,0.098748,-0.429992,0.064436
17.6000,0.330276,-0.680541,0.173960,0.164214,0.095217,-0.428784,0.065402
17.6167,0.269895,-0.676401,0.221456,0.181023,0.114063,-0.420396,0.060065
17.6333,0.265489,-0.669361,0.200841,0.188033,0.117384,-0.422030,0.062518
17.6500,0.277836,-0.669359,0.193360,0.182689,0.113498,-0.422882,0.063335
17.6667,0.304608,-0.668451,0.165734,0.165204,0.106151,-0.425740,0.066811
17.6833,0.333209,-0.664986,0.136121,0.151689,0.097422,-0.428915,0.069076
17.7000,0.324650,-0.652912,0.140479,0.162145,0.098492,-0.425856,0.064234
17.7167,0.297299,-0.641207,0.147338,0.200316,0.104681,-0.425328,0.057548
17.7333,0.275698,-0.627228,0.163449,0.234395,0.108796,-0.421561,0.050203
17.7500,0.264609,-0.610221,0.146628,0.271759,0.109821,-0.423142,0.044871
17.7667,0.266101,-0.592898,0.103401,0.309889,0.106099,-0.429587,0.041045
17.7833,0.265986,-0.576280,0.076211,0.335122,0.103304,-0.431672,0.036938
17.8000,0.306628,-0.600259,0.084456,0.358924,0.082790,-0.442163,0.035257
17.8167,0.374738,-0.593491,0.085657,0.392593,0.046696,-0.444204,0.025983
17.8333,0.460236,-0.621329,0.063634,0.424996,0.004526,-0.462088,0.029421
17.8500,0.509453,-0.598717,0.019920,0.492690,-0.031307,-0.468017,0.022445
17.8667,0.488988,-0.504494,-0.090253,0.540225,-0.036002,-0.454780,0.005732
17.8833,0.419418,-0.339688,-0.466136,0.706482,-0.056670,-0.449176,-0.017993
17.9000,0.228759,-0.197701,-1.336943,0.891353,-0.089694,-0.443661,-0.039041
17.9167,0.049814,-0.299874,-2.188930,1.051809,-0.091871,-0.452198,-0.049427
17.9333,0.129964,-0.488551,-3.010000,1.419896,-0.100902,-0.467110,-0.050532
17.9500,0.127814,-0.439170,-3.010000,1.385718,-0.105879,-0.455508,-0.057265
17.9667,0.074669,-0.412364,-3.010000,1.235497,-0.111967,-0.430289,-0.061365
17.9833,0.163328,-0.399219,-3.010000,1.382350,-0.125732,-0.433213,-0.059705
18.0000,0.166841,-0.363968,-3.010000,1.373867,-0.130754,-0.416295,-0.068867
18.0167,0.071745,-0.341855,-3.010000,1.214504,-0.116115,-0.391360,-0.076886
18.0333,-0.021335,-0.257709,-2.861245,0.994580,-0.105505,-0.376975,-0.070210
18.0500,0.041944,-0.348668,-3.010000,1.140889,-0.113014,-0.400774,-0.064686
18.0667,0.206340,-0.423322,-3.010000,1.489126,-0.129202,-0.420619,-0.062831
18.0833,-0.007123,-0.300549,-2.903721,1.048740,-0.105193,-0.393377,-0.072933
18.1000,-0.071947,-0.219210,-2.755898,0.900040,-0.091375,-0.374710,-0.065165
18.1167,-0.108312,-0.173213,-2.696507,0.823606,-0.081900,-0.364303,-0.062452
18.1333,-0.063784,-0.219338,-2.755630,0.923398,-0.091064,-0.372708,-0.064453
18.1500,-0.014171,-0.278255,-2.857977,1.047736,-0.098159,-0.384931,-0.068185
18.1667,0.083738,-0.358801,-3.010000,1.260711,-0.111577,-0.396317,-0.071445
18.1833,0.152896,-0.348547,-3.010000,1.374470,-0.122549,-0.408157,-0.071687
18.2000,0.158224,-0.359640,-3.010000,1.374564,-0.125943,-0.414296,-0.070838
18.2167,0.164273,-0.360966,-3.010000,1.374720,-0.129187,-0.414770,-0.069808
18.2333,0.169296,-0.364432,-3.010000,1.374542,-0.131927,-0.416408,-0.068470
18.2500,0.184774,-0.353961,-3.010000,1.373330,-0.140615,-0.410406,-0.068156
18.2667,0.191859,-0.347814,-3.010000,1.372629,-0.144787,-0.407054,-0.068622
18.2833,0.203413,-0.341862,-3.010000,1.371252,-0.151351,-0.403541,-0.067885
18.3000,0.203430,-0.337745,-3.010000,1.370971,-0.151618,-0.401502,-0.069025
18.3167,0.198311,-0.322862,-3.010000,1.368388,-0.149620,-0.394088,-0.072538
18.3333,0.027057,-0.271506,-2.974842,1.074475,-0.119651,-0.369982,-0.078040
18.3500,0.104113,-0.322116,-3.010000,1.231701,-0.129169,-0.374397,-0.074121
18.3667,0.178033,-0.297770,-3.010000,1.367828,-0.138075,-0.380954,-0.077359
18.3833,0.181178,-0.296815,-3.010000,1.367265,-0.140672,-0.380971,-0.079310
18.4000,0.193932,-0.296035,-3.010000,1.366702,-0.147625,-0.380035,-0.077316
18.4167,0.188007,-0.305058,-3.010000,1.367088,-0.144473,-0.385174,-0.077177
18.4333,0.194591,-0.301433,-3.010000,1.365805,-0.148196,-0.382982,-0.076380
18.4500,0.191944,-0.316726,-3.010000,1.365927,-0.146698,-0.391239,-0.074281
18.4667,0.118336,-0.388600,-3.010000,1.410679,-0.099440,-0.414136,-0.078915
18.4833,0.117770,-0.423173,-3.010000,1.421060,-0.095431,-0.433230,-0.069285
18.5000,-0.038975,-0.356816,-2.713206,1.093178,-0.072038,-0.437700,-0.060524
18.5167,-0.095410,-0.257381,-2.316755,0.908846,-0.043392,-0.440028,-0.045258
18.5333,-0.001195,-0.264095,-1.985727,0.993925,-0.047702,-0.452549,-0.040498
18.5500,0.102490,-0.261694,-1.432738,0.963691,-0.035764,-0.464731,-0.032994
18.5667,0.351510,-0.393419,-0.499070,0.873044,-0.051705,-0.470684,-0.016895
18.5833,0.409868,-0.494133,-0.148447,0.695292,-0.028613,-0.468682,-0.006538
18.6000,0.428936,-0.565074,-0.022953,0.590375,-0.013732,-0.471443,0.007676
18.6167,0.431587,-0.593557,0.023407,0.543879,-0.005662,-0.471032,0.013653
18.6333,0.385007,-0.621121,0.031321,0.497024,0.025566,-0.475760,0.023067
18.6500,0.376026,-0.649858,0.023936,0.464388,0.038102,-0.483580,0.035734
18.6667,0.379228,-0.655909,0.009914,0.466478,0.037317,-0.488179,0.038946
18.6833,0.355120,-0.639908,-0.021940,0.468547,0.047452,-0.487887,0.038663
18.7000,0.329358,-0.619695,-0.041797,0.446126,0.062215,-0.481448,0.039807
18.7167,0.342088,-0.617683,-0.064688,0.422004,0.061228,-0.482087,0.045415
18.7333,0.324547,-0.629361,-0.021883,0.381173,0.074854,-0.474513,0.048410
18.7500,0.296305,-0.642142,0.046495,0.344740,0.091297,-0.462272,0.049737
18.7667,0.266717,-0.645981,0.091328,0.336542,0.103985,-0.453928,0.049021
18.7833,0.235975,-0.647977,0.128721,0.356304,0.113401,-0.449759,0.045457
18.8000,0.245547,-0.649718,0.164278,0.336441,0.110595,-0.441551,0.044457
18.8167,0.251407,-0.663150,0.165716,0.351914,0.106309,-0.448203,0.044559
18.8333,0.196310,-0.615075,0.180412,0.325680,0.131042,-0.423942,0.040586
18.8500,0.203963,-0.550939,0.132430,0.256405,0.137522,-0.401016,0.045509
18.8667,0.191490,-0.567179,0.154653,0.247927,0.142750,-0.401359,0.048262
18.8833,0.190035,-0.541534,0.132117,0.223190,0.146639,-0.393512,0.050973
18.9000,0.192583,-0.539700,0.078803,0.235157,0.146269,-0.404578,0.054321
18.9167,0.210547,-0.541885,0.018374,0.232457,0.140613,-0.417252,0.060006
18.9333,0.187412,-0.559742,0.018928,0.231876,0.150153,-0.422670,0.065402
18.9500,0.175732,-0.583791,0.040487,0.207917,0.157506,-0.423189,0.073805
18.9667,0.120946,-0.613285,0.072492,0.230201,0.177001,-0.427648,0.079618
18.9833,0.069954,-0.653862,0.143090,0.238252,0.195015,-0.426920,0.086891
19.0000,0.040834,-0.654858,0.143629,0.221315,0.207884,-0.422920,0.096368
19.0167,0.045267,-0.658884,0.077487,0.191657,0.210359,-0.431704,0.111624
19.0333,0.068171,-0.661037,-0.035531,0.166044,0.204808,-0.450206,0.128416
19.0500,0.033778,-0.662435,-0.021833,0.081223,0.220657,-0.435421,0.146605
19.0667,0.150899,-0.669570,-0.116516,-0.034275,0.186226,-0.443084,0.164630
19.0833,0.232528,-0.700738,-0.135006,-0.171283,0.164445,-0.437760,0.182943
19.1000,0.376235,-0.710824,-0.228005,-0.310636,0.124711,-0.438922,0.205006
19.1167,0.543153,-0.628703,-0.401386,-0.395463,0.069946,-0.444034,0.214550
19.1333,0.690748,-0.509483,-0.517429,-0.529130,0.018640,-0.424875,0.225664
19.1500,0.574379,-0.614480,-0.264215,-0.650317,0.059048,-0.385589,0.226322
19.1667,0.238388,-0.625572,0.044944,-0.648187,0.136034,-0.332426,0.218279
19.1833,0.018306,-0.553164,0.147944,-0.558744,0.196526,-0.300325,0.222997
19.2000,-0.124747,-0.492821,0.185462,-0.474049,0.238116,-0.279220,0.231598
19.2167,-0.223076,-0.335903,0.163743,-0.368422,0.272577,-0.246116,0.230183
19.2333,-0.242857,-0.243435,0.130278,-0.340379,0.280449,-0.228551,0.231158
19.2500,-0.200151,-0.053530,-0.021470,-0.342458,0.272034,-0.214931,0.222907
19.2667,-0.185885,0.165338,-0.227998,-0.350694,0.262944,-0.205001,0.213693
19.2833,-0.312787,0.380000,-0.582429,-0.350781,0.264011,-0.177928,0.212411
19.3000,-0.473221,0.380000,-0.820525,-0.351238,0.270985,-0.162835,0.221735
19.3167,-0.494899,0.380000,-0.840610,-0.347721,0.271101,-0.152755,0.228219
19.3333,-0.561983,0.380000,-0.956783,-0.384076,0.265889,-0.154163,0.232106
19.3500,-0.427069,0.380000,-0.771461,-0.382228,0.260963,-0.163563,0.230791
19.3667,-0.287832,0.380000,-0.565484,-0.383424,0.255687,-0.178716,0.221211
19.3833,-0.203844,0.354323,-0.406819,-0.378701,0.252770,-0.190919,0.212766
19.4000,-0.164915,0.275302,-0.312272,-0.372764,0.251384,-0.195663,0.207746
19.4167,-0.149872,0.202385,-0.244321,-0.359550,0.253155,-0.201330,0.204649
19.4333,-0.134161,0.198994,-0.270427,-0.365202,0.247946,-0.208995,0.201066
19.4500,-0.149179,0.193362,-0.273574,-0.369241,0.250866,-0.210548,0.204301
19.4667,-0.152434,0.179684,-0.268469,-0.364742,0.252413,-0.212621,0.204942
19.4833,-0.162396,0.147191,-0.238144,-0.349559,0.257708,-0.213728,0.205720
19.5000,-0.169979,-0.063859,-0.035458,-0.318017,0.268189,-0.223808,0.207589
19.5167,-0.181315,-0.289965,0.214249,-0.339162,0.264604,-0.227693,0.210104
19.5333,-0.231944,-0.416018,0.311005,-0.328458,0.272797,-0.239203,0.216673
19.5500,-0.158309,-0.485401,0.272041,-0.353857,0.255547,-0.266740,0.215195
19.5667,-0.040871,-0.604867,0.217561,-0.395062,0.226116,-0.308987,0.213616
19.5833,0.220478,-0.699286,0.044978,-0.415749,0.165137,-0.368301,0.207331
19.6000,-0.077626,-0.648511,0.250388,-0.233017,0.242675,-0.334876,0.178848
19.6167,-0.234649,-0.565663,0.329702,-0.076606,0.293343,-0.303453,0.175022
19.6333,-0.107068,-0.600638,0.229378,-0.086257,0.261340,-0.337699,0.170241
19.6500,0.021130,-0.642769,0.140782,-0.090190,0.225680,-0.373751,0.159147
19.6667,0.058128,-0.650753,0.120410,-0.054697,0.213952,-0.387657,0.145795
19.6833,0.106678,-0.645977,0.077304,-0.008450,0.197916,-0.403169,0.133319
19.7000,0.124388,-0.639318,0.075102,0.026948,0.190034,-0.407778,0.121608
19.7167,0.186376,-0.646255,0.038585,0.050293,0.167810,-0.422186,0.114642
19.7333,0.194474,-0.650483,0.011494,0.117444,0.160219,-0.438312,0.104773
19.7500,0.122304,-0.646919,0.085755,0.166195,0.181468,-0.427861,0.094849
19.7667,0.053740,-0.627511,0.128011,0.230803,0.202176,-0.419111,0.087209
19.7833,0.015842,-0.613166,0.181509,0.248519,0.214110,-0.404655,0.083071
19.8000,0.005677,-0.588760,0.186865,0.261834,0.217178,-0.396010,0.078628
19.8167,-0.001659,-0.558971,0.212308,0.245084,0.220084,-0.378138,0.074848
19.8333,0.010603,-0.547236,0.235519,0.220951,0.215692,-0.367032,0.072654
19.8500,0.067787,-0.592755,0.225362,0.183181,0.196456,-0.382616,0.078159
19.8667,0.106672,-0.592689,0.213918,0.145772,0.184073,-0.381861,0.078310
19.8833,0.155214,-0.608423,0.197070,0.129177,0.167227,-0.390165,0.077979
19.9000,0.169913,-0.634434,0.234366,0.143334,0.157978,-0.394762,0.072044
19.9167,0.170166,-0.651894,0.240014,0.172470,0.155310,-0.403686,0.069349
19.9333,0.169312,-0.654892,0.249070,0.196522,0.153046,-0.406478,0.065077
19.9500,0.171902,-0.652396,0.267348,0.176162,0.152385,-0.399570,0.065263
19.9667,0.206834,-0.674093,0.266913,0.173796,0.139004,-0.407589,0.065814
19.9833,0.202731,-0.675823,0.286935,0.182027,0.137930,-0.406088,0.061704
20.0000,0.216732,-0.689172,0.304182,0.201209,0.129376,-0.410792,0.058031
20.0167,0.237675,-0.698835,0.293955,0.198038,0.122071,-0.415905,0.059313
20.0333,0.227783,-0.698406,0.315341,0.180565,0.125552,-0.409475,0.059284
20.0500,0.190722,-0.684451,0.349512,0.175364,0.137755,-0.397096,0.057225
20.0667,0.182603,-0.674196,0.339720,0.180783,0.141838,-0.395437,0.057862
20.0833,0.170297,-0.669318,0.331564,0.204363,0.145582,-0.398243,0.055992
20.1000,0.173499,-0.669392,0.311815,0.198618,0.146617,-0.400791,0.059316
20.1167,0.173290,-0.668642,0.305270,0.191097,0.147830,-0.400609,0.061012
20.1333,0.172787,-0.659465,0.277148,0.215298,0.148008,-0.405836,0.059179
20.1500,0.186485,-0.659220,0.260405,0.198987,0.145164,-0.406774,0.062152
20.1667,0.169977,-0.620966,0.251511,0.231306,0.148772,-0.399340,0.052557
20.1833,0.197267,-0.601757,0.205242,0.241722,0.139362,-0.403008,0.050452
20.2000,0.212938,-0.579702,0.190378,0.236632,0.133502,-0.398095,0.046458
20.2167,0.255648,-0.578252,0.159700,0.232527,0.117586,-0.403991,0.045945
20.2333,0.295124,-0.568076,0.086338,0.269305,0.099058,-0.419756,0.042387
20.2500,0.366093,-0.544705,-0.035348,0.355895,0.057962,-0.444536,0.034256
20.2667,0.407003,-0.530172,-0.094755,0.372932,0.035871,-0.452683,0.032497
20.2833,0.447287,-0.522903,-0.151217,0.480376,-0.002246,-0.468330,0.023122
20.3000,0.467830,-0.480616,-0.216757,0.561637,-0.031527,-0.467617,0.011054
20.3167,0.445163,-0.384345,-0.495529,0.704989,-0.067978,-0.471597,-0.002331
20.3333,0.171140,-0.206467,-1.434131,0.849642,-0.072161,-0.457646,-0.033779
20.3500,-0.015593,-0.324964,-2.256264,0.958131,-0.074651,-0.471655,-0.035434
20.3667,0.032333,-0.453831,-2.775555,1.180912,-0.094138,-0.473237,-0.038078
20.3833,0.158990,-0.477926,-3.010000,1.396312,-0.118828,-0.472174,-0.041512
20.4000,-0.052866,-0.240518,-2.576281,0.791719,-0.108346,-0.413704,-0.041258
20.4167,0.006644,-0.320366,-2.768480,1.007073,-0.113662,-0.415614,-0.050051
20.4333,0.035157,-0.347758,-2.914755,1.098870,-0.116024,-0.412054,-0.058242
20.4500,0.029061,-0.327128,-2.925096,1.081846,-0.116590,-0.401376,-0.062193
20.4667,-0.114821,-0.173410,-2.692732,0.780376,-0.086102,-0.368199,-0.059661
20.4833,-0.186061,-0.088535,-2.643625,0.639052,-0.067609,-0.344213,-0.052068
20.5000,-0.234425,-0.039706,-2.621909,0.559576,-0.053136,-0.330812,-0.046903
20.5167,-0.326528,0.037667,-2.598829,0.422052,-0.025304,-0.310962,-0.036853
20.5333,-0.361221,0.057917,-2.599177,0.381869,-0.014628,-0.304690,-0.030875
20.5500,-0.327654,0.034961,-2.595828,0.437118,-0.022769,-0.310451,-0.034873
20.5667,-0.272612,-0.014181,-2.591130,0.517996,-0.037339,-0.326615,-0.040451
20.5833,-0.211292,-0.079565,-2.617858,0.643850,-0.051706,-0.342909,-0.050379
20.6000,-0.131287,-0.167666,-2.672564,0.807916,-0.070781,-0.365150,-0.058452
20.6167,-0.072550,-0.235172,-2.774791,0.958431,-0.080860,-0.376840,-0.067236
20.6333,-0.004287,-0.296396,-2.959417,1.108692,-0.093619,-0.382782,-0.073116
20.6500,0.073124,-0.342070,-3.010000,1.270868,-0.104041,-0.386037,-0.077595
20.6667,0.118313,-0.350889,-3.010000,1.361365,-0.109812,-0.388032,-0.080224
20.6833,0.091974,-0.359390,-3.010000,1.326446,-0.103467,-0.393672,-0.080898
20.7000,0.118554,-0.351373,-3.010000,1.374096,-0.104157,-0.411031,-0.076222
20.7167,0.128552,-0.374471,-3.010000,1.407828,-0.105014,-0.404900,-0.078216
20.7333,0.083225,-0.362034,-3.010000,1.306585,-0.103087,-0.395481,-0.080279
20.7500,0.059511,-0.342582,-3.010000,1.248865,-0.101923,-0.388029,-0.080002
20.7667,0.079904,-0.348107,-3.010000,1.296754,-0.102870,-0.387280,-0.080408
20.7833,0.049707,-0.336731,-3.010000,1.241527,-0.098012,-0.386489,-0.081185
20.8000,0.017181,-0.303641,-3.010000,1.161176,-0.096113,-0.378416,-0.080276
20.8167,0.010372,-0.311166,-3.010000,1.154815,-0.093438,-0.382981,-0.077923
20.8333,0.035494,-0.384150,-3.010000,1.221521,-0.093525,-0.413906,-0.068669
20.8500,0.085534,-0.433213,-3.010000,1.405821,-0.080869,-0.436437,-0.067811
20.8667,-0.058337,-0.386148,-2.804231,1.127885,-0.057938,-0.443175,-0.061630
20.8833,-0.008391,-0.338992,-2.105993,1.130889,-0.042470,-0.463363,-0.044989
20.9000,0.250270,-0.350640,-0.710285,0.964664,-0.033054,-0.466594,-0.027916
20.9167,0.323465,-0.456958,-0.226753,0.790409,-0.007789,-0.467329,-0.019080
20.9333,0.336802,-0.512462,-0.151147,0.685617,0.010246,-0.476239,-0.002169
20.9500,0.329353,-0.550659,-0.113396,0.607758,0.030811,-0.481240,0.011734
20.9667,0.314448,-0.596536,-0.022593,0.545679,0.050780,-0.479362,0.020998
20.9833,0.314798,-0.635656,0.038449,0.462125,0.065571,-0.475100,0.033938
21.0000,0.288363,-0.646385,0.070967,0.421665,0.083019,-0.468478,0.038737
21.0167,0.269568,-0.646043,0.090286,0.389452,0.095644,-0.460650,0.042272
21.0333,0.245997,-0.652247,0.121257,0.366085,0.108242,-0.454017,0.045185
21.0500,0.218689,-0.639714,0.148889,0.357393,0.119795,-0.442920,0.043119
21.0667,0.223980,-0.630421,0.155194,0.333380,0.120402,-0.435260,0.044134
21.0833,0.206725,-0.634747,0.177434,0.348568,0.124778,-0.434561,0.041627
21.1000,0.207892,-0.640470,0.185520,0.354341,0.123495,-0.435828,0.041571
21.1167,0.202965,-0.641417,0.189024,0.359030,0.124847,-0.436071,0.041134
21.1333,0.264181,-0.647316,0.137206,0.331807,0.105088,-0.444727,0.047646
21.1500,0.300214,-0.643962,0.112650,0.315784,0.092069,-0.447021,0.047739
21.1667,0.293755,-0.616922,0.108552,0.300072,0.095543,-0.436704,0.043819
21.1833,0.304482,-0.615939,0.079703,0.306714,0.091407,-0.442476,0.045677
21.2000,0.269816,-0.596812,0.078262,0.319113,0.103729,-0.437129,0.041847
21.2167,0.277548,-0.597984,0.101915,0.276687,0.105523,-0.428051,0.045988
21.2333,0.262086,-0.583404,0.086571,0.300734,0.109138,-0.428362,0.042209
21.2500,0.232267,-0.573673,0.075640,0.313699,0.120533,-0.427709,0.042367
21.2667,0.188458,-0.565638,0.082314,0.334056,0.136722,-0.424642,0.041794
21.2833,0.203532,-0.540341,0.033693,0.307144,0.134849,-0.421673,0.046366
21.3000,0.189597,-0.546216,0.040331,0.303841,0.140863,-0.421989,0.048155
21.3167,0.139720,-0.551061,0.104281,0.238916,0.166778,-0.402562,0.058964
21.3333,0.100935,-0.588117,0.159845,0.215344,0.183227,-0.400035,0.070307
21.3500,0.072552,-0.621708,0.157569,0.181308,0.197507,-0.405647,0.088451
21.3667,0.126654,-0.651314,0.060210,0.138832,0.183929,-0.428909,0.107553
21.3833,0.209302,-0.638816,-0.046881,0.067209,0.159699,-0.438952,0.119165
21.4000,0.307810,-0.610798,-0.190657,0.007394,0.126387,-0.454088,0.130468
21.4167,0.398265,-0.577066,-0.273617,-0.089987,0.097435,-0.451931,0.141747
21.4333,0.440021,-0.513186,-0.370041,-0.151868,0.078508,-0.448739,0.147839
21.4500,0.421567,-0.570130,-0.177028,-0.342386,0.101462,-0.402289,0.167129
21.4667,0.503173,-0.522905,-0.224851,-0.501924,0.079073,-0.382087,0.191958
21.4833,0.648908,-0.440380,-0.319646,-0.603645,0.034779,-0.372806,0.204893
21.5000,0.545551,-0.446841,-0.212193,-0.685250,0.058498,-0.347063,0.208509
21.5167,0.291266,-0.408952,-0.046325,-0.663741,0.121981,-0.309812,0.204718
21.5333,-0.005529,-0.346136,0.117435,-0.553457,0.202330,-0.262952,0.212336
21.5667,-0.180312,-0.218689,0.224344,-0.380966,0.258265,-0.206799,0.211172
21.5833,-0.210611,-0.108084,0.188207,-0.310869,0.272863,-0.183027,0.211909
21.6000,-0.146096,0.035139,0.030746,-0.333627,0.259722,-0.183541,0.207599
21.6167,-0.111111,0.186099,-0.131899,-0.373134,0.246611,-0.184113,0.204650
21.6333,-0.088691,0.223981,-0.215871,-0.398486,0.236515,-0.194810,0.200452
21.6500,-0.117092,0.380000,-0.496118,-0.459144,0.217624,-0.199770,0.199021
21.6667,-0.178865,0.380000,-0.654487,-0.492998,0.211697,-0.202917,0.202063
21.6833,-0.201477,0.380000,-0.714379,-0.504591,0.208311,-0.199869,0.203705
21.7000,-0.204932,0.380000,-0.734089,-0.502075,0.206677,-0.196098,0.202425
21.7167,-0.047662,0.341694,-0.392923,-0.462843,0.210242,-0.203887,0.197608
21.7333,0.050912,0.216170,-0.322780,-0.499624,0.188602,-0.227748,0.189948
21.7500,0.136976,0.005763,-0.184390,-0.514420,0.173253,-0.252712,0.185584
21.7667,0.016828,-0.205745,0.092685,-0.454691,0.209518,-0.240704,0.188901
21.7833,-0.154470,-0.208554,0.205861,-0.360914,0.255385,-0.210290,0.201740
21.8000,-0.148791,-0.202474,0.212273,-0.349644,0.255458,-0.206330,0.203893
21.8167,-0.197332,-0.194529,0.219356,-0.318638,0.268958,-0.200696,0.207638
21.8333,-0.217908,-0.236988,0.260063,-0.322987,0.271400,-0.201825,0.212623
21.8500,-0.249325,-0.251379,0.248047,-0.295416,0.281999,-0.207014,0.216278
21.8667,-0.246257,-0.271482,0.263115,-0.299683,0.280270,-0.209207,0.216633
21.8833,-0.241109,-0.242048,0.259357,-0.307844,0.278062,-0.201916,0.216846
21.9000,-0.226033,-0.285289,0.246869,-0.335779,0.273017,-0.216165,0.220264
21.9167,-0.095706,-0.317714,0.196106,-0.444304,0.235174,-0.237454,0.218072
21.9333,0.142062,-0.408030,0.044174,-0.552133,0.173851,-0.292037,0.212703
21.9500,-0.010003,-0.431937,0.166316,-0.445249,0.214714,-0.278114,0.198000
21.9667,0.045961,-0.480501,0.095953,-0.435476,0.205221,-0.304497,0.202580
21.9833,-0.033426,-0.509722,0.158832,-0.321894,0.231410,-0.306926,0.188608
22.0000,-0.146765,-0.504948,0.231416,-0.173066,0.268766,-0.299281,0.177145
22.0167,-0.078525,-0.545738,0.198564,-0.149368,0.252372,-0.322710,0.170012
22.0333,0.054954,-0.588182,0.101685,-0.141422,0.215820,-0.361577,0.158359
22.0500,0.158144,-0.613739,0.041830,-0.125986,0.184210,-0.387496,0.146231
22.0667,0.262294,-0.635263,-0.022632,-0.082360,0.149226,-0.415560,0.134041
22.0833,0.318787,-0.632653,-0.062786,-0.025637,0.125486,-0.432467,0.120066
22.1000,0.342118,-0.640243,-0.076856,0.036307,0.111756,-0.446260,0.109415
22.1167,0.337270,-0.642904,-0.081901,0.098717,0.107391,-0.456058,0.100210
22.1333,0.242278,-0.648307,0.030498,0.092166,0.141578,-0.433799,0.095501
22.1500,0.229698,-0.647917,0.052736,0.120060,0.144894,-0.431951,0.092225
22.1667,0.147649,-0.640060,0.149129,0.130485,0.171437,-0.410475,0.086398
22.1833,0.129556,-0.646196,0.185520,0.149817,0.176311,-0.406954,0.084777
22.2000,0.099840,-0.632799,0.227339,0.142258,0.185867,-0.392626,0.083029
22.2167,0.133363,-0.637899,0.230166,0.128629,0.174108,-0.392822,0.082173
22.2333,0.171287,-0.645568,0.229270,0.094643,0.161687,-0.392326,0.083338
22.2500,0.143078,-0.655093,0.296587,0.104696,0.166591,-0.384176,0.077055
22.2667,0.116466,-0.665239,0.326697,0.126327,0.173494,-0.384115,0.075917
22.2833,0.151959,-0.688589,0.311222,0.129895,0.161377,-0.395994,0.077701
22.3000,0.160534,-0.698001,0.322945,0.149300,0.155397,-0.400674,0.072650
22.3167,0.186203,-0.708430,0.315798,0.146947,0.146180,-0.405797,0.072684
22.3333,0.200859,-0.710298,0.306680,0.145480,0.141048,-0.408370,0.072042
22.3500,0.202460,-0.702973,0.306327,0.155012,0.139337,-0.407660,0.068649
22.3667,0.213603,-0.688056,0.288536,0.156307,0.136002,-0.406273,0.066764
22.3833,0.202999,-0.666545,0.280491,0.181072,0.138182,-0.403951,0.060749
22.4000,0.228849,-0.651048,0.254288,0.175969,0.130078,-0.403219,0.059687
22.4167,0.226616,-0.636349,0.233238,0.194517,0.130091,-0.404807,0.056058
22.4333,0.189958,-0.627138,0.262110,0.203415,0.141981,-0.396738,0.053272
22.4500,0.174614,-0.602066,0.251535,0.205814,0.148916,-0.389436,0.052671
22.4667,0.169519,-0.610738,0.242219,0.206344,0.151872,-0.393954,0.056215
22.4833,0.193685,-0.623349,0.250621,0.179581,0.144113,-0.393837,0.059162
22.5000,0.206575,-0.624847,0.213252,0.186773,0.140533,-0.402649,0.060675
22.5167,0.208337,-0.629185,0.196544,0.204613,0.139067,-0.409784,0.060032
22.5333,0.219160,-0.618163,0.171356,0.209739,0.135363,-0.411667,0.059033
22.5500,0.238759,-0.609959,0.142940,0.218038,0.127657,-0.415833,0.057338
22.5667,0.239273,-0.586261,0.112483,0.271330,0.122028,-0.420205,0.047351
22.5833,0.236618,-0.580875,0.130305,0.293942,0.119516,-0.417768,0.040911
22.6000,0.247915,-0.581009,0.090505,0.346313,0.109693,-0.431408,0.036933
22.6167,0.284493,-0.556441,0.047724,0.360858,0.092233,-0.432745,0.031647
22.6333,0.269937,-0.547399,0.039887,0.396152,0.092877,-0.434677,0.025230
22.6500,0.318439,-0.527913,-0.020859,0.417947,0.068685,-0.441020,0.022685
22.6667,0.381495,-0.508030,-0.111179,0.442085,0.035261,-0.452594,0.021902
22.6833,0.397016,-0.502260,-0.197475,0.577693,0.001023,-0.473933,0.011416
22.7000,0.459808,-0.511906,-0.231455,0.710365,-0.055669,-0.487364,0.007288
22.7167,0.454518,-0.478062,-0.323711,0.795109,-0.077018,-0.487430,-0.001694
22.7333,0.416935,-0.464201,-0.413597,0.900699,-0.085673,-0.491614,-0.009679
22.7500,0.301515,-0.315356,-1.041956,1.007983,-0.100410,-0.468599,-0.031126
22.7667,0.110575,-0.385133,-2.158155,1.230805,-0.101430,-0.469412,-0.048241
22.7833,0.141855,-0.483974,-3.010000,1.387495,-0.112438,-0.477798,-0.045139
22.8000,0.192382,-0.447922,-3.010000,1.380810,-0.141005,-0.457300,-0.045380
22.8167,0.200742,-0.402524,-3.010000,1.375573,-0.148045,-0.434726,-0.055880
22.8333,0.063173,-0.345447,-3.010000,1.138501,-0.126667,-0.400143,-0.068632
22.8500,-0.070603,-0.191888,-2.768004,0.846163,-0.102729,-0.362572,-0.064262
22.8667,-0.144213,-0.117925,-2.735274,0.731611,-0.081510,-0.338051,-0.062139
22.8833,-0.162036,-0.099511,-2.711223,0.661318,-0.081969,-0.336507,-0.052675
22.9500,-0.745284,0.335022,-2.845853,0.061026,0.069614,-0.178579,-0.000461
22.9667,-0.688692,0.380000,-2.703431,0.109738,0.062174,-0.174629,0.011469
22.9833,-0.625207,0.366045,-2.632895,0.167791,0.056963,-0.190309,-0.000170
23.0000,-0.559523,0.283630,-2.630371,0.222157,0.041989,-0.217828,-0.011162
23.0167,-0.462088,0.195060,-2.606736,0.317427,0.018449,-0.249262,-0.024786
23.0333,-0.372733,0.100348,-2.608675,0.417859,-0.006704,-0.280851,-0.036230
23.0500,-0.280472,-0.000402,-2.630012,0.532453,-0.035783,-0.312790,-0.044419
23.0667,-0.206369,-0.075767,-2.646436,0.651830,-0.055634,-0.336070,-0.052227
23.0833,-0.145467,-0.138749,-2.687456,0.758976,-0.072700,-0.352409,-0.057780
23.1000,-0.085850,-0.196082,-2.749568,0.867922,-0.089041,-0.364902,-0.061988
23.1167,-0.064199,-0.216871,-2.764463,0.888612,-0.097632,-0.372063,-0.061180
23.1333,0.039885,-0.326615,-2.968654,1.092152,-0.120673,-0.395742,-0.060492
23.1500,0.216413,-0.442661,-3.010000,1.492184,-0.134071,-0.427669,-0.058203
23.1667,0.224139,-0.465225,-3.010000,1.492768,-0.139587,-0.439297,-0.057780
23.1833,0.197115,-0.496641,-3.010000,1.492311,-0.124662,-0.457438,-0.054255
23.2000,0.155139,-0.505066,-3.010000,1.493183,-0.101449,-0.464213,-0.056678
23.2167,0.114927,-0.511104,-3.010000,1.495566,-0.078648,-0.469025,-0.058271
23.2333,0.005403,-0.306879,-1.982121,1.065703,-0.045956,-0.463846,-0.045645
23.2500,0.176528,-0.303880,-1.235807,0.997836,-0.051975,-0.473417,-0.027092
23.2667,0.360929,-0.390545,-0.436076,0.755011,-0.029965,-0.465975,-0.011532
23.2833,0.385878,-0.441735,-0.315955,0.630760,-0.010829,-0.470689,0.001799
23.3000,0.431139,-0.527322,-0.189814,0.531670,-0.004609,-0.479969,0.022277
23.3167,0.406427,-0.607908,-0.059469,0.456633,0.024395,-0.482462,0.034175
23.3333,0.405401,-0.623067,-0.044972,0.408956,0.034419,-0.480231,0.042532
23.3500,0.369136,-0.620962,-0.025364,0.369531,0.056002,-0.471836,0.044994
23.3667,0.331284,-0.624054,0.024116,0.314659,0.079847,-0.457356,0.049243
23.3833,0.335478,-0.614585,-0.002907,0.310901,0.079663,-0.458204,0.051991
23.4000,0.357350,-0.599889,-0.027072,0.274134,0.075418,-0.453923,0.055700
23.4167,0.358157,-0.581604,-0.063691,0.275923,0.074157,-0.455023,0.055223
23.4333,0.360893,-0.567671,-0.084952,0.284091,0.071320,-0.455277,0.053331
23.4500,0.332879,-0.579210,-0.023997,0.252002,0.087063,-0.444158,0.054336
23.4667,0.356415,-0.578047,-0.025131,0.242993,0.079026,-0.442981,0.055338
23.4833,0.382844,-0.587494,-0.026150,0.248365,0.067371,-0.447334,0.054901
23.5000,0.380600,-0.592742,-0.023112,0.261051,0.066241,-0.450068,0.053159
23.5167,0.361756,-0.617637,0.014816,0.270313,0.073026,-0.452168,0.053371
23.5333,0.333623,-0.620902,0.034435,0.292664,0.081631,-0.451763,0.050462
23.5500,0.339934,-0.626325,0.042110,0.280008,0.081197,-0.450512,0.053007
23.5667,0.333319,-0.623070,0.043394,0.278412,0.083898,-0.448950,0.052521
23.5833,0.327153,-0.621264,0.049041,0.269589,0.087488,-0.446128,0.053194
23.6000,0.307927,-0.598306,0.056084,0.245942,0.097511,-0.433996,0.052271
23.6167,0.343348,-0.600590,0.023969,0.220645,0.087546,-0.438127,0.058937
23.6333,0.333353,-0.584669,-0.006229,0.200581,0.093678,-0.436506,0.061916
23.6500,0.377227,-0.582911,-0.061971,0.155886,0.082599,-0.442064,0.073366
23.6667,0.384394,-0.592874,-0.112853,0.168695,0.078361,-0.456604,0.078427
23.6833,0.359435,-0.626873,-0.086106,0.051110,0.102279,-0.447195,0.102128
23.7000,0.338799,-0.637380,-0.135256,0.035974,0.112502,-0.456457,0.116270
23.7167,0.330570,-0.600717,-0.225644,0.004146,0.115420,-0.459300,0.127697
23.7333,0.342987,-0.563302,-0.306518,-0.023280,0.108609,-0.461819,0.134607
23.7500,0.377874,-0.560655,-0.340659,-0.086277,0.099586,-0.460797,0.147143
23.7667,0.316220,-0.673475,-0.121083,-0.309771,0.137352,-0.414389,0.182447
23.7833,0.365686,-0.673389,-0.196204,-0.390494,0.125164,-0.415464,0.204954
23.8000,0.599363,-0.528956,-0.459336,-0.478029,0.047736,-0.425093,0.217628
23.8167,0.605679,-0.494533,-0.381216,-0.602105,0.044105,-0.392217,0.216869
23.8333,0.397594,-0.546291,-0.189310,-0.667054,0.098057,-0.358788,0.222982
23.8500,0.066712,-0.534373,0.064007,-0.601965,0.180705,-0.310747,0.225184
23.8667,-0.079711,-0.359894,0.112646,-0.509184,0.226173,-0.263841,0.225484
23.8833,-0.168251,-0.222508,0.166986,-0.415571,0.254668,-0.218768,0.221197
23.9000,-0.213460,0.022456,0.037188,-0.358897,0.271291,-0.182071,0.226101
23.9167,-0.253035,0.000933,0.082333,-0.338046,0.280686,-0.174531,0.231753
23.9333,-0.370088,-0.016926,0.063275,-0.285880,0.309543,-0.174777,0.252677
23.9500,-0.419000,-0.084073,0.134712,-0.238935,0.322841,-0.172756,0.258885
23.9667,-0.364063,-0.134397,0.123558,-0.309621,0.305370,-0.192060,0.259824
23.9833,-0.357532,-0.223434,0.181792,-0.337217,0.300493,-0.203650,0.259633
24.0000,-0.336994,-0.285194,0.210165,-0.363510,0.292975,-0.214452,0.258640
24.0167,-0.317272,-0.329311,0.238980,-0.390394,0.285052,-0.220327,0.256961
24.0333,-0.205127,-0.314446,0.135269,-0.468416,0.256838,-0.240877,0.252398
24.0500,-0.205919,-0.320669,0.140469,-0.462719,0.258016,-0.242647,0.247389
24.0667,-0.206465,-0.326381,0.145585,-0.458910,0.258503,-0.243100,0.246736
24.0833,-0.094199,-0.311601,0.065968,-0.517960,0.229942,-0.258642,0.239862
24.1000,-0.120405,-0.318596,0.067378,-0.510176,0.236184,-0.260075,0.239742
24.1167,-0.163133,0.377237,-0.399385,-0.518025,0.228510,-0.194536,0.228476
24.1333,-0.218958,0.380000,-0.508922,-0.513935,0.231697,-0.191341,0.229169
24.1500,-0.144911,0.281801,-0.335421,-0.459440,0.236464,-0.202798,0.219588
24.1667,-0.177678,0.352287,-0.354397,-0.422078,0.245739,-0.186316,0.215923
24.1833,-0.212356,0.303205,-0.364937,-0.390759,0.256668,-0.197398,0.217094
24.2000,-0.156710,0.045014,-0.114889,-0.362144,0.259345,-0.213256,0.213064
24.2167,-0.111445,-0.268362,0.063567,-0.410120,0.245880,-0.254592,0.217930
24.2333,-0.124082,-0.414093,0.144698,-0.402740,0.247804,-0.273137,0.220724
24.2500,-0.108717,-0.507530,0.125415,-0.389096,0.245955,-0.300729,0.225549
24.2667,-0.139723,-0.568487,0.181218,-0.351238,0.254995,-0.306977,0.224128
24.2833,-0.088889,-0.643077,0.174269,-0.327588,0.244859,-0.331081,0.220122
24.3000,0.107703,-0.739640,0.080432,-0.324004,0.198020,-0.378940,0.209999
24.3167,-0.170262,-0.661065,0.301279,-0.185313,0.268990,-0.329191,0.188164
24.3333,-0.091236,-0.682314,0.259809,-0.172136,0.251560,-0.345504,0.187292
24.3500,0.033966,-0.701241,0.160444,-0.147500,0.220559,-0.378439,0.173529
24.3667,0.122169,-0.701394,0.095424,-0.113102,0.195406,-0.400170,0.158012
24.3833,0.142665,-0.673681,0.065633,-0.070412,0.187814,-0.406258,0.143576
24.4000,0.147582,-0.644420,0.054665,-0.024043,0.184341,-0.407318,0.129910
24.4167,0.193906,-0.641798,0.023907,-0.001797,0.168063,-0.417116,0.123156
24.4333,0.222052,-0.637647,0.024050,0.011272,0.156750,-0.419105,0.114962
24.4500,0.192718,-0.637092,0.050974,0.061592,0.163064,-0.419930,0.105125
24.4667,0.121648,-0.615350,0.090561,0.116427,0.184544,-0.410369,0.096654
24.4833,0.059344,-0.613146,0.151379,0.142137,0.204809,-0.398479,0.095784
24.5000,-0.035184,-0.593360,0.251711,0.185455,0.233639,-0.374104,0.090768
24.5167,0.023419,-0.533313,0.202136,0.155156,0.216319,-0.360523,0.085423
24.5333,0.049629,-0.516361,0.154874,0.204302,0.205040,-0.371382,0.072505
24.5500,0.149898,-0.566497,0.123600,0.164995,0.170049,-0.394180,0.075805
24.5667,0.233123,-0.580821,0.099790,0.163269,0.137511,-0.406760,0.068557
24.5833,0.245475,-0.595039,0.128345,0.185041,0.128443,-0.409808,0.060299
24.6000,0.279804,-0.621420,0.144269,0.201709,0.112448,-0.418567,0.057506
24.6167,0.269385,-0.644280,0.186021,0.220269,0.112388,-0.421115,0.053897
24.6333,0.276480,-0.643066,0.191062,0.202777,0.111227,-0.417410,0.055488
24.6500,0.243993,-0.614963,0.195512,0.232263,0.120340,-0.410320,0.047646
24.6667,0.208848,-0.600294,0.215877,0.245778,0.132447,-0.402129,0.044725
24.6833,0.203016,-0.596837,0.232173,0.233051,0.135570,-0.395791,0.045938
24.7000,0.195650,-0.600674,0.243077,0.227106,0.138635,-0.394094,0.047264
24.7167,0.194390,-0.608948,0.249147,0.217913,0.139859,-0.394556,0.049841
24.7333,0.203397,-0.616207,0.249232,0.206440,0.137384,-0.395750,0.052036
24.7500,0.215982,-0.629305,0.244489,0.204817,0.132832,-0.401319,0.053645
24.7667,0.239581,-0.626869,0.220694,0.190260,0.126057,-0.403514,0.055668
24.7833,0.250053,-0.633383,0.210822,0.183856,0.122900,-0.407131,0.057310
24.8000,0.254090,-0.623166,0.192698,0.190388,0.121379,-0.408081,0.055902
24.8167,0.242246,-0.603470,0.182665,0.223832,0.122825,-0.407387,0.049146
24.8333,0.239282,-0.587198,0.152821,0.247194,0.122929,-0.410072,0.046562
24.8500,0.284289,-0.576808,0.103906,0.263598,0.104121,-0.418526,0.044153
24.8667,0.332584,-0.584518,0.047751,0.277278,0.083614,-0.434438,0.045793
24.8833,0.407904,-0.604392,0.003344,0.296285,0.050466,-0.452638,0.048501
24.9000,0.439962,-0.577003,-0.058017,0.350231,0.026761,-0.460684,0.040385
24.9167,0.498512,-0.599226,-0.081581,0.446478,-0.014517,-0.481388,0.037875
24.9333,0.501270,-0.556647,-0.240127,0.608596,-0.051948,-0.502163,0.029057
24.9500,0.440611,-0.470454,-0.425345,0.751195,-0.066398,-0.497963,0.007018
24.9667,0.254968,-0.317000,-1.138675,0.921002,-0.077278,-0.487089,-0.019711
24.9833,0.070365,-0.298435,-1.932719,1.023398,-0.079917,-0.468120,-0.040668
25.0000,0.103676,-0.512458,-3.010000,1.382908,-0.094611,-0.480152,-0.044586
25.0167,0.159593,-0.489107,-3.010000,1.388766,-0.120725,-0.478786,-0.039168
25.0333,0.175787,-0.447643,-3.010000,1.383530,-0.131942,-0.457992,-0.048959
25.0500,-0.061993,-0.185686,-2.684773,0.844540,-0.103512,-0.371339,-0.064779
25.0667,-0.156706,-0.058076,-2.654516,0.654157,-0.081328,-0.327027,-0.057105
25.2000,-0.547103,0.380000,-2.401801,0.108112,0.052644,-0.181326,-0.004388
25.2167,-0.543945,0.380000,-2.492047,0.147056,0.041845,-0.198379,-0.000982
25.2333,-0.503869,0.324449,-2.540589,0.209282,0.028066,-0.218236,-0.011144
25.2500,-0.473607,0.268660,-2.559195,0.257838,0.020522,-0.232983,-0.018990
25.2667,-0.399910,0.173966,-2.583857,0.351432,-0.001555,-0.259181,-0.030134
25.2833,-0.314080,0.085048,-2.605946,0.458770,-0.028397,-0.284410,-0.040701
25.3000,-0.228705,-0.000723,-2.630212,0.575068,-0.055027,-0.309293,-0.048990
25.3167,-0.167541,-0.079462,-2.661657,0.695125,-0.069791,-0.332198,-0.056809
25.3333,-0.091818,-0.155721,-2.731212,0.834039,-0.090743,-0.349237,-0.062670
25.3500,-0.028656,-0.225261,-2.818760,0.966234,-0.104598,-0.365406,-0.066979
25.3667,-0.013229,-0.233581,-2.851466,1.006739,-0.106513,-0.364547,-0.071434
25.3833,-0.006557,-0.234644,-2.857430,1.012321,-0.109240,-0.364143,-0.071615
25.4000,-0.043859,-0.191005,-2.792482,0.936552,-0.101270,-0.353801,-0.072011
25.4167,-0.065581,-0.166277,-2.753128,0.887802,-0.096538,-0.349061,-0.069714
25.4333,-0.107169,-0.134826,-2.711060,0.827026,-0.082850,-0.343502,-0.068877
25.4500,-0.141470,-0.103621,-2.678950,0.767098,-0.072822,-0.337020,-0.066024
25.4667,-0.175585,-0.070852,-2.649891,0.709032,-0.062395,-0.329921,-0.063110
25.4833,-0.177935,-0.077915,-2.639190,0.711955,-0.059763,-0.334409,-0.061553
25.5000,-0.171140,-0.082453,-2.645551,0.716685,-0.063044,-0.335131,-0.061195
25.5167,-0.169691,-0.088427,-2.639848,0.723763,-0.062155,-0.338352,-0.061397
25.5333,-0.169025,-0.086624,-2.632306,0.719036,-0.062621,-0.338902,-0.060714
25.5500,-0.119485,-0.148186,-2.674697,0.819242,-0.075102,-0.354818,-0.063127
25.5667,-0.051355,-0.228091,-2.786975,0.969642,-0.090564,-0.370901,-0.068089
25.5833,0.016025,-0.302502,-2.995211,1.141014,-0.098476,-0.382019,-0.074356
25.6000,0.142062,-0.368865,-3.010000,1.412668,-0.110348,-0.401469,-0.074294
25.6167,0.159441,-0.364361,-3.010000,1.374781,-0.126370,-0.416582,-0.069343
25.6333,0.125629,-0.384077,-3.010000,1.378473,-0.107385,-0.428058,-0.070851
25.6500,-0.000110,-0.417136,-2.991421,1.218085,-0.074555,-0.441713,-0.064557
25.6667,-0.114031,-0.292825,-2.391332,0.987999,-0.029243,-0.442987,-0.052787
25.6833,-0.074142,-0.236717,-1.970696,0.924830,-0.013116,-0.451124,-0.039702
25.7000,0.122504,-0.178125,-1.163404,0.766626,0.002753,-0.443318,-0.023756
25.7167,0.290227,-0.338333,-0.622902,0.737228,-0.007259,-0.467888,-0.009160
25.7333,0.390495,-0.435410,-0.361863,0.603168,-0.009145,-0.474305,0.009856
25.7500,0.363138,-0.462063,-0.284384,0.499543,0.026043,-0.469754,0.019154
25.7667,0.368323,-0.518301,-0.202544,0.457602,0.036942,-0.474138,0.030477
25.7833,0.376695,-0.578603,-0.060431,0.361750,0.052802,-0.462733,0.040844
25.8000,0.364732,-0.603431,-0.025395,0.353333,0.059994,-0.463902,0.043850
25.8167,0.365031,-0.600519,0.007349,0.286987,0.068999,-0.449652,0.048551
25.8333,0.354214,-0.609794,0.055956,0.224889,0.080733,-0.436405,0.053920
25.8500,0.360531,-0.622311,0.093519,0.185983,0.082113,-0.428647,0.057630
25.8667,0.371201,-0.627639,0.093791,0.198974,0.076278,-0.432057,0.056166
25.8833,0.364660,-0.628647,0.117562,0.184276,0.079376,-0.426137,0.055587
25.9000,0.339712,-0.622450,0.113332,0.217832,0.085650,-0.428687,0.051532
25.9167,0.333082,-0.602792,0.097133,0.240890,0.086002,-0.427665,0.047288
25.9333,0.308747,-0.583923,0.099184,0.248360,0.094627,-0.421365,0.043806
25.9500,0.278783,-0.581134,0.141294,0.192367,0.111981,-0.404995,0.049905
25.9667,0.286576,-0.568384,0.130272,0.172143,0.111728,-0.400202,0.052546
25.9833,0.291101,-0.559640,0.094672,0.181945,0.110063,-0.405462,0.052853
26.0000,0.290970,-0.547153,0.061731,0.195135,0.109418,-0.409259,0.051988
26.0167,0.360134,-0.559102,-0.041187,0.149662,0.089539,-0.429315,0.069231
26.0333,0.329561,-0.540684,-0.071871,0.128508,0.102370,-0.427490,0.072536
26.0500,0.317116,-0.570398,-0.085375,0.114854,0.110376,-0.437180,0.084305
26.0667,0.277559,-0.591430,-0.077753,0.077536,0.129861,-0.436532,0.097852
26.0833,0.271356,-0.600370,-0.082780,0.026402,0.137208,-0.433246,0.111161
26.1000,0.307860,-0.569725,-0.191564,-0.048460,0.127569,-0.437545,0.129712
26.1167,0.343884,-0.558934,-0.233170,-0.099752,0.116456,-0.437884,0.138026
26.1333,0.377571,-0.606541,-0.198910,-0.146632,0.110651,-0.437870,0.147501
26.1500,0.508889,-0.568646,-0.374419,-0.194258,0.064229,-0.456811,0.165544
26.1667,0.608344,-0.549824,-0.486739,-0.245087,0.028236,-0.466748,0.181810
26.1833,0.702680,-0.419333,-0.679475,-0.320725,-0.022443,-0.460939,0.197489
26.2000,0.643304,-0.530534,-0.420936,-0.562860,0.032642,-0.410443,0.217163
26.2167,0.330337,-0.590431,-0.134685,-0.665223,0.113848,-0.356032,0.226472
26.2333,0.262238,-0.538441,-0.048536,-0.695464,0.132002,-0.326419,0.232028
26.2500,0.022208,-0.465252,0.110109,-0.642776,0.186656,-0.283384,0.233260
26.2833,-0.226429,-0.297366,0.240545,-0.437141,0.260870,-0.219130,0.231152
26.3167,-0.168661,-0.086463,0.182014,-0.332427,0.261564,-0.180548,0.209013
26.3500,-0.157506,0.095632,0.016716,-0.377345,0.257234,-0.171678,0.218730
26.3667,-0.028912,0.132147,-0.124387,-0.472483,0.219382,-0.202287,0.209288
26.4000,-0.158564,0.380000,-1.129218,-0.646930,0.124169,-0.247644,0.185566
26.4167,-0.689521,0.380000,-1.999887,-0.709908,0.108701,-0.292747,0.187290
26.4333,-0.632473,0.198712,-2.134070,-0.636419,0.068225,-0.334729,0.194236
26.4500,-0.558599,0.029438,-2.167802,-0.554471,0.040119,-0.378021,0.193351
26.5167,-0.225624,-0.172005,0.240292,-0.325404,0.271107,-0.185838,0.223517
26.5333,-0.318498,-0.238793,0.267116,-0.269647,0.298132,-0.195787,0.226953
26.5500,-0.294715,-0.326117,0.302632,-0.312679,0.287311,-0.211929,0.231034
26.5667,-0.257163,-0.339976,0.281108,-0.372487,0.273845,-0.219650,0.234940
26.5833,-0.191932,-0.336921,0.244002,-0.417127,0.256951,-0.228344,0.230547
26.6000,-0.233976,-0.347496,0.295658,-0.363670,0.269594,-0.221611,0.223280
26.6167,-0.233976,-0.347496,0.295658,-0.363669,0.269508,-0.221166,0.224833
26.6333,-0.028381,-0.540971,0.134691,-0.312918,0.232216,-0.317574,0.201845
26.6500,0.177015,-0.646601,0.105896,-0.278204,0.177571,-0.363664,0.171318
26.6667,-0.063383,-0.612598,0.294818,-0.147221,0.240737,-0.328137,0.151027
26.6833,0.124288,-0.692105,0.180679,-0.175888,0.191704,-0.372702,0.158309
26.7000,0.103697,-0.687243,0.218028,-0.100025,0.194416,-0.376657,0.135427
26.7167,0.207578,-0.695055,0.148392,-0.078521,0.163621,-0.397865,0.128924
26.7333,0.141418,-0.666660,0.167189,-0.015948,0.181377,-0.394179,0.115854
26.7500,0.086011,-0.644680,0.191826,0.025386,0.198570,-0.386153,0.111897
26.7667,0.020014,-0.609209,0.236505,0.058873,0.218786,-0.367979,0.107099
26.7833,0.007184,-0.597344,0.249918,0.103286,0.221728,-0.366317,0.099998
26.8000,0.050774,-0.605703,0.243676,0.102674,0.206291,-0.372033,0.095109
26.8167,0.100208,-0.619068,0.219810,0.106040,0.188927,-0.383729,0.090504
26.8333,0.120938,-0.618629,0.238176,0.118817,0.178772,-0.383248,0.081207
26.8500,0.109037,-0.592426,0.249983,0.103972,0.183013,-0.370091,0.079209
26.8667,0.159704,-0.617654,0.239609,0.082998,0.166041,-0.379217,0.081642
26.8833,0.175526,-0.618496,0.225568,0.092385,0.159801,-0.384335,0.078266
26.9000,0.170509,-0.625485,0.238589,0.130788,0.158062,-0.389441,0.071404
26.9167,0.150820,-0.623679,0.278375,0.163019,0.160609,-0.385356,0.063488
26.9333,0.127786,-0.623507,0.320466,0.179470,0.165515,-0.379076,0.059318
26.9500,0.137322,-0.633927,0.351873,0.180200,0.159306,-0.377378,0.056794
26.9667,0.120854,-0.629674,0.348791,0.203182,0.164362,-0.379181,0.054605
26.9833,0.076682,-0.606962,0.380832,0.219963,0.178252,-0.366122,0.050982
27.0000,0.060269,-0.595779,0.404615,0.197278,0.184607,-0.353619,0.054211
27.0167,0.057943,-0.581076,0.398021,0.196412,0.186317,-0.348957,0.053996
27.0333,0.077047,-0.588287,0.383405,0.193327,0.180221,-0.354465,0.054468
27.0500,0.085501,-0.580736,0.367917,0.185590,0.178534,-0.353900,0.054616
27.0667,0.102497,-0.599684,0.361303,0.193926,0.171702,-0.363806,0.054067
27.0833,0.137996,-0.625466,0.333194,0.181664,0.160746,-0.377596,0.058221
27.1000,0.166004,-0.642544,0.307043,0.187909,0.150941,-0.390285,0.058666
27.1167,0.187619,-0.649068,0.284742,0.187013,0.143835,-0.397249,0.059306
27.1333,0.224173,-0.653975,0.243818,0.184804,0.132178,-0.407049,0.061088
27.1500,0.224725,-0.637304,0.227210,0.193593,0.131445,-0.406021,0.057406
27.1667,0.227140,-0.614449,0.219025,0.209676,0.128937,-0.401977,0.051445
27.1833,0.249452,-0.630418,0.217966,0.224421,0.118554,-0.410204,0.050180
27.2000,0.271565,-0.625967,0.214897,0.239802,0.107411,-0.411930,0.045012
27.2167,0.291971,-0.634019,0.177672,0.256488,0.099190,-0.424172,0.046433
27.2333,0.323067,-0.639120,0.158548,0.265486,0.085947,-0.431256,0.045935
27.2500,0.354369,-0.625466,0.122247,0.317850,0.066449,-0.440285,0.038097
27.2667,0.391405,-0.610250,0.076216,0.360626,0.044884,-0.448705,0.032915
27.2833,0.421722,-0.604679,0.053625,0.420095,0.021639,-0.457557,0.026177
27.3000,0.475787,-0.574346,-0.023909,0.509404,-0.018823,-0.467833,0.019309
27.3167,0.469740,-0.509739,-0.155051,0.685194,-0.055723,-0.474667,0.000432
27.3333,0.450608,-0.444438,-0.201882,0.722317,-0.058884,-0.455901,-0.015361
27.3500,0.355925,-0.257361,-0.715208,0.809788,-0.067671,-0.437863,-0.034378
27.3667,0.096557,-0.048091,-1.566413,0.693515,-0.051797,-0.408204,-0.043492
27.3833,-0.125290,-0.112628,-2.335105,0.675438,-0.060541,-0.395256,-0.046616
27.4000,-0.160301,-0.147697,-2.519937,0.615393,-0.071995,-0.390424,-0.032469
27.4167,-0.100335,-0.213001,-2.613238,0.775298,-0.087868,-0.395991,-0.042336
27.4333,-0.106806,-0.177314,-2.636790,0.764048,-0.088141,-0.377369,-0.050259
27.4500,-0.288889,0.036334,-2.594733,0.466817,-0.036977,-0.309490,-0.045793
27.4667,-0.435311,0.172674,-2.640345,0.299277,0.001932,-0.256575,-0.030000
27.8000,-0.402027,0.145611,-2.647255,0.306980,-0.013768,-0.264362,-0.023953
27.8333,-0.376918,0.115068,-2.654789,0.327986,-0.022728,-0.274118,-0.025780
27.8500,-0.342414,0.091825,-2.652225,0.366357,-0.033000,-0.281287,-0.029472
27.8667,-0.368782,0.129650,-2.628394,0.309358,-0.025690,-0.274577,-0.024411
27.8833,-0.408862,0.177440,-2.618789,0.271587,-0.011864,-0.259819,-0.021500
27.9000,-0.376523,0.137537,-2.620225,0.336625,-0.017986,-0.270070,-0.027595
27.9167,-0.347415,0.104518,-2.643360,0.416036,-0.022803,-0.273657,-0.038573
27.9333,-0.343612,0.094911,-2.636764,0.452503,-0.018223,-0.276265,-0.044247
27.9500,-0.326591,0.078464,-2.640168,0.485632,-0.021736,-0.280099,-0.047586
27.9667,-0.270900,0.012492,-2.629302,0.563104,-0.035673,-0.305018,-0.051095
27.9833,-0.166281,-0.110396,-2.680035,0.762168,-0.060909,-0.339637,-0.061688
28.0000,-0.131815,-0.168088,-2.658071,0.752424,-0.078684,-0.370837,-0.051227
28.0167,-0.053090,-0.263111,-2.711061,0.916300,-0.095620,-0.399156,-0.052242
28.0333,-0.111956,-0.226768,-2.561386,0.847508,-0.066249,-0.405852,-0.052826
28.0500,-0.093867,-0.317697,-2.575615,0.984940,-0.054013,-0.437451,-0.049876
28.0667,-0.081678,-0.339509,-2.411328,1.044866,-0.039148,-0.456966,-0.045851
28.0833,-0.072253,-0.334073,-2.191090,1.040317,-0.026670,-0.469885,-0.039626
28.1000,0.061087,-0.218882,-1.403423,0.866021,-0.006780,-0.458699,-0.027552
28.1167,0.282613,-0.323405,-0.660690,0.788588,-0.015952,-0.462639,-0.015914
28.1333,0.332975,-0.368328,-0.443238,0.664693,-0.001242,-0.459533,-0.008709
28.1500,0.341438,-0.399267,-0.388773,0.556590,0.018678,-0.463828,0.007864
28.1667,0.381467,-0.487408,-0.280166,0.531813,0.014231,-0.479655,0.022140
28.1833,0.367703,-0.547779,-0.175483,0.518465,0.028179,-0.484625,0.026459
28.2000,0.362909,-0.556302,-0.133976,0.490828,0.036466,-0.478623,0.027930
28.2167,0.363730,-0.557519,-0.130850,0.461465,0.041447,-0.476134,0.031761
28.2333,0.360095,-0.570814,-0.065248,0.411948,0.051806,-0.465337,0.033704
28.2500,0.385835,-0.617058,-0.007346,0.334681,0.054379,-0.463378,0.047102
28.2667,0.370970,-0.596247,0.012203,0.293164,0.064895,-0.448198,0.045405
28.2833,0.346974,-0.604450,0.041059,0.278968,0.076777,-0.443683,0.047075
28.3000,0.310305,-0.604101,0.077622,0.282412,0.090873,-0.436541,0.044784
28.3167,0.294779,-0.592939,0.121431,0.228292,0.102527,-0.417492,0.047527
28.3333,0.278061,-0.585452,0.140756,0.227368,0.108732,-0.410673,0.045796
28.3500,0.295293,-0.596073,0.122128,0.236232,0.101997,-0.419020,0.047925
28.3667,0.299968,-0.590336,0.105665,0.242345,0.099612,-0.421129,0.046943
28.3833,0.324417,-0.589865,0.103310,0.218175,0.092374,-0.418992,0.049053
28.4000,0.329904,-0.595441,0.082659,0.234201,0.088805,-0.426930,0.049125
28.4167,0.326352,-0.587233,0.072715,0.224622,0.091488,-0.424936,0.050111
28.4333,0.315988,-0.572889,0.065314,0.252261,0.092171,-0.424506,0.044684
28.4500,0.323325,-0.572666,0.041730,0.248201,0.090572,-0.428452,0.047863
28.4667,0.337293,-0.568852,0.028968,0.214011,0.089212,-0.426074,0.052765
28.4833,0.356241,-0.559368,-0.013568,0.200153,0.083641,-0.429964,0.056646
28.5000,0.378380,-0.558842,-0.068859,0.163540,0.079749,-0.436977,0.067322
28.5167,0.405452,-0.555550,-0.109354,0.126065,0.073280,-0.440343,0.075778
28.5333,0.383824,-0.548110,-0.162974,0.155964,0.077064,-0.451445,0.076358
28.5500,0.331112,-0.530097,-0.190455,0.201054,0.091508,-0.454719,0.071731
28.5667,0.239493,-0.560300,-0.067236,0.151026,0.136285,-0.433108,0.080277
28.5833,0.202158,-0.564128,-0.024235,0.076200,0.158070,-0.415230,0.096240
28.6000,0.258698,-0.553830,-0.107669,-0.028356,0.144930,-0.417644,0.118931
28.6167,0.328367,-0.537548,-0.226728,-0.114646,0.122585,-0.428794,0.138618
28.6333,0.397092,-0.533253,-0.303440,-0.186677,0.100139,-0.435733,0.153768
28.6500,0.495067,-0.534285,-0.391296,-0.236017,0.067412,-0.447508,0.168006
28.6667,0.291237,-0.668212,-0.018172,-0.408055,0.139666,-0.382013,0.183911
28.6833,0.514580,-0.533786,-0.206425,-0.640931,0.078481,-0.361788,0.221002
28.7000,0.540165,-0.386392,-0.234691,-0.720420,0.059634,-0.336028,0.214907
28.7167,0.498809,-0.359093,-0.173217,-0.762418,0.067122,-0.317335,0.216423
28.7500,-0.007984,-0.319364,0.178170,-0.576074,0.194575,-0.246244,0.205501
28.7667,-0.106106,-0.073014,0.175775,-0.408843,0.240158,-0.183822,0.204553
28.7833,-0.065933,-0.044077,0.154885,-0.397910,0.233414,-0.182294,0.198711
28.8000,0.048123,0.079814,0.017694,-0.432341,0.206855,-0.187983,0.186976
28.8167,0.141573,0.164241,-0.118725,-0.487653,0.178007,-0.202999,0.178970
28.8333,0.074810,0.380000,-0.709082,-0.596658,0.133138,-0.225552,0.177403
28.8500,-0.645926,0.292119,-2.029990,-0.649857,0.093777,-0.325380,0.173117
28.8667,-0.609944,0.216766,-2.058714,-0.600717,0.078264,-0.338528,0.189058
28.8833,-0.606029,0.369346,-1.938505,-0.646346,0.098415,-0.304710,0.191198
28.9000,-0.508128,0.380000,-1.699189,-0.668701,0.113171,-0.268816,0.195522
28.9167,0.124144,0.368819,-0.642993,-0.578857,0.129406,-0.245099,0.193438
28.9333,0.137760,0.336835,-0.551937,-0.550873,0.139969,-0.244974,0.171630
28.9667,-0.007690,-0.179368,0.108643,-0.420884,0.217863,-0.231241,0.183525
29.0000,-0.218324,-0.210363,0.230548,-0.327304,0.271863,-0.202453,0.208584
29.0167,-0.266166,-0.180439,0.237067,-0.302687,0.284178,-0.188502,0.221900
29.0333,-0.264260,-0.165713,0.238949,-0.313965,0.281999,-0.183556,0.225245
29.0500,-0.164066,-0.190831,0.182425,-0.421497,0.252206,-0.206026,0.226779
29.0667,-0.049228,-0.217741,0.138363,-0.508642,0.219851,-0.226211,0.220632
29.0833,-0.096042,-0.291175,0.200026,-0.426931,0.236607,-0.232699,0.207339
29.1000,-0.134310,-0.375130,0.230521,-0.339557,0.253106,-0.249921,0.200251
29.1167,-0.179524,-0.429056,0.251460,-0.237870,0.272209,-0.264707,0.192457
29.1333,-0.211567,-0.449218,0.292210,-0.158035,0.284400,-0.266876,0.182740
29.1500,-0.130404,-0.501149,0.273861,-0.153070,0.263517,-0.291137,0.170479
29.1667,-0.051099,-0.551141,0.243894,-0.152565,0.242061,-0.316798,0.159555
29.1833,0.055354,-0.582202,0.168340,-0.131060,0.213280,-0.348653,0.146080
29.2000,0.200017,-0.613655,0.032948,-0.102823,0.170245,-0.393597,0.137448
29.2167,0.310277,-0.612904,-0.058977,-0.074110,0.131713,-0.419467,0.127006
29.2333,0.328714,-0.611041,-0.086275,-0.015264,0.119757,-0.433223,0.114782
29.2500,0.219131,-0.633936,0.037075,0.056369,0.152377,-0.422881,0.100588
29.2667,0.194357,-0.626620,0.076812,0.093358,0.159286,-0.416233,0.094013
29.2833,0.176052,-0.604443,0.127425,0.115534,0.162571,-0.401865,0.082579
29.3000,0.117962,-0.579754,0.204841,0.149465,0.178712,-0.381246,0.071289
29.3167,0.124075,-0.552943,0.155838,0.171866,0.177593,-0.383849,0.069856
29.3333,0.169973,-0.544670,0.140609,0.133233,0.163024,-0.381146,0.070761
29.3500,0.207512,-0.549271,0.140435,0.097831,0.150671,-0.380111,0.071876
29.3667,0.236510,-0.551288,0.123368,0.092911,0.140136,-0.384692,0.070693
29.3833,0.287282,-0.555248,0.093067,0.101261,0.120498,-0.394460,0.067617
29.4000,0.255845,-0.553514,0.095953,0.149188,0.127483,-0.398650,0.059959
29.4167,0.273102,-0.587712,0.132218,0.161835,0.118943,-0.404615,0.059101
29.4333,0.284907,-0.617762,0.149935,0.160344,0.113968,-0.411284,0.061297
29.4500,0.254781,-0.637173,0.197098,0.179430,0.121691,-0.410918,0.058405
29.4667,0.258461,-0.634588,0.170344,0.211788,0.118916,-0.418992,0.056952
29.4833,0.257328,-0.628772,0.158027,0.240277,0.116708,-0.423085,0.052962
29.5000,0.212212,-0.607198,0.199611,0.260800,0.130341,-0.409744,0.044752
29.5167,0.195354,-0.604236,0.246615,0.262198,0.134861,-0.399516,0.041705
29.5333,0.193424,-0.612438,0.268664,0.246965,0.136055,-0.396170,0.043808
29.5500,0.180507,-0.594200,0.282138,0.235102,0.141410,-0.385201,0.042447
29.5667,0.169964,-0.579087,0.288149,0.225895,0.146212,-0.377003,0.042372
29.5833,0.200475,-0.576596,0.263642,0.195359,0.138352,-0.377409,0.046744
29.6000,0.212490,-0.575024,0.244322,0.200797,0.133837,-0.381772,0.045503
29.6167,0.208740,-0.570973,0.207610,0.208000,0.136828,-0.388166,0.047677
29.6333,0.246492,-0.579393,0.193419,0.197756,0.123318,-0.393473,0.048810
29.6500,0.271483,-0.581272,0.178168,0.189312,0.114327,-0.396843,0.048901
29.6667,0.276799,-0.566866,0.154504,0.209786,0.110511,-0.399228,0.044579
29.6833,0.281418,-0.539972,0.087506,0.236461,0.107772,-0.406009,0.042394
29.7000,0.347917,-0.540204,0.032526,0.291328,0.073991,-0.423654,0.035935
29.7167,0.388575,-0.531139,-0.004575,0.352224,0.046556,-0.434316,0.026356
29.7333,0.425887,-0.534332,-0.035380,0.434038,0.016146,-0.448754,0.018731
29.7500,0.472832,-0.518438,-0.165349,0.539451,-0.025784,-0.472349,0.017957
29.7667,0.485144,-0.477780,-0.319120,0.720140,-0.075491,-0.485597,0.006587
29.7833,0.472873,-0.428775,-0.456263,0.928232,-0.123388,-0.477628,-0.011098
29.8000,0.305235,-0.431334,-1.107775,1.338159,-0.145013,-0.474823,-0.035275
29.8167,0.237046,-0.434726,-1.962583,1.423081,-0.140031,-0.462924,-0.042729
29.8333,0.124085,-0.387914,-2.468502,1.280659,-0.116264,-0.450845,-0.055038
29.8500,0.021126,-0.309952,-2.480023,1.082833,-0.093601,-0.433215,-0.057376
29.8667,0.006872,-0.414337,-2.855357,1.147572,-0.089895,-0.450344,-0.051381
29.8833,-0.059069,-0.338763,-2.709231,0.966163,-0.084201,-0.434797,-0.048040
29.9000,-0.088481,-0.248358,-2.662348,0.873762,-0.081682,-0.401707,-0.053758
29.9167,-0.286378,0.036273,-2.552543,0.497478,-0.028929,-0.314110,-0.049919
29.9333,-0.454500,0.235178,-2.577666,0.294890,0.016774,-0.241828,-0.031004
29.9500,-0.558256,0.329451,-2.628284,0.186974,0.036463,-0.205183,-0.011575
30.0667,-0.596518,0.380000,-2.519532,0.077857,0.049098,-0.187980,0.011325
30.0833,-0.551029,0.324750,-2.598763,0.141707,0.030767,-0.215574,0.000302
30.1000,-0.460613,0.230853,-2.595234,0.265767,0.011163,-0.241321,-0.018019
30.1167,-0.392387,0.149408,-2.620722,0.367007,-0.007047,-0.262076,-0.032210
30.1333,-0.348855,0.105174,-2.608514,0.437742,-0.014974,-0.277409,-0.040823
30.1500,-0.329517,0.082076,-2.604429,0.476313,-0.017677,-0.285203,-0.045649
30.1667,-0.300121,0.061875,-2.606604,0.508933,-0.027297,-0.290945,-0.048248
30.1833,-0.295087,0.057289,-2.603912,0.523379,-0.027158,-0.292441,-0.050703
30.2000,-0.308471,0.056510,-2.607702,0.499520,-0.024421,-0.294402,-0.048048
30.2167,-0.314456,0.061995,-2.615309,0.481943,-0.025041,-0.292072,-0.045838
30.2333,-0.381831,0.128088,-2.627145,0.403412,-0.006145,-0.268208,-0.041259
30.2500,-0.388521,0.133122,-2.622872,0.382047,-0.005980,-0.268079,-0.036119
30.2667,-0.437915,0.190544,-2.624985,0.296717,0.003668,-0.251233,-0.026717
30.2833,-0.531943,0.283766,-2.647189,0.192514,0.025404,-0.219456,-0.012784
30.3000,-0.587373,0.337737,-2.650843,0.131624,0.037315,-0.203464,-0.000496
30.3167,-0.577987,0.342083,-2.638055,0.131944,0.034226,-0.203529,0.001300
30.3333,-0.568593,0.335313,-2.635467,0.130304,0.030889,-0.206780,0.001271
30.3500,-0.549138,0.313347,-2.640791,0.156538,0.026258,-0.211613,-0.003154
30.3667,-0.518765,0.295375,-2.622841,0.198837,0.022041,-0.217498,-0.009906
30.3833,-0.441653,0.209282,-2.617195,0.316703,0.007285,-0.241788,-0.026276
30.4000,-0.394145,0.153788,-2.613250,0.385900,-0.002540,-0.259972,-0.035834
30.4167,-0.358477,0.109186,-2.601315,0.430591,-0.010509,-0.277561,-0.040200
30.4333,-0.326336,0.064639,-2.593611,0.484206,-0.016619,-0.294007,-0.044825
30.4500,-0.245191,-0.025384,-2.608329,0.621392,-0.037293,-0.320945,-0.053854
30.4667,-0.125325,-0.163889,-2.704424,0.859214,-0.067159,-0.355704,-0.065306
30.4833,0.043105,-0.341793,-3.010000,1.241061,-0.093303,-0.389963,-0.074360
30.5000,0.119975,-0.361301,-3.010000,1.377954,-0.103613,-0.415474,-0.072713
30.5167,0.158113,-0.384677,-3.010000,1.376555,-0.124778,-0.426825,-0.064635
30.5333,0.166326,-0.416666,-3.010000,1.379770,-0.128352,-0.442959,-0.057592
30.5500,0.153495,-0.468227,-3.010000,1.384680,-0.119616,-0.469098,-0.047441
30.5667,0.093416,-0.481668,-3.010000,1.387882,-0.086664,-0.477817,-0.051517
30.5833,-0.061468,-0.398185,-2.601716,1.101455,-0.053352,-0.466438,-0.048660
30.6000,-0.077197,-0.313469,-2.225022,0.978889,-0.034904,-0.465458,-0.037413
30.6167,0.050928,-0.114245,-1.463448,0.701371,-0.006630,-0.434446,-0.022586
30.6333,0.289885,-0.195387,-0.721170,0.567005,0.005482,-0.427259,-0.006993
30.6500,0.384780,-0.399336,-0.280099,0.500692,0.014264,-0.444599,0.006485
30.6667,0.386973,-0.475605,-0.133236,0.425106,0.032569,-0.444265,0.016813
30.6833,0.415638,-0.496038,-0.191457,0.440271,0.017606,-0.462865,0.026040
30.7000,0.413689,-0.523593,-0.171170,0.453747,0.017283,-0.470641,0.027522
30.7167,0.409618,-0.547747,-0.154710,0.422279,0.026263,-0.474152,0.035410
30.7333,0.393432,-0.562813,-0.120687,0.403192,0.037666,-0.471929,0.037619
30.7500,0.387962,-0.571928,-0.044401,0.342181,0.050073,-0.455715,0.039258
30.7667,0.364907,-0.556649,-0.012793,0.316795,0.062778,-0.441744,0.036668
30.7833,0.322173,-0.552508,0.038944,0.294542,0.083333,-0.427632,0.035670
30.8000,0.305371,-0.555061,0.069499,0.275998,0.092902,-0.420082,0.037825
30.8167,0.291232,-0.551507,0.081304,0.269778,0.099507,-0.415486,0.038242
30.8333,0.271302,-0.552254,0.102722,0.269680,0.107423,-0.411177,0.037870
30.8500,0.258575,-0.553629,0.117571,0.253531,0.114503,-0.406542,0.040643
30.8667,0.230168,-0.558553,0.151292,0.253367,0.125250,-0.401105,0.040674
30.8833,0.225560,-0.567269,0.175997,0.227402,0.129327,-0.395980,0.045007
30.9000,0.233624,-0.577908,0.176735,0.222413,0.126746,-0.399054,0.047046
30.9167,0.252064,-0.584836,0.172538,0.217245,0.119916,-0.402099,0.047699
30.9333,0.262251,-0.601504,0.149899,0.243041,0.114153,-0.415657,0.047998
30.9500,0.297035,-0.610839,0.127269,0.229183,0.102555,-0.422084,0.051624
30.9667,0.300808,-0.604596,0.081094,0.273055,0.096900,-0.434226,0.048078
30.9833,0.328289,-0.614935,0.071881,0.235791,0.090812,-0.435448,0.054878
31.0000,0.390315,-0.613666,-0.032947,0.167765,0.077097,-0.447376,0.073952
31.0167,0.333440,-0.602429,-0.052664,0.160115,0.099147,-0.446563,0.076496
31.0333,0.323754,-0.599243,-0.152790,0.208372,0.098471,-0.468946,0.083749
31.0500,0.248182,-0.628161,-0.062734,0.178271,0.132641,-0.456218,0.089372
31.0667,0.132992,-0.632465,0.050691,0.149506,0.178609,-0.428551,0.096061
31.0833,0.080235,-0.645037,0.122794,0.106929,0.200195,-0.410097,0.108002
31.1000,0.129102,-0.636077,0.054917,0.000769,0.190231,-0.406926,0.128734
31.1167,0.225378,-0.613591,-0.086745,-0.060806,0.160852,-0.423457,0.140198
31.1333,0.321226,-0.597624,-0.165805,-0.129596,0.130061,-0.429352,0.146721
31.1500,0.464959,-0.581591,-0.297455,-0.186362,0.082084,-0.446131,0.158971
31.1667,0.438946,-0.632425,-0.151103,-0.347418,0.099324,-0.409665,0.173228
31.1833,0.578221,-0.587633,-0.228905,-0.498465,0.062643,-0.395298,0.197731
31.2000,0.755747,-0.370470,-0.452683,-0.622921,-0.001960,-0.379934,0.214140
31.2167,0.627529,-0.151561,-0.517582,-0.717368,0.008942,-0.343323,0.206680
31.2333,0.461618,-0.358364,-0.113055,-0.775755,0.072737,-0.306841,0.213385
31.2667,-0.071078,-0.308833,0.219898,-0.525504,0.213007,-0.234774,0.204581
31.3000,-0.247190,-0.139303,0.250631,-0.296490,0.279120,-0.176927,0.210806
31.3167,-0.254105,-0.091084,0.245386,-0.259589,0.283617,-0.162829,0.212177
31.3333,-0.305044,-0.060169,0.205996,-0.293800,0.291559,-0.159417,0.233914
31.3500,-0.322822,0.029433,0.111632,-0.257825,0.300780,-0.153589,0.237199
31.4167,-0.241245,0.081891,0.083491,-0.250599,0.285120,-0.150509,0.217395
31.4333,-0.253521,0.021016,0.186395,-0.203281,0.289249,-0.143551,0.205062
31.4500,-0.176807,-0.043070,0.221924,-0.262200,0.266916,-0.159223,0.196991
31.4667,-0.174897,-0.024320,0.241111,-0.231849,0.267502,-0.150290,0.188016
31.5000,-0.249351,-0.016250,0.271210,-0.167722,0.286965,-0.136170,0.191493
31.5333,-0.309327,-0.074545,0.305841,-0.172749,0.298794,-0.141536,0.206198
31.5500,-0.320438,-0.088431,0.304598,-0.175260,0.301263,-0.144669,0.211178
31.5667,-0.308750,-0.147345,0.340787,-0.221990,0.293363,-0.154830,0.214330
31.5833,-0.312001,-0.179409,0.346560,-0.242620,0.292469,-0.162557,0.217853
31.6000,-0.314297,-0.182263,0.308854,-0.240349,0.296085,-0.171063,0.220496
31.6167,-0.277368,-0.158094,0.253078,-0.279167,0.287313,-0.177684,0.222614
31.6333,-0.152576,-0.190967,0.191905,-0.399218,0.251820,-0.205081,0.219962
31.6500,-0.208427,-0.318270,0.264740,-0.259953,0.276153,-0.227181,0.197390
31.6667,-0.239057,-0.396906,0.266549,-0.166936,0.292010,-0.253393,0.191569
31.6833,-0.297989,-0.400073,0.345943,-0.067395,0.309854,-0.242290,0.179613
31.7000,-0.165924,-0.481621,0.295280,-0.107458,0.274457,-0.282678,0.168286
31.7167,-0.002090,-0.540531,0.186068,-0.132474,0.230614,-0.329368,0.153141
31.7333,0.160836,-0.595982,0.063947,-0.114533,0.182762,-0.379510,0.139908
31.7500,0.260646,-0.605179,-0.014805,-0.064562,0.147846,-0.408516,0.124302
31.7667,0.230942,-0.620816,0.026076,-0.008037,0.153296,-0.412406,0.111651
31.7833,0.182297,-0.636202,0.083388,0.030546,0.167533,-0.409182,0.107018
31.8000,0.158257,-0.643609,0.103964,0.081818,0.173299,-0.413116,0.101573
31.8167,0.108358,-0.637353,0.180627,0.119598,0.186311,-0.400180,0.091480
31.8333,0.152309,-0.659584,0.174637,0.125257,0.170556,-0.410154,0.091112
31.8500,0.187004,-0.679233,0.193458,0.127696,0.155958,-0.414895,0.086193
31.8667,0.227609,-0.680267,0.222765,0.106257,0.139672,-0.408405,0.080327
31.8833,0.267691,-0.698609,0.251567,0.097259,0.122610,-0.409099,0.076353
31.9000,0.297292,-0.703744,0.255753,0.114910,0.108702,-0.413506,0.070560
31.9167,0.324597,-0.697388,0.243079,0.123272,0.097499,-0.415668,0.066955
31.9333,0.324933,-0.691977,0.251241,0.127125,0.095658,-0.413316,0.063527
31.9500,0.344308,-0.679877,0.224954,0.142848,0.088019,-0.416628,0.061068
31.9667,0.319903,-0.641991,0.201417,0.157587,0.096489,-0.410405,0.055565
31.9833,0.288352,-0.608766,0.184897,0.171335,0.108438,-0.403524,0.052283
32.0000,0.321012,-0.613190,0.116134,0.197778,0.096653,-0.421552,0.055827
32.0167,0.324906,-0.595477,0.071851,0.224439,0.092625,-0.427664,0.052297
32.0333,0.309536,-0.575465,0.024073,0.273407,0.093566,-0.435356,0.047295
32.0500,0.322644,-0.593535,0.007751,0.297330,0.086141,-0.447326,0.049182
32.0667,0.331136,-0.639410,0.066619,0.271407,0.085800,-0.449267,0.054713
32.0833,0.353079,-0.662932,0.076824,0.277801,0.076342,-0.456253,0.056593
32.1000,0.360090,-0.662241,0.077936,0.269525,0.074098,-0.455002,0.056457
32.1167,0.388109,-0.657585,0.064521,0.258236,0.064280,-0.454757,0.057344
32.1333,0.404835,-0.639652,0.033668,0.252598,0.058001,-0.454131,0.056711
32.1500,0.388582,-0.628303,0.044946,0.240619,0.065000,-0.447008,0.054421
32.1667,0.383263,-0.621480,0.054169,0.231590,0.068038,-0.441806,0.053760
32.1833,0.358829,-0.602636,0.040769,0.269747,0.072816,-0.442204,0.047247
32.2000,0.330220,-0.584113,0.040073,0.312582,0.078661,-0.440354,0.039341
32.2167,0.319592,-0.570694,0.047781,0.345135,0.078318,-0.437431,0.032406
32.2333,0.338552,-0.563472,0.010746,0.374042,0.066635,-0.444681,0.030654
32.2500,0.364101,-0.539024,-0.063239,0.411024,0.049262,-0.453008,0.027311
32.2667,0.407699,-0.516977,-0.125471,0.469309,0.018217,-0.460792,0.020706
32.2833,0.422977,-0.496586,-0.138816,0.543368,-0.004632,-0.460350,0.007851
32.3000,0.434120,-0.499547,-0.132363,0.605066,-0.022089,-0.463835,0.001568
32.3167,0.454715,-0.507561,-0.098544,0.611445,-0.032850,-0.461776,0.000393
32.3333,0.443048,-0.496352,-0.062294,0.575214,-0.021326,-0.449502,-0.003370
32.3500,0.440971,-0.402087,-0.217350,0.581744,-0.026983,-0.437108,-0.009600
32.3667,0.417664,-0.306479,-0.384629,0.648797,-0.040121,-0.424285,-0.024329
32.3833,0.273727,-0.122513,-1.048649,0.743278,-0.059932,-0.414235,-0.040877
32.4000,0.039240,-0.107294,-1.826745,0.821857,-0.061784,-0.412019,-0.054532
32.4167,-0.071859,-0.225996,-2.298154,0.885156,-0.057362,-0.429744,-0.050124
32.4333,-0.063604,-0.310172,-2.588235,0.991284,-0.069848,-0.431940,-0.051942
32.4500,-0.108860,-0.197396,-2.545870,0.780015,-0.077041,-0.398302,-0.047357
32.4667,0.008118,-0.328900,-2.888372,1.088214,-0.102819,-0.405365,-0.060411
32.4833,0.075337,-0.361259,-3.010000,1.272892,-0.104682,-0.397360,-0.074087
32.5000,0.018509,-0.308871,-3.010000,1.147855,-0.099382,-0.384225,-0.077757
32.5167,-0.082544,-0.188640,-2.780323,0.904301,-0.086362,-0.356960,-0.072978
32.5333,-0.189350,-0.073674,-2.681577,0.674593,-0.063686,-0.329603,-0.061614
32.5500,-0.248524,-0.006179,-2.653276,0.548562,-0.051018,-0.311459,-0.050554
32.5667,-0.381346,0.143430,-2.617034,0.328521,-0.015667,-0.270311,-0.031967
32.6000,-0.489874,0.286589,-2.575164,0.190440,0.017349,-0.231248,-0.012839
32.6167,-0.505384,0.315994,-2.559819,0.165264,0.021356,-0.223838,-0.005794
32.6333,-0.510420,0.348932,-2.527353,0.169808,0.027611,-0.215410,-0.006046
32.6500,-0.512078,0.358729,-2.520888,0.164482,0.028251,-0.213080,-0.005098
32.6667,-0.499156,0.348255,-2.498681,0.185895,0.029271,-0.218153,-0.008016
32.7000,-0.470000,0.291728,-2.512226,0.230238,0.021887,-0.234007,-0.014560
32.7167,-0.468199,0.278830,-2.524652,0.239440,0.021037,-0.236589,-0.016807
32.7333,-0.485541,0.289902,-2.536329,0.222503,0.024562,-0.232087,-0.014794
32.8167,-0.312083,0.072950,-2.553809,0.410693,-0.030215,-0.301540,-0.027911
32.8333,-0.355823,0.128616,-2.570039,0.386669,-0.013807,-0.278797,-0.036514
32.8500,-0.312891,0.083582,-2.574887,0.479252,-0.022002,-0.288794,-0.044511
32.8667,-0.287627,0.052860,-2.575598,0.536326,-0.025751,-0.297639,-0.050841
32.8833,-0.231938,-0.004127,-2.599260,0.655628,-0.037750,-0.309655,-0.061132
32.9000,-0.159580,-0.107162,-2.656776,0.808305,-0.054674,-0.338387,-0.068440
32.9167,-0.107669,-0.191984,-2.693652,0.878775,-0.072294,-0.369999,-0.064235
32.9333,-0.111669,-0.246916,-2.665331,0.923704,-0.060668,-0.398156,-0.061608
32.9500,-0.113414,-0.289037,-2.616721,0.962668,-0.049974,-0.421456,-0.056354
32.9667,-0.113424,-0.316111,-2.509616,0.991292,-0.038006,-0.442761,-0.049705
32.9833,-0.081139,-0.262514,-2.086663,0.961839,-0.019764,-0.452112,-0.042167
33.0000,0.120481,-0.143258,-1.225322,0.746067,-0.004416,-0.433144,-0.026108
33.0167,0.265384,-0.236922,-0.705158,0.611483,0.013310,-0.441122,-0.008898
33.0333,0.411564,-0.429822,-0.276550,0.557956,-0.006869,-0.457362,0.007029
33.0500,0.465567,-0.474071,-0.210254,0.451725,-0.009143,-0.458799,0.021840
33.0667,0.479611,-0.476757,-0.274159,0.427949,-0.013260,-0.469742,0.031766
33.0833,0.490060,-0.460881,-0.307872,0.387025,-0.013003,-0.467950,0.037207
33.1000,0.484544,-0.499707,-0.224886,0.319226,0.005814,-0.462870,0.044715
33.1167,0.446402,-0.523127,-0.162768,0.295841,0.028373,-0.457556,0.045600
33.1333,0.432106,-0.520214,-0.156918,0.284343,0.036993,-0.454127,0.047136
33.1500,0.407780,-0.517445,-0.107105,0.283333,0.047722,-0.443576,0.041536
33.1667,0.413995,-0.525858,-0.066600,0.272940,0.047339,-0.437593,0.040790
33.1833,0.402383,-0.518928,-0.060240,0.276047,0.051371,-0.434206,0.038362
33.2000,0.408284,-0.504498,-0.085992,0.279173,0.048174,-0.434373,0.038126
33.2167,0.390636,-0.515893,-0.070944,0.285960,0.054960,-0.436022,0.037890
33.2333,0.389456,-0.527906,-0.064359,0.295264,0.054907,-0.439597,0.038813
33.2500,0.365888,-0.535848,-0.041456,0.291062,0.065711,-0.437412,0.039200
33.2667,0.348035,-0.554211,-0.011770,0.297914,0.073059,-0.438450,0.040003
33.2833,0.327384,-0.566819,0.018998,0.300594,0.081633,-0.436917,0.040208
33.3000,0.328154,-0.578600,0.013850,0.304787,0.081702,-0.442167,0.043329
33.3167,0.341346,-0.588394,0.017081,0.295749,0.077650,-0.444120,0.045667
