t_s,q_pitch,q_roll,q_yaw,q_elbow,target_x,target_y,target_z
2.8333,0.056051,-0.190962,0.195613,1.080083,0.071529,-0.292302,-0.099190
2.8667,0.044498,-0.192491,0.228767,1.033847,0.086428,-0.286656,-0.094830
2.9000,-0.006688,-0.175937,0.261960,1.125697,0.094648,-0.279508,-0.099988
2.9333,-0.042915,-0.180728,0.275141,1.152052,0.108547,-0.281870,-0.098395
2.9667,-0.086141,-0.181052,0.282386,1.171629,0.127683,-0.281614,-0.095150
3.0000,-0.115325,-0.183424,0.281821,1.159458,0.145649,-0.280945,-0.090001
3.0333,-0.139792,-0.167234,0.287180,1.192269,0.151969,-0.273484,-0.090754
3.0667,-0.169586,-0.161191,0.283046,1.219385,0.162466,-0.271469,-0.089029
3.1000,-0.195054,-0.148470,0.263820,1.270524,0.166091,-0.268696,-0.090117
3.1333,-0.211870,-0.139456,0.237117,1.302286,0.168927,-0.266868,-0.090418
3.1667,-0.232234,-0.122478,0.189038,1.355955,0.169044,-0.262450,-0.092186
3.2000,-0.254600,-0.108672,0.120363,1.424927,0.166694,-0.259870,-0.094459
3.2333,-0.282347,-0.106523,0.052656,1.472935,0.171397,-0.260795,-0.093740
3.2667,-0.292239,-0.106343,0.001583,1.482951,0.174409,-0.261279,-0.092396
3.3000,-0.309570,-0.111154,-0.036270,1.494305,0.181357,-0.263858,-0.090283
3.3333,-0.313923,-0.112563,-0.063728,1.499653,0.182494,-0.264784,-0.089696
3.3667,-0.317687,-0.106212,-0.081271,1.499167,0.184217,-0.261243,-0.088848
3.4000,-0.316870,-0.092981,-0.081758,1.499959,0.183221,-0.253971,-0.089768
3.4333,-0.310104,-0.084979,-0.085535,1.475383,0.184263,-0.249835,-0.088175
3.4667,-0.235987,-0.077181,-0.017492,1.304329,0.181767,-0.245616,-0.087800
3.5000,-0.217321,-0.072895,0.034327,1.270939,0.178696,-0.240484,-0.088254
3.5333,-0.196363,-0.075026,0.086881,1.212667,0.179265,-0.237311,-0.086055
3.5667,-0.174388,-0.078126,0.134631,1.162585,0.177302,-0.234225,-0.084620
3.6000,-0.179870,-0.082343,0.156709,1.151360,0.182010,-0.233828,-0.082458
3.6333,-0.183089,-0.070798,0.177589,1.156425,0.182155,-0.225915,-0.083178
3.6667,-0.194786,-0.073009,0.188301,1.154737,0.188266,-0.225542,-0.080932
3.7000,-0.172779,-0.073919,0.227362,1.098074,0.186725,-0.220200,-0.078360
3.7333,-0.137327,-0.040087,0.253624,1.098261,0.167433,-0.201198,-0.084975
3.7667,-0.163049,-0.020979,0.280351,1.187496,0.162629,-0.193379,-0.091042
3.8000,-0.130987,-0.044205,0.300611,1.131087,0.156829,-0.201590,-0.090044
3.8333,-0.140017,-0.054617,0.309810,1.139188,0.159909,-0.206636,-0.089800
3.8667,-0.086838,-0.064633,0.333495,1.094687,0.140272,-0.208524,-0.092745
3.9000,-0.037494,-0.084454,0.365109,1.012552,0.128984,-0.210998,-0.090483
3.9333,-0.008910,-0.110038,0.397816,0.930436,0.127496,-0.214617,-0.084808
3.9667,-0.012781,-0.128492,0.413988,0.919574,0.130499,-0.221108,-0.083120
4.0000,-0.016014,-0.151211,0.432489,0.889915,0.136083,-0.227617,-0.079028
4.0333,-0.013704,-0.181437,0.454123,0.847436,0.140487,-0.236131,-0.073792
4.0667,-0.007157,-0.203666,0.481099,0.789885,0.144213,-0.237903,-0.067239
4.1000,-0.011139,-0.211164,0.500647,0.812776,0.141375,-0.241422,-0.070179
4.1333,-0.020897,-0.225288,0.513643,0.830999,0.142592,-0.248620,-0.071045
4.1667,-0.012898,-0.239578,0.523715,0.846347,0.135497,-0.256724,-0.073694
4.2000,-0.024867,-0.253512,0.531180,0.878008,0.136236,-0.266400,-0.075337
4.2333,-0.008791,-0.272983,0.537732,0.870948,0.128567,-0.275218,-0.075466
4.2667,-0.018774,-0.285491,0.540536,0.889725,0.130660,-0.283371,-0.075616
4.3000,-0.027136,-0.298155,0.540213,0.895166,0.134176,-0.290305,-0.074105
4.3333,-0.041945,-0.307578,0.539229,0.935293,0.135671,-0.300031,-0.075359
4.3667,-0.089322,-0.293234,0.529304,1.011594,0.148816,-0.301999,-0.077076
4.4000,-0.095312,-0.294489,0.513245,1.062751,0.144431,-0.310616,-0.080076
4.4333,-0.136786,-0.278970,0.474546,1.153340,0.152511,-0.315423,-0.081914
4.4667,-0.158131,-0.282255,0.453336,1.125888,0.169399,-0.314534,-0.075228
4.5000,-0.150756,-0.290933,0.438816,1.091452,0.172120,-0.316514,-0.071946
4.5333,-0.142436,-0.300155,0.433351,1.047282,0.175569,-0.316955,-0.067896
4.5667,-0.104458,-0.318905,0.436169,0.995674,0.164425,-0.321893,-0.066948
4.6000,-0.047399,-0.355043,0.447982,0.893718,0.150978,-0.328868,-0.061367
4.6333,-0.000480,-0.387177,0.465441,0.804387,0.139811,-0.333141,-0.055269
4.6667,0.005784,-0.392185,0.480660,0.775822,0.139846,-0.330123,-0.053124
4.7000,0.035577,-0.418377,0.498860,0.706616,0.133476,-0.332125,-0.046977
4.7333,0.043818,-0.432122,0.508637,0.703455,0.128970,-0.337154,-0.046556
4.7667,0.031800,-0.433779,0.521262,0.746218,0.127857,-0.341797,-0.050449
4.8000,0.005589,-0.415502,0.534936,0.758656,0.138201,-0.332037,-0.051495
4.8333,-0.004029,-0.413527,0.543083,0.771117,0.140621,-0.331449,-0.052271
4.8667,0.000691,-0.424144,0.549387,0.759996,0.139228,-0.334358,-0.050620
4.9000,-0.012891,-0.421056,0.556185,0.806914,0.138916,-0.338314,-0.054626
4.9333,-0.027873,-0.412578,0.560866,0.822514,0.143933,-0.335300,-0.055492
4.9667,-0.028759,-0.411062,0.564161,0.813946,0.145295,-0.332854,-0.054717
5.0000,-0.030113,-0.411209,0.567286,0.824833,0.144220,-0.334121,-0.055927
5.0333,-0.036626,-0.399525,0.570484,0.821392,0.147778,-0.327220,-0.056272
5.0667,-0.045056,-0.382731,0.576775,0.804745,0.153791,-0.315391,-0.055340
5.1000,-0.045827,-0.373664,0.584486,0.783933,0.156333,-0.306928,-0.054214
5.1333,-0.042644,-0.373718,0.592879,0.761652,0.156953,-0.302824,-0.052563
5.1667,-0.039899,-0.372676,0.603421,0.725242,0.159258,-0.295804,-0.049216
5.2000,-0.034613,-0.384067,0.609814,0.713874,0.157466,-0.299093,-0.047967
5.2333,-0.026010,-0.403745,0.612410,0.709645,0.153491,-0.308029,-0.046998
5.2667,-0.021572,-0.426642,0.612635,0.707632,0.151538,-0.318936,-0.045045
5.3000,-0.016483,-0.441686,0.612116,0.709830,0.148775,-0.326774,-0.044261
5.3333,-0.017034,-0.463433,0.610469,0.736618,0.145845,-0.341559,-0.044444
5.3667,-0.017549,-0.471600,0.610647,0.760224,0.142987,-0.349131,-0.045693
5.4000,-0.016288,-0.480558,0.609527,0.770849,0.141022,-0.355285,-0.045531
5.4333,-0.016583,-0.486747,0.608200,0.780887,0.139936,-0.359990,-0.045446
5.4667,-0.015216,-0.486503,0.608526,0.781603,0.139074,-0.359986,-0.045724
5.5000,-0.016229,-0.490468,0.607097,0.789975,0.138610,-0.363354,-0.045689
5.5333,-0.017425,-0.486349,0.607435,0.794893,0.138511,-0.362060,-0.046621
5.5667,-0.018362,-0.482360,0.608118,0.793672,0.139098,-0.359742,-0.047007
5.6000,-0.019427,-0.477679,0.608774,0.797015,0.139131,-0.357987,-0.047968
5.6333,-0.020508,-0.473018,0.609366,0.800479,0.139154,-0.356166,-0.048872
5.6667,-0.020917,-0.467809,0.609881,0.808989,0.138144,-0.354896,-0.050401
5.7000,-0.021629,-0.464427,0.609658,0.813958,0.137826,-0.354015,-0.051206
5.7333,-0.021786,-0.461465,0.609855,0.814726,0.137783,-0.352661,-0.051697
5.7667,-0.022839,-0.459431,0.609686,0.815669,0.138209,-0.351799,-0.051933
5.8000,-0.024025,-0.457843,0.609621,0.814099,0.139018,-0.350674,-0.051708
5.8333,-0.023946,-0.458473,0.609064,0.812215,0.139263,-0.350790,-0.051422
5.8667,-0.022267,-0.459386,0.608942,0.813399,0.138258,-0.351546,-0.051744
5.9000,-0.021507,-0.458594,0.608604,0.818204,0.137274,-0.351960,-0.052419
5.9333,-0.022144,-0.459587,0.607737,0.820466,0.137358,-0.352872,-0.052346
5.9667,-0.024440,-0.457227,0.606323,0.829684,0.137353,-0.353218,-0.053110
6.0000,-0.027970,-0.449204,0.605045,0.846054,0.136955,-0.351829,-0.055197
6.0333,-0.028829,-0.445616,0.604758,0.846960,0.137298,-0.350205,-0.055675
6.0667,-0.030734,-0.442823,0.603164,0.851065,0.137817,-0.349561,-0.056070
6.1000,-0.031820,-0.440561,0.602523,0.852307,0.138262,-0.348673,-0.056348
6.1333,-0.035563,-0.434711,0.600791,0.859596,0.139280,-0.346945,-0.057198
6.1667,-0.036132,-0.434674,0.600171,0.860046,0.139569,-0.347047,-0.057136
6.2000,-0.037656,-0.431576,0.599080,0.862594,0.140072,-0.345963,-0.057541
6.2333,-0.038331,-0.431000,0.598572,0.862995,0.140415,-0.345763,-0.057540
6.2667,-0.038660,-0.430809,0.598034,0.863604,0.140534,-0.345816,-0.057548
6.3000,-0.039687,-0.429525,0.596594,0.866437,0.140765,-0.345725,-0.057754
6.3333,-0.040082,-0.429719,0.595946,0.866784,0.140968,-0.345930,-0.057641
6.3667,-0.040238,-0.429984,0.595321,0.866729,0.141087,-0.346102,-0.057491
6.4000,-0.040461,-0.430300,0.594679,0.866240,0.141312,-0.346234,-0.057292
6.4333,-0.040451,-0.430473,0.594119,0.865483,0.141448,-0.346254,-0.057140
6.4667,-0.040040,-0.431068,0.593061,0.864075,0.141525,-0.346468,-0.056949
6.5000,-0.039846,-0.432260,0.592343,0.864409,0.141455,-0.347236,-0.056865
6.5333,-0.039845,-0.433059,0.591685,0.865239,0.141411,-0.347842,-0.056865
6.5667,-0.040006,-0.432838,0.590754,0.866552,0.141376,-0.348005,-0.056936
6.6000,-0.040381,-0.433095,0.590152,0.866927,0.141565,-0.348245,-0.056835
6.6333,-0.040595,-0.433042,0.589645,0.866594,0.141740,-0.348189,-0.056683
6.6667,-0.040428,-0.433258,0.588288,0.863927,0.142133,-0.348040,-0.056334
6.7000,-0.040033,-0.433734,0.587066,0.860834,0.142473,-0.347954,-0.055963
6.7333,-0.039466,-0.435465,0.585462,0.856237,0.142978,-0.348315,-0.055302
6.7667,-0.039106,-0.437004,0.584337,0.853647,0.143257,-0.348821,-0.054832
6.8000,-0.038884,-0.437932,0.583662,0.852184,0.143404,-0.349139,-0.054551
6.8333,-0.039893,-0.437739,0.583318,0.851014,0.144138,-0.348857,-0.054293
6.8667,-0.040745,-0.436190,0.583340,0.849591,0.144776,-0.347819,-0.054271
6.9000,-0.041566,-0.430943,0.584155,0.846268,0.145595,-0.344642,-0.054626
6.9333,-0.042132,-0.425898,0.585104,0.843283,0.146237,-0.341576,-0.055003
6.9667,-0.042893,-0.424559,0.585258,0.842549,0.146748,-0.340744,-0.055056
7.0000,-0.044141,-0.424273,0.585097,0.841751,0.147517,-0.340468,-0.054806
7.0333,-0.045151,-0.423492,0.585113,0.838890,0.148395,-0.339607,-0.054435
7.0667,-0.045801,-0.422593,0.585361,0.835510,0.149196,-0.338611,-0.054178
7.1000,-0.046739,-0.421258,0.585698,0.833175,0.149973,-0.337524,-0.053995
7.1333,-0.047727,-0.419864,0.585982,0.831920,0.150651,-0.336547,-0.053927
7.1667,-0.049023,-0.416305,0.586765,0.830175,0.151500,-0.334350,-0.054087
7.2000,-0.051146,-0.412313,0.587743,0.830497,0.152474,-0.332325,-0.054476
7.2333,-0.054826,-0.406814,0.589144,0.833804,0.153760,-0.329787,-0.055005
7.2667,-0.057880,-0.401102,0.590549,0.838071,0.154605,-0.327307,-0.055763
7.3000,-0.060375,-0.395918,0.591729,0.842840,0.155110,-0.325205,-0.056561
7.3333,-0.061527,-0.391575,0.592709,0.843285,0.155552,-0.322947,-0.056997
7.3667,-0.062849,-0.388450,0.593431,0.845015,0.155914,-0.321508,-0.057355
7.4000,-0.063804,-0.387996,0.593436,0.845174,0.156393,-0.321259,-0.057280
7.4333,-0.064484,-0.388099,0.593348,0.845084,0.156738,-0.321279,-0.057101
7.4667,-0.064757,-0.388548,0.593241,0.844452,0.156942,-0.321399,-0.056857
7.5000,-0.064433,-0.388998,0.593298,0.842505,0.157028,-0.321333,-0.056642
7.5333,-0.063423,-0.391181,0.593320,0.837723,0.157187,-0.321753,-0.056075
7.5667,-0.061774,-0.391889,0.593670,0.836198,0.156520,-0.321901,-0.056074
7.6000,-0.059054,-0.390861,0.594826,0.833499,0.155422,-0.320970,-0.056404
7.6333,-0.056901,-0.389776,0.595808,0.831778,0.154474,-0.320143,-0.056700
7.6667,-0.055383,-0.389171,0.596616,0.830227,0.153851,-0.319581,-0.056884
7.7000,-0.053065,-0.390539,0.597349,0.826698,0.153095,-0.319743,-0.056729
7.7333,-0.050744,-0.394386,0.597267,0.826819,0.151918,-0.321782,-0.056672
7.7667,-0.048585,-0.394999,0.597927,0.825978,0.150878,-0.321967,-0.056858
7.8000,-0.046911,-0.395199,0.598390,0.826530,0.149903,-0.322177,-0.057231
7.8333,-0.044997,-0.396129,0.598894,0.828782,0.148623,-0.322998,-0.057708
7.8667,-0.042796,-0.397074,0.599357,0.831912,0.147036,-0.323973,-0.058287
7.9000,-0.040598,-0.398214,0.599672,0.834736,0.145487,-0.325007,-0.058754
7.9333,-0.038743,-0.398272,0.600048,0.835211,0.144379,-0.325118,-0.058997
7.9667,-0.036223,-0.398146,0.600650,0.834175,0.143196,-0.324912,-0.059222
8.0000,-0.034161,-0.398009,0.601114,0.834069,0.142081,-0.324847,-0.059541
8.0333,-0.033409,-0.397269,0.601512,0.834691,0.141636,-0.324573,-0.059944
8.0667,-0.034982,-0.395410,0.601910,0.840252,0.141643,-0.324387,-0.060520
8.1000,-0.037362,-0.398934,0.600320,0.849615,0.141667,-0.327634,-0.060607
8.1333,-0.037029,-0.400751,0.599817,0.849635,0.141495,-0.328622,-0.060291
8.1667,-0.036564,-0.400516,0.599515,0.852643,0.140892,-0.328996,-0.060779
8.2000,-0.036762,-0.397848,0.599795,0.853477,0.140852,-0.327750,-0.061172
8.2333,-0.039409,-0.394353,0.600031,0.851848,0.142454,-0.325560,-0.061029
8.2667,-0.040006,-0.393523,0.600007,0.851020,0.142827,-0.325041,-0.060900
8.3000,-0.040509,-0.391987,0.600183,0.850615,0.143142,-0.324176,-0.061043
8.3333,-0.041203,-0.392278,0.599912,0.850861,0.143499,-0.324404,-0.060945
8.3667,-0.042104,-0.392748,0.599452,0.852937,0.143710,-0.324969,-0.060999
8.4000,-0.044030,-0.392320,0.598623,0.858691,0.143941,-0.325630,-0.061284
8.4333,-0.046335,-0.391419,0.597867,0.861827,0.144743,-0.325646,-0.061349
8.4667,-0.049599,-0.390966,0.596500,0.865982,0.145929,-0.326062,-0.061257
8.5000,-0.051360,-0.392708,0.595551,0.865861,0.146943,-0.326975,-0.060669
8.5333,-0.053458,-0.394069,0.594635,0.865316,0.148172,-0.327583,-0.060084
8.5667,-0.055303,-0.395304,0.593791,0.864573,0.149280,-0.328104,-0.059529
8.6000,-0.057406,-0.395591,0.593137,0.864306,0.150480,-0.328200,-0.059219
8.6333,-0.060586,-0.395523,0.592157,0.864907,0.152079,-0.328240,-0.058814
8.6667,-0.063307,-0.393179,0.591221,0.869374,0.152909,-0.327727,-0.059088
8.7000,-0.065746,-0.390802,0.590536,0.871492,0.153911,-0.326830,-0.059191
8.7333,-0.068900,-0.389961,0.589680,0.868690,0.155943,-0.325931,-0.058359
8.7667,-0.071682,-0.389527,0.589098,0.868173,0.157573,-0.325604,-0.058015
8.8000,-0.076048,-0.385654,0.588887,0.866649,0.159976,-0.323283,-0.057632
8.8333,-0.080025,-0.380701,0.589075,0.865436,0.162157,-0.320434,-0.057488
8.8667,-0.084196,-0.376862,0.589045,0.864911,0.164355,-0.318260,-0.057227
8.9000,-0.089168,-0.373483,0.588845,0.862765,0.167163,-0.316044,-0.056510
8.9333,-0.093507,-0.373649,0.587967,0.862459,0.169484,-0.315998,-0.055738
8.9667,-0.097734,-0.375113,0.586815,0.860159,0.171995,-0.316318,-0.054478
9.0000,-0.102656,-0.376003,0.585742,0.857787,0.174893,-0.316315,-0.053254
9.0333,-0.108204,-0.377656,0.584440,0.855556,0.178098,-0.316707,-0.051819
9.0667,-0.112782,-0.377937,0.583648,0.855209,0.180536,-0.316686,-0.050988
9.1000,-0.117988,-0.378852,0.582555,0.857697,0.182915,-0.317396,-0.050222
9.1333,-0.126447,-0.375996,0.581409,0.867308,0.185950,-0.317112,-0.050041
9.1667,-0.135923,-0.370639,0.579749,0.881873,0.188849,-0.316294,-0.050437
9.2000,-0.142312,-0.366118,0.577660,0.892297,0.190777,-0.315459,-0.050787
9.2333,-0.147824,-0.361696,0.575151,0.902658,0.192304,-0.314742,-0.051265
9.2667,-0.151662,-0.351804,0.574482,0.906700,0.193687,-0.310193,-0.052038
9.3000,-0.157535,-0.339642,0.573553,0.914491,0.195578,-0.304938,-0.053028
9.3333,-0.165867,-0.332374,0.569935,0.931371,0.197660,-0.303624,-0.053896
9.3667,-0.171453,-0.330377,0.566310,0.937597,0.199840,-0.303585,-0.053545
9.4000,-0.182467,-0.320022,0.560888,0.958865,0.202703,-0.301288,-0.054543
9.4333,-0.187954,-0.313050,0.555348,0.974206,0.203614,-0.300134,-0.055606
9.4667,-0.194260,-0.306119,0.548106,0.989761,0.204960,-0.299106,-0.056407
9.5000,-0.199128,-0.302051,0.541083,0.999923,0.206339,-0.298827,-0.056647
9.5333,-0.204531,-0.296622,0.535233,1.007320,0.208292,-0.297295,-0.056674
9.5667,-0.208133,-0.292753,0.530373,1.011162,0.209784,-0.296069,-0.056527
9.6000,-0.210895,-0.291020,0.528312,1.011289,0.211258,-0.295227,-0.056067
9.6333,-0.213880,-0.285896,0.526968,1.010370,0.212908,-0.292389,-0.055768
9.6667,-0.217451,-0.284021,0.525032,1.010185,0.214817,-0.291374,-0.055116
9.7000,-0.219879,-0.282782,0.522266,1.011646,0.215960,-0.291053,-0.054775
9.7333,-0.221554,-0.281067,0.519741,1.013077,0.216711,-0.290496,-0.054635
9.7667,-0.222779,-0.278426,0.518365,1.013364,0.217328,-0.289215,-0.054592
9.8000,-0.223884,-0.275557,0.517931,1.012924,0.217950,-0.287587,-0.054551
9.8333,-0.225192,-0.272501,0.516744,1.013102,0.218591,-0.286101,-0.054515
9.8667,-0.226380,-0.271812,0.515940,1.012578,0.219282,-0.285660,-0.054155
9.9000,-0.227551,-0.271581,0.515069,1.011697,0.220009,-0.285436,-0.053725
9.9333,-0.228499,-0.271539,0.513489,1.010063,0.220772,-0.285296,-0.053267
9.9667,-0.229402,-0.271564,0.511990,1.008402,0.221541,-0.285179,-0.052814
10.0000,-0.228960,-0.271378,0.510161,1.006238,0.221734,-0.284995,-0.052602
10.0333,-0.229490,-0.270954,0.509573,1.005365,0.222158,-0.284674,-0.052385
10.0667,-0.230521,-0.270731,0.508914,1.004522,0.222842,-0.284456,-0.052074
10.1000,-0.231397,-0.270302,0.508334,1.003965,0.223395,-0.284166,-0.051871
10.1333,-0.232541,-0.270104,0.507698,1.003631,0.224063,-0.284023,-0.051610
10.1667,-0.233345,-0.269943,0.507105,1.003481,0.224510,-0.283933,-0.051417
10.2000,-0.233884,-0.269301,0.506646,1.003422,0.224803,-0.283596,-0.051345
10.2333,-0.234128,-0.268989,0.506165,1.003506,0.224929,-0.283483,-0.051307
10.2667,-0.234100,-0.269045,0.505647,1.003639,0.224914,-0.283586,-0.051288
10.3000,-0.233942,-0.268213,0.505325,1.003773,0.224830,-0.283197,-0.051418
10.3333,-0.233433,-0.268020,0.504922,1.003928,0.224557,-0.283193,-0.051517
10.3667,-0.232267,-0.267578,0.504645,1.004011,0.223952,-0.283059,-0.051778
10.4000,-0.230523,-0.267079,0.504448,1.004055,0.223066,-0.282920,-0.052168
10.4333,-0.228020,-0.266810,0.504298,1.004417,0.221770,-0.282991,-0.052772
10.4667,-0.225238,-0.266415,0.504205,1.004993,0.220313,-0.283030,-0.053486
10.5000,-0.221690,-0.266289,0.504142,1.005733,0.218427,-0.283272,-0.054318
10.5333,-0.216631,-0.266589,0.503250,1.005072,0.216112,-0.283708,-0.055200
10.5667,-0.211597,-0.266282,0.502578,1.003964,0.213797,-0.283747,-0.056106
10.6000,-0.205982,-0.266631,0.501935,1.003172,0.211152,-0.284198,-0.057111
10.6333,-0.198812,-0.269813,0.500613,1.002032,0.207847,-0.286229,-0.058115
10.6667,-0.189795,-0.275269,0.498673,0.997278,0.204197,-0.289126,-0.058821
10.7000,-0.179779,-0.278697,0.497880,0.987205,0.200740,-0.290206,-0.059293
10.7333,-0.170040,-0.271743,0.500607,0.975075,0.197429,-0.285251,-0.060485
10.7667,-0.159697,-0.268544,0.503380,0.968856,0.192956,-0.283025,-0.062091
10.8000,-0.149784,-0.269063,0.506400,0.957091,0.189530,-0.281953,-0.062633
10.8333,-0.141692,-0.269485,0.509086,0.952573,0.185954,-0.281697,-0.063642
10.8667,-0.131207,-0.273417,0.512938,0.936465,0.182835,-0.281735,-0.063480
10.9000,-0.121180,-0.283586,0.518016,0.907203,0.181812,-0.283077,-0.061225
10.9333,-0.108490,-0.295135,0.525202,0.879730,0.178971,-0.285148,-0.059560
10.9667,-0.099692,-0.294516,0.533988,0.861376,0.176512,-0.281783,-0.059257
11.0000,-0.086182,-0.313677,0.543612,0.816454,0.175353,-0.284912,-0.054985
11.0333,-0.085326,-0.320534,0.552574,0.795903,0.176992,-0.284487,-0.052427
11.0667,-0.086806,-0.350295,0.559804,0.726397,0.186038,-0.288640,-0.041019
11.1000,-0.088324,-0.365890,0.567290,0.703307,0.188909,-0.291931,-0.036720
11.1333,-0.095599,-0.391331,0.574393,0.652846,0.197482,-0.295660,-0.026566
11.1667,-0.100186,-0.400106,0.579050,0.647601,0.199789,-0.298203,-0.024453
11.2000,-0.113152,-0.413002,0.585999,0.622210,0.207824,-0.298959,-0.017565
11.2333,-0.132559,-0.431557,0.590299,0.580337,0.220279,-0.299772,-0.005937
11.2667,-0.154189,-0.441484,0.590899,0.578559,0.230230,-0.302774,-0.000128
11.3000,-0.181247,-0.493800,0.587116,0.453131,0.251341,-0.306247,0.031553
11.3333,-0.199971,-0.545462,0.581823,0.371263,0.263528,-0.315430,0.055842
11.3667,-0.219759,-0.598820,0.575852,0.255419,0.274712,-0.318737,0.087229
11.4000,-0.235848,-0.644877,0.573792,0.143943,0.280607,-0.318285,0.116114
11.4333,-0.249726,-0.664764,0.578746,0.107062,0.284040,-0.318164,0.127797
11.4667,-0.263060,-0.700698,0.575438,0.048341,0.286758,-0.321374,0.146200
11.5000,-0.274118,-0.720062,0.575556,0.021009,0.288907,-0.322981,0.156213
11.5333,-0.287332,-0.748477,0.573904,-0.027332,0.290412,-0.324266,0.171600
11.5667,-0.297647,-0.738802,0.590566,0.023256,0.294480,-0.325933,0.162446
11.6000,-0.304688,-0.749109,0.590284,0.028126,0.296693,-0.329748,0.165137
11.6333,-0.311904,-0.759263,0.589565,0.023388,0.298437,-0.331963,0.169543
11.6667,-0.317419,-0.759077,0.596880,0.046182,0.300500,-0.334241,0.166306
11.7000,-0.322159,-0.760066,0.602921,0.071657,0.302384,-0.337645,0.162943
11.7333,-0.326690,-0.761830,0.607729,0.092750,0.304043,-0.340826,0.160563
11.7667,-0.329148,-0.769305,0.609857,0.106101,0.304884,-0.345266,0.160101
11.8000,-0.332674,-0.770283,0.612088,0.112861,0.305996,-0.346223,0.159888
11.8333,-0.334555,-0.771434,0.612802,0.114172,0.306531,-0.346632,0.160336
11.8667,-0.337221,-0.777420,0.612789,0.109502,0.306926,-0.347694,0.162822
11.9000,-0.338845,-0.783889,0.612769,0.109263,0.307311,-0.349820,0.164330
11.9333,-0.341776,-0.786940,0.615010,0.119704,0.308310,-0.352210,0.163769
11.9667,-0.343182,-0.791112,0.615543,0.118301,0.308494,-0.353251,0.165011
12.0000,-0.343038,-0.791907,0.616631,0.119998,0.308458,-0.353750,0.164591
12.0333,-0.342570,-0.793631,0.618651,0.123555,0.308175,-0.354747,0.163915
12.0667,-0.341993,-0.795638,0.620427,0.126352,0.307862,-0.355779,0.163378
12.1000,-0.341543,-0.796220,0.621511,0.127766,0.307667,-0.356163,0.162918
12.1333,-0.340621,-0.797337,0.622495,0.128695,0.307252,-0.356679,0.162554
12.1667,-0.339860,-0.798443,0.623389,0.128223,0.306841,-0.356911,0.162477
12.2000,-0.339411,-0.801830,0.624212,0.122835,0.306374,-0.357068,0.163544
12.2333,-0.336995,-0.806296,0.625205,0.122338,0.305455,-0.358641,0.163438
12.2667,-0.334929,-0.808260,0.626088,0.122898,0.304672,-0.359535,0.162905
12.3000,-0.332967,-0.806953,0.629202,0.117862,0.303664,-0.357901,0.162314
12.3333,-0.329494,-0.808661,0.632567,0.103605,0.301795,-0.355848,0.162988
12.3667,-0.329070,-0.810399,0.633940,0.101723,0.301445,-0.355998,0.163163
12.4000,-0.329497,-0.810498,0.635648,0.098918,0.301312,-0.355297,0.163401
12.4333,-0.330624,-0.817884,0.634909,0.079438,0.300837,-0.354416,0.167809
12.4667,-0.331079,-0.826456,0.633930,0.059642,0.300093,-0.353951,0.172269
12.5000,-0.331725,-0.830817,0.634707,0.048553,0.299662,-0.353351,0.174551
12.5333,-0.332046,-0.829693,0.636054,0.048137,0.299668,-0.352687,0.174247
12.5667,-0.332964,-0.828721,0.638062,0.051294,0.299929,-0.352649,0.173549
12.6000,-0.333406,-0.828469,0.638935,0.050757,0.299912,-0.352305,0.173594
12.6333,-0.333889,-0.827424,0.641020,0.052724,0.299989,-0.352040,0.172896
12.6667,-0.334028,-0.826583,0.642218,0.054078,0.300033,-0.351841,0.172349
12.7000,-0.334526,-0.825469,0.643368,0.052740,0.299941,-0.350996,0.172392
12.7333,-0.335011,-0.824767,0.645196,0.048739,0.299736,-0.349849,0.172663
12.7667,-0.335115,-0.824643,0.646916,0.042619,0.299301,-0.348526,0.173246
12.8000,-0.335576,-0.823173,0.649108,0.036026,0.298946,-0.346590,0.173691
12.8333,-0.334986,-0.821378,0.651883,0.032223,0.298374,-0.345052,0.173275
12.8667,-0.334301,-0.822846,0.654178,0.021702,0.297402,-0.343530,0.174386
12.9000,-0.333288,-0.823462,0.657096,-0.005917,0.295321,-0.338761,0.177633
12.9333,-0.331643,-0.820129,0.661248,-0.012314,0.294139,-0.336208,0.176856
12.9667,-0.329129,-0.822523,0.664292,-0.022384,0.292510,-0.335172,0.177390
13.0000,-0.326540,-0.820593,0.668243,-0.025019,0.291235,-0.333826,0.176070
13.0333,-0.321765,-0.822560,0.672334,-0.033578,0.288899,-0.332950,0.175540
13.0667,-0.316012,-0.820229,0.678586,-0.017629,0.287542,-0.334562,0.170169
13.1000,-0.306532,-0.790102,0.698315,0.061073,0.286582,-0.335962,0.148445
13.1333,-0.287812,-0.738988,0.727722,0.175029,0.280579,-0.334878,0.114790
13.1667,-0.259915,-0.699323,0.751800,0.269365,0.268322,-0.335212,0.084735
13.2000,-0.218944,-0.611208,0.790949,0.428862,0.243929,-0.324970,0.035685
13.2333,-0.186133,-0.563945,0.809446,0.484991,0.224955,-0.313891,0.013064
13.2667,-0.161060,-0.539692,0.816796,0.530705,0.210258,-0.311583,-0.001576
13.3000,-0.136659,-0.521779,0.822812,0.550638,0.197009,-0.307458,-0.011367
13.3333,-0.115655,-0.525356,0.822338,0.533803,0.188419,-0.307206,-0.012579
13.3667,-0.089199,-0.509990,0.827259,0.573014,0.172601,-0.307700,-0.024174
13.4000,-0.081455,-0.511768,0.820566,0.610206,0.166870,-0.316256,-0.029147
13.4333,-0.072030,-0.498790,0.819379,0.627161,0.161034,-0.313646,-0.033908
13.4667,-0.065028,-0.484913,0.815769,0.650510,0.155997,-0.311826,-0.038790
13.5000,-0.066783,-0.479406,0.813035,0.651023,0.157158,-0.309489,-0.038985
13.5333,-0.072074,-0.460627,0.807599,0.673750,0.158309,-0.304787,-0.042259
13.5667,-0.074420,-0.448897,0.801237,0.686318,0.159029,-0.301862,-0.044010
13.6000,-0.081521,-0.429156,0.793993,0.710334,0.161032,-0.296851,-0.047003
13.6333,-0.084301,-0.421655,0.786484,0.723799,0.161942,-0.296167,-0.048314
13.6667,-0.093306,-0.406636,0.777206,0.753270,0.164428,-0.294391,-0.050988
13.7000,-0.103236,-0.399204,0.767714,0.762638,0.169407,-0.292857,-0.050525
13.7333,-0.109540,-0.391121,0.759419,0.774609,0.172152,-0.291446,-0.051063
13.7667,-0.116533,-0.384174,0.750876,0.785738,0.175317,-0.290425,-0.051252
13.8000,-0.123894,-0.382765,0.744532,0.786961,0.179489,-0.290251,-0.049889
13.8333,-0.131691,-0.371975,0.735605,0.802440,0.182538,-0.287983,-0.050687
13.8667,-0.141824,-0.365804,0.728571,0.805660,0.187868,-0.285663,-0.049383
13.9000,-0.146890,-0.361883,0.722247,0.812967,0.190184,-0.285306,-0.049289
13.9333,-0.153147,-0.354573,0.713438,0.828234,0.192385,-0.284719,-0.049978
13.9667,-0.159436,-0.350686,0.705304,0.839586,0.194976,-0.285128,-0.050008
14.0000,-0.167143,-0.350215,0.700819,0.838076,0.199340,-0.284711,-0.048121
14.0333,-0.173289,-0.350661,0.696546,0.838329,0.202744,-0.285107,-0.046722
14.0667,-0.179206,-0.347987,0.688796,0.847218,0.205333,-0.285675,-0.046381
14.1000,-0.185312,-0.344390,0.679793,0.859666,0.207692,-0.286447,-0.046418
14.1333,-0.190292,-0.344436,0.671520,0.869824,0.209706,-0.288674,-0.046162
14.1667,-0.195853,-0.341058,0.662409,0.882213,0.211736,-0.289543,-0.046257
14.2000,-0.199428,-0.338319,0.654917,0.892043,0.212941,-0.290261,-0.046525
14.2333,-0.203944,-0.336002,0.647265,0.899039,0.214917,-0.290693,-0.046186
14.2667,-0.208562,-0.333211,0.639819,0.906933,0.216807,-0.290987,-0.046007
14.3000,-0.212099,-0.331266,0.632378,0.916134,0.217991,-0.291962,-0.046125
14.3333,-0.214183,-0.329511,0.626596,0.921318,0.218802,-0.292317,-0.046143
14.3667,-0.215050,-0.328139,0.621043,0.925105,0.219153,-0.292693,-0.046214
14.4000,-0.215735,-0.326825,0.615657,0.928962,0.219397,-0.293102,-0.046362
14.4333,-0.216187,-0.326925,0.611457,0.931331,0.219631,-0.293904,-0.046315
14.4667,-0.216680,-0.327037,0.609988,0.931879,0.219930,-0.294174,-0.046201
14.5000,-0.217172,-0.326563,0.607331,0.933155,0.220188,-0.294349,-0.046152
14.5333,-0.217591,-0.325258,0.603636,0.935724,0.220324,-0.294409,-0.046298
14.5667,-0.218700,-0.322222,0.597794,0.942675,0.220370,-0.294405,-0.046859
14.6000,-0.220224,-0.317359,0.591109,0.951588,0.220386,-0.293796,-0.047683
14.6333,-0.221005,-0.313297,0.585623,0.958093,0.220263,-0.293155,-0.048393
14.6667,-0.220958,-0.310510,0.583693,0.959021,0.220222,-0.292041,-0.048679
14.7000,-0.221091,-0.307993,0.582947,0.958975,0.220316,-0.290757,-0.048843
14.7333,-0.221923,-0.302890,0.579265,0.961545,0.220579,-0.288845,-0.049242
14.7667,-0.223437,-0.300061,0.576265,0.963600,0.221235,-0.287889,-0.049293
14.8000,-0.225280,-0.298930,0.574034,0.963974,0.222218,-0.287466,-0.048916
14.8333,-0.227043,-0.298539,0.572783,0.963287,0.223254,-0.287171,-0.048356
14.8667,-0.228281,-0.298105,0.571634,0.962134,0.224040,-0.286807,-0.047864
14.9000,-0.229290,-0.297187,0.570649,0.961099,0.224731,-0.286216,-0.047580
14.9333,-0.230023,-0.296226,0.569742,0.960198,0.225256,-0.285635,-0.047364
14.9667,-0.231026,-0.295237,0.568838,0.959173,0.225933,-0.285006,-0.047063
15.0000,-0.232233,-0.294323,0.567926,0.959065,0.226647,-0.284556,-0.046941
15.0333,-0.233712,-0.293426,0.566104,0.959612,0.227391,-0.284278,-0.046682
15.0667,-0.235622,-0.292332,0.563439,0.962034,0.228182,-0.284213,-0.046550
15.1000,-0.237284,-0.291308,0.560824,0.963843,0.228905,-0.284099,-0.046350
15.1333,-0.239525,-0.289248,0.557547,0.967800,0.229672,-0.283786,-0.046372
15.1667,-0.241562,-0.286678,0.553573,0.972796,0.230218,-0.283427,-0.046543
15.2000,-0.243787,-0.284707,0.548506,0.980809,0.230529,-0.283895,-0.046954
15.2333,-0.245468,-0.285091,0.542744,0.990000,0.230474,-0.285841,-0.047396
15.2667,-0.248124,-0.280248,0.536703,1.001621,0.230490,-0.285355,-0.048349
15.3000,-0.249220,-0.279806,0.532677,1.005582,0.230716,-0.285989,-0.048449
15.3333,-0.249681,-0.280135,0.529556,1.007983,0.230791,-0.286758,-0.048460
15.3667,-0.250554,-0.288537,0.522685,1.015287,0.230688,-0.292740,-0.048052
15.4000,-0.249698,-0.297408,0.515600,1.023610,0.229569,-0.299217,-0.048031
15.4333,-0.247784,-0.302721,0.511358,1.027474,0.228335,-0.303015,-0.048147
15.4667,-0.244521,-0.307127,0.508520,1.030704,0.226434,-0.306205,-0.048636
15.5000,-0.240353,-0.309515,0.506126,1.031742,0.224289,-0.308027,-0.049170
15.5333,-0.234624,-0.309374,0.502255,1.030445,0.221819,-0.308458,-0.050094
15.5667,-0.228826,-0.308044,0.499910,1.030133,0.219083,-0.308271,-0.051341
15.6000,-0.220667,-0.307535,0.496062,1.026641,0.215708,-0.308351,-0.052547
15.6333,-0.210656,-0.308938,0.491875,1.022105,0.211596,-0.309425,-0.053799
15.6667,-0.201184,-0.308525,0.489315,1.019211,0.207395,-0.309583,-0.055335
15.7000,-0.190790,-0.306264,0.487220,1.014748,0.202930,-0.308579,-0.057083
15.7333,-0.177557,-0.308365,0.485020,1.000825,0.198489,-0.308753,-0.057815
15.7667,-0.162676,-0.311198,0.484428,0.989307,0.192762,-0.309537,-0.059065
15.8000,-0.148690,-0.317367,0.483878,0.986809,0.186088,-0.313136,-0.060666
15.8333,-0.132780,-0.331153,0.482020,0.981768,0.178887,-0.320514,-0.061309
15.8667,-0.117898,-0.340002,0.481387,0.978127,0.171867,-0.325316,-0.062376
15.9000,-0.103485,-0.357364,0.479207,0.968907,0.166047,-0.333834,-0.061558
15.9333,-0.091601,-0.371790,0.477794,0.961217,0.161229,-0.340809,-0.060751
15.9667,-0.083279,-0.382310,0.476653,0.961857,0.156877,-0.346674,-0.060591
16.0000,-0.074186,-0.397951,0.474456,0.957068,0.153047,-0.354515,-0.059155
16.0333,-0.066628,-0.416869,0.471844,0.944028,0.151371,-0.362825,-0.056086
16.0667,-0.061351,-0.430909,0.470220,0.937422,0.149785,-0.369302,-0.053965
16.1000,-0.058332,-0.424209,0.472615,0.939788,0.147752,-0.366195,-0.055943
16.1333,-0.056699,-0.420995,0.473690,0.939945,0.146774,-0.364499,-0.056737
16.1667,-0.054023,-0.422356,0.474468,0.936090,0.145958,-0.364707,-0.056469
16.2000,-0.053408,-0.420124,0.475761,0.932529,0.146141,-0.363005,-0.056647
16.2333,-0.051275,-0.419337,0.478335,0.919079,0.147055,-0.360622,-0.055998
16.2667,-0.051730,-0.410058,0.483073,0.906683,0.148982,-0.353813,-0.056411
16.3000,-0.052199,-0.398769,0.487505,0.907648,0.148855,-0.347855,-0.058447
16.3333,-0.055212,-0.388802,0.490743,0.904701,0.150649,-0.341982,-0.059191
16.3667,-0.058121,-0.384812,0.493859,0.908468,0.151378,-0.340047,-0.059876
16.4000,-0.063211,-0.381760,0.496865,0.918716,0.152200,-0.339353,-0.060667
16.4333,-0.070015,-0.376367,0.499166,0.935196,0.152977,-0.338330,-0.062074
16.4667,-0.074980,-0.369100,0.500949,0.944694,0.153932,-0.335542,-0.063273
16.5000,-0.081288,-0.357247,0.502923,0.955478,0.155357,-0.330500,-0.064931
16.5333,-0.087051,-0.348476,0.503739,0.963237,0.157058,-0.326746,-0.065922
16.5667,-0.092028,-0.342534,0.503617,0.969688,0.158608,-0.324370,-0.066472
16.6000,-0.094341,-0.341655,0.503362,0.969327,0.159921,-0.323789,-0.066181
16.6333,-0.096067,-0.341225,0.502925,0.970342,0.160645,-0.323695,-0.066061
16.6667,-0.096926,-0.340759,0.502575,0.971490,0.160924,-0.323606,-0.066070
16.7000,-0.096672,-0.340829,0.502402,0.971296,0.160788,-0.323621,-0.065955
16.7333,-0.094274,-0.343485,0.501465,0.964889,0.160609,-0.324318,-0.065306
16.7667,-0.091533,-0.346823,0.500808,0.959285,0.160125,-0.325465,-0.064768
16.8000,-0.090317,-0.347154,0.500853,0.958146,0.159671,-0.325527,-0.064799
16.8333,-0.087568,-0.347959,0.501178,0.953032,0.159046,-0.325344,-0.064660
16.8667,-0.083881,-0.351233,0.501377,0.947477,0.158004,-0.326403,-0.064287
16.9000,-0.081033,-0.352766,0.501773,0.945777,0.156775,-0.327030,-0.064381
16.9333,-0.080387,-0.354837,0.501547,0.946588,0.156353,-0.328302,-0.064395
16.9667,-0.078600,-0.361697,0.500961,0.940395,0.156425,-0.331034,-0.063096
17.0000,-0.076401,-0.366488,0.500472,0.943114,0.154936,-0.333998,-0.063195
17.0333,-0.074138,-0.370998,0.499872,0.944770,0.153483,-0.336729,-0.063026
17.0667,-0.073278,-0.376937,0.498778,0.947088,0.152792,-0.340120,-0.062589
17.1000,-0.072121,-0.381567,0.497919,0.946929,0.152228,-0.342545,-0.061965
17.1333,-0.071200,-0.384282,0.497438,0.947296,0.151711,-0.344102,-0.061747
17.1667,-0.070371,-0.385983,0.497138,0.946267,0.151469,-0.344831,-0.061511
17.2000,-0.070231,-0.385727,0.497205,0.946156,0.151433,-0.344697,-0.061632
17.2333,-0.070871,-0.383103,0.497708,0.946625,0.151688,-0.343380,-0.062038
17.2667,-0.072718,-0.379956,0.498197,0.947696,0.152447,-0.341812,-0.062317
17.3000,-0.075215,-0.374630,0.499096,0.946448,0.153879,-0.338750,-0.062560
17.3333,-0.078063,-0.369440,0.499992,0.945987,0.155387,-0.335863,-0.062853
17.3667,-0.082677,-0.359893,0.501860,0.947435,0.157425,-0.330832,-0.063588
17.4000,-0.087811,-0.344032,0.504993,0.956812,0.158382,-0.323458,-0.065751
17.4333,-0.094437,-0.334224,0.506311,0.960908,0.161074,-0.318577,-0.066339
17.4667,-0.101486,-0.331875,0.505748,0.964700,0.164143,-0.317634,-0.065831
17.5000,-0.110310,-0.324517,0.505956,0.967627,0.168207,-0.313844,-0.065539
17.5333,-0.118474,-0.317881,0.506057,0.969237,0.172120,-0.310270,-0.065058
17.5667,-0.127241,-0.312979,0.505819,0.969574,0.176565,-0.307422,-0.064131
17.6000,-0.138392,-0.307851,0.504806,0.977575,0.181069,-0.305415,-0.063517
17.6333,-0.149698,-0.301064,0.503597,0.985365,0.185681,-0.302517,-0.062980
17.6667,-0.158833,-0.297841,0.501684,0.991463,0.189496,-0.301397,-0.062232
17.7000,-0.167946,-0.293198,0.499785,0.997193,0.193331,-0.299475,-0.061547
17.7333,-0.177949,-0.283079,0.500154,0.991394,0.199145,-0.292901,-0.059909
17.7667,-0.187163,-0.278573,0.498727,0.995919,0.203171,-0.290823,-0.059039
17.8000,-0.195183,-0.278269,0.496248,1.001353,0.206525,-0.291191,-0.057998
17.8333,-0.201665,-0.279767,0.494634,1.000646,0.209990,-0.291691,-0.056419
17.8667,-0.208185,-0.279010,0.493225,1.000209,0.213375,-0.291019,-0.055037
17.9000,-0.213843,-0.278655,0.491869,1.000221,0.216265,-0.290655,-0.053843
17.9333,-0.219087,-0.277400,0.490767,1.000740,0.218852,-0.289884,-0.052887
17.9667,-0.224950,-0.276840,0.489184,1.002808,0.221540,-0.289683,-0.051871
18.0000,-0.229709,-0.275457,0.488412,1.001629,0.224078,-0.288605,-0.050764
18.0333,-0.233241,-0.271102,0.488449,0.998592,0.226160,-0.285720,-0.049927
18.0667,-0.233791,-0.266616,0.488770,0.990734,0.227462,-0.282302,-0.049213
18.1000,-0.235041,-0.266093,0.488686,0.989596,0.228261,-0.281804,-0.048832
18.1333,-0.234681,-0.266516,0.488573,0.988565,0.228224,-0.281939,-0.048762
18.1667,-0.233954,-0.266875,0.488557,0.988355,0.227892,-0.282148,-0.048867
18.2000,-0.232472,-0.267660,0.488518,0.987708,0.227276,-0.282558,-0.049040
18.2333,-0.230357,-0.267861,0.488692,0.986328,0.226430,-0.282592,-0.049330
18.2667,-0.227598,-0.268230,0.488968,0.984508,0.225312,-0.282680,-0.049668
18.3000,-0.224455,-0.268502,0.489382,0.982730,0.223998,-0.282732,-0.050124
18.3333,-0.221108,-0.268334,0.489988,0.980898,0.222574,-0.282540,-0.050659
18.3667,-0.217248,-0.268251,0.490832,0.978209,0.221014,-0.282288,-0.051214
18.4000,-0.213624,-0.267278,0.491988,0.975633,0.219521,-0.281539,-0.051804
18.4333,-0.209921,-0.266340,0.493090,0.974300,0.217805,-0.280976,-0.052538
18.4667,-0.205622,-0.266707,0.494242,0.971385,0.216032,-0.280912,-0.053092
18.5000,-0.200983,-0.267352,0.495776,0.966975,0.214291,-0.280779,-0.053538
18.5333,-0.196364,-0.267573,0.497319,0.964210,0.212307,-0.280630,-0.054190
18.5667,-0.191941,-0.268145,0.498887,0.960869,0.210502,-0.280572,-0.054695
18.6000,-0.187143,-0.269045,0.500563,0.957209,0.208552,-0.280648,-0.055210
18.6333,-0.182108,-0.270332,0.502690,0.952907,0.206564,-0.280806,-0.055708
18.6667,-0.177696,-0.270618,0.504309,0.951614,0.204453,-0.280848,-0.056457
18.7000,-0.172669,-0.269499,0.506764,0.948536,0.202231,-0.279874,-0.057266
18.7333,-0.166983,-0.266916,0.510356,0.941192,0.200197,-0.277496,-0.057815
18.7667,-0.162198,-0.266661,0.513683,0.935053,0.198482,-0.276456,-0.058156
18.8000,-0.157945,-0.267329,0.516382,0.930658,0.196815,-0.276152,-0.058477
18.8333,-0.153219,-0.265640,0.519815,0.926923,0.194757,-0.274660,-0.059195
18.8667,-0.149904,-0.262583,0.522209,0.926468,0.192990,-0.272928,-0.060103
18.9000,-0.144676,-0.263308,0.526013,0.919373,0.191131,-0.272217,-0.060276
18.9333,-0.140889,-0.264419,0.529801,0.913097,0.189890,-0.271736,-0.060296
18.9667,-0.135952,-0.278522,0.533111,0.889649,0.190609,-0.275754,-0.057451
19.0000,-0.122727,-0.295164,0.540060,0.853917,0.188580,-0.279313,-0.054516
19.0333,-0.118447,-0.304654,0.546099,0.838517,0.188139,-0.281527,-0.052908
19.0667,-0.113434,-0.317132,0.547539,0.839028,0.185553,-0.287956,-0.052941
19.1000,-0.108198,-0.322586,0.551750,0.835073,0.183187,-0.289904,-0.053128
19.1333,-0.108518,-0.326579,0.555426,0.829655,0.183807,-0.290708,-0.052253
19.1667,-0.111602,-0.335643,0.560044,0.811620,0.187386,-0.292035,-0.048915
19.2000,-0.115298,-0.344446,0.563878,0.793651,0.191222,-0.293244,-0.045364
19.2333,-0.126695,-0.373329,0.558277,0.788967,0.197973,-0.306997,-0.039541
19.2667,-0.136014,-0.391698,0.560488,0.749093,0.207187,-0.309470,-0.030805
19.3000,-0.149348,-0.414768,0.561886,0.710672,0.217835,-0.314082,-0.020547
19.3333,-0.167079,-0.417685,0.565294,0.691797,0.227837,-0.311210,-0.014053
19.3667,-0.181890,-0.426072,0.563829,0.690266,0.235083,-0.314317,-0.009601
19.4000,-0.200287,-0.415317,0.572442,0.724754,0.239323,-0.312113,-0.012056
19.4333,-0.218061,-0.414742,0.574913,0.706540,0.248989,-0.307625,-0.005444
19.4667,-0.234366,-0.421353,0.575829,0.691320,0.257722,-0.307301,0.001377
19.5000,-0.259234,-0.450780,0.570031,0.659866,0.272003,-0.315478,0.016222
19.5333,-0.286076,-0.465082,0.566175,0.668396,0.283392,-0.322124,0.024171
19.5667,-0.312309,-0.482751,0.560439,0.676083,0.294428,-0.330387,0.033276
19.6000,-0.321603,-0.504759,0.560091,0.613209,0.302505,-0.329845,0.048447
19.6333,-0.331549,-0.526896,0.559442,0.559163,0.309503,-0.330484,0.062776
19.6667,-0.339057,-0.535594,0.562432,0.536059,0.313264,-0.329629,0.069462
19.7000,-0.345583,-0.544146,0.563782,0.524614,0.316100,-0.330843,0.074273
19.7333,-0.340365,-0.568794,0.566758,0.462189,0.315960,-0.331432,0.085514
19.7667,-0.320923,-0.601088,0.572520,0.357045,0.310429,-0.328639,0.100027
19.8000,-0.316555,-0.625467,0.578604,0.301398,0.308651,-0.328960,0.110098
19.8333,-0.315819,-0.651327,0.579807,0.273209,0.308047,-0.334464,0.117832
19.8667,-0.317799,-0.669084,0.580289,0.256628,0.308387,-0.338403,0.123557
19.9000,-0.318319,-0.678084,0.584530,0.243673,0.307996,-0.339093,0.126400
19.9333,-0.318040,-0.683276,0.590348,0.233915,0.307225,-0.338683,0.127700
19.9667,-0.317178,-0.685411,0.594887,0.228514,0.306395,-0.338038,0.127928
20.0000,-0.318214,-0.687373,0.598802,0.226031,0.306353,-0.337770,0.128274
20.0333,-0.320746,-0.691349,0.603609,0.217686,0.306586,-0.337038,0.130150
20.0667,-0.325422,-0.689894,0.609661,0.228172,0.307757,-0.337085,0.128726
20.1000,-0.326737,-0.696945,0.612732,0.217303,0.307583,-0.337414,0.131405
20.1333,-0.326682,-0.700095,0.615628,0.212792,0.307154,-0.337467,0.132104
20.1667,-0.325873,-0.702883,0.620795,0.203278,0.306218,-0.336305,0.132891
20.2000,-0.323374,-0.705334,0.626549,0.189784,0.304543,-0.334392,0.133673
20.2333,-0.323042,-0.710934,0.630240,0.172727,0.303637,-0.333164,0.136404
20.2667,-0.321879,-0.714808,0.634936,0.153929,0.302290,-0.330933,0.138739
20.3000,-0.321176,-0.714981,0.637123,0.152590,0.301776,-0.330525,0.138407
20.3333,-0.320485,-0.715184,0.641193,0.159704,0.301448,-0.331371,0.136400
20.3667,-0.321996,-0.712393,0.647150,0.177264,0.301723,-0.332405,0.132855
20.4000,-0.322061,-0.709439,0.653061,0.190189,0.301392,-0.332722,0.129587
20.4333,-0.321594,-0.706361,0.658708,0.202137,0.300873,-0.332909,0.126340
20.4667,-0.321170,-0.706475,0.661422,0.206402,0.300507,-0.333376,0.125166
20.5000,-0.321114,-0.704292,0.664781,0.211552,0.300246,-0.333005,0.123532
20.5333,-0.320331,-0.704158,0.666280,0.211325,0.299723,-0.332761,0.123144
20.5667,-0.318104,-0.706568,0.668357,0.206211,0.298604,-0.332722,0.123351
20.6000,-0.316014,-0.710329,0.669812,0.203766,0.297681,-0.333734,0.123400
20.6333,-0.314124,-0.712918,0.671587,0.198133,0.296702,-0.333673,0.123816
20.6667,-0.311987,-0.715930,0.674316,0.189064,0.295538,-0.333098,0.124522
20.7000,-0.310757,-0.718737,0.676801,0.180021,0.294656,-0.332400,0.125528
20.7333,-0.310426,-0.719937,0.678551,0.177688,0.294292,-0.332265,0.125676
20.7667,-0.309820,-0.719478,0.680001,0.178968,0.294020,-0.332191,0.124924
20.8000,-0.309039,-0.718780,0.681577,0.179209,0.293549,-0.331811,0.124363
20.8333,-0.308432,-0.717429,0.684310,0.181329,0.293117,-0.331389,0.123272
20.8667,-0.307965,-0.715421,0.687169,0.184739,0.292731,-0.330895,0.121894
20.9000,-0.307961,-0.713794,0.689620,0.187061,0.292495,-0.330369,0.120954
20.9333,-0.308551,-0.712636,0.691591,0.191508,0.292577,-0.330409,0.119974
20.9667,-0.310027,-0.710895,0.694028,0.205112,0.293018,-0.331676,0.117762
21.0000,-0.310168,-0.708415,0.696867,0.213767,0.292867,-0.331857,0.115756
21.0333,-0.309596,-0.708980,0.697448,0.214102,0.292561,-0.332114,0.115554
21.0667,-0.309411,-0.708357,0.698886,0.217079,0.292416,-0.332223,0.114733
21.1000,-0.309955,-0.706431,0.700493,0.222048,0.292523,-0.332107,0.113615
21.1333,-0.314498,-0.697045,0.704055,0.250987,0.294030,-0.332689,0.108832
21.1667,-0.317443,-0.690657,0.706280,0.274224,0.294992,-0.333735,0.105059
21.2000,-0.322544,-0.678287,0.709009,0.321891,0.296650,-0.336469,0.097453
21.2333,-0.325436,-0.666203,0.710561,0.370592,0.297210,-0.339783,0.089456
21.2667,-0.325138,-0.662213,0.711078,0.374635,0.297071,-0.338813,0.088103
21.3000,-0.324598,-0.652409,0.712305,0.409622,0.296249,-0.340887,0.081472
21.3333,-0.324640,-0.634304,0.714454,0.449303,0.295270,-0.340048,0.073093
21.3667,-0.312029,-0.616586,0.719064,0.490129,0.288699,-0.340140,0.060798
21.4000,-0.300797,-0.594838,0.723030,0.542570,0.281756,-0.340366,0.047059
21.4333,-0.278900,-0.539686,0.736578,0.610325,0.267710,-0.327399,0.023275
21.4667,-0.269919,-0.507116,0.738579,0.645601,0.261382,-0.318788,0.012106
21.5000,-0.250052,-0.472945,0.745207,0.661444,0.250651,-0.305890,0.000549
21.5333,-0.232002,-0.451431,0.749758,0.667422,0.241434,-0.297229,-0.007151
21.5667,-0.217920,-0.456850,0.745847,0.651134,0.236631,-0.298328,-0.007299
21.6000,-0.201349,-0.471062,0.742763,0.653493,0.229302,-0.306888,-0.009601
21.6333,-0.185048,-0.478187,0.740146,0.632342,0.223754,-0.307891,-0.009458
21.6667,-0.168401,-0.486061,0.738975,0.605778,0.218284,-0.308146,-0.008610
21.7000,-0.153266,-0.497811,0.738274,0.565076,0.214463,-0.307628,-0.005056
21.7333,-0.150308,-0.498660,0.738632,0.564357,0.213145,-0.308027,-0.005549
21.7667,-0.146176,-0.506088,0.737269,0.561876,0.211624,-0.311443,-0.005141
21.8000,-0.139220,-0.494909,0.741717,0.582937,0.206362,-0.309697,-0.011041
21.8333,-0.134178,-0.489284,0.744040,0.578023,0.204043,-0.306200,-0.012051
21.8667,-0.127483,-0.486267,0.746389,0.577698,0.200675,-0.304802,-0.013833
21.9000,-0.123529,-0.488350,0.746571,0.577522,0.198835,-0.305931,-0.014358
21.9333,-0.119064,-0.477187,0.749369,0.611080,0.193729,-0.306292,-0.021012
21.9667,-0.119469,-0.479881,0.747283,0.605943,0.194549,-0.306899,-0.019720
22.0000,-0.118863,-0.470393,0.748588,0.614998,0.193375,-0.303836,-0.022157
22.0333,-0.115804,-0.468611,0.749463,0.615740,0.191695,-0.303137,-0.023077
22.0667,-0.114477,-0.461459,0.750660,0.618706,0.190710,-0.300191,-0.024470
22.1000,-0.109784,-0.450489,0.752512,0.642029,0.186203,-0.298900,-0.029467
22.1333,-0.110280,-0.437410,0.752742,0.664561,0.184337,-0.296349,-0.033427
22.1667,-0.109234,-0.424269,0.752831,0.679680,0.182360,-0.292552,-0.036650
22.2000,-0.107621,-0.420545,0.752670,0.681336,0.181434,-0.291111,-0.037466
22.2333,-0.105173,-0.418032,0.752429,0.684094,0.180014,-0.290492,-0.038449
22.2667,-0.102954,-0.415791,0.752064,0.686970,0.178702,-0.290024,-0.039358
22.3000,-0.101232,-0.413054,0.750984,0.690785,0.177603,-0.289523,-0.040254
22.3333,-0.099939,-0.409911,0.749904,0.695294,0.176656,-0.288920,-0.041236
22.3667,-0.099458,-0.403747,0.749407,0.700686,0.175934,-0.286876,-0.042482
22.4000,-0.098714,-0.399356,0.748513,0.704596,0.175257,-0.285501,-0.043361
22.4333,-0.097951,-0.399924,0.747809,0.705552,0.174857,-0.286069,-0.043508
22.4667,-0.097332,-0.399542,0.746577,0.707951,0.174476,-0.286429,-0.043878
22.5000,-0.098884,-0.396681,0.743954,0.715382,0.174767,-0.286475,-0.044580
22.5333,-0.104377,-0.389337,0.739318,0.738643,0.175554,-0.286957,-0.046763
22.5667,-0.108847,-0.382204,0.735121,0.755500,0.176417,-0.286457,-0.048368
22.6000,-0.111678,-0.376600,0.730491,0.769473,0.176782,-0.286338,-0.049710
22.6333,-0.114765,-0.371463,0.725420,0.781815,0.177470,-0.286202,-0.050752
22.6667,-0.117422,-0.366823,0.720038,0.795460,0.177811,-0.286563,-0.051965
22.7000,-0.123881,-0.355883,0.713510,0.819904,0.178855,-0.285427,-0.054198
22.7333,-0.128260,-0.349652,0.707290,0.830204,0.180411,-0.284391,-0.054771
22.7667,-0.132113,-0.341565,0.704416,0.829914,0.182570,-0.280366,-0.054535
22.8000,-0.136207,-0.330574,0.700043,0.836313,0.184193,-0.276076,-0.055148
22.8333,-0.139789,-0.325106,0.694527,0.846483,0.185267,-0.275317,-0.055826
22.8667,-0.144477,-0.323233,0.689201,0.851024,0.187534,-0.275412,-0.055376
22.9000,-0.148500,-0.320264,0.683077,0.859641,0.189045,-0.275697,-0.055559
22.9333,-0.151562,-0.318984,0.676717,0.867050,0.190236,-0.276715,-0.055630
22.9667,-0.157346,-0.316056,0.670264,0.874980,0.192700,-0.276838,-0.055396
23.0000,-0.163693,-0.316655,0.662862,0.883237,0.195493,-0.278873,-0.054756
23.0333,-0.168173,-0.317246,0.655707,0.891047,0.197370,-0.280892,-0.054407
23.0667,-0.172683,-0.316545,0.650081,0.896041,0.199460,-0.281648,-0.053915
23.1000,-0.176645,-0.314340,0.644971,0.899778,0.201352,-0.281405,-0.053495
23.1333,-0.179923,-0.311426,0.639042,0.906179,0.202627,-0.281319,-0.053534
23.1667,-0.182990,-0.308691,0.633171,0.912647,0.203776,-0.281330,-0.053618
23.2000,-0.185478,-0.306675,0.628438,0.917946,0.204700,-0.281445,-0.053701
23.2333,-0.187228,-0.304463,0.622748,0.923938,0.205208,-0.281685,-0.053926
23.2667,-0.189398,-0.299864,0.617537,0.931715,0.205644,-0.280886,-0.054543
23.3000,-0.192411,-0.294448,0.611237,0.940464,0.206406,-0.279852,-0.055074
23.3333,-0.195122,-0.287070,0.605322,0.951346,0.206682,-0.278078,-0.056119
23.3667,-0.196205,-0.284115,0.601005,0.955600,0.206932,-0.277534,-0.056431
23.4000,-0.196679,-0.282612,0.596548,0.959336,0.206960,-0.277708,-0.056673
23.4333,-0.197249,-0.279916,0.591229,0.966227,0.206663,-0.277797,-0.057342
23.4667,-0.197298,-0.277523,0.585946,0.971681,0.206275,-0.277847,-0.057901
23.5000,-0.196832,-0.276307,0.581670,0.975452,0.205803,-0.278195,-0.058342
23.5333,-0.197122,-0.274559,0.578579,0.977997,0.205793,-0.277933,-0.058602
23.5667,-0.197266,-0.273166,0.574403,0.981696,0.205606,-0.278126,-0.058915
23.6000,-0.197235,-0.271968,0.571336,0.984418,0.205407,-0.278185,-0.059214
23.6333,-0.197274,-0.271428,0.569238,0.985689,0.205373,-0.278282,-0.059296
23.6667,-0.198012,-0.269432,0.565292,0.989177,0.205485,-0.278070,-0.059542
23.7000,-0.200321,-0.265195,0.559629,0.996104,0.205970,-0.277242,-0.059966
23.7333,-0.201340,-0.263145,0.555745,0.999252,0.206254,-0.276922,-0.060130
23.7667,-0.201885,-0.262425,0.552722,1.001328,0.206409,-0.277091,-0.060195
23.8000,-0.202570,-0.261373,0.549801,1.003281,0.206639,-0.277051,-0.060249
23.8333,-0.203303,-0.260404,0.546913,1.005162,0.206900,-0.277036,-0.060277
23.8667,-0.204176,-0.258644,0.545180,1.006005,0.207305,-0.276348,-0.060280
23.9000,-0.205550,-0.255186,0.541933,1.008459,0.207784,-0.275103,-0.060409
23.9333,-0.207589,-0.250441,0.537104,1.015569,0.208005,-0.273922,-0.060992
23.9667,-0.209601,-0.246963,0.531898,1.023514,0.208116,-0.273542,-0.061567
24.0000,-0.211842,-0.242645,0.525619,1.034535,0.207918,-0.273199,-0.062459
24.0333,-0.212814,-0.241075,0.518553,1.045336,0.207166,-0.274391,-0.063343
24.0667,-0.213893,-0.242498,0.512788,1.050845,0.207211,-0.276328,-0.063436
24.1000,-0.214192,-0.246484,0.510922,1.051325,0.207400,-0.278710,-0.062926
24.1333,-0.214594,-0.250821,0.507864,1.052748,0.207627,-0.281371,-0.062636
24.1667,-0.214792,-0.255766,0.504702,1.054823,0.207650,-0.284526,-0.062333
24.2000,-0.213539,-0.266269,0.500621,1.058209,0.206822,-0.290934,-0.061877
24.2333,-0.211645,-0.274569,0.496928,1.059363,0.205893,-0.295857,-0.061333
24.2667,-0.209089,-0.278280,0.491916,1.058077,0.205079,-0.298214,-0.061161
24.3000,-0.207527,-0.277904,0.487904,1.055403,0.204895,-0.298111,-0.061071
24.3333,-0.204417,-0.280004,0.481750,1.046521,0.205020,-0.298791,-0.060298
24.3667,-0.201110,-0.281858,0.478006,1.042233,0.204210,-0.299732,-0.060159
24.4000,-0.197784,-0.281405,0.477010,1.042117,0.202594,-0.299749,-0.060822
24.4333,-0.193114,-0.280899,0.474996,1.039680,0.200698,-0.299604,-0.061430
24.4667,-0.187362,-0.281375,0.472306,1.034341,0.198757,-0.299730,-0.061830
24.5000,-0.179573,-0.284831,0.469518,1.024124,0.196573,-0.300914,-0.061777
24.5333,-0.169285,-0.290260,0.467927,1.012610,0.193263,-0.302968,-0.061857
24.5667,-0.158376,-0.298653,0.466849,1.003497,0.189239,-0.306825,-0.061974
24.6000,-0.147046,-0.305329,0.466958,0.993906,0.184997,-0.309614,-0.062301
24.6333,-0.133497,-0.313954,0.468321,0.976429,0.180788,-0.312363,-0.061958
24.6667,-0.118355,-0.331107,0.470096,0.953806,0.176560,-0.318804,-0.060347
24.7000,-0.104693,-0.346434,0.472774,0.937457,0.172003,-0.324839,-0.059244
24.7333,-0.090685,-0.360167,0.476165,0.919420,0.167446,-0.329689,-0.058104
24.7667,-0.079666,-0.368959,0.481062,0.906441,0.163533,-0.332349,-0.057679
24.8000,-0.071425,-0.376846,0.485280,0.898354,0.160298,-0.335107,-0.057335
24.8333,-0.065730,-0.380936,0.486743,0.899487,0.157101,-0.337372,-0.057858
24.8667,-0.059717,-0.380456,0.489241,0.901531,0.153556,-0.337377,-0.059230
24.9000,-0.053175,-0.379218,0.491897,0.903436,0.149709,-0.336966,-0.060661
24.9333,-0.047784,-0.380099,0.493838,0.903723,0.146727,-0.337418,-0.061364
24.9667,-0.043126,-0.384904,0.495384,0.902586,0.144396,-0.339673,-0.061347
25.0000,-0.038537,-0.387233,0.498125,0.899708,0.142302,-0.340320,-0.061552
25.0333,-0.034443,-0.390191,0.501413,0.893049,0.141013,-0.340683,-0.061242
25.0667,-0.029961,-0.390035,0.503465,0.893689,0.138459,-0.340627,-0.062059
25.1000,-0.026920,-0.394312,0.504877,0.892660,0.136941,-0.342565,-0.061836
25.1333,-0.024018,-0.398476,0.504952,0.894501,0.135106,-0.345080,-0.061898
25.1667,-0.022421,-0.406795,0.504950,0.893800,0.134419,-0.349087,-0.060824
25.2000,-0.020580,-0.413894,0.507126,0.882102,0.135165,-0.350831,-0.059101
25.2333,-0.018543,-0.418380,0.509635,0.874323,0.135154,-0.351765,-0.058134
25.2667,-0.016716,-0.420980,0.512007,0.870500,0.134641,-0.352315,-0.057777
25.3000,-0.015395,-0.421765,0.514094,0.868050,0.134190,-0.352168,-0.057714
25.3333,-0.014181,-0.422142,0.515581,0.866583,0.133679,-0.352017,-0.057742
25.3667,-0.013489,-0.420917,0.516686,0.865819,0.133352,-0.351176,-0.058006
25.4000,-0.012997,-0.419009,0.518658,0.864254,0.133217,-0.349839,-0.058313
25.4333,-0.012491,-0.417672,0.519784,0.863584,0.132969,-0.348944,-0.058566
25.4667,-0.011677,-0.417017,0.520794,0.863205,0.132529,-0.348494,-0.058781
25.5000,-0.010730,-0.416362,0.521821,0.862998,0.131998,-0.348059,-0.059042
25.5333,-0.010108,-0.416089,0.522707,0.862715,0.131660,-0.347810,-0.059170
25.5667,-0.009615,-0.415799,0.523574,0.862517,0.131378,-0.347559,-0.059313
25.6000,-0.009057,-0.415235,0.524512,0.862515,0.131027,-0.347193,-0.059538
25.6333,-0.009067,-0.415148,0.525246,0.861959,0.131061,-0.346981,-0.059479
25.6667,-0.009045,-0.415108,0.525971,0.861275,0.131098,-0.346779,-0.059444
25.7000,-0.009305,-0.415063,0.526657,0.860413,0.131318,-0.346546,-0.059362
25.7333,-0.009465,-0.415058,0.527350,0.859611,0.131473,-0.346347,-0.059306
25.7667,-0.009753,-0.415704,0.528569,0.858103,0.131765,-0.346314,-0.059120
25.8000,-0.010197,-0.416790,0.529657,0.856137,0.132210,-0.346429,-0.058766
25.8333,-0.010624,-0.418350,0.531331,0.853277,0.132751,-0.346593,-0.058338
25.8667,-0.011169,-0.419233,0.531754,0.852544,0.133119,-0.346864,-0.058076
25.9000,-0.011534,-0.420664,0.532066,0.852112,0.133351,-0.347473,-0.057819
25.9333,-0.012012,-0.422436,0.532265,0.851627,0.133656,-0.348242,-0.057465
25.9667,-0.012314,-0.423368,0.532686,0.851100,0.133860,-0.348554,-0.057282
26.0000,-0.012453,-0.424114,0.533170,0.851013,0.133918,-0.348857,-0.057225
26.0333,-0.012563,-0.423974,0.533865,0.851248,0.133901,-0.348736,-0.057348
26.0667,-0.012548,-0.423840,0.534565,0.851547,0.133794,-0.348633,-0.057437
26.1000,-0.012888,-0.422922,0.535393,0.851475,0.133922,-0.348045,-0.057553
26.1333,-0.013127,-0.421590,0.536333,0.851185,0.134012,-0.347218,-0.057714
26.1667,-0.013503,-0.420924,0.537090,0.850917,0.134190,-0.346761,-0.057760
26.2000,-0.013887,-0.421082,0.537642,0.851183,0.134317,-0.346825,-0.057776
26.2333,-0.014577,-0.420723,0.538263,0.851555,0.134585,-0.346605,-0.057840
26.2667,-0.015333,-0.420094,0.539520,0.853099,0.134640,-0.346351,-0.058045
26.3000,-0.016353,-0.419044,0.541276,0.856622,0.134501,-0.346099,-0.058484
26.3333,-0.017483,-0.417328,0.543392,0.861461,0.134184,-0.345654,-0.059115
26.3667,-0.018184,-0.414815,0.545410,0.867551,0.133473,-0.345028,-0.060051
26.4000,-0.019155,-0.410976,0.547548,0.875217,0.132640,-0.343937,-0.061240
26.4333,-0.020556,-0.408391,0.548617,0.877222,0.132982,-0.342771,-0.061650
26.4667,-0.021930,-0.406827,0.549191,0.878058,0.133526,-0.342000,-0.061792
26.5000,-0.023186,-0.404764,0.549687,0.877791,0.134199,-0.340798,-0.061907
26.5333,-0.024290,-0.402616,0.550234,0.877523,0.134768,-0.339587,-0.062046
26.5667,-0.025268,-0.398878,0.551401,0.878388,0.135047,-0.337723,-0.062559
26.6000,-0.026673,-0.394467,0.552865,0.879607,0.135471,-0.335475,-0.063095
26.6333,-0.028495,-0.392062,0.553366,0.878888,0.136513,-0.334002,-0.063111
26.6667,-0.030567,-0.388369,0.554149,0.877514,0.137730,-0.331765,-0.063179
26.7000,-0.032766,-0.382839,0.555668,0.875376,0.139032,-0.328507,-0.063396
26.7333,-0.034749,-0.379322,0.556500,0.874066,0.140229,-0.326331,-0.063488
26.7667,-0.037507,-0.378406,0.556957,0.874273,0.141567,-0.325825,-0.063294
26.8000,-0.039921,-0.378045,0.557005,0.874108,0.142878,-0.325524,-0.063006
26.8333,-0.042493,-0.377903,0.556975,0.873549,0.144280,-0.325275,-0.062564
26.8667,-0.045079,-0.377357,0.557040,0.872698,0.145727,-0.324763,-0.062164
26.9000,-0.047811,-0.376109,0.557257,0.871276,0.147317,-0.323784,-0.061753
26.9333,-0.050666,-0.373104,0.558265,0.868434,0.149067,-0.321672,-0.061435
26.9667,-0.053605,-0.370349,0.559284,0.865515,0.150919,-0.319645,-0.061067
27.0000,-0.057163,-0.365651,0.560752,0.864667,0.152786,-0.316880,-0.061164
27.0333,-0.060645,-0.364189,0.561025,0.862949,0.154824,-0.315685,-0.060544
27.0667,-0.065508,-0.364000,0.561273,0.862517,0.157316,-0.315352,-0.059884
27.1000,-0.071858,-0.362264,0.562396,0.866996,0.159829,-0.314733,-0.059656
27.1333,-0.079230,-0.357970,0.563832,0.875712,0.162219,-0.313342,-0.059970
27.1667,-0.086476,-0.351015,0.565332,0.887421,0.164097,-0.311019,-0.060862
27.2000,-0.092798,-0.343538,0.566232,0.899127,0.165550,-0.308524,-0.061913
27.2333,-0.098626,-0.336470,0.565957,0.914119,0.166349,-0.306831,-0.063247
27.2667,-0.104992,-0.328987,0.564647,0.928288,0.167607,-0.304875,-0.064391
27.3000,-0.112629,-0.320906,0.562344,0.942892,0.169504,-0.302694,-0.065367
27.3333,-0.120765,-0.313997,0.558886,0.956204,0.171908,-0.300998,-0.065925
27.3667,-0.127002,-0.309855,0.555150,0.965236,0.173991,-0.300219,-0.066065
27.4000,-0.134174,-0.305049,0.551112,0.974090,0.176583,-0.299041,-0.066065
27.4333,-0.141945,-0.296538,0.546889,0.982454,0.179516,-0.295838,-0.066200
27.4667,-0.150894,-0.292008,0.541473,0.991048,0.183108,-0.294773,-0.065736
27.5000,-0.157082,-0.287277,0.537062,0.996746,0.185646,-0.293220,-0.065496
27.5333,-0.163201,-0.281126,0.533764,1.000161,0.188406,-0.290502,-0.065188
27.5667,-0.169952,-0.277547,0.529161,1.005774,0.191234,-0.289500,-0.064679
27.6000,-0.176972,-0.272553,0.523878,1.015006,0.193675,-0.288281,-0.064607
27.6333,-0.181928,-0.270220,0.522154,1.013505,0.196477,-0.286768,-0.063611
27.6667,-0.187765,-0.265334,0.519505,1.014392,0.199411,-0.284287,-0.062941
27.7000,-0.193708,-0.261739,0.515204,1.020694,0.201674,-0.283337,-0.062631
27.7333,-0.198038,-0.258646,0.511683,1.023516,0.203587,-0.282189,-0.062207
27.7667,-0.202299,-0.253324,0.509423,1.024994,0.205580,-0.279579,-0.061894
27.8000,-0.205320,-0.249619,0.507753,1.025691,0.207039,-0.277719,-0.061601
27.8333,-0.207557,-0.247269,0.507276,1.024933,0.208299,-0.276266,-0.061207
27.8667,-0.209387,-0.247037,0.505829,1.025559,0.209168,-0.276307,-0.060892
27.9000,-0.210375,-0.247577,0.504972,1.025784,0.209693,-0.276658,-0.060625
27.9333,-0.211064,-0.247834,0.504203,1.025871,0.210053,-0.276831,-0.060423
27.9667,-0.211291,-0.248036,0.503499,1.025935,0.210180,-0.276996,-0.060322
28.0000,-0.211291,-0.248036,0.503499,1.025935,0.210116,-0.277026,-0.060340
28.0333,-0.210597,-0.248126,0.502919,1.025814,0.209839,-0.277110,-0.060358
28.0667,-0.209270,-0.248176,0.501825,1.024811,0.209376,-0.277174,-0.060431
28.1000,-0.207217,-0.248003,0.500387,1.022926,0.208707,-0.277089,-0.060593
28.1333,-0.204836,-0.247663,0.499171,1.021060,0.207854,-0.276914,-0.060838
28.1667,-0.201817,-0.247198,0.497803,1.018339,0.206822,-0.276616,-0.061127
28.2000,-0.198721,-0.246481,0.496759,1.015714,0.205713,-0.276171,-0.061462
28.2333,-0.195247,-0.245941,0.495973,1.012822,0.204436,-0.275779,-0.061820
28.2667,-0.191097,-0.245771,0.495246,1.009068,0.202961,-0.275503,-0.062202
28.3000,-0.186694,-0.245837,0.494888,1.004544,0.201446,-0.275229,-0.062510
28.3333,-0.181675,-0.245402,0.495124,0.999236,0.199699,-0.274566,-0.062896
28.3667,-0.175523,-0.244084,0.496250,0.991813,0.197648,-0.273143,-0.063358
28.4000,-0.169483,-0.242973,0.497982,0.984645,0.195576,-0.271790,-0.063811
28.4333,-0.162450,-0.241162,0.500651,0.976249,0.193115,-0.269866,-0.064355
28.4667,-0.155191,-0.239024,0.504023,0.969432,0.190264,-0.267903,-0.065170
28.5000,-0.147918,-0.239411,0.506354,0.966731,0.186858,-0.267872,-0.066207
28.5333,-0.138702,-0.243646,0.509019,0.961218,0.182925,-0.269544,-0.067048
28.5667,-0.130952,-0.245332,0.510445,0.962608,0.178713,-0.270808,-0.068488
28.6000,-0.121005,-0.246140,0.513542,0.958556,0.174097,-0.270841,-0.069772
28.6333,-0.110841,-0.247500,0.516677,0.955428,0.169220,-0.271270,-0.071130
28.6667,-0.100893,-0.248618,0.519460,0.953355,0.164285,-0.271718,-0.072499
28.7000,-0.087176,-0.252739,0.523162,0.945926,0.158201,-0.273089,-0.073673
28.7333,-0.069698,-0.260552,0.525999,0.945527,0.149138,-0.277478,-0.075793
28.7667,-0.057905,-0.265027,0.527398,0.949254,0.142387,-0.280574,-0.077598
28.8000,-0.045746,-0.269801,0.530276,0.944121,0.136720,-0.282513,-0.078434
28.8333,-0.032739,-0.271419,0.533217,0.943228,0.129897,-0.283364,-0.079972
28.8667,-0.020748,-0.273703,0.536371,0.939029,0.124109,-0.284058,-0.080961
28.9000,-0.011461,-0.276964,0.539733,0.931504,0.120248,-0.284702,-0.081200
28.9333,-0.005936,-0.284108,0.543017,0.917127,0.119447,-0.286332,-0.079997
28.9667,0.004393,-0.287750,0.546869,0.911661,0.114650,-0.287373,-0.080456
29.0000,0.019188,-0.310729,0.551470,0.866223,0.113780,-0.293052,-0.075893
29.0333,0.023814,-0.321630,0.557010,0.844845,0.114258,-0.295203,-0.073517
29.0667,0.023929,-0.333228,0.560631,0.837161,0.115086,-0.299581,-0.071906
29.1000,0.028431,-0.355470,0.565753,0.803660,0.117373,-0.305642,-0.067096
29.1333,0.028861,-0.376166,0.567899,0.791517,0.118745,-0.313958,-0.063904
29.1667,0.024804,-0.386788,0.567413,0.791405,0.120895,-0.319133,-0.062317
29.2000,0.016176,-0.391125,0.570138,0.797076,0.124287,-0.321477,-0.061637
29.2333,0.003240,-0.391914,0.570337,0.790479,0.131814,-0.320446,-0.059135
29.2667,-0.003159,-0.383070,0.581482,0.745583,0.140321,-0.308060,-0.054820
29.3000,-0.015894,-0.377416,0.594279,0.687594,0.152993,-0.294866,-0.047180
29.3333,-0.037604,-0.362958,0.604206,0.684033,0.163124,-0.285156,-0.045253
29.3667,-0.059530,-0.369445,0.609897,0.711860,0.169972,-0.290623,-0.045157
29.4000,-0.092469,-0.367362,0.613352,0.730290,0.183534,-0.290358,-0.042290
29.4333,-0.128775,-0.374204,0.610963,0.733842,0.200945,-0.292731,-0.035279
29.4667,-0.155916,-0.386558,0.608889,0.708602,0.216773,-0.293757,-0.025040
29.5000,-0.181402,-0.386527,0.610450,0.732157,0.226242,-0.295659,-0.023020
29.5333,-0.212043,-0.396067,0.605474,0.734549,0.240810,-0.299442,-0.015178
29.5667,-0.237036,-0.403316,0.600409,0.723061,0.253782,-0.300205,-0.006324
29.6000,-0.256200,-0.394811,0.602619,0.758052,0.259063,-0.299936,-0.007683
29.6333,-0.275791,-0.393869,0.600817,0.771376,0.266849,-0.300417,-0.004517
29.6667,-0.298029,-0.400675,0.595816,0.760253,0.278215,-0.301025,0.004134
29.7000,-0.321829,-0.405294,0.590933,0.753145,0.289817,-0.301019,0.012491
29.7333,-0.346434,-0.415227,0.585452,0.737067,0.302140,-0.302090,0.023523
29.7667,-0.365368,-0.419841,0.581661,0.732452,0.310899,-0.302571,0.030585
29.8000,-0.373128,-0.420619,0.580992,0.731659,0.314251,-0.302273,0.033192
29.8333,-0.377159,-0.425312,0.580929,0.721800,0.316560,-0.302651,0.036546
29.8667,-0.368195,-0.444488,0.581973,0.669365,0.316290,-0.304162,0.043938
29.9000,-0.359465,-0.463808,0.585668,0.605895,0.316118,-0.303456,0.053007
29.9333,-0.343403,-0.495105,0.589718,0.531549,0.312923,-0.306779,0.063124
29.9667,-0.333993,-0.519658,0.593439,0.496306,0.310283,-0.312385,0.068441
30.0000,-0.328463,-0.534372,0.597866,0.469756,0.308603,-0.314433,0.072328
30.0333,-0.325296,-0.547006,0.602502,0.449685,0.307555,-0.316321,0.075569
30.0667,-0.320554,-0.564198,0.606036,0.415053,0.306252,-0.317986,0.081412
30.1000,-0.317688,-0.575777,0.611356,0.389465,0.305180,-0.318238,0.085395
30.1333,-0.312387,-0.584704,0.618354,0.369322,0.302844,-0.318165,0.087247
30.1667,-0.306591,-0.590369,0.624435,0.360772,0.300180,-0.318756,0.086847
30.2000,-0.301655,-0.593243,0.631172,0.354359,0.297753,-0.318371,0.085898
30.2333,-0.295818,-0.595749,0.638110,0.350082,0.294917,-0.318224,0.084295
30.2667,-0.291284,-0.595248,0.645487,0.357384,0.292367,-0.318587,0.080784
30.3000,-0.286884,-0.592213,0.653282,0.366651,0.289714,-0.318148,0.076702
30.3333,-0.279484,-0.583731,0.664712,0.391203,0.285107,-0.317697,0.068353
30.3667,-0.273396,-0.582482,0.670883,0.404017,0.281726,-0.318962,0.063798
30.4000,-0.267099,-0.582886,0.675957,0.415980,0.278315,-0.320959,0.059727
30.4333,-0.260660,-0.583597,0.681131,0.433775,0.274550,-0.324095,0.054854
30.4667,-0.255073,-0.580345,0.686602,0.448671,0.271126,-0.324936,0.050136
30.5000,-0.249724,-0.574661,0.692104,0.465883,0.267634,-0.325092,0.044873
30.5333,-0.244648,-0.569285,0.696201,0.465890,0.265053,-0.322553,0.042441
30.5667,-0.243607,-0.563993,0.699158,0.468717,0.264215,-0.320415,0.040706
30.6000,-0.242418,-0.559847,0.701739,0.472205,0.263277,-0.318938,0.039094
30.6333,-0.241826,-0.559349,0.702912,0.469346,0.262928,-0.318101,0.039289
30.6667,-0.241705,-0.559961,0.704116,0.461289,0.263079,-0.316853,0.040366
30.7000,-0.241855,-0.561351,0.705119,0.454714,0.263299,-0.316210,0.041408
30.7333,-0.242356,-0.562810,0.705539,0.450644,0.263596,-0.316067,0.042288
30.7667,-0.242981,-0.563287,0.705744,0.450400,0.263892,-0.316183,0.042465
30.8000,-0.244214,-0.563591,0.705822,0.450759,0.264419,-0.316292,0.042711
30.8333,-0.246432,-0.563921,0.705590,0.450491,0.265371,-0.316261,0.043415
30.8667,-0.249076,-0.564455,0.705160,0.450282,0.266526,-0.316337,0.044236
30.9000,-0.252479,-0.564320,0.705201,0.451366,0.267842,-0.316221,0.044895
30.9333,-0.256369,-0.564676,0.704899,0.448399,0.269527,-0.315626,0.046483
30.9667,-0.260148,-0.564606,0.704789,0.445905,0.271174,-0.314919,0.047831
31.0000,-0.263628,-0.564192,0.704883,0.446981,0.272581,-0.314675,0.048469
31.0333,-0.267670,-0.562142,0.705634,0.457416,0.273785,-0.315183,0.047635
31.0667,-0.271700,-0.559597,0.706410,0.470118,0.274836,-0.315847,0.046489
31.1000,-0.275201,-0.559793,0.705855,0.484730,0.275765,-0.318272,0.045390
31.1333,-0.278194,-0.556630,0.705960,0.500564,0.276341,-0.319372,0.043509
31.1667,-0.280698,-0.553144,0.705770,0.516153,0.276727,-0.320355,0.041547
31.2000,-0.282795,-0.552080,0.704869,0.520599,0.277490,-0.320604,0.041457
31.2333,-0.283972,-0.549037,0.704742,0.527363,0.277703,-0.320339,0.040430
31.2667,-0.285509,-0.548367,0.704255,0.527646,0.278406,-0.320022,0.040784
31.3000,-0.287538,-0.545275,0.703838,0.532648,0.279036,-0.319403,0.040281
31.3333,-0.289282,-0.539406,0.703948,0.541970,0.279310,-0.318213,0.038702
31.3667,-0.288400,-0.538076,0.704248,0.542215,0.278877,-0.317655,0.038226
31.4000,-0.286652,-0.535905,0.705044,0.542801,0.278036,-0.316790,0.037281
31.4333,-0.283965,-0.533715,0.705816,0.541463,0.276869,-0.315680,0.036499
31.4667,-0.279261,-0.531816,0.707091,0.543321,0.274707,-0.315328,0.034565
31.5000,-0.273168,-0.529512,0.708854,0.546183,0.271820,-0.314992,0.032071
31.5333,-0.265461,-0.525435,0.711594,0.544593,0.268274,-0.313048,0.029590
31.5667,-0.257073,-0.510904,0.717836,0.535664,0.264431,-0.304694,0.026400
31.6000,-0.242753,-0.497186,0.725884,0.532105,0.257506,-0.297773,0.021032
31.6333,-0.229064,-0.496057,0.730090,0.533811,0.251046,-0.297943,0.016877
31.6667,-0.214035,-0.495313,0.734534,0.533717,0.243968,-0.298002,0.012836
31.7000,-0.201044,-0.491175,0.739464,0.540577,0.237342,-0.297474,0.007861
31.7333,-0.188404,-0.486861,0.744261,0.539103,0.231166,-0.295398,0.004449
31.7667,-0.174519,-0.482799,0.749414,0.540138,0.224290,-0.293889,0.000356
31.8000,-0.159863,-0.479938,0.754421,0.546464,0.216719,-0.293868,-0.004458
31.8333,-0.144983,-0.476238,0.759512,0.556451,0.208628,-0.294028,-0.009643
31.8667,-0.131692,-0.476932,0.762757,0.561960,0.201723,-0.295600,-0.013218
31.9000,-0.120853,-0.478124,0.765073,0.563451,0.196282,-0.296682,-0.015493
31.9333,-0.108817,-0.476231,0.768580,0.566677,0.190022,-0.296528,-0.018675
31.9667,-0.098225,-0.474029,0.771488,0.572936,0.184219,-0.296722,-0.021852
32.0000,-0.085001,-0.465147,0.776374,0.591152,0.175863,-0.295654,-0.027711
32.0333,-0.071783,-0.456061,0.780057,0.612606,0.167208,-0.295121,-0.033651
32.0667,-0.061769,-0.454447,0.779353,0.646682,0.159361,-0.300656,-0.039510
32.1000,-0.048727,-0.445987,0.775014,0.724645,0.145584,-0.310931,-0.050687
32.1333,-0.041166,-0.436928,0.768816,0.752407,0.139447,-0.312191,-0.055152
32.1667,-0.034538,-0.430105,0.760797,0.783589,0.133399,-0.315234,-0.059386
32.2000,-0.031636,-0.410730,0.752134,0.814648,0.129092,-0.311829,-0.064257
32.2333,-0.028187,-0.393212,0.742311,0.846042,0.124384,-0.309392,-0.068881
32.2667,-0.024115,-0.385426,0.734482,0.854168,0.121996,-0.307716,-0.070508
32.3000,-0.021352,-0.377647,0.726745,0.863419,0.120102,-0.306159,-0.072096
32.3333,-0.021000,-0.370884,0.718686,0.870608,0.119726,-0.304714,-0.073081
32.3667,-0.020711,-0.368838,0.715361,0.872256,0.119675,-0.304288,-0.073348
32.4000,-0.020894,-0.364785,0.708913,0.877525,0.119655,-0.303717,-0.073903
32.4333,-0.019938,-0.350279,0.701767,0.889241,0.118195,-0.298928,-0.076102
32.4667,-0.021134,-0.347355,0.697015,0.890841,0.119022,-0.298125,-0.076178
32.5000,-0.021977,-0.344124,0.692592,0.892357,0.119644,-0.297130,-0.076331
32.5333,-0.024282,-0.337127,0.687421,0.895973,0.120800,-0.294564,-0.076823
32.5667,-0.026583,-0.331253,0.680817,0.901525,0.121786,-0.293006,-0.077291
32.6000,-0.030506,-0.325865,0.674061,0.908215,0.123465,-0.291828,-0.077654
32.6333,-0.036346,-0.324358,0.670526,0.907837,0.126865,-0.291165,-0.076919
32.6667,-0.040256,-0.323259,0.668689,0.906731,0.129266,-0.290465,-0.076299
32.7000,-0.045465,-0.314536,0.665764,0.905407,0.132315,-0.285915,-0.076136
32.7333,-0.050914,-0.310003,0.663364,0.903963,0.135533,-0.283417,-0.075554
32.7667,-0.056550,-0.308612,0.660402,0.902887,0.138834,-0.282642,-0.074674
32.8000,-0.062281,-0.307445,0.656408,0.903557,0.142029,-0.282347,-0.073915
32.8333,-0.068675,-0.303040,0.653165,0.903994,0.145519,-0.280243,-0.073293
32.8667,-0.077041,-0.293748,0.647658,0.915905,0.148573,-0.277475,-0.073786
32.9000,-0.084540,-0.289032,0.642301,0.920376,0.152202,-0.275954,-0.073269
32.9333,-0.090851,-0.287241,0.637615,0.923271,0.155399,-0.275682,-0.072589
32.9667,-0.097203,-0.287834,0.634497,0.920971,0.159190,-0.275702,-0.071128
33.0000,-0.102366,-0.285901,0.630364,0.923178,0.161857,-0.275242,-0.070616
33.0333,-0.108873,-0.282616,0.625425,0.930207,0.164571,-0.274802,-0.070407
33.0667,-0.115077,-0.283113,0.620586,0.934307,0.167538,-0.275883,-0.069630
33.1000,-0.120132,-0.284515,0.616666,0.936259,0.170146,-0.277070,-0.068757
33.1333,-0.124513,-0.284689,0.614077,0.936530,0.172534,-0.277268,-0.067943
33.1667,-0.128523,-0.283271,0.611019,0.938199,0.174555,-0.276905,-0.067439
33.2000,-0.132447,-0.278473,0.609658,0.937184,0.176741,-0.274226,-0.066937
33.2333,-0.135710,-0.275538,0.608925,0.935376,0.178696,-0.272306,-0.066264
33.2667,-0.139198,-0.273411,0.608043,0.933758,0.180731,-0.270914,-0.065591
33.3000,-0.143249,-0.272691,0.606829,0.932655,0.183033,-0.270347,-0.064794
33.3333,-0.146879,-0.271746,0.605038,0.932764,0.184908,-0.269899,-0.064199
33.3667,-0.150302,-0.270747,0.602633,0.934507,0.186559,-0.269713,-0.063760
33.4000,-0.155027,-0.267915,0.599079,0.939105,0.188529,-0.269034,-0.063462
33.4333,-0.157587,-0.268433,0.597179,0.939521,0.189899,-0.269431,-0.062924
33.4667,-0.159835,-0.267517,0.594969,0.941193,0.190952,-0.269309,-0.062688
33.5000,-0.162070,-0.267253,0.592634,0.943457,0.191934,-0.269621,-0.062472
33.5333,-0.164615,-0.268146,0.589999,0.945733,0.193095,-0.270549,-0.062092
33.5667,-0.167443,-0.268292,0.586769,0.949192,0.194265,-0.271300,-0.061814
33.6000,-0.170792,-0.267999,0.584244,0.951131,0.195857,-0.271510,-0.061340
33.6333,-0.173551,-0.267318,0.581153,0.955544,0.196841,-0.271951,-0.061254
33.6667,-0.176226,-0.266127,0.577342,0.961764,0.197565,-0.272452,-0.061381
33.7000,-0.179344,-0.265854,0.573156,0.966960,0.198682,-0.273295,-0.061225
33.7333,-0.181989,-0.265427,0.570560,0.968535,0.199958,-0.273415,-0.060830
33.7667,-0.184546,-0.265067,0.567232,0.971549,0.201032,-0.273845,-0.060571
33.8000,-0.187202,-0.265067,0.564582,0.973289,0.202295,-0.274212,-0.060157
33.8333,-0.190014,-0.264895,0.561974,0.974959,0.203636,-0.274464,-0.059708
33.8667,-0.193201,-0.263505,0.558862,0.977861,0.205006,-0.274280,-0.059392
33.9000,-0.195852,-0.262292,0.555787,0.981088,0.206060,-0.274254,-0.059210
33.9333,-0.197925,-0.261669,0.553404,0.982852,0.206990,-0.274295,-0.058952
33.9667,-0.199831,-0.261243,0.551027,0.984486,0.207853,-0.274427,-0.058692
34.0000,-0.201585,-0.261229,0.548610,0.986084,0.208652,-0.274781,-0.058426
34.0333,-0.203063,-0.261088,0.546271,0.987921,0.209276,-0.275108,-0.058265
34.0667,-0.204621,-0.261537,0.543809,0.990009,0.209918,-0.275784,-0.058067
34.1000,-0.206097,-0.261792,0.541394,0.992062,0.210515,-0.276352,-0.057892
34.1333,-0.207383,-0.262145,0.538972,0.994573,0.210957,-0.277045,-0.057811
34.1667,-0.208287,-0.261679,0.536755,0.996490,0.211256,-0.277225,-0.057782
34.2000,-0.208929,-0.262186,0.534375,0.998657,0.211416,-0.277979,-0.057769
34.2333,-0.209482,-0.263015,0.531921,1.001399,0.211464,-0.278991,-0.057828
34.2667,-0.209814,-0.264261,0.528630,1.004942,0.211321,-0.280417,-0.057921
34.3000,-0.209902,-0.264829,0.526213,1.007378,0.211165,-0.281269,-0.058051
34.3333,-0.209908,-0.265489,0.523769,1.009942,0.210947,-0.282193,-0.058197
34.3667,-0.209838,-0.265628,0.521417,1.012473,0.210681,-0.282832,-0.058400
34.4000,-0.209766,-0.265310,0.519150,1.014712,0.210441,-0.283183,-0.058603
34.4333,-0.209576,-0.265351,0.516826,1.016880,0.210157,-0.283724,-0.058790
34.4667,-0.209273,-0.265444,0.515273,1.018358,0.209881,-0.284134,-0.058963
34.5000,-0.208844,-0.266266,0.513588,1.020015,0.209524,-0.284967,-0.059104
34.5333,-0.208187,-0.267419,0.512642,1.020872,0.209113,-0.285831,-0.059176
34.5667,-0.207637,-0.267677,0.511851,1.021684,0.208774,-0.286165,-0.059352
34.6000,-0.207111,-0.267724,0.510306,1.023213,0.208379,-0.286556,-0.059563
34.6333,-0.207175,-0.267474,0.507204,1.026446,0.208092,-0.287137,-0.059807
34.6667,-0.207285,-0.268479,0.504608,1.029070,0.207911,-0.288248,-0.059906
34.7000,-0.207693,-0.269716,0.501107,1.033031,0.207720,-0.289720,-0.060024
34.7333,-0.208327,-0.267141,0.495762,1.042132,0.206908,-0.290011,-0.060923
34.7667,-0.207873,-0.267760,0.492226,1.045994,0.206281,-0.291185,-0.061260
34.8000,-0.207855,-0.266354,0.487284,1.052243,0.205540,-0.291700,-0.061884
34.8333,-0.206987,-0.269007,0.483282,1.056214,0.204710,-0.294011,-0.062100
34.8667,-0.205133,-0.275050,0.479548,1.060332,0.203370,-0.298146,-0.062210
34.9000,-0.203253,-0.279423,0.476990,1.063114,0.202134,-0.301127,-0.062345
34.9333,-0.200991,-0.280828,0.475951,1.064341,0.200786,-0.302250,-0.062681
34.9667,-0.197789,-0.280994,0.474232,1.064249,0.199240,-0.302593,-0.063093
35.0000,-0.192872,-0.281454,0.470104,1.061631,0.197353,-0.303126,-0.063578
35.0333,-0.188380,-0.280417,0.468168,1.061023,0.195240,-0.302908,-0.064402
35.0667,-0.182870,-0.279099,0.465141,1.058283,0.192997,-0.302426,-0.065181
35.1000,-0.175353,-0.278871,0.461595,1.051913,0.190342,-0.302215,-0.065811
35.1333,-0.167959,-0.278064,0.459849,1.048809,0.187124,-0.301930,-0.066842
35.1667,-0.159247,-0.278199,0.457938,1.041674,0.183905,-0.301726,-0.067594
35.2000,-0.149453,-0.279455,0.456794,1.032332,0.180458,-0.301816,-0.068197
35.2333,-0.139814,-0.280604,0.456789,1.024704,0.176742,-0.301933,-0.068948
35.2667,-0.129592,-0.283439,0.457625,1.012781,0.173392,-0.302344,-0.069198
35.3000,-0.118458,-0.287701,0.459696,0.997517,0.170045,-0.302987,-0.069106
35.3333,-0.104991,-0.296607,0.463201,0.976627,0.166339,-0.305269,-0.068375
35.3667,-0.093048,-0.305720,0.467233,0.962408,0.162279,-0.308294,-0.068021
35.4000,-0.078957,-0.320398,0.470139,0.951214,0.156669,-0.314695,-0.067590
35.4333,-0.068458,-0.336347,0.472674,0.939886,0.152945,-0.321557,-0.066348
35.4667,-0.058700,-0.346810,0.475946,0.929793,0.149325,-0.325608,-0.065666
35.5000,-0.048188,-0.364971,0.476541,0.929173,0.143953,-0.335052,-0.064918
35.5333,-0.037252,-0.376147,0.478489,0.926099,0.138638,-0.340467,-0.064745
35.5667,-0.025396,-0.389510,0.481459,0.913910,0.134264,-0.345676,-0.063534
35.6000,-0.018111,-0.404654,0.482873,0.906848,0.131524,-0.352396,-0.061773
35.6333,-0.015613,-0.408354,0.484379,0.905553,0.130334,-0.353980,-0.061508
35.6667,-0.010977,-0.420694,0.486320,0.891030,0.130141,-0.358090,-0.059058
35.7000,-0.008922,-0.430197,0.489156,0.876569,0.131210,-0.360572,-0.056750
35.7333,-0.008632,-0.436872,0.491923,0.867392,0.132332,-0.362289,-0.055088
35.7667,-0.007675,-0.444501,0.494796,0.855168,0.133559,-0.364034,-0.053057
35.8000,-0.007889,-0.445685,0.497394,0.851701,0.134035,-0.363825,-0.052691
35.8333,-0.008524,-0.448292,0.500542,0.846375,0.134972,-0.363967,-0.051902
35.8667,-0.009532,-0.447673,0.502523,0.847556,0.135208,-0.363598,-0.052216
35.9000,-0.012030,-0.446543,0.505227,0.849778,0.135958,-0.362954,-0.052423
35.9333,-0.014442,-0.445613,0.506893,0.850267,0.137005,-0.362287,-0.052384
35.9667,-0.017335,-0.444715,0.508429,0.850827,0.138302,-0.361648,-0.052286
36.0000,-0.023100,-0.440660,0.512358,0.858942,0.139741,-0.360144,-0.053105
36.0333,-0.027410,-0.432751,0.516929,0.875704,0.139059,-0.357942,-0.055523
36.0667,-0.032022,-0.426616,0.519756,0.883135,0.140093,-0.355473,-0.056634
36.1000,-0.036720,-0.418581,0.522557,0.895654,0.140388,-0.352768,-0.058452
36.1333,-0.040476,-0.410208,0.524781,0.905485,0.140650,-0.349595,-0.060131
36.1667,-0.045038,-0.405754,0.525506,0.908017,0.142576,-0.347480,-0.060403
36.2000,-0.049541,-0.398246,0.526897,0.910176,0.144484,-0.343709,-0.061085
36.2333,-0.053652,-0.390040,0.528451,0.910616,0.146445,-0.339335,-0.061738
36.2667,-0.057905,-0.383519,0.529645,0.911332,0.148453,-0.335863,-0.062103
36.3000,-0.061817,-0.379464,0.530330,0.912086,0.150306,-0.333698,-0.062144
36.3333,-0.065374,-0.375201,0.531153,0.914506,0.151711,-0.331655,-0.062423
36.3667,-0.068304,-0.373850,0.531238,0.916441,0.152926,-0.331120,-0.062366
36.4000,-0.070769,-0.374324,0.530877,0.918670,0.153880,-0.331609,-0.062134
36.4333,-0.072576,-0.374548,0.530551,0.921278,0.154438,-0.332048,-0.062079
36.4667,-0.073665,-0.374313,0.530314,0.923857,0.154619,-0.332268,-0.062179
36.5000,-0.074256,-0.374691,0.530001,0.925444,0.154704,-0.332691,-0.062187
36.5333,-0.074598,-0.375688,0.529537,0.927105,0.154654,-0.333460,-0.062141
36.5667,-0.074496,-0.375963,0.529373,0.927897,0.154489,-0.333741,-0.062198
36.6000,-0.074394,-0.376131,0.529084,0.929342,0.154231,-0.334048,-0.062298
36.6333,-0.074595,-0.376668,0.528796,0.929844,0.154275,-0.334421,-0.062220
36.6667,-0.074548,-0.377101,0.528554,0.930116,0.154209,-0.334695,-0.062152
36.7000,-0.074470,-0.377619,0.528293,0.930114,0.154175,-0.334980,-0.062048
36.7333,-0.074162,-0.378004,0.528091,0.930130,0.154021,-0.335207,-0.062034
36.7667,-0.073655,-0.378014,0.527997,0.930144,0.153760,-0.335238,-0.062109
36.8000,-0.073179,-0.377468,0.527887,0.928866,0.153711,-0.334804,-0.062077
36.8333,-0.072511,-0.377042,0.527823,0.927417,0.153589,-0.334419,-0.062078
36.8667,-0.071667,-0.376461,0.527867,0.926154,0.153347,-0.333981,-0.062167
36.9000,-0.071064,-0.376439,0.527868,0.925715,0.153092,-0.333930,-0.062211
36.9333,-0.070517,-0.376743,0.527797,0.925554,0.152849,-0.334103,-0.062260
36.9667,-0.070420,-0.377019,0.527678,0.925613,0.152819,-0.334277,-0.062283
37.0000,-0.070278,-0.377521,0.527515,0.925885,0.152720,-0.334601,-0.062275
37.0333,-0.070049,-0.377765,0.527415,0.926410,0.152536,-0.334820,-0.062358
37.0667,-0.069986,-0.378195,0.527148,0.928372,0.152237,-0.335342,-0.062526
37.1000,-0.069879,-0.378502,0.526724,0.931164,0.151770,-0.335929,-0.062725
37.1333,-0.070296,-0.375055,0.526534,0.938462,0.150863,-0.335200,-0.063788
37.1667,-0.070210,-0.373550,0.526197,0.941049,0.150434,-0.334833,-0.064217
37.2000,-0.069882,-0.372181,0.526052,0.942480,0.150049,-0.334364,-0.064570
37.2333,-0.069835,-0.370726,0.525876,0.943698,0.149843,-0.333813,-0.064861
37.2667,-0.069932,-0.368734,0.525533,0.945897,0.149567,-0.333136,-0.065282
37.3000,-0.070430,-0.364455,0.525319,0.949889,0.149212,-0.331514,-0.066115
37.3333,-0.071915,-0.359380,0.524663,0.957100,0.148886,-0.329929,-0.067174
37.3667,-0.072315,-0.358249,0.524152,0.957987,0.148977,-0.329504,-0.067289
37.4000,-0.072043,-0.357469,0.523995,0.958343,0.148778,-0.329168,-0.067443
37.4333,-0.071388,-0.354760,0.523956,0.959541,0.148261,-0.327994,-0.067997
37.4667,-0.070285,-0.351958,0.523650,0.961801,0.147340,-0.326942,-0.068674
37.5000,-0.069905,-0.350915,0.523209,0.963151,0.146954,-0.326652,-0.068964
37.5333,-0.069945,-0.349239,0.522844,0.964293,0.146815,-0.325986,-0.069252
37.5667,-0.069960,-0.346756,0.522654,0.965268,0.146677,-0.324866,-0.069625
37.6000,-0.070240,-0.345750,0.522474,0.964978,0.146859,-0.324287,-0.069594
37.6333,-0.070521,-0.345851,0.522075,0.964353,0.147109,-0.324288,-0.069389
37.6667,-0.070655,-0.345724,0.521448,0.962853,0.147447,-0.324078,-0.069219
37.7000,-0.071124,-0.345676,0.521101,0.962097,0.147846,-0.323968,-0.069070
37.7333,-0.071957,-0.345441,0.520765,0.961346,0.148432,-0.323750,-0.068916
37.7667,-0.073112,-0.345368,0.520373,0.960725,0.149171,-0.323634,-0.068709
37.8000,-0.074611,-0.344116,0.520200,0.959923,0.150101,-0.322828,-0.068583
37.8333,-0.076642,-0.343108,0.519932,0.959277,0.151295,-0.322186,-0.068366
37.8667,-0.079231,-0.342709,0.519274,0.959628,0.152604,-0.322022,-0.068078
37.9000,-0.082670,-0.340941,0.518363,0.962093,0.154053,-0.321405,-0.067967
37.9333,-0.086899,-0.337522,0.517653,0.964890,0.155851,-0.319935,-0.067979
37.9667,-0.091160,-0.332843,0.516869,0.969108,0.157430,-0.318005,-0.068223
38.0000,-0.095973,-0.328358,0.515453,0.975805,0.158943,-0.316539,-0.068570
38.0333,-0.102720,-0.319218,0.513982,0.986666,0.160789,-0.313143,-0.069526
38.0667,-0.110597,-0.310243,0.511755,0.997422,0.163268,-0.309815,-0.070207
38.1000,-0.119407,-0.299585,0.508719,1.008716,0.166161,-0.305684,-0.070868
38.1333,-0.131644,-0.284911,0.505665,1.020183,0.170769,-0.299295,-0.071349
38.1667,-0.139435,-0.276441,0.505266,1.016731,0.175304,-0.294106,-0.070456
38.2000,-0.149503,-0.264270,0.502991,1.022538,0.179597,-0.288245,-0.070319
38.2333,-0.156828,-0.253189,0.500801,1.027452,0.182597,-0.282923,-0.070381
38.2667,-0.160928,-0.250680,0.499284,1.028010,0.184672,-0.281627,-0.069881
38.3000,-0.165724,-0.246868,0.498033,1.027859,0.187171,-0.279492,-0.069253
38.3333,-0.169447,-0.246883,0.496205,1.028825,0.189015,-0.279615,-0.068618
38.3667,-0.172919,-0.246728,0.494922,1.028718,0.190865,-0.279470,-0.067930
38.4000,-0.175720,-0.247178,0.494073,1.027820,0.192497,-0.279533,-0.067161
38.4333,-0.178292,-0.247840,0.493225,1.026834,0.193992,-0.279708,-0.066463
38.4667,-0.180360,-0.248201,0.492503,1.025989,0.195206,-0.279751,-0.065933
38.5000,-0.182618,-0.248454,0.491801,1.025747,0.196468,-0.279817,-0.065535
38.5333,-0.184492,-0.248505,0.490362,1.027597,0.197177,-0.280117,-0.065358
38.5667,-0.187481,-0.243831,0.489346,1.029332,0.198421,-0.277822,-0.065304
38.6000,-0.189664,-0.239717,0.488729,1.030051,0.199396,-0.275695,-0.065255
38.6333,-0.191592,-0.236371,0.488038,1.030840,0.200240,-0.273998,-0.065191
38.6667,-0.193778,-0.232255,0.488218,1.029304,0.201520,-0.271424,-0.064826
38.7000,-0.195781,-0.225085,0.488783,1.025742,0.202867,-0.267111,-0.064448
38.7333,-0.197361,-0.222751,0.488819,1.024372,0.203873,-0.265586,-0.064159
38.7667,-0.199152,-0.220278,0.488894,1.023593,0.204891,-0.264093,-0.063975
38.8000,-0.200636,-0.218925,0.488807,1.022833,0.205710,-0.263232,-0.063629
38.8333,-0.201722,-0.218370,0.488625,1.021729,0.206377,-0.262767,-0.063221
38.8667,-0.202622,-0.217870,0.488472,1.020738,0.206975,-0.262350,-0.062956
38.9000,-0.203473,-0.217050,0.488406,1.019923,0.207524,-0.261775,-0.062770
38.9333,-0.204286,-0.216483,0.488313,1.019532,0.208005,-0.261404,-0.062643
38.9667,-0.205327,-0.216677,0.488058,1.019591,0.208560,-0.261502,-0.062472
39.0000,-0.206609,-0.216918,0.487656,1.020412,0.209095,-0.261698,-0.062308
39.0333,-0.207918,-0.217212,0.487218,1.021385,0.209634,-0.261945,-0.062137
39.0667,-0.209517,-0.217741,0.486677,1.022405,0.210319,-0.262317,-0.061890
39.1000,-0.211126,-0.218108,0.486141,1.023358,0.211012,-0.262592,-0.061634
39.1333,-0.212978,-0.218476,0.485557,1.024133,0.211853,-0.262837,-0.061301
39.1667,-0.214588,-0.218815,0.485157,1.024208,0.212695,-0.262981,-0.060935
39.2000,-0.216549,-0.219156,0.484550,1.024780,0.213594,-0.263175,-0.060559
39.2333,-0.218437,-0.219295,0.483978,1.025359,0.214479,-0.263271,-0.060212
39.2667,-0.220410,-0.219166,0.483443,1.025848,0.215412,-0.263205,-0.059851
39.3000,-0.222429,-0.218231,0.483058,1.026144,0.216375,-0.262672,-0.059512
39.3333,-0.224414,-0.217940,0.482554,1.026589,0.217315,-0.262512,-0.059153
39.3667,-0.226359,-0.217416,0.482097,1.027065,0.218225,-0.262229,-0.058824
39.4000,-0.228629,-0.217060,0.481383,1.028307,0.219193,-0.262135,-0.058490
39.4333,-0.230842,-0.216872,0.480608,1.029607,0.220134,-0.262145,-0.058165
39.4667,-0.232166,-0.217014,0.480239,1.029580,0.220828,-0.262179,-0.057837
39.5000,-0.233181,-0.217592,0.479820,1.029604,0.221345,-0.262474,-0.057553
39.5333,-0.234255,-0.217939,0.479439,1.029472,0.221916,-0.262610,-0.057258
39.5667,-0.234924,-0.219385,0.478890,1.029858,0.222249,-0.263457,-0.057074
39.6000,-0.235436,-0.221541,0.477986,1.031109,0.222396,-0.264781,-0.056962
39.6333,-0.235667,-0.224091,0.476991,1.032558,0.222391,-0.266386,-0.056884
39.6667,-0.235453,-0.226471,0.476298,1.033280,0.222235,-0.267848,-0.056791
39.7000,-0.234654,-0.227304,0.475941,1.033437,0.221805,-0.268350,-0.056846
39.7333,-0.233379,-0.227039,0.475579,1.032497,0.221318,-0.268181,-0.056967
39.7667,-0.231731,-0.226761,0.475089,1.030782,0.220780,-0.267964,-0.057119
39.8000,-0.229886,-0.226413,0.474743,1.029010,0.220140,-0.267699,-0.057306
39.8333,-0.227523,-0.226038,0.474563,1.027194,0.219240,-0.267429,-0.057600
39.8667,-0.224633,-0.226294,0.474343,1.024079,0.218287,-0.267364,-0.057806
39.9000,-0.221205,-0.226634,0.474369,1.019859,0.217225,-0.267215,-0.058005
39.9333,-0.217103,-0.226599,0.474864,1.015688,0.215785,-0.266865,-0.058374
39.9667,-0.212262,-0.225767,0.475776,1.013093,0.213703,-0.266287,-0.059142
40.0000,-0.205992,-0.225482,0.476847,1.011416,0.210778,-0.266171,-0.060287
40.0333,-0.199089,-0.226189,0.478275,1.006271,0.208048,-0.266143,-0.061072
40.0667,-0.193673,-0.225043,0.479422,1.006515,0.205221,-0.265745,-0.062284
40.1000,-0.187140,-0.223752,0.481105,1.004516,0.202149,-0.265000,-0.063472
40.1333,-0.178828,-0.221592,0.483886,0.998753,0.198678,-0.263314,-0.064631
40.1667,-0.169393,-0.220597,0.487530,0.989499,0.195127,-0.261770,-0.065502
40.2000,-0.160345,-0.222747,0.490661,0.982113,0.191541,-0.262118,-0.066267
40.2333,-0.152682,-0.222756,0.493409,0.979991,0.187847,-0.261953,-0.067509
40.2667,-0.141359,-0.228247,0.497337,0.967334,0.183888,-0.263396,-0.067846
40.3000,-0.131237,-0.233350,0.501191,0.958998,0.179859,-0.265090,-0.068459
40.3333,-0.122925,-0.235665,0.505013,0.954898,0.176067,-0.265760,-0.069407
40.3667,-0.112363,-0.240593,0.509341,0.947622,0.171589,-0.267421,-0.070176
40.4000,-0.103882,-0.244435,0.512356,0.945403,0.167449,-0.269181,-0.071154
40.4333,-0.094571,-0.248491,0.515297,0.945299,0.162569,-0.271353,-0.072493
40.4667,-0.085446,-0.250514,0.517269,0.947731,0.157409,-0.272875,-0.074122
40.5000,-0.077948,-0.258993,0.517484,0.950172,0.153200,-0.277859,-0.074901
40.5333,-0.071050,-0.265466,0.517904,0.953104,0.149202,-0.281816,-0.075814
40.5667,-0.065016,-0.274447,0.518849,0.947733,0.146889,-0.285900,-0.075395
40.6000,-0.059498,-0.277126,0.520275,0.947488,0.143994,-0.287311,-0.076002
40.6333,-0.054605,-0.279075,0.522216,0.944134,0.141865,-0.287858,-0.076231
40.6667,-0.049884,-0.282060,0.523961,0.941465,0.139736,-0.289041,-0.076430
40.7000,-0.046786,-0.289225,0.525081,0.936146,0.138917,-0.292039,-0.075757
40.7333,-0.044451,-0.298693,0.526314,0.926588,0.139157,-0.295617,-0.074338
40.7667,-0.044256,-0.301893,0.527878,0.921133,0.139809,-0.296379,-0.073567
40.8000,-0.043787,-0.303315,0.530030,0.916122,0.140210,-0.296231,-0.073086
40.8333,-0.044202,-0.306965,0.532364,0.908741,0.141423,-0.296854,-0.072046
40.8667,-0.044526,-0.315310,0.534655,0.896518,0.143329,-0.299224,-0.070068
40.9000,-0.049396,-0.331354,0.538814,0.849973,0.152527,-0.300447,-0.063035
40.9333,-0.054158,-0.339992,0.545925,0.816866,0.159161,-0.299235,-0.058069
40.9667,-0.066182,-0.357967,0.551873,0.769346,0.171203,-0.300348,-0.049047
41.0000,-0.075484,-0.377258,0.557576,0.728357,0.180570,-0.302883,-0.040730
41.0333,-0.087249,-0.399886,0.563361,0.679978,0.191559,-0.305564,-0.030342
41.0667,-0.099753,-0.393626,0.576805,0.640656,0.200504,-0.294455,-0.023979
41.1000,-0.101700,-0.373145,0.588864,0.635720,0.200721,-0.282235,-0.025535
41.1333,-0.125868,-0.391841,0.593023,0.605260,0.214526,-0.284856,-0.014853
41.1667,-0.161025,-0.400725,0.595137,0.574325,0.232943,-0.282206,-0.001922
41.2000,-0.184726,-0.425597,0.598337,0.516274,0.247427,-0.283278,0.014638
41.2333,-0.201188,-0.440594,0.599474,0.507007,0.255042,-0.287495,0.021321
41.2667,-0.218916,-0.472539,0.596963,0.480372,0.264439,-0.297027,0.033379
41.3000,-0.229862,-0.501150,0.593318,0.471322,0.269889,-0.308099,0.041068
41.3333,-0.239808,-0.520630,0.595689,0.446223,0.274916,-0.311693,0.049650
41.3667,-0.246350,-0.540059,0.598808,0.410794,0.278629,-0.313601,0.059016
41.4000,-0.254332,-0.554624,0.603516,0.372689,0.282476,-0.312524,0.068488
41.4333,-0.263197,-0.575415,0.609342,0.308239,0.286553,-0.309523,0.083139
41.4667,-0.269711,-0.593716,0.613959,0.249227,0.288799,-0.306530,0.096259
41.5000,-0.277773,-0.601527,0.622563,0.219980,0.290649,-0.303249,0.103076
41.5333,-0.282597,-0.607297,0.629342,0.194976,0.291285,-0.300312,0.108364
41.5667,-0.287291,-0.613239,0.632415,0.190101,0.292502,-0.301092,0.110704
41.6000,-0.292534,-0.624217,0.636168,0.177349,0.293652,-0.302449,0.114978
41.6333,-0.297482,-0.634813,0.639774,0.158763,0.294503,-0.302754,0.120138
41.6667,-0.302531,-0.648464,0.641716,0.133920,0.295280,-0.303424,0.126937
41.7000,-0.306659,-0.662098,0.643688,0.111343,0.295676,-0.304440,0.133063
41.7333,-0.309644,-0.672728,0.647025,0.097966,0.295782,-0.305623,0.136784
41.7667,-0.311202,-0.678714,0.649701,0.094398,0.295816,-0.306798,0.138096
41.8000,-0.311240,-0.679690,0.652149,0.096111,0.295705,-0.307123,0.137453
41.8333,-0.311809,-0.680876,0.656915,0.100340,0.295489,-0.307534,0.136374
41.8667,-0.311770,-0.681790,0.659184,0.099405,0.295089,-0.307411,0.136341
41.9000,-0.311891,-0.684406,0.663110,0.097476,0.294635,-0.307557,0.136372
41.9333,-0.311397,-0.682795,0.668906,0.104771,0.294181,-0.307406,0.133891
41.9667,-0.311189,-0.683177,0.673458,0.107104,0.293620,-0.307336,0.132851
42.0000,-0.310453,-0.685060,0.679339,0.116521,0.293007,-0.308842,0.130458
42.0333,-0.309157,-0.683988,0.686055,0.130904,0.292264,-0.309998,0.126643
42.0667,-0.307524,-0.679858,0.693536,0.147230,0.291324,-0.310255,0.121973
42.1000,-0.306831,-0.674492,0.700611,0.160336,0.290594,-0.309495,0.118023
42.1333,-0.306159,-0.669259,0.707199,0.166599,0.289722,-0.307716,0.115273
42.1667,-0.305629,-0.663266,0.713731,0.175460,0.288970,-0.306057,0.112067
42.2000,-0.304701,-0.658604,0.719519,0.185660,0.288163,-0.305251,0.108821
42.2333,-0.303496,-0.655539,0.723399,0.190576,0.287389,-0.304460,0.106777
42.2667,-0.303133,-0.648950,0.729111,0.207982,0.286860,-0.304036,0.102381
42.3000,-0.302651,-0.639909,0.735933,0.232539,0.286145,-0.303670,0.096461
42.3333,-0.300876,-0.626496,0.743874,0.265732,0.284802,-0.302911,0.088207
42.3667,-0.299499,-0.619603,0.748110,0.280967,0.283842,-0.302214,0.084116
42.4000,-0.299101,-0.613429,0.751364,0.296915,0.283304,-0.301969,0.080433
42.4333,-0.299474,-0.608431,0.753655,0.302663,0.283110,-0.300538,0.078840
42.4667,-0.299423,-0.606114,0.755003,0.309589,0.282909,-0.300576,0.077333
42.5000,-0.299049,-0.604052,0.756165,0.319416,0.282602,-0.301262,0.075339
42.5333,-0.298420,-0.599919,0.757667,0.341365,0.282040,-0.303114,0.071196
42.5667,-0.298025,-0.591036,0.759942,0.371321,0.281306,-0.304212,0.065298
42.6000,-0.298360,-0.583852,0.760712,0.391975,0.281024,-0.304551,0.061434
42.6333,-0.298720,-0.579860,0.760555,0.401362,0.281033,-0.304431,0.059704
42.6667,-0.299055,-0.580127,0.758821,0.413564,0.281161,-0.306849,0.058237
42.7000,-0.299727,-0.579017,0.757236,0.421668,0.281441,-0.307909,0.057322
42.7333,-0.300364,-0.577864,0.756205,0.425335,0.281756,-0.308119,0.056936
42.7667,-0.301189,-0.576215,0.755268,0.428412,0.282124,-0.307979,0.056642
42.8000,-0.301811,-0.575020,0.754256,0.430090,0.282436,-0.307815,0.056577
42.8333,-0.302203,-0.574600,0.753672,0.430492,0.282660,-0.307736,0.056651
42.8667,-0.302659,-0.573868,0.753174,0.430091,0.282881,-0.307352,0.056849
42.9000,-0.302901,-0.574148,0.752435,0.429212,0.283049,-0.307401,0.057216
42.9333,-0.302729,-0.578686,0.749466,0.422203,0.283493,-0.308537,0.059065
42.9667,-0.301004,-0.584594,0.747107,0.423207,0.283100,-0.311716,0.059408
43.0000,-0.299737,-0.587948,0.745404,0.420919,0.282825,-0.313068,0.060044
43.0333,-0.298023,-0.588589,0.745238,0.421112,0.282166,-0.313549,0.059601
43.0667,-0.295426,-0.593318,0.743538,0.418411,0.281387,-0.315507,0.060133
43.1000,-0.291464,-0.588831,0.743940,0.446692,0.279156,-0.318780,0.054279
43.1333,-0.285305,-0.584414,0.745148,0.459707,0.276158,-0.319436,0.050077
43.1667,-0.279011,-0.576644,0.746503,0.474500,0.272919,-0.318886,0.045241
43.2000,-0.268097,-0.558786,0.750812,0.513383,0.266375,-0.318020,0.034308
43.2333,-0.257108,-0.537649,0.754832,0.554158,0.259302,-0.315888,0.022973
43.2667,-0.246743,-0.524006,0.756993,0.568140,0.253793,-0.312498,0.016707
43.3000,-0.232786,-0.494421,0.763419,0.594309,0.245289,-0.303447,0.005932
43.3333,-0.218941,-0.476496,0.768726,0.596673,0.238237,-0.295667,0.000080
43.3667,-0.205535,-0.469304,0.770571,0.585552,0.232597,-0.290948,-0.002200
43.4000,-0.179929,-0.452117,0.777358,0.622794,0.217590,-0.289897,-0.015037
43.4333,-0.160356,-0.452479,0.779225,0.620356,0.208419,-0.290504,-0.018711
43.4667,-0.146618,-0.449222,0.780851,0.616717,0.202087,-0.288869,-0.021377
43.5000,-0.130988,-0.445581,0.782219,0.630676,0.193532,-0.290164,-0.026704
43.5333,-0.115574,-0.445769,0.784237,0.633982,0.185679,-0.291341,-0.030019
43.5667,-0.100940,-0.447707,0.784524,0.641983,0.178020,-0.294305,-0.033486
43.6000,-0.089026,-0.445616,0.786102,0.643474,0.171927,-0.293905,-0.035912
43.6333,-0.071861,-0.436223,0.787718,0.663258,0.161608,-0.293305,-0.042055
43.6667,-0.056660,-0.432004,0.784973,0.697831,0.151099,-0.298078,-0.048557
43.7000,-0.037066,-0.416798,0.782297,0.745775,0.136537,-0.299804,-0.057701
43.7333,-0.022231,-0.417958,0.773990,0.785103,0.125478,-0.308485,-0.063000
43.7667,-0.005632,-0.411901,0.768742,0.804798,0.115158,-0.309870,-0.067112
43.8000,0.007946,-0.404401,0.762878,0.822122,0.106596,-0.310024,-0.070596
43.8333,0.019312,-0.396323,0.754426,0.841523,0.099048,-0.310360,-0.073812
43.8667,0.028056,-0.393000,0.746408,0.853205,0.093734,-0.311649,-0.075602
43.9000,0.037873,-0.383073,0.737840,0.873756,0.086620,-0.311086,-0.078783
43.9333,0.046546,-0.374642,0.730707,0.885933,0.081026,-0.309672,-0.081008
43.9667,0.055651,-0.364615,0.722158,0.898695,0.075182,-0.307629,-0.083311
44.0000,0.061684,-0.359162,0.716291,0.903870,0.071773,-0.306355,-0.084458
44.0333,0.066840,-0.353795,0.710529,0.908531,0.068877,-0.305003,-0.085473
44.0667,0.070781,-0.350239,0.706246,0.911967,0.066662,-0.304212,-0.086197
44.1000,0.072152,-0.347839,0.703240,0.913188,0.066020,-0.303489,-0.086496
44.1333,0.071484,-0.346726,0.701505,0.911975,0.066712,-0.302849,-0.086258
44.1667,0.068863,-0.348485,0.697193,0.910279,0.068724,-0.303899,-0.085696
44.2000,0.064752,-0.349005,0.693026,0.908382,0.071570,-0.304221,-0.085134
44.2333,0.060297,-0.349369,0.687510,0.903793,0.075103,-0.304168,-0.084226
44.2667,0.055084,-0.350001,0.682210,0.898372,0.079146,-0.304095,-0.083181
44.3000,0.047169,-0.350311,0.678148,0.894021,0.084351,-0.303841,-0.082062
44.3333,0.039197,-0.350984,0.674184,0.890083,0.089498,-0.303818,-0.080894
44.3667,0.030904,-0.349127,0.670869,0.888414,0.094440,-0.302783,-0.080216
44.4000,0.019578,-0.349377,0.666719,0.886385,0.101062,-0.302753,-0.078811
44.4333,0.010842,-0.347250,0.663642,0.883310,0.106348,-0.301279,-0.077691
44.4667,-0.002250,-0.343827,0.660293,0.879755,0.114019,-0.298983,-0.076229
44.5000,-0.016167,-0.333139,0.655260,0.885786,0.120819,-0.294545,-0.075929
44.5333,-0.031277,-0.325184,0.651371,0.883475,0.129315,-0.290053,-0.074401
44.5667,-0.040968,-0.324339,0.648467,0.881258,0.134886,-0.289266,-0.072893
44.6000,-0.054440,-0.321423,0.644214,0.881723,0.142113,-0.287818,-0.071218
44.6333,-0.067253,-0.318290,0.639595,0.884905,0.148621,-0.286699,-0.069798
44.6667,-0.077693,-0.316406,0.636424,0.884362,0.154299,-0.285585,-0.068249
44.7000,-0.086659,-0.312828,0.632675,0.890342,0.158346,-0.284677,-0.067651
44.7333,-0.093634,-0.305864,0.630623,0.893474,0.161608,-0.281499,-0.067379
44.7667,-0.102353,-0.297676,0.628054,0.897852,0.165593,-0.277839,-0.066958
44.8000,-0.108880,-0.295131,0.625803,0.897876,0.169058,-0.276488,-0.065989
44.8333,-0.115325,-0.289845,0.624300,0.897905,0.172398,-0.273649,-0.065253
44.8667,-0.121199,-0.285379,0.621638,0.904264,0.174681,-0.272294,-0.065176
44.9000,-0.126202,-0.284993,0.619231,0.906134,0.177142,-0.272393,-0.064476
44.9333,-0.131384,-0.281248,0.617585,0.906766,0.179757,-0.270487,-0.063832
44.9667,-0.135596,-0.279017,0.615256,0.909900,0.181611,-0.269838,-0.063500
45.0000,-0.139290,-0.278392,0.611867,0.918490,0.182577,-0.270939,-0.063755
45.0333,-0.143561,-0.277077,0.608956,0.923017,0.184323,-0.271013,-0.063491
45.0667,-0.146778,-0.275974,0.606081,0.926811,0.185627,-0.271131,-0.063293
45.1000,-0.149315,-0.277620,0.602626,0.930802,0.186632,-0.272790,-0.063030
45.1333,-0.151417,-0.279449,0.599815,0.933384,0.187566,-0.274296,-0.062708
45.1667,-0.153961,-0.283230,0.595720,0.937891,0.188565,-0.277196,-0.062308
45.2000,-0.156469,-0.285268,0.591857,0.943343,0.189386,-0.279307,-0.062172
45.2333,-0.159165,-0.283261,0.587918,0.949865,0.190098,-0.279465,-0.062388
45.2667,-0.162146,-0.279620,0.584172,0.956397,0.190922,-0.278736,-0.062704
45.3000,-0.165226,-0.276258,0.580255,0.962624,0.191840,-0.278110,-0.062928
45.3333,-0.168524,-0.272327,0.575470,0.970588,0.192661,-0.277497,-0.063299
45.3667,-0.170682,-0.269095,0.571405,0.977229,0.193054,-0.277038,-0.063741
45.4000,-0.174484,-0.266410,0.565987,0.985456,0.194119,-0.277121,-0.063926
45.4333,-0.178079,-0.264668,0.561216,0.990731,0.195465,-0.277224,-0.063789
45.4667,-0.181812,-0.262913,0.556464,0.994641,0.197058,-0.277114,-0.063454
45.5000,-0.185348,-0.261989,0.552547,0.996855,0.198754,-0.277130,-0.062948
45.5333,-0.189191,-0.260903,0.548689,0.999991,0.200470,-0.277165,-0.062516
45.5667,-0.192595,-0.259731,0.545828,1.001303,0.202150,-0.276827,-0.061979
45.6000,-0.196026,-0.257233,0.544155,1.001141,0.203969,-0.275477,-0.061417
45.6333,-0.200161,-0.251197,0.542399,1.001179,0.206060,-0.272269,-0.060979
45.6667,-0.203721,-0.246347,0.540624,1.001448,0.207837,-0.269742,-0.060569
45.7000,-0.207514,-0.245442,0.536621,1.006018,0.209301,-0.270062,-0.060249
45.7333,-0.211212,-0.245590,0.533123,1.009058,0.210922,-0.270681,-0.059720
45.7667,-0.214564,-0.246573,0.529474,1.012276,0.212357,-0.271792,-0.059203
45.8000,-0.218050,-0.247345,0.525823,1.015590,0.213841,-0.272794,-0.058684
45.8333,-0.221256,-0.248029,0.522201,1.018495,0.215230,-0.273703,-0.058164
45.8667,-0.224241,-0.248376,0.518677,1.020998,0.216553,-0.274382,-0.057669
45.9000,-0.226844,-0.249000,0.514364,1.025231,0.217482,-0.275528,-0.057408
45.9333,-0.229664,-0.249776,0.509957,1.029306,0.218544,-0.276725,-0.057065
45.9667,-0.231332,-0.250440,0.507235,1.031390,0.219234,-0.277509,-0.056819
46.0000,-0.232663,-0.250787,0.504612,1.033469,0.219736,-0.278132,-0.056653
46.0333,-0.232828,-0.250975,0.502935,1.034713,0.219724,-0.278538,-0.056677
46.0667,-0.232970,-0.250747,0.501347,1.036063,0.219683,-0.278735,-0.056775
46.1000,-0.232858,-0.250603,0.498982,1.038455,0.219394,-0.279194,-0.056996
46.1333,-0.232290,-0.251835,0.497185,1.040198,0.218962,-0.280267,-0.057149
46.1667,-0.230847,-0.253244,0.496245,1.041334,0.218106,-0.281351,-0.057412
46.2000,-0.229193,-0.254688,0.494479,1.043172,0.217142,-0.282574,-0.057788
46.2333,-0.227132,-0.255480,0.492859,1.045119,0.215916,-0.283506,-0.058322
46.2667,-0.224791,-0.256181,0.491265,1.047330,0.214506,-0.284438,-0.058954
46.3000,-0.222139,-0.255655,0.489909,1.049396,0.212925,-0.284696,-0.059729
46.3333,-0.218941,-0.255782,0.489330,1.050536,0.211089,-0.285137,-0.060423
46.3667,-0.214671,-0.257788,0.487641,1.051486,0.208926,-0.286683,-0.061082
46.4000,-0.209718,-0.258794,0.484654,1.049990,0.206812,-0.287556,-0.061697
46.4333,-0.203661,-0.259478,0.481442,1.047270,0.204343,-0.288187,-0.062429
46.4667,-0.197140,-0.259459,0.478873,1.043814,0.201705,-0.288320,-0.063230
46.5000,-0.189563,-0.259436,0.476464,1.038817,0.198770,-0.288299,-0.064073
46.5333,-0.182059,-0.259490,0.475005,1.035564,0.195542,-0.288441,-0.065084
46.5667,-0.174350,-0.259582,0.473746,1.030134,0.192544,-0.288322,-0.065889
46.6000,-0.166312,-0.262314,0.472858,1.029520,0.188613,-0.290159,-0.067032
46.6333,-0.156726,-0.264081,0.472058,1.025969,0.184339,-0.291187,-0.068209
46.6667,-0.146885,-0.269455,0.470967,1.024732,0.179584,-0.294413,-0.069281
46.7000,-0.135191,-0.275694,0.469901,1.021128,0.174243,-0.297867,-0.070287
46.7333,-0.122435,-0.295183,0.466459,1.024925,0.167304,-0.309390,-0.070735
46.7667,-0.107518,-0.308941,0.463607,1.024288,0.159838,-0.317364,-0.071435
46.8000,-0.087073,-0.343326,0.456502,1.023677,0.149650,-0.336551,-0.070010
46.8333,-0.068695,-0.367593,0.450892,1.023357,0.140310,-0.350180,-0.069035
46.8667,-0.056296,-0.379530,0.447541,1.021817,0.134180,-0.356835,-0.068668
46.9000,-0.044100,-0.398744,0.442457,1.013932,0.129340,-0.366506,-0.066441
46.9333,-0.032561,-0.411650,0.439309,1.007914,0.124427,-0.372945,-0.065172
46.9667,-0.022976,-0.422310,0.436922,1.003828,0.120176,-0.378319,-0.064111
47.0000,-0.013108,-0.432096,0.435007,0.998431,0.115986,-0.383022,-0.063071
47.0333,-0.004805,-0.440770,0.433429,0.994257,0.112405,-0.387224,-0.062113
47.0667,0.001907,-0.445841,0.432697,0.991567,0.109358,-0.389668,-0.061703
47.1000,0.006787,-0.446826,0.432857,0.992857,0.106534,-0.390450,-0.062167
47.1333,0.009954,-0.445844,0.433212,0.991479,0.105071,-0.389831,-0.062556
47.1667,0.011333,-0.442585,0.433985,0.991575,0.104279,-0.388168,-0.063449
47.2000,0.012289,-0.440238,0.434522,0.992538,0.103600,-0.387159,-0.064057
47.2333,0.012786,-0.436928,0.435211,0.993381,0.103151,-0.385567,-0.064792
47.2667,0.009050,-0.433067,0.435635,0.991970,0.105365,-0.383319,-0.064983
47.3000,0.004110,-0.434156,0.435035,0.987344,0.108817,-0.383172,-0.063803
47.3333,0.001864,-0.433879,0.434937,0.986156,0.110282,-0.382839,-0.063567
47.3667,-0.001165,-0.434067,0.434682,0.985421,0.112067,-0.382818,-0.063228
47.4000,-0.006801,-0.432871,0.434579,0.983691,0.115316,-0.381849,-0.062686
47.4333,-0.012101,-0.433121,0.434117,0.981859,0.118557,-0.381623,-0.061847
47.4667,-0.017543,-0.435883,0.433266,0.979730,0.121745,-0.382636,-0.060513
47.5000,-0.024668,-0.432817,0.433689,0.978626,0.125704,-0.380734,-0.060223
47.5333,-0.032888,-0.431643,0.433635,0.977712,0.130199,-0.379771,-0.059342
47.5667,-0.039724,-0.426103,0.434860,0.977669,0.133743,-0.376650,-0.059461
47.6000,-0.046355,-0.418033,0.436763,0.981205,0.136537,-0.372651,-0.060340
47.6333,-0.052310,-0.407405,0.439212,0.983136,0.139216,-0.367109,-0.061530
47.6667,-0.057193,-0.398428,0.441254,0.984412,0.141471,-0.362379,-0.062495
47.7000,-0.061833,-0.390422,0.442833,0.981006,0.144383,-0.357558,-0.062764
47.7333,-0.065431,-0.393168,0.443152,0.973626,0.147467,-0.357832,-0.061136
47.7667,-0.068452,-0.395205,0.444542,0.962170,0.150886,-0.357149,-0.059427
47.8000,-0.069614,-0.394469,0.447604,0.947502,0.153746,-0.354544,-0.058139
47.8333,-0.070630,-0.394206,0.451565,0.931510,0.156660,-0.351899,-0.056691
47.8667,-0.071350,-0.388769,0.456815,0.919869,0.158606,-0.347077,-0.056478
47.9000,-0.071989,-0.385237,0.461154,0.914053,0.159615,-0.344055,-0.056525
47.9333,-0.072906,-0.376728,0.466935,0.906856,0.160874,-0.338178,-0.057079
47.9667,-0.073826,-0.369792,0.470540,0.903441,0.161657,-0.333806,-0.057652
48.0000,-0.075079,-0.365926,0.473438,0.903491,0.162158,-0.331522,-0.058219
48.0333,-0.075599,-0.364785,0.474706,0.903623,0.162330,-0.330778,-0.058363
48.0667,-0.075670,-0.364176,0.475889,0.903771,0.162252,-0.330357,-0.058471
48.1000,-0.074974,-0.365028,0.476807,0.904671,0.161693,-0.330862,-0.058635
48.1333,-0.074509,-0.365390,0.478736,0.906325,0.161095,-0.331047,-0.058933
48.1667,-0.074331,-0.365763,0.479621,0.906442,0.160902,-0.331146,-0.058904
48.2000,-0.073968,-0.366126,0.480514,0.906151,0.160684,-0.331191,-0.058874
48.2333,-0.073386,-0.367176,0.481263,0.905984,0.160358,-0.331648,-0.058841
48.2667,-0.072792,-0.367649,0.482134,0.905771,0.160034,-0.331775,-0.058903
48.3000,-0.072393,-0.367953,0.483010,0.905301,0.159845,-0.331775,-0.058902
48.3333,-0.072006,-0.367930,0.483955,0.904842,0.159662,-0.331609,-0.058974
48.3667,-0.071901,-0.366896,0.485098,0.904470,0.159612,-0.330908,-0.059184
48.4000,-0.071749,-0.366399,0.486120,0.904327,0.159494,-0.330543,-0.059313
48.4333,-0.071674,-0.366114,0.487074,0.904099,0.159427,-0.330266,-0.059369
48.4667,-0.071638,-0.365901,0.487998,0.903754,0.159400,-0.330009,-0.059396
48.5000,-0.071756,-0.365651,0.488908,0.903742,0.159421,-0.329784,-0.059496
48.5333,-0.071845,-0.366204,0.489622,0.904104,0.159373,-0.330047,-0.059507
48.5667,-0.072040,-0.366570,0.490347,0.904443,0.159378,-0.330183,-0.059508
48.6000,-0.072384,-0.366579,0.491120,0.904844,0.159453,-0.330138,-0.059554
48.6333,-0.072736,-0.366467,0.491904,0.905343,0.159511,-0.330046,-0.059618
48.6667,-0.073323,-0.366475,0.492612,0.905472,0.159740,-0.329957,-0.059536
48.7000,-0.074087,-0.366525,0.493274,0.905236,0.160117,-0.329837,-0.059382
48.7333,-0.074971,-0.366641,0.493898,0.905009,0.160569,-0.329760,-0.059241
48.7667,-0.076013,-0.366785,0.494487,0.904735,0.161111,-0.329687,-0.059061
48.8000,-0.077102,-0.367181,0.495004,0.904277,0.161700,-0.329720,-0.058793
48.8333,-0.078254,-0.367640,0.495490,0.903598,0.162357,-0.329753,-0.058484
48.8667,-0.079507,-0.367881,0.496012,0.902744,0.163094,-0.329642,-0.058184
48.9000,-0.080877,-0.368139,0.496515,0.901793,0.163909,-0.329529,-0.057854
48.9333,-0.082229,-0.368656,0.496960,0.900811,0.164718,-0.329552,-0.057484
48.9667,-0.083685,-0.369354,0.498079,0.898981,0.165646,-0.329468,-0.057043
49.0000,-0.084954,-0.370028,0.499232,0.896807,0.166542,-0.329326,-0.056567
49.0333,-0.085852,-0.371810,0.500905,0.893846,0.167344,-0.329597,-0.055988
49.0667,-0.086657,-0.372604,0.502862,0.889680,0.168243,-0.329171,-0.055394
49.1000,-0.087237,-0.371510,0.505371,0.886324,0.168881,-0.327863,-0.055228
49.1333,-0.088308,-0.372503,0.505788,0.885499,0.169539,-0.328165,-0.054846
49.1667,-0.089861,-0.374499,0.506668,0.883629,0.170529,-0.328730,-0.054199
49.2000,-0.092809,-0.376781,0.507285,0.881693,0.172280,-0.329410,-0.053269
49.2333,-0.094527,-0.379083,0.507286,0.882149,0.173158,-0.330612,-0.052851
49.2667,-0.096838,-0.382354,0.506945,0.881639,0.174404,-0.332104,-0.051867
49.3000,-0.099305,-0.387309,0.508323,0.875431,0.176416,-0.333390,-0.050212
49.3333,-0.099933,-0.390010,0.509799,0.872767,0.177027,-0.334172,-0.049561
49.3667,-0.099948,-0.394053,0.511768,0.867033,0.177726,-0.335157,-0.048508
49.4000,-0.098123,-0.397072,0.514269,0.863111,0.177206,-0.335909,-0.048157
49.4333,-0.095307,-0.399134,0.515650,0.863217,0.175675,-0.336918,-0.048462
49.4667,-0.089858,-0.414694,0.514557,0.863841,0.172895,-0.345071,-0.047253
49.5000,-0.086610,-0.421948,0.515646,0.859917,0.171745,-0.348116,-0.046435
49.5333,-0.082965,-0.425912,0.516382,0.860293,0.169791,-0.350201,-0.046556
49.5667,-0.079417,-0.426594,0.517297,0.861312,0.167734,-0.350753,-0.047248
49.6000,-0.075617,-0.426253,0.518476,0.862577,0.165547,-0.350788,-0.048154
49.6333,-0.071686,-0.422982,0.521349,0.867238,0.162759,-0.349700,-0.049932
49.6667,-0.068237,-0.421759,0.523450,0.871081,0.160275,-0.349543,-0.051124
49.7000,-0.064588,-0.420623,0.525366,0.875100,0.157677,-0.349488,-0.052351
49.7333,-0.062084,-0.418183,0.527488,0.881397,0.155306,-0.349041,-0.053813
49.7667,-0.059821,-0.415012,0.529392,0.888315,0.152973,-0.348331,-0.055377
49.8000,-0.058553,-0.408241,0.531557,0.902157,0.150061,-0.346730,-0.057916
49.8333,-0.057827,-0.406207,0.531998,0.908044,0.148756,-0.346529,-0.058883
49.8667,-0.060633,-0.397344,0.532997,0.917688,0.148651,-0.343230,-0.060621
49.9000,-0.062940,-0.390362,0.533662,0.921331,0.149244,-0.340077,-0.061615
49.9333,-0.067450,-0.374473,0.534947,0.937696,0.148953,-0.334029,-0.064597
49.9667,-0.071978,-0.365246,0.534379,0.946862,0.149906,-0.330501,-0.065916
50.0000,-0.077528,-0.355120,0.533588,0.954296,0.151668,-0.326233,-0.066989
50.0333,-0.085026,-0.337781,0.532767,0.969022,0.153278,-0.319160,-0.069231
50.0667,-0.092831,-0.325456,0.531603,0.972523,0.156826,-0.313101,-0.069699
50.1000,-0.101845,-0.310521,0.532406,0.968700,0.161997,-0.304432,-0.069528
50.1333,-0.112534,-0.300885,0.529726,0.983614,0.165323,-0.301265,-0.070148
50.1667,-0.121042,-0.295820,0.527358,0.987172,0.169286,-0.298984,-0.069541
50.2000,-0.129465,-0.294884,0.524621,0.988637,0.173552,-0.298590,-0.068276
50.2333,-0.137841,-0.290714,0.522130,0.991183,0.177580,-0.296628,-0.067404
50.2667,-0.146036,-0.286448,0.519172,0.995998,0.181182,-0.294959,-0.066762
50.3000,-0.154379,-0.280458,0.516531,0.999786,0.184974,-0.292203,-0.066125
50.3333,-0.160961,-0.279790,0.513378,1.004214,0.187838,-0.292432,-0.065375
50.3667,-0.169906,-0.271640,0.509493,1.016217,0.190704,-0.289685,-0.065592
50.4000,-0.176930,-0.269058,0.506852,1.016883,0.194297,-0.288324,-0.064488
50.4333,-0.183314,-0.265627,0.503985,1.019088,0.197320,-0.286765,-0.063705
50.4667,-0.190012,-0.256531,0.501762,1.023378,0.200088,-0.282422,-0.063582
50.5000,-0.195292,-0.249237,0.501023,1.022159,0.202888,-0.278231,-0.062965
50.5333,-0.201691,-0.243573,0.498525,1.026179,0.205564,-0.275670,-0.062502
50.5667,-0.206925,-0.242771,0.495578,1.030145,0.207748,-0.275756,-0.061883
50.6000,-0.210774,-0.242424,0.493667,1.031072,0.209634,-0.275663,-0.061170
50.6333,-0.214912,-0.240310,0.491581,1.033311,0.211454,-0.274808,-0.060682
50.6667,-0.220424,-0.237431,0.487804,1.040760,0.213238,-0.274285,-0.060484
50.7000,-0.224339,-0.237108,0.484596,1.044337,0.214818,-0.274647,-0.060006
50.7333,-0.227513,-0.237025,0.481332,1.048185,0.215986,-0.275212,-0.059687
50.7667,-0.230175,-0.237755,0.478494,1.050739,0.217081,-0.276030,-0.059274
50.8000,-0.232847,-0.237889,0.475758,1.052791,0.218237,-0.276456,-0.058838
50.8333,-0.235016,-0.238392,0.473602,1.054411,0.219194,-0.277000,-0.058470
50.8667,-0.236752,-0.238922,0.471476,1.056097,0.219913,-0.277584,-0.058180
50.9000,-0.238039,-0.239671,0.469962,1.057075,0.220492,-0.278167,-0.057910
50.9333,-0.238952,-0.240620,0.469070,1.057489,0.220954,-0.278767,-0.057649
50.9667,-0.240028,-0.241850,0.468111,1.057788,0.221504,-0.279482,-0.057303
51.0000,-0.241054,-0.242186,0.466697,1.058535,0.221956,-0.279797,-0.057104
51.0333,-0.242186,-0.241517,0.464865,1.059878,0.222394,-0.279712,-0.057011
51.0667,-0.243128,-0.240748,0.463088,1.061338,0.222715,-0.279593,-0.056984
51.1000,-0.243409,-0.240279,0.461922,1.062244,0.222764,-0.279547,-0.057026
51.1333,-0.243455,-0.239017,0.461531,1.062426,0.222754,-0.278915,-0.057123
51.1667,-0.243151,-0.237619,0.461205,1.062539,0.222563,-0.278232,-0.057281
51.2000,-0.242521,-0.236529,0.460863,1.062495,0.222228,-0.277718,-0.057438
51.2333,-0.241688,-0.235774,0.460491,1.062389,0.221819,-0.277389,-0.057623
51.2667,-0.240468,-0.234934,0.460181,1.062263,0.221217,-0.277025,-0.057907
51.3000,-0.238674,-0.233550,0.459506,1.061398,0.220475,-0.276362,-0.058245
51.3333,-0.236112,-0.232639,0.458403,1.060087,0.219440,-0.275968,-0.058675
51.3667,-0.233298,-0.231532,0.457493,1.058595,0.218288,-0.275444,-0.059143
51.4000,-0.230804,-0.230427,0.456686,1.057426,0.217253,-0.274935,-0.059606
51.4333,-0.228381,-0.229524,0.456300,1.056760,0.216140,-0.274547,-0.060072
51.4667,-0.225857,-0.228537,0.455663,1.055479,0.215100,-0.274073,-0.060517
51.5000,-0.223349,-0.228144,0.455018,1.054430,0.214035,-0.273939,-0.060928
51.5333,-0.220904,-0.227807,0.454450,1.053315,0.213005,-0.273814,-0.061307
51.5667,-0.218960,-0.227285,0.454200,1.052725,0.212125,-0.273597,-0.061663
51.6000,-0.217545,-0.226574,0.454211,1.052975,0.211370,-0.273325,-0.062103
51.6333,-0.216270,-0.225185,0.454338,1.053389,0.210663,-0.272692,-0.062569
51.6667,-0.215325,-0.224192,0.454363,1.053812,0.210117,-0.272275,-0.062889
51.7000,-0.214199,-0.223000,0.454442,1.054120,0.209470,-0.271730,-0.063222
51.7333,-0.213228,-0.221499,0.454566,1.053879,0.208967,-0.270935,-0.063436
51.7667,-0.211792,-0.220603,0.454232,1.052364,0.208492,-0.270415,-0.063571
51.8000,-0.210424,-0.219503,0.454039,1.050729,0.208053,-0.269730,-0.063726
51.8333,-0.209703,-0.219623,0.453783,1.049811,0.207846,-0.269747,-0.063742
51.8667,-0.209057,-0.219846,0.453433,1.048103,0.207811,-0.269730,-0.063651
51.9000,-0.208407,-0.220666,0.453062,1.046119,0.207818,-0.269996,-0.063467
51.9333,-0.207655,-0.222576,0.452567,1.044756,0.207711,-0.270930,-0.063322
51.9667,-0.207779,-0.224190,0.452195,1.044425,0.207867,-0.271798,-0.063114
52.0000,-0.208006,-0.225421,0.451841,1.043206,0.208198,-0.272296,-0.062829
52.0333,-0.208971,-0.226346,0.451512,1.041906,0.208921,-0.272609,-0.062420
52.0667,-0.210534,-0.226675,0.451287,1.041227,0.209874,-0.272646,-0.062027
52.1000,-0.212586,-0.227016,0.451024,1.040503,0.211048,-0.272656,-0.061507
52.1333,-0.214861,-0.227274,0.450766,1.039886,0.212314,-0.272620,-0.060970
52.1667,-0.217258,-0.227862,0.450442,1.039427,0.213618,-0.272782,-0.060388
52.2000,-0.219993,-0.228354,0.450109,1.038885,0.215099,-0.272856,-0.059717
52.2333,-0.222744,-0.228783,0.449792,1.038198,0.216591,-0.272873,-0.059000
52.2667,-0.225489,-0.229397,0.449447,1.037401,0.218096,-0.272980,-0.058249
52.3000,-0.228118,-0.229925,0.449139,1.036623,0.219542,-0.273044,-0.057550
52.3333,-0.230603,-0.230151,0.448909,1.035831,0.220907,-0.272943,-0.056900
52.3667,-0.232898,-0.230478,0.448688,1.035142,0.222163,-0.272925,-0.056297
52.4000,-0.235367,-0.230587,0.448500,1.034485,0.223507,-0.272777,-0.055689
52.4333,-0.237880,-0.230064,0.448439,1.033967,0.224841,-0.272293,-0.055158
52.4667,-0.240681,-0.228878,0.448571,1.034060,0.226153,-0.271516,-0.054678
52.5000,-0.243433,-0.227784,0.448747,1.035101,0.227325,-0.270888,-0.054288
52.5333,-0.245498,-0.227582,0.448657,1.034865,0.228412,-0.270635,-0.053804
52.5667,-0.247797,-0.227355,0.448612,1.035382,0.229437,-0.270451,-0.053395
52.6000,-0.249968,-0.227200,0.448547,1.035786,0.230440,-0.270294,-0.052961
52.6333,-0.251881,-0.227140,0.448428,1.035576,0.231443,-0.270132,-0.052492
52.6667,-0.254114,-0.226787,0.448386,1.035889,0.232462,-0.269856,-0.052070
52.7000,-0.256263,-0.226397,0.448346,1.036241,0.233459,-0.269568,-0.051659
52.7333,-0.258202,-0.225983,0.448317,1.036793,0.234326,-0.269302,-0.051327
52.7667,-0.260204,-0.225419,0.448295,1.037299,0.235223,-0.268946,-0.050978
52.8000,-0.261765,-0.225097,0.448233,1.037214,0.236016,-0.268670,-0.050619
52.8333,-0.263144,-0.224949,0.448156,1.037129,0.236694,-0.268507,-0.050288
52.8667,-0.264316,-0.224790,0.448101,1.037054,0.237270,-0.268347,-0.050013
52.9000,-0.265260,-0.224580,0.448077,1.036959,0.237732,-0.268166,-0.049787
52.9333,-0.265919,-0.224211,0.448111,1.036834,0.238051,-0.267909,-0.049635
52.9667,-0.266161,-0.224280,0.448102,1.036649,0.238171,-0.267913,-0.049511
53.0000,-0.265974,-0.224272,0.448148,1.036295,0.238101,-0.267867,-0.049471
53.0333,-0.265239,-0.224195,0.448302,1.035282,0.237874,-0.267735,-0.049505
53.0667,-0.263787,-0.224666,0.448510,1.033478,0.237426,-0.267835,-0.049576
53.1000,-0.261976,-0.224528,0.448943,1.031735,0.236775,-0.267622,-0.049796
53.1333,-0.259649,-0.224913,0.449521,1.029017,0.236018,-0.267584,-0.049978
53.1667,-0.257026,-0.224681,0.450223,1.027314,0.234942,-0.267348,-0.050389
53.2000,-0.253637,-0.224515,0.451226,1.024895,0.233595,-0.267079,-0.050908
53.2333,-0.249418,-0.225217,0.452477,1.021159,0.232029,-0.267130,-0.051379
53.2667,-0.244230,-0.225851,0.454011,1.018048,0.229882,-0.267248,-0.052156
53.3000,-0.238134,-0.226151,0.455888,1.014104,0.227374,-0.267104,-0.053036
53.3333,-0.231293,-0.226771,0.457941,1.011067,0.224368,-0.267259,-0.054185
53.3667,-0.223413,-0.227812,0.460165,1.007189,0.220952,-0.267567,-0.055385
53.4000,-0.215863,-0.227828,0.462748,1.003702,0.217609,-0.267323,-0.056650
53.4333,-0.207801,-0.225818,0.466038,0.999004,0.214105,-0.265819,-0.057987
53.4667,-0.199747,-0.226159,0.469014,0.995919,0.210422,-0.265765,-0.059354
53.5000,-0.190186,-0.228746,0.472287,0.990500,0.206333,-0.266641,-0.060554
53.5333,-0.181166,-0.228404,0.475802,0.987793,0.202042,-0.266249,-0.062154
53.5667,-0.171842,-0.227596,0.479585,0.983694,0.197766,-0.265417,-0.063624
53.6000,-0.161411,-0.226925,0.483018,0.982131,0.192564,-0.265045,-0.065556
53.6333,-0.146834,-0.231036,0.487735,0.973412,0.186332,-0.266350,-0.067105
53.6667,-0.136254,-0.231414,0.491904,0.970353,0.181213,-0.266235,-0.068738
53.7000,-0.125889,-0.232898,0.496589,0.964317,0.176624,-0.266251,-0.069894
53.7333,-0.114443,-0.231183,0.500938,0.962543,0.170798,-0.265188,-0.071838
53.7667,-0.101438,-0.234642,0.506576,0.953230,0.165303,-0.265803,-0.072884
53.8000,-0.090870,-0.238808,0.511439,0.945553,0.160815,-0.266933,-0.073570
53.8333,-0.079675,-0.245211,0.517419,0.929280,0.157257,-0.268025,-0.073248
53.8667,-0.071350,-0.250310,0.523164,0.917235,0.154493,-0.268839,-0.073008
53.9000,-0.062689,-0.268562,0.527462,0.899313,0.152591,-0.275812,-0.071231
53.9333,-0.055729,-0.291286,0.531603,0.870996,0.153073,-0.283561,-0.067533
53.9667,-0.051943,-0.298633,0.538406,0.858495,0.152526,-0.285002,-0.066400
54.0000,-0.051915,-0.318865,0.544445,0.818015,0.157927,-0.289094,-0.060290
54.0333,-0.054112,-0.330600,0.551982,0.790842,0.162225,-0.290257,-0.056051
54.0667,-0.056646,-0.342443,0.558095,0.771244,0.165640,-0.292565,-0.052517
54.1000,-0.057577,-0.364026,0.564818,0.730975,0.170793,-0.296667,-0.045747
54.1333,-0.061374,-0.388818,0.570729,0.700150,0.175992,-0.303384,-0.039187
54.1667,-0.075359,-0.393276,0.578946,0.675652,0.184879,-0.300252,-0.033583
54.2000,-0.088750,-0.391554,0.590266,0.638286,0.194243,-0.291832,-0.026829
54.2333,-0.096227,-0.400831,0.593866,0.643634,0.196950,-0.296164,-0.025720
54.2667,-0.114315,-0.399487,0.601068,0.621020,0.206908,-0.290266,-0.019450
54.3000,-0.146249,-0.413547,0.604641,0.558184,0.226739,-0.285339,-0.002361
54.3333,-0.182956,-0.465151,0.600446,0.438110,0.251359,-0.289323,0.030270
54.3667,-0.206802,-0.481456,0.596096,0.427518,0.262254,-0.293969,0.039940
54.4000,-0.228995,-0.510667,0.594433,0.392227,0.272896,-0.299995,0.054639
54.4333,-0.245403,-0.563698,0.590253,0.250654,0.282650,-0.300026,0.089098
54.4667,-0.259417,-0.597947,0.589763,0.176643,0.287453,-0.301402,0.109422
54.5000,-0.270333,-0.618536,0.591020,0.153170,0.290649,-0.304721,0.118577
54.5333,-0.282389,-0.643747,0.593691,0.102361,0.293092,-0.305153,0.133013
54.5667,-0.291516,-0.653216,0.595235,0.098256,0.295688,-0.307090,0.137153
54.6000,-0.302151,-0.664592,0.598887,0.106019,0.298910,-0.311107,0.139653
54.6333,-0.312150,-0.670237,0.600786,0.109643,0.301981,-0.312700,0.142330
54.6667,-0.321361,-0.674936,0.602979,0.106258,0.304419,-0.312850,0.145873
54.7000,-0.329245,-0.679345,0.605458,0.101971,0.306402,-0.312821,0.149059
54.7333,-0.336672,-0.683534,0.607928,0.095322,0.308109,-0.312369,0.152484
54.7667,-0.342890,-0.686193,0.611282,0.096864,0.309779,-0.312634,0.153824
54.8000,-0.348598,-0.689024,0.614421,0.097895,0.311203,-0.312939,0.155227
54.8333,-0.352978,-0.690896,0.615174,0.096369,0.312368,-0.312914,0.157007
54.8667,-0.358255,-0.694319,0.617788,0.090575,0.313325,-0.312462,0.159478
54.9000,-0.364751,-0.699870,0.621678,0.071008,0.313869,-0.310340,0.164596
54.9333,-0.370249,-0.706868,0.625047,0.050713,0.313989,-0.308774,0.169771
54.9667,-0.373950,-0.708584,0.628547,0.043992,0.314304,-0.307570,0.171588
55.0000,-0.376053,-0.711636,0.631858,0.040413,0.314360,-0.307495,0.172592
55.0333,-0.378016,-0.719019,0.635525,0.030950,0.313928,-0.307992,0.174940
55.0667,-0.379135,-0.726590,0.639033,0.019593,0.313116,-0.308335,0.177376
55.1000,-0.379470,-0.730901,0.641713,0.013278,0.312464,-0.308483,0.178554
55.1333,-0.377547,-0.732816,0.643935,0.014873,0.311844,-0.309329,0.177477
55.1667,-0.374937,-0.738207,0.646926,0.015423,0.310783,-0.311079,0.176833
55.2000,-0.372753,-0.736145,0.650836,0.015059,0.309748,-0.309921,0.175245
55.2333,-0.371251,-0.735852,0.655732,0.016731,0.308993,-0.309646,0.173726
55.2667,-0.369529,-0.734573,0.660983,0.018829,0.308112,-0.309008,0.171844
55.3000,-0.367024,-0.734710,0.663843,0.019230,0.307051,-0.308961,0.170542
55.3333,-0.364398,-0.737162,0.665690,0.020961,0.306206,-0.310144,0.169479
55.3667,-0.361491,-0.738948,0.669631,0.025502,0.305258,-0.311172,0.167512
55.4000,-0.359316,-0.737854,0.674356,0.028496,0.304302,-0.310846,0.165489
55.4333,-0.357385,-0.735266,0.679492,0.033618,0.303521,-0.310266,0.162943
55.4667,-0.355930,-0.730896,0.686471,0.045980,0.303021,-0.309938,0.158945
55.5000,-0.354012,-0.727175,0.692861,0.063407,0.302674,-0.310770,0.154190
55.5333,-0.352650,-0.723759,0.698392,0.077019,0.302315,-0.311164,0.150389
55.5667,-0.352528,-0.722944,0.700961,0.082658,0.302274,-0.311484,0.148953
55.6000,-0.354245,-0.720609,0.703318,0.084695,0.302624,-0.310531,0.148495
55.6333,-0.356544,-0.718235,0.705395,0.087675,0.303261,-0.309711,0.148077
55.6667,-0.359197,-0.716014,0.707188,0.090427,0.304015,-0.308913,0.147875
55.7000,-0.363703,-0.711380,0.710045,0.096334,0.305362,-0.307454,0.147291
55.7333,-0.370560,-0.689984,0.719392,0.126366,0.307880,-0.302618,0.140676
55.7667,-0.376287,-0.675637,0.725474,0.160070,0.310402,-0.301420,0.134567
55.8000,-0.382960,-0.662823,0.729906,0.180206,0.312795,-0.298647,0.131325
55.8333,-0.389708,-0.650319,0.733561,0.186477,0.314801,-0.293755,0.130434
55.8667,-0.396954,-0.633198,0.738934,0.216270,0.317549,-0.290542,0.125343
55.9000,-0.400626,-0.625715,0.741051,0.248526,0.319485,-0.292255,0.120337
55.9333,-0.403583,-0.624164,0.740667,0.252803,0.320651,-0.292133,0.120456
55.9667,-0.407193,-0.622249,0.740148,0.254281,0.321913,-0.291352,0.121244
56.0000,-0.410309,-0.618615,0.740447,0.256056,0.322957,-0.289860,0.121496
56.0333,-0.413612,-0.615149,0.740640,0.255890,0.323985,-0.288108,0.122177
56.0667,-0.416463,-0.611605,0.741078,0.252131,0.324701,-0.285741,0.123256
56.1000,-0.418256,-0.611488,0.740714,0.245845,0.325079,-0.284559,0.124884
56.1333,-0.419577,-0.611969,0.740382,0.242311,0.325456,-0.284113,0.125927
56.1667,-0.420563,-0.613135,0.739953,0.237317,0.325637,-0.283746,0.127221
56.2000,-0.420539,-0.614534,0.740099,0.228828,0.325345,-0.282928,0.128641
56.2333,-0.420087,-0.613042,0.741339,0.224446,0.324876,-0.281500,0.128864
56.2667,-0.417955,-0.611401,0.743291,0.229685,0.324254,-0.281628,0.126822
56.3000,-0.415618,-0.609545,0.745445,0.240468,0.323593,-0.282549,0.123907
56.3333,-0.412184,-0.607695,0.747718,0.249838,0.322497,-0.283327,0.120844
56.3667,-0.407376,-0.606640,0.749670,0.274005,0.321355,-0.287026,0.115186
56.4000,-0.402667,-0.599758,0.752911,0.302615,0.320022,-0.288918,0.108101
56.4333,-0.397073,-0.599857,0.753715,0.318118,0.318298,-0.291934,0.103874
56.4667,-0.390623,-0.596217,0.755102,0.344281,0.316185,-0.295195,0.097344
56.5000,-0.383939,-0.585274,0.757026,0.398050,0.313763,-0.300062,0.085774
56.5333,-0.375800,-0.568332,0.759472,0.456763,0.310024,-0.303257,0.072441
56.5667,-0.361792,-0.549754,0.762516,0.504965,0.303360,-0.304196,0.058845
56.6000,-0.349585,-0.535708,0.762691,0.533248,0.297686,-0.303730,0.049683
56.6333,-0.331004,-0.512694,0.766347,0.580140,0.287962,-0.302412,0.034853
56.6667,-0.311781,-0.474793,0.771374,0.626019,0.276932,-0.293497,0.018784
56.7000,-0.291093,-0.443708,0.775970,0.653817,0.265672,-0.284416,0.006116
56.7333,-0.271990,-0.437829,0.776861,0.661672,0.256598,-0.284133,-0.000360
56.7667,-0.253692,-0.437216,0.776365,0.658331,0.248602,-0.284493,-0.004251
56.8000,-0.233069,-0.434885,0.777287,0.657696,0.239236,-0.284460,-0.009338
56.8333,-0.204935,-0.420456,0.780207,0.679987,0.224335,-0.282668,-0.020139
56.8667,-0.179077,-0.406995,0.783718,0.689814,0.210963,-0.278841,-0.028182
56.9000,-0.155818,-0.402382,0.787472,0.693757,0.199129,-0.278072,-0.033873
56.9333,-0.133858,-0.400012,0.787857,0.683928,0.189403,-0.276296,-0.036845
56.9667,-0.111882,-0.399349,0.788601,0.679899,0.179140,-0.276259,-0.040375
57.0000,-0.088297,-0.401772,0.790301,0.689128,0.166724,-0.279880,-0.045482
57.0333,-0.067633,-0.397375,0.794081,0.692084,0.155826,-0.278654,-0.049546
57.0667,-0.047412,-0.396132,0.797012,0.694732,0.145231,-0.278950,-0.053010
57.1000,-0.027448,-0.402510,0.795389,0.708497,0.134151,-0.285323,-0.056812
57.1333,-0.007269,-0.406673,0.795249,0.720325,0.122786,-0.290070,-0.060314
57.1667,0.011319,-0.409968,0.794768,0.721858,0.113242,-0.292563,-0.062157
57.2000,0.028099,-0.408783,0.796340,0.726390,0.104031,-0.293052,-0.064643
57.2333,0.044281,-0.405177,0.793934,0.746090,0.093749,-0.295264,-0.068362
57.2667,0.058803,-0.398842,0.792905,0.755838,0.085231,-0.294193,-0.071032
57.3000,0.071242,-0.392906,0.794196,0.756199,0.078612,-0.291400,-0.072490
57.3333,0.077496,-0.400919,0.789625,0.754986,0.076040,-0.295815,-0.071965
57.3667,0.080756,-0.405276,0.785236,0.762159,0.073973,-0.299745,-0.072476
57.4000,0.088279,-0.403713,0.775929,0.802248,0.065871,-0.306782,-0.076170
57.4333,0.087152,-0.390568,0.768080,0.823260,0.064526,-0.304456,-0.078763
57.4667,0.081663,-0.392503,0.757479,0.835888,0.066794,-0.308524,-0.078861
57.5000,0.075204,-0.393635,0.748721,0.839913,0.070539,-0.310546,-0.078310
57.5333,0.067996,-0.396419,0.739628,0.844745,0.074585,-0.313550,-0.077583
57.5667,0.059989,-0.394908,0.731553,0.847375,0.079247,-0.313891,-0.077046
57.6000,0.049793,-0.393533,0.726549,0.845457,0.085385,-0.313190,-0.076049
57.6333,0.040428,-0.395922,0.719458,0.846903,0.090793,-0.315156,-0.074852
57.6667,0.030035,-0.390659,0.711021,0.853519,0.096149,-0.314195,-0.074666
57.7000,0.018453,-0.387193,0.703733,0.855169,0.102685,-0.313170,-0.073757
57.7333,0.005741,-0.382741,0.695425,0.858753,0.109613,-0.312008,-0.072863
57.7667,-0.005499,-0.370894,0.688107,0.866417,0.115089,-0.307659,-0.073202
57.8000,-0.016341,-0.363810,0.683915,0.865101,0.121302,-0.303969,-0.072389
57.8333,-0.028558,-0.358313,0.679438,0.863341,0.128277,-0.300977,-0.071070
57.8667,-0.039777,-0.346435,0.674868,0.864944,0.134239,-0.295285,-0.070652
57.9000,-0.049758,-0.332828,0.671415,0.866958,0.139381,-0.288676,-0.070536
57.9333,-0.062079,-0.325048,0.665440,0.876724,0.144892,-0.286377,-0.070220
57.9667,-0.073549,-0.322300,0.660416,0.877143,0.151131,-0.285126,-0.068625
58.0000,-0.086650,-0.314049,0.654798,0.884042,0.157334,-0.282017,-0.067799
58.0333,-0.096960,-0.305010,0.649867,0.891766,0.161914,-0.278636,-0.067507
58.0667,-0.108244,-0.298113,0.645307,0.894796,0.167569,-0.275541,-0.066351
58.1000,-0.118668,-0.288755,0.641655,0.898815,0.172538,-0.271245,-0.065587
58.1333,-0.129449,-0.287756,0.637801,0.897408,0.178447,-0.270433,-0.063487
58.1667,-0.139312,-0.285083,0.633858,0.900181,0.183337,-0.269421,-0.062122
58.2000,-0.147035,-0.284503,0.629815,0.903106,0.187132,-0.269605,-0.060931
58.2333,-0.154141,-0.282703,0.625339,0.909678,0.190164,-0.269764,-0.060331
58.2667,-0.161625,-0.279348,0.621098,0.914514,0.193557,-0.268809,-0.059544
58.3000,-0.167697,-0.279135,0.618672,0.913907,0.196844,-0.268554,-0.058238
58.3333,-0.173147,-0.276948,0.615400,0.916018,0.199495,-0.267791,-0.057442
58.3667,-0.177761,-0.275898,0.613485,0.915748,0.201954,-0.267168,-0.056510
58.4000,-0.183188,-0.272886,0.609768,0.922887,0.203968,-0.266750,-0.056352
58.4333,-0.187407,-0.271142,0.605829,0.928018,0.205654,-0.266771,-0.056057
58.4667,-0.191156,-0.269945,0.602562,0.930756,0.207378,-0.266681,-0.055579
58.5000,-0.194290,-0.268902,0.600118,0.932059,0.208922,-0.266409,-0.055072
58.5333,-0.196526,-0.267800,0.597864,0.933483,0.209987,-0.266152,-0.054764
58.5667,-0.198710,-0.266294,0.595040,0.936620,0.210842,-0.265991,-0.054680
58.6000,-0.200232,-0.265787,0.593499,0.937754,0.211559,-0.265966,-0.054497
58.6333,-0.201500,-0.263459,0.590265,0.943443,0.211631,-0.265829,-0.054922
58.6667,-0.201333,-0.265224,0.589176,0.944415,0.211524,-0.267042,-0.054908
58.7000,-0.201136,-0.265702,0.588350,0.944815,0.211422,-0.267413,-0.054896
58.7333,-0.201214,-0.266051,0.587518,0.945371,0.211471,-0.267754,-0.054920
58.7667,-0.201220,-0.266572,0.586661,0.946170,0.211445,-0.268231,-0.054966
58.8000,-0.201319,-0.266207,0.584504,0.948849,0.211284,-0.268619,-0.055193
58.8333,-0.201134,-0.265777,0.582382,0.951681,0.210961,-0.269023,-0.055513
58.8667,-0.201001,-0.265508,0.580206,0.954045,0.210723,-0.269443,-0.055738
58.9000,-0.200536,-0.266560,0.577771,0.957263,0.210251,-0.270717,-0.056053
58.9333,-0.200430,-0.267137,0.575355,0.959731,0.210034,-0.271611,-0.056213
58.9667,-0.200375,-0.268079,0.573608,0.961471,0.209909,-0.272527,-0.056303
59.0000,-0.200290,-0.269276,0.571799,0.963323,0.209756,-0.273596,-0.056379
59.0333,-0.199953,-0.270048,0.570887,0.964034,0.209546,-0.274222,-0.056410
59.0667,-0.200114,-0.270508,0.569972,0.964247,0.209658,-0.274563,-0.056294
59.1000,-0.200418,-0.270258,0.569191,0.964536,0.209835,-0.274526,-0.056289
59.1333,-0.200990,-0.270112,0.568363,0.964828,0.210141,-0.274545,-0.056190
59.1667,-0.201663,-0.270226,0.567476,0.965080,0.210500,-0.274695,-0.056029
59.2000,-0.202587,-0.269975,0.566639,0.965283,0.210993,-0.274621,-0.055862
59.2333,-0.203600,-0.269667,0.565811,0.965446,0.211525,-0.274509,-0.055663
59.2667,-0.204911,-0.269116,0.564274,0.966604,0.212104,-0.274470,-0.055532
59.3000,-0.206774,-0.268132,0.561316,0.970372,0.212689,-0.274675,-0.055536
59.3333,-0.208810,-0.266857,0.557620,0.975462,0.213219,-0.274971,-0.055650
59.3667,-0.210677,-0.266002,0.554536,0.979217,0.213820,-0.275249,-0.055660
59.4000,-0.212362,-0.265565,0.551358,0.982778,0.214357,-0.275731,-0.055629
59.4333,-0.214309,-0.264786,0.548201,0.986194,0.215037,-0.275996,-0.055560
59.4667,-0.215932,-0.264660,0.545696,0.988625,0.215663,-0.276420,-0.055430
59.5000,-0.217601,-0.265051,0.543075,0.990990,0.216325,-0.277110,-0.055220
59.5333,-0.218961,-0.264889,0.540598,0.993297,0.216826,-0.277505,-0.055118
59.5667,-0.220644,-0.263611,0.537546,0.996808,0.217334,-0.277517,-0.055153
59.6000,-0.222578,-0.260957,0.534000,1.000836,0.217894,-0.276908,-0.055270
59.6333,-0.224113,-0.260474,0.531593,1.002330,0.218581,-0.277003,-0.055066
59.6667,-0.225477,-0.259943,0.529242,1.004341,0.219111,-0.277147,-0.054978
59.7000,-0.226508,-0.259365,0.528460,1.004412,0.219662,-0.276862,-0.054769
59.7333,-0.227337,-0.258818,0.526223,1.006272,0.219914,-0.277001,-0.054771
59.7667,-0.229150,-0.256296,0.522826,1.010876,0.220321,-0.276519,-0.054997
59.8000,-0.231049,-0.254694,0.519958,1.013537,0.221023,-0.276199,-0.054919
59.8333,-0.232046,-0.254304,0.519164,1.013518,0.221566,-0.276004,-0.054680
59.8667,-0.232907,-0.255282,0.515917,1.017314,0.221641,-0.277288,-0.054772
59.9000,-0.232588,-0.256813,0.513365,1.020277,0.221223,-0.278744,-0.054973
59.9333,-0.232412,-0.261046,0.509418,1.024565,0.220783,-0.281912,-0.055000
59.9667,-0.231599,-0.267230,0.506673,1.026756,0.220274,-0.285747,-0.054766
60.0000,-0.230110,-0.273236,0.503978,1.028634,0.219457,-0.289473,-0.054627
60.0333,-0.229082,-0.275528,0.502780,1.029392,0.218899,-0.290983,-0.054654
60.0667,-0.227714,-0.278288,0.500659,1.029423,0.218342,-0.292653,-0.054554
60.1000,-0.223926,-0.284634,0.494680,1.021715,0.217967,-0.295723,-0.053627
60.1333,-0.220655,-0.287902,0.491198,1.018230,0.217064,-0.297484,-0.053456
60.1667,-0.217398,-0.291893,0.487969,1.014523,0.216192,-0.299567,-0.053185
60.2000,-0.214181,-0.294237,0.486293,1.013645,0.214821,-0.301011,-0.053447
60.2333,-0.209921,-0.294514,0.484804,1.011727,0.213061,-0.301286,-0.054030
60.2667,-0.206394,-0.294298,0.483932,1.010238,0.211554,-0.301256,-0.054555
60.3000,-0.199459,-0.297391,0.481879,1.001691,0.209500,-0.302335,-0.054618
60.3333,-0.192807,-0.300763,0.480696,0.995247,0.207213,-0.303723,-0.054825
60.3667,-0.181579,-0.306236,0.480358,0.982670,0.203521,-0.305559,-0.055064
60.4000,-0.171146,-0.309107,0.481034,0.978856,0.198808,-0.307017,-0.056366
60.4333,-0.161105,-0.313107,0.481613,0.975770,0.194195,-0.309131,-0.057540
60.4667,-0.155551,-0.314220,0.482374,0.973961,0.191626,-0.309671,-0.058303
60.5000,-0.148773,-0.317233,0.483362,0.967431,0.189143,-0.310608,-0.058555
60.5333,-0.143979,-0.319347,0.484186,0.965474,0.186969,-0.311588,-0.059020
60.5667,-0.139760,-0.319995,0.485108,0.964676,0.184896,-0.311924,-0.059662
60.6000,-0.135737,-0.321593,0.485818,0.963276,0.183019,-0.312676,-0.060063
60.6333,-0.131537,-0.324046,0.486630,0.959959,0.181351,-0.313616,-0.060213
60.6667,-0.128220,-0.326073,0.487029,0.960394,0.179586,-0.314831,-0.060663
60.7000,-0.125960,-0.326006,0.487719,0.962907,0.178060,-0.315182,-0.061504
60.7333,-0.124653,-0.326324,0.488141,0.964950,0.177047,-0.315625,-0.061915
60.7667,-0.124116,-0.326387,0.488469,0.966407,0.176521,-0.315835,-0.062153
60.8000,-0.123876,-0.326360,0.488627,0.967070,0.176282,-0.315905,-0.062284
60.8333,-0.124164,-0.325839,0.488819,0.967273,0.176386,-0.315616,-0.062299
60.8667,-0.124744,-0.325291,0.488981,0.967087,0.176693,-0.315258,-0.062210
60.9000,-0.125515,-0.324491,0.489177,0.966577,0.177148,-0.314715,-0.062095
60.9333,-0.126492,-0.324479,0.489191,0.966125,0.177720,-0.314618,-0.061874
60.9667,-0.127636,-0.323771,0.489339,0.965341,0.178412,-0.314067,-0.061664
61.0000,-0.128664,-0.323459,0.489428,0.964479,0.179055,-0.313741,-0.061407
61.0333,-0.129295,-0.323041,0.489594,0.963708,0.179477,-0.313377,-0.061268
61.0667,-0.129893,-0.322210,0.489864,0.962705,0.179910,-0.312752,-0.061140
61.1000,-0.130429,-0.320636,0.490722,0.959584,0.180598,-0.311444,-0.060928
61.1333,-0.131332,-0.318847,0.491466,0.957200,0.181367,-0.310091,-0.060722
61.1667,-0.131779,-0.315760,0.492616,0.954918,0.181867,-0.308070,-0.060780
61.2000,-0.131550,-0.312632,0.493927,0.953107,0.181939,-0.306103,-0.061013
61.2333,-0.131269,-0.308965,0.495079,0.952213,0.181852,-0.303932,-0.061431
61.2667,-0.130758,-0.305138,0.496319,0.951593,0.181599,-0.301779,-0.061913
61.3000,-0.130409,-0.298968,0.498454,0.952185,0.181218,-0.298554,-0.062795
61.3333,-0.130010,-0.293838,0.500714,0.954112,0.180552,-0.295940,-0.063635
61.3667,-0.129532,-0.287275,0.503232,0.956165,0.179808,-0.292576,-0.064651
61.4000,-0.135107,-0.275788,0.506156,0.977619,0.179119,-0.288832,-0.067153
61.4333,-0.137106,-0.267556,0.507202,0.991148,0.177933,-0.286092,-0.069005
61.4667,-0.142324,-0.256711,0.507155,1.004737,0.178403,-0.281933,-0.070425
61.5000,-0.140813,-0.248014,0.508235,0.999238,0.178284,-0.276625,-0.070629
61.5333,-0.139836,-0.237544,0.509933,1.001052,0.177366,-0.271263,-0.071942
61.5667,-0.138813,-0.232602,0.510795,0.999706,0.176908,-0.268448,-0.072211
61.6000,-0.137635,-0.228190,0.511850,0.990910,0.177545,-0.264975,-0.071713
61.6333,-0.136715,-0.215580,0.514722,0.988536,0.177159,-0.257814,-0.072496
61.6667,-0.134605,-0.213805,0.515471,0.988903,0.175925,-0.256925,-0.073022
61.7000,-0.134242,-0.213554,0.515711,0.989629,0.175675,-0.256911,-0.073263
61.7333,-0.133789,-0.212442,0.516122,0.989596,0.175381,-0.256278,-0.073325
61.7667,-0.134827,-0.207695,0.517485,0.986056,0.176294,-0.253175,-0.072951
61.8000,-0.132701,-0.183238,0.523315,0.981489,0.175280,-0.239253,-0.074097
61.8333,-0.134423,-0.170991,0.526471,0.977577,0.176341,-0.231937,-0.073739
61.8667,-0.134381,-0.121826,0.540723,0.974630,0.175075,-0.204249,-0.074557
61.9000,-0.135619,-0.112164,0.543972,0.972394,0.175594,-0.198503,-0.074044
61.9333,-0.141323,-0.103224,0.546641,0.969356,0.178505,-0.192901,-0.072702
61.9667,-0.148606,-0.095305,0.551849,0.980280,0.179978,-0.189161,-0.072894
62.0000,-0.165147,-0.104468,0.551839,0.963822,0.190542,-0.191226,-0.067708
62.0333,-0.173738,-0.135949,0.552520,0.926300,0.200557,-0.202628,-0.061127
62.0667,-0.182632,-0.157596,0.554414,0.905723,0.207911,-0.210656,-0.056413
62.1000,-0.177363,-0.155313,0.565239,0.883608,0.207361,-0.205775,-0.054693
62.1333,-0.168973,-0.159111,0.580404,0.833152,0.208454,-0.200109,-0.049463
62.1667,-0.179472,-0.156779,0.587152,0.837077,0.212366,-0.198014,-0.048291
62.2000,-0.180424,-0.160438,0.595583,0.822840,0.213747,-0.197030,-0.046081
62.2333,-0.185163,-0.169792,0.600025,0.814261,0.216761,-0.199895,-0.043954
62.2667,-0.186919,-0.192987,0.605684,0.782506,0.221081,-0.206746,-0.038815
62.3000,-0.191878,-0.198397,0.607510,0.784413,0.223218,-0.209204,-0.038240
62.3333,-0.194244,-0.204851,0.611228,0.779941,0.224502,-0.211274,-0.036964
62.3667,-0.199102,-0.212953,0.615699,0.773195,0.227224,-0.213615,-0.034973
62.4000,-0.200322,-0.210563,0.619865,0.773906,0.227327,-0.211914,-0.035150
62.4333,-0.203019,-0.207302,0.628178,0.789729,0.226113,-0.211226,-0.037430
62.4667,-0.202578,-0.205103,0.634185,0.798659,0.224379,-0.210632,-0.039180
62.5000,-0.206863,-0.206108,0.637744,0.803521,0.225542,-0.211136,-0.039099
62.5333,-0.207526,-0.207986,0.638245,0.804260,0.225781,-0.212126,-0.039056
62.5667,-0.206504,-0.209423,0.639134,0.805731,0.225093,-0.213006,-0.039560
62.6000,-0.212207,-0.214460,0.640995,0.815532,0.226686,-0.216350,-0.039733
62.6333,-0.213256,-0.218329,0.640604,0.816475,0.227219,-0.218506,-0.039524
62.6667,-0.216796,-0.214903,0.643645,0.837847,0.226268,-0.219141,-0.042121
62.7000,-0.196752,-0.218291,0.648926,0.825255,0.217738,-0.219648,-0.044632
62.7333,-0.185895,-0.213836,0.653836,0.837673,0.210769,-0.219173,-0.049065
62.7667,-0.191649,-0.200907,0.655947,0.869927,0.209439,-0.216567,-0.052740
62.8000,-0.189326,-0.187043,0.657545,0.890650,0.205477,-0.212302,-0.056283
62.8333,-0.185265,-0.181871,0.657348,0.898645,0.202484,-0.210989,-0.058214
62.8667,-0.182606,-0.182305,0.655781,0.904964,0.200598,-0.212413,-0.059526
62.9000,-0.181549,-0.183995,0.654566,0.904147,0.200263,-0.213361,-0.059417
62.9333,-0.186685,-0.188819,0.651701,0.901924,0.203360,-0.215584,-0.057946
62.9667,-0.194149,-0.210468,0.643483,0.887692,0.209799,-0.225242,-0.053793
63.0000,-0.198732,-0.214691,0.641179,0.885656,0.212531,-0.227132,-0.052386
63.0333,-0.213776,-0.232176,0.633783,0.887137,0.220623,-0.236321,-0.048684
63.0667,-0.224007,-0.214259,0.630232,0.927610,0.220675,-0.232647,-0.052371
63.1000,-0.232524,-0.204146,0.624129,0.946268,0.222758,-0.230169,-0.053085
63.1333,-0.245059,-0.224614,0.612854,0.925535,0.232516,-0.238268,-0.046229
63.1667,-0.237373,-0.220845,0.614986,0.868048,0.235180,-0.228410,-0.040289
63.2000,-0.252620,-0.242304,0.615417,0.779631,0.251712,-0.225961,-0.022861
63.2333,-0.246982,-0.187711,0.638680,0.823443,0.241356,-0.201987,-0.033323
63.2667,-0.185086,-0.110883,0.684262,0.735487,0.214776,-0.149969,-0.032914
63.3000,-0.160667,-0.031490,0.728062,0.734101,0.196714,-0.106482,-0.033216
63.3333,-0.181610,-0.033261,0.736032,0.753999,0.203121,-0.107682,-0.032976
63.4333,-0.262452,0.031794,0.744930,0.829830,0.226610,-0.079082,-0.023100
63.4667,-0.262341,0.135131,0.780574,0.827352,0.215576,-0.024536,-0.009089
63.5000,-0.243407,0.208741,0.824224,0.737942,0.203336,0.021993,0.018009
63.5333,-0.217017,0.261462,0.877658,0.642968,0.187922,0.056472,0.044794
