t_s,q_pitch,q_roll,q_yaw,q_elbow,target_x,target_y,target_z
2.8333,0.091341,-0.161441,0.044524,0.985649,0.071529,-0.292302,-0.099190
2.8667,0.044022,-0.112973,-0.149107,1.043910,0.086056,-0.287068,-0.096461
2.9000,-0.001393,-0.105450,-0.141080,1.121933,0.094527,-0.279764,-0.101208
2.9333,-0.051642,-0.082044,-0.348823,1.165325,0.108423,-0.282161,-0.099891
2.9667,-0.098324,-0.075955,-0.422149,1.184209,0.127659,-0.281902,-0.096929
3.0000,-0.136273,-0.065370,-0.504686,1.180637,0.145684,-0.281220,-0.091934
3.0333,-0.166030,-0.053617,-0.563069,1.221064,0.152067,-0.273688,-0.092665
3.0667,-0.200353,-0.049745,-0.638597,1.249002,0.162630,-0.271637,-0.090965
3.1000,-0.238796,-0.049010,-0.809360,1.314979,0.166307,-0.268825,-0.092123
3.1333,-0.264433,-0.056449,-0.916007,1.367176,0.169182,-0.266940,-0.092421
3.1667,-0.295181,-0.072861,-1.180940,1.457666,0.169321,-0.262453,-0.094089
3.2000,-0.297075,-0.085318,-1.361741,1.504597,0.166990,-0.259802,-0.096443
3.2333,-0.301403,-0.089589,-1.252814,1.505069,0.171833,-0.260945,-0.096454
3.2667,-0.307431,-0.090461,-1.323845,1.504890,0.174889,-0.261575,-0.095511
3.3000,-0.319010,-0.096896,-1.270707,1.505017,0.181897,-0.264210,-0.093451
3.3333,-0.319351,-0.100151,-1.196620,1.505053,0.183044,-0.265179,-0.092846
3.3667,-0.328184,-0.090782,-1.433209,1.504659,0.184726,-0.261579,-0.091928
3.4000,-0.325575,-0.078637,-1.341412,1.504990,0.183747,-0.254271,-0.092958
3.4333,-0.335223,-0.069054,-1.509631,1.503468,0.184727,-0.250080,-0.091328
3.4667,-0.333778,-0.050042,-1.496417,1.476781,0.182102,-0.245676,-0.090591
3.5000,-0.285200,0.012654,-1.058319,1.319832,0.178702,-0.239823,-0.088858
3.5333,-0.259530,0.033040,-0.915490,1.252046,0.179362,-0.236855,-0.087155
3.5667,-0.233680,0.048422,-0.825237,1.197913,0.177389,-0.233773,-0.085719
3.6000,-0.224177,0.043922,-0.711546,1.172598,0.182151,-0.233440,-0.083603
3.6333,-0.217098,0.039957,-0.584340,1.185092,0.182313,-0.225676,-0.084572
3.6667,-0.218834,0.027639,-0.480070,1.178492,0.188444,-0.225417,-0.082344
3.7000,-0.193971,0.032127,-0.386971,1.132358,0.186847,-0.220139,-0.079809
3.7333,-0.150651,0.042429,-0.218741,1.137791,0.167510,-0.201133,-0.086340
3.7667,-0.159469,0.021992,-0.008992,1.193011,0.162754,-0.193383,-0.092175
3.8000,-0.138558,0.018151,-0.077569,1.169507,0.156868,-0.201701,-0.091110
3.8333,-0.139589,0.003694,-0.041692,1.158377,0.159979,-0.206689,-0.090786
3.8667,-0.094667,0.002144,-0.038918,1.142087,0.140276,-0.208642,-0.093906
3.9000,-0.038706,0.006588,-0.061939,1.054969,0.128942,-0.211043,-0.091429
3.9333,0.000333,-0.002477,-0.033628,0.961713,0.127379,-0.214748,-0.086144
3.9667,0.002580,-0.020070,-0.010483,0.939748,0.130321,-0.221356,-0.084798
4.0000,0.002599,-0.036406,0.002803,0.910273,0.135875,-0.227936,-0.080874
4.0333,0.008109,-0.046489,-0.021463,0.871542,0.140249,-0.236494,-0.075750
4.0667,0.021113,-0.065144,0.029212,0.814593,0.143929,-0.238341,-0.069438
4.1000,0.018373,-0.084989,0.074042,0.835840,0.141063,-0.241928,-0.072491
4.1333,0.009451,-0.101693,0.083346,0.853187,0.142298,-0.249140,-0.073300
4.1667,0.015533,-0.118434,0.090952,0.875167,0.135200,-0.257275,-0.075977
4.2000,0.004439,-0.133790,0.081979,0.901828,0.135956,-0.266953,-0.077553
4.2333,0.019139,-0.149697,0.078915,0.903359,0.128269,-0.275812,-0.077754
4.2667,0.010368,-0.165812,0.081704,0.915334,0.130365,-0.283981,-0.077878
4.3000,0.001278,-0.182948,0.094309,0.920816,0.133898,-0.290948,-0.076402
4.3333,-0.015459,-0.189439,0.051773,0.960865,0.135426,-0.300666,-0.077590
4.3667,-0.064139,-0.194174,0.061744,1.023663,0.148660,-0.302664,-0.079381
4.4000,-0.082024,-0.197523,0.008246,1.095837,0.144342,-0.311260,-0.082283
4.4333,-0.126843,-0.192427,-0.077590,1.172196,0.152524,-0.315995,-0.083858
4.4667,-0.151827,-0.185704,-0.123524,1.151942,0.169479,-0.315120,-0.077243
4.5000,-0.149459,-0.185998,-0.144285,1.130620,0.172208,-0.317097,-0.073935
4.5333,-0.138733,-0.185471,-0.144419,1.083517,0.175641,-0.317500,-0.069748
4.5667,-0.100959,-0.198193,-0.114830,1.041306,0.164428,-0.322478,-0.068860
4.6000,-0.036364,-0.228695,-0.033782,0.939052,0.150876,-0.329473,-0.063163
4.6333,0.020276,-0.258273,0.034659,0.841173,0.139605,-0.333774,-0.057063
4.6667,0.033285,-0.279890,0.116805,0.797048,0.139570,-0.330800,-0.055054
4.7000,0.065189,-0.310744,0.177661,0.732405,0.133146,-0.332805,-0.048896
4.7333,0.075268,-0.330785,0.204465,0.723009,0.128607,-0.337808,-0.048394
4.7667,0.065243,-0.325481,0.177413,0.763769,0.127485,-0.342438,-0.052293
4.8000,0.041316,-0.307502,0.184638,0.772446,0.137834,-0.332730,-0.053526
4.8333,0.031281,-0.299183,0.167585,0.791518,0.140274,-0.332162,-0.054399
4.8667,0.036223,-0.310873,0.182095,0.783171,0.138884,-0.335108,-0.052802
4.9000,0.023558,-0.295375,0.123261,0.829499,0.138575,-0.339040,-0.056792
4.9333,0.009130,-0.270778,0.063607,0.847541,0.143594,-0.336088,-0.057897
4.9667,0.008565,-0.260875,0.044229,0.842891,0.144950,-0.333710,-0.057345
5.0000,0.006159,-0.255599,0.020536,0.856385,0.143868,-0.334999,-0.058636
5.0333,0.000779,-0.239601,0.011514,0.851901,0.147433,-0.328095,-0.059039
5.0667,-0.004419,-0.224644,0.036042,0.832327,0.153458,-0.316265,-0.058191
5.1000,-0.003146,-0.214502,0.054288,0.813504,0.155998,-0.307793,-0.057116
5.1333,0.002513,-0.213470,0.073195,0.792358,0.156604,-0.303691,-0.055493
5.1667,0.009609,-0.212864,0.106465,0.754676,0.158887,-0.296678,-0.052187
5.2000,0.016471,-0.222179,0.112171,0.744405,0.157061,-0.299993,-0.050995
5.2333,0.025524,-0.241296,0.114559,0.741083,0.153054,-0.308967,-0.050064
5.2667,0.030824,-0.257880,0.096530,0.738793,0.151073,-0.319900,-0.048112
5.3000,0.035961,-0.268160,0.080149,0.741541,0.148279,-0.327780,-0.047405
5.3333,0.032957,-0.276695,0.020522,0.770544,0.145330,-0.342599,-0.047631
5.3667,0.030078,-0.280470,-0.011109,0.795579,0.142467,-0.350229,-0.048978
5.4000,0.029847,-0.286951,-0.028817,0.807193,0.140505,-0.356413,-0.048834
5.4333,0.028278,-0.291580,-0.043612,0.817335,0.139420,-0.361136,-0.048748
5.4667,0.029871,-0.294124,-0.034838,0.817955,0.138561,-0.361143,-0.049026
5.5000,0.027534,-0.295218,-0.052814,0.826500,0.138098,-0.364504,-0.048971
5.5333,0.025924,-0.291168,-0.056524,0.831442,0.138004,-0.363213,-0.049916
5.5667,0.025548,-0.289135,-0.047715,0.829607,0.138597,-0.360893,-0.050304
5.6000,0.023860,-0.283623,-0.053297,0.833965,0.138633,-0.359122,-0.051261
5.6333,0.022435,-0.278535,-0.057208,0.837690,0.138662,-0.357294,-0.052168
5.6667,0.021222,-0.275478,-0.057117,0.846729,0.137657,-0.356021,-0.053702
5.7000,0.020255,-0.274075,-0.054990,0.851287,0.137347,-0.355131,-0.054483
5.7333,0.020211,-0.273989,-0.045578,0.852022,0.137310,-0.353772,-0.054959
5.7667,0.019134,-0.272691,-0.043986,0.852733,0.137741,-0.352897,-0.055171
5.8000,0.019023,-0.275111,-0.028623,0.849018,0.138556,-0.351773,-0.054938
5.8333,0.019216,-0.277724,-0.020958,0.847292,0.138802,-0.351884,-0.054638
5.8667,0.020228,-0.281305,-0.013140,0.850099,0.137799,-0.352637,-0.054935
5.9000,0.020536,-0.286192,0.002132,0.854629,0.136822,-0.353043,-0.055560
5.9333,0.019735,-0.288164,0.002835,0.856377,0.136915,-0.353935,-0.055422
5.9667,0.016451,-0.282788,-0.016620,0.865502,0.136914,-0.354269,-0.056180
6.0000,0.010534,-0.267795,-0.057181,0.883071,0.136523,-0.352870,-0.058304
6.0333,0.008967,-0.262260,-0.065298,0.885278,0.136875,-0.351263,-0.058834
6.0667,0.006348,-0.257520,-0.077665,0.889091,0.137399,-0.350614,-0.059235
6.1000,0.004755,-0.254986,-0.080448,0.890976,0.137850,-0.349728,-0.059528
6.1333,0.000077,-0.247636,-0.094640,0.897539,0.138878,-0.347985,-0.060374
6.1667,-0.001047,-0.247667,-0.095570,0.899115,0.139176,-0.348094,-0.060324
6.2000,-0.003118,-0.243561,-0.102799,0.901621,0.139686,-0.346997,-0.060715
6.2333,-0.004089,-0.242726,-0.104616,0.902358,0.140033,-0.346799,-0.060718
6.2667,-0.004708,-0.241886,-0.108224,0.903164,0.140155,-0.346849,-0.060722
6.3000,-0.006584,-0.237997,-0.122213,0.905967,0.140387,-0.346751,-0.060932
6.3333,-0.007207,-0.237415,-0.126111,0.906264,0.140593,-0.346963,-0.060834
6.3667,-0.007282,-0.237248,-0.128119,0.905651,0.140713,-0.347136,-0.060687
6.4000,-0.007387,-0.237103,-0.129752,0.904566,0.140937,-0.347270,-0.060496
6.4333,-0.007268,-0.237002,-0.130336,0.903445,0.141071,-0.347293,-0.060351
6.4667,-0.007002,-0.237414,-0.130432,0.902268,0.141148,-0.347509,-0.060164
6.5000,-0.007605,-0.236650,-0.139102,0.903468,0.141077,-0.348273,-0.060074
6.5333,-0.008512,-0.235349,-0.148647,0.905232,0.141035,-0.348878,-0.060075
6.5667,-0.009179,-0.233783,-0.155850,0.906483,0.141003,-0.349040,-0.060147
6.6000,-0.009840,-0.232932,-0.161013,0.906702,0.141193,-0.349282,-0.060051
6.6333,-0.009891,-0.232057,-0.163910,0.905551,0.141368,-0.349226,-0.059905
6.6667,-0.009398,-0.232660,-0.160476,0.902429,0.141759,-0.349083,-0.059569
6.7000,-0.008538,-0.234307,-0.153586,0.898946,0.142097,-0.348998,-0.059194
6.7333,-0.007333,-0.238114,-0.142169,0.894032,0.142602,-0.349363,-0.058520
6.7667,-0.006613,-0.240600,-0.136805,0.891025,0.142880,-0.349865,-0.058028
6.8000,-0.006186,-0.241907,-0.134399,0.889247,0.143027,-0.350183,-0.057738
6.8333,-0.006853,-0.242174,-0.131585,0.887353,0.143762,-0.349899,-0.057477
6.8667,-0.007394,-0.241503,-0.126625,0.885857,0.144402,-0.348860,-0.057458
6.9000,-0.007247,-0.239356,-0.111308,0.882324,0.145225,-0.345674,-0.057808
6.9333,-0.006788,-0.238730,-0.091453,0.879030,0.145870,-0.342599,-0.058171
6.9667,-0.007486,-0.238706,-0.085723,0.878563,0.146385,-0.341754,-0.058196
7.0000,-0.008452,-0.239348,-0.081851,0.877283,0.147159,-0.341474,-0.057931
7.0333,-0.008576,-0.241129,-0.069925,0.873483,0.148040,-0.340613,-0.057555
7.0667,-0.008825,-0.242203,-0.059576,0.870269,0.148843,-0.339614,-0.057288
7.1000,-0.009214,-0.242805,-0.050263,0.867439,0.149624,-0.338520,-0.057086
7.1333,-0.009958,-0.242749,-0.043950,0.866006,0.150305,-0.337537,-0.057008
7.1667,-0.010881,-0.240639,-0.036269,0.864122,0.151159,-0.335331,-0.057157
7.2000,-0.013428,-0.235303,-0.040830,0.865767,0.152139,-0.333292,-0.057540
7.2333,-0.017112,-0.228035,-0.048651,0.868759,0.153435,-0.330744,-0.058077
7.2667,-0.020724,-0.219930,-0.059747,0.873870,0.154286,-0.328259,-0.058870
7.3000,-0.023817,-0.212952,-0.069592,0.879360,0.154801,-0.326152,-0.059693
7.3333,-0.024958,-0.209321,-0.066562,0.880320,0.155248,-0.323893,-0.060147
7.3667,-0.026226,-0.206470,-0.066545,0.881894,0.155616,-0.322447,-0.060500
7.4000,-0.027329,-0.205623,-0.068080,0.882280,0.156098,-0.322197,-0.060430
7.4333,-0.027789,-0.205889,-0.067501,0.881701,0.156446,-0.322218,-0.060251
7.4667,-0.027657,-0.206487,-0.066419,0.880257,0.156649,-0.322340,-0.060012
7.5000,-0.027023,-0.207463,-0.062594,0.878170,0.156733,-0.322278,-0.059806
7.5333,-0.025718,-0.209242,-0.059572,0.873724,0.156889,-0.322701,-0.059236
7.5667,-0.023671,-0.211162,-0.053564,0.871907,0.156217,-0.322851,-0.059233
7.6000,-0.020447,-0.213341,-0.038786,0.869417,0.155113,-0.321921,-0.059556
7.6333,-0.017624,-0.214863,-0.027180,0.866975,0.154158,-0.321086,-0.059822
7.6667,-0.015714,-0.215704,-0.020037,0.865136,0.153529,-0.320520,-0.059992
7.7000,-0.012854,-0.219213,-0.008959,0.861367,0.152767,-0.320685,-0.059826
7.7333,-0.010701,-0.223016,-0.009408,0.861824,0.151583,-0.322724,-0.059749
7.7667,-0.008231,-0.225406,-0.001966,0.860634,0.150537,-0.322911,-0.059930
7.8000,-0.006736,-0.225319,-0.003043,0.861816,0.149556,-0.323116,-0.060290
7.8333,-0.005348,-0.225409,-0.007468,0.864992,0.148271,-0.323938,-0.060764
7.8667,-0.003608,-0.225577,-0.012525,0.868839,0.146679,-0.324913,-0.061341
7.9000,-0.001603,-0.226561,-0.015306,0.871707,0.145124,-0.325950,-0.061808
7.9333,0.000765,-0.226933,-0.014273,0.871150,0.144009,-0.326063,-0.062054
7.9667,0.003665,-0.227650,-0.009889,0.869551,0.142816,-0.325862,-0.062292
8.0000,0.005942,-0.227639,-0.008909,0.869268,0.141693,-0.325795,-0.062610
8.0333,0.006098,-0.225134,-0.015251,0.871178,0.141243,-0.325518,-0.063019
8.0667,0.003879,-0.218355,-0.037343,0.876901,0.141250,-0.325323,-0.063600
8.1000,-0.000384,-0.214277,-0.075102,0.887118,0.141274,-0.328581,-0.063741
8.1333,-0.000095,-0.214429,-0.081888,0.886920,0.141103,-0.329592,-0.063482
8.1667,-0.000941,-0.211350,-0.095528,0.891665,0.140497,-0.329967,-0.063991
8.2000,-0.000949,-0.210173,-0.090573,0.892231,0.140461,-0.328720,-0.064386
8.2333,-0.002781,-0.207550,-0.084732,0.888962,0.142069,-0.326522,-0.064235
8.2667,-0.003320,-0.205645,-0.088198,0.888271,0.142442,-0.326001,-0.064117
8.3000,-0.004195,-0.202736,-0.092613,0.888699,0.142758,-0.325134,-0.064275
8.3333,-0.005156,-0.202567,-0.095085,0.889269,0.143117,-0.325364,-0.064179
8.3667,-0.006880,-0.200799,-0.105885,0.892131,0.143332,-0.325926,-0.064234
8.4000,-0.009779,-0.198287,-0.120376,0.897771,0.143568,-0.326584,-0.064528
8.4333,-0.012771,-0.196535,-0.127628,0.901114,0.144379,-0.326603,-0.064608
8.4667,-0.016785,-0.194940,-0.137615,0.904921,0.145576,-0.327016,-0.064517
8.5000,-0.018755,-0.196146,-0.140603,0.904640,0.146599,-0.327935,-0.063934
8.5333,-0.020774,-0.197551,-0.140482,0.903590,0.147835,-0.328546,-0.063349
8.5667,-0.022484,-0.199171,-0.138875,0.902489,0.148950,-0.329070,-0.062794
8.6000,-0.025140,-0.198877,-0.141395,0.903106,0.150158,-0.329165,-0.062482
8.6333,-0.028509,-0.198918,-0.142438,0.903678,0.151768,-0.329203,-0.062067
8.6667,-0.031652,-0.198865,-0.139644,0.908295,0.152610,-0.328689,-0.062336
8.7000,-0.033858,-0.200704,-0.126607,0.910280,0.153627,-0.327788,-0.062413
8.7333,-0.035152,-0.205903,-0.101160,0.904840,0.155671,-0.326889,-0.061543
8.7667,-0.038255,-0.208693,-0.089208,0.905433,0.157310,-0.326557,-0.061174
8.8000,-0.041675,-0.208613,-0.073476,0.902681,0.159732,-0.324219,-0.060741
8.8333,-0.045293,-0.206717,-0.060653,0.901425,0.161926,-0.321359,-0.060579
8.8667,-0.049403,-0.203625,-0.057315,0.900943,0.164137,-0.319169,-0.060290
8.9000,-0.053667,-0.201481,-0.050669,0.897564,0.166961,-0.316946,-0.059567
8.9333,-0.058396,-0.200899,-0.053965,0.897861,0.169295,-0.316898,-0.058797
8.9667,-0.061893,-0.204833,-0.043654,0.894048,0.171820,-0.317225,-0.057531
9.0000,-0.066731,-0.205401,-0.043532,0.891435,0.174732,-0.317218,-0.056296
9.0333,-0.072384,-0.204931,-0.050323,0.889130,0.177952,-0.317610,-0.054862
9.0667,-0.077545,-0.204790,-0.052311,0.889944,0.180407,-0.317593,-0.054047
9.1000,-0.083316,-0.205298,-0.057129,0.892733,0.182803,-0.318301,-0.053267
9.1333,-0.093022,-0.198930,-0.080289,0.902073,0.185861,-0.318005,-0.053084
9.1667,-0.104672,-0.190803,-0.107171,0.917182,0.188792,-0.317183,-0.053517
9.2000,-0.112689,-0.188120,-0.113387,0.928795,0.190753,-0.316349,-0.053881
9.2333,-0.119950,-0.184111,-0.125626,0.939939,0.192304,-0.315614,-0.054322
9.2667,-0.123645,-0.180304,-0.106388,0.944110,0.193709,-0.311051,-0.055074
9.3000,-0.130085,-0.169908,-0.108438,0.951412,0.195614,-0.305758,-0.056009
9.3333,-0.141322,-0.159832,-0.142883,0.968743,0.197720,-0.304420,-0.056867
9.3667,-0.148799,-0.157213,-0.156883,0.976350,0.199930,-0.304377,-0.056526
9.4000,-0.165260,-0.137119,-0.232835,0.997538,0.202821,-0.302028,-0.057508
9.4333,-0.175713,-0.128115,-0.272458,1.016297,0.203773,-0.300861,-0.058634
9.4667,-0.186743,-0.118319,-0.319200,1.032212,0.205146,-0.299789,-0.059392
9.5000,-0.196028,-0.111583,-0.358649,1.043523,0.206551,-0.299479,-0.059615
9.5333,-0.206464,-0.100308,-0.409715,1.051334,0.208525,-0.297897,-0.059613
9.5667,-0.214334,-0.091498,-0.450060,1.055813,0.210037,-0.296627,-0.059456
9.6000,-0.217539,-0.089991,-0.451515,1.056171,0.211525,-0.295765,-0.058972
9.6333,-0.220488,-0.084653,-0.451580,1.054746,0.213183,-0.292905,-0.058660
9.6667,-0.224620,-0.082191,-0.456197,1.054336,0.215103,-0.291883,-0.058006
9.7000,-0.229099,-0.078974,-0.473693,1.056209,0.216253,-0.291546,-0.057657
9.7333,-0.233541,-0.073743,-0.499462,1.057762,0.217010,-0.290960,-0.057501
9.7667,-0.236182,-0.069198,-0.512413,1.058041,0.217633,-0.289652,-0.057445
9.8000,-0.237649,-0.065596,-0.515456,1.057535,0.218259,-0.288005,-0.057395
9.8333,-0.237832,-0.065045,-0.503359,1.057598,0.218904,-0.286517,-0.057355
9.8667,-0.238461,-0.064525,-0.500664,1.055917,0.219595,-0.286078,-0.056991
9.9000,-0.239114,-0.064281,-0.498481,1.053939,0.220324,-0.285857,-0.056570
9.9333,-0.239841,-0.064190,-0.496379,1.051949,0.221090,-0.285719,-0.056119
9.9667,-0.240596,-0.064150,-0.494299,1.050007,0.221861,-0.285602,-0.055663
10.0000,-0.239747,-0.064853,-0.487018,1.048230,0.222053,-0.285421,-0.055444
10.0333,-0.239675,-0.064853,-0.482472,1.046604,0.222476,-0.285099,-0.055212
10.0667,-0.241014,-0.064014,-0.484708,1.045751,0.223163,-0.284881,-0.054906
10.1000,-0.242644,-0.062614,-0.489969,1.045718,0.223720,-0.284584,-0.054698
10.1333,-0.244551,-0.061455,-0.495609,1.045726,0.224391,-0.284433,-0.054427
10.1667,-0.245878,-0.060650,-0.499702,1.045773,0.224841,-0.284335,-0.054226
10.2000,-0.247127,-0.059050,-0.505551,1.045960,0.225136,-0.283990,-0.054149
10.2333,-0.247671,-0.058447,-0.508003,1.046084,0.225262,-0.283871,-0.054104
10.2667,-0.247545,-0.058804,-0.507111,1.046077,0.225247,-0.283974,-0.054082
10.3000,-0.248095,-0.057092,-0.512817,1.046491,0.225162,-0.283579,-0.054212
10.3333,-0.248109,-0.055893,-0.518935,1.046293,0.224888,-0.283567,-0.054305
10.3667,-0.246962,-0.055296,-0.519997,1.046141,0.224280,-0.283429,-0.054568
10.4000,-0.244655,-0.055669,-0.515252,1.046003,0.223388,-0.283292,-0.054960
10.4333,-0.241709,-0.056687,-0.509650,1.046785,0.222085,-0.283370,-0.055568
10.4667,-0.238641,-0.057459,-0.505129,1.047841,0.220620,-0.283413,-0.056279
10.5000,-0.234572,-0.058651,-0.499775,1.048707,0.218723,-0.283660,-0.057106
10.5333,-0.229413,-0.059633,-0.495910,1.048335,0.216393,-0.284102,-0.057989
10.5667,-0.223669,-0.060202,-0.489038,1.046926,0.214063,-0.284143,-0.058884
10.6000,-0.217276,-0.062080,-0.479832,1.046290,0.211403,-0.284603,-0.059890
10.6333,-0.208009,-0.070005,-0.453842,1.045766,0.208077,-0.286663,-0.060885
10.6667,-0.195048,-0.083139,-0.406098,1.041271,0.204401,-0.289608,-0.061568
10.7000,-0.181821,-0.089828,-0.371123,1.030533,0.200910,-0.290715,-0.062008
10.7333,-0.166979,-0.089037,-0.316767,1.017148,0.197568,-0.285766,-0.063191
10.7667,-0.152761,-0.093560,-0.267718,1.010409,0.193062,-0.283567,-0.064793
10.8000,-0.139323,-0.098177,-0.228692,0.997332,0.189602,-0.282510,-0.065305
10.8333,-0.129461,-0.100228,-0.212243,0.991680,0.185997,-0.282266,-0.066308
10.8667,-0.116451,-0.104335,-0.187314,0.975455,0.182847,-0.282319,-0.066155
10.9000,-0.102490,-0.111436,-0.160228,0.944681,0.181788,-0.283684,-0.063908
10.9333,-0.084701,-0.131004,-0.093311,0.916245,0.178909,-0.285813,-0.062286
10.9667,-0.071289,-0.139771,-0.033001,0.894557,0.176414,-0.282460,-0.061943
11.0000,-0.053187,-0.161146,0.018680,0.849440,0.175213,-0.285621,-0.057636
11.0333,-0.048190,-0.167256,0.038913,0.824401,0.176819,-0.285207,-0.055082
11.0667,-0.043166,-0.183268,0.047462,0.753349,0.185842,-0.289408,-0.043761
11.1000,-0.041809,-0.195960,0.059213,0.730070,0.188685,-0.292773,-0.039664
11.1333,-0.043451,-0.203179,0.043840,0.678706,0.197249,-0.296533,-0.029583
11.1667,-0.047044,-0.210514,0.046677,0.674433,0.199546,-0.299158,-0.027721
11.2000,-0.056028,-0.210679,0.033478,0.647634,0.207597,-0.299925,-0.020870
11.2333,-0.070726,-0.204831,-0.000368,0.604985,0.220078,-0.300784,-0.009439
11.2667,-0.094123,-0.181590,-0.081831,0.605295,0.230077,-0.303829,-0.003921
11.3000,-0.114109,-0.174750,-0.137944,0.477427,0.251268,-0.307352,0.027543
11.3333,-0.130941,-0.185225,-0.176789,0.396438,0.263530,-0.316672,0.051424
11.3667,-0.145180,-0.194475,-0.194947,0.279211,0.274788,-0.320052,0.082638
11.4000,-0.157574,-0.185861,-0.227682,0.167434,0.280749,-0.319642,0.111286
11.4333,-0.169912,-0.179440,-0.246859,0.130780,0.284254,-0.319569,0.122740
11.4667,-0.181078,-0.192493,-0.254118,0.071502,0.287042,-0.322846,0.141028
11.5000,-0.189147,-0.205929,-0.249061,0.044227,0.289252,-0.324510,0.150966
11.5333,-0.200370,-0.215134,-0.254850,-0.004618,0.290816,-0.325838,0.166281
11.5667,-0.205206,-0.229515,-0.232706,0.048272,0.294944,-0.327563,0.157061
11.6000,-0.215002,-0.232387,-0.247963,0.053746,0.297212,-0.331422,0.159607
11.6333,-0.221706,-0.241839,-0.247615,0.048331,0.298997,-0.333652,0.164068
11.6667,-0.224340,-0.256177,-0.232356,0.072813,0.301094,-0.335968,0.160834
11.7000,-0.230093,-0.259056,-0.239484,0.099028,0.303009,-0.339392,0.157411
11.7333,-0.235955,-0.260906,-0.248340,0.120524,0.304699,-0.342582,0.155033
11.7667,-0.237611,-0.276664,-0.241803,0.134390,0.305562,-0.347063,0.154594
11.8000,-0.241730,-0.276357,-0.246426,0.141460,0.306691,-0.348020,0.154372
11.8333,-0.243841,-0.276452,-0.248622,0.143058,0.307243,-0.348431,0.154822
11.8667,-0.246408,-0.277822,-0.253676,0.137291,0.307650,-0.349497,0.157309
11.9000,-0.249043,-0.280597,-0.260103,0.137428,0.308051,-0.351637,0.158803
11.9333,-0.251980,-0.287185,-0.259264,0.148203,0.309063,-0.354043,0.158263
11.9667,-0.253717,-0.287680,-0.264394,0.146682,0.309260,-0.355085,0.159505
12.0000,-0.253961,-0.287238,-0.266888,0.149342,0.309230,-0.355587,0.159079
12.0333,-0.253676,-0.286984,-0.270975,0.152794,0.308946,-0.356584,0.158405
12.0667,-0.253322,-0.286998,-0.274930,0.155657,0.308631,-0.357621,0.157857
12.1000,-0.253863,-0.283419,-0.282144,0.157306,0.308436,-0.358001,0.157383
12.1333,-0.253091,-0.282653,-0.285301,0.158105,0.308018,-0.358516,0.157026
12.1667,-0.252037,-0.282442,-0.286553,0.157196,0.307602,-0.358752,0.156941
12.2000,-0.251009,-0.282809,-0.287671,0.151588,0.307130,-0.358915,0.157991
12.2333,-0.249291,-0.283413,-0.293453,0.151693,0.306207,-0.360496,0.157860
12.2667,-0.245085,-0.291362,-0.283455,0.152449,0.305407,-0.361414,0.157337
12.3000,-0.240255,-0.291856,-0.274649,0.147442,0.304383,-0.359790,0.156702
12.3333,-0.235355,-0.283663,-0.279662,0.133559,0.302498,-0.357732,0.157290
12.3667,-0.234361,-0.283917,-0.280046,0.131401,0.302140,-0.357906,0.157392
12.4000,-0.233729,-0.283006,-0.278685,0.128566,0.302005,-0.357210,0.157606
12.4333,-0.230299,-0.294541,-0.260897,0.108808,0.301528,-0.356369,0.161992
12.4667,-0.228294,-0.300263,-0.254898,0.088962,0.300786,-0.355936,0.166363
12.5000,-0.226963,-0.303271,-0.250296,0.078020,0.300356,-0.355357,0.168587
12.5333,-0.226643,-0.302200,-0.248765,0.077963,0.300366,-0.354702,0.168229
12.5667,-0.226059,-0.306258,-0.241417,0.081507,0.300630,-0.354679,0.167515
12.6000,-0.224751,-0.310709,-0.233056,0.080850,0.300615,-0.354352,0.167533
12.6333,-0.224576,-0.310285,-0.231738,0.083244,0.300693,-0.354091,0.166801
12.6667,-0.224571,-0.309210,-0.231909,0.085109,0.300740,-0.353895,0.166231
12.7000,-0.224085,-0.307893,-0.230431,0.083025,0.300648,-0.353050,0.166265
12.7333,-0.222858,-0.308014,-0.225707,0.079210,0.300445,-0.351911,0.166505
12.7667,-0.220696,-0.309513,-0.218521,0.073144,0.300010,-0.350603,0.167043
12.8000,-0.218855,-0.308916,-0.211836,0.066668,0.299653,-0.348677,0.167430
12.8333,-0.216481,-0.306877,-0.208020,0.063394,0.299079,-0.347148,0.166950
12.8667,-0.213704,-0.304762,-0.206279,0.053040,0.298101,-0.345635,0.168005
12.9000,-0.209307,-0.292019,-0.209443,0.025258,0.296009,-0.340853,0.171167
12.9333,-0.206571,-0.279539,-0.216402,0.019240,0.294820,-0.338307,0.170247
12.9667,-0.202469,-0.274573,-0.220013,0.009609,0.293177,-0.337281,0.170707
13.0000,-0.202946,-0.249372,-0.250231,0.006973,0.291889,-0.335893,0.169290
13.0333,-0.195717,-0.246374,-0.250144,-0.000995,0.289529,-0.335021,0.168750
13.0667,-0.186725,-0.257542,-0.234636,0.016208,0.288132,-0.336689,0.163297
13.1000,-0.168874,-0.295718,-0.158017,0.098125,0.287116,-0.338205,0.141536
13.1333,-0.148245,-0.316241,-0.079207,0.216490,0.281022,-0.337161,0.107819
13.1667,-0.123319,-0.335648,-0.006215,0.314734,0.268621,-0.337470,0.077901
13.2000,-0.095415,-0.327832,0.100599,0.480024,0.244054,-0.327098,0.029116
13.2333,-0.069422,-0.323710,0.183387,0.534299,0.224886,-0.315774,0.007183
13.2667,-0.049739,-0.315784,0.204423,0.578706,0.210045,-0.313295,-0.007015
13.3000,-0.029300,-0.314603,0.240969,0.597791,0.196692,-0.309095,-0.016573
13.3333,-0.009298,-0.331961,0.282792,0.576610,0.188007,-0.308785,-0.017539
13.3667,0.008313,-0.337157,0.322750,0.617228,0.172104,-0.309218,-0.028970
13.4000,0.015170,-0.331500,0.278259,0.651940,0.166327,-0.317642,-0.033537
13.4333,0.021594,-0.323115,0.282152,0.669340,0.160454,-0.315063,-0.038383
13.4667,0.024811,-0.315165,0.284340,0.691676,0.155403,-0.313199,-0.043152
13.5000,0.023643,-0.307956,0.276870,0.690021,0.156569,-0.310814,-0.043211
13.5333,0.015756,-0.289179,0.261123,0.712403,0.157729,-0.306101,-0.046532
13.5667,0.010945,-0.278169,0.252053,0.725545,0.158485,-0.303155,-0.048242
13.6000,0.001201,-0.257066,0.228911,0.749007,0.160520,-0.298102,-0.051180
13.6333,-0.004496,-0.249616,0.215591,0.763932,0.161470,-0.297405,-0.052466
13.6667,-0.017350,-0.235128,0.191035,0.792462,0.163995,-0.295594,-0.055078
13.7000,-0.028529,-0.218862,0.149299,0.802585,0.169028,-0.294024,-0.054556
13.7333,-0.038110,-0.213436,0.143056,0.815481,0.171816,-0.292630,-0.055169
13.7667,-0.047779,-0.208749,0.135645,0.826130,0.175028,-0.291575,-0.055257
13.8000,-0.056041,-0.204986,0.122051,0.827193,0.179241,-0.291375,-0.053815
13.8333,-0.067010,-0.196931,0.112332,0.842374,0.182328,-0.289095,-0.054619
13.8667,-0.078377,-0.190287,0.102853,0.844822,0.187707,-0.286740,-0.053227
13.9000,-0.085966,-0.188749,0.100252,0.853645,0.190063,-0.286375,-0.053110
13.9333,-0.095099,-0.184948,0.092879,0.868036,0.192297,-0.285758,-0.053712
13.9667,-0.104018,-0.183457,0.085330,0.879441,0.194924,-0.286140,-0.053653
14.0000,-0.111869,-0.182712,0.081987,0.876644,0.199320,-0.285701,-0.051685
14.0333,-0.119049,-0.183346,0.079034,0.877600,0.202752,-0.286097,-0.050281
14.0667,-0.127106,-0.183235,0.074337,0.886189,0.205368,-0.286656,-0.049906
14.1000,-0.135799,-0.181280,0.062120,0.898441,0.207755,-0.287405,-0.049871
14.1333,-0.143306,-0.181521,0.046858,0.909342,0.209796,-0.289616,-0.049547
14.1667,-0.151355,-0.180250,0.035813,0.921309,0.211851,-0.290470,-0.049588
14.2000,-0.157358,-0.179781,0.028992,0.931961,0.213079,-0.291169,-0.049788
14.2333,-0.163464,-0.178480,0.019822,0.938282,0.215072,-0.291579,-0.049372
14.2667,-0.170076,-0.174523,0.001152,0.946547,0.216979,-0.291854,-0.049154
14.3000,-0.175977,-0.171265,-0.019974,0.956682,0.218181,-0.292819,-0.049250
14.3333,-0.179629,-0.169677,-0.029800,0.962369,0.219007,-0.293165,-0.049241
14.3667,-0.181600,-0.169922,-0.032018,0.966016,0.219365,-0.293532,-0.049278
14.4000,-0.183353,-0.170307,-0.033773,0.969674,0.219612,-0.293930,-0.049382
14.4333,-0.184617,-0.170931,-0.037807,0.971944,0.219848,-0.294722,-0.049292
14.4667,-0.185431,-0.171342,-0.038509,0.972553,0.220149,-0.294986,-0.049154
14.5000,-0.186329,-0.171467,-0.039609,0.973630,0.220409,-0.295159,-0.049093
14.5333,-0.187546,-0.170453,-0.044401,0.976226,0.220547,-0.295212,-0.049224
14.5667,-0.190432,-0.165158,-0.066817,0.983473,0.220595,-0.295193,-0.049767
14.6000,-0.194231,-0.157583,-0.094829,0.992799,0.220619,-0.294570,-0.050595
14.6333,-0.197138,-0.151209,-0.118013,1.000229,0.220505,-0.293916,-0.051309
14.6667,-0.197411,-0.149332,-0.116874,1.001240,0.220471,-0.292795,-0.051589
14.7000,-0.197378,-0.147808,-0.112620,1.000792,0.220564,-0.291504,-0.051733
14.7333,-0.198836,-0.143367,-0.116381,1.002987,0.220828,-0.289580,-0.052124
14.7667,-0.201088,-0.140281,-0.122764,1.005067,0.221488,-0.288612,-0.052160
14.8000,-0.203052,-0.139324,-0.124294,1.004821,0.222477,-0.288184,-0.051771
14.8333,-0.204517,-0.139193,-0.123103,1.003047,0.223517,-0.287887,-0.051207
14.8667,-0.205246,-0.139403,-0.119552,1.000769,0.224307,-0.287525,-0.050717
14.9000,-0.206361,-0.138579,-0.118709,0.999933,0.225000,-0.286933,-0.050435
14.9333,-0.207099,-0.138000,-0.116720,0.999060,0.225527,-0.286349,-0.050211
14.9667,-0.208122,-0.136488,-0.118497,0.997817,0.226206,-0.285714,-0.049901
15.0000,-0.210526,-0.133116,-0.130502,0.999542,0.226923,-0.285258,-0.049784
15.0333,-0.212433,-0.131329,-0.136865,1.000084,0.227674,-0.284974,-0.049523
15.0667,-0.215577,-0.127980,-0.152570,1.003041,0.228471,-0.284902,-0.049395
15.1000,-0.218000,-0.125857,-0.162243,1.004800,0.229202,-0.284783,-0.049200
15.1333,-0.221835,-0.121236,-0.182257,1.009153,0.229976,-0.284459,-0.049224
15.1667,-0.225559,-0.116776,-0.201631,1.014355,0.230532,-0.284089,-0.049403
15.2000,-0.230325,-0.112616,-0.228478,1.022895,0.230854,-0.284544,-0.049814
15.2333,-0.234974,-0.111405,-0.256189,1.033014,0.230809,-0.286480,-0.050247
15.2667,-0.241255,-0.103937,-0.294198,1.045086,0.230835,-0.285965,-0.051183
15.3000,-0.244234,-0.102784,-0.309197,1.049948,0.231072,-0.286586,-0.051272
15.3333,-0.245322,-0.104082,-0.311602,1.052418,0.231150,-0.287350,-0.051259
15.3667,-0.250194,-0.108352,-0.353559,1.060186,0.231048,-0.293336,-0.050828
15.4000,-0.253989,-0.113822,-0.396569,1.069924,0.229934,-0.299815,-0.050792
15.4333,-0.254811,-0.116582,-0.423435,1.074111,0.228698,-0.303604,-0.050874
15.4667,-0.255103,-0.116702,-0.458683,1.078201,0.226790,-0.306785,-0.051350
15.5000,-0.250814,-0.119017,-0.462092,1.077481,0.224635,-0.308605,-0.051872
15.5333,-0.245822,-0.118418,-0.466066,1.076269,0.222152,-0.309037,-0.052807
15.5667,-0.241855,-0.114111,-0.484828,1.075746,0.219398,-0.308829,-0.054037
15.6000,-0.234167,-0.112908,-0.485373,1.072505,0.216002,-0.308902,-0.055239
15.6333,-0.224604,-0.113426,-0.485069,1.068242,0.211861,-0.309971,-0.056468
15.6667,-0.215801,-0.110848,-0.492684,1.064486,0.207633,-0.310115,-0.057982
15.7000,-0.206296,-0.105985,-0.499785,1.060069,0.203140,-0.309093,-0.059730
15.7333,-0.194326,-0.100760,-0.511747,1.045880,0.198662,-0.309246,-0.060456
15.7667,-0.179192,-0.099513,-0.509248,1.034229,0.192895,-0.310022,-0.061698
15.8000,-0.167305,-0.100575,-0.531001,1.030940,0.186184,-0.313623,-0.063300
15.8333,-0.154383,-0.108047,-0.555990,1.025977,0.178944,-0.321017,-0.063937
15.8667,-0.140099,-0.113874,-0.563331,1.021242,0.171886,-0.325826,-0.064975
15.9000,-0.126564,-0.125974,-0.571296,1.010734,0.166029,-0.334382,-0.064149
15.9333,-0.111408,-0.142222,-0.544617,1.001773,0.161180,-0.341411,-0.063318
15.9667,-0.107153,-0.145475,-0.582609,1.000335,0.156807,-0.347290,-0.063180
16.0000,-0.098289,-0.159463,-0.582447,0.995303,0.152958,-0.355168,-0.061709
16.0333,-0.085972,-0.180868,-0.543096,0.980934,0.151260,-0.363550,-0.058605
16.0667,-0.081546,-0.190499,-0.551395,0.972854,0.149657,-0.370064,-0.056507
16.1000,-0.075650,-0.189875,-0.525469,0.976678,0.147616,-0.366956,-0.058476
16.1333,-0.065903,-0.201038,-0.455220,0.976427,0.146626,-0.365305,-0.059280
16.1667,-0.055337,-0.217550,-0.378413,0.971459,0.145787,-0.365571,-0.059048
16.2000,-0.050897,-0.222251,-0.340316,0.966720,0.145955,-0.363875,-0.059243
16.2333,-0.041267,-0.238209,-0.248011,0.952568,0.146860,-0.361529,-0.058588
16.2667,-0.036239,-0.240692,-0.180397,0.937830,0.148779,-0.354690,-0.058957
16.3000,-0.035194,-0.239331,-0.138045,0.940314,0.148649,-0.348705,-0.060969
16.3333,-0.035472,-0.238183,-0.096677,0.934722,0.150454,-0.342798,-0.061639
16.3667,-0.038327,-0.236598,-0.088043,0.939315,0.151186,-0.340840,-0.062290
16.4000,-0.043777,-0.232931,-0.097555,0.949435,0.152019,-0.340134,-0.063067
16.4333,-0.051590,-0.228718,-0.107224,0.966310,0.152812,-0.339114,-0.064503
16.4667,-0.057407,-0.222684,-0.110531,0.977130,0.153785,-0.336319,-0.065711
16.5000,-0.064702,-0.208807,-0.129040,0.988269,0.155226,-0.331250,-0.067365
16.5333,-0.072293,-0.195339,-0.158126,0.997590,0.156942,-0.327482,-0.068398
16.5667,-0.079200,-0.184492,-0.188469,1.005228,0.158506,-0.325098,-0.068992
16.6000,-0.082208,-0.182903,-0.191837,1.006188,0.159832,-0.324527,-0.068738
16.6333,-0.084239,-0.182371,-0.194321,1.007670,0.160563,-0.324428,-0.068606
16.6667,-0.085424,-0.181714,-0.197150,1.009148,0.160846,-0.324337,-0.068613
16.7000,-0.084004,-0.184478,-0.184324,1.007443,0.160710,-0.324358,-0.068493
16.7333,-0.079895,-0.192353,-0.153708,1.000200,0.160526,-0.325069,-0.067835
16.7667,-0.075835,-0.200270,-0.127501,0.993839,0.160035,-0.326215,-0.067245
16.8000,-0.074015,-0.201768,-0.120859,0.991726,0.159575,-0.326264,-0.067232
16.8333,-0.070581,-0.205286,-0.103333,0.986811,0.158945,-0.326086,-0.067089
16.8667,-0.065983,-0.211335,-0.085459,0.980761,0.157894,-0.327144,-0.066678
16.9000,-0.063000,-0.211155,-0.090575,0.978789,0.156655,-0.327760,-0.066745
16.9333,-0.063861,-0.205718,-0.124131,0.981096,0.156226,-0.329029,-0.066783
16.9667,-0.062399,-0.205049,-0.149403,0.974446,0.156291,-0.331782,-0.065544
17.0000,-0.062556,-0.203970,-0.178864,0.979793,0.154794,-0.334766,-0.065713
17.0333,-0.061194,-0.204505,-0.199252,0.981352,0.153337,-0.337508,-0.065561
17.0667,-0.063420,-0.200454,-0.246482,0.984540,0.152639,-0.340903,-0.065162
17.1000,-0.063636,-0.198515,-0.275533,0.983309,0.152073,-0.343342,-0.064589
17.1333,-0.064938,-0.194782,-0.305809,0.984120,0.151552,-0.344906,-0.064421
17.1667,-0.064915,-0.193241,-0.318463,0.982785,0.151310,-0.345641,-0.064210
17.2000,-0.065227,-0.192436,-0.321018,0.983335,0.151274,-0.345510,-0.064345
17.2333,-0.066289,-0.189522,-0.322996,0.984558,0.151533,-0.344184,-0.064748
17.2667,-0.067775,-0.187220,-0.320099,0.985227,0.152298,-0.342609,-0.065022
17.3000,-0.068827,-0.184413,-0.305611,0.983258,0.153736,-0.339541,-0.065271
17.3333,-0.071274,-0.180386,-0.299085,0.983207,0.155250,-0.336644,-0.065571
17.3667,-0.074778,-0.173216,-0.288398,0.983984,0.157299,-0.331593,-0.066305
17.4000,-0.077522,-0.167924,-0.251278,0.992993,0.158271,-0.324209,-0.068479
17.4333,-0.083730,-0.160882,-0.243170,0.997029,0.160978,-0.319302,-0.069037
17.4667,-0.091013,-0.159481,-0.244593,1.000615,0.164066,-0.318352,-0.068521
17.5000,-0.099268,-0.154841,-0.235751,1.002913,0.168155,-0.314551,-0.068228
17.5333,-0.106332,-0.153185,-0.215085,1.004215,0.172092,-0.310971,-0.067738
17.5667,-0.114771,-0.149861,-0.208474,1.004353,0.176558,-0.308107,-0.066781
17.6000,-0.126741,-0.144665,-0.220158,1.011691,0.181091,-0.306086,-0.066158
17.6333,-0.139892,-0.135810,-0.242123,1.020164,0.185735,-0.303170,-0.065635
17.6667,-0.149940,-0.134990,-0.242049,1.027478,0.189583,-0.302048,-0.064895
17.7000,-0.158838,-0.135118,-0.229236,1.033080,0.193446,-0.300117,-0.064173
17.7333,-0.165561,-0.132318,-0.184859,1.024589,0.199286,-0.293526,-0.062495
17.7667,-0.175206,-0.131383,-0.175786,1.030147,0.203328,-0.291441,-0.061585
17.8000,-0.184392,-0.131258,-0.184836,1.036379,0.206702,-0.291796,-0.060495
17.8333,-0.191357,-0.132415,-0.187391,1.036329,0.210186,-0.292293,-0.058899
17.8667,-0.197540,-0.133191,-0.180598,1.035371,0.213589,-0.291619,-0.057503
17.9000,-0.203500,-0.132884,-0.181822,1.035694,0.216491,-0.291250,-0.056293
17.9333,-0.209013,-0.132049,-0.181686,1.036550,0.219092,-0.290475,-0.055327
17.9667,-0.215290,-0.131275,-0.186906,1.038462,0.221794,-0.290269,-0.054297
18.0000,-0.219877,-0.130150,-0.184753,1.037046,0.224345,-0.289188,-0.053189
18.0333,-0.221830,-0.129274,-0.163602,1.032427,0.226436,-0.286300,-0.052348
18.0667,-0.220769,-0.129322,-0.132364,1.024160,0.227738,-0.282879,-0.051616
18.1000,-0.221760,-0.129295,-0.128560,1.022592,0.228529,-0.282371,-0.051185
18.1333,-0.221667,-0.129208,-0.130205,1.022411,0.228491,-0.282505,-0.051111
18.1667,-0.221047,-0.129016,-0.132626,1.022392,0.228157,-0.282713,-0.051212
18.2000,-0.219737,-0.129159,-0.134948,1.022071,0.227539,-0.283125,-0.051390
18.2333,-0.217619,-0.129189,-0.134042,1.020992,0.226689,-0.283159,-0.051683
18.2667,-0.214560,-0.129768,-0.130652,1.019001,0.225564,-0.283247,-0.052019
18.3000,-0.211233,-0.129947,-0.128634,1.017259,0.224242,-0.283300,-0.052475
18.3333,-0.207663,-0.129615,-0.126687,1.015414,0.222810,-0.283108,-0.053011
18.3667,-0.203646,-0.129124,-0.124745,1.013062,0.221241,-0.282856,-0.053569
18.4000,-0.199690,-0.127635,-0.122999,1.010416,0.219738,-0.282105,-0.054162
18.4333,-0.195865,-0.125635,-0.125223,1.009135,0.218012,-0.281541,-0.054906
18.4667,-0.191303,-0.125126,-0.124784,1.006332,0.216230,-0.281480,-0.055476
18.5000,-0.186263,-0.124803,-0.122696,1.002091,0.214477,-0.281348,-0.055933
18.5333,-0.181162,-0.124667,-0.119665,0.999142,0.212482,-0.281203,-0.056596
18.5667,-0.176185,-0.124725,-0.116649,0.995513,0.210665,-0.281147,-0.057113
18.6000,-0.170812,-0.125514,-0.111520,0.991751,0.208702,-0.281229,-0.057641
18.6333,-0.165274,-0.126524,-0.106120,0.987732,0.206702,-0.281391,-0.058145
18.6667,-0.160322,-0.127097,-0.101870,0.985982,0.204578,-0.281436,-0.058899
18.7000,-0.154661,-0.126728,-0.093117,0.983006,0.202343,-0.280463,-0.059716
18.7333,-0.147453,-0.126740,-0.071121,0.975067,0.200295,-0.278086,-0.060265
18.7667,-0.141653,-0.126024,-0.063771,0.968570,0.198562,-0.277044,-0.060594
18.8000,-0.136557,-0.126043,-0.059583,0.963716,0.196881,-0.276745,-0.060933
18.8333,-0.131066,-0.125577,-0.047824,0.960113,0.194811,-0.275258,-0.061672
18.8667,-0.127695,-0.119312,-0.058227,0.960031,0.193030,-0.273515,-0.062578
18.9000,-0.121466,-0.119023,-0.052108,0.953085,0.191160,-0.272813,-0.062795
18.9333,-0.116633,-0.118445,-0.049349,0.946455,0.189905,-0.272338,-0.062838
18.9667,-0.109633,-0.126837,-0.047013,0.922775,0.190606,-0.276380,-0.060025
19.0000,-0.092988,-0.151170,0.017467,0.887513,0.188550,-0.279999,-0.057150
19.0333,-0.085703,-0.163470,0.044370,0.868212,0.188079,-0.282211,-0.055455
19.0667,-0.080709,-0.173418,0.036104,0.869493,0.185470,-0.288662,-0.055512
19.1000,-0.074637,-0.180864,0.049557,0.865261,0.183090,-0.290629,-0.055725
19.1333,-0.073553,-0.185786,0.059782,0.857909,0.183702,-0.291438,-0.054842
19.1667,-0.074425,-0.190884,0.062544,0.838993,0.187278,-0.292777,-0.051525
19.2000,-0.076225,-0.200778,0.081104,0.819840,0.191116,-0.294020,-0.048047
19.2333,-0.087260,-0.210046,0.014772,0.814892,0.197872,-0.307790,-0.042233
19.2667,-0.093407,-0.219696,0.016749,0.775091,0.207111,-0.310346,-0.033704
19.3000,-0.103626,-0.223713,-0.013171,0.736270,0.217775,-0.314993,-0.023550
19.3333,-0.119549,-0.209254,-0.046903,0.716939,0.227814,-0.312160,-0.017268
19.3667,-0.136177,-0.207058,-0.077755,0.718132,0.235114,-0.315317,-0.012995
19.4000,-0.157749,-0.184241,-0.133877,0.753601,0.239417,-0.313085,-0.015499
19.4333,-0.172946,-0.179712,-0.127362,0.734194,0.249162,-0.308619,-0.008987
19.4667,-0.187903,-0.182994,-0.123574,0.719282,0.257953,-0.308319,-0.002233
19.5000,-0.214087,-0.184657,-0.180573,0.685472,0.272304,-0.316508,0.012584
19.5333,-0.248877,-0.175358,-0.259407,0.695049,0.283814,-0.323169,0.020406
19.5667,-0.275079,-0.203594,-0.242138,0.702540,0.294981,-0.331499,0.029563
19.6000,-0.281807,-0.201399,-0.251448,0.641699,0.303094,-0.330929,0.044807
19.6333,-0.288555,-0.203963,-0.254776,0.586375,0.310135,-0.331604,0.059026
19.6667,-0.294578,-0.201946,-0.259229,0.563745,0.313939,-0.330775,0.065599
19.7000,-0.299935,-0.206698,-0.257865,0.552380,0.316811,-0.332019,0.070348
19.7333,-0.287218,-0.222349,-0.227138,0.492053,0.316660,-0.332659,0.081560
19.7667,-0.258447,-0.220757,-0.219516,0.388684,0.311065,-0.329902,0.095902
19.8000,-0.245451,-0.235453,-0.197110,0.330188,0.309251,-0.330339,0.105676
19.8333,-0.236028,-0.288195,-0.129934,0.300976,0.308642,-0.336021,0.113223
19.8667,-0.237129,-0.294488,-0.142272,0.283608,0.308968,-0.339964,0.118872
19.9000,-0.236025,-0.293747,-0.149805,0.271240,0.308587,-0.340677,0.121645
19.9333,-0.234131,-0.288083,-0.159522,0.262073,0.307819,-0.340284,0.122851
19.9667,-0.231923,-0.283300,-0.165376,0.256828,0.306992,-0.339662,0.122976
20.0000,-0.231381,-0.284641,-0.162159,0.254589,0.306954,-0.339421,0.123248
20.0333,-0.231493,-0.285321,-0.159742,0.246259,0.307194,-0.338704,0.125074
20.0667,-0.234137,-0.293362,-0.144244,0.257376,0.308387,-0.338791,0.123575
20.1000,-0.232830,-0.299323,-0.138175,0.246638,0.308224,-0.339135,0.126227
20.1333,-0.230673,-0.305604,-0.128201,0.242362,0.307800,-0.339220,0.126857
20.1667,-0.226480,-0.311550,-0.113808,0.233398,0.306859,-0.338078,0.127603
20.2000,-0.221616,-0.301333,-0.124241,0.220476,0.305170,-0.336161,0.128295
20.2333,-0.218843,-0.296378,-0.130629,0.203162,0.304259,-0.334964,0.130895
20.2667,-0.214863,-0.288300,-0.137300,0.184714,0.302908,-0.332749,0.133111
20.3000,-0.213224,-0.287065,-0.137234,0.183391,0.302393,-0.332377,0.132651
20.3333,-0.212922,-0.283879,-0.143989,0.191908,0.302062,-0.333227,0.130605
20.3667,-0.214294,-0.283257,-0.145669,0.209539,0.302341,-0.334268,0.127042
20.4000,-0.214384,-0.277694,-0.153123,0.223183,0.302017,-0.334581,0.123747
20.4333,-0.213841,-0.272902,-0.158886,0.235753,0.301500,-0.334771,0.120459
20.4667,-0.213185,-0.272141,-0.161058,0.240337,0.301134,-0.335250,0.119251
20.5000,-0.212688,-0.270003,-0.161514,0.245869,0.300872,-0.334881,0.117594
20.5333,-0.211325,-0.267820,-0.163834,0.245281,0.300347,-0.334639,0.117180
20.5667,-0.208507,-0.263389,-0.171492,0.240115,0.299218,-0.334600,0.117352
20.6000,-0.206316,-0.262501,-0.177428,0.237938,0.298283,-0.335626,0.117350
20.6333,-0.203849,-0.258525,-0.184334,0.232111,0.297291,-0.335565,0.117735
20.6667,-0.200429,-0.254926,-0.188459,0.223529,0.296113,-0.334997,0.118391
20.7000,-0.197617,-0.252365,-0.190511,0.214449,0.295219,-0.334312,0.119331
20.7333,-0.196398,-0.252218,-0.190213,0.212094,0.294849,-0.334195,0.119414
20.7667,-0.195561,-0.252161,-0.189241,0.214236,0.294575,-0.334130,0.118629
20.8000,-0.194109,-0.251011,-0.188928,0.214275,0.294098,-0.333749,0.118058
20.8333,-0.192977,-0.248920,-0.189595,0.216675,0.293661,-0.333328,0.116940
20.8667,-0.191525,-0.249321,-0.185384,0.220451,0.293271,-0.332844,0.115537
20.9000,-0.190855,-0.247786,-0.184823,0.222822,0.293032,-0.332320,0.114570
20.9333,-0.191278,-0.247694,-0.184324,0.227545,0.293115,-0.332367,0.113563
20.9667,-0.193189,-0.250919,-0.182486,0.241244,0.293565,-0.333645,0.111348
21.0000,-0.193224,-0.250985,-0.181396,0.250326,0.293419,-0.333821,0.109357
21.0333,-0.192580,-0.250416,-0.183327,0.250649,0.293111,-0.334078,0.109149
21.0667,-0.192471,-0.249753,-0.184248,0.253937,0.292965,-0.334189,0.108317
21.1000,-0.193011,-0.249565,-0.183120,0.259181,0.293074,-0.334074,0.107195
21.1333,-0.197661,-0.259488,-0.163845,0.287694,0.294599,-0.334681,0.102423
21.1667,-0.202120,-0.263339,-0.158247,0.311596,0.295587,-0.335714,0.098715
21.2000,-0.210539,-0.275988,-0.139693,0.359810,0.297280,-0.338458,0.091189
21.2333,-0.217409,-0.289034,-0.120977,0.409147,0.297871,-0.341751,0.083373
21.2667,-0.216830,-0.294195,-0.104410,0.414179,0.297733,-0.340733,0.082216
21.3000,-0.219128,-0.305502,-0.082682,0.449445,0.296914,-0.342813,0.075638
21.3333,-0.225019,-0.282196,-0.119273,0.489779,0.295926,-0.341870,0.067400
21.3667,-0.215239,-0.291637,-0.084024,0.534083,0.289345,-0.341980,0.055187
21.4000,-0.208976,-0.291793,-0.067469,0.587446,0.282331,-0.342139,0.041640
21.4333,-0.191978,-0.282091,0.009581,0.658547,0.268216,-0.329087,0.018052
21.4667,-0.186219,-0.249608,-0.014555,0.691828,0.261775,-0.320284,0.007234
21.5000,-0.167850,-0.245253,0.062886,0.709382,0.251001,-0.307376,-0.004304
21.5333,-0.150465,-0.242839,0.117076,0.713383,0.241682,-0.298612,-0.011728
21.5667,-0.134993,-0.250930,0.131948,0.693956,0.236790,-0.299661,-0.011691
21.6000,-0.119899,-0.269288,0.138906,0.696437,0.229391,-0.308244,-0.013976
21.6333,-0.103256,-0.286044,0.175902,0.673074,0.223775,-0.309247,-0.013748
21.6667,-0.086476,-0.305351,0.219771,0.644120,0.218233,-0.309484,-0.012783
21.7000,-0.070661,-0.328215,0.266752,0.600130,0.214346,-0.308938,-0.009087
21.7333,-0.064986,-0.320808,0.245652,0.597726,0.212971,-0.309274,-0.009467
21.7667,-0.059382,-0.320573,0.226028,0.596249,0.211421,-0.312742,-0.009210
21.8000,-0.054582,-0.312864,0.229209,0.619565,0.206135,-0.311023,-0.015218
21.8333,-0.048949,-0.311132,0.243298,0.612576,0.203798,-0.307502,-0.016155
21.8667,-0.043031,-0.312906,0.257925,0.612292,0.200408,-0.306095,-0.017918
21.9000,-0.038271,-0.312707,0.251919,0.611618,0.198545,-0.307201,-0.018377
21.9333,-0.036636,-0.303422,0.243704,0.647208,0.193421,-0.307565,-0.025080
21.9667,-0.034516,-0.297696,0.221583,0.640575,0.194234,-0.308153,-0.023724
22.0000,-0.034286,-0.285066,0.210333,0.651513,0.193046,-0.305122,-0.026313
22.0333,-0.030612,-0.280165,0.202658,0.653221,0.191358,-0.304427,-0.027258
22.0667,-0.028169,-0.265860,0.182999,0.656807,0.190355,-0.301478,-0.028703
22.1000,-0.025941,-0.257869,0.179619,0.681686,0.185831,-0.300208,-0.033801
22.1333,-0.027305,-0.238621,0.149202,0.704508,0.183961,-0.297613,-0.037702
22.1667,-0.027698,-0.224765,0.137975,0.720591,0.181984,-0.293820,-0.040998
22.2000,-0.026172,-0.219028,0.131206,0.722831,0.181058,-0.292369,-0.041804
22.2333,-0.024066,-0.215344,0.125923,0.726197,0.179628,-0.291749,-0.042806
22.2667,-0.022120,-0.212151,0.121005,0.729247,0.178306,-0.291278,-0.043720
22.3000,-0.020784,-0.208807,0.115806,0.732797,0.177198,-0.290774,-0.044622
22.3333,-0.020200,-0.205908,0.112646,0.737401,0.176245,-0.290167,-0.045607
22.3667,-0.020554,-0.201761,0.114643,0.742773,0.175525,-0.288112,-0.046839
22.4000,-0.020356,-0.198146,0.113612,0.746540,0.174851,-0.286721,-0.047685
22.4333,-0.019682,-0.197759,0.109403,0.747496,0.174449,-0.287284,-0.047815
22.4667,-0.019583,-0.196509,0.104267,0.750157,0.174065,-0.287646,-0.048194
22.5000,-0.022027,-0.190796,0.088283,0.757340,0.174358,-0.287681,-0.048895
22.5333,-0.030484,-0.170655,0.027232,0.781519,0.175156,-0.288137,-0.051104
22.5667,-0.038461,-0.154744,-0.018514,0.800319,0.176045,-0.287633,-0.052810
22.6000,-0.044464,-0.147038,-0.042316,0.815273,0.176439,-0.287505,-0.054182
22.6333,-0.050373,-0.141701,-0.059282,0.827810,0.177155,-0.287347,-0.055192
22.6667,-0.055931,-0.140576,-0.065919,0.841742,0.177524,-0.287693,-0.056359
22.7000,-0.066697,-0.132988,-0.085618,0.865682,0.178606,-0.286517,-0.058511
22.7333,-0.073450,-0.131687,-0.084622,0.876247,0.180206,-0.285452,-0.058995
22.7667,-0.077030,-0.130012,-0.063376,0.875083,0.182396,-0.281398,-0.058665
22.8000,-0.082360,-0.123442,-0.057634,0.881074,0.184040,-0.277078,-0.059214
22.8333,-0.087720,-0.126888,-0.040679,0.890904,0.185143,-0.276309,-0.059821
22.8667,-0.093598,-0.127348,-0.041188,0.894655,0.187435,-0.276372,-0.059243
22.9000,-0.099589,-0.128333,-0.040790,0.903186,0.188970,-0.276646,-0.059376
22.9333,-0.104329,-0.132695,-0.032878,0.910218,0.190185,-0.277652,-0.059365
22.9667,-0.111763,-0.131932,-0.038283,0.917181,0.192673,-0.277749,-0.059034
23.0000,-0.120450,-0.131424,-0.057733,0.925462,0.195493,-0.279770,-0.058343
23.0333,-0.127326,-0.132376,-0.071310,0.933912,0.197398,-0.281781,-0.057963
23.0667,-0.133589,-0.130928,-0.084787,0.939131,0.199510,-0.282521,-0.057421
23.1000,-0.138715,-0.130040,-0.088226,0.942684,0.201423,-0.282268,-0.056974
23.1333,-0.143735,-0.128242,-0.096389,0.949208,0.202715,-0.282167,-0.056975
23.1667,-0.148632,-0.125804,-0.108020,0.955819,0.203878,-0.282161,-0.057015
23.2000,-0.152690,-0.124649,-0.115191,0.961606,0.204817,-0.282262,-0.057062
23.2333,-0.155698,-0.125177,-0.116153,0.967281,0.205336,-0.282492,-0.057247
23.2667,-0.159510,-0.122651,-0.121704,0.975201,0.205782,-0.281674,-0.057813
23.3000,-0.164531,-0.117186,-0.138504,0.983644,0.206555,-0.280615,-0.058297
23.3333,-0.170403,-0.107463,-0.168876,0.995636,0.206844,-0.278810,-0.059320
23.3667,-0.172993,-0.104709,-0.178071,1.000544,0.207107,-0.278250,-0.059616
23.4000,-0.174381,-0.104807,-0.180180,1.004154,0.207140,-0.278415,-0.059827
23.4333,-0.176736,-0.102949,-0.191195,1.011336,0.206847,-0.278491,-0.060463
23.4667,-0.178101,-0.101994,-0.197377,1.016739,0.206463,-0.278528,-0.060987
23.5000,-0.178620,-0.102196,-0.200359,1.020615,0.205991,-0.278865,-0.061391
23.5333,-0.179638,-0.100968,-0.204477,1.023047,0.205983,-0.278591,-0.061618
23.5667,-0.180914,-0.099680,-0.213386,1.026655,0.205797,-0.278776,-0.061914
23.6000,-0.181920,-0.098402,-0.220919,1.029693,0.205600,-0.278826,-0.062196
23.6333,-0.182176,-0.098626,-0.221023,1.030621,0.205568,-0.278917,-0.062261
23.6667,-0.184103,-0.096201,-0.232088,1.033965,0.205681,-0.278696,-0.062496
23.7000,-0.188872,-0.089541,-0.260161,1.040656,0.206173,-0.277846,-0.062910
23.7333,-0.191654,-0.086238,-0.275787,1.044529,0.206466,-0.277511,-0.063073
23.7667,-0.193214,-0.085175,-0.284088,1.046804,0.206626,-0.277670,-0.063123
23.8000,-0.194624,-0.084277,-0.289429,1.048656,0.206860,-0.277621,-0.063162
23.8333,-0.195905,-0.083938,-0.292204,1.050400,0.207124,-0.277601,-0.063177
23.8667,-0.196848,-0.083339,-0.289407,1.051189,0.207531,-0.276907,-0.063164
23.9000,-0.198770,-0.080530,-0.293200,1.053189,0.208013,-0.275651,-0.063277
23.9333,-0.203553,-0.073770,-0.321241,1.060677,0.208240,-0.274448,-0.063849
23.9667,-0.208446,-0.069185,-0.347693,1.069267,0.208362,-0.274044,-0.064416
24.0000,-0.214606,-0.063380,-0.384802,1.080984,0.208174,-0.273670,-0.065289
24.0333,-0.218759,-0.063163,-0.408466,1.092897,0.207432,-0.274842,-0.066149
24.0667,-0.221052,-0.066532,-0.415171,1.098353,0.207483,-0.276769,-0.066193
24.1000,-0.219493,-0.073883,-0.397378,1.096847,0.207671,-0.279164,-0.065646
24.1333,-0.222200,-0.075911,-0.417667,1.099555,0.207897,-0.281836,-0.065353
24.1667,-0.224907,-0.078226,-0.442183,1.102383,0.207922,-0.284986,-0.065031
24.2000,-0.227773,-0.084103,-0.483947,1.106644,0.207094,-0.291398,-0.064560
24.2333,-0.226516,-0.090997,-0.496820,1.105602,0.206162,-0.296328,-0.063999
24.2667,-0.224372,-0.094973,-0.497147,1.104075,0.205344,-0.298698,-0.063836
24.3000,-0.222043,-0.095331,-0.488916,1.100120,0.205155,-0.298591,-0.063720
24.3333,-0.219692,-0.094144,-0.493754,1.090642,0.205269,-0.299266,-0.062937
24.3667,-0.216538,-0.094677,-0.494710,1.085530,0.204450,-0.300202,-0.062772
24.4000,-0.214763,-0.091743,-0.510414,1.085450,0.202824,-0.300206,-0.063426
24.4333,-0.209922,-0.091350,-0.506351,1.083086,0.200917,-0.300056,-0.064030
24.4667,-0.203279,-0.092388,-0.493726,1.077796,0.198961,-0.300184,-0.064419
24.5000,-0.192985,-0.097696,-0.463602,1.067546,0.196754,-0.301386,-0.064345
24.5333,-0.180077,-0.104528,-0.433728,1.055882,0.193414,-0.303466,-0.064401
24.5667,-0.165814,-0.116490,-0.397528,1.045836,0.189358,-0.307362,-0.064498
24.6000,-0.149796,-0.130402,-0.342891,1.035278,0.185085,-0.310196,-0.064808
24.6333,-0.129100,-0.152641,-0.248459,1.016335,0.180841,-0.313004,-0.064428
24.6667,-0.108212,-0.181880,-0.162932,0.991756,0.176568,-0.319495,-0.062730
24.7000,-0.091186,-0.202844,-0.117954,0.973095,0.171969,-0.325541,-0.061528
24.7333,-0.073983,-0.223605,-0.068216,0.952928,0.167375,-0.330413,-0.060348
24.7667,-0.060395,-0.239872,-0.022689,0.937617,0.163432,-0.333075,-0.059866
24.8000,-0.050774,-0.246802,-0.016079,0.928387,0.160171,-0.335818,-0.059468
24.8333,-0.045143,-0.244224,-0.041517,0.929542,0.156950,-0.338088,-0.060027
24.8667,-0.039915,-0.238486,-0.061541,0.933486,0.153385,-0.338115,-0.061484
24.9000,-0.033329,-0.236476,-0.063850,0.935836,0.149522,-0.337718,-0.062960
24.9333,-0.027512,-0.234461,-0.073597,0.935241,0.146522,-0.338172,-0.063679
24.9667,-0.023026,-0.234325,-0.090560,0.934329,0.144172,-0.340443,-0.063711
25.0000,-0.018395,-0.232796,-0.100498,0.932046,0.142061,-0.341106,-0.063970
25.0333,-0.013824,-0.230678,-0.110798,0.925498,0.140755,-0.341479,-0.063700
25.0667,-0.009502,-0.229381,-0.114103,0.926936,0.138183,-0.341440,-0.064574
25.1000,-0.006415,-0.229901,-0.126305,0.925433,0.136653,-0.343382,-0.064361
25.1333,-0.004836,-0.229179,-0.148084,0.928763,0.134804,-0.345911,-0.064467
25.1667,-0.004127,-0.229960,-0.176108,0.927248,0.134108,-0.349931,-0.063419
25.2000,-0.001814,-0.230919,-0.185131,0.915580,0.134841,-0.351702,-0.061756
25.2333,0.000897,-0.232115,-0.186905,0.907780,0.134816,-0.352654,-0.060837
25.2667,0.002959,-0.231834,-0.191529,0.904114,0.134291,-0.353213,-0.060514
25.3000,0.004618,-0.230775,-0.193852,0.901554,0.133831,-0.353072,-0.060480
25.3333,0.006185,-0.230366,-0.193789,0.899934,0.133311,-0.352928,-0.060532
25.3667,0.006572,-0.226110,-0.203100,0.899239,0.132978,-0.352082,-0.060814
25.4000,0.007036,-0.222255,-0.207138,0.898038,0.132839,-0.350746,-0.061146
25.4333,0.007665,-0.220047,-0.208403,0.897422,0.132587,-0.349852,-0.061418
25.4667,0.008566,-0.219048,-0.208501,0.897275,0.132143,-0.349402,-0.061644
25.5000,0.009734,-0.218828,-0.205763,0.897309,0.131608,-0.348969,-0.061911
25.5333,0.010642,-0.218775,-0.203816,0.896883,0.131267,-0.348719,-0.062039
25.5667,0.011269,-0.218578,-0.202498,0.896846,0.130983,-0.348469,-0.062188
25.6000,0.012038,-0.218822,-0.198675,0.897173,0.130629,-0.348104,-0.062414
25.6333,0.012616,-0.219199,-0.195466,0.895819,0.130663,-0.347891,-0.062351
25.6667,0.012942,-0.219249,-0.193665,0.894969,0.130697,-0.347692,-0.062328
25.7000,0.012932,-0.219002,-0.192779,0.893919,0.130915,-0.347459,-0.062252
25.7333,0.012944,-0.218861,-0.191796,0.893190,0.131069,-0.347262,-0.062203
25.7667,0.012869,-0.218898,-0.191388,0.891867,0.131361,-0.347231,-0.062021
25.8000,0.012822,-0.219245,-0.190914,0.889640,0.131804,-0.347349,-0.061676
25.8333,0.012840,-0.220294,-0.188238,0.887022,0.132344,-0.347519,-0.061262
25.8667,0.012385,-0.220516,-0.189528,0.886107,0.132711,-0.347792,-0.061010
25.9000,0.011849,-0.221025,-0.192341,0.885951,0.132942,-0.348406,-0.060760
25.9333,0.011537,-0.222889,-0.191321,0.885310,0.133248,-0.349180,-0.060409
25.9667,0.011381,-0.224065,-0.189408,0.884917,0.133452,-0.349495,-0.060229
26.0000,0.011117,-0.224866,-0.188833,0.885430,0.133511,-0.349800,-0.060171
26.0333,0.010968,-0.225320,-0.186342,0.886304,0.133496,-0.349679,-0.060289
26.0667,0.011185,-0.225886,-0.183493,0.886689,0.133390,-0.349574,-0.060370
26.1000,0.011178,-0.225495,-0.180549,0.886408,0.133519,-0.348985,-0.060485
26.1333,0.011434,-0.225275,-0.175178,0.885927,0.133609,-0.348158,-0.060650
26.1667,0.011353,-0.225051,-0.172639,0.885523,0.133786,-0.347699,-0.060697
26.2000,0.010784,-0.224927,-0.173714,0.886295,0.133913,-0.347764,-0.060717
26.2333,0.009899,-0.223974,-0.175757,0.887047,0.134183,-0.347542,-0.060780
26.2667,0.009149,-0.223331,-0.176434,0.888775,0.134242,-0.347287,-0.060988
26.3000,0.007752,-0.221172,-0.182874,0.892608,0.134104,-0.347032,-0.061435
26.3333,0.006383,-0.219159,-0.187479,0.897576,0.133790,-0.346588,-0.062080
26.3667,0.005275,-0.217667,-0.188896,0.904398,0.133081,-0.345964,-0.063030
26.4000,0.004325,-0.216620,-0.185101,0.912120,0.132253,-0.344870,-0.064216
26.4333,0.003089,-0.215201,-0.181943,0.914153,0.132600,-0.343699,-0.064621
26.4667,0.001780,-0.214203,-0.180220,0.915113,0.133148,-0.342925,-0.064762
26.5000,0.000877,-0.213415,-0.174249,0.914779,0.133826,-0.341720,-0.064876
26.5333,0.000328,-0.213437,-0.165056,0.914376,0.134399,-0.340506,-0.065009
26.5667,-0.000038,-0.213174,-0.151938,0.915400,0.134683,-0.338638,-0.065513
26.6000,-0.000353,-0.213469,-0.133747,0.915862,0.135112,-0.336383,-0.066029
26.6333,-0.001586,-0.213386,-0.123208,0.914657,0.136160,-0.334901,-0.066025
26.6667,-0.002759,-0.212647,-0.109463,0.912525,0.137384,-0.332657,-0.066082
26.7000,-0.003768,-0.211164,-0.090969,0.909659,0.138693,-0.329390,-0.066287
26.7333,-0.005532,-0.208672,-0.084560,0.908530,0.139895,-0.327202,-0.066364
26.7667,-0.008449,-0.206550,-0.089408,0.909113,0.141241,-0.326688,-0.066161
26.8000,-0.011201,-0.205060,-0.093474,0.909437,0.142559,-0.326388,-0.065885
26.8333,-0.013511,-0.204789,-0.093358,0.908299,0.143968,-0.326140,-0.065447
26.8667,-0.015905,-0.204065,-0.093004,0.907160,0.145421,-0.325629,-0.065056
26.9000,-0.018193,-0.203152,-0.089919,0.905116,0.147018,-0.324650,-0.064652
26.9333,-0.020228,-0.201258,-0.082146,0.901752,0.148774,-0.322536,-0.064341
26.9667,-0.022598,-0.199094,-0.076144,0.898600,0.150633,-0.320504,-0.063979
27.0000,-0.026628,-0.191627,-0.084304,0.899161,0.152508,-0.317725,-0.064083
27.0333,-0.029411,-0.191783,-0.076053,0.896255,0.154557,-0.316536,-0.063478
27.0667,-0.034437,-0.190293,-0.080463,0.896373,0.157060,-0.316199,-0.062817
27.1000,-0.041507,-0.184852,-0.097575,0.901278,0.159588,-0.315573,-0.062604
27.1333,-0.050640,-0.173303,-0.132664,0.910879,0.161997,-0.314171,-0.062960
27.1667,-0.060568,-0.158407,-0.175293,0.923848,0.163896,-0.311836,-0.063923
27.2000,-0.069711,-0.145759,-0.209736,0.937068,0.165374,-0.309328,-0.065040
27.2333,-0.078242,-0.137442,-0.235188,0.953079,0.166199,-0.307619,-0.066403
27.2667,-0.088226,-0.126177,-0.272808,0.968149,0.167484,-0.305631,-0.067549
27.3000,-0.100273,-0.113571,-0.317678,0.983412,0.169413,-0.303413,-0.068536
27.3333,-0.114577,-0.098950,-0.379653,0.997425,0.171854,-0.301666,-0.069100
27.3667,-0.123025,-0.096774,-0.391411,1.007612,0.173974,-0.300865,-0.069233
27.4000,-0.131157,-0.095801,-0.393187,1.016360,0.176595,-0.299670,-0.069189
27.4333,-0.138702,-0.093374,-0.382588,1.024229,0.179557,-0.296450,-0.069289
27.4667,-0.148669,-0.092656,-0.384767,1.032447,0.183178,-0.295376,-0.068787
27.5000,-0.155096,-0.093280,-0.373766,1.039278,0.185740,-0.293816,-0.068505
27.5333,-0.160821,-0.091404,-0.361615,1.042696,0.188519,-0.291081,-0.068140
27.5667,-0.169536,-0.087284,-0.379409,1.048042,0.191366,-0.290060,-0.067597
27.6000,-0.180602,-0.079638,-0.417631,1.057703,0.193830,-0.288808,-0.067510
27.6333,-0.184196,-0.080428,-0.399563,1.056117,0.196654,-0.287283,-0.066490
27.6667,-0.189691,-0.077957,-0.391060,1.056943,0.199603,-0.284795,-0.065802
27.7000,-0.197151,-0.075667,-0.401237,1.063464,0.201882,-0.283834,-0.065468
27.7333,-0.201907,-0.074669,-0.399564,1.066643,0.203810,-0.282673,-0.065015
27.7667,-0.205603,-0.072441,-0.388036,1.068175,0.205815,-0.280050,-0.064673
27.8000,-0.208463,-0.070571,-0.381528,1.069251,0.207281,-0.278183,-0.064355
27.8333,-0.210255,-0.069214,-0.374684,1.068400,0.208545,-0.276724,-0.063941
27.8667,-0.212940,-0.068061,-0.383172,1.069407,0.209418,-0.276760,-0.063617
27.9000,-0.214410,-0.068114,-0.387470,1.069774,0.209946,-0.277108,-0.063345
27.9333,-0.215124,-0.068283,-0.388582,1.069535,0.210309,-0.277279,-0.063139
27.9667,-0.215381,-0.068451,-0.389432,1.069382,0.210436,-0.277444,-0.063038
28.0000,-0.215416,-0.068188,-0.391214,1.069470,0.210371,-0.277473,-0.063056
28.0333,-0.214630,-0.068032,-0.391987,1.068594,0.210092,-0.277557,-0.063080
28.0667,-0.213181,-0.067997,-0.391220,1.067181,0.209626,-0.277623,-0.063157
28.1000,-0.211186,-0.067640,-0.390132,1.065414,0.208951,-0.277537,-0.063318
28.1333,-0.208730,-0.067095,-0.388741,1.063415,0.208091,-0.277359,-0.063555
28.1667,-0.205566,-0.066599,-0.385191,1.060829,0.207051,-0.277059,-0.063839
28.2000,-0.202109,-0.065895,-0.380964,1.057962,0.205932,-0.276611,-0.064164
28.2333,-0.198268,-0.065120,-0.377341,1.054807,0.204645,-0.276218,-0.064519
28.2667,-0.193633,-0.065069,-0.370587,1.051171,0.203158,-0.275944,-0.064900
28.3000,-0.188220,-0.065462,-0.360613,1.046153,0.201630,-0.275671,-0.065200
28.3333,-0.181796,-0.065998,-0.345727,1.040467,0.199868,-0.275014,-0.065586
28.3667,-0.172935,-0.068595,-0.312407,1.032888,0.197800,-0.273604,-0.066046
28.4000,-0.164665,-0.069666,-0.288184,1.025084,0.195707,-0.272261,-0.066481
28.4333,-0.155228,-0.070222,-0.261364,1.016280,0.193224,-0.270345,-0.067023
28.4667,-0.146022,-0.069852,-0.239889,1.009261,0.190349,-0.268389,-0.067836
28.5000,-0.138169,-0.069143,-0.238723,1.006284,0.186918,-0.268363,-0.068875
28.5333,-0.127889,-0.074504,-0.223837,1.001545,0.182961,-0.270053,-0.069736
28.5667,-0.120331,-0.074356,-0.232462,1.002541,0.178724,-0.271318,-0.071168
28.6000,-0.110390,-0.072432,-0.236772,0.999480,0.174081,-0.271351,-0.072480
28.6333,-0.099974,-0.071586,-0.239511,0.996714,0.169175,-0.271782,-0.073860
28.6667,-0.090657,-0.067306,-0.258250,0.994731,0.164208,-0.272225,-0.075257
28.7000,-0.076248,-0.069865,-0.251928,0.988743,0.158087,-0.273608,-0.076478
28.7333,-0.059452,-0.075839,-0.258009,0.990333,0.148974,-0.278015,-0.078604
28.7667,-0.048297,-0.077196,-0.275255,0.992758,0.142185,-0.281112,-0.080412
28.8000,-0.035592,-0.079212,-0.277154,0.987472,0.136479,-0.283061,-0.081285
28.8333,-0.021741,-0.081579,-0.269770,0.986737,0.129615,-0.283925,-0.082851
28.8667,-0.008246,-0.084359,-0.258139,0.982021,0.123788,-0.284630,-0.083846
28.9000,0.003984,-0.090791,-0.229845,0.973060,0.119894,-0.285297,-0.084096
28.9333,0.012414,-0.096661,-0.212120,0.956601,0.119065,-0.286949,-0.082899
28.9667,0.025277,-0.107968,-0.170597,0.951969,0.114231,-0.288031,-0.083394
29.0000,0.047472,-0.141804,-0.075028,0.904376,0.113326,-0.293777,-0.078764
29.0333,0.056808,-0.158705,-0.028243,0.877864,0.113774,-0.295947,-0.076313
29.0667,0.058046,-0.163910,-0.041155,0.869574,0.114577,-0.300339,-0.074713
29.1000,0.065732,-0.181210,-0.026049,0.836635,0.116836,-0.306453,-0.069980
29.1333,0.067994,-0.201370,-0.016647,0.822783,0.118180,-0.314821,-0.066843
29.1667,0.063985,-0.210263,-0.022906,0.821944,0.120325,-0.320019,-0.065286
29.2000,0.055156,-0.212185,-0.033087,0.827746,0.123733,-0.322374,-0.064630
29.2333,0.043917,-0.214129,-0.023673,0.818097,0.131289,-0.321359,-0.062164
29.2667,0.042256,-0.228592,0.091003,0.771313,0.139828,-0.309001,-0.057874
29.3000,0.034003,-0.236264,0.172631,0.708824,0.152540,-0.295741,-0.050054
29.3333,0.014417,-0.219414,0.176613,0.704618,0.162707,-0.285976,-0.048063
29.3667,-0.008048,-0.224194,0.162204,0.733636,0.169604,-0.291474,-0.048054
29.4000,-0.039015,-0.204001,0.101036,0.751833,0.183237,-0.291203,-0.045242
29.4333,-0.075187,-0.177400,-0.003532,0.757889,0.200729,-0.293623,-0.038515
29.4667,-0.101063,-0.178835,-0.019157,0.734271,0.216665,-0.294750,-0.028618
29.5000,-0.129415,-0.175167,-0.047282,0.760302,0.226230,-0.296670,-0.026691
29.5333,-0.161949,-0.174160,-0.085594,0.762134,0.240913,-0.300454,-0.018847
29.5667,-0.187066,-0.175935,-0.096766,0.750307,0.254000,-0.301234,-0.010040
29.6000,-0.208935,-0.186939,-0.065526,0.788483,0.259380,-0.300992,-0.011406
29.6333,-0.229753,-0.192211,-0.058867,0.801627,0.267228,-0.301428,-0.008043
29.6667,-0.251042,-0.197168,-0.059450,0.787826,0.278662,-0.302025,0.000686
29.7000,-0.275398,-0.200731,-0.061076,0.780872,0.290349,-0.302028,0.009035
29.7333,-0.299992,-0.198136,-0.090824,0.763578,0.302749,-0.303085,0.020102
29.7667,-0.321398,-0.192358,-0.122226,0.761884,0.311604,-0.303576,0.027091
29.8000,-0.330645,-0.189787,-0.132952,0.764392,0.315013,-0.303277,0.029694
29.8333,-0.334068,-0.189350,-0.139806,0.754357,0.317339,-0.303650,0.033068
29.8667,-0.321244,-0.195828,-0.131293,0.704300,0.317058,-0.305188,0.040417
29.9000,-0.305612,-0.202652,-0.111622,0.639629,0.316856,-0.304525,0.049379
29.9333,-0.279821,-0.260982,0.007098,0.564060,0.313636,-0.308010,0.059353
29.9667,-0.266906,-0.305719,0.074628,0.525333,0.310914,-0.313638,0.064732
30.0000,-0.258120,-0.319031,0.086873,0.497358,0.309172,-0.315653,0.068702
30.0333,-0.251768,-0.321450,0.076853,0.477435,0.308105,-0.317562,0.071860
30.0667,-0.242402,-0.317141,0.049261,0.443664,0.306792,-0.319269,0.077549
30.1000,-0.235471,-0.304013,0.014285,0.418887,0.305719,-0.319586,0.081274
30.1333,-0.226608,-0.295898,-0.004881,0.400062,0.303386,-0.319589,0.082862
30.1667,-0.218542,-0.287082,-0.024926,0.392252,0.300706,-0.320229,0.082258
30.2000,-0.211375,-0.279946,-0.036264,0.386422,0.298261,-0.319884,0.081148
30.2333,-0.203640,-0.271017,-0.051324,0.383120,0.295402,-0.319761,0.079410
30.2667,-0.198269,-0.264617,-0.061585,0.391417,0.292830,-0.320155,0.075765
30.3000,-0.193375,-0.252443,-0.079379,0.401692,0.290156,-0.319719,0.071594
30.3333,-0.185192,-0.251812,-0.069465,0.427888,0.285526,-0.319299,0.063151
30.3667,-0.178939,-0.250634,-0.072762,0.441315,0.282106,-0.320567,0.058573
30.4000,-0.172657,-0.251832,-0.075114,0.453875,0.278664,-0.322577,0.054472
30.4333,-0.166873,-0.254503,-0.078984,0.472207,0.274865,-0.325726,0.049581
30.4667,-0.161335,-0.255439,-0.075703,0.487490,0.271411,-0.326572,0.044860
30.5000,-0.156371,-0.255102,-0.071297,0.505344,0.267890,-0.326728,0.039597
30.5333,-0.150229,-0.246473,-0.075128,0.505400,0.265277,-0.324166,0.037172
30.5667,-0.149249,-0.235482,-0.087332,0.508358,0.264419,-0.322023,0.035371
30.6000,-0.148073,-0.228839,-0.093317,0.512264,0.263476,-0.320546,0.033710
30.6333,-0.146462,-0.225913,-0.095720,0.508272,0.263120,-0.319711,0.033878
30.6667,-0.145121,-0.222868,-0.097112,0.500120,0.263265,-0.318469,0.034908
30.7000,-0.144190,-0.222408,-0.095751,0.493545,0.263482,-0.317839,0.035901
30.7333,-0.143823,-0.223953,-0.092375,0.489077,0.263779,-0.317708,0.036749
30.7667,-0.144620,-0.224062,-0.092942,0.489347,0.264076,-0.317828,0.036907
30.8000,-0.146065,-0.224175,-0.093595,0.490013,0.264609,-0.317937,0.037157
30.8333,-0.148272,-0.224072,-0.094517,0.489330,0.265570,-0.317904,0.037866
30.8667,-0.151156,-0.223431,-0.097332,0.489086,0.266740,-0.317979,0.038684
30.9000,-0.154770,-0.221827,-0.101267,0.490183,0.268073,-0.317860,0.039343
30.9333,-0.158179,-0.220877,-0.102180,0.486487,0.269779,-0.317265,0.040924
30.9667,-0.161700,-0.220347,-0.101446,0.484048,0.271448,-0.316563,0.042255
31.0000,-0.165498,-0.220298,-0.101364,0.485710,0.272876,-0.316319,0.042888
31.0333,-0.170733,-0.220611,-0.103125,0.496529,0.274105,-0.316825,0.042066
31.0667,-0.175972,-0.221298,-0.104613,0.509141,0.275182,-0.317482,0.040954
31.1000,-0.181439,-0.225916,-0.106089,0.524091,0.276137,-0.319908,0.039895
31.1333,-0.186136,-0.229423,-0.102566,0.540280,0.276737,-0.321000,0.038080
31.1667,-0.190341,-0.232932,-0.098148,0.556150,0.277142,-0.321971,0.036191
31.2000,-0.193187,-0.233430,-0.098515,0.560606,0.277917,-0.322200,0.036175
31.2333,-0.195232,-0.233336,-0.096698,0.567818,0.278142,-0.321928,0.035174
31.2667,-0.197011,-0.232369,-0.097903,0.568001,0.278851,-0.321598,0.035563
31.3000,-0.200374,-0.224118,-0.114455,0.573046,0.279491,-0.320960,0.035059
31.3333,-0.204645,-0.209954,-0.141956,0.582771,0.279779,-0.319743,0.033463
31.3667,-0.203833,-0.208411,-0.142338,0.583593,0.279356,-0.319188,0.032980
31.4000,-0.202063,-0.206158,-0.142285,0.584682,0.278509,-0.318317,0.032033
31.4333,-0.198648,-0.204799,-0.138548,0.582857,0.277329,-0.317205,0.031247
31.4667,-0.194111,-0.203553,-0.137585,0.585798,0.275147,-0.316853,0.029297
31.5000,-0.187860,-0.203168,-0.133904,0.589302,0.272232,-0.316516,0.026806
31.5333,-0.177996,-0.205830,-0.113632,0.587269,0.268647,-0.314577,0.024327
31.5667,-0.165168,-0.204795,-0.068014,0.578191,0.264756,-0.306220,0.021122
31.6000,-0.147403,-0.217235,0.004517,0.575218,0.257769,-0.299322,0.015747
31.6333,-0.132998,-0.229354,0.038378,0.576521,0.251223,-0.299475,0.011701
31.6667,-0.117408,-0.243571,0.077778,0.575593,0.244070,-0.299531,0.007743
31.7000,-0.104677,-0.245415,0.092032,0.582965,0.237368,-0.298970,0.002865
31.7333,-0.090790,-0.246757,0.110409,0.580270,0.231125,-0.296880,-0.000502
31.7667,-0.076597,-0.248047,0.126986,0.581890,0.224180,-0.295367,-0.004588
31.8000,-0.062459,-0.250314,0.139903,0.589356,0.216539,-0.295335,-0.009367
31.8333,-0.048150,-0.252593,0.152890,0.599319,0.208378,-0.295482,-0.014501
31.8667,-0.034800,-0.255324,0.157085,0.604530,0.201405,-0.297041,-0.018021
31.9000,-0.022839,-0.254179,0.151797,0.605116,0.195899,-0.298118,-0.020287
31.9333,-0.010667,-0.252448,0.153157,0.609406,0.189575,-0.297978,-0.023524
31.9667,0.000178,-0.248375,0.146972,0.616027,0.183711,-0.298166,-0.026705
32.0000,0.011578,-0.245113,0.154593,0.635574,0.175298,-0.297103,-0.032594
32.0333,0.022647,-0.242431,0.161390,0.657154,0.166594,-0.296542,-0.038454
32.0667,0.029256,-0.238113,0.131423,0.692420,0.158703,-0.302046,-0.044222
32.1000,0.031591,-0.234361,0.084742,0.774205,0.144896,-0.312317,-0.055374
32.1333,0.034980,-0.226178,0.060060,0.801202,0.138769,-0.313514,-0.059622
32.1667,0.035909,-0.218435,0.023176,0.833661,0.132713,-0.316528,-0.063786
32.2000,0.032774,-0.190978,-0.041601,0.865455,0.128411,-0.313054,-0.068584
32.2333,0.027690,-0.162562,-0.125021,0.899556,0.123707,-0.310560,-0.073219
32.2667,0.029033,-0.156286,-0.135717,0.907523,0.121332,-0.308862,-0.074822
32.3000,0.029621,-0.153747,-0.133601,0.916043,0.119446,-0.307280,-0.076341
32.3333,0.028133,-0.150531,-0.135266,0.921832,0.119087,-0.305801,-0.077233
32.3667,0.027153,-0.146935,-0.146102,0.923694,0.119049,-0.305348,-0.077431
32.4000,0.024264,-0.139529,-0.171435,0.928880,0.119035,-0.304754,-0.077978
32.4333,0.022353,-0.128711,-0.178778,0.940937,0.117587,-0.299931,-0.080166
32.4667,0.020184,-0.125050,-0.187452,0.941376,0.118435,-0.299096,-0.080158
32.5000,0.018070,-0.121183,-0.195789,0.942812,0.119067,-0.298086,-0.080301
32.5333,0.014253,-0.114342,-0.204376,0.945997,0.120237,-0.295496,-0.080775
32.5667,0.010360,-0.111006,-0.207396,0.951051,0.121244,-0.293919,-0.081215
32.6000,0.002577,-0.099995,-0.246464,0.957641,0.122947,-0.292698,-0.081528
32.6333,-0.003498,-0.098889,-0.246705,0.956265,0.126379,-0.292021,-0.080785
32.6667,-0.007374,-0.098898,-0.241834,0.955030,0.128802,-0.291319,-0.080153
32.7000,-0.010903,-0.096849,-0.214090,0.952711,0.131875,-0.286760,-0.079974
32.7333,-0.015980,-0.094413,-0.205099,0.950791,0.135115,-0.284251,-0.079351
32.7667,-0.021663,-0.093694,-0.203088,0.949077,0.138440,-0.283471,-0.078450
32.8000,-0.028197,-0.092966,-0.205634,0.949638,0.141659,-0.283172,-0.077679
32.8333,-0.034179,-0.093182,-0.189788,0.949480,0.145180,-0.281062,-0.077032
32.8667,-0.042960,-0.094819,-0.165308,0.960176,0.148274,-0.278290,-0.077480
32.9000,-0.050223,-0.099891,-0.134977,0.963694,0.151946,-0.276759,-0.076853
32.9333,-0.057053,-0.103205,-0.121537,0.966462,0.155176,-0.276474,-0.076066
32.9667,-0.063021,-0.103921,-0.120448,0.962561,0.158993,-0.276479,-0.074533
33.0000,-0.069187,-0.105364,-0.113043,0.965730,0.161682,-0.276024,-0.074024
33.0333,-0.077012,-0.104711,-0.114980,0.972475,0.164425,-0.275566,-0.073747
33.0667,-0.084774,-0.104177,-0.128878,0.976817,0.167418,-0.276634,-0.072922
33.1000,-0.090862,-0.105507,-0.135308,0.979038,0.170050,-0.277818,-0.072033
33.1333,-0.095554,-0.106795,-0.133212,0.979236,0.172457,-0.278012,-0.071197
33.1667,-0.099997,-0.107317,-0.129747,0.980812,0.174495,-0.277645,-0.070669
33.2000,-0.103725,-0.103396,-0.125677,0.979337,0.176695,-0.274949,-0.070136
33.2333,-0.106216,-0.102687,-0.113871,0.976298,0.178661,-0.273025,-0.069452
33.2667,-0.109432,-0.101790,-0.107471,0.974378,0.180706,-0.271629,-0.068765
33.3000,-0.113766,-0.100629,-0.109303,0.973549,0.183020,-0.271058,-0.067953
33.3333,-0.117880,-0.098833,-0.114788,0.974195,0.184907,-0.270604,-0.067353
33.3667,-0.122164,-0.096568,-0.124492,0.976226,0.186571,-0.270412,-0.066913
33.4000,-0.128416,-0.090381,-0.147674,0.980637,0.188555,-0.269717,-0.066615
33.4333,-0.131652,-0.090548,-0.151735,0.981721,0.189941,-0.270114,-0.066096
33.4667,-0.134496,-0.090129,-0.153836,0.983611,0.191004,-0.269987,-0.065846
33.5000,-0.137370,-0.090483,-0.156287,0.985996,0.191994,-0.270295,-0.065612
33.5333,-0.140568,-0.091520,-0.161018,0.988102,0.193165,-0.271221,-0.065212
33.5667,-0.144304,-0.091748,-0.168170,0.991400,0.194346,-0.271968,-0.064922
33.6000,-0.148376,-0.091237,-0.174023,0.993322,0.195949,-0.272172,-0.064434
33.6333,-0.152293,-0.091029,-0.180974,0.998144,0.196945,-0.272608,-0.064337
33.6667,-0.156247,-0.090772,-0.188984,1.004404,0.197681,-0.273101,-0.064441
33.7000,-0.160814,-0.089986,-0.202533,1.009497,0.198809,-0.273934,-0.064260
33.7333,-0.164097,-0.089906,-0.205705,1.011216,0.200097,-0.274048,-0.063851
33.7667,-0.167474,-0.090154,-0.210386,1.014186,0.201180,-0.274473,-0.063574
33.8000,-0.170830,-0.090139,-0.215487,1.015944,0.202453,-0.274834,-0.063140
33.8333,-0.174272,-0.089993,-0.220233,1.017524,0.203803,-0.275082,-0.062678
33.8667,-0.178241,-0.088927,-0.225878,1.020261,0.205183,-0.274891,-0.062351
33.9000,-0.181915,-0.087948,-0.232713,1.023796,0.206247,-0.274858,-0.062154
33.9333,-0.184723,-0.087275,-0.238022,1.025765,0.207185,-0.274890,-0.061877
33.9667,-0.187286,-0.086683,-0.243582,1.027374,0.208055,-0.275017,-0.061603
34.0000,-0.189611,-0.086842,-0.247522,1.028925,0.208860,-0.275367,-0.061327
34.0333,-0.191794,-0.086806,-0.252241,1.030948,0.209490,-0.275690,-0.061154
34.0667,-0.194137,-0.087107,-0.258657,1.033109,0.210137,-0.276362,-0.060942
34.1000,-0.196418,-0.087095,-0.265609,1.035232,0.210740,-0.276926,-0.060755
34.1333,-0.198780,-0.086907,-0.274893,1.038107,0.211187,-0.277614,-0.060665
34.1667,-0.200306,-0.086451,-0.280121,1.039960,0.211490,-0.277788,-0.060625
34.2000,-0.201809,-0.086718,-0.287342,1.042286,0.211653,-0.278539,-0.060603
34.2333,-0.203631,-0.086702,-0.298874,1.045452,0.211703,-0.279547,-0.060651
34.2667,-0.205163,-0.087574,-0.310101,1.048948,0.211563,-0.280969,-0.060733
34.3000,-0.206235,-0.087928,-0.318055,1.051657,0.211409,-0.281817,-0.060852
34.3333,-0.207186,-0.088451,-0.325873,1.054381,0.211193,-0.282736,-0.060985
34.3667,-0.207919,-0.088767,-0.331951,1.057030,0.210928,-0.283372,-0.061176
34.4000,-0.208433,-0.088845,-0.336174,1.059192,0.210688,-0.283719,-0.061366
34.4333,-0.208912,-0.089115,-0.341282,1.061351,0.210404,-0.284255,-0.061542
34.4667,-0.209173,-0.089324,-0.345144,1.063045,0.210128,-0.284662,-0.061703
34.5000,-0.209248,-0.090405,-0.348637,1.064780,0.209771,-0.285495,-0.061833
34.5333,-0.208350,-0.092646,-0.345395,1.065305,0.209358,-0.286363,-0.061895
34.5667,-0.208124,-0.093117,-0.346649,1.066430,0.209017,-0.286697,-0.062065
34.6000,-0.207857,-0.093893,-0.347072,1.067937,0.208621,-0.287088,-0.062268
34.6333,-0.208451,-0.094693,-0.350345,1.070812,0.208334,-0.287668,-0.062500
34.6667,-0.209949,-0.094708,-0.363633,1.073761,0.208154,-0.288774,-0.062584
34.7000,-0.212205,-0.094618,-0.382400,1.077840,0.207966,-0.290239,-0.062692
34.7333,-0.215732,-0.091550,-0.409708,1.087276,0.207158,-0.290514,-0.063584
34.7667,-0.218159,-0.089597,-0.437611,1.092003,0.206532,-0.291670,-0.063901
34.8000,-0.221422,-0.085887,-0.470884,1.098269,0.205794,-0.292160,-0.064514
34.8333,-0.223632,-0.086195,-0.499877,1.102819,0.204966,-0.294458,-0.064715
34.8667,-0.226019,-0.088383,-0.539969,1.107802,0.203624,-0.298584,-0.064804
34.9000,-0.227043,-0.089914,-0.568724,1.110521,0.202387,-0.301550,-0.064914
34.9333,-0.225428,-0.090369,-0.578598,1.110864,0.201034,-0.302663,-0.065238
34.9667,-0.221837,-0.090456,-0.578132,1.109183,0.199478,-0.303006,-0.065657
35.0000,-0.217677,-0.090383,-0.580044,1.107048,0.197580,-0.303541,-0.066150
35.0333,-0.213761,-0.088419,-0.585825,1.105831,0.195453,-0.303309,-0.066945
35.0667,-0.208631,-0.086457,-0.586220,1.103141,0.193196,-0.302817,-0.067720
35.1000,-0.200833,-0.085385,-0.578872,1.096867,0.190521,-0.302599,-0.068332
35.1333,-0.192742,-0.084432,-0.572470,1.092940,0.187283,-0.302309,-0.069341
35.1667,-0.182844,-0.084344,-0.557838,1.085816,0.184041,-0.302108,-0.070094
35.2000,-0.171737,-0.084358,-0.543360,1.076201,0.180567,-0.302201,-0.070686
35.2333,-0.160275,-0.084966,-0.527342,1.067658,0.176825,-0.302325,-0.071432
35.2667,-0.147943,-0.086169,-0.508129,1.055135,0.173447,-0.302749,-0.071692
35.3000,-0.134464,-0.087422,-0.488911,1.039081,0.170067,-0.303406,-0.071611
35.3333,-0.117173,-0.094242,-0.454435,1.018150,0.166322,-0.305723,-0.070898
35.3667,-0.102334,-0.100972,-0.434394,1.002663,0.162226,-0.308783,-0.070566
35.4000,-0.086455,-0.113891,-0.420101,0.991666,0.156572,-0.315237,-0.070167
35.4333,-0.075543,-0.123365,-0.426661,0.978508,0.152815,-0.322132,-0.068940
35.4667,-0.064156,-0.130978,-0.418506,0.967534,0.149164,-0.326215,-0.068293
35.5000,-0.057865,-0.140058,-0.458840,0.967519,0.143760,-0.335692,-0.067575
35.5333,-0.049098,-0.144544,-0.482005,0.964199,0.138421,-0.341112,-0.067388
35.5667,-0.037553,-0.150954,-0.488590,0.951955,0.134015,-0.346339,-0.066176
35.6000,-0.029004,-0.163447,-0.484533,0.942927,0.131253,-0.353102,-0.064421
35.6333,-0.021849,-0.173996,-0.449001,0.940063,0.130049,-0.354729,-0.064179
35.6667,-0.011935,-0.191172,-0.403069,0.925712,0.129828,-0.358903,-0.061758
35.7000,-0.005850,-0.201890,-0.373037,0.910058,0.130877,-0.361421,-0.059473
35.7333,-0.003160,-0.208602,-0.356824,0.900107,0.131984,-0.363165,-0.057850
35.7667,0.000608,-0.216653,-0.335788,0.887620,0.133197,-0.364938,-0.055845
35.8000,0.003136,-0.222699,-0.310262,0.883957,0.133664,-0.364751,-0.055507
35.8333,0.005815,-0.231541,-0.277397,0.878475,0.134595,-0.364915,-0.054726
35.8667,0.005485,-0.234721,-0.263434,0.881082,0.134828,-0.364549,-0.055049
35.9000,0.003720,-0.234971,-0.258301,0.883002,0.135585,-0.363898,-0.055238
35.9333,0.002110,-0.236174,-0.249431,0.883560,0.136636,-0.363237,-0.055214
35.9667,0.000971,-0.241390,-0.225996,0.883936,0.137941,-0.362609,-0.055115
36.0000,-0.004728,-0.237807,-0.229648,0.891582,0.139391,-0.361087,-0.055925
36.0333,-0.009267,-0.236102,-0.221772,0.909768,0.138723,-0.358891,-0.058370
36.0667,-0.013246,-0.234680,-0.209657,0.917337,0.139775,-0.356413,-0.059461
36.1000,-0.017139,-0.235622,-0.186488,0.930049,0.140087,-0.353704,-0.061269
36.1333,-0.020470,-0.234126,-0.168424,0.940266,0.140366,-0.350511,-0.062909
36.1667,-0.024532,-0.233000,-0.157181,0.942501,0.142308,-0.348380,-0.063144
36.2000,-0.028175,-0.230741,-0.137130,0.944437,0.144231,-0.344597,-0.063811
36.2333,-0.031713,-0.225768,-0.123159,0.945006,0.146206,-0.340199,-0.064435
36.2667,-0.035783,-0.219665,-0.121059,0.945713,0.148226,-0.336707,-0.064783
36.3000,-0.039748,-0.214992,-0.123684,0.946563,0.150090,-0.334534,-0.064830
36.3333,-0.043525,-0.210352,-0.127060,0.949234,0.151504,-0.332484,-0.065121
36.3667,-0.047097,-0.207458,-0.135496,0.951897,0.152728,-0.331946,-0.065072
36.4000,-0.050236,-0.206130,-0.145769,0.954545,0.153690,-0.332436,-0.064848
36.4333,-0.052794,-0.204937,-0.155019,0.957760,0.154254,-0.332877,-0.064804
36.4667,-0.054285,-0.204875,-0.157618,0.960702,0.154440,-0.333100,-0.064909
36.5000,-0.055191,-0.205457,-0.159027,0.962637,0.154530,-0.333523,-0.064912
36.5333,-0.055826,-0.206388,-0.161729,0.964408,0.154482,-0.334293,-0.064858
36.5667,-0.055881,-0.207022,-0.161468,0.965495,0.154318,-0.334574,-0.064913
36.6000,-0.055915,-0.207187,-0.163352,0.966785,0.154060,-0.334880,-0.065007
36.6333,-0.056263,-0.207057,-0.167058,0.967114,0.154104,-0.335254,-0.064929
36.6667,-0.056217,-0.207022,-0.169466,0.967078,0.154038,-0.335530,-0.064868
36.7000,-0.056118,-0.206893,-0.172301,0.966665,0.154003,-0.335816,-0.064771
36.7333,-0.055970,-0.206669,-0.175067,0.966768,0.153848,-0.336046,-0.064767
36.7667,-0.055537,-0.206512,-0.175847,0.966883,0.153586,-0.336078,-0.064845
36.8000,-0.054608,-0.206300,-0.172787,0.964900,0.153534,-0.335644,-0.064813
36.8333,-0.053652,-0.206202,-0.169679,0.963237,0.153409,-0.335259,-0.064818
36.8667,-0.052584,-0.206220,-0.165657,0.962005,0.153165,-0.334820,-0.064906
36.9000,-0.051838,-0.206178,-0.165145,0.961346,0.152908,-0.334767,-0.064945
36.9333,-0.051485,-0.206162,-0.166499,0.961527,0.152662,-0.334941,-0.064997
36.9667,-0.051731,-0.205834,-0.169318,0.962045,0.152633,-0.335114,-0.065018
37.0000,-0.051898,-0.205620,-0.172908,0.962643,0.152534,-0.335437,-0.065008
37.0333,-0.052047,-0.205334,-0.175959,0.963703,0.152350,-0.335656,-0.065092
37.0667,-0.052704,-0.204777,-0.182872,0.966331,0.152053,-0.336177,-0.065258
37.1000,-0.053145,-0.204122,-0.190758,0.969131,0.151586,-0.336763,-0.065455
37.1333,-0.054719,-0.200033,-0.202991,0.976869,0.150681,-0.336028,-0.066528
37.1667,-0.055311,-0.197711,-0.210311,0.979873,0.150255,-0.335658,-0.066959
37.2000,-0.055302,-0.196200,-0.213017,0.981561,0.149871,-0.335187,-0.067314
37.2333,-0.055434,-0.194571,-0.215494,0.982696,0.149665,-0.334632,-0.067604
37.2667,-0.056328,-0.190728,-0.226878,0.985068,0.149389,-0.333947,-0.068029
37.3000,-0.058347,-0.183158,-0.247258,0.989567,0.149035,-0.332311,-0.068878
37.3333,-0.063138,-0.171000,-0.290578,0.997479,0.148713,-0.330702,-0.069961
37.3667,-0.065485,-0.164765,-0.316088,0.998790,0.148809,-0.330271,-0.070112
37.4000,-0.066137,-0.161638,-0.327706,0.999394,0.148612,-0.329932,-0.070286
37.4333,-0.067294,-0.155246,-0.347448,1.001348,0.148094,-0.328741,-0.070852
37.4667,-0.068421,-0.147993,-0.372851,1.003943,0.147172,-0.327669,-0.071539
37.5000,-0.070713,-0.141165,-0.403372,1.005259,0.146788,-0.327359,-0.071842
37.5333,-0.073149,-0.134689,-0.429174,1.006370,0.146653,-0.326673,-0.072144
37.5667,-0.076652,-0.125409,-0.464913,1.007364,0.146518,-0.325521,-0.072528
37.6000,-0.077087,-0.122910,-0.470657,1.005841,0.146705,-0.324929,-0.072497
37.6333,-0.077143,-0.122420,-0.471921,1.004139,0.146954,-0.324931,-0.072306
37.6667,-0.076719,-0.122898,-0.466449,1.002531,0.147292,-0.324726,-0.072146
37.7000,-0.076796,-0.123322,-0.462746,1.001548,0.147691,-0.324617,-0.071996
37.7333,-0.077284,-0.123727,-0.458500,1.000875,0.148280,-0.324402,-0.071842
37.7667,-0.078316,-0.124016,-0.456087,1.000417,0.149022,-0.324287,-0.071632
37.8000,-0.079348,-0.123577,-0.450620,0.999734,0.149957,-0.323479,-0.071502
37.8333,-0.081424,-0.122608,-0.449705,0.999307,0.151157,-0.322835,-0.071283
37.8667,-0.084981,-0.120813,-0.458262,0.999887,0.152474,-0.322663,-0.070992
37.9000,-0.089598,-0.117880,-0.469498,1.002021,0.153936,-0.322033,-0.070877
37.9333,-0.094181,-0.115330,-0.471504,1.004830,0.155749,-0.320553,-0.070886
37.9667,-0.099338,-0.111059,-0.478829,1.009057,0.157342,-0.318606,-0.071126
38.0000,-0.106003,-0.106531,-0.494424,1.015745,0.158872,-0.317122,-0.071468
38.0333,-0.116629,-0.095532,-0.529239,1.026354,0.160744,-0.313680,-0.072417
38.0667,-0.128371,-0.085591,-0.562102,1.037074,0.163255,-0.310301,-0.073083
38.1000,-0.140279,-0.075838,-0.588088,1.048097,0.166182,-0.306117,-0.073719
38.1333,-0.154943,-0.062952,-0.609760,1.058668,0.170832,-0.299664,-0.074177
38.1667,-0.162463,-0.054658,-0.602471,1.056795,0.175389,-0.294435,-0.073265
38.2000,-0.171826,-0.046410,-0.596113,1.062043,0.179711,-0.288544,-0.073117
38.2333,-0.177823,-0.041210,-0.578342,1.068478,0.182729,-0.283208,-0.073178
38.2667,-0.181037,-0.042180,-0.563227,1.070882,0.184813,-0.281921,-0.072660
38.3000,-0.183056,-0.042988,-0.536139,1.070324,0.187323,-0.279793,-0.072008
38.3333,-0.186917,-0.044150,-0.534371,1.071726,0.189174,-0.279932,-0.071375
38.3667,-0.189454,-0.045933,-0.523975,1.071517,0.191033,-0.279791,-0.070671
38.4000,-0.190333,-0.049095,-0.505930,1.069686,0.192671,-0.279870,-0.069895
38.4333,-0.191538,-0.051727,-0.492650,1.068196,0.194171,-0.280063,-0.069198
38.4667,-0.192083,-0.054974,-0.475148,1.067481,0.195388,-0.280122,-0.068668
38.5000,-0.193860,-0.057609,-0.463324,1.068578,0.196657,-0.280203,-0.068259
38.5333,-0.195674,-0.059332,-0.459848,1.070867,0.197370,-0.280505,-0.068057
38.5667,-0.198066,-0.056482,-0.453713,1.072011,0.198620,-0.278201,-0.067991
38.6000,-0.199463,-0.054817,-0.442433,1.073031,0.199601,-0.276071,-0.067939
38.6333,-0.200576,-0.053788,-0.431770,1.073790,0.200448,-0.274373,-0.067863
38.6667,-0.200332,-0.052953,-0.407868,1.070781,0.201732,-0.271799,-0.067488
38.7000,-0.198398,-0.051563,-0.367844,1.065308,0.203081,-0.267494,-0.067113
38.7333,-0.199381,-0.050824,-0.356699,1.064397,0.204086,-0.265982,-0.066825
38.7667,-0.200863,-0.050352,-0.345473,1.064833,0.205108,-0.264489,-0.066623
38.8000,-0.201401,-0.050492,-0.335924,1.063355,0.205929,-0.263625,-0.066250
38.8333,-0.200597,-0.053071,-0.316662,1.060674,0.206597,-0.263172,-0.065839
38.8667,-0.200826,-0.054192,-0.306636,1.059609,0.207195,-0.262764,-0.065572
38.9000,-0.201324,-0.054605,-0.299085,1.059100,0.207745,-0.262191,-0.065373
38.9333,-0.202139,-0.054891,-0.294620,1.059385,0.208228,-0.261820,-0.065232
38.9667,-0.203542,-0.055162,-0.295197,1.060164,0.208784,-0.261916,-0.065046
39.0000,-0.205160,-0.055150,-0.298392,1.061243,0.209322,-0.262108,-0.064871
39.0333,-0.206916,-0.054987,-0.303017,1.062450,0.209865,-0.262354,-0.064697
39.0667,-0.208962,-0.054955,-0.308281,1.063556,0.210555,-0.262723,-0.064450
39.1000,-0.210910,-0.055013,-0.312118,1.064558,0.211253,-0.262997,-0.064195
39.1333,-0.213084,-0.054879,-0.316603,1.065222,0.212099,-0.263240,-0.063862
39.1667,-0.214940,-0.054992,-0.318506,1.065398,0.212946,-0.263384,-0.063498
39.2000,-0.216970,-0.055164,-0.320708,1.065701,0.213850,-0.263577,-0.063118
39.2333,-0.219100,-0.055205,-0.322881,1.066355,0.214741,-0.263672,-0.062774
39.2667,-0.221213,-0.055085,-0.324200,1.066805,0.215679,-0.263605,-0.062411
39.3000,-0.223268,-0.054283,-0.324355,1.067042,0.216647,-0.263069,-0.062069
39.3333,-0.225319,-0.054259,-0.324252,1.067506,0.217592,-0.262908,-0.061708
39.3667,-0.227331,-0.054044,-0.323956,1.068045,0.218507,-0.262624,-0.061375
39.4000,-0.229697,-0.054057,-0.324758,1.069109,0.219481,-0.262529,-0.061036
39.4333,-0.232141,-0.054208,-0.326090,1.070486,0.220427,-0.262538,-0.060708
39.4667,-0.233407,-0.054918,-0.323557,1.070567,0.221126,-0.262572,-0.060373
39.5000,-0.234288,-0.055802,-0.322324,1.070377,0.221644,-0.262869,-0.060081
39.5333,-0.235193,-0.056393,-0.320905,1.069944,0.222217,-0.263006,-0.059785
39.5667,-0.236688,-0.056692,-0.329037,1.071024,0.222551,-0.263855,-0.059600
39.6000,-0.238405,-0.056856,-0.343071,1.072783,0.222700,-0.265174,-0.059487
39.6333,-0.240021,-0.057148,-0.359402,1.074647,0.222698,-0.266776,-0.059413
39.6667,-0.240499,-0.058104,-0.369588,1.075165,0.222544,-0.268237,-0.059325
39.7000,-0.239490,-0.058566,-0.371274,1.074462,0.222113,-0.268739,-0.059389
39.7333,-0.237835,-0.058394,-0.368717,1.072940,0.221623,-0.268571,-0.059522
39.7667,-0.235900,-0.058438,-0.364315,1.071268,0.221081,-0.268357,-0.059677
39.8000,-0.233694,-0.058279,-0.360223,1.069325,0.220435,-0.268092,-0.059859
39.8333,-0.231071,-0.057866,-0.357265,1.067454,0.219528,-0.267822,-0.060151
39.8667,-0.227738,-0.058071,-0.352078,1.064280,0.218567,-0.267758,-0.060357
39.9000,-0.223798,-0.058169,-0.345874,1.060134,0.217496,-0.267611,-0.060553
39.9333,-0.219013,-0.058035,-0.338566,1.055923,0.216044,-0.267263,-0.060920
39.9667,-0.213395,-0.057870,-0.329717,1.053309,0.213949,-0.266688,-0.061689
40.0000,-0.206647,-0.058493,-0.321605,1.052246,0.211007,-0.266577,-0.062834
40.0333,-0.198331,-0.060555,-0.304694,1.047034,0.208259,-0.266556,-0.063611
40.0667,-0.192572,-0.059026,-0.305303,1.046538,0.205414,-0.266158,-0.064819
40.1000,-0.185494,-0.058266,-0.298023,1.044959,0.202327,-0.265415,-0.066025
40.1333,-0.175884,-0.057014,-0.281958,1.039686,0.198833,-0.263728,-0.067184
40.1667,-0.164106,-0.057762,-0.255677,1.030188,0.195257,-0.262191,-0.068052
40.2000,-0.153108,-0.060710,-0.237607,1.021910,0.191643,-0.262555,-0.068817
40.2333,-0.144310,-0.061529,-0.227731,1.019125,0.187926,-0.262401,-0.070071
40.2667,-0.130234,-0.071054,-0.188713,1.006769,0.183940,-0.263872,-0.070417
40.3000,-0.118095,-0.077125,-0.169773,0.997375,0.179878,-0.265583,-0.070999
40.3333,-0.108972,-0.077427,-0.169770,0.992835,0.176058,-0.266261,-0.071960
40.3667,-0.096610,-0.085587,-0.143080,0.985798,0.171554,-0.267949,-0.072763
40.4000,-0.087672,-0.086334,-0.150752,0.982945,0.167384,-0.269711,-0.073721
40.4333,-0.079051,-0.086351,-0.165784,0.984171,0.162476,-0.271893,-0.075109
40.4667,-0.070195,-0.087615,-0.170390,0.987133,0.157292,-0.273423,-0.076771
40.5000,-0.064190,-0.089167,-0.203610,0.989437,0.153057,-0.278412,-0.077560
40.5333,-0.059369,-0.089821,-0.233500,0.993583,0.149039,-0.282379,-0.078535
40.5667,-0.053940,-0.091395,-0.257607,0.987252,0.146706,-0.286467,-0.078147
40.6000,-0.048240,-0.093948,-0.256512,0.987148,0.143793,-0.287894,-0.078816
40.6333,-0.042082,-0.096803,-0.245613,0.983163,0.141648,-0.288450,-0.079048
40.6667,-0.036801,-0.099467,-0.241685,0.980509,0.139503,-0.289644,-0.079256
40.7000,-0.033460,-0.103127,-0.248240,0.974556,0.138669,-0.292654,-0.078590
40.7333,-0.029129,-0.113588,-0.229593,0.964126,0.138898,-0.296264,-0.077197
40.7667,-0.027398,-0.117133,-0.218985,0.957330,0.139543,-0.297039,-0.076431
40.8000,-0.025611,-0.120060,-0.204390,0.952274,0.139938,-0.296905,-0.075968
40.8333,-0.024233,-0.125293,-0.186519,0.944267,0.141148,-0.297542,-0.074926
40.8667,-0.022502,-0.134194,-0.167788,0.931460,0.143051,-0.299935,-0.072949
40.9000,-0.021918,-0.141936,-0.144226,0.881772,0.152247,-0.301180,-0.065923
40.9333,-0.021557,-0.152231,-0.099798,0.847530,0.158871,-0.300019,-0.061066
40.9667,-0.028402,-0.157259,-0.094930,0.797230,0.170915,-0.301154,-0.052083
41.0000,-0.033358,-0.170345,-0.075854,0.756293,0.180284,-0.303761,-0.043932
41.0333,-0.039725,-0.186584,-0.053218,0.706621,0.191285,-0.306498,-0.033633
41.0667,-0.045663,-0.191193,0.014928,0.665848,0.200250,-0.295426,-0.027390
41.1000,-0.047813,-0.204760,0.119749,0.662342,0.200487,-0.283227,-0.028972
41.1333,-0.066020,-0.204695,0.089156,0.626673,0.214326,-0.285752,-0.017977
41.1667,-0.096920,-0.159284,-0.027030,0.596223,0.232795,-0.283128,-0.005374
41.2000,-0.116646,-0.152020,-0.064884,0.541417,0.247375,-0.284329,0.010653
41.2333,-0.133469,-0.153996,-0.089046,0.534353,0.255067,-0.288620,0.017069
41.2667,-0.152522,-0.154675,-0.145680,0.507486,0.264536,-0.298173,0.029057
41.3000,-0.166181,-0.168851,-0.176509,0.499753,0.270063,-0.309313,0.036618
41.3333,-0.171454,-0.192638,-0.147783,0.474594,0.275141,-0.312962,0.045215
41.3667,-0.172209,-0.216188,-0.113743,0.439361,0.278878,-0.314936,0.054531
41.4000,-0.175575,-0.218121,-0.112719,0.400998,0.282741,-0.313880,0.063915
41.4333,-0.178431,-0.207344,-0.131645,0.336670,0.286841,-0.310901,0.078397
41.4667,-0.179377,-0.197198,-0.146491,0.277767,0.289119,-0.307963,0.091234
41.5000,-0.181797,-0.194994,-0.140905,0.248887,0.291002,-0.304746,0.097805
41.5333,-0.181539,-0.193645,-0.134083,0.224423,0.291666,-0.301857,0.102903
41.5667,-0.185078,-0.195335,-0.136784,0.219989,0.292909,-0.302684,0.105082
41.6000,-0.187956,-0.200335,-0.137723,0.207415,0.294083,-0.304066,0.109306
41.6333,-0.189597,-0.205449,-0.134590,0.188905,0.294960,-0.304408,0.114381
41.6667,-0.191759,-0.208369,-0.138258,0.163939,0.295760,-0.305113,0.121074
41.7000,-0.193522,-0.210243,-0.144714,0.141589,0.296181,-0.306164,0.127090
41.7333,-0.194557,-0.211996,-0.150148,0.128739,0.296309,-0.307380,0.130709
41.7667,-0.194842,-0.215558,-0.150662,0.125548,0.296358,-0.308589,0.131934
41.8000,-0.194467,-0.216191,-0.150507,0.128537,0.296255,-0.308929,0.131241
41.8333,-0.193558,-0.218021,-0.148378,0.132832,0.296037,-0.309350,0.130145
41.8667,-0.192333,-0.217682,-0.148281,0.131544,0.295638,-0.309241,0.130058
41.9000,-0.191173,-0.216526,-0.150693,0.130040,0.295183,-0.309396,0.130044
41.9333,-0.189505,-0.216094,-0.148550,0.138642,0.294728,-0.309261,0.127502
41.9667,-0.187693,-0.215798,-0.147718,0.140918,0.294161,-0.309203,0.126417
42.0000,-0.186361,-0.215349,-0.152882,0.150947,0.293545,-0.310725,0.123963
42.0333,-0.184589,-0.214688,-0.155732,0.166174,0.292796,-0.311894,0.120097
42.0667,-0.182057,-0.213871,-0.154239,0.183342,0.291847,-0.312162,0.115385
42.1000,-0.180555,-0.208659,-0.156428,0.196915,0.291107,-0.311401,0.111389
42.1333,-0.177798,-0.205691,-0.151270,0.203609,0.290228,-0.309629,0.108587
42.1667,-0.176086,-0.199753,-0.151526,0.213115,0.289469,-0.307974,0.105309
42.2000,-0.174424,-0.195926,-0.152030,0.223976,0.288656,-0.307173,0.102006
42.2333,-0.172286,-0.194694,-0.148965,0.229515,0.287874,-0.306390,0.099921
42.2667,-0.172029,-0.192077,-0.148577,0.247382,0.287340,-0.305967,0.095494
42.3000,-0.171979,-0.190134,-0.146418,0.272473,0.286624,-0.305599,0.089565
42.3333,-0.171268,-0.189092,-0.139348,0.306978,0.285280,-0.304836,0.081318
42.3667,-0.170150,-0.188478,-0.134457,0.322842,0.284309,-0.304125,0.077270
42.4000,-0.170227,-0.190514,-0.127038,0.339055,0.283767,-0.303881,0.073604
42.4333,-0.169865,-0.191154,-0.118107,0.344534,0.283571,-0.302441,0.072045
42.4667,-0.169945,-0.193875,-0.112037,0.351706,0.283371,-0.302485,0.070540
42.5000,-0.170405,-0.196132,-0.109471,0.361881,0.283064,-0.303170,0.068571
42.5333,-0.172250,-0.198629,-0.110403,0.384181,0.282505,-0.305019,0.064464
42.5667,-0.174795,-0.202882,-0.102940,0.414710,0.281777,-0.306107,0.058646
42.6000,-0.177252,-0.205632,-0.096199,0.435360,0.281500,-0.306419,0.054904
42.6333,-0.178939,-0.205083,-0.095622,0.444968,0.281512,-0.306272,0.053265
42.6667,-0.181903,-0.205977,-0.104619,0.457379,0.281647,-0.308680,0.051846
42.7000,-0.184429,-0.204676,-0.112180,0.465297,0.281934,-0.309721,0.050993
42.7333,-0.186030,-0.204204,-0.114162,0.469115,0.282257,-0.309920,0.050647
42.7667,-0.187595,-0.203103,-0.115863,0.472077,0.282631,-0.309770,0.050381
42.8000,-0.188617,-0.203059,-0.115264,0.473513,0.282949,-0.309600,0.050337
42.8333,-0.189253,-0.203013,-0.115134,0.473919,0.283177,-0.309517,0.050429
42.8667,-0.189673,-0.202135,-0.115359,0.473107,0.283400,-0.309127,0.050636
42.9000,-0.190016,-0.201024,-0.118316,0.471815,0.283570,-0.309174,0.051001
42.9333,-0.190222,-0.201015,-0.125218,0.464711,0.284014,-0.310311,0.052846
42.9667,-0.190240,-0.202658,-0.137460,0.466191,0.283619,-0.313497,0.053186
43.0000,-0.189841,-0.200124,-0.149825,0.463363,0.283335,-0.314838,0.053841
43.0333,-0.189277,-0.194618,-0.163588,0.463989,0.282669,-0.315309,0.053385
43.0667,-0.187426,-0.195073,-0.172174,0.460905,0.281880,-0.317272,0.053910
43.1000,-0.188341,-0.195943,-0.183529,0.491149,0.279641,-0.320549,0.048057
43.1333,-0.183440,-0.197074,-0.181091,0.505092,0.276616,-0.321176,0.043979
43.1667,-0.179085,-0.191067,-0.188421,0.519961,0.273341,-0.320598,0.039184
43.2000,-0.172243,-0.186181,-0.188902,0.561084,0.266756,-0.319710,0.028282
43.2333,-0.166912,-0.171771,-0.207221,0.603302,0.259628,-0.317507,0.017059
43.2667,-0.157148,-0.165328,-0.200330,0.617565,0.254062,-0.314068,0.010906
43.3000,-0.141875,-0.161663,-0.152329,0.645425,0.245495,-0.304997,0.000165
43.3333,-0.124153,-0.163555,-0.097328,0.647514,0.238358,-0.297193,-0.005585
43.3667,-0.106829,-0.168722,-0.053443,0.634591,0.232631,-0.292474,-0.007820
43.4000,-0.085238,-0.188904,0.019969,0.675776,0.217534,-0.291462,-0.020634
43.4333,-0.064384,-0.209571,0.077653,0.668776,0.208255,-0.292005,-0.023932
43.4667,-0.049466,-0.207973,0.086084,0.663472,0.201828,-0.290320,-0.026456
43.5000,-0.035911,-0.205214,0.079664,0.679575,0.193197,-0.291611,-0.031795
43.5333,-0.020468,-0.209911,0.090894,0.682134,0.185272,-0.292784,-0.035057
43.5667,-0.006937,-0.211645,0.084603,0.690806,0.177537,-0.295740,-0.038485
43.6000,0.005775,-0.207049,0.077804,0.691347,0.171375,-0.295326,-0.040891
43.6333,0.019728,-0.204308,0.083173,0.713555,0.160983,-0.294734,-0.047079
43.6667,0.029897,-0.200323,0.054450,0.749155,0.150416,-0.299466,-0.053453
43.7000,0.041697,-0.197268,0.049099,0.799625,0.135808,-0.301166,-0.062510
43.7333,0.049451,-0.198482,0.005987,0.839817,0.124724,-0.309783,-0.067552
43.7667,0.062268,-0.205262,0.026465,0.859490,0.114378,-0.311153,-0.071541
43.8000,0.072742,-0.202935,0.023135,0.875945,0.105795,-0.311243,-0.074816
43.8333,0.080198,-0.196183,0.001630,0.895006,0.098223,-0.311537,-0.077925
43.8667,0.085958,-0.190201,-0.026969,0.906379,0.092890,-0.312795,-0.079636
43.9000,0.091215,-0.184863,-0.039589,0.927972,0.085757,-0.312216,-0.082793
43.9333,0.097277,-0.180386,-0.043894,0.939699,0.080167,-0.310757,-0.084890
43.9667,0.103530,-0.175322,-0.046018,0.952126,0.074317,-0.308679,-0.087105
44.0000,0.108511,-0.172543,-0.045854,0.955759,0.070911,-0.307370,-0.088146
44.0333,0.112401,-0.169351,-0.047102,0.959737,0.068009,-0.305997,-0.089112
44.0667,0.115537,-0.168653,-0.042869,0.962444,0.065794,-0.305191,-0.089784
44.1000,0.116865,-0.168161,-0.038705,0.962135,0.065157,-0.304453,-0.090033
44.1333,0.117344,-0.169077,-0.029971,0.957673,0.065852,-0.303809,-0.089773
44.1667,0.114310,-0.169147,-0.038453,0.955432,0.067865,-0.304861,-0.089217
44.2000,0.109698,-0.167680,-0.047581,0.953189,0.070723,-0.305182,-0.088664
44.2333,0.105213,-0.167098,-0.050395,0.947429,0.074273,-0.305130,-0.087765
44.2667,0.100030,-0.166926,-0.051546,0.940957,0.078334,-0.305057,-0.086720
44.3000,0.092196,-0.165306,-0.057290,0.935392,0.083564,-0.304799,-0.085600
44.3333,0.083884,-0.164152,-0.063175,0.931346,0.088737,-0.304779,-0.084451
44.3667,0.074451,-0.160248,-0.072044,0.931078,0.093711,-0.303738,-0.083781
44.4000,0.062666,-0.157032,-0.086381,0.928049,0.100374,-0.303698,-0.082369
44.4333,0.053713,-0.153738,-0.089848,0.924930,0.105693,-0.302225,-0.081280
44.4667,0.040858,-0.150701,-0.086610,0.920092,0.113407,-0.299923,-0.079823
44.5000,0.024664,-0.134040,-0.120632,0.926209,0.120257,-0.295449,-0.079529
44.5333,0.009906,-0.129335,-0.108054,0.922771,0.128814,-0.290952,-0.078039
44.5667,-0.000556,-0.128751,-0.107325,0.922073,0.134433,-0.290156,-0.076498
44.6000,-0.014921,-0.122328,-0.124565,0.921459,0.141708,-0.288686,-0.074797
44.6333,-0.029149,-0.118336,-0.135628,0.924712,0.148267,-0.287563,-0.073402
44.6667,-0.041133,-0.112399,-0.153755,0.925321,0.153991,-0.286430,-0.071839
44.7000,-0.051160,-0.112481,-0.150184,0.931587,0.158081,-0.285521,-0.071246
44.7333,-0.058163,-0.111851,-0.130856,0.935110,0.161381,-0.282328,-0.070921
44.7667,-0.067536,-0.103995,-0.136680,0.938681,0.165398,-0.278635,-0.070435
44.8000,-0.074109,-0.104842,-0.125267,0.938951,0.168895,-0.277283,-0.069458
44.8333,-0.080294,-0.103172,-0.112077,0.938712,0.172261,-0.274431,-0.068679
44.8667,-0.087139,-0.101251,-0.111772,0.945200,0.174567,-0.273064,-0.068564
44.9000,-0.092690,-0.102625,-0.109112,0.947305,0.177051,-0.273157,-0.067824
44.9333,-0.097767,-0.101341,-0.101207,0.947416,0.179687,-0.271240,-0.067148
44.9667,-0.102501,-0.101547,-0.097103,0.950609,0.181558,-0.270585,-0.066790
45.0000,-0.108052,-0.100962,-0.110289,0.959996,0.182539,-0.271677,-0.067008
45.0333,-0.113303,-0.099869,-0.117372,0.964461,0.184304,-0.271740,-0.066719
45.0667,-0.117587,-0.098567,-0.125527,0.968583,0.185623,-0.271849,-0.066506
45.1000,-0.120994,-0.101913,-0.126515,0.972626,0.186641,-0.273511,-0.066226
45.1333,-0.123791,-0.104903,-0.127431,0.975337,0.187586,-0.275014,-0.065868
45.1667,-0.127658,-0.107969,-0.139876,0.979805,0.188594,-0.277914,-0.065439
45.2000,-0.131819,-0.109244,-0.153889,0.985803,0.189426,-0.280023,-0.065291
45.2333,-0.136224,-0.106080,-0.171216,0.992462,0.190151,-0.280167,-0.065491
45.2667,-0.141353,-0.099893,-0.195118,0.999505,0.190987,-0.279419,-0.065801
45.3000,-0.146638,-0.094061,-0.219052,1.006164,0.191919,-0.278774,-0.066027
45.3333,-0.152630,-0.087593,-0.247421,1.014434,0.192755,-0.278138,-0.066399
45.3667,-0.156408,-0.086033,-0.254326,1.021936,0.193165,-0.277667,-0.066835
45.4000,-0.161762,-0.084789,-0.265400,1.029511,0.194244,-0.277735,-0.066978
45.4333,-0.166852,-0.083847,-0.274864,1.034968,0.195604,-0.277826,-0.066813
45.4667,-0.171667,-0.082844,-0.282060,1.038543,0.197211,-0.277703,-0.066448
45.5000,-0.176091,-0.082354,-0.287407,1.040713,0.198920,-0.277710,-0.065918
45.5333,-0.181045,-0.081684,-0.294499,1.043990,0.200648,-0.277737,-0.065464
45.5667,-0.184613,-0.082142,-0.291289,1.045180,0.202341,-0.277393,-0.064903
45.6000,-0.187380,-0.082328,-0.278949,1.044643,0.204170,-0.276038,-0.064316
45.6333,-0.190512,-0.079860,-0.262424,1.043891,0.206271,-0.272821,-0.063856
45.6667,-0.194060,-0.076158,-0.258826,1.044087,0.208055,-0.270283,-0.063420
45.7000,-0.199013,-0.075826,-0.267298,1.048667,0.209530,-0.270599,-0.063082
45.7333,-0.203562,-0.076733,-0.271973,1.051810,0.211163,-0.271213,-0.062532
45.7667,-0.207982,-0.077948,-0.279869,1.055197,0.212608,-0.272320,-0.061991
45.8000,-0.212725,-0.078324,-0.291197,1.058627,0.214102,-0.273315,-0.061453
45.8333,-0.217190,-0.078362,-0.303238,1.061607,0.215502,-0.274218,-0.060919
45.8667,-0.221341,-0.078113,-0.314318,1.064135,0.216835,-0.274890,-0.060412
45.9000,-0.225863,-0.077598,-0.332652,1.068743,0.217773,-0.276029,-0.060139
45.9333,-0.230637,-0.076957,-0.352449,1.072907,0.218844,-0.277215,-0.059782
45.9667,-0.233737,-0.076895,-0.363932,1.075810,0.219542,-0.277990,-0.059524
46.0000,-0.236024,-0.077026,-0.372047,1.078049,0.220049,-0.278605,-0.059340
46.0333,-0.236666,-0.077645,-0.374219,1.079657,0.220038,-0.279009,-0.059352
46.0667,-0.237376,-0.077494,-0.378295,1.081208,0.219997,-0.279200,-0.059437
46.1000,-0.238282,-0.077028,-0.387529,1.083758,0.219708,-0.279654,-0.059648
46.1333,-0.238484,-0.078107,-0.394062,1.085719,0.219276,-0.280726,-0.059792
46.1667,-0.237452,-0.079324,-0.398847,1.086881,0.218415,-0.281809,-0.060045
46.2000,-0.237175,-0.079491,-0.411937,1.089098,0.217449,-0.283030,-0.060422
46.2333,-0.236424,-0.079207,-0.424499,1.091478,0.216218,-0.283956,-0.060948
46.2667,-0.236136,-0.077542,-0.445573,1.094247,0.214803,-0.284876,-0.061575
46.3000,-0.235581,-0.074394,-0.467799,1.096654,0.213216,-0.285116,-0.062349
46.3333,-0.232665,-0.073580,-0.475794,1.096882,0.211373,-0.285547,-0.063042
46.3667,-0.229643,-0.073912,-0.489497,1.097358,0.209200,-0.287095,-0.063718
46.4000,-0.225398,-0.073756,-0.495869,1.095510,0.207074,-0.287963,-0.064332
46.4333,-0.219308,-0.074608,-0.492010,1.092840,0.204589,-0.288593,-0.065054
46.4667,-0.211858,-0.075439,-0.481032,1.088833,0.201932,-0.288727,-0.065835
46.5000,-0.202586,-0.077600,-0.459467,1.083739,0.198976,-0.288716,-0.066668
46.5333,-0.194213,-0.078135,-0.450474,1.079849,0.195725,-0.288862,-0.067660
46.5667,-0.186135,-0.076983,-0.446915,1.074016,0.192706,-0.288742,-0.068463
46.6000,-0.179976,-0.076028,-0.467613,1.073461,0.188753,-0.290575,-0.069605
46.6333,-0.171526,-0.074980,-0.477526,1.070504,0.184456,-0.291595,-0.070786
46.6667,-0.162377,-0.078761,-0.484835,1.069080,0.179677,-0.294827,-0.071849
46.7000,-0.152829,-0.080271,-0.505495,1.065859,0.174305,-0.298281,-0.072853
46.7333,-0.147331,-0.090600,-0.572748,1.070203,0.167338,-0.309821,-0.073289
46.7667,-0.139159,-0.095080,-0.631248,1.069545,0.159842,-0.317775,-0.073948
46.8000,-0.125722,-0.122903,-0.681418,1.070242,0.149611,-0.337023,-0.072451
46.8333,-0.109884,-0.144466,-0.701284,1.068121,0.140239,-0.350691,-0.071354
46.8667,-0.092026,-0.161940,-0.660257,1.063809,0.134084,-0.357403,-0.070926
46.9000,-0.075359,-0.185480,-0.617501,1.055407,0.129207,-0.367178,-0.068728
46.9333,-0.062409,-0.198413,-0.604102,1.048250,0.124264,-0.373662,-0.067454
46.9667,-0.052898,-0.207161,-0.605651,1.042567,0.119991,-0.379061,-0.066381
47.0000,-0.044990,-0.212128,-0.621149,1.036272,0.115780,-0.383777,-0.065331
47.0333,-0.038033,-0.217179,-0.631916,1.030976,0.112186,-0.387988,-0.064342
47.0667,-0.031610,-0.220383,-0.635251,1.027173,0.109128,-0.390439,-0.063910
47.1000,-0.027340,-0.220851,-0.640860,1.028197,0.106295,-0.391221,-0.064372
47.1333,-0.022910,-0.220142,-0.633786,1.025559,0.104826,-0.390601,-0.064756
47.1667,-0.019468,-0.220191,-0.615282,1.026738,0.104027,-0.388945,-0.065671
47.2000,-0.018155,-0.219021,-0.611546,1.028114,0.103343,-0.387935,-0.066296
47.2333,-0.017739,-0.215753,-0.612708,1.029047,0.102892,-0.386332,-0.067037
47.2667,-0.021339,-0.209807,-0.617483,1.025162,0.105117,-0.384065,-0.067238
47.3000,-0.026916,-0.206430,-0.628288,1.017577,0.108579,-0.383912,-0.066083
47.3333,-0.030568,-0.204930,-0.634480,1.017986,0.110049,-0.383577,-0.065859
47.3667,-0.033570,-0.205680,-0.631198,1.018149,0.111848,-0.383552,-0.065490
47.4000,-0.038544,-0.203791,-0.629240,1.015053,0.115112,-0.382574,-0.064942
47.4333,-0.043495,-0.204035,-0.625100,1.012924,0.118363,-0.382354,-0.064120
47.4667,-0.047303,-0.207905,-0.614128,1.010156,0.121562,-0.383380,-0.062780
47.5000,-0.051036,-0.210087,-0.584097,1.010063,0.125533,-0.381494,-0.062508
47.5333,-0.057699,-0.210866,-0.571511,1.008909,0.130042,-0.380538,-0.061652
47.5667,-0.061062,-0.211111,-0.540743,1.009751,0.133596,-0.377423,-0.061783
47.6000,-0.064245,-0.210445,-0.508655,1.014318,0.136398,-0.373429,-0.062688
47.6333,-0.065410,-0.209176,-0.462635,1.016830,0.139083,-0.367888,-0.063899
47.6667,-0.066840,-0.207986,-0.424586,1.019030,0.141342,-0.363157,-0.064888
47.7000,-0.066887,-0.207438,-0.379377,1.014222,0.144259,-0.358333,-0.065158
47.7333,-0.067013,-0.215159,-0.342890,1.005696,0.147344,-0.358624,-0.063536
47.7667,-0.066916,-0.220658,-0.308329,0.993647,0.150764,-0.357949,-0.061821
47.8000,-0.063255,-0.228185,-0.248753,0.978262,0.153624,-0.355355,-0.060522
47.8333,-0.060905,-0.231254,-0.211204,0.961352,0.156532,-0.352697,-0.059048
47.8667,-0.058430,-0.231357,-0.170336,0.949013,0.158474,-0.347867,-0.058835
47.9000,-0.057462,-0.230772,-0.148329,0.943181,0.159479,-0.344831,-0.058870
47.9333,-0.056296,-0.225630,-0.122248,0.935435,0.160738,-0.338937,-0.059421
47.9667,-0.056376,-0.218979,-0.114395,0.932006,0.161517,-0.334549,-0.059997
48.0000,-0.058514,-0.211071,-0.127961,0.934102,0.162018,-0.332253,-0.060581
48.0333,-0.059412,-0.207485,-0.136503,0.934906,0.162192,-0.331512,-0.060749
48.0667,-0.059434,-0.205746,-0.140075,0.935059,0.162114,-0.331094,-0.060878
48.1000,-0.059177,-0.205128,-0.146377,0.936799,0.161552,-0.331602,-0.061058
48.1333,-0.058859,-0.204299,-0.150968,0.938717,0.160954,-0.331790,-0.061365
48.1667,-0.058358,-0.203784,-0.153632,0.938083,0.160758,-0.331893,-0.061351
48.2000,-0.057738,-0.203287,-0.155781,0.937300,0.160537,-0.331944,-0.061344
48.2333,-0.057238,-0.203141,-0.159799,0.937244,0.160207,-0.332405,-0.061328
48.2667,-0.056772,-0.202356,-0.163739,0.937264,0.159881,-0.332534,-0.061404
48.3000,-0.056280,-0.201653,-0.166346,0.936604,0.159690,-0.332537,-0.061414
48.3333,-0.056020,-0.200263,-0.170421,0.936397,0.159504,-0.332372,-0.061500
48.3667,-0.056258,-0.197462,-0.175998,0.936654,0.159453,-0.331669,-0.061724
48.4000,-0.056301,-0.195576,-0.180595,0.936847,0.159334,-0.331304,-0.061864
48.4333,-0.056147,-0.194566,-0.182341,0.936550,0.159267,-0.331029,-0.061932
48.4667,-0.055986,-0.193766,-0.183411,0.936107,0.159238,-0.330773,-0.061970
48.5000,-0.056528,-0.191922,-0.189103,0.936774,0.159258,-0.330547,-0.062082
48.5333,-0.056963,-0.191234,-0.194083,0.937607,0.159210,-0.330812,-0.062099
48.5667,-0.057288,-0.190807,-0.196989,0.938100,0.159216,-0.330950,-0.062108
48.6000,-0.057770,-0.190318,-0.198772,0.938812,0.159292,-0.330906,-0.062162
48.6333,-0.058185,-0.190002,-0.199497,0.939575,0.159351,-0.330814,-0.062229
48.6667,-0.058365,-0.190499,-0.196857,0.939186,0.159581,-0.330727,-0.062149
48.7000,-0.058627,-0.191317,-0.192712,0.938407,0.159959,-0.330610,-0.062002
48.7333,-0.059397,-0.191452,-0.191815,0.938210,0.160412,-0.330535,-0.061865
48.7667,-0.060329,-0.191483,-0.191402,0.937911,0.160956,-0.330462,-0.061688
48.8000,-0.061186,-0.191727,-0.190942,0.937144,0.161547,-0.330497,-0.061424
48.8333,-0.061990,-0.192471,-0.188484,0.936110,0.162206,-0.330533,-0.061122
48.8667,-0.062850,-0.193377,-0.184285,0.935015,0.162946,-0.330425,-0.060826
48.9000,-0.063814,-0.194452,-0.179450,0.933849,0.163763,-0.330314,-0.060496
48.9333,-0.064785,-0.195705,-0.175025,0.932666,0.164576,-0.330339,-0.060124
48.9667,-0.065710,-0.196968,-0.169710,0.930781,0.165506,-0.330257,-0.059682
49.0000,-0.066279,-0.198725,-0.161978,0.928321,0.166405,-0.330119,-0.059208
49.0333,-0.066627,-0.200957,-0.155601,0.925560,0.167208,-0.330394,-0.058629
49.0667,-0.066410,-0.202663,-0.145811,0.920966,0.168107,-0.329971,-0.058036
49.1000,-0.066069,-0.203594,-0.132323,0.917776,0.168745,-0.328665,-0.057876
49.1333,-0.066939,-0.204657,-0.130901,0.916691,0.169404,-0.328965,-0.057486
49.1667,-0.068343,-0.204878,-0.134897,0.914740,0.170395,-0.329532,-0.056842
49.2000,-0.072413,-0.198656,-0.164866,0.913149,0.172149,-0.330206,-0.055937
49.2333,-0.076926,-0.191872,-0.201391,0.916209,0.173032,-0.331415,-0.055586
49.2667,-0.081068,-0.185181,-0.239573,0.914762,0.174286,-0.332903,-0.054634
49.3000,-0.086612,-0.174067,-0.292760,0.908475,0.176302,-0.334184,-0.053051
49.3333,-0.089657,-0.168025,-0.322682,0.906800,0.176919,-0.334973,-0.052482
49.3667,-0.092886,-0.159193,-0.363766,0.901145,0.177620,-0.335940,-0.051457
49.4000,-0.096809,-0.145700,-0.422107,0.897923,0.177099,-0.336660,-0.051149
49.4333,-0.100492,-0.133597,-0.479222,0.898107,0.175573,-0.337627,-0.051468
49.4667,-0.102122,-0.136903,-0.533186,0.898572,0.172792,-0.345770,-0.050228
49.5000,-0.102705,-0.134657,-0.564417,0.893206,0.171647,-0.348781,-0.049344
49.5333,-0.101236,-0.135004,-0.580137,0.893542,0.169690,-0.350854,-0.049438
49.5667,-0.098849,-0.134061,-0.588780,0.894941,0.167627,-0.351394,-0.050108
49.6000,-0.095573,-0.133377,-0.592089,0.896879,0.165431,-0.351422,-0.051004
49.6333,-0.092704,-0.130352,-0.598668,0.902740,0.162634,-0.350321,-0.052780
49.6667,-0.089196,-0.129889,-0.600754,0.906512,0.160140,-0.350159,-0.053964
49.7000,-0.085251,-0.130442,-0.599839,0.911064,0.157531,-0.350109,-0.055204
49.7333,-0.082632,-0.130151,-0.601029,0.917561,0.155151,-0.349663,-0.056678
49.7667,-0.080961,-0.128707,-0.606236,0.925026,0.152811,-0.348951,-0.058256
49.8000,-0.079443,-0.127816,-0.606594,0.939384,0.149895,-0.347346,-0.060797
49.8333,-0.078995,-0.128037,-0.608639,0.945624,0.148588,-0.347149,-0.061778
49.8667,-0.078227,-0.128078,-0.585013,0.954872,0.148488,-0.343853,-0.063514
49.9000,-0.078235,-0.126757,-0.565876,0.959595,0.149079,-0.340714,-0.064558
49.9333,-0.078929,-0.124321,-0.534504,0.976627,0.148796,-0.334670,-0.067561
49.9667,-0.081905,-0.122652,-0.518004,0.986542,0.149756,-0.331151,-0.068915
50.0000,-0.086061,-0.118736,-0.503679,0.994052,0.151532,-0.326874,-0.069989
50.0333,-0.092205,-0.110848,-0.487889,1.008836,0.153164,-0.319779,-0.072236
50.0667,-0.097882,-0.104806,-0.464608,1.012414,0.156735,-0.313704,-0.072701
50.1000,-0.102158,-0.097577,-0.417551,1.008196,0.161929,-0.305019,-0.072528
50.1333,-0.113068,-0.095200,-0.412477,1.022906,0.165282,-0.301858,-0.073156
50.1667,-0.121221,-0.094795,-0.399251,1.027613,0.169274,-0.299569,-0.072519
50.2000,-0.130057,-0.094685,-0.400514,1.028932,0.173565,-0.299169,-0.071217
50.2333,-0.138794,-0.091789,-0.401282,1.031304,0.177619,-0.297194,-0.070329
50.2667,-0.147652,-0.089517,-0.403396,1.036179,0.181248,-0.295514,-0.069671
50.3000,-0.156824,-0.084392,-0.408901,1.039888,0.185065,-0.292737,-0.069014
50.3333,-0.164678,-0.085266,-0.413890,1.045468,0.187952,-0.292962,-0.068247
50.3667,-0.173722,-0.083044,-0.409523,1.056681,0.190847,-0.290199,-0.068429
50.4000,-0.181928,-0.079895,-0.417413,1.058085,0.194459,-0.288822,-0.067297
50.4333,-0.188736,-0.077788,-0.417843,1.060413,0.197503,-0.287249,-0.066494
50.4667,-0.194176,-0.074384,-0.397804,1.064657,0.200290,-0.282892,-0.066351
50.5000,-0.196926,-0.073209,-0.363280,1.063433,0.203103,-0.278698,-0.065703
50.5333,-0.202943,-0.070875,-0.355041,1.066902,0.205790,-0.276133,-0.065208
50.5667,-0.210153,-0.069023,-0.372175,1.071871,0.207987,-0.276210,-0.064568
50.6000,-0.214463,-0.069221,-0.373419,1.073261,0.209886,-0.276109,-0.063836
50.6333,-0.218963,-0.068071,-0.374614,1.075495,0.211718,-0.275246,-0.063331
50.6667,-0.225980,-0.065712,-0.389906,1.082487,0.213516,-0.274711,-0.063119
50.7000,-0.231493,-0.065305,-0.401972,1.086990,0.215108,-0.275065,-0.062631
50.7333,-0.235891,-0.065746,-0.410921,1.091324,0.216286,-0.275621,-0.062288
50.7667,-0.239313,-0.067148,-0.415700,1.094129,0.217389,-0.276434,-0.061853
50.8000,-0.242430,-0.067989,-0.418653,1.095994,0.218551,-0.276858,-0.061399
50.8333,-0.245385,-0.068688,-0.423787,1.098085,0.219513,-0.277399,-0.061017
50.8667,-0.247587,-0.069802,-0.426414,1.099915,0.220237,-0.277981,-0.060711
50.9000,-0.249052,-0.071310,-0.425872,1.101083,0.220819,-0.278564,-0.060427
50.9333,-0.249708,-0.073499,-0.420667,1.101571,0.221283,-0.279169,-0.060153
50.9667,-0.250247,-0.075974,-0.414492,1.101396,0.221834,-0.279889,-0.059794
51.0000,-0.251194,-0.077164,-0.412202,1.102097,0.222288,-0.280209,-0.059589
51.0333,-0.252407,-0.077483,-0.411067,1.103370,0.222728,-0.280123,-0.059487
51.0667,-0.253691,-0.077313,-0.412642,1.104953,0.223051,-0.280002,-0.059448
51.1000,-0.254218,-0.077334,-0.413200,1.106127,0.223099,-0.279952,-0.059479
51.1333,-0.253951,-0.076873,-0.408910,1.106213,0.223089,-0.279317,-0.059567
51.1667,-0.253226,-0.076235,-0.404615,1.105996,0.222896,-0.278633,-0.059720
51.2000,-0.252044,-0.075728,-0.400735,1.105189,0.222558,-0.278118,-0.059877
51.2333,-0.250989,-0.075114,-0.399707,1.104636,0.222147,-0.277791,-0.060067
51.2667,-0.249835,-0.073945,-0.401553,1.104324,0.221541,-0.277424,-0.060355
51.3000,-0.248030,-0.072415,-0.401351,1.103275,0.220794,-0.276757,-0.060697
51.3333,-0.245389,-0.071867,-0.397970,1.102203,0.219753,-0.276363,-0.061127
51.3667,-0.242182,-0.071188,-0.393117,1.100426,0.218593,-0.275835,-0.061584
51.4000,-0.239464,-0.070431,-0.389478,1.099161,0.217551,-0.275325,-0.062043
51.4333,-0.236680,-0.069765,-0.386696,1.097994,0.216431,-0.274935,-0.062503
51.4667,-0.234123,-0.068779,-0.384952,1.096837,0.215384,-0.274460,-0.062951
51.5000,-0.231591,-0.068241,-0.384335,1.095720,0.214313,-0.274324,-0.063356
51.5333,-0.229077,-0.067664,-0.383930,1.094401,0.213277,-0.274197,-0.063733
51.5667,-0.227138,-0.066595,-0.385794,1.093418,0.212391,-0.273978,-0.064090
51.6000,-0.226737,-0.064331,-0.395885,1.094512,0.211633,-0.273699,-0.064537
51.6333,-0.227215,-0.060008,-0.414552,1.095928,0.210924,-0.273050,-0.065005
51.6667,-0.227558,-0.056520,-0.430344,1.096518,0.210378,-0.272617,-0.065330
51.7000,-0.227344,-0.053301,-0.442778,1.096694,0.209730,-0.272059,-0.065674
51.7333,-0.226045,-0.051230,-0.444162,1.095288,0.209225,-0.271255,-0.065899
51.7667,-0.224368,-0.050232,-0.441914,1.093493,0.208748,-0.270736,-0.066051
51.8000,-0.222608,-0.049192,-0.438011,1.091612,0.208305,-0.270050,-0.066207
51.8333,-0.221659,-0.049071,-0.437172,1.090179,0.208095,-0.270068,-0.066223
51.8667,-0.220877,-0.048959,-0.435760,1.088341,0.208059,-0.270052,-0.066136
51.9000,-0.219977,-0.049304,-0.434324,1.085946,0.208063,-0.270320,-0.065951
51.9333,-0.219700,-0.050038,-0.438991,1.084755,0.207955,-0.271258,-0.065809
51.9667,-0.219991,-0.050787,-0.443273,1.083772,0.208111,-0.272125,-0.065598
52.0000,-0.220226,-0.051412,-0.444062,1.082354,0.208444,-0.272625,-0.065320
52.0333,-0.220920,-0.052341,-0.441369,1.080807,0.209170,-0.272942,-0.064912
52.0667,-0.222783,-0.052362,-0.442355,1.080473,0.210126,-0.272979,-0.064518
52.1000,-0.224977,-0.052295,-0.443458,1.079750,0.211306,-0.272986,-0.063990
52.1333,-0.227453,-0.052316,-0.444108,1.079435,0.212578,-0.272949,-0.063451
52.1667,-0.230137,-0.052504,-0.446104,1.079204,0.213888,-0.273110,-0.062863
52.2000,-0.232797,-0.053014,-0.445081,1.078562,0.215376,-0.273183,-0.062187
52.2333,-0.235360,-0.053329,-0.444224,1.077486,0.216874,-0.273201,-0.061467
52.2667,-0.237879,-0.053846,-0.443082,1.076262,0.218386,-0.273311,-0.060718
52.3000,-0.240453,-0.054250,-0.442446,1.075431,0.219838,-0.273377,-0.060021
52.3333,-0.242861,-0.054354,-0.441643,1.074585,0.221209,-0.273276,-0.059369
52.3667,-0.245067,-0.054729,-0.440278,1.073944,0.222470,-0.273259,-0.058764
52.4000,-0.247686,-0.054521,-0.441050,1.073447,0.223821,-0.273111,-0.058154
52.4333,-0.250790,-0.053108,-0.445547,1.073480,0.225161,-0.272621,-0.057619
52.4667,-0.254256,-0.050514,-0.453791,1.073694,0.226480,-0.271833,-0.057135
52.5000,-0.258058,-0.047711,-0.465699,1.074834,0.227659,-0.271193,-0.056750
52.5333,-0.260618,-0.046876,-0.469310,1.074920,0.228753,-0.270934,-0.056270
52.5667,-0.263415,-0.045835,-0.475252,1.075504,0.229784,-0.270743,-0.055855
52.6000,-0.265859,-0.045259,-0.478570,1.075838,0.230793,-0.270583,-0.055424
52.6333,-0.267858,-0.045118,-0.478745,1.075641,0.231802,-0.270419,-0.054955
52.6667,-0.270134,-0.044643,-0.480070,1.075876,0.232825,-0.270140,-0.054530
52.7000,-0.272521,-0.044020,-0.482350,1.076314,0.233828,-0.269850,-0.054121
52.7333,-0.274702,-0.043598,-0.483964,1.077135,0.234700,-0.269582,-0.053788
52.7667,-0.276887,-0.042904,-0.485886,1.077661,0.235601,-0.269222,-0.053436
52.8000,-0.278529,-0.042579,-0.485885,1.077679,0.236399,-0.268944,-0.053076
52.8333,-0.279817,-0.042458,-0.485497,1.077447,0.237080,-0.268780,-0.052742
52.8667,-0.280929,-0.042331,-0.485148,1.077313,0.237658,-0.268620,-0.052468
52.9000,-0.281768,-0.042166,-0.484561,1.077101,0.238122,-0.268439,-0.052243
52.9333,-0.282301,-0.041840,-0.483848,1.076859,0.238443,-0.268182,-0.052092
52.9667,-0.281949,-0.042513,-0.479485,1.076191,0.238563,-0.268189,-0.051970
53.0000,-0.280960,-0.043363,-0.473073,1.075291,0.238492,-0.268149,-0.051935
53.0333,-0.279499,-0.044164,-0.465604,1.074169,0.238263,-0.268024,-0.051975
53.0667,-0.276993,-0.046059,-0.453577,1.072443,0.237810,-0.268134,-0.052046
53.1000,-0.274453,-0.046655,-0.445426,1.070758,0.237153,-0.267927,-0.052264
53.1333,-0.271337,-0.047544,-0.436576,1.068134,0.236389,-0.267896,-0.052445
53.1667,-0.268283,-0.047196,-0.432940,1.066313,0.235306,-0.267662,-0.052856
53.2000,-0.264725,-0.046486,-0.430530,1.064322,0.233950,-0.267394,-0.053381
53.2333,-0.260147,-0.046242,-0.427260,1.060801,0.232373,-0.267446,-0.053854
53.2667,-0.254511,-0.046413,-0.422487,1.058079,0.230213,-0.267567,-0.054638
53.3000,-0.247626,-0.046185,-0.415801,1.054163,0.227689,-0.267425,-0.055523
53.3333,-0.239461,-0.048124,-0.401177,1.051451,0.224666,-0.267592,-0.056682
53.3667,-0.229640,-0.051308,-0.380485,1.047550,0.221229,-0.267916,-0.057885
53.4000,-0.220615,-0.052367,-0.366047,1.043900,0.217866,-0.267685,-0.059153
53.4333,-0.210429,-0.052336,-0.344344,1.038971,0.214340,-0.266189,-0.060501
53.4667,-0.201829,-0.051796,-0.340738,1.036140,0.210633,-0.266143,-0.061877
53.5000,-0.191118,-0.054254,-0.329451,1.031146,0.206520,-0.267031,-0.063093
53.5333,-0.181423,-0.052874,-0.326515,1.028372,0.202205,-0.266641,-0.064704
53.5667,-0.171797,-0.049215,-0.330010,1.024278,0.197902,-0.265807,-0.066200
53.6000,-0.161133,-0.047419,-0.329928,1.023302,0.192673,-0.265436,-0.068165
53.6333,-0.145522,-0.050288,-0.318454,1.016268,0.186404,-0.266752,-0.069732
53.6667,-0.133444,-0.049660,-0.312980,1.011613,0.181253,-0.266642,-0.071374
53.7000,-0.121893,-0.049383,-0.307109,1.005500,0.176634,-0.266670,-0.072573
53.7333,-0.108750,-0.050005,-0.289377,1.003945,0.170774,-0.265619,-0.074549
53.7667,-0.094143,-0.052060,-0.276873,0.995338,0.165241,-0.266247,-0.075603
53.8000,-0.081911,-0.053589,-0.272042,0.986445,0.160717,-0.267391,-0.076313
53.8333,-0.066465,-0.062854,-0.230899,0.969363,0.157123,-0.268520,-0.076038
53.8667,-0.055431,-0.066360,-0.215778,0.955821,0.154322,-0.269360,-0.075813
53.9000,-0.044462,-0.081377,-0.202709,0.937591,0.152385,-0.276385,-0.074082
53.9333,-0.033816,-0.099021,-0.185039,0.907445,0.152834,-0.284187,-0.070418
53.9667,-0.027595,-0.103442,-0.175528,0.894081,0.152256,-0.285661,-0.069355
54.0000,-0.023799,-0.108169,-0.181768,0.851506,0.157633,-0.289782,-0.063308
54.0333,-0.022209,-0.112853,-0.170863,0.823365,0.161908,-0.290997,-0.059229
54.0667,-0.021420,-0.122493,-0.153456,0.803296,0.165310,-0.293356,-0.055798
54.1000,-0.016874,-0.141111,-0.120388,0.762707,0.170448,-0.297518,-0.049085
54.1333,-0.016675,-0.159932,-0.107353,0.731032,0.175629,-0.304299,-0.042603
54.1667,-0.025503,-0.163814,-0.081832,0.703484,0.184527,-0.301202,-0.037104
54.2000,-0.032183,-0.171375,-0.019422,0.665192,0.193918,-0.292825,-0.030457
54.2333,-0.040206,-0.201351,0.035053,0.672291,0.196650,-0.297219,-0.029381
54.2667,-0.054147,-0.206359,0.071407,0.644982,0.206662,-0.291273,-0.022925
54.3000,-0.078642,-0.187141,0.026767,0.580066,0.226545,-0.286324,-0.005886
54.3333,-0.106924,-0.175839,-0.050933,0.460334,0.251244,-0.290405,0.026334
54.3667,-0.133129,-0.170334,-0.095868,0.452424,0.262255,-0.295187,0.035472
54.4000,-0.155315,-0.169865,-0.138396,0.417503,0.273006,-0.301229,0.050112
54.4333,-0.166324,-0.150987,-0.193636,0.275954,0.282837,-0.301257,0.084424
54.4667,-0.178041,-0.144426,-0.222571,0.201541,0.287714,-0.302711,0.104391
54.5000,-0.187992,-0.151381,-0.231885,0.178410,0.290979,-0.306090,0.113381
54.5333,-0.197882,-0.147150,-0.249496,0.127318,0.293478,-0.306528,0.127751
54.5667,-0.207167,-0.151039,-0.255726,0.123749,0.296138,-0.308509,0.131760
54.6000,-0.219842,-0.154355,-0.271899,0.131758,0.299419,-0.312539,0.134247
54.6333,-0.230414,-0.157707,-0.277025,0.135837,0.302552,-0.314137,0.136938
54.6667,-0.238688,-0.159367,-0.278482,0.132201,0.305042,-0.314291,0.140485
54.7000,-0.245740,-0.159889,-0.280591,0.128156,0.307074,-0.314272,0.143636
54.7333,-0.252115,-0.159281,-0.282634,0.121518,0.308824,-0.313829,0.147024
54.7667,-0.257742,-0.160405,-0.283869,0.124038,0.310536,-0.314107,0.148322
54.8000,-0.262735,-0.161283,-0.285583,0.125318,0.311995,-0.314423,0.149698
54.8333,-0.267091,-0.161279,-0.287313,0.123651,0.313193,-0.314406,0.151444
54.8667,-0.270579,-0.161986,-0.286166,0.117771,0.314174,-0.313957,0.153911
54.9000,-0.272725,-0.163339,-0.277826,0.098260,0.314748,-0.311856,0.158971
54.9333,-0.274459,-0.164469,-0.272477,0.078288,0.314906,-0.310326,0.164025
54.9667,-0.275482,-0.165223,-0.267346,0.072077,0.315255,-0.309154,0.165730
55.0000,-0.276184,-0.165347,-0.267601,0.069109,0.315332,-0.309100,0.166655
55.0333,-0.277140,-0.163511,-0.274192,0.059843,0.314915,-0.309606,0.168948
55.0667,-0.276707,-0.162669,-0.278401,0.048710,0.314116,-0.309964,0.171320
55.1000,-0.275265,-0.163895,-0.277689,0.042444,0.313473,-0.310135,0.172425
55.1333,-0.271682,-0.169472,-0.271713,0.045340,0.312853,-0.311014,0.171288
55.1667,-0.266754,-0.178421,-0.264598,0.045976,0.311777,-0.312800,0.170608
55.2000,-0.262667,-0.175252,-0.262721,0.045918,0.310726,-0.311650,0.168953
55.2333,-0.260554,-0.170304,-0.267752,0.047916,0.309962,-0.311380,0.167363
55.2667,-0.257884,-0.164440,-0.272331,0.050443,0.309072,-0.310739,0.165426
55.3000,-0.255442,-0.158653,-0.279808,0.050963,0.308002,-0.310692,0.164059
55.3333,-0.252326,-0.161253,-0.279869,0.053086,0.307143,-0.311891,0.162966
55.3667,-0.248750,-0.162267,-0.281078,0.057985,0.306176,-0.312929,0.160977
55.4000,-0.245221,-0.159640,-0.281920,0.061206,0.305202,-0.312605,0.158914
55.4333,-0.241846,-0.156946,-0.281518,0.066898,0.304408,-0.312034,0.156305
55.4667,-0.238320,-0.156435,-0.278067,0.079731,0.303895,-0.311720,0.152247
55.5000,-0.235096,-0.159315,-0.274100,0.098031,0.303540,-0.312580,0.147420
55.5333,-0.229981,-0.170328,-0.255364,0.112281,0.303166,-0.313019,0.143580
55.5667,-0.229494,-0.170794,-0.255108,0.118146,0.303120,-0.313360,0.142068
55.6000,-0.230202,-0.169178,-0.253343,0.119924,0.303473,-0.312407,0.141592
55.6333,-0.231492,-0.169328,-0.249489,0.123114,0.304124,-0.311596,0.141143
55.6667,-0.233083,-0.170118,-0.244884,0.126010,0.304895,-0.310806,0.140918
55.7000,-0.235552,-0.172859,-0.234148,0.131838,0.306265,-0.309361,0.140314
55.7333,-0.238545,-0.175769,-0.204760,0.162639,0.308820,-0.304543,0.133668
55.7667,-0.244033,-0.181675,-0.186898,0.197426,0.311390,-0.303371,0.127518
55.8000,-0.249374,-0.186249,-0.165697,0.217889,0.313823,-0.300598,0.124323
55.8333,-0.253450,-0.188430,-0.140417,0.224584,0.315871,-0.295703,0.123457
55.8667,-0.261169,-0.189537,-0.121890,0.254859,0.318670,-0.292491,0.118360
55.9000,-0.268052,-0.194941,-0.117351,0.288254,0.320648,-0.294197,0.113432
55.9333,-0.271871,-0.194444,-0.118359,0.292923,0.321829,-0.294040,0.113673
55.9667,-0.275579,-0.194429,-0.115988,0.294003,0.323111,-0.293251,0.114490
56.0000,-0.278551,-0.193849,-0.110975,0.295938,0.324179,-0.291753,0.114759
56.0333,-0.281481,-0.191917,-0.107564,0.295550,0.325226,-0.289992,0.115452
56.0667,-0.283425,-0.188018,-0.105129,0.291522,0.325961,-0.287614,0.116531
56.1000,-0.284385,-0.186077,-0.104683,0.284995,0.326357,-0.286434,0.118136
56.1333,-0.285472,-0.185444,-0.104744,0.281715,0.326748,-0.285992,0.119156
56.1667,-0.286014,-0.184061,-0.106588,0.276562,0.326936,-0.285623,0.120442
56.2000,-0.285041,-0.181765,-0.107901,0.268429,0.326649,-0.284805,0.121841
56.2333,-0.283376,-0.179733,-0.105067,0.264039,0.326181,-0.283382,0.122026
56.2667,-0.281557,-0.179802,-0.103859,0.270601,0.325556,-0.283520,0.119949
56.3000,-0.279862,-0.180488,-0.104482,0.281524,0.324879,-0.284441,0.117042
56.3333,-0.276863,-0.181351,-0.103845,0.291336,0.323765,-0.285218,0.113992
56.3667,-0.275221,-0.182714,-0.113903,0.316217,0.322599,-0.288918,0.108343
56.4000,-0.273105,-0.185808,-0.111501,0.345444,0.321235,-0.290801,0.101325
56.4333,-0.269792,-0.187977,-0.117756,0.361607,0.319470,-0.293800,0.097183
56.4667,-0.267237,-0.185995,-0.132007,0.388307,0.317319,-0.297044,0.090700
56.5000,-0.267222,-0.192416,-0.134458,0.443001,0.314865,-0.301908,0.079212
56.5333,-0.267097,-0.189764,-0.147410,0.503374,0.311075,-0.305041,0.066083
56.5667,-0.262208,-0.168976,-0.191950,0.554360,0.304337,-0.305871,0.052684
56.6000,-0.257536,-0.146731,-0.238676,0.582796,0.298583,-0.305308,0.043646
56.6333,-0.245304,-0.138475,-0.246947,0.633135,0.288781,-0.303940,0.028896
56.6667,-0.227742,-0.129556,-0.212935,0.680526,0.277639,-0.294955,0.012987
56.7000,-0.206193,-0.126426,-0.159473,0.709782,0.266259,-0.285828,0.000465
56.7333,-0.187272,-0.126057,-0.150984,0.717285,0.257058,-0.285515,-0.005880
56.7667,-0.168354,-0.121857,-0.157729,0.712279,0.248950,-0.285858,-0.009748
56.8000,-0.147764,-0.118946,-0.158152,0.712662,0.239474,-0.285830,-0.014885
56.8333,-0.120601,-0.129542,-0.106829,0.738310,0.224452,-0.284066,-0.025685
56.8667,-0.093345,-0.135633,-0.055565,0.746982,0.210937,-0.280206,-0.033526
56.9000,-0.068948,-0.137843,-0.036001,0.749809,0.198969,-0.279414,-0.039096
56.9333,-0.044662,-0.137219,-0.021029,0.738060,0.189117,-0.277630,-0.042044
56.9667,-0.022018,-0.135581,-0.019547,0.734262,0.178728,-0.277597,-0.045596
57.0000,-0.000195,-0.136760,-0.030896,0.745598,0.166188,-0.281223,-0.050710
57.0333,0.021420,-0.132324,-0.030686,0.747613,0.155174,-0.279977,-0.054747
57.0667,0.041964,-0.129029,-0.037136,0.750301,0.144459,-0.280272,-0.058235
57.1000,0.057844,-0.125829,-0.081634,0.766213,0.133264,-0.286644,-0.062060
57.1333,0.075287,-0.127916,-0.101236,0.779247,0.121799,-0.291389,-0.065553
57.1667,0.094806,-0.136716,-0.086028,0.778603,0.112163,-0.293890,-0.067348
57.2000,0.111226,-0.137990,-0.082045,0.783609,0.102862,-0.294372,-0.069793
57.2333,0.123510,-0.138401,-0.092658,0.804127,0.092505,-0.296575,-0.073473
57.2667,0.137196,-0.141133,-0.074543,0.813121,0.083945,-0.295480,-0.076029
57.3000,0.151543,-0.147614,-0.033227,0.810922,0.077286,-0.292675,-0.077380
57.3333,0.157697,-0.154595,-0.038761,0.807039,0.074678,-0.297086,-0.076767
57.3667,0.157822,-0.152287,-0.071427,0.815506,0.072585,-0.301012,-0.077278
57.4000,0.156236,-0.156195,-0.106388,0.858104,0.064479,-0.308056,-0.080964
57.4333,0.151595,-0.150632,-0.110026,0.876420,0.063205,-0.305664,-0.083364
57.4667,0.142071,-0.152656,-0.133453,0.887584,0.065533,-0.309707,-0.083351
57.5000,0.133233,-0.153426,-0.146598,0.890611,0.069339,-0.311713,-0.082735
57.5333,0.122279,-0.150949,-0.179674,0.895240,0.073437,-0.314699,-0.081967
57.5667,0.112326,-0.149832,-0.187888,0.896977,0.078154,-0.315031,-0.081409
57.6000,0.101693,-0.148333,-0.189276,0.893860,0.084352,-0.314314,-0.080371
57.6333,0.089614,-0.146998,-0.211047,0.895433,0.089810,-0.316275,-0.079166
57.6667,0.077000,-0.144708,-0.215490,0.901206,0.095229,-0.315301,-0.078960
57.7000,0.064124,-0.142713,-0.217710,0.901840,0.101837,-0.314253,-0.077987
57.7333,0.049162,-0.138015,-0.230060,0.904446,0.108833,-0.313068,-0.077056
57.7667,0.034534,-0.125380,-0.250135,0.912488,0.114378,-0.308672,-0.077362
57.8000,0.023531,-0.120453,-0.243138,0.911116,0.120658,-0.304952,-0.076501
57.8333,0.011586,-0.117179,-0.235142,0.908209,0.127689,-0.301944,-0.075153
57.8667,0.000397,-0.110086,-0.222340,0.909371,0.133706,-0.296230,-0.074718
57.9000,-0.008419,-0.106496,-0.189049,0.911077,0.138903,-0.289601,-0.074558
57.9333,-0.022065,-0.104561,-0.183969,0.919826,0.144469,-0.287284,-0.074167
57.9667,-0.034024,-0.104554,-0.178002,0.919924,0.150768,-0.286016,-0.072502
58.0000,-0.047747,-0.102809,-0.165858,0.925714,0.157030,-0.282893,-0.071634
58.0333,-0.059209,-0.100631,-0.153107,0.934019,0.161665,-0.279490,-0.071272
58.0667,-0.070598,-0.099381,-0.138048,0.936089,0.167373,-0.276371,-0.070026
58.1000,-0.081289,-0.096493,-0.120242,0.939911,0.172388,-0.272056,-0.069200
58.1333,-0.092348,-0.095497,-0.121624,0.937817,0.178339,-0.271226,-0.067025
58.1667,-0.103092,-0.095567,-0.117552,0.940927,0.183269,-0.270210,-0.065647
58.2000,-0.111678,-0.097731,-0.113779,0.944121,0.187100,-0.270387,-0.064403
58.2333,-0.120158,-0.098344,-0.115948,0.950838,0.190162,-0.270535,-0.063752
58.2667,-0.128583,-0.096945,-0.117416,0.955258,0.193585,-0.269564,-0.062916
58.3000,-0.134984,-0.097704,-0.114937,0.954867,0.196897,-0.269301,-0.061573
58.3333,-0.141006,-0.097226,-0.113342,0.956880,0.199569,-0.268531,-0.060751
58.3667,-0.145791,-0.097720,-0.108410,0.956700,0.202046,-0.267901,-0.059786
58.4000,-0.152467,-0.096440,-0.113079,0.963785,0.204078,-0.267474,-0.059602
58.4333,-0.157859,-0.095856,-0.118075,0.969093,0.205782,-0.267484,-0.059271
58.4667,-0.162526,-0.094761,-0.123964,0.971991,0.207520,-0.267382,-0.058761
58.5000,-0.166359,-0.093374,-0.129278,0.973533,0.209077,-0.267102,-0.058236
58.5333,-0.169141,-0.092812,-0.130861,0.975153,0.210153,-0.266839,-0.057916
58.5667,-0.172170,-0.091548,-0.136325,0.978371,0.211015,-0.266671,-0.057814
58.6000,-0.174247,-0.091288,-0.138243,0.979988,0.211740,-0.266640,-0.057613
58.6333,-0.176604,-0.089708,-0.145234,0.985673,0.211817,-0.266494,-0.058023
58.6667,-0.177035,-0.091049,-0.149900,0.987249,0.211712,-0.267704,-0.057988
58.7000,-0.176700,-0.092064,-0.148463,0.987071,0.211611,-0.268074,-0.057968
58.7333,-0.177239,-0.091909,-0.152228,0.988012,0.211659,-0.268416,-0.057990
58.7667,-0.177823,-0.091456,-0.158481,0.989263,0.211634,-0.268889,-0.058031
58.8000,-0.178649,-0.090773,-0.165260,0.991910,0.211474,-0.269275,-0.058258
58.8333,-0.179322,-0.090090,-0.172235,0.995007,0.211153,-0.269673,-0.058572
58.8667,-0.179888,-0.089409,-0.179250,0.997273,0.210916,-0.270088,-0.058787
58.9000,-0.180612,-0.089631,-0.189885,1.001003,0.210444,-0.271359,-0.059097
58.9333,-0.181327,-0.089362,-0.199324,1.003261,0.210227,-0.272248,-0.059247
58.9667,-0.182097,-0.089455,-0.207408,1.005272,0.210105,-0.273162,-0.059336
59.0000,-0.182537,-0.090959,-0.210421,1.007178,0.209953,-0.274232,-0.059406
59.0333,-0.182192,-0.092270,-0.209877,1.007559,0.209743,-0.274858,-0.059425
59.0667,-0.182028,-0.093669,-0.206343,1.006951,0.209855,-0.275201,-0.059304
59.1000,-0.182624,-0.093625,-0.206587,1.007611,0.210033,-0.275164,-0.059296
59.1333,-0.183293,-0.093859,-0.206025,1.007844,0.210341,-0.275181,-0.059186
59.1667,-0.183958,-0.094476,-0.204858,1.007859,0.210701,-0.275330,-0.059017
59.2000,-0.184958,-0.094756,-0.203434,1.008060,0.211197,-0.275255,-0.058844
59.2333,-0.185880,-0.095382,-0.200101,1.008050,0.211732,-0.275143,-0.058635
59.2667,-0.187464,-0.095530,-0.200006,1.009271,0.212315,-0.275102,-0.058493
59.3000,-0.190085,-0.095083,-0.205553,1.012757,0.212905,-0.275303,-0.058483
59.3333,-0.193465,-0.093493,-0.217871,1.017847,0.213441,-0.275591,-0.058584
59.3667,-0.196455,-0.092787,-0.225816,1.021941,0.214051,-0.275860,-0.058580
59.4000,-0.199260,-0.092092,-0.235492,1.025627,0.214594,-0.276335,-0.058531
59.4333,-0.202221,-0.091258,-0.243988,1.029035,0.215281,-0.276593,-0.058449
59.4667,-0.204949,-0.090457,-0.253666,1.031888,0.215914,-0.277009,-0.058306
59.5000,-0.207506,-0.090427,-0.261975,1.034247,0.216583,-0.277694,-0.058084
59.5333,-0.209843,-0.089733,-0.270803,1.036754,0.217089,-0.278083,-0.057974
59.5667,-0.213085,-0.086756,-0.287960,1.040348,0.217602,-0.278083,-0.058000
59.6000,-0.216841,-0.082058,-0.308439,1.044310,0.218170,-0.277457,-0.058117
59.6333,-0.219135,-0.081418,-0.314298,1.045929,0.218865,-0.277544,-0.057911
59.6667,-0.221931,-0.079349,-0.328312,1.048370,0.219399,-0.277678,-0.057812
59.7000,-0.223530,-0.077626,-0.335031,1.048440,0.219954,-0.277382,-0.057597
59.7333,-0.225611,-0.075718,-0.347894,1.050509,0.220211,-0.277514,-0.057601
59.7667,-0.229501,-0.071346,-0.369511,1.055029,0.220624,-0.277014,-0.057824
59.8000,-0.232124,-0.070347,-0.374273,1.057593,0.221334,-0.276683,-0.057739
59.8333,-0.232934,-0.070800,-0.370544,1.057529,0.221880,-0.276484,-0.057484
59.8667,-0.235591,-0.071101,-0.385464,1.061988,0.221958,-0.277768,-0.057567
59.9000,-0.236895,-0.071870,-0.398815,1.065665,0.221541,-0.279216,-0.057748
59.9333,-0.239867,-0.072508,-0.431661,1.069980,0.221101,-0.282375,-0.057759
59.9667,-0.240140,-0.078226,-0.441728,1.072001,0.220594,-0.286215,-0.057514
60.0000,-0.239254,-0.084583,-0.446439,1.073649,0.219774,-0.289955,-0.057362
60.0333,-0.238496,-0.086569,-0.450891,1.073806,0.219212,-0.291467,-0.057375
60.0667,-0.237581,-0.088425,-0.456999,1.073006,0.218651,-0.293142,-0.057278
60.1000,-0.233456,-0.094594,-0.447681,1.065260,0.218268,-0.296230,-0.056347
60.1333,-0.229649,-0.098105,-0.441681,1.060803,0.217352,-0.297996,-0.056140
60.1667,-0.225800,-0.102577,-0.434173,1.056437,0.216470,-0.300093,-0.055857
60.2000,-0.222791,-0.104490,-0.436146,1.055215,0.215088,-0.301541,-0.056104
60.2333,-0.217778,-0.106545,-0.424593,1.053600,0.213318,-0.301822,-0.056683
60.2667,-0.212591,-0.109011,-0.407449,1.051217,0.211799,-0.301798,-0.057190
60.3000,-0.203585,-0.115392,-0.377246,1.043519,0.209726,-0.302900,-0.057248
60.3333,-0.193812,-0.123720,-0.341123,1.035887,0.207416,-0.304308,-0.057415
60.3667,-0.178423,-0.137636,-0.280628,1.023832,0.203694,-0.306183,-0.057629
60.4000,-0.164091,-0.150574,-0.225992,1.018078,0.198948,-0.307661,-0.058862
60.4333,-0.151536,-0.162798,-0.182954,1.013848,0.194303,-0.309791,-0.059981
60.4667,-0.143733,-0.170152,-0.150723,1.009461,0.191712,-0.310331,-0.060682
60.5000,-0.134996,-0.180573,-0.109132,1.002042,0.189212,-0.311279,-0.060899
60.5333,-0.129167,-0.185665,-0.092871,0.998748,0.187019,-0.312246,-0.061292
60.5667,-0.124571,-0.187129,-0.087531,0.997599,0.184932,-0.312578,-0.061917
60.6000,-0.119989,-0.190261,-0.078649,0.995574,0.183046,-0.313335,-0.062314
60.6333,-0.115093,-0.195321,-0.063235,0.991756,0.181367,-0.314280,-0.062453
60.6667,-0.111771,-0.197768,-0.061485,0.992235,0.179592,-0.315490,-0.062877
60.7000,-0.110383,-0.197334,-0.065088,0.996541,0.178061,-0.315839,-0.063713
60.7333,-0.109043,-0.197523,-0.067238,0.998239,0.177046,-0.316279,-0.064109
60.7667,-0.108469,-0.197189,-0.070077,0.999376,0.176518,-0.316491,-0.064356
60.8000,-0.108312,-0.196865,-0.071921,1.000154,0.176279,-0.316564,-0.064499
60.8333,-0.108378,-0.196555,-0.070846,0.999811,0.176383,-0.316276,-0.064517
60.8667,-0.108630,-0.196466,-0.068384,0.998940,0.176691,-0.315919,-0.064433
60.9000,-0.109200,-0.195332,-0.069038,0.998011,0.177146,-0.315375,-0.064322
60.9333,-0.110188,-0.194593,-0.071874,0.997522,0.177719,-0.315279,-0.064111
60.9667,-0.111097,-0.194080,-0.069915,0.996353,0.178414,-0.314730,-0.063909
61.0000,-0.111909,-0.193799,-0.068848,0.995150,0.179058,-0.314403,-0.063654
61.0333,-0.112443,-0.193622,-0.066870,0.994414,0.179481,-0.314040,-0.063519
61.0667,-0.112766,-0.193113,-0.064097,0.993042,0.179915,-0.313413,-0.063390
61.1000,-0.112895,-0.192020,-0.058294,0.989816,0.180604,-0.312104,-0.063179
61.1333,-0.113301,-0.190862,-0.052497,0.986883,0.181375,-0.310747,-0.062969
61.1667,-0.113484,-0.188292,-0.047038,0.984752,0.181874,-0.308721,-0.063029
61.2000,-0.113056,-0.185725,-0.041730,0.983232,0.181946,-0.306747,-0.063257
61.2333,-0.112733,-0.182064,-0.039224,0.982772,0.181859,-0.304568,-0.063669
61.2667,-0.112158,-0.178775,-0.035187,0.982555,0.181605,-0.302409,-0.064149
61.3000,-0.112173,-0.172002,-0.036925,0.984493,0.181223,-0.299170,-0.065026
61.3333,-0.111444,-0.169000,-0.027500,0.986172,0.180558,-0.296552,-0.065867
61.3667,-0.110747,-0.164823,-0.016768,0.988265,0.179813,-0.293177,-0.066870
61.4000,-0.118576,-0.140125,-0.093461,1.010870,0.179123,-0.289389,-0.069361
61.4333,-0.124292,-0.122208,-0.154117,1.028478,0.177950,-0.286662,-0.071407
61.4667,-0.135335,-0.093674,-0.259039,1.043753,0.178434,-0.282458,-0.072923
61.5000,-0.132828,-0.085367,-0.247998,1.038536,0.178330,-0.277148,-0.073291
61.5333,-0.134190,-0.070275,-0.273401,1.043059,0.177406,-0.271752,-0.074609
61.5667,-0.130348,-0.071219,-0.240158,1.039473,0.176952,-0.268935,-0.074890
61.6000,-0.127632,-0.066337,-0.227892,1.029689,0.177579,-0.265456,-0.074378
61.6333,-0.126120,-0.054516,-0.218138,1.028115,0.177187,-0.258275,-0.075178
61.6667,-0.127367,-0.041338,-0.273441,1.030181,0.175941,-0.257356,-0.075703
61.7000,-0.128351,-0.038248,-0.288879,1.031726,0.175698,-0.257331,-0.076024
61.7333,-0.128345,-0.034045,-0.302813,1.030796,0.175403,-0.256682,-0.076095
61.7667,-0.130063,-0.023011,-0.325496,1.025820,0.176314,-0.253553,-0.075758
61.8000,-0.123875,-0.008861,-0.263709,1.023290,0.175302,-0.239598,-0.076966
61.8333,-0.125581,0.010341,-0.286167,1.017292,0.176352,-0.232248,-0.076554
61.8667,-0.124246,0.061754,-0.279808,1.017262,0.175082,-0.204436,-0.077467
61.9000,-0.121990,0.064783,-0.240687,1.013392,0.175603,-0.198694,-0.077013
61.9333,-0.125027,0.069245,-0.211511,1.008569,0.178522,-0.193108,-0.075663
61.9667,-0.132331,0.074229,-0.208814,1.019928,0.180009,-0.189377,-0.075850
62.0000,-0.145896,0.072705,-0.216397,0.997274,0.190607,-0.191445,-0.070667
62.0333,-0.157528,0.068712,-0.284737,0.962748,0.200641,-0.202883,-0.064211
62.0667,-0.166333,0.059291,-0.304124,0.941510,0.208031,-0.210916,-0.059631
62.1000,-0.158507,0.066993,-0.287347,0.924124,0.207472,-0.206019,-0.057986
62.1333,-0.143773,0.082079,-0.276810,0.873733,0.208523,-0.200334,-0.052814
62.1667,-0.149624,0.076040,-0.241283,0.873735,0.212449,-0.198313,-0.051856
62.2000,-0.147514,0.075583,-0.228498,0.860832,0.213830,-0.197370,-0.049698
62.2333,-0.150986,0.072085,-0.234321,0.851272,0.216849,-0.200270,-0.047649
62.2667,-0.152356,0.071186,-0.268503,0.820141,0.221168,-0.207136,-0.042584
62.3000,-0.157124,0.063343,-0.261301,0.823166,0.223328,-0.209622,-0.042152
62.3333,-0.156323,0.053123,-0.239361,0.817705,0.224622,-0.211722,-0.040861
62.3667,-0.160277,0.050405,-0.245329,0.810685,0.227351,-0.214095,-0.038909
62.4000,-0.161126,0.051150,-0.238049,0.813999,0.227466,-0.212402,-0.039147
62.4333,-0.163199,0.048534,-0.230043,0.830601,0.226260,-0.211723,-0.041424
62.4667,-0.163346,0.050355,-0.235449,0.841444,0.224528,-0.211129,-0.043188
62.5000,-0.167005,0.048961,-0.236334,0.845031,0.225702,-0.211634,-0.043120
62.5333,-0.168579,0.048551,-0.243112,0.847096,0.225949,-0.212631,-0.043108
62.5667,-0.169172,0.051565,-0.260715,0.849719,0.225260,-0.213496,-0.043607
62.6000,-0.176454,0.049446,-0.281669,0.857649,0.226871,-0.216833,-0.043787
62.6333,-0.180040,0.050618,-0.303564,0.860115,0.227419,-0.218975,-0.043601
62.6667,-0.185936,0.049829,-0.316061,0.882124,0.226486,-0.219593,-0.046186
62.7000,-0.172866,0.069912,-0.387524,0.875747,0.217900,-0.220019,-0.048674
62.7333,-0.166565,0.081240,-0.430510,0.887307,0.210887,-0.219450,-0.053131
62.7667,-0.170706,0.076876,-0.411286,0.916117,0.209576,-0.216823,-0.056807
62.8000,-0.169787,0.079521,-0.403400,0.940766,0.205615,-0.212562,-0.060345
62.8333,-0.168156,0.084431,-0.418668,0.949836,0.202608,-0.211219,-0.062207
62.8667,-0.169033,0.087104,-0.446572,0.955934,0.200715,-0.212611,-0.063489
62.9000,-0.169766,0.091190,-0.470079,0.952380,0.200376,-0.213513,-0.063351
62.9333,-0.175511,0.089440,-0.479436,0.947389,0.203492,-0.215725,-0.061895
62.9667,-0.188667,0.083261,-0.525877,0.930349,0.209964,-0.225395,-0.057744
63.0000,-0.195542,0.082304,-0.539654,0.928808,0.212723,-0.227237,-0.056277
63.0333,-0.214486,0.068590,-0.564317,0.927296,0.220879,-0.236453,-0.052533
63.0667,-0.224408,0.060656,-0.540386,0.971912,0.220978,-0.232778,-0.056146
63.1000,-0.230259,0.052549,-0.500427,0.992320,0.223092,-0.230333,-0.056780
63.1333,-0.234482,0.025413,-0.431118,0.966428,0.232886,-0.238551,-0.049860
63.1667,-0.218392,0.037217,-0.365699,0.913647,0.235510,-0.228715,-0.043950
63.2000,-0.214607,0.022549,-0.257667,0.814105,0.252057,-0.226376,-0.026583
63.2333,-0.203087,0.028312,-0.122006,0.866663,0.241714,-0.202527,-0.037318
63.2667,-0.141206,0.202723,-0.316940,0.796232,0.214889,-0.150132,-0.036704
63.3000,-0.096509,0.279901,-0.258097,0.788689,0.196624,-0.106333,-0.037748
63.3333,-0.116565,0.281460,-0.280724,0.798157,0.202997,-0.107729,-0.038082
63.4333,-0.204823,0.339547,-0.349961,0.859999,0.226739,-0.078942,-0.028288
63.4667,-0.181380,0.380000,-0.103799,0.880965,0.215897,-0.024132,-0.014237
63.5000,-0.126073,0.380000,-0.100456,0.791308,0.203485,0.022263,0.012918
63.5333,-0.042258,0.380000,-0.043310,0.689143,0.187817,0.056665,0.038524
