t_s,q_pitch,q_roll,q_yaw,q_elbow,target_x,target_y,target_z
2.8000,-0.308794,-0.274510,-0.454478,1.844541,0.106751,-0.331566,-0.108406
2.8333,-0.117620,-0.178193,0.018971,1.504816,0.075697,-0.300732,-0.107146
2.8667,-0.185552,-0.100509,-1.077404,1.616309,0.080060,-0.282738,-0.114998
2.9000,-0.189882,-0.164312,-2.085031,1.514442,0.106708,-0.307272,-0.107451
2.9333,-0.221236,-0.183503,-1.614958,1.503468,0.128689,-0.318707,-0.101898
2.9667,-0.235020,-0.195957,-1.415217,1.504067,0.138356,-0.323497,-0.098219
3.0000,-0.230282,-0.182407,-0.890012,1.503033,0.139483,-0.311471,-0.100274
3.0333,-0.261925,-0.195958,-1.007558,1.505245,0.154163,-0.319332,-0.093426
3.0667,-0.281483,-0.216212,-1.352604,1.504716,0.161925,-0.332188,-0.087325
3.1000,-0.285632,-0.151415,-1.376135,1.367899,0.165504,-0.326439,-0.083154
3.1333,-0.264433,-0.125326,-1.288994,1.339190,0.158853,-0.317800,-0.085704
3.1667,-0.259112,-0.135220,-1.248390,1.387242,0.154679,-0.313094,-0.089387
3.2000,-0.259816,-0.182328,-1.220035,1.520638,0.146252,-0.311223,-0.093379
3.2333,-0.264115,-0.220269,-1.394105,1.668106,0.141031,-0.299681,-0.094741
3.2667,-0.268801,-0.265527,-1.324973,1.781042,0.134995,-0.300182,-0.093088
3.3000,-0.248008,-0.245396,-1.244529,1.713665,0.125084,-0.305411,-0.095997
3.3333,-0.236823,-0.248961,-1.148360,1.649411,0.122187,-0.322271,-0.095337
3.3667,-0.204159,-0.225098,-0.912755,1.516675,0.118876,-0.335544,-0.094795
3.4000,-0.176304,-0.219245,-1.080024,1.505140,0.106044,-0.335234,-0.098806
3.4333,-0.167653,-0.209211,-1.878345,1.503103,0.093810,-0.333947,-0.101888
3.4667,-0.174156,-0.198542,-2.051116,1.457752,0.087978,-0.335537,-0.101111
3.5000,-0.168506,-0.178122,-1.934663,1.416972,0.083492,-0.333729,-0.101003
3.5333,-0.156426,-0.192970,-2.063487,1.464256,0.078581,-0.331330,-0.102888
3.5667,-0.144172,-0.208382,-2.154554,1.498241,0.074991,-0.333046,-0.103585
3.6000,-0.121749,-0.199208,-1.706932,1.504720,0.070682,-0.329060,-0.106958
3.6333,-0.108736,-0.194045,-1.586206,1.504685,0.065061,-0.326301,-0.109269
3.6667,-0.087167,-0.169329,-0.970392,1.505841,0.057210,-0.309058,-0.113409
3.7000,-0.076780,-0.154301,-0.819681,1.505426,0.051596,-0.300121,-0.114610
3.7333,-0.069098,-0.154548,-0.752587,1.505350,0.047332,-0.300041,-0.114499
3.7667,-0.060831,-0.147147,-0.759128,1.505008,0.042789,-0.296072,-0.115347
3.8000,-0.053233,-0.145464,-0.891262,1.504966,0.038623,-0.295741,-0.116246
3.8333,-0.045987,-0.139523,-0.854673,1.505108,0.034491,-0.292423,-0.117278
3.8667,-0.041621,-0.131187,-0.769071,1.505330,0.031775,-0.287661,-0.117643
3.9000,-0.039549,-0.130042,-0.790010,1.504854,0.030590,-0.287263,-0.117553
3.9333,-0.035653,-0.136626,-0.728149,1.506114,0.028032,-0.290701,-0.116759
3.9667,-0.031464,-0.133877,-0.687826,1.507985,0.025202,-0.288987,-0.116592
4.0000,-0.037631,-0.128049,-0.745195,1.539513,0.022353,-0.281980,-0.116888
4.0333,-0.046548,-0.141777,-0.910035,1.587631,0.020411,-0.281024,-0.116632
4.0667,-0.045342,-0.147453,-0.934872,1.596050,0.018859,-0.282424,-0.116536
4.1000,-0.043004,-0.143702,-0.929064,1.599048,0.017084,-0.279867,-0.116932
4.1333,-0.043510,-0.148960,-0.927124,1.602010,0.016944,-0.282260,-0.116675
4.1667,-0.026635,-0.132697,-0.732836,1.537504,0.016961,-0.284493,-0.117105
4.2000,-0.018404,-0.130153,-0.644599,1.507645,0.018345,-0.286553,-0.117396
4.2333,-0.021154,-0.134237,-0.905762,1.504725,0.020468,-0.290063,-0.117936
4.2667,-0.026273,-0.141515,-0.929380,1.505080,0.023084,-0.294324,-0.118001
4.3000,-0.029064,-0.144030,-0.889805,1.505145,0.024940,-0.295312,-0.117885
4.3333,-0.045405,-0.169093,-1.090522,1.505050,0.033318,-0.310450,-0.115307
4.3667,-0.062943,-0.203281,-1.116771,1.505268,0.042914,-0.329290,-0.111268
4.4000,-0.064423,-0.202725,-0.756110,1.506048,0.044972,-0.326387,-0.111121
4.4333,-0.069916,-0.206539,-0.730883,1.505452,0.048212,-0.328173,-0.109626
4.4667,-0.067222,-0.187181,-1.010214,1.504969,0.045691,-0.319521,-0.111191
4.5000,-0.072610,-0.176804,-1.112925,1.505067,0.047616,-0.314818,-0.112588
4.5333,-0.119441,-0.176305,-1.324217,1.455889,0.072078,-0.326296,-0.106459
4.5667,-0.100484,-0.126059,-0.775426,1.284930,0.098198,-0.318314,-0.099944
4.6000,-0.128998,-0.130909,-0.525866,1.247809,0.129351,-0.312034,-0.094546
4.6333,-0.190749,-0.126974,-0.228670,1.260104,0.166911,-0.288645,-0.089935
4.6667,-0.185105,-0.119098,-0.070042,1.255614,0.165996,-0.273682,-0.089310
4.7000,-0.183387,-0.124092,-0.106024,1.264527,0.163119,-0.278667,-0.089327
4.7333,-0.131152,-0.136880,-0.115609,1.203806,0.147956,-0.288340,-0.088420
4.7667,-0.103703,-0.147997,-0.120866,1.201708,0.133767,-0.295962,-0.091777
4.8000,-0.050638,-0.167800,-0.050603,1.101475,0.126557,-0.302070,-0.086920
4.8333,-0.095537,-0.169606,-0.007296,1.115416,0.147404,-0.298292,-0.086172
4.8667,-0.104847,-0.176216,0.018397,1.116852,0.152171,-0.298692,-0.083554
4.9000,-0.099032,-0.185225,0.002386,1.107324,0.151099,-0.304805,-0.081578
4.9333,-0.091346,-0.197560,-0.001571,1.102677,0.148011,-0.311868,-0.080821
4.9667,-0.058383,-0.227367,0.031325,1.066689,0.137774,-0.324190,-0.078138
5.0000,-0.016827,-0.278787,0.135900,0.979933,0.131801,-0.336512,-0.070792
5.0333,-0.047448,-0.277418,0.116561,1.009854,0.142162,-0.339157,-0.071569
5.0667,-0.073624,-0.270507,0.079248,1.033053,0.151932,-0.339891,-0.069964
5.1000,-0.092192,-0.262531,0.048619,1.037136,0.161139,-0.338499,-0.067523
5.1333,-0.112424,-0.252016,-0.002236,1.055715,0.168291,-0.338338,-0.066463
5.1667,-0.123897,-0.246220,-0.004046,1.048614,0.175637,-0.334797,-0.064260
5.2000,-0.099446,-0.273934,0.056062,0.995114,0.172875,-0.341032,-0.058785
5.2333,-0.100363,-0.275714,0.069805,0.982467,0.175509,-0.339842,-0.057955
5.2667,-0.106572,-0.268701,0.103615,0.959816,0.182399,-0.330805,-0.056275
5.3000,-0.117699,-0.250244,0.100707,0.953342,0.189198,-0.320925,-0.055598
5.3333,-0.118011,-0.240430,0.126762,0.928486,0.193273,-0.311171,-0.053827
5.3667,-0.126081,-0.218098,0.090520,0.939318,0.195897,-0.304674,-0.055060
5.4000,-0.131212,-0.206920,0.032939,0.964568,0.194541,-0.307021,-0.056992
5.4333,-0.122534,-0.206135,0.033033,0.959376,0.191097,-0.306782,-0.057686
5.4667,-0.114523,-0.202727,0.038699,0.958736,0.187109,-0.304714,-0.059596
5.5000,-0.099303,-0.216481,0.085640,0.933521,0.183507,-0.305388,-0.058660
5.5333,-0.086645,-0.228418,0.117014,0.914348,0.180040,-0.306963,-0.058044
5.5667,-0.072938,-0.243407,0.156651,0.883566,0.177697,-0.308009,-0.055987
5.6000,-0.070718,-0.235044,0.140084,0.884219,0.176760,-0.306256,-0.056933
5.6333,-0.064373,-0.234787,0.148032,0.874935,0.174995,-0.304754,-0.056961
5.6667,-0.057031,-0.239207,0.152517,0.869074,0.172206,-0.306300,-0.057058
5.7000,-0.053743,-0.236353,0.154209,0.869045,0.170491,-0.304817,-0.058064
5.7333,-0.047754,-0.243210,0.133734,0.881055,0.165826,-0.312005,-0.059109
5.7667,-0.044106,-0.243881,0.123647,0.888248,0.162881,-0.314319,-0.060342
5.8000,-0.038361,-0.242273,0.130134,0.887274,0.160008,-0.312817,-0.061484
5.8333,-0.033601,-0.242034,0.131460,0.890443,0.156983,-0.312897,-0.062717
5.8667,-0.027239,-0.239415,0.148810,0.884753,0.154395,-0.309154,-0.063785
5.9000,-0.022687,-0.237835,0.152081,0.885115,0.151919,-0.308119,-0.064790
5.9333,-0.017371,-0.238924,0.163098,0.881162,0.149653,-0.307130,-0.065316
5.9667,-0.010818,-0.245212,0.181822,0.868887,0.148016,-0.307172,-0.064685
6.0000,-0.005495,-0.249999,0.184356,0.865816,0.145759,-0.309204,-0.064653
6.0333,0.000213,-0.251694,0.196163,0.857502,0.143974,-0.308065,-0.064658
6.0667,0.004445,-0.252200,0.198080,0.844654,0.144000,-0.307318,-0.063635
6.1000,0.007892,-0.251690,0.196795,0.843293,0.142508,-0.307284,-0.063956
6.1333,0.009527,-0.243608,0.181788,0.836294,0.143316,-0.305010,-0.063530
6.1667,0.012971,-0.245130,0.188944,0.817631,0.144609,-0.303623,-0.061662
6.2000,0.015443,-0.247522,0.190902,0.810006,0.144603,-0.304096,-0.060851
6.2333,0.019877,-0.250771,0.223207,0.788037,0.145052,-0.299505,-0.059443
6.2667,0.024296,-0.250248,0.269663,0.759422,0.145733,-0.290170,-0.057993
6.3000,0.028282,-0.253741,0.303733,0.716699,0.148930,-0.283143,-0.053577
6.3333,0.032971,-0.258120,0.347177,0.682249,0.149447,-0.275440,-0.050696
6.3667,0.036164,-0.262081,0.373169,0.655225,0.150193,-0.270709,-0.047972
6.4000,0.037310,-0.269001,0.384826,0.625072,0.153078,-0.269207,-0.043692
6.4333,0.038616,-0.275029,0.380056,0.589553,0.157600,-0.269407,-0.037754
6.4667,0.038865,-0.278801,0.381861,0.564682,0.160595,-0.268456,-0.033739
6.5000,0.040683,-0.285630,0.388759,0.528241,0.163814,-0.266893,-0.027970
6.5333,0.039496,-0.280790,0.380778,0.522526,0.165654,-0.265511,-0.026767
6.5667,0.039167,-0.282166,0.376143,0.505298,0.168227,-0.265294,-0.023490
6.6000,0.038393,-0.283456,0.369416,0.506546,0.168921,-0.267171,-0.023183
6.6333,0.035684,-0.275954,0.351455,0.515363,0.170383,-0.267734,-0.023812
6.6667,0.032794,-0.268097,0.331910,0.526249,0.171706,-0.268567,-0.024698
6.7000,0.031089,-0.266657,0.321772,0.530256,0.172652,-0.270025,-0.024688
6.7333,0.029162,-0.265499,0.314693,0.533929,0.173525,-0.271019,-0.024741
6.7667,0.026673,-0.263325,0.307670,0.533483,0.175159,-0.271161,-0.024063
6.8000,0.023812,-0.261029,0.295161,0.552267,0.174848,-0.273839,-0.026328
6.8333,0.021404,-0.258366,0.283064,0.556725,0.176076,-0.275062,-0.026269
6.8667,0.019265,-0.258042,0.275780,0.559711,0.177081,-0.276375,-0.026098
6.9000,0.017203,-0.259302,0.268843,0.560190,0.178342,-0.278144,-0.025415
6.9333,0.014907,-0.259506,0.263634,0.561364,0.179526,-0.279169,-0.024972
6.9667,0.011623,-0.257595,0.254400,0.567309,0.180743,-0.280288,-0.025133
7.0000,0.007051,-0.253172,0.243332,0.581972,0.181482,-0.281194,-0.026661
7.0333,0.002540,-0.250040,0.234349,0.593179,0.182518,-0.282006,-0.027584
7.0667,-0.001644,-0.253150,0.225662,0.598256,0.184184,-0.285166,-0.027064
7.1000,-0.003781,-0.261890,0.230284,0.593752,0.185602,-0.287917,-0.025435
7.1333,-0.007192,-0.262165,0.227531,0.593949,0.187289,-0.288386,-0.024721
7.1667,-0.010284,-0.261589,0.224633,0.594983,0.188726,-0.288563,-0.024231
7.2000,-0.013461,-0.260402,0.221548,0.597720,0.189983,-0.288620,-0.024064
7.2333,-0.016801,-0.258646,0.214402,0.607046,0.190605,-0.289616,-0.024828
7.2667,-0.019535,-0.257905,0.208809,0.616197,0.190890,-0.290807,-0.025654
7.3000,-0.022222,-0.255319,0.202516,0.621688,0.191653,-0.290985,-0.026000
7.3333,-0.024989,-0.252875,0.193323,0.628630,0.192349,-0.291823,-0.026429
7.3667,-0.027476,-0.249997,0.184238,0.634027,0.193099,-0.292328,-0.026694
7.4000,-0.029432,-0.246535,0.175329,0.640040,0.193490,-0.292582,-0.027217
7.4333,-0.030566,-0.244562,0.171976,0.644605,0.193503,-0.292497,-0.027782
7.4667,-0.031127,-0.243694,0.167998,0.650486,0.193077,-0.293143,-0.028544
7.5000,-0.032328,-0.243504,0.153430,0.662664,0.192357,-0.296300,-0.029728
7.5333,-0.033764,-0.243843,0.135592,0.676751,0.191489,-0.300328,-0.030999
7.5667,-0.034075,-0.247554,0.126112,0.686781,0.190410,-0.304284,-0.031824
7.6000,-0.034110,-0.248928,0.118487,0.695398,0.189327,-0.306736,-0.032762
7.6333,-0.033740,-0.250051,0.112704,0.700231,0.188552,-0.308538,-0.033247
7.6667,-0.032742,-0.250361,0.112841,0.701831,0.187832,-0.308807,-0.033661
7.7000,-0.031688,-0.250554,0.113021,0.702382,0.187237,-0.308952,-0.033928
7.7333,-0.030640,-0.250015,0.113391,0.702543,0.186699,-0.308696,-0.034214
7.7667,-0.029705,-0.248979,0.112257,0.703878,0.186067,-0.308518,-0.034653
7.8000,-0.028841,-0.247920,0.110832,0.705348,0.185455,-0.308382,-0.035092
7.8333,-0.027898,-0.247022,0.108647,0.707315,0.184743,-0.308477,-0.035570
7.8667,-0.026531,-0.246209,0.108408,0.710079,0.183668,-0.308355,-0.036322
7.9000,-0.024837,-0.245771,0.110071,0.712202,0.182492,-0.308075,-0.037070
7.9333,-0.022795,-0.245656,0.112268,0.713387,0.181277,-0.307821,-0.037711
7.9667,-0.020310,-0.246736,0.115634,0.712866,0.180084,-0.307862,-0.038085
8.0000,-0.017561,-0.247357,0.118930,0.711923,0.178825,-0.307683,-0.038479
8.0333,-0.014802,-0.247081,0.121096,0.711063,0.177567,-0.307269,-0.038932
8.0667,-0.012176,-0.246260,0.122413,0.711229,0.176232,-0.306792,-0.039545
8.1000,-0.009676,-0.244895,0.122484,0.710983,0.175046,-0.306230,-0.040067
8.1333,-0.006343,-0.244883,0.125307,0.709746,0.173553,-0.305831,-0.040533
8.1667,-0.002858,-0.244412,0.127109,0.709826,0.171798,-0.305467,-0.041238
8.2000,0.000441,-0.242850,0.125362,0.712544,0.169796,-0.305317,-0.042280
8.2333,0.003376,-0.241399,0.121027,0.716528,0.167819,-0.305701,-0.043344
8.2667,0.006116,-0.240001,0.115225,0.722721,0.165606,-0.306459,-0.044644
8.3000,0.009713,-0.239994,0.113535,0.728387,0.162962,-0.307200,-0.046000
8.3333,0.012926,-0.239794,0.115058,0.732904,0.160611,-0.307251,-0.047290
8.3667,0.015185,-0.237597,0.109244,0.740592,0.158345,-0.307655,-0.048790
8.4000,0.017485,-0.237149,0.109279,0.746057,0.156301,-0.307831,-0.050016
8.4333,0.018905,-0.234983,0.105009,0.752988,0.154518,-0.307901,-0.051320
8.4667,0.019423,-0.231393,0.097739,0.761895,0.152890,-0.307812,-0.052804
8.5000,0.019748,-0.231214,0.096103,0.767143,0.151868,-0.308271,-0.053598
8.5333,0.019714,-0.231098,0.095697,0.771013,0.151236,-0.308477,-0.054167
8.5667,0.018504,-0.229902,0.090590,0.776656,0.150959,-0.308934,-0.054763
8.6000,0.016902,-0.229213,0.089926,0.780851,0.151058,-0.308855,-0.055205
8.6333,0.014554,-0.228060,0.091521,0.783802,0.151711,-0.308109,-0.055488
8.6667,0.011438,-0.226004,0.093406,0.786446,0.152800,-0.306830,-0.055704
8.7000,0.007732,-0.224589,0.092111,0.786696,0.154639,-0.306207,-0.055290
8.7333,0.003770,-0.223759,0.090311,0.785499,0.156859,-0.305864,-0.054544
8.7667,-0.001082,-0.222062,0.084477,0.785589,0.159357,-0.305750,-0.053791
8.8000,-0.006582,-0.218971,0.072035,0.783084,0.162685,-0.305828,-0.052431
8.8333,-0.012471,-0.213937,0.050931,0.781559,0.166090,-0.306347,-0.051015
8.8667,-0.020272,-0.209658,0.030478,0.786476,0.169288,-0.307328,-0.050292
8.9000,-0.026628,-0.206933,0.013891,0.786181,0.172570,-0.308285,-0.048885
8.9333,-0.033291,-0.201879,-0.004354,0.788238,0.175557,-0.308438,-0.048003
8.9667,-0.039386,-0.198959,-0.015266,0.790463,0.178204,-0.308504,-0.047263
9.0000,-0.047519,-0.188736,-0.046319,0.799356,0.180628,-0.308178,-0.047343
9.0333,-0.055195,-0.174774,-0.077584,0.806234,0.183009,-0.305920,-0.047592
9.0667,-0.061705,-0.162464,-0.098208,0.811889,0.185029,-0.302791,-0.048011
9.1000,-0.068655,-0.155806,-0.116347,0.828484,0.185469,-0.302050,-0.049649
9.1333,-0.072303,-0.155210,-0.121168,0.834408,0.186237,-0.302310,-0.049817
9.1667,-0.084490,-0.134334,-0.185368,0.869954,0.184995,-0.300556,-0.054052
9.2000,-0.100444,-0.107716,-0.268838,0.904588,0.184641,-0.297177,-0.057954
9.2333,-0.111296,-0.093049,-0.309728,0.932410,0.183949,-0.293523,-0.061176
9.2667,-0.125803,-0.071554,-0.385638,0.954491,0.184354,-0.290141,-0.063389
9.3000,-0.135633,-0.060932,-0.442894,0.970780,0.183907,-0.289868,-0.064782
9.3333,-0.142236,-0.052136,-0.490506,0.978777,0.183439,-0.289769,-0.065509
9.3667,-0.142342,-0.055706,-0.491449,0.983861,0.182678,-0.291281,-0.065854
9.4000,-0.142002,-0.059136,-0.493918,0.990852,0.181292,-0.292787,-0.066604
9.4333,-0.141714,-0.062117,-0.496287,0.993851,0.180563,-0.294368,-0.066822
9.4667,-0.142737,-0.063111,-0.507760,0.997111,0.179950,-0.295815,-0.067048
9.5000,-0.143131,-0.064050,-0.521219,1.000956,0.178807,-0.297390,-0.067432
9.5333,-0.143161,-0.064910,-0.530083,1.004222,0.177817,-0.298488,-0.067825
9.5667,-0.143510,-0.065258,-0.537169,1.007505,0.177082,-0.299109,-0.068225
9.6000,-0.144522,-0.065154,-0.543750,1.011088,0.176665,-0.299377,-0.068603
9.6333,-0.146566,-0.063998,-0.554730,1.014186,0.176593,-0.299529,-0.068843
9.6667,-0.147278,-0.064989,-0.559070,1.015069,0.176577,-0.300364,-0.068736
9.7000,-0.145623,-0.066991,-0.548956,1.014643,0.176393,-0.300482,-0.068711
9.7333,-0.148387,-0.061411,-0.551088,1.018336,0.177079,-0.297357,-0.069402
9.7667,-0.152910,-0.061786,-0.557573,1.024731,0.178044,-0.297421,-0.069546
9.8000,-0.159259,-0.063354,-0.563474,1.032165,0.179833,-0.297855,-0.069417
9.8333,-0.168875,-0.062984,-0.577959,1.042914,0.182296,-0.297616,-0.069393
9.8667,-0.175826,-0.063952,-0.583281,1.050502,0.184417,-0.297542,-0.069081
9.9000,-0.185119,-0.064110,-0.589341,1.062796,0.186976,-0.296552,-0.069196
9.9333,-0.192149,-0.063527,-0.586011,1.069391,0.189756,-0.294929,-0.068814
9.9667,-0.200218,-0.060849,-0.599854,1.073954,0.192419,-0.293908,-0.068254
10.0000,-0.201901,-0.060198,-0.570345,1.075491,0.194613,-0.290631,-0.067967
10.0333,-0.204858,-0.061298,-0.553646,1.078696,0.196486,-0.289246,-0.067668
10.0667,-0.204440,-0.067608,-0.520462,1.077474,0.198146,-0.289640,-0.066816
10.1000,-0.206786,-0.069381,-0.507623,1.076139,0.200172,-0.289386,-0.066005
10.1333,-0.206509,-0.068081,-0.473191,1.070373,0.202492,-0.285893,-0.065241
10.1667,-0.210774,-0.068888,-0.467883,1.067726,0.205321,-0.285808,-0.064002
10.2000,-0.214066,-0.068124,-0.464950,1.064967,0.207548,-0.285142,-0.062970
10.2333,-0.215703,-0.066955,-0.456497,1.061654,0.209255,-0.283840,-0.062204
10.2667,-0.216518,-0.066186,-0.447138,1.058711,0.210524,-0.282667,-0.061628
10.3000,-0.217048,-0.065248,-0.439115,1.055940,0.211558,-0.281533,-0.061162
10.3333,-0.217796,-0.064083,-0.435791,1.053569,0.212439,-0.280707,-0.060743
10.3667,-0.219293,-0.062493,-0.439519,1.052768,0.213146,-0.280223,-0.060461
10.4000,-0.220280,-0.061837,-0.440362,1.051389,0.213820,-0.280003,-0.060105
10.4333,-0.221560,-0.061921,-0.443348,1.050948,0.214409,-0.280311,-0.059782
10.4667,-0.222047,-0.061176,-0.442648,1.048831,0.215011,-0.279965,-0.059415
10.5000,-0.222119,-0.060697,-0.440677,1.046651,0.215472,-0.279658,-0.059103
10.5333,-0.222044,-0.060126,-0.438741,1.044260,0.215891,-0.279329,-0.058802
10.5667,-0.221805,-0.059766,-0.437348,1.041333,0.216292,-0.279211,-0.058437
10.6000,-0.221351,-0.060595,-0.437455,1.038024,0.216600,-0.279910,-0.057964
10.6333,-0.220331,-0.062103,-0.433358,1.036297,0.216557,-0.280447,-0.057781
10.6667,-0.217250,-0.067622,-0.412599,1.033105,0.216452,-0.281531,-0.057431
10.7000,-0.214920,-0.071239,-0.394935,1.030036,0.216524,-0.281869,-0.057149
10.7333,-0.213467,-0.072644,-0.384733,1.027798,0.216568,-0.281724,-0.056999
10.7667,-0.212952,-0.072673,-0.382228,1.026672,0.216588,-0.281565,-0.056940
10.8000,-0.212896,-0.071918,-0.383380,1.026095,0.216601,-0.281333,-0.056931
10.8333,-0.212475,-0.071899,-0.382340,1.025627,0.216506,-0.281259,-0.056945
10.8667,-0.211697,-0.073265,-0.380126,1.025348,0.216263,-0.281791,-0.056945
10.9000,-0.211164,-0.073799,-0.380297,1.025738,0.215934,-0.282097,-0.057070
10.9333,-0.209983,-0.074415,-0.378658,1.025927,0.215382,-0.282292,-0.057278
10.9667,-0.208415,-0.074570,-0.375950,1.025483,0.214774,-0.282189,-0.057514
11.0000,-0.206003,-0.073847,-0.365752,1.023570,0.214250,-0.280934,-0.057785
11.0333,-0.203399,-0.073522,-0.358361,1.022242,0.213429,-0.280165,-0.058138
11.0667,-0.201172,-0.073450,-0.356431,1.021476,0.212510,-0.280079,-0.058483
11.1000,-0.199363,-0.072987,-0.359199,1.021069,0.211568,-0.280262,-0.058827
11.1333,-0.197142,-0.072514,-0.361160,1.019880,0.210577,-0.280413,-0.059129
11.1667,-0.193366,-0.073138,-0.358246,1.018467,0.209032,-0.280686,-0.059601
11.2000,-0.188046,-0.075653,-0.347782,1.015930,0.207189,-0.281249,-0.060077
11.2333,-0.182270,-0.077301,-0.337516,1.013439,0.205082,-0.281392,-0.060729
11.2667,-0.177350,-0.079415,-0.328005,1.010782,0.203404,-0.281820,-0.061187
11.3000,-0.171059,-0.084145,-0.312273,1.004444,0.201879,-0.283105,-0.061129
11.3333,-0.165162,-0.088656,-0.297315,0.998698,0.200407,-0.284279,-0.061133
11.3667,-0.160309,-0.091251,-0.286354,0.993325,0.199239,-0.284815,-0.061141
11.4000,-0.155858,-0.094165,-0.269761,0.985357,0.198879,-0.284887,-0.060709
11.4333,-0.150958,-0.095605,-0.262653,0.970517,0.199153,-0.285504,-0.059319
11.4667,-0.145201,-0.096597,-0.256330,0.961821,0.197927,-0.285796,-0.059049
11.5000,-0.137493,-0.095432,-0.220228,0.945312,0.197836,-0.281495,-0.058448
11.5333,-0.132982,-0.094677,-0.215640,0.916207,0.200561,-0.281405,-0.054943
11.5667,-0.126876,-0.093688,-0.216248,0.893640,0.201220,-0.281768,-0.052584
11.6000,-0.122328,-0.094265,-0.219455,0.886114,0.200110,-0.282912,-0.052238
11.6333,-0.114776,-0.096346,-0.190497,0.886544,0.197074,-0.280319,-0.053893
11.6667,-0.112213,-0.084670,-0.175242,0.868494,0.199023,-0.272714,-0.052641
11.7000,-0.109919,-0.088387,-0.178571,0.851488,0.200589,-0.275422,-0.050003
11.7333,-0.107228,-0.090639,-0.184258,0.844195,0.200315,-0.277623,-0.049096
11.7667,-0.109924,-0.079127,-0.207380,0.824604,0.204012,-0.275537,-0.046074
11.8000,-0.114585,-0.073437,-0.247015,0.823459,0.205180,-0.278411,-0.045078
11.8333,-0.118948,-0.069838,-0.250760,0.837470,0.205003,-0.276564,-0.046902
11.8667,-0.122561,-0.070249,-0.254053,0.822928,0.208871,-0.277471,-0.043673
11.9000,-0.129612,-0.062712,-0.267375,0.759078,0.220958,-0.277256,-0.031675
11.9333,-0.135416,-0.059373,-0.269613,0.740104,0.226173,-0.276188,-0.027229
11.9667,-0.142017,-0.061722,-0.276582,0.740027,0.229007,-0.278076,-0.025570
12.0000,-0.151488,-0.064098,-0.310854,0.727378,0.233590,-0.284619,-0.020809
12.0333,-0.157951,-0.070399,-0.314381,0.710968,0.238522,-0.288351,-0.015705
12.0667,-0.160015,-0.081784,-0.286947,0.695692,0.242669,-0.289499,-0.011405
12.1000,-0.165637,-0.084101,-0.284146,0.665720,0.248885,-0.290468,-0.004102
12.1333,-0.168468,-0.093564,-0.257098,0.659975,0.252015,-0.290135,-0.001637
12.1667,-0.170807,-0.103968,-0.229388,0.676459,0.252259,-0.289844,-0.003639
12.2000,-0.171820,-0.112757,-0.196155,0.683019,0.253064,-0.288126,-0.004287
12.2333,-0.167079,-0.134227,-0.145671,0.645492,0.256767,-0.289524,0.003097
12.2667,-0.169278,-0.136773,-0.143052,0.619872,0.260642,-0.289876,0.008853
12.3000,-0.170969,-0.143943,-0.151872,0.570684,0.266275,-0.294119,0.020195
12.3333,-0.170918,-0.152696,-0.154218,0.542690,0.268891,-0.298112,0.026923
12.3667,-0.174834,-0.156609,-0.193722,0.526623,0.270794,-0.306983,0.032672
12.4000,-0.170097,-0.175281,-0.177273,0.472341,0.273875,-0.311353,0.044680
12.4333,-0.165585,-0.180576,-0.169059,0.445637,0.274303,-0.311723,0.049585
12.4667,-0.161348,-0.178212,-0.175715,0.387618,0.276260,-0.311077,0.061040
12.5000,-0.155879,-0.174812,-0.159909,0.332361,0.277731,-0.305399,0.070824
12.5333,-0.151039,-0.172544,-0.141406,0.289001,0.278447,-0.299681,0.078272
12.5667,-0.148622,-0.172667,-0.130573,0.246273,0.279441,-0.296272,0.086747
12.6000,-0.146070,-0.173202,-0.120721,0.211212,0.279795,-0.293360,0.093632
12.6333,-0.143416,-0.172124,-0.111725,0.182091,0.279726,-0.290172,0.099048
12.6667,-0.141069,-0.172000,-0.099006,0.155540,0.279628,-0.286529,0.103899
12.7000,-0.139941,-0.172730,-0.094478,0.152087,0.279373,-0.285736,0.104256
12.7333,-0.139074,-0.173826,-0.091330,0.158608,0.279038,-0.285719,0.102529
12.7667,-0.137817,-0.176144,-0.085143,0.162063,0.278660,-0.285385,0.101383
12.8000,-0.136747,-0.178397,-0.081451,0.161449,0.278363,-0.285431,0.101287
12.8333,-0.136002,-0.178631,-0.079274,0.174603,0.277898,-0.285567,0.098064
12.8667,-0.135762,-0.176451,-0.078368,0.184726,0.277610,-0.284947,0.095497
12.9000,-0.136505,-0.170573,-0.083064,0.195813,0.277527,-0.284153,0.092874
12.9333,-0.136434,-0.166620,-0.085430,0.194359,0.277491,-0.283155,0.092956
12.9667,-0.136358,-0.163341,-0.085876,0.193432,0.277472,-0.282006,0.092884
13.0000,-0.135689,-0.160745,-0.083075,0.188348,0.277395,-0.280287,0.093551
13.0333,-0.134938,-0.159556,-0.081309,0.182155,0.277293,-0.279298,0.094594
13.0667,-0.134597,-0.159489,-0.080156,0.181657,0.277200,-0.279025,0.094558
13.1000,-0.134459,-0.159122,-0.079395,0.181745,0.277160,-0.278731,0.094441
13.1333,-0.134017,-0.161652,-0.076583,0.178057,0.277133,-0.278948,0.095258
13.1667,-0.133857,-0.163689,-0.072573,0.175152,0.277198,-0.278716,0.095874
13.2000,-0.134302,-0.164552,-0.070687,0.172439,0.277434,-0.278490,0.096590
13.2333,-0.135030,-0.165071,-0.069128,0.169214,0.277771,-0.278168,0.097487
13.2667,-0.136164,-0.164785,-0.067618,0.169742,0.278174,-0.277663,0.097584
13.3000,-0.137961,-0.163426,-0.069293,0.174455,0.278684,-0.277573,0.096950
13.3333,-0.139407,-0.163703,-0.068639,0.178873,0.279112,-0.277573,0.096348
13.3667,-0.140915,-0.164115,-0.066979,0.188767,0.279454,-0.277582,0.094500
13.4000,-0.143039,-0.164875,-0.066726,0.195786,0.280047,-0.277900,0.093532
13.4333,-0.145573,-0.161877,-0.070729,0.199764,0.280787,-0.277622,0.093231
13.4667,-0.148687,-0.158292,-0.075543,0.205728,0.281669,-0.277324,0.092605
13.5000,-0.150986,-0.157525,-0.076962,0.211111,0.282329,-0.277352,0.092025
13.5333,-0.153326,-0.157889,-0.077222,0.216972,0.283007,-0.277564,0.091380
13.5667,-0.155904,-0.159141,-0.078242,0.226625,0.283657,-0.278389,0.090045
13.6000,-0.158300,-0.159522,-0.081642,0.234518,0.284245,-0.279361,0.089089
13.6333,-0.160260,-0.161106,-0.085251,0.240066,0.284737,-0.280798,0.088648
13.6667,-0.160858,-0.169397,-0.082642,0.246437,0.284828,-0.283565,0.088014
13.7000,-0.161308,-0.177033,-0.079344,0.253507,0.284839,-0.285990,0.087099
13.7333,-0.163293,-0.181589,-0.078623,0.267760,0.285103,-0.287968,0.084799
13.7667,-0.164756,-0.182958,-0.079011,0.277677,0.285280,-0.288830,0.083154
13.8000,-0.166832,-0.180134,-0.085097,0.288174,0.285546,-0.289269,0.081361
13.8333,-0.168777,-0.179036,-0.093791,0.298039,0.285727,-0.290918,0.079934
13.8667,-0.170039,-0.176433,-0.097121,0.309740,0.285647,-0.290901,0.077567
13.9000,-0.170573,-0.175403,-0.096610,0.328995,0.284995,-0.290958,0.073347
13.9333,-0.170072,-0.175825,-0.098193,0.334878,0.284500,-0.291680,0.072044
13.9667,-0.169717,-0.177350,-0.102873,0.339268,0.284070,-0.293460,0.071290
14.0000,-0.168868,-0.178623,-0.105134,0.346652,0.283339,-0.294749,0.069638
14.0333,-0.167289,-0.179049,-0.104753,0.355679,0.282276,-0.295235,0.067264
14.0667,-0.165466,-0.179123,-0.104440,0.369900,0.280800,-0.295771,0.063654
14.1000,-0.167534,-0.178745,-0.110245,0.410579,0.279008,-0.297926,0.055401
14.1333,-0.167057,-0.175295,-0.118263,0.441989,0.276490,-0.299003,0.048504
14.1667,-0.166718,-0.165540,-0.131692,0.461356,0.274594,-0.298063,0.043715
14.2000,-0.164663,-0.151861,-0.128155,0.480848,0.272267,-0.292008,0.037603
14.2333,-0.158348,-0.154412,-0.125248,0.499669,0.268163,-0.293310,0.032278
14.2667,-0.154936,-0.145495,-0.132143,0.522186,0.264547,-0.291398,0.025972
14.3000,-0.146295,-0.142004,-0.114953,0.527632,0.260738,-0.287148,0.022005
14.3333,-0.134599,-0.131549,-0.064451,0.548795,0.254326,-0.273848,0.012676
14.3667,-0.123832,-0.136770,-0.044722,0.617642,0.242218,-0.274666,-0.003623
14.4000,-0.109499,-0.143718,-0.026368,0.620150,0.235629,-0.275430,-0.007252
14.4333,-0.090395,-0.162930,0.006650,0.637316,0.224938,-0.279969,-0.014138
14.4667,-0.076239,-0.162741,0.009566,0.659206,0.215523,-0.280897,-0.021340
14.5000,-0.061894,-0.161232,0.014612,0.679305,0.206029,-0.280727,-0.028119
14.5333,-0.049532,-0.163319,-0.003344,0.713413,0.195245,-0.286467,-0.035759
14.5667,-0.038042,-0.162764,-0.020938,0.759679,0.182522,-0.290883,-0.045150
14.6000,-0.030262,-0.155253,-0.051644,0.806420,0.170865,-0.293356,-0.053820
14.6333,-0.023610,-0.146108,-0.056054,0.846275,0.160657,-0.290356,-0.061677
14.6667,-0.015547,-0.145883,-0.056742,0.872419,0.151940,-0.290956,-0.066626
14.7000,-0.005532,-0.152325,-0.038998,0.888309,0.144060,-0.292274,-0.070095
14.7333,-0.005670,-0.144648,-0.058976,0.901981,0.141434,-0.291360,-0.072352
14.7667,-0.007068,-0.135988,-0.061949,0.907464,0.141102,-0.287388,-0.073629
14.8000,-0.009405,-0.129458,-0.067191,0.907802,0.142191,-0.284706,-0.073784
14.8333,-0.012340,-0.123028,-0.074813,0.911475,0.142946,-0.282378,-0.074232
14.8667,-0.016811,-0.115806,-0.082806,0.920386,0.143503,-0.279633,-0.075245
14.9000,-0.020193,-0.111753,-0.084485,0.920140,0.145272,-0.277655,-0.074983
14.9333,-0.026584,-0.108162,-0.089170,0.927912,0.147052,-0.276217,-0.075388
14.9667,-0.031750,-0.104592,-0.092510,0.932031,0.148910,-0.274612,-0.075358
15.0000,-0.039364,-0.096572,-0.088440,0.934791,0.152324,-0.269680,-0.075292
15.0333,-0.048639,-0.090194,-0.111699,0.941932,0.155460,-0.269032,-0.074961
15.0667,-0.056012,-0.086976,-0.122555,0.941916,0.159079,-0.268478,-0.073897
15.1000,-0.063126,-0.086359,-0.132526,0.946014,0.161816,-0.269111,-0.073287
15.1333,-0.068190,-0.089972,-0.139614,0.948009,0.163951,-0.271633,-0.072404
15.1667,-0.070829,-0.100099,-0.125445,0.953174,0.164639,-0.274866,-0.072172
15.2000,-0.072319,-0.113695,-0.106563,0.954184,0.165539,-0.279387,-0.071332
15.2333,-0.078422,-0.116841,-0.124642,0.963145,0.166792,-0.283008,-0.071132
15.2667,-0.084365,-0.117149,-0.135655,0.964563,0.169415,-0.284283,-0.070209
15.3000,-0.093862,-0.111672,-0.168293,0.975427,0.171707,-0.284977,-0.070213
15.3333,-0.103517,-0.108060,-0.201380,0.984750,0.174262,-0.286531,-0.069815
15.3667,-0.109272,-0.109414,-0.214141,0.989790,0.176027,-0.288366,-0.069236
15.4000,-0.114359,-0.109571,-0.216824,0.990621,0.178420,-0.288515,-0.068452
15.4333,-0.118429,-0.109530,-0.215116,0.989618,0.180721,-0.288119,-0.067606
15.4667,-0.121453,-0.110038,-0.201261,0.985574,0.183305,-0.286668,-0.066609
15.5000,-0.124714,-0.111317,-0.190614,0.983022,0.185653,-0.285939,-0.065670
15.5333,-0.130526,-0.109197,-0.201262,0.988902,0.187317,-0.285738,-0.065539
15.5667,-0.136294,-0.104906,-0.217141,0.993240,0.189088,-0.285025,-0.065290
15.6000,-0.141040,-0.103308,-0.226015,0.996689,0.190668,-0.284923,-0.064956
15.6333,-0.144145,-0.104220,-0.230007,0.997960,0.191932,-0.285668,-0.064417
15.6667,-0.148702,-0.102704,-0.238200,1.000503,0.193578,-0.285555,-0.064027
15.7000,-0.153271,-0.100215,-0.250594,1.003355,0.195052,-0.285390,-0.063677
15.7333,-0.157889,-0.097073,-0.265106,1.006808,0.196369,-0.285088,-0.063457
15.7667,-0.161367,-0.095134,-0.272532,1.009140,0.197500,-0.284668,-0.063232
15.8000,-0.164067,-0.093539,-0.276610,1.010915,0.198428,-0.284097,-0.063066
15.8333,-0.165116,-0.091359,-0.270036,1.009132,0.199433,-0.282211,-0.062799
15.8667,-0.166924,-0.091258,-0.277727,1.012839,0.199485,-0.282808,-0.062933
15.9000,-0.168801,-0.091079,-0.282792,1.014412,0.200014,-0.283138,-0.062799
15.9333,-0.169428,-0.092160,-0.282193,1.014878,0.200279,-0.283576,-0.062637
15.9667,-0.170050,-0.092535,-0.283425,1.015829,0.200397,-0.283843,-0.062612
16.0000,-0.171268,-0.092675,-0.284241,1.017727,0.200663,-0.283879,-0.062657
16.0333,-0.170644,-0.093682,-0.281929,1.018734,0.200252,-0.284125,-0.062803
16.0667,-0.169750,-0.093509,-0.281821,1.019399,0.199687,-0.284040,-0.063070
16.1000,-0.169978,-0.090660,-0.292266,1.021969,0.199025,-0.283615,-0.063580
16.1333,-0.168211,-0.091229,-0.292583,1.023089,0.197936,-0.283982,-0.063999
16.1667,-0.166284,-0.091355,-0.294502,1.025881,0.196421,-0.284246,-0.064736
16.2000,-0.164420,-0.089773,-0.301099,1.027400,0.194999,-0.284177,-0.065389
16.2333,-0.159543,-0.088949,-0.282839,1.024782,0.193517,-0.282063,-0.066071
16.2667,-0.154181,-0.091299,-0.271925,1.023273,0.191387,-0.282389,-0.066685
16.3000,-0.147956,-0.093457,-0.265055,1.022282,0.188603,-0.283080,-0.067515
16.3333,-0.141578,-0.094888,-0.262957,1.018823,0.186034,-0.284016,-0.068061
16.3667,-0.136662,-0.095058,-0.278657,1.016378,0.183513,-0.286199,-0.068468
16.4000,-0.128262,-0.101879,-0.294270,1.013895,0.179231,-0.291973,-0.068787
16.4333,-0.116591,-0.109143,-0.267987,1.006200,0.175453,-0.293586,-0.069322
16.4667,-0.100932,-0.122994,-0.232964,0.992332,0.170936,-0.297783,-0.069028
16.5000,-0.089066,-0.131820,-0.242261,0.980832,0.166667,-0.304264,-0.068390
16.5333,-0.075054,-0.143391,-0.218793,0.970937,0.161893,-0.308213,-0.068464
16.5667,-0.063932,-0.159941,-0.207295,0.958968,0.158634,-0.315964,-0.067042
16.6000,-0.054602,-0.173828,-0.181086,0.944523,0.157072,-0.320335,-0.065549
16.6333,-0.044453,-0.188371,-0.164888,0.925412,0.155666,-0.326123,-0.063043
16.6667,-0.032170,-0.206307,-0.116904,0.900606,0.154725,-0.329200,-0.060536
16.7000,-0.022686,-0.216606,-0.078532,0.881425,0.153811,-0.329230,-0.059188
16.7333,-0.016411,-0.220776,-0.065860,0.875024,0.151860,-0.329666,-0.059126
16.7667,-0.010441,-0.228680,-0.044351,0.863093,0.151104,-0.330527,-0.058103
16.8000,-0.008477,-0.228076,-0.050716,0.862642,0.150120,-0.331204,-0.058232
16.8333,-0.006883,-0.231038,-0.068853,0.857121,0.150132,-0.335175,-0.056692
16.8667,-0.008629,-0.230936,-0.111503,0.866749,0.148739,-0.341260,-0.056429
16.9000,-0.007395,-0.232759,-0.129769,0.867885,0.147594,-0.344777,-0.055901
16.9333,-0.006992,-0.233683,-0.145390,0.874387,0.145910,-0.347483,-0.056275
16.9667,-0.005393,-0.235711,-0.142137,0.876063,0.144853,-0.348111,-0.056583
17.0000,-0.003392,-0.237211,-0.131405,0.873897,0.144421,-0.347424,-0.056719
17.0333,-0.003102,-0.236001,-0.131178,0.877866,0.143555,-0.346849,-0.057511
17.0667,-0.002948,-0.234323,-0.130460,0.881588,0.142815,-0.345965,-0.058310
17.1000,-0.001844,-0.233722,-0.125717,0.883738,0.141945,-0.345074,-0.058978
17.1333,-0.001501,-0.232177,-0.125487,0.889116,0.140790,-0.344343,-0.059992
17.1667,-0.001639,-0.229432,-0.129234,0.898831,0.139016,-0.343565,-0.061550
17.2000,-0.000842,-0.227065,-0.109349,0.916319,0.135691,-0.339931,-0.064965
17.2333,0.000154,-0.224212,-0.094759,0.920180,0.134655,-0.336654,-0.066384
17.2667,-0.000167,-0.222768,-0.086592,0.929174,0.133227,-0.334963,-0.067951
17.3000,0.000721,-0.220059,-0.060585,0.926892,0.133451,-0.330223,-0.068887
17.3333,0.001748,-0.216409,-0.026399,0.918931,0.134614,-0.323778,-0.069455
17.3667,0.002796,-0.213103,0.011385,0.910955,0.135604,-0.316913,-0.070051
17.4000,0.002406,-0.210215,0.027937,0.909157,0.136096,-0.313160,-0.070532
17.4333,0.001220,-0.206843,0.032313,0.910870,0.136373,-0.310881,-0.071050
17.4667,0.000365,-0.204711,0.035493,0.911771,0.136637,-0.309374,-0.071340
17.5000,-0.000877,-0.202685,0.033492,0.912797,0.137099,-0.308607,-0.071448
17.5333,-0.001826,-0.201926,0.026300,0.914103,0.137380,-0.309185,-0.071340
17.5667,-0.002759,-0.201735,0.016346,0.916871,0.137377,-0.310464,-0.071306
17.6000,-0.003531,-0.203688,0.005865,0.918855,0.137424,-0.312871,-0.070963
17.6333,-0.003499,-0.207646,-0.007260,0.922155,0.136793,-0.316686,-0.070572
17.6667,-0.004066,-0.211129,-0.023588,0.922318,0.137022,-0.320583,-0.069689
17.7000,-0.006130,-0.212255,-0.046650,0.925439,0.137397,-0.324182,-0.069064
17.7333,-0.006645,-0.212504,-0.052581,0.926222,0.137483,-0.325085,-0.068904
17.7667,-0.007227,-0.211737,-0.058483,0.925545,0.137869,-0.325441,-0.068664
17.8000,-0.007917,-0.211438,-0.066202,0.921641,0.138895,-0.326218,-0.067881
17.8333,-0.009563,-0.211926,-0.081811,0.920870,0.139737,-0.328450,-0.067066
17.8667,-0.011675,-0.212281,-0.103941,0.918658,0.140970,-0.331442,-0.065814
17.9000,-0.013513,-0.211315,-0.122149,0.917502,0.141862,-0.333287,-0.065018
17.9333,-0.014284,-0.209909,-0.133177,0.912503,0.142996,-0.333989,-0.064092
17.9667,-0.015112,-0.208505,-0.142817,0.907247,0.144206,-0.334527,-0.063173
18.0000,-0.014493,-0.208743,-0.147176,0.902170,0.144730,-0.335236,-0.062378
18.0333,-0.014834,-0.208078,-0.150666,0.900367,0.145157,-0.335369,-0.062102
18.0667,-0.015511,-0.206989,-0.153892,0.898833,0.145715,-0.335238,-0.061853
18.1000,-0.016269,-0.205382,-0.154489,0.896142,0.146579,-0.334493,-0.061568
18.1333,-0.017009,-0.204705,-0.156414,0.893045,0.147479,-0.334388,-0.061055
18.1667,-0.017407,-0.205761,-0.155574,0.888981,0.148434,-0.334782,-0.060315
18.2000,-0.017971,-0.208013,-0.150924,0.884031,0.149709,-0.335239,-0.059399
18.2333,-0.018516,-0.210994,-0.144536,0.879142,0.150994,-0.335800,-0.058436
18.2667,-0.020336,-0.211627,-0.145083,0.875795,0.152508,-0.336108,-0.057613
18.3000,-0.021696,-0.213675,-0.135334,0.873660,0.153778,-0.335703,-0.057153
18.3333,-0.023310,-0.212706,-0.116808,0.874286,0.154823,-0.332590,-0.057713
18.3667,-0.025887,-0.212221,-0.105164,0.875123,0.156175,-0.330629,-0.057861
18.4000,-0.029199,-0.212557,-0.096821,0.878974,0.157303,-0.329548,-0.058130
18.4333,-0.030915,-0.218965,-0.073381,0.875397,0.159104,-0.329328,-0.057286
18.4667,-0.034426,-0.221757,-0.063571,0.875283,0.161007,-0.329191,-0.056709
18.5000,-0.038229,-0.224129,-0.054825,0.875467,0.162987,-0.328988,-0.056134
18.5333,-0.043402,-0.224020,-0.054421,0.879182,0.164967,-0.328746,-0.055891
18.5667,-0.048684,-0.222232,-0.053371,0.880170,0.167490,-0.327509,-0.055438
18.6000,-0.055553,-0.216076,-0.064077,0.884480,0.170132,-0.325733,-0.055363
18.6333,-0.065258,-0.203822,-0.096894,0.894397,0.172952,-0.323884,-0.055723
18.6667,-0.071336,-0.198461,-0.098864,0.896432,0.175663,-0.321226,-0.055546
18.7000,-0.078059,-0.192044,-0.102279,0.898856,0.178592,-0.318206,-0.055408
18.7333,-0.084830,-0.186709,-0.111765,0.902532,0.181240,-0.316536,-0.055116
18.7667,-0.092467,-0.180866,-0.127596,0.909287,0.183676,-0.315425,-0.055055
18.8000,-0.100221,-0.174795,-0.144875,0.918913,0.185621,-0.314329,-0.055391
18.8333,-0.109754,-0.167894,-0.172989,0.937740,0.186614,-0.314010,-0.056688
18.8667,-0.120519,-0.159353,-0.209695,0.953698,0.188434,-0.313656,-0.057391
18.9000,-0.131463,-0.153116,-0.235912,0.971230,0.190255,-0.312881,-0.058293
18.9333,-0.146208,-0.142531,-0.277533,0.994898,0.192414,-0.311094,-0.059721
18.9667,-0.161425,-0.129831,-0.319197,1.014218,0.195438,-0.307852,-0.060638
19.0000,-0.171642,-0.128039,-0.330832,1.023020,0.198737,-0.307306,-0.060005
19.0333,-0.189269,-0.116511,-0.371494,1.041614,0.203021,-0.303932,-0.060393
19.0667,-0.206482,-0.103787,-0.435195,1.059698,0.206165,-0.301814,-0.060629
19.1000,-0.216220,-0.100649,-0.448680,1.066298,0.209445,-0.300501,-0.059851
19.1333,-0.227533,-0.093624,-0.478211,1.072156,0.212895,-0.298639,-0.059112
19.1667,-0.232201,-0.089780,-0.467234,1.070520,0.215947,-0.295387,-0.058174
19.2000,-0.235524,-0.091290,-0.451558,1.069786,0.218406,-0.294515,-0.057171
19.2333,-0.238409,-0.092154,-0.434114,1.067457,0.220940,-0.293249,-0.056105
19.2667,-0.240213,-0.095466,-0.417513,1.065922,0.222768,-0.293330,-0.055129
19.3000,-0.242183,-0.098735,-0.396287,1.063599,0.224956,-0.292950,-0.054070
19.3333,-0.244376,-0.099714,-0.379550,1.061500,0.226994,-0.291757,-0.053192
19.3667,-0.245227,-0.100198,-0.364458,1.060331,0.228124,-0.290468,-0.052753
19.4000,-0.245146,-0.102249,-0.349813,1.058021,0.228963,-0.290147,-0.052227
19.4333,-0.242376,-0.108214,-0.319745,1.052626,0.229474,-0.290529,-0.051518
19.4667,-0.240656,-0.110870,-0.303583,1.049109,0.229698,-0.290451,-0.051174
19.5000,-0.239126,-0.111531,-0.298811,1.047646,0.229320,-0.290428,-0.051219
19.5333,-0.234936,-0.112427,-0.280851,1.041549,0.228757,-0.289411,-0.051182
19.5667,-0.231645,-0.112404,-0.270117,1.036586,0.228233,-0.288585,-0.051221
19.6000,-0.229539,-0.112060,-0.263123,1.032952,0.227973,-0.287878,-0.051231
19.6333,-0.226634,-0.112311,-0.255035,1.028918,0.227412,-0.287391,-0.051259
19.6667,-0.223929,-0.112124,-0.250248,1.025459,0.226765,-0.287011,-0.051367
19.7000,-0.221548,-0.111146,-0.250103,1.023221,0.225953,-0.286684,-0.051628
19.7333,-0.217956,-0.110467,-0.245126,1.020532,0.224738,-0.286041,-0.052068
19.7667,-0.215055,-0.109166,-0.241597,1.018250,0.223754,-0.285195,-0.052504
19.8000,-0.212385,-0.105979,-0.240630,1.017073,0.222616,-0.283609,-0.053178
19.8333,-0.208708,-0.105182,-0.235841,1.015041,0.221238,-0.282903,-0.053736
19.8667,-0.205027,-0.103146,-0.230498,1.012949,0.219864,-0.281491,-0.054410
19.9000,-0.203072,-0.100174,-0.234941,1.013916,0.218594,-0.280548,-0.055207
19.9333,-0.201289,-0.095450,-0.247974,1.015096,0.217141,-0.279641,-0.056039
19.9667,-0.198854,-0.091804,-0.256930,1.016093,0.215497,-0.278864,-0.056931
20.0000,-0.195157,-0.088709,-0.263591,1.016379,0.213399,-0.278192,-0.057916
20.0333,-0.189449,-0.088554,-0.258826,1.014310,0.211025,-0.277938,-0.058784
20.0667,-0.181861,-0.089526,-0.239624,1.009086,0.208619,-0.276803,-0.059560
20.1000,-0.172331,-0.093410,-0.213620,1.001804,0.205744,-0.276484,-0.060220
20.1333,-0.164885,-0.092198,-0.203646,0.996120,0.203196,-0.275204,-0.061030
20.1667,-0.156627,-0.090557,-0.190912,0.988772,0.200576,-0.273404,-0.061756
20.2000,-0.147865,-0.088885,-0.171827,0.981507,0.197792,-0.270802,-0.062647
20.2333,-0.137630,-0.089952,-0.160520,0.964547,0.195826,-0.270707,-0.062048
20.2667,-0.125562,-0.099062,-0.144781,0.945237,0.193478,-0.274216,-0.060934
20.3000,-0.112256,-0.102125,-0.135167,0.928474,0.189892,-0.275313,-0.060729
20.3333,-0.098907,-0.110152,-0.126011,0.917842,0.185232,-0.278906,-0.061092
20.3667,-0.086498,-0.115457,-0.135289,0.906878,0.180775,-0.283501,-0.061094
20.4000,-0.072738,-0.120294,-0.126065,0.895881,0.175929,-0.285380,-0.061606
20.4333,-0.059353,-0.123725,-0.117665,0.879534,0.172162,-0.286592,-0.061301
20.4667,-0.048826,-0.126548,-0.106558,0.869900,0.168688,-0.286934,-0.061672
20.5000,-0.038996,-0.128355,-0.093315,0.852457,0.166936,-0.286327,-0.060794
20.5333,-0.029985,-0.131371,-0.088084,0.838278,0.164915,-0.287393,-0.059976
20.5667,-0.020763,-0.135223,-0.075100,0.818254,0.163870,-0.287625,-0.058390
20.6000,-0.009965,-0.140077,-0.030264,0.804920,0.161088,-0.283458,-0.058694
20.6333,-0.003768,-0.148782,-0.015084,0.755398,0.166319,-0.284668,-0.051781
20.6667,0.003319,-0.157179,0.022763,0.736432,0.165885,-0.282373,-0.050300
20.7000,0.004766,-0.161402,0.012612,0.689933,0.172539,-0.284846,-0.042442
20.7333,0.004185,-0.168533,0.013149,0.667990,0.176148,-0.287475,-0.038246
20.7667,0.003636,-0.182275,0.039168,0.654124,0.178351,-0.288869,-0.035621
20.8000,-0.003017,-0.185652,0.030359,0.630458,0.184995,-0.290847,-0.029906
20.8333,-0.008890,-0.193314,0.046400,0.646656,0.185350,-0.291905,-0.031637
20.8667,-0.018062,-0.196869,0.044835,0.649232,0.189346,-0.293515,-0.030121
20.9000,-0.021812,-0.223725,0.089282,0.637121,0.192332,-0.297373,-0.026667
20.9333,-0.031299,-0.235360,0.098070,0.628997,0.197766,-0.300291,-0.022864
20.9667,-0.045916,-0.235293,0.073063,0.624643,0.205580,-0.303726,-0.018237
21.0000,-0.061182,-0.234128,0.043768,0.604156,0.215646,-0.306587,-0.010282
21.0333,-0.078343,-0.227881,0.009359,0.575802,0.227112,-0.307768,-0.000504
21.0667,-0.096590,-0.222223,-0.030667,0.574074,0.235431,-0.311534,0.004996
21.1000,-0.111132,-0.222987,-0.044492,0.584398,0.240660,-0.313954,0.007034
21.1333,-0.125734,-0.222317,-0.058232,0.585786,0.246859,-0.315331,0.010686
21.1667,-0.138943,-0.223331,-0.064563,0.593884,0.251728,-0.316396,0.012669
21.2000,-0.150846,-0.225786,-0.067252,0.602000,0.256046,-0.317502,0.014414
21.2333,-0.162620,-0.225652,-0.072776,0.607446,0.260545,-0.317855,0.016493
21.2667,-0.173770,-0.224238,-0.078048,0.609261,0.265141,-0.317477,0.019025
21.3000,-0.183523,-0.223489,-0.077671,0.610841,0.269207,-0.316444,0.021152
21.3333,-0.192712,-0.218777,-0.074917,0.608344,0.273452,-0.313074,0.023418
21.3667,-0.203882,-0.209978,-0.093196,0.612785,0.277516,-0.311765,0.025156
21.4000,-0.212793,-0.206559,-0.108588,0.616254,0.280712,-0.312456,0.027061
21.4333,-0.220343,-0.205357,-0.127338,0.623000,0.282893,-0.314923,0.028280
21.4667,-0.224203,-0.205039,-0.132572,0.619108,0.284799,-0.315324,0.030347
21.5000,-0.227367,-0.202793,-0.137318,0.610418,0.286858,-0.314713,0.032915
21.5333,-0.229456,-0.201098,-0.139401,0.599885,0.288665,-0.313909,0.035568
21.5667,-0.229668,-0.197845,-0.118749,0.584663,0.290567,-0.308221,0.037742
21.6000,-0.231058,-0.192252,-0.109793,0.572792,0.292330,-0.303603,0.039703
21.6333,-0.232557,-0.185783,-0.108111,0.565774,0.293551,-0.300079,0.040873
21.6667,-0.237051,-0.171965,-0.128814,0.568063,0.294758,-0.297529,0.040804
21.7000,-0.242422,-0.155557,-0.150504,0.574764,0.295851,-0.293975,0.039772
21.7333,-0.244723,-0.149524,-0.162015,0.574585,0.296497,-0.293228,0.040191
21.7667,-0.246720,-0.146144,-0.174122,0.577095,0.296771,-0.293858,0.040157
21.8000,-0.250299,-0.140369,-0.188618,0.584078,0.297218,-0.293769,0.039356
21.8333,-0.254796,-0.131637,-0.208711,0.587166,0.298139,-0.293238,0.039443
21.8667,-0.255757,-0.128187,-0.215158,0.584460,0.298525,-0.292773,0.040120
21.9000,-0.254813,-0.127334,-0.216368,0.580945,0.298381,-0.292665,0.040575
21.9333,-0.253505,-0.126949,-0.217589,0.579580,0.297916,-0.292815,0.040481
21.9667,-0.252017,-0.126368,-0.218970,0.577413,0.297437,-0.292920,0.040483
22.0000,-0.250793,-0.125066,-0.222478,0.575302,0.296983,-0.293082,0.040499
22.0333,-0.249408,-0.124035,-0.225138,0.574017,0.296425,-0.293220,0.040312
22.0667,-0.248050,-0.122637,-0.228129,0.572792,0.295859,-0.293255,0.040086
22.1000,-0.246205,-0.121967,-0.228148,0.571035,0.295245,-0.293096,0.039874
22.1333,-0.244095,-0.121502,-0.227379,0.568916,0.294581,-0.292901,0.039675
22.1667,-0.242115,-0.120407,-0.226727,0.567457,0.293909,-0.292437,0.039302
22.2000,-0.239763,-0.119791,-0.223781,0.565614,0.293200,-0.291781,0.038933
22.2333,-0.237219,-0.119431,-0.221085,0.564505,0.292343,-0.291300,0.038386
22.2667,-0.234410,-0.119220,-0.217067,0.564697,0.291315,-0.290656,0.037482
22.3000,-0.231551,-0.119708,-0.213519,0.566403,0.290123,-0.290421,0.036317
22.3333,-0.228282,-0.120380,-0.209915,0.567748,0.288789,-0.290286,0.035144
22.3667,-0.224809,-0.120578,-0.205723,0.568860,0.287400,-0.289843,0.033905
22.4000,-0.221395,-0.120951,-0.200323,0.573556,0.285755,-0.289258,0.031916
22.4333,-0.217361,-0.121980,-0.193931,0.576470,0.284025,-0.288821,0.030208
22.4667,-0.212836,-0.123831,-0.186198,0.579142,0.282138,-0.288545,0.028470
22.5000,-0.207632,-0.124721,-0.175319,0.588325,0.279420,-0.287331,0.025053
22.5333,-0.201853,-0.130323,-0.163868,0.595573,0.276623,-0.288210,0.022321
22.5667,-0.197296,-0.133465,-0.158109,0.598650,0.274550,-0.288932,0.020630
22.6000,-0.191633,-0.135215,-0.137941,0.614272,0.271025,-0.286568,0.015683
22.6333,-0.187502,-0.138197,-0.127027,0.618330,0.269058,-0.286284,0.013797
22.6667,-0.183363,-0.139503,-0.113889,0.617939,0.267555,-0.284761,0.012624
22.7000,-0.179070,-0.141201,-0.103533,0.622633,0.265368,-0.284015,0.010501
22.7333,-0.171943,-0.152360,-0.076166,0.616251,0.263386,-0.284504,0.010282
22.7667,-0.165625,-0.158280,-0.050310,0.612750,0.261271,-0.282827,0.009158
22.8000,-0.162155,-0.159094,-0.046991,0.614514,0.259585,-0.282880,0.007889
22.8333,-0.158764,-0.158799,-0.047306,0.614550,0.258096,-0.283027,0.007027
22.8667,-0.156464,-0.155878,-0.062043,0.626183,0.255664,-0.284822,0.004333
22.9000,-0.156234,-0.147787,-0.089963,0.646242,0.252909,-0.286559,0.000345
22.9333,-0.151985,-0.145498,-0.094669,0.649632,0.250549,-0.286654,-0.001375
22.9667,-0.147668,-0.141869,-0.104322,0.656848,0.247595,-0.287065,-0.003881
23.0000,-0.142393,-0.138246,-0.115708,0.663017,0.244267,-0.287792,-0.006345
23.0333,-0.134982,-0.137643,-0.119487,0.664566,0.240657,-0.288646,-0.008301
23.0667,-0.126778,-0.136352,-0.122543,0.669490,0.236247,-0.289128,-0.011151
23.1000,-0.118124,-0.134439,-0.126499,0.667916,0.232408,-0.289430,-0.012874
23.1333,-0.109327,-0.133172,-0.138395,0.689111,0.225337,-0.291566,-0.018616
23.1667,-0.099743,-0.130820,-0.146166,0.697975,0.219496,-0.292372,-0.022345
23.2000,-0.089849,-0.130665,-0.157435,0.714594,0.212271,-0.294785,-0.027190
23.2333,-0.079434,-0.129990,-0.167226,0.766624,0.199440,-0.296527,-0.038247
23.2667,-0.065990,-0.144312,-0.159286,0.784237,0.190421,-0.302862,-0.042522
23.3000,-0.055745,-0.142344,-0.155105,0.819793,0.179750,-0.301683,-0.050503
23.3333,-0.048402,-0.138280,-0.155800,0.837535,0.173108,-0.300059,-0.054986
23.3667,-0.039958,-0.139909,-0.148285,0.844175,0.167913,-0.300103,-0.057383
23.4000,-0.035872,-0.134665,-0.159669,0.856094,0.163537,-0.299271,-0.060181
23.4333,-0.034127,-0.124695,-0.177549,0.873372,0.159209,-0.296735,-0.063650
23.4667,-0.033777,-0.115003,-0.198807,0.876653,0.157882,-0.294820,-0.064728
23.5000,-0.039385,-0.094226,-0.245740,0.898382,0.155471,-0.290050,-0.068272
23.5333,-0.042957,-0.085278,-0.268486,0.902549,0.155775,-0.288277,-0.068833
23.5667,-0.049321,-0.072021,-0.293330,0.902076,0.158138,-0.284628,-0.068711
23.6000,-0.052849,-0.065905,-0.290222,0.901875,0.160079,-0.280954,-0.068622
23.6333,-0.055537,-0.062470,-0.290623,0.902101,0.161387,-0.279126,-0.068445
23.6667,-0.057028,-0.061099,-0.284654,0.903420,0.162144,-0.277507,-0.068519
23.7000,-0.061661,-0.057159,-0.276176,0.912606,0.163202,-0.273827,-0.069550
23.7333,-0.063660,-0.061938,-0.255600,0.922151,0.163292,-0.273102,-0.070355
23.7667,-0.068270,-0.062124,-0.250785,0.928218,0.164727,-0.272168,-0.070539
23.8000,-0.074955,-0.060370,-0.253564,0.934708,0.166892,-0.271119,-0.070534
23.8333,-0.081078,-0.066053,-0.260436,0.938749,0.169120,-0.274503,-0.069667
23.8667,-0.086228,-0.069021,-0.252353,0.938376,0.172074,-0.274782,-0.068628
23.9000,-0.093293,-0.067988,-0.251589,0.939903,0.175406,-0.273795,-0.067777
23.9333,-0.097825,-0.072350,-0.231902,0.937510,0.178722,-0.273369,-0.066458
23.9667,-0.104957,-0.072451,-0.230263,0.938674,0.182162,-0.272854,-0.065415
24.0000,-0.111493,-0.072202,-0.228049,0.940070,0.185275,-0.272085,-0.064474
24.0333,-0.121134,-0.071438,-0.231736,0.942539,0.189585,-0.271650,-0.063208
24.0667,-0.127679,-0.071092,-0.232422,0.943728,0.192649,-0.271175,-0.062103
24.1000,-0.134794,-0.073392,-0.235677,0.950410,0.195009,-0.272226,-0.061607
24.1333,-0.141721,-0.073793,-0.241095,0.956387,0.197319,-0.272583,-0.061120
24.1667,-0.146413,-0.074283,-0.247553,0.960980,0.198719,-0.273240,-0.060765
24.2000,-0.153434,-0.072473,-0.266269,0.966532,0.200737,-0.274085,-0.060323
24.2333,-0.157331,-0.072505,-0.266599,0.969278,0.202218,-0.273826,-0.059931
24.2667,-0.160260,-0.075005,-0.267523,0.971461,0.203313,-0.274995,-0.059467
24.3000,-0.162796,-0.076177,-0.264104,0.971800,0.204633,-0.275038,-0.058949
24.3333,-0.165959,-0.074211,-0.265887,0.973170,0.205907,-0.274024,-0.058668
24.3667,-0.169959,-0.073953,-0.276331,0.975649,0.207175,-0.274859,-0.058223
24.4000,-0.174571,-0.071567,-0.293144,0.979522,0.208286,-0.275253,-0.058005
24.4333,-0.175982,-0.074144,-0.293739,0.980856,0.208780,-0.276513,-0.057677
24.4667,-0.174238,-0.075536,-0.291046,0.980621,0.208050,-0.276990,-0.057800
24.5000,-0.177513,-0.074270,-0.301112,0.984283,0.208740,-0.277247,-0.057886
24.5333,-0.179643,-0.073725,-0.307422,0.987348,0.209084,-0.277460,-0.057919
24.5667,-0.181209,-0.072946,-0.309295,0.990296,0.209307,-0.277062,-0.058099
24.6000,-0.182134,-0.071841,-0.312125,0.993088,0.209199,-0.276641,-0.058386
24.6333,-0.182225,-0.071498,-0.311827,0.995222,0.208897,-0.276324,-0.058697
24.6667,-0.182184,-0.070878,-0.311458,0.997223,0.208549,-0.275872,-0.059049
24.7000,-0.181333,-0.069276,-0.308999,0.999275,0.207842,-0.274702,-0.059631
24.7333,-0.180682,-0.067882,-0.312157,1.001721,0.206989,-0.274265,-0.060210
24.7667,-0.179508,-0.066641,-0.317132,1.004159,0.205817,-0.274136,-0.060865
24.8000,-0.178895,-0.066293,-0.327353,1.012369,0.203788,-0.274763,-0.062208
24.8333,-0.177252,-0.066930,-0.336990,1.018079,0.201683,-0.275971,-0.063271
24.8667,-0.176340,-0.066745,-0.356651,1.023327,0.199645,-0.277818,-0.064194
24.9000,-0.174381,-0.065338,-0.371364,1.027921,0.197329,-0.278519,-0.065311
24.9333,-0.172129,-0.065551,-0.391488,1.032017,0.194732,-0.280655,-0.066273
24.9667,-0.169556,-0.067033,-0.422068,1.034978,0.191698,-0.284592,-0.067013
25.0000,-0.162009,-0.069773,-0.417441,1.027468,0.189331,-0.286390,-0.067063
25.0333,-0.151961,-0.078107,-0.389002,1.021777,0.186416,-0.288541,-0.067407
25.0667,-0.140386,-0.085617,-0.363545,1.012811,0.183091,-0.290725,-0.067575
25.1000,-0.128845,-0.095480,-0.369038,1.001571,0.178947,-0.297601,-0.066983
25.1333,-0.119451,-0.104905,-0.364579,1.003287,0.174056,-0.302352,-0.068059
25.1667,-0.107978,-0.114072,-0.365272,1.003353,0.168143,-0.307659,-0.068956
25.2000,-0.098275,-0.116831,-0.382668,1.003542,0.162368,-0.311433,-0.070100
25.2333,-0.088195,-0.119406,-0.383029,1.002893,0.157233,-0.313266,-0.071333
25.2667,-0.082630,-0.119081,-0.424506,1.001687,0.152648,-0.317971,-0.071669
25.3000,-0.077944,-0.119247,-0.463149,1.004077,0.147861,-0.322265,-0.072352
25.3333,-0.073452,-0.119589,-0.500833,1.000269,0.144105,-0.326898,-0.072113
25.3667,-0.073740,-0.121201,-0.576908,1.006207,0.138724,-0.335054,-0.072119
25.4000,-0.074627,-0.126320,-0.673755,1.005463,0.132695,-0.347097,-0.070509
25.4333,-0.069551,-0.135097,-0.711410,1.006493,0.127046,-0.355098,-0.069760
25.4667,-0.059319,-0.147368,-0.715315,1.007216,0.121212,-0.361933,-0.069132
25.5000,-0.049393,-0.160183,-0.689019,1.010334,0.117448,-0.366073,-0.069063
25.5333,-0.042788,-0.171779,-0.681519,1.013050,0.114059,-0.371205,-0.068460
25.5667,-0.037287,-0.177901,-0.664324,1.011607,0.112585,-0.373060,-0.068153
25.6000,-0.034109,-0.179654,-0.663100,1.009287,0.111327,-0.374163,-0.067937
25.6333,-0.032326,-0.179294,-0.655986,1.009056,0.110916,-0.373415,-0.068322
25.6667,-0.034245,-0.177265,-0.674279,1.008241,0.110728,-0.374115,-0.068130
25.7000,-0.033197,-0.176536,-0.654433,1.008826,0.111522,-0.371891,-0.068733
25.7333,-0.031833,-0.177277,-0.622134,1.007394,0.113283,-0.369409,-0.069061
25.7667,-0.028340,-0.175839,-0.558511,1.002762,0.116364,-0.362979,-0.070056
25.8000,-0.025681,-0.174709,-0.498317,0.999218,0.119161,-0.356613,-0.071068
25.8333,-0.026479,-0.175647,-0.469374,0.998612,0.121293,-0.354069,-0.071273
25.8667,-0.030148,-0.175562,-0.441820,1.000044,0.124424,-0.350906,-0.071610
25.9000,-0.034157,-0.173735,-0.415387,1.000263,0.127818,-0.346985,-0.071875
25.9333,-0.039987,-0.173612,-0.406020,1.005400,0.130433,-0.345424,-0.072009
25.9667,-0.045066,-0.175649,-0.377182,1.011510,0.133315,-0.342858,-0.072419
26.0000,-0.048382,-0.177867,-0.334208,1.016713,0.135862,-0.338967,-0.073109
26.0333,-0.052223,-0.176149,-0.290525,1.024598,0.137965,-0.332890,-0.074624
26.0667,-0.055822,-0.174669,-0.250186,1.030923,0.139891,-0.327400,-0.075813
26.1000,-0.059922,-0.174264,-0.233469,1.034765,0.141775,-0.325105,-0.076016
26.1333,-0.063792,-0.175392,-0.220899,1.040264,0.143088,-0.324052,-0.076234
26.1667,-0.069332,-0.174453,-0.226991,1.045603,0.144846,-0.323889,-0.076124
26.2000,-0.074651,-0.173018,-0.233678,1.050515,0.146556,-0.323534,-0.076031
26.2333,-0.078990,-0.172411,-0.236720,1.053807,0.148147,-0.323287,-0.075824
26.2667,-0.081631,-0.172433,-0.231113,1.054295,0.149589,-0.322588,-0.075565
26.3000,-0.083579,-0.172435,-0.226773,1.054337,0.150713,-0.322049,-0.075331
26.3333,-0.084891,-0.171856,-0.223088,1.055480,0.151275,-0.321277,-0.075386
26.3667,-0.087002,-0.169410,-0.229798,1.057663,0.151808,-0.320573,-0.075514
26.4000,-0.089849,-0.165050,-0.246099,1.060956,0.152274,-0.319802,-0.075747
26.4333,-0.091943,-0.161174,-0.261320,1.063649,0.152469,-0.319187,-0.075971
26.4667,-0.092524,-0.158869,-0.268257,1.064268,0.152470,-0.318649,-0.076103
26.5000,-0.092380,-0.156981,-0.273854,1.064300,0.152231,-0.318238,-0.076243
26.5333,-0.091931,-0.154411,-0.280231,1.063752,0.151912,-0.317585,-0.076429
26.5667,-0.091039,-0.151614,-0.285158,1.062828,0.151467,-0.316697,-0.076679
26.6000,-0.089496,-0.149814,-0.289460,1.061387,0.150795,-0.316309,-0.076846
26.6333,-0.087070,-0.148993,-0.289383,1.058809,0.150001,-0.316062,-0.076950
26.6667,-0.084222,-0.148432,-0.288689,1.055382,0.149161,-0.315935,-0.076989
26.7000,-0.081349,-0.147256,-0.290774,1.050897,0.148419,-0.315820,-0.076928
26.7333,-0.078315,-0.146792,-0.295873,1.044354,0.147881,-0.316481,-0.076503
26.7667,-0.074951,-0.146165,-0.304837,1.034093,0.147721,-0.317643,-0.075600
26.8000,-0.071036,-0.146327,-0.317776,1.022009,0.147442,-0.319772,-0.074372
26.8333,-0.071322,-0.146308,-0.361356,1.006522,0.148719,-0.325268,-0.071738
26.8667,-0.070852,-0.145976,-0.398306,0.993604,0.149140,-0.329896,-0.069602
26.9000,-0.068738,-0.145452,-0.419432,0.982933,0.148871,-0.332682,-0.068219
26.9333,-0.064459,-0.146027,-0.414079,0.965356,0.149903,-0.333547,-0.066381
26.9667,-0.058842,-0.148736,-0.406370,0.938223,0.151960,-0.335707,-0.063035
27.0000,-0.053785,-0.151200,-0.397067,0.919264,0.152989,-0.336991,-0.060850
27.0333,-0.050371,-0.153766,-0.393258,0.900472,0.154536,-0.338859,-0.058320
27.0667,-0.046947,-0.156457,-0.392783,0.883984,0.155507,-0.341045,-0.055973
27.1000,-0.046869,-0.157627,-0.407994,0.871485,0.156641,-0.344219,-0.053685
27.1333,-0.046665,-0.158520,-0.413994,0.853464,0.159053,-0.346321,-0.050681
27.1667,-0.048219,-0.158712,-0.428555,0.838721,0.161259,-0.349021,-0.047815
27.2000,-0.048422,-0.158779,-0.428827,0.821274,0.164015,-0.349905,-0.044930
27.2333,-0.049269,-0.157937,-0.428044,0.815076,0.165427,-0.349643,-0.043934
27.2667,-0.049937,-0.157567,-0.424639,0.816546,0.165756,-0.348894,-0.044190
27.3000,-0.050738,-0.156292,-0.422486,0.820949,0.165627,-0.347740,-0.045007
27.3333,-0.051065,-0.156460,-0.418419,0.823289,0.165689,-0.347134,-0.045382
27.3667,-0.051230,-0.157913,-0.410423,0.823969,0.166153,-0.346694,-0.045422
27.4000,-0.050396,-0.161979,-0.395534,0.827982,0.165994,-0.346463,-0.045924
27.4333,-0.051166,-0.162021,-0.396686,0.836531,0.164987,-0.346256,-0.047161
27.4667,-0.051607,-0.162278,-0.395977,0.844238,0.164048,-0.345940,-0.048305
27.5000,-0.052442,-0.161057,-0.398904,0.855518,0.162530,-0.345216,-0.050087
27.5333,-0.052853,-0.159597,-0.396756,0.873792,0.159948,-0.343380,-0.053139
27.5667,-0.055070,-0.156936,-0.401194,0.895326,0.157352,-0.341553,-0.056437
27.6000,-0.057031,-0.154130,-0.406772,0.917825,0.154373,-0.339659,-0.059801
27.6333,-0.061173,-0.143547,-0.420926,0.932832,0.153269,-0.335120,-0.062610
27.6667,-0.063638,-0.142352,-0.410217,0.947450,0.152667,-0.332326,-0.064698
27.7000,-0.066798,-0.140647,-0.399237,0.956152,0.153383,-0.329566,-0.065866
27.7333,-0.070620,-0.137637,-0.377905,0.969832,0.154028,-0.324670,-0.067936
27.7667,-0.076672,-0.130819,-0.371653,0.980916,0.155522,-0.319652,-0.069469
27.8000,-0.084127,-0.123511,-0.384088,0.991830,0.156948,-0.316429,-0.070520
27.8333,-0.091761,-0.117866,-0.386237,1.002073,0.159038,-0.312884,-0.071397
27.8667,-0.101303,-0.112738,-0.387346,1.012358,0.162150,-0.309387,-0.071923
27.9000,-0.109706,-0.108073,-0.386301,1.016751,0.165784,-0.306234,-0.071647
27.9333,-0.116251,-0.106372,-0.383025,1.018662,0.168981,-0.304586,-0.070989
27.9667,-0.125904,-0.106168,-0.389283,1.026170,0.172418,-0.304315,-0.070485
28.0000,-0.134102,-0.107337,-0.386697,1.029943,0.176120,-0.304053,-0.069507
28.0333,-0.145544,-0.103898,-0.383047,1.033086,0.181602,-0.301192,-0.068439
28.0667,-0.156832,-0.096285,-0.361286,1.033905,0.188036,-0.294323,-0.067415
28.1000,-0.169004,-0.091025,-0.358776,1.035898,0.193957,-0.290592,-0.065899
28.1333,-0.177936,-0.085445,-0.364964,1.039831,0.197558,-0.287629,-0.065100
28.1667,-0.184072,-0.086028,-0.356894,1.042332,0.200541,-0.286613,-0.064201
28.2000,-0.188126,-0.087158,-0.334907,1.041507,0.203490,-0.284689,-0.063230
28.2333,-0.193115,-0.087764,-0.330387,1.040793,0.206279,-0.284291,-0.062075
28.2667,-0.197180,-0.090015,-0.323498,1.038612,0.208939,-0.284606,-0.060751
28.3000,-0.200992,-0.092455,-0.308669,1.035900,0.211797,-0.284194,-0.059443
28.3333,-0.205972,-0.093642,-0.304450,1.035425,0.214508,-0.284105,-0.058267
28.3667,-0.208197,-0.097429,-0.282963,1.031716,0.216903,-0.283737,-0.056988
28.4000,-0.210672,-0.101006,-0.269124,1.029659,0.218892,-0.284005,-0.055910
28.4333,-0.214321,-0.102285,-0.266055,1.029153,0.220886,-0.284145,-0.054970
28.4667,-0.218418,-0.102510,-0.270855,1.030161,0.222628,-0.284526,-0.054188
28.5000,-0.221414,-0.103037,-0.271650,1.030598,0.224027,-0.284695,-0.053535
28.5333,-0.224137,-0.103293,-0.273320,1.030495,0.225353,-0.284855,-0.052886
28.5667,-0.225892,-0.104114,-0.273365,1.029184,0.226448,-0.285222,-0.052205
28.6000,-0.226759,-0.104551,-0.270905,1.028051,0.227134,-0.285156,-0.051795
28.6333,-0.227616,-0.105053,-0.269374,1.027677,0.227665,-0.285208,-0.051511
28.6667,-0.228274,-0.105707,-0.268430,1.026891,0.228152,-0.285428,-0.051185
28.7000,-0.228149,-0.107405,-0.260641,1.024910,0.228638,-0.285507,-0.050801
28.7333,-0.227878,-0.107458,-0.250315,1.022126,0.229222,-0.284468,-0.050494
28.7667,-0.227021,-0.107474,-0.238094,1.018340,0.229715,-0.283235,-0.050163
28.8000,-0.225420,-0.106859,-0.219429,1.011869,0.230407,-0.281014,-0.049694
28.8333,-0.223995,-0.107191,-0.207857,1.006875,0.230775,-0.280022,-0.049277
28.8667,-0.223178,-0.107979,-0.205462,1.005082,0.230727,-0.280232,-0.049123
28.9000,-0.223203,-0.107038,-0.210247,1.005300,0.230595,-0.280299,-0.049196
28.9333,-0.222912,-0.106567,-0.213363,1.005059,0.230422,-0.280439,-0.049234
28.9667,-0.222405,-0.106553,-0.216554,1.004393,0.230217,-0.280846,-0.049213
29.0000,-0.221883,-0.106291,-0.218419,1.003418,0.230081,-0.280980,-0.049189
29.0333,-0.220592,-0.106142,-0.216883,1.001775,0.229750,-0.280828,-0.049229
29.0667,-0.218451,-0.105478,-0.214758,0.999910,0.229043,-0.280390,-0.049457
29.1000,-0.216001,-0.103950,-0.212543,0.997930,0.228195,-0.279516,-0.049821
29.1333,-0.213319,-0.103277,-0.211769,0.996033,0.227200,-0.279266,-0.050163
29.1667,-0.209349,-0.105298,-0.206592,0.994210,0.225682,-0.279959,-0.050596
29.2000,-0.203245,-0.110246,-0.190221,0.990104,0.223743,-0.280979,-0.050986
29.2333,-0.197268,-0.110089,-0.186522,0.986728,0.221426,-0.280837,-0.051758
29.2667,-0.188783,-0.111876,-0.173185,0.982763,0.218164,-0.280664,-0.052882
29.3000,-0.181228,-0.111775,-0.169859,0.979331,0.215060,-0.280669,-0.053976
29.3333,-0.168929,-0.118325,-0.141791,0.970557,0.210969,-0.281317,-0.054884
29.3667,-0.158834,-0.122936,-0.122866,0.964536,0.207278,-0.281910,-0.055926
29.4000,-0.150039,-0.123790,-0.123248,0.961702,0.203381,-0.282865,-0.057149
29.4333,-0.135923,-0.132575,-0.093318,0.944363,0.199739,-0.284235,-0.056951
29.4667,-0.125283,-0.134975,-0.103192,0.935405,0.195868,-0.287254,-0.057269
29.5000,-0.113559,-0.137021,-0.099416,0.928677,0.191214,-0.288364,-0.058356
29.5333,-0.099202,-0.141875,-0.095084,0.920861,0.185436,-0.290902,-0.059385
29.5667,-0.089474,-0.139944,-0.101158,0.911091,0.182145,-0.291189,-0.059844
29.6000,-0.077411,-0.138363,-0.100890,0.913235,0.175682,-0.290900,-0.062327
29.6333,-0.062542,-0.147605,-0.068007,0.904585,0.170056,-0.291736,-0.063407
29.6667,-0.051847,-0.148151,-0.070255,0.892963,0.166657,-0.292683,-0.063406
29.7000,-0.044327,-0.149671,-0.074880,0.894714,0.162470,-0.294453,-0.064725
29.7333,-0.035474,-0.149238,-0.060563,0.895460,0.157951,-0.292634,-0.066549
29.7667,-0.028543,-0.143422,-0.056880,0.896764,0.154185,-0.289484,-0.068360
29.8000,-0.022149,-0.144458,-0.056055,0.893757,0.151463,-0.290119,-0.068828
29.8333,-0.014677,-0.147141,-0.055316,0.876236,0.150819,-0.291467,-0.067239
29.8667,-0.008910,-0.150225,-0.051359,0.874705,0.148167,-0.292681,-0.067753
29.9000,-0.002955,-0.156277,-0.051065,0.835998,0.152037,-0.295395,-0.062594
29.9333,0.002943,-0.164365,-0.042745,0.796535,0.155960,-0.297750,-0.057177
29.9667,0.006321,-0.172262,-0.027465,0.767187,0.159297,-0.298782,-0.053044
30.0000,0.009039,-0.179589,-0.017030,0.717564,0.166093,-0.299514,-0.045311
30.0333,0.004432,-0.184398,-0.016807,0.707522,0.169903,-0.301351,-0.042715
30.0667,0.000277,-0.191355,-0.007962,0.713228,0.171060,-0.303155,-0.042613
30.1000,-0.005945,-0.200015,0.004925,0.696547,0.176685,-0.304287,-0.038532
30.1333,-0.016594,-0.202842,-0.008958,0.685158,0.183555,-0.307127,-0.034078
30.1667,-0.027031,-0.205985,-0.009926,0.669172,0.190931,-0.307727,-0.029151
30.2000,-0.041042,-0.203798,-0.033671,0.656903,0.199256,-0.309760,-0.023770
30.2333,-0.054984,-0.205258,-0.050664,0.665219,0.204569,-0.312954,-0.021783
30.2667,-0.077174,-0.181760,-0.121177,0.672098,0.213003,-0.313284,-0.018819
30.3000,-0.091759,-0.183542,-0.135932,0.674165,0.219269,-0.315876,-0.015444
30.3333,-0.106110,-0.184151,-0.147754,0.663491,0.227059,-0.317236,-0.009941
30.3667,-0.120574,-0.182382,-0.160820,0.659224,0.233919,-0.317782,-0.005730
30.4000,-0.134141,-0.180547,-0.165290,0.648833,0.241255,-0.316759,-0.000700
30.4333,-0.145638,-0.180829,-0.157865,0.649413,0.246584,-0.314851,0.001748
30.4667,-0.156687,-0.183633,-0.155028,0.657485,0.250678,-0.315041,0.003097
30.5000,-0.167959,-0.184754,-0.159050,0.658301,0.255528,-0.315535,0.005951
30.5333,-0.179024,-0.185617,-0.164199,0.673962,0.258521,-0.316313,0.005882
30.5667,-0.186479,-0.186780,-0.149430,0.676586,0.261914,-0.313821,0.007021
30.6000,-0.191154,-0.190967,-0.118774,0.669386,0.265468,-0.309977,0.009254
30.6333,-0.198371,-0.191126,-0.117985,0.660389,0.269661,-0.309208,0.012903
30.6667,-0.205752,-0.189474,-0.126225,0.645877,0.274289,-0.309055,0.017824
30.7000,-0.212936,-0.185448,-0.141159,0.641914,0.277485,-0.309260,0.020547
30.7333,-0.218684,-0.181029,-0.156408,0.639449,0.279842,-0.309480,0.022565
30.7667,-0.223019,-0.180387,-0.163437,0.638003,0.281668,-0.310099,0.024170
30.8000,-0.229745,-0.171365,-0.188565,0.636081,0.284012,-0.309939,0.025976
30.8333,-0.233537,-0.166484,-0.202683,0.633419,0.285438,-0.309907,0.027391
30.8667,-0.236075,-0.165588,-0.209634,0.633447,0.286285,-0.310548,0.028152
30.9000,-0.237291,-0.163550,-0.214208,0.630362,0.286937,-0.310313,0.029026
30.9333,-0.239549,-0.157301,-0.221336,0.630895,0.287585,-0.308568,0.028942
30.9667,-0.240693,-0.154483,-0.227026,0.629666,0.287977,-0.308197,0.029335
31.0000,-0.241827,-0.149868,-0.234436,0.627326,0.288394,-0.307320,0.029755
31.0333,-0.242067,-0.147428,-0.236668,0.624466,0.288673,-0.306579,0.030195
31.0667,-0.241463,-0.146807,-0.233288,0.621210,0.288844,-0.305725,0.030589
31.1000,-0.240680,-0.146704,-0.228956,0.618490,0.288922,-0.304949,0.030856
31.1333,-0.240382,-0.144290,-0.227129,0.616499,0.289037,-0.303534,0.030884
31.1667,-0.240181,-0.142268,-0.227985,0.615519,0.289005,-0.302777,0.030833
31.2000,-0.239280,-0.142037,-0.225657,0.614784,0.288776,-0.302312,0.030685
31.2333,-0.238208,-0.141764,-0.222028,0.614349,0.288493,-0.301605,0.030388
31.2667,-0.237197,-0.142025,-0.221584,0.615395,0.287987,-0.301719,0.029917
31.3000,-0.236297,-0.141835,-0.221711,0.616121,0.287537,-0.301724,0.029495
31.3333,-0.235532,-0.141504,-0.221855,0.616782,0.287148,-0.301658,0.029107
31.3667,-0.234638,-0.141332,-0.221708,0.617559,0.286704,-0.301620,0.028680
31.4000,-0.233789,-0.140777,-0.221752,0.617953,0.286307,-0.301437,0.028304
31.4333,-0.232414,-0.140253,-0.221095,0.616636,0.285870,-0.301174,0.028147
31.4667,-0.230491,-0.140204,-0.218276,0.614199,0.285384,-0.300773,0.028082
31.5000,-0.228012,-0.140756,-0.213332,0.610660,0.284840,-0.300296,0.028120
31.5333,-0.225516,-0.140856,-0.210330,0.607349,0.284197,-0.299964,0.028089
31.5667,-0.222957,-0.140640,-0.207710,0.603941,0.283523,-0.299560,0.028031
31.6000,-0.220162,-0.139775,-0.206653,0.599574,0.282782,-0.299156,0.028081
31.6333,-0.217175,-0.138984,-0.206248,0.595057,0.281954,-0.298920,0.028128
31.6667,-0.214241,-0.138271,-0.207034,0.591497,0.281019,-0.298941,0.028016
31.7000,-0.211402,-0.137973,-0.210491,0.589263,0.279912,-0.299644,0.027750
31.7333,-0.208145,-0.137475,-0.212268,0.586138,0.278765,-0.299971,0.027512
31.7667,-0.204675,-0.137161,-0.214589,0.583174,0.277494,-0.300500,0.027217
31.8000,-0.200911,-0.136670,-0.215299,0.579808,0.276189,-0.300670,0.026879
31.8333,-0.197054,-0.135721,-0.216528,0.576344,0.274833,-0.300736,0.026504
31.8667,-0.192822,-0.135597,-0.216653,0.573633,0.273288,-0.300995,0.025948
31.9000,-0.188149,-0.135838,-0.214342,0.571829,0.271560,-0.300993,0.025083
31.9333,-0.183697,-0.135698,-0.213450,0.569886,0.269882,-0.301070,0.024290
31.9667,-0.179768,-0.134124,-0.215352,0.568887,0.268231,-0.300993,0.023342
32.0000,-0.174901,-0.133636,-0.213941,0.566597,0.266423,-0.300834,0.022505
32.0333,-0.170117,-0.133158,-0.211777,0.566065,0.264507,-0.300541,0.021294
32.0667,-0.163111,-0.139367,-0.194897,0.560044,0.262693,-0.300587,0.021076
32.1000,-0.155170,-0.149353,-0.169380,0.556579,0.260453,-0.300727,0.020225
32.1333,-0.150357,-0.149586,-0.160851,0.555663,0.258714,-0.299535,0.018977
32.1667,-0.146042,-0.150273,-0.155226,0.555748,0.257002,-0.299062,0.017808
32.2000,-0.140635,-0.150995,-0.134896,0.559142,0.254833,-0.295922,0.015325
32.2333,-0.135013,-0.150839,-0.112195,0.560018,0.252779,-0.291911,0.013166
32.2667,-0.129560,-0.152459,-0.097343,0.558145,0.250870,-0.290120,0.011987
32.3000,-0.122533,-0.161930,-0.072568,0.561068,0.247886,-0.290166,0.009860
32.3333,-0.114678,-0.175120,-0.043578,0.554371,0.245486,-0.290871,0.009596
32.3667,-0.110747,-0.176705,-0.043353,0.554685,0.243731,-0.291806,0.008701
32.4000,-0.107131,-0.178089,-0.046771,0.555753,0.242011,-0.293338,0.007880
32.4333,-0.103110,-0.178441,-0.046552,0.558811,0.239912,-0.293798,0.006365
32.4667,-0.098106,-0.179762,-0.039547,0.564230,0.237153,-0.293535,0.004038
32.5000,-0.092114,-0.180202,-0.027174,0.576569,0.233145,-0.292152,-0.000094
32.5333,-0.086124,-0.180543,-0.020290,0.580135,0.230072,-0.291485,-0.002309
32.5667,-0.080993,-0.177255,-0.024994,0.581381,0.227595,-0.291216,-0.003800
32.6000,-0.075010,-0.176004,-0.028178,0.593916,0.223366,-0.291977,-0.007478
32.6333,-0.070142,-0.180141,-0.056007,0.620691,0.217600,-0.300025,-0.012235
32.6667,-0.060499,-0.188829,-0.047337,0.660565,0.207911,-0.304107,-0.020939
32.7000,-0.051785,-0.199152,-0.055088,0.680524,0.200942,-0.311287,-0.024883
32.7333,-0.044353,-0.203805,-0.071995,0.695742,0.195013,-0.317147,-0.027892
32.7667,-0.034480,-0.204277,-0.065167,0.710438,0.188154,-0.317074,-0.032417
32.8000,-0.027095,-0.198692,-0.072332,0.710313,0.184500,-0.315999,-0.034125
32.8333,-0.020144,-0.195365,-0.082260,0.705986,0.181651,-0.316336,-0.034658
32.8667,-0.012429,-0.192862,-0.083730,0.701655,0.178541,-0.315678,-0.035493
32.9000,-0.006127,-0.190047,-0.095993,0.710139,0.173966,-0.316860,-0.037900
32.9333,0.000931,-0.190473,-0.090243,0.744386,0.165144,-0.316993,-0.044818
32.9667,0.006245,-0.187490,-0.095663,0.769363,0.158300,-0.317021,-0.049762
33.0000,0.011872,-0.187977,-0.100247,0.812319,0.148074,-0.318693,-0.056904
33.0333,0.012389,-0.184214,-0.129931,0.847896,0.140998,-0.321514,-0.061797
33.0667,0.015461,-0.183592,-0.126870,0.858064,0.137655,-0.320913,-0.063821
33.1000,0.014684,-0.177918,-0.129537,0.857367,0.138110,-0.318482,-0.064279
33.1333,0.010931,-0.167901,-0.144270,0.867256,0.137954,-0.315477,-0.065922
33.1667,0.002497,-0.146598,-0.197151,0.876738,0.139289,-0.311886,-0.067178
33.2000,-0.007620,-0.122573,-0.234950,0.898325,0.139490,-0.304202,-0.070613
33.2333,-0.008833,-0.115098,-0.221992,0.896781,0.140833,-0.298629,-0.071004
33.2667,-0.013200,-0.102545,-0.203584,0.897734,0.143427,-0.289621,-0.071994
33.3000,-0.024450,-0.081456,-0.227893,0.904813,0.147187,-0.281611,-0.072813
33.3333,-0.032463,-0.079292,-0.231329,0.906310,0.150936,-0.280599,-0.071955
33.3667,-0.038177,-0.078013,-0.233915,0.911412,0.152890,-0.279890,-0.071828
33.4000,-0.045604,-0.078632,-0.246381,0.919055,0.154949,-0.281322,-0.071664
33.4333,-0.054183,-0.081581,-0.257151,0.928804,0.157283,-0.283567,-0.071469
33.4667,-0.060297,-0.083394,-0.251338,0.934479,0.159618,-0.283289,-0.071219
33.5000,-0.066547,-0.084359,-0.249107,0.943910,0.161228,-0.282924,-0.071512
33.5333,-0.075070,-0.081282,-0.264230,0.951509,0.163760,-0.282632,-0.071366
33.5667,-0.084995,-0.074097,-0.281678,0.958691,0.166971,-0.280404,-0.071245
33.6000,-0.093479,-0.070553,-0.274051,0.959227,0.171446,-0.277241,-0.070274
33.6333,-0.100898,-0.070688,-0.271088,0.961922,0.174856,-0.276495,-0.069372
33.6667,-0.106594,-0.070409,-0.262165,0.961647,0.178080,-0.274988,-0.068392
33.7000,-0.113575,-0.070283,-0.257859,0.965348,0.181103,-0.273942,-0.067771
33.7333,-0.115958,-0.075932,-0.233891,0.961949,0.183628,-0.273868,-0.066519
33.7667,-0.119741,-0.079175,-0.225024,0.960982,0.185961,-0.274290,-0.065531
33.8000,-0.124677,-0.083169,-0.229324,0.966037,0.187495,-0.276511,-0.065057
33.8333,-0.130336,-0.081892,-0.237263,0.967313,0.189909,-0.276523,-0.064263
33.8667,-0.135580,-0.080693,-0.242607,0.969164,0.192080,-0.276244,-0.063616
33.9000,-0.140821,-0.079688,-0.253956,0.971458,0.194002,-0.276776,-0.062963
33.9333,-0.145030,-0.080896,-0.261007,0.974213,0.195460,-0.277951,-0.062429
33.9667,-0.150437,-0.081530,-0.279995,0.977685,0.197026,-0.280181,-0.061770
34.0000,-0.156163,-0.079299,-0.303290,0.982055,0.198402,-0.281346,-0.061391
34.0333,-0.160058,-0.078734,-0.313835,0.984062,0.199667,-0.282008,-0.060927
34.0667,-0.162524,-0.079236,-0.315701,0.983947,0.200867,-0.282359,-0.060367
34.1000,-0.162772,-0.082511,-0.303580,0.981837,0.201785,-0.282685,-0.059759
34.1333,-0.162166,-0.087480,-0.286248,0.979531,0.202471,-0.283308,-0.059199
34.1667,-0.162719,-0.088308,-0.283705,0.979794,0.202788,-0.283394,-0.059066
34.2000,-0.164043,-0.087068,-0.287391,0.982233,0.202915,-0.283036,-0.059259
34.2333,-0.164566,-0.086243,-0.288142,0.982493,0.203103,-0.282655,-0.059242
34.2667,-0.163853,-0.084214,-0.282735,0.982289,0.202929,-0.280996,-0.059519
34.3000,-0.163094,-0.084140,-0.278595,0.980823,0.202920,-0.280555,-0.059468
34.3333,-0.162354,-0.084287,-0.275084,0.979154,0.202937,-0.280308,-0.059367
34.3667,-0.161578,-0.084618,-0.268371,0.976399,0.203215,-0.279808,-0.059124
34.4000,-0.161440,-0.084255,-0.264972,0.974805,0.203508,-0.279272,-0.058968
34.4333,-0.160721,-0.084058,-0.255811,0.971918,0.203895,-0.278185,-0.058739
34.4667,-0.159777,-0.084871,-0.251600,0.970429,0.203798,-0.278181,-0.058638
34.5000,-0.159005,-0.084953,-0.251136,0.971198,0.203295,-0.278183,-0.058895
34.5333,-0.157563,-0.086263,-0.248956,0.972614,0.202409,-0.278622,-0.059287
34.5667,-0.157171,-0.088277,-0.250660,0.974350,0.201890,-0.279847,-0.059481
34.6000,-0.156248,-0.090825,-0.253429,0.977705,0.200806,-0.281442,-0.059924
34.6333,-0.154453,-0.097941,-0.265736,0.981817,0.198918,-0.286555,-0.060158
34.6667,-0.154000,-0.098589,-0.295275,0.989457,0.196489,-0.290149,-0.061109
34.7000,-0.153038,-0.098434,-0.318907,0.997593,0.193835,-0.292535,-0.062358
34.7333,-0.150820,-0.099731,-0.340480,1.003753,0.190907,-0.295493,-0.063392
34.7667,-0.151662,-0.094646,-0.380996,1.012018,0.188341,-0.296925,-0.064749
34.8000,-0.149802,-0.096712,-0.403870,1.015793,0.185823,-0.300361,-0.065306
34.8333,-0.145589,-0.100142,-0.404626,1.014369,0.183897,-0.302508,-0.065509
34.8667,-0.143308,-0.106003,-0.425516,1.018488,0.181146,-0.307662,-0.065808
34.9000,-0.137176,-0.118088,-0.421364,1.011579,0.179389,-0.314181,-0.064570
34.9333,-0.133016,-0.121226,-0.432765,1.011827,0.176689,-0.317216,-0.064912
34.9667,-0.125727,-0.125761,-0.441161,1.012607,0.172416,-0.320713,-0.065579
35.0000,-0.120416,-0.129869,-0.439310,1.012785,0.169734,-0.322885,-0.066116
35.0333,-0.112482,-0.136925,-0.436612,1.012603,0.165798,-0.326567,-0.066470
35.0667,-0.099367,-0.152818,-0.380446,1.007284,0.162464,-0.329513,-0.066471
35.1000,-0.086851,-0.168966,-0.331840,1.000694,0.159082,-0.333207,-0.066162
35.1333,-0.078524,-0.178650,-0.300427,0.997821,0.156395,-0.335068,-0.066412
35.1667,-0.072247,-0.182490,-0.287221,0.997830,0.153566,-0.335775,-0.067107
35.2000,-0.068933,-0.180370,-0.295689,1.001763,0.150827,-0.335666,-0.068270
35.2333,-0.065050,-0.181757,-0.307852,1.004928,0.147798,-0.337777,-0.068822
35.2667,-0.061681,-0.180902,-0.321905,1.009500,0.144690,-0.338866,-0.069775
35.3000,-0.057429,-0.179899,-0.324029,1.011599,0.141993,-0.338667,-0.070744
35.3333,-0.053192,-0.178512,-0.328196,1.012673,0.139410,-0.338525,-0.071562
35.3667,-0.048390,-0.177955,-0.326219,1.012886,0.136912,-0.338187,-0.072340
35.4000,-0.043737,-0.178121,-0.326977,1.003394,0.136166,-0.338905,-0.071679
35.4333,-0.036929,-0.177768,-0.309441,0.996864,0.134427,-0.337242,-0.072080
35.4667,-0.031233,-0.175482,-0.293991,0.992531,0.132766,-0.334674,-0.072871
35.5000,-0.024481,-0.175506,-0.275171,0.981114,0.131966,-0.333099,-0.072599
35.5333,-0.019062,-0.175666,-0.259467,0.975314,0.130695,-0.331687,-0.072868
35.5667,-0.014339,-0.177364,-0.246919,0.971449,0.129317,-0.331316,-0.073028
35.6000,-0.009545,-0.180055,-0.230390,0.965043,0.128481,-0.331000,-0.072838
35.6333,-0.003006,-0.187600,-0.195565,0.955766,0.127725,-0.330934,-0.072331
35.6667,0.000867,-0.191335,-0.180553,0.950473,0.127040,-0.331151,-0.072058
35.7000,0.002623,-0.191979,-0.179711,0.947035,0.126778,-0.331467,-0.071799
35.7333,0.003690,-0.192460,-0.180911,0.944658,0.126634,-0.331924,-0.071553
35.7667,0.003286,-0.191209,-0.189024,0.945062,0.126569,-0.332304,-0.071535
35.8000,0.002111,-0.190437,-0.200049,0.948244,0.126307,-0.333223,-0.071644
35.8333,0.000752,-0.190569,-0.207545,0.950928,0.126318,-0.334146,-0.071644
35.8667,-0.001217,-0.190735,-0.213172,0.952918,0.126824,-0.334840,-0.071530
35.9000,-0.003871,-0.190673,-0.217975,0.955464,0.127607,-0.335278,-0.071451
35.9333,-0.007138,-0.190552,-0.220993,0.956991,0.128952,-0.335460,-0.071213
35.9667,-0.010891,-0.190284,-0.224043,0.958867,0.130486,-0.335543,-0.070965
36.0000,-0.015413,-0.189574,-0.229421,0.960630,0.132378,-0.335660,-0.070603
36.0333,-0.019353,-0.191419,-0.227351,0.962306,0.134196,-0.336175,-0.070134
36.0667,-0.022267,-0.195490,-0.213523,0.962342,0.136105,-0.336447,-0.069566
36.1000,-0.025400,-0.197872,-0.195629,0.976217,0.135605,-0.335188,-0.071093
36.1333,-0.029954,-0.197859,-0.183161,0.990678,0.135548,-0.333377,-0.072657
36.1667,-0.035831,-0.196627,-0.165643,1.000449,0.137139,-0.330419,-0.073718
36.2000,-0.041627,-0.194677,-0.152673,1.006667,0.139247,-0.327664,-0.074223
36.2333,-0.046811,-0.191455,-0.145072,1.011508,0.141183,-0.324913,-0.074629
36.2667,-0.051009,-0.190530,-0.137238,1.012270,0.143377,-0.323375,-0.074389
36.3000,-0.055172,-0.188653,-0.130881,1.012123,0.145689,-0.321524,-0.074133
36.3333,-0.059486,-0.186296,-0.129265,1.012725,0.147860,-0.319957,-0.073887
36.3667,-0.064182,-0.183688,-0.137047,1.015049,0.149759,-0.319311,-0.073620
36.4000,-0.068860,-0.180912,-0.149108,1.018190,0.151418,-0.319052,-0.073393
36.4333,-0.072573,-0.178568,-0.155135,1.020145,0.152890,-0.318363,-0.073228
36.4667,-0.075202,-0.176822,-0.156303,1.021174,0.154051,-0.317477,-0.073121
36.5000,-0.077775,-0.174930,-0.160965,1.022954,0.154976,-0.316904,-0.073073
36.5333,-0.079866,-0.173390,-0.166075,1.024787,0.155631,-0.316576,-0.073052
36.5667,-0.081294,-0.171770,-0.168862,1.026149,0.156068,-0.315975,-0.073125
36.6000,-0.082441,-0.169903,-0.171822,1.027581,0.156340,-0.315275,-0.073276
36.6333,-0.082705,-0.169466,-0.170397,1.027782,0.156467,-0.314874,-0.073319
36.6667,-0.082716,-0.169889,-0.169566,1.028120,0.156427,-0.314993,-0.073319
36.7000,-0.082654,-0.170518,-0.169733,1.028547,0.156313,-0.315333,-0.073306
36.7333,-0.081291,-0.173071,-0.159594,1.027895,0.155913,-0.315584,-0.073322
36.7667,-0.080094,-0.175476,-0.150951,1.025921,0.155811,-0.315924,-0.073147
36.8000,-0.080608,-0.178898,-0.160767,1.025868,0.155927,-0.318770,-0.072497
36.8333,-0.079530,-0.185023,-0.159196,1.017479,0.156988,-0.321855,-0.070900
36.8667,-0.080933,-0.192715,-0.188564,1.007434,0.159028,-0.329179,-0.067845
36.9000,-0.081201,-0.197555,-0.193862,0.995190,0.161319,-0.332402,-0.065496
36.9333,-0.081564,-0.203769,-0.206713,0.983522,0.163341,-0.337185,-0.062748
36.9667,-0.083551,-0.206785,-0.227396,0.965760,0.167020,-0.341342,-0.059107
37.0000,-0.085971,-0.209778,-0.246939,0.939876,0.172236,-0.345538,-0.054114
37.0333,-0.089743,-0.212528,-0.270285,0.917995,0.177121,-0.350075,-0.049273
37.0667,-0.094914,-0.210782,-0.286268,0.883288,0.184884,-0.351711,-0.042882
37.1000,-0.100161,-0.209267,-0.291955,0.854586,0.191863,-0.352002,-0.037386
37.1333,-0.106709,-0.205417,-0.307511,0.829109,0.198364,-0.352442,-0.032071
37.1667,-0.113707,-0.200455,-0.322511,0.803523,0.204897,-0.352337,-0.026673
37.2000,-0.120257,-0.195062,-0.336391,0.773367,0.211668,-0.352052,-0.020449
37.2333,-0.127710,-0.185658,-0.361466,0.767968,0.214665,-0.351080,-0.018760
37.2667,-0.132686,-0.180599,-0.371330,0.765080,0.216898,-0.349955,-0.017703
37.3000,-0.138420,-0.170921,-0.393719,0.757612,0.219325,-0.348635,-0.016098
37.3333,-0.140688,-0.165115,-0.392877,0.745157,0.222074,-0.345991,-0.014107
37.3667,-0.141357,-0.162771,-0.387697,0.737908,0.223631,-0.344249,-0.012985
37.4000,-0.142312,-0.158508,-0.393698,0.735554,0.224019,-0.343173,-0.012813
37.4333,-0.141663,-0.157274,-0.395076,0.733466,0.223894,-0.342895,-0.012673
37.4667,-0.140040,-0.157356,-0.397096,0.736088,0.222675,-0.343251,-0.013439
37.5000,-0.137591,-0.160231,-0.400967,0.739105,0.220891,-0.345245,-0.014028
37.5333,-0.135452,-0.160074,-0.412039,0.745414,0.218378,-0.346779,-0.015495
37.5667,-0.132952,-0.159479,-0.424346,0.773038,0.212827,-0.347479,-0.020996
37.6000,-0.129418,-0.158204,-0.429432,0.795907,0.207752,-0.346886,-0.025949
37.6333,-0.125211,-0.157795,-0.430263,0.828392,0.201158,-0.345631,-0.032552
37.6667,-0.121398,-0.156196,-0.435306,0.845543,0.196529,-0.344953,-0.036396
37.7000,-0.119283,-0.150417,-0.453571,0.864027,0.191688,-0.343741,-0.040506
37.7333,-0.117576,-0.145262,-0.474206,0.880715,0.187111,-0.343029,-0.044073
37.7667,-0.115716,-0.140352,-0.486923,0.895941,0.183129,-0.341367,-0.047456
37.8000,-0.113641,-0.134483,-0.490519,0.913045,0.179298,-0.337888,-0.051340
37.8333,-0.110713,-0.133113,-0.487546,0.928388,0.175659,-0.335965,-0.054453
37.8667,-0.107473,-0.131608,-0.475244,0.942140,0.172600,-0.332996,-0.057442
37.9000,-0.105027,-0.127284,-0.455138,0.965753,0.168700,-0.327053,-0.062160
37.9333,-0.103867,-0.125454,-0.449457,0.970602,0.167613,-0.325210,-0.063328
37.9667,-0.104936,-0.121673,-0.456282,0.976372,0.166852,-0.323635,-0.064423
38.0000,-0.106603,-0.120171,-0.460724,0.989467,0.165333,-0.322414,-0.066213
38.0333,-0.108654,-0.117970,-0.447300,0.995721,0.166044,-0.319316,-0.067202
38.0667,-0.113856,-0.113234,-0.440326,1.002403,0.167953,-0.315467,-0.067975
38.1000,-0.122139,-0.103168,-0.438788,1.013840,0.170362,-0.308989,-0.069402
38.1333,-0.129432,-0.096154,-0.440785,1.019674,0.173034,-0.304825,-0.069669
38.1667,-0.137157,-0.092365,-0.429082,1.032687,0.175352,-0.300400,-0.070650
38.2000,-0.147027,-0.090355,-0.438836,1.038048,0.179093,-0.299547,-0.069867
38.2333,-0.155051,-0.091612,-0.441997,1.042546,0.182344,-0.299829,-0.068923
38.2667,-0.162781,-0.091726,-0.449248,1.043989,0.185756,-0.300153,-0.067701
38.3000,-0.166509,-0.092648,-0.420973,1.041563,0.189314,-0.297708,-0.066636
38.3333,-0.173280,-0.091301,-0.406473,1.041791,0.193323,-0.295169,-0.065635
38.3667,-0.178220,-0.088667,-0.382524,1.038142,0.197371,-0.291238,-0.064447
38.4000,-0.183181,-0.088348,-0.357173,1.033091,0.201670,-0.288391,-0.062860
38.4333,-0.186915,-0.089637,-0.337498,1.028315,0.205054,-0.286961,-0.061318
38.4667,-0.191749,-0.090429,-0.330299,1.028682,0.207671,-0.286315,-0.060359
38.5000,-0.196975,-0.090643,-0.325564,1.030033,0.210226,-0.285567,-0.059505
38.5333,-0.201364,-0.092072,-0.319172,1.029652,0.212709,-0.285385,-0.058429
38.5667,-0.206550,-0.091416,-0.319045,1.028790,0.215443,-0.284781,-0.057291
38.6000,-0.211685,-0.090600,-0.322599,1.026514,0.218262,-0.284554,-0.055919
38.6333,-0.216363,-0.089741,-0.325742,1.024682,0.220783,-0.284262,-0.054701
38.6667,-0.218920,-0.090537,-0.321115,1.022298,0.222600,-0.284109,-0.053690
38.7000,-0.221690,-0.091543,-0.317108,1.020075,0.224476,-0.284123,-0.052682
38.7333,-0.223683,-0.092143,-0.311380,1.018303,0.225935,-0.283746,-0.051922
38.7667,-0.225446,-0.092646,-0.306128,1.016579,0.227252,-0.283381,-0.051234
38.8000,-0.226740,-0.093113,-0.297281,1.014337,0.228525,-0.282633,-0.050588
38.8333,-0.228673,-0.091975,-0.294670,1.013355,0.229697,-0.281667,-0.050114
38.8667,-0.230455,-0.089737,-0.293299,1.012642,0.230700,-0.280262,-0.049787
38.9000,-0.231845,-0.088262,-0.291972,1.012414,0.231437,-0.279264,-0.049554
38.9333,-0.233037,-0.087488,-0.291927,1.012780,0.231952,-0.278768,-0.049396
38.9667,-0.233655,-0.086828,-0.289663,1.012852,0.232298,-0.278123,-0.049317
39.0000,-0.234099,-0.086871,-0.288616,1.013148,0.232497,-0.277986,-0.049253
39.0333,-0.234882,-0.086369,-0.291429,1.014198,0.232623,-0.277959,-0.049272
39.0667,-0.235394,-0.085939,-0.294920,1.015432,0.232568,-0.278052,-0.049364
39.1000,-0.235412,-0.085966,-0.296333,1.016108,0.232427,-0.278196,-0.049450
39.1333,-0.235105,-0.086159,-0.297227,1.016523,0.232186,-0.278398,-0.049556
39.1667,-0.234871,-0.086323,-0.297967,1.016894,0.231991,-0.278568,-0.049654
39.2000,-0.234474,-0.086596,-0.297921,1.017235,0.231746,-0.278715,-0.049771
39.2333,-0.234291,-0.086783,-0.298579,1.017512,0.231595,-0.278889,-0.049843
39.2667,-0.233270,-0.087659,-0.294541,1.016807,0.231336,-0.278974,-0.049889
39.3000,-0.231749,-0.088673,-0.290507,1.014703,0.231059,-0.279210,-0.049814
39.3333,-0.230255,-0.089132,-0.288253,1.011600,0.230900,-0.279393,-0.049629
39.3667,-0.228708,-0.089537,-0.285993,1.009020,0.230630,-0.279529,-0.049544
39.4000,-0.227002,-0.089843,-0.284339,1.007315,0.230120,-0.279658,-0.049631
39.4333,-0.224655,-0.089872,-0.282101,1.006439,0.229173,-0.279580,-0.050001
39.4667,-0.222775,-0.089312,-0.279329,1.004881,0.228574,-0.279138,-0.050247
39.5000,-0.220722,-0.089112,-0.279120,1.003518,0.227790,-0.279174,-0.050490
39.5333,-0.218273,-0.088875,-0.278981,1.002152,0.226809,-0.279222,-0.050821
39.5667,-0.215061,-0.089809,-0.277052,1.001237,0.225443,-0.279697,-0.051293
39.6000,-0.211613,-0.089625,-0.274905,0.997103,0.224480,-0.279688,-0.051418
39.6333,-0.207857,-0.088360,-0.276335,0.994120,0.223061,-0.279512,-0.051841
39.6667,-0.202781,-0.087834,-0.270327,0.991713,0.221116,-0.278895,-0.052605
39.7000,-0.196257,-0.088058,-0.259758,0.986727,0.219008,-0.278275,-0.053220
39.7333,-0.189360,-0.084847,-0.253919,0.982959,0.216340,-0.276407,-0.054339
39.7667,-0.182900,-0.080911,-0.255817,0.980050,0.213528,-0.275043,-0.055510
39.8000,-0.175724,-0.081818,-0.257314,0.977619,0.210344,-0.276158,-0.056511
39.8333,-0.167501,-0.084616,-0.254453,0.975839,0.206660,-0.277753,-0.057679
39.8667,-0.159145,-0.085753,-0.246889,0.974304,0.202967,-0.277913,-0.059069
39.9000,-0.149197,-0.089283,-0.236116,0.965118,0.199871,-0.279184,-0.059382
39.9333,-0.140096,-0.090744,-0.236287,0.958335,0.196472,-0.280612,-0.059984
39.9667,-0.130550,-0.093917,-0.233234,0.956581,0.192086,-0.282391,-0.061285
40.0000,-0.115233,-0.103988,-0.192181,0.944297,0.187583,-0.283363,-0.061798
40.0333,-0.103876,-0.111940,-0.188212,0.940298,0.182675,-0.287552,-0.062649
40.0667,-0.092786,-0.114705,-0.187537,0.936075,0.177826,-0.289467,-0.063738
40.1000,-0.079594,-0.119778,-0.171815,0.926399,0.173201,-0.290737,-0.064331
40.1333,-0.066728,-0.127812,-0.157369,0.912239,0.169482,-0.293634,-0.063940
40.1667,-0.059316,-0.129455,-0.168006,0.909252,0.166001,-0.296280,-0.064491
40.2000,-0.049560,-0.140697,-0.156298,0.895724,0.163694,-0.300913,-0.063255
40.2333,-0.039023,-0.149222,-0.125782,0.888744,0.160150,-0.301479,-0.063722
40.2667,-0.025935,-0.157690,-0.108274,0.871000,0.156925,-0.303752,-0.062611
40.3000,-0.014744,-0.163638,-0.077145,0.837427,0.157538,-0.302444,-0.059686
40.3333,-0.010301,-0.165936,-0.081858,0.824686,0.157419,-0.304356,-0.058248
40.3667,-0.001913,-0.174978,-0.057688,0.818282,0.154557,-0.305417,-0.058287
40.4000,-0.001532,-0.175220,-0.060948,0.766939,0.163001,-0.305248,-0.050608
40.4333,-0.002904,-0.175880,-0.065604,0.748669,0.166621,-0.305954,-0.047363
40.4667,-0.008665,-0.166958,-0.086271,0.718396,0.174001,-0.304382,-0.041852
40.5000,-0.011574,-0.169689,-0.081567,0.668051,0.183138,-0.303931,-0.032678
40.5333,-0.014404,-0.172113,-0.074623,0.675351,0.183517,-0.303855,-0.033422
40.5667,-0.013498,-0.178195,-0.028903,0.689789,0.181338,-0.299177,-0.036882
40.6000,-0.018504,-0.180439,-0.031513,0.674519,0.186000,-0.300051,-0.033142
40.6333,-0.024093,-0.183552,-0.034533,0.650152,0.192188,-0.301105,-0.027513
40.6667,-0.034951,-0.171096,-0.063728,0.673574,0.193721,-0.300478,-0.029937
40.7000,-0.046180,-0.161890,-0.088592,0.678014,0.198103,-0.300004,-0.028759
40.7333,-0.053206,-0.162779,-0.073730,0.680577,0.201291,-0.297519,-0.028182
40.7667,-0.062082,-0.166592,-0.071247,0.683389,0.205131,-0.298478,-0.026682
40.8000,-0.072949,-0.169083,-0.082670,0.641355,0.215820,-0.300223,-0.016288
40.8333,-0.083014,-0.173261,-0.080926,0.650430,0.219330,-0.301479,-0.015525
40.8667,-0.089229,-0.188034,-0.055854,0.633719,0.224684,-0.303049,-0.010383
40.9000,-0.097907,-0.204551,-0.047984,0.613518,0.231253,-0.308071,-0.003292
40.9333,-0.108393,-0.210374,-0.054095,0.584421,0.239353,-0.310208,0.005518
40.9667,-0.117105,-0.214847,-0.053843,0.579524,0.243787,-0.311444,0.009017
41.0000,-0.125566,-0.219531,-0.058671,0.586345,0.246729,-0.314147,0.010417
41.0333,-0.133532,-0.220981,-0.060537,0.587472,0.250101,-0.314672,0.012352
41.0667,-0.141686,-0.218364,-0.069221,0.588522,0.253468,-0.314603,0.014192
41.1000,-0.148650,-0.211957,-0.075304,0.589884,0.256288,-0.312427,0.015183
41.1333,-0.153075,-0.209260,-0.076378,0.584874,0.258733,-0.310935,0.017092
41.1667,-0.156277,-0.204794,-0.079846,0.574122,0.261183,-0.309000,0.019742
41.2000,-0.156388,-0.206811,-0.071889,0.556980,0.263064,-0.307809,0.023225
41.2333,-0.156588,-0.211498,-0.074279,0.546050,0.264192,-0.309942,0.026132
41.2667,-0.156820,-0.211509,-0.078501,0.550015,0.263851,-0.310871,0.025552
41.3000,-0.156605,-0.213412,-0.078217,0.550871,0.263683,-0.311705,0.025524
41.3333,-0.155816,-0.213428,-0.076572,0.549523,0.263500,-0.311402,0.025550
41.3667,-0.154519,-0.212487,-0.077180,0.550193,0.262873,-0.311206,0.025027
41.4000,-0.152324,-0.211894,-0.077395,0.551097,0.261843,-0.311157,0.024259
41.4333,-0.149894,-0.210135,-0.079340,0.549295,0.260952,-0.310847,0.023905
41.4667,-0.146715,-0.209795,-0.082011,0.548409,0.259640,-0.311382,0.023378
41.5000,-0.142718,-0.210035,-0.082900,0.548525,0.257902,-0.311923,0.022438
41.5333,-0.138045,-0.209257,-0.084915,0.546563,0.256059,-0.312202,0.021693
41.5667,-0.132639,-0.208931,-0.086513,0.544073,0.253956,-0.312633,0.020913
41.6000,-0.126681,-0.208505,-0.085827,0.541335,0.251673,-0.312612,0.019949
41.6333,-0.120073,-0.208524,-0.082548,0.538020,0.249202,-0.312310,0.018908
41.6667,-0.113546,-0.207718,-0.079251,0.534727,0.246757,-0.311633,0.017788
41.7000,-0.107387,-0.205130,-0.080223,0.533803,0.244157,-0.311041,0.016272
41.7333,-0.101493,-0.201346,-0.080387,0.531754,0.241795,-0.309715,0.014890
41.7667,-0.095404,-0.199037,-0.077627,0.530431,0.239311,-0.308505,0.013390
41.8000,-0.089176,-0.198444,-0.071111,0.525692,0.237174,-0.307222,0.012589
41.8333,-0.083545,-0.198296,-0.066645,0.521942,0.235159,-0.306518,0.011855
41.8667,-0.078443,-0.198734,-0.062742,0.520003,0.233172,-0.306202,0.010967
41.9000,-0.073898,-0.199649,-0.058309,0.517639,0.231477,-0.305943,0.010319
41.9333,-0.070071,-0.200778,-0.054060,0.518397,0.229753,-0.305871,0.009242
41.9667,-0.067373,-0.201298,-0.052647,0.518888,0.228519,-0.306009,0.008516
42.0000,-0.065278,-0.202573,-0.049350,0.516962,0.227834,-0.305992,0.008407
42.0333,-0.064093,-0.202978,-0.045889,0.514394,0.227619,-0.305483,0.008526
42.0667,-0.064027,-0.202904,-0.045668,0.512735,0.227768,-0.305359,0.008797
42.1000,-0.065029,-0.202109,-0.047978,0.511146,0.228357,-0.305354,0.009316
42.1333,-0.066713,-0.201505,-0.049069,0.510612,0.229144,-0.305192,0.009750
42.1667,-0.069117,-0.200522,-0.049983,0.509796,0.230277,-0.304776,0.010359
42.2000,-0.072251,-0.200027,-0.050998,0.510421,0.231574,-0.304598,0.010900
42.2333,-0.076343,-0.198582,-0.054058,0.512644,0.233098,-0.304400,0.011326
42.2667,-0.080898,-0.197911,-0.055850,0.514035,0.234926,-0.304233,0.012061
42.3000,-0.086074,-0.197516,-0.057770,0.516093,0.236950,-0.304193,0.012843
42.3333,-0.091868,-0.197535,-0.060258,0.518730,0.239175,-0.304421,0.013725
42.3667,-0.098174,-0.197971,-0.062762,0.521975,0.241558,-0.304820,0.014661
42.4000,-0.104934,-0.198538,-0.064678,0.524782,0.244185,-0.305113,0.015795
42.4333,-0.111952,-0.199940,-0.064850,0.527766,0.246924,-0.305421,0.016994
42.4667,-0.120255,-0.199838,-0.072654,0.536326,0.249549,-0.306633,0.017525
42.5000,-0.128804,-0.198709,-0.080992,0.543238,0.252431,-0.307400,0.018386
42.5333,-0.136470,-0.200207,-0.080636,0.546961,0.255374,-0.307609,0.019659
42.5667,-0.142568,-0.207875,-0.072272,0.548110,0.258010,-0.309038,0.021472
42.6000,-0.149956,-0.209525,-0.072364,0.551456,0.260847,-0.309409,0.022812
42.6333,-0.157270,-0.210888,-0.072665,0.553875,0.263737,-0.309657,0.024338
42.6667,-0.165343,-0.209964,-0.078741,0.550916,0.267380,-0.309746,0.027137
42.7000,-0.173862,-0.206298,-0.088548,0.554493,0.270504,-0.309511,0.028577
42.7333,-0.181493,-0.205451,-0.094410,0.555905,0.273503,-0.309752,0.030430
42.7667,-0.188190,-0.206093,-0.096802,0.558410,0.276051,-0.310088,0.031869
42.8000,-0.194780,-0.205377,-0.101074,0.562887,0.278331,-0.310242,0.032792
42.8333,-0.200074,-0.203505,-0.099283,0.565696,0.280319,-0.308768,0.033390
42.8667,-0.206468,-0.198646,-0.107055,0.574750,0.282022,-0.307863,0.032974
42.9000,-0.214884,-0.179822,-0.115006,0.586526,0.284269,-0.300599,0.030990
42.9333,-0.221132,-0.172840,-0.104207,0.609547,0.284874,-0.295512,0.026939
42.9667,-0.224005,-0.168287,-0.080553,0.627210,0.284640,-0.289302,0.023078
43.0000,-0.225428,-0.168380,-0.065403,0.643348,0.283746,-0.286910,0.019853
43.0333,-0.230688,-0.161871,-0.086357,0.663701,0.283619,-0.287734,0.017146
43.0667,-0.232271,-0.163372,-0.086927,0.683468,0.282184,-0.288854,0.013834
43.1000,-0.232218,-0.164155,-0.088005,0.697126,0.280641,-0.289703,0.011267
43.1333,-0.232095,-0.167153,-0.081998,0.717146,0.278393,-0.290569,0.007412
43.1667,-0.229960,-0.168439,-0.085830,0.730083,0.275896,-0.292241,0.004645
43.2000,-0.225736,-0.167166,-0.095030,0.745391,0.272055,-0.293745,0.000772
43.2333,-0.220196,-0.164347,-0.099608,0.750622,0.268856,-0.293616,-0.001810
43.2667,-0.213632,-0.158398,-0.110907,0.750851,0.265682,-0.293035,-0.003806
43.3000,-0.204631,-0.155945,-0.114534,0.743997,0.262418,-0.292946,-0.004898
43.3333,-0.193848,-0.156621,-0.121721,0.739419,0.258009,-0.295098,-0.006444
43.3667,-0.181204,-0.155754,-0.122138,0.730460,0.253400,-0.295462,-0.007909
43.4000,-0.167230,-0.163789,-0.133156,0.731706,0.246692,-0.302030,-0.010385
43.4333,-0.153568,-0.160306,-0.144119,0.735193,0.239700,-0.303074,-0.014352
43.4667,-0.139319,-0.155565,-0.148148,0.753132,0.230512,-0.302457,-0.021264
43.5000,-0.125677,-0.147249,-0.153020,0.756426,0.223480,-0.300055,-0.025582
43.5333,-0.111166,-0.148986,-0.152855,0.790846,0.211532,-0.301773,-0.034486
43.5667,-0.097232,-0.154882,-0.157255,0.819038,0.200347,-0.306104,-0.041338
43.6000,-0.088254,-0.150444,-0.181775,0.837583,0.192366,-0.307988,-0.046124
43.6333,-0.078278,-0.147074,-0.187765,0.829597,0.188546,-0.307760,-0.046922
43.6667,-0.069089,-0.147684,-0.197995,0.829798,0.183666,-0.310019,-0.048353
43.7000,-0.060173,-0.145080,-0.189813,0.842413,0.177368,-0.307842,-0.052407
43.7333,-0.051756,-0.147094,-0.172426,0.841566,0.173740,-0.306704,-0.053896
43.7667,-0.046187,-0.143662,-0.170327,0.840032,0.171237,-0.304967,-0.055010
43.8000,-0.043736,-0.137279,-0.175707,0.846004,0.168841,-0.302663,-0.056919
43.8333,-0.044319,-0.128899,-0.178060,0.852168,0.168003,-0.298772,-0.058613
43.8667,-0.046607,-0.120586,-0.189367,0.860169,0.167482,-0.296049,-0.060039
43.9000,-0.048891,-0.112083,-0.180317,0.856367,0.169492,-0.290462,-0.060028
43.9333,-0.052517,-0.105198,-0.177390,0.857573,0.171163,-0.286419,-0.060239
43.9667,-0.057633,-0.098482,-0.172383,0.855782,0.174129,-0.282138,-0.059754
44.0000,-0.063378,-0.091106,-0.152593,0.872707,0.174542,-0.275118,-0.062201
44.0333,-0.072566,-0.082662,-0.160330,0.876936,0.178217,-0.271482,-0.061775
44.0667,-0.082777,-0.076799,-0.172154,0.881722,0.182220,-0.269634,-0.061010
44.1000,-0.093494,-0.072940,-0.171423,0.892986,0.185653,-0.266880,-0.061129
44.1333,-0.102415,-0.072972,-0.175342,0.892664,0.190069,-0.266992,-0.059353
44.1667,-0.110311,-0.074468,-0.175394,0.896163,0.193417,-0.267301,-0.058315
44.2000,-0.115129,-0.081324,-0.155219,0.894180,0.196602,-0.267771,-0.056801
44.2333,-0.119899,-0.088938,-0.134035,0.896053,0.199075,-0.268446,-0.055899
44.2667,-0.124545,-0.092929,-0.125296,0.896012,0.201540,-0.269015,-0.054780
44.3000,-0.130363,-0.099994,-0.125081,0.904737,0.203020,-0.272241,-0.054545
44.3333,-0.137939,-0.099177,-0.132428,0.918604,0.204330,-0.272367,-0.055217
44.3667,-0.146335,-0.100305,-0.153874,0.928585,0.206477,-0.275280,-0.054766
44.4000,-0.155395,-0.098148,-0.178436,0.938112,0.208892,-0.276801,-0.054352
44.4333,-0.164617,-0.097344,-0.203807,0.952596,0.210499,-0.278908,-0.054565
44.4667,-0.172159,-0.096843,-0.221148,0.957801,0.212962,-0.280310,-0.053699
44.5000,-0.178033,-0.097314,-0.227226,0.959561,0.215435,-0.280941,-0.052656
44.5333,-0.183684,-0.096835,-0.234098,0.961797,0.217679,-0.281181,-0.051801
44.5667,-0.188836,-0.095694,-0.242137,0.964487,0.219560,-0.281227,-0.051151
44.6000,-0.193717,-0.093723,-0.251136,0.967014,0.221291,-0.280974,-0.050600
44.6333,-0.197480,-0.092066,-0.256744,0.969386,0.222586,-0.280517,-0.050243
44.6667,-0.200234,-0.091807,-0.258461,0.970951,0.223636,-0.280382,-0.049887
44.7000,-0.202811,-0.091451,-0.260388,0.972947,0.224521,-0.280224,-0.049655
44.7333,-0.203769,-0.091906,-0.255715,0.972982,0.225118,-0.279822,-0.049408
44.7667,-0.203954,-0.092698,-0.250834,0.974369,0.225122,-0.279578,-0.049525
44.8000,-0.204316,-0.093707,-0.246386,0.977238,0.224959,-0.279459,-0.049846
44.8333,-0.204791,-0.095345,-0.242315,0.980661,0.224754,-0.279695,-0.050176
44.8667,-0.206151,-0.096073,-0.245597,0.984609,0.224700,-0.280288,-0.050425
44.9000,-0.207153,-0.096636,-0.246364,0.988126,0.224603,-0.280518,-0.050703
44.9333,-0.208470,-0.096867,-0.251802,0.991675,0.224531,-0.281111,-0.050915
44.9667,-0.210187,-0.096378,-0.259041,0.995449,0.224562,-0.281507,-0.051136
45.0000,-0.211554,-0.096246,-0.263554,0.998639,0.224591,-0.281792,-0.051319
45.0333,-0.212669,-0.096234,-0.266498,1.001376,0.224611,-0.281979,-0.051484
45.0667,-0.213336,-0.096862,-0.266949,1.003555,0.224576,-0.282249,-0.051616
45.1000,-0.213717,-0.097590,-0.265125,1.005477,0.224504,-0.282334,-0.051777
45.1333,-0.213921,-0.097975,-0.263229,1.008262,0.224198,-0.282216,-0.052134
45.1667,-0.214268,-0.098691,-0.261315,1.010478,0.224060,-0.282282,-0.052355
45.2000,-0.214741,-0.099267,-0.260601,1.014240,0.223693,-0.282360,-0.052785
45.2333,-0.215117,-0.100171,-0.259821,1.017528,0.223361,-0.282621,-0.053132
45.2667,-0.216471,-0.100515,-0.262800,1.021847,0.223237,-0.282935,-0.053473
45.3000,-0.217907,-0.101904,-0.273714,1.027593,0.222718,-0.284611,-0.053837
45.3333,-0.218494,-0.102686,-0.283989,1.031406,0.222102,-0.285988,-0.054143
45.3667,-0.219315,-0.102778,-0.296930,1.035855,0.221404,-0.287247,-0.054568
45.4000,-0.219266,-0.102861,-0.307157,1.038552,0.220633,-0.288294,-0.054912
45.4333,-0.218208,-0.102943,-0.316210,1.040162,0.219566,-0.289301,-0.055303
45.4667,-0.215464,-0.102941,-0.317021,1.039463,0.218288,-0.289562,-0.055746
45.5000,-0.212173,-0.102466,-0.317626,1.038444,0.216790,-0.289602,-0.056309
45.5333,-0.208318,-0.101939,-0.319867,1.037351,0.214969,-0.289824,-0.056964
45.5667,-0.203748,-0.101701,-0.322864,1.036265,0.212764,-0.290316,-0.057729
45.6000,-0.199302,-0.101537,-0.335303,1.037102,0.209986,-0.291772,-0.058697
45.6333,-0.198651,-0.101124,-0.391026,1.045771,0.206217,-0.297041,-0.059938
45.6667,-0.193525,-0.101961,-0.408178,1.045749,0.202968,-0.299515,-0.060801
45.7000,-0.189408,-0.105985,-0.452960,1.048256,0.198597,-0.306231,-0.061399
45.7333,-0.186396,-0.116332,-0.528213,1.053275,0.192693,-0.318814,-0.061366
45.7667,-0.183755,-0.121502,-0.624016,1.045181,0.187164,-0.331392,-0.059948
45.8000,-0.176674,-0.126656,-0.694385,1.042970,0.179276,-0.340953,-0.060181
45.8333,-0.167674,-0.130616,-0.728200,1.040357,0.172608,-0.346647,-0.060858
45.8667,-0.156256,-0.135797,-0.721789,1.037057,0.167574,-0.349641,-0.061541
45.9000,-0.142430,-0.141036,-0.703589,1.028477,0.162849,-0.352256,-0.061709
45.9333,-0.128251,-0.144194,-0.684581,1.025662,0.157191,-0.353055,-0.063076
45.9667,-0.114297,-0.149441,-0.681661,1.024465,0.150253,-0.356149,-0.064168
46.0000,-0.101811,-0.159733,-0.665277,1.023788,0.144922,-0.360486,-0.064480
46.0333,-0.092994,-0.167528,-0.673883,1.016187,0.140767,-0.366346,-0.063366
46.0667,-0.084144,-0.172211,-0.677370,1.010626,0.136654,-0.369921,-0.062980
46.1000,-0.075364,-0.175854,-0.669615,1.009055,0.132805,-0.371520,-0.063416
46.1333,-0.062316,-0.181865,-0.651446,0.996786,0.129063,-0.374442,-0.062418
46.1667,-0.055201,-0.180571,-0.645857,0.988900,0.126884,-0.374273,-0.062616
46.2000,-0.047717,-0.181373,-0.642094,0.985036,0.123792,-0.374906,-0.062869
46.2333,-0.043082,-0.179340,-0.642584,0.985140,0.121282,-0.374093,-0.063846
46.2667,-0.039088,-0.177345,-0.652292,0.979813,0.119261,-0.374661,-0.063735
46.3000,-0.034931,-0.176520,-0.644459,0.980196,0.117580,-0.373585,-0.064563
46.3333,-0.031059,-0.177744,-0.637400,0.976890,0.116554,-0.373929,-0.064444
46.3667,-0.027652,-0.176907,-0.625835,0.975135,0.115865,-0.372628,-0.064926
46.4000,-0.025432,-0.174204,-0.614977,0.976022,0.115332,-0.370178,-0.065948
46.4333,-0.023592,-0.173924,-0.607923,0.978546,0.114461,-0.369157,-0.066664
46.4667,-0.021871,-0.174336,-0.598400,0.979363,0.114085,-0.368384,-0.067067
46.5000,-0.021124,-0.172927,-0.592200,0.978329,0.114280,-0.367163,-0.067353
46.5333,-0.017951,-0.172376,-0.567960,0.977068,0.114453,-0.364588,-0.067993
46.5667,-0.016355,-0.174049,-0.545709,0.975101,0.115381,-0.363324,-0.068069
46.6000,-0.013708,-0.174475,-0.509297,0.974518,0.116359,-0.359786,-0.068878
46.6333,-0.007975,-0.185243,-0.443251,0.971191,0.117681,-0.358360,-0.068731
46.6667,-0.006041,-0.186254,-0.409554,0.970744,0.118476,-0.355167,-0.069468
46.7000,-0.004710,-0.187483,-0.382612,0.973149,0.118642,-0.352638,-0.070333
46.7333,-0.004601,-0.187907,-0.364397,0.974955,0.119085,-0.350689,-0.070926
46.7667,-0.005249,-0.188816,-0.352593,0.974896,0.119954,-0.349775,-0.070976
46.8000,-0.006426,-0.189515,-0.339960,0.979130,0.120332,-0.348464,-0.071586
46.8333,-0.008722,-0.190461,-0.333789,0.982943,0.121096,-0.348011,-0.071830
46.8667,-0.008080,-0.195615,-0.304887,0.985916,0.121328,-0.347212,-0.072188
46.9000,-0.007687,-0.199172,-0.285899,0.988925,0.121235,-0.346739,-0.072533
46.9333,-0.008134,-0.200522,-0.275452,0.990949,0.121442,-0.346147,-0.072790
46.9667,-0.008044,-0.200468,-0.262401,0.992845,0.121459,-0.344568,-0.073337
47.0000,-0.008305,-0.200303,-0.254755,0.994406,0.121538,-0.343555,-0.073694
47.0333,-0.008829,-0.200107,-0.250934,0.995312,0.121759,-0.342976,-0.073855
47.0667,-0.008936,-0.200457,-0.243970,0.995682,0.121952,-0.342341,-0.073999
47.1000,-0.008225,-0.201458,-0.231068,0.994684,0.122135,-0.341408,-0.074118
47.1333,-0.008138,-0.201304,-0.225339,0.994910,0.122200,-0.340663,-0.074308
47.1667,-0.007996,-0.201309,-0.220692,0.995154,0.122203,-0.340127,-0.074457
47.2000,-0.008176,-0.200765,-0.219073,0.995903,0.122197,-0.339643,-0.074637
47.2333,-0.008985,-0.199305,-0.223389,0.998061,0.122097,-0.339329,-0.074898
47.2667,-0.009569,-0.198362,-0.226220,1.000109,0.121939,-0.339114,-0.075135
47.3000,-0.010024,-0.197662,-0.229872,1.001951,0.121731,-0.339120,-0.075307
47.3333,-0.010472,-0.197081,-0.232268,1.003670,0.121573,-0.339046,-0.075490
47.3667,-0.010405,-0.196616,-0.229767,1.004333,0.121479,-0.338512,-0.075693
47.4000,-0.010246,-0.196280,-0.227931,1.005095,0.121299,-0.338119,-0.075884
47.4333,-0.009892,-0.196127,-0.225655,1.005842,0.121029,-0.337776,-0.076081
47.4667,-0.009341,-0.196235,-0.222340,1.006215,0.120752,-0.337463,-0.076248
47.5000,-0.008740,-0.196387,-0.218799,1.006274,0.120513,-0.337156,-0.076384
47.5333,-0.008203,-0.196339,-0.215346,1.006104,0.120348,-0.336759,-0.076511
47.5667,-0.007599,-0.196566,-0.210741,1.005271,0.120303,-0.336385,-0.076557
47.6000,-0.007091,-0.196581,-0.206500,1.004418,0.120302,-0.335941,-0.076610
47.6333,-0.006321,-0.196390,-0.199381,1.002511,0.120433,-0.335084,-0.076656
47.6667,-0.005630,-0.196199,-0.192641,1.000354,0.120639,-0.334265,-0.076656
47.7000,-0.005089,-0.195674,-0.186485,0.998485,0.120852,-0.333328,-0.076704
47.7333,-0.005005,-0.194494,-0.183500,0.996749,0.121208,-0.332405,-0.076723
47.7667,-0.005171,-0.193322,-0.181467,0.995382,0.121604,-0.331583,-0.076735
47.8000,-0.006016,-0.191861,-0.184551,0.995077,0.122041,-0.331175,-0.076712
47.8333,-0.006986,-0.190501,-0.185569,0.994186,0.122704,-0.330583,-0.076643
47.8667,-0.008380,-0.189317,-0.189145,0.993638,0.123466,-0.330361,-0.076481
47.9000,-0.009979,-0.188122,-0.193597,0.993364,0.124262,-0.330224,-0.076306
47.9333,-0.011251,-0.187802,-0.194967,0.992061,0.125155,-0.330200,-0.076001
47.9667,-0.012574,-0.187588,-0.194944,0.990365,0.126180,-0.330073,-0.075665
48.0000,-0.014006,-0.187711,-0.192443,0.988085,0.127431,-0.329832,-0.075260
48.0333,-0.016004,-0.187750,-0.189745,0.985620,0.129017,-0.329507,-0.074780
48.0667,-0.018129,-0.187513,-0.186360,0.983015,0.130711,-0.328948,-0.074298
48.1000,-0.020675,-0.187574,-0.183476,0.980231,0.132645,-0.328586,-0.073693
48.1333,-0.023333,-0.188132,-0.179995,0.976703,0.134790,-0.328403,-0.072919
48.1667,-0.026034,-0.188888,-0.177488,0.973394,0.136890,-0.328424,-0.072106
48.2000,-0.029352,-0.190984,-0.177072,0.970343,0.139213,-0.329354,-0.071041
48.2333,-0.034296,-0.193195,-0.187178,0.968117,0.141988,-0.331554,-0.069598
48.2667,-0.041515,-0.194429,-0.214847,0.964827,0.145678,-0.335328,-0.067387
48.3000,-0.047202,-0.196283,-0.228329,0.955420,0.149996,-0.337849,-0.064746
48.3333,-0.053264,-0.200657,-0.245921,0.939893,0.155406,-0.342265,-0.060695
48.3667,-0.059390,-0.204037,-0.253391,0.922171,0.161448,-0.344976,-0.056602
48.4000,-0.066188,-0.207376,-0.258131,0.893909,0.169623,-0.347435,-0.050747
48.4333,-0.074400,-0.208803,-0.264214,0.874777,0.176766,-0.348890,-0.046100
48.4667,-0.083965,-0.204006,-0.282476,0.855526,0.184007,-0.348915,-0.041584
48.5000,-0.093550,-0.198672,-0.295889,0.841189,0.190505,-0.347992,-0.037944
48.5333,-0.104494,-0.188254,-0.322653,0.830396,0.196398,-0.346408,-0.034946
48.5667,-0.113498,-0.182301,-0.336265,0.818343,0.201986,-0.345297,-0.031675
48.6000,-0.119674,-0.181210,-0.330302,0.802832,0.207559,-0.343939,-0.027997
48.6333,-0.124110,-0.181423,-0.316117,0.780785,0.213529,-0.342134,-0.023423
48.6667,-0.128081,-0.182616,-0.307694,0.766884,0.217766,-0.341430,-0.020075
48.7000,-0.130832,-0.183140,-0.298086,0.765968,0.219655,-0.340046,-0.019432
48.7333,-0.131139,-0.187411,-0.276230,0.763942,0.221046,-0.338690,-0.018880
48.7667,-0.131820,-0.190032,-0.270413,0.767357,0.221139,-0.338952,-0.019097
48.8000,-0.131294,-0.192574,-0.265295,0.770048,0.220723,-0.339366,-0.019432
48.8333,-0.128128,-0.198519,-0.247233,0.768134,0.220190,-0.339578,-0.019365
48.8667,-0.126099,-0.196644,-0.250825,0.772657,0.218445,-0.339324,-0.020735
48.9000,-0.123839,-0.193843,-0.261567,0.774010,0.216752,-0.339756,-0.021529
48.9333,-0.120565,-0.192107,-0.270622,0.780034,0.213959,-0.340439,-0.023268
48.9667,-0.118076,-0.186590,-0.293340,0.792984,0.209933,-0.341203,-0.026267
49.0000,-0.114358,-0.182669,-0.307938,0.804930,0.205742,-0.341478,-0.029303
49.0333,-0.110541,-0.179652,-0.323953,0.811174,0.202218,-0.342439,-0.031203
49.0667,-0.106347,-0.177369,-0.336765,0.818864,0.198408,-0.343219,-0.033387
49.1000,-0.101736,-0.175921,-0.343814,0.831243,0.193938,-0.343420,-0.036433
49.1333,-0.098030,-0.172762,-0.354334,0.858323,0.187444,-0.342691,-0.041886
49.1667,-0.094323,-0.170892,-0.357154,0.872703,0.183206,-0.341847,-0.045126
49.2000,-0.092046,-0.168475,-0.364376,0.896184,0.177975,-0.340855,-0.049507
49.2333,-0.087180,-0.164236,-0.333732,0.916825,0.173543,-0.334257,-0.054668
49.2667,-0.082295,-0.157657,-0.292406,0.930299,0.170435,-0.325469,-0.059068
49.3000,-0.079783,-0.153519,-0.256230,0.944832,0.167872,-0.318530,-0.062761
49.3333,-0.079735,-0.146257,-0.231068,0.962611,0.165436,-0.311293,-0.066548
49.3667,-0.083486,-0.141584,-0.236685,0.978380,0.164369,-0.309059,-0.068573
49.4000,-0.088937,-0.137703,-0.233008,0.986242,0.165852,-0.306221,-0.069323
49.4333,-0.094607,-0.132859,-0.219214,0.990885,0.168280,-0.301742,-0.069751
49.4667,-0.099097,-0.125368,-0.199402,0.989549,0.171276,-0.295343,-0.069766
49.5000,-0.104947,-0.118892,-0.195859,0.993924,0.173533,-0.291224,-0.069998
49.5333,-0.110306,-0.112648,-0.186976,0.995408,0.176166,-0.286661,-0.069924
49.5667,-0.118247,-0.107345,-0.187157,0.997505,0.179806,-0.283541,-0.069329
49.6000,-0.126332,-0.102024,-0.192069,1.000333,0.183285,-0.280918,-0.068661
49.6333,-0.133361,-0.099480,-0.191917,0.998504,0.187173,-0.279270,-0.067323
49.6667,-0.140354,-0.096973,-0.189706,0.997304,0.190955,-0.277387,-0.066088
49.7000,-0.148038,-0.094890,-0.202157,1.001910,0.193752,-0.277291,-0.065345
49.7333,-0.152202,-0.095564,-0.200843,1.002692,0.195758,-0.277239,-0.064562
49.7667,-0.156471,-0.096342,-0.202058,1.002110,0.197994,-0.277581,-0.063594
49.8000,-0.160907,-0.096248,-0.206186,1.002373,0.200094,-0.277781,-0.062750
49.8333,-0.166442,-0.094540,-0.216071,1.007351,0.201779,-0.277651,-0.062474
49.8667,-0.170733,-0.093500,-0.222090,1.008436,0.203604,-0.277547,-0.061801
49.9000,-0.175561,-0.092168,-0.228348,1.009592,0.205670,-0.277296,-0.061093
49.9333,-0.180071,-0.092119,-0.237621,1.012123,0.207276,-0.278026,-0.060491
49.9667,-0.182590,-0.094812,-0.234688,1.011896,0.208678,-0.278954,-0.059735
50.0000,-0.185142,-0.095724,-0.235237,1.012420,0.209861,-0.279339,-0.059212
50.0333,-0.187531,-0.096363,-0.236239,1.012630,0.211003,-0.279649,-0.058693
50.0667,-0.189869,-0.097344,-0.235672,1.012574,0.212204,-0.279970,-0.058136
50.1000,-0.192136,-0.098517,-0.236495,1.014043,0.213078,-0.280510,-0.057784
50.1333,-0.193985,-0.099886,-0.236726,1.015204,0.213812,-0.281115,-0.057452
50.1667,-0.195342,-0.101442,-0.232780,1.014704,0.214684,-0.281410,-0.056994
50.2000,-0.195047,-0.103537,-0.216585,1.010743,0.215597,-0.280742,-0.056394
50.2333,-0.194905,-0.105074,-0.200047,1.007134,0.216498,-0.279704,-0.055893
50.2667,-0.195579,-0.105057,-0.188191,1.004005,0.217590,-0.278327,-0.055391
50.3000,-0.196870,-0.104259,-0.183427,1.003507,0.218390,-0.277287,-0.055143
50.3333,-0.198005,-0.104444,-0.180114,1.003024,0.219094,-0.276934,-0.054834
50.3667,-0.199038,-0.104641,-0.175755,1.002304,0.219805,-0.276474,-0.054528
50.4000,-0.200206,-0.104161,-0.172321,1.001471,0.220575,-0.275763,-0.054221
50.4333,-0.201541,-0.103752,-0.171962,1.001343,0.221257,-0.275432,-0.053946
50.4667,-0.202858,-0.102526,-0.171686,1.000855,0.221979,-0.274692,-0.053684
50.5000,-0.203755,-0.102133,-0.168463,0.999757,0.222654,-0.274066,-0.053377
50.5333,-0.204636,-0.101407,-0.166565,0.999035,0.223231,-0.273419,-0.053142
50.5667,-0.205637,-0.100489,-0.167325,0.998673,0.223761,-0.272977,-0.052927
50.6000,-0.206267,-0.099924,-0.168113,0.998276,0.224118,-0.272741,-0.052753
50.6333,-0.206746,-0.098803,-0.168988,0.997553,0.224446,-0.272242,-0.052608
50.6667,-0.206887,-0.097898,-0.169456,0.996331,0.224701,-0.271831,-0.052442
50.7000,-0.207217,-0.096388,-0.172279,0.995829,0.224881,-0.271370,-0.052379
50.7333,-0.207101,-0.095844,-0.173049,0.994957,0.224951,-0.271194,-0.052295
50.7667,-0.207126,-0.094614,-0.177648,0.994916,0.224876,-0.271102,-0.052330
50.8000,-0.206639,-0.094817,-0.182043,0.994655,0.224608,-0.271761,-0.052332
50.8333,-0.205668,-0.095624,-0.185427,0.994289,0.224143,-0.272643,-0.052389
50.8667,-0.204999,-0.094782,-0.189131,0.994307,0.223733,-0.272689,-0.052580
50.9000,-0.203296,-0.093711,-0.189907,0.991345,0.223363,-0.272365,-0.052540
50.9333,-0.200274,-0.093368,-0.188248,0.987561,0.222536,-0.272214,-0.052608
50.9667,-0.196954,-0.094033,-0.184394,0.984785,0.221447,-0.272327,-0.052869
51.0000,-0.193391,-0.093791,-0.183528,0.982911,0.220019,-0.272324,-0.053346
51.0333,-0.189374,-0.093186,-0.183364,0.980860,0.218379,-0.272246,-0.053909
51.0667,-0.184550,-0.093966,-0.184170,0.979288,0.216256,-0.273037,-0.054587
51.1000,-0.179710,-0.094277,-0.185544,0.977030,0.214222,-0.273672,-0.055213
51.1333,-0.174389,-0.093850,-0.188648,0.975355,0.211805,-0.274148,-0.056037
51.1667,-0.168356,-0.092352,-0.191631,0.974502,0.208881,-0.274076,-0.057196
51.2000,-0.163867,-0.087227,-0.208295,0.977556,0.205721,-0.273650,-0.058810
51.2333,-0.156246,-0.085429,-0.201582,0.975952,0.202325,-0.272320,-0.060220
51.2667,-0.148732,-0.083038,-0.200978,0.975507,0.198633,-0.271403,-0.061763
51.3000,-0.139930,-0.081749,-0.194005,0.973491,0.194708,-0.270361,-0.063252
51.3333,-0.133098,-0.076465,-0.208296,0.971838,0.191199,-0.269767,-0.064537
51.3667,-0.123630,-0.075468,-0.207821,0.960554,0.188406,-0.269921,-0.064658
51.4000,-0.117449,-0.068251,-0.224214,0.958755,0.185141,-0.268609,-0.065938
51.4333,-0.108529,-0.068040,-0.223138,0.950175,0.182166,-0.269023,-0.066261
51.4667,-0.097844,-0.076052,-0.225465,0.939557,0.178617,-0.274233,-0.065960
51.5000,-0.085038,-0.077023,-0.219142,0.920436,0.175642,-0.275008,-0.065295
51.5333,-0.076315,-0.075009,-0.227775,0.912477,0.172347,-0.275768,-0.065752
51.5667,-0.065480,-0.078990,-0.212830,0.907825,0.168113,-0.276397,-0.066710
51.6000,-0.055295,-0.085157,-0.210380,0.888478,0.166399,-0.280123,-0.065084
51.6333,-0.046700,-0.092424,-0.209718,0.876154,0.164207,-0.284380,-0.064143
51.6667,-0.038351,-0.096989,-0.202894,0.866514,0.161842,-0.286290,-0.063785
51.7000,-0.032063,-0.098304,-0.199519,0.856667,0.160441,-0.286950,-0.063294
51.7333,-0.022791,-0.101270,-0.193244,0.817559,0.162594,-0.288601,-0.058569
51.7667,-0.017319,-0.104222,-0.178850,0.802637,0.162729,-0.288378,-0.057251
51.8000,-0.015237,-0.106850,-0.175181,0.767807,0.167490,-0.289649,-0.051992
51.8333,-0.015655,-0.107147,-0.162942,0.738637,0.172660,-0.288112,-0.047458
51.8667,-0.016464,-0.109633,-0.149529,0.735014,0.173969,-0.287099,-0.046778
51.9000,-0.018553,-0.110593,-0.141344,0.709742,0.179086,-0.286212,-0.042275
51.9333,-0.023511,-0.110863,-0.137803,0.694231,0.183891,-0.285561,-0.038870
51.9667,-0.030550,-0.110147,-0.137782,0.641339,0.194844,-0.284914,-0.028321
52.0000,-0.037672,-0.108956,-0.136544,0.599391,0.203825,-0.283705,-0.019325
52.0333,-0.044958,-0.112147,-0.140751,0.579783,0.209573,-0.285501,-0.013811
52.0667,-0.052053,-0.117118,-0.141269,0.573379,0.213598,-0.287446,-0.010732
52.1000,-0.059175,-0.120204,-0.137478,0.589350,0.214985,-0.287831,-0.012173
52.1333,-0.066042,-0.124254,-0.133882,0.609640,0.215689,-0.288756,-0.014352
52.1667,-0.072663,-0.127947,-0.130695,0.621649,0.217291,-0.289582,-0.014997
52.2000,-0.078594,-0.132481,-0.123587,0.627300,0.219466,-0.290093,-0.014580
52.2333,-0.085147,-0.134280,-0.126474,0.619162,0.223439,-0.290999,-0.011400
52.2667,-0.091827,-0.133534,-0.135001,0.611570,0.227228,-0.291757,-0.008346
52.3000,-0.098237,-0.128918,-0.143670,0.613858,0.229640,-0.290858,-0.007576
52.3333,-0.103181,-0.128009,-0.146309,0.620684,0.230991,-0.290660,-0.007791
52.3667,-0.106948,-0.129673,-0.144419,0.625321,0.232191,-0.290881,-0.007714
52.4000,-0.110477,-0.130047,-0.145193,0.625990,0.233692,-0.290982,-0.006984
52.4333,-0.113361,-0.132031,-0.145579,0.614412,0.236377,-0.291708,-0.003876
52.4667,-0.116042,-0.134881,-0.149463,0.615916,0.237321,-0.293572,-0.003198
52.5000,-0.117514,-0.139489,-0.147165,0.614812,0.238189,-0.295166,-0.002255
52.5333,-0.116734,-0.148919,-0.131143,0.606029,0.239273,-0.296497,-0.000189
52.5667,-0.113169,-0.167036,-0.100729,0.589394,0.240246,-0.299051,0.003192
52.6000,-0.111625,-0.175056,-0.079226,0.582705,0.240660,-0.298622,0.004225
52.6333,-0.111973,-0.175796,-0.072272,0.581168,0.241072,-0.297596,0.004443
52.6667,-0.112222,-0.177495,-0.066984,0.579978,0.241382,-0.297323,0.004735
52.7000,-0.112189,-0.177893,-0.058705,0.573038,0.242229,-0.295753,0.005862
52.7333,-0.112826,-0.178041,-0.056720,0.571080,0.242744,-0.295349,0.006345
52.7667,-0.113699,-0.176358,-0.058420,0.569558,0.243275,-0.294811,0.006755
52.8000,-0.113917,-0.175382,-0.055599,0.570611,0.243279,-0.293853,0.006424
52.8333,-0.113266,-0.176668,-0.047477,0.568653,0.243280,-0.292877,0.006522
52.8667,-0.112392,-0.177934,-0.039425,0.566104,0.243232,-0.291897,0.006675
52.9000,-0.111183,-0.178152,-0.029235,0.563942,0.242989,-0.290069,0.006500
52.9333,-0.109550,-0.179435,-0.017681,0.561486,0.242578,-0.288469,0.006330
52.9667,-0.107520,-0.180984,-0.004341,0.558598,0.242015,-0.286652,0.006102
53.0000,-0.105545,-0.183939,0.005921,0.554990,0.241536,-0.286012,0.006244
53.0333,-0.103650,-0.186483,0.013672,0.552703,0.240936,-0.285704,0.006188
53.0667,-0.101677,-0.189503,0.020592,0.551890,0.240138,-0.285829,0.005889
53.1000,-0.100010,-0.191638,0.025019,0.552284,0.239344,-0.286063,0.005434
53.1333,-0.097687,-0.194922,0.034991,0.552330,0.238261,-0.285784,0.004785
53.1667,-0.094507,-0.198418,0.054747,0.550719,0.236859,-0.283721,0.003882
53.2000,-0.091973,-0.201334,0.071154,0.547070,0.235936,-0.281892,0.003578
53.2333,-0.090517,-0.201866,0.078773,0.547791,0.235095,-0.280808,0.002834
53.2667,-0.089853,-0.201881,0.080583,0.549835,0.234544,-0.280616,0.002209
53.3000,-0.089339,-0.202847,0.082511,0.549953,0.234275,-0.280724,0.002060
53.3333,-0.089107,-0.205569,0.083912,0.549156,0.234247,-0.281658,0.002306
53.3667,-0.089559,-0.205373,0.082802,0.547100,0.234689,-0.281650,0.002820
53.4000,-0.090406,-0.206338,0.081946,0.547634,0.235021,-0.282226,0.003005
53.4333,-0.091278,-0.207676,0.083780,0.550141,0.235103,-0.282560,0.002738
53.4667,-0.092478,-0.208100,0.082258,0.551376,0.235522,-0.283030,0.002869
53.5000,-0.093829,-0.207990,0.080463,0.552361,0.236038,-0.283290,0.003049
53.5333,-0.095097,-0.209045,0.081277,0.552295,0.236595,-0.283532,0.003395
53.5667,-0.096674,-0.209763,0.081117,0.553162,0.237199,-0.283835,0.003645
53.6000,-0.097785,-0.213019,0.085973,0.552574,0.237684,-0.284284,0.004069
53.6333,-0.098622,-0.217684,0.094323,0.551589,0.238026,-0.284703,0.004466
53.6667,-0.099343,-0.223991,0.104878,0.550364,0.238289,-0.285437,0.004910
53.7000,-0.100566,-0.228801,0.112151,0.551678,0.238543,-0.286236,0.004997
53.7333,-0.102411,-0.230983,0.115071,0.553673,0.239079,-0.286677,0.005080
53.7667,-0.104840,-0.231256,0.113078,0.555832,0.239957,-0.287152,0.005339
53.8000,-0.107423,-0.231029,0.110566,0.558207,0.240890,-0.287503,0.005578
53.8333,-0.110255,-0.230217,0.106792,0.561442,0.241861,-0.287859,0.005719
53.8667,-0.112966,-0.230093,0.103261,0.564892,0.242751,-0.288495,0.005847
53.9000,-0.115519,-0.230380,0.099488,0.568605,0.243546,-0.289382,0.005939
53.9333,-0.117736,-0.230721,0.095517,0.570963,0.244342,-0.290268,0.006233
53.9667,-0.119717,-0.231152,0.090655,0.573491,0.245029,-0.291383,0.006487
54.0000,-0.121208,-0.231102,0.086499,0.573837,0.245720,-0.292051,0.006974
54.0333,-0.122767,-0.228684,0.078320,0.575210,0.246380,-0.292448,0.007244
54.0667,-0.123457,-0.227042,0.073053,0.575868,0.246687,-0.292669,0.007390
54.1000,-0.123666,-0.225428,0.067837,0.575874,0.246847,-0.292889,0.007541
54.1333,-0.122773,-0.225107,0.065753,0.574653,0.246617,-0.293116,0.007653
54.1667,-0.121100,-0.225504,0.065259,0.574145,0.245947,-0.293461,0.007432
54.2000,-0.119076,-0.225901,0.062561,0.574409,0.245065,-0.294279,0.007076
54.2333,-0.116481,-0.225658,0.058388,0.573322,0.244094,-0.295045,0.006858
54.2667,-0.113447,-0.223751,0.054285,0.569909,0.243177,-0.294959,0.006822
54.3000,-0.110348,-0.220236,0.046727,0.568186,0.242070,-0.294890,0.006446
54.3333,-0.106461,-0.217270,0.042275,0.567807,0.240432,-0.294608,0.005548
54.3667,-0.101130,-0.216929,0.047132,0.570560,0.237722,-0.294007,0.003569
54.4000,-0.095319,-0.217094,0.055331,0.577811,0.234227,-0.293268,0.000531
54.4333,-0.090894,-0.214218,0.051990,0.589973,0.230848,-0.293450,-0.002896
54.4667,-0.085118,-0.215433,0.056979,0.595421,0.227546,-0.293692,-0.005278
54.5000,-0.078862,-0.216132,0.065840,0.597617,0.224343,-0.292861,-0.007353
54.5333,-0.074137,-0.210038,0.063521,0.597240,0.222253,-0.290758,-0.008750
54.5667,-0.068924,-0.208493,0.061965,0.599043,0.219675,-0.290719,-0.010253
54.6000,-0.062778,-0.208193,0.069263,0.605467,0.215967,-0.289906,-0.013041
54.6333,-0.057331,-0.207031,0.068006,0.607087,0.213273,-0.289981,-0.014510
54.6667,-0.052197,-0.205142,0.061123,0.611072,0.210476,-0.290836,-0.016171
54.7000,-0.046865,-0.204448,0.052129,0.617589,0.207254,-0.292735,-0.018128
54.7333,-0.040655,-0.205053,0.047607,0.622131,0.203809,-0.294363,-0.019939
54.7667,-0.033801,-0.205558,0.045704,0.626135,0.200087,-0.295472,-0.021861
54.8000,-0.025586,-0.206353,0.052060,0.636081,0.194802,-0.295556,-0.025334
54.8333,-0.016938,-0.207330,0.058531,0.645837,0.189268,-0.295722,-0.028777
54.8667,-0.009896,-0.206536,0.047691,0.653131,0.184964,-0.297927,-0.030964
54.9000,-0.001953,-0.205592,0.042847,0.657525,0.180561,-0.298899,-0.033008
54.9333,0.005345,-0.200390,0.027623,0.671399,0.175068,-0.300011,-0.036498
54.9667,0.010317,-0.194641,0.005262,0.677309,0.171812,-0.301643,-0.038114
55.0000,0.016334,-0.187478,-0.011798,0.695213,0.166096,-0.302019,-0.042111
55.0333,0.022808,-0.184190,-0.023283,0.728642,0.157508,-0.303565,-0.048417
55.0667,0.023706,-0.180202,-0.086051,0.777784,0.148243,-0.312762,-0.054643
55.1000,0.029881,-0.178120,-0.083765,0.811909,0.139222,-0.312035,-0.060851
55.1333,0.032826,-0.177276,-0.085523,0.832377,0.134021,-0.312219,-0.064279
55.1667,0.035731,-0.175900,-0.094364,0.831248,0.132612,-0.312936,-0.064374
55.2000,0.038364,-0.172562,-0.090394,0.843818,0.129033,-0.310896,-0.066944
55.2333,0.034998,-0.162617,-0.114054,0.850826,0.129103,-0.309353,-0.067984
55.2667,0.034714,-0.157853,-0.121716,0.856239,0.128145,-0.308070,-0.068925
55.3000,0.034020,-0.151937,-0.121255,0.861730,0.127508,-0.305034,-0.070206
55.3333,0.032241,-0.142332,-0.120307,0.874373,0.126123,-0.300007,-0.072633
55.3667,0.029559,-0.140100,-0.116688,0.879604,0.126604,-0.298280,-0.073314
55.4000,0.024771,-0.134446,-0.127873,0.884136,0.128046,-0.296826,-0.073621
55.4333,0.019280,-0.130548,-0.132058,0.884809,0.130685,-0.295269,-0.073326
55.4667,0.013612,-0.128943,-0.136371,0.886290,0.133263,-0.294857,-0.072865
55.5000,0.007051,-0.126289,-0.143298,0.885358,0.136683,-0.294267,-0.072003
55.5333,0.000292,-0.125629,-0.136043,0.887977,0.139830,-0.292673,-0.071697
55.5667,-0.008452,-0.123816,-0.133635,0.890689,0.143876,-0.291095,-0.071113
55.6000,-0.019822,-0.119966,-0.127828,0.893647,0.149269,-0.287918,-0.070420
55.6333,-0.033974,-0.113637,-0.139673,0.901123,0.154942,-0.285735,-0.069732
55.6667,-0.043527,-0.110191,-0.131559,0.910233,0.158351,-0.282388,-0.069864
55.7000,-0.054459,-0.102928,-0.109469,0.917077,0.163009,-0.275226,-0.070043
55.7333,-0.066850,-0.099083,-0.107682,0.924195,0.168043,-0.272456,-0.069328
55.7667,-0.079039,-0.094393,-0.106065,0.926046,0.173889,-0.269287,-0.067893
55.8000,-0.087230,-0.094711,-0.100807,0.923131,0.178619,-0.268351,-0.065997
55.8333,-0.092969,-0.099301,-0.086170,0.919113,0.182402,-0.268457,-0.064247
55.8667,-0.100041,-0.100692,-0.082815,0.924595,0.185030,-0.268396,-0.063758
55.9000,-0.102924,-0.112982,-0.045563,0.920474,0.187536,-0.269517,-0.062327
55.9333,-0.107210,-0.123385,-0.034088,0.922952,0.189359,-0.273116,-0.061357
55.9667,-0.115011,-0.124656,-0.048257,0.929619,0.192056,-0.275369,-0.060620
56.0000,-0.121335,-0.124447,-0.059521,0.932529,0.194661,-0.276457,-0.059667
56.0333,-0.127122,-0.123326,-0.065463,0.933499,0.197340,-0.276382,-0.058705
56.0667,-0.132187,-0.121873,-0.073019,0.935421,0.199473,-0.276380,-0.057984
56.1000,-0.136181,-0.121108,-0.076136,0.936705,0.201214,-0.276194,-0.057393
56.1333,-0.139501,-0.120875,-0.077215,0.939758,0.202334,-0.276059,-0.057192
56.1667,-0.142961,-0.120202,-0.081427,0.945323,0.203063,-0.276116,-0.057336
56.2000,-0.146356,-0.118598,-0.086575,0.951317,0.203667,-0.275809,-0.057610
56.2333,-0.150281,-0.115873,-0.096850,0.957163,0.204497,-0.275536,-0.057775
56.2667,-0.152405,-0.115463,-0.103357,0.958927,0.205184,-0.276029,-0.057517
56.3000,-0.155916,-0.113304,-0.122198,0.963838,0.205851,-0.277111,-0.057488
56.3333,-0.159195,-0.111513,-0.140964,0.968521,0.206410,-0.278341,-0.057446
56.3667,-0.160859,-0.110483,-0.147270,0.969743,0.206929,-0.278492,-0.057294
56.4000,-0.162295,-0.109667,-0.150323,0.970388,0.207480,-0.278368,-0.057135
56.4333,-0.163978,-0.108268,-0.155074,0.971352,0.208063,-0.278138,-0.057002
56.4667,-0.166293,-0.106074,-0.163459,0.973399,0.208704,-0.277900,-0.056935
56.5000,-0.169837,-0.102886,-0.179485,0.977786,0.209400,-0.277981,-0.056987
56.5333,-0.170840,-0.102300,-0.182165,0.978151,0.209784,-0.277933,-0.056819
56.5667,-0.170795,-0.102602,-0.182030,0.977210,0.209928,-0.278081,-0.056638
56.6000,-0.171204,-0.103206,-0.181635,0.977315,0.210127,-0.278326,-0.056544
56.6333,-0.171538,-0.104209,-0.174352,0.975374,0.210769,-0.277964,-0.056194
56.6667,-0.170952,-0.106633,-0.160255,0.970983,0.211495,-0.277554,-0.055591
56.7000,-0.170509,-0.109677,-0.148392,0.966742,0.212214,-0.277709,-0.054925
56.7333,-0.170953,-0.111495,-0.139804,0.964437,0.212969,-0.277566,-0.054456
56.7667,-0.171085,-0.112039,-0.125180,0.960412,0.213917,-0.276013,-0.053950
56.8000,-0.170622,-0.113240,-0.107598,0.956218,0.214612,-0.274424,-0.053516
56.8333,-0.172317,-0.113858,-0.104893,0.957964,0.215183,-0.274316,-0.053443
56.8667,-0.174059,-0.116402,-0.105596,0.961664,0.215438,-0.275624,-0.053442
56.9000,-0.177013,-0.117154,-0.114248,0.966172,0.216049,-0.276947,-0.053366
56.9333,-0.182901,-0.113085,-0.139318,0.979389,0.216362,-0.277610,-0.054216
56.9667,-0.186722,-0.112992,-0.160507,0.988032,0.216472,-0.279851,-0.054456
57.0000,-0.190543,-0.115627,-0.191414,1.000353,0.215755,-0.284535,-0.054966
57.0333,-0.195106,-0.120488,-0.225477,1.011231,0.215510,-0.290578,-0.054926
57.0667,-0.198585,-0.118806,-0.249354,1.017720,0.215562,-0.292080,-0.055122
57.1000,-0.200008,-0.117718,-0.265063,1.021576,0.215206,-0.293088,-0.055341
57.1333,-0.200096,-0.117385,-0.279559,1.025024,0.214268,-0.294410,-0.055723
57.1667,-0.200247,-0.115785,-0.294395,1.028600,0.213300,-0.295089,-0.056277
57.2000,-0.198896,-0.113729,-0.304777,1.031182,0.211860,-0.295126,-0.057033
57.2333,-0.195280,-0.113547,-0.306015,1.031815,0.209897,-0.295326,-0.057828
57.2667,-0.191206,-0.112918,-0.314001,1.032922,0.207404,-0.296035,-0.058786
57.3000,-0.186715,-0.111877,-0.320779,1.034535,0.204641,-0.296397,-0.059965
57.3333,-0.182450,-0.109407,-0.333966,1.037677,0.201495,-0.296612,-0.061406
57.3667,-0.175405,-0.109140,-0.334003,1.041428,0.197276,-0.296652,-0.063278
57.4000,-0.167209,-0.108657,-0.343377,1.043111,0.192489,-0.297711,-0.064985
57.4333,-0.156428,-0.109615,-0.346200,1.044479,0.186648,-0.298953,-0.066979
57.4667,-0.142277,-0.111881,-0.355797,1.024738,0.182475,-0.302790,-0.066316
57.5000,-0.130118,-0.115944,-0.338617,1.013231,0.178878,-0.304180,-0.066694
57.5333,-0.118684,-0.123180,-0.318694,1.007827,0.174684,-0.306472,-0.067368
57.5667,-0.106986,-0.131580,-0.301958,0.998645,0.170879,-0.309800,-0.067326
57.6000,-0.098043,-0.133376,-0.295384,0.996232,0.166910,-0.310468,-0.068397
57.6333,-0.090166,-0.136407,-0.302665,0.986789,0.164267,-0.313563,-0.067922
57.6667,-0.083272,-0.138197,-0.314109,0.985887,0.160447,-0.316147,-0.068554
57.7000,-0.073043,-0.147348,-0.288498,0.980027,0.157110,-0.318476,-0.068671
57.7333,-0.068214,-0.148762,-0.302163,0.981386,0.153870,-0.320970,-0.069268
57.7667,-0.064154,-0.149033,-0.328896,0.979105,0.151160,-0.324484,-0.069102
57.8000,-0.060736,-0.149171,-0.356669,0.978254,0.148391,-0.327959,-0.069069
57.8333,-0.056435,-0.148981,-0.373929,0.969532,0.146917,-0.330455,-0.068249
57.8667,-0.049454,-0.154688,-0.365720,0.952883,0.146553,-0.333449,-0.066325
57.9000,-0.041366,-0.165740,-0.358481,0.948839,0.143377,-0.338644,-0.065558
57.9333,-0.034638,-0.173618,-0.359110,0.950804,0.139488,-0.342857,-0.065715
57.9667,-0.029299,-0.178515,-0.362504,0.953944,0.135982,-0.345792,-0.066165
58.0000,-0.022353,-0.181838,-0.349647,0.954224,0.132866,-0.346164,-0.066912
58.0333,-0.015643,-0.189037,-0.331168,0.954609,0.130061,-0.347798,-0.067247
58.0667,-0.009728,-0.193685,-0.313338,0.954017,0.127779,-0.348218,-0.067688
58.1000,-0.004095,-0.199604,-0.290417,0.951881,0.126081,-0.348680,-0.067843
58.1333,0.000464,-0.204718,-0.266972,0.950471,0.124769,-0.348583,-0.068119
58.1667,0.005900,-0.212039,-0.235096,0.945325,0.123896,-0.348610,-0.067914
58.2000,0.011688,-0.220624,-0.200656,0.938986,0.123019,-0.348873,-0.067542
58.2333,0.013886,-0.221938,-0.195050,0.940626,0.121687,-0.348879,-0.068015
58.2667,0.014821,-0.221658,-0.195581,0.943332,0.120664,-0.348814,-0.068516
58.3000,0.016485,-0.222457,-0.189362,0.944296,0.119762,-0.348479,-0.068897
58.3333,0.018038,-0.222457,-0.177899,0.943237,0.119416,-0.347104,-0.069293
58.3667,0.018890,-0.222291,-0.171414,0.943452,0.119072,-0.346232,-0.069635
58.4000,0.020879,-0.224610,-0.157587,0.942485,0.118509,-0.345716,-0.069815
58.4333,0.021336,-0.224403,-0.152032,0.942983,0.118280,-0.344928,-0.070143
58.4667,0.021431,-0.224329,-0.149375,0.944613,0.117968,-0.344557,-0.070447
58.5000,0.021363,-0.225105,-0.146210,0.945922,0.117813,-0.344548,-0.070596
58.5333,0.020745,-0.225489,-0.150701,0.947708,0.117709,-0.345280,-0.070557
58.5667,0.019664,-0.225886,-0.159616,0.949648,0.117727,-0.346555,-0.070361
58.6000,0.017973,-0.225739,-0.173170,0.954166,0.117461,-0.348094,-0.070362
58.6333,0.017068,-0.226511,-0.180878,0.957032,0.117218,-0.349385,-0.070279
58.6667,0.016916,-0.227870,-0.183393,0.957778,0.117100,-0.350365,-0.070083
58.7000,0.017380,-0.229050,-0.180645,0.956378,0.117189,-0.350644,-0.069873
58.7333,0.017679,-0.229924,-0.179421,0.955346,0.117256,-0.350947,-0.069692
58.7667,0.017942,-0.230778,-0.179459,0.954399,0.117298,-0.351392,-0.069480
58.8000,0.017368,-0.230916,-0.180222,0.954959,0.117471,-0.351541,-0.069468
58.8333,0.016832,-0.231063,-0.181347,0.955699,0.117588,-0.351731,-0.069442
58.8667,0.015547,-0.229182,-0.185497,0.957465,0.117828,-0.351250,-0.069675
58.9000,0.014149,-0.228024,-0.189139,0.959185,0.118150,-0.351060,-0.069794
58.9333,0.012618,-0.227091,-0.191762,0.960710,0.118603,-0.350854,-0.069873
58.9667,0.010467,-0.225344,-0.198082,0.962718,0.119198,-0.350662,-0.069951
59.0000,0.007766,-0.222222,-0.203338,0.965452,0.119968,-0.349622,-0.070294
59.0333,0.006209,-0.220153,-0.198983,0.969089,0.120211,-0.347964,-0.070967
59.0667,0.006254,-0.219007,-0.181459,0.972243,0.120005,-0.345246,-0.071983
59.1000,0.006339,-0.218101,-0.165966,0.972807,0.120189,-0.342918,-0.072592
59.1333,0.006140,-0.217289,-0.154245,0.971515,0.120778,-0.341089,-0.072831
59.1667,0.005119,-0.215318,-0.149060,0.970232,0.121661,-0.339436,-0.072956
59.2000,0.004848,-0.214557,-0.138807,0.967953,0.122432,-0.337797,-0.073009
59.2333,0.004426,-0.214150,-0.131180,0.966209,0.123121,-0.336643,-0.072998
59.2667,0.003425,-0.212633,-0.128682,0.964883,0.123945,-0.335536,-0.072977
59.3000,0.002598,-0.211670,-0.129155,0.964281,0.124491,-0.335074,-0.072897
59.3333,0.001041,-0.208649,-0.134438,0.964789,0.125124,-0.334146,-0.073019
59.3667,-0.000008,-0.206194,-0.136250,0.964299,0.125742,-0.333091,-0.073084
59.4000,-0.000357,-0.205206,-0.135318,0.963102,0.126175,-0.332462,-0.073024
59.4333,-0.000765,-0.204284,-0.134762,0.961663,0.126675,-0.331914,-0.072924
59.4667,-0.000902,-0.204074,-0.133846,0.960049,0.127073,-0.331689,-0.072748
59.5000,-0.000996,-0.203843,-0.133298,0.958379,0.127452,-0.331500,-0.072568
59.5333,-0.000852,-0.203872,-0.131046,0.956054,0.127859,-0.331239,-0.072347
59.5667,-0.000491,-0.203733,-0.127521,0.953315,0.128251,-0.330738,-0.072153
59.6000,0.000015,-0.203716,-0.123003,0.950463,0.128602,-0.330174,-0.071975
59.6333,0.000725,-0.203766,-0.117229,0.947204,0.128940,-0.329485,-0.071795
59.6667,0.001467,-0.203798,-0.111351,0.944200,0.129209,-0.328768,-0.071659
59.7000,0.002772,-0.203919,-0.105266,0.940538,0.129310,-0.328073,-0.071487
59.7333,0.003555,-0.203751,-0.104050,0.938625,0.129278,-0.327847,-0.071396
59.7667,0.004362,-0.203514,-0.104959,0.936474,0.129251,-0.327856,-0.071221
59.8000,0.004768,-0.203141,-0.111030,0.934719,0.129284,-0.328453,-0.070927
59.8333,0.005026,-0.203366,-0.119948,0.930699,0.129772,-0.329711,-0.070176
59.8667,0.004759,-0.202918,-0.126677,0.927460,0.130407,-0.330349,-0.069622
59.9000,0.004857,-0.202585,-0.128713,0.919718,0.131774,-0.330436,-0.068617
59.9333,0.004857,-0.201846,-0.133016,0.913301,0.132895,-0.330621,-0.067742
59.9667,0.004508,-0.202291,-0.140792,0.910239,0.133500,-0.331861,-0.067025
60.0000,0.002761,-0.202512,-0.160011,0.902929,0.135357,-0.334485,-0.065270
60.0333,0.001261,-0.203779,-0.177337,0.891796,0.137765,-0.337436,-0.062906
60.0667,0.001843,-0.211698,-0.168476,0.880511,0.139726,-0.340211,-0.060664
60.1000,0.000853,-0.213943,-0.167543,0.870807,0.141997,-0.341166,-0.058924
60.1333,-0.000827,-0.215009,-0.167858,0.862099,0.144404,-0.341676,-0.057319
60.1667,-0.002983,-0.216582,-0.168388,0.858207,0.146186,-0.342442,-0.056246
60.2000,-0.005585,-0.217142,-0.172568,0.855912,0.147821,-0.343207,-0.055343
60.2333,-0.010243,-0.214453,-0.184135,0.858963,0.149363,-0.343353,-0.055168
60.2667,-0.016173,-0.209435,-0.199356,0.862857,0.151293,-0.342793,-0.055126
60.3000,-0.021423,-0.203015,-0.199560,0.863820,0.153809,-0.339464,-0.055364
60.3333,-0.027636,-0.196656,-0.202380,0.870125,0.155806,-0.336440,-0.056135
60.3667,-0.033724,-0.195146,-0.202296,0.885480,0.156249,-0.335317,-0.057674
60.4000,-0.040961,-0.194528,-0.214151,0.899404,0.157181,-0.336183,-0.058382
60.4333,-0.047807,-0.192962,-0.215477,0.915346,0.157854,-0.335121,-0.059835
60.4667,-0.054420,-0.191777,-0.210900,0.931186,0.158579,-0.333474,-0.061359
60.5000,-0.064865,-0.184265,-0.223783,0.955801,0.159201,-0.330546,-0.063945
60.5333,-0.075477,-0.175678,-0.241193,0.971727,0.161334,-0.327571,-0.065212
60.5667,-0.081624,-0.174810,-0.221579,0.972736,0.164892,-0.324477,-0.064836
60.6000,-0.086957,-0.172825,-0.173902,0.969952,0.169273,-0.317484,-0.064803
60.6333,-0.094587,-0.166574,-0.147060,0.972202,0.173280,-0.310645,-0.065053
60.6667,-0.104614,-0.156803,-0.103971,0.977123,0.178108,-0.299924,-0.065943
60.7000,-0.113253,-0.152785,-0.078374,0.980011,0.182235,-0.294307,-0.065566
60.7333,-0.121370,-0.149304,-0.058667,0.981160,0.186276,-0.289716,-0.064898
60.7667,-0.130990,-0.148264,-0.052133,0.986077,0.190298,-0.287979,-0.064048
60.8000,-0.136918,-0.144313,-0.036367,0.981237,0.194194,-0.283622,-0.062768
60.8333,-0.140619,-0.139235,-0.010660,0.970711,0.197902,-0.277425,-0.061358
60.8667,-0.145000,-0.136007,0.009079,0.969281,0.200274,-0.273041,-0.060889
60.9000,-0.151514,-0.127432,0.010372,0.969608,0.203370,-0.268116,-0.060283
60.9333,-0.159708,-0.122919,-0.007762,0.974970,0.206512,-0.267720,-0.059446
60.9667,-0.164310,-0.123337,-0.014171,0.973959,0.208992,-0.268440,-0.058165
61.0000,-0.167733,-0.124329,-0.015909,0.972123,0.211021,-0.268940,-0.057082
61.0333,-0.170511,-0.124348,-0.018202,0.970061,0.212752,-0.269037,-0.056145
61.0667,-0.171697,-0.127445,-0.006674,0.964351,0.214338,-0.269005,-0.055009
61.1000,-0.174317,-0.127833,-0.009835,0.962711,0.215915,-0.269423,-0.054139
61.1333,-0.175931,-0.128085,-0.013251,0.961031,0.217002,-0.269849,-0.053440
61.1667,-0.178425,-0.127231,-0.020689,0.961063,0.218218,-0.270214,-0.052876
61.2000,-0.180548,-0.126410,-0.028652,0.961688,0.219146,-0.270686,-0.052440
61.2333,-0.181755,-0.125724,-0.035107,0.962020,0.219669,-0.271078,-0.052157
61.2667,-0.182139,-0.126258,-0.037878,0.961550,0.219940,-0.271670,-0.051907
61.3000,-0.183262,-0.124977,-0.046966,0.963165,0.220183,-0.272120,-0.051873
61.3333,-0.183814,-0.125297,-0.049735,0.962626,0.220543,-0.272596,-0.051610
61.3667,-0.184064,-0.125480,-0.053537,0.962652,0.220650,-0.273153,-0.051477
61.4000,-0.183907,-0.125819,-0.056030,0.962666,0.220566,-0.273649,-0.051441
61.4333,-0.183460,-0.126494,-0.057270,0.962116,0.220442,-0.274170,-0.051377
61.4667,-0.182477,-0.127653,-0.055981,0.961321,0.220112,-0.274648,-0.051388
61.5000,-0.181796,-0.128145,-0.057354,0.961434,0.219758,-0.275116,-0.051494
61.5333,-0.181289,-0.128032,-0.060204,0.961609,0.219465,-0.275450,-0.051594
61.5667,-0.180738,-0.128125,-0.063194,0.961241,0.219243,-0.275902,-0.051600
61.6000,-0.179947,-0.128272,-0.065746,0.960208,0.219017,-0.276332,-0.051553
61.6333,-0.178813,-0.128617,-0.068202,0.958451,0.218745,-0.276863,-0.051447
61.6667,-0.177817,-0.128719,-0.071069,0.958004,0.218314,-0.277332,-0.051541
61.7000,-0.177079,-0.128779,-0.073793,0.957624,0.217999,-0.277749,-0.051601
61.7333,-0.176450,-0.128584,-0.078816,0.958164,0.217562,-0.278327,-0.051753
61.7667,-0.175341,-0.129788,-0.080656,0.957675,0.217098,-0.279236,-0.051783
61.8000,-0.174349,-0.130528,-0.081204,0.956078,0.216882,-0.279731,-0.051687
61.8333,-0.173610,-0.130533,-0.085690,0.955788,0.216531,-0.280344,-0.051724
61.8667,-0.173506,-0.129711,-0.096321,0.957663,0.216063,-0.281293,-0.051943
61.9000,-0.173699,-0.128633,-0.110739,0.959874,0.215629,-0.282564,-0.052119
61.9333,-0.173612,-0.127289,-0.121734,0.961169,0.215227,-0.283269,-0.052295
61.9667,-0.173566,-0.125909,-0.131033,0.963378,0.214700,-0.283732,-0.052639
62.0000,-0.173644,-0.122708,-0.141063,0.965454,0.214217,-0.283333,-0.053078
62.0333,-0.172862,-0.118333,-0.147235,0.964778,0.213811,-0.281895,-0.053400
62.0667,-0.172156,-0.114944,-0.153221,0.964676,0.213353,-0.280939,-0.053736
62.1000,-0.170297,-0.112051,-0.151764,0.962352,0.212821,-0.279380,-0.053993
62.1333,-0.166968,-0.111115,-0.148498,0.957768,0.211989,-0.278690,-0.054038
62.1667,-0.163557,-0.111722,-0.142630,0.955809,0.210727,-0.278458,-0.054460
62.2000,-0.160216,-0.112193,-0.139991,0.953601,0.209488,-0.278556,-0.054786
62.2333,-0.157176,-0.112471,-0.136435,0.953114,0.208118,-0.278416,-0.055359
62.2667,-0.153483,-0.113603,-0.131838,0.953420,0.206308,-0.278603,-0.056095
62.3000,-0.149972,-0.115600,-0.130335,0.954908,0.204346,-0.279619,-0.056877
62.3333,-0.146596,-0.115707,-0.129622,0.956412,0.202416,-0.279756,-0.057770
62.3667,-0.142028,-0.115806,-0.120758,0.955082,0.200485,-0.278917,-0.058552
62.4000,-0.138116,-0.114942,-0.115013,0.954665,0.198666,-0.277945,-0.059394
62.4333,-0.131869,-0.115898,-0.091611,0.948790,0.196825,-0.275743,-0.059935
62.4667,-0.124321,-0.117055,-0.065752,0.942207,0.194408,-0.273323,-0.060631
62.5000,-0.118030,-0.116627,-0.057966,0.939423,0.191783,-0.272376,-0.061518
62.5333,-0.111838,-0.117760,-0.054154,0.937063,0.189122,-0.272739,-0.062280
62.5667,-0.106330,-0.117030,-0.055049,0.934184,0.186852,-0.272725,-0.062903
62.6000,-0.096202,-0.125758,-0.029847,0.923472,0.183810,-0.274184,-0.062888
62.6333,-0.088735,-0.128733,-0.022843,0.920082,0.180675,-0.275074,-0.063651
62.6667,-0.076547,-0.144066,0.011986,0.906880,0.176930,-0.278452,-0.063348
62.7000,-0.067794,-0.145270,0.013550,0.903292,0.173139,-0.279161,-0.064264
62.7333,-0.062163,-0.139268,0.001278,0.891546,0.172358,-0.277804,-0.063765
62.7667,-0.048956,-0.150375,0.034351,0.883206,0.167109,-0.279140,-0.064519
62.8000,-0.041310,-0.151769,0.043461,0.882747,0.163251,-0.278909,-0.065878
62.8333,-0.032017,-0.154866,0.051085,0.877891,0.159362,-0.279621,-0.066533
62.8667,-0.025972,-0.155872,0.045363,0.865162,0.158585,-0.280809,-0.065538
62.9000,-0.025340,-0.141294,0.002828,0.878371,0.156037,-0.279914,-0.067686
62.9333,-0.023508,-0.132785,-0.039501,0.865439,0.157311,-0.281522,-0.065874
62.9667,-0.021031,-0.126927,-0.057552,0.872101,0.154740,-0.281344,-0.067348
63.0000,-0.017054,-0.126396,-0.077228,0.844560,0.157410,-0.283899,-0.063594
63.0333,-0.015076,-0.127865,-0.088757,0.800208,0.163872,-0.286257,-0.056991
63.0667,-0.015101,-0.129820,-0.101154,0.768850,0.168892,-0.289044,-0.051729
63.1000,-0.012365,-0.138186,-0.078948,0.721202,0.175497,-0.289219,-0.044267
63.1333,-0.009251,-0.145134,-0.060434,0.738601,0.171441,-0.289829,-0.047499
63.1667,-0.006733,-0.150063,-0.033921,0.686534,0.178536,-0.286926,-0.039612
63.2000,-0.013413,-0.148209,-0.049577,0.651183,0.186822,-0.287838,-0.032231
63.2333,-0.018031,-0.152911,-0.046095,0.662775,0.187382,-0.289427,-0.033140
63.2667,-0.025189,-0.154702,-0.063319,0.613364,0.197540,-0.292021,-0.022372
63.3000,-0.031637,-0.153204,-0.062072,0.595186,0.202974,-0.290411,-0.017972
63.3333,-0.038553,-0.156028,-0.069120,0.580225,0.208011,-0.292336,-0.013346
63.3667,-0.046104,-0.159079,-0.079870,0.587812,0.210377,-0.295486,-0.012684
63.4000,-0.053377,-0.160607,-0.085965,0.580626,0.214520,-0.296779,-0.009518
63.4333,-0.059399,-0.163827,-0.079112,0.598989,0.215089,-0.297008,-0.011669
63.4667,-0.063352,-0.173304,-0.057425,0.609572,0.215838,-0.297363,-0.012622
63.5000,-0.066244,-0.185525,-0.029069,0.608111,0.217580,-0.297546,-0.011543
63.5333,-0.072972,-0.187864,-0.031680,0.610929,0.220288,-0.298808,-0.010369
63.5667,-0.080120,-0.188613,-0.034519,0.612807,0.223306,-0.299324,-0.009035
63.6000,-0.087765,-0.188333,-0.036426,0.617517,0.226194,-0.299254,-0.008243
63.6333,-0.096179,-0.187129,-0.046314,0.620766,0.229554,-0.300105,-0.006784
63.6667,-0.104999,-0.186330,-0.060204,0.628425,0.232498,-0.301951,-0.005884
63.7000,-0.112898,-0.185518,-0.063580,0.633629,0.235412,-0.301855,-0.005062
63.7333,-0.120452,-0.190570,-0.061002,0.641795,0.237874,-0.303495,-0.004479
63.7667,-0.127495,-0.194044,-0.053353,0.642931,0.241002,-0.303332,-0.002972
63.8000,-0.136079,-0.193859,-0.059433,0.637512,0.245465,-0.303629,0.000263
63.8333,-0.145092,-0.195689,-0.073693,0.627650,0.250504,-0.306161,0.005016
63.8667,-0.152983,-0.199264,-0.079482,0.629151,0.253778,-0.308372,0.007232
63.9000,-0.161221,-0.197892,-0.088139,0.633973,0.256759,-0.308892,0.008461
63.9333,-0.168127,-0.197574,-0.091031,0.637451,0.259378,-0.308893,0.009587
63.9667,-0.173865,-0.196779,-0.094046,0.638780,0.261712,-0.308706,0.010821
64.0000,-0.177509,-0.202036,-0.084090,0.637373,0.263625,-0.309048,0.012295
64.0333,-0.179369,-0.211266,-0.068530,0.635001,0.264909,-0.310286,0.013753
64.0667,-0.180367,-0.221256,-0.056939,0.631532,0.265855,-0.312582,0.015426
64.1000,-0.183085,-0.223112,-0.058381,0.633377,0.266826,-0.313572,0.016014
64.1333,-0.186100,-0.221945,-0.062576,0.633275,0.268109,-0.313576,0.016839
64.1667,-0.188040,-0.220620,-0.066548,0.632306,0.269015,-0.313502,0.017569
64.2000,-0.190984,-0.216658,-0.074883,0.636892,0.269700,-0.313138,0.017262
64.2333,-0.193153,-0.210750,-0.081912,0.638229,0.270403,-0.311572,0.017163
64.2667,-0.192971,-0.208148,-0.078135,0.634483,0.270771,-0.309587,0.017478
64.3000,-0.191795,-0.206874,-0.070722,0.629285,0.270899,-0.307581,0.017824
64.3333,-0.189782,-0.206044,-0.057946,0.623250,0.270791,-0.304830,0.017965
64.3667,-0.188094,-0.205335,-0.050298,0.620398,0.270419,-0.303136,0.017747
64.4000,-0.186336,-0.204514,-0.044417,0.619307,0.269811,-0.301774,0.017215
64.4333,-0.184823,-0.202775,-0.041104,0.617778,0.269331,-0.300426,0.016826
64.4667,-0.183225,-0.200870,-0.039761,0.616600,0.268764,-0.299376,0.016413
64.5000,-0.181168,-0.200014,-0.037294,0.616192,0.267927,-0.298660,0.015798
64.5333,-0.179111,-0.199817,-0.035174,0.615629,0.267105,-0.298306,0.015284
64.5667,-0.177266,-0.199845,-0.037109,0.615586,0.266301,-0.298795,0.014895
64.6000,-0.176167,-0.200661,-0.044419,0.620832,0.265222,-0.300762,0.013909
64.6333,-0.174483,-0.200394,-0.051474,0.623300,0.264172,-0.302115,0.013232
64.6667,-0.171897,-0.200132,-0.054010,0.622482,0.263114,-0.302600,0.012813
64.7000,-0.168604,-0.200153,-0.052632,0.618641,0.262108,-0.302451,0.012701
64.7333,-0.165218,-0.200088,-0.051417,0.615193,0.261014,-0.302311,0.012481
64.7667,-0.161468,-0.200040,-0.049920,0.610423,0.259907,-0.302103,0.012434
64.8000,-0.156408,-0.200386,-0.047051,0.602970,0.258529,-0.301806,0.012613
64.8333,-0.151820,-0.200089,-0.044864,0.595607,0.257336,-0.301321,0.012805
64.8667,-0.147382,-0.199202,-0.044042,0.588378,0.256181,-0.300808,0.013018
64.9000,-0.142722,-0.200300,-0.039825,0.581243,0.254944,-0.300574,0.013235
64.9333,-0.138427,-0.200711,-0.037805,0.576022,0.253642,-0.300477,0.013177
64.9667,-0.134472,-0.200634,-0.039079,0.573258,0.252204,-0.300840,0.012799
65.0000,-0.130470,-0.200173,-0.039226,0.569329,0.250877,-0.300780,0.012564
65.0333,-0.126940,-0.198768,-0.041975,0.565733,0.249699,-0.300770,0.012381
65.0667,-0.123263,-0.198566,-0.042927,0.562845,0.248395,-0.300995,0.012084
65.1000,-0.119559,-0.198218,-0.042329,0.561076,0.246969,-0.300903,0.011489
65.1333,-0.115804,-0.197434,-0.041640,0.559105,0.245541,-0.300591,0.010885
65.1667,-0.111236,-0.196471,-0.034131,0.554291,0.244102,-0.298852,0.010391
65.2000,-0.106621,-0.195481,-0.027328,0.549941,0.242578,-0.297245,0.009824
65.2333,-0.101453,-0.195022,-0.016107,0.544634,0.240919,-0.295019,0.009208
65.2667,-0.096228,-0.194687,-0.005486,0.542020,0.238919,-0.293055,0.008087
65.3000,-0.091738,-0.193157,-0.003306,0.541020,0.237048,-0.292190,0.007037
65.3333,-0.086971,-0.192442,-0.000803,0.540698,0.234983,-0.291667,0.005865
65.3667,-0.082102,-0.192706,0.001409,0.541095,0.232791,-0.291669,0.004632
65.4000,-0.077179,-0.192428,0.003028,0.541602,0.230554,-0.291548,0.003350
65.4333,-0.072029,-0.192216,0.005669,0.541967,0.228225,-0.291265,0.002024
65.4667,-0.066695,-0.191940,0.008458,0.540571,0.226006,-0.290864,0.001003
65.5000,-0.061554,-0.191263,0.008119,0.537341,0.224085,-0.290798,0.000470
65.5333,-0.056346,-0.191070,0.007356,0.536175,0.221898,-0.291113,-0.000410
65.5667,-0.049840,-0.195517,0.019118,0.536129,0.218968,-0.291199,-0.001853
65.6000,-0.042641,-0.202768,0.037470,0.531245,0.216213,-0.291089,-0.002536
65.6333,-0.036273,-0.206530,0.048937,0.528929,0.213525,-0.290801,-0.003570
65.6667,-0.030423,-0.208121,0.056662,0.529363,0.210759,-0.290362,-0.005040
65.7000,-0.024640,-0.210216,0.065402,0.527923,0.208215,-0.289857,-0.006132
65.7333,-0.019660,-0.210576,0.068822,0.528890,0.205799,-0.289674,-0.007431
65.7667,-0.015080,-0.210396,0.071419,0.526973,0.203917,-0.289246,-0.008111
65.8000,-0.010710,-0.210362,0.074991,0.524691,0.202159,-0.288662,-0.008702
65.8333,-0.006467,-0.211477,0.080430,0.523856,0.200249,-0.288291,-0.009518
65.8667,-0.002744,-0.211810,0.084724,0.523973,0.198468,-0.287812,-0.010422
65.9000,0.000875,-0.213158,0.091612,0.523630,0.196741,-0.287255,-0.011242
65.9333,0.005034,-0.217534,0.106536,0.518881,0.195138,-0.286288,-0.011449
65.9667,0.009709,-0.225662,0.128835,0.512102,0.193318,-0.285453,-0.011430
66.0000,0.014977,-0.237185,0.158758,0.504809,0.190948,-0.284616,-0.011558
66.0333,0.019247,-0.245058,0.182479,0.506920,0.187929,-0.283906,-0.013257
66.0667,0.022027,-0.248284,0.195970,0.510185,0.185741,-0.283129,-0.014765
66.1000,0.024377,-0.250130,0.207114,0.519221,0.183096,-0.282593,-0.017195
66.1333,0.025154,-0.245980,0.210503,0.526027,0.181742,-0.280626,-0.019016
66.1667,0.024783,-0.241013,0.205795,0.527475,0.181923,-0.279370,-0.019350
66.2000,0.022211,-0.229018,0.184277,0.535257,0.182945,-0.278437,-0.020167
66.2333,0.020835,-0.219893,0.175274,0.539994,0.183302,-0.276263,-0.020993
66.2667,0.021074,-0.217878,0.177620,0.543804,0.182630,-0.275158,-0.021922
66.3000,0.022300,-0.219674,0.184051,0.550824,0.180927,-0.275259,-0.023506
66.3333,0.023591,-0.221281,0.191829,0.554517,0.179560,-0.274835,-0.024596
66.3667,0.022831,-0.218151,0.181945,0.563274,0.179105,-0.275771,-0.025809
66.4000,0.021765,-0.213958,0.168724,0.571042,0.179008,-0.276737,-0.026726
66.4333,0.022309,-0.214915,0.168820,0.570506,0.178828,-0.277148,-0.026655
66.4667,0.022882,-0.215568,0.169579,0.576263,0.177756,-0.277683,-0.027740
66.5000,0.022048,-0.215506,0.156311,0.575666,0.178632,-0.280026,-0.026974
66.5333,0.022140,-0.215176,0.151586,0.580919,0.178015,-0.281061,-0.027732
66.5667,0.020508,-0.209130,0.124967,0.599779,0.176860,-0.284147,-0.030092
66.6000,0.019285,-0.210609,0.103043,0.619009,0.175168,-0.289761,-0.032216
66.6333,0.017884,-0.212710,0.085846,0.626792,0.175004,-0.294159,-0.032487
66.6667,0.016125,-0.211328,0.071039,0.629131,0.175714,-0.296213,-0.032154
66.7000,0.014171,-0.214895,0.051887,0.652501,0.173416,-0.302244,-0.034696
66.7333,0.010126,-0.213805,0.030168,0.685432,0.170517,-0.306732,-0.038802
66.7667,0.006543,-0.212270,0.004431,0.718331,0.167189,-0.311429,-0.042710
66.8000,0.002094,-0.210973,-0.029110,0.731051,0.167273,-0.316583,-0.042965
66.8333,-0.002893,-0.205380,-0.040858,0.730253,0.169784,-0.315643,-0.042301
66.8667,0.000503,-0.221318,0.012511,0.731033,0.168142,-0.314619,-0.043132
66.9000,-0.007027,-0.212547,-0.004856,0.724205,0.172904,-0.312753,-0.041219
66.9333,-0.010170,-0.211878,-0.011293,0.722380,0.174749,-0.313272,-0.040126
66.9667,-0.013775,-0.208872,-0.015885,0.729628,0.175362,-0.312679,-0.040861
67.0000,-0.016756,-0.206633,-0.020468,0.731942,0.176449,-0.312298,-0.040782
67.0333,-0.020269,-0.202297,-0.015870,0.741044,0.176740,-0.309603,-0.042301
67.0667,-0.026387,-0.189063,-0.039628,0.749319,0.178314,-0.307064,-0.043139
67.1000,-0.031418,-0.182627,-0.053544,0.748357,0.180834,-0.305974,-0.042316
67.1333,-0.041570,-0.161014,-0.090598,0.767822,0.182273,-0.301386,-0.044858
67.1667,-0.051273,-0.143828,-0.107751,0.788785,0.183411,-0.295468,-0.047765
67.2000,-0.059332,-0.132908,-0.090771,0.811928,0.183862,-0.287245,-0.051386
67.2333,-0.072854,-0.114942,-0.096124,0.835321,0.186558,-0.278628,-0.054059
67.2667,-0.082327,-0.105780,-0.110315,0.836198,0.190871,-0.275669,-0.052739
67.3000,-0.090527,-0.101708,-0.097336,0.844888,0.193643,-0.271306,-0.053110
67.3333,-0.094817,-0.103053,-0.092309,0.849146,0.195136,-0.270990,-0.052806
67.3667,-0.101435,-0.104203,-0.087641,0.854757,0.197522,-0.270584,-0.052509
67.4000,-0.109932,-0.101218,-0.095749,0.859613,0.200785,-0.269848,-0.051753
67.4333,-0.114277,-0.104212,-0.089077,0.863874,0.202325,-0.270147,-0.051392
67.4667,-0.120198,-0.104463,-0.099920,0.873235,0.203578,-0.271549,-0.051552
67.5000,-0.127478,-0.105870,-0.112472,0.882285,0.205524,-0.273675,-0.051330
67.5333,-0.133904,-0.106436,-0.120094,0.893932,0.206675,-0.274671,-0.051748
67.5667,-0.142714,-0.106860,-0.142681,0.910434,0.207951,-0.277463,-0.052307
67.6000,-0.151555,-0.105327,-0.160152,0.921509,0.210166,-0.278473,-0.052196
67.6333,-0.159449,-0.104128,-0.180689,0.929943,0.212260,-0.280042,-0.051744
67.6667,-0.166788,-0.104025,-0.200412,0.941597,0.213538,-0.281973,-0.051865
67.7000,-0.171873,-0.104910,-0.200414,0.948700,0.214889,-0.282017,-0.051846
67.7333,-0.177377,-0.103855,-0.207601,0.954197,0.216525,-0.281982,-0.051571
67.7667,-0.182284,-0.103935,-0.210705,0.956852,0.218439,-0.282087,-0.050916
67.8000,-0.186364,-0.104722,-0.212541,0.959086,0.220047,-0.282442,-0.050300
67.8333,-0.189869,-0.106111,-0.213579,0.960436,0.221540,-0.283056,-0.049625
67.8667,-0.193261,-0.107912,-0.215300,0.961935,0.222941,-0.283973,-0.048962
67.9000,-0.197100,-0.108188,-0.219379,0.963744,0.224439,-0.284369,-0.048367
67.9333,-0.201038,-0.107458,-0.227098,0.966908,0.225664,-0.284655,-0.048002
67.9667,-0.204025,-0.107052,-0.232652,0.968382,0.226750,-0.284919,-0.047550
68.0000,-0.205968,-0.107662,-0.232151,0.969139,0.227599,-0.285035,-0.047181
68.0333,-0.207550,-0.108061,-0.229090,0.968818,0.228505,-0.284776,-0.046767
68.0667,-0.208122,-0.108270,-0.227178,0.968456,0.228890,-0.284611,-0.046543
68.1000,-0.208044,-0.107997,-0.224524,0.968016,0.228983,-0.284151,-0.046515
68.1333,-0.207430,-0.107950,-0.222802,0.968187,0.228694,-0.283941,-0.046675
68.1667,-0.204846,-0.108807,-0.217108,0.968761,0.227475,-0.283805,-0.047257
68.2000,-0.201841,-0.108241,-0.216547,0.969773,0.225842,-0.283593,-0.048097
68.2333,-0.197350,-0.107700,-0.212497,0.972132,0.223335,-0.283020,-0.049484
68.2667,-0.193322,-0.107066,-0.224386,0.978214,0.220064,-0.284248,-0.051214
68.3000,-0.188348,-0.106876,-0.239090,0.984990,0.216114,-0.286039,-0.053167
68.3333,-0.181487,-0.106391,-0.242451,0.989288,0.211896,-0.286452,-0.055233
68.3667,-0.176906,-0.103021,-0.265074,0.999556,0.207236,-0.287330,-0.057844
68.4000,-0.173210,-0.102126,-0.320569,1.017935,0.200555,-0.292685,-0.060952
68.4333,-0.165247,-0.101028,-0.349494,1.027857,0.193830,-0.295219,-0.063806
68.4667,-0.153917,-0.105088,-0.370371,1.035826,0.185946,-0.299696,-0.066442
68.5000,-0.139916,-0.109839,-0.378925,1.038322,0.178023,-0.303585,-0.068688
68.5333,-0.119762,-0.120133,-0.378563,1.032937,0.168606,-0.310065,-0.070094
68.5667,-0.092078,-0.143221,-0.330101,1.029351,0.156745,-0.318191,-0.071844
68.6000,-0.072358,-0.157695,-0.341199,1.033058,0.145344,-0.327489,-0.073448
68.6333,-0.055814,-0.158951,-0.359198,1.043221,0.134059,-0.330151,-0.076650
68.6667,-0.041876,-0.160746,-0.392451,1.048616,0.124322,-0.334660,-0.078391
68.7000,-0.026922,-0.157362,-0.397119,1.058585,0.114291,-0.333260,-0.081731
68.7333,-0.016547,-0.139793,-0.430861,1.083259,0.102680,-0.326029,-0.087377
68.7667,-0.001385,-0.130935,-0.458632,1.104224,0.089384,-0.322655,-0.091592
68.8000,0.016460,-0.126168,-0.489641,1.118338,0.075681,-0.321982,-0.094531
68.8333,0.031010,-0.125379,-0.515009,1.122823,0.065708,-0.323555,-0.095884
68.8667,0.047347,-0.125771,-0.492658,1.125770,0.057226,-0.321945,-0.097447
68.9000,0.064523,-0.111524,-0.491585,1.125209,0.048010,-0.314583,-0.099727
68.9333,0.069310,-0.092349,-0.583590,1.147558,0.036850,-0.309372,-0.102859
68.9667,0.080982,-0.080162,-0.621860,1.157344,0.026780,-0.304537,-0.104741
69.0000,0.089298,-0.066617,-0.672187,1.167028,0.017879,-0.299535,-0.106499
69.0333,0.096280,-0.062498,-0.707039,1.181526,0.009677,-0.297611,-0.107770
69.0667,0.114155,-0.068823,-0.648483,1.189621,0.001464,-0.296276,-0.108326
69.1000,0.129712,-0.074981,-0.588096,1.188358,-0.004064,-0.295896,-0.108405
69.1333,0.135097,-0.074137,-0.609616,1.195540,-0.009379,-0.295988,-0.108724
69.1667,0.144665,-0.079355,-0.581123,1.197579,-0.013780,-0.296697,-0.108615
69.2000,0.150948,-0.082679,-0.566735,1.198350,-0.016811,-0.297468,-0.108504
69.2333,0.152443,-0.081951,-0.573784,1.200506,-0.018376,-0.297296,-0.108667
69.2667,0.153821,-0.082814,-0.575948,1.199792,-0.019111,-0.297980,-0.108520
69.3000,0.152670,-0.081267,-0.593048,1.198663,-0.019030,-0.298389,-0.108449
69.3333,0.151851,-0.079578,-0.603400,1.195567,-0.018469,-0.298520,-0.108327
69.3667,0.151510,-0.078899,-0.605420,1.190520,-0.017447,-0.298908,-0.108091
69.4000,0.150953,-0.078671,-0.600661,1.185738,-0.016045,-0.299075,-0.107928
69.4333,0.151038,-0.079837,-0.585985,1.179157,-0.014196,-0.299527,-0.107623
69.4667,0.150544,-0.082044,-0.554539,1.174593,-0.011651,-0.299116,-0.107617
69.5000,0.149760,-0.084809,-0.521423,1.166979,-0.008310,-0.299102,-0.107348
69.5333,0.148755,-0.088551,-0.487116,1.156820,-0.004332,-0.299625,-0.106842
69.5667,0.148603,-0.094439,-0.439957,1.143947,0.000200,-0.300324,-0.106131
69.6000,0.147734,-0.100792,-0.397038,1.130806,0.004945,-0.301308,-0.105293
69.6333,0.146249,-0.106542,-0.346522,1.119770,0.009781,-0.300848,-0.104778
69.6667,0.143228,-0.110495,-0.308146,1.110068,0.014676,-0.300130,-0.104283
69.7000,0.137770,-0.111276,-0.286112,1.102156,0.019980,-0.298952,-0.103906
69.7333,0.134912,-0.116802,-0.234519,1.089540,0.025587,-0.297556,-0.103208
69.7667,0.129635,-0.119338,-0.206154,1.079992,0.031154,-0.296446,-0.102552
69.8000,0.123158,-0.117238,-0.182229,1.070859,0.037155,-0.293180,-0.102182
69.8333,0.118268,-0.116341,-0.152435,1.058698,0.042993,-0.289893,-0.101491
69.8667,0.110509,-0.112447,-0.143293,1.052628,0.048665,-0.286937,-0.101099
69.9000,0.103306,-0.111865,-0.111805,1.045086,0.054646,-0.283290,-0.100630
69.9333,0.097805,-0.112476,-0.089066,1.040065,0.058986,-0.281080,-0.100073
69.9667,0.089003,-0.107808,-0.068195,1.045047,0.062903,-0.276169,-0.100680
70.0000,0.078518,-0.099647,-0.055093,1.049384,0.067790,-0.270239,-0.101093
70.0333,0.062275,-0.091873,-0.038455,1.048348,0.076832,-0.264067,-0.100681
70.0667,0.051801,-0.097431,-0.025888,1.042431,0.083754,-0.265342,-0.098949
70.1000,0.045251,-0.108610,-0.012020,1.030830,0.089678,-0.269440,-0.096681
70.1333,0.034818,-0.120876,0.008050,1.020726,0.097258,-0.273274,-0.094392
70.1667,0.022868,-0.131986,0.027740,1.016050,0.104496,-0.276447,-0.092364
70.2000,0.012771,-0.140247,0.039220,1.018243,0.109381,-0.279185,-0.091085
70.2333,0.000362,-0.137708,0.007919,1.028921,0.113902,-0.281263,-0.090497
70.2667,-0.010075,-0.138368,0.007657,1.035825,0.118057,-0.281448,-0.090053
70.3000,-0.022495,-0.130485,-0.033232,1.048135,0.122116,-0.281580,-0.089835
70.3333,-0.031106,-0.121005,-0.059261,1.055086,0.125165,-0.279157,-0.089813
70.3667,-0.039681,-0.113907,-0.072257,1.060981,0.128419,-0.276542,-0.089785
70.4000,-0.046554,-0.089229,-0.159044,1.065007,0.130188,-0.272379,-0.089811
70.4333,-0.052613,-0.074612,-0.191747,1.062532,0.133227,-0.267977,-0.089572
70.4667,-0.066537,-0.076691,-0.196112,1.061113,0.140710,-0.269171,-0.087767
70.5000,-0.069785,-0.062228,-0.210237,1.056403,0.142999,-0.262942,-0.087146
70.5333,-0.075588,-0.050699,-0.219291,1.055046,0.146011,-0.257661,-0.086852
70.5667,-0.083703,-0.032439,-0.248338,1.049262,0.150510,-0.251022,-0.085800
70.6000,-0.095490,-0.024196,-0.260478,1.039391,0.158056,-0.247972,-0.083358
70.6333,-0.103353,-0.025557,-0.240603,1.041190,0.162289,-0.246102,-0.082292
70.6667,-0.113545,-0.028573,-0.214389,1.042451,0.167892,-0.244373,-0.080817
70.7000,-0.111891,-0.015526,-0.245148,1.021814,0.170030,-0.241628,-0.078333
70.7333,-0.110778,-0.004134,-0.249671,1.012502,0.170912,-0.236600,-0.077802
70.7667,-0.079518,0.034517,-0.284510,0.947037,0.165464,-0.224844,-0.074140
70.8000,-0.071238,0.043677,-0.253343,0.944179,0.162661,-0.216865,-0.075965
70.8333,-0.026779,0.072520,-0.206952,0.908316,0.148172,-0.199068,-0.076278
70.8667,-0.036722,0.065341,-0.161303,0.943309,0.147610,-0.195402,-0.080887
70.9000,-0.034844,0.065902,-0.156153,0.937802,0.147852,-0.194606,-0.079855
70.9333,-0.017443,0.065924,-0.100695,0.912077,0.144901,-0.188544,-0.078085
70.9667,-0.001867,0.070717,-0.088291,0.888207,0.141743,-0.185584,-0.076748
71.0000,-0.028932,0.065498,-0.086764,0.914176,0.150138,-0.186768,-0.077896
71.0333,-0.019857,0.066612,-0.071489,0.884045,0.151490,-0.184785,-0.073791
71.0667,-0.010900,0.063974,-0.047496,0.848326,0.153691,-0.183691,-0.069945
71.1000,-0.004806,0.062537,-0.026705,0.814546,0.156741,-0.182061,-0.065844
71.1333,-0.006714,0.056624,0.016701,0.796245,0.160764,-0.178421,-0.062903
71.1667,-0.000806,0.055338,0.021709,0.790068,0.159032,-0.178470,-0.062479
71.2000,-0.007055,0.045181,0.037503,0.787524,0.162297,-0.180862,-0.061733
71.2333,-0.011957,0.041975,0.043094,0.791818,0.163891,-0.181350,-0.061596
71.7667,-0.151269,0.094840,-0.255121,0.795560,0.223731,-0.195796,-0.042142
71.8000,-0.171892,0.086584,-0.283375,0.850304,0.224966,-0.198990,-0.044334
71.8333,-0.167772,0.096457,-0.354831,0.862880,0.218290,-0.203267,-0.047686
71.8667,-0.181441,0.089602,-0.379741,0.881624,0.221030,-0.208224,-0.048980
71.9000,-0.187317,0.090497,-0.430218,0.881327,0.221456,-0.214089,-0.048401
71.9333,-0.194265,0.090768,-0.458185,0.897365,0.221002,-0.215852,-0.050147
71.9667,-0.203164,0.085333,-0.479069,0.914018,0.221865,-0.219337,-0.051252
72.0000,-0.209031,0.087234,-0.519017,0.933119,0.219687,-0.221051,-0.053653
72.0333,-0.216722,0.086100,-0.554428,0.931194,0.221615,-0.225567,-0.052586
72.0667,-0.228213,0.080373,-0.597043,0.931139,0.224616,-0.232838,-0.051042
72.1000,-0.243655,0.060148,-0.608475,0.955240,0.228578,-0.241201,-0.050971
72.1333,-0.256634,0.039190,-0.585438,0.982262,0.233065,-0.246045,-0.050681
72.1667,-0.267164,0.017790,-0.553327,1.039478,0.232275,-0.247654,-0.055061
72.2000,-0.272935,0.010445,-0.547426,1.061611,0.232254,-0.248448,-0.056242
72.2333,-0.273698,0.015094,-0.547052,1.074407,0.230587,-0.244612,-0.057940
72.2667,-0.276384,0.022002,-0.545360,1.098707,0.228086,-0.238256,-0.061077
72.3000,-0.277545,0.012357,-0.501431,1.114209,0.228288,-0.238024,-0.061997
72.3333,-0.285631,0.012780,-0.541094,1.122819,0.229308,-0.239975,-0.061871
72.3667,-0.293156,0.007296,-0.578269,1.127096,0.230945,-0.245144,-0.061008
72.4000,-0.301691,-0.018527,-0.591060,1.138565,0.233535,-0.258375,-0.059426
72.4333,-0.307763,-0.023215,-0.673792,1.100912,0.238027,-0.271310,-0.053352
72.4667,-0.304649,-0.013909,-0.674342,1.034539,0.245097,-0.274155,-0.045059
72.5000,-0.241938,-0.022776,-0.229015,0.691613,0.280822,-0.245524,0.006714
72.5333,-0.216607,-0.090121,-0.479371,-0.941575,0.164585,-0.282711,0.323505
72.5667,0.094473,-0.127467,0.198887,-0.950000,0.015747,-0.217488,0.340469
72.6000,0.154807,0.252680,-0.167256,0.696966,0.102337,-0.122064,-0.058038
72.6333,0.122124,0.333857,-0.372044,0.770478,0.094956,-0.107484,-0.067617
72.6667,0.098807,0.376461,-0.459215,0.780481,0.098751,-0.096663,-0.065718
72.7000,0.098883,0.380000,-0.485900,0.789189,0.095609,-0.093991,-0.066115
72.7333,-0.055264,0.326675,-0.579380,0.894338,0.142316,-0.117352,-0.074048
72.7667,-0.054333,0.277760,-0.397671,0.960788,0.143396,-0.112274,-0.074491
72.8000,-0.038419,0.272541,-0.180579,1.008681,0.134268,-0.086743,-0.074639
