t_s,q_pitch,q_roll,q_yaw,q_elbow,target_x,target_y,target_z
2.8000,-0.169997,-0.223340,0.060692,1.504504,0.106751,-0.331566,-0.108406
2.8333,-0.121270,-0.168485,-0.010244,1.512718,0.075955,-0.301577,-0.110075
2.8667,-0.125260,-0.133060,-0.051653,1.504701,0.080068,-0.282720,-0.114974
2.9000,-0.172177,-0.179316,-0.076963,1.504080,0.106547,-0.307333,-0.106379
2.9333,-0.211719,-0.201131,-0.092989,1.503718,0.128442,-0.318148,-0.098968
2.9667,-0.229424,-0.210759,-0.103461,1.503666,0.138043,-0.322770,-0.094937
3.0000,-0.232089,-0.188813,-0.109368,1.504491,0.139132,-0.310737,-0.097058
3.0333,-0.258339,-0.205285,-0.113155,1.502374,0.153874,-0.318714,-0.090968
3.0667,-0.271561,-0.230181,-0.115017,1.499057,0.161613,-0.331544,-0.084783
3.1000,-0.186746,-0.219139,-0.044635,1.267348,0.165240,-0.325889,-0.080165
3.1333,-0.188077,-0.208402,0.001526,1.302230,0.158810,-0.318060,-0.085409
3.1667,-0.189350,-0.200964,0.029131,1.325228,0.154570,-0.313097,-0.088312
3.2000,-0.190582,-0.195870,0.038422,1.367811,0.146111,-0.310985,-0.092094
3.2333,-0.150905,-0.178751,0.068907,1.290410,0.140906,-0.299363,-0.093472
3.2667,-0.117955,-0.185449,0.102401,1.234035,0.134827,-0.299970,-0.093008
3.3000,-0.129643,-0.191871,0.112859,1.310842,0.124954,-0.305578,-0.097137
3.3333,-0.138911,-0.219124,0.100750,1.348832,0.122046,-0.322129,-0.095488
3.3667,-0.158119,-0.237960,0.061838,1.413021,0.118777,-0.335317,-0.094452
3.4000,-0.139830,-0.234225,0.037849,1.425431,0.105994,-0.334816,-0.097332
3.4333,-0.120201,-0.230239,0.025528,1.431296,0.093815,-0.333570,-0.099741
3.4667,-0.070686,-0.235793,0.039465,1.333856,0.088029,-0.335263,-0.098647
3.5000,-0.073440,-0.232786,0.045026,1.361546,0.083448,-0.334009,-0.100483
3.5333,-0.068512,-0.227531,0.044691,1.371127,0.078580,-0.331504,-0.101977
3.5667,-0.072405,-0.228987,0.033438,1.396979,0.074993,-0.333136,-0.102549
3.6000,-0.094738,-0.218144,-0.003993,1.471721,0.070704,-0.328895,-0.105552
3.6333,-0.087586,-0.211333,-0.034371,1.477843,0.065220,-0.325694,-0.106229
3.6667,-0.074538,-0.178679,-0.055326,1.479716,0.057391,-0.308389,-0.110326
3.7000,-0.062706,-0.161961,-0.067237,1.475158,0.051753,-0.299609,-0.112231
3.7333,-0.051874,-0.161432,-0.071909,1.467435,0.047465,-0.299621,-0.112592
3.7667,-0.043000,-0.154050,-0.073005,1.465697,0.042908,-0.295744,-0.113742
3.8000,-0.041988,-0.153543,-0.079110,1.481640,0.038755,-0.295446,-0.114640
3.8333,-0.035889,-0.147338,-0.079338,1.484354,0.034699,-0.292009,-0.115121
3.8667,-0.027884,-0.138337,-0.083049,1.476452,0.031988,-0.287252,-0.115544
3.9000,-0.023349,-0.137516,-0.082426,1.470756,0.030766,-0.286941,-0.115818
3.9333,-0.008707,-0.143263,-0.073705,1.446094,0.028210,-0.290356,-0.115053
3.9667,0.006882,-0.140430,-0.055546,1.420770,0.025313,-0.288761,-0.115389
4.0000,0.025604,-0.128926,-0.027236,1.387979,0.022393,-0.281872,-0.116117
4.0333,0.028695,-0.127523,-0.026457,1.389250,0.020340,-0.281074,-0.116426
4.0667,0.031125,-0.129968,-0.025957,1.390165,0.018788,-0.282474,-0.116292
4.1000,0.033985,-0.125497,-0.024423,1.391205,0.017015,-0.279923,-0.116663
4.1333,0.034220,-0.129701,-0.024081,1.391261,0.016862,-0.282307,-0.116434
4.1667,0.016721,-0.134359,-0.023108,1.434060,0.016874,-0.284565,-0.116889
4.2000,0.009633,-0.137637,-0.029875,1.444717,0.018385,-0.286442,-0.116551
4.2333,-0.009337,-0.143749,-0.049417,1.481644,0.020563,-0.289921,-0.116855
4.2667,-0.016994,-0.150820,-0.067523,1.488052,0.023352,-0.293893,-0.115730
4.3000,-0.022364,-0.152413,-0.081519,1.493028,0.025208,-0.294850,-0.115534
4.3333,-0.039224,-0.179950,-0.093186,1.498033,0.033556,-0.309961,-0.113019
4.3667,-0.056790,-0.214314,-0.102066,1.499296,0.043157,-0.328607,-0.108561
4.4000,-0.060582,-0.209056,-0.107795,1.499452,0.045181,-0.325634,-0.108404
4.4333,-0.065993,-0.212751,-0.111340,1.498854,0.048347,-0.327630,-0.107713
4.4667,-0.062181,-0.197070,-0.113931,1.500180,0.045851,-0.319072,-0.109347
4.5000,-0.064773,-0.188184,-0.114530,1.497669,0.047840,-0.314245,-0.110069
4.5333,-0.074006,-0.208337,-0.088751,1.411964,0.072269,-0.325719,-0.103809
4.5667,-0.055326,-0.200272,-0.012455,1.248129,0.098281,-0.318001,-0.098100
4.6000,-0.119646,-0.197275,0.034478,1.267203,0.129223,-0.311873,-0.093609
4.6333,-0.205220,-0.161534,0.070487,1.305163,0.166738,-0.288298,-0.088399
4.6667,-0.174288,-0.141926,0.111534,1.226509,0.165889,-0.273329,-0.087828
4.7000,-0.177622,-0.152563,0.131511,1.249125,0.163068,-0.278627,-0.089093
4.7333,-0.112886,-0.179735,0.166719,1.152655,0.147930,-0.288202,-0.087831
4.7667,-0.093126,-0.193096,0.181257,1.170491,0.133728,-0.295891,-0.091465
4.8000,-0.041728,-0.219966,0.217709,1.065196,0.126570,-0.301894,-0.086293
4.8333,-0.107012,-0.212845,0.244493,1.133474,0.147357,-0.298133,-0.085607
4.8667,-0.106079,-0.220401,0.261349,1.103612,0.152182,-0.298363,-0.082370
4.9000,-0.099494,-0.235950,0.273524,1.089699,0.151091,-0.304570,-0.080771
4.9333,-0.091851,-0.251353,0.282496,1.083625,0.148007,-0.311603,-0.079955
4.9667,-0.056897,-0.283346,0.299008,1.037166,0.137798,-0.323887,-0.077239
5.0000,-0.018729,-0.324063,0.319801,0.956007,0.131844,-0.336207,-0.070033
5.0333,-0.059158,-0.324745,0.336795,1.012942,0.142188,-0.338926,-0.070962
5.0667,-0.083060,-0.326806,0.345701,1.026439,0.151984,-0.339534,-0.068921
5.1000,-0.100844,-0.326589,0.351060,1.026022,0.161161,-0.338114,-0.066412
5.1333,-0.120577,-0.325780,0.357834,1.042486,0.168289,-0.337927,-0.065263
5.1667,-0.132006,-0.322280,0.360841,1.033564,0.175609,-0.334329,-0.062894
5.2000,-0.105795,-0.348643,0.372272,0.967651,0.172866,-0.340531,-0.057416
5.2333,-0.110653,-0.347733,0.375078,0.966307,0.175503,-0.339417,-0.056804
5.2667,-0.119335,-0.337262,0.386222,0.947921,0.182393,-0.330366,-0.055025
5.3000,-0.130918,-0.321875,0.392186,0.940563,0.189188,-0.320507,-0.054335
5.3333,-0.132462,-0.312410,0.407772,0.913948,0.193255,-0.310749,-0.052519
5.3667,-0.141764,-0.301446,0.420781,0.922898,0.195878,-0.304273,-0.053744
5.4000,-0.146038,-0.303855,0.430111,0.942636,0.194512,-0.306569,-0.055481
5.4333,-0.137574,-0.306355,0.438450,0.934033,0.191065,-0.306272,-0.055993
5.4667,-0.130165,-0.302971,0.444122,0.933442,0.187090,-0.304199,-0.057873
5.5000,-0.116515,-0.311554,0.455059,0.907888,0.183506,-0.304853,-0.056924
5.5333,-0.105699,-0.320197,0.465057,0.890723,0.180065,-0.306442,-0.056381
5.5667,-0.093766,-0.331084,0.475859,0.861395,0.177746,-0.307482,-0.054340
5.6000,-0.092825,-0.328258,0.480391,0.862756,0.176826,-0.305754,-0.055320
5.6333,-0.088024,-0.329358,0.489596,0.853643,0.175073,-0.304220,-0.055242
5.6667,-0.081603,-0.335531,0.497583,0.846835,0.172300,-0.305748,-0.055290
5.7000,-0.078783,-0.333001,0.500400,0.847138,0.170597,-0.304257,-0.056259
5.7333,-0.072127,-0.345053,0.503070,0.855515,0.165945,-0.311433,-0.057289
5.7667,-0.069286,-0.348538,0.508083,0.863265,0.163010,-0.313728,-0.058475
5.8000,-0.064227,-0.346125,0.511970,0.862975,0.160151,-0.312204,-0.059546
5.8333,-0.059310,-0.346058,0.515195,0.865047,0.157138,-0.312283,-0.060767
5.8667,-0.053973,-0.341029,0.522075,0.860547,0.154559,-0.308543,-0.061836
5.9000,-0.049710,-0.339396,0.525558,0.860792,0.152096,-0.307514,-0.062844
5.9333,-0.045040,-0.339316,0.531022,0.857185,0.149840,-0.306523,-0.063362
5.9667,-0.039359,-0.343481,0.536898,0.845558,0.148215,-0.306560,-0.062733
6.0000,-0.034628,-0.349056,0.541101,0.842322,0.145971,-0.308595,-0.062718
6.0333,-0.029803,-0.350202,0.547653,0.834168,0.144199,-0.307449,-0.062702
6.0667,-0.027357,-0.353312,0.553625,0.822049,0.144238,-0.306701,-0.061671
6.1000,-0.024508,-0.354549,0.557677,0.819990,0.142764,-0.306649,-0.061925
6.1333,-0.025037,-0.353292,0.563147,0.813046,0.143583,-0.304372,-0.061464
6.1667,-0.023460,-0.357595,0.570646,0.793688,0.144897,-0.302944,-0.059466
6.2000,-0.022235,-0.361805,0.575553,0.786119,0.144907,-0.303399,-0.058598
6.2333,-0.018922,-0.360548,0.584339,0.764875,0.145368,-0.298794,-0.057145
6.2667,-0.015516,-0.352809,0.598102,0.737499,0.146054,-0.289479,-0.055735
6.3000,-0.013988,-0.353778,0.611230,0.696536,0.149254,-0.282479,-0.051392
6.3333,-0.009744,-0.351268,0.625402,0.663115,0.149784,-0.274777,-0.048500
6.3667,-0.007971,-0.352867,0.638935,0.637077,0.150531,-0.270074,-0.045855
6.4000,-0.009719,-0.361851,0.650116,0.607703,0.153426,-0.268571,-0.041572
6.4333,-0.013578,-0.376294,0.659786,0.571758,0.157966,-0.268744,-0.035548
6.4667,-0.016913,-0.384935,0.668784,0.546439,0.160996,-0.267732,-0.031329
6.5000,-0.019395,-0.396991,0.680615,0.509057,0.164238,-0.266126,-0.025428
6.5333,-0.024370,-0.398862,0.688646,0.502680,0.166105,-0.264707,-0.024077
6.5667,-0.029085,-0.407228,0.697525,0.484572,0.168698,-0.264441,-0.020636
6.6000,-0.030922,-0.411640,0.698815,0.484516,0.169416,-0.266265,-0.020152
6.6333,-0.037327,-0.413246,0.705602,0.492008,0.170884,-0.266815,-0.020722
6.6667,-0.043596,-0.414427,0.711769,0.501144,0.172222,-0.267597,-0.021419
6.7000,-0.047032,-0.417836,0.714871,0.503829,0.173182,-0.269000,-0.021227
6.7333,-0.050333,-0.420228,0.718061,0.506748,0.174061,-0.269966,-0.021186
6.7667,-0.053996,-0.421285,0.719059,0.506286,0.175696,-0.270088,-0.020434
6.8000,-0.058262,-0.423506,0.725423,0.523733,0.175383,-0.272749,-0.022636
6.8333,-0.062009,-0.425894,0.727399,0.527029,0.176611,-0.273943,-0.022478
6.8667,-0.065123,-0.428641,0.729202,0.529524,0.177616,-0.275230,-0.022223
6.9000,-0.067783,-0.432342,0.729016,0.529914,0.178876,-0.276979,-0.021483
6.9333,-0.070433,-0.434681,0.729200,0.530502,0.180054,-0.277991,-0.020999
6.9667,-0.074864,-0.436432,0.731918,0.536183,0.181264,-0.279102,-0.021130
7.0000,-0.079985,-0.435231,0.735934,0.550070,0.181996,-0.279990,-0.022584
7.0333,-0.084861,-0.434659,0.738938,0.560550,0.183018,-0.280785,-0.023444
7.0667,-0.088795,-0.440095,0.738096,0.564625,0.184670,-0.283926,-0.022879
7.1000,-0.091161,-0.447311,0.737746,0.561086,0.186072,-0.286658,-0.021237
7.1333,-0.094406,-0.448557,0.737308,0.560860,0.187748,-0.287130,-0.020529
7.1667,-0.097831,-0.449164,0.737749,0.561663,0.189171,-0.287305,-0.020035
7.2000,-0.101029,-0.449017,0.738392,0.563846,0.190416,-0.287357,-0.019845
7.2333,-0.104136,-0.448734,0.739526,0.572543,0.191025,-0.288351,-0.020596
7.2667,-0.106442,-0.448737,0.740391,0.581109,0.191298,-0.289535,-0.021405
7.3000,-0.109227,-0.447712,0.741114,0.586536,0.192049,-0.289713,-0.021744
7.3333,-0.111868,-0.447596,0.741354,0.592895,0.192736,-0.290546,-0.022148
7.3667,-0.114378,-0.447197,0.741466,0.597910,0.193477,-0.291045,-0.022387
7.4000,-0.116219,-0.446120,0.741746,0.603266,0.193859,-0.291293,-0.022879
7.4333,-0.117125,-0.444675,0.742197,0.607476,0.193866,-0.291202,-0.023418
7.4667,-0.117215,-0.444224,0.742407,0.612838,0.193437,-0.291847,-0.024176
7.5000,-0.117480,-0.446556,0.741339,0.624448,0.192715,-0.295003,-0.025363
7.5333,-0.117546,-0.449871,0.739438,0.637683,0.191843,-0.299023,-0.026622
7.5667,-0.116417,-0.454275,0.737419,0.646845,0.190761,-0.302967,-0.027444
7.6000,-0.115327,-0.455958,0.735844,0.655201,0.189676,-0.305420,-0.028406
7.6333,-0.114275,-0.457431,0.734120,0.660233,0.188901,-0.307223,-0.028909
7.6667,-0.112992,-0.457336,0.733904,0.661512,0.188183,-0.307492,-0.029331
7.7000,-0.111886,-0.457178,0.733654,0.662388,0.187592,-0.307640,-0.029609
7.7333,-0.110848,-0.456409,0.733549,0.662801,0.187058,-0.307385,-0.029898
7.7667,-0.109680,-0.455586,0.733499,0.663693,0.186432,-0.307209,-0.030338
7.8000,-0.108589,-0.454481,0.732972,0.665351,0.185824,-0.307076,-0.030781
7.8333,-0.107338,-0.453768,0.732381,0.667204,0.185115,-0.307174,-0.031263
7.8667,-0.105516,-0.452414,0.732096,0.669637,0.184045,-0.307054,-0.032019
7.9000,-0.103486,-0.450843,0.731909,0.671811,0.182874,-0.306779,-0.032783
7.9333,-0.101333,-0.449811,0.732147,0.672901,0.181666,-0.306530,-0.033441
7.9667,-0.099037,-0.449573,0.732207,0.673249,0.180482,-0.306573,-0.033826
8.0000,-0.096484,-0.449151,0.732380,0.672909,0.179234,-0.306395,-0.034226
8.0333,-0.093547,-0.448357,0.732264,0.671787,0.177987,-0.305984,-0.034683
8.0667,-0.090996,-0.447241,0.732675,0.671859,0.176663,-0.305513,-0.035309
8.1000,-0.088648,-0.446012,0.733082,0.671731,0.175489,-0.304954,-0.035832
8.1333,-0.085308,-0.445274,0.733178,0.670520,0.174008,-0.304553,-0.036294
8.1667,-0.081987,-0.444379,0.733782,0.670567,0.172267,-0.304194,-0.037009
8.2000,-0.078298,-0.443378,0.734519,0.671989,0.170280,-0.304047,-0.038051
8.2333,-0.074905,-0.442626,0.734687,0.675643,0.168318,-0.304435,-0.039122
8.2667,-0.071587,-0.441725,0.734335,0.681714,0.166118,-0.305194,-0.040424
8.3000,-0.067282,-0.440959,0.734044,0.687082,0.163487,-0.305935,-0.041783
8.3333,-0.063470,-0.439085,0.733835,0.691764,0.161148,-0.305991,-0.043094
8.3667,-0.060311,-0.437079,0.733396,0.698983,0.158893,-0.306406,-0.044619
8.4000,-0.057287,-0.435122,0.732778,0.704624,0.156857,-0.306585,-0.045860
8.4333,-0.054987,-0.432618,0.732024,0.711353,0.155080,-0.306666,-0.047188
8.4667,-0.053416,-0.428915,0.730574,0.720411,0.153456,-0.306586,-0.048689
8.5000,-0.052172,-0.427614,0.729001,0.725651,0.152434,-0.307048,-0.049499
8.5333,-0.051469,-0.426180,0.727285,0.729849,0.151799,-0.307262,-0.050097
8.5667,-0.051706,-0.424805,0.725291,0.735414,0.151517,-0.307728,-0.050718
8.6000,-0.052488,-0.422741,0.723292,0.739930,0.151608,-0.307654,-0.051179
8.6333,-0.054145,-0.419766,0.721324,0.743389,0.152249,-0.306918,-0.051490
8.6667,-0.056592,-0.415938,0.719434,0.746440,0.153322,-0.305651,-0.051736
8.7000,-0.059994,-0.414330,0.717575,0.747098,0.155144,-0.305039,-0.051351
8.7333,-0.063806,-0.413887,0.716108,0.746354,0.157348,-0.304700,-0.050613
8.7667,-0.068460,-0.413437,0.713784,0.746538,0.159828,-0.304589,-0.049860
8.8000,-0.074165,-0.414058,0.711022,0.744763,0.163138,-0.304669,-0.048489
8.8333,-0.079951,-0.415553,0.708100,0.742890,0.166526,-0.305181,-0.047027
8.8667,-0.086405,-0.416053,0.704698,0.746586,0.169704,-0.306150,-0.046242
8.9000,-0.092315,-0.417927,0.701682,0.746327,0.172958,-0.307104,-0.044817
8.9333,-0.098035,-0.417556,0.698687,0.747858,0.175923,-0.307254,-0.043898
8.9667,-0.103203,-0.416893,0.695913,0.749762,0.178544,-0.307318,-0.043133
9.0000,-0.109290,-0.413461,0.692965,0.757894,0.180944,-0.307010,-0.043207
9.0333,-0.115059,-0.406944,0.690772,0.764045,0.183296,-0.304769,-0.043418
9.0667,-0.119978,-0.399098,0.689100,0.769073,0.185290,-0.301656,-0.043793
9.1000,-0.123854,-0.392318,0.686391,0.784636,0.185704,-0.300926,-0.045414
9.1333,-0.126074,-0.390557,0.683250,0.790296,0.186447,-0.301200,-0.045629
9.1667,-0.130895,-0.375674,0.679155,0.824724,0.185181,-0.299506,-0.049889
9.2000,-0.137212,-0.358104,0.673646,0.857876,0.184779,-0.296211,-0.053814
9.2333,-0.141183,-0.341974,0.666974,0.883981,0.184035,-0.292629,-0.057080
9.2667,-0.146223,-0.327805,0.658929,0.905740,0.184399,-0.289352,-0.059388
9.3000,-0.147814,-0.321553,0.650791,0.920508,0.183916,-0.289161,-0.060856
9.3333,-0.147872,-0.317826,0.643825,0.928432,0.183428,-0.289142,-0.061682
9.3667,-0.146728,-0.318075,0.637788,0.933415,0.182657,-0.290680,-0.062110
9.4000,-0.144817,-0.317813,0.632020,0.939879,0.181272,-0.292187,-0.062914
9.4333,-0.143661,-0.318831,0.627393,0.943537,0.180543,-0.293773,-0.063192
9.4667,-0.142731,-0.319651,0.622817,0.947110,0.179930,-0.295226,-0.063451
9.5000,-0.140844,-0.320629,0.618382,0.950846,0.178787,-0.296812,-0.063874
9.5333,-0.139252,-0.320804,0.614109,0.954393,0.177798,-0.297924,-0.064312
9.5667,-0.138195,-0.320136,0.609985,0.957927,0.177062,-0.298556,-0.064748
9.6000,-0.137845,-0.318421,0.604650,0.962211,0.176642,-0.298835,-0.065160
9.6333,-0.138022,-0.316719,0.599369,0.965921,0.176565,-0.299004,-0.065437
9.6667,-0.137990,-0.317745,0.597755,0.966799,0.176546,-0.299849,-0.065371
9.7000,-0.137585,-0.317664,0.596414,0.967070,0.176364,-0.299964,-0.065363
9.7333,-0.139373,-0.309723,0.591238,0.971047,0.177042,-0.296853,-0.066044
9.7667,-0.142291,-0.306777,0.583848,0.978121,0.177992,-0.296927,-0.066227
9.8000,-0.147087,-0.304388,0.576157,0.986250,0.179759,-0.297371,-0.066150
9.8333,-0.154134,-0.299803,0.567326,0.997879,0.182193,-0.297149,-0.066180
9.8667,-0.159369,-0.296885,0.559619,1.004881,0.184293,-0.297092,-0.065931
9.9000,-0.167111,-0.290454,0.549811,1.018088,0.186823,-0.296118,-0.066108
9.9333,-0.173493,-0.285115,0.542487,1.024033,0.189581,-0.294512,-0.065785
9.9667,-0.179368,-0.281216,0.535185,1.028898,0.192225,-0.293514,-0.065275
10.0000,-0.183564,-0.274492,0.531230,1.029694,0.194407,-0.290251,-0.065038
10.0333,-0.187673,-0.270472,0.525920,1.032898,0.196270,-0.288853,-0.064760
10.0667,-0.190495,-0.271321,0.524314,1.032236,0.197926,-0.289222,-0.063940
10.1000,-0.193988,-0.271179,0.522843,1.031224,0.199946,-0.288950,-0.063131
10.1333,-0.197645,-0.265582,0.521402,1.027577,0.202259,-0.285456,-0.062375
10.1667,-0.202259,-0.265965,0.518907,1.025321,0.205078,-0.285352,-0.061121
10.2000,-0.205746,-0.265325,0.516844,1.022832,0.207297,-0.284689,-0.060101
10.2333,-0.207941,-0.263502,0.514507,1.019486,0.208998,-0.283391,-0.059343
10.2667,-0.209419,-0.261789,0.512480,1.016565,0.210264,-0.282221,-0.058783
10.3000,-0.210745,-0.260125,0.511307,1.014313,0.211297,-0.281089,-0.058330
10.3333,-0.211781,-0.258991,0.510174,1.012166,0.212176,-0.280264,-0.057913
10.3667,-0.212797,-0.258344,0.509600,1.011181,0.212881,-0.279785,-0.057635
10.4000,-0.213795,-0.258160,0.508962,1.010171,0.213552,-0.279569,-0.057285
10.4333,-0.214661,-0.258831,0.508195,1.009503,0.214138,-0.279877,-0.056960
10.4667,-0.215294,-0.258526,0.507168,1.007731,0.214739,-0.279536,-0.056600
10.5000,-0.215378,-0.258288,0.505847,1.005380,0.215200,-0.279230,-0.056287
10.5333,-0.215448,-0.258008,0.504696,1.003171,0.215619,-0.278904,-0.055995
10.5667,-0.215410,-0.258205,0.503611,1.000664,0.216021,-0.278787,-0.055635
10.6000,-0.214850,-0.260021,0.502142,0.997364,0.216330,-0.279482,-0.055163
10.6333,-0.214139,-0.261211,0.501230,0.995689,0.216290,-0.280016,-0.054987
10.6667,-0.212878,-0.263636,0.500041,0.992715,0.216188,-0.281082,-0.054645
10.7000,-0.212268,-0.264648,0.499398,0.990392,0.216265,-0.281404,-0.054376
10.7333,-0.211685,-0.264756,0.499054,0.988238,0.216313,-0.281249,-0.054228
10.7667,-0.211552,-0.264594,0.498992,0.987597,0.216336,-0.281089,-0.054176
10.8000,-0.211401,-0.264288,0.498974,0.986973,0.216350,-0.280857,-0.054162
10.8333,-0.211065,-0.264222,0.498940,0.986460,0.216255,-0.280783,-0.054175
10.8667,-0.210465,-0.265163,0.498737,0.986189,0.216014,-0.281310,-0.054176
10.9000,-0.209736,-0.265679,0.498638,0.986108,0.215687,-0.281615,-0.054304
10.9333,-0.208638,-0.265939,0.498633,0.986119,0.215138,-0.281810,-0.054517
10.9667,-0.207409,-0.265700,0.498745,0.985929,0.214534,-0.281706,-0.054756
11.0000,-0.205822,-0.263701,0.499190,0.983902,0.214014,-0.280451,-0.055024
11.0333,-0.203958,-0.262391,0.499629,0.982788,0.213200,-0.279681,-0.055381
11.0667,-0.201917,-0.262254,0.499883,0.981977,0.212288,-0.279592,-0.055724
11.1000,-0.199879,-0.262564,0.500068,0.981426,0.211352,-0.279777,-0.056067
11.1333,-0.197516,-0.262991,0.500312,0.980072,0.210367,-0.279929,-0.056367
11.1667,-0.194027,-0.263614,0.500696,0.978521,0.208832,-0.280200,-0.056835
11.2000,-0.189563,-0.265004,0.501177,0.975740,0.207001,-0.280754,-0.057312
11.2333,-0.184710,-0.265564,0.502015,0.973197,0.204909,-0.280890,-0.057969
11.2667,-0.180775,-0.266673,0.502747,0.970957,0.203243,-0.281310,-0.058428
11.3000,-0.176055,-0.270248,0.503392,0.965056,0.201734,-0.282578,-0.058368
11.3333,-0.171621,-0.273567,0.504347,0.959696,0.200276,-0.283735,-0.058372
11.3667,-0.168000,-0.275728,0.505713,0.954789,0.199122,-0.284261,-0.058380
11.4000,-0.165469,-0.277659,0.507311,0.947887,0.198771,-0.284320,-0.057942
11.4333,-0.161990,-0.282772,0.509878,0.933065,0.199060,-0.284926,-0.056539
11.4667,-0.157372,-0.285832,0.513169,0.924128,0.197849,-0.285206,-0.056239
11.5000,-0.153746,-0.282162,0.518773,0.909022,0.197772,-0.280900,-0.055612
11.5333,-0.152121,-0.290074,0.523833,0.881337,0.200516,-0.280797,-0.052076
11.5667,-0.147941,-0.298026,0.530701,0.857929,0.201195,-0.281136,-0.049622
11.6000,-0.144404,-0.303168,0.536163,0.850358,0.200102,-0.282258,-0.049192
11.6333,-0.138909,-0.298602,0.540668,0.849990,0.197081,-0.279645,-0.050789
11.6667,-0.140371,-0.289908,0.549455,0.834720,0.199042,-0.272066,-0.049550
11.7000,-0.139655,-0.301363,0.555327,0.816797,0.200621,-0.274735,-0.046807
11.7333,-0.137768,-0.308647,0.559672,0.809178,0.200358,-0.276912,-0.045822
11.7667,-0.141841,-0.311495,0.566093,0.791095,0.204058,-0.274839,-0.042739
11.8000,-0.143877,-0.318784,0.568576,0.788465,0.205223,-0.277697,-0.041599
11.8333,-0.147836,-0.313911,0.576201,0.800841,0.205028,-0.275858,-0.043368
11.8667,-0.153343,-0.320858,0.580008,0.788098,0.208882,-0.276762,-0.040121
11.9000,-0.164928,-0.340438,0.584766,0.727176,0.220951,-0.276546,-0.028036
11.9333,-0.172764,-0.346705,0.591296,0.707098,0.226145,-0.275437,-0.023379
11.9667,-0.178650,-0.351948,0.592626,0.705831,0.228956,-0.277297,-0.021630
12.0000,-0.185993,-0.369973,0.593436,0.694416,0.233513,-0.283837,-0.016867
12.0333,-0.193542,-0.383984,0.595261,0.678483,0.238412,-0.287550,-0.011720
12.0667,-0.200082,-0.392945,0.598835,0.662867,0.242535,-0.288653,-0.007373
12.1000,-0.208949,-0.406406,0.602861,0.633644,0.248733,-0.289591,-0.000006
12.1333,-0.215480,-0.409647,0.606608,0.627002,0.251835,-0.289203,0.002562
12.1667,-0.219997,-0.407070,0.613917,0.641053,0.252060,-0.288867,0.000595
12.2000,-0.224057,-0.403510,0.619199,0.646984,0.252852,-0.287122,-0.000062
12.2333,-0.226912,-0.419134,0.622397,0.611440,0.256553,-0.288462,0.007314
12.2667,-0.232572,-0.430137,0.626977,0.586341,0.260429,-0.288779,0.013160
12.3000,-0.238283,-0.456391,0.627421,0.537909,0.266049,-0.292974,0.024616
12.3333,-0.241208,-0.476352,0.630852,0.509143,0.268650,-0.296903,0.031503
12.3667,-0.243387,-0.501738,0.630066,0.493075,0.270546,-0.305734,0.037366
12.4000,-0.244904,-0.531266,0.630420,0.439377,0.273620,-0.310039,0.049433
12.4333,-0.244778,-0.543509,0.635356,0.412454,0.274057,-0.310355,0.054491
12.4667,-0.246479,-0.565195,0.639391,0.354942,0.276029,-0.309680,0.066079
12.5000,-0.249611,-0.575018,0.645790,0.300396,0.277504,-0.303948,0.076096
12.5333,-0.253120,-0.581206,0.654291,0.256741,0.278225,-0.298169,0.083797
12.5667,-0.258005,-0.592218,0.660833,0.214071,0.279219,-0.294696,0.092509
12.6000,-0.262327,-0.601911,0.668237,0.178569,0.279566,-0.291724,0.099618
12.6333,-0.266420,-0.608952,0.676776,0.148944,0.279491,-0.288482,0.105248
12.6667,-0.270355,-0.612850,0.683450,0.122390,0.279386,-0.284782,0.110313
12.7000,-0.271781,-0.614530,0.688729,0.117954,0.279124,-0.283939,0.110853
12.7333,-0.272373,-0.614631,0.694784,0.123140,0.278787,-0.283898,0.109207
12.7667,-0.273189,-0.614614,0.700477,0.126338,0.278409,-0.283544,0.108112
12.8000,-0.273412,-0.615716,0.702838,0.125895,0.278112,-0.283569,0.108075
12.8333,-0.274161,-0.614337,0.711259,0.138003,0.277649,-0.283695,0.104888
12.8667,-0.275668,-0.611907,0.719119,0.147596,0.277360,-0.283064,0.102383
12.9000,-0.277578,-0.608629,0.726546,0.158006,0.277271,-0.282263,0.099835
12.9333,-0.278537,-0.607630,0.728757,0.156667,0.277226,-0.281256,0.099990
12.9667,-0.279451,-0.606153,0.731153,0.155454,0.277204,-0.280101,0.099967
13.0000,-0.281134,-0.605219,0.735102,0.150393,0.277123,-0.278378,0.100674
13.0333,-0.282516,-0.606385,0.738251,0.144087,0.277018,-0.277371,0.101796
13.0667,-0.282936,-0.606704,0.740031,0.143121,0.276922,-0.277079,0.101832
13.1000,-0.283455,-0.606747,0.741853,0.142824,0.276880,-0.276779,0.101741
13.1333,-0.284585,-0.609556,0.744215,0.139350,0.276851,-0.276983,0.102578
13.1667,-0.285968,-0.611218,0.746814,0.136270,0.276913,-0.276735,0.103241
13.2000,-0.287754,-0.612798,0.749174,0.133437,0.277142,-0.276494,0.104001
13.2333,-0.289825,-0.614307,0.751337,0.130141,0.277470,-0.276161,0.104941
13.2667,-0.291348,-0.613792,0.752716,0.130084,0.277861,-0.275644,0.105081
13.3000,-0.293528,-0.613125,0.755538,0.134417,0.278360,-0.275554,0.104458
13.3333,-0.295438,-0.612689,0.758174,0.138567,0.278771,-0.275547,0.103880
13.3667,-0.297414,-0.610706,0.762565,0.148211,0.279099,-0.275551,0.102049
13.4000,-0.299352,-0.610034,0.764783,0.154646,0.279677,-0.275862,0.101098
13.4333,-0.301977,-0.608880,0.766724,0.158670,0.280401,-0.275592,0.100796
13.4667,-0.304792,-0.607085,0.768691,0.164272,0.281261,-0.275297,0.100191
13.5000,-0.306972,-0.606091,0.770430,0.169408,0.281900,-0.275325,0.099621
13.5333,-0.309065,-0.605280,0.771971,0.175039,0.282560,-0.275535,0.098978
13.5667,-0.311136,-0.604595,0.774116,0.184709,0.283192,-0.276358,0.097637
13.6000,-0.312868,-0.604809,0.775680,0.192363,0.283763,-0.277332,0.096671
13.6333,-0.313910,-0.606628,0.775982,0.197459,0.284240,-0.278767,0.096220
13.6667,-0.313594,-0.610870,0.775721,0.203565,0.284322,-0.281520,0.095561
13.7000,-0.313144,-0.613999,0.775725,0.210486,0.284333,-0.283937,0.094601
13.7333,-0.313583,-0.613549,0.776800,0.224844,0.284595,-0.285916,0.092258
13.7667,-0.314051,-0.612148,0.777855,0.234691,0.284765,-0.286788,0.090559
13.8000,-0.314784,-0.609608,0.778966,0.244965,0.285025,-0.287243,0.088737
13.8333,-0.314946,-0.609827,0.779032,0.254578,0.285197,-0.288899,0.087288
13.8667,-0.314904,-0.605708,0.780486,0.265901,0.285112,-0.288896,0.084891
13.9000,-0.313597,-0.599036,0.783021,0.284277,0.284457,-0.288964,0.080642
13.9333,-0.312318,-0.598352,0.783365,0.290078,0.283970,-0.289701,0.079281
13.9667,-0.310920,-0.600353,0.782732,0.294613,0.283547,-0.291481,0.078506
14.0000,-0.308922,-0.600141,0.782690,0.301937,0.282825,-0.292772,0.076833
14.0333,-0.306357,-0.597616,0.783503,0.310628,0.281775,-0.293265,0.074429
14.0667,-0.303015,-0.593313,0.785014,0.324228,0.280316,-0.293810,0.070786
14.1000,-0.299864,-0.582620,0.787474,0.364140,0.278535,-0.295979,0.062485
14.1333,-0.295101,-0.572799,0.789224,0.394659,0.276032,-0.297104,0.055441
14.1667,-0.291611,-0.562845,0.790063,0.413982,0.274159,-0.296218,0.050547
14.2000,-0.288326,-0.542491,0.793970,0.432882,0.271848,-0.290214,0.044385
14.2333,-0.279593,-0.537494,0.794535,0.450264,0.267774,-0.291521,0.039015
14.2667,-0.273251,-0.524361,0.796499,0.472550,0.264206,-0.289655,0.032627
14.3000,-0.265687,-0.512724,0.799287,0.477677,0.260438,-0.285433,0.028594
14.3333,-0.255915,-0.477113,0.808341,0.498060,0.254079,-0.272164,0.019257
14.3667,-0.236589,-0.453779,0.813655,0.563083,0.242042,-0.272989,0.002869
14.4000,-0.222844,-0.452616,0.815199,0.567216,0.235551,-0.273827,-0.001104
14.4333,-0.201041,-0.453833,0.815508,0.582654,0.224954,-0.278332,-0.008039
14.4667,-0.183930,-0.446012,0.816488,0.604884,0.215649,-0.279314,-0.015441
14.5000,-0.166814,-0.436867,0.817340,0.624630,0.206242,-0.279177,-0.022328
14.5333,-0.148392,-0.434335,0.814274,0.657462,0.195542,-0.284942,-0.030081
14.5667,-0.128690,-0.424580,0.809862,0.702140,0.182892,-0.289400,-0.039626
14.6000,-0.112227,-0.410751,0.803737,0.747950,0.171290,-0.291950,-0.048521
14.6333,-0.098232,-0.388056,0.795392,0.788200,0.161113,-0.289027,-0.056577
14.6667,-0.084521,-0.377539,0.785928,0.814192,0.152416,-0.289694,-0.061776
14.7000,-0.071012,-0.371983,0.777576,0.830761,0.144559,-0.291053,-0.065457
14.7333,-0.067546,-0.362082,0.765862,0.847959,0.141942,-0.290208,-0.067904
14.7667,-0.066840,-0.350275,0.756867,0.855015,0.141598,-0.286277,-0.069253
14.8000,-0.068212,-0.343663,0.751260,0.856378,0.142672,-0.283630,-0.069482
14.8333,-0.069274,-0.336589,0.744117,0.860274,0.143413,-0.281324,-0.069951
14.8667,-0.071049,-0.326877,0.735827,0.869473,0.143950,-0.278609,-0.071011
14.9000,-0.073716,-0.321991,0.730500,0.870280,0.145694,-0.276663,-0.070825
14.9333,-0.077684,-0.315247,0.721985,0.878615,0.147450,-0.275240,-0.071256
14.9667,-0.081173,-0.309818,0.715336,0.882918,0.149277,-0.273665,-0.071305
15.0000,-0.087835,-0.298025,0.708272,0.887552,0.152657,-0.268767,-0.071292
15.0333,-0.094249,-0.293629,0.700017,0.894419,0.155760,-0.268147,-0.071016
15.0667,-0.100461,-0.291923,0.694560,0.894753,0.159343,-0.267613,-0.069984
15.1000,-0.105584,-0.291126,0.687810,0.898518,0.162051,-0.268253,-0.069385
15.1333,-0.109311,-0.294969,0.683347,0.900107,0.164161,-0.270779,-0.068551
15.1667,-0.110750,-0.298416,0.676423,0.905335,0.164828,-0.273998,-0.068353
15.2000,-0.112167,-0.305682,0.671643,0.907538,0.165712,-0.278510,-0.067623
15.2333,-0.115454,-0.308612,0.662967,0.916581,0.166951,-0.282140,-0.067501
15.2667,-0.120209,-0.309803,0.657421,0.918726,0.169549,-0.283431,-0.066630
15.3000,-0.126127,-0.306718,0.648296,0.929599,0.171816,-0.284142,-0.066646
15.3333,-0.132065,-0.305775,0.638734,0.938755,0.174339,-0.285718,-0.066276
15.3667,-0.135555,-0.307156,0.632009,0.942915,0.176076,-0.287563,-0.065732
15.4000,-0.139901,-0.306503,0.627140,0.944395,0.178448,-0.287726,-0.064996
15.4333,-0.143837,-0.305619,0.623896,0.943967,0.180732,-0.287338,-0.064178
15.4667,-0.148044,-0.303616,0.622285,0.941812,0.183301,-0.285889,-0.063199
15.5000,-0.151932,-0.302749,0.620548,0.939872,0.185638,-0.285157,-0.062271
15.5333,-0.155550,-0.300571,0.615472,0.943708,0.187288,-0.284964,-0.062159
15.5667,-0.159500,-0.297159,0.609564,0.948382,0.189041,-0.284277,-0.061957
15.6000,-0.162793,-0.295457,0.604693,0.951586,0.190604,-0.284187,-0.061643
15.6333,-0.165117,-0.296299,0.601819,0.952581,0.191856,-0.284939,-0.061136
15.6667,-0.168580,-0.294659,0.597102,0.955699,0.193489,-0.284836,-0.060765
15.7000,-0.171656,-0.293013,0.592557,0.958513,0.194951,-0.284684,-0.060435
15.7333,-0.174568,-0.291017,0.588219,0.961753,0.196254,-0.284397,-0.060232
15.7667,-0.176938,-0.289298,0.585029,0.963777,0.197374,-0.283991,-0.060026
15.8000,-0.178906,-0.287343,0.582017,0.965594,0.198293,-0.283431,-0.059878
15.8333,-0.180585,-0.284174,0.581380,0.964601,0.199291,-0.281556,-0.059629
15.8667,-0.181009,-0.283975,0.578380,0.967155,0.199342,-0.282152,-0.059766
15.9000,-0.182225,-0.283612,0.575344,0.969204,0.199865,-0.282491,-0.059660
15.9333,-0.182696,-0.284140,0.574184,0.969646,0.200127,-0.282931,-0.059512
15.9667,-0.182944,-0.284321,0.573130,0.970249,0.200244,-0.283199,-0.059496
16.0000,-0.183754,-0.283357,0.570344,0.972496,0.200506,-0.283238,-0.059553
16.0333,-0.183058,-0.283391,0.569457,0.973217,0.200096,-0.283485,-0.059717
16.0667,-0.182051,-0.282844,0.568731,0.973865,0.199534,-0.283404,-0.059996
16.1000,-0.181069,-0.280890,0.566445,0.976135,0.198875,-0.282987,-0.060510
16.1333,-0.179182,-0.280991,0.565720,0.977162,0.197790,-0.283359,-0.060941
16.1667,-0.176524,-0.280415,0.564295,0.979268,0.196282,-0.283623,-0.061682
16.2000,-0.174055,-0.279357,0.562946,0.980967,0.194867,-0.283565,-0.062356
16.2333,-0.170984,-0.275162,0.562344,0.980089,0.193393,-0.281454,-0.063039
16.2667,-0.166182,-0.275301,0.560369,0.978737,0.191279,-0.281770,-0.063656
16.3000,-0.159933,-0.275960,0.557900,0.977228,0.188514,-0.282457,-0.064509
16.3333,-0.153818,-0.277458,0.555525,0.974543,0.185965,-0.283396,-0.065086
16.3667,-0.147828,-0.281218,0.552930,0.972235,0.183463,-0.285579,-0.065496
16.4000,-0.137513,-0.291667,0.548634,0.967977,0.179208,-0.291336,-0.065809
16.4333,-0.127982,-0.295135,0.546343,0.961660,0.175455,-0.292937,-0.066370
16.4667,-0.114830,-0.305151,0.543822,0.948062,0.170977,-0.297100,-0.066106
16.5000,-0.103009,-0.319010,0.541266,0.937467,0.166750,-0.303566,-0.065514
16.5333,-0.091063,-0.327869,0.540574,0.928691,0.162012,-0.307480,-0.065570
16.5667,-0.081426,-0.344481,0.538335,0.918522,0.158786,-0.315195,-0.064171
16.6000,-0.074692,-0.355660,0.537566,0.906253,0.157249,-0.319533,-0.062682
16.6333,-0.066417,-0.371476,0.537117,0.887472,0.155873,-0.325292,-0.060189
16.6667,-0.058199,-0.383715,0.538892,0.864455,0.154960,-0.328332,-0.057687
16.7000,-0.052077,-0.388989,0.542602,0.847283,0.154073,-0.328354,-0.056366
16.7333,-0.047149,-0.391820,0.545685,0.841620,0.152146,-0.328792,-0.056312
16.7667,-0.043049,-0.397181,0.549031,0.830525,0.151406,-0.329639,-0.055284
16.8000,-0.041343,-0.398555,0.549820,0.830587,0.150437,-0.330321,-0.055413
16.8333,-0.039829,-0.408434,0.550828,0.824729,0.150461,-0.334277,-0.053845
16.8667,-0.038881,-0.418570,0.550637,0.831476,0.149080,-0.340340,-0.053519
16.9000,-0.037142,-0.425093,0.550547,0.833015,0.147940,-0.343830,-0.052944
16.9333,-0.035378,-0.429113,0.551440,0.838051,0.146264,-0.346518,-0.053277
16.9667,-0.034032,-0.429925,0.552403,0.839992,0.145210,-0.347136,-0.053580
17.0000,-0.033260,-0.428921,0.553221,0.839439,0.144781,-0.346446,-0.053717
17.0333,-0.032285,-0.427283,0.554673,0.841552,0.143920,-0.345874,-0.054500
17.0667,-0.032201,-0.424799,0.556499,0.845355,0.143178,-0.344999,-0.055318
17.1000,-0.031250,-0.422706,0.557881,0.847187,0.142310,-0.344108,-0.055981
17.1333,-0.030868,-0.420047,0.559790,0.852639,0.141157,-0.343382,-0.057001
17.1667,-0.030357,-0.416205,0.561762,0.861794,0.139384,-0.342609,-0.058555
17.2000,-0.029238,-0.404627,0.564923,0.878590,0.136054,-0.338980,-0.061972
17.2333,-0.028711,-0.397225,0.566562,0.882845,0.135011,-0.335731,-0.063457
17.2667,-0.028685,-0.391468,0.567358,0.891815,0.133579,-0.334054,-0.065051
17.3000,-0.029032,-0.382806,0.569027,0.890676,0.133795,-0.329331,-0.066022
17.3333,-0.030204,-0.372096,0.571199,0.885644,0.134953,-0.322909,-0.066625
17.3667,-0.030527,-0.361112,0.573969,0.878696,0.135940,-0.316066,-0.067252
17.4000,-0.031100,-0.354734,0.575732,0.876623,0.136426,-0.312343,-0.067801
17.4333,-0.031967,-0.350389,0.577053,0.877313,0.136697,-0.310084,-0.068360
17.4667,-0.032896,-0.347443,0.578033,0.878272,0.136954,-0.308587,-0.068670
17.5000,-0.034181,-0.345863,0.578618,0.879322,0.137413,-0.307824,-0.068782
17.5333,-0.034894,-0.346778,0.578494,0.880056,0.137694,-0.308401,-0.068664
17.5667,-0.035520,-0.348685,0.578277,0.882333,0.137690,-0.309675,-0.068615
17.6000,-0.036072,-0.352735,0.577477,0.884305,0.137738,-0.312071,-0.068252
17.6333,-0.035404,-0.359194,0.576192,0.886872,0.137110,-0.315871,-0.067838
17.6667,-0.035876,-0.366313,0.574474,0.887747,0.137342,-0.319755,-0.066939
17.7000,-0.036864,-0.372549,0.572797,0.889657,0.137720,-0.323336,-0.066269
17.7333,-0.037108,-0.374039,0.572340,0.890165,0.137805,-0.324225,-0.066074
17.7667,-0.037761,-0.374801,0.571975,0.890004,0.138191,-0.324579,-0.065825
17.8000,-0.038758,-0.377148,0.571049,0.886859,0.139218,-0.325350,-0.065021
17.8333,-0.039881,-0.381652,0.569723,0.885794,0.140063,-0.327570,-0.064173
17.8667,-0.041270,-0.388001,0.567865,0.883302,0.141296,-0.330551,-0.062890
17.9000,-0.042407,-0.391894,0.566690,0.881853,0.142189,-0.332381,-0.062050
17.9333,-0.042925,-0.394700,0.565894,0.876455,0.143324,-0.333074,-0.061089
17.9667,-0.043687,-0.397220,0.565365,0.871217,0.144535,-0.333607,-0.060144
18.0000,-0.043146,-0.400098,0.565159,0.865847,0.145063,-0.334306,-0.059321
18.0333,-0.043534,-0.400845,0.565190,0.864285,0.145492,-0.334435,-0.059028
18.0667,-0.044188,-0.401112,0.565325,0.862720,0.146050,-0.334302,-0.058765
18.1000,-0.045266,-0.400460,0.565658,0.860397,0.146913,-0.333558,-0.058469
18.1333,-0.046129,-0.401315,0.565926,0.857144,0.147812,-0.333450,-0.057942
18.1667,-0.046941,-0.403295,0.566021,0.853357,0.148766,-0.333838,-0.057191
18.2000,-0.048183,-0.405622,0.566069,0.848893,0.150040,-0.334287,-0.056265
18.2333,-0.049302,-0.408392,0.566447,0.843824,0.151325,-0.334840,-0.055297
18.2667,-0.051544,-0.409954,0.566388,0.841239,0.152835,-0.335148,-0.054475
18.3000,-0.053441,-0.410024,0.566785,0.838981,0.154100,-0.334735,-0.053999
18.3333,-0.055549,-0.404425,0.568597,0.838541,0.155135,-0.331629,-0.054571
18.3667,-0.058802,-0.400726,0.570152,0.839880,0.156475,-0.329683,-0.054758
18.4000,-0.062330,-0.398017,0.571610,0.843841,0.157591,-0.328606,-0.055038
18.4333,-0.065343,-0.398294,0.571377,0.842216,0.159379,-0.328379,-0.054214
18.4667,-0.068729,-0.398458,0.571129,0.841401,0.161271,-0.328251,-0.053671
18.5000,-0.072760,-0.398331,0.571175,0.841631,0.163236,-0.328056,-0.053133
18.5333,-0.077827,-0.397249,0.571750,0.845606,0.165200,-0.327821,-0.052909
18.5667,-0.083123,-0.395034,0.572186,0.846610,0.167706,-0.326589,-0.052459
18.6000,-0.089560,-0.391022,0.572980,0.850710,0.170331,-0.324824,-0.052380
18.6333,-0.097745,-0.385489,0.573624,0.859983,0.173130,-0.322989,-0.052709
18.6667,-0.103450,-0.380488,0.574153,0.861019,0.175817,-0.320320,-0.052469
18.7000,-0.110096,-0.374464,0.574824,0.863714,0.178725,-0.317313,-0.052332
18.7333,-0.116215,-0.370811,0.574893,0.866892,0.181354,-0.315650,-0.052025
18.7667,-0.122739,-0.367300,0.574602,0.873312,0.183768,-0.314547,-0.051950
18.8000,-0.128845,-0.363100,0.574112,0.881953,0.185689,-0.313459,-0.052268
18.8333,-0.135531,-0.357532,0.572428,0.900133,0.186657,-0.313154,-0.053560
18.8667,-0.142862,-0.352587,0.569386,0.915321,0.188446,-0.312820,-0.054262
18.9000,-0.150536,-0.346314,0.565593,0.931988,0.190233,-0.312060,-0.055160
18.9333,-0.160634,-0.336265,0.560284,0.955283,0.192352,-0.310309,-0.056613
18.9667,-0.171108,-0.324755,0.554139,0.973812,0.195331,-0.307112,-0.057553
19.0000,-0.179021,-0.321282,0.548094,0.981438,0.198591,-0.306585,-0.056956
19.0333,-0.192373,-0.309197,0.539711,1.001589,0.202833,-0.303260,-0.057392
19.0667,-0.202221,-0.300314,0.530407,1.017513,0.205936,-0.301196,-0.057652
19.1000,-0.209548,-0.296008,0.523687,1.022907,0.209182,-0.299923,-0.056936
19.1333,-0.217549,-0.290385,0.516301,1.029322,0.212608,-0.298101,-0.056249
19.1667,-0.222895,-0.285031,0.514559,1.027196,0.215642,-0.294876,-0.055344
19.2000,-0.227312,-0.283654,0.512296,1.026307,0.218090,-0.294000,-0.054361
19.2333,-0.231683,-0.281983,0.511140,1.024679,0.220614,-0.292731,-0.053318
19.2667,-0.234940,-0.282438,0.509741,1.023583,0.222437,-0.292799,-0.052354
19.3000,-0.238745,-0.282286,0.508426,1.022086,0.224617,-0.292408,-0.051309
19.3333,-0.242286,-0.280710,0.507445,1.020345,0.226648,-0.291209,-0.050444
19.3667,-0.244213,-0.278696,0.506761,1.018984,0.227775,-0.289918,-0.050019
19.4000,-0.245337,-0.278282,0.505111,1.017236,0.228614,-0.289591,-0.049509
19.4333,-0.244427,-0.279567,0.501498,1.011961,0.229128,-0.289956,-0.048817
19.4667,-0.243971,-0.279676,0.499667,1.009421,0.229362,-0.289877,-0.048521
19.5000,-0.242516,-0.279635,0.498141,1.007626,0.228991,-0.289853,-0.048583
19.5333,-0.239545,-0.278497,0.496385,1.001804,0.228437,-0.288837,-0.048563
19.5667,-0.237242,-0.277491,0.495366,0.997738,0.227925,-0.288014,-0.048624
19.6000,-0.235697,-0.276612,0.494548,0.994503,0.227670,-0.287306,-0.048639
19.6333,-0.233454,-0.276251,0.493966,0.990783,0.227117,-0.286820,-0.048673
19.6667,-0.231162,-0.276022,0.493618,0.987485,0.226478,-0.286440,-0.048787
19.7000,-0.228961,-0.275645,0.493584,0.985489,0.225674,-0.286114,-0.049050
19.7333,-0.225672,-0.274846,0.493831,0.982458,0.224466,-0.285472,-0.049483
19.7667,-0.223251,-0.273498,0.494294,0.980645,0.223491,-0.284630,-0.049924
19.8000,-0.220810,-0.270635,0.495163,0.979534,0.222360,-0.283048,-0.050590
19.8333,-0.217550,-0.269565,0.495847,0.977466,0.220990,-0.282342,-0.051140
19.8667,-0.214362,-0.267224,0.496905,0.975409,0.219625,-0.280934,-0.051813
19.9000,-0.212046,-0.265296,0.497664,0.975692,0.218363,-0.279996,-0.052607
19.9333,-0.209405,-0.263317,0.498473,0.976186,0.216917,-0.279100,-0.053431
19.9667,-0.206426,-0.261513,0.499283,0.976807,0.215278,-0.278329,-0.054304
20.0000,-0.202366,-0.259891,0.500263,0.977031,0.213189,-0.277663,-0.055272
20.0333,-0.197136,-0.259592,0.501328,0.974891,0.210827,-0.277408,-0.056126
20.0667,-0.191124,-0.258351,0.503059,0.969920,0.208438,-0.276268,-0.056899
20.1000,-0.183508,-0.259163,0.505186,0.962633,0.205585,-0.275937,-0.057567
20.1333,-0.177375,-0.257797,0.507746,0.957787,0.203059,-0.274659,-0.058393
20.1667,-0.170585,-0.256012,0.510863,0.950807,0.200459,-0.272855,-0.059100
20.2000,-0.163594,-0.252831,0.514776,0.943837,0.197696,-0.270250,-0.059976
20.2333,-0.155316,-0.256979,0.519198,0.926885,0.195757,-0.270148,-0.059372
20.2667,-0.145566,-0.268465,0.523277,0.907838,0.193440,-0.273625,-0.058222
20.3000,-0.134374,-0.275262,0.529685,0.890758,0.189890,-0.274704,-0.057983
20.3333,-0.122736,-0.285040,0.534931,0.880186,0.185269,-0.278265,-0.058295
20.3667,-0.111334,-0.296984,0.539808,0.869063,0.180853,-0.282838,-0.058260
20.4000,-0.099503,-0.303984,0.546235,0.857939,0.176047,-0.284689,-0.058697
20.4333,-0.088690,-0.311171,0.552997,0.842227,0.172323,-0.285879,-0.058346
20.4667,-0.080381,-0.314978,0.559409,0.833411,0.168889,-0.286196,-0.058646
20.5000,-0.073547,-0.319605,0.567119,0.816545,0.167171,-0.285572,-0.057718
20.5333,-0.066836,-0.326475,0.573367,0.802647,0.165187,-0.286611,-0.056828
20.5667,-0.060807,-0.333923,0.581376,0.782730,0.164178,-0.286816,-0.055172
20.6000,-0.053685,-0.331061,0.591411,0.769776,0.161432,-0.282619,-0.055398
20.6333,-0.053590,-0.348482,0.598022,0.723335,0.166692,-0.283812,-0.048493
20.6667,-0.049919,-0.351789,0.608319,0.703779,0.166296,-0.281458,-0.046849
20.7000,-0.054344,-0.372452,0.615387,0.659138,0.172972,-0.283920,-0.038981
20.7333,-0.058252,-0.386934,0.622444,0.636761,0.176612,-0.286471,-0.034544
20.7667,-0.061250,-0.396065,0.628842,0.623150,0.178824,-0.287808,-0.031799
20.8000,-0.071301,-0.409191,0.632459,0.601111,0.185459,-0.289778,-0.026073
20.8333,-0.076532,-0.409841,0.640406,0.614512,0.185801,-0.290781,-0.027655
20.8667,-0.086276,-0.413980,0.643258,0.617910,0.189764,-0.292400,-0.026193
20.9000,-0.090936,-0.426947,0.646077,0.606770,0.192716,-0.296206,-0.022718
20.9333,-0.101215,-0.436531,0.646500,0.600304,0.198120,-0.299142,-0.019024
20.9667,-0.116386,-0.446089,0.643747,0.596267,0.205893,-0.302578,-0.014394
21.0000,-0.134044,-0.460624,0.642390,0.576178,0.215905,-0.305408,-0.006343
21.0333,-0.153891,-0.474777,0.640821,0.547894,0.227315,-0.306545,0.003611
21.0667,-0.170767,-0.485296,0.637199,0.544154,0.235567,-0.310258,0.009314
21.1000,-0.184366,-0.489918,0.639384,0.552940,0.240721,-0.312648,0.011429
21.1333,-0.198492,-0.494408,0.639288,0.554149,0.246854,-0.314018,0.015099
21.1667,-0.211146,-0.496407,0.641238,0.561607,0.251659,-0.315070,0.017110
21.2000,-0.222495,-0.498199,0.642842,0.569141,0.255918,-0.316167,0.018858
21.2333,-0.233554,-0.498949,0.643261,0.574009,0.260363,-0.316522,0.020930
21.2667,-0.244494,-0.499185,0.643587,0.575871,0.264907,-0.316147,0.023455
21.3000,-0.254256,-0.498170,0.644392,0.577146,0.268923,-0.315113,0.025591
21.3333,-0.263977,-0.493538,0.645367,0.574597,0.273123,-0.311753,0.027858
21.3667,-0.274250,-0.491162,0.646341,0.578551,0.277144,-0.310460,0.029610
21.4000,-0.282148,-0.492883,0.646335,0.581385,0.280292,-0.311147,0.031546
21.4333,-0.287887,-0.496913,0.645813,0.587161,0.282435,-0.313610,0.032779
21.4667,-0.291991,-0.499496,0.645309,0.583933,0.284315,-0.314010,0.034844
21.5000,-0.295820,-0.501954,0.645592,0.575344,0.286355,-0.313397,0.037436
21.5333,-0.298940,-0.504624,0.646124,0.564878,0.288146,-0.312586,0.040127
21.5667,-0.302595,-0.499414,0.650210,0.549580,0.290032,-0.306894,0.042344
21.6000,-0.306460,-0.495024,0.653483,0.537998,0.291782,-0.302277,0.044364
21.6333,-0.309478,-0.491477,0.656932,0.530396,0.292987,-0.298752,0.045599
21.6667,-0.313066,-0.486900,0.659612,0.531377,0.294177,-0.296218,0.045589
21.7000,-0.317606,-0.478955,0.664042,0.537612,0.295244,-0.292690,0.044610
21.7333,-0.319366,-0.478095,0.664827,0.537100,0.295865,-0.291944,0.045085
21.7667,-0.320520,-0.479244,0.666010,0.539039,0.296128,-0.292577,0.045074
21.8000,-0.322890,-0.477736,0.668385,0.545763,0.296562,-0.292500,0.044290
21.8333,-0.325712,-0.476446,0.669601,0.548525,0.297466,-0.291988,0.044394
21.8667,-0.326908,-0.476716,0.670646,0.546421,0.297838,-0.291531,0.045086
21.9000,-0.326536,-0.477979,0.671763,0.542890,0.297690,-0.291418,0.045573
21.9333,-0.325471,-0.479139,0.673096,0.541014,0.297227,-0.291562,0.045505
21.9667,-0.324408,-0.480323,0.674401,0.538832,0.296753,-0.291665,0.045523
22.0000,-0.323382,-0.481617,0.675646,0.536661,0.296304,-0.291824,0.045563
22.0333,-0.322173,-0.482631,0.677012,0.535128,0.295751,-0.291960,0.045399
22.0667,-0.320997,-0.483383,0.678428,0.533770,0.295190,-0.291994,0.045192
22.1000,-0.319716,-0.483877,0.679932,0.531968,0.294582,-0.291832,0.045001
22.1333,-0.318286,-0.484402,0.681455,0.529800,0.293925,-0.291632,0.044825
22.1667,-0.316913,-0.484227,0.683186,0.528122,0.293260,-0.291164,0.044477
22.2000,-0.315494,-0.483749,0.685021,0.526188,0.292559,-0.290504,0.044132
22.2333,-0.313754,-0.483407,0.686898,0.524802,0.291710,-0.290017,0.043611
22.2667,-0.311733,-0.482186,0.688478,0.524674,0.290692,-0.289367,0.042731
22.3000,-0.309271,-0.481310,0.690066,0.525616,0.289512,-0.289125,0.041584
22.3333,-0.306572,-0.480593,0.691650,0.526722,0.288193,-0.288986,0.040417
22.3667,-0.303798,-0.479331,0.693406,0.527678,0.286819,-0.288539,0.039189
22.4000,-0.300817,-0.476827,0.696168,0.531717,0.285190,-0.287949,0.037216
22.4333,-0.297691,-0.475015,0.698642,0.534603,0.283478,-0.287508,0.035511
22.4667,-0.294110,-0.473593,0.701030,0.537070,0.281610,-0.287222,0.033787
22.5000,-0.289646,-0.468391,0.705139,0.545369,0.278914,-0.286001,0.030382
22.5333,-0.284522,-0.467668,0.707725,0.552351,0.276144,-0.286865,0.027647
22.5667,-0.280435,-0.467855,0.709291,0.555555,0.274098,-0.287580,0.025945
22.6000,-0.275402,-0.458076,0.714310,0.570354,0.270595,-0.285211,0.020999
22.6333,-0.271824,-0.455958,0.716089,0.574416,0.268656,-0.284927,0.019077
22.6667,-0.269102,-0.452791,0.717818,0.574678,0.267173,-0.283404,0.017890
22.7000,-0.264973,-0.449671,0.719991,0.578500,0.265006,-0.282651,0.015774
22.7333,-0.260165,-0.451910,0.720784,0.573633,0.263048,-0.283120,0.015526
22.7667,-0.255618,-0.449267,0.722981,0.570689,0.260964,-0.281432,0.014389
22.8000,-0.252216,-0.448804,0.724161,0.571767,0.259306,-0.281488,0.013098
22.8333,-0.249171,-0.448771,0.725103,0.572223,0.257836,-0.281638,0.012231
22.8667,-0.244965,-0.448840,0.726393,0.582123,0.255421,-0.283435,0.009555
22.9000,-0.241756,-0.445654,0.727744,0.601475,0.252682,-0.285192,0.005559
22.9333,-0.237211,-0.444457,0.728849,0.604531,0.250336,-0.285295,0.003837
22.9667,-0.231865,-0.442593,0.730027,0.611120,0.247407,-0.285712,0.001342
23.0000,-0.225576,-0.441568,0.731039,0.616783,0.244107,-0.286448,-0.001118
23.0333,-0.218163,-0.442108,0.732113,0.618362,0.240533,-0.287302,-0.003067
23.0667,-0.209436,-0.441106,0.733931,0.622131,0.236165,-0.287784,-0.005900
23.1000,-0.201421,-0.441254,0.735205,0.621609,0.232373,-0.288091,-0.007626
23.1333,-0.189329,-0.438396,0.737347,0.639637,0.225351,-0.290221,-0.013330
23.1667,-0.178698,-0.436177,0.739001,0.648445,0.219565,-0.291051,-0.017124
23.2000,-0.166256,-0.434562,0.739940,0.663975,0.212396,-0.293468,-0.021975
23.2333,-0.149069,-0.419910,0.742146,0.712776,0.199622,-0.295225,-0.033078
23.2667,-0.133359,-0.424622,0.739720,0.730391,0.190661,-0.301575,-0.037555
23.3000,-0.118817,-0.408674,0.738520,0.765387,0.180045,-0.300431,-0.045645
23.3333,-0.109006,-0.397691,0.735675,0.784117,0.173438,-0.298860,-0.050288
23.3667,-0.099780,-0.394290,0.733734,0.790995,0.168274,-0.298924,-0.052775
23.4000,-0.093107,-0.386921,0.729139,0.803741,0.163925,-0.298120,-0.055628
23.4333,-0.087554,-0.374732,0.723793,0.820988,0.159610,-0.295626,-0.059150
23.4667,-0.085291,-0.368973,0.720877,0.824878,0.158285,-0.293760,-0.060302
23.5000,-0.084739,-0.351737,0.715638,0.846140,0.155871,-0.289050,-0.063833
23.5333,-0.085588,-0.345845,0.710566,0.851024,0.156154,-0.287328,-0.064445
23.5667,-0.089781,-0.338168,0.707007,0.851732,0.158496,-0.283731,-0.064340
23.6000,-0.093090,-0.330630,0.703866,0.851764,0.160415,-0.280081,-0.064243
23.6333,-0.095268,-0.326801,0.701627,0.851751,0.161708,-0.278267,-0.064087
23.6667,-0.096561,-0.322683,0.698504,0.853134,0.162454,-0.276657,-0.064181
23.7000,-0.100317,-0.311956,0.694150,0.862843,0.163491,-0.272995,-0.065242
23.7333,-0.101859,-0.306806,0.688883,0.872037,0.163559,-0.272268,-0.066116
23.7667,-0.105512,-0.302008,0.683182,0.879219,0.164971,-0.271352,-0.066396
23.8000,-0.110587,-0.297115,0.677325,0.886348,0.167109,-0.270320,-0.066450
23.8333,-0.114878,-0.301825,0.671869,0.890140,0.169308,-0.273704,-0.065642
23.8667,-0.120153,-0.301676,0.667354,0.891008,0.172234,-0.273988,-0.064654
23.9000,-0.126468,-0.298664,0.662319,0.893210,0.175539,-0.273009,-0.063835
23.9333,-0.132149,-0.298156,0.659214,0.891740,0.178827,-0.272580,-0.062557
23.9667,-0.138558,-0.296629,0.655277,0.892797,0.182243,-0.272067,-0.061549
24.0000,-0.144516,-0.294552,0.651651,0.894227,0.185328,-0.271307,-0.060645
24.0333,-0.153231,-0.292478,0.646689,0.897885,0.189604,-0.270883,-0.059414
24.0667,-0.158960,-0.291203,0.643090,0.898579,0.192639,-0.270417,-0.058339
24.1000,-0.164446,-0.290712,0.637485,0.905262,0.194973,-0.271470,-0.057877
24.1333,-0.169765,-0.289123,0.632103,0.911328,0.197257,-0.271841,-0.057447
24.1667,-0.172857,-0.288750,0.627759,0.915191,0.198639,-0.272511,-0.057141
24.2000,-0.177619,-0.288053,0.622261,0.921303,0.200638,-0.273373,-0.056741
24.2333,-0.180641,-0.286659,0.619130,0.923393,0.202101,-0.273125,-0.056375
24.2667,-0.182862,-0.287813,0.615608,0.925657,0.203185,-0.274296,-0.055948
24.3000,-0.185327,-0.287532,0.613351,0.926286,0.204495,-0.274343,-0.055460
24.3333,-0.187936,-0.284908,0.610708,0.927797,0.205760,-0.273339,-0.055198
24.3667,-0.190602,-0.285471,0.607425,0.930237,0.207017,-0.274180,-0.054772
24.4000,-0.193285,-0.284682,0.603546,0.934120,0.208116,-0.274588,-0.054571
24.4333,-0.194170,-0.286628,0.602073,0.934886,0.208602,-0.275850,-0.054261
24.4667,-0.192814,-0.287217,0.601200,0.935217,0.207876,-0.276328,-0.054405
24.5000,-0.194497,-0.286187,0.597545,0.938782,0.208560,-0.276587,-0.054488
24.5333,-0.195485,-0.285452,0.594833,0.941416,0.208898,-0.276812,-0.054550
24.5667,-0.196389,-0.283269,0.591599,0.944653,0.209116,-0.276424,-0.054753
24.6000,-0.196509,-0.281383,0.589320,0.947024,0.209006,-0.276013,-0.055063
24.6333,-0.196213,-0.279722,0.587087,0.949199,0.208704,-0.275703,-0.055397
24.6667,-0.195813,-0.277838,0.584958,0.951265,0.208356,-0.275257,-0.055768
24.7000,-0.194707,-0.274899,0.584018,0.952733,0.207652,-0.274096,-0.056367
24.7333,-0.193496,-0.272869,0.582107,0.955327,0.206803,-0.273667,-0.056965
24.7667,-0.191543,-0.271672,0.580947,0.957290,0.205636,-0.273545,-0.057632
24.8000,-0.189148,-0.269867,0.577424,0.965014,0.203612,-0.274179,-0.058986
24.8333,-0.185990,-0.269862,0.574311,0.970313,0.201513,-0.275397,-0.060084
24.8667,-0.182873,-0.271080,0.570833,0.975429,0.199484,-0.277254,-0.061032
24.9000,-0.179083,-0.270602,0.568621,0.979365,0.197176,-0.277970,-0.062165
24.9333,-0.174655,-0.272989,0.566787,0.982902,0.194590,-0.280116,-0.063144
24.9667,-0.169239,-0.278705,0.564335,0.986192,0.191571,-0.284060,-0.063895
25.0000,-0.162200,-0.282169,0.559097,0.980104,0.189222,-0.285858,-0.063946
25.0333,-0.154369,-0.286068,0.554683,0.974899,0.186330,-0.287981,-0.064305
25.0667,-0.145009,-0.290873,0.551128,0.966679,0.183038,-0.290141,-0.064507
25.1000,-0.132839,-0.305127,0.546428,0.955235,0.178933,-0.296986,-0.063940
25.1333,-0.123927,-0.312450,0.545155,0.958195,0.174070,-0.301714,-0.065036
25.1667,-0.111733,-0.321423,0.542520,0.957140,0.168192,-0.306995,-0.065941
25.2000,-0.100514,-0.327341,0.540889,0.957753,0.162451,-0.310770,-0.067116
25.2333,-0.090451,-0.329915,0.539875,0.957637,0.157345,-0.312598,-0.068349
25.2667,-0.081198,-0.338062,0.537607,0.957119,0.152789,-0.317306,-0.068686
25.3000,-0.072639,-0.344854,0.536365,0.959714,0.148023,-0.321607,-0.069363
25.3333,-0.064114,-0.353566,0.533383,0.956548,0.144286,-0.326251,-0.069132
25.3667,-0.055077,-0.366945,0.530754,0.961822,0.138920,-0.334422,-0.069159
25.4000,-0.043247,-0.388462,0.524823,0.962920,0.132898,-0.346494,-0.067631
25.4333,-0.033039,-0.402167,0.521334,0.965906,0.127249,-0.354523,-0.067036
25.4667,-0.021828,-0.414033,0.517578,0.966657,0.121437,-0.361335,-0.066492
25.5000,-0.015510,-0.420460,0.515652,0.969946,0.117684,-0.365429,-0.066468
25.5333,-0.009844,-0.428927,0.513129,0.972996,0.114318,-0.370506,-0.065839
25.5667,-0.006972,-0.432030,0.511334,0.973230,0.112853,-0.372334,-0.065536
25.6000,-0.003570,-0.434071,0.508509,0.970953,0.111610,-0.373422,-0.065290
25.6333,-0.002732,-0.432515,0.508248,0.970880,0.111197,-0.372679,-0.065693
25.6667,-0.002327,-0.433617,0.507405,0.971038,0.111009,-0.373387,-0.065488
25.7000,-0.003603,-0.429224,0.506893,0.970751,0.111795,-0.371169,-0.066117
25.7333,-0.006504,-0.424601,0.506324,0.969643,0.113555,-0.368675,-0.066429
25.7667,-0.011126,-0.413308,0.507091,0.965553,0.116640,-0.362229,-0.067380
25.8000,-0.015279,-0.402147,0.508114,0.961533,0.119448,-0.355841,-0.068313
25.8333,-0.018829,-0.397619,0.507983,0.960090,0.121583,-0.353281,-0.068476
25.8667,-0.025211,-0.391139,0.507465,0.961884,0.124700,-0.350117,-0.068812
25.9000,-0.031763,-0.383643,0.507235,0.962396,0.128080,-0.346199,-0.069074
25.9333,-0.038037,-0.379483,0.506028,0.967122,0.130679,-0.344639,-0.069207
25.9667,-0.045371,-0.372944,0.504702,0.973652,0.133538,-0.342070,-0.069636
26.0000,-0.051666,-0.364240,0.503796,0.978702,0.136065,-0.338179,-0.070348
26.0333,-0.058150,-0.350654,0.503388,0.986839,0.138148,-0.332118,-0.071904
26.0667,-0.063668,-0.338721,0.502927,0.992974,0.140056,-0.326648,-0.073148
26.1000,-0.068271,-0.333397,0.501477,0.996753,0.141925,-0.324374,-0.073420
26.1333,-0.072280,-0.329810,0.499176,1.002368,0.143223,-0.323330,-0.073681
26.1667,-0.076919,-0.328103,0.496673,1.007428,0.144967,-0.323182,-0.073613
26.2000,-0.081364,-0.326102,0.494091,1.012113,0.146662,-0.322835,-0.073535
26.2333,-0.085054,-0.324771,0.491869,1.014996,0.148240,-0.322592,-0.073340
26.2667,-0.087766,-0.323359,0.490794,1.015287,0.149672,-0.321898,-0.073098
26.3000,-0.089883,-0.322239,0.489749,1.015526,0.150789,-0.321364,-0.072883
26.3333,-0.091073,-0.320526,0.488939,1.016193,0.151347,-0.320596,-0.072949
26.3667,-0.092687,-0.318397,0.487206,1.018599,0.151876,-0.319903,-0.073094
26.4000,-0.094272,-0.316052,0.485502,1.021351,0.152338,-0.319141,-0.073323
26.4333,-0.095118,-0.314241,0.484242,1.023261,0.152528,-0.318533,-0.073537
26.4667,-0.095193,-0.313123,0.483929,1.023561,0.152526,-0.317999,-0.073662
26.5000,-0.094826,-0.312200,0.483628,1.023808,0.152288,-0.317591,-0.073796
26.5333,-0.094223,-0.310914,0.483427,1.023744,0.151972,-0.316942,-0.073969
26.5667,-0.093300,-0.309250,0.483343,1.023364,0.151531,-0.316057,-0.074202
26.6000,-0.091414,-0.308500,0.482319,1.021801,0.150864,-0.315669,-0.074353
26.6333,-0.088960,-0.308229,0.481038,1.019225,0.150075,-0.315424,-0.074457
26.6667,-0.086295,-0.308329,0.479950,1.016175,0.149242,-0.315300,-0.074500
26.7000,-0.083368,-0.308756,0.478880,1.011753,0.148508,-0.315187,-0.074438
26.7333,-0.080209,-0.311114,0.477756,1.005415,0.147979,-0.315849,-0.074011
26.7667,-0.076663,-0.315354,0.476984,0.995476,0.147830,-0.317010,-0.073098
26.8000,-0.072380,-0.321968,0.476723,0.983718,0.147566,-0.319134,-0.071849
26.8333,-0.070240,-0.335747,0.475606,0.969638,0.148853,-0.324625,-0.069185
26.8667,-0.066970,-0.347799,0.475738,0.956664,0.149284,-0.329242,-0.066989
26.9000,-0.063416,-0.355828,0.476954,0.946488,0.149024,-0.332025,-0.065578
26.9333,-0.060540,-0.362174,0.479830,0.929769,0.150065,-0.332884,-0.063717
26.9667,-0.056868,-0.373890,0.483817,0.903258,0.152141,-0.335026,-0.060336
27.0000,-0.053999,-0.382141,0.488833,0.885042,0.153188,-0.336289,-0.058105
27.0333,-0.052330,-0.391485,0.493179,0.867375,0.154752,-0.338135,-0.055521
27.0667,-0.050015,-0.401330,0.498037,0.850863,0.155740,-0.340297,-0.053119
27.1000,-0.049365,-0.411772,0.501580,0.839288,0.156884,-0.343457,-0.050785
27.1333,-0.049736,-0.422234,0.506531,0.821753,0.159301,-0.345546,-0.047742
27.1667,-0.050682,-0.432828,0.510334,0.807744,0.161512,-0.348234,-0.044824
27.2000,-0.052099,-0.440925,0.515056,0.790779,0.164269,-0.349107,-0.041903
27.2333,-0.053817,-0.443684,0.519891,0.784211,0.165684,-0.348834,-0.040852
27.2667,-0.054618,-0.442634,0.521542,0.784134,0.166014,-0.348075,-0.041069
27.3000,-0.056111,-0.440371,0.526168,0.787917,0.165883,-0.346925,-0.041887
27.3333,-0.057163,-0.439375,0.528971,0.789699,0.165945,-0.346311,-0.042234
27.3667,-0.058736,-0.438963,0.531425,0.790566,0.166409,-0.345861,-0.042257
27.4000,-0.059887,-0.438463,0.535017,0.793851,0.166252,-0.345610,-0.042735
27.4333,-0.060728,-0.436917,0.539590,0.801570,0.165248,-0.345395,-0.043944
27.4667,-0.061459,-0.435191,0.543644,0.808670,0.164308,-0.345073,-0.045071
27.5000,-0.062110,-0.431704,0.548231,0.819276,0.162791,-0.344349,-0.046835
27.5333,-0.062547,-0.424108,0.553311,0.836354,0.160208,-0.342513,-0.049870
27.5667,-0.063701,-0.415349,0.557057,0.856682,0.157607,-0.340692,-0.053159
27.6000,-0.064304,-0.405895,0.559473,0.878041,0.154620,-0.338810,-0.056532
27.6333,-0.066547,-0.393271,0.561365,0.892528,0.153504,-0.334309,-0.059353
27.6667,-0.069422,-0.383967,0.561543,0.906546,0.152886,-0.331523,-0.061453
27.7000,-0.073274,-0.376111,0.560698,0.915462,0.153587,-0.328772,-0.062639
27.7333,-0.078343,-0.362912,0.559963,0.928970,0.154214,-0.323886,-0.064721
27.7667,-0.084257,-0.350211,0.558484,0.939988,0.155687,-0.318894,-0.066279
27.8000,-0.089625,-0.341224,0.556370,0.949911,0.157092,-0.315699,-0.067353
27.8333,-0.096430,-0.331388,0.553289,0.960625,0.159153,-0.312181,-0.068259
27.8667,-0.105117,-0.321737,0.549550,0.971279,0.162233,-0.308706,-0.068809
27.9000,-0.112913,-0.314715,0.546613,0.975128,0.165837,-0.305576,-0.068564
27.9333,-0.119240,-0.311137,0.543875,0.976716,0.169010,-0.303941,-0.067936
27.9667,-0.127733,-0.308323,0.539304,0.984839,0.172419,-0.303675,-0.067457
28.0000,-0.135519,-0.306731,0.535139,0.988587,0.176093,-0.303418,-0.066509
28.0333,-0.147159,-0.300216,0.530914,0.993455,0.181539,-0.300575,-0.065473
28.0667,-0.160090,-0.287251,0.528165,0.995290,0.187934,-0.293731,-0.064462
28.1000,-0.171883,-0.280286,0.525180,0.996793,0.193823,-0.290015,-0.062969
28.1333,-0.179448,-0.274316,0.522609,0.999084,0.197400,-0.287075,-0.062197
28.1667,-0.185623,-0.272031,0.520068,1.000996,0.200362,-0.286067,-0.061331
28.2000,-0.191229,-0.268709,0.518430,1.000604,0.203295,-0.284146,-0.060394
28.2333,-0.196391,-0.268342,0.516852,0.999940,0.206073,-0.283746,-0.059266
28.2667,-0.201023,-0.269484,0.515578,0.998651,0.208720,-0.284058,-0.057958
28.3000,-0.206068,-0.269514,0.514500,0.996834,0.211565,-0.283639,-0.056659
28.3333,-0.211147,-0.269807,0.512952,0.995863,0.214265,-0.283546,-0.055496
28.3667,-0.215218,-0.269869,0.511621,0.993602,0.216649,-0.283171,-0.054236
28.4000,-0.218501,-0.270934,0.510252,0.991733,0.218632,-0.283429,-0.053174
28.4333,-0.221927,-0.271636,0.509353,0.990709,0.220619,-0.283569,-0.052258
28.4667,-0.225367,-0.272484,0.508094,0.990842,0.222353,-0.283954,-0.051498
28.5000,-0.228123,-0.272853,0.507017,0.991086,0.223743,-0.284126,-0.050855
28.5333,-0.230552,-0.273343,0.506298,0.990846,0.225063,-0.284288,-0.050215
28.5667,-0.232586,-0.274258,0.505542,0.990354,0.226153,-0.284654,-0.049541
28.6000,-0.233785,-0.274385,0.505045,0.989652,0.226836,-0.284585,-0.049124
28.6333,-0.234658,-0.274615,0.504579,0.989135,0.227364,-0.284635,-0.048839
28.6667,-0.235437,-0.275157,0.504070,0.988601,0.227850,-0.284854,-0.048519
28.7000,-0.235968,-0.275615,0.503335,0.987141,0.228334,-0.284929,-0.048137
28.7333,-0.236382,-0.274228,0.502842,0.984539,0.228918,-0.283890,-0.047836
28.7667,-0.236509,-0.272645,0.502591,0.981325,0.229413,-0.282658,-0.047518
28.8000,-0.236227,-0.269944,0.502741,0.975093,0.230107,-0.280438,-0.047058
28.8333,-0.235787,-0.269152,0.502913,0.970634,0.230482,-0.279447,-0.046658
28.8667,-0.235125,-0.269956,0.502911,0.968723,0.230438,-0.279654,-0.046510
28.9000,-0.234799,-0.270091,0.502966,0.968579,0.230308,-0.279724,-0.046586
28.9333,-0.234404,-0.270367,0.503001,0.968399,0.230135,-0.279864,-0.046619
28.9667,-0.233906,-0.271149,0.502941,0.968093,0.229931,-0.280270,-0.046591
29.0000,-0.233294,-0.271650,0.503010,0.966990,0.229795,-0.280402,-0.046555
29.0333,-0.232114,-0.271766,0.503336,0.965093,0.229466,-0.280250,-0.046592
29.0667,-0.230208,-0.271333,0.503942,0.963106,0.228765,-0.279813,-0.046819
29.1000,-0.228055,-0.270099,0.504839,0.961077,0.227923,-0.278941,-0.047179
29.1333,-0.225596,-0.269979,0.505609,0.959163,0.226935,-0.278691,-0.047516
29.1667,-0.221893,-0.271630,0.506372,0.956831,0.225426,-0.279377,-0.047942
29.2000,-0.216845,-0.274284,0.507390,0.952659,0.223500,-0.280387,-0.048340
29.2333,-0.211461,-0.274544,0.508925,0.949469,0.221201,-0.280247,-0.049127
29.2667,-0.203810,-0.274992,0.511143,0.944821,0.217958,-0.280066,-0.050239
29.3000,-0.196978,-0.275427,0.513142,0.941890,0.214877,-0.280072,-0.051343
29.3333,-0.186386,-0.278529,0.516039,0.932484,0.210810,-0.280701,-0.052234
29.3667,-0.177937,-0.280610,0.518840,0.927659,0.207149,-0.281288,-0.053307
29.4000,-0.169647,-0.282818,0.521244,0.924937,0.203278,-0.282240,-0.054531
29.4333,-0.157818,-0.289657,0.525219,0.907320,0.199665,-0.283586,-0.054311
29.4667,-0.148031,-0.297564,0.528630,0.898732,0.195831,-0.286601,-0.054643
29.5000,-0.137381,-0.301341,0.532693,0.891945,0.191207,-0.287690,-0.055660
29.5333,-0.123924,-0.308406,0.537296,0.882953,0.185467,-0.290209,-0.056657
29.5667,-0.115817,-0.311326,0.541711,0.875005,0.182211,-0.290492,-0.057089
29.6000,-0.103730,-0.310527,0.546068,0.875280,0.175784,-0.290184,-0.059486
29.6333,-0.091131,-0.314273,0.551030,0.867404,0.170192,-0.291001,-0.060562
29.6667,-0.082164,-0.319511,0.556288,0.856561,0.166832,-0.291952,-0.060584
29.7000,-0.074753,-0.322365,0.558496,0.858322,0.162677,-0.293699,-0.061828
29.7333,-0.066655,-0.318814,0.562293,0.858921,0.158181,-0.291875,-0.063628
29.7667,-0.060181,-0.312794,0.566435,0.859860,0.154438,-0.288739,-0.065452
29.8000,-0.054861,-0.314750,0.569236,0.858127,0.151737,-0.289370,-0.065909
29.8333,-0.049362,-0.322715,0.573473,0.840664,0.151119,-0.290703,-0.064283
29.8667,-0.044221,-0.325774,0.576359,0.839142,0.148496,-0.291891,-0.064727
29.9000,-0.042266,-0.342360,0.580501,0.801996,0.152386,-0.294591,-0.059558
29.9333,-0.040715,-0.359483,0.586544,0.763113,0.156345,-0.296894,-0.054005
29.9667,-0.041341,-0.371524,0.593304,0.734869,0.159713,-0.297876,-0.049745
30.0000,-0.044326,-0.389359,0.599798,0.686579,0.166533,-0.298570,-0.041918
30.0333,-0.050789,-0.397861,0.604551,0.677017,0.170363,-0.300353,-0.039154
30.0667,-0.054831,-0.401831,0.608713,0.680930,0.171510,-0.302124,-0.038980
30.1000,-0.063892,-0.410349,0.612185,0.666972,0.177111,-0.303247,-0.034925
30.1333,-0.075909,-0.421491,0.614131,0.655769,0.183961,-0.306066,-0.030409
30.1667,-0.088351,-0.429751,0.616804,0.639981,0.191305,-0.306632,-0.025384
30.2000,-0.103274,-0.439396,0.616551,0.628098,0.199593,-0.308646,-0.019922
30.2333,-0.115674,-0.445850,0.617503,0.633710,0.204858,-0.311803,-0.017825
30.2667,-0.135607,-0.446981,0.619457,0.641258,0.213231,-0.312172,-0.014838
30.3000,-0.148523,-0.453431,0.617800,0.641245,0.219423,-0.314710,-0.011299
30.3333,-0.163439,-0.460879,0.616718,0.632374,0.227151,-0.316070,-0.005805
30.3667,-0.177058,-0.465019,0.615426,0.627518,0.233952,-0.316604,-0.001537
30.4000,-0.191432,-0.468143,0.615711,0.617696,0.241226,-0.315581,0.003507
30.4333,-0.203018,-0.466269,0.616698,0.616400,0.246498,-0.313661,0.005996
30.4667,-0.214218,-0.466310,0.619576,0.624353,0.250543,-0.313850,0.007323
30.5000,-0.224912,-0.468589,0.619030,0.624658,0.255345,-0.314342,0.010177
30.5333,-0.234789,-0.467202,0.621547,0.639660,0.258290,-0.315120,0.010098
30.5667,-0.243333,-0.462927,0.623806,0.642038,0.261640,-0.312630,0.011217
30.6000,-0.250861,-0.458363,0.625402,0.636032,0.265162,-0.308781,0.013438
30.6333,-0.259078,-0.460974,0.625755,0.627417,0.269332,-0.308015,0.017083
30.6667,-0.267445,-0.466984,0.626195,0.612930,0.273928,-0.307858,0.022035
30.7000,-0.274089,-0.469877,0.625951,0.608531,0.277089,-0.308055,0.024819
30.7333,-0.279096,-0.472288,0.626207,0.605363,0.279417,-0.308276,0.026869
30.7667,-0.283093,-0.474990,0.626558,0.603427,0.281218,-0.308889,0.028498
30.8000,-0.288368,-0.476313,0.626999,0.601472,0.283540,-0.308747,0.030321
30.8333,-0.291516,-0.477988,0.627770,0.598559,0.284942,-0.308716,0.031773
30.8667,-0.293317,-0.479785,0.627805,0.598020,0.285773,-0.309352,0.032560
30.9000,-0.294836,-0.480960,0.629039,0.595095,0.286417,-0.309123,0.033433
30.9333,-0.296413,-0.478172,0.630528,0.594522,0.287055,-0.307386,0.033381
30.9667,-0.297542,-0.477966,0.631316,0.593771,0.287440,-0.307022,0.033780
31.0000,-0.298698,-0.477550,0.633118,0.591472,0.287852,-0.306151,0.034222
31.0333,-0.299402,-0.477563,0.634880,0.588581,0.288124,-0.305409,0.034693
31.0667,-0.299816,-0.477454,0.636750,0.585269,0.288291,-0.304550,0.035115
31.1000,-0.300054,-0.477349,0.638668,0.582345,0.288368,-0.303766,0.035409
31.1333,-0.300552,-0.475806,0.640986,0.580059,0.288482,-0.302352,0.035463
31.1667,-0.300665,-0.474939,0.642212,0.579039,0.288448,-0.301593,0.035439
31.2000,-0.300322,-0.474487,0.643415,0.578170,0.288219,-0.301123,0.035307
31.2333,-0.299871,-0.473527,0.644801,0.577455,0.287938,-0.300414,0.035024
31.2667,-0.298928,-0.473716,0.645942,0.577841,0.287436,-0.300524,0.034565
31.3000,-0.298162,-0.473733,0.647075,0.578361,0.286990,-0.300529,0.034148
31.3333,-0.297557,-0.473611,0.648190,0.578898,0.286604,-0.300461,0.033768
31.3667,-0.296847,-0.473497,0.649306,0.579516,0.286163,-0.300421,0.033350
31.4000,-0.296241,-0.473185,0.650438,0.579922,0.285768,-0.300237,0.032982
31.4333,-0.295516,-0.473055,0.651518,0.579256,0.285336,-0.299972,0.032837
31.4667,-0.294458,-0.473393,0.653370,0.576707,0.284855,-0.299566,0.032795
31.5000,-0.293237,-0.474225,0.655941,0.572781,0.284317,-0.299080,0.032858
31.5333,-0.291836,-0.474865,0.657775,0.569702,0.283682,-0.298739,0.032858
31.5667,-0.290306,-0.475817,0.660382,0.565779,0.283015,-0.298327,0.032833
31.6000,-0.288630,-0.476956,0.662963,0.561298,0.282284,-0.297917,0.032916
31.6333,-0.286709,-0.478471,0.665489,0.556623,0.281465,-0.297672,0.033004
31.6667,-0.284623,-0.480198,0.667980,0.552827,0.280541,-0.297684,0.032934
31.7000,-0.282157,-0.482512,0.669528,0.550686,0.279445,-0.298377,0.032706
31.7333,-0.279530,-0.484726,0.671915,0.547104,0.278312,-0.298699,0.032498
31.7667,-0.276669,-0.486850,0.673570,0.544388,0.277055,-0.299219,0.032236
31.8000,-0.273661,-0.488818,0.676078,0.540477,0.275766,-0.299382,0.031932
31.8333,-0.270666,-0.490499,0.678654,0.536843,0.274426,-0.299441,0.031592
31.8667,-0.267278,-0.491991,0.680608,0.534281,0.272899,-0.299690,0.031076
31.9000,-0.263514,-0.492779,0.682876,0.532151,0.271191,-0.299678,0.030246
31.9333,-0.259881,-0.493720,0.685050,0.530086,0.269535,-0.299748,0.029481
31.9667,-0.256416,-0.494113,0.687342,0.528786,0.267903,-0.299667,0.028565
32.0000,-0.252549,-0.494660,0.689671,0.526460,0.266117,-0.299502,0.027757
32.0333,-0.248586,-0.494475,0.692256,0.525452,0.264224,-0.299201,0.026582
32.0667,-0.244328,-0.496781,0.694842,0.519452,0.262436,-0.299224,0.026387
32.1000,-0.239414,-0.498478,0.697827,0.515638,0.260225,-0.299324,0.025571
32.1333,-0.236098,-0.496506,0.700832,0.514766,0.258516,-0.298124,0.024346
32.1667,-0.232820,-0.495533,0.702772,0.514808,0.256826,-0.297642,0.023205
32.2000,-0.229135,-0.488548,0.707465,0.517025,0.254678,-0.294495,0.020743
32.2333,-0.226001,-0.480362,0.712375,0.517974,0.252648,-0.290483,0.018584
32.2667,-0.222544,-0.477367,0.715735,0.516627,0.250764,-0.288684,0.017424
32.3000,-0.216771,-0.476729,0.718975,0.518693,0.247806,-0.288701,0.015315
32.3333,-0.211332,-0.480166,0.721450,0.513079,0.245441,-0.289386,0.015010
32.3667,-0.207848,-0.481770,0.722622,0.513639,0.243720,-0.290321,0.014104
32.4000,-0.204173,-0.484801,0.724000,0.514269,0.242021,-0.291846,0.013299
32.4333,-0.200250,-0.485011,0.726246,0.516638,0.239943,-0.292302,0.011796
32.4667,-0.195395,-0.482970,0.729355,0.521193,0.237207,-0.292034,0.009476
32.5000,-0.189600,-0.476340,0.734790,0.533281,0.233227,-0.290654,0.005331
32.5333,-0.184044,-0.473827,0.737843,0.536576,0.230186,-0.289993,0.003093
32.5667,-0.179446,-0.472751,0.740122,0.538085,0.227741,-0.289733,0.001601
32.6000,-0.172464,-0.470494,0.743536,0.548942,0.223544,-0.290486,-0.002039
32.6333,-0.163541,-0.477645,0.743860,0.574158,0.217816,-0.298529,-0.006816
32.6667,-0.149645,-0.471937,0.747385,0.611991,0.208165,-0.302602,-0.015571
32.7000,-0.137903,-0.478299,0.746113,0.631942,0.201245,-0.309803,-0.019688
32.7333,-0.127679,-0.483516,0.744043,0.647210,0.195361,-0.315674,-0.022782
32.7667,-0.116249,-0.477340,0.744934,0.661249,0.188545,-0.315610,-0.027353
32.8000,-0.109228,-0.474149,0.745631,0.662633,0.184934,-0.314568,-0.029133
32.8333,-0.102455,-0.475181,0.744400,0.659071,0.182128,-0.314902,-0.029630
32.8667,-0.095144,-0.474542,0.744014,0.654738,0.179059,-0.314240,-0.030431
32.9000,-0.086957,-0.473791,0.743994,0.661448,0.174526,-0.315425,-0.032823
32.9333,-0.075742,-0.461569,0.744477,0.694156,0.165735,-0.315563,-0.039768
32.9667,-0.066909,-0.452090,0.743521,0.718796,0.158911,-0.315641,-0.044869
33.0000,-0.055000,-0.439895,0.741119,0.759631,0.148702,-0.317340,-0.052117
33.0333,-0.047827,-0.431145,0.733438,0.795869,0.141624,-0.320223,-0.057210
33.0667,-0.042711,-0.424665,0.727585,0.806933,0.138271,-0.319659,-0.059373
33.1000,-0.043213,-0.418645,0.723922,0.808378,0.138719,-0.317267,-0.059919
33.1333,-0.044176,-0.408318,0.718310,0.818163,0.138555,-0.314288,-0.061562
33.1667,-0.048003,-0.397187,0.712512,0.827798,0.139866,-0.310765,-0.062857
33.2000,-0.052536,-0.374262,0.706321,0.849054,0.140033,-0.303143,-0.066261
33.2333,-0.054408,-0.363917,0.705210,0.847002,0.141340,-0.297614,-0.066718
33.2667,-0.059562,-0.345122,0.701864,0.849565,0.143913,-0.288644,-0.067722
33.3000,-0.068152,-0.326711,0.697163,0.857603,0.147639,-0.280698,-0.068570
33.3333,-0.074910,-0.324109,0.692943,0.858556,0.151345,-0.279701,-0.067724
33.3667,-0.079002,-0.320782,0.688364,0.862949,0.153267,-0.279006,-0.067633
33.4000,-0.083892,-0.320210,0.681886,0.871025,0.155295,-0.280450,-0.067523
33.4333,-0.089701,-0.320625,0.674847,0.880978,0.157591,-0.282704,-0.067384
33.4667,-0.094764,-0.317466,0.668706,0.887020,0.159888,-0.282441,-0.067204
33.5000,-0.099263,-0.313259,0.662877,0.896087,0.161468,-0.282088,-0.067565
33.5333,-0.105320,-0.309569,0.656618,0.904263,0.163968,-0.281824,-0.067495
33.5667,-0.112677,-0.302239,0.649848,0.912267,0.167142,-0.279632,-0.067415
33.6000,-0.121097,-0.295617,0.645305,0.913493,0.171576,-0.276494,-0.066483
33.6333,-0.127677,-0.293084,0.640389,0.915923,0.174955,-0.275755,-0.065618
33.6667,-0.133516,-0.290024,0.636928,0.915918,0.178150,-0.274259,-0.064688
33.7000,-0.139825,-0.286337,0.631705,0.920135,0.181148,-0.273219,-0.064100
33.7333,-0.143885,-0.286663,0.629007,0.917961,0.183652,-0.273140,-0.062900
33.7667,-0.147760,-0.287732,0.627215,0.916888,0.185973,-0.273554,-0.061944
33.8000,-0.151136,-0.290262,0.622417,0.920907,0.187491,-0.275770,-0.061504
33.8333,-0.155836,-0.289614,0.619050,0.922577,0.189887,-0.275798,-0.060758
33.8667,-0.160150,-0.288380,0.615928,0.924350,0.192039,-0.275528,-0.060124
33.9000,-0.164028,-0.288537,0.612613,0.926506,0.193945,-0.276070,-0.059491
33.9333,-0.167053,-0.289723,0.609214,0.929038,0.195387,-0.277248,-0.058973
33.9667,-0.170427,-0.292397,0.604537,0.932810,0.196940,-0.279484,-0.058339
34.0000,-0.173585,-0.293021,0.600307,0.936850,0.198300,-0.280665,-0.057974
34.0333,-0.176136,-0.293412,0.597115,0.938776,0.199550,-0.281339,-0.057528
34.0667,-0.178237,-0.294032,0.595764,0.938740,0.200740,-0.281696,-0.056986
34.1000,-0.179788,-0.294770,0.594475,0.938060,0.201652,-0.282015,-0.056389
34.1333,-0.180487,-0.296093,0.592346,0.936411,0.202337,-0.282620,-0.055833
34.1667,-0.180829,-0.296196,0.591426,0.936046,0.202655,-0.282704,-0.055719
34.2000,-0.181109,-0.294954,0.590011,0.937101,0.202779,-0.282353,-0.055930
34.2333,-0.181468,-0.294078,0.589329,0.937395,0.202965,-0.281983,-0.055939
34.2667,-0.181169,-0.290958,0.589222,0.937240,0.202791,-0.280331,-0.056219
34.3000,-0.181060,-0.290009,0.588657,0.936931,0.202785,-0.279889,-0.056173
34.3333,-0.180882,-0.289575,0.588011,0.936226,0.202804,-0.279638,-0.056065
34.3667,-0.180458,-0.288910,0.586128,0.933550,0.203082,-0.279135,-0.055817
34.4000,-0.180732,-0.288100,0.585596,0.932598,0.203377,-0.278602,-0.055676
34.4333,-0.180563,-0.286469,0.584190,0.929679,0.203764,-0.277514,-0.055446
34.4667,-0.179877,-0.286558,0.583173,0.928346,0.203670,-0.277510,-0.055361
34.5000,-0.178832,-0.286364,0.582836,0.928407,0.203171,-0.277512,-0.055627
34.5333,-0.177170,-0.286744,0.582471,0.929111,0.202288,-0.277950,-0.056030
34.5667,-0.176244,-0.288461,0.581713,0.930353,0.201772,-0.279174,-0.056241
34.6000,-0.174548,-0.290424,0.580438,0.933106,0.200692,-0.280766,-0.056699
34.6333,-0.171324,-0.298456,0.577974,0.936855,0.198812,-0.285867,-0.056956
34.6667,-0.167804,-0.302613,0.574897,0.943573,0.196392,-0.289466,-0.057920
34.7000,-0.164196,-0.304066,0.571424,0.951372,0.193743,-0.291862,-0.059180
34.7333,-0.159460,-0.307439,0.568974,0.956549,0.190825,-0.294827,-0.060231
34.7667,-0.156284,-0.306952,0.565316,0.964921,0.188265,-0.296284,-0.061603
34.8000,-0.151999,-0.311818,0.563082,0.968424,0.185754,-0.299726,-0.062170
34.8333,-0.148224,-0.315085,0.561058,0.969099,0.183838,-0.301870,-0.062387
34.8667,-0.143197,-0.323204,0.558174,0.971992,0.181101,-0.307005,-0.062676
34.9000,-0.137175,-0.335513,0.551150,0.966268,0.179359,-0.313498,-0.061477
34.9333,-0.131964,-0.340269,0.549128,0.967320,0.176675,-0.316531,-0.061849
34.9667,-0.123042,-0.345802,0.545787,0.966698,0.172427,-0.320017,-0.062522
35.0000,-0.118040,-0.348868,0.544150,0.968152,0.169757,-0.322186,-0.063097
35.0333,-0.109803,-0.354882,0.540738,0.967384,0.165846,-0.325846,-0.063457
35.0667,-0.101612,-0.360357,0.537014,0.962971,0.162534,-0.328746,-0.063498
35.1000,-0.092803,-0.367626,0.532919,0.956958,0.159182,-0.332398,-0.063231
35.1333,-0.087256,-0.370680,0.531275,0.956273,0.156516,-0.334246,-0.063534
35.1667,-0.081857,-0.371438,0.530689,0.956562,0.153705,-0.334948,-0.064248
35.2000,-0.077169,-0.370174,0.530459,0.958778,0.150980,-0.334850,-0.065425
35.2333,-0.072138,-0.372935,0.529381,0.961705,0.147963,-0.336963,-0.065997
35.2667,-0.067164,-0.373589,0.528673,0.965235,0.144867,-0.338055,-0.066951
35.3000,-0.062757,-0.372144,0.528281,0.967730,0.142180,-0.337860,-0.067930
35.3333,-0.058477,-0.371220,0.528362,0.969199,0.139610,-0.337722,-0.068746
35.3667,-0.054097,-0.370048,0.528497,0.970175,0.137126,-0.337381,-0.069512
35.4000,-0.049666,-0.372722,0.525332,0.961932,0.136395,-0.338097,-0.068845
35.4333,-0.044389,-0.370556,0.524448,0.955799,0.134672,-0.336434,-0.069245
35.4667,-0.040151,-0.366252,0.524686,0.952147,0.133025,-0.333875,-0.070044
35.5000,-0.035338,-0.365654,0.524476,0.941416,0.132242,-0.332301,-0.069775
35.5333,-0.031547,-0.364037,0.525096,0.936597,0.130986,-0.330890,-0.070044
35.5667,-0.027868,-0.364132,0.525586,0.932918,0.129622,-0.330514,-0.070202
35.6000,-0.024559,-0.364988,0.526221,0.927018,0.128797,-0.330194,-0.070021
35.6333,-0.020729,-0.366993,0.527106,0.918735,0.128053,-0.330113,-0.069523
35.6667,-0.018181,-0.368656,0.528004,0.914239,0.127380,-0.330331,-0.069276
35.7000,-0.016923,-0.370106,0.528652,0.911418,0.127126,-0.330649,-0.069022
35.7333,-0.016003,-0.371721,0.529279,0.909019,0.126988,-0.331101,-0.068761
35.7667,-0.015871,-0.372467,0.529434,0.908979,0.126926,-0.331481,-0.068732
35.8000,-0.015879,-0.373848,0.529692,0.910735,0.126663,-0.332398,-0.068831
35.8333,-0.016770,-0.375059,0.530004,0.913487,0.126670,-0.333320,-0.068833
35.8667,-0.018407,-0.375983,0.530141,0.915637,0.127172,-0.334009,-0.068708
35.9000,-0.020623,-0.376348,0.530207,0.918037,0.127949,-0.334445,-0.068621
35.9333,-0.023716,-0.376406,0.530119,0.919840,0.129285,-0.334627,-0.068381
35.9667,-0.027162,-0.376260,0.529941,0.921671,0.130810,-0.334708,-0.068127
36.0000,-0.031256,-0.376198,0.529575,0.923479,0.132689,-0.334826,-0.067764
36.0333,-0.035157,-0.376886,0.528976,0.925186,0.134494,-0.335335,-0.067292
36.0667,-0.038793,-0.377463,0.528380,0.925461,0.136390,-0.335601,-0.066736
36.1000,-0.041853,-0.371676,0.528703,0.938640,0.135875,-0.334343,-0.068287
36.1333,-0.046184,-0.364308,0.527999,0.953517,0.135798,-0.332551,-0.069909
36.1667,-0.052304,-0.355820,0.526553,0.964233,0.137365,-0.329610,-0.071018
36.2000,-0.058011,-0.348887,0.524864,0.970475,0.139451,-0.326876,-0.071574
36.2333,-0.062878,-0.342456,0.523465,0.974928,0.141368,-0.324147,-0.072027
36.2667,-0.067144,-0.339353,0.522282,0.975711,0.143545,-0.322621,-0.071825
36.3000,-0.071525,-0.335812,0.521237,0.976012,0.145843,-0.320782,-0.071594
36.3333,-0.075724,-0.332732,0.520182,0.976603,0.148002,-0.319225,-0.071362
36.3667,-0.079836,-0.330905,0.518511,0.978806,0.149891,-0.318588,-0.071105
36.4000,-0.083598,-0.329664,0.516720,0.981435,0.151539,-0.318333,-0.070873
36.4333,-0.086696,-0.327955,0.515480,0.982861,0.152999,-0.317646,-0.070702
36.4667,-0.089113,-0.325964,0.514388,0.983865,0.154152,-0.316764,-0.070598
36.5000,-0.091194,-0.324430,0.513252,0.985308,0.155071,-0.316196,-0.070554
36.5333,-0.092796,-0.323301,0.512084,0.986872,0.155720,-0.315872,-0.070536
36.5667,-0.093822,-0.321871,0.511438,0.987751,0.156153,-0.315276,-0.070610
36.6000,-0.094726,-0.320026,0.510500,0.989286,0.156421,-0.314580,-0.070766
36.6333,-0.094993,-0.319205,0.510222,0.989449,0.156547,-0.314180,-0.070810
36.6667,-0.094994,-0.319236,0.509809,0.989818,0.156505,-0.314300,-0.070815
36.7000,-0.094866,-0.319664,0.509330,0.990273,0.156392,-0.314640,-0.070807
36.7333,-0.094170,-0.319983,0.508933,0.990479,0.155993,-0.314886,-0.070827
36.7667,-0.093823,-0.320644,0.508428,0.990056,0.155893,-0.315226,-0.070666
36.8000,-0.093708,-0.325875,0.506578,0.989742,0.156012,-0.318065,-0.070019
36.8333,-0.092842,-0.333192,0.503213,0.981650,0.157074,-0.321136,-0.068419
36.8667,-0.093320,-0.348966,0.498482,0.972309,0.159118,-0.328446,-0.065376
36.9000,-0.093877,-0.357762,0.495915,0.960747,0.161408,-0.331641,-0.062976
36.9333,-0.093972,-0.369649,0.493405,0.949251,0.163433,-0.336405,-0.060212
36.9667,-0.095754,-0.382101,0.491608,0.932351,0.167112,-0.340548,-0.056546
37.0000,-0.098434,-0.397079,0.490526,0.907705,0.172328,-0.344719,-0.051498
37.0333,-0.101707,-0.412328,0.490497,0.886279,0.177211,-0.349229,-0.046589
37.0667,-0.107882,-0.425813,0.492186,0.853558,0.184964,-0.350848,-0.040136
37.1000,-0.114471,-0.435766,0.495178,0.825734,0.191933,-0.351116,-0.034548
37.1333,-0.121288,-0.445765,0.499142,0.800503,0.198421,-0.351545,-0.029159
37.1667,-0.128683,-0.455144,0.504037,0.775323,0.204937,-0.351431,-0.023687
37.2000,-0.135900,-0.465930,0.509485,0.745537,0.211692,-0.351137,-0.017384
37.2333,-0.141255,-0.467376,0.513257,0.739572,0.214673,-0.350167,-0.015605
37.2667,-0.145506,-0.467289,0.515964,0.736233,0.216888,-0.349049,-0.014523
37.3000,-0.149535,-0.468379,0.520011,0.729082,0.219301,-0.347751,-0.012895
37.3333,-0.153267,-0.468904,0.526052,0.716401,0.222038,-0.345116,-0.010873
37.3667,-0.155572,-0.469232,0.530795,0.708686,0.223591,-0.343363,-0.009687
37.4000,-0.156274,-0.468961,0.534273,0.705634,0.223980,-0.342287,-0.009462
37.4333,-0.155998,-0.470018,0.537493,0.703131,0.223856,-0.342008,-0.009301
37.4667,-0.153953,-0.470654,0.539412,0.704094,0.222643,-0.342357,-0.010042
37.5000,-0.151164,-0.474453,0.542091,0.706622,0.220868,-0.344343,-0.010635
37.5333,-0.147918,-0.476707,0.546537,0.712166,0.218364,-0.345876,-0.012094
37.5667,-0.143783,-0.471520,0.554748,0.737870,0.212825,-0.346577,-0.017585
37.6000,-0.139703,-0.464650,0.561746,0.759479,0.207761,-0.345986,-0.022531
37.6333,-0.134940,-0.453479,0.568677,0.790049,0.201182,-0.344729,-0.029118
37.6667,-0.130245,-0.447385,0.572403,0.806190,0.196567,-0.344056,-0.032960
37.7000,-0.125614,-0.439614,0.575553,0.824058,0.191739,-0.342865,-0.037069
37.7333,-0.120763,-0.433316,0.577423,0.839565,0.187172,-0.342176,-0.040650
37.7667,-0.117065,-0.425206,0.578505,0.854807,0.183196,-0.340543,-0.044063
37.8000,-0.113995,-0.413249,0.579606,0.871029,0.179371,-0.337089,-0.047960
37.8333,-0.110709,-0.404665,0.579166,0.885490,0.175740,-0.335176,-0.051092
37.8667,-0.108241,-0.394447,0.578394,0.898680,0.172687,-0.332216,-0.054103
37.9000,-0.106806,-0.375912,0.577851,0.921007,0.168789,-0.326289,-0.058833
37.9333,-0.105844,-0.370445,0.576073,0.925900,0.167705,-0.324457,-0.060033
37.9667,-0.105776,-0.365052,0.573368,0.932100,0.166942,-0.322898,-0.061141
38.0000,-0.105899,-0.358440,0.569839,0.944527,0.165417,-0.321689,-0.062952
38.0333,-0.108980,-0.349844,0.566170,0.952031,0.166113,-0.318609,-0.063986
38.0667,-0.114347,-0.340048,0.562474,0.959386,0.168004,-0.314777,-0.064773
38.1000,-0.122062,-0.324227,0.558840,0.971242,0.170387,-0.308336,-0.066219
38.1333,-0.128395,-0.314557,0.554916,0.976660,0.173035,-0.304202,-0.066516
38.1667,-0.136207,-0.302169,0.549546,0.989930,0.175322,-0.299797,-0.067530
38.2000,-0.144431,-0.298758,0.543874,0.995474,0.179036,-0.298961,-0.066795
38.2333,-0.151296,-0.297930,0.538736,0.999452,0.182261,-0.299251,-0.065890
38.2667,-0.157915,-0.297944,0.534401,1.001122,0.185651,-0.299586,-0.064710
38.3000,-0.164138,-0.294036,0.532711,0.999166,0.189188,-0.297144,-0.063672
38.3333,-0.171923,-0.289111,0.529650,0.999965,0.193177,-0.294604,-0.062684
38.3667,-0.179011,-0.282853,0.528574,0.997000,0.197207,-0.290681,-0.061517
38.4000,-0.186420,-0.278791,0.527193,0.993434,0.201488,-0.287831,-0.059942
38.4333,-0.191953,-0.277305,0.525666,0.989612,0.204861,-0.286392,-0.058408
38.4667,-0.196389,-0.276703,0.524725,0.988164,0.207466,-0.285741,-0.057459
38.5000,-0.201751,-0.275025,0.522466,0.989516,0.210006,-0.285001,-0.056646
38.5333,-0.206393,-0.274989,0.520952,0.989071,0.212476,-0.284818,-0.055589
38.5667,-0.211532,-0.274277,0.519562,0.988461,0.215198,-0.284219,-0.054469
38.6000,-0.216501,-0.274567,0.518468,0.986970,0.218003,-0.283995,-0.053103
38.6333,-0.221042,-0.274726,0.517475,0.985427,0.220510,-0.283707,-0.051882
38.6667,-0.224196,-0.275058,0.516251,0.983446,0.222319,-0.283550,-0.050869
38.7000,-0.227274,-0.275693,0.515047,0.981492,0.224186,-0.283561,-0.049862
38.7333,-0.229683,-0.275524,0.514463,0.980022,0.225639,-0.283183,-0.049108
38.7667,-0.231798,-0.275369,0.513653,0.978128,0.226951,-0.282817,-0.048429
38.8000,-0.233771,-0.274556,0.513072,0.976123,0.228219,-0.282068,-0.047791
38.8333,-0.235732,-0.273246,0.512878,0.974910,0.229388,-0.281105,-0.047325
38.8667,-0.237508,-0.271072,0.512912,0.973803,0.230386,-0.279708,-0.047007
38.9000,-0.238859,-0.269457,0.512906,0.973135,0.231119,-0.278714,-0.046777
38.9333,-0.239859,-0.268609,0.512801,0.972971,0.231632,-0.278221,-0.046626
38.9667,-0.240578,-0.267483,0.512793,0.972888,0.231976,-0.277579,-0.046553
39.0000,-0.241033,-0.267170,0.512655,0.973069,0.232173,-0.277443,-0.046493
39.0333,-0.241388,-0.266992,0.512500,0.973566,0.232299,-0.277418,-0.046516
39.0667,-0.241609,-0.266823,0.512194,0.974815,0.232243,-0.277514,-0.046613
39.1000,-0.241472,-0.266900,0.512026,0.975388,0.232101,-0.277659,-0.046698
39.1333,-0.241126,-0.267078,0.511853,0.975923,0.231861,-0.277861,-0.046805
39.1667,-0.240837,-0.267221,0.511676,0.976383,0.231667,-0.278030,-0.046902
39.2000,-0.240443,-0.267324,0.511514,0.976800,0.231423,-0.278177,-0.047019
39.2333,-0.240204,-0.267498,0.511315,0.977161,0.231273,-0.278350,-0.047091
39.2667,-0.239719,-0.267583,0.511159,0.977175,0.231015,-0.278433,-0.047137
39.3000,-0.238809,-0.268175,0.510770,0.975966,0.230742,-0.278664,-0.047058
39.3333,-0.237444,-0.269089,0.510169,0.972656,0.230587,-0.278843,-0.046867
39.3667,-0.236238,-0.269718,0.509874,0.970455,0.230322,-0.278979,-0.046787
39.4000,-0.234649,-0.270223,0.509745,0.968618,0.229816,-0.279105,-0.046870
39.4333,-0.232518,-0.270088,0.509926,0.967753,0.228875,-0.279027,-0.047242
39.4667,-0.231014,-0.269426,0.510182,0.966547,0.228281,-0.278586,-0.047487
39.5000,-0.228937,-0.269723,0.510347,0.964834,0.227503,-0.278620,-0.047725
39.5333,-0.226550,-0.269981,0.510627,0.963344,0.226529,-0.278669,-0.048057
39.5667,-0.223467,-0.270888,0.510899,0.962209,0.225171,-0.279141,-0.048526
39.6000,-0.220533,-0.271585,0.511364,0.958508,0.224218,-0.279132,-0.048651
39.6333,-0.216830,-0.271836,0.512200,0.955225,0.222810,-0.278955,-0.049062
39.6667,-0.212295,-0.271100,0.513510,0.952496,0.220876,-0.278337,-0.049816
39.7000,-0.206837,-0.270939,0.515219,0.947440,0.218784,-0.277715,-0.050428
39.7333,-0.200789,-0.268125,0.517620,0.943702,0.216135,-0.275851,-0.051539
39.7667,-0.194593,-0.266129,0.520052,0.940565,0.213343,-0.274491,-0.052693
39.8000,-0.187589,-0.268556,0.521693,0.937890,0.210178,-0.275599,-0.053671
39.8333,-0.179720,-0.271691,0.523318,0.935745,0.206516,-0.277184,-0.054824
39.8667,-0.172129,-0.272093,0.525558,0.934115,0.202846,-0.277338,-0.056207
39.9000,-0.163647,-0.276515,0.527996,0.925091,0.199776,-0.278597,-0.056515
39.9333,-0.155323,-0.280624,0.530413,0.918649,0.196406,-0.280014,-0.057098
39.9667,-0.146221,-0.284209,0.532684,0.916490,0.192047,-0.281777,-0.058368
40.0000,-0.134255,-0.288925,0.536430,0.904179,0.187577,-0.282721,-0.058875
40.0333,-0.123693,-0.297545,0.538720,0.900490,0.182709,-0.286889,-0.059747
40.0667,-0.113318,-0.302150,0.541936,0.896242,0.177894,-0.288793,-0.060818
40.1000,-0.102027,-0.307074,0.546068,0.886596,0.173305,-0.290044,-0.061385
40.1333,-0.091448,-0.316157,0.549640,0.873341,0.169625,-0.292916,-0.060978
40.1667,-0.084326,-0.321928,0.552226,0.871088,0.166178,-0.295547,-0.061494
40.2000,-0.076399,-0.334580,0.554862,0.857792,0.163900,-0.300144,-0.060215
40.2333,-0.068267,-0.337826,0.559337,0.851186,0.160385,-0.300684,-0.060659
40.2667,-0.057694,-0.347495,0.563957,0.833376,0.157197,-0.302941,-0.059566
40.3000,-0.051508,-0.354877,0.571167,0.802095,0.157848,-0.301614,-0.056610
40.3333,-0.048938,-0.362979,0.575855,0.790360,0.157765,-0.303500,-0.055094
40.3667,-0.042250,-0.367815,0.580906,0.783231,0.154931,-0.304520,-0.055051
40.4000,-0.047699,-0.383414,0.586857,0.735597,0.163389,-0.304355,-0.047384
40.4333,-0.051361,-0.392222,0.592536,0.716710,0.167037,-0.305001,-0.043921
40.4667,-0.060418,-0.400123,0.598189,0.687669,0.174419,-0.303416,-0.038299
40.5000,-0.068935,-0.417370,0.604831,0.637253,0.183560,-0.302908,-0.028932
40.5333,-0.071963,-0.417738,0.611041,0.641675,0.183947,-0.302776,-0.029489
40.5667,-0.072931,-0.406924,0.622526,0.655258,0.181755,-0.298087,-0.032953
40.6000,-0.080822,-0.414624,0.626378,0.642790,0.186407,-0.298976,-0.029275
40.6333,-0.089558,-0.426717,0.630832,0.618465,0.192584,-0.299992,-0.023533
40.6667,-0.099057,-0.421839,0.639246,0.639669,0.194100,-0.299354,-0.025822
40.7000,-0.109585,-0.421484,0.641867,0.643331,0.198442,-0.298877,-0.024565
40.7333,-0.117615,-0.417531,0.645808,0.645329,0.201590,-0.296373,-0.023920
40.7667,-0.126639,-0.419965,0.647300,0.648280,0.205395,-0.297325,-0.022427
40.8000,-0.141591,-0.437872,0.646076,0.609321,0.216043,-0.299064,-0.012032
40.8333,-0.150521,-0.439969,0.647969,0.615331,0.219511,-0.300264,-0.011098
40.8667,-0.159658,-0.449602,0.648700,0.600506,0.224822,-0.301813,-0.006002
40.9000,-0.170085,-0.467570,0.646559,0.581283,0.231357,-0.306800,0.001096
40.9333,-0.183177,-0.483642,0.646130,0.552785,0.239416,-0.308919,0.009931
40.9667,-0.192127,-0.489178,0.645374,0.547351,0.243804,-0.310116,0.013534
41.0000,-0.199610,-0.494520,0.646340,0.552503,0.246706,-0.312808,0.014937
41.0333,-0.207437,-0.496482,0.646614,0.553504,0.250040,-0.313333,0.016855
41.0667,-0.215342,-0.497307,0.647101,0.554345,0.253371,-0.313269,0.018699
41.1000,-0.222772,-0.494074,0.650130,0.555555,0.256155,-0.311098,0.019714
41.1333,-0.228141,-0.493672,0.651417,0.550805,0.258571,-0.309599,0.021666
41.1667,-0.232876,-0.494660,0.653725,0.539943,0.261001,-0.307663,0.024357
41.2000,-0.235598,-0.499587,0.656767,0.522266,0.262867,-0.306449,0.027906
41.2333,-0.237196,-0.509120,0.658618,0.510878,0.263991,-0.308555,0.030878
41.2667,-0.237130,-0.510771,0.660764,0.513496,0.263646,-0.309468,0.030357
41.3000,-0.237071,-0.512433,0.661524,0.514370,0.263477,-0.310294,0.030336
41.3333,-0.236990,-0.512483,0.662770,0.513646,0.263296,-0.309989,0.030368
41.3667,-0.235912,-0.512313,0.664337,0.513652,0.262672,-0.309790,0.029867
41.4000,-0.234017,-0.512231,0.666069,0.514098,0.261650,-0.309738,0.029112
41.4333,-0.232397,-0.512638,0.668693,0.512510,0.260770,-0.309428,0.028775
41.4667,-0.229786,-0.514542,0.671029,0.511241,0.259471,-0.309952,0.028288
41.5000,-0.226333,-0.516096,0.673631,0.510825,0.257749,-0.310483,0.027381
41.5333,-0.222534,-0.517627,0.676260,0.508845,0.255928,-0.310756,0.026663
41.5667,-0.218110,-0.520045,0.679727,0.505694,0.253849,-0.311175,0.025926
41.6000,-0.213347,-0.521106,0.682677,0.503065,0.251593,-0.311142,0.025008
41.6333,-0.208137,-0.522255,0.686686,0.499084,0.249152,-0.310828,0.024012
41.6667,-0.203106,-0.522130,0.690072,0.496007,0.246740,-0.310141,0.022938
41.7000,-0.197869,-0.521627,0.693645,0.494487,0.244173,-0.309542,0.021471
41.7333,-0.193234,-0.519911,0.697438,0.492315,0.241843,-0.308213,0.020132
41.7667,-0.188396,-0.518248,0.701277,0.490624,0.239390,-0.306994,0.018684
41.8000,-0.184084,-0.517790,0.705554,0.485764,0.237285,-0.305701,0.017924
41.8333,-0.180001,-0.517823,0.708655,0.482290,0.235301,-0.304985,0.017242
41.8667,-0.176003,-0.518224,0.711622,0.480034,0.233343,-0.304658,0.016396
41.9000,-0.172625,-0.518812,0.714335,0.477681,0.231674,-0.304388,0.015777
41.9333,-0.169402,-0.518627,0.716291,0.478031,0.229973,-0.304307,0.014729
41.9667,-0.167062,-0.518862,0.717843,0.478495,0.228758,-0.304441,0.014012
42.0000,-0.165803,-0.519763,0.719750,0.476979,0.228087,-0.304419,0.013912
42.0333,-0.165556,-0.519972,0.721559,0.474629,0.227880,-0.303904,0.014052
42.0667,-0.165961,-0.520403,0.722207,0.473372,0.228034,-0.303775,0.014346
42.1000,-0.167182,-0.521153,0.722512,0.471941,0.228622,-0.303767,0.014883
42.1333,-0.168871,-0.521427,0.722832,0.471050,0.229401,-0.303601,0.015333
42.1667,-0.171353,-0.521230,0.723066,0.470187,0.230523,-0.303185,0.015947
42.2000,-0.174246,-0.521156,0.723141,0.470308,0.231805,-0.303007,0.016496
42.2333,-0.178305,-0.520600,0.723849,0.472603,0.233309,-0.302813,0.016918
42.2667,-0.182793,-0.520375,0.724227,0.474118,0.235113,-0.302644,0.017665
42.3000,-0.187690,-0.520246,0.724369,0.476109,0.237110,-0.302603,0.018453
42.3333,-0.193019,-0.520467,0.724177,0.478688,0.239304,-0.302831,0.019333
42.3667,-0.198993,-0.520847,0.724227,0.482331,0.241653,-0.303230,0.020260
42.4000,-0.205049,-0.521218,0.723531,0.484789,0.244243,-0.303523,0.021392
42.4333,-0.211702,-0.521439,0.723090,0.488252,0.246942,-0.303832,0.022572
42.4667,-0.218430,-0.521826,0.722326,0.496392,0.249526,-0.305048,0.023089
42.5000,-0.225608,-0.521704,0.721307,0.503321,0.252363,-0.305824,0.023922
42.5333,-0.232583,-0.521422,0.720186,0.507222,0.255260,-0.306035,0.025174
42.5667,-0.238222,-0.524380,0.718100,0.508364,0.257856,-0.307454,0.026953
42.6000,-0.244873,-0.524463,0.716707,0.512016,0.260658,-0.307836,0.028244
42.6333,-0.251348,-0.524734,0.715088,0.514161,0.263508,-0.308089,0.029740
42.6667,-0.259159,-0.526218,0.712683,0.512282,0.267112,-0.308188,0.032507
42.7000,-0.266427,-0.525279,0.711275,0.515366,0.270192,-0.307959,0.033954
42.7333,-0.273088,-0.525908,0.709403,0.516520,0.273148,-0.308204,0.035792
42.7667,-0.278906,-0.526292,0.707802,0.518752,0.275658,-0.308544,0.037212
42.8000,-0.284551,-0.525466,0.706567,0.523419,0.277905,-0.308706,0.038108
42.8333,-0.289535,-0.521933,0.706283,0.526175,0.279862,-0.307242,0.038684
42.8667,-0.294406,-0.517576,0.706197,0.534597,0.281536,-0.306354,0.038252
42.9000,-0.302121,-0.499447,0.709436,0.546734,0.283749,-0.299140,0.036253
42.9333,-0.306992,-0.482033,0.712591,0.568801,0.284309,-0.294068,0.032212
42.9667,-0.309466,-0.464194,0.716261,0.585288,0.284053,-0.287890,0.028276
43.0000,-0.309772,-0.454058,0.717765,0.600825,0.283156,-0.285521,0.024966
43.0333,-0.311773,-0.448611,0.716346,0.621239,0.283029,-0.286383,0.022178
43.0667,-0.310506,-0.443823,0.714823,0.639923,0.281581,-0.287511,0.018821
43.1000,-0.308372,-0.440379,0.713368,0.652970,0.280048,-0.288384,0.016157
43.1333,-0.305686,-0.434396,0.711440,0.672820,0.277809,-0.289262,0.012231
43.1667,-0.301312,-0.432492,0.709242,0.685011,0.275333,-0.290960,0.009355
43.2000,-0.294477,-0.429353,0.707626,0.699119,0.271519,-0.292483,0.005418
43.2333,-0.288087,-0.426147,0.706786,0.704543,0.268352,-0.292377,0.002781
43.2667,-0.281296,-0.423832,0.706842,0.705189,0.265211,-0.291812,0.000777
43.3000,-0.272542,-0.424337,0.704971,0.698381,0.261982,-0.291720,-0.000280
43.3333,-0.261434,-0.428541,0.703103,0.693274,0.257620,-0.293864,-0.001806
43.3667,-0.249678,-0.430538,0.702469,0.684581,0.253066,-0.294227,-0.003257
43.4000,-0.234522,-0.441606,0.700981,0.684845,0.246424,-0.300767,-0.005704
43.4333,-0.220246,-0.441399,0.702974,0.687680,0.239502,-0.301819,-0.009672
43.4667,-0.203960,-0.433401,0.706023,0.703252,0.230381,-0.301208,-0.016558
43.5000,-0.190622,-0.426402,0.709360,0.707060,0.223421,-0.298839,-0.020918
43.5333,-0.172104,-0.417167,0.710542,0.738938,0.211540,-0.300544,-0.029790
43.5667,-0.154285,-0.414280,0.708372,0.766466,0.200425,-0.304896,-0.036779
43.6000,-0.141662,-0.409885,0.705767,0.785578,0.192501,-0.306824,-0.041684
43.6333,-0.132367,-0.409625,0.702782,0.780531,0.188725,-0.306619,-0.042526
43.6667,-0.122070,-0.412716,0.700659,0.780454,0.183893,-0.308866,-0.043922
43.7000,-0.111749,-0.403717,0.700433,0.791214,0.177632,-0.306699,-0.047985
43.7333,-0.104894,-0.400388,0.700315,0.792574,0.174035,-0.305576,-0.049552
43.7667,-0.099829,-0.396563,0.700044,0.792142,0.171562,-0.303849,-0.050672
43.8000,-0.095957,-0.389516,0.698417,0.797454,0.169185,-0.301560,-0.052569
43.8333,-0.095656,-0.379234,0.696959,0.804303,0.168347,-0.297699,-0.054291
43.8667,-0.096111,-0.370596,0.694019,0.812674,0.167820,-0.295005,-0.055737
43.9000,-0.099542,-0.360605,0.693780,0.810156,0.169815,-0.289449,-0.055750
43.9333,-0.102942,-0.352287,0.692539,0.811203,0.171473,-0.285420,-0.055949
43.9667,-0.108519,-0.344213,0.691038,0.810556,0.174416,-0.281160,-0.055479
44.0000,-0.113238,-0.325465,0.689994,0.827013,0.174800,-0.274159,-0.057925
44.0333,-0.121360,-0.316722,0.686583,0.832473,0.178439,-0.270566,-0.057598
44.0667,-0.129826,-0.311768,0.683040,0.837004,0.182402,-0.268738,-0.056845
44.1000,-0.138858,-0.302759,0.678650,0.848783,0.185787,-0.266003,-0.056987
44.1333,-0.146939,-0.303276,0.675398,0.848185,0.190162,-0.266133,-0.055278
44.1667,-0.153740,-0.302608,0.671110,0.851652,0.193474,-0.266444,-0.054262
44.2000,-0.159367,-0.303817,0.668219,0.850510,0.196629,-0.266909,-0.052797
44.2333,-0.164122,-0.304382,0.664927,0.852225,0.199079,-0.267572,-0.051947
44.2667,-0.168698,-0.305338,0.662362,0.852539,0.201525,-0.268146,-0.050910
44.3000,-0.172732,-0.308323,0.656999,0.861244,0.202984,-0.271364,-0.050716
44.3333,-0.177926,-0.303898,0.651881,0.875244,0.204270,-0.271510,-0.051461
44.3667,-0.183485,-0.306038,0.645682,0.884926,0.206390,-0.274439,-0.051078
44.4000,-0.189636,-0.305700,0.639685,0.894260,0.208776,-0.275979,-0.050700
44.4333,-0.195146,-0.304863,0.632460,0.908158,0.210352,-0.278101,-0.050942
44.4667,-0.200447,-0.305627,0.626934,0.913152,0.212788,-0.279523,-0.050132
44.5000,-0.205249,-0.306005,0.622717,0.915044,0.215238,-0.280165,-0.049120
44.5333,-0.209722,-0.305573,0.618799,0.917188,0.217465,-0.280413,-0.048291
44.5667,-0.213610,-0.304350,0.614164,0.920120,0.219329,-0.280470,-0.047667
44.6000,-0.217151,-0.302976,0.610749,0.922271,0.221046,-0.280231,-0.047142
44.6333,-0.219902,-0.301170,0.607612,0.924463,0.222328,-0.279787,-0.046807
44.6667,-0.222054,-0.300050,0.604485,0.926211,0.223368,-0.279660,-0.046475
44.7000,-0.223936,-0.298812,0.601494,0.928186,0.224246,-0.279508,-0.046266
44.7333,-0.225001,-0.297990,0.600515,0.928200,0.224838,-0.279111,-0.046043
44.7667,-0.225102,-0.296851,0.598809,0.929323,0.224841,-0.278868,-0.046175
44.8000,-0.225144,-0.295331,0.596295,0.932137,0.224678,-0.278752,-0.046521
44.8333,-0.225259,-0.294041,0.592832,0.935978,0.224473,-0.278991,-0.046883
44.8667,-0.225691,-0.293383,0.589199,0.940057,0.224419,-0.279589,-0.047167
44.9000,-0.225945,-0.292448,0.586563,0.943259,0.224320,-0.279825,-0.047474
44.9333,-0.226355,-0.291845,0.582926,0.947206,0.224247,-0.280425,-0.047715
44.9667,-0.226942,-0.290929,0.579343,0.951035,0.224276,-0.280829,-0.047958
45.0000,-0.227388,-0.290211,0.576652,0.953939,0.224301,-0.281121,-0.048164
45.0333,-0.227826,-0.289351,0.574003,0.956730,0.224319,-0.281316,-0.048351
45.0667,-0.228056,-0.288739,0.571346,0.959112,0.224283,-0.281589,-0.048502
45.1000,-0.228154,-0.287853,0.568796,0.961213,0.224210,-0.281677,-0.048683
45.1333,-0.227926,-0.286446,0.566430,0.963781,0.223905,-0.281563,-0.049063
45.1667,-0.228013,-0.285444,0.563961,0.966259,0.223768,-0.281634,-0.049311
45.2000,-0.227930,-0.283939,0.560773,0.970093,0.223401,-0.281716,-0.049763
45.2333,-0.227767,-0.283131,0.558309,0.973147,0.223069,-0.281981,-0.050140
45.2667,-0.228376,-0.281927,0.554946,0.977767,0.222945,-0.282301,-0.050508
45.3000,-0.228256,-0.283007,0.551119,0.983024,0.222425,-0.283981,-0.050896
45.3333,-0.227577,-0.284110,0.548188,0.986494,0.221810,-0.285364,-0.051227
45.3667,-0.226948,-0.284577,0.544421,0.990963,0.221112,-0.286629,-0.051667
45.4000,-0.225741,-0.285509,0.542462,0.993171,0.220343,-0.287682,-0.052026
45.4333,-0.223921,-0.286644,0.541482,0.994579,0.219280,-0.288693,-0.052427
45.4667,-0.221553,-0.286673,0.540774,0.995168,0.218009,-0.288955,-0.052867
45.5000,-0.218237,-0.286273,0.539325,0.994699,0.216520,-0.288993,-0.053414
45.5333,-0.213964,-0.286185,0.537137,0.993394,0.214711,-0.289216,-0.054071
45.5667,-0.208999,-0.286532,0.535109,0.992271,0.212521,-0.289712,-0.054847
45.6000,-0.203205,-0.288289,0.533015,0.992429,0.209759,-0.291171,-0.055822
45.6333,-0.196725,-0.295640,0.529821,0.998113,0.206007,-0.296449,-0.057070
45.6667,-0.190679,-0.299039,0.528100,0.999953,0.202770,-0.298937,-0.057951
45.7000,-0.181834,-0.309822,0.523441,1.001461,0.198421,-0.305642,-0.058528
45.7333,-0.170735,-0.330811,0.517725,1.005895,0.192542,-0.318214,-0.058523
45.7667,-0.156495,-0.354012,0.507666,0.998508,0.187040,-0.330811,-0.057150
45.8000,-0.140190,-0.370286,0.501208,0.997628,0.179186,-0.340410,-0.057501
45.8333,-0.126847,-0.379483,0.496809,0.997677,0.172543,-0.346136,-0.058295
45.8667,-0.116274,-0.384220,0.493260,0.996016,0.167532,-0.349128,-0.059042
45.9000,-0.104133,-0.389781,0.489153,0.987455,0.162841,-0.351719,-0.059215
45.9333,-0.092340,-0.390751,0.487628,0.984873,0.157215,-0.352503,-0.060592
45.9667,-0.078345,-0.395828,0.485741,0.983055,0.150316,-0.355569,-0.061670
46.0000,-0.068161,-0.402979,0.483539,0.983665,0.145009,-0.359870,-0.062006
46.0333,-0.057705,-0.414774,0.479452,0.976880,0.140880,-0.365697,-0.060878
46.0667,-0.048265,-0.421894,0.477034,0.972525,0.136786,-0.369267,-0.060537
46.1000,-0.040640,-0.424561,0.476142,0.971778,0.132954,-0.370856,-0.060994
46.1333,-0.029308,-0.432663,0.474414,0.958955,0.129247,-0.373751,-0.059991
46.1667,-0.023491,-0.433384,0.474555,0.953635,0.127080,-0.373586,-0.060189
46.2000,-0.016316,-0.435374,0.474874,0.949365,0.124011,-0.374209,-0.060417
46.2333,-0.012030,-0.433510,0.475785,0.950110,0.121510,-0.373403,-0.061393
46.2667,-0.006583,-0.435647,0.476160,0.945280,0.119504,-0.373976,-0.061266
46.3000,-0.003699,-0.433435,0.477051,0.945686,0.117827,-0.372907,-0.062112
46.3333,-0.001035,-0.434576,0.477367,0.943450,0.116814,-0.373240,-0.061974
46.3667,0.000667,-0.432457,0.478258,0.941853,0.116134,-0.371935,-0.062436
46.4000,0.001692,-0.427955,0.479503,0.941377,0.115607,-0.369486,-0.063432
46.4333,0.002843,-0.425480,0.480496,0.942744,0.114743,-0.368463,-0.064137
46.4667,0.003144,-0.423790,0.481191,0.943745,0.114370,-0.367686,-0.064537
46.5000,0.002810,-0.421673,0.481754,0.943371,0.114569,-0.366464,-0.064802
46.5333,0.002687,-0.417163,0.482878,0.942205,0.114749,-0.363882,-0.065424
46.5667,0.001317,-0.415062,0.483361,0.940869,0.115685,-0.362600,-0.065463
46.6000,-0.000200,-0.408747,0.485027,0.939126,0.116667,-0.359049,-0.066243
46.6333,-0.002045,-0.406775,0.485765,0.936601,0.117998,-0.357577,-0.066077
46.6667,-0.003209,-0.401212,0.487463,0.934926,0.118806,-0.354371,-0.066770
46.7000,-0.004110,-0.396272,0.489416,0.936150,0.118973,-0.351839,-0.067636
46.7333,-0.005676,-0.392371,0.491009,0.937881,0.119414,-0.349892,-0.068237
46.7667,-0.007497,-0.390759,0.491727,0.938141,0.120281,-0.348976,-0.068286
46.8000,-0.009601,-0.387569,0.493203,0.942018,0.120655,-0.347663,-0.068894
46.8333,-0.012352,-0.386005,0.494005,0.945872,0.121412,-0.347210,-0.069144
46.8667,-0.013624,-0.384004,0.494753,0.948266,0.121638,-0.346398,-0.069509
46.9000,-0.014394,-0.382511,0.495339,0.951064,0.121542,-0.345926,-0.069885
46.9333,-0.015563,-0.380926,0.495794,0.953357,0.121745,-0.345340,-0.070164
46.9667,-0.016273,-0.377552,0.496623,0.955199,0.121759,-0.343764,-0.070720
47.0000,-0.017024,-0.375283,0.497153,0.956898,0.121835,-0.342756,-0.071090
47.0333,-0.017734,-0.374022,0.497400,0.957745,0.122054,-0.342181,-0.071259
47.0667,-0.018181,-0.372822,0.497627,0.957973,0.122245,-0.341547,-0.071408
47.1000,-0.018524,-0.371167,0.497963,0.957775,0.122426,-0.340615,-0.071539
47.1333,-0.018695,-0.369758,0.498276,0.957809,0.122491,-0.339875,-0.071735
47.1667,-0.018785,-0.368701,0.498528,0.957995,0.122493,-0.339342,-0.071894
47.2000,-0.018911,-0.367694,0.498765,0.958391,0.122486,-0.338861,-0.072080
47.2333,-0.019458,-0.366568,0.499014,0.960624,0.122385,-0.338553,-0.072346
47.2667,-0.019649,-0.365785,0.499161,0.962150,0.122226,-0.338337,-0.072576
47.3000,-0.019776,-0.365391,0.499192,0.963794,0.122016,-0.338345,-0.072751
47.3333,-0.020135,-0.364750,0.499153,0.965836,0.121857,-0.338272,-0.072932
47.3667,-0.020099,-0.363665,0.499325,0.966215,0.121763,-0.337737,-0.073131
47.4000,-0.019946,-0.362765,0.499472,0.966763,0.121582,-0.337347,-0.073328
47.4333,-0.019657,-0.361939,0.499615,0.967403,0.121311,-0.337006,-0.073531
47.4667,-0.019336,-0.361191,0.499739,0.967969,0.121035,-0.336695,-0.073702
47.5000,-0.019036,-0.360499,0.499845,0.968373,0.120797,-0.336388,-0.073841
47.5333,-0.018809,-0.359695,0.499963,0.968570,0.120633,-0.335992,-0.073970
47.5667,-0.018707,-0.359021,0.500041,0.968437,0.120589,-0.335618,-0.074017
47.6000,-0.018614,-0.358273,0.500138,0.968070,0.120589,-0.335174,-0.074068
47.6333,-0.018611,-0.356929,0.500358,0.967125,0.120721,-0.334318,-0.074114
47.6667,-0.018271,-0.355882,0.500550,0.964760,0.120930,-0.333500,-0.074112
47.7000,-0.018224,-0.354509,0.500862,0.963223,0.121143,-0.332568,-0.074169
47.7333,-0.018438,-0.353184,0.501189,0.961660,0.121499,-0.331649,-0.074191
47.7667,-0.018886,-0.351969,0.501447,0.960650,0.121895,-0.330829,-0.074200
47.8000,-0.019487,-0.351377,0.501575,0.959950,0.122332,-0.330423,-0.074174
47.8333,-0.020477,-0.350531,0.501723,0.959119,0.122992,-0.329833,-0.074102
47.8667,-0.021688,-0.350318,0.501724,0.958437,0.123752,-0.329612,-0.073933
47.9000,-0.023005,-0.350254,0.501691,0.957890,0.124545,-0.329476,-0.073752
47.9333,-0.024441,-0.350482,0.501586,0.957093,0.125435,-0.329451,-0.073441
47.9667,-0.026025,-0.350619,0.501492,0.955958,0.126457,-0.329321,-0.073094
48.0000,-0.027800,-0.350794,0.501530,0.953865,0.127705,-0.329077,-0.072681
48.0333,-0.030121,-0.350873,0.501575,0.951674,0.129286,-0.328751,-0.072198
48.0667,-0.032614,-0.350582,0.501734,0.949309,0.130975,-0.328193,-0.071713
48.1000,-0.035530,-0.350712,0.501807,0.946851,0.132902,-0.327830,-0.071106
48.1333,-0.038584,-0.351473,0.502044,0.943465,0.135041,-0.327645,-0.070329
48.1667,-0.041732,-0.352450,0.502020,0.940685,0.137134,-0.327664,-0.069513
48.2000,-0.045157,-0.355294,0.501903,0.937526,0.139449,-0.328589,-0.068442
48.2333,-0.049728,-0.360230,0.500896,0.935593,0.142214,-0.330783,-0.066997
48.2667,-0.055652,-0.368564,0.499252,0.932526,0.145892,-0.334548,-0.064768
48.3000,-0.061040,-0.376245,0.498596,0.923268,0.150198,-0.337051,-0.062084
48.3333,-0.066794,-0.389255,0.497561,0.908217,0.155596,-0.341446,-0.058001
48.3667,-0.073476,-0.399822,0.497687,0.891296,0.161624,-0.344135,-0.053865
48.4000,-0.081646,-0.413238,0.498824,0.864145,0.169785,-0.346573,-0.047968
48.4333,-0.090700,-0.422702,0.500846,0.845613,0.176911,-0.348006,-0.043257
48.4667,-0.100235,-0.429556,0.503097,0.827071,0.184132,-0.348028,-0.038683
48.5000,-0.109713,-0.433677,0.506530,0.812497,0.190606,-0.347097,-0.034973
48.5333,-0.119169,-0.435372,0.509679,0.801755,0.196473,-0.345524,-0.031917
48.5667,-0.127796,-0.438387,0.512800,0.789690,0.202032,-0.344414,-0.028595
48.6000,-0.135777,-0.442362,0.517386,0.773865,0.207582,-0.343046,-0.024876
48.6333,-0.143410,-0.447373,0.522280,0.752094,0.213535,-0.341226,-0.020249
48.6667,-0.149435,-0.452038,0.526341,0.737877,0.217761,-0.340500,-0.016829
48.7000,-0.152945,-0.450648,0.527804,0.735756,0.219639,-0.339101,-0.016135
48.7333,-0.155886,-0.449636,0.530896,0.733266,0.221023,-0.337735,-0.015588
48.7667,-0.156862,-0.450465,0.533724,0.734922,0.221115,-0.337985,-0.015784
48.8000,-0.156971,-0.451405,0.536518,0.737053,0.220699,-0.338394,-0.016123
48.8333,-0.156168,-0.452830,0.539193,0.735927,0.220171,-0.338588,-0.016048
48.8667,-0.153605,-0.452069,0.542711,0.738462,0.218437,-0.338333,-0.017391
48.9000,-0.150819,-0.452675,0.544412,0.739780,0.216754,-0.338771,-0.018180
48.9333,-0.146812,-0.453208,0.548785,0.744775,0.213972,-0.339452,-0.019896
48.9667,-0.142224,-0.452009,0.554299,0.756459,0.209961,-0.340224,-0.022874
49.0000,-0.137162,-0.449831,0.559398,0.767480,0.205784,-0.340502,-0.025889
49.0333,-0.131931,-0.450204,0.562527,0.773312,0.202277,-0.341466,-0.027771
49.0667,-0.126381,-0.449800,0.565591,0.780210,0.198483,-0.342249,-0.029941
49.1000,-0.120874,-0.446906,0.569377,0.791822,0.194030,-0.342452,-0.032982
49.1333,-0.115232,-0.437931,0.574150,0.817624,0.187552,-0.341732,-0.038430
49.1667,-0.110806,-0.432047,0.576609,0.831554,0.183326,-0.340898,-0.041688
49.2000,-0.106658,-0.423222,0.578498,0.853892,0.178105,-0.339915,-0.046076
49.2333,-0.103843,-0.404187,0.581167,0.874199,0.173676,-0.333337,-0.051269
49.2667,-0.101732,-0.383256,0.583916,0.887146,0.170575,-0.324573,-0.055690
49.3000,-0.100965,-0.365518,0.585197,0.901639,0.168014,-0.317654,-0.059418
49.3333,-0.101330,-0.346273,0.585373,0.919545,0.165574,-0.310450,-0.063258
49.3667,-0.103321,-0.336990,0.582187,0.935404,0.164497,-0.308245,-0.065350
49.4000,-0.108274,-0.328724,0.578703,0.944307,0.165959,-0.305429,-0.066145
49.4333,-0.114198,-0.318417,0.575551,0.949812,0.168364,-0.300972,-0.066607
49.4667,-0.119730,-0.306577,0.574489,0.948921,0.171339,-0.294602,-0.066663
49.5000,-0.125105,-0.297581,0.572436,0.953043,0.173580,-0.290504,-0.066926
49.5333,-0.130712,-0.288376,0.570566,0.955137,0.176192,-0.285964,-0.066881
49.5667,-0.138398,-0.281803,0.568025,0.958022,0.179811,-0.282862,-0.066310
49.6000,-0.145737,-0.276208,0.565419,0.960759,0.183266,-0.280255,-0.065653
49.6333,-0.152724,-0.273861,0.563883,0.959040,0.187130,-0.278617,-0.064329
49.6667,-0.159764,-0.270804,0.562110,0.958145,0.190890,-0.276741,-0.063099
49.7000,-0.166044,-0.269588,0.559126,0.962150,0.193669,-0.276652,-0.062366
49.7333,-0.169795,-0.269578,0.557638,0.962117,0.195656,-0.276604,-0.061596
49.7667,-0.173951,-0.270371,0.555958,0.961940,0.197881,-0.276950,-0.060651
49.8000,-0.177913,-0.270830,0.554397,0.961999,0.199968,-0.277152,-0.059811
49.8333,-0.182323,-0.269232,0.551771,0.966883,0.201640,-0.277028,-0.059541
49.8667,-0.185974,-0.268819,0.549903,0.967779,0.203450,-0.276932,-0.058878
49.9000,-0.190179,-0.268111,0.548054,0.968933,0.205503,-0.276687,-0.058177
49.9333,-0.193646,-0.268942,0.545964,0.970938,0.207097,-0.277419,-0.057580
49.9667,-0.196174,-0.270707,0.544775,0.970898,0.208488,-0.278345,-0.056835
50.0000,-0.198561,-0.271351,0.543336,0.971387,0.209665,-0.278730,-0.056325
50.0333,-0.200638,-0.271969,0.542445,0.971385,0.210800,-0.279041,-0.055814
50.0667,-0.203043,-0.272496,0.541047,0.971768,0.211995,-0.279362,-0.055268
50.1000,-0.204866,-0.273195,0.539690,0.972768,0.212863,-0.279900,-0.054920
50.1333,-0.206458,-0.273976,0.538336,0.973877,0.213592,-0.280506,-0.054605
50.1667,-0.208061,-0.274539,0.537518,0.973881,0.214459,-0.280800,-0.054159
50.2000,-0.209434,-0.273748,0.536544,0.972001,0.215369,-0.280128,-0.053567
50.2333,-0.210281,-0.272437,0.535449,0.968872,0.216270,-0.279083,-0.053068
50.2667,-0.211808,-0.270484,0.534932,0.966488,0.217362,-0.277710,-0.052592
50.3000,-0.213079,-0.268905,0.534767,0.965480,0.218160,-0.276673,-0.052357
50.3333,-0.214284,-0.268410,0.534411,0.964862,0.218862,-0.276323,-0.052065
50.3667,-0.215522,-0.267767,0.534097,0.964243,0.219570,-0.275864,-0.051769
50.4000,-0.216877,-0.266707,0.533872,0.963533,0.220337,-0.275156,-0.051471
50.4333,-0.218109,-0.266224,0.533560,0.963140,0.221016,-0.274827,-0.051202
50.4667,-0.219432,-0.265073,0.533388,0.962634,0.221734,-0.274091,-0.050946
50.5000,-0.220655,-0.264134,0.533198,0.961991,0.222407,-0.273466,-0.050639
50.5333,-0.221675,-0.263145,0.533060,0.961357,0.222981,-0.272820,-0.050405
50.5667,-0.222612,-0.262479,0.532881,0.960878,0.223509,-0.272380,-0.050192
50.6000,-0.223235,-0.262146,0.532682,0.960498,0.223864,-0.272146,-0.050017
50.6333,-0.223777,-0.261393,0.532592,0.959945,0.224190,-0.271649,-0.049871
50.6667,-0.224135,-0.260824,0.532498,0.959189,0.224445,-0.271239,-0.049699
50.7000,-0.224332,-0.260133,0.532466,0.958507,0.224625,-0.270778,-0.049627
50.7333,-0.224309,-0.259935,0.532372,0.957837,0.224694,-0.270603,-0.049538
50.7667,-0.224024,-0.259822,0.532305,0.957396,0.224619,-0.270513,-0.049566
50.8000,-0.223374,-0.260976,0.532024,0.957174,0.224352,-0.271170,-0.049563
50.8333,-0.222098,-0.262668,0.531590,0.956441,0.223889,-0.272050,-0.049612
50.8667,-0.221224,-0.262701,0.531584,0.956284,0.223482,-0.272098,-0.049803
50.9000,-0.219726,-0.262615,0.531537,0.953567,0.223115,-0.271776,-0.049756
50.9333,-0.216900,-0.263112,0.531669,0.949407,0.222295,-0.271623,-0.049814
50.9667,-0.213892,-0.263808,0.531985,0.946494,0.221215,-0.271733,-0.050073
51.0000,-0.210587,-0.264006,0.532517,0.944732,0.219797,-0.271731,-0.050551
51.0333,-0.206794,-0.264116,0.533208,0.942671,0.218168,-0.271651,-0.051105
51.0667,-0.201882,-0.265828,0.533868,0.940382,0.216058,-0.272438,-0.051775
51.1000,-0.197224,-0.267285,0.534645,0.938175,0.214038,-0.273072,-0.052398
51.1333,-0.192030,-0.268248,0.535530,0.936594,0.211636,-0.273546,-0.053208
51.1667,-0.185931,-0.268088,0.536831,0.935226,0.208729,-0.273474,-0.054349
51.2000,-0.180163,-0.266557,0.538251,0.936778,0.205586,-0.273056,-0.055948
51.2333,-0.173429,-0.263988,0.540175,0.935724,0.202207,-0.271731,-0.057340
51.2667,-0.166133,-0.262077,0.542084,0.934956,0.198537,-0.270815,-0.058868
51.3000,-0.157998,-0.260327,0.544347,0.932651,0.194636,-0.269773,-0.060347
51.3333,-0.150926,-0.259256,0.546201,0.931276,0.191152,-0.269188,-0.061624
51.3667,-0.142392,-0.262227,0.548570,0.919690,0.188385,-0.269337,-0.061699
51.4000,-0.135884,-0.260023,0.551113,0.918167,0.185145,-0.268033,-0.062940
51.4333,-0.127784,-0.263095,0.554179,0.908992,0.182196,-0.268439,-0.063212
51.4667,-0.117761,-0.275459,0.555787,0.898115,0.178680,-0.273623,-0.062883
51.5000,-0.107209,-0.282021,0.560435,0.879194,0.175744,-0.274387,-0.062186
51.5333,-0.099330,-0.285597,0.564547,0.872097,0.172486,-0.275134,-0.062577
51.5667,-0.090194,-0.288421,0.569157,0.866894,0.168285,-0.275739,-0.063471
51.6000,-0.082266,-0.300731,0.572595,0.848692,0.166608,-0.279442,-0.061831
51.6333,-0.075115,-0.312701,0.576446,0.836451,0.164453,-0.283662,-0.060820
51.6667,-0.068633,-0.319457,0.580759,0.827253,0.162121,-0.285547,-0.060410
51.7000,-0.064132,-0.324082,0.585501,0.817944,0.160748,-0.286190,-0.059873
51.7333,-0.059188,-0.339239,0.591401,0.779453,0.162936,-0.287818,-0.055091
51.7667,-0.057020,-0.344102,0.597714,0.765515,0.163108,-0.287551,-0.053640
51.8000,-0.059245,-0.357899,0.603339,0.732392,0.167890,-0.288795,-0.048307
51.8333,-0.064188,-0.365063,0.609666,0.704446,0.173077,-0.287218,-0.043627
51.8667,-0.066738,-0.365918,0.614747,0.699659,0.174395,-0.286165,-0.042823
51.9000,-0.072956,-0.373659,0.621219,0.675586,0.179508,-0.285267,-0.038295
51.9333,-0.080586,-0.379020,0.626357,0.660405,0.184310,-0.284581,-0.034764
51.9667,-0.093814,-0.396538,0.632219,0.609047,0.195246,-0.283910,-0.024123
52.0000,-0.106196,-0.410200,0.638161,0.567145,0.204215,-0.282645,-0.014903
52.0333,-0.115954,-0.422921,0.642541,0.546783,0.209944,-0.284383,-0.009203
52.0667,-0.124254,-0.431307,0.645795,0.539703,0.213942,-0.286289,-0.006016
52.1000,-0.131656,-0.430727,0.653944,0.553828,0.215296,-0.286653,-0.007407
52.1333,-0.138286,-0.429252,0.661145,0.572901,0.215965,-0.287564,-0.009571
52.1667,-0.145164,-0.429462,0.666492,0.584590,0.217533,-0.288382,-0.010219
52.2000,-0.151491,-0.430391,0.669442,0.589734,0.219676,-0.288880,-0.009794
52.2333,-0.159293,-0.435822,0.670346,0.582923,0.223619,-0.289782,-0.006617
52.2667,-0.166515,-0.441192,0.671332,0.575199,0.227378,-0.290527,-0.003509
52.3000,-0.172239,-0.440258,0.673147,0.575826,0.229760,-0.289627,-0.002686
52.3333,-0.177021,-0.439252,0.676359,0.581969,0.231082,-0.289429,-0.002889
52.3667,-0.181046,-0.439474,0.678984,0.586319,0.232259,-0.289644,-0.002803
52.4000,-0.184745,-0.440275,0.680135,0.586902,0.233742,-0.289741,-0.002065
52.4333,-0.189389,-0.446436,0.681543,0.576282,0.236411,-0.290460,0.001053
52.4667,-0.191251,-0.450188,0.681067,0.576696,0.237341,-0.292300,0.001793
52.5000,-0.193194,-0.454365,0.681430,0.575897,0.238197,-0.293888,0.002718
52.5333,-0.194559,-0.460450,0.682293,0.567669,0.239275,-0.295193,0.004787
52.5667,-0.194301,-0.471814,0.683052,0.551087,0.240251,-0.297699,0.008177
52.6000,-0.194934,-0.473849,0.685547,0.544736,0.240673,-0.297249,0.009216
52.6333,-0.195968,-0.472674,0.686764,0.543326,0.241087,-0.296221,0.009441
52.6667,-0.196757,-0.472772,0.687649,0.542189,0.241394,-0.295944,0.009734
52.7000,-0.198487,-0.472782,0.690535,0.535357,0.242238,-0.294373,0.010864
52.7333,-0.199793,-0.473328,0.692269,0.533129,0.242751,-0.293959,0.011385
52.7667,-0.201034,-0.473103,0.693131,0.531735,0.243278,-0.293419,0.011816
52.8000,-0.201367,-0.471532,0.694663,0.531651,0.243277,-0.292458,0.011505
52.8333,-0.201705,-0.470290,0.696074,0.530456,0.243277,-0.291480,0.011600
52.8667,-0.201893,-0.469674,0.698426,0.527844,0.243231,-0.290496,0.011761
52.9000,-0.201842,-0.467338,0.701388,0.525496,0.242990,-0.288664,0.011601
52.9333,-0.201418,-0.465470,0.704304,0.523040,0.242584,-0.287059,0.011442
52.9667,-0.200667,-0.463276,0.707420,0.520209,0.242028,-0.285238,0.011222
53.0000,-0.199825,-0.463585,0.709769,0.516866,0.241556,-0.284592,0.011367
53.0333,-0.198753,-0.464248,0.712059,0.514421,0.240965,-0.284277,0.011319
53.0667,-0.197362,-0.465309,0.714274,0.513335,0.240176,-0.284395,0.011026
53.1000,-0.195972,-0.465878,0.715551,0.513569,0.239391,-0.284626,0.010571
53.1333,-0.194022,-0.465493,0.717259,0.513631,0.238315,-0.284342,0.009918
53.1667,-0.191663,-0.462216,0.721000,0.512196,0.236924,-0.282278,0.008997
53.2000,-0.190175,-0.459975,0.724176,0.509248,0.236013,-0.280454,0.008663
53.2333,-0.188861,-0.458039,0.726199,0.509390,0.235182,-0.279375,0.007907
53.2667,-0.188451,-0.457441,0.728528,0.511364,0.234638,-0.279188,0.007266
53.3000,-0.188206,-0.457773,0.729472,0.511704,0.234371,-0.279292,0.007124
53.3333,-0.188230,-0.459875,0.729759,0.511520,0.234345,-0.280221,0.007373
53.3667,-0.189282,-0.461087,0.730906,0.509522,0.234787,-0.280212,0.007893
53.4000,-0.190034,-0.462409,0.731190,0.509619,0.235116,-0.280779,0.008103
53.4333,-0.190813,-0.462913,0.732537,0.511677,0.235193,-0.281111,0.007836
53.4667,-0.191883,-0.463762,0.732801,0.512651,0.235607,-0.281581,0.007960
53.5000,-0.193217,-0.464267,0.733066,0.513556,0.236117,-0.281840,0.008141
53.5333,-0.194608,-0.464915,0.733242,0.513866,0.236667,-0.282079,0.008493
53.5667,-0.196056,-0.465562,0.733382,0.514517,0.237263,-0.282381,0.008744
53.6000,-0.197227,-0.466693,0.733421,0.514509,0.237740,-0.282825,0.009163
53.6333,-0.198012,-0.467904,0.733523,0.514036,0.238075,-0.283241,0.009544
53.6667,-0.198526,-0.469772,0.733482,0.513359,0.238333,-0.283973,0.009957
53.7000,-0.199047,-0.471327,0.733525,0.514059,0.238583,-0.284777,0.010001
53.7333,-0.200673,-0.471986,0.734110,0.516188,0.239112,-0.285229,0.010036
53.7667,-0.203007,-0.472645,0.734398,0.518353,0.239980,-0.285708,0.010280
53.8000,-0.205465,-0.473001,0.734650,0.520594,0.240900,-0.286058,0.010522
53.8333,-0.208070,-0.473117,0.734844,0.523546,0.241858,-0.286413,0.010668
53.8667,-0.210483,-0.473661,0.734855,0.526776,0.242734,-0.287047,0.010801
53.9000,-0.212662,-0.474582,0.734706,0.530265,0.243516,-0.287933,0.010893
53.9333,-0.214696,-0.475830,0.734389,0.532669,0.244301,-0.288817,0.011186
53.9667,-0.216405,-0.477502,0.733942,0.535018,0.244977,-0.289929,0.011446
54.0000,-0.217827,-0.478810,0.733391,0.535390,0.245659,-0.290594,0.011938
54.0333,-0.219261,-0.479491,0.733013,0.536179,0.246312,-0.290991,0.012219
54.0667,-0.220040,-0.479859,0.732894,0.536725,0.246612,-0.291208,0.012387
54.1000,-0.220456,-0.480337,0.732826,0.536832,0.246770,-0.291425,0.012558
54.1333,-0.219987,-0.481070,0.732914,0.536053,0.246540,-0.291644,0.012694
54.1667,-0.218369,-0.482130,0.733399,0.534907,0.245876,-0.291982,0.012494
54.2000,-0.216514,-0.483584,0.733654,0.535081,0.245003,-0.292798,0.012142
54.2333,-0.214160,-0.485547,0.734038,0.533772,0.244044,-0.293560,0.011939
54.2667,-0.211902,-0.486417,0.734740,0.530527,0.243141,-0.293470,0.011926
54.3000,-0.209337,-0.486962,0.735674,0.528286,0.242050,-0.293396,0.011593
54.3333,-0.205875,-0.486629,0.737156,0.527246,0.240430,-0.293106,0.010741
54.3667,-0.200605,-0.484625,0.739660,0.528979,0.237743,-0.292496,0.008793
54.4000,-0.194552,-0.480708,0.743061,0.535653,0.234276,-0.291759,0.005747
54.4333,-0.189467,-0.476897,0.745911,0.547629,0.230926,-0.291956,0.002294
54.4667,-0.183340,-0.475467,0.748038,0.552371,0.227650,-0.292197,-0.000095
54.5000,-0.177367,-0.472656,0.750451,0.554949,0.224478,-0.291371,-0.002195
54.5333,-0.173532,-0.468264,0.752736,0.555095,0.222419,-0.289285,-0.003604
54.5667,-0.168660,-0.467524,0.754281,0.556330,0.219867,-0.289237,-0.005065
54.6000,-0.161970,-0.463653,0.757132,0.562030,0.216188,-0.288420,-0.007833
54.6333,-0.156856,-0.462902,0.758609,0.564038,0.213525,-0.288508,-0.009340
54.6667,-0.151587,-0.463188,0.759782,0.567417,0.210759,-0.289361,-0.010982
54.7000,-0.145653,-0.464754,0.760672,0.572994,0.207568,-0.291255,-0.012921
54.7333,-0.139195,-0.466151,0.761621,0.577373,0.204155,-0.292878,-0.014723
54.7667,-0.132162,-0.466693,0.762872,0.581116,0.200468,-0.293983,-0.016640
54.8000,-0.123021,-0.463292,0.765391,0.590094,0.195222,-0.294066,-0.020114
54.8333,-0.113546,-0.459891,0.767761,0.599539,0.189730,-0.294244,-0.023607
54.8667,-0.105898,-0.461193,0.768079,0.607039,0.185469,-0.296464,-0.025842
54.9000,-0.097708,-0.461273,0.769226,0.611021,0.181108,-0.297433,-0.027874
54.9333,-0.088833,-0.458378,0.770076,0.623915,0.175659,-0.298552,-0.031356
54.9667,-0.083103,-0.458963,0.769502,0.630022,0.172443,-0.300195,-0.032975
55.0000,-0.074582,-0.453462,0.770314,0.646078,0.166764,-0.300571,-0.036926
55.0333,-0.063423,-0.444705,0.770818,0.677653,0.158211,-0.302131,-0.043261
55.0667,-0.053267,-0.445003,0.765270,0.724849,0.148969,-0.311366,-0.049607
55.1000,-0.041892,-0.430470,0.761944,0.758046,0.139952,-0.310672,-0.055930
55.1333,-0.035234,-0.421540,0.755382,0.780025,0.134749,-0.310908,-0.059547
55.1667,-0.032491,-0.422279,0.754042,0.780849,0.133339,-0.311664,-0.059775
55.2000,-0.026913,-0.413006,0.748975,0.791915,0.129776,-0.309624,-0.062312
55.2333,-0.027768,-0.405689,0.742292,0.800834,0.129832,-0.308137,-0.063467
55.2667,-0.026192,-0.400891,0.738855,0.805127,0.128864,-0.306870,-0.064423
55.3000,-0.025610,-0.391984,0.734792,0.811240,0.128217,-0.303860,-0.065743
55.3333,-0.025170,-0.377103,0.730729,0.823782,0.126818,-0.298870,-0.068215
55.3667,-0.026674,-0.370808,0.725872,0.830046,0.127275,-0.297171,-0.068979
55.4000,-0.029736,-0.365450,0.720659,0.835238,0.128695,-0.295746,-0.069341
55.4333,-0.034389,-0.361370,0.716431,0.836721,0.131306,-0.294206,-0.069072
55.4667,-0.038952,-0.359385,0.711918,0.838491,0.133857,-0.293803,-0.068630
55.5000,-0.044825,-0.358033,0.708447,0.838170,0.137247,-0.293228,-0.067795
55.5333,-0.050798,-0.353257,0.703399,0.841383,0.140362,-0.291637,-0.067492
55.5667,-0.058589,-0.348533,0.698204,0.844995,0.144366,-0.290078,-0.066964
55.6000,-0.069211,-0.340476,0.692367,0.849600,0.149709,-0.286922,-0.066315
55.6333,-0.081114,-0.333504,0.686199,0.857315,0.155325,-0.284766,-0.065676
55.6667,-0.088973,-0.324153,0.681352,0.865375,0.158678,-0.281442,-0.065851
55.7000,-0.099671,-0.307546,0.676789,0.874103,0.163282,-0.274319,-0.066118
55.7333,-0.110502,-0.299845,0.671333,0.881303,0.168264,-0.271577,-0.065490
55.7667,-0.121930,-0.292774,0.665862,0.884152,0.174058,-0.268437,-0.064121
55.8000,-0.130069,-0.291904,0.662684,0.881287,0.178747,-0.267510,-0.062267
55.8333,-0.136280,-0.292970,0.659539,0.878104,0.182501,-0.267611,-0.060545
55.8667,-0.141727,-0.291363,0.655513,0.882036,0.185105,-0.267554,-0.060096
55.9000,-0.145807,-0.293836,0.652542,0.880288,0.187584,-0.268668,-0.058746
55.9333,-0.149039,-0.299912,0.648949,0.881919,0.189394,-0.272264,-0.057873
55.9667,-0.155272,-0.301586,0.643171,0.889305,0.192072,-0.274535,-0.057218
56.0000,-0.160372,-0.302773,0.639377,0.891572,0.194652,-0.275629,-0.056283
56.0333,-0.165513,-0.302113,0.636034,0.892791,0.197310,-0.275560,-0.055333
56.0667,-0.169682,-0.301448,0.632916,0.894350,0.199426,-0.275564,-0.054621
56.1000,-0.173025,-0.300769,0.630820,0.895153,0.201151,-0.275383,-0.054042
56.1333,-0.175596,-0.299414,0.628198,0.898008,0.202259,-0.275254,-0.053857
56.1667,-0.177952,-0.297517,0.624878,0.903494,0.202977,-0.275320,-0.054028
56.2000,-0.180204,-0.294577,0.620906,0.909732,0.203570,-0.275024,-0.054333
56.2333,-0.182780,-0.291839,0.616794,0.915563,0.204390,-0.274765,-0.054527
56.2667,-0.184120,-0.292200,0.614748,0.916737,0.205069,-0.275266,-0.054290
56.3000,-0.186069,-0.292412,0.610912,0.921418,0.205729,-0.276355,-0.054269
56.3333,-0.187703,-0.292969,0.606999,0.925737,0.206278,-0.277591,-0.054225
56.3667,-0.188721,-0.292714,0.605104,0.926753,0.206789,-0.277748,-0.054073
56.4000,-0.189783,-0.292022,0.603327,0.927534,0.207335,-0.277628,-0.053920
56.4333,-0.190943,-0.291117,0.601617,0.928417,0.207914,-0.277403,-0.053792
56.4667,-0.192434,-0.289759,0.599164,0.930476,0.208549,-0.277172,-0.053730
56.5000,-0.194481,-0.288302,0.595849,0.934711,0.209237,-0.277263,-0.053786
56.5333,-0.195165,-0.288065,0.594945,0.934903,0.209614,-0.277220,-0.053622
56.5667,-0.195359,-0.288235,0.594034,0.934769,0.209758,-0.277370,-0.053445
56.6000,-0.195603,-0.288534,0.593103,0.934777,0.209956,-0.277611,-0.053346
56.6333,-0.196591,-0.288033,0.592246,0.933990,0.210595,-0.277249,-0.053006
56.6667,-0.196897,-0.287789,0.590010,0.930491,0.211320,-0.276833,-0.052409
56.7000,-0.196855,-0.288640,0.587234,0.926483,0.212041,-0.276985,-0.051767
56.7333,-0.197960,-0.288650,0.586457,0.925373,0.212796,-0.276844,-0.051333
56.7667,-0.198798,-0.286507,0.585176,0.921628,0.213742,-0.275292,-0.050836
56.8000,-0.199170,-0.284298,0.584231,0.917961,0.214437,-0.273705,-0.050431
56.8333,-0.200160,-0.284011,0.583732,0.918205,0.215009,-0.273601,-0.050393
56.8667,-0.201326,-0.285335,0.581991,0.921749,0.215259,-0.274912,-0.050427
56.9000,-0.203462,-0.286324,0.579596,0.926556,0.215865,-0.276240,-0.050373
56.9333,-0.207035,-0.283828,0.576289,0.939303,0.216167,-0.276914,-0.051226
56.9667,-0.208662,-0.285528,0.572445,0.946782,0.216264,-0.279159,-0.051468
57.0000,-0.209334,-0.290475,0.566809,0.957971,0.215540,-0.283843,-0.051991
57.0333,-0.210608,-0.298080,0.559922,0.968435,0.215285,-0.289884,-0.051969
57.0667,-0.211739,-0.298562,0.555162,0.974496,0.215327,-0.291398,-0.052178
57.1000,-0.211454,-0.299138,0.552297,0.977470,0.214966,-0.292414,-0.052407
57.1333,-0.210037,-0.300208,0.549452,0.980446,0.214030,-0.293743,-0.052800
57.1667,-0.208655,-0.300031,0.546845,0.983631,0.213064,-0.294431,-0.053363
57.2000,-0.206203,-0.299048,0.545447,0.985678,0.211628,-0.294477,-0.054125
57.2333,-0.202739,-0.298697,0.544981,0.986813,0.209674,-0.294680,-0.054924
57.2667,-0.198155,-0.299145,0.544487,0.988061,0.207195,-0.295389,-0.055873
57.3000,-0.192689,-0.298811,0.543310,0.989128,0.204445,-0.295753,-0.057042
57.3333,-0.186890,-0.297920,0.542306,0.991140,0.201316,-0.295979,-0.058494
57.3667,-0.179268,-0.296417,0.541635,0.993799,0.197116,-0.296025,-0.060375
57.4000,-0.170422,-0.296902,0.540694,0.995886,0.192356,-0.297091,-0.062101
57.4333,-0.158837,-0.297624,0.538261,0.996347,0.186545,-0.298330,-0.064087
57.4667,-0.144178,-0.307638,0.532180,0.976926,0.182416,-0.302167,-0.063448
57.5000,-0.134523,-0.311095,0.529837,0.968899,0.178849,-0.303546,-0.063829
57.5333,-0.124585,-0.315573,0.527969,0.963782,0.174687,-0.305809,-0.064486
57.5667,-0.114554,-0.322896,0.526113,0.955687,0.170913,-0.309117,-0.064471
57.6000,-0.106388,-0.323915,0.526139,0.954087,0.166972,-0.309780,-0.065548
57.6333,-0.098493,-0.331327,0.524861,0.945321,0.164355,-0.312866,-0.065071
57.6667,-0.090753,-0.335925,0.524561,0.944310,0.160560,-0.315440,-0.065685
57.7000,-0.082729,-0.341112,0.524281,0.939121,0.157245,-0.317744,-0.065800
57.7333,-0.076938,-0.345064,0.524121,0.940738,0.154026,-0.320237,-0.066410
57.7667,-0.071001,-0.351876,0.523227,0.938669,0.151334,-0.323748,-0.066233
57.8000,-0.065238,-0.358368,0.522383,0.937590,0.148582,-0.327219,-0.066177
57.8333,-0.059875,-0.364927,0.521729,0.929452,0.147123,-0.329715,-0.065347
57.8667,-0.054398,-0.374592,0.521395,0.913666,0.146777,-0.332689,-0.063409
57.9000,-0.046932,-0.385407,0.520978,0.909240,0.143627,-0.337847,-0.062629
57.9333,-0.040075,-0.392610,0.520650,0.911332,0.139760,-0.342041,-0.062798
57.9667,-0.034126,-0.397280,0.520671,0.913940,0.136270,-0.344963,-0.063257
58.0000,-0.028573,-0.397602,0.521551,0.914787,0.133170,-0.345329,-0.064017
58.0333,-0.023526,-0.400310,0.521789,0.915607,0.130383,-0.346941,-0.064353
58.0667,-0.019249,-0.400993,0.522357,0.915541,0.128116,-0.347352,-0.064803
58.1000,-0.015575,-0.402207,0.522828,0.913881,0.126430,-0.347801,-0.064966
58.1333,-0.012930,-0.402159,0.523392,0.913121,0.125128,-0.347697,-0.065256
58.1667,-0.009947,-0.403416,0.524038,0.908488,0.124265,-0.347712,-0.065070
58.2000,-0.006567,-0.405559,0.524967,0.902496,0.123397,-0.347967,-0.064726
58.2333,-0.004425,-0.405287,0.525547,0.903433,0.122073,-0.347986,-0.065231
58.2667,-0.003149,-0.404604,0.526289,0.905657,0.121052,-0.347926,-0.065747
58.3000,-0.001860,-0.403729,0.526847,0.906646,0.120151,-0.347592,-0.066136
58.3333,-0.001302,-0.401225,0.527665,0.906624,0.119807,-0.346220,-0.066539
58.3667,-0.000793,-0.399508,0.528307,0.906831,0.119465,-0.345351,-0.066884
58.4000,0.000175,-0.398553,0.528836,0.906778,0.118905,-0.344834,-0.067074
58.4333,0.000546,-0.397056,0.529414,0.906890,0.118676,-0.344053,-0.067412
58.4667,0.000693,-0.396027,0.530037,0.908193,0.118363,-0.343686,-0.067729
58.5000,0.000517,-0.395718,0.530412,0.909585,0.118206,-0.343678,-0.067888
58.5333,0.000211,-0.396745,0.530414,0.911233,0.118102,-0.344412,-0.067855
58.5667,-0.000324,-0.398758,0.530096,0.913006,0.118118,-0.345684,-0.067655
58.6000,-0.000956,-0.400696,0.529724,0.916905,0.117852,-0.347218,-0.067645
58.6333,-0.001322,-0.402411,0.529272,0.919754,0.117606,-0.348502,-0.067554
58.6667,-0.001291,-0.404010,0.528889,0.920500,0.117487,-0.349476,-0.067354
58.7000,-0.001403,-0.404660,0.528681,0.920298,0.117576,-0.349752,-0.067143
58.7333,-0.001380,-0.405371,0.528477,0.919802,0.117646,-0.350051,-0.066953
58.7667,-0.001084,-0.406498,0.528182,0.918690,0.117690,-0.350494,-0.066737
58.8000,-0.001335,-0.406756,0.528061,0.918638,0.117863,-0.350642,-0.066727
58.8333,-0.001598,-0.407036,0.527934,0.918898,0.117976,-0.350834,-0.066710
58.8667,-0.002416,-0.405806,0.528032,0.920120,0.118212,-0.350358,-0.066947
58.9000,-0.003624,-0.404943,0.527909,0.922092,0.118530,-0.350170,-0.067066
58.9333,-0.004816,-0.404240,0.527772,0.923277,0.118980,-0.349964,-0.067138
58.9667,-0.006570,-0.403324,0.527488,0.925426,0.119570,-0.349776,-0.067218
59.0000,-0.008903,-0.400586,0.527358,0.928317,0.120334,-0.348739,-0.067551
59.0333,-0.010357,-0.396544,0.527539,0.931502,0.120571,-0.347083,-0.068217
59.0667,-0.010969,-0.390514,0.528206,0.934522,0.120357,-0.344373,-0.069248
59.1000,-0.011555,-0.385932,0.528830,0.935103,0.120535,-0.342059,-0.069891
59.1333,-0.012541,-0.382748,0.529249,0.934577,0.121119,-0.340242,-0.070155
59.1667,-0.014011,-0.379856,0.529566,0.933819,0.121999,-0.338598,-0.070290
59.2000,-0.015187,-0.377122,0.529908,0.932612,0.122768,-0.336962,-0.070343
59.2333,-0.016173,-0.375261,0.530113,0.931410,0.123455,-0.335812,-0.070334
59.2667,-0.017377,-0.373517,0.530290,0.930199,0.124276,-0.334710,-0.070317
59.3000,-0.018181,-0.372840,0.530309,0.929394,0.124821,-0.334251,-0.070238
59.3333,-0.019221,-0.371251,0.530515,0.928921,0.125451,-0.333329,-0.070357
59.3667,-0.020266,-0.369447,0.530779,0.928394,0.126066,-0.332277,-0.070419
59.4000,-0.020945,-0.368452,0.530927,0.927739,0.126497,-0.331648,-0.070352
59.4333,-0.021648,-0.367694,0.531031,0.926818,0.126998,-0.331100,-0.070243
59.4667,-0.021963,-0.367680,0.531094,0.925221,0.127396,-0.330873,-0.070058
59.5000,-0.022208,-0.367775,0.531183,0.923616,0.127775,-0.330684,-0.069875
59.5333,-0.022408,-0.367846,0.531326,0.921622,0.128183,-0.330422,-0.069650
59.5667,-0.022309,-0.367721,0.531746,0.918685,0.128576,-0.329920,-0.069452
59.6000,-0.022212,-0.367463,0.532302,0.915928,0.128928,-0.329358,-0.069276
59.6333,-0.022041,-0.367059,0.533006,0.912907,0.129267,-0.328669,-0.069096
59.6667,-0.021794,-0.366587,0.533843,0.910015,0.129538,-0.327952,-0.068959
59.7000,-0.021093,-0.366310,0.534801,0.906585,0.129642,-0.327258,-0.068789
59.7333,-0.020594,-0.366448,0.535429,0.904824,0.129614,-0.327033,-0.068696
59.7667,-0.019897,-0.367271,0.536274,0.902327,0.129591,-0.327041,-0.068513
59.8000,-0.019565,-0.368920,0.536596,0.900812,0.129627,-0.327637,-0.068211
59.8333,-0.019248,-0.372690,0.537126,0.896416,0.130120,-0.328887,-0.067437
59.8667,-0.019645,-0.374913,0.537652,0.893403,0.130759,-0.329517,-0.066855
59.9000,-0.020130,-0.377549,0.539028,0.885605,0.132130,-0.329596,-0.065821
59.9333,-0.020638,-0.379941,0.540270,0.879401,0.133256,-0.329773,-0.064916
59.9667,-0.020943,-0.383458,0.540886,0.876164,0.133866,-0.331003,-0.064166
60.0000,-0.022402,-0.390991,0.541453,0.868731,0.135726,-0.333618,-0.062386
60.0333,-0.023944,-0.400171,0.541855,0.857836,0.138139,-0.336549,-0.059967
60.0667,-0.024636,-0.409145,0.542736,0.846672,0.140104,-0.339288,-0.057672
60.1000,-0.026632,-0.414355,0.544650,0.837321,0.142377,-0.340236,-0.055917
60.1333,-0.029258,-0.418336,0.546268,0.829166,0.144785,-0.340733,-0.054278
60.1667,-0.031762,-0.421521,0.547430,0.825118,0.146566,-0.341486,-0.053169
60.2000,-0.034386,-0.424074,0.547960,0.822822,0.148196,-0.342245,-0.052249
60.2333,-0.037782,-0.424425,0.548906,0.824064,0.149730,-0.342391,-0.052055
60.2667,-0.043136,-0.423017,0.551218,0.828383,0.151643,-0.341840,-0.052010
60.3000,-0.048631,-0.417115,0.553830,0.829050,0.154143,-0.338513,-0.052205
60.3333,-0.054858,-0.410526,0.557448,0.835319,0.156123,-0.335498,-0.052954
60.3667,-0.060159,-0.405166,0.560407,0.849628,0.156547,-0.334372,-0.054472
60.4000,-0.065818,-0.403644,0.561166,0.862976,0.157456,-0.335244,-0.055197
60.4333,-0.071477,-0.397721,0.561909,0.878129,0.158103,-0.334187,-0.056659
60.4667,-0.077189,-0.390496,0.561922,0.893394,0.158801,-0.332551,-0.058214
60.5000,-0.085293,-0.378056,0.560675,0.918114,0.159391,-0.329652,-0.060838
60.5333,-0.093404,-0.368107,0.558129,0.933201,0.161489,-0.326708,-0.062136
60.5667,-0.100331,-0.361963,0.556337,0.934225,0.165014,-0.323623,-0.061791
60.6000,-0.108489,-0.349250,0.556103,0.933021,0.169366,-0.316646,-0.061799
60.6333,-0.117132,-0.335833,0.555826,0.935870,0.173350,-0.309841,-0.062110
60.6667,-0.128900,-0.314174,0.556359,0.943174,0.178142,-0.299157,-0.063050
60.7000,-0.137660,-0.303361,0.555694,0.945486,0.182242,-0.293570,-0.062754
60.7333,-0.146114,-0.294625,0.554753,0.947314,0.186258,-0.289008,-0.062168
60.7667,-0.155351,-0.290219,0.552354,0.952823,0.190255,-0.287288,-0.061374
60.8000,-0.162026,-0.283575,0.552195,0.948665,0.194130,-0.282949,-0.060132
60.8333,-0.167169,-0.274648,0.552692,0.939584,0.197825,-0.276768,-0.058749
60.8667,-0.171395,-0.267426,0.553521,0.937120,0.200188,-0.272397,-0.058314
60.9000,-0.178109,-0.258644,0.554460,0.937824,0.203273,-0.267503,-0.057773
60.9333,-0.185683,-0.257178,0.553481,0.942742,0.206398,-0.267113,-0.056931
60.9667,-0.190052,-0.259061,0.552402,0.941520,0.208860,-0.267824,-0.055614
61.0000,-0.193655,-0.260613,0.551503,0.940088,0.210877,-0.268320,-0.054521
61.0333,-0.196556,-0.261591,0.550783,0.937851,0.212600,-0.268415,-0.053575
61.0667,-0.198174,-0.263023,0.550241,0.932374,0.214179,-0.268376,-0.052430
61.1000,-0.200817,-0.264303,0.549640,0.931098,0.215754,-0.268798,-0.051586
61.1333,-0.202482,-0.265779,0.549195,0.929080,0.216836,-0.269222,-0.050877
61.1667,-0.204544,-0.266776,0.548767,0.928352,0.218047,-0.269586,-0.050302
61.2000,-0.206252,-0.267850,0.548374,0.928092,0.218968,-0.270057,-0.049857
61.2333,-0.207257,-0.268699,0.548123,0.927996,0.219486,-0.270448,-0.049562
61.2667,-0.207737,-0.269887,0.547863,0.927793,0.219754,-0.271036,-0.049299
61.3000,-0.208212,-0.270679,0.547689,0.928139,0.219996,-0.271486,-0.049252
61.3333,-0.208901,-0.271632,0.547441,0.928114,0.220351,-0.271959,-0.048981
61.3667,-0.209094,-0.272686,0.547232,0.928104,0.220458,-0.272512,-0.048835
61.4000,-0.208897,-0.273607,0.547098,0.928078,0.220373,-0.273006,-0.048789
61.4333,-0.208570,-0.274612,0.546959,0.927852,0.220250,-0.273525,-0.048719
61.4667,-0.207619,-0.275692,0.546924,0.926948,0.219921,-0.273998,-0.048722
61.5000,-0.206870,-0.276491,0.546893,0.926907,0.219569,-0.274466,-0.048831
61.5333,-0.206237,-0.277080,0.546891,0.926883,0.219278,-0.274799,-0.048930
61.5667,-0.205721,-0.277923,0.546815,0.926714,0.219058,-0.275250,-0.048930
61.6000,-0.204947,-0.278963,0.546769,0.925673,0.218833,-0.275677,-0.048871
61.6333,-0.203817,-0.280395,0.546769,0.923685,0.218564,-0.276205,-0.048757
61.6667,-0.202903,-0.281239,0.546774,0.923458,0.218136,-0.276672,-0.048842
61.7000,-0.202151,-0.282050,0.546765,0.923128,0.217822,-0.277086,-0.048890
61.7333,-0.201215,-0.283051,0.546739,0.923116,0.217387,-0.277662,-0.049033
61.7667,-0.200029,-0.284849,0.546625,0.922525,0.216926,-0.278568,-0.049057
61.8000,-0.199249,-0.286045,0.546598,0.921315,0.216712,-0.279061,-0.048958
61.8333,-0.198298,-0.287314,0.546595,0.920598,0.216364,-0.279671,-0.048986
61.8667,-0.197437,-0.288787,0.546465,0.921271,0.215898,-0.280619,-0.049196
61.9000,-0.196733,-0.290777,0.546183,0.922441,0.215464,-0.281891,-0.049362
61.9333,-0.196134,-0.291831,0.546070,0.923412,0.215061,-0.282595,-0.049520
61.9667,-0.195519,-0.292220,0.546090,0.925227,0.214534,-0.283057,-0.049844
62.0000,-0.195045,-0.291021,0.546397,0.926878,0.214051,-0.282662,-0.050268
62.0333,-0.194408,-0.288446,0.547024,0.926717,0.213646,-0.281230,-0.050573
62.0667,-0.193584,-0.286613,0.547526,0.926612,0.213190,-0.280275,-0.050879
62.1000,-0.192283,-0.283985,0.548298,0.925041,0.212661,-0.278719,-0.051117
62.1333,-0.189411,-0.283763,0.548984,0.920226,0.211836,-0.278026,-0.051146
62.1667,-0.186428,-0.283670,0.549729,0.918258,0.210583,-0.277791,-0.051562
62.2000,-0.183461,-0.284236,0.550397,0.916201,0.209355,-0.277888,-0.051891
62.2333,-0.180659,-0.283958,0.551138,0.915677,0.207994,-0.277745,-0.052458
62.2667,-0.177103,-0.284108,0.551890,0.915657,0.206194,-0.277930,-0.053196
62.3000,-0.173579,-0.285423,0.552229,0.916788,0.204243,-0.278943,-0.053988
62.3333,-0.170069,-0.285231,0.552882,0.917852,0.202323,-0.279081,-0.054885
62.3667,-0.166194,-0.283591,0.554008,0.917367,0.200403,-0.278243,-0.055672
62.4000,-0.162642,-0.281694,0.555175,0.916988,0.198596,-0.277274,-0.056518
62.4333,-0.157894,-0.278764,0.557193,0.911754,0.196767,-0.275070,-0.057063
62.4667,-0.151717,-0.275812,0.560058,0.905167,0.194368,-0.272651,-0.057783
62.5000,-0.146235,-0.274460,0.562095,0.903016,0.191765,-0.271710,-0.058703
62.5333,-0.140425,-0.275717,0.563979,0.900323,0.189123,-0.272068,-0.059459
62.5667,-0.135431,-0.276377,0.565969,0.897577,0.186870,-0.272054,-0.060078
62.6000,-0.126652,-0.281858,0.568502,0.886560,0.183849,-0.273491,-0.060040
62.6333,-0.120043,-0.284181,0.570814,0.884013,0.180739,-0.274382,-0.060838
62.6667,-0.109271,-0.293864,0.573299,0.870878,0.177020,-0.277731,-0.060531
62.7000,-0.101440,-0.296011,0.576302,0.868095,0.173258,-0.278453,-0.061510
62.7333,-0.097597,-0.296749,0.579965,0.857418,0.172501,-0.277097,-0.060976
62.7667,-0.085069,-0.302218,0.584950,0.846919,0.167283,-0.278387,-0.061627
62.8000,-0.078225,-0.301522,0.587747,0.848134,0.163450,-0.278173,-0.063063
62.8333,-0.069887,-0.304342,0.591339,0.843496,0.159587,-0.278879,-0.063716
62.8667,-0.065728,-0.310288,0.594514,0.831916,0.158835,-0.280062,-0.062708
62.9000,-0.064264,-0.306591,0.599317,0.842296,0.156312,-0.279166,-0.064763
62.9333,-0.063870,-0.313587,0.601163,0.830044,0.157604,-0.280758,-0.062824
62.9667,-0.059928,-0.312541,0.603560,0.833005,0.155059,-0.280543,-0.064104
63.0000,-0.058969,-0.325058,0.605540,0.808135,0.157743,-0.283097,-0.060334
63.0333,-0.061196,-0.343069,0.608772,0.764993,0.164235,-0.285409,-0.053562
63.0667,-0.064257,-0.358950,0.612618,0.734011,0.169280,-0.288143,-0.048116
63.1000,-0.067611,-0.374957,0.618236,0.687388,0.175903,-0.288262,-0.040506
63.1333,-0.064092,-0.373815,0.626424,0.700972,0.171872,-0.288819,-0.043600
63.1667,-0.069385,-0.384880,0.633651,0.653402,0.178967,-0.285921,-0.035771
63.2000,-0.080252,-0.399542,0.637742,0.619325,0.187272,-0.286785,-0.028201
63.2333,-0.084057,-0.401972,0.642640,0.627286,0.187825,-0.288310,-0.028909
63.2667,-0.096725,-0.423875,0.644027,0.581660,0.197959,-0.290907,-0.018167
63.3000,-0.106087,-0.429213,0.649526,0.562403,0.203382,-0.289235,-0.013519
63.3333,-0.115048,-0.440458,0.653134,0.546992,0.208397,-0.291125,-0.008787
63.3667,-0.121784,-0.446933,0.656117,0.552681,0.210737,-0.294240,-0.008023
63.4000,-0.130348,-0.453438,0.658191,0.546518,0.214846,-0.295526,-0.004841
63.4333,-0.135991,-0.451048,0.665119,0.562697,0.215384,-0.295728,-0.006923
63.4667,-0.140792,-0.450410,0.670616,0.573026,0.216102,-0.296069,-0.007900
63.5000,-0.144410,-0.451566,0.670901,0.572177,0.217821,-0.296236,-0.006858
63.5333,-0.151324,-0.454588,0.672568,0.575210,0.220506,-0.297514,-0.005753
63.5667,-0.158235,-0.456169,0.673085,0.576649,0.223492,-0.298023,-0.004400
63.6000,-0.165862,-0.455887,0.675030,0.581378,0.226345,-0.297952,-0.003604
63.6333,-0.173973,-0.457850,0.675816,0.584569,0.229668,-0.298801,-0.002133
63.6667,-0.181597,-0.460467,0.676147,0.591434,0.232573,-0.300641,-0.001208
63.7000,-0.189101,-0.459761,0.677165,0.596472,0.235446,-0.300543,-0.000379
63.7333,-0.196054,-0.461500,0.677859,0.604639,0.237870,-0.302173,0.000201
63.7667,-0.202967,-0.461619,0.677470,0.605601,0.240961,-0.302011,0.001678
63.8000,-0.211970,-0.464383,0.675731,0.601767,0.245389,-0.302317,0.004883
63.8333,-0.221029,-0.473504,0.672701,0.592387,0.250388,-0.304836,0.009664
63.8667,-0.227745,-0.478570,0.670817,0.592468,0.253620,-0.307026,0.011918
63.9000,-0.235050,-0.479099,0.670597,0.596925,0.256565,-0.307556,0.013123
63.9333,-0.241481,-0.478873,0.670603,0.600190,0.259147,-0.307558,0.014244
63.9667,-0.246799,-0.478828,0.670250,0.601095,0.261451,-0.307374,0.015471
64.0000,-0.250725,-0.480176,0.669337,0.600191,0.263339,-0.307706,0.016935
64.0333,-0.253345,-0.483708,0.668484,0.598231,0.264609,-0.308933,0.018361
64.0667,-0.254724,-0.489811,0.667506,0.594745,0.265549,-0.311219,0.019999
64.1000,-0.256953,-0.491685,0.667183,0.596092,0.266515,-0.312214,0.020558
64.1333,-0.259677,-0.492039,0.666788,0.595988,0.267786,-0.312224,0.021371
64.1667,-0.261705,-0.492389,0.666552,0.595318,0.268680,-0.312151,0.022104
64.2000,-0.264057,-0.490799,0.667467,0.599183,0.269354,-0.311791,0.021814
64.2333,-0.266056,-0.487701,0.668534,0.600117,0.270045,-0.310234,0.021728
64.2667,-0.266918,-0.485024,0.669753,0.597035,0.270405,-0.308248,0.022064
64.3000,-0.266867,-0.483057,0.671438,0.591658,0.270531,-0.306238,0.022436
64.3333,-0.266394,-0.479824,0.673790,0.585682,0.270427,-0.303485,0.022595
64.3667,-0.265632,-0.477555,0.675592,0.582860,0.270061,-0.301791,0.022393
64.4000,-0.264504,-0.475342,0.677025,0.581740,0.269459,-0.300429,0.021872
64.4333,-0.263558,-0.473324,0.678882,0.579965,0.268986,-0.299084,0.021490
64.4667,-0.262530,-0.471698,0.680146,0.578951,0.268425,-0.298035,0.021091
64.5000,-0.260864,-0.470469,0.681461,0.578288,0.267595,-0.297316,0.020494
64.5333,-0.259187,-0.469921,0.682578,0.577733,0.266782,-0.296960,0.019988
64.5667,-0.257468,-0.470878,0.683249,0.577583,0.265987,-0.297446,0.019609
64.6000,-0.255394,-0.473605,0.683923,0.581412,0.264916,-0.299408,0.018635
64.6333,-0.253522,-0.475550,0.684648,0.583909,0.263875,-0.300762,0.017951
64.6667,-0.251447,-0.476470,0.685276,0.583813,0.262826,-0.301241,0.017551
64.7000,-0.248804,-0.477646,0.686725,0.579646,0.261832,-0.301085,0.017467
64.7333,-0.246185,-0.478631,0.688287,0.576097,0.260753,-0.300940,0.017268
64.7667,-0.243402,-0.479882,0.689868,0.571353,0.259661,-0.300725,0.017247
64.8000,-0.239690,-0.481808,0.691588,0.563923,0.258301,-0.300419,0.017457
64.8333,-0.236442,-0.483378,0.693454,0.556630,0.257130,-0.299923,0.017690
64.8667,-0.233331,-0.484936,0.695435,0.549374,0.255995,-0.299401,0.017946
64.9000,-0.230054,-0.487036,0.697420,0.542214,0.254777,-0.299152,0.018209
64.9333,-0.226895,-0.488865,0.699553,0.536825,0.253496,-0.299045,0.018188
64.9667,-0.223712,-0.490573,0.701135,0.534182,0.252078,-0.299398,0.017847
65.0000,-0.220632,-0.492162,0.703367,0.529821,0.250770,-0.299330,0.017646
65.0333,-0.218018,-0.493687,0.705511,0.526099,0.249611,-0.299313,0.017500
65.0667,-0.215169,-0.495176,0.707096,0.523395,0.248325,-0.299526,0.017248
65.1000,-0.212133,-0.495803,0.709007,0.521318,0.246917,-0.299425,0.016687
65.1333,-0.209153,-0.496016,0.711033,0.519215,0.245508,-0.299108,0.016109
65.1667,-0.206116,-0.494501,0.714306,0.514174,0.244089,-0.297363,0.015644
65.2000,-0.202994,-0.492780,0.717074,0.510145,0.242587,-0.295751,0.015111
65.2333,-0.199530,-0.490541,0.720912,0.504393,0.240951,-0.293517,0.014529
65.2667,-0.195691,-0.487639,0.724412,0.501747,0.238976,-0.291549,0.013435
65.3000,-0.192097,-0.486513,0.727312,0.500470,0.237131,-0.290683,0.012405
65.3333,-0.188136,-0.485842,0.730159,0.499820,0.235091,-0.290154,0.011262
65.3667,-0.183919,-0.485962,0.732794,0.499909,0.232925,-0.290149,0.010053
65.4000,-0.179700,-0.485560,0.734847,0.500340,0.230715,-0.290023,0.008790
65.4333,-0.175090,-0.485091,0.737703,0.500365,0.228413,-0.289735,0.007487
65.4667,-0.170750,-0.484845,0.740376,0.499096,0.226224,-0.289330,0.006480
65.5000,-0.166731,-0.485858,0.742554,0.496105,0.224332,-0.289259,0.005976
65.5333,-0.162225,-0.487156,0.744789,0.494451,0.222175,-0.289563,0.005138
65.5667,-0.156408,-0.487540,0.747669,0.493965,0.219277,-0.289632,0.003721
65.6000,-0.150560,-0.489079,0.750816,0.489375,0.216555,-0.289512,0.003023
65.6333,-0.145181,-0.489276,0.753630,0.487409,0.213904,-0.289222,0.001977
65.6667,-0.139907,-0.488501,0.756717,0.487446,0.211171,-0.288783,0.000505
65.7000,-0.134999,-0.488012,0.759577,0.486291,0.208659,-0.288275,-0.000590
65.7333,-0.130543,-0.487434,0.761711,0.486978,0.206274,-0.288092,-0.001884
65.7667,-0.126763,-0.487259,0.764105,0.485424,0.204420,-0.287662,-0.002556
65.8000,-0.123309,-0.487004,0.766429,0.483227,0.202687,-0.287073,-0.003125
65.8333,-0.119655,-0.486793,0.768807,0.482148,0.200803,-0.286695,-0.003920
65.8667,-0.116446,-0.485894,0.770658,0.482231,0.199045,-0.286215,-0.004819
65.9000,-0.113225,-0.484893,0.772537,0.482061,0.197338,-0.285655,-0.005635
65.9333,-0.109811,-0.484758,0.775412,0.477522,0.195754,-0.284683,-0.005852
65.9667,-0.105836,-0.485511,0.778265,0.471285,0.193953,-0.283843,-0.005855
66.0000,-0.100707,-0.486412,0.781536,0.464618,0.191602,-0.283004,-0.006033
66.0333,-0.095371,-0.484563,0.785110,0.466626,0.188600,-0.282313,-0.007821
66.0667,-0.091992,-0.482102,0.788192,0.470230,0.186423,-0.281565,-0.009434
66.1000,-0.088687,-0.478371,0.792007,0.479352,0.183786,-0.281045,-0.011921
66.1333,-0.087879,-0.472411,0.795439,0.486533,0.182436,-0.279103,-0.013801
66.1667,-0.088960,-0.469607,0.796775,0.488130,0.182620,-0.277855,-0.014137
66.2000,-0.092623,-0.465694,0.797920,0.495355,0.183643,-0.276927,-0.014908
66.2333,-0.094653,-0.460262,0.799842,0.499339,0.183999,-0.274734,-0.015624
66.2667,-0.094110,-0.457202,0.801478,0.502229,0.183326,-0.273616,-0.016498
66.3000,-0.092016,-0.455266,0.803351,0.509096,0.181624,-0.273719,-0.018097
66.3333,-0.090049,-0.453278,0.804866,0.512752,0.180259,-0.273305,-0.019234
66.3667,-0.090522,-0.452338,0.805273,0.521599,0.179805,-0.274259,-0.020490
66.4000,-0.091401,-0.451846,0.805140,0.528957,0.179708,-0.275224,-0.021383
66.4333,-0.091040,-0.452624,0.804973,0.528881,0.179528,-0.275621,-0.021278
66.4667,-0.089439,-0.452163,0.805452,0.533316,0.178459,-0.276154,-0.022359
66.5000,-0.090885,-0.456482,0.803693,0.533935,0.179335,-0.278506,-0.021629
66.5333,-0.090040,-0.457316,0.803419,0.537726,0.178721,-0.279523,-0.022328
66.5667,-0.090090,-0.457188,0.802311,0.555769,0.177567,-0.282620,-0.024696
66.6000,-0.088586,-0.461726,0.799537,0.573848,0.175874,-0.288219,-0.026793
66.6333,-0.088531,-0.467366,0.796160,0.581655,0.175704,-0.292616,-0.027092
66.6667,-0.089735,-0.470313,0.793685,0.584139,0.176409,-0.294670,-0.026758
66.7000,-0.087536,-0.474090,0.790066,0.605678,0.174107,-0.300684,-0.029278
66.7333,-0.086246,-0.470702,0.786049,0.638131,0.171190,-0.305192,-0.033466
66.7667,-0.083980,-0.467687,0.780895,0.669800,0.167836,-0.309918,-0.037488
66.8000,-0.084896,-0.472124,0.773763,0.682996,0.167896,-0.315103,-0.037863
66.8333,-0.089219,-0.469723,0.770367,0.683291,0.170382,-0.314175,-0.037216
66.8667,-0.086050,-0.467171,0.770333,0.683708,0.168722,-0.313113,-0.038046
66.9000,-0.094039,-0.464455,0.766328,0.680253,0.173466,-0.311319,-0.036292
66.9333,-0.096467,-0.465859,0.762804,0.677634,0.175289,-0.311819,-0.035132
66.9667,-0.097938,-0.462043,0.759760,0.683224,0.175885,-0.311234,-0.035874
67.0000,-0.099911,-0.459660,0.756294,0.686143,0.176950,-0.310873,-0.035854
67.0333,-0.101644,-0.450478,0.753576,0.695168,0.177222,-0.308194,-0.037394
67.0667,-0.105766,-0.442001,0.750158,0.703631,0.178772,-0.305704,-0.038302
67.1000,-0.110162,-0.439802,0.747395,0.703016,0.181266,-0.304624,-0.037469
67.1333,-0.116224,-0.423959,0.744414,0.721612,0.182677,-0.300076,-0.039976
67.1667,-0.122110,-0.404754,0.740835,0.742298,0.183767,-0.294203,-0.042889
67.2000,-0.127409,-0.380569,0.738242,0.765150,0.184164,-0.286028,-0.046578
67.2333,-0.137488,-0.355648,0.734302,0.789472,0.186803,-0.277493,-0.049393
67.2667,-0.145493,-0.349640,0.730111,0.789826,0.191060,-0.274583,-0.048172
67.3000,-0.152218,-0.337825,0.725358,0.798661,0.193786,-0.270235,-0.048550
67.3333,-0.155171,-0.335686,0.721575,0.801934,0.195248,-0.269940,-0.048348
67.3667,-0.160494,-0.332237,0.716497,0.808638,0.197607,-0.269548,-0.048121
67.4000,-0.167348,-0.328664,0.711204,0.814164,0.200837,-0.268837,-0.047433
67.4333,-0.170435,-0.327670,0.707269,0.817591,0.202347,-0.269140,-0.047112
67.4667,-0.173910,-0.326453,0.700945,0.827296,0.203581,-0.270559,-0.047346
67.5000,-0.178597,-0.326720,0.693905,0.836768,0.205500,-0.272698,-0.047183
67.5333,-0.182259,-0.324288,0.687520,0.847937,0.206624,-0.273710,-0.047662
67.5667,-0.187081,-0.323391,0.678893,0.864578,0.207873,-0.276524,-0.048302
67.6000,-0.192774,-0.320738,0.670284,0.876108,0.210055,-0.277561,-0.048268
67.6333,-0.197548,-0.320393,0.662642,0.884069,0.212121,-0.279154,-0.047882
67.6667,-0.201369,-0.319414,0.653887,0.895416,0.213373,-0.281102,-0.048057
67.7000,-0.204743,-0.316392,0.647056,0.902573,0.214703,-0.281166,-0.048110
67.7333,-0.208468,-0.313654,0.640254,0.908517,0.216323,-0.281152,-0.047908
67.7667,-0.212217,-0.312295,0.634634,0.911535,0.218220,-0.281271,-0.047306
67.8000,-0.215307,-0.311876,0.630329,0.913627,0.219814,-0.281635,-0.046732
67.8333,-0.218098,-0.312051,0.626041,0.915333,0.221296,-0.282256,-0.046096
67.8667,-0.220725,-0.313123,0.622893,0.916643,0.222687,-0.283177,-0.045465
67.9000,-0.223718,-0.312793,0.618828,0.918870,0.224174,-0.283579,-0.044898
67.9333,-0.226335,-0.311719,0.613904,0.922222,0.225388,-0.283874,-0.044558
67.9667,-0.228398,-0.311631,0.611244,0.923342,0.226464,-0.284148,-0.044136
68.0000,-0.230007,-0.311291,0.608747,0.924276,0.227307,-0.284269,-0.043786
68.0333,-0.231611,-0.310758,0.607465,0.924214,0.228207,-0.284013,-0.043393
68.0667,-0.232289,-0.310322,0.606317,0.924141,0.228590,-0.283850,-0.043181
68.1000,-0.232357,-0.309346,0.605393,0.923927,0.228683,-0.283392,-0.043159
68.1333,-0.231695,-0.308670,0.604535,0.923977,0.228396,-0.283183,-0.043325
68.1667,-0.229311,-0.307919,0.603964,0.924338,0.227184,-0.283047,-0.043916
68.2000,-0.226122,-0.306904,0.603580,0.924951,0.225562,-0.282839,-0.044769
68.2333,-0.221389,-0.304940,0.603636,0.926164,0.223068,-0.282269,-0.046164
68.2667,-0.215402,-0.304826,0.601413,0.930850,0.219816,-0.283503,-0.047913
68.3000,-0.208536,-0.305442,0.599077,0.936655,0.215887,-0.285305,-0.049896
68.3333,-0.200965,-0.304172,0.598234,0.940534,0.211690,-0.285726,-0.051980
68.3667,-0.193713,-0.301580,0.594269,0.950356,0.207053,-0.286618,-0.054603
68.4000,-0.183709,-0.305192,0.587666,0.966237,0.200398,-0.291987,-0.057731
68.4333,-0.172297,-0.305852,0.583892,0.974963,0.193699,-0.294546,-0.060624
68.4667,-0.158387,-0.310961,0.581976,0.981582,0.185854,-0.299025,-0.063289
68.5000,-0.143944,-0.315686,0.580072,0.985703,0.177976,-0.302909,-0.065559
68.5333,-0.122491,-0.326737,0.571698,0.978517,0.168621,-0.309358,-0.066962
68.5667,-0.097543,-0.340013,0.564301,0.974679,0.156830,-0.317431,-0.068796
68.6000,-0.077006,-0.354215,0.560599,0.980445,0.145495,-0.326709,-0.070499
68.6333,-0.057765,-0.355827,0.560267,0.987993,0.134264,-0.329370,-0.073704
68.6667,-0.041295,-0.361430,0.558641,0.994675,0.124574,-0.333885,-0.075482
68.7000,-0.024835,-0.354744,0.555503,1.003522,0.114589,-0.332492,-0.078804
68.7333,-0.009795,-0.332904,0.549741,1.026644,0.103012,-0.325327,-0.084482
68.7667,0.010048,-0.320021,0.543277,1.043808,0.089756,-0.322003,-0.088757
68.8000,0.031955,-0.314013,0.538017,1.055764,0.076096,-0.321374,-0.091782
68.8333,0.048219,-0.314618,0.536559,1.062337,0.066157,-0.322971,-0.093189
68.8667,0.062362,-0.309915,0.535715,1.066681,0.057715,-0.321357,-0.094739
68.9000,0.078865,-0.295627,0.536791,1.067314,0.048550,-0.314040,-0.097018
68.9333,0.094253,-0.279903,0.528276,1.084866,0.037431,-0.308897,-0.100122
68.9667,0.110175,-0.267814,0.523082,1.093688,0.027374,-0.304156,-0.102085
69.0000,0.123546,-0.254751,0.515182,1.104278,0.018491,-0.299232,-0.103877
69.0333,0.134427,-0.246379,0.504710,1.118636,0.010299,-0.297356,-0.105186
69.0667,0.147579,-0.241879,0.500553,1.124746,0.002104,-0.296011,-0.105808
69.1000,0.156769,-0.240211,0.498541,1.127591,-0.003407,-0.295588,-0.105925
69.1333,0.164899,-0.238201,0.492129,1.133268,-0.008693,-0.295664,-0.106226
69.1667,0.171928,-0.238528,0.489622,1.136469,-0.013093,-0.296367,-0.106165
69.2000,0.176761,-0.239080,0.486885,1.138845,-0.016114,-0.297119,-0.106070
69.2333,0.178977,-0.237354,0.481419,1.141786,-0.017675,-0.296947,-0.106236
69.2667,0.180076,-0.238223,0.479878,1.142627,-0.018413,-0.297634,-0.106107
69.3000,0.179991,-0.238738,0.478302,1.142839,-0.018327,-0.298048,-0.106023
69.3333,0.179310,-0.238913,0.476745,1.142275,-0.017764,-0.298187,-0.105887
69.3667,0.179529,-0.239297,0.468872,1.138046,-0.016735,-0.298574,-0.105629
69.4000,0.178401,-0.239413,0.463962,1.135215,-0.015347,-0.298748,-0.105496
69.4333,0.177420,-0.240247,0.457495,1.130002,-0.013504,-0.299194,-0.105200
69.4667,0.173862,-0.239551,0.455365,1.127632,-0.010975,-0.298772,-0.105220
69.5000,0.170441,-0.239821,0.450131,1.121447,-0.007640,-0.298736,-0.104954
69.5333,0.166570,-0.241492,0.445050,1.113294,-0.003677,-0.299241,-0.104479
69.5667,0.162567,-0.244089,0.440751,1.102543,0.000840,-0.299915,-0.103797
69.6000,0.158175,-0.247512,0.437794,1.091469,0.005569,-0.300877,-0.102996
69.6333,0.152579,-0.248053,0.436631,1.082933,0.010388,-0.300396,-0.102512
69.6667,0.146713,-0.248233,0.436298,1.074631,0.015267,-0.299665,-0.102049
69.7000,0.139308,-0.247274,0.436391,1.068415,0.020551,-0.298486,-0.101702
69.7333,0.133082,-0.247129,0.437786,1.056993,0.026142,-0.297074,-0.101013
69.7667,0.125628,-0.246912,0.439136,1.049120,0.031686,-0.295964,-0.100411
69.8000,0.117272,-0.242758,0.441190,1.041380,0.037668,-0.292702,-0.100055
69.8333,0.110413,-0.239681,0.444969,1.029673,0.043491,-0.289417,-0.099372
69.8667,0.101751,-0.235596,0.446443,1.024421,0.049146,-0.286470,-0.098999
69.9000,0.092704,-0.230433,0.448260,1.018439,0.055108,-0.282820,-0.098523
69.9333,0.086380,-0.228013,0.450853,1.012968,0.059428,-0.280615,-0.098002
69.9667,0.077303,-0.219321,0.456968,1.016988,0.063319,-0.275718,-0.098645
70.0000,0.065919,-0.208632,0.463309,1.022271,0.068175,-0.269809,-0.099096
70.0333,0.047976,-0.198166,0.468432,1.024298,0.077187,-0.263646,-0.098672
70.0667,0.037047,-0.202299,0.468569,1.018151,0.084090,-0.264904,-0.096923
70.1000,0.030003,-0.213438,0.470780,1.005463,0.089994,-0.268990,-0.094683
70.1333,0.018118,-0.222787,0.470891,0.998387,0.097550,-0.272810,-0.092418
70.1667,0.006019,-0.230080,0.469821,0.994242,0.104765,-0.275968,-0.090409
70.2000,-0.003131,-0.235860,0.470118,0.994190,0.109620,-0.278710,-0.089192
70.2333,-0.015208,-0.238822,0.472593,1.004257,0.114114,-0.280807,-0.088670
70.2667,-0.025088,-0.238797,0.474386,1.009903,0.118255,-0.280966,-0.088125
70.3000,-0.036490,-0.237577,0.475715,1.020880,0.122294,-0.281112,-0.087915
70.3333,-0.043647,-0.232797,0.477043,1.024665,0.125332,-0.278680,-0.087783
70.3667,-0.051603,-0.227366,0.478019,1.029836,0.128568,-0.276068,-0.087709
70.4000,-0.054753,-0.220242,0.479274,1.028646,0.130336,-0.271941,-0.087702
70.4333,-0.059976,-0.212968,0.480450,1.026377,0.133369,-0.267544,-0.087284
70.4667,-0.074936,-0.215406,0.479338,1.029006,0.140824,-0.268720,-0.085392
70.5000,-0.077120,-0.206123,0.481917,1.020766,0.143109,-0.262511,-0.084718
70.5333,-0.082284,-0.197403,0.483681,1.018249,0.146109,-0.257255,-0.084401
70.5667,-0.089862,-0.186876,0.485718,1.013591,0.150594,-0.250657,-0.083328
70.6000,-0.102536,-0.183568,0.485997,1.007047,0.158115,-0.247618,-0.080795
70.6333,-0.110201,-0.181144,0.486760,1.005144,0.162325,-0.245730,-0.079657
70.6667,-0.122593,-0.178476,0.488952,1.008846,0.167894,-0.244004,-0.078256
70.7000,-0.119829,-0.179777,0.494811,0.983954,0.170046,-0.241280,-0.075778
70.7333,-0.119880,-0.173189,0.500328,0.975767,0.170930,-0.236275,-0.075160
70.7667,-0.089218,-0.169539,0.520738,0.900525,0.165569,-0.224598,-0.071422
70.8000,-0.086729,-0.155468,0.531981,0.904970,0.162797,-0.216626,-0.073053
70.8333,-0.049065,-0.134787,0.560113,0.859651,0.148425,-0.198855,-0.073252
70.8667,-0.065145,-0.121182,0.576181,0.909035,0.147874,-0.195114,-0.077723
70.9000,-0.063809,-0.123326,0.583199,0.898836,0.148128,-0.194268,-0.076601
70.9333,-0.052076,-0.120483,0.597572,0.870701,0.145207,-0.188203,-0.074816
70.9667,-0.041405,-0.122887,0.612338,0.846839,0.142108,-0.185209,-0.073450
71.0000,-0.069896,-0.120342,0.619792,0.882718,0.150488,-0.186338,-0.074440
71.0333,-0.063547,-0.128192,0.631322,0.842925,0.151825,-0.184345,-0.070270
71.0667,-0.061073,-0.136811,0.642960,0.809092,0.154061,-0.183223,-0.066361
71.1000,-0.061200,-0.144263,0.654311,0.776671,0.157154,-0.181535,-0.062101
71.1333,-0.067875,-0.144092,0.664968,0.760681,0.161196,-0.177831,-0.058998
71.1667,-0.063854,-0.148465,0.674240,0.751260,0.159479,-0.177841,-0.058538
71.2000,-0.070851,-0.154269,0.675966,0.750988,0.162750,-0.180197,-0.057726
71.2333,-0.075974,-0.156138,0.681046,0.754102,0.164318,-0.180675,-0.057612
71.7667,-0.205748,-0.183371,0.658544,0.788805,0.223952,-0.195211,-0.038150
71.8000,-0.212087,-0.186400,0.662027,0.806898,0.224806,-0.198456,-0.039674
71.8333,-0.199157,-0.192579,0.664451,0.812827,0.218142,-0.202890,-0.043397
71.8667,-0.210043,-0.196552,0.663539,0.837780,0.220852,-0.207904,-0.044739
71.9000,-0.209686,-0.208001,0.661390,0.836155,0.221260,-0.213800,-0.044172
71.9333,-0.211875,-0.207614,0.661213,0.851038,0.220786,-0.215621,-0.045963
71.9667,-0.216890,-0.209685,0.658541,0.868000,0.221621,-0.219130,-0.047136
72.0000,-0.215857,-0.207919,0.656549,0.884595,0.219434,-0.220889,-0.049606
72.0333,-0.219160,-0.216110,0.653109,0.885717,0.221346,-0.225467,-0.048646
72.0667,-0.224251,-0.229315,0.648163,0.887356,0.224318,-0.232760,-0.047145
72.1000,-0.236340,-0.237734,0.638630,0.912641,0.228221,-0.241103,-0.047171
72.1333,-0.250221,-0.238869,0.627600,0.939262,0.232654,-0.245893,-0.046991
72.1667,-0.260108,-0.225476,0.612645,0.991787,0.231820,-0.247415,-0.051450
72.2000,-0.263375,-0.220076,0.600080,1.010238,0.231795,-0.248198,-0.052795
72.2333,-0.262184,-0.208321,0.590993,1.020919,0.230142,-0.244405,-0.054625
72.2667,-0.262990,-0.188084,0.578418,1.044807,0.227642,-0.238094,-0.057850
72.3000,-0.266611,-0.181450,0.564231,1.061264,0.227834,-0.237843,-0.058875
72.3333,-0.269755,-0.181355,0.552231,1.069843,0.228858,-0.239793,-0.058844
72.3667,-0.272997,-0.188637,0.542282,1.074743,0.230487,-0.244984,-0.058053
72.4000,-0.279152,-0.208100,0.524906,1.087545,0.233052,-0.258156,-0.056535
72.4333,-0.275549,-0.237277,0.505352,1.054202,0.237564,-0.271108,-0.050545
72.4667,-0.271560,-0.255747,0.497050,0.994915,0.244657,-0.274051,-0.042368
72.5000,-0.272971,-0.289138,0.516155,0.663871,0.280455,-0.245352,0.009356
72.5333,-0.218199,-0.927001,0.436438,-0.950000,0.164296,-0.281988,0.326884
72.5667,0.162519,-0.638832,0.978654,-0.950000,0.016243,-0.216815,0.343428
72.6000,-0.025337,-0.138591,1.038077,0.669027,0.102093,-0.122944,-0.058397
72.6333,-0.016823,-0.097419,1.032756,0.691451,0.097163,-0.106670,-0.058719
72.6667,-0.024195,-0.070943,1.022957,0.706829,0.100669,-0.096531,-0.057518
72.7000,-0.016821,-0.063492,1.019483,0.712069,0.097408,-0.094113,-0.058174
72.7333,-0.123060,-0.062025,0.952866,0.854367,0.143572,-0.117306,-0.066117
72.7667,-0.124506,-0.039280,0.927788,0.885316,0.143934,-0.112450,-0.067824
72.8000,-0.113168,0.027760,0.908820,0.930417,0.134737,-0.086763,-0.068508
