t_s,q_pitch,q_roll,q_yaw,q_elbow,target_x,target_y,target_z
2.7000,-0.063817,-0.252231,0.638347,1.297436,0.077531,-0.316462,-0.116730
2.7333,-0.206989,-0.249727,0.777553,1.357335,0.144988,-0.313144,-0.096986
2.7667,-0.176105,-0.178356,0.004521,1.492297,0.110668,-0.303527,-0.100417
2.8000,-0.164780,-0.143447,-0.360260,1.504242,0.102519,-0.286769,-0.108206
2.8333,-0.209653,-0.172081,-1.483019,1.504564,0.122750,-0.311262,-0.102177
2.8667,-0.222803,-0.171546,-1.618156,1.504461,0.128015,-0.311512,-0.101924
2.9000,-0.250779,-0.183829,-1.806553,1.503269,0.139044,-0.317578,-0.096702
2.9333,-0.257850,-0.178024,-1.645871,1.504695,0.145549,-0.313652,-0.095901
2.9667,-0.262767,-0.168937,-1.652904,1.504464,0.148361,-0.308577,-0.096241
3.0000,-0.236026,-0.151908,-1.545627,1.504662,0.136559,-0.299580,-0.101309
3.0333,-0.219596,-0.174576,-0.647001,1.505039,0.133585,-0.304892,-0.102743
3.0667,-0.234271,-0.206922,-0.841470,1.508171,0.141328,-0.322841,-0.096691
3.1000,-0.261356,-0.237325,-0.824365,1.505623,0.156012,-0.339462,-0.089202
3.1333,-0.266764,-0.230984,-0.775412,1.505588,0.158480,-0.335542,-0.088190
3.1667,-0.271302,-0.233184,-0.608089,1.505713,0.160724,-0.335584,-0.086981
3.2000,-0.267650,-0.235768,-0.468791,1.505925,0.158361,-0.336385,-0.086301
3.2333,-0.262544,-0.233421,-0.497253,1.505403,0.155523,-0.335490,-0.086733
3.2667,-0.256042,-0.228114,-0.479915,1.505518,0.151916,-0.332857,-0.088382
3.3000,-0.255611,-0.229349,-0.550684,1.505302,0.151702,-0.334003,-0.088359
3.3333,-0.254126,-0.224702,-0.570308,1.505400,0.150717,-0.331871,-0.089179
3.3667,-0.256868,-0.219677,-0.603389,1.505163,0.151769,-0.329747,-0.089111
3.4000,-0.256045,-0.207290,-0.729684,1.504811,0.150953,-0.323938,-0.090537
3.4333,-0.257912,-0.195160,-0.929888,1.504479,0.150818,-0.318991,-0.091681
3.4667,-0.249183,-0.167648,-1.149805,1.502060,0.143774,-0.306503,-0.095257
3.5000,-0.244843,-0.154228,-1.199682,1.502799,0.140250,-0.299726,-0.097488
3.5333,-0.204188,-0.092723,-1.112452,1.428660,0.124673,-0.281408,-0.101804
3.5667,-0.227790,-0.113843,-1.057912,1.453091,0.136445,-0.287396,-0.100573
3.6000,-0.223419,-0.099803,-0.774683,1.362268,0.152902,-0.288909,-0.094349
3.6333,-0.188714,-0.073071,-0.627477,1.244591,0.157915,-0.284166,-0.088871
3.6667,-0.160774,-0.060522,-0.552758,1.178150,0.157239,-0.280882,-0.086805
3.7000,-0.155092,-0.063854,-0.493660,1.153684,0.160901,-0.280931,-0.085242
3.7333,-0.177887,-0.079812,-0.416722,1.175109,0.171873,-0.281029,-0.083830
3.7667,-0.183776,-0.088110,-0.356581,1.170142,0.177696,-0.280622,-0.081056
3.8000,-0.205240,-0.098771,-0.271152,1.170665,0.190864,-0.278496,-0.077325
3.8333,-0.236714,-0.108412,-0.173040,1.122938,0.217542,-0.274713,-0.065052
3.8667,-0.213398,-0.112075,-0.126844,1.134553,0.204016,-0.273010,-0.069412
3.9000,-0.195019,-0.123351,-0.118687,1.194871,0.183173,-0.278942,-0.079494
3.9333,-0.179649,-0.134378,-0.102881,1.245663,0.165157,-0.284206,-0.086963
3.9667,-0.171273,-0.143647,-0.062011,1.260160,0.158011,-0.286957,-0.089603
4.0000,-0.160887,-0.153655,-0.022256,1.302191,0.143809,-0.290734,-0.094323
4.0333,-0.125800,-0.157523,-0.029265,1.284397,0.128732,-0.294024,-0.096094
4.0667,-0.122354,-0.168262,-0.022735,1.313493,0.120664,-0.300170,-0.098939
4.1000,-0.144904,-0.179956,-0.127782,1.423851,0.108679,-0.309873,-0.102393
4.1333,-0.151126,-0.191091,-0.245273,1.473414,0.100949,-0.316596,-0.102497
4.1667,-0.172216,-0.201893,-0.341821,1.498017,0.107160,-0.321736,-0.101235
4.2000,-0.140445,-0.227642,-0.239684,1.505517,0.088873,-0.333422,-0.101909
4.2333,-0.140183,-0.249084,-0.131539,1.505398,0.089009,-0.342914,-0.101547
4.2667,-0.162689,-0.258505,-0.387139,1.505546,0.102035,-0.349399,-0.097807
4.3000,-0.197598,-0.252757,-0.727221,1.505371,0.120013,-0.349829,-0.093710
4.3333,-0.208972,-0.230024,-0.759335,1.436231,0.134685,-0.349170,-0.087556
4.3667,-0.200604,-0.209767,-0.457834,1.321798,0.156480,-0.341500,-0.081786
4.4000,-0.204156,-0.201496,-0.389460,1.283734,0.167055,-0.335973,-0.078447
4.4333,-0.164275,-0.208351,-0.211146,1.179740,0.169568,-0.333187,-0.073007
4.4667,-0.116704,-0.229112,-0.079635,1.101064,0.161565,-0.334686,-0.070636
4.5000,-0.091703,-0.245727,0.010487,1.048115,0.159016,-0.334148,-0.068932
4.5333,-0.065052,-0.265454,0.057838,1.006768,0.152824,-0.338458,-0.066693
4.5667,-0.092710,-0.247528,0.024081,1.033597,0.162144,-0.333395,-0.068550
4.6000,-0.081409,-0.260701,0.046880,1.014097,0.159992,-0.337037,-0.065812
4.6333,-0.098867,-0.242483,0.066377,0.995715,0.172254,-0.324190,-0.064548
4.6667,-0.077862,-0.259269,0.094261,0.950725,0.169510,-0.327749,-0.059886
4.7000,-0.082477,-0.258230,0.071697,0.963375,0.169747,-0.330616,-0.060826
4.7333,-0.087221,-0.266170,0.014020,0.995796,0.166526,-0.342668,-0.061166
4.7667,-0.098126,-0.247839,-0.002648,0.998284,0.171698,-0.335013,-0.061959
4.8000,-0.115622,-0.234290,-0.115863,1.049912,0.170358,-0.340936,-0.064392
4.8333,-0.134847,-0.214162,-0.216726,1.082452,0.172555,-0.339995,-0.066088
4.8667,-0.139416,-0.201115,-0.226029,1.077544,0.175673,-0.334015,-0.066048
4.9000,-0.145303,-0.182007,-0.214533,1.071101,0.180136,-0.322809,-0.066859
4.9333,-0.138781,-0.178219,-0.159959,1.048383,0.181982,-0.315619,-0.066020
4.9667,-0.127173,-0.175693,-0.086169,1.009820,0.184024,-0.306522,-0.064358
5.0000,-0.113203,-0.181121,-0.019449,0.967041,0.185010,-0.301236,-0.061695
5.0333,-0.102362,-0.185565,0.033318,0.940197,0.184198,-0.296576,-0.060758
5.0667,-0.095940,-0.184458,0.058518,0.931569,0.182277,-0.292743,-0.061471
5.1000,-0.091423,-0.194781,0.050063,0.936146,0.179284,-0.299474,-0.061698
5.1333,-0.088307,-0.200063,0.038186,0.935674,0.177877,-0.303835,-0.061385
5.1667,-0.081754,-0.210055,0.072343,0.928875,0.175523,-0.304515,-0.061567
5.2000,-0.077154,-0.216717,0.092426,0.922390,0.174113,-0.305183,-0.061409
5.2333,-0.074935,-0.222994,0.106795,0.915537,0.174004,-0.306244,-0.060727
5.2667,-0.073336,-0.228919,0.122301,0.909446,0.174027,-0.306940,-0.060089
5.3000,-0.071081,-0.229147,0.147792,0.899007,0.174222,-0.303164,-0.059865
5.3333,-0.069376,-0.237830,0.155166,0.895498,0.173828,-0.306398,-0.059031
5.3667,-0.066785,-0.244304,0.183025,0.882688,0.174069,-0.305191,-0.058092
5.4000,-0.068005,-0.247523,0.175145,0.885228,0.174445,-0.307984,-0.057645
5.4333,-0.065427,-0.252301,0.200328,0.874738,0.174277,-0.306352,-0.057070
5.4667,-0.066162,-0.250612,0.185709,0.879938,0.174154,-0.307812,-0.057272
5.5000,-0.069663,-0.247270,0.149729,0.895936,0.174016,-0.311883,-0.057926
5.5333,-0.070057,-0.250072,0.145080,0.896922,0.174157,-0.313960,-0.057523
5.5667,-0.070297,-0.249211,0.148939,0.899170,0.173809,-0.313152,-0.058036
5.6000,-0.069403,-0.249764,0.156172,0.899132,0.173213,-0.312499,-0.058350
5.6333,-0.070664,-0.248179,0.141133,0.905238,0.173092,-0.314016,-0.058600
5.6667,-0.072922,-0.241681,0.119176,0.913210,0.173223,-0.314009,-0.059249
5.7000,-0.075486,-0.234254,0.097797,0.921126,0.173436,-0.313380,-0.059988
5.7333,-0.083790,-0.215354,0.038762,0.941595,0.174521,-0.312006,-0.061653
5.7667,-0.085166,-0.212484,0.024146,0.944856,0.174722,-0.312459,-0.061667
5.8000,-0.085948,-0.211798,0.021282,0.944163,0.175256,-0.312424,-0.061452
5.8333,-0.088033,-0.206978,0.015480,0.943329,0.176471,-0.310604,-0.061367
5.8667,-0.089641,-0.203573,0.000539,0.948815,0.176324,-0.310864,-0.061760
5.9000,-0.088775,-0.206631,0.005724,0.948287,0.175987,-0.311782,-0.061632
5.9333,-0.088047,-0.209238,0.011508,0.946849,0.175870,-0.312360,-0.061445
5.9667,-0.090257,-0.202413,-0.007695,0.951712,0.176114,-0.311375,-0.061966
6.0000,-0.094565,-0.190549,-0.050326,0.960945,0.176487,-0.310714,-0.062692
6.0333,-0.098219,-0.179470,-0.083447,0.968762,0.176663,-0.309129,-0.063570
6.0667,-0.100031,-0.172505,-0.098194,0.972676,0.176714,-0.307336,-0.064211
6.1000,-0.103601,-0.159641,-0.125028,0.980059,0.176816,-0.303886,-0.065421
6.1333,-0.102138,-0.159952,-0.112933,0.976638,0.176862,-0.302623,-0.065347
6.1667,-0.103238,-0.159121,-0.118973,0.977703,0.177144,-0.302893,-0.065303
6.2000,-0.103007,-0.160799,-0.116806,0.977103,0.177173,-0.303495,-0.065117
6.2333,-0.104216,-0.162432,-0.115771,0.975362,0.178123,-0.304160,-0.064570
6.2667,-0.103013,-0.166076,-0.122820,0.972695,0.177912,-0.306917,-0.063797
6.3000,-0.097762,-0.175483,-0.099172,0.964147,0.177110,-0.309000,-0.062974
6.3333,-0.097599,-0.178356,-0.107846,0.966181,0.176552,-0.311582,-0.062867
6.3667,-0.096678,-0.180662,-0.118256,0.968481,0.175536,-0.314093,-0.062847
6.4000,-0.091717,-0.187901,-0.099137,0.962580,0.174331,-0.315594,-0.062452
6.4333,-0.086914,-0.191568,-0.084695,0.956686,0.173100,-0.315806,-0.062358
6.4667,-0.083399,-0.193781,-0.078519,0.953566,0.171923,-0.316275,-0.062430
6.5000,-0.080410,-0.194923,-0.082119,0.950278,0.170951,-0.317397,-0.062241
6.5333,-0.078043,-0.195244,-0.091489,0.949887,0.169708,-0.318848,-0.062315
6.5667,-0.074680,-0.195298,-0.097617,0.949388,0.168004,-0.319790,-0.062618
6.6000,-0.072148,-0.194039,-0.110255,0.952055,0.166052,-0.320884,-0.063241
6.6333,-0.068651,-0.193113,-0.117319,0.953636,0.163865,-0.321461,-0.063941
6.6667,-0.065311,-0.190091,-0.127760,0.956775,0.161407,-0.321388,-0.064992
6.7000,-0.062142,-0.188291,-0.139651,0.959294,0.159109,-0.322094,-0.065762
6.7333,-0.059366,-0.185945,-0.152969,0.961474,0.157027,-0.322669,-0.066462
6.7667,-0.056211,-0.185255,-0.166741,0.960562,0.155288,-0.324156,-0.066575
6.8000,-0.052940,-0.184986,-0.182543,0.957930,0.153731,-0.326129,-0.066379
6.8333,-0.049520,-0.185964,-0.183811,0.956700,0.152150,-0.326943,-0.066616
6.8667,-0.046106,-0.185969,-0.188109,0.955508,0.150495,-0.327623,-0.066847
6.9000,-0.043053,-0.187331,-0.195256,0.949270,0.149877,-0.329392,-0.066120
6.9333,-0.036831,-0.193030,-0.186636,0.930701,0.150255,-0.331582,-0.063923
6.9667,-0.028552,-0.200758,-0.176148,0.907337,0.150457,-0.334533,-0.061106
7.0000,-0.023513,-0.203907,-0.174414,0.887805,0.151382,-0.336152,-0.058796
7.0333,-0.018315,-0.206555,-0.162210,0.871921,0.151815,-0.336009,-0.057309
7.0667,-0.013485,-0.208331,-0.140489,0.841093,0.155221,-0.333895,-0.053977
7.1000,-0.009926,-0.204619,-0.113913,0.815467,0.158332,-0.328095,-0.052013
7.1333,-0.009302,-0.202080,-0.099155,0.807454,0.159612,-0.324570,-0.051710
7.1667,-0.004088,-0.196759,-0.073010,0.772222,0.163291,-0.317555,-0.048407
7.2000,-0.003397,-0.192947,-0.050663,0.756276,0.165773,-0.311890,-0.047262
7.2333,-0.001649,-0.193815,-0.015583,0.727214,0.169802,-0.305904,-0.043964
7.2667,-0.003331,-0.196272,-0.005919,0.715382,0.172506,-0.305038,-0.041887
7.3000,-0.007620,-0.197545,-0.017915,0.716521,0.174396,-0.307496,-0.040845
7.3333,-0.009389,-0.203990,-0.006964,0.710129,0.176290,-0.308440,-0.039228
7.3667,-0.013197,-0.204040,-0.012469,0.712307,0.177795,-0.309286,-0.038752
7.4000,-0.019234,-0.202057,-0.025860,0.709964,0.181046,-0.310255,-0.037105
7.4333,-0.024130,-0.201460,-0.043942,0.707276,0.183740,-0.312694,-0.035181
7.4667,-0.028458,-0.199938,-0.072323,0.722789,0.183201,-0.316886,-0.036162
7.5000,-0.032246,-0.201090,-0.107486,0.738155,0.182160,-0.323329,-0.036726
7.5333,-0.034537,-0.201160,-0.135126,0.748776,0.181088,-0.327877,-0.037162
7.5667,-0.035722,-0.200344,-0.157843,0.755535,0.180079,-0.331131,-0.037435
7.6000,-0.035540,-0.198181,-0.173879,0.764019,0.178234,-0.332694,-0.038617
7.6333,-0.033898,-0.197460,-0.183213,0.772084,0.175885,-0.333909,-0.040004
7.6667,-0.031416,-0.194731,-0.189904,0.777107,0.173659,-0.333755,-0.041368
7.7000,-0.027809,-0.193602,-0.192873,0.781687,0.171044,-0.333825,-0.042741
7.7333,-0.023239,-0.193313,-0.192568,0.785917,0.168092,-0.333830,-0.044195
7.7667,-0.019463,-0.192091,-0.200816,0.791676,0.165008,-0.334651,-0.045634
7.8000,-0.015539,-0.190651,-0.202574,0.794756,0.162477,-0.334384,-0.046890
7.8333,-0.011307,-0.189471,-0.202349,0.798859,0.159678,-0.333936,-0.048345
7.8667,-0.006720,-0.189340,-0.199461,0.803622,0.156661,-0.333602,-0.049884
7.9000,-0.002385,-0.189114,-0.197047,0.804545,0.154388,-0.333301,-0.050782
7.9333,0.001410,-0.188578,-0.195246,0.806417,0.152203,-0.332916,-0.051766
7.9667,0.004941,-0.187754,-0.192913,0.806841,0.150409,-0.332305,-0.052525
8.0000,0.007899,-0.187241,-0.191754,0.807346,0.148853,-0.331998,-0.053141
8.0333,0.009751,-0.184919,-0.197055,0.809423,0.147394,-0.331727,-0.053869
8.0667,0.011059,-0.182307,-0.203177,0.811077,0.146253,-0.331414,-0.054465
8.1000,0.012442,-0.181586,-0.204653,0.811757,0.145385,-0.331334,-0.054822
8.1333,0.013631,-0.181282,-0.205722,0.812621,0.144596,-0.331385,-0.055134
8.1667,0.012877,-0.177984,-0.217332,0.813540,0.144436,-0.331475,-0.055278
8.2000,0.011305,-0.173989,-0.230647,0.813854,0.144721,-0.331447,-0.055256
8.2333,0.008767,-0.168927,-0.247497,0.815403,0.145129,-0.331355,-0.055334
8.2667,0.006306,-0.165483,-0.259522,0.817510,0.145560,-0.331316,-0.055438
8.3000,0.003092,-0.161597,-0.275723,0.820990,0.145950,-0.331592,-0.055607
8.3333,0.000389,-0.158705,-0.292078,0.824646,0.146018,-0.332351,-0.055736
8.3667,-0.002415,-0.154075,-0.308036,0.826398,0.146436,-0.332228,-0.055820
8.4000,-0.006344,-0.148407,-0.326841,0.828668,0.147168,-0.331926,-0.055929
8.4333,-0.008885,-0.146631,-0.331936,0.829540,0.148074,-0.331652,-0.055812
8.4667,-0.010473,-0.147525,-0.329483,0.829292,0.149048,-0.331687,-0.055480
8.5000,-0.011630,-0.150031,-0.322218,0.829253,0.149997,-0.331838,-0.055152
8.5333,-0.012115,-0.153811,-0.311462,0.828553,0.150870,-0.332155,-0.054727
8.5667,-0.013110,-0.155921,-0.306364,0.828518,0.151617,-0.332420,-0.054426
8.6000,-0.013537,-0.160082,-0.301873,0.827269,0.152248,-0.333826,-0.053732
8.6333,-0.014352,-0.162569,-0.302977,0.827641,0.152551,-0.335156,-0.053327
8.6667,-0.014817,-0.166385,-0.303688,0.825124,0.153173,-0.337169,-0.052355
8.7000,-0.014087,-0.174129,-0.296223,0.819681,0.154039,-0.340029,-0.050778
8.7333,-0.012248,-0.178874,-0.287728,0.817301,0.153878,-0.341221,-0.050236
8.7667,-0.009596,-0.183762,-0.275694,0.812741,0.153803,-0.342030,-0.049570
8.8000,-0.006883,-0.188672,-0.262588,0.809071,0.153574,-0.342653,-0.049105
8.8333,-0.004996,-0.192484,-0.252456,0.807984,0.153196,-0.343094,-0.049010
8.8667,-0.004038,-0.194634,-0.247460,0.808742,0.152772,-0.343426,-0.049139
8.9000,-0.003789,-0.195923,-0.245836,0.812147,0.152136,-0.343780,-0.049591
8.9333,-0.003923,-0.195255,-0.248997,0.814640,0.151667,-0.343884,-0.049952
8.9667,-0.005273,-0.193480,-0.257515,0.820094,0.151105,-0.344147,-0.050614
9.0000,-0.006949,-0.192123,-0.265990,0.830978,0.149792,-0.344476,-0.051998
9.0333,-0.010460,-0.191621,-0.284483,0.845226,0.148418,-0.346455,-0.053255
9.0667,-0.014139,-0.189396,-0.289844,0.861183,0.147363,-0.345628,-0.055346
9.1000,-0.018524,-0.185037,-0.292036,0.876406,0.146914,-0.343252,-0.057557
9.1333,-0.025680,-0.175479,-0.294648,0.893991,0.147447,-0.338146,-0.060413
9.1667,-0.036375,-0.158284,-0.324921,0.910551,0.148831,-0.332577,-0.062875
9.2000,-0.041626,-0.153871,-0.286141,0.930949,0.149554,-0.324515,-0.066334
9.2333,-0.052677,-0.146624,-0.254623,0.950458,0.152868,-0.315918,-0.068980
9.2667,-0.065035,-0.129985,-0.209843,0.961278,0.158561,-0.301107,-0.071083
9.3000,-0.071103,-0.129309,-0.157726,0.956364,0.163761,-0.294012,-0.070108
9.3333,-0.080676,-0.128892,-0.137676,0.959861,0.168384,-0.290835,-0.069401
9.3667,-0.092974,-0.127723,-0.139291,0.962008,0.174254,-0.289884,-0.067759
9.4000,-0.109762,-0.120173,-0.165444,0.973753,0.180212,-0.288385,-0.066885
9.4333,-0.127206,-0.112593,-0.190388,0.985080,0.186538,-0.286516,-0.065769
9.4667,-0.138372,-0.105546,-0.188709,0.987742,0.191726,-0.282033,-0.064575
9.5000,-0.148471,-0.106488,-0.196272,0.990558,0.196188,-0.282854,-0.062877
9.5333,-0.159443,-0.106006,-0.211313,0.998221,0.200056,-0.283676,-0.061801
9.5667,-0.168548,-0.102318,-0.222849,1.003535,0.203424,-0.282502,-0.060958
9.6000,-0.175340,-0.098971,-0.225061,1.002667,0.206900,-0.280666,-0.059689
9.6333,-0.182578,-0.095815,-0.232427,1.006812,0.209606,-0.279386,-0.059044
9.6667,-0.190655,-0.092731,-0.244109,1.011788,0.212476,-0.278556,-0.058322
9.7000,-0.198103,-0.090311,-0.252453,1.015770,0.215280,-0.277715,-0.057512
9.7333,-0.202884,-0.089840,-0.254025,1.014986,0.217746,-0.277385,-0.056357
9.7667,-0.207330,-0.089502,-0.250601,1.015077,0.220018,-0.276563,-0.055479
9.8000,-0.210338,-0.089397,-0.243681,1.013200,0.221987,-0.275587,-0.054557
9.8333,-0.212171,-0.091772,-0.233195,1.011629,0.223430,-0.275548,-0.053768
9.8667,-0.213696,-0.094249,-0.225156,1.009173,0.224803,-0.275878,-0.052898
9.9000,-0.215200,-0.095249,-0.221271,1.007509,0.225918,-0.275895,-0.052247
9.9333,-0.216545,-0.095239,-0.220615,1.006061,0.226834,-0.275764,-0.051718
9.9667,-0.217659,-0.095406,-0.219702,1.004356,0.227687,-0.275715,-0.051196
10.0000,-0.218408,-0.095244,-0.219796,1.002712,0.228323,-0.275629,-0.050773
10.0333,-0.218995,-0.094954,-0.219820,1.001621,0.228788,-0.275469,-0.050491
10.0667,-0.219651,-0.093188,-0.221733,1.000947,0.229156,-0.274751,-0.050362
10.1000,-0.219129,-0.092297,-0.218963,0.999779,0.229141,-0.274010,-0.050356
10.1333,-0.217425,-0.092651,-0.213342,0.997757,0.228762,-0.273665,-0.050394
10.1667,-0.214669,-0.094527,-0.202269,0.994065,0.228271,-0.273555,-0.050340
10.2000,-0.209786,-0.096756,-0.182617,0.986502,0.227531,-0.272749,-0.050167
10.2333,-0.205827,-0.099794,-0.167961,0.980480,0.226880,-0.272855,-0.050003
10.2667,-0.202839,-0.101784,-0.159114,0.977110,0.226142,-0.273014,-0.050073
10.3000,-0.200555,-0.102118,-0.154362,0.974913,0.225465,-0.272757,-0.050257
10.3333,-0.197911,-0.102333,-0.149362,0.973041,0.224557,-0.272415,-0.050559
10.3667,-0.194961,-0.102123,-0.145979,0.971267,0.223451,-0.272066,-0.050953
10.4000,-0.191514,-0.102168,-0.142631,0.969362,0.222126,-0.271878,-0.051410
10.4333,-0.185633,-0.106602,-0.128336,0.963637,0.220439,-0.272726,-0.051559
10.4667,-0.180591,-0.108280,-0.123051,0.959529,0.218731,-0.273222,-0.051925
10.5000,-0.175316,-0.107706,-0.120817,0.956645,0.216640,-0.272940,-0.052637
10.5333,-0.168343,-0.109286,-0.112034,0.951645,0.214166,-0.273015,-0.053269
10.5667,-0.160744,-0.111804,-0.096774,0.944885,0.211743,-0.272749,-0.053800
10.6000,-0.152228,-0.113922,-0.084285,0.936707,0.209051,-0.272625,-0.054247
10.6333,-0.143765,-0.112954,-0.074705,0.931130,0.205876,-0.271284,-0.055279
10.6667,-0.134056,-0.111743,-0.064187,0.922433,0.202607,-0.269698,-0.056056
10.7000,-0.125210,-0.110462,-0.058081,0.916992,0.199174,-0.268637,-0.057128
10.7333,-0.115169,-0.109643,-0.048376,0.906708,0.195990,-0.267300,-0.057645
10.7667,-0.104191,-0.112625,-0.037175,0.893279,0.192898,-0.267655,-0.057618
10.8000,-0.092130,-0.118803,-0.020320,0.883055,0.188732,-0.268862,-0.058150
10.8333,-0.080296,-0.125416,-0.015072,0.873224,0.184568,-0.271856,-0.058428
10.8667,-0.066729,-0.133932,-0.000403,0.861993,0.179768,-0.274447,-0.058801
10.9000,-0.047723,-0.159405,0.065329,0.835825,0.174467,-0.277684,-0.057803
10.9333,-0.033483,-0.170721,0.096653,0.824557,0.168879,-0.278855,-0.058534
10.9667,-0.022343,-0.176721,0.105926,0.792776,0.168502,-0.279504,-0.055479
11.0000,-0.011700,-0.189274,0.135055,0.774134,0.165734,-0.280710,-0.054429
11.0333,-0.002646,-0.198179,0.142280,0.767617,0.162147,-0.283965,-0.054443
11.0667,0.005334,-0.208161,0.151695,0.757501,0.159609,-0.287128,-0.053766
11.1000,0.008650,-0.212130,0.194110,0.738238,0.159838,-0.281331,-0.052799
11.1333,0.008247,-0.223675,0.199790,0.707339,0.164691,-0.283934,-0.047416
11.1667,0.004376,-0.230173,0.228431,0.685028,0.168888,-0.280634,-0.044129
11.2000,-0.011786,-0.230226,0.195059,0.668359,0.180330,-0.284422,-0.037635
11.2333,-0.027506,-0.230951,0.205048,0.687827,0.184709,-0.283728,-0.038483
11.2667,-0.052584,-0.227035,0.159217,0.612101,0.208384,-0.283482,-0.019401
11.3000,-0.073455,-0.235087,0.172239,0.645675,0.213359,-0.286031,-0.021035
11.3333,-0.111959,-0.198290,0.066434,0.650767,0.232579,-0.285456,-0.012555
11.3667,-0.154807,-0.170194,-0.057288,0.640144,0.253364,-0.291365,0.001157
11.4000,-0.190252,-0.170891,-0.094227,0.659447,0.266488,-0.296376,0.007360
11.4333,-0.214886,-0.169646,-0.096711,0.666785,0.276423,-0.294599,0.012559
11.4667,-0.247931,-0.175543,-0.142532,0.662586,0.290315,-0.302935,0.024121
11.5000,-0.272667,-0.174747,-0.176607,0.672905,0.298951,-0.306732,0.030018
11.5333,-0.288673,-0.190971,-0.152218,0.697474,0.303897,-0.309216,0.031024
11.5667,-0.305759,-0.199362,-0.153172,0.698705,0.310902,-0.311956,0.036920
11.6000,-0.318295,-0.204347,-0.139002,0.700848,0.316177,-0.310885,0.040596
11.6333,-0.329799,-0.205843,-0.134125,0.713832,0.319764,-0.310104,0.041559
11.6667,-0.338014,-0.211659,-0.123212,0.716817,0.323036,-0.310380,0.043981
11.7000,-0.345881,-0.214348,-0.118646,0.720011,0.326015,-0.310300,0.046015
11.7333,-0.353398,-0.215004,-0.118931,0.711270,0.329841,-0.309764,0.050326
11.7667,-0.359673,-0.216051,-0.118163,0.711751,0.332322,-0.309592,0.052376
11.8000,-0.367172,-0.218591,-0.115970,0.723411,0.334333,-0.310124,0.052566
11.8333,-0.372535,-0.219863,-0.118117,0.737918,0.335123,-0.311014,0.051595
11.8667,-0.375012,-0.220490,-0.116429,0.743450,0.335623,-0.310958,0.051363
11.9000,-0.372960,-0.222072,-0.113380,0.738742,0.335247,-0.311210,0.051926
11.9333,-0.368696,-0.223820,-0.110614,0.728512,0.334492,-0.311619,0.052877
11.9667,-0.363416,-0.225095,-0.110460,0.718750,0.333246,-0.312334,0.053399
12.0000,-0.353239,-0.233847,-0.094088,0.697091,0.331301,-0.313794,0.055315
12.0333,-0.339555,-0.245936,-0.079699,0.666799,0.328585,-0.316892,0.058410
12.0667,-0.316626,-0.270326,-0.038773,0.606839,0.324641,-0.319811,0.065332
12.1000,-0.291182,-0.282571,-0.022857,0.526161,0.320484,-0.319889,0.075319
12.1333,-0.276028,-0.270668,-0.052091,0.482255,0.317236,-0.319287,0.079803
12.1667,-0.263127,-0.262800,-0.056849,0.495963,0.311510,-0.318675,0.072037
12.2000,-0.252792,-0.260913,-0.060175,0.523449,0.305628,-0.320720,0.062951
12.2333,-0.244026,-0.258142,-0.068592,0.527346,0.301793,-0.322015,0.059567
12.2667,-0.232643,-0.244855,-0.090947,0.491498,0.299547,-0.319867,0.063343
12.3000,-0.223806,-0.248063,-0.084718,0.482342,0.296820,-0.320351,0.062693
12.3333,-0.215913,-0.243865,-0.089416,0.466318,0.294736,-0.319400,0.063556
12.3667,-0.208703,-0.238804,-0.087360,0.461996,0.292244,-0.317228,0.061680
12.4000,-0.202200,-0.236595,-0.084885,0.471390,0.289070,-0.316692,0.057447
12.4333,-0.196826,-0.237119,-0.082971,0.471542,0.286951,-0.316952,0.055862
12.4667,-0.192516,-0.239546,-0.084357,0.479851,0.284591,-0.318933,0.053241
12.5000,-0.188831,-0.239966,-0.082833,0.496598,0.281837,-0.319794,0.048655
12.5333,-0.187332,-0.233904,-0.093496,0.510222,0.279955,-0.319925,0.045086
12.5667,-0.185013,-0.232030,-0.095782,0.511444,0.278867,-0.319775,0.044073
12.6000,-0.183324,-0.227863,-0.100662,0.503358,0.278755,-0.318747,0.045000
12.6333,-0.182166,-0.225639,-0.101096,0.503908,0.278231,-0.317986,0.044292
12.6667,-0.181863,-0.223760,-0.104689,0.503160,0.278101,-0.317876,0.044271
12.7000,-0.182724,-0.219381,-0.112341,0.502286,0.278375,-0.317396,0.044445
12.7333,-0.184838,-0.213767,-0.124393,0.505472,0.278724,-0.317285,0.044113
12.7667,-0.186599,-0.211710,-0.131007,0.507484,0.279131,-0.317624,0.044159
12.8000,-0.188146,-0.210182,-0.134124,0.507909,0.279658,-0.317473,0.044415
12.8333,-0.190082,-0.207439,-0.136027,0.509561,0.280273,-0.316569,0.044315
12.8667,-0.191904,-0.205149,-0.136911,0.509846,0.280975,-0.315625,0.044509
12.9000,-0.193542,-0.203705,-0.136374,0.511173,0.281552,-0.314812,0.044486
12.9333,-0.194774,-0.202558,-0.131278,0.512059,0.282107,-0.313257,0.044320
12.9667,-0.196110,-0.202004,-0.129459,0.512698,0.282643,-0.312580,0.044429
13.0000,-0.197310,-0.202011,-0.127561,0.512249,0.283212,-0.312111,0.044790
13.0333,-0.197905,-0.203867,-0.123354,0.511003,0.283648,-0.312015,0.045294
13.0667,-0.198447,-0.205015,-0.121086,0.509843,0.284011,-0.311993,0.045747
13.1000,-0.198352,-0.207768,-0.116284,0.509271,0.284120,-0.312237,0.045998
13.1333,-0.198214,-0.209367,-0.113056,0.509313,0.284125,-0.312310,0.046023
13.1667,-0.197903,-0.210363,-0.110818,0.510770,0.283926,-0.312373,0.045669
13.2000,-0.197390,-0.210597,-0.109522,0.513598,0.283515,-0.312349,0.044920
13.2333,-0.196301,-0.211718,-0.106260,0.516030,0.282935,-0.312359,0.044129
13.2667,-0.194957,-0.212310,-0.103967,0.517453,0.282311,-0.312313,0.043455
13.3000,-0.192739,-0.214247,-0.098490,0.517861,0.281467,-0.312265,0.042798
13.3333,-0.190629,-0.215082,-0.095639,0.518686,0.280581,-0.312256,0.042042
13.3667,-0.188047,-0.216050,-0.091562,0.519202,0.279544,-0.312089,0.041199
13.4000,-0.184967,-0.216169,-0.085014,0.518758,0.278415,-0.311076,0.040226
13.4333,-0.181900,-0.216233,-0.081984,0.518890,0.277181,-0.310737,0.039274
13.4667,-0.178579,-0.215846,-0.077745,0.520276,0.275747,-0.310034,0.037891
13.5000,-0.175448,-0.212676,-0.073787,0.521516,0.274389,-0.308150,0.036288
13.5333,-0.172944,-0.208734,-0.078094,0.525484,0.272934,-0.307575,0.034546
13.5667,-0.168837,-0.207920,-0.072904,0.525917,0.271249,-0.306513,0.033112
13.6000,-0.163645,-0.208819,-0.063345,0.522978,0.269455,-0.305309,0.032110
13.6333,-0.157040,-0.211324,-0.045915,0.519657,0.267154,-0.303354,0.030674
13.6667,-0.148881,-0.213729,-0.018348,0.513334,0.264449,-0.299345,0.029007
13.7000,-0.140366,-0.211247,0.008297,0.504645,0.261648,-0.293247,0.027275
13.7333,-0.132857,-0.209425,0.015281,0.502715,0.258629,-0.291487,0.025351
13.7667,-0.124732,-0.201066,0.028263,0.499882,0.255359,-0.285687,0.022644
13.8000,-0.116804,-0.199605,0.030985,0.513478,0.250657,-0.285641,0.017754
13.8333,-0.103579,-0.204613,0.063166,0.526802,0.243316,-0.283082,0.011121
13.8667,-0.089235,-0.205465,0.086443,0.523839,0.237032,-0.279698,0.007541
13.9000,-0.075864,-0.201454,0.086273,0.530203,0.230480,-0.279065,0.003032
13.9333,-0.061187,-0.196033,0.088724,0.551415,0.221517,-0.278084,-0.004698
13.9667,-0.044294,-0.191664,0.094037,0.564888,0.212203,-0.276702,-0.011218
14.0000,-0.026017,-0.187938,0.098998,0.574492,0.202579,-0.275512,-0.017044
14.0333,-0.007046,-0.182604,0.104529,0.582409,0.192697,-0.273387,-0.022627
14.0667,0.014948,-0.184707,0.128988,0.588599,0.181091,-0.271172,-0.028365
14.1000,0.036858,-0.187143,0.143849,0.603896,0.168235,-0.271331,-0.035027
14.1333,0.057045,-0.187041,0.161572,0.598079,0.158967,-0.268611,-0.037898
14.1667,0.077057,-0.187351,0.177954,0.607991,0.147407,-0.267103,-0.043007
14.2000,0.096022,-0.188681,0.202474,0.645609,0.131521,-0.266177,-0.052239
14.2333,0.111119,-0.191986,0.201521,0.660692,0.121639,-0.269285,-0.056191
14.2667,0.124885,-0.192607,0.194858,0.682725,0.111324,-0.272405,-0.060726
14.3000,0.131507,-0.191591,0.148709,0.722547,0.102320,-0.281977,-0.065759
14.3333,0.136546,-0.197347,0.116317,0.744484,0.096408,-0.291245,-0.067876
14.3667,0.139365,-0.204463,0.081217,0.792866,0.086420,-0.302346,-0.072650
14.4000,0.140097,-0.213292,0.082009,0.829320,0.078954,-0.308028,-0.076412
14.4333,0.136414,-0.219085,0.043616,0.842623,0.078579,-0.316935,-0.075902
14.4667,0.128781,-0.209984,0.009796,0.865530,0.078198,-0.317831,-0.077958
14.5000,0.114449,-0.197875,0.011569,0.864418,0.085926,-0.311310,-0.078304
14.5333,0.101332,-0.186742,0.003295,0.856660,0.094388,-0.306446,-0.077015
14.5667,0.085197,-0.174713,-0.014633,0.866429,0.100950,-0.302818,-0.077380
14.6000,0.072426,-0.164390,-0.043701,0.865866,0.107655,-0.301419,-0.076085
14.6333,0.052085,-0.136657,-0.104858,0.882075,0.114519,-0.295686,-0.077159
14.6667,0.025888,-0.118610,-0.115848,0.894526,0.125610,-0.287314,-0.077344
14.7000,0.008922,-0.115355,-0.098830,0.899688,0.133766,-0.282662,-0.076214
14.7333,-0.001978,-0.114319,-0.080330,0.898739,0.139841,-0.279150,-0.074820
14.7667,-0.011955,-0.115360,-0.068448,0.895580,0.145679,-0.277647,-0.073081
14.8000,-0.024886,-0.112764,-0.063844,0.898774,0.151743,-0.275225,-0.071983
14.8333,-0.035813,-0.111587,-0.046498,0.894951,0.158135,-0.271751,-0.070135
14.8667,-0.047238,-0.113146,-0.042542,0.896975,0.163601,-0.271531,-0.068579
14.9000,-0.057305,-0.114950,-0.038446,0.898798,0.168406,-0.271456,-0.067128
14.9333,-0.068310,-0.114987,-0.040927,0.900577,0.173634,-0.271353,-0.065535
14.9667,-0.077245,-0.115870,-0.042755,0.900577,0.178136,-0.271630,-0.063864
15.0000,-0.087170,-0.116216,-0.046599,0.905935,0.182167,-0.271938,-0.062867
15.0333,-0.097317,-0.114307,-0.056331,0.911917,0.186150,-0.271866,-0.061912
15.0667,-0.108852,-0.107517,-0.078929,0.928655,0.188810,-0.270984,-0.062435
15.1000,-0.118541,-0.101559,-0.096613,0.940261,0.191438,-0.269788,-0.062493
15.1333,-0.126479,-0.101471,-0.108507,0.947590,0.194013,-0.270872,-0.061925
15.1667,-0.135320,-0.099117,-0.124523,0.956112,0.196737,-0.271240,-0.061515
15.2000,-0.143835,-0.093821,-0.143623,0.963651,0.199369,-0.270426,-0.061149
15.2333,-0.150251,-0.094392,-0.145803,0.970094,0.201437,-0.270593,-0.060791
15.2667,-0.156680,-0.094736,-0.149446,0.977163,0.203371,-0.270814,-0.060522
15.3000,-0.163898,-0.094253,-0.156233,0.986757,0.205201,-0.270911,-0.060509
15.3333,-0.171368,-0.093727,-0.170556,0.996594,0.206986,-0.271829,-0.060377
15.3667,-0.177402,-0.094311,-0.181598,1.003938,0.208543,-0.272991,-0.060086
15.4000,-0.182835,-0.095216,-0.188012,1.010153,0.210075,-0.273811,-0.059786
15.4333,-0.187295,-0.096517,-0.191140,1.015896,0.211265,-0.274500,-0.059585
15.4667,-0.191014,-0.098274,-0.194093,1.020051,0.212369,-0.275470,-0.059260
15.5000,-0.194495,-0.100073,-0.198577,1.022989,0.213535,-0.276671,-0.058794
15.5333,-0.197781,-0.101787,-0.203227,1.026359,0.214524,-0.277844,-0.058439
15.5667,-0.200825,-0.102975,-0.204285,1.029499,0.215494,-0.278353,-0.058173
15.6000,-0.204171,-0.103660,-0.209761,1.033910,0.216302,-0.279046,-0.058028
15.6333,-0.207555,-0.104483,-0.221942,1.038982,0.216876,-0.280519,-0.057895
15.6667,-0.209894,-0.104756,-0.226955,1.042015,0.217421,-0.281004,-0.057785
15.7000,-0.211693,-0.104265,-0.229349,1.043794,0.217955,-0.280860,-0.057683
15.7333,-0.212763,-0.102883,-0.228864,1.044760,0.218315,-0.279994,-0.057701
15.7667,-0.212751,-0.101805,-0.224561,1.044078,0.218503,-0.278970,-0.057693
15.8000,-0.211254,-0.101030,-0.213113,1.040993,0.218510,-0.277458,-0.057664
15.8333,-0.210394,-0.099513,-0.214544,1.040434,0.218126,-0.276877,-0.057850
15.8667,-0.208588,-0.098003,-0.215283,1.039253,0.217396,-0.276286,-0.058139
15.9000,-0.206106,-0.096043,-0.218469,1.038166,0.216256,-0.275766,-0.058598
15.9333,-0.203516,-0.094143,-0.221188,1.036775,0.215126,-0.275247,-0.059059
15.9667,-0.199437,-0.093602,-0.218470,1.034458,0.213540,-0.274935,-0.059589
16.0000,-0.196072,-0.092808,-0.226818,1.034933,0.211589,-0.275617,-0.060347
16.0333,-0.191203,-0.096260,-0.227559,1.034617,0.209232,-0.277773,-0.060998
16.0667,-0.187610,-0.097407,-0.243904,1.036131,0.206807,-0.280332,-0.061739
16.1000,-0.182318,-0.097429,-0.255596,1.035976,0.203889,-0.281903,-0.062654
16.1333,-0.177068,-0.094847,-0.263328,1.034946,0.201198,-0.281711,-0.063711
16.1667,-0.171918,-0.095180,-0.289159,1.036201,0.197671,-0.284920,-0.064658
16.2000,-0.166372,-0.096150,-0.316172,1.038011,0.193737,-0.288554,-0.065728
16.2333,-0.157042,-0.099794,-0.312013,1.034240,0.189808,-0.290628,-0.066607
16.2667,-0.145946,-0.099530,-0.299287,1.029093,0.185439,-0.289848,-0.067966
16.3000,-0.130685,-0.103771,-0.271729,1.013112,0.181312,-0.290295,-0.068178
16.3333,-0.116198,-0.108623,-0.268107,0.996494,0.176972,-0.293639,-0.067910
16.3667,-0.104857,-0.113588,-0.268242,0.989194,0.172464,-0.297010,-0.068445
16.4000,-0.093407,-0.116951,-0.270150,0.984256,0.167409,-0.299640,-0.069294
16.4333,-0.081524,-0.122369,-0.256608,0.975785,0.163229,-0.301606,-0.069699
16.4667,-0.070886,-0.124922,-0.246280,0.972069,0.158713,-0.302234,-0.070760
16.5000,-0.063498,-0.128945,-0.258576,0.966171,0.155582,-0.306282,-0.070549
16.5333,-0.047813,-0.148867,-0.202577,0.950501,0.151937,-0.310519,-0.069551
16.5667,-0.036652,-0.166022,-0.174193,0.935275,0.149620,-0.316285,-0.067889
16.6000,-0.029350,-0.176556,-0.181620,0.920786,0.148301,-0.322993,-0.065621
16.6333,-0.023662,-0.189455,-0.205854,0.918667,0.145115,-0.332879,-0.064020
16.6667,-0.021421,-0.188662,-0.245915,0.916818,0.143063,-0.337825,-0.063268
16.7000,-0.017024,-0.192358,-0.279005,0.911086,0.140646,-0.344233,-0.061722
16.7333,-0.013758,-0.196523,-0.287829,0.897317,0.141029,-0.347946,-0.059528
16.7667,-0.008873,-0.203637,-0.274523,0.893284,0.139724,-0.349987,-0.058985
16.8000,-0.005830,-0.206229,-0.275159,0.881251,0.140235,-0.351713,-0.057295
16.8333,-0.002234,-0.211495,-0.261690,0.867104,0.141364,-0.352870,-0.055385
16.8667,-0.000176,-0.213350,-0.254315,0.863265,0.141241,-0.352906,-0.055088
16.9000,0.001217,-0.214026,-0.256567,0.859543,0.141089,-0.353649,-0.054558
16.9333,0.002699,-0.214132,-0.258007,0.855802,0.140923,-0.354010,-0.054151
16.9667,0.004475,-0.214818,-0.255058,0.859019,0.139559,-0.353954,-0.054859
17.0000,0.005501,-0.214750,-0.253742,0.864676,0.138083,-0.353698,-0.055890
17.0333,0.007412,-0.216977,-0.241625,0.867301,0.137068,-0.353156,-0.056577
17.0667,0.011152,-0.219113,-0.218881,0.869025,0.135589,-0.351179,-0.057687
17.1000,0.015719,-0.223221,-0.194230,0.870745,0.133656,-0.349933,-0.058700
17.1333,0.019539,-0.227631,-0.176771,0.873840,0.131581,-0.349808,-0.059566
17.1667,0.022720,-0.229612,-0.162875,0.879158,0.129295,-0.348980,-0.060882
17.2000,0.026253,-0.230214,-0.148616,0.880330,0.127562,-0.347436,-0.061852
17.2333,0.028551,-0.230132,-0.147911,0.884495,0.125609,-0.347385,-0.062722
17.2667,0.031100,-0.230278,-0.144822,0.892704,0.122818,-0.347147,-0.064195
17.3000,0.034480,-0.232418,-0.134113,0.899760,0.119940,-0.346900,-0.065563
17.3333,0.038070,-0.235612,-0.121891,0.900319,0.118173,-0.346956,-0.066009
17.3667,0.041475,-0.238876,-0.108714,0.899223,0.116807,-0.346900,-0.066257
17.4000,0.044076,-0.239858,-0.103577,0.900711,0.115234,-0.346788,-0.066775
17.4333,0.046674,-0.240796,-0.099746,0.902282,0.113626,-0.346832,-0.067255
17.4667,0.048944,-0.242271,-0.094785,0.901608,0.112627,-0.346961,-0.067400
17.5000,0.050755,-0.243693,-0.089268,0.900152,0.112021,-0.346963,-0.067427
17.5333,0.051417,-0.243550,-0.089808,0.899762,0.111735,-0.346982,-0.067469
17.5667,0.051888,-0.243631,-0.087315,0.898120,0.111829,-0.346683,-0.067407
17.6000,0.052212,-0.244265,-0.082063,0.895685,0.112184,-0.346267,-0.067247
17.6333,0.051907,-0.244486,-0.077754,0.893728,0.112762,-0.345758,-0.067107
17.6667,0.051548,-0.245277,-0.072586,0.889680,0.113776,-0.345369,-0.066639
17.7000,0.051112,-0.246197,-0.067260,0.885285,0.114892,-0.345004,-0.066106
17.7333,0.050670,-0.247023,-0.059601,0.879655,0.116259,-0.344237,-0.065514
17.7667,0.049272,-0.246679,-0.057276,0.873687,0.118129,-0.343580,-0.064741
17.8000,0.047190,-0.245881,-0.055852,0.867577,0.120369,-0.342798,-0.063893
17.8333,0.044944,-0.245345,-0.054322,0.862888,0.122424,-0.342147,-0.063153
17.8667,0.041998,-0.244799,-0.056605,0.857993,0.124842,-0.342000,-0.062161
17.9000,0.038174,-0.243301,-0.063755,0.856035,0.127119,-0.342118,-0.061390
17.9333,0.033830,-0.239995,-0.074964,0.849257,0.130494,-0.341822,-0.059978
17.9667,0.030417,-0.237953,-0.080348,0.846947,0.132619,-0.341437,-0.059294
18.0000,0.027213,-0.236325,-0.086516,0.846979,0.134191,-0.341417,-0.058873
18.0333,0.024275,-0.236124,-0.092132,0.847388,0.135559,-0.342029,-0.058369
18.0667,0.021273,-0.235564,-0.095911,0.847515,0.137029,-0.342198,-0.057942
18.1000,0.019224,-0.235749,-0.095253,0.846812,0.138225,-0.342106,-0.057553
18.1333,0.017853,-0.236800,-0.094193,0.846801,0.138952,-0.342412,-0.057245
18.1667,0.016655,-0.237315,-0.092852,0.847465,0.139469,-0.342437,-0.057151
18.2000,0.015688,-0.238394,-0.089737,0.846949,0.140102,-0.342472,-0.056913
18.2333,0.014492,-0.238263,-0.089974,0.847174,0.140673,-0.342401,-0.056788
18.2667,0.013573,-0.238453,-0.089841,0.846743,0.141226,-0.342432,-0.056574
18.3000,0.012798,-0.238563,-0.090433,0.846176,0.141719,-0.342530,-0.056346
18.3333,0.012122,-0.238388,-0.091489,0.844940,0.142274,-0.342549,-0.056060
18.3667,0.011545,-0.237077,-0.092430,0.842762,0.142946,-0.341985,-0.055811
18.4000,0.010818,-0.234279,-0.092724,0.840185,0.143773,-0.340594,-0.055710
18.4333,0.010642,-0.233196,-0.092133,0.838078,0.144249,-0.339934,-0.055532
18.4667,0.010939,-0.233125,-0.091690,0.836068,0.144463,-0.339807,-0.055295
18.5000,0.011582,-0.233585,-0.092261,0.835449,0.144238,-0.340124,-0.055203
18.5333,0.012898,-0.235169,-0.087933,0.834634,0.143770,-0.340297,-0.055209
18.5667,0.014480,-0.236594,-0.084151,0.834330,0.143065,-0.340488,-0.055322
18.6000,0.015677,-0.236320,-0.085256,0.834512,0.142405,-0.340562,-0.055506
18.6333,0.016938,-0.235705,-0.087966,0.834770,0.141679,-0.340707,-0.055693
18.6667,0.017986,-0.234634,-0.094137,0.836168,0.140807,-0.341147,-0.055952
18.7000,0.019192,-0.234010,-0.100882,0.837456,0.139860,-0.341888,-0.056136
18.7333,0.020491,-0.233430,-0.106643,0.839532,0.138732,-0.342520,-0.056480
18.7667,0.021883,-0.233249,-0.111988,0.841839,0.137516,-0.343287,-0.056827
18.8000,0.023132,-0.233134,-0.118095,0.844624,0.136267,-0.344191,-0.057189
18.8333,0.024659,-0.233858,-0.120932,0.846800,0.135038,-0.345031,-0.057499
18.8667,0.026093,-0.233920,-0.121994,0.848164,0.134032,-0.345282,-0.057839
18.9000,0.027299,-0.233718,-0.123223,0.849328,0.133176,-0.345415,-0.058148
18.9333,0.028305,-0.233440,-0.123634,0.849536,0.132609,-0.345377,-0.058339
18.9667,0.028984,-0.233209,-0.123864,0.849679,0.132226,-0.345325,-0.058480
19.0000,0.029413,-0.233170,-0.123241,0.849400,0.132065,-0.345232,-0.058534
19.0333,0.029558,-0.233361,-0.122514,0.849126,0.132051,-0.345226,-0.058523
19.0667,0.029247,-0.232576,-0.122227,0.848776,0.132277,-0.344791,-0.058564
19.1000,0.028515,-0.231999,-0.122529,0.848687,0.132663,-0.344530,-0.058537
19.1333,0.027722,-0.232049,-0.119490,0.848161,0.133220,-0.344090,-0.058473
19.1667,0.026900,-0.232397,-0.113721,0.847654,0.133835,-0.343401,-0.058459
19.2000,0.025537,-0.232704,-0.110882,0.846800,0.134738,-0.343087,-0.058229
19.2333,0.023825,-0.232805,-0.108333,0.845552,0.135885,-0.342696,-0.057916
19.2667,0.022011,-0.232904,-0.105831,0.844260,0.137091,-0.342303,-0.057573
19.3000,0.019869,-0.233294,-0.106281,0.844052,0.138222,-0.342479,-0.057194
19.3333,0.017947,-0.236704,-0.108651,0.845452,0.138924,-0.344430,-0.056582
19.3667,0.017245,-0.239053,-0.103505,0.845017,0.139450,-0.344800,-0.056276
19.4000,0.016086,-0.240243,-0.102818,0.839317,0.141074,-0.345149,-0.055180
19.4333,0.015138,-0.241779,-0.101768,0.838715,0.141685,-0.345698,-0.054790
19.4667,0.013496,-0.242451,-0.107348,0.838719,0.142437,-0.346771,-0.054274
19.5000,0.011618,-0.240130,-0.128064,0.836072,0.143507,-0.348527,-0.053170
19.5333,0.008229,-0.232488,-0.165275,0.836389,0.144362,-0.350082,-0.052501
19.5667,0.005964,-0.227086,-0.195460,0.836119,0.144756,-0.351731,-0.051868
19.6000,0.003634,-0.220014,-0.227999,0.834843,0.145137,-0.352897,-0.051287
19.6333,0.002866,-0.216675,-0.249696,0.828223,0.145891,-0.354430,-0.049953
19.6667,0.003953,-0.215146,-0.259492,0.825915,0.145360,-0.355166,-0.049645
19.7000,0.006276,-0.215587,-0.264716,0.825578,0.144030,-0.356215,-0.049663
19.7333,0.010396,-0.216503,-0.262091,0.827415,0.141724,-0.356401,-0.050425
19.7667,0.014406,-0.216293,-0.258954,0.828461,0.139614,-0.355983,-0.051263
19.8000,0.015829,-0.212019,-0.268535,0.833851,0.137566,-0.355266,-0.052623
19.8333,0.016285,-0.207744,-0.272332,0.833847,0.137169,-0.353767,-0.053233
19.8667,0.017179,-0.204786,-0.271480,0.836419,0.136302,-0.352199,-0.054183
19.9000,0.014940,-0.196468,-0.284798,0.848776,0.134753,-0.349714,-0.056554
19.9333,0.012010,-0.177767,-0.305940,0.864090,0.132700,-0.342970,-0.060394
19.9667,0.005900,-0.155325,-0.334098,0.883481,0.131205,-0.334809,-0.064737
20.0000,0.001427,-0.151496,-0.334814,0.899751,0.130659,-0.332210,-0.066973
20.0333,-0.003201,-0.144198,-0.341290,0.918012,0.129569,-0.328455,-0.069679
20.0667,-0.007663,-0.133915,-0.305563,0.930763,0.131139,-0.318099,-0.072787
20.1000,-0.012465,-0.126261,-0.272334,0.926401,0.135690,-0.309981,-0.072924
20.1333,-0.020178,-0.119955,-0.241577,0.936568,0.138878,-0.302264,-0.074445
20.1667,-0.028969,-0.117504,-0.229965,0.946559,0.141978,-0.298931,-0.074956
20.2000,-0.036485,-0.115053,-0.207694,0.945780,0.146641,-0.294589,-0.074323
20.2333,-0.047649,-0.109339,-0.223261,0.945963,0.151946,-0.293205,-0.073018
20.2667,-0.056308,-0.107868,-0.222888,0.948836,0.155915,-0.291973,-0.072225
20.3000,-0.064124,-0.101757,-0.226424,0.948529,0.159883,-0.288961,-0.071416
20.3333,-0.072564,-0.096918,-0.212888,0.949723,0.164343,-0.284392,-0.070871
20.3667,-0.080982,-0.089813,-0.200599,0.956283,0.167752,-0.278660,-0.071088
20.4000,-0.091320,-0.083107,-0.220916,0.965776,0.170798,-0.277031,-0.070985
20.4333,-0.096948,-0.083137,-0.218686,0.967191,0.173489,-0.276453,-0.070183
20.4667,-0.100545,-0.082615,-0.194859,0.964526,0.176360,-0.273125,-0.069428
20.5000,-0.105650,-0.081241,-0.186047,0.964781,0.179083,-0.271078,-0.068750
20.5333,-0.109838,-0.081125,-0.190159,0.965451,0.181002,-0.271306,-0.068018
20.5667,-0.111682,-0.081086,-0.174692,0.961189,0.183009,-0.269338,-0.067194
20.6000,-0.117521,-0.077875,-0.186661,0.967048,0.184649,-0.268799,-0.067157
20.6333,-0.120253,-0.077672,-0.187338,0.968325,0.185795,-0.268600,-0.066795
20.6667,-0.123232,-0.074899,-0.191231,0.969434,0.186996,-0.267479,-0.066566
20.7000,-0.125990,-0.074288,-0.193644,0.970673,0.188112,-0.267298,-0.066266
20.7333,-0.128215,-0.074232,-0.193677,0.972265,0.188955,-0.267125,-0.066084
20.7667,-0.129648,-0.075086,-0.191789,0.972446,0.189693,-0.267255,-0.065786
20.8000,-0.130907,-0.076192,-0.190510,0.974528,0.189998,-0.267563,-0.065786
20.8333,-0.132604,-0.076559,-0.191668,0.976984,0.190401,-0.267761,-0.065805
20.8667,-0.134361,-0.077053,-0.191536,0.980696,0.190642,-0.267836,-0.065993
20.9000,-0.136050,-0.077887,-0.192102,0.983547,0.190989,-0.268192,-0.066030
20.9333,-0.137627,-0.078934,-0.190828,0.984755,0.191607,-0.268478,-0.065855
20.9667,-0.139086,-0.080295,-0.188709,0.985483,0.192270,-0.268841,-0.065614
21.0000,-0.140540,-0.081498,-0.184785,0.986485,0.192915,-0.268900,-0.065442
21.0333,-0.142219,-0.083271,-0.180749,0.986645,0.193826,-0.269250,-0.065071
21.0667,-0.144455,-0.082711,-0.182691,0.987847,0.194696,-0.269059,-0.064846
21.1000,-0.146418,-0.083264,-0.185019,0.988936,0.195453,-0.269505,-0.064571
21.1333,-0.148140,-0.083889,-0.186448,0.991091,0.195921,-0.269871,-0.064500
21.1667,-0.149628,-0.084290,-0.189119,0.992158,0.196434,-0.270300,-0.064315
21.2000,-0.150685,-0.084816,-0.191696,0.992487,0.196863,-0.270818,-0.064094
21.2333,-0.150872,-0.085357,-0.193459,0.992007,0.197013,-0.271304,-0.063913
21.2667,-0.151196,-0.085413,-0.197225,0.992473,0.197018,-0.271756,-0.063887
21.3000,-0.150914,-0.085577,-0.199609,0.992793,0.196774,-0.272129,-0.063943
21.3333,-0.149500,-0.086012,-0.199436,0.992520,0.196119,-0.272405,-0.064114
21.3667,-0.147601,-0.085829,-0.199220,0.992060,0.195248,-0.272386,-0.064404
21.4000,-0.145319,-0.085371,-0.199291,0.991133,0.194255,-0.272287,-0.064717
21.4333,-0.142674,-0.084653,-0.199870,0.990399,0.193033,-0.272128,-0.065137
21.4667,-0.140000,-0.083135,-0.203185,0.990235,0.191629,-0.271871,-0.065682
21.5000,-0.136771,-0.082099,-0.205255,0.990096,0.189970,-0.271738,-0.066300
21.5333,-0.133166,-0.081041,-0.207491,0.989756,0.188150,-0.271636,-0.066954
21.5667,-0.129464,-0.079251,-0.211469,0.987812,0.186516,-0.271409,-0.067433
21.6000,-0.126238,-0.076178,-0.221534,0.987546,0.184667,-0.271180,-0.068114
21.6333,-0.123672,-0.071962,-0.238868,0.989569,0.182539,-0.271120,-0.069038
21.6667,-0.118949,-0.071652,-0.240357,0.988967,0.180209,-0.271368,-0.069775
21.7000,-0.113560,-0.071654,-0.239224,0.987832,0.177701,-0.271516,-0.070540
21.7333,-0.107736,-0.071701,-0.236843,0.986349,0.175061,-0.271567,-0.071326
21.7667,-0.100947,-0.071220,-0.233148,0.983210,0.172254,-0.271272,-0.072055
21.8000,-0.094306,-0.071923,-0.228142,0.979692,0.169627,-0.271439,-0.072660
21.8333,-0.088333,-0.071799,-0.223843,0.978193,0.166949,-0.271166,-0.073480
21.8667,-0.082143,-0.071785,-0.224861,0.969094,0.165393,-0.271823,-0.073195
21.9000,-0.073205,-0.072885,-0.203861,0.951773,0.164477,-0.270631,-0.072286
21.9333,-0.066252,-0.076459,-0.189095,0.945995,0.162325,-0.271044,-0.072513
21.9667,-0.057791,-0.083730,-0.160467,0.933709,0.160865,-0.271673,-0.071915
22.0000,-0.044443,-0.101213,-0.090369,0.916241,0.158384,-0.272010,-0.071200
22.0333,-0.036687,-0.107116,-0.070499,0.907709,0.156179,-0.272652,-0.071102
22.0667,-0.030038,-0.112068,-0.060945,0.893323,0.155480,-0.274068,-0.069918
22.1000,-0.024091,-0.122909,-0.066357,0.870300,0.156550,-0.280422,-0.066692
22.1333,-0.013824,-0.128542,-0.067555,0.851860,0.154623,-0.283684,-0.065017
22.1667,-0.011485,-0.129774,-0.086976,0.859266,0.151872,-0.287315,-0.066173
22.2000,-0.009134,-0.132161,-0.084429,0.850458,0.152263,-0.288217,-0.065184
22.2333,-0.005567,-0.144201,-0.050800,0.842645,0.152168,-0.289376,-0.064370
22.2667,0.000792,-0.164706,0.003733,0.826089,0.152060,-0.291386,-0.062496
22.3000,0.001869,-0.174882,0.019729,0.806765,0.154826,-0.293521,-0.059466
22.3333,-0.000937,-0.180611,0.025622,0.796754,0.157913,-0.295038,-0.057338
22.3667,-0.006570,-0.183850,0.019437,0.784493,0.162820,-0.296981,-0.054223
22.4000,-0.013531,-0.187175,0.007767,0.759697,0.170405,-0.299380,-0.048661
22.4333,-0.022929,-0.189774,-0.006869,0.730805,0.179638,-0.301722,-0.041824
22.4667,-0.034420,-0.195129,-0.021688,0.712263,0.188050,-0.305657,-0.035789
22.5000,-0.056086,-0.174202,-0.083516,0.690476,0.201082,-0.304688,-0.028251
22.5333,-0.074736,-0.157294,-0.104654,0.674640,0.211785,-0.299144,-0.022753
22.5667,-0.090069,-0.155387,-0.105033,0.663961,0.220390,-0.297295,-0.017717
22.6000,-0.103746,-0.150033,-0.079448,0.657126,0.227964,-0.289367,-0.014646
22.6333,-0.119930,-0.150380,-0.081774,0.647156,0.236583,-0.288786,-0.009031
22.6667,-0.135914,-0.147067,-0.079177,0.622084,0.246798,-0.285301,-0.000813
22.7000,-0.151737,-0.147793,-0.094084,0.608463,0.255143,-0.287068,0.006211
22.7333,-0.165349,-0.160501,-0.116834,0.602939,0.261381,-0.296048,0.012562
22.7667,-0.174871,-0.184688,-0.122438,0.573358,0.268477,-0.306744,0.023719
22.8000,-0.182418,-0.194658,-0.120566,0.536155,0.275193,-0.309340,0.034464
22.8333,-0.175918,-0.255472,-0.041023,0.453886,0.280381,-0.317161,0.053843
22.8667,-0.177051,-0.276280,-0.018961,0.425574,0.282903,-0.319821,0.061359
22.9000,-0.180351,-0.293178,-0.012516,0.379620,0.286987,-0.322426,0.073663
22.9333,-0.188062,-0.294288,-0.029260,0.339616,0.291815,-0.323269,0.085460
22.9667,-0.195508,-0.299593,-0.039143,0.297344,0.296109,-0.324197,0.097976
23.0000,-0.202977,-0.295518,-0.062883,0.234818,0.300081,-0.323214,0.114770
23.0333,-0.209092,-0.294683,-0.076334,0.194090,0.302447,-0.322822,0.126226
23.0667,-0.214883,-0.288227,-0.090236,0.161278,0.304205,-0.321091,0.135187
23.1000,-0.220802,-0.288498,-0.101842,0.143579,0.305761,-0.322209,0.141547
23.1333,-0.227090,-0.279824,-0.118660,0.131640,0.307264,-0.321699,0.145925
23.1667,-0.231519,-0.276432,-0.120086,0.095828,0.308059,-0.318417,0.154793
23.2000,-0.235318,-0.273568,-0.121804,0.080207,0.308826,-0.316617,0.159121
23.2333,-0.238916,-0.274068,-0.128157,0.073885,0.309545,-0.317545,0.162019
23.2667,-0.241437,-0.275094,-0.130593,0.076236,0.310273,-0.318363,0.162544
23.3000,-0.243680,-0.275865,-0.139181,0.073961,0.310595,-0.320219,0.164316
23.3333,-0.245169,-0.276460,-0.144032,0.075820,0.310923,-0.321488,0.164713
23.3667,-0.246080,-0.276788,-0.149421,0.077187,0.311042,-0.322802,0.165045
23.4000,-0.248488,-0.268183,-0.160324,0.083647,0.311629,-0.322539,0.163786
23.4333,-0.250003,-0.260520,-0.166781,0.086642,0.311993,-0.321446,0.162940
23.4667,-0.250186,-0.255248,-0.169006,0.088994,0.312074,-0.320270,0.161943
23.5000,-0.247988,-0.257115,-0.165010,0.085962,0.311470,-0.320009,0.162051
23.5333,-0.244467,-0.263111,-0.155782,0.081230,0.310577,-0.319983,0.162360
23.5667,-0.242111,-0.265264,-0.151816,0.079293,0.309946,-0.319905,0.162125
23.6000,-0.240156,-0.265357,-0.149195,0.077037,0.309394,-0.319383,0.161903
23.6333,-0.238279,-0.265619,-0.147380,0.076311,0.308876,-0.319173,0.161439
23.6667,-0.236612,-0.266104,-0.145850,0.076472,0.308431,-0.319137,0.160881
23.7000,-0.235040,-0.265648,-0.145137,0.076842,0.308000,-0.318970,0.160236
23.7333,-0.233570,-0.264284,-0.143752,0.077858,0.307643,-0.318378,0.159327
23.7667,-0.231865,-0.263658,-0.142485,0.080241,0.307235,-0.318149,0.158160
23.8000,-0.230080,-0.263744,-0.141813,0.086361,0.306859,-0.318505,0.156262
23.8333,-0.227592,-0.265433,-0.136740,0.095098,0.306433,-0.318621,0.153549
23.8667,-0.225203,-0.265532,-0.132257,0.103348,0.305989,-0.318298,0.150792
23.9000,-0.223033,-0.264325,-0.128934,0.109336,0.305523,-0.317646,0.148498
23.9333,-0.220846,-0.262821,-0.126102,0.115883,0.305029,-0.317027,0.146072
23.9667,-0.218281,-0.260915,-0.122822,0.120910,0.304393,-0.316110,0.143808
24.0000,-0.215360,-0.259350,-0.119894,0.123702,0.303593,-0.315291,0.142001
24.0333,-0.212078,-0.257117,-0.115799,0.125660,0.302696,-0.313961,0.140131
24.0667,-0.208634,-0.254189,-0.112568,0.127797,0.301717,-0.312599,0.138144
24.1000,-0.204204,-0.252734,-0.106292,0.128505,0.300469,-0.311066,0.136223
24.1333,-0.199352,-0.250741,-0.101420,0.128691,0.299035,-0.309659,0.134312
24.1667,-0.194478,-0.248658,-0.096704,0.130024,0.297582,-0.308320,0.132130
24.2000,-0.188772,-0.248760,-0.088178,0.131308,0.295913,-0.306952,0.129788
24.2333,-0.182415,-0.251109,-0.078245,0.134855,0.294021,-0.306231,0.126933
24.2667,-0.175267,-0.259012,-0.066038,0.137507,0.291846,-0.306983,0.124531
24.3000,-0.169780,-0.265662,-0.058499,0.155628,0.290020,-0.309117,0.119242
24.3333,-0.164518,-0.268180,-0.051771,0.163834,0.288249,-0.309397,0.115844
24.3667,-0.159316,-0.273080,-0.044862,0.177545,0.286364,-0.310830,0.111513
24.4000,-0.154148,-0.274764,-0.034810,0.212143,0.283977,-0.311681,0.102067
24.4333,-0.150444,-0.275738,-0.037055,0.230135,0.282158,-0.313869,0.097354
24.4667,-0.147189,-0.275154,-0.036689,0.241689,0.280637,-0.314499,0.093834
24.5000,-0.143635,-0.276941,-0.026800,0.266973,0.278512,-0.314809,0.086966
24.5333,-0.141381,-0.275775,-0.027353,0.294570,0.276503,-0.316272,0.080280
24.5667,-0.138527,-0.275484,-0.029358,0.321352,0.274100,-0.318343,0.073867
24.6000,-0.134669,-0.273914,-0.024106,0.345300,0.271328,-0.318276,0.067251
24.6333,-0.135151,-0.262660,-0.039568,0.381160,0.269182,-0.318925,0.059222
24.6667,-0.136627,-0.243879,-0.050192,0.440155,0.265425,-0.316201,0.045488
24.7000,-0.132876,-0.230927,-0.053026,0.465995,0.261750,-0.312675,0.037967
24.7333,-0.125635,-0.225130,-0.030680,0.491533,0.256637,-0.307350,0.029298
24.7667,-0.116065,-0.230423,-0.008490,0.518209,0.250091,-0.307129,0.021199
24.8000,-0.104660,-0.233211,0.016406,0.543222,0.242542,-0.305489,0.012744
24.8333,-0.096665,-0.221969,0.013866,0.565644,0.236537,-0.302517,0.005493
24.8667,-0.083131,-0.219284,0.025128,0.578710,0.228947,-0.300585,-0.000647
24.9000,-0.068031,-0.216119,0.029865,0.593133,0.220348,-0.299792,-0.007060
24.9333,-0.050601,-0.214522,0.033067,0.605949,0.210727,-0.300005,-0.013250
24.9667,-0.031577,-0.214391,0.036585,0.609634,0.201410,-0.300469,-0.017805
25.0000,-0.011132,-0.214617,0.043264,0.605528,0.192369,-0.300203,-0.021169
25.0333,0.009631,-0.212204,0.048794,0.603507,0.182835,-0.299002,-0.024999
25.0667,0.030201,-0.209896,0.051739,0.604836,0.172870,-0.298410,-0.029080
25.1000,0.046785,-0.199930,0.022623,0.619778,0.162928,-0.300467,-0.034125
25.1333,0.066073,-0.201225,0.019901,0.668369,0.146003,-0.304069,-0.044722
25.1667,0.082817,-0.197648,0.014951,0.660316,0.139050,-0.303628,-0.045987
25.2000,0.098445,-0.200396,0.009655,0.679644,0.128092,-0.307010,-0.050582
25.2333,0.112777,-0.210030,0.014002,0.684534,0.120041,-0.311428,-0.052335
25.2667,0.124239,-0.212874,0.012473,0.705999,0.110514,-0.314082,-0.056462
25.3000,0.136387,-0.220905,0.050402,0.725823,0.100596,-0.312624,-0.061123
25.3333,0.144378,-0.224014,0.076502,0.739058,0.093806,-0.310577,-0.064352
25.3667,0.147013,-0.229052,0.086821,0.749525,0.090332,-0.311862,-0.065932
25.4000,0.149044,-0.236509,0.114812,0.755568,0.087675,-0.311320,-0.067208
25.4333,0.146199,-0.239808,0.114908,0.758354,0.088579,-0.312980,-0.067062
25.4667,0.138679,-0.236476,0.077493,0.772978,0.090298,-0.317778,-0.067252
25.5000,0.129640,-0.230776,0.051788,0.788628,0.092299,-0.319462,-0.068167
25.5333,0.118717,-0.217733,0.023022,0.801590,0.095707,-0.317730,-0.069228
25.5667,0.107510,-0.206194,0.004563,0.804440,0.101042,-0.314727,-0.069151
25.6000,0.094064,-0.192017,-0.015827,0.818386,0.105397,-0.310863,-0.070461
25.6333,0.081639,-0.184673,-0.025093,0.831897,0.109308,-0.308554,-0.071369
25.6667,0.068548,-0.179894,-0.033784,0.835451,0.115398,-0.307169,-0.070653
25.7000,0.053729,-0.176010,-0.038439,0.838184,0.122527,-0.305542,-0.069624
25.7333,0.037073,-0.163281,-0.043350,0.847425,0.129405,-0.299551,-0.069939
25.7667,0.021116,-0.154159,-0.058932,0.848111,0.137387,-0.296731,-0.068348
25.8000,0.010240,-0.150696,-0.045580,0.844218,0.143792,-0.292581,-0.066850
25.8333,0.000648,-0.150380,-0.037285,0.842964,0.148970,-0.290803,-0.065468
25.8667,-0.009021,-0.150567,-0.038859,0.840440,0.154322,-0.290704,-0.063609
25.9000,-0.017689,-0.149209,-0.020705,0.846970,0.157646,-0.287114,-0.063792
25.9333,-0.025695,-0.147919,-0.000564,0.849952,0.161199,-0.283237,-0.063517
25.9667,-0.034431,-0.146732,0.008696,0.855562,0.164616,-0.281047,-0.063233
26.0000,-0.039731,-0.146290,0.039961,0.854531,0.167345,-0.276004,-0.062900
26.0333,-0.046458,-0.146978,0.042414,0.855968,0.170458,-0.275730,-0.061971
26.0667,-0.051978,-0.153003,0.059448,0.851959,0.173794,-0.275902,-0.060441
26.1000,-0.057951,-0.154864,0.064431,0.854093,0.176373,-0.275909,-0.059709
26.1333,-0.063163,-0.156508,0.069228,0.855183,0.178747,-0.275832,-0.058950
26.1667,-0.068796,-0.157399,0.070697,0.861577,0.180459,-0.276046,-0.058896
26.2000,-0.074752,-0.157297,0.069847,0.874094,0.181311,-0.276308,-0.059691
26.2333,-0.080810,-0.154793,0.060563,0.880560,0.183320,-0.276297,-0.059514
26.2667,-0.088897,-0.149115,0.029756,0.892856,0.185455,-0.277740,-0.059609
26.3000,-0.096602,-0.144971,-0.002368,0.902930,0.187663,-0.279956,-0.059331
26.3333,-0.103228,-0.142969,-0.016477,0.909268,0.189883,-0.280685,-0.058957
26.3667,-0.108556,-0.142085,-0.028392,0.912534,0.191967,-0.281643,-0.058262
26.4000,-0.113415,-0.142882,-0.037295,0.914628,0.194017,-0.283045,-0.057432
26.4333,-0.118779,-0.143136,-0.047391,0.918817,0.195939,-0.284334,-0.056853
26.4667,-0.124011,-0.143282,-0.060027,0.924716,0.197474,-0.285910,-0.056487
26.5000,-0.129363,-0.142105,-0.073282,0.930139,0.199119,-0.286856,-0.056138
26.5333,-0.134211,-0.141887,-0.082859,0.934237,0.200758,-0.287792,-0.055665
26.5667,-0.138247,-0.141284,-0.084671,0.936577,0.202352,-0.287530,-0.055251
26.6000,-0.141706,-0.139188,-0.081370,0.938524,0.203758,-0.285861,-0.055097
26.6333,-0.144409,-0.137461,-0.074045,0.940509,0.204810,-0.283895,-0.055117
26.6667,-0.146511,-0.136575,-0.065548,0.941618,0.205716,-0.282231,-0.055066
26.7000,-0.147956,-0.137869,-0.059145,0.940982,0.206590,-0.281968,-0.054658
26.7333,-0.149055,-0.139159,-0.051508,0.939767,0.207390,-0.281556,-0.054276
26.7667,-0.150348,-0.139940,-0.049172,0.939838,0.208033,-0.281581,-0.053996
26.8000,-0.151129,-0.140830,-0.048176,0.939427,0.208502,-0.281852,-0.053701
26.8333,-0.151454,-0.141507,-0.046637,0.939335,0.208690,-0.281975,-0.053582
26.8667,-0.151097,-0.142882,-0.042062,0.938289,0.208719,-0.282081,-0.053454
26.9000,-0.150821,-0.143244,-0.039217,0.937788,0.208678,-0.281900,-0.053454
26.9333,-0.149884,-0.142945,-0.041369,0.938401,0.208101,-0.282079,-0.053681
26.9667,-0.149162,-0.141747,-0.045060,0.940615,0.207345,-0.282023,-0.054193
27.0000,-0.146976,-0.140909,-0.051892,0.942090,0.205975,-0.282606,-0.054739
27.0333,-0.144434,-0.138940,-0.059928,0.943406,0.204432,-0.282790,-0.055443
27.0667,-0.144236,-0.137224,-0.103353,0.956296,0.201743,-0.287595,-0.056802
27.1000,-0.144769,-0.136838,-0.153039,0.972144,0.198577,-0.293575,-0.058342
27.1333,-0.143127,-0.139280,-0.193464,0.983467,0.195028,-0.299720,-0.059485
27.1667,-0.136841,-0.145877,-0.197692,0.983971,0.191710,-0.303920,-0.059989
27.2000,-0.130066,-0.147356,-0.191494,0.983718,0.188457,-0.304277,-0.061158
27.2333,-0.123462,-0.147587,-0.194763,0.984783,0.184836,-0.305086,-0.062404
27.2667,-0.116501,-0.146865,-0.202706,0.985580,0.180960,-0.305977,-0.063674
27.3000,-0.107100,-0.147206,-0.195482,0.980454,0.177233,-0.305791,-0.064618
27.3333,-0.099899,-0.145015,-0.210807,0.975746,0.174011,-0.306928,-0.065160
27.3667,-0.092736,-0.144476,-0.234474,0.968486,0.171004,-0.309995,-0.064997
27.4000,-0.081135,-0.146091,-0.232417,0.956843,0.167182,-0.311321,-0.065041
27.4333,-0.069768,-0.147723,-0.242414,0.939098,0.164188,-0.314293,-0.063962
27.4667,-0.059468,-0.148761,-0.241757,0.928195,0.160832,-0.315440,-0.063986
27.5000,-0.051814,-0.151158,-0.263999,0.914763,0.158516,-0.320190,-0.062581
27.5333,-0.046477,-0.154099,-0.290566,0.916295,0.154527,-0.325312,-0.062851
27.5667,-0.039766,-0.159063,-0.287496,0.909878,0.152301,-0.327882,-0.062437
27.6000,-0.035875,-0.163135,-0.303086,0.915024,0.148777,-0.331945,-0.062977
27.6333,-0.036916,-0.166814,-0.375065,0.921649,0.144955,-0.342600,-0.061891
27.6667,-0.032693,-0.172613,-0.378340,0.919885,0.142905,-0.346157,-0.061419
27.7000,-0.024179,-0.189065,-0.333526,0.910830,0.142159,-0.349388,-0.059974
27.7333,-0.018882,-0.194714,-0.305154,0.904016,0.141808,-0.348965,-0.059661
27.7667,-0.016575,-0.197381,-0.308198,0.895695,0.141931,-0.350996,-0.058319
27.8000,-0.013919,-0.200226,-0.304655,0.898744,0.140171,-0.351956,-0.058817
27.8333,-0.014347,-0.203097,-0.310943,0.904915,0.139035,-0.354021,-0.059140
27.8667,-0.014486,-0.206568,-0.311256,0.900552,0.139857,-0.355897,-0.057989
27.9000,-0.014841,-0.211581,-0.298972,0.901952,0.140300,-0.356742,-0.057782
27.9333,-0.014339,-0.216986,-0.287497,0.905498,0.139877,-0.357847,-0.057843
27.9667,-0.016559,-0.220983,-0.281685,0.900793,0.142069,-0.359099,-0.056505
28.0000,-0.017166,-0.224943,-0.261475,0.891622,0.144755,-0.358532,-0.055086
28.0333,-0.017573,-0.230613,-0.230077,0.871621,0.149548,-0.357306,-0.052255
28.0667,-0.020866,-0.235418,-0.222220,0.868726,0.151986,-0.358462,-0.050902
28.1000,-0.024804,-0.236688,-0.211717,0.869950,0.154112,-0.357483,-0.050682
28.1333,-0.028039,-0.237984,-0.194578,0.863337,0.157415,-0.355623,-0.049580
28.1667,-0.032318,-0.241000,-0.183269,0.858440,0.160746,-0.355328,-0.048140
28.2000,-0.036707,-0.240493,-0.172207,0.854124,0.164004,-0.353321,-0.047251
28.2333,-0.041723,-0.237718,-0.168596,0.851180,0.167140,-0.351225,-0.046522
28.2667,-0.048436,-0.229774,-0.180374,0.849253,0.170560,-0.348731,-0.045883
28.3000,-0.053810,-0.225667,-0.182250,0.845775,0.173811,-0.346749,-0.044956
28.3333,-0.059033,-0.220150,-0.184254,0.841429,0.177111,-0.344101,-0.044087
28.3667,-0.064293,-0.214168,-0.191328,0.840298,0.179744,-0.341959,-0.043588
28.4000,-0.068966,-0.209923,-0.197744,0.839755,0.181994,-0.340593,-0.043052
28.4333,-0.073424,-0.205043,-0.206593,0.840780,0.183798,-0.339272,-0.042814
28.4667,-0.077227,-0.201598,-0.213186,0.840048,0.185617,-0.338359,-0.042280
28.5000,-0.079861,-0.200751,-0.214199,0.839470,0.186996,-0.337963,-0.041777
28.5333,-0.082005,-0.200061,-0.215691,0.839674,0.187986,-0.337731,-0.041455
28.5667,-0.083688,-0.199638,-0.217444,0.840074,0.188707,-0.337689,-0.041206
28.6000,-0.084973,-0.198656,-0.219492,0.840446,0.189223,-0.337436,-0.041093
28.6333,-0.085709,-0.197682,-0.220909,0.840636,0.189516,-0.337123,-0.041064
28.6667,-0.085791,-0.197164,-0.220363,0.841212,0.189483,-0.336780,-0.041210
28.7000,-0.085237,-0.196884,-0.218434,0.841606,0.189207,-0.336386,-0.041445
28.7333,-0.084348,-0.196748,-0.217973,0.842340,0.188662,-0.336288,-0.041740
28.7667,-0.082589,-0.198137,-0.213501,0.842535,0.187897,-0.336404,-0.042011
28.8000,-0.080689,-0.198892,-0.211922,0.843407,0.186858,-0.336630,-0.042424
28.8333,-0.078745,-0.198876,-0.212710,0.845197,0.185574,-0.336817,-0.043034
28.8667,-0.076515,-0.198932,-0.213560,0.848426,0.183909,-0.337053,-0.043909
28.9000,-0.074079,-0.199025,-0.214746,0.853022,0.181901,-0.337354,-0.045019
28.9333,-0.071192,-0.200070,-0.213974,0.857130,0.179801,-0.337865,-0.046047
28.9667,-0.067995,-0.201445,-0.210952,0.858028,0.178137,-0.338255,-0.046637
29.0000,-0.064420,-0.203494,-0.203826,0.857501,0.176637,-0.338422,-0.047090
29.0333,-0.061260,-0.204210,-0.201149,0.857652,0.175096,-0.338538,-0.047629
29.0667,-0.058435,-0.204477,-0.201830,0.856999,0.173759,-0.338894,-0.047950
29.1000,-0.055932,-0.204931,-0.204327,0.857790,0.172290,-0.339580,-0.048367
29.1333,-0.053743,-0.205774,-0.208945,0.859010,0.170840,-0.340736,-0.048681
29.1667,-0.051447,-0.207486,-0.208958,0.859534,0.169589,-0.341680,-0.048921
29.2000,-0.049701,-0.207303,-0.210229,0.861310,0.168365,-0.341838,-0.049482
29.2333,-0.048114,-0.207018,-0.209860,0.862096,0.167437,-0.341715,-0.049919
29.2667,-0.046755,-0.206897,-0.209644,0.861602,0.166837,-0.341688,-0.050092
29.3000,-0.045843,-0.206865,-0.210741,0.860938,0.166452,-0.341872,-0.050122
29.3333,-0.045151,-0.207341,-0.212909,0.859682,0.166247,-0.342449,-0.049920
29.3667,-0.044583,-0.208264,-0.211342,0.858901,0.166137,-0.342715,-0.049828
29.4000,-0.043879,-0.209487,-0.206454,0.861072,0.165558,-0.342649,-0.050252
29.4333,-0.043129,-0.209754,-0.199883,0.861082,0.165367,-0.341890,-0.050529
29.4667,-0.042670,-0.209596,-0.194493,0.858760,0.165681,-0.341083,-0.050432
29.5000,-0.042375,-0.209049,-0.188260,0.855707,0.166222,-0.339955,-0.050275
29.5333,-0.042884,-0.206108,-0.187869,0.853417,0.166878,-0.338441,-0.050250
29.5667,-0.043310,-0.198770,-0.183628,0.848767,0.167994,-0.334229,-0.050542
29.6000,-0.044798,-0.186527,-0.186107,0.845715,0.169187,-0.328519,-0.051292
29.6333,-0.044316,-0.181575,-0.170985,0.837524,0.170717,-0.323933,-0.051077
29.6667,-0.044251,-0.179603,-0.162331,0.832880,0.171672,-0.321699,-0.050809
29.7000,-0.044249,-0.178748,-0.154620,0.829870,0.172354,-0.320140,-0.050635
29.7333,-0.044603,-0.178322,-0.151807,0.829530,0.172651,-0.319497,-0.050639
29.7667,-0.045689,-0.177643,-0.156284,0.831528,0.172759,-0.319778,-0.050730
29.8000,-0.046284,-0.178566,-0.157309,0.831836,0.172985,-0.320356,-0.050544
29.8333,-0.046504,-0.180091,-0.154678,0.830612,0.173362,-0.320705,-0.050212
29.8667,-0.045772,-0.184141,-0.145387,0.826061,0.173965,-0.321335,-0.049399
29.9000,-0.045007,-0.187432,-0.135145,0.823147,0.174283,-0.321443,-0.048977
29.9333,-0.045095,-0.189062,-0.134144,0.822150,0.174511,-0.322080,-0.048645
29.9667,-0.045499,-0.189013,-0.137609,0.821955,0.174676,-0.322552,-0.048453
30.0000,-0.045683,-0.189446,-0.141242,0.822272,0.174641,-0.323297,-0.048313
30.0333,-0.045562,-0.189888,-0.145357,0.818634,0.175097,-0.324111,-0.047586
30.0667,-0.045801,-0.190394,-0.156007,0.820985,0.174588,-0.325944,-0.047551
30.1000,-0.045788,-0.189004,-0.163459,0.820603,0.174467,-0.326376,-0.047455
30.1333,-0.047210,-0.184708,-0.188918,0.832001,0.172623,-0.327957,-0.048831
30.1667,-0.049057,-0.176440,-0.218867,0.835048,0.172144,-0.328173,-0.049244
30.2000,-0.050998,-0.166647,-0.251532,0.836955,0.171679,-0.327986,-0.049636
30.2333,-0.051116,-0.160983,-0.270704,0.835059,0.171319,-0.327996,-0.049565
30.2667,-0.049370,-0.159576,-0.275653,0.832302,0.170694,-0.328151,-0.049465
30.3000,-0.048941,-0.154320,-0.294790,0.821709,0.171375,-0.328619,-0.048074
30.3333,-0.046755,-0.152767,-0.299390,0.820038,0.170344,-0.328665,-0.048251
30.3667,-0.044651,-0.150472,-0.305962,0.817541,0.169389,-0.328659,-0.048335
30.4000,-0.042628,-0.146775,-0.313891,0.812535,0.168800,-0.328240,-0.048145
30.4333,-0.040643,-0.144244,-0.322717,0.811065,0.167613,-0.328425,-0.048362
30.4667,-0.039000,-0.142502,-0.334551,0.808903,0.166543,-0.329443,-0.048264
30.5000,-0.037987,-0.142375,-0.352419,0.807883,0.165270,-0.332060,-0.047941
30.5333,-0.035782,-0.143622,-0.355876,0.807524,0.164034,-0.333277,-0.048021
30.5667,-0.034199,-0.144501,-0.359741,0.805116,0.163402,-0.334426,-0.047715
30.6000,-0.032950,-0.142099,-0.364758,0.802565,0.162895,-0.334136,-0.047711
30.6333,-0.030736,-0.142323,-0.360945,0.804825,0.161639,-0.333698,-0.048467
30.6667,-0.030152,-0.142704,-0.368219,0.807349,0.160545,-0.334869,-0.048797
30.7000,-0.029464,-0.142139,-0.368919,0.818275,0.158439,-0.334296,-0.050735
30.7333,-0.029719,-0.141610,-0.371419,0.824087,0.157506,-0.334153,-0.051667
30.7667,-0.029979,-0.142045,-0.364963,0.826897,0.157539,-0.333337,-0.052168
30.8000,-0.031437,-0.141929,-0.354126,0.841680,0.156466,-0.331129,-0.054538
30.8333,-0.033503,-0.143677,-0.332188,0.858652,0.155816,-0.328242,-0.057095
30.8667,-0.036427,-0.144793,-0.305938,0.877772,0.155288,-0.324441,-0.059940
30.9000,-0.045023,-0.138534,-0.287680,0.901067,0.156435,-0.317804,-0.063285
30.9333,-0.052851,-0.134467,-0.270003,0.909852,0.159595,-0.312826,-0.064073
30.9667,-0.057849,-0.132035,-0.242794,0.913308,0.162482,-0.307691,-0.064415
31.0000,-0.064991,-0.123076,-0.200573,0.924779,0.165305,-0.297066,-0.066554
31.0333,-0.070928,-0.118403,-0.178565,0.928084,0.168275,-0.291458,-0.066685
31.0667,-0.078174,-0.116315,-0.165311,0.930458,0.171821,-0.288307,-0.066207
31.1000,-0.086115,-0.115234,-0.157925,0.931686,0.175781,-0.286416,-0.065243
31.1333,-0.093493,-0.114212,-0.147330,0.934187,0.179275,-0.284140,-0.064556
31.1667,-0.101337,-0.112077,-0.139814,0.934974,0.183218,-0.281690,-0.063567
31.2000,-0.109675,-0.110006,-0.146424,0.947890,0.185042,-0.280976,-0.064015
31.2333,-0.116679,-0.102800,-0.157669,0.948630,0.188204,-0.278353,-0.063211
31.2667,-0.127387,-0.090030,-0.189172,0.956446,0.191510,-0.275160,-0.063073
31.3000,-0.137663,-0.078202,-0.215197,0.965476,0.194425,-0.271598,-0.063127
31.3333,-0.144579,-0.072892,-0.225761,0.969215,0.196949,-0.269686,-0.062611
31.3667,-0.149857,-0.068803,-0.231119,0.970759,0.199153,-0.267901,-0.062037
31.4000,-0.152938,-0.068667,-0.220031,0.969168,0.201235,-0.266338,-0.061246
31.4333,-0.156204,-0.070428,-0.216228,0.971420,0.202586,-0.266548,-0.060832
31.4667,-0.159282,-0.071581,-0.215081,0.974629,0.203611,-0.266758,-0.060623
31.5000,-0.161903,-0.072459,-0.213561,0.975324,0.204842,-0.266867,-0.060146
31.5333,-0.164273,-0.072787,-0.212745,0.975315,0.206045,-0.266809,-0.059646
31.5667,-0.166266,-0.073354,-0.211944,0.975075,0.207101,-0.266901,-0.059167
31.6000,-0.168159,-0.073739,-0.211278,0.975169,0.208045,-0.266914,-0.058776
31.6333,-0.170141,-0.073880,-0.212259,0.976032,0.208861,-0.266979,-0.058490
31.6667,-0.171587,-0.075334,-0.209032,0.976436,0.209599,-0.267248,-0.058176
31.7000,-0.172794,-0.076571,-0.206297,0.976741,0.210220,-0.267480,-0.057900
31.7333,-0.173671,-0.077828,-0.202295,0.977000,0.210711,-0.267586,-0.057693
31.7667,-0.174546,-0.078540,-0.200918,0.977605,0.211078,-0.267725,-0.057558
31.8000,-0.174980,-0.079604,-0.199306,0.977942,0.211282,-0.268044,-0.057444
31.8333,-0.175199,-0.080657,-0.197855,0.978443,0.211348,-0.268389,-0.057406
31.8667,-0.175399,-0.081152,-0.197270,0.978865,0.211393,-0.268554,-0.057395
31.9000,-0.174909,-0.082418,-0.193656,0.978560,0.211291,-0.268797,-0.057373
31.9333,-0.174113,-0.084166,-0.188194,0.977884,0.211139,-0.269090,-0.057346
31.9667,-0.171959,-0.088466,-0.174726,0.975522,0.210774,-0.269814,-0.057210
32.0000,-0.169435,-0.093065,-0.162853,0.973208,0.210173,-0.270896,-0.057132
32.0333,-0.167579,-0.094341,-0.157942,0.972085,0.209537,-0.271063,-0.057290
32.0667,-0.165733,-0.094470,-0.156158,0.970976,0.208839,-0.271019,-0.057492
32.1000,-0.163283,-0.094960,-0.152372,0.969472,0.207946,-0.270945,-0.057745
32.1333,-0.160177,-0.095617,-0.146223,0.966876,0.206949,-0.270705,-0.057973
32.1667,-0.156694,-0.096484,-0.140951,0.964109,0.205779,-0.270697,-0.058225
32.2000,-0.152602,-0.097819,-0.134877,0.960993,0.204380,-0.270857,-0.058517
32.2333,-0.148185,-0.100016,-0.130881,0.959197,0.202567,-0.271725,-0.058988
32.2667,-0.142930,-0.101586,-0.124519,0.955188,0.200741,-0.272015,-0.059350
32.3000,-0.137462,-0.102812,-0.118833,0.951987,0.198650,-0.272213,-0.059896
32.3333,-0.132310,-0.100291,-0.113827,0.948017,0.196803,-0.270549,-0.060525
32.3667,-0.126396,-0.100081,-0.103999,0.940999,0.195178,-0.269478,-0.060716
32.4000,-0.120048,-0.100471,-0.092533,0.934377,0.193278,-0.268492,-0.061022
32.4333,-0.113251,-0.101722,-0.086559,0.922789,0.191956,-0.268654,-0.060517
32.4667,-0.106328,-0.102343,-0.076459,0.915775,0.189806,-0.267934,-0.060843
32.5000,-0.099035,-0.104475,-0.051499,0.908794,0.187554,-0.265947,-0.061368
32.5333,-0.091482,-0.108630,-0.041226,0.897015,0.185893,-0.266885,-0.060807
32.5667,-0.085261,-0.111065,-0.035382,0.886415,0.184648,-0.267487,-0.060299
32.6000,-0.074669,-0.122854,-0.005991,0.868202,0.182606,-0.269463,-0.059118
32.6333,-0.069719,-0.129071,0.003525,0.856550,0.182125,-0.271246,-0.058127
32.6667,-0.063617,-0.138435,0.025427,0.838100,0.182173,-0.272550,-0.056220
32.7000,-0.058166,-0.149155,0.046385,0.807352,0.184464,-0.274060,-0.052202
32.7333,-0.056014,-0.150384,0.047788,0.791913,0.185892,-0.274057,-0.050155
32.7667,-0.052812,-0.155598,0.056257,0.777289,0.186609,-0.274937,-0.048250
32.8000,-0.049510,-0.163736,0.063076,0.744016,0.190166,-0.276741,-0.043075
32.8333,-0.046498,-0.173640,0.085016,0.708171,0.193868,-0.276571,-0.037685
32.8667,-0.045976,-0.182521,0.091731,0.680706,0.197529,-0.278462,-0.032741
32.9000,-0.046407,-0.192885,0.098864,0.634074,0.204115,-0.279835,-0.024053
32.9333,-0.054045,-0.185889,0.082090,0.634506,0.207853,-0.279229,-0.022692
32.9667,-0.066238,-0.170494,0.039216,0.585734,0.220162,-0.277241,-0.010928
33.0000,-0.074029,-0.170329,0.032965,0.611347,0.220584,-0.278849,-0.013855
33.0333,-0.084606,-0.170964,0.006291,0.614683,0.225109,-0.283549,-0.011329
33.0667,-0.095066,-0.167294,-0.006605,0.619052,0.229323,-0.283755,-0.009784
33.1000,-0.113444,-0.142313,-0.075985,0.615756,0.237495,-0.283769,-0.005149
33.1333,-0.124579,-0.139371,-0.093215,0.609282,0.243020,-0.284759,-0.001053
33.1667,-0.139495,-0.138985,-0.154706,0.579815,0.251622,-0.294694,0.009790
33.2000,-0.150560,-0.134969,-0.176505,0.568952,0.256954,-0.296164,0.014803
33.2333,-0.164558,-0.126142,-0.224308,0.548284,0.263311,-0.300255,0.022626
33.2667,-0.176946,-0.114390,-0.256457,0.550853,0.266991,-0.300239,0.024573
33.3000,-0.184457,-0.116774,-0.254165,0.542124,0.271058,-0.300374,0.028619
33.3333,-0.191427,-0.114794,-0.252712,0.535889,0.274570,-0.298745,0.031574
33.3667,-0.191376,-0.132404,-0.215587,0.526346,0.276895,-0.299385,0.034906
33.4000,-0.190704,-0.155490,-0.184326,0.516374,0.278575,-0.303439,0.038625
33.4333,-0.189086,-0.168674,-0.160417,0.467288,0.282449,-0.303722,0.049530
33.4667,-0.189391,-0.172666,-0.159145,0.440137,0.284488,-0.304564,0.055891
33.5000,-0.190283,-0.168836,-0.164354,0.424040,0.285717,-0.303598,0.059388
33.5333,-0.192840,-0.160871,-0.170466,0.419816,0.286783,-0.301251,0.060298
33.5667,-0.192260,-0.163316,-0.161598,0.419376,0.286857,-0.300470,0.060301
33.6000,-0.191775,-0.165309,-0.154098,0.428444,0.286318,-0.299995,0.058181
33.6333,-0.191312,-0.166382,-0.150747,0.441818,0.285360,-0.300085,0.055169
33.6667,-0.189011,-0.171466,-0.139169,0.448595,0.284302,-0.300203,0.053284
33.7000,-0.187201,-0.171131,-0.128768,0.448689,0.283822,-0.298087,0.052406
33.7333,-0.182962,-0.178414,-0.110358,0.448740,0.282538,-0.297744,0.051440
33.7667,-0.179649,-0.183662,-0.100312,0.494180,0.277968,-0.299515,0.041033
33.8000,-0.178282,-0.183268,-0.098000,0.517880,0.275467,-0.299670,0.035520
33.8333,-0.177193,-0.182053,-0.097021,0.532538,0.273741,-0.299432,0.032009
33.8667,-0.176014,-0.180514,-0.096362,0.538204,0.272744,-0.298860,0.030348
33.9000,-0.174202,-0.179080,-0.090496,0.541454,0.271773,-0.297309,0.028871
33.9333,-0.172264,-0.179857,-0.082850,0.539863,0.271216,-0.296274,0.028520
33.9667,-0.170325,-0.182074,-0.074883,0.534459,0.271007,-0.295697,0.029083
34.0000,-0.168867,-0.184367,-0.067723,0.528390,0.271036,-0.295243,0.029925
34.0333,-0.165493,-0.195175,-0.047453,0.517762,0.270803,-0.295935,0.031586
34.0667,-0.163261,-0.201932,-0.035409,0.506457,0.270964,-0.296274,0.033528
34.1000,-0.163520,-0.203081,-0.037221,0.502686,0.271387,-0.296974,0.034523
34.1333,-0.163937,-0.203345,-0.040536,0.497550,0.271981,-0.297511,0.035857
34.1667,-0.164495,-0.203391,-0.042151,0.494989,0.272419,-0.297714,0.036595
34.2000,-0.165367,-0.203022,-0.046341,0.493510,0.272872,-0.298263,0.037260
34.2333,-0.166540,-0.202379,-0.051928,0.494772,0.273203,-0.299054,0.037454
34.2667,-0.167355,-0.200434,-0.057164,0.494372,0.273521,-0.299168,0.037771
34.3000,-0.168341,-0.198496,-0.059697,0.493411,0.273978,-0.298726,0.038122
34.3333,-0.169991,-0.196008,-0.068235,0.497200,0.274243,-0.299349,0.037833
34.3667,-0.170917,-0.195681,-0.070338,0.497395,0.274585,-0.299563,0.038085
34.4000,-0.171304,-0.196034,-0.068668,0.495615,0.274913,-0.299297,0.038541
34.4333,-0.172036,-0.196744,-0.067747,0.497656,0.275056,-0.299445,0.038335
34.4667,-0.173361,-0.194796,-0.079501,0.502095,0.275077,-0.300962,0.038012
34.5000,-0.175175,-0.193081,-0.099611,0.508940,0.274935,-0.304246,0.037607
34.5333,-0.175340,-0.191455,-0.105936,0.510360,0.274772,-0.304804,0.037410
34.5667,-0.175519,-0.190739,-0.114969,0.514235,0.274340,-0.306351,0.036884
34.6000,-0.174799,-0.192664,-0.113515,0.521106,0.273482,-0.307155,0.035409
34.6333,-0.173434,-0.194471,-0.111618,0.524637,0.272644,-0.307768,0.034463
34.6667,-0.172162,-0.195462,-0.111577,0.530807,0.271565,-0.308458,0.032953
34.7000,-0.172425,-0.191710,-0.119239,0.542248,0.270474,-0.308578,0.030470
34.7333,-0.173067,-0.185593,-0.132631,0.551579,0.269577,-0.308610,0.028475
34.7667,-0.172172,-0.179024,-0.134367,0.553827,0.268939,-0.306132,0.027132
34.8000,-0.170169,-0.178684,-0.131954,0.553075,0.268216,-0.305638,0.026682
34.8333,-0.167745,-0.178380,-0.125940,0.550361,0.267578,-0.304463,0.026403
34.8667,-0.166137,-0.176789,-0.126458,0.551503,0.266771,-0.303992,0.025595
34.9000,-0.164400,-0.175884,-0.128730,0.550187,0.266107,-0.304112,0.025403
34.9333,-0.162083,-0.174785,-0.126254,0.550998,0.265096,-0.303326,0.024457
34.9667,-0.158159,-0.174308,-0.110874,0.552309,0.263609,-0.300471,0.022684
35.0000,-0.154582,-0.170375,-0.100321,0.556076,0.261883,-0.297030,0.020301
35.0333,-0.151130,-0.169135,-0.094681,0.555375,0.260559,-0.295612,0.019297
35.0667,-0.148354,-0.163837,-0.096674,0.559040,0.258948,-0.293889,0.017415
35.1000,-0.144849,-0.159656,-0.093994,0.563218,0.257039,-0.291826,0.015239
35.1333,-0.141067,-0.142675,-0.087902,0.560907,0.255653,-0.283218,0.013135
35.1667,-0.134321,-0.141110,-0.072230,0.555772,0.253460,-0.279833,0.012059
35.2000,-0.126344,-0.147415,-0.056610,0.552580,0.250529,-0.280109,0.010885
35.2333,-0.116024,-0.158520,-0.030962,0.548301,0.246717,-0.280706,0.009443
35.2667,-0.104662,-0.167400,-0.000833,0.545901,0.242101,-0.279533,0.006999
35.3000,-0.094903,-0.169340,0.009810,0.542328,0.238198,-0.278830,0.005249
35.3333,-0.082735,-0.175781,0.032055,0.545910,0.232364,-0.278310,0.001547
35.3667,-0.071709,-0.178349,0.040907,0.544719,0.227553,-0.278371,-0.000787
35.4000,-0.060006,-0.181147,0.050739,0.558098,0.220695,-0.278985,-0.006015
35.4333,-0.047916,-0.181207,0.056574,0.562494,0.214660,-0.278765,-0.009566
35.4667,-0.034583,-0.187892,0.064187,0.572581,0.207277,-0.281519,-0.013916
35.5000,-0.020935,-0.191708,0.072430,0.580034,0.199954,-0.282764,-0.017976
35.5333,-0.007333,-0.198922,0.076987,0.601698,0.190690,-0.286905,-0.024041
35.5667,0.004821,-0.202856,0.075144,0.612839,0.183451,-0.290164,-0.027839
35.6000,0.018844,-0.210703,0.078557,0.652634,0.170929,-0.295689,-0.036422
35.6333,0.027976,-0.213182,0.046422,0.680263,0.162590,-0.304077,-0.041032
35.6667,0.038108,-0.220998,0.057766,0.707532,0.153135,-0.307457,-0.046658
35.7000,0.044267,-0.223067,0.050127,0.719773,0.148114,-0.310495,-0.049008
35.7333,0.045954,-0.224793,0.022545,0.732548,0.145277,-0.316458,-0.050051
35.7667,0.050681,-0.229586,0.051450,0.753887,0.139099,-0.315127,-0.054495
35.8000,0.052179,-0.232991,0.060658,0.748604,0.139146,-0.315117,-0.053967
35.8333,0.047028,-0.223846,0.063744,0.772784,0.137514,-0.311135,-0.057979
35.8667,0.040357,-0.215846,0.057584,0.785608,0.138725,-0.308512,-0.059498
35.9000,0.033087,-0.209132,0.057646,0.805423,0.138942,-0.305762,-0.061986
35.9333,0.023082,-0.201581,0.050457,0.809467,0.143372,-0.302955,-0.061736
35.9667,0.010818,-0.190306,0.042600,0.840744,0.144129,-0.299238,-0.065256
36.0000,0.001418,-0.184697,0.061812,0.839370,0.149031,-0.293216,-0.064747
36.0333,-0.007214,-0.176554,0.073055,0.837567,0.153624,-0.287081,-0.064141
36.0667,-0.016660,-0.174334,0.076735,0.840835,0.157789,-0.285177,-0.063453
36.1000,-0.025903,-0.172659,0.073465,0.839093,0.162795,-0.284364,-0.061786
36.1333,-0.033221,-0.170437,0.080132,0.838553,0.166495,-0.281930,-0.060851
36.1667,-0.043337,-0.161339,0.078358,0.843109,0.170778,-0.277398,-0.060542
36.2000,-0.055111,-0.147964,0.063892,0.852507,0.175180,-0.272631,-0.060538
36.2333,-0.065064,-0.139943,0.046058,0.863838,0.178355,-0.271075,-0.060581
36.2667,-0.073017,-0.136999,0.047618,0.870226,0.181213,-0.269190,-0.060364
36.3000,-0.079149,-0.134956,0.051935,0.869207,0.184397,-0.267204,-0.059291
36.3333,-0.084086,-0.134691,0.053333,0.869254,0.186831,-0.266622,-0.058408
36.3667,-0.089848,-0.131606,0.047750,0.870744,0.189462,-0.265629,-0.057666
36.4000,-0.095220,-0.129334,0.038506,0.876116,0.191276,-0.265687,-0.057425
36.4333,-0.100062,-0.128027,0.025362,0.879536,0.193173,-0.266735,-0.056847
36.4667,-0.103412,-0.127134,0.021872,0.879341,0.194878,-0.266598,-0.056161
36.5000,-0.106681,-0.127567,0.022669,0.880816,0.196244,-0.266580,-0.055769
36.5333,-0.110363,-0.126281,0.021620,0.884068,0.197511,-0.265976,-0.055634
36.5667,-0.112910,-0.126478,0.020957,0.890979,0.197617,-0.266209,-0.056144
36.6000,-0.114714,-0.126339,0.021772,0.892325,0.198278,-0.265962,-0.056007
36.6333,-0.118197,-0.123835,0.015106,0.896975,0.199223,-0.265563,-0.056115
36.6667,-0.121139,-0.121792,0.010917,0.902200,0.199796,-0.265072,-0.056387
36.7000,-0.123053,-0.121339,0.008953,0.908143,0.199744,-0.265143,-0.056887
36.7333,-0.124000,-0.120690,0.007664,0.909394,0.200001,-0.264959,-0.056882
36.7667,-0.124773,-0.119523,0.006163,0.909110,0.200426,-0.264520,-0.056729
36.8000,-0.125489,-0.117815,0.003232,0.910748,0.200495,-0.264044,-0.056888
36.8333,-0.125911,-0.116098,-0.000298,0.912586,0.200386,-0.263662,-0.057120
36.8667,-0.126234,-0.115516,-0.003655,0.914845,0.200166,-0.263848,-0.057379
36.9000,-0.126948,-0.113840,-0.006248,0.916338,0.200253,-0.263338,-0.057543
36.9333,-0.127531,-0.112121,-0.009776,0.917912,0.200263,-0.262933,-0.057709
36.9667,-0.127599,-0.111282,-0.008179,0.918945,0.200112,-0.262303,-0.057926
37.0000,-0.127395,-0.111207,-0.004016,0.919894,0.199843,-0.261733,-0.058175
37.0333,-0.127224,-0.111245,-0.000040,0.920912,0.199575,-0.261247,-0.058420
37.0667,-0.127104,-0.111252,0.004971,0.922430,0.199243,-0.260617,-0.058752
37.1000,-0.127351,-0.111104,0.006961,0.925479,0.198835,-0.260328,-0.059202
37.1333,-0.127668,-0.110549,0.009723,0.927638,0.198607,-0.259707,-0.059542
37.1667,-0.127546,-0.110686,0.014060,0.928316,0.198414,-0.259219,-0.059715
37.2000,-0.127476,-0.111890,0.018589,0.930232,0.198042,-0.259286,-0.060017
37.2333,-0.127964,-0.111595,0.017365,0.932626,0.197873,-0.259328,-0.060277
37.2667,-0.128636,-0.110463,0.013508,0.935577,0.197704,-0.259287,-0.060588
37.3000,-0.129917,-0.108124,0.005987,0.938649,0.197814,-0.259074,-0.060825
37.3333,-0.130621,-0.106679,0.001152,0.940586,0.197830,-0.258963,-0.060978
37.3667,-0.131278,-0.104907,-0.002299,0.941321,0.198019,-0.258482,-0.061014
37.4000,-0.131187,-0.103824,-0.004564,0.941638,0.197914,-0.258224,-0.061085
37.4333,-0.130763,-0.102986,-0.008688,0.941603,0.197708,-0.258348,-0.061134
37.4667,-0.130141,-0.102331,-0.017435,0.943712,0.197036,-0.259212,-0.061461
37.5000,-0.129753,-0.100921,-0.028034,0.947930,0.196092,-0.259942,-0.062098
37.5333,-0.128495,-0.101100,-0.033295,0.950971,0.194932,-0.260812,-0.062693
37.5667,-0.127177,-0.102032,-0.047025,0.956930,0.193202,-0.263179,-0.063551
37.6000,-0.128155,-0.103948,-0.086515,0.967734,0.191567,-0.269185,-0.064323
37.6333,-0.130371,-0.104869,-0.134438,0.975713,0.190741,-0.275499,-0.064466
37.6667,-0.129350,-0.102011,-0.150560,0.975615,0.189985,-0.276052,-0.064672
37.7000,-0.130419,-0.103130,-0.193550,0.983434,0.188352,-0.281713,-0.065067
37.7333,-0.131292,-0.108844,-0.259048,0.993418,0.185460,-0.292173,-0.065176
37.7667,-0.128515,-0.110277,-0.284081,0.990533,0.183813,-0.296081,-0.064921
37.8000,-0.125191,-0.112683,-0.293470,0.990560,0.181825,-0.298587,-0.065239
37.8333,-0.121069,-0.113281,-0.294073,0.990665,0.179684,-0.299155,-0.065914
37.8667,-0.116263,-0.114610,-0.290243,0.989679,0.177528,-0.299650,-0.066505
37.9000,-0.110166,-0.118466,-0.280033,0.986068,0.175386,-0.300843,-0.066744
37.9333,-0.100834,-0.127533,-0.250577,0.981825,0.172284,-0.302560,-0.067129
37.9667,-0.092024,-0.137483,-0.224606,0.974815,0.169758,-0.305123,-0.066974
38.0000,-0.083203,-0.145499,-0.219756,0.965217,0.167090,-0.309213,-0.066254
38.0333,-0.075367,-0.157742,-0.215299,0.962049,0.163764,-0.315325,-0.065871
38.0667,-0.071430,-0.159563,-0.237887,0.965462,0.160490,-0.319133,-0.066406
38.1000,-0.068130,-0.161035,-0.261463,0.968498,0.157521,-0.322813,-0.066772
38.1333,-0.064260,-0.161055,-0.281875,0.967578,0.155006,-0.325465,-0.066864
38.1667,-0.060277,-0.159230,-0.284158,0.965691,0.153190,-0.325044,-0.067428
38.2000,-0.055649,-0.159824,-0.307140,0.960374,0.150904,-0.328455,-0.066812
38.2333,-0.049355,-0.161441,-0.311504,0.957062,0.148053,-0.330168,-0.066993
38.2667,-0.042154,-0.167237,-0.312156,0.954822,0.144679,-0.333533,-0.066952
38.3000,-0.034796,-0.170507,-0.308746,0.944091,0.142886,-0.335422,-0.066148
38.3333,-0.028716,-0.172171,-0.305771,0.935203,0.141409,-0.336427,-0.065635
38.3667,-0.022271,-0.176988,-0.291544,0.930767,0.139391,-0.337448,-0.065598
38.4000,-0.015236,-0.181090,-0.276863,0.924573,0.137385,-0.338070,-0.065459
38.4333,-0.007511,-0.187481,-0.249528,0.920250,0.135093,-0.338150,-0.065716
38.4667,-0.002278,-0.191050,-0.233477,0.918771,0.133141,-0.338083,-0.066173
38.5000,0.001734,-0.191284,-0.231535,0.915508,0.131702,-0.338140,-0.066256
38.5333,0.004197,-0.191047,-0.231607,0.915444,0.130416,-0.338128,-0.066632
38.5667,0.005883,-0.190508,-0.232724,0.916282,0.129343,-0.338050,-0.067020
38.6000,0.007094,-0.190405,-0.231636,0.915623,0.128860,-0.337917,-0.067146
38.6333,0.007551,-0.189655,-0.233467,0.915487,0.128585,-0.337801,-0.067250
38.6667,0.008325,-0.189677,-0.228298,0.915069,0.128418,-0.337177,-0.067430
38.7000,0.008884,-0.189440,-0.224585,0.913890,0.128455,-0.336613,-0.067467
38.7333,0.009490,-0.190112,-0.217475,0.913954,0.128339,-0.336042,-0.067656
38.7667,0.009511,-0.190051,-0.214538,0.914728,0.128269,-0.335617,-0.067850
38.8000,0.008939,-0.189492,-0.213979,0.916020,0.128344,-0.335228,-0.068048
38.8333,0.008444,-0.188982,-0.210276,0.916160,0.128683,-0.334473,-0.068171
38.8667,0.007666,-0.188570,-0.207211,0.916259,0.129157,-0.333841,-0.068223
38.9000,0.006850,-0.188139,-0.203540,0.915843,0.129762,-0.333124,-0.068214
38.9333,0.005807,-0.187943,-0.200460,0.915262,0.130497,-0.332596,-0.068112
38.9667,0.004898,-0.188046,-0.196946,0.914330,0.131239,-0.332166,-0.067945
39.0000,0.003783,-0.187753,-0.196163,0.913198,0.132051,-0.331891,-0.067704
39.0333,0.002801,-0.187491,-0.194672,0.911661,0.132886,-0.331547,-0.067439
39.0667,0.002376,-0.187310,-0.190629,0.908814,0.133739,-0.330935,-0.067114
39.1000,0.001901,-0.187148,-0.188629,0.906594,0.134446,-0.330593,-0.066816
39.1333,0.002018,-0.186725,-0.182190,0.903476,0.135122,-0.329554,-0.066616
39.1667,0.002168,-0.186098,-0.177472,0.900981,0.135619,-0.328632,-0.066484
39.2000,0.001907,-0.185051,-0.178376,0.899183,0.136060,-0.328233,-0.066301
39.2333,0.001651,-0.184131,-0.180097,0.898962,0.136192,-0.327997,-0.066300
39.2667,0.001654,-0.183579,-0.180591,0.898901,0.136190,-0.327787,-0.066340
39.3000,0.001706,-0.183163,-0.181292,0.898289,0.136257,-0.327680,-0.066293
39.3333,0.001671,-0.182651,-0.182735,0.896854,0.136501,-0.327631,-0.066116
39.3667,0.001529,-0.182137,-0.183415,0.895402,0.136820,-0.327475,-0.065948
39.4000,0.001296,-0.181435,-0.183896,0.893482,0.137277,-0.327200,-0.065726
39.4333,0.001134,-0.180218,-0.182264,0.891201,0.137816,-0.326387,-0.065578
39.4667,0.000818,-0.179446,-0.178849,0.888916,0.138479,-0.325547,-0.065405
39.5000,0.000165,-0.178822,-0.177656,0.887621,0.139080,-0.325060,-0.065243
39.5333,-0.001862,-0.176181,-0.185788,0.887832,0.139879,-0.324784,-0.065119
39.5667,-0.003823,-0.175398,-0.188828,0.887085,0.140947,-0.324750,-0.064780
39.6000,-0.006038,-0.175118,-0.189530,0.885859,0.142291,-0.324642,-0.064337
39.6333,-0.008585,-0.175267,-0.188932,0.885180,0.143742,-0.324551,-0.063901
39.6667,-0.011637,-0.175880,-0.185630,0.885877,0.145276,-0.324290,-0.063608
39.7000,-0.015693,-0.175495,-0.185366,0.886245,0.147304,-0.323911,-0.063161
39.7333,-0.019469,-0.175679,-0.182072,0.886640,0.149264,-0.323403,-0.062735
39.7667,-0.024947,-0.173720,-0.181528,0.888804,0.151703,-0.322132,-0.062532
39.8000,-0.030463,-0.172323,-0.178633,0.892705,0.153917,-0.320791,-0.062511
39.8333,-0.035938,-0.171344,-0.176933,0.895045,0.156356,-0.319830,-0.062169
39.8667,-0.042074,-0.169713,-0.180678,0.899200,0.158675,-0.319239,-0.061936
39.9000,-0.047886,-0.168897,-0.183099,0.901641,0.161166,-0.318893,-0.061422
39.9333,-0.052773,-0.169380,-0.176448,0.905731,0.163112,-0.318003,-0.061340
39.9667,-0.056315,-0.173952,-0.158461,0.907062,0.165101,-0.317725,-0.060855
40.0000,-0.061022,-0.174453,-0.148128,0.911508,0.166929,-0.316381,-0.060933
40.0333,-0.065932,-0.173979,-0.137383,0.911662,0.169609,-0.314493,-0.060456
40.0667,-0.070169,-0.172758,-0.119853,0.909697,0.172408,-0.311333,-0.059992
40.1000,-0.074431,-0.172836,-0.112459,0.910787,0.174496,-0.310182,-0.059561
40.1333,-0.078538,-0.172061,-0.105276,0.915083,0.175928,-0.308666,-0.059726
40.1667,-0.082789,-0.171512,-0.100807,0.921984,0.176930,-0.307645,-0.060153
40.2000,-0.088324,-0.166347,-0.110346,0.932673,0.177715,-0.306091,-0.061065
40.2333,-0.091832,-0.167232,-0.108419,0.938815,0.178447,-0.306150,-0.061268
40.2667,-0.095213,-0.167556,-0.105973,0.946314,0.178870,-0.305881,-0.061775
40.3000,-0.098398,-0.167999,-0.103533,0.952014,0.179511,-0.305678,-0.062035
40.3333,-0.101805,-0.168228,-0.101620,0.959180,0.179991,-0.305438,-0.062483
40.3667,-0.103365,-0.166132,-0.081827,0.962296,0.180431,-0.301831,-0.063252
40.4000,-0.104664,-0.162416,-0.059669,0.963070,0.181108,-0.297095,-0.063925
40.4333,-0.107515,-0.158207,-0.058843,0.964911,0.182209,-0.294716,-0.064063
40.4667,-0.111232,-0.152882,-0.069397,0.968497,0.183357,-0.293161,-0.064179
40.5000,-0.116648,-0.143620,-0.098159,0.977209,0.184238,-0.291755,-0.064754
40.5333,-0.120041,-0.138654,-0.109677,0.981445,0.185053,-0.290447,-0.064983
40.5667,-0.123334,-0.137712,-0.118889,0.986713,0.185666,-0.290923,-0.065081
40.6000,-0.126938,-0.134880,-0.137670,0.992376,0.186209,-0.291523,-0.065181
40.6333,-0.134003,-0.123495,-0.183738,1.004136,0.186832,-0.290623,-0.065983
40.6667,-0.139437,-0.115541,-0.214082,1.012881,0.187354,-0.289574,-0.066588
40.7000,-0.141600,-0.115046,-0.219271,1.015005,0.187965,-0.289746,-0.066461
40.7333,-0.144008,-0.114679,-0.224567,1.017934,0.188546,-0.289973,-0.066423
40.7667,-0.147668,-0.112149,-0.237900,1.022034,0.189343,-0.289882,-0.066444
40.8000,-0.155270,-0.104473,-0.273712,1.031376,0.190564,-0.289213,-0.066799
40.8333,-0.160590,-0.100873,-0.284142,1.038348,0.191731,-0.287948,-0.067044
40.8667,-0.165175,-0.100543,-0.287871,1.041280,0.193446,-0.287836,-0.066606
40.9000,-0.169314,-0.100607,-0.291507,1.045672,0.194679,-0.287877,-0.066406
40.9333,-0.172911,-0.100502,-0.290905,1.052323,0.195358,-0.287313,-0.066669
40.9667,-0.172733,-0.099188,-0.251791,1.048666,0.196929,-0.282589,-0.066533
41.0000,-0.173154,-0.085582,-0.206028,1.039289,0.199654,-0.270707,-0.066477
41.0333,-0.174567,-0.072270,-0.170035,1.030875,0.202310,-0.259799,-0.066063
41.0667,-0.178258,-0.066928,-0.159711,1.027786,0.204775,-0.255686,-0.065242
41.1000,-0.182171,-0.063774,-0.154675,1.026133,0.207040,-0.253271,-0.064409
41.1333,-0.185860,-0.063241,-0.156679,1.026608,0.208756,-0.253008,-0.063725
41.1667,-0.189245,-0.064387,-0.160638,1.028287,0.210108,-0.253846,-0.063187
41.2000,-0.192513,-0.065376,-0.166275,1.030200,0.211333,-0.254793,-0.062711
41.2333,-0.194759,-0.066034,-0.166060,1.031050,0.212315,-0.254971,-0.062325
41.2667,-0.197132,-0.064878,-0.168855,1.031790,0.213303,-0.254534,-0.061991
41.3000,-0.199129,-0.063856,-0.169775,1.032114,0.214207,-0.253982,-0.061671
41.3333,-0.200376,-0.063854,-0.169118,1.032243,0.214812,-0.253829,-0.061415
41.3667,-0.201306,-0.063786,-0.170062,1.032514,0.215210,-0.253840,-0.061245
41.4000,-0.202193,-0.063441,-0.173438,1.033374,0.215443,-0.253971,-0.061183
41.4333,-0.202621,-0.062886,-0.176877,1.034304,0.215431,-0.254019,-0.061231
41.4667,-0.202921,-0.061069,-0.182711,1.035793,0.215198,-0.253667,-0.061453
41.5000,-0.203631,-0.058118,-0.194995,1.038652,0.214799,-0.253377,-0.061837
41.5333,-0.202870,-0.057287,-0.199683,1.039626,0.214158,-0.253469,-0.062146
41.5667,-0.201020,-0.057325,-0.197303,1.038749,0.213436,-0.253343,-0.062392
41.6000,-0.198242,-0.059302,-0.190969,1.035850,0.212705,-0.253894,-0.062437
41.6333,-0.195559,-0.060739,-0.186096,1.033371,0.211910,-0.254308,-0.062563
41.6667,-0.192860,-0.061771,-0.182554,1.031722,0.210931,-0.254634,-0.062826
41.7000,-0.190044,-0.062884,-0.178705,1.030179,0.209881,-0.254970,-0.063126
41.7333,-0.187219,-0.063770,-0.175552,1.028274,0.208873,-0.255270,-0.063383
41.7667,-0.184700,-0.063960,-0.173469,1.026662,0.207937,-0.255302,-0.063662
41.8000,-0.181991,-0.064312,-0.171690,1.025445,0.206834,-0.255451,-0.064010
41.8333,-0.178925,-0.065043,-0.168085,1.022959,0.205810,-0.255630,-0.064234
41.8667,-0.175550,-0.066665,-0.162840,1.019748,0.204794,-0.256113,-0.064372
41.9000,-0.172423,-0.067599,-0.159681,1.017669,0.203660,-0.256439,-0.064655
41.9333,-0.169151,-0.068047,-0.155606,1.015559,0.202463,-0.256407,-0.064988
41.9667,-0.165515,-0.067910,-0.148601,1.011035,0.201543,-0.255774,-0.065092
42.0000,-0.161223,-0.069378,-0.138679,1.006256,0.200395,-0.255658,-0.065204
42.0333,-0.156321,-0.071594,-0.125337,1.000797,0.199102,-0.255544,-0.065321
42.0667,-0.152522,-0.071136,-0.122354,0.997891,0.197743,-0.255172,-0.065678
42.1000,-0.148994,-0.070196,-0.120280,0.995153,0.196475,-0.254637,-0.066027
42.1333,-0.145128,-0.069488,-0.119599,0.990350,0.195392,-0.254418,-0.066096
42.1667,-0.140943,-0.067911,-0.120324,0.984440,0.194319,-0.253942,-0.066096
42.2000,-0.136141,-0.066696,-0.121332,0.980219,0.192639,-0.253705,-0.066421
42.2333,-0.130645,-0.066396,-0.124894,0.976661,0.190473,-0.254287,-0.066887
42.2667,-0.123935,-0.065865,-0.124001,0.971410,0.188049,-0.254274,-0.067369
42.3000,-0.118128,-0.064324,-0.127186,0.968638,0.185569,-0.254188,-0.068095
42.3333,-0.111490,-0.063479,-0.125914,0.963816,0.183103,-0.253955,-0.068627
42.3667,-0.102859,-0.065746,-0.112317,0.954369,0.180642,-0.253890,-0.068755
42.4000,-0.094739,-0.068148,-0.105550,0.946967,0.177976,-0.254697,-0.069033
42.4333,-0.088290,-0.069241,-0.113412,0.941193,0.175669,-0.256630,-0.069204
42.4667,-0.080523,-0.070658,-0.106540,0.931691,0.173547,-0.256882,-0.069150
42.5000,-0.072175,-0.073850,-0.100447,0.923666,0.170864,-0.258131,-0.069262
42.5333,-0.062906,-0.079459,-0.090901,0.913999,0.168052,-0.260169,-0.069179
42.5667,-0.052975,-0.083588,-0.073789,0.907282,0.164424,-0.260387,-0.069783
42.6000,-0.042465,-0.089710,-0.062145,0.896951,0.161082,-0.262328,-0.069738
42.6333,-0.032583,-0.092796,-0.048571,0.884164,0.158471,-0.262363,-0.069479
42.6667,-0.017042,-0.107845,0.004810,0.863810,0.154434,-0.262730,-0.068835
42.7000,-0.005074,-0.111303,0.011212,0.850943,0.150667,-0.263787,-0.068651
42.7333,0.005221,-0.116487,0.021786,0.837792,0.147767,-0.264987,-0.068231
42.7667,0.016602,-0.128727,0.056190,0.822406,0.144539,-0.266001,-0.067650
42.8000,0.027398,-0.140506,0.081082,0.802194,0.142377,-0.267828,-0.066103
42.8333,0.039528,-0.149309,0.093306,0.776176,0.140635,-0.269769,-0.063704
42.8667,0.049978,-0.159941,0.113058,0.768275,0.136391,-0.271937,-0.063884
42.9000,0.058324,-0.167724,0.126200,0.764157,0.132620,-0.273783,-0.064284
42.9333,0.065241,-0.175269,0.122363,0.729566,0.135118,-0.276777,-0.059604
42.9667,0.067832,-0.180028,0.106266,0.715554,0.136434,-0.281251,-0.057200
43.0000,0.075029,-0.190888,0.116365,0.710277,0.133530,-0.284773,-0.056824
43.0333,0.079209,-0.199416,0.129707,0.695891,0.133517,-0.286086,-0.055143
43.0667,0.079143,-0.203018,0.149117,0.680621,0.135557,-0.283749,-0.053387
43.1000,0.077619,-0.206552,0.140345,0.650751,0.141323,-0.285286,-0.048026
43.1333,0.072702,-0.209153,0.132678,0.637869,0.145899,-0.287026,-0.044974
43.1667,0.062181,-0.202961,0.105884,0.620012,0.154306,-0.287664,-0.040196
43.2000,0.051125,-0.204358,0.100089,0.619532,0.159809,-0.288911,-0.038207
43.2333,0.040663,-0.210977,0.104732,0.623204,0.164204,-0.290887,-0.036846
43.2667,0.025948,-0.213047,0.091165,0.604147,0.174237,-0.292720,-0.030622
43.3000,0.007138,-0.206808,0.068737,0.567122,0.188509,-0.291386,-0.020566
43.3333,-0.013794,-0.202408,0.026223,0.549495,0.200850,-0.295616,-0.012111
43.3667,-0.032904,-0.192070,-0.009778,0.534315,0.211485,-0.296290,-0.004925
43.4000,-0.048876,-0.182162,-0.032985,0.542511,0.217638,-0.295727,-0.003162
43.4333,-0.060555,-0.177842,-0.033648,0.542890,0.222842,-0.293257,-0.001038
43.4667,-0.070345,-0.179005,-0.032491,0.538357,0.227741,-0.292823,0.002096
43.5000,-0.079585,-0.178789,-0.036974,0.542881,0.231310,-0.293175,0.003428
43.5333,-0.087767,-0.178668,-0.043750,0.545279,0.234624,-0.293994,0.005061
43.5667,-0.090808,-0.184693,-0.015146,0.541894,0.236493,-0.290874,0.006009
43.6000,-0.094582,-0.189362,-0.001966,0.549785,0.237305,-0.290486,0.005273
43.6333,-0.097612,-0.191174,0.009047,0.553547,0.238211,-0.289148,0.005013
43.6667,-0.100513,-0.192313,0.012055,0.554608,0.239365,-0.288940,0.005489
43.7000,-0.102495,-0.193419,0.013030,0.556819,0.239997,-0.289208,0.005610
43.7333,-0.102827,-0.197194,0.021164,0.554856,0.240338,-0.289248,0.006118
43.7667,-0.102552,-0.200569,0.027426,0.552955,0.240401,-0.289500,0.006499
43.8000,-0.101345,-0.205037,0.034810,0.550230,0.240132,-0.290044,0.006870
43.8333,-0.099570,-0.209107,0.041755,0.550321,0.239298,-0.290655,0.006531
43.8667,-0.097946,-0.210378,0.042261,0.552288,0.238367,-0.291318,0.005879
43.9000,-0.095687,-0.211720,0.044554,0.554341,0.237129,-0.291718,0.005000
43.9333,-0.093139,-0.212101,0.045404,0.556217,0.235789,-0.291971,0.004068
43.9667,-0.090271,-0.211862,0.045162,0.557633,0.234363,-0.292148,0.003146
44.0000,-0.087617,-0.210282,0.040171,0.559800,0.232981,-0.292641,0.002205
44.0333,-0.084293,-0.210034,0.038806,0.559428,0.231559,-0.292967,0.001576
44.0667,-0.080617,-0.211088,0.039931,0.558409,0.230032,-0.293399,0.001003
44.1000,-0.077127,-0.211234,0.041491,0.558826,0.228415,-0.293399,0.000091
44.1333,-0.073524,-0.210872,0.047037,0.558477,0.226794,-0.292388,-0.000903
44.1667,-0.070548,-0.210248,0.049288,0.559772,0.225285,-0.291920,-0.001957
44.2000,-0.068199,-0.209228,0.049290,0.558595,0.224365,-0.291545,-0.002344
44.2333,-0.066575,-0.207172,0.047222,0.558343,0.223680,-0.291098,-0.002757
44.2667,-0.065921,-0.207546,0.040813,0.561492,0.223072,-0.292665,-0.003225
44.3000,-0.065464,-0.207993,0.038355,0.563279,0.222676,-0.293443,-0.003544
44.3333,-0.065443,-0.207684,0.037320,0.564616,0.222514,-0.293566,-0.003807
44.3667,-0.065954,-0.207915,0.036029,0.567070,0.222461,-0.294000,-0.004107
44.4000,-0.067195,-0.206919,0.032234,0.569066,0.222805,-0.294286,-0.004170
44.4333,-0.068521,-0.206733,0.030890,0.567565,0.223589,-0.294314,-0.003573
44.4667,-0.069691,-0.206889,0.033045,0.563927,0.224531,-0.293751,-0.002707
44.5000,-0.070810,-0.207340,0.037063,0.560807,0.225371,-0.292991,-0.001995
44.5333,-0.071999,-0.208098,0.040238,0.559965,0.225977,-0.292624,-0.001637
44.5667,-0.073107,-0.209164,0.043308,0.560505,0.226386,-0.292483,-0.001527
44.6000,-0.074329,-0.210008,0.044031,0.560769,0.226898,-0.292666,-0.001262
44.6333,-0.075317,-0.210854,0.044742,0.561129,0.227295,-0.292869,-0.001061
44.6667,-0.075956,-0.211614,0.045783,0.562220,0.227447,-0.293027,-0.001094
44.7000,-0.076404,-0.212312,0.044269,0.563796,0.227481,-0.293670,-0.001158
44.7333,-0.076549,-0.212597,0.042281,0.565469,0.227371,-0.294240,-0.001326
44.7667,-0.076190,-0.212276,0.042158,0.565722,0.227182,-0.294149,-0.001466
44.8000,-0.075301,-0.212126,0.042454,0.564582,0.226915,-0.294019,-0.001453
44.8333,-0.073882,-0.212074,0.043884,0.562578,0.226502,-0.293712,-0.001431
44.8667,-0.072156,-0.212036,0.045402,0.561352,0.225859,-0.293449,-0.001631
44.9000,-0.070027,-0.212686,0.047153,0.560221,0.225022,-0.293478,-0.001882
44.9333,-0.067402,-0.213753,0.050887,0.559795,0.223861,-0.293384,-0.002421
44.9667,-0.064337,-0.215554,0.056594,0.558109,0.222626,-0.293210,-0.002836
45.0000,-0.060605,-0.218789,0.065799,0.556067,0.221084,-0.293037,-0.003347
45.0333,-0.056497,-0.222728,0.076842,0.552969,0.219452,-0.292794,-0.003766
45.0667,-0.052351,-0.226250,0.086459,0.549950,0.217792,-0.292628,-0.004187
45.1000,-0.048522,-0.228098,0.092622,0.550203,0.215929,-0.292523,-0.005152
45.1333,-0.044874,-0.228790,0.096317,0.549217,0.214331,-0.292283,-0.005831
45.1667,-0.041439,-0.228578,0.097063,0.547336,0.212987,-0.292130,-0.006238
45.2000,-0.038046,-0.227109,0.096798,0.546139,0.211598,-0.291641,-0.006822
45.2333,-0.034706,-0.224374,0.095136,0.546699,0.210046,-0.290942,-0.007759
45.2667,-0.032939,-0.214577,0.078911,0.553094,0.208728,-0.290047,-0.009428
45.3000,-0.031317,-0.205359,0.057508,0.563362,0.206997,-0.290520,-0.011537
45.3333,-0.028013,-0.201457,0.047520,0.567464,0.205076,-0.290998,-0.012866
45.3667,-0.023356,-0.200830,0.047037,0.569423,0.202698,-0.291135,-0.014163
45.4000,-0.017769,-0.201903,0.051453,0.572096,0.199744,-0.291197,-0.015806
45.4333,-0.012271,-0.202010,0.053705,0.572782,0.197093,-0.291135,-0.017059
45.4667,-0.004118,-0.205189,0.078094,0.571139,0.193234,-0.288341,-0.018970
45.5000,0.002463,-0.207643,0.084206,0.574639,0.189615,-0.288804,-0.020854
45.5333,0.008223,-0.207328,0.085660,0.573925,0.186999,-0.288638,-0.021869
45.5667,0.014098,-0.207222,0.087652,0.573664,0.184259,-0.288486,-0.022960
45.6000,0.020141,-0.207356,0.090780,0.576275,0.181023,-0.288377,-0.024597
45.6333,0.026633,-0.208770,0.095467,0.580062,0.177370,-0.288635,-0.026447
45.6667,0.032410,-0.209133,0.098381,0.582041,0.174313,-0.288625,-0.027875
45.7000,0.039385,-0.210643,0.115134,0.577519,0.171318,-0.286287,-0.028796
45.7333,0.043703,-0.208068,0.114980,0.579472,0.168997,-0.285440,-0.030062
45.7667,0.048779,-0.208101,0.123126,0.605409,0.162673,-0.285525,-0.035577
45.8000,0.052845,-0.208127,0.127112,0.616536,0.158980,-0.285572,-0.038221
45.8333,0.057205,-0.211654,0.146022,0.638303,0.153107,-0.285198,-0.042883
45.8667,0.058317,-0.210209,0.147565,0.657286,0.149574,-0.285355,-0.046268
45.9000,0.056536,-0.208248,0.139059,0.685601,0.146158,-0.287381,-0.050311
45.9333,0.054906,-0.209678,0.124343,0.695237,0.145736,-0.290997,-0.050904
45.9667,0.052260,-0.206261,0.125576,0.727912,0.141640,-0.290752,-0.055820
46.0000,0.047126,-0.206469,0.089678,0.739046,0.142968,-0.297059,-0.055502
46.0333,0.044397,-0.202093,0.090212,0.758269,0.141081,-0.295632,-0.058358
46.0667,0.040985,-0.199533,0.087516,0.757069,0.143041,-0.294646,-0.057856
46.1000,0.031244,-0.184003,0.054436,0.772317,0.145694,-0.292641,-0.059106
46.1333,0.022403,-0.169334,0.027968,0.796280,0.146202,-0.290060,-0.061786
46.1667,0.014366,-0.156782,0.005425,0.801355,0.149448,-0.287199,-0.061773
46.2000,0.005532,-0.138668,-0.014248,0.819108,0.150803,-0.281292,-0.064016
46.2333,-0.003287,-0.122547,-0.038947,0.830519,0.153163,-0.276820,-0.064997
46.2667,-0.009649,-0.119879,-0.041716,0.834276,0.155707,-0.275685,-0.064717
46.3000,-0.015691,-0.119398,-0.041111,0.839848,0.157785,-0.275167,-0.064661
46.3333,-0.023014,-0.116755,-0.041410,0.846036,0.160384,-0.273662,-0.064651
46.3667,-0.032003,-0.111895,-0.044887,0.853624,0.163549,-0.271444,-0.064657
46.4000,-0.039479,-0.111116,-0.044430,0.857279,0.166680,-0.270690,-0.064023
46.4333,-0.047480,-0.111472,-0.042123,0.868989,0.168674,-0.270308,-0.064490
46.4667,-0.054970,-0.114542,-0.032239,0.874132,0.171596,-0.270171,-0.063989
46.5000,-0.061080,-0.120950,-0.024020,0.880164,0.173670,-0.272040,-0.063532
46.5333,-0.070758,-0.119447,-0.030703,0.885979,0.177481,-0.271887,-0.062801
46.5667,-0.083265,-0.113264,-0.049107,0.893389,0.182348,-0.270849,-0.061889
46.6000,-0.091744,-0.109872,-0.053215,0.894174,0.186419,-0.269275,-0.060567
46.6333,-0.100420,-0.108565,-0.057014,0.905045,0.188849,-0.268812,-0.060662
46.6667,-0.108302,-0.107295,-0.061313,0.911143,0.191697,-0.268405,-0.060120
46.7000,-0.115241,-0.106630,-0.065828,0.915876,0.194309,-0.268358,-0.059487
46.7333,-0.120589,-0.107918,-0.064075,0.920800,0.196151,-0.268536,-0.059129
46.7667,-0.127023,-0.108323,-0.068013,0.924248,0.198734,-0.268973,-0.058360
46.8000,-0.135401,-0.107822,-0.090495,0.933888,0.201062,-0.271320,-0.057941
46.8333,-0.141478,-0.109430,-0.099281,0.940441,0.202898,-0.272984,-0.057493
46.8667,-0.147165,-0.110267,-0.105750,0.947088,0.204529,-0.273959,-0.057235
46.9000,-0.153337,-0.110319,-0.118405,0.954561,0.206174,-0.275278,-0.056978
46.9333,-0.157677,-0.111156,-0.120897,0.957481,0.207812,-0.275779,-0.056434
46.9667,-0.163261,-0.111226,-0.138820,0.962610,0.209469,-0.277761,-0.055862
47.0000,-0.166812,-0.111763,-0.142963,0.963816,0.210975,-0.278351,-0.055215
47.0333,-0.169628,-0.112468,-0.143154,0.964198,0.212312,-0.278578,-0.054629
47.0667,-0.171345,-0.113170,-0.138701,0.964659,0.213157,-0.278277,-0.054323
47.1000,-0.173156,-0.113488,-0.136396,0.966035,0.213855,-0.278045,-0.054158
47.1333,-0.174978,-0.112972,-0.134431,0.967323,0.214559,-0.277427,-0.054040
47.1667,-0.176152,-0.113589,-0.133041,0.968166,0.215023,-0.277496,-0.053870
47.2000,-0.177351,-0.114179,-0.132356,0.968709,0.215539,-0.277646,-0.053665
47.2333,-0.178258,-0.114705,-0.131301,0.970060,0.215778,-0.277729,-0.053647
47.2667,-0.179648,-0.114556,-0.135535,0.972811,0.215940,-0.278091,-0.053739
47.3000,-0.181481,-0.114080,-0.145440,0.977753,0.215865,-0.278940,-0.054032
47.3333,-0.183150,-0.113411,-0.147182,0.981259,0.216066,-0.278697,-0.054274
47.3667,-0.184291,-0.113285,-0.147093,0.982724,0.216383,-0.278544,-0.054258
47.4000,-0.185383,-0.113031,-0.147470,0.984667,0.216585,-0.278383,-0.054338
47.4333,-0.186694,-0.110006,-0.146845,0.986640,0.216874,-0.276656,-0.054614
47.4667,-0.189969,-0.104397,-0.164089,0.993281,0.217035,-0.275586,-0.055198
47.5000,-0.191737,-0.101138,-0.174402,0.995912,0.217255,-0.274985,-0.055353
47.5333,-0.193358,-0.098515,-0.187225,0.999773,0.217143,-0.274993,-0.055676
47.5667,-0.195412,-0.097588,-0.207714,1.006847,0.216549,-0.276670,-0.056220
47.6000,-0.198281,-0.100015,-0.244276,1.015686,0.215684,-0.281777,-0.056486
47.6333,-0.200242,-0.101073,-0.275743,1.022348,0.214736,-0.285570,-0.056789
47.6667,-0.203120,-0.100450,-0.315680,1.033015,0.213205,-0.289098,-0.057645
47.7000,-0.203168,-0.103433,-0.342221,1.040115,0.211213,-0.293183,-0.058256
47.7333,-0.200291,-0.105544,-0.345579,1.041832,0.209387,-0.294710,-0.058862
47.7667,-0.194221,-0.113179,-0.336127,1.041913,0.206693,-0.297998,-0.059342
47.8000,-0.188111,-0.118034,-0.328357,1.041435,0.203977,-0.300050,-0.060046
47.8333,-0.182096,-0.119043,-0.321244,1.037469,0.201845,-0.300300,-0.060596
47.8667,-0.175927,-0.119894,-0.322965,1.037546,0.198650,-0.301237,-0.061670
47.9000,-0.169665,-0.120475,-0.317757,1.036104,0.195887,-0.301365,-0.062655
47.9333,-0.161785,-0.121948,-0.317133,1.027058,0.193463,-0.302818,-0.062626
47.9667,-0.151295,-0.124469,-0.303277,1.021840,0.189482,-0.303318,-0.063638
48.0000,-0.138012,-0.131849,-0.265708,1.004339,0.186941,-0.304145,-0.063167
48.0333,-0.126331,-0.136139,-0.253684,0.988318,0.184146,-0.305971,-0.062632
48.0667,-0.115337,-0.141037,-0.237378,0.981614,0.180181,-0.307249,-0.063354
48.1000,-0.098257,-0.158044,-0.175316,0.963504,0.176221,-0.309471,-0.062873
48.1333,-0.085497,-0.168100,-0.133423,0.953876,0.172207,-0.310003,-0.063476
48.1667,-0.076986,-0.169253,-0.134267,0.948822,0.168733,-0.311074,-0.064030
48.2000,-0.069470,-0.168700,-0.141057,0.945397,0.165373,-0.311992,-0.064696
48.2333,-0.062636,-0.169047,-0.147933,0.940335,0.162648,-0.313361,-0.064916
48.2667,-0.056297,-0.168922,-0.160490,0.942286,0.158785,-0.315161,-0.065922
48.3000,-0.049077,-0.168191,-0.165216,0.943560,0.154728,-0.315677,-0.067169
48.3333,-0.040809,-0.171679,-0.169885,0.931003,0.152645,-0.318462,-0.066153
48.3667,-0.032233,-0.174785,-0.173305,0.922313,0.149715,-0.320879,-0.065776
48.4000,-0.024612,-0.180566,-0.181622,0.922480,0.145542,-0.325173,-0.066049
48.4333,-0.017688,-0.185194,-0.200317,0.922400,0.141489,-0.330191,-0.065996
48.4667,-0.010609,-0.189258,-0.198974,0.917525,0.138729,-0.332387,-0.065884
48.5000,-0.005559,-0.191893,-0.200641,0.918043,0.135949,-0.334114,-0.066313
48.5333,0.002461,-0.197903,-0.177453,0.913302,0.133242,-0.334400,-0.066549
48.5667,0.007914,-0.200529,-0.169165,0.903368,0.132420,-0.334863,-0.065845
48.6000,0.011009,-0.200981,-0.169524,0.892790,0.132733,-0.335301,-0.064793
48.6333,0.013363,-0.201480,-0.168254,0.886009,0.132776,-0.335491,-0.064172
48.6667,0.015535,-0.202479,-0.161522,0.881414,0.132642,-0.335158,-0.063912
48.7000,0.017136,-0.204199,-0.155139,0.877393,0.132686,-0.335193,-0.063553
48.7333,0.017919,-0.205762,-0.150212,0.874156,0.132974,-0.335315,-0.063180
48.7667,0.016786,-0.201705,-0.157467,0.869830,0.134179,-0.334287,-0.062754
48.8000,0.014504,-0.197450,-0.170216,0.868946,0.135212,-0.333895,-0.062516
48.8333,0.012425,-0.194403,-0.179985,0.865741,0.136617,-0.333700,-0.061899
48.8667,0.010567,-0.190683,-0.188014,0.860667,0.138270,-0.332959,-0.061169
48.9000,0.008652,-0.187679,-0.194529,0.854313,0.140202,-0.332381,-0.060199
48.9333,0.007389,-0.187558,-0.193423,0.852756,0.141160,-0.332132,-0.059851
48.9667,0.006728,-0.189274,-0.191112,0.851819,0.141734,-0.332626,-0.059463
49.0000,0.005676,-0.190284,-0.191083,0.852704,0.142118,-0.333075,-0.059329
49.0333,0.004839,-0.191420,-0.186486,0.852495,0.142712,-0.332953,-0.059178
49.0667,0.003806,-0.191872,-0.184453,0.851811,0.143419,-0.332850,-0.058935
49.1000,0.003368,-0.192537,-0.179760,0.850436,0.144015,-0.332494,-0.058713
49.1333,0.003513,-0.193657,-0.172154,0.848307,0.144516,-0.331966,-0.058491
49.1667,0.004221,-0.195959,-0.163305,0.846125,0.144760,-0.331851,-0.058230
49.2000,0.005217,-0.198746,-0.153722,0.843857,0.144877,-0.331871,-0.057970
49.2333,0.006512,-0.201530,-0.143772,0.841358,0.144876,-0.331835,-0.057734
49.2667,0.008184,-0.205007,-0.131373,0.839767,0.144558,-0.331792,-0.057683
49.3000,0.009798,-0.207571,-0.121846,0.837427,0.144327,-0.331699,-0.057543
49.3333,0.010832,-0.208420,-0.119607,0.835478,0.144182,-0.331807,-0.057367
49.3667,0.012325,-0.210414,-0.113772,0.832291,0.144086,-0.331951,-0.057052
49.4000,0.013508,-0.210830,-0.111218,0.830235,0.143886,-0.331800,-0.056950
49.4333,0.014625,-0.211425,-0.109716,0.828153,0.143708,-0.331887,-0.056778
49.4667,0.015371,-0.211494,-0.111402,0.827255,0.143455,-0.332188,-0.056692
49.5000,0.015949,-0.211221,-0.113763,0.826166,0.143310,-0.332414,-0.056576
49.5333,0.016672,-0.210715,-0.113809,0.824359,0.143258,-0.332183,-0.056477
49.5667,0.017304,-0.209941,-0.112202,0.822920,0.143215,-0.331578,-0.056510
49.6000,0.017484,-0.208818,-0.112348,0.824404,0.142858,-0.331076,-0.056891
49.6333,0.016912,-0.206297,-0.118472,0.826240,0.142715,-0.330751,-0.057194
49.6667,0.016418,-0.203814,-0.126250,0.827669,0.142572,-0.330679,-0.057382
49.7000,0.016264,-0.202267,-0.131557,0.830068,0.142125,-0.330715,-0.057729
49.7333,0.016438,-0.201951,-0.133530,0.830493,0.141922,-0.330861,-0.057792
49.7667,0.016776,-0.203734,-0.133297,0.828505,0.142104,-0.331700,-0.057344
49.8000,0.016467,-0.202793,-0.136940,0.825768,0.142667,-0.331753,-0.056915
49.8333,0.017256,-0.202937,-0.129814,0.819118,0.143579,-0.330755,-0.056255
49.8667,0.017894,-0.202694,-0.125400,0.814084,0.144221,-0.329961,-0.055769
49.9000,0.018209,-0.204197,-0.124095,0.811587,0.144520,-0.330487,-0.055307
49.9333,0.017106,-0.203548,-0.136534,0.811862,0.144778,-0.332001,-0.054882
49.9667,0.016568,-0.202918,-0.142890,0.811954,0.144900,-0.332631,-0.054700
50.0000,0.016644,-0.201907,-0.148778,0.813091,0.144534,-0.333025,-0.054801
50.0333,0.016054,-0.200462,-0.160748,0.815277,0.144167,-0.334096,-0.054853
50.0667,0.015260,-0.196248,-0.174079,0.817251,0.143885,-0.334003,-0.055156
50.1000,0.014836,-0.191365,-0.183634,0.822755,0.142885,-0.333010,-0.056234
50.1333,0.015168,-0.188538,-0.187239,0.824273,0.142352,-0.332166,-0.056741
50.1667,0.015693,-0.186623,-0.188512,0.827023,0.141568,-0.331423,-0.057417
50.2000,0.016180,-0.183991,-0.189995,0.828545,0.141011,-0.330362,-0.057984
50.2333,0.017671,-0.182502,-0.189394,0.829893,0.140035,-0.329583,-0.058553
50.2667,0.018293,-0.180094,-0.193000,0.831165,0.139385,-0.328948,-0.059026
50.3000,0.018824,-0.179450,-0.192707,0.830818,0.139180,-0.328616,-0.059147
50.3333,0.019223,-0.179802,-0.185357,0.829861,0.139351,-0.327741,-0.059246
50.3667,0.019268,-0.181602,-0.177238,0.829479,0.139615,-0.327440,-0.059222
50.4000,0.018649,-0.182047,-0.176795,0.831580,0.139574,-0.327559,-0.059401
50.4333,0.015927,-0.181397,-0.176383,0.833528,0.140625,-0.327090,-0.059473
50.4667,0.013400,-0.179940,-0.165128,0.831954,0.142484,-0.324648,-0.059401
50.5000,0.009131,-0.178879,-0.166816,0.835962,0.143919,-0.324205,-0.059487
50.5333,0.004022,-0.178122,-0.168001,0.845337,0.144854,-0.323786,-0.060225
50.5667,-0.002278,-0.176346,-0.172359,0.856656,0.145975,-0.323251,-0.061100
50.6000,-0.010169,-0.173354,-0.179630,0.873725,0.146814,-0.322392,-0.062644
50.6333,-0.019083,-0.170077,-0.188138,0.889093,0.148445,-0.321464,-0.063766
50.6667,-0.028352,-0.166090,-0.189929,0.903015,0.150686,-0.319210,-0.064841
50.7000,-0.038450,-0.151528,-0.184960,0.921813,0.152630,-0.310597,-0.067707
50.7333,-0.051370,-0.135376,-0.182623,0.937329,0.156514,-0.301377,-0.069648
50.7667,-0.068559,-0.117281,-0.212364,0.949894,0.162316,-0.294994,-0.069992
50.8000,-0.085869,-0.108774,-0.231024,0.965995,0.167807,-0.291823,-0.070038
50.8333,-0.101017,-0.099891,-0.229971,0.980297,0.173020,-0.286043,-0.070287
50.8667,-0.116628,-0.088262,-0.228040,0.980259,0.180973,-0.279076,-0.068548
50.9000,-0.132412,-0.076466,-0.229660,0.982577,0.188436,-0.272327,-0.066890
50.9333,-0.144955,-0.072966,-0.220012,0.980894,0.195257,-0.268744,-0.064539
50.9667,-0.153515,-0.072971,-0.201474,0.979254,0.200250,-0.266063,-0.062659
51.0000,-0.165437,-0.071013,-0.220064,0.983286,0.205070,-0.266587,-0.060942
51.0333,-0.178434,-0.067931,-0.243812,0.991663,0.209510,-0.266900,-0.059718
51.0667,-0.188583,-0.068508,-0.256968,0.996956,0.213335,-0.268012,-0.058301
51.1000,-0.196284,-0.070850,-0.259575,1.001868,0.216294,-0.268930,-0.057230
51.1333,-0.202376,-0.072768,-0.258129,1.003954,0.219023,-0.269338,-0.056095
51.1667,-0.206165,-0.075862,-0.247697,1.001826,0.221553,-0.269571,-0.054734
51.2000,-0.205282,-0.079033,-0.196379,0.991222,0.224053,-0.265436,-0.053281
51.2333,-0.206810,-0.079684,-0.169432,0.985737,0.226188,-0.262528,-0.052207
51.2667,-0.210801,-0.081238,-0.167757,0.985390,0.228240,-0.262909,-0.051185
51.3000,-0.214129,-0.082589,-0.168741,0.986954,0.229607,-0.263505,-0.050568
51.3333,-0.217633,-0.083701,-0.176644,0.988891,0.230883,-0.264802,-0.049952
51.3667,-0.221333,-0.083453,-0.188112,0.991364,0.232078,-0.265794,-0.049457
51.4000,-0.225315,-0.080993,-0.202735,0.996361,0.232887,-0.265933,-0.049435
51.4333,-0.226585,-0.080954,-0.200659,0.996280,0.233560,-0.265577,-0.049115
51.4667,-0.226590,-0.081588,-0.193908,0.995509,0.233822,-0.265107,-0.048957
51.5000,-0.226880,-0.080465,-0.195226,0.996325,0.233784,-0.264645,-0.049071
51.5333,-0.227767,-0.077126,-0.202350,0.998725,0.233634,-0.263654,-0.049437
51.5667,-0.228553,-0.073745,-0.212869,1.001257,0.233340,-0.263031,-0.049822
51.6000,-0.227613,-0.073119,-0.215092,1.001522,0.232785,-0.263007,-0.050079
51.6333,-0.227116,-0.072346,-0.218667,1.002517,0.232294,-0.263033,-0.050394
51.6667,-0.226308,-0.071891,-0.221368,1.003072,0.231745,-0.263146,-0.050675
51.7000,-0.224905,-0.071720,-0.220812,1.002933,0.231092,-0.263076,-0.050971
51.7333,-0.223573,-0.072717,-0.222838,1.003135,0.230382,-0.263908,-0.051221
51.7667,-0.221431,-0.074916,-0.220435,1.002124,0.229589,-0.264921,-0.051390
51.8000,-0.219452,-0.075759,-0.218457,1.001063,0.228852,-0.265272,-0.051618
51.8333,-0.217536,-0.076409,-0.218498,1.001431,0.227861,-0.265720,-0.052049
51.8667,-0.215938,-0.076694,-0.220252,1.001622,0.227014,-0.266166,-0.052408
51.9000,-0.214233,-0.077157,-0.220263,1.001141,0.226266,-0.266521,-0.052678
51.9333,-0.212638,-0.077377,-0.220637,1.000731,0.225547,-0.266783,-0.052949
51.9667,-0.211530,-0.077284,-0.223429,1.000823,0.224927,-0.267129,-0.053207
52.0000,-0.209476,-0.079247,-0.219818,0.999422,0.224258,-0.267876,-0.053308
52.0333,-0.207584,-0.080216,-0.216124,0.997731,0.223703,-0.268095,-0.053412
52.0667,-0.206176,-0.080289,-0.215216,0.996896,0.223170,-0.268129,-0.053594
52.1000,-0.204099,-0.081720,-0.209771,0.995136,0.222576,-0.268384,-0.053692
52.1333,-0.202179,-0.081633,-0.204345,0.993266,0.222053,-0.267843,-0.053857
52.1667,-0.198987,-0.082849,-0.189982,0.988102,0.221643,-0.267029,-0.053733
52.2000,-0.196586,-0.084572,-0.182694,0.983412,0.221403,-0.267262,-0.053456
52.2333,-0.195261,-0.085456,-0.184104,0.981932,0.220985,-0.267997,-0.053448
52.2667,-0.193934,-0.085744,-0.185329,0.980866,0.220493,-0.268389,-0.053540
52.3000,-0.191995,-0.087887,-0.184942,0.979130,0.219865,-0.269589,-0.053524
52.3333,-0.189696,-0.090786,-0.182622,0.977280,0.219123,-0.270966,-0.053532
52.3667,-0.186992,-0.092555,-0.177874,0.974772,0.218320,-0.271487,-0.053621
52.4000,-0.184979,-0.092356,-0.177944,0.973645,0.217513,-0.271526,-0.053892
52.4333,-0.182795,-0.091835,-0.178775,0.972719,0.216570,-0.271493,-0.054230
52.4667,-0.180236,-0.091182,-0.178555,0.971380,0.215528,-0.271288,-0.054597
52.5000,-0.177417,-0.090353,-0.177704,0.969932,0.214387,-0.270930,-0.055019
52.5333,-0.174619,-0.088221,-0.177529,0.969412,0.213069,-0.269968,-0.055665
52.5667,-0.171027,-0.087757,-0.174457,0.968259,0.211539,-0.269554,-0.056264
52.6000,-0.167199,-0.087175,-0.173149,0.967540,0.209782,-0.269307,-0.056969
52.6333,-0.161913,-0.087601,-0.165435,0.965155,0.207709,-0.268873,-0.057677
52.6667,-0.156642,-0.087210,-0.158244,0.962781,0.205615,-0.268080,-0.058454
52.7000,-0.148826,-0.088909,-0.141030,0.956327,0.203126,-0.267246,-0.059009
52.7333,-0.141009,-0.089835,-0.126456,0.953810,0.199883,-0.266289,-0.060219
52.7667,-0.129802,-0.093717,-0.100482,0.938753,0.197249,-0.265538,-0.060060
52.8000,-0.117903,-0.094383,-0.077111,0.921952,0.194443,-0.263357,-0.059980
52.8333,-0.104976,-0.101377,-0.052570,0.908207,0.190596,-0.264165,-0.060178
52.8667,-0.090235,-0.106612,-0.032458,0.898590,0.185033,-0.264662,-0.061307
52.9000,-0.070215,-0.117571,0.003595,0.885778,0.177350,-0.265896,-0.062704
52.9333,-0.051874,-0.126035,0.031036,0.879000,0.169273,-0.266993,-0.064789
52.9667,-0.030423,-0.136353,0.054045,0.867508,0.160382,-0.269498,-0.066257
53.0000,-0.012300,-0.144104,0.074394,0.861294,0.152122,-0.271044,-0.068160
53.0333,0.003848,-0.151729,0.101158,0.852465,0.145149,-0.271329,-0.069453
53.0667,0.020855,-0.159497,0.119514,0.842978,0.137901,-0.272771,-0.070368
53.1000,0.040727,-0.164305,0.134931,0.819556,0.131699,-0.272520,-0.069760
53.1333,0.060998,-0.168352,0.213079,0.788749,0.124772,-0.261770,-0.069963
53.1667,0.075771,-0.166198,0.210042,0.768838,0.120886,-0.260482,-0.068982
53.2000,0.095916,-0.170611,0.222151,0.745811,0.114334,-0.259980,-0.068087
53.2333,0.106653,-0.168353,0.217051,0.728789,0.112004,-0.259106,-0.067165
53.2667,0.116574,-0.167604,0.198302,0.759924,0.102118,-0.263747,-0.071951
53.3000,0.127611,-0.154058,0.152574,0.793636,0.091652,-0.266125,-0.076859
53.3333,0.139350,-0.158120,0.174035,0.802664,0.083339,-0.265551,-0.079374
53.3667,0.145690,-0.153949,0.169429,0.810189,0.078756,-0.264681,-0.080979
53.4000,0.159942,-0.157149,0.191742,0.801233,0.072556,-0.262683,-0.081086
53.4333,0.166249,-0.163962,0.209114,0.789409,0.070875,-0.262979,-0.080394
53.4667,0.169823,-0.168351,0.223776,0.781743,0.069931,-0.262557,-0.079905
53.5000,0.176883,-0.171870,0.263485,0.760749,0.068765,-0.256977,-0.078517
53.5333,0.177859,-0.173048,0.269638,0.756345,0.068768,-0.256355,-0.078224
53.5667,0.176033,-0.173559,0.265508,0.751347,0.070758,-0.256932,-0.077456
53.6000,0.169309,-0.175856,0.222848,0.752220,0.075554,-0.264793,-0.076104
53.6333,0.165747,-0.180263,0.212181,0.751572,0.077808,-0.268551,-0.075277
53.6667,0.163714,-0.196490,0.217444,0.735109,0.081507,-0.274642,-0.072274
53.7000,0.152871,-0.192759,0.163123,0.724960,0.090479,-0.280952,-0.068933
53.7333,0.143587,-0.191195,0.126002,0.707329,0.099215,-0.285330,-0.064769
53.7667,0.138300,-0.193773,0.113882,0.710800,0.101514,-0.288608,-0.064129
53.8000,0.137348,-0.201908,0.135125,0.699756,0.103490,-0.288383,-0.062533
53.8333,0.135523,-0.209870,0.150213,0.686087,0.106380,-0.288882,-0.060349
53.8667,0.132995,-0.214878,0.163005,0.674133,0.109329,-0.288362,-0.058471
53.9000,0.130431,-0.220164,0.165406,0.668293,0.111510,-0.290041,-0.057022
53.9333,0.127471,-0.221323,0.162171,0.665210,0.113594,-0.290884,-0.056053
53.9667,0.123847,-0.221559,0.153753,0.662070,0.116154,-0.292171,-0.054886
54.0000,0.120894,-0.222128,0.150184,0.653992,0.119066,-0.292524,-0.053192
54.0333,0.118828,-0.223149,0.149556,0.653293,0.120228,-0.293005,-0.052728
54.0667,0.116209,-0.223582,0.145504,0.649372,0.122274,-0.293621,-0.051665
54.1000,0.114053,-0.223883,0.144598,0.649551,0.123339,-0.293861,-0.051374
54.1333,0.111342,-0.224464,0.142987,0.650530,0.124556,-0.294386,-0.051104
54.1667,0.108590,-0.224682,0.148220,0.642315,0.127119,-0.293032,-0.049738
54.2000,0.105051,-0.223647,0.148961,0.631387,0.130604,-0.291691,-0.047758
54.2333,0.099674,-0.218976,0.143615,0.617590,0.135573,-0.289538,-0.045131
54.2667,0.096070,-0.217484,0.141922,0.609220,0.138702,-0.288556,-0.043338
54.3000,0.092822,-0.215843,0.137670,0.603431,0.141293,-0.288133,-0.041921
54.3333,0.091054,-0.215659,0.136047,0.595260,0.143450,-0.287830,-0.040275
54.3667,0.090297,-0.215067,0.135124,0.590248,0.144608,-0.287422,-0.039335
54.4000,0.090500,-0.213905,0.134843,0.587120,0.145002,-0.286774,-0.038900
54.4333,0.092358,-0.213952,0.136962,0.590282,0.143590,-0.286632,-0.039704
54.4667,0.095125,-0.215458,0.136649,0.593812,0.141727,-0.287661,-0.040497
54.5000,0.098106,-0.215223,0.140607,0.594806,0.140031,-0.286993,-0.041235
54.5333,0.103386,-0.220040,0.156348,0.591859,0.137489,-0.286341,-0.041673
54.5667,0.110040,-0.228063,0.176058,0.593896,0.133316,-0.286774,-0.043002
54.6000,0.113115,-0.227724,0.169864,0.602243,0.130703,-0.288353,-0.044524
54.6333,0.115798,-0.227085,0.164579,0.606493,0.128884,-0.289360,-0.045381
54.6667,0.118304,-0.226616,0.160129,0.611420,0.127010,-0.290318,-0.046325
54.7000,0.120771,-0.225590,0.161318,0.616190,0.125008,-0.289991,-0.047498
54.7333,0.124123,-0.226025,0.168851,0.626689,0.121451,-0.289561,-0.049726
54.7667,0.126699,-0.225392,0.174793,0.636131,0.118459,-0.288852,-0.051718
54.8000,0.128016,-0.223089,0.177006,0.641716,0.116826,-0.287761,-0.052972
54.8333,0.128223,-0.218349,0.172570,0.649580,0.115584,-0.286782,-0.054354
54.8667,0.128708,-0.214795,0.172432,0.656636,0.114196,-0.285553,-0.055691
54.9000,0.129639,-0.212763,0.180010,0.660716,0.112835,-0.283542,-0.056790
54.9333,0.129879,-0.210951,0.182651,0.667574,0.111491,-0.282629,-0.058020
54.9667,0.130402,-0.210389,0.187607,0.673650,0.110053,-0.281875,-0.059138
55.0000,0.130648,-0.210157,0.190178,0.677990,0.109113,-0.281584,-0.059877
55.0333,0.130876,-0.210002,0.191703,0.683228,0.108059,-0.281562,-0.060692
55.0667,0.130826,-0.209132,0.188676,0.691464,0.106775,-0.282135,-0.061792
55.1000,0.129603,-0.207965,0.183687,0.697510,0.106500,-0.282738,-0.062456
55.1333,0.128426,-0.206320,0.178910,0.704336,0.106065,-0.283104,-0.063237
55.1667,0.126328,-0.204594,0.173221,0.706896,0.106847,-0.283317,-0.063343
55.2000,0.124853,-0.204424,0.162282,0.717976,0.105965,-0.285602,-0.064342
55.2333,0.123563,-0.204787,0.154515,0.726968,0.105229,-0.287496,-0.065163
55.2667,0.122240,-0.205223,0.153478,0.725872,0.106113,-0.287790,-0.064838
55.3000,0.120039,-0.204979,0.149717,0.718167,0.108670,-0.287840,-0.063482
55.3333,0.118172,-0.205790,0.143276,0.711374,0.110953,-0.288895,-0.062064
55.3667,0.115900,-0.205773,0.137640,0.701508,0.113933,-0.289273,-0.060274
55.4000,0.114151,-0.206120,0.133014,0.698642,0.115412,-0.290021,-0.059484
55.4333,0.113021,-0.207856,0.133602,0.695357,0.116524,-0.290551,-0.058773
55.4667,0.111583,-0.209692,0.134254,0.689652,0.118192,-0.290986,-0.057684
55.5000,0.109969,-0.211632,0.127645,0.689029,0.119244,-0.292947,-0.057016
55.5333,0.107165,-0.212651,0.115321,0.688567,0.120963,-0.295425,-0.056138
55.5667,0.103210,-0.213064,0.104372,0.682780,0.124107,-0.297102,-0.054451
55.6000,0.099073,-0.212877,0.091565,0.684761,0.126051,-0.299167,-0.053806
55.6333,0.094729,-0.212605,0.079720,0.683386,0.128618,-0.300868,-0.052679
55.6667,0.090711,-0.211682,0.072337,0.679530,0.131362,-0.301402,-0.051418
55.7000,0.086451,-0.210516,0.067739,0.670120,0.135088,-0.301107,-0.049397
55.7333,0.083711,-0.209048,0.070490,0.658932,0.138252,-0.299359,-0.047515
55.7667,0.081409,-0.206348,0.073865,0.649744,0.140837,-0.297020,-0.046111
55.8000,0.078182,-0.200580,0.070718,0.645710,0.143119,-0.294597,-0.045409
55.8333,0.076232,-0.191224,0.076449,0.639617,0.145005,-0.288881,-0.045092
55.8667,0.074062,-0.189832,0.075739,0.635398,0.146742,-0.288099,-0.044177
55.9000,0.075015,-0.195275,0.076499,0.640236,0.145515,-0.290711,-0.044599
55.9333,0.072847,-0.193575,0.068230,0.638003,0.147010,-0.291241,-0.043857
55.9667,0.071204,-0.192230,0.058932,0.644649,0.146876,-0.292472,-0.044461
56.0000,0.070220,-0.191520,0.059396,0.658769,0.145116,-0.292576,-0.046654
56.0333,0.068387,-0.191269,0.056892,0.653517,0.146871,-0.292632,-0.045515
56.0667,0.067327,-0.193222,0.064584,0.657667,0.146650,-0.292315,-0.046134
56.1000,0.065464,-0.194716,0.067329,0.653455,0.148193,-0.292291,-0.045183
56.1333,0.062939,-0.194554,0.069838,0.665776,0.147440,-0.292188,-0.046896
56.1667,0.060478,-0.194951,0.077076,0.694149,0.143974,-0.292211,-0.051188
56.2000,0.056083,-0.194493,0.066533,0.712976,0.143170,-0.294382,-0.053148
56.2333,0.051616,-0.193809,0.065784,0.719574,0.144303,-0.294286,-0.053591
56.2667,0.046140,-0.193578,0.067337,0.729258,0.145395,-0.294109,-0.054393
56.3000,0.038936,-0.197580,0.065397,0.748170,0.145823,-0.296852,-0.055848
56.3333,0.032258,-0.201865,0.067382,0.748244,0.149131,-0.298349,-0.054597
56.3667,0.022110,-0.193998,0.061054,0.768873,0.150789,-0.296008,-0.056754
56.4000,0.012360,-0.180503,0.042794,0.775484,0.154726,-0.292170,-0.056830
56.4333,0.005138,-0.178046,0.047063,0.791307,0.155642,-0.290551,-0.058409
56.4667,-0.005073,-0.164409,0.030049,0.808206,0.157972,-0.286602,-0.060010
56.5000,-0.017375,-0.148923,0.013340,0.816132,0.162828,-0.281218,-0.060103
56.5333,-0.026855,-0.138176,-0.006887,0.825642,0.165973,-0.278732,-0.060236
56.5667,-0.038345,-0.137981,-0.040818,0.838700,0.169387,-0.283456,-0.059666
56.6000,-0.046908,-0.138381,-0.049539,0.844669,0.172619,-0.284645,-0.058929
56.6333,-0.055609,-0.136012,-0.052943,0.851443,0.175791,-0.283661,-0.058625
56.6667,-0.063281,-0.136016,-0.050387,0.853312,0.179330,-0.282956,-0.057628
56.7000,-0.069828,-0.133487,-0.044861,0.848305,0.183465,-0.280496,-0.055984
56.7333,-0.074657,-0.129243,-0.035254,0.841625,0.187007,-0.276609,-0.054533
56.7667,-0.080872,-0.123793,-0.044850,0.843894,0.189632,-0.275033,-0.053942
56.8000,-0.085731,-0.121886,-0.049388,0.844830,0.191845,-0.274515,-0.053217
56.8333,-0.089836,-0.120304,-0.043640,0.854959,0.192217,-0.272803,-0.054260
56.8667,-0.093057,-0.119497,-0.029497,0.855696,0.193730,-0.270178,-0.054070
56.9000,-0.095182,-0.120288,-0.004730,0.852940,0.195253,-0.266791,-0.053622
56.9333,-0.097814,-0.120540,0.006135,0.849403,0.197103,-0.265106,-0.052717
56.9667,-0.099971,-0.119706,0.026294,0.846567,0.198528,-0.261539,-0.052287
57.0000,-0.103122,-0.119694,0.026657,0.851779,0.199212,-0.261448,-0.052478
57.0333,-0.106368,-0.119709,0.025852,0.854360,0.200382,-0.261473,-0.052242
57.0667,-0.107661,-0.120024,0.026467,0.856195,0.200718,-0.261506,-0.052213
57.1000,-0.109070,-0.117380,0.026030,0.859206,0.200896,-0.260243,-0.052555
57.1333,-0.111238,-0.114023,0.023940,0.861350,0.201586,-0.258801,-0.052641
57.1667,-0.113137,-0.111654,0.019560,0.862622,0.202310,-0.258168,-0.052509
57.2000,-0.114415,-0.110320,0.012218,0.864721,0.202614,-0.258531,-0.052510
57.2333,-0.116020,-0.109528,0.000369,0.869045,0.202722,-0.259848,-0.052725
57.2667,-0.117124,-0.108315,-0.007065,0.870499,0.203029,-0.260273,-0.052686
57.3000,-0.117673,-0.108044,-0.009968,0.872970,0.202894,-0.260568,-0.052933
57.3333,-0.118571,-0.107295,-0.014447,0.877254,0.202625,-0.260860,-0.053410
57.3667,-0.119045,-0.106569,-0.017878,0.879586,0.202467,-0.260992,-0.053661
57.4000,-0.118784,-0.107280,-0.017802,0.880928,0.202125,-0.261374,-0.053869
57.4333,-0.118247,-0.109158,-0.021561,0.883624,0.201430,-0.262926,-0.054206
57.4667,-0.117541,-0.111581,-0.025380,0.886244,0.200666,-0.264771,-0.054540
57.5000,-0.117626,-0.113006,-0.028813,0.888688,0.200306,-0.266018,-0.054789
57.5333,-0.117542,-0.114976,-0.028689,0.890348,0.200005,-0.267032,-0.054947
57.5667,-0.118107,-0.115804,-0.029346,0.892352,0.199953,-0.267551,-0.055103
57.6000,-0.118855,-0.115877,-0.031707,0.893892,0.200059,-0.267903,-0.055155
57.6333,-0.120015,-0.114908,-0.036082,0.896381,0.200195,-0.267998,-0.055315
57.6667,-0.121896,-0.112531,-0.044509,0.900209,0.200432,-0.267913,-0.055575
57.7000,-0.123572,-0.111140,-0.048655,0.902413,0.200862,-0.267717,-0.055625
57.7333,-0.125404,-0.109926,-0.051008,0.904198,0.201445,-0.267350,-0.055598
57.7667,-0.127591,-0.108889,-0.055069,0.906394,0.202126,-0.267290,-0.055525
57.8000,-0.130021,-0.108056,-0.060341,0.908912,0.202866,-0.267484,-0.055421
57.8333,-0.132860,-0.106537,-0.066126,0.914745,0.203238,-0.267399,-0.055792
57.8667,-0.135724,-0.104669,-0.072450,0.922787,0.203235,-0.267200,-0.056499
57.9000,-0.138120,-0.103115,-0.074659,0.925658,0.203904,-0.266589,-0.056537
57.9333,-0.140094,-0.103664,-0.073899,0.927136,0.204641,-0.266672,-0.056344
57.9667,-0.142042,-0.104442,-0.073723,0.927829,0.205495,-0.266947,-0.056014
58.0000,-0.144189,-0.105528,-0.073763,0.927576,0.206608,-0.267395,-0.055483
58.0333,-0.146147,-0.106258,-0.073112,0.927761,0.207555,-0.267578,-0.055076
58.0667,-0.148023,-0.106557,-0.073153,0.928027,0.208438,-0.267636,-0.054715
58.1000,-0.149669,-0.106837,-0.074731,0.928324,0.209190,-0.267899,-0.054377
58.1333,-0.150967,-0.106784,-0.075550,0.929019,0.209707,-0.267912,-0.054206
58.1667,-0.152266,-0.106607,-0.077939,0.930422,0.210092,-0.268076,-0.054135
58.2000,-0.154104,-0.105211,-0.086002,0.933831,0.210346,-0.268344,-0.054278
58.2333,-0.155509,-0.103476,-0.091876,0.936181,0.210576,-0.268156,-0.054391
58.2667,-0.156274,-0.102383,-0.092886,0.937497,0.210712,-0.267687,-0.054494
58.3000,-0.156716,-0.101710,-0.092194,0.938932,0.210688,-0.267229,-0.054672
58.3333,-0.156912,-0.100920,-0.093026,0.940316,0.210535,-0.266921,-0.054874
58.3667,-0.156852,-0.100293,-0.094340,0.941605,0.210269,-0.266774,-0.055100
58.4000,-0.156534,-0.099516,-0.096626,0.943237,0.209808,-0.266689,-0.055427
58.4333,-0.156746,-0.097734,-0.102796,0.946381,0.209300,-0.266565,-0.055918
58.4667,-0.156568,-0.096172,-0.109051,0.949280,0.208639,-0.266573,-0.056418
58.5000,-0.156965,-0.094651,-0.121313,0.954171,0.207846,-0.267329,-0.057055
58.5333,-0.157556,-0.092377,-0.136141,0.959611,0.206994,-0.267979,-0.057766
58.5667,-0.157417,-0.090373,-0.148566,0.963597,0.206042,-0.268480,-0.058400
58.6000,-0.156752,-0.088829,-0.157369,0.966785,0.205011,-0.268784,-0.059034
58.6333,-0.157579,-0.087855,-0.176430,0.973113,0.203994,-0.270523,-0.059747
58.6667,-0.156919,-0.087862,-0.185654,0.976205,0.202961,-0.271639,-0.060251
58.7000,-0.157246,-0.088058,-0.203919,0.982459,0.201675,-0.273831,-0.060971
58.7333,-0.158051,-0.089490,-0.229961,0.990267,0.200152,-0.277475,-0.061674
58.7667,-0.157974,-0.089641,-0.245444,0.995182,0.198882,-0.279253,-0.062305
58.8000,-0.156464,-0.090144,-0.247564,0.996793,0.197796,-0.279789,-0.062775
58.8333,-0.155099,-0.090745,-0.253204,0.997027,0.196924,-0.280825,-0.062980
58.8667,-0.153590,-0.090930,-0.255724,0.998055,0.195920,-0.281261,-0.063391
58.9000,-0.152350,-0.090843,-0.259212,0.999425,0.194961,-0.281644,-0.063815
58.9333,-0.151544,-0.090559,-0.267726,1.001946,0.193876,-0.282442,-0.064299
58.9667,-0.150371,-0.089740,-0.269883,1.003795,0.192894,-0.282260,-0.064847
59.0000,-0.148619,-0.089401,-0.272214,1.005778,0.191593,-0.282364,-0.065450
59.0333,-0.146903,-0.088702,-0.271362,1.008265,0.190308,-0.281899,-0.066194
59.0667,-0.143666,-0.089101,-0.267054,1.009163,0.188634,-0.281728,-0.066869
59.1000,-0.139751,-0.089677,-0.262763,1.007928,0.186986,-0.281764,-0.067363
59.1333,-0.135689,-0.091328,-0.266060,1.005199,0.185320,-0.283288,-0.067526
59.1667,-0.130681,-0.094001,-0.265644,1.000311,0.183661,-0.285035,-0.067496
59.2000,-0.124488,-0.095890,-0.261973,0.995506,0.181470,-0.286038,-0.067753
59.2333,-0.118352,-0.099420,-0.261348,0.984943,0.180238,-0.288436,-0.067032
59.2667,-0.112276,-0.102067,-0.255942,0.978674,0.178413,-0.289648,-0.067033
59.3000,-0.100080,-0.117247,-0.202448,0.964814,0.176141,-0.291839,-0.066369
59.3333,-0.085554,-0.141571,-0.122171,0.941401,0.174556,-0.295046,-0.064542
59.3667,-0.077050,-0.148134,-0.100526,0.931891,0.172222,-0.295950,-0.064416
59.4000,-0.070813,-0.152434,-0.101084,0.926071,0.170084,-0.298467,-0.064220
59.4333,-0.064911,-0.154046,-0.102328,0.925309,0.167196,-0.299708,-0.064909
59.4667,-0.059737,-0.158029,-0.095540,0.926743,0.164383,-0.301077,-0.065754
59.5000,-0.057880,-0.159130,-0.118389,0.930396,0.162459,-0.304734,-0.066003
59.5333,-0.058738,-0.159813,-0.167156,0.931139,0.161875,-0.311411,-0.064936
59.5667,-0.055314,-0.159834,-0.176500,0.928045,0.160474,-0.312806,-0.064835
59.6000,-0.052855,-0.157313,-0.191860,0.929645,0.158552,-0.313615,-0.065419
59.6333,-0.050433,-0.158896,-0.205190,0.928722,0.157129,-0.316260,-0.065239
59.6667,-0.049862,-0.158799,-0.234542,0.926127,0.156455,-0.320084,-0.064411
59.7000,-0.048165,-0.156740,-0.250116,0.925018,0.155285,-0.321152,-0.064454
59.7333,-0.045034,-0.159919,-0.257642,0.928831,0.152752,-0.323749,-0.064933
59.7667,-0.041718,-0.161398,-0.271629,0.925286,0.151185,-0.326503,-0.064447
59.8000,-0.038146,-0.162534,-0.277569,0.913171,0.151254,-0.328320,-0.063003
59.8333,-0.034987,-0.164373,-0.276323,0.906975,0.150750,-0.329382,-0.062412
59.8667,-0.032564,-0.165527,-0.275744,0.904293,0.149987,-0.330057,-0.062270
59.9000,-0.029163,-0.169851,-0.261242,0.904590,0.148707,-0.330437,-0.062597
59.9333,-0.025426,-0.174857,-0.247239,0.902196,0.147685,-0.331280,-0.062473
59.9667,-0.025208,-0.175187,-0.251496,0.906958,0.146573,-0.331930,-0.063103
60.0000,-0.025043,-0.174920,-0.256630,0.912274,0.145369,-0.332358,-0.063797
60.0333,-0.023747,-0.177844,-0.252938,0.915753,0.144207,-0.333310,-0.064180
60.0667,-0.021763,-0.182136,-0.238282,0.914626,0.143862,-0.333652,-0.064112
60.1000,-0.022611,-0.182482,-0.236724,0.920545,0.143278,-0.333492,-0.064864
60.1333,-0.022418,-0.183390,-0.232145,0.923816,0.142735,-0.333296,-0.065313
60.1667,-0.021900,-0.183033,-0.223301,0.925472,0.142433,-0.331967,-0.065866
60.2000,-0.021014,-0.182675,-0.221626,0.926924,0.141761,-0.331570,-0.066234
60.2333,-0.020731,-0.181813,-0.222272,0.928821,0.141248,-0.331201,-0.066636
60.2667,-0.020137,-0.181550,-0.222531,0.931049,0.140527,-0.331083,-0.067038
60.3000,-0.019776,-0.180753,-0.222536,0.934848,0.139643,-0.330632,-0.067709
60.3333,-0.019000,-0.179556,-0.220575,0.937392,0.138830,-0.329761,-0.068340
60.3667,-0.018013,-0.178983,-0.216659,0.939047,0.138123,-0.328982,-0.068851
60.4000,-0.017036,-0.178983,-0.215146,0.939538,0.137565,-0.328814,-0.069073
60.4333,-0.016492,-0.178546,-0.215503,0.939731,0.137234,-0.328657,-0.069224
60.4667,-0.016133,-0.178039,-0.216389,0.939864,0.136996,-0.328525,-0.069334
60.5000,-0.014687,-0.178386,-0.207188,0.937305,0.136968,-0.327625,-0.069346
60.5333,-0.012488,-0.179291,-0.190185,0.932656,0.137122,-0.326049,-0.069297
60.5667,-0.009317,-0.180992,-0.163258,0.924786,0.137556,-0.323604,-0.069099
60.6000,-0.006245,-0.181940,-0.132411,0.914639,0.138445,-0.320166,-0.068802
60.6333,-0.004130,-0.182786,-0.109045,0.906274,0.139274,-0.317524,-0.068454
60.6667,-0.003370,-0.183289,-0.095894,0.900788,0.140073,-0.315994,-0.068106
60.7000,-0.003366,-0.183395,-0.088165,0.896614,0.140935,-0.314962,-0.067735
60.7333,-0.003094,-0.183846,-0.075856,0.890366,0.142082,-0.313446,-0.067199
60.7667,-0.003739,-0.183663,-0.069002,0.885558,0.143360,-0.312327,-0.066663
60.8000,-0.004477,-0.183594,-0.059788,0.879594,0.144910,-0.310901,-0.066000
60.8333,-0.005432,-0.184272,-0.051474,0.873306,0.146606,-0.309937,-0.065152
60.8667,-0.006888,-0.184404,-0.044488,0.867633,0.148422,-0.308862,-0.064340
60.9000,-0.008626,-0.185555,-0.038150,0.863978,0.150005,-0.308398,-0.063641
60.9333,-0.010928,-0.186723,-0.033302,0.858838,0.152123,-0.308094,-0.062611
60.9667,-0.014011,-0.187481,-0.032853,0.854569,0.154453,-0.308197,-0.061498
61.0000,-0.017593,-0.188205,-0.034385,0.850670,0.156957,-0.308554,-0.060297
61.0333,-0.021114,-0.189297,-0.034551,0.846891,0.159409,-0.308894,-0.059102
61.0667,-0.024607,-0.190084,-0.032771,0.842236,0.162001,-0.308777,-0.057859
61.1000,-0.027948,-0.192418,-0.028325,0.836256,0.164747,-0.308997,-0.056348
61.1333,-0.032619,-0.192328,-0.031684,0.832249,0.167771,-0.309158,-0.054934
61.1667,-0.037301,-0.187848,-0.033461,0.824191,0.171482,-0.306821,-0.053358
61.2000,-0.041642,-0.189262,-0.039645,0.815362,0.175111,-0.308042,-0.050941
61.2333,-0.046307,-0.188823,-0.048617,0.807180,0.178737,-0.308795,-0.048663
61.2667,-0.052412,-0.184948,-0.073944,0.805099,0.181876,-0.310446,-0.046941
61.3000,-0.058193,-0.182339,-0.103303,0.791400,0.186563,-0.313211,-0.043146
61.3333,-0.065099,-0.182840,-0.143726,0.784256,0.190333,-0.319331,-0.039552
61.3667,-0.071588,-0.182120,-0.184323,0.787019,0.192072,-0.324964,-0.037792
61.4000,-0.075060,-0.181918,-0.200459,0.783634,0.193831,-0.327186,-0.036158
61.4333,-0.077010,-0.180000,-0.206630,0.768222,0.196937,-0.327158,-0.033220
61.4667,-0.077469,-0.179994,-0.207907,0.758132,0.198633,-0.327347,-0.031327
61.5000,-0.078330,-0.178403,-0.219435,0.752246,0.199532,-0.328385,-0.030012
61.5333,-0.078377,-0.174864,-0.229334,0.741423,0.200784,-0.328322,-0.028264
61.5667,-0.077933,-0.168557,-0.242625,0.730013,0.201708,-0.327561,-0.026741
61.6000,-0.076454,-0.160878,-0.253833,0.722421,0.201624,-0.325884,-0.026308
61.6333,-0.074241,-0.155185,-0.267745,0.727987,0.199183,-0.325483,-0.028064
61.6667,-0.071620,-0.149768,-0.283384,0.736483,0.196009,-0.325417,-0.030364
61.7000,-0.070318,-0.146963,-0.318002,0.742191,0.192894,-0.329517,-0.031237
61.7333,-0.067928,-0.140995,-0.341989,0.761347,0.187719,-0.329990,-0.035312
61.7667,-0.063692,-0.138297,-0.351353,0.774467,0.183216,-0.329900,-0.038485
61.8000,-0.058001,-0.138528,-0.349313,0.798546,0.176902,-0.329152,-0.043537
61.8333,-0.054558,-0.132921,-0.366214,0.820930,0.170835,-0.328186,-0.048212
61.8667,-0.052589,-0.128099,-0.386269,0.844526,0.165054,-0.327707,-0.052635
61.9000,-0.054716,-0.116668,-0.425139,0.873561,0.159321,-0.325710,-0.057763
61.9333,-0.056612,-0.105738,-0.429883,0.926087,0.151511,-0.317644,-0.066644
61.9667,-0.063239,-0.097768,-0.429900,0.953787,0.150305,-0.311606,-0.070662
62.0000,-0.072793,-0.089217,-0.430923,0.968696,0.152681,-0.306002,-0.072304
62.0333,-0.082025,-0.078300,-0.440583,0.972369,0.156329,-0.300852,-0.072399
62.0667,-0.090437,-0.067146,-0.444681,0.980054,0.159151,-0.294654,-0.073177
62.1000,-0.096274,-0.065431,-0.427891,0.982648,0.162570,-0.291430,-0.072808
62.1333,-0.100955,-0.063512,-0.401541,0.983980,0.165996,-0.287143,-0.072473
62.1667,-0.108395,-0.063293,-0.393620,0.987195,0.169627,-0.285611,-0.071783
62.2000,-0.116613,-0.062977,-0.389516,0.988707,0.173765,-0.284524,-0.070679
62.2333,-0.125479,-0.062702,-0.393138,0.992853,0.177445,-0.284134,-0.069771
62.2667,-0.134999,-0.062599,-0.386468,0.997840,0.181752,-0.282588,-0.068898
62.3000,-0.145473,-0.062428,-0.391130,1.002229,0.186155,-0.282256,-0.067664
62.3333,-0.154700,-0.064175,-0.372281,1.000935,0.191845,-0.280676,-0.065709
62.3667,-0.163086,-0.063981,-0.358993,0.998150,0.197064,-0.278789,-0.063709
62.4000,-0.175498,-0.061364,-0.370866,1.003002,0.202020,-0.277883,-0.062276
62.4333,-0.186420,-0.059454,-0.380585,1.008004,0.206281,-0.277099,-0.060969
62.4667,-0.195873,-0.060960,-0.377974,1.012587,0.210385,-0.276813,-0.059620
62.5000,-0.201758,-0.062563,-0.368783,1.012295,0.213735,-0.276294,-0.058142
62.5333,-0.205905,-0.064863,-0.350898,1.010093,0.216835,-0.275369,-0.056732
62.5667,-0.208391,-0.071080,-0.327597,1.006899,0.219464,-0.275981,-0.055216
62.6000,-0.213817,-0.070796,-0.326877,1.009258,0.221780,-0.275346,-0.054465
62.6333,-0.218363,-0.066320,-0.314415,1.007654,0.224623,-0.271397,-0.053589
62.6667,-0.221831,-0.066668,-0.307525,1.005327,0.226920,-0.270674,-0.052397
62.7000,-0.225778,-0.065383,-0.310516,1.004236,0.228922,-0.270159,-0.051435
62.7333,-0.229752,-0.063956,-0.314831,1.004523,0.230667,-0.269662,-0.050697
62.7667,-0.232806,-0.062472,-0.310979,1.003944,0.232349,-0.268282,-0.050025
62.8000,-0.234723,-0.062526,-0.305347,1.003032,0.233599,-0.267574,-0.049413
62.8333,-0.236007,-0.063450,-0.302208,1.003265,0.234293,-0.267599,-0.049064
62.8667,-0.235664,-0.065948,-0.294929,1.003104,0.234400,-0.268075,-0.048899
62.9000,-0.234892,-0.068367,-0.288372,1.003182,0.234234,-0.268617,-0.048900
62.9333,-0.233666,-0.070296,-0.281725,1.003497,0.233797,-0.268911,-0.049080
62.9667,-0.232760,-0.070616,-0.278547,1.004634,0.233261,-0.268723,-0.049443
63.0000,-0.231932,-0.070049,-0.278331,1.005958,0.232638,-0.268404,-0.049869
63.0333,-0.231034,-0.068881,-0.280971,1.007710,0.231823,-0.268087,-0.050411
63.0667,-0.230217,-0.067075,-0.285921,1.009621,0.230949,-0.267690,-0.051008
63.1000,-0.228637,-0.066378,-0.288049,1.011410,0.229813,-0.267590,-0.051668
63.1333,-0.227064,-0.065750,-0.289922,1.012850,0.228745,-0.267514,-0.052282
63.1667,-0.225461,-0.065259,-0.293380,1.014721,0.227546,-0.267670,-0.052949
63.2000,-0.224031,-0.064886,-0.298890,1.016954,0.226314,-0.268093,-0.053627
63.2333,-0.222543,-0.064455,-0.304025,1.018953,0.225098,-0.268449,-0.054284
63.2667,-0.220845,-0.063650,-0.306283,1.020329,0.223956,-0.268321,-0.054920
63.3000,-0.219332,-0.062593,-0.309826,1.021507,0.222895,-0.268201,-0.055500
63.3333,-0.218172,-0.061117,-0.315284,1.022545,0.221964,-0.268059,-0.056015
63.3667,-0.217168,-0.059565,-0.319952,1.023405,0.221161,-0.267784,-0.056477
63.4000,-0.216212,-0.058118,-0.324259,1.023889,0.220453,-0.267536,-0.056859
63.4333,-0.215626,-0.056627,-0.329253,1.024226,0.219929,-0.267327,-0.057151
63.4667,-0.214391,-0.056560,-0.327759,1.023155,0.219541,-0.267246,-0.057256
63.5000,-0.213030,-0.056768,-0.324206,1.021394,0.219274,-0.267122,-0.057266
63.5333,-0.212009,-0.056965,-0.320923,1.019811,0.219136,-0.266995,-0.057240
63.5667,-0.210301,-0.057616,-0.310233,1.016862,0.219118,-0.266367,-0.057111
63.6000,-0.209410,-0.058364,-0.302839,1.014989,0.219220,-0.266063,-0.056983
63.6333,-0.208766,-0.059456,-0.296913,1.013133,0.219399,-0.266079,-0.056771
63.6667,-0.208188,-0.061014,-0.290068,1.011322,0.219634,-0.266223,-0.056524
63.7000,-0.207914,-0.062401,-0.284151,1.009721,0.219952,-0.266352,-0.056258
63.7333,-0.208251,-0.062930,-0.281690,1.008876,0.220334,-0.266364,-0.056035
63.7667,-0.208962,-0.063297,-0.280963,1.008331,0.220801,-0.266454,-0.055783
63.8000,-0.209718,-0.063673,-0.279932,1.007741,0.221306,-0.266512,-0.055510
63.8333,-0.210472,-0.064172,-0.277908,1.006978,0.221867,-0.266525,-0.055205
63.8667,-0.211165,-0.064597,-0.275251,1.005990,0.222451,-0.266437,-0.054880
63.9000,-0.211707,-0.065262,-0.271446,1.004772,0.223031,-0.266357,-0.054537
63.9333,-0.212321,-0.065397,-0.270168,1.004058,0.223487,-0.266268,-0.054282
63.9667,-0.212435,-0.066320,-0.265883,1.002511,0.223925,-0.266296,-0.053958
64.0000,-0.212505,-0.067120,-0.263324,1.001323,0.224234,-0.266450,-0.053704
64.0333,-0.212397,-0.067892,-0.260644,1.000049,0.224471,-0.266587,-0.053479
64.0667,-0.212549,-0.068794,-0.260066,0.999660,0.224638,-0.266995,-0.053327
64.1000,-0.211943,-0.070036,-0.257314,0.997210,0.224833,-0.267429,-0.052984
64.1333,-0.210419,-0.070519,-0.254421,0.995986,0.224366,-0.267459,-0.053069
64.1667,-0.208221,-0.070208,-0.250284,0.995084,0.223533,-0.266958,-0.053420
64.2000,-0.202959,-0.073114,-0.227220,0.988792,0.222581,-0.266191,-0.053423
64.2333,-0.197571,-0.073899,-0.205813,0.981076,0.221689,-0.264504,-0.053415
64.2667,-0.190165,-0.077454,-0.184418,0.970755,0.220237,-0.264325,-0.053210
64.3000,-0.184543,-0.078857,-0.176878,0.966189,0.218393,-0.264515,-0.053661
64.3333,-0.175962,-0.082496,-0.163615,0.956062,0.216147,-0.265329,-0.053667
64.3667,-0.167015,-0.087080,-0.146710,0.949993,0.213088,-0.266097,-0.054417
64.4000,-0.156312,-0.095897,-0.115811,0.940441,0.209941,-0.267271,-0.054834
64.4333,-0.145410,-0.105613,-0.092279,0.928205,0.206972,-0.269739,-0.054736
64.4667,-0.137504,-0.111435,-0.097576,0.921628,0.204172,-0.273834,-0.054825
64.5000,-0.129116,-0.111391,-0.096630,0.913113,0.201468,-0.274104,-0.055177
64.5333,-0.121163,-0.112559,-0.097469,0.906820,0.198590,-0.275212,-0.055660
64.5667,-0.112277,-0.113838,-0.092772,0.900903,0.195244,-0.275650,-0.056404
64.6000,-0.104195,-0.114383,-0.097820,0.887193,0.193491,-0.276997,-0.055694
64.6333,-0.097994,-0.112512,-0.110376,0.876725,0.191997,-0.278132,-0.055218
64.6667,-0.089944,-0.112843,-0.109678,0.870030,0.189140,-0.278590,-0.055629
64.7000,-0.077901,-0.121935,-0.077054,0.850632,0.186850,-0.278935,-0.054633
64.7333,-0.067308,-0.126580,-0.058086,0.796140,0.190722,-0.278363,-0.047908
64.7667,-0.057699,-0.135004,-0.020312,0.749177,0.193639,-0.276169,-0.042229
64.8000,-0.054475,-0.139990,-0.024801,0.734880,0.194256,-0.279215,-0.040046
64.8333,-0.053885,-0.146532,-0.039975,0.725572,0.195323,-0.284755,-0.037777
64.8667,-0.060783,-0.144440,-0.074615,0.735262,0.196855,-0.289382,-0.037650
64.9000,-0.068412,-0.142826,-0.093777,0.740722,0.199455,-0.291465,-0.036895
64.9333,-0.078802,-0.134703,-0.121517,0.729093,0.205670,-0.291524,-0.032996
64.9667,-0.087285,-0.135285,-0.129969,0.717864,0.211171,-0.292695,-0.029074
65.0000,-0.093977,-0.135624,-0.112681,0.720578,0.214284,-0.289609,-0.028545
65.0333,-0.103751,-0.131271,-0.115894,0.693919,0.222488,-0.287318,-0.021988
65.0667,-0.111136,-0.136960,-0.099966,0.709729,0.224071,-0.287027,-0.023134
65.1000,-0.121401,-0.141352,-0.113697,0.690672,0.231195,-0.290649,-0.016687
65.1333,-0.131697,-0.142503,-0.121868,0.678992,0.237301,-0.291864,-0.011900
65.1667,-0.143744,-0.134011,-0.134310,0.684024,0.241878,-0.289329,-0.010600
65.2000,-0.150820,-0.135230,-0.123810,0.682147,0.245547,-0.287593,-0.008595
65.2333,-0.155014,-0.158556,-0.114860,0.669521,0.249275,-0.296549,-0.003141
65.2667,-0.157078,-0.172337,-0.087545,0.666905,0.250998,-0.298020,-0.001524
65.3000,-0.162520,-0.172915,-0.093394,0.669811,0.253006,-0.299024,-0.000541
65.3333,-0.168121,-0.177171,-0.096375,0.673696,0.255027,-0.301255,0.000579
65.3667,-0.171170,-0.179067,-0.102983,0.671856,0.256519,-0.303027,0.002169
65.4000,-0.171034,-0.181312,-0.104493,0.671530,0.256483,-0.304317,0.002566
65.4333,-0.169692,-0.182574,-0.109582,0.672621,0.255673,-0.305892,0.002355
65.4667,-0.165822,-0.180349,-0.117068,0.651119,0.256329,-0.305966,0.005662
65.5000,-0.158063,-0.190710,-0.096595,0.623800,0.256382,-0.306948,0.009626
65.5333,-0.150643,-0.193054,-0.088275,0.605935,0.255225,-0.306508,0.011330
65.5667,-0.144716,-0.194933,-0.093751,0.593544,0.253896,-0.308418,0.012714
65.6000,-0.137929,-0.194922,-0.089599,0.591390,0.251219,-0.308030,0.011341
65.6333,-0.126805,-0.196974,-0.051813,0.584645,0.247522,-0.302438,0.008911
65.6667,-0.118339,-0.197762,-0.043155,0.576292,0.244777,-0.301426,0.008312
65.7000,-0.109159,-0.200285,-0.034932,0.569174,0.241576,-0.301336,0.007523
65.7333,-0.097334,-0.208832,-0.005707,0.564721,0.236952,-0.300225,0.005378
65.7667,-0.087248,-0.211044,0.010879,0.570804,0.231748,-0.298970,0.001448
65.8000,-0.078229,-0.212179,0.020408,0.577529,0.226880,-0.298530,-0.002125
65.8333,-0.070746,-0.206499,0.025275,0.573337,0.223968,-0.295315,-0.003711
65.8667,-0.064117,-0.199526,0.026860,0.570040,0.221347,-0.292113,-0.005205
65.9000,-0.057622,-0.197325,0.028319,0.565421,0.218957,-0.291020,-0.005959
65.9333,-0.051517,-0.197123,0.030495,0.565546,0.216164,-0.290871,-0.007381
65.9667,-0.046878,-0.194487,0.026389,0.565356,0.214099,-0.290714,-0.008404
66.0000,-0.042554,-0.193217,0.024733,0.563491,0.212369,-0.290622,-0.009006
66.0333,-0.038756,-0.192548,0.023913,0.559601,0.211122,-0.290532,-0.009098
66.0667,-0.035628,-0.191966,0.022519,0.555026,0.210266,-0.290528,-0.008890
66.1000,-0.033308,-0.190558,0.019173,0.550233,0.209809,-0.290476,-0.008470
66.1333,-0.031177,-0.189173,0.018625,0.545698,0.209394,-0.289903,-0.008154
66.1667,-0.029551,-0.186952,0.017419,0.541557,0.209161,-0.289072,-0.007850
66.2000,-0.028071,-0.185972,0.016223,0.537219,0.209018,-0.288780,-0.007367
66.2333,-0.026933,-0.184393,0.013158,0.533890,0.208911,-0.288604,-0.006985
66.2667,-0.026278,-0.180923,0.006486,0.532508,0.208793,-0.288333,-0.006898
66.3000,-0.025119,-0.178951,0.002627,0.530960,0.208460,-0.288208,-0.006851
66.3333,-0.023286,-0.177596,0.003005,0.530230,0.207720,-0.287603,-0.007193
66.3667,-0.020802,-0.177220,0.005688,0.530497,0.206564,-0.287054,-0.007850
66.4000,-0.017997,-0.177465,0.009263,0.529531,0.205407,-0.286582,-0.008321
66.4333,-0.014268,-0.181099,0.017258,0.527137,0.203991,-0.286755,-0.008586
66.4667,-0.011285,-0.182167,0.018752,0.527014,0.202646,-0.287093,-0.009122
66.5000,-0.007719,-0.186316,0.023802,0.524722,0.201289,-0.288054,-0.009234
66.5333,-0.004735,-0.189173,0.025199,0.528054,0.199515,-0.289340,-0.010271
66.5667,-0.000510,-0.199011,0.035047,0.527882,0.197557,-0.292015,-0.010609
66.6000,0.001950,-0.205429,0.035455,0.535963,0.195409,-0.295267,-0.012084
66.6333,0.002909,-0.204277,0.034614,0.536829,0.194857,-0.295014,-0.012536
66.6667,0.002652,-0.207082,0.023333,0.542978,0.194252,-0.298674,-0.012935
66.7000,0.003283,-0.213346,0.027747,0.542481,0.194003,-0.300641,-0.012599
66.7333,0.002997,-0.216213,0.034377,0.540517,0.194339,-0.300560,-0.012237
66.7667,0.001794,-0.218342,0.041334,0.542283,0.194611,-0.300208,-0.012467
66.8000,-0.000994,-0.217759,0.041830,0.544519,0.195598,-0.299823,-0.012458
66.8333,-0.004580,-0.216306,0.039887,0.548659,0.196733,-0.299557,-0.012607
66.8667,-0.008228,-0.215844,0.037542,0.550150,0.198238,-0.299677,-0.012131
66.9000,-0.011900,-0.215901,0.036148,0.551655,0.199746,-0.299848,-0.011643
66.9333,-0.015736,-0.215227,0.032567,0.554487,0.201173,-0.300153,-0.011334
66.9667,-0.019734,-0.214285,0.026420,0.558157,0.202581,-0.300846,-0.011062
67.0000,-0.022949,-0.214183,0.024593,0.560063,0.203828,-0.301058,-0.010706
67.0333,-0.026639,-0.210875,0.017100,0.564441,0.204997,-0.300977,-0.010787
67.0667,-0.029598,-0.207216,0.012049,0.568868,0.205813,-0.300305,-0.011141
67.1000,-0.032146,-0.201658,0.005448,0.573097,0.206458,-0.299067,-0.011653
67.1333,-0.034366,-0.192922,-0.004636,0.577447,0.206923,-0.297048,-0.012406
67.1667,-0.035193,-0.185590,-0.012043,0.584741,0.206361,-0.295310,-0.013943
67.2000,-0.034391,-0.180564,-0.016242,0.591495,0.205111,-0.294058,-0.015603
67.2333,-0.031691,-0.178464,-0.015789,0.595563,0.203339,-0.293275,-0.017034
67.2667,-0.027446,-0.177258,-0.013504,0.598670,0.200972,-0.292608,-0.018567
67.3000,-0.022131,-0.175575,-0.013359,0.601223,0.198165,-0.292152,-0.020162
67.3333,-0.016122,-0.172142,-0.016178,0.603155,0.195097,-0.291455,-0.021816
67.3667,-0.008509,-0.169791,-0.016334,0.603889,0.191441,-0.290796,-0.023514
67.4000,0.001096,-0.167899,-0.008730,0.605112,0.186790,-0.289018,-0.025840
67.4333,0.011695,-0.166963,-0.001964,0.610513,0.181046,-0.287993,-0.028931
67.4667,0.022424,-0.165454,-0.001264,0.622912,0.174170,-0.288012,-0.033055
67.5000,0.034839,-0.167416,-0.005529,0.646521,0.164695,-0.290875,-0.038760
67.5333,0.046628,-0.164811,-0.009843,0.661534,0.156645,-0.291310,-0.043183
67.5667,0.058263,-0.161565,-0.011058,0.671190,0.149425,-0.290697,-0.046710
67.6000,0.067795,-0.154641,-0.012096,0.670815,0.144801,-0.287986,-0.048581
67.6333,0.076730,-0.150429,-0.009173,0.670568,0.140458,-0.285817,-0.050198
67.6667,0.084866,-0.145566,-0.012648,0.674362,0.135823,-0.284499,-0.052149
67.7000,0.093146,-0.143360,-0.010847,0.678404,0.131067,-0.283505,-0.054061
67.7333,0.098406,-0.134903,-0.032311,0.694265,0.125687,-0.283650,-0.057234
67.7667,0.108521,-0.137107,-0.035081,0.717004,0.116694,-0.285762,-0.061489
67.8000,0.113484,-0.135155,-0.048305,0.730962,0.111574,-0.287372,-0.064019
67.8333,0.118443,-0.136769,-0.056182,0.739079,0.107509,-0.289670,-0.065408
67.8667,0.126477,-0.145052,-0.064185,0.757362,0.099982,-0.295310,-0.067804
67.9000,0.134320,-0.149595,-0.051294,0.762678,0.095087,-0.295697,-0.069290
67.9333,0.141431,-0.172891,0.008666,0.764816,0.091181,-0.297640,-0.070058
67.9667,0.144884,-0.197647,0.047544,0.770285,0.088100,-0.303707,-0.070098
68.0000,0.140199,-0.190476,0.033605,0.804206,0.084173,-0.303300,-0.074243
68.0333,0.132643,-0.189079,0.029910,0.820961,0.084885,-0.303495,-0.075797
68.0667,0.120811,-0.188388,0.048723,0.837168,0.087810,-0.300594,-0.077540
68.1000,0.113699,-0.194164,0.069412,0.808477,0.096835,-0.299202,-0.073348
68.1333,0.101670,-0.188777,0.057420,0.792614,0.106112,-0.297550,-0.070316
68.1667,0.090283,-0.186738,0.057815,0.799512,0.110715,-0.296406,-0.070227
68.2000,0.075088,-0.178157,0.050895,0.796845,0.119066,-0.292743,-0.068798
68.2333,0.063459,-0.169582,0.038795,0.792513,0.125935,-0.289870,-0.067054
68.2667,0.048580,-0.153302,0.004449,0.796034,0.133007,-0.286815,-0.066102
68.3000,0.035461,-0.148239,-0.009793,0.795934,0.139687,-0.286078,-0.064411
68.3333,0.019718,-0.132879,-0.017442,0.809806,0.145205,-0.279366,-0.065299
68.3667,0.004286,-0.121522,-0.028407,0.817836,0.151565,-0.274927,-0.064783
68.4000,-0.007367,-0.115287,-0.012438,0.816799,0.157671,-0.268890,-0.063533
68.4333,-0.021289,-0.111459,-0.018630,0.823857,0.163405,-0.267455,-0.062548
68.4667,-0.033684,-0.105771,-0.038497,0.824255,0.169451,-0.267082,-0.060527
68.5000,-0.050982,-0.099516,-0.053429,0.838968,0.175434,-0.265606,-0.060208
68.5333,-0.063875,-0.097322,-0.061922,0.844267,0.180893,-0.265175,-0.058686
68.5667,-0.073383,-0.101219,-0.047340,0.851512,0.184513,-0.264569,-0.058070
68.6000,-0.081966,-0.103235,-0.036244,0.853401,0.188503,-0.263547,-0.056820
68.6333,-0.088306,-0.106223,-0.038128,0.854668,0.191439,-0.265002,-0.055531
68.6667,-0.094918,-0.108072,-0.039186,0.856179,0.194452,-0.265779,-0.054420
68.7000,-0.101173,-0.110865,-0.039553,0.859089,0.197066,-0.266956,-0.053507
68.7333,-0.109853,-0.111228,-0.042383,0.866331,0.200122,-0.267217,-0.052988
68.7667,-0.119009,-0.109341,-0.057051,0.875352,0.203046,-0.267990,-0.052502
68.8000,-0.128683,-0.106048,-0.070217,0.889345,0.205375,-0.267801,-0.052845
68.8333,-0.137789,-0.102027,-0.092523,0.901674,0.207585,-0.268423,-0.052885
68.8667,-0.146593,-0.097186,-0.112430,0.907786,0.210634,-0.268215,-0.052148
68.9000,-0.153693,-0.097542,-0.127043,0.914046,0.212903,-0.269967,-0.051460
68.9333,-0.161161,-0.097939,-0.145015,0.926862,0.214194,-0.272097,-0.051727
68.9667,-0.168394,-0.097745,-0.165519,0.935810,0.215924,-0.274210,-0.051429
69.0000,-0.174838,-0.098011,-0.187634,0.945776,0.217029,-0.276714,-0.051397
69.0333,-0.178927,-0.098247,-0.195499,0.952345,0.217801,-0.277495,-0.051453
69.0667,-0.183588,-0.095244,-0.210594,0.960106,0.218453,-0.277449,-0.051793
69.1000,-0.187712,-0.092827,-0.221017,0.966544,0.219157,-0.277130,-0.052037
69.1333,-0.192777,-0.087072,-0.240976,0.972085,0.220185,-0.276196,-0.052145
69.1667,-0.194562,-0.086602,-0.242286,0.973364,0.220818,-0.275960,-0.051947
69.2000,-0.196423,-0.086144,-0.246168,0.974695,0.221410,-0.276053,-0.051766
69.2333,-0.197063,-0.086021,-0.245689,0.974737,0.221729,-0.275885,-0.051621
69.2667,-0.196428,-0.087732,-0.237008,0.973211,0.221908,-0.275780,-0.051418
69.3000,-0.195298,-0.090432,-0.227220,0.972116,0.221801,-0.276063,-0.051327
69.3333,-0.194170,-0.091796,-0.220315,0.971314,0.221555,-0.276000,-0.051373
69.3667,-0.193764,-0.091173,-0.217688,0.972064,0.221283,-0.275364,-0.051652
69.4000,-0.193593,-0.089476,-0.220281,0.973133,0.220942,-0.274790,-0.051956
69.4333,-0.193301,-0.088647,-0.222269,0.974564,0.220507,-0.274588,-0.052289
69.4667,-0.193540,-0.087515,-0.226717,0.976338,0.220213,-0.274493,-0.052582
69.5000,-0.194439,-0.085921,-0.236458,0.979707,0.219845,-0.274719,-0.052983
69.5333,-0.194779,-0.086084,-0.243334,0.982569,0.219371,-0.275536,-0.053297
69.5667,-0.193961,-0.087903,-0.244326,0.983219,0.218857,-0.276620,-0.053407
69.6000,-0.192936,-0.088759,-0.246391,0.984333,0.218123,-0.277337,-0.053708
69.6333,-0.191624,-0.089065,-0.246306,0.984628,0.217431,-0.277550,-0.054004
69.6667,-0.189050,-0.089563,-0.242522,0.984377,0.216301,-0.277496,-0.054457
69.7000,-0.187014,-0.090247,-0.242260,0.984688,0.215255,-0.277926,-0.054884
69.7333,-0.185183,-0.090096,-0.246014,0.985734,0.214074,-0.278370,-0.055407
69.7667,-0.182867,-0.089998,-0.247744,0.986646,0.212726,-0.278625,-0.056011
69.8000,-0.180240,-0.089736,-0.250217,0.987619,0.211190,-0.278898,-0.056690
69.8333,-0.177583,-0.088647,-0.253515,0.989092,0.209520,-0.278825,-0.057515
69.8667,-0.174481,-0.087356,-0.256514,0.990236,0.207686,-0.278640,-0.058382
69.9000,-0.171347,-0.085225,-0.261531,0.991916,0.205677,-0.278239,-0.059390
69.9333,-0.167672,-0.082059,-0.262569,0.993356,0.203533,-0.276860,-0.060561
69.9667,-0.161391,-0.081225,-0.246154,0.991606,0.201118,-0.274857,-0.061646
70.0000,-0.155311,-0.079687,-0.237706,0.990152,0.198516,-0.273407,-0.062741
70.0333,-0.149060,-0.079733,-0.237007,0.990671,0.195301,-0.273645,-0.063974
70.0667,-0.142169,-0.080929,-0.235589,0.992336,0.191586,-0.274389,-0.065407
70.1000,-0.129852,-0.092206,-0.198298,0.975914,0.189223,-0.276746,-0.064692
70.1333,-0.116618,-0.103178,-0.162946,0.952444,0.187454,-0.279029,-0.063175
70.1667,-0.099975,-0.121237,-0.102833,0.935964,0.182990,-0.281420,-0.063121
70.2000,-0.087559,-0.139044,-0.084931,0.921184,0.179598,-0.288685,-0.062015
70.2333,-0.074648,-0.156049,-0.054692,0.910943,0.175189,-0.293756,-0.061901
70.2667,-0.065164,-0.160357,-0.056669,0.903306,0.171722,-0.296529,-0.061974
70.3000,-0.058703,-0.173793,-0.087750,0.895274,0.169597,-0.307752,-0.059903
70.3333,-0.048141,-0.206105,-0.069723,0.888998,0.165572,-0.321831,-0.057725
70.3667,-0.032803,-0.232113,-0.005964,0.854168,0.164254,-0.325535,-0.054129
70.4000,-0.023599,-0.246582,0.010600,0.845812,0.161021,-0.330360,-0.053283
70.4333,-0.018600,-0.242254,-0.005570,0.842017,0.159137,-0.330650,-0.053494
70.4667,-0.014405,-0.238222,-0.011366,0.845630,0.156357,-0.329824,-0.054991
70.5000,-0.006480,-0.245861,0.018255,0.840780,0.153170,-0.329428,-0.055622
70.5333,0.001087,-0.253008,0.047938,0.831868,0.150734,-0.328530,-0.055752
70.5667,0.006408,-0.256838,0.061616,0.827291,0.148706,-0.328394,-0.055980
70.6000,0.010275,-0.256821,0.071925,0.825524,0.146933,-0.326941,-0.056726
70.6333,0.015997,-0.256418,0.108536,0.811664,0.145943,-0.320830,-0.057124
70.6667,0.019337,-0.255327,0.126080,0.805245,0.145033,-0.317436,-0.057534
70.7000,0.022680,-0.256220,0.140552,0.800618,0.143836,-0.315546,-0.057827
70.7333,0.026198,-0.256640,0.155618,0.794405,0.142773,-0.313227,-0.058008
70.7667,0.029995,-0.256372,0.190424,0.780833,0.142214,-0.307080,-0.058118
70.8000,0.033108,-0.254599,0.223347,0.768944,0.141554,-0.300454,-0.058383
70.8333,0.035451,-0.250950,0.251192,0.759165,0.140937,-0.293743,-0.058756
70.8667,0.036247,-0.247879,0.267847,0.756997,0.140192,-0.289541,-0.059460
70.9000,0.034998,-0.246299,0.267604,0.760456,0.140255,-0.289037,-0.059896
70.9333,0.033923,-0.245448,0.267720,0.762906,0.140390,-0.288757,-0.060152
70.9667,0.032077,-0.244918,0.264741,0.767998,0.140603,-0.289292,-0.060543
71.0000,0.029482,-0.244431,0.258404,0.775211,0.140975,-0.290489,-0.060991
71.0333,0.027697,-0.244144,0.263424,0.779260,0.140998,-0.289846,-0.061508
71.0667,0.025496,-0.242678,0.267020,0.783828,0.141198,-0.288868,-0.062078
71.1000,0.022224,-0.239455,0.265424,0.792534,0.141462,-0.288089,-0.063014
71.1333,0.017829,-0.234844,0.260594,0.802122,0.142272,-0.287117,-0.063907
71.1667,0.011171,-0.228591,0.252833,0.821478,0.142666,-0.286396,-0.065838
71.2000,0.001220,-0.216493,0.233362,0.851126,0.143318,-0.284944,-0.068704
71.2333,-0.014502,-0.179299,0.131661,0.908105,0.143821,-0.282934,-0.073749
71.2667,-0.026134,-0.162274,0.081901,0.938972,0.144845,-0.281689,-0.076177
71.3000,-0.039651,-0.140475,0.011599,0.975734,0.145331,-0.279913,-0.079097
71.3333,-0.054939,-0.115158,-0.083916,1.012151,0.145901,-0.278008,-0.081776
71.3667,-0.064015,-0.107739,-0.139984,1.024730,0.147548,-0.280120,-0.081815
71.4000,-0.069600,-0.117012,-0.151106,1.034651,0.148441,-0.285877,-0.081442
71.4333,-0.076190,-0.120886,-0.154129,1.047849,0.149321,-0.287812,-0.081824
71.4667,-0.088671,-0.119766,-0.194291,1.073251,0.150259,-0.290534,-0.082801
71.5000,-0.099530,-0.107425,-0.298741,1.083024,0.151564,-0.293750,-0.082228
71.5333,-0.102157,-0.102432,-0.329972,1.088074,0.151057,-0.293801,-0.082643
71.5667,-0.109009,-0.106423,-0.320614,1.094171,0.153822,-0.294494,-0.082362
71.6000,-0.120070,-0.073336,-0.428655,1.094549,0.155594,-0.286673,-0.082840
71.6333,-0.122332,-0.061453,-0.442401,1.093968,0.156260,-0.281563,-0.083368
71.6667,-0.121633,-0.033151,-0.480379,1.088063,0.155083,-0.270480,-0.084621
71.7000,-0.115796,-0.006169,-0.465158,1.091698,0.151803,-0.254575,-0.087415
71.7333,-0.109106,0.014237,-0.433351,1.088030,0.150064,-0.241277,-0.088704
71.7667,-0.110855,0.014684,-0.412631,1.091255,0.151171,-0.238833,-0.088963
71.8000,-0.122371,0.022761,-0.428170,1.096347,0.155501,-0.235165,-0.088399
71.8333,-0.129840,0.032440,-0.503768,1.075480,0.159677,-0.238531,-0.085421
71.8667,-0.132011,0.029654,-0.499406,1.065292,0.162772,-0.240463,-0.083821
71.9000,-0.139366,0.025229,-0.481795,1.044553,0.170916,-0.242751,-0.079974
71.9333,-0.145038,0.011933,-0.409251,1.026996,0.180161,-0.243483,-0.075742
71.9667,-0.150015,0.003280,-0.366114,1.004132,0.188384,-0.244648,-0.070989
72.0000,-0.157750,-0.005022,-0.387127,0.964815,0.198027,-0.253604,-0.063545
72.0333,-0.166063,-0.011950,-0.411508,0.929374,0.206724,-0.262089,-0.056345
72.0667,-0.168241,-0.015330,-0.420326,0.891574,0.213086,-0.267304,-0.049617
72.1000,-0.173839,-0.022734,-0.426108,0.858260,0.220371,-0.273730,-0.042604
72.1333,-0.174010,-0.029990,-0.407152,0.824355,0.226250,-0.276760,-0.036016
72.1667,-0.170657,-0.040561,-0.378441,0.792834,0.230525,-0.279704,-0.030168
72.2000,-0.174679,-0.058839,-0.335928,0.800200,0.233678,-0.281880,-0.029349
72.2333,-0.172201,-0.054624,-0.318618,0.805192,0.232552,-0.277073,-0.030838
72.2667,-0.168925,-0.050305,-0.303845,0.806606,0.231385,-0.272844,-0.032116
72.3000,-0.180206,-0.070434,-0.241540,0.841235,0.234223,-0.272029,-0.035004
72.3333,-0.178170,-0.064484,-0.217982,0.843295,0.233550,-0.265521,-0.035759
72.3667,-0.165731,-0.048775,-0.193612,0.853905,0.226463,-0.254474,-0.041024
72.4000,-0.148458,-0.030908,-0.169567,0.859230,0.217673,-0.242789,-0.046362
72.4333,-0.135102,-0.012435,-0.158480,0.864756,0.210353,-0.232474,-0.050778
72.4667,-0.126803,0.000380,-0.123558,0.887303,0.203049,-0.221034,-0.056541
72.5000,-0.110765,0.036518,-0.194442,0.877988,0.195084,-0.213545,-0.058403
72.5333,-0.104209,0.056807,-0.234188,0.876341,0.190877,-0.209265,-0.060323
72.5667,-0.107238,0.063056,-0.265178,0.876939,0.191188,-0.210308,-0.060603
72.6000,-0.110992,0.064141,-0.269457,0.885508,0.191451,-0.209722,-0.061380
72.6333,-0.120720,0.066129,-0.303585,0.879675,0.195865,-0.213277,-0.059236
72.6667,-0.129554,0.067334,-0.340813,0.865127,0.200909,-0.218222,-0.055810
72.7000,-0.133989,0.074977,-0.405123,0.842846,0.203238,-0.224533,-0.052399
72.7333,-0.140344,0.086873,-0.490880,0.802931,0.206617,-0.233442,-0.046731
72.7667,-0.150177,0.087472,-0.546827,0.768660,0.211684,-0.243653,-0.040602
72.8000,-0.158072,0.087406,-0.588557,0.744759,0.214915,-0.251441,-0.035943
72.8333,-0.161962,0.087353,-0.617790,0.746111,0.214097,-0.255172,-0.036028
72.8667,-0.166934,0.089864,-0.641880,0.770014,0.211613,-0.254412,-0.039853
72.9000,-0.174120,0.082921,-0.665797,0.809357,0.208540,-0.256289,-0.045162
72.9333,-0.177818,0.082877,-0.681293,0.836610,0.205801,-0.254860,-0.049056
72.9667,-0.184557,0.075168,-0.692770,0.873550,0.203813,-0.255455,-0.053408
73.0000,-0.194231,0.061115,-0.698143,0.897294,0.205435,-0.259971,-0.054532
73.0333,-0.198401,0.054975,-0.701367,0.896697,0.207376,-0.263301,-0.053128
73.0667,-0.193194,0.046328,-0.646960,0.932850,0.204572,-0.257763,-0.057798
73.1000,-0.169034,0.057624,-0.557709,0.884876,0.205277,-0.247698,-0.053718
73.1333,-0.152469,0.061529,-0.491311,0.809207,0.211900,-0.244868,-0.044103
73.1667,-0.117704,0.043865,-0.303821,0.739949,0.215542,-0.231947,-0.035725
73.2000,-0.027956,-0.038907,-0.099026,0.370379,0.225448,-0.244756,0.022560
73.2333,0.103524,0.074250,0.105676,0.291946,0.180396,-0.160498,0.016298
73.2667,0.110687,0.046103,0.164935,0.360792,0.167728,-0.160282,-0.003031
73.3000,0.192968,0.221086,0.015333,0.543256,0.114738,-0.113934,-0.035378
73.3333,0.083083,0.260433,-0.173016,0.752981,0.123736,-0.114483,-0.063096
73.3667,0.055258,0.247271,-0.187255,0.732987,0.139946,-0.122750,-0.056562
73.4000,0.039710,0.222462,-0.126703,0.719428,0.150889,-0.124986,-0.052154
